veri,satir,etiket,kat,olcum,sifreleme_s,fovea_ciphertext,fovea_slot,fovea_yukleme_bayt,piroi_ciphertext,piroi_yukleme_MB,piroi_roi_piksel,fovea_sunucu_s,fovea_indirme_bayt
beyin MR (Cheng),0,0,1,paket,0.009911299915984273,1,8192,855556,1,0.855734,4569,,
beyin MR (Cheng),1,0,1,paket,0.010900599998421967,1,8192,856239,2,1.711468,8630,,
beyin MR (Cheng),2,0,1,paket,0.010093300021253526,1,8192,855271,2,1.711468,10511,,
beyin MR (Cheng),3,0,1,paket,0.010078999912366271,1,8192,856239,2,1.711468,8897,,
beyin MR (Cheng),4,0,1,paket,0.009952899999916553,1,8192,856140,2,1.711468,11250,,
beyin MR (Cheng),5,0,2,paket,0.010355499922297895,1,8192,855333,1,0.855734,2179,,
beyin MR (Cheng),6,0,2,paket,0.011314800009131432,1,8192,854818,1,0.855734,2360,,
beyin MR (Cheng),7,0,2,paket,0.010792100103572011,1,8192,855979,1,0.855734,2245,,
beyin MR (Cheng),8,0,2,paket,0.009921199991367757,1,8192,855336,1,0.855734,3353,,
beyin MR (Cheng),9,0,2,paket,0.010007399949245155,1,8192,855368,1,0.855734,3707,,
beyin MR (Cheng),10,0,2,paket,0.010101799969561398,1,8192,855948,1,0.855734,6121,,
beyin MR (Cheng),11,0,2,paket,0.010237599955871701,1,8192,856118,1,0.855734,7618,,
beyin MR (Cheng),12,0,2,paket,0.01038320001680404,1,8192,855852,1,0.855734,8000,,
beyin MR (Cheng),13,0,2,paket,0.010091900010593235,1,8192,856044,1,0.855734,6729,,
beyin MR (Cheng),14,0,2,paket,0.010632800054736435,1,8192,855285,1,0.855734,4046,,
beyin MR (Cheng),15,0,2,paket,0.009991300059482455,1,8192,856070,1,0.855734,684,,
beyin MR (Cheng),16,0,2,paket,0.009974899934604764,1,8192,855211,1,0.855734,2547,,
beyin MR (Cheng),17,0,2,paket,0.010992900002747774,1,8192,855689,1,0.855734,1937,,
beyin MR (Cheng),18,0,2,paket,0.010122500010766089,1,8192,856061,1,0.855734,1031,,
beyin MR (Cheng),19,0,0,paket,0.010149899986572564,1,8192,855575,1,0.855734,4709,,
beyin MR (Cheng),20,0,0,paket,0.01013419998344034,1,8192,855848,1,0.855734,5802,,
beyin MR (Cheng),21,0,0,paket,0.010933400015346706,1,8192,856025,1,0.855734,6350,,
beyin MR (Cheng),22,0,0,paket,0.010125800035893917,1,8192,855082,1,0.855734,5277,,
beyin MR (Cheng),23,0,0,paket,0.010246500023640692,1,8192,856056,1,0.855734,3028,,
beyin MR (Cheng),24,0,0,paket,0.010033799917437136,1,8192,855295,1,0.855734,3400,,
beyin MR (Cheng),25,0,3,paket,0.012419299921020865,1,8192,854547,1,0.855734,725,,
beyin MR (Cheng),26,0,3,paket,0.011751099955290556,1,8192,856084,1,0.855734,1401,,
beyin MR (Cheng),27,0,4,paket,0.01068260008469224,1,8192,855586,1,0.855734,2117,,
beyin MR (Cheng),28,0,4,paket,0.010172200039960444,1,8192,855224,1,0.855734,3531,,
beyin MR (Cheng),29,0,4,paket,0.010547099984250963,1,8192,855224,1,0.855734,4352,,
beyin MR (Cheng),30,0,4,paket,0.009868299937807024,1,8192,855300,1,0.855734,4454,,
beyin MR (Cheng),31,0,0,paket,0.010024500079452991,1,8192,855708,1,0.855734,2885,,
beyin MR (Cheng),32,0,0,paket,0.009865200030617416,1,8192,856150,1,0.855734,2174,,
beyin MR (Cheng),33,0,0,paket,0.010448699933476746,1,8192,856103,1,0.855734,379,,
beyin MR (Cheng),34,0,0,paket,0.009968900005333126,1,8192,856131,1,0.855734,459,,
beyin MR (Cheng),35,0,2,paket,0.01045300008263439,1,8192,856134,1,0.855734,2010,,
beyin MR (Cheng),36,0,2,paket,0.010382300009950995,1,8192,855330,1,0.855734,2599,,
beyin MR (Cheng),37,0,2,paket,0.01018760004080832,1,8192,855105,1,0.855734,3211,,
beyin MR (Cheng),38,0,2,paket,0.010077200015075505,1,8192,855750,1,0.855734,3374,,
beyin MR (Cheng),39,0,2,paket,0.010350900003686547,1,8192,856140,1,0.855734,2916,,
beyin MR (Cheng),40,0,2,paket,0.010169600020162761,1,8192,856083,1,0.855734,2422,,
beyin MR (Cheng),41,0,1,paket,0.010593999992124736,1,8192,856325,1,0.855734,3950,,
beyin MR (Cheng),42,0,1,paket,0.010491500026546419,1,8192,855228,1,0.855734,3746,,
beyin MR (Cheng),43,0,1,paket,0.010013899998739362,1,8192,856187,1,0.855734,2273,,
beyin MR (Cheng),44,0,3,paket,0.011353000067174435,1,8192,856094,1,0.855734,5169,,
beyin MR (Cheng),45,0,3,paket,0.010355700040236115,1,8192,856057,1,0.855734,6162,,
beyin MR (Cheng),46,0,3,paket,0.010268599959090352,1,8192,855053,1,0.855734,5159,,
beyin MR (Cheng),47,0,3,paket,0.010286999982781708,1,8192,855723,1,0.855734,3939,,
beyin MR (Cheng),48,0,3,paket,0.010171799920499325,1,8192,855316,1,0.855734,1852,,
beyin MR (Cheng),49,0,3,paket,0.009945000056177378,1,8192,855300,1,0.855734,4989,,
beyin MR (Cheng),50,0,3,paket,0.010205100057646632,1,8192,856203,1,0.855734,5822,,
beyin MR (Cheng),51,0,3,paket,0.01112969999667257,1,8192,855338,1,0.855734,5565,,
beyin MR (Cheng),52,0,3,paket,0.009920099982991815,1,8192,855163,1,0.855734,4077,,
beyin MR (Cheng),53,0,3,paket,0.010055399965494871,1,8192,856220,1,0.855734,2337,,
beyin MR (Cheng),54,0,3,paket,0.01028540008701384,1,8192,856224,1,0.855734,1294,,
beyin MR (Cheng),55,0,0,paket,0.01031200005672872,1,8192,856189,1,0.855734,1044,,
beyin MR (Cheng),56,0,0,paket,0.010130700073204935,1,8192,855073,1,0.855734,1063,,
beyin MR (Cheng),57,0,1,paket,0.010061200009658933,1,8192,856049,1,0.855734,892,,
beyin MR (Cheng),58,2,3,paket,0.01053410000167787,1,8192,854986,1,0.855734,2916,,
beyin MR (Cheng),59,0,3,paket,0.010700899991206825,1,8192,856194,1,0.855734,3847,,
beyin MR (Cheng),60,0,3,paket,0.011813499964773655,1,8192,854964,1,0.855734,4730,,
beyin MR (Cheng),61,0,3,paket,0.010009300080128014,1,8192,855058,1,0.855734,4454,,
beyin MR (Cheng),62,0,3,paket,0.010119599988684058,1,8192,855467,1,0.855734,5584,,
beyin MR (Cheng),63,0,3,paket,0.010378399980254471,1,8192,856205,1,0.855734,5841,,
beyin MR (Cheng),64,0,3,paket,0.010021900059655309,1,8192,855224,1,0.855734,5688,,
beyin MR (Cheng),65,0,3,paket,0.010678299935534596,1,8192,855396,1,0.855734,3852,,
beyin MR (Cheng),66,0,2,paket,0.010061100008897483,1,8192,855506,1,0.855734,2326,,
beyin MR (Cheng),67,0,2,paket,0.011466700001619756,1,8192,856166,1,0.855734,3740,,
beyin MR (Cheng),68,0,2,paket,0.009963999968022108,1,8192,855127,1,0.855734,2644,,
beyin MR (Cheng),69,0,2,paket,0.01036229997407645,1,8192,855939,1,0.855734,1404,,
beyin MR (Cheng),70,0,3,paket,0.011278399964794517,1,8192,855338,1,0.855734,801,,
beyin MR (Cheng),71,0,3,paket,0.01113999995868653,1,8192,855761,1,0.855734,812,,
beyin MR (Cheng),72,0,1,paket,0.01007940003182739,1,8192,855547,1,0.855734,7521,,
beyin MR (Cheng),73,0,1,paket,0.010033300030045211,1,8192,855213,2,1.711468,10609,,
beyin MR (Cheng),74,0,1,paket,0.010113800060935318,1,8192,855854,2,1.711468,11470,,
beyin MR (Cheng),75,0,1,paket,0.009985000011511147,1,8192,856158,2,1.711468,10447,,
beyin MR (Cheng),76,0,1,paket,0.010346899973228574,1,8192,855946,2,1.711468,8344,,
beyin MR (Cheng),77,0,1,paket,0.011040700017474592,1,8192,856090,1,0.855734,7024,,
beyin MR (Cheng),78,0,1,paket,0.010087199974805117,1,8192,855576,1,0.855734,2352,,
beyin MR (Cheng),79,0,0,paket,0.010860299924388528,1,8192,855248,2,1.711468,11514,,
beyin MR (Cheng),80,0,0,paket,0.009917599963955581,1,8192,856296,2,1.711468,11790,,
beyin MR (Cheng),81,0,0,paket,0.010702200001105666,1,8192,855908,2,1.711468,13463,,
beyin MR (Cheng),82,0,0,paket,0.011162300012074411,1,8192,855345,2,1.711468,13489,,
beyin MR (Cheng),83,0,0,paket,0.010721100028604269,1,8192,855163,2,1.711468,11986,,
beyin MR (Cheng),84,0,0,paket,0.010229900013655424,1,8192,855398,2,1.711468,9021,,
beyin MR (Cheng),85,0,0,paket,0.010035400046035647,1,8192,855604,1,0.855734,5454,,
beyin MR (Cheng),86,0,4,paket,0.01060260005760938,1,8192,855399,1,0.855734,4837,,
beyin MR (Cheng),87,0,4,paket,0.010755099938251078,1,8192,856067,1,0.855734,6457,,
beyin MR (Cheng),88,0,4,paket,0.010483500082045794,1,8192,855236,1,0.855734,6670,,
beyin MR (Cheng),89,0,4,paket,0.010178700089454651,1,8192,855256,1,0.855734,4858,,
beyin MR (Cheng),90,0,4,paket,0.011639000033028424,1,8192,855176,1,0.855734,714,,
beyin MR (Cheng),91,0,4,paket,0.009996599983423948,1,8192,856022,1,0.855734,550,,
beyin MR (Cheng),92,0,1,paket,0.010013599996455014,1,8192,855766,1,0.855734,2541,,
beyin MR (Cheng),93,0,1,paket,0.010004700045101345,1,8192,856025,1,0.855734,3073,,
beyin MR (Cheng),94,0,1,paket,0.010192400077357888,1,8192,855315,1,0.855734,1182,,
beyin MR (Cheng),95,0,1,paket,0.00996659998781979,1,8192,855693,1,0.855734,1735,,
beyin MR (Cheng),96,0,1,paket,0.010179399978369474,1,8192,856115,1,0.855734,2419,,
beyin MR (Cheng),97,0,1,paket,0.010005800053477287,1,8192,856010,1,0.855734,1955,,
beyin MR (Cheng),98,0,0,paket,0.010086199967190623,1,8192,855390,1,0.855734,2400,,
beyin MR (Cheng),99,0,0,paket,0.009882200043648481,1,8192,855620,1,0.855734,2443,,
beyin MR (Cheng),100,0,0,paket,0.010144400061108172,1,8192,856103,1,0.855734,3274,,
beyin MR (Cheng),101,0,0,paket,0.009961400064639747,1,8192,855975,1,0.855734,4753,,
beyin MR (Cheng),102,0,0,paket,0.01347809995058924,1,8192,855305,1,0.855734,2925,,
beyin MR (Cheng),103,0,4,paket,0.009917399962432683,1,8192,855318,1,0.855734,3506,,
beyin MR (Cheng),104,0,4,paket,0.009866900043562055,1,8192,855212,1,0.855734,5109,,
beyin MR (Cheng),105,0,4,paket,0.010314099956303835,1,8192,856123,1,0.855734,7204,,
beyin MR (Cheng),106,0,4,paket,0.01066030003130436,1,8192,855085,2,1.711468,8221,,
beyin MR (Cheng),107,0,4,paket,0.010485599981620908,1,8192,856096,2,1.711468,8352,,
beyin MR (Cheng),108,0,4,paket,0.0101326999720186,1,8192,855325,1,0.855734,6239,,
beyin MR (Cheng),109,0,4,paket,0.01079359999857843,1,8192,855933,1,0.855734,3057,,
beyin MR (Cheng),110,0,1,paket,0.010114599950611591,1,8192,855826,1,0.855734,599,,
beyin MR (Cheng),111,0,1,paket,0.010267899953760207,1,8192,855329,1,0.855734,3364,,
beyin MR (Cheng),112,0,2,paket,0.010304199997335672,1,8192,855273,1,0.855734,1561,,
beyin MR (Cheng),113,0,2,paket,0.009854699950665236,1,8192,855999,1,0.855734,1726,,
beyin MR (Cheng),114,0,3,paket,0.010298799956217408,1,8192,855403,1,0.855734,3661,,
beyin MR (Cheng),115,0,3,paket,0.01048689999151975,1,8192,855972,1,0.855734,4514,,
beyin MR (Cheng),116,0,3,paket,0.01019629999063909,1,8192,856049,2,1.711468,10381,,
beyin MR (Cheng),117,0,3,paket,0.01043370005208999,1,8192,855356,1,0.855734,3308,,
beyin MR (Cheng),118,0,3,paket,0.010346899973228574,1,8192,855543,1,0.855734,491,,
beyin MR (Cheng),119,0,1,paket,0.010080800042487681,1,8192,856062,1,0.855734,5004,,
beyin MR (Cheng),120,0,1,paket,0.010785700054839253,1,8192,855995,1,0.855734,5424,,
beyin MR (Cheng),121,0,1,paket,0.01063510007224977,1,8192,855659,1,0.855734,5034,,
beyin MR (Cheng),122,0,1,paket,0.013985599973239005,1,8192,855680,1,0.855734,3223,,
beyin MR (Cheng),123,0,2,paket,0.010151099995709956,1,8192,855410,1,0.855734,4341,,
beyin MR (Cheng),124,0,1,paket,0.011792099918238819,1,8192,855249,1,0.855734,2557,,
beyin MR (Cheng),125,0,1,paket,0.010987299960106611,1,8192,856190,1,0.855734,2251,,
beyin MR (Cheng),126,0,1,paket,0.01016830001026392,1,8192,855950,1,0.855734,1827,,
beyin MR (Cheng),127,0,2,paket,0.010196999995969236,1,8192,855691,1,0.855734,6392,,
beyin MR (Cheng),128,0,2,paket,0.010047400020994246,1,8192,855635,1,0.855734,7420,,
beyin MR (Cheng),129,0,2,paket,0.009879600023850799,1,8192,855498,1,0.855734,7591,,
beyin MR (Cheng),130,0,2,paket,0.01003779994789511,1,8192,855963,1,0.855734,4760,,
beyin MR (Cheng),131,0,0,paket,0.010049300035461783,1,8192,856118,1,0.855734,4531,,
beyin MR (Cheng),132,0,0,paket,0.010068399948067963,1,8192,856144,1,0.855734,5672,,
beyin MR (Cheng),133,0,0,paket,0.010062800021842122,1,8192,856180,1,0.855734,5992,,
beyin MR (Cheng),134,0,0,paket,0.010019000037573278,1,8192,856223,1,0.855734,4751,,
beyin MR (Cheng),135,0,0,paket,0.010972899966873229,1,8192,856102,1,0.855734,5260,,
beyin MR (Cheng),136,0,0,paket,0.011072800029069185,1,8192,855550,1,0.855734,4570,,
beyin MR (Cheng),137,0,0,paket,0.010008600074797869,1,8192,856233,1,0.855734,3122,,
beyin MR (Cheng),138,0,4,paket,0.01109869999345392,1,8192,855461,1,0.855734,2290,,
beyin MR (Cheng),139,0,4,paket,0.009901299956254661,1,8192,855668,1,0.855734,2801,,
beyin MR (Cheng),140,0,4,paket,0.00989989994559437,1,8192,855846,1,0.855734,2355,,
beyin MR (Cheng),141,0,2,paket,0.009925000020302832,1,8192,855610,1,0.855734,1584,,
beyin MR (Cheng),142,0,2,paket,0.01034589996561408,1,8192,855854,1,0.855734,1782,,
beyin MR (Cheng),143,0,3,paket,0.010699699982069433,1,8192,856165,1,0.855734,3147,,
beyin MR (Cheng),144,0,3,paket,0.010201400029473007,1,8192,855170,2,1.711468,10996,,
beyin MR (Cheng),145,0,3,paket,0.010108500020578504,1,8192,855910,2,1.711468,14258,,
beyin MR (Cheng),146,0,3,paket,0.010001500020734966,1,8192,856235,2,1.711468,14858,,
beyin MR (Cheng),147,0,3,paket,0.01009859994519502,1,8192,855186,2,1.711468,13781,,
beyin MR (Cheng),148,0,3,paket,0.009899300057440996,1,8192,855383,2,1.711468,10655,,
beyin MR (Cheng),149,0,3,paket,0.009954199893400073,1,8192,855418,1,0.855734,7829,,
beyin MR (Cheng),150,0,3,paket,0.009970600018277764,1,8192,856074,1,0.855734,2801,,
beyin MR (Cheng),151,0,3,paket,0.01024830003734678,1,8192,855275,1,0.855734,3616,,
beyin MR (Cheng),152,0,3,paket,0.01198629999998957,1,8192,855222,1,0.855734,3025,,
beyin MR (Cheng),153,0,0,paket,0.010093000018969178,1,8192,856024,2,1.711468,8957,,
beyin MR (Cheng),154,0,0,paket,0.011593100032769144,1,8192,855350,2,1.711468,12310,,
beyin MR (Cheng),155,0,0,paket,0.017119299969635904,1,8192,855173,2,1.711468,12665,,
beyin MR (Cheng),156,0,0,paket,0.010589299956336617,1,8192,855687,2,1.711468,11946,,
beyin MR (Cheng),157,0,0,paket,0.011031500063836575,1,8192,855420,2,1.711468,9763,,
beyin MR (Cheng),158,0,0,paket,0.010211899993009865,1,8192,856096,1,0.855734,6370,,
beyin MR (Cheng),159,0,4,paket,0.011428900063037872,1,8192,854571,1,0.855734,2518,,
beyin MR (Cheng),160,0,4,paket,0.011404699995182455,1,8192,855742,1,0.855734,3208,,
beyin MR (Cheng),161,0,4,paket,0.010118299978785217,1,8192,855975,1,0.855734,2689,,
beyin MR (Cheng),162,0,2,paket,0.0100780000211671,1,8192,855374,1,0.855734,593,,
beyin MR (Cheng),163,0,1,paket,0.010492699919268489,1,8192,856207,1,0.855734,2952,,
beyin MR (Cheng),164,0,1,paket,0.010420699953101575,1,8192,855843,1,0.855734,4109,,
beyin MR (Cheng),165,0,1,paket,0.012396399979479611,1,8192,855487,1,0.855734,6485,,
beyin MR (Cheng),166,0,1,paket,0.010981900035403669,1,8192,856041,1,0.855734,5178,,
beyin MR (Cheng),167,0,1,paket,0.010475700022652745,1,8192,855319,1,0.855734,3438,,
beyin MR (Cheng),168,0,2,paket,0.01075319992378354,1,8192,855520,1,0.855734,6109,,
beyin MR (Cheng),169,0,2,paket,0.010311399935744703,1,8192,856009,2,1.711468,9220,,
beyin MR (Cheng),170,0,2,paket,0.010004700045101345,1,8192,855030,2,1.711468,10758,,
beyin MR (Cheng),171,0,2,paket,0.00999639998190105,1,8192,855564,2,1.711468,9903,,
beyin MR (Cheng),172,0,2,paket,0.010130199952982366,1,8192,855763,1,0.855734,7649,,
beyin MR (Cheng),173,0,2,paket,0.010006099939346313,1,8192,855820,1,0.855734,5037,,
beyin MR (Cheng),174,0,4,paket,0.010088799986988306,1,8192,854444,1,0.855734,1666,,
beyin MR (Cheng),175,0,4,paket,0.009917900082655251,1,8192,855728,1,0.855734,4052,,
beyin MR (Cheng),176,0,4,paket,0.010004900046624243,1,8192,855393,1,0.855734,4983,,
beyin MR (Cheng),177,0,4,paket,0.010875900043174624,1,8192,856000,1,0.855734,4271,,
beyin MR (Cheng),178,0,4,paket,0.01092710008379072,1,8192,855358,1,0.855734,2376,,
beyin MR (Cheng),179,0,3,paket,0.010237499955110252,1,8192,856088,1,0.855734,3787,,
beyin MR (Cheng),180,0,3,paket,0.010142800048924983,1,8192,856091,1,0.855734,4740,,
beyin MR (Cheng),181,0,3,paket,0.009828699985519052,1,8192,854494,1,0.855734,4694,,
beyin MR (Cheng),182,0,3,paket,0.010445100022479892,1,8192,855185,1,0.855734,2997,,
beyin MR (Cheng),183,0,1,paket,0.009951699990779161,1,8192,856070,1,0.855734,1663,,
beyin MR (Cheng),184,0,1,paket,0.010082100052386522,1,8192,855162,1,0.855734,2040,,
beyin MR (Cheng),185,0,1,paket,0.010364399990066886,1,8192,855638,1,0.855734,498,,
beyin MR (Cheng),186,0,4,paket,0.01063329994212836,1,8192,855384,1,0.855734,2158,,
beyin MR (Cheng),187,0,4,paket,0.011504099937155843,1,8192,855288,1,0.855734,4047,,
beyin MR (Cheng),188,0,4,paket,0.010902100009843707,1,8192,855526,1,0.855734,4877,,
beyin MR (Cheng),189,0,4,paket,0.01024069997947663,1,8192,855396,1,0.855734,5355,,
beyin MR (Cheng),190,0,4,paket,0.010438500088639557,1,8192,856178,1,0.855734,4746,,
beyin MR (Cheng),191,0,4,paket,0.009952699998393655,1,8192,855324,1,0.855734,4319,,
beyin MR (Cheng),192,0,4,paket,0.010001300019212067,1,8192,856189,1,0.855734,7911,,
beyin MR (Cheng),193,0,4,paket,0.01045709999743849,1,8192,855871,2,1.711468,11761,,
beyin MR (Cheng),194,0,4,paket,0.010240399977192283,1,8192,856146,2,1.711468,13811,,
beyin MR (Cheng),195,0,4,paket,0.009786900016479194,1,8192,856114,2,1.711468,13093,,
beyin MR (Cheng),196,0,4,paket,0.010494100046344101,1,8192,856021,2,1.711468,9911,,
beyin MR (Cheng),197,0,4,paket,0.01010289997793734,1,8192,855124,1,0.855734,2398,,
beyin MR (Cheng),198,0,4,paket,0.010171899921260774,1,8192,855243,1,0.855734,2149,,
beyin MR (Cheng),199,0,0,paket,0.011001500068232417,1,8192,854404,1,0.855734,1680,,
beyin MR (Cheng),200,0,0,paket,0.011653100023977458,1,8192,855444,1,0.855734,2832,,
beyin MR (Cheng),201,0,0,paket,0.01042900001630187,1,8192,855305,1,0.855734,2672,,
beyin MR (Cheng),202,0,1,paket,0.010289199999533594,1,8192,856086,1,0.855734,401,,
beyin MR (Cheng),203,0,2,paket,0.011631599976681173,1,8192,855178,1,0.855734,6339,,
beyin MR (Cheng),204,0,2,paket,0.010019900044426322,1,8192,855984,2,1.711468,8925,,
beyin MR (Cheng),205,0,2,paket,0.010262600029818714,1,8192,855283,2,1.711468,8778,,
beyin MR (Cheng),206,0,2,paket,0.010071499971672893,1,8192,856154,2,1.711468,8198,,
beyin MR (Cheng),207,0,2,paket,0.009901099954731762,1,8192,855478,1,0.855734,6127,,
beyin MR (Cheng),208,1,4,paket,0.010260700015351176,1,8192,855377,2,1.711468,16240,,
beyin MR (Cheng),209,1,4,paket,0.010275700013153255,1,8192,855143,3,2.567202,16556,,
beyin MR (Cheng),210,0,1,paket,0.010438899975270033,1,8192,856326,1,0.855734,4638,,
beyin MR (Cheng),211,0,1,paket,0.012202400015667081,1,8192,855558,1,0.855734,7623,,
beyin MR (Cheng),212,0,1,paket,0.012689499999396503,1,8192,854729,2,1.711468,8655,,
beyin MR (Cheng),213,0,1,paket,0.010205300059169531,1,8192,856185,2,1.711468,9402,,
beyin MR (Cheng),214,0,1,paket,0.009985000011511147,1,8192,855339,2,1.711468,8268,,
beyin MR (Cheng),215,0,1,paket,0.010253900079987943,1,8192,855849,1,0.855734,4476,,
beyin MR (Cheng),216,0,1,paket,0.009919699979946017,1,8192,856102,1,0.855734,3115,,
beyin MR (Cheng),217,0,2,paket,0.010829399921931326,1,8192,856101,1,0.855734,1856,,
beyin MR (Cheng),218,0,2,paket,0.010165399988181889,1,8192,855731,1,0.855734,1772,,
beyin MR (Cheng),219,0,2,paket,0.009967099991627038,1,8192,856157,1,0.855734,2502,,
beyin MR (Cheng),220,0,2,paket,0.010360999964177608,1,8192,856055,1,0.855734,4293,,
beyin MR (Cheng),221,0,2,paket,0.011830799980089068,1,8192,855320,1,0.855734,6457,,
beyin MR (Cheng),222,0,2,paket,0.010218000039458275,1,8192,855309,1,0.855734,7402,,
beyin MR (Cheng),223,0,2,paket,0.010190499946475029,1,8192,856096,1,0.855734,7748,,
beyin MR (Cheng),224,0,2,paket,0.00993430009111762,1,8192,855337,1,0.855734,6593,,
beyin MR (Cheng),225,0,2,paket,0.009979699971154332,1,8192,856193,1,0.855734,4289,,
beyin MR (Cheng),226,0,2,paket,0.011019199970178306,1,8192,855395,1,0.855734,1047,,
beyin MR (Cheng),227,0,2,paket,0.01020250003784895,1,8192,855548,1,0.855734,2148,,
beyin MR (Cheng),228,0,2,paket,0.010693200048990548,1,8192,855271,1,0.855734,2625,,
beyin MR (Cheng),229,0,2,paket,0.010020699934102595,1,8192,856064,1,0.855734,1500,,
beyin MR (Cheng),230,0,0,paket,0.010163200087845325,1,8192,855567,1,0.855734,3982,,
beyin MR (Cheng),231,0,0,paket,0.01065870001912117,1,8192,855275,1,0.855734,5182,,
beyin MR (Cheng),232,0,0,paket,0.014909200021065772,1,8192,855520,1,0.855734,6224,,
beyin MR (Cheng),233,0,0,paket,0.010424799984320998,1,8192,855895,1,0.855734,6202,,
beyin MR (Cheng),234,0,0,paket,0.011058099917136133,1,8192,855477,1,0.855734,5140,,
beyin MR (Cheng),235,0,0,paket,0.010560099966824055,1,8192,855289,1,0.855734,3031,,
beyin MR (Cheng),236,0,0,paket,0.011684900033287704,1,8192,856148,1,0.855734,2077,,
beyin MR (Cheng),237,0,0,paket,0.010464500053785741,1,8192,854451,1,0.855734,1794,,
beyin MR (Cheng),238,0,3,paket,0.01006139989476651,1,8192,855239,1,0.855734,866,,
beyin MR (Cheng),239,0,3,paket,0.010243099997751415,1,8192,856126,1,0.855734,1019,,
beyin MR (Cheng),240,0,3,paket,0.01011670008301735,1,8192,855293,1,0.855734,1160,,
beyin MR (Cheng),241,0,4,paket,0.0106736000161618,1,8192,855286,1,0.855734,4239,,
beyin MR (Cheng),242,0,4,paket,0.010245000012218952,1,8192,855352,1,0.855734,4021,,
beyin MR (Cheng),243,0,4,paket,0.009835100034251809,1,8192,855860,1,0.855734,2717,,
beyin MR (Cheng),244,0,4,paket,0.01013140007853508,1,8192,855210,1,0.855734,1597,,
beyin MR (Cheng),245,0,0,paket,0.010294699924997985,1,8192,855896,1,0.855734,1292,,
beyin MR (Cheng),246,0,0,paket,0.011898600030690432,1,8192,856121,1,0.855734,1545,,
beyin MR (Cheng),247,0,0,paket,0.011456400039605796,1,8192,855352,1,0.855734,2350,,
beyin MR (Cheng),248,0,0,paket,0.010644700028933585,1,8192,855266,1,0.855734,2742,,
beyin MR (Cheng),249,0,0,paket,0.010237599955871701,1,8192,855194,1,0.855734,2215,,
beyin MR (Cheng),250,0,0,paket,0.01050319999922067,1,8192,855879,1,0.855734,1048,,
beyin MR (Cheng),251,0,0,paket,0.010563299991190434,1,8192,855942,1,0.855734,596,,
beyin MR (Cheng),252,0,0,paket,0.009980599978007376,1,8192,855323,1,0.855734,552,,
beyin MR (Cheng),253,0,2,paket,0.010965999914333224,1,8192,855394,1,0.855734,1444,,
beyin MR (Cheng),254,0,2,paket,0.010205700062215328,1,8192,855631,1,0.855734,2679,,
beyin MR (Cheng),255,0,2,paket,0.011522400076501071,1,8192,855805,1,0.855734,3545,,
beyin MR (Cheng),256,0,2,paket,0.010128600057214499,1,8192,855153,1,0.855734,3583,,
beyin MR (Cheng),257,0,2,paket,0.010240700095891953,1,8192,856203,1,0.855734,3126,,
beyin MR (Cheng),258,0,2,paket,0.010816400055773556,1,8192,855221,1,0.855734,2528,,
beyin MR (Cheng),259,0,2,paket,0.0107164999935776,1,8192,855371,1,0.855734,1355,,
beyin MR (Cheng),260,0,1,paket,0.01022309996187687,1,8192,856173,1,0.855734,2092,,
beyin MR (Cheng),261,0,1,paket,0.009874999988824129,1,8192,855621,1,0.855734,3468,,
beyin MR (Cheng),262,0,1,paket,0.010201800032518804,1,8192,856149,1,0.855734,2253,,
beyin MR (Cheng),263,0,1,paket,0.010665700072422624,1,8192,855848,1,0.855734,4103,,
beyin MR (Cheng),264,0,1,paket,0.009955400018952787,1,8192,855746,1,0.855734,4213,,
beyin MR (Cheng),265,0,1,paket,0.010557700064964592,1,8192,856045,1,0.855734,2520,,
beyin MR (Cheng),266,0,1,paket,0.010234500048682094,1,8192,856170,1,0.855734,4025,,
beyin MR (Cheng),267,0,1,paket,0.0102259999839589,1,8192,855640,1,0.855734,2668,,
beyin MR (Cheng),268,0,3,paket,0.010885099996812642,1,8192,855285,1,0.855734,2086,,
beyin MR (Cheng),269,0,3,paket,0.010103199980221689,1,8192,855415,1,0.855734,4137,,
beyin MR (Cheng),270,0,3,paket,0.010077600018121302,1,8192,855454,1,0.855734,5191,,
beyin MR (Cheng),271,0,3,paket,0.010665299952961504,1,8192,855049,1,0.855734,5414,,
beyin MR (Cheng),272,0,3,paket,0.010873900027945638,1,8192,855238,1,0.855734,4026,,
beyin MR (Cheng),273,0,3,paket,0.010734700015746057,1,8192,856056,1,0.855734,2738,,
beyin MR (Cheng),274,0,3,paket,0.01001860003452748,1,8192,855967,1,0.855734,2977,,
beyin MR (Cheng),275,0,3,paket,0.012121799984015524,1,8192,855238,1,0.855734,5594,,
beyin MR (Cheng),276,0,3,paket,0.010056899976916611,1,8192,855352,1,0.855734,6242,,
beyin MR (Cheng),277,0,3,paket,0.010259200003929436,1,8192,856209,1,0.855734,5881,,
beyin MR (Cheng),278,0,3,paket,0.00999650009907782,1,8192,855954,1,0.855734,4291,,
beyin MR (Cheng),279,0,3,paket,0.010012099985033274,1,8192,855210,1,0.855734,3037,,
beyin MR (Cheng),280,0,0,paket,0.010169200017116964,1,8192,855227,1,0.855734,1489,,
beyin MR (Cheng),281,0,0,paket,0.01136240002233535,1,8192,855216,1,0.855734,1372,,
beyin MR (Cheng),282,0,1,paket,0.010179699980653822,1,8192,855382,1,0.855734,671,,
beyin MR (Cheng),283,0,1,paket,0.010039399960078299,1,8192,855180,1,0.855734,980,,
beyin MR (Cheng),284,0,1,paket,0.011545300018042326,1,8192,855245,1,0.855734,611,,
beyin MR (Cheng),285,0,3,paket,0.009952699998393655,1,8192,855698,1,0.855734,2367,,
beyin MR (Cheng),286,0,3,paket,0.011235699988901615,1,8192,855318,1,0.855734,3485,,
beyin MR (Cheng),287,0,3,paket,0.01070739992428571,1,8192,856071,1,0.855734,3791,,
beyin MR (Cheng),288,0,3,paket,0.011274200049228966,1,8192,855272,1,0.855734,2801,,
beyin MR (Cheng),289,0,3,paket,0.010776999988593161,1,8192,855778,1,0.855734,5325,,
beyin MR (Cheng),290,0,3,paket,0.01105839991942048,1,8192,855798,1,0.855734,6740,,
beyin MR (Cheng),291,0,3,paket,0.009966099984012544,1,8192,855324,1,0.855734,6655,,
beyin MR (Cheng),292,0,3,paket,0.011335000046528876,1,8192,856066,1,0.855734,5061,,
beyin MR (Cheng),293,0,2,paket,0.010693499934859574,1,8192,855187,1,0.855734,2816,,
beyin MR (Cheng),294,0,2,paket,0.010079599916934967,1,8192,856137,1,0.855734,3754,,
beyin MR (Cheng),295,0,2,paket,0.010527999955229461,1,8192,855664,1,0.855734,3633,,
beyin MR (Cheng),296,0,3,paket,0.01069549995008856,1,8192,856036,1,0.855734,1030,,
beyin MR (Cheng),297,0,3,paket,0.010838299989700317,1,8192,855466,1,0.855734,1049,,
beyin MR (Cheng),298,0,1,paket,0.010542300064116716,1,8192,855972,1,0.855734,5904,,
beyin MR (Cheng),299,0,1,paket,0.00997130002360791,1,8192,855722,2,1.711468,11711,,
beyin MR (Cheng),300,0,1,paket,0.009857699973508716,1,8192,855261,2,1.711468,11647,,
beyin MR (Cheng),301,0,1,paket,0.010427400004118681,1,8192,855869,2,1.711468,10878,,
beyin MR (Cheng),302,0,1,paket,0.010490200016647577,1,8192,855422,2,1.711468,8754,,
beyin MR (Cheng),303,0,0,paket,0.009989800048060715,1,8192,855110,2,1.711468,9124,,
beyin MR (Cheng),304,0,0,paket,0.009940800024196506,1,8192,855734,2,1.711468,11680,,
beyin MR (Cheng),305,0,0,paket,0.011232199962250888,1,8192,854950,2,1.711468,12407,,
beyin MR (Cheng),306,0,0,paket,0.011510399985127151,1,8192,856039,2,1.711468,11776,,
beyin MR (Cheng),307,0,0,paket,0.010037000058218837,1,8192,855102,2,1.711468,9511,,
beyin MR (Cheng),308,0,0,paket,0.009968700003810227,1,8192,855986,1,0.855734,5448,,
beyin MR (Cheng),309,0,0,paket,0.010721800033934414,1,8192,855561,1,0.855734,3441,,
beyin MR (Cheng),310,0,4,paket,0.01004840002860874,1,8192,855252,1,0.855734,6108,,
beyin MR (Cheng),311,0,4,paket,0.01017259992659092,1,8192,855604,1,0.855734,6383,,
beyin MR (Cheng),312,0,4,paket,0.010290000005625188,1,8192,855836,1,0.855734,5662,,
beyin MR (Cheng),313,0,4,paket,0.01011939998716116,1,8192,855867,1,0.855734,4650,,
beyin MR (Cheng),314,0,4,paket,0.010994700016453862,1,8192,855895,1,0.855734,469,,
beyin MR (Cheng),315,0,1,paket,0.010627800016663969,1,8192,855867,1,0.855734,3654,,
beyin MR (Cheng),316,0,1,paket,0.010117300087586045,1,8192,856043,1,0.855734,3835,,
beyin MR (Cheng),317,0,1,paket,0.010830000042915344,1,8192,855258,1,0.855734,2545,,
beyin MR (Cheng),318,0,1,paket,0.010302899987436831,1,8192,855867,1,0.855734,2371,,
beyin MR (Cheng),319,0,0,paket,0.014023000025190413,1,8192,856132,1,0.855734,1376,,
beyin MR (Cheng),320,0,0,paket,0.010026500094681978,1,8192,855976,1,0.855734,1920,,
beyin MR (Cheng),321,0,0,paket,0.011046600062400103,1,8192,855275,1,0.855734,3412,,
beyin MR (Cheng),322,0,0,paket,0.01037699996959418,1,8192,855167,1,0.855734,2274,,
beyin MR (Cheng),323,0,0,paket,0.00998159998562187,1,8192,855277,1,0.855734,2100,,
beyin MR (Cheng),324,0,0,paket,0.009803400025703013,1,8192,855409,1,0.855734,2040,,
beyin MR (Cheng),325,0,4,paket,0.01028059993404895,1,8192,856094,1,0.855734,6332,,
beyin MR (Cheng),326,0,4,paket,0.010330099961720407,1,8192,855306,1,0.855734,7233,,
beyin MR (Cheng),327,0,4,paket,0.010404899949207902,1,8192,856173,1,0.855734,7293,,
beyin MR (Cheng),328,0,4,paket,0.010068199946545064,1,8192,854806,1,0.855734,7194,,
beyin MR (Cheng),329,0,4,paket,0.010057999985292554,1,8192,855627,1,0.855734,7074,,
beyin MR (Cheng),330,0,4,paket,0.010596800013445318,1,8192,856143,1,0.855734,5104,,
beyin MR (Cheng),331,0,1,paket,0.010484699974767864,1,8192,856120,1,0.855734,2871,,
beyin MR (Cheng),332,0,1,paket,0.010909299948252738,1,8192,856104,1,0.855734,1137,,
beyin MR (Cheng),333,0,2,paket,0.01021109998691827,1,8192,855197,1,0.855734,1351,,
beyin MR (Cheng),334,0,2,paket,0.01022589998319745,1,8192,856183,1,0.855734,1705,,
beyin MR (Cheng),335,0,3,paket,0.013354699942283332,1,8192,856070,1,0.855734,4429,,
beyin MR (Cheng),336,0,3,paket,0.010735699906945229,1,8192,855988,1,0.855734,4691,,
beyin MR (Cheng),337,0,3,paket,0.010178899974562228,1,8192,855989,1,0.855734,4112,,
beyin MR (Cheng),338,0,3,paket,0.010818199953064322,1,8192,856176,1,0.855734,2542,,
beyin MR (Cheng),339,0,3,paket,0.009858299978077412,1,8192,855979,1,0.855734,277,,
beyin MR (Cheng),340,0,1,paket,0.010159800061956048,1,8192,855596,1,0.855734,4109,,
beyin MR (Cheng),341,0,1,paket,0.009894700022414327,1,8192,854698,1,0.855734,5041,,
beyin MR (Cheng),342,0,1,paket,0.010195799986831844,1,8192,856076,1,0.855734,5674,,
beyin MR (Cheng),343,0,1,paket,0.01104100001975894,1,8192,856158,1,0.855734,5020,,
beyin MR (Cheng),344,0,2,paket,0.0101013999665156,1,8192,856287,1,0.855734,5053,,
beyin MR (Cheng),345,0,2,paket,0.010164499981328845,1,8192,855903,1,0.855734,5083,,
beyin MR (Cheng),346,0,2,paket,0.010210799984633923,1,8192,855651,1,0.855734,4928,,
beyin MR (Cheng),347,0,2,paket,0.00989260000642389,1,8192,855648,1,0.855734,2506,,
beyin MR (Cheng),348,0,1,paket,0.010561799979768693,1,8192,856004,1,0.855734,1290,,
beyin MR (Cheng),349,0,1,paket,0.010969700058922172,1,8192,855827,1,0.855734,2000,,
beyin MR (Cheng),350,0,1,paket,0.010163199971430004,1,8192,855044,1,0.855734,2172,,
beyin MR (Cheng),351,0,1,paket,0.010345799964852631,1,8192,855333,1,0.855734,1867,,
beyin MR (Cheng),352,0,2,paket,0.009944899939000607,1,8192,855924,1,0.855734,1359,,
beyin MR (Cheng),353,0,2,paket,0.010498700081370771,1,8192,855586,1,0.855734,3992,,
beyin MR (Cheng),354,0,2,paket,0.014908400014974177,1,8192,855516,1,0.855734,5199,,
beyin MR (Cheng),355,0,2,paket,0.010835399967618287,1,8192,855113,1,0.855734,4321,,
beyin MR (Cheng),356,0,0,paket,0.013559899991378188,1,8192,856330,1,0.855734,1710,,
beyin MR (Cheng),357,0,0,paket,0.010737500037066638,1,8192,856077,1,0.855734,2970,,
beyin MR (Cheng),358,0,0,paket,0.010759499971754849,1,8192,855320,1,0.855734,4055,,
beyin MR (Cheng),359,0,0,paket,0.009999100002460182,1,8192,856160,1,0.855734,4414,,
beyin MR (Cheng),360,0,0,paket,0.010040499968454242,1,8192,855194,1,0.855734,3781,,
beyin MR (Cheng),361,0,0,paket,0.009981399984098971,1,8192,855778,1,0.855734,3066,,
beyin MR (Cheng),362,0,0,paket,0.010038300068117678,1,8192,855847,1,0.855734,3912,,
beyin MR (Cheng),363,0,0,paket,0.012059399974532425,1,8192,855374,1,0.855734,4631,,
beyin MR (Cheng),364,0,0,paket,0.010804499965161085,1,8192,855339,1,0.855734,4128,,
beyin MR (Cheng),365,0,4,paket,0.009944300050847232,1,8192,855378,1,0.855734,1645,,
beyin MR (Cheng),366,0,4,paket,0.010830699931830168,1,8192,856077,1,0.855734,2144,,
beyin MR (Cheng),367,0,4,paket,0.010241199983283877,1,8192,855950,1,0.855734,2407,,
beyin MR (Cheng),368,0,4,paket,0.010769100044853985,1,8192,855972,1,0.855734,1744,,
beyin MR (Cheng),369,0,2,paket,0.010058799991384149,1,8192,856075,1,0.855734,1183,,
beyin MR (Cheng),370,0,2,paket,0.01059349998831749,1,8192,856181,1,0.855734,1764,,
beyin MR (Cheng),371,0,3,paket,0.010767600033432245,1,8192,855800,1,0.855734,5091,,
beyin MR (Cheng),372,0,3,paket,0.010125600034371018,1,8192,855955,2,1.711468,8602,,
beyin MR (Cheng),373,0,3,paket,0.010109899914823472,1,8192,855606,2,1.711468,9935,,
beyin MR (Cheng),374,0,3,paket,0.010183300008065999,1,8192,856144,2,1.711468,11139,,
beyin MR (Cheng),375,0,3,paket,0.010129899950698018,1,8192,856247,2,1.711468,12310,,
beyin MR (Cheng),376,0,3,paket,0.009945399942807853,1,8192,855216,2,1.711468,11773,,
beyin MR (Cheng),377,0,3,paket,0.01004229998216033,1,8192,855938,2,1.711468,9009,,
beyin MR (Cheng),378,0,3,paket,0.010389700066298246,1,8192,855346,1,0.855734,3444,,
beyin MR (Cheng),379,0,3,paket,0.009967599995434284,1,8192,854536,1,0.855734,3645,,
beyin MR (Cheng),380,0,3,paket,0.010148800094611943,1,8192,855308,1,0.855734,2442,,
beyin MR (Cheng),381,0,0,paket,0.010032900026999414,1,8192,855885,1,0.855734,3701,,
beyin MR (Cheng),382,0,0,paket,0.009980599978007376,1,8192,855531,1,0.855734,6395,,
beyin MR (Cheng),383,0,0,paket,0.010385500034317374,1,8192,855327,1,0.855734,7910,,
beyin MR (Cheng),384,0,0,paket,0.010609399992972612,1,8192,856186,2,1.711468,9363,,
beyin MR (Cheng),385,0,0,paket,0.01005709997843951,1,8192,855197,2,1.711468,9578,,
beyin MR (Cheng),386,0,0,paket,0.010063499910756946,1,8192,855607,2,1.711468,9221,,
beyin MR (Cheng),387,0,0,paket,0.010269699967466295,1,8192,855361,2,1.711468,8428,,
beyin MR (Cheng),388,0,0,paket,0.010424400097690523,1,8192,855524,1,0.855734,7103,,
beyin MR (Cheng),389,0,4,paket,0.010738400043919683,1,8192,855943,1,0.855734,1274,,
beyin MR (Cheng),390,0,4,paket,0.009854800067842007,1,8192,855948,1,0.855734,2694,,
beyin MR (Cheng),391,0,4,paket,0.01104240003041923,1,8192,855227,1,0.855734,1405,,
beyin MR (Cheng),392,0,2,paket,0.010146499960683286,1,8192,856097,1,0.855734,365,,
beyin MR (Cheng),393,0,2,paket,0.010747299995273352,1,8192,855492,1,0.855734,376,,
beyin MR (Cheng),394,0,1,paket,0.013161599985323846,1,8192,855305,1,0.855734,3717,,
beyin MR (Cheng),395,0,1,paket,0.009847900015302002,1,8192,856074,1,0.855734,6238,,
beyin MR (Cheng),396,0,1,paket,0.011220899992622435,1,8192,855572,1,0.855734,6481,,
beyin MR (Cheng),397,0,1,paket,0.010043599992059171,1,8192,856063,1,0.855734,5431,,
beyin MR (Cheng),398,0,2,paket,0.009827199974097311,1,8192,855156,1,0.855734,7097,,
beyin MR (Cheng),399,0,2,paket,0.009952199994586408,1,8192,855223,2,1.711468,8536,,
beyin MR (Cheng),400,0,2,paket,0.010099800070747733,1,8192,855342,2,1.711468,9125,,
beyin MR (Cheng),401,0,2,paket,0.010017800028435886,1,8192,855312,2,1.711468,9354,,
beyin MR (Cheng),402,0,2,paket,0.011896600015461445,1,8192,855847,2,1.711468,8569,,
beyin MR (Cheng),403,0,2,paket,0.010690200026147068,1,8192,856011,1,0.855734,5102,,
beyin MR (Cheng),404,0,4,paket,0.010239899973385036,1,8192,855936,1,0.855734,4903,,
beyin MR (Cheng),405,0,4,paket,0.010585700045339763,1,8192,855894,1,0.855734,4698,,
beyin MR (Cheng),406,0,4,paket,0.009966199984773993,1,8192,856082,1,0.855734,3500,,
beyin MR (Cheng),407,0,3,paket,0.010135299991816282,1,8192,856094,1,0.855734,3564,,
beyin MR (Cheng),408,0,3,paket,0.010073999990709126,1,8192,856151,1,0.855734,4745,,
beyin MR (Cheng),409,0,3,paket,0.010432899929583073,1,8192,856197,1,0.855734,4987,,
beyin MR (Cheng),410,0,3,paket,0.01085730001796037,1,8192,856069,1,0.855734,4328,,
beyin MR (Cheng),411,0,3,paket,0.009894900023937225,1,8192,856006,1,0.855734,3265,,
beyin MR (Cheng),412,0,3,paket,0.010223700082860887,1,8192,855345,1,0.855734,1687,,
beyin MR (Cheng),413,0,1,paket,0.010744099970906973,1,8192,855526,1,0.855734,1396,,
beyin MR (Cheng),414,0,1,paket,0.010237299953587353,1,8192,855952,1,0.855734,1505,,
beyin MR (Cheng),415,0,1,paket,0.010239799972623587,1,8192,855608,1,0.855734,1357,,
beyin MR (Cheng),416,0,1,paket,0.010939299943856895,1,8192,856295,1,0.855734,1116,,
beyin MR (Cheng),417,0,4,paket,0.010315399966202676,1,8192,856079,1,0.855734,4384,,
beyin MR (Cheng),418,0,4,paket,0.01162640005350113,1,8192,855307,1,0.855734,5807,,
beyin MR (Cheng),419,0,4,paket,0.010088999988511205,1,8192,855625,1,0.855734,6419,,
beyin MR (Cheng),420,0,4,paket,0.010050899931229651,1,8192,855436,1,0.855734,4445,,
beyin MR (Cheng),421,0,4,paket,0.010075600002892315,1,8192,856156,1,0.855734,1277,,
beyin MR (Cheng),422,0,4,paket,0.010497599956579506,1,8192,856205,1,0.855734,6540,,
beyin MR (Cheng),423,0,4,paket,0.010073599987663329,1,8192,855314,2,1.711468,9067,,
beyin MR (Cheng),424,0,4,paket,0.010571800055913627,1,8192,855155,2,1.711468,10628,,
beyin MR (Cheng),425,0,4,paket,0.010678300051949918,1,8192,855174,2,1.711468,10369,,
beyin MR (Cheng),426,0,4,paket,0.010534500004723668,1,8192,855916,2,1.711468,9118,,
beyin MR (Cheng),427,0,4,paket,0.01158920000307262,1,8192,856143,1,0.855734,6440,,
beyin MR (Cheng),428,0,4,paket,0.010768600041046739,1,8192,855792,1,0.855734,4410,,
beyin MR (Cheng),429,0,4,paket,0.010277899913489819,1,8192,855282,1,0.855734,2192,,
beyin MR (Cheng),430,0,4,paket,0.011275699944235384,1,8192,856209,1,0.855734,2022,,
beyin MR (Cheng),431,0,0,paket,0.010683499975129962,1,8192,856055,1,0.855734,1798,,
beyin MR (Cheng),432,0,0,paket,0.010359800071455538,1,8192,855235,1,0.855734,2547,,
beyin MR (Cheng),433,0,0,paket,0.011047800071537495,1,8192,855358,1,0.855734,2627,,
beyin MR (Cheng),434,0,0,paket,0.012915799976326525,1,8192,855170,1,0.855734,2465,,
beyin MR (Cheng),435,0,0,paket,0.010639999993145466,1,8192,856011,1,0.855734,1482,,
beyin MR (Cheng),436,0,1,paket,0.010288599994964898,1,8192,854696,1,0.855734,629,,
beyin MR (Cheng),437,0,2,paket,0.010100599960424006,1,8192,855405,1,0.855734,7191,,
beyin MR (Cheng),438,0,2,paket,0.010712399962358177,1,8192,855529,2,1.711468,8450,,
beyin MR (Cheng),439,0,2,paket,0.009970900020562112,1,8192,855292,2,1.711468,9002,,
beyin MR (Cheng),440,0,2,paket,0.00987210008315742,1,8192,855662,1,0.855734,6982,,
beyin MR (Cheng),441,0,1,paket,0.010555499931797385,1,8192,855872,1,0.855734,5744,,
beyin MR (Cheng),442,0,1,paket,0.010188400046899915,1,8192,856128,2,1.711468,9450,,
beyin MR (Cheng),443,0,1,paket,0.010099499952048063,1,8192,856078,2,1.711468,8790,,
beyin MR (Cheng),444,0,1,paket,0.010329499957151711,1,8192,855166,2,1.711468,8790,,
beyin MR (Cheng),445,0,1,paket,0.011386799975298345,1,8192,855283,1,0.855734,5494,,
beyin MR (Cheng),446,0,1,paket,0.010254299966618419,1,8192,856139,1,0.855734,4986,,
beyin MR (Cheng),447,0,2,paket,0.009890599991194904,1,8192,855801,1,0.855734,1845,,
beyin MR (Cheng),448,0,2,paket,0.010656300000846386,1,8192,856055,1,0.855734,1693,,
beyin MR (Cheng),449,0,3,paket,0.011175099993124604,1,8192,855539,1,0.855734,1600,,
beyin MR (Cheng),450,0,3,paket,0.011175899999216199,1,8192,856069,1,0.855734,1956,,
beyin MR (Cheng),451,0,1,paket,0.010108000016771257,1,8192,856009,1,0.855734,2700,,
beyin MR (Cheng),452,0,1,paket,0.010488900006748736,1,8192,855759,1,0.855734,3674,,
beyin MR (Cheng),453,0,1,paket,0.010068000061437488,1,8192,856143,1,0.855734,3391,,
beyin MR (Cheng),454,0,2,paket,0.010482399957254529,1,8192,854415,1,0.855734,7427,,
beyin MR (Cheng),455,0,2,paket,0.01023360004182905,1,8192,855133,2,1.711468,8357,,
beyin MR (Cheng),456,0,2,paket,0.010104299988597631,1,8192,856033,2,1.711468,8936,,
beyin MR (Cheng),457,0,2,paket,0.010333199985325336,1,8192,855344,1,0.855734,5376,,
beyin MR (Cheng),458,0,4,paket,0.010090700001455843,1,8192,855302,1,0.855734,1931,,
beyin MR (Cheng),459,0,4,paket,0.010311199934221804,1,8192,855402,1,0.855734,2429,,
beyin MR (Cheng),460,0,2,paket,0.009881200036033988,1,8192,856054,1,0.855734,1365,,
beyin MR (Cheng),461,0,2,paket,0.009940700023435056,1,8192,855845,1,0.855734,1751,,
beyin MR (Cheng),462,0,2,paket,0.010535000008530915,1,8192,856030,1,0.855734,1380,,
beyin MR (Cheng),463,0,2,paket,0.011080100084654987,1,8192,855271,1,0.855734,952,,
beyin MR (Cheng),464,0,0,paket,0.010111900046467781,1,8192,855246,1,0.855734,4111,,
beyin MR (Cheng),465,0,0,paket,0.010675800032913685,1,8192,855540,1,0.855734,5537,,
beyin MR (Cheng),466,0,0,paket,0.009822100051678717,1,8192,856155,1,0.855734,5963,,
beyin MR (Cheng),467,0,0,paket,0.010018300032243133,1,8192,856059,1,0.855734,4757,,
beyin MR (Cheng),468,0,0,paket,0.010086099966429174,1,8192,855427,1,0.855734,3344,,
beyin MR (Cheng),469,0,0,paket,0.00987800001166761,1,8192,855650,1,0.855734,2008,,
beyin MR (Cheng),470,0,4,paket,0.011760200024582446,1,8192,855355,1,0.855734,1425,,
beyin MR (Cheng),471,0,4,paket,0.00996830000076443,1,8192,856075,1,0.855734,2185,,
beyin MR (Cheng),472,0,4,paket,0.010139400023035705,1,8192,855508,1,0.855734,1884,,
beyin MR (Cheng),473,0,0,paket,0.010083300061523914,1,8192,855856,1,0.855734,2318,,
beyin MR (Cheng),474,0,0,paket,0.010983099928125739,1,8192,856001,1,0.855734,1811,,
beyin MR (Cheng),475,0,3,paket,0.009886799962259829,1,8192,856207,1,0.855734,862,,
beyin MR (Cheng),476,0,3,paket,0.012490900000557303,1,8192,855946,1,0.855734,636,,
beyin MR (Cheng),477,0,3,paket,0.010673900018446147,1,8192,855971,1,0.855734,873,,
beyin MR (Cheng),478,0,3,paket,0.010056699975393713,1,8192,855056,1,0.855734,1203,,
beyin MR (Cheng),479,0,4,paket,0.010374699952080846,1,8192,855282,1,0.855734,2015,,
beyin MR (Cheng),480,0,4,paket,0.010261200019158423,1,8192,856133,1,0.855734,3570,,
beyin MR (Cheng),481,0,4,paket,0.011618199991062284,1,8192,855883,1,0.855734,4162,,
beyin MR (Cheng),482,0,4,paket,0.011502000037580729,1,8192,855384,1,0.855734,3635,,
beyin MR (Cheng),483,0,4,paket,0.011111000087112188,1,8192,856217,1,0.855734,1039,,
beyin MR (Cheng),484,0,4,paket,0.010591200087219477,1,8192,855345,1,0.855734,2617,,
beyin MR (Cheng),485,0,4,paket,0.011156899970956147,1,8192,855378,1,0.855734,3138,,
beyin MR (Cheng),486,0,4,paket,0.010370300034992397,1,8192,856278,1,0.855734,3043,,
beyin MR (Cheng),487,0,4,paket,0.011426899931393564,1,8192,855316,1,0.855734,2540,,
beyin MR (Cheng),488,0,0,paket,0.010522399912588298,1,8192,855623,1,0.855734,836,,
beyin MR (Cheng),489,0,0,paket,0.01007650000974536,1,8192,855790,1,0.855734,2667,,
beyin MR (Cheng),490,0,0,paket,0.011323299957439303,1,8192,855958,1,0.855734,3616,,
beyin MR (Cheng),491,0,0,paket,0.01028679998125881,1,8192,855979,1,0.855734,3940,,
beyin MR (Cheng),492,0,0,paket,0.013125799945555627,1,8192,855314,1,0.855734,4054,,
beyin MR (Cheng),493,0,0,paket,0.011261899955570698,1,8192,855259,1,0.855734,1394,,
beyin MR (Cheng),494,0,0,paket,0.010142400045879185,1,8192,855871,1,0.855734,697,,
beyin MR (Cheng),495,0,2,paket,0.009875199990347028,1,8192,855234,1,0.855734,2458,,
beyin MR (Cheng),496,0,2,paket,0.01036639988888055,1,8192,855273,1,0.855734,3034,,
beyin MR (Cheng),497,0,2,paket,0.010321800014935434,1,8192,856059,1,0.855734,3701,,
beyin MR (Cheng),498,0,2,paket,0.01011370006017387,1,8192,855890,1,0.855734,3040,,
beyin MR (Cheng),499,0,2,paket,0.009989499929361045,1,8192,855486,1,0.855734,3050,,
beyin MR (Cheng),500,0,1,paket,0.01039919990580529,1,8192,855476,1,0.855734,2651,,
beyin MR (Cheng),501,0,1,paket,0.010204800055362284,1,8192,855954,1,0.855734,4172,,
beyin MR (Cheng),502,0,1,paket,0.010574799962341785,1,8192,856151,1,0.855734,3566,,
beyin MR (Cheng),503,0,1,paket,0.01105119998101145,1,8192,855989,1,0.855734,1959,,
beyin MR (Cheng),504,0,3,paket,0.010074199992232025,1,8192,855266,1,0.855734,2229,,
beyin MR (Cheng),505,0,3,paket,0.010787599952891469,1,8192,856036,1,0.855734,5955,,
beyin MR (Cheng),506,0,3,paket,0.010972200077958405,1,8192,855138,1,0.855734,7447,,
beyin MR (Cheng),507,0,3,paket,0.0110746999271214,1,8192,855300,1,0.855734,6632,,
beyin MR (Cheng),508,0,3,paket,0.010105399996973574,1,8192,855957,1,0.855734,3063,,
beyin MR (Cheng),509,0,3,paket,0.010351400007493794,1,8192,855300,1,0.855734,5752,,
beyin MR (Cheng),510,0,3,paket,0.00993109995033592,1,8192,855678,1,0.855734,7422,,
beyin MR (Cheng),511,0,3,paket,0.00994320004247129,1,8192,855248,1,0.855734,7765,,
beyin MR (Cheng),512,0,3,paket,0.010047599906101823,1,8192,855877,1,0.855734,5952,,
beyin MR (Cheng),513,0,3,paket,0.009925899910740554,1,8192,855142,1,0.855734,3123,,
beyin MR (Cheng),514,0,3,paket,0.010174999944865704,1,8192,854560,1,0.855734,4294,,
beyin MR (Cheng),515,0,3,paket,0.010078900028020144,1,8192,855856,1,0.855734,2933,,
beyin MR (Cheng),516,0,0,paket,0.010136199998669326,1,8192,855409,1,0.855734,1182,,
beyin MR (Cheng),517,0,1,paket,0.01362619991414249,1,8192,855802,1,0.855734,1000,,
beyin MR (Cheng),518,0,1,paket,0.010587899945676327,1,8192,855932,1,0.855734,728,,
beyin MR (Cheng),519,0,3,paket,0.01410510006826371,1,8192,856170,1,0.855734,3369,,
beyin MR (Cheng),520,0,3,paket,0.009872099966742098,1,8192,856035,1,0.855734,4065,,
beyin MR (Cheng),521,0,3,paket,0.009978000074625015,1,8192,855233,1,0.855734,3415,,
beyin MR (Cheng),522,0,3,paket,0.009983399999327958,1,8192,854873,1,0.855734,7349,,
beyin MR (Cheng),523,0,3,paket,0.010415900032967329,1,8192,856186,1,0.855734,6764,,
beyin MR (Cheng),524,0,3,paket,0.01516429998446256,1,8192,855287,1,0.855734,6087,,
beyin MR (Cheng),525,0,3,paket,0.010232800035737455,1,8192,856059,1,0.855734,4806,,
beyin MR (Cheng),526,0,2,paket,0.010077199898660183,1,8192,856108,1,0.855734,1994,,
beyin MR (Cheng),527,0,2,paket,0.010687100002542138,1,8192,855566,1,0.855734,3012,,
beyin MR (Cheng),528,0,2,paket,0.010299000074155629,1,8192,856201,1,0.855734,4276,,
beyin MR (Cheng),529,0,3,paket,0.01089109992608428,1,8192,856226,1,0.855734,1083,,
beyin MR (Cheng),530,0,3,paket,0.011754199978895485,1,8192,855801,1,0.855734,699,,
beyin MR (Cheng),531,0,2,paket,0.010197499999776483,1,8192,855314,1,0.855734,2236,,
beyin MR (Cheng),532,0,1,paket,0.010161799960769713,1,8192,856382,1,0.855734,3257,,
beyin MR (Cheng),533,0,1,paket,0.010176799958571792,1,8192,855311,1,0.855734,4758,,
beyin MR (Cheng),534,0,1,paket,0.010453300084918737,1,8192,856021,2,1.711468,8753,,
beyin MR (Cheng),535,0,1,paket,0.01065259997267276,1,8192,856147,2,1.711468,11237,,
beyin MR (Cheng),536,0,1,paket,0.009827699977904558,1,8192,855889,2,1.711468,12596,,
beyin MR (Cheng),537,0,1,paket,0.010284099960699677,1,8192,855751,2,1.711468,12758,,
beyin MR (Cheng),538,0,1,paket,0.010806199978105724,1,8192,855831,1,0.855734,7248,,
beyin MR (Cheng),539,0,0,paket,0.010758500080555677,1,8192,855601,2,1.711468,10383,,
beyin MR (Cheng),540,0,0,paket,0.010232200031168759,1,8192,856177,2,1.711468,14097,,
beyin MR (Cheng),541,0,0,paket,0.011339899967424572,1,8192,855833,2,1.711468,12026,,
beyin MR (Cheng),542,0,4,paket,0.009931999957188964,1,8192,855849,1,0.855734,5591,,
beyin MR (Cheng),543,0,4,paket,0.010540699935518205,1,8192,855370,1,0.855734,6122,,
beyin MR (Cheng),544,0,4,paket,0.010001900023780763,1,8192,855624,1,0.855734,5705,,
beyin MR (Cheng),545,0,4,paket,0.010144099942408502,1,8192,856067,1,0.855734,4993,,
beyin MR (Cheng),546,0,4,paket,0.010313699953258038,1,8192,855311,1,0.855734,3744,,
beyin MR (Cheng),547,0,4,paket,0.011455899919383228,1,8192,855404,1,0.855734,1744,,
beyin MR (Cheng),548,0,4,paket,0.010726800072006881,1,8192,856002,1,0.855734,1154,,
beyin MR (Cheng),549,0,4,paket,0.010998799931257963,1,8192,855640,1,0.855734,764,,
beyin MR (Cheng),550,0,1,paket,0.010559300077147782,1,8192,855456,1,0.855734,2961,,
beyin MR (Cheng),551,0,1,paket,0.011190899997018278,1,8192,855800,1,0.855734,3825,,
beyin MR (Cheng),552,0,1,paket,0.009960399940609932,1,8192,856015,1,0.855734,3982,,
beyin MR (Cheng),553,0,1,paket,0.010954199940897524,1,8192,855432,1,0.855734,2216,,
beyin MR (Cheng),554,0,1,paket,0.011394900036975741,1,8192,855817,1,0.855734,2054,,
beyin MR (Cheng),555,0,0,paket,0.0099340999731794,1,8192,855976,1,0.855734,5986,,
beyin MR (Cheng),556,0,0,paket,0.009916800074279308,1,8192,855061,1,0.855734,4721,,
beyin MR (Cheng),557,0,0,paket,0.010567500023171306,1,8192,855768,1,0.855734,1753,,
beyin MR (Cheng),558,0,0,paket,0.0106583999004215,1,8192,855786,1,0.855734,1404,,
beyin MR (Cheng),559,0,1,paket,0.009960200055502355,1,8192,855081,1,0.855734,7232,,
beyin MR (Cheng),560,0,1,paket,0.010012600105255842,1,8192,855827,2,1.711468,10454,,
beyin MR (Cheng),561,0,1,paket,0.010326400049962103,1,8192,856002,1,0.855734,7906,,
beyin MR (Cheng),562,0,1,paket,0.010068600066006184,1,8192,855418,1,0.855734,5543,,
beyin MR (Cheng),563,0,4,paket,0.00990139995701611,1,8192,856224,1,0.855734,5404,,
beyin MR (Cheng),564,0,4,paket,0.010226999991573393,1,8192,856214,2,1.711468,9513,,
beyin MR (Cheng),565,0,4,paket,0.010059299995191395,1,8192,856145,2,1.711468,10825,,
beyin MR (Cheng),566,0,4,paket,0.013751200051046908,1,8192,855242,2,1.711468,9832,,
beyin MR (Cheng),567,0,4,paket,0.009907800005748868,1,8192,855791,1,0.855734,6191,,
beyin MR (Cheng),568,0,1,paket,0.01020519994199276,1,8192,856014,1,0.855734,2021,,
beyin MR (Cheng),569,0,1,paket,0.010153800016269088,1,8192,855929,1,0.855734,1925,,
beyin MR (Cheng),570,0,2,paket,0.010394399985671043,1,8192,856007,1,0.855734,1571,,
beyin MR (Cheng),571,0,2,paket,0.009920199983753264,1,8192,856190,1,0.855734,1342,,
beyin MR (Cheng),572,0,3,paket,0.010980899911373854,1,8192,855681,1,0.855734,3149,,
beyin MR (Cheng),573,0,3,paket,0.01049409992992878,1,8192,855775,1,0.855734,4602,,
beyin MR (Cheng),574,0,3,paket,0.009993200073949993,1,8192,855401,1,0.855734,5504,,
beyin MR (Cheng),575,0,3,paket,0.010636999970301986,1,8192,855051,1,0.855734,4431,,
beyin MR (Cheng),576,0,3,paket,0.01018600002862513,1,8192,856182,1,0.855734,255,,
beyin MR (Cheng),577,0,3,paket,0.010490200016647577,1,8192,854885,1,0.855734,342,,
beyin MR (Cheng),578,0,3,paket,0.010715699987486005,1,8192,855794,1,0.855734,480,,
beyin MR (Cheng),579,0,1,paket,0.010148600093089044,1,8192,855691,1,0.855734,3350,,
beyin MR (Cheng),580,0,1,paket,0.011011600028723478,1,8192,855866,1,0.855734,5019,,
beyin MR (Cheng),581,0,1,paket,0.010127599933184683,1,8192,855332,1,0.855734,5622,,
beyin MR (Cheng),582,0,1,paket,0.010003099916502833,1,8192,855349,1,0.855734,4643,,
beyin MR (Cheng),583,0,1,paket,0.010096600046381354,1,8192,855982,1,0.855734,2186,,
beyin MR (Cheng),584,0,1,paket,0.010983099928125739,1,8192,856052,1,0.855734,643,,
beyin MR (Cheng),585,0,1,paket,0.010669499984942377,1,8192,855887,1,0.855734,2319,,
beyin MR (Cheng),586,0,1,paket,0.009983800002373755,1,8192,856087,1,0.855734,2816,,
beyin MR (Cheng),587,0,1,paket,0.01098749996162951,1,8192,855270,1,0.855734,2486,,
beyin MR (Cheng),588,0,2,paket,0.010737600037828088,1,8192,855755,1,0.855734,3142,,
beyin MR (Cheng),589,0,2,paket,0.010079700034111738,1,8192,856030,1,0.855734,3891,,
beyin MR (Cheng),590,0,2,paket,0.010084299952723086,1,8192,855324,1,0.855734,4361,,
beyin MR (Cheng),591,0,2,paket,0.011657599941827357,1,8192,855310,1,0.855734,2853,,
beyin MR (Cheng),592,0,0,paket,0.010059899999760091,1,8192,854632,1,0.855734,4103,,
beyin MR (Cheng),593,0,0,paket,0.010176300071179867,1,8192,855436,1,0.855734,5180,,
beyin MR (Cheng),594,0,0,paket,0.010019700042903423,1,8192,855635,1,0.855734,4981,,
beyin MR (Cheng),595,0,0,paket,0.010035700048319995,1,8192,856101,1,0.855734,845,,
beyin MR (Cheng),596,0,0,paket,0.010112399933859706,1,8192,855895,1,0.855734,849,,
beyin MR (Cheng),597,0,0,paket,0.010077300015836954,1,8192,855269,1,0.855734,638,,
beyin MR (Cheng),598,0,0,paket,0.010408699978142977,1,8192,855591,1,0.855734,3139,,
beyin MR (Cheng),599,0,0,paket,0.010189500055275857,1,8192,855496,1,0.855734,4496,,
beyin MR (Cheng),600,0,0,paket,0.010312199941836298,1,8192,856037,1,0.855734,5266,,
beyin MR (Cheng),601,0,0,paket,0.010792499990202487,1,8192,854545,1,0.855734,4823,,
beyin MR (Cheng),602,0,4,paket,0.010062100016511977,1,8192,856178,1,0.855734,2272,,
beyin MR (Cheng),603,0,4,paket,0.011673100059852004,1,8192,855186,1,0.855734,3429,,
beyin MR (Cheng),604,0,4,paket,0.010052699944935739,1,8192,856120,1,0.855734,2594,,
beyin MR (Cheng),605,0,2,paket,0.010363499983213842,1,8192,856014,1,0.855734,1723,,
beyin MR (Cheng),606,0,2,paket,0.010067100054584444,1,8192,856018,1,0.855734,1354,,
beyin MR (Cheng),607,0,3,paket,0.010035300045274198,1,8192,856077,2,1.711468,10292,,
beyin MR (Cheng),608,0,3,paket,0.01051220006775111,1,8192,855338,2,1.711468,11843,,
beyin MR (Cheng),609,0,3,paket,0.01028980000410229,1,8192,855796,2,1.711468,12946,,
beyin MR (Cheng),610,0,3,paket,0.010303199989721179,1,8192,855321,2,1.711468,13060,,
beyin MR (Cheng),611,0,3,paket,0.0103386000264436,1,8192,855714,2,1.711468,11331,,
beyin MR (Cheng),612,0,3,paket,0.011926800012588501,1,8192,856117,2,1.711468,8244,,
beyin MR (Cheng),613,0,3,paket,0.01074020005762577,1,8192,855809,1,0.855734,3956,,
beyin MR (Cheng),614,0,3,paket,0.010380299994722009,1,8192,855028,1,0.855734,2455,,
beyin MR (Cheng),615,0,3,paket,0.009808399947360158,1,8192,855295,1,0.855734,3285,,
beyin MR (Cheng),616,0,3,paket,0.010295400046743453,1,8192,855917,1,0.855734,2680,,
beyin MR (Cheng),617,0,3,paket,0.011812399956397712,1,8192,855854,1,0.855734,1671,,
beyin MR (Cheng),618,0,2,paket,0.010307300020940602,1,8192,855267,1,0.855734,3509,,
beyin MR (Cheng),619,0,2,paket,0.011008500005118549,1,8192,855803,1,0.855734,3187,,
beyin MR (Cheng),620,0,0,paket,0.010267599951475859,1,8192,856150,1,0.855734,5448,,
beyin MR (Cheng),621,0,0,paket,0.010282999952323735,1,8192,855632,1,0.855734,6318,,
beyin MR (Cheng),622,0,0,paket,0.010133099975064397,1,8192,856200,1,0.855734,7168,,
beyin MR (Cheng),623,0,0,paket,0.010556099936366081,1,8192,855342,1,0.855734,4723,,
beyin MR (Cheng),624,0,0,paket,0.010850300081074238,1,8192,855142,1,0.855734,8054,,
beyin MR (Cheng),625,0,0,paket,0.010670899995602667,1,8192,855761,2,1.711468,12692,,
beyin MR (Cheng),626,0,0,paket,0.01076840003952384,1,8192,855650,2,1.711468,15006,,
beyin MR (Cheng),627,0,0,paket,0.010943200089968741,1,8192,855236,2,1.711468,15220,,
beyin MR (Cheng),628,0,0,paket,0.01024540001526475,1,8192,855849,2,1.711468,12892,,
beyin MR (Cheng),629,0,0,paket,0.010370200034230947,1,8192,856124,1,0.855734,5911,,
beyin MR (Cheng),630,0,4,paket,0.010159699944779277,1,8192,854742,1,0.855734,1813,,
beyin MR (Cheng),631,0,4,paket,0.010277000023052096,1,8192,855139,1,0.855734,2648,,
beyin MR (Cheng),632,0,4,paket,0.00999360007699579,1,8192,855315,1,0.855734,2283,,
beyin MR (Cheng),633,0,4,paket,0.01098470005672425,1,8192,856171,1,0.855734,1431,,
beyin MR (Cheng),634,0,2,paket,0.01016959990374744,1,8192,856156,1,0.855734,4338,,
beyin MR (Cheng),635,0,2,paket,0.010308600030839443,1,8192,855238,1,0.855734,5850,,
beyin MR (Cheng),636,0,2,paket,0.010944399982690811,1,8192,856047,1,0.855734,6594,,
beyin MR (Cheng),637,0,2,paket,0.01106040005106479,1,8192,855844,1,0.855734,6175,,
beyin MR (Cheng),638,0,2,paket,0.010772199952043593,1,8192,855824,1,0.855734,516,,
beyin MR (Cheng),639,0,2,paket,0.010234400047920644,1,8192,856086,1,0.855734,1156,,
beyin MR (Cheng),640,0,2,paket,0.012077299994416535,1,8192,854997,1,0.855734,1125,,
beyin MR (Cheng),641,0,1,paket,0.01000850007403642,1,8192,854415,1,0.855734,2436,,
beyin MR (Cheng),642,0,1,paket,0.010170700028538704,1,8192,855982,1,0.855734,3606,,
beyin MR (Cheng),643,0,1,paket,0.01090729993302375,1,8192,855274,1,0.855734,5639,,
beyin MR (Cheng),644,0,1,paket,0.010521199903450906,1,8192,855370,1,0.855734,5662,,
beyin MR (Cheng),645,0,1,paket,0.010915899998508394,1,8192,856117,1,0.855734,6970,,
beyin MR (Cheng),646,0,1,paket,0.009829699993133545,1,8192,856252,1,0.855734,4103,,
beyin MR (Cheng),647,0,2,paket,0.009902600082568824,1,8192,855464,1,0.855734,4551,,
beyin MR (Cheng),648,0,2,paket,0.012829699902795255,1,8192,856076,1,0.855734,7122,,
beyin MR (Cheng),649,0,2,paket,0.010637499974109232,1,8192,856270,2,1.711468,9208,,
beyin MR (Cheng),650,0,2,paket,0.009782399982213974,1,8192,855636,2,1.711468,9538,,
beyin MR (Cheng),651,0,2,paket,0.010044900001958013,1,8192,855723,1,0.855734,8136,,
beyin MR (Cheng),652,0,2,paket,0.01089709997177124,1,8192,856100,1,0.855734,6830,,
beyin MR (Cheng),653,0,2,paket,0.010413200012408197,1,8192,855296,1,0.855734,4998,,
beyin MR (Cheng),654,0,1,paket,0.010537000023759902,1,8192,856211,1,0.855734,2770,,
beyin MR (Cheng),655,0,1,paket,0.010856800014153123,1,8192,854574,1,0.855734,3847,,
beyin MR (Cheng),656,0,1,paket,0.010178099968470633,1,8192,856194,1,0.855734,6054,,
beyin MR (Cheng),657,0,1,paket,0.010141699924133718,1,8192,855927,1,0.855734,4664,,
beyin MR (Cheng),658,0,3,paket,0.010544999968260527,1,8192,855951,1,0.855734,7161,,
beyin MR (Cheng),659,0,3,paket,0.010046100011095405,1,8192,855105,2,1.711468,9802,,
beyin MR (Cheng),660,0,3,paket,0.00996820000000298,1,8192,855858,2,1.711468,9782,,
beyin MR (Cheng),661,0,3,paket,0.010251500061713159,1,8192,855351,1,0.855734,7729,,
beyin MR (Cheng),662,0,3,paket,0.010629700031131506,1,8192,855993,1,0.855734,5888,,
beyin MR (Cheng),663,0,4,paket,0.012126600020565093,1,8192,855375,1,0.855734,3771,,
beyin MR (Cheng),664,0,4,paket,0.00986879994161427,1,8192,856189,1,0.855734,4595,,
beyin MR (Cheng),665,0,4,paket,0.009859800105914474,1,8192,856173,1,0.855734,4204,,
beyin MR (Cheng),666,0,4,paket,0.010179199976846576,1,8192,855160,1,0.855734,2862,,
beyin MR (Cheng),667,0,3,paket,0.012958900071680546,1,8192,855300,1,0.855734,3322,,
beyin MR (Cheng),668,0,3,paket,0.011842999956570566,1,8192,856209,1,0.855734,4297,,
beyin MR (Cheng),669,0,3,paket,0.011296299984678626,1,8192,856010,1,0.855734,4599,,
beyin MR (Cheng),670,0,3,paket,0.009979199967347085,1,8192,855173,1,0.855734,4310,,
beyin MR (Cheng),671,0,3,paket,0.010622699977830052,1,8192,855358,1,0.855734,3127,,
beyin MR (Cheng),672,0,1,paket,0.010061300010420382,1,8192,855547,1,0.855734,748,,
beyin MR (Cheng),673,0,1,paket,0.00991190003696829,1,8192,855909,1,0.855734,1503,,
beyin MR (Cheng),674,0,4,paket,0.010293400031514466,1,8192,856020,1,0.855734,3130,,
beyin MR (Cheng),675,0,4,paket,0.010431999922730029,1,8192,855805,1,0.855734,5168,,
beyin MR (Cheng),676,0,4,paket,0.010848799953237176,1,8192,855249,1,0.855734,5409,,
beyin MR (Cheng),677,0,4,paket,0.010269400081597269,1,8192,855649,1,0.855734,5045,,
beyin MR (Cheng),678,0,4,paket,0.01054889999795705,1,8192,855945,1,0.855734,2772,,
beyin MR (Cheng),679,0,4,paket,0.010529499966651201,1,8192,856107,2,1.711468,8510,,
beyin MR (Cheng),680,0,4,paket,0.010323500027880073,1,8192,855538,2,1.711468,9987,,
beyin MR (Cheng),681,0,4,paket,0.010066400049254298,1,8192,855074,2,1.711468,10893,,
beyin MR (Cheng),682,0,4,paket,0.010907900054007769,1,8192,856121,2,1.711468,10774,,
beyin MR (Cheng),683,0,4,paket,0.010213700006715953,1,8192,855319,2,1.711468,10033,,
beyin MR (Cheng),684,0,4,paket,0.011705200071446598,1,8192,855142,1,0.855734,6578,,
beyin MR (Cheng),685,0,4,paket,0.011216499959118664,1,8192,855985,1,0.855734,2536,,
beyin MR (Cheng),686,0,4,paket,0.010073599987663329,1,8192,855831,1,0.855734,2198,,
beyin MR (Cheng),687,0,0,paket,0.010027899988926947,1,8192,855666,1,0.855734,2254,,
beyin MR (Cheng),688,0,0,paket,0.009876800002530217,1,8192,855968,1,0.855734,2951,,
beyin MR (Cheng),689,0,0,paket,0.010645200032740831,1,8192,855713,1,0.855734,3046,,
beyin MR (Cheng),690,0,0,paket,0.009932099957950413,1,8192,855902,1,0.855734,2498,,
beyin MR (Cheng),691,0,0,paket,0.009865400032140315,1,8192,855409,1,0.855734,1835,,
beyin MR (Cheng),692,0,4,paket,0.01004990004003048,1,8192,856111,1,0.855734,1300,,
beyin MR (Cheng),693,0,4,paket,0.009997299988754094,1,8192,855271,1,0.855734,3462,,
beyin MR (Cheng),694,0,4,paket,0.010114399949088693,1,8192,856011,1,0.855734,1990,,
beyin MR (Cheng),695,0,1,paket,0.010069799958728254,1,8192,855548,1,0.855734,436,,
beyin MR (Cheng),696,0,2,paket,0.011737499968148768,1,8192,855365,1,0.855734,6871,,
beyin MR (Cheng),697,0,2,paket,0.011117100017145276,1,8192,856243,2,1.711468,8920,,
beyin MR (Cheng),698,0,2,paket,0.011592600028961897,1,8192,855983,2,1.711468,8575,,
beyin MR (Cheng),699,0,2,paket,0.010752899921499193,1,8192,855095,1,0.855734,5878,,
beyin MR (Cheng),700,0,2,paket,0.011694499989971519,1,8192,856127,1,0.855734,4841,,
beyin MR (Cheng),701,0,2,paket,0.012993999989703298,1,8192,856068,1,0.855734,3269,,
beyin MR (Cheng),702,0,4,paket,0.010696799959987402,1,8192,855404,1,0.855734,4804,,
beyin MR (Cheng),703,0,4,paket,0.01063629996497184,1,8192,855452,1,0.855734,6750,,
beyin MR (Cheng),704,0,4,paket,0.011477500083856285,1,8192,854509,1,0.855734,7409,,
beyin MR (Cheng),705,0,4,paket,0.010234000044874847,1,8192,856028,1,0.855734,7440,,
beyin MR (Cheng),706,0,4,paket,0.010259400005452335,1,8192,855842,2,1.711468,8869,,
beyin MR (Cheng),707,0,4,paket,0.011835699900984764,1,8192,855217,2,1.711468,9758,,
beyin MR (Cheng),708,2,0,paket,0.01082770002540201,1,8192,855813,1,0.855734,1343,,
beyin MR (Cheng),709,2,0,paket,0.010027699987404048,1,8192,855289,1,0.855734,2314,,
beyin MR (Cheng),710,2,0,paket,0.009964799974113703,1,8192,855947,1,0.855734,2496,,
beyin MR (Cheng),711,2,0,paket,0.0100233000703156,1,8192,856246,1,0.855734,2671,,
beyin MR (Cheng),712,2,0,paket,0.010008600074797869,1,8192,856063,1,0.855734,2935,,
beyin MR (Cheng),713,2,0,paket,0.010935799917206168,1,8192,855383,1,0.855734,2701,,
beyin MR (Cheng),714,1,4,paket,0.01135939999949187,1,8192,855483,2,1.711468,9877,,
beyin MR (Cheng),715,1,4,paket,0.012167900102213025,1,8192,856066,2,1.711468,10963,,
beyin MR (Cheng),716,1,4,paket,0.010062200017273426,1,8192,855690,2,1.711468,12811,,
beyin MR (Cheng),717,1,3,paket,0.009842799976468086,1,8192,855724,1,0.855734,5664,,
beyin MR (Cheng),718,1,3,paket,0.009957500034943223,1,8192,855609,1,0.855734,6289,,
beyin MR (Cheng),719,1,3,paket,0.011746100033633411,1,8192,856057,1,0.855734,6452,,
beyin MR (Cheng),720,1,3,paket,0.010776199982501566,1,8192,856137,2,1.711468,9473,,
beyin MR (Cheng),721,1,1,paket,0.013003200059756637,1,8192,855313,1,0.855734,1420,,
beyin MR (Cheng),722,1,1,paket,0.010496700066141784,1,8192,855587,1,0.855734,1990,,
beyin MR (Cheng),723,1,1,paket,0.01027929992415011,1,8192,855281,1,0.855734,1624,,
beyin MR (Cheng),724,1,2,paket,0.010167900007218122,1,8192,855266,1,0.855734,3896,,
beyin MR (Cheng),725,1,2,paket,0.01067619991954416,1,8192,855269,1,0.855734,5097,,
beyin MR (Cheng),726,1,2,paket,0.009910700027830899,1,8192,855239,1,0.855734,4159,,
beyin MR (Cheng),727,1,2,paket,0.010028799995779991,1,8192,855942,2,1.711468,9491,,
beyin MR (Cheng),728,1,4,paket,0.010069500072859228,1,8192,856013,1,0.855734,2684,,
beyin MR (Cheng),729,1,4,paket,0.0105489999987185,1,8192,855243,1,0.855734,5031,,
beyin MR (Cheng),730,1,4,paket,0.010974100092425942,1,8192,856115,1,0.855734,6412,,
beyin MR (Cheng),731,1,4,paket,0.010049099917523563,1,8192,856151,1,0.855734,6165,,
beyin MR (Cheng),732,1,4,paket,0.010308299912139773,1,8192,855253,1,0.855734,3673,,
beyin MR (Cheng),733,1,4,paket,0.009863499901257455,1,8192,856297,1,0.855734,2069,,
beyin MR (Cheng),734,1,4,paket,0.010084699955768883,1,8192,856077,1,0.855734,3329,,
beyin MR (Cheng),735,1,4,paket,0.009909200016409159,1,8192,855983,1,0.855734,6459,,
beyin MR (Cheng),736,1,4,paket,0.010253799962811172,1,8192,856049,1,0.855734,7230,,
beyin MR (Cheng),737,1,4,paket,0.009977100067771971,1,8192,856139,1,0.855734,7535,,
beyin MR (Cheng),738,1,4,paket,0.010134999989531934,1,8192,856034,1,0.855734,4537,,
beyin MR (Cheng),739,1,2,paket,0.009911000030115247,1,8192,855877,2,1.711468,12349,,
beyin MR (Cheng),740,1,2,paket,0.010567100020125508,1,8192,856180,2,1.711468,15377,,
beyin MR (Cheng),741,1,2,paket,0.010037300060503185,1,8192,855134,3,2.567202,18548,,
beyin MR (Cheng),742,1,2,paket,0.010671800002455711,1,8192,855877,3,2.567202,19296,,
beyin MR (Cheng),743,1,2,paket,0.009979399968869984,1,8192,856103,3,2.567202,17155,,
beyin MR (Cheng),744,1,2,paket,0.010036200052127242,1,8192,855580,2,1.711468,14317,,
beyin MR (Cheng),745,1,2,paket,0.010875400039367378,1,8192,856129,2,1.711468,10172,,
beyin MR (Cheng),746,1,4,paket,0.010153200011700392,1,8192,856164,2,1.711468,11691,,
beyin MR (Cheng),747,1,4,paket,0.010100500076077878,1,8192,855082,2,1.711468,14309,,
beyin MR (Cheng),748,1,4,paket,0.010470199980773032,1,8192,855212,2,1.711468,10601,,
beyin MR (Cheng),749,1,4,paket,0.010261999908834696,1,8192,856146,2,1.711468,10427,,
beyin MR (Cheng),750,1,4,paket,0.010043000103905797,1,8192,855897,2,1.711468,10608,,
beyin MR (Cheng),751,1,4,paket,0.011391200008802116,1,8192,855194,2,1.711468,10428,,
beyin MR (Cheng),752,1,3,paket,0.010925699956715107,1,8192,856094,1,0.855734,2266,,
beyin MR (Cheng),753,1,3,paket,0.011583899962715805,1,8192,856034,1,0.855734,6377,,
beyin MR (Cheng),754,1,3,paket,0.010231300024315715,1,8192,855961,1,0.855734,3634,,
beyin MR (Cheng),755,1,3,paket,0.011362200020812452,1,8192,856144,1,0.855734,3331,,
beyin MR (Cheng),756,1,3,paket,0.015270099975168705,1,8192,856254,1,0.855734,3238,,
beyin MR (Cheng),757,1,3,paket,0.01223370002117008,1,8192,855240,1,0.855734,4614,,
beyin MR (Cheng),758,1,3,paket,0.013681299984455109,1,8192,855588,1,0.855734,5255,,
beyin MR (Cheng),759,1,3,paket,0.01022890000604093,1,8192,856088,1,0.855734,1453,,
beyin MR (Cheng),760,1,1,paket,0.010295300045982003,1,8192,855361,1,0.855734,1505,,
beyin MR (Cheng),761,1,1,paket,0.010088799986988306,1,8192,855989,1,0.855734,1874,,
beyin MR (Cheng),762,1,1,paket,0.01079950004350394,1,8192,855395,1,0.855734,1585,,
beyin MR (Cheng),763,1,2,paket,0.010842900024726987,1,8192,856255,1,0.855734,3682,,
beyin MR (Cheng),764,1,2,paket,0.010646000038832426,1,8192,855891,1,0.855734,3211,,
beyin MR (Cheng),765,1,2,paket,0.010108400019817054,1,8192,855593,1,0.855734,4469,,
beyin MR (Cheng),766,1,2,paket,0.009984400006942451,1,8192,855195,1,0.855734,1871,,
beyin MR (Cheng),767,1,4,paket,0.010023199953138828,1,8192,855346,1,0.855734,1421,,
beyin MR (Cheng),768,1,4,paket,0.009997200104407966,1,8192,856084,1,0.855734,4873,,
beyin MR (Cheng),769,1,4,paket,0.010343700065277517,1,8192,855572,1,0.855734,6927,,
beyin MR (Cheng),770,1,4,paket,0.010212499997578561,1,8192,855202,1,0.855734,5341,,
beyin MR (Cheng),771,1,4,paket,0.010321500012651086,1,8192,855878,1,0.855734,2517,,
beyin MR (Cheng),772,1,4,paket,0.010024599963799119,1,8192,855361,1,0.855734,6284,,
beyin MR (Cheng),773,1,4,paket,0.010307899909093976,1,8192,855316,1,0.855734,4061,,
beyin MR (Cheng),774,1,4,paket,0.010385000030510128,1,8192,855369,1,0.855734,5673,,
beyin MR (Cheng),775,1,4,paket,0.010897899977862835,1,8192,856163,1,0.855734,7223,,
beyin MR (Cheng),776,1,4,paket,0.010223599965684116,1,8192,855450,1,0.855734,2517,,
beyin MR (Cheng),777,1,4,paket,0.010148099972866476,1,8192,855001,1,0.855734,4621,,
beyin MR (Cheng),778,1,3,paket,0.010342799942009151,1,8192,855787,2,1.711468,8444,,
beyin MR (Cheng),779,1,3,paket,0.009928900049999356,1,8192,855253,1,0.855734,812,,
beyin MR (Cheng),780,1,2,paket,0.010278400033712387,1,8192,855181,1,0.855734,5146,,
beyin MR (Cheng),781,1,2,paket,0.011545100016519427,1,8192,855713,1,0.855734,6608,,
beyin MR (Cheng),782,1,2,paket,0.010176399955525994,1,8192,856045,1,0.855734,4559,,
beyin MR (Cheng),783,1,2,paket,0.010834000073373318,1,8192,856046,2,1.711468,12472,,
beyin MR (Cheng),784,1,2,paket,0.010122000006958842,1,8192,855865,2,1.711468,14563,,
beyin MR (Cheng),785,1,2,paket,0.011857399949803948,1,8192,855239,3,2.567202,16885,,
beyin MR (Cheng),786,1,2,paket,0.010634400066919625,1,8192,855358,2,1.711468,15466,,
beyin MR (Cheng),787,1,2,paket,0.010318099986761808,1,8192,855311,3,2.567202,16745,,
beyin MR (Cheng),788,1,2,paket,0.010118999984115362,1,8192,856197,2,1.711468,14030,,
beyin MR (Cheng),789,1,2,paket,0.010286899982020259,1,8192,856084,2,1.711468,9987,,
beyin MR (Cheng),790,1,2,paket,0.010720199905335903,1,8192,855705,1,0.855734,6219,,
beyin MR (Cheng),791,1,3,paket,0.014048199984245002,1,8192,855246,1,0.855734,7017,,
beyin MR (Cheng),792,1,3,paket,0.010750400018878281,1,8192,855428,3,2.567202,17672,,
beyin MR (Cheng),793,1,3,paket,0.009978400077670813,1,8192,855968,2,1.711468,13184,,
beyin MR (Cheng),794,1,3,paket,0.012027200078591704,1,8192,854748,2,1.711468,15146,,
beyin MR (Cheng),795,1,3,paket,0.009925600024871528,1,8192,855238,2,1.711468,15380,,
beyin MR (Cheng),796,1,3,paket,0.010226699989289045,1,8192,856117,2,1.711468,11370,,
beyin MR (Cheng),797,1,3,paket,0.010002100025303662,1,8192,856184,1,0.855734,4470,,
beyin MR (Cheng),798,1,2,paket,0.009840399958193302,1,8192,856191,1,0.855734,1846,,
beyin MR (Cheng),799,1,2,paket,0.010788199957460165,1,8192,855961,1,0.855734,3166,,
beyin MR (Cheng),800,1,2,paket,0.010955900070257485,1,8192,855905,1,0.855734,4236,,
beyin MR (Cheng),801,1,2,paket,0.01012949994765222,1,8192,856202,2,1.711468,9776,,
beyin MR (Cheng),802,1,2,paket,0.01009130000602454,1,8192,855922,1,0.855734,6733,,
beyin MR (Cheng),803,1,2,paket,0.010287899989634752,1,8192,856151,2,1.711468,9559,,
beyin MR (Cheng),804,1,2,paket,0.010638099978677928,1,8192,856173,2,1.711468,8327,,
beyin MR (Cheng),805,1,2,paket,0.010498399962671101,1,8192,856210,1,0.855734,1634,,
beyin MR (Cheng),806,1,1,paket,0.0102646000450477,1,8192,856143,1,0.855734,4366,,
beyin MR (Cheng),807,1,1,paket,0.009897299925796688,1,8192,855267,1,0.855734,1142,,
beyin MR (Cheng),808,1,4,paket,0.009859699988737702,1,8192,855628,1,0.855734,2637,,
beyin MR (Cheng),809,1,4,paket,0.010980600025504827,1,8192,856045,1,0.855734,3086,,
beyin MR (Cheng),810,1,4,paket,0.010050500044599175,1,8192,856166,1,0.855734,3602,,
beyin MR (Cheng),811,1,0,paket,0.011456399923190475,1,8192,855293,1,0.855734,7501,,
beyin MR (Cheng),812,1,0,paket,0.010865199961699545,1,8192,855259,2,1.711468,9717,,
beyin MR (Cheng),813,1,0,paket,0.010018300032243133,1,8192,856042,2,1.711468,10477,,
beyin MR (Cheng),814,1,0,paket,0.010169300017878413,1,8192,854768,2,1.711468,11771,,
beyin MR (Cheng),815,1,0,paket,0.010405799956060946,1,8192,855326,2,1.711468,12108,,
beyin MR (Cheng),816,1,0,paket,0.011059900047257543,1,8192,856166,2,1.711468,8280,,
beyin MR (Cheng),817,1,0,paket,0.01036820001900196,1,8192,855677,1,0.855734,1228,,
beyin MR (Cheng),818,1,0,paket,0.010316499974578619,1,8192,855434,1,0.855734,2915,,
beyin MR (Cheng),819,1,0,paket,0.009846500004641712,1,8192,855577,1,0.855734,3000,,
beyin MR (Cheng),820,1,0,paket,0.010882100090384483,1,8192,854997,1,0.855734,1682,,
beyin MR (Cheng),821,1,4,paket,0.010737000033259392,1,8192,855932,1,0.855734,1356,,
beyin MR (Cheng),822,1,4,paket,0.010193199967034161,1,8192,855245,1,0.855734,2144,,
beyin MR (Cheng),823,1,4,paket,0.010311100049875677,1,8192,856047,2,1.711468,13571,,
beyin MR (Cheng),824,1,4,paket,0.01066770008765161,1,8192,854693,1,0.855734,3492,,
beyin MR (Cheng),825,1,4,paket,0.009877200005576015,1,8192,855341,1,0.855734,2530,,
beyin MR (Cheng),826,1,4,paket,0.01014589995611459,1,8192,856081,1,0.855734,1560,,
beyin MR (Cheng),827,1,3,paket,0.009991999948397279,1,8192,855827,1,0.855734,1161,,
beyin MR (Cheng),828,1,3,paket,0.010903600021265447,1,8192,855933,2,1.711468,9699,,
beyin MR (Cheng),829,1,3,paket,0.010744199971668422,1,8192,855316,1,0.855734,4728,,
beyin MR (Cheng),830,1,3,paket,0.011988200014457107,1,8192,856093,1,0.855734,5023,,
beyin MR (Cheng),831,1,3,paket,0.00992959993891418,1,8192,855273,1,0.855734,4296,,
beyin MR (Cheng),832,1,3,paket,0.01018169999588281,1,8192,856153,1,0.855734,2244,,
beyin MR (Cheng),833,1,0,paket,0.010201900033280253,1,8192,855934,1,0.855734,5538,,
beyin MR (Cheng),834,1,0,paket,0.010517099988646805,1,8192,854546,1,0.855734,7004,,
beyin MR (Cheng),835,1,0,paket,0.012326200027018785,1,8192,854600,1,0.855734,3418,,
beyin MR (Cheng),836,1,1,paket,0.010695400065742433,1,8192,855237,1,0.855734,1701,,
beyin MR (Cheng),837,1,1,paket,0.010807399987243116,1,8192,856114,1,0.855734,1818,,
beyin MR (Cheng),838,1,1,paket,0.010642000008374453,1,8192,854701,1,0.855734,1737,,
beyin MR (Cheng),839,1,2,paket,0.011450999998487532,1,8192,855274,1,0.855734,4015,,
beyin MR (Cheng),840,1,2,paket,0.01026760006789118,1,8192,855676,1,0.855734,2894,,
beyin MR (Cheng),841,1,2,paket,0.010363500099629164,1,8192,855250,1,0.855734,2594,,
beyin MR (Cheng),842,1,2,paket,0.009898300049826503,1,8192,855301,1,0.855734,1731,,
beyin MR (Cheng),843,1,2,paket,0.01065259997267276,1,8192,855192,1,0.855734,1838,,
beyin MR (Cheng),844,1,2,paket,0.011097399983555079,1,8192,855787,1,0.855734,1974,,
beyin MR (Cheng),845,1,4,paket,0.010735900024883449,1,8192,856090,1,0.855734,1134,,
beyin MR (Cheng),846,1,4,paket,0.010663900058716536,1,8192,855244,1,0.855734,3163,,
beyin MR (Cheng),847,1,4,paket,0.010302299982868135,1,8192,855294,1,0.855734,4734,,
beyin MR (Cheng),848,1,4,paket,0.010129500064067543,1,8192,855371,1,0.855734,7068,,
beyin MR (Cheng),849,1,4,paket,0.010299399960786104,1,8192,855263,1,0.855734,5780,,
beyin MR (Cheng),850,1,4,paket,0.011650600004941225,1,8192,856013,1,0.855734,2462,,
beyin MR (Cheng),851,1,4,paket,0.011496599996462464,1,8192,855683,1,0.855734,1523,,
beyin MR (Cheng),852,1,4,paket,0.010852000094018877,1,8192,855127,1,0.855734,4365,,
beyin MR (Cheng),853,1,4,paket,0.01073740003630519,1,8192,855767,1,0.855734,4542,,
beyin MR (Cheng),854,1,4,paket,0.010242599993944168,1,8192,855120,1,0.855734,5447,,
beyin MR (Cheng),855,1,4,paket,0.0157183000119403,1,8192,855948,1,0.855734,6096,,
beyin MR (Cheng),856,1,4,paket,0.011296700104139745,1,8192,856055,1,0.855734,5077,,
beyin MR (Cheng),857,1,4,paket,0.011007699999026954,1,8192,856046,1,0.855734,6362,,
beyin MR (Cheng),858,1,2,paket,0.010034899925813079,1,8192,855310,2,1.711468,12940,,
beyin MR (Cheng),859,1,2,paket,0.010316099971532822,1,8192,855211,3,2.567202,16798,,
beyin MR (Cheng),860,1,2,paket,0.009914499940350652,1,8192,855306,3,2.567202,20600,,
beyin MR (Cheng),861,1,2,paket,0.010213200002908707,1,8192,856260,3,2.567202,21080,,
beyin MR (Cheng),862,1,2,paket,0.009843999985605478,1,8192,855953,2,1.711468,15012,,
beyin MR (Cheng),863,1,2,paket,0.010220099939033389,1,8192,855695,2,1.711468,13782,,
beyin MR (Cheng),864,1,3,paket,0.010162300080992281,1,8192,855816,1,0.855734,6588,,
beyin MR (Cheng),865,1,3,paket,0.010699199978262186,1,8192,855281,2,1.711468,13084,,
beyin MR (Cheng),866,1,3,paket,0.010204700054600835,1,8192,855431,2,1.711468,13907,,
beyin MR (Cheng),867,1,3,paket,0.010265700053423643,1,8192,855899,3,2.567202,17868,,
beyin MR (Cheng),868,1,3,paket,0.010345599963329732,1,8192,855789,3,2.567202,19742,,
beyin MR (Cheng),869,1,2,paket,0.009985400014556944,1,8192,856072,1,0.855734,2015,,
beyin MR (Cheng),870,1,2,paket,0.01171210000757128,1,8192,855703,1,0.855734,3177,,
beyin MR (Cheng),871,1,2,paket,0.010190199944190681,1,8192,856121,1,0.855734,1090,,
beyin MR (Cheng),872,1,2,paket,0.009928500046953559,1,8192,855131,1,0.855734,3816,,
beyin MR (Cheng),873,1,2,paket,0.010264900047332048,1,8192,855677,1,0.855734,3428,,
beyin MR (Cheng),874,1,2,paket,0.010042499983683228,1,8192,856002,1,0.855734,4023,,
beyin MR (Cheng),875,1,2,paket,0.01023210003040731,1,8192,855325,1,0.855734,4684,,
beyin MR (Cheng),876,1,2,paket,0.010712899966165423,1,8192,855868,1,0.855734,5961,,
beyin MR (Cheng),877,1,2,paket,0.010274400003254414,1,8192,855139,1,0.855734,2563,,
beyin MR (Cheng),878,1,2,paket,0.010351000004447997,1,8192,855938,1,0.855734,1947,,
beyin MR (Cheng),879,1,2,paket,0.010140700032934546,1,8192,856250,1,0.855734,1383,,
beyin MR (Cheng),880,1,1,paket,0.010134299984201789,1,8192,855909,1,0.855734,1633,,
beyin MR (Cheng),881,1,1,paket,0.010838599991984665,1,8192,856135,1,0.855734,5549,,
beyin MR (Cheng),882,1,1,paket,0.010501199983991683,1,8192,855414,1,0.855734,5411,,
beyin MR (Cheng),883,1,1,paket,0.010866899974644184,1,8192,856076,1,0.855734,7017,,
beyin MR (Cheng),884,1,1,paket,0.010600700043141842,1,8192,856102,2,1.711468,8677,,
beyin MR (Cheng),885,1,1,paket,0.010788099956698716,1,8192,855537,2,1.711468,9188,,
beyin MR (Cheng),886,1,1,paket,0.011638700030744076,1,8192,856253,2,1.711468,8393,,
beyin MR (Cheng),887,1,4,paket,0.010023599956184626,1,8192,856177,1,0.855734,5951,,
beyin MR (Cheng),888,1,4,paket,0.011324799968861043,1,8192,855157,1,0.855734,4697,,
beyin MR (Cheng),889,1,4,paket,0.010071499971672893,1,8192,855082,1,0.855734,4665,,
beyin MR (Cheng),890,1,4,paket,0.0107240000506863,1,8192,855844,1,0.855734,3882,,
beyin MR (Cheng),891,1,2,paket,0.01006000000052154,1,8192,856167,1,0.855734,1700,,
beyin MR (Cheng),892,1,2,paket,0.009998399997130036,1,8192,856118,1,0.855734,1750,,
beyin MR (Cheng),893,1,2,paket,0.010113599942997098,1,8192,856242,1,0.855734,1455,,
beyin MR (Cheng),894,1,0,paket,0.010728699970059097,1,8192,855391,1,0.855734,1759,,
beyin MR (Cheng),895,1,0,paket,0.011040000012144446,1,8192,855338,1,0.855734,2485,,
beyin MR (Cheng),896,1,0,paket,0.009862900013104081,1,8192,856205,1,0.855734,1924,,
beyin MR (Cheng),897,1,0,paket,0.011646500090137124,1,8192,855905,2,1.711468,10239,,
beyin MR (Cheng),898,1,0,paket,0.010699599981307983,1,8192,855194,2,1.711468,8602,,
beyin MR (Cheng),899,1,0,paket,0.010843200027011335,1,8192,856087,2,1.711468,11541,,
beyin MR (Cheng),900,1,0,paket,0.010966200032271445,1,8192,855333,2,1.711468,10035,,
beyin MR (Cheng),901,1,0,paket,0.010488700005225837,1,8192,855364,2,1.711468,10133,,
beyin MR (Cheng),902,1,0,paket,0.010603299946524203,1,8192,856083,2,1.711468,9532,,
beyin MR (Cheng),903,1,4,paket,0.010797400027513504,1,8192,856141,1,0.855734,3649,,
beyin MR (Cheng),904,1,4,paket,0.010188500047661364,1,8192,855502,1,0.855734,7310,,
beyin MR (Cheng),905,1,4,paket,0.01006020000204444,1,8192,855003,2,1.711468,13073,,
beyin MR (Cheng),906,1,4,paket,0.010697399964556098,1,8192,855218,2,1.711468,13816,,
beyin MR (Cheng),907,1,0,paket,0.010674300021491945,1,8192,855591,2,1.711468,16052,,
beyin MR (Cheng),908,1,0,paket,0.01043200003914535,1,8192,855700,3,2.567202,18105,,
beyin MR (Cheng),909,1,0,paket,0.010883099981583655,1,8192,855453,2,1.711468,12769,,
beyin MR (Cheng),910,1,0,paket,0.010176699957810342,1,8192,856186,2,1.711468,15247,,
beyin MR (Cheng),911,1,2,paket,0.010699600097723305,1,8192,856082,1,0.855734,1221,,
beyin MR (Cheng),912,1,2,paket,0.010089499992318451,1,8192,854394,1,0.855734,4734,,
beyin MR (Cheng),913,1,2,paket,0.010466699954122305,1,8192,855272,1,0.855734,4557,,
beyin MR (Cheng),914,1,2,paket,0.010216300026513636,1,8192,856046,2,1.711468,8397,,
beyin MR (Cheng),915,1,2,paket,0.010298100067302585,1,8192,855274,2,1.711468,8575,,
beyin MR (Cheng),916,1,2,paket,0.01013419998344034,1,8192,855328,2,1.711468,9748,,
beyin MR (Cheng),917,2,0,paket,0.010373800061643124,1,8192,855729,1,0.855734,1055,,
beyin MR (Cheng),918,2,0,paket,0.010033000027760863,1,8192,855271,1,0.855734,752,,
beyin MR (Cheng),919,2,0,paket,0.010482499958015978,1,8192,855970,1,0.855734,1049,,
beyin MR (Cheng),920,2,0,paket,0.010231199907138944,1,8192,855227,1,0.855734,825,,
beyin MR (Cheng),921,2,0,paket,0.0103235999122262,1,8192,855717,1,0.855734,3409,,
beyin MR (Cheng),922,2,0,paket,0.010527099948376417,1,8192,855315,1,0.855734,3693,,
beyin MR (Cheng),923,2,0,paket,0.011118099908344448,1,8192,856151,1,0.855734,3594,,
beyin MR (Cheng),924,2,0,paket,0.01001000008545816,1,8192,855280,1,0.855734,2576,,
beyin MR (Cheng),925,2,0,paket,0.010254899971187115,1,8192,855924,1,0.855734,1317,,
beyin MR (Cheng),926,2,0,paket,0.010076100006699562,1,8192,855693,1,0.855734,1972,,
beyin MR (Cheng),927,2,0,paket,0.010981100029312074,1,8192,856191,1,0.855734,2007,,
beyin MR (Cheng),928,2,0,paket,0.010287299985066056,1,8192,856036,1,0.855734,1654,,
beyin MR (Cheng),929,2,0,paket,0.010311599937267601,1,8192,855613,1,0.855734,1521,,
beyin MR (Cheng),930,2,0,paket,0.010736699914559722,1,8192,855216,1,0.855734,1238,,
beyin MR (Cheng),931,2,0,paket,0.01002589997369796,1,8192,855120,1,0.855734,888,,
beyin MR (Cheng),932,2,4,paket,0.00990609999280423,1,8192,856180,1,0.855734,3763,,
beyin MR (Cheng),933,2,4,paket,0.011211900040507317,1,8192,856158,1,0.855734,4096,,
beyin MR (Cheng),934,2,4,paket,0.010195900104008615,1,8192,856037,1,0.855734,3874,,
beyin MR (Cheng),935,2,4,paket,0.014365899958647788,1,8192,855633,1,0.855734,3431,,
beyin MR (Cheng),936,2,4,paket,0.010448699933476746,1,8192,855369,1,0.855734,3136,,
beyin MR (Cheng),937,2,4,paket,0.011338000069372356,1,8192,856297,1,0.855734,2382,,
beyin MR (Cheng),938,2,1,paket,0.009964999975636601,1,8192,855261,1,0.855734,1844,,
beyin MR (Cheng),939,2,1,paket,0.010290800011716783,1,8192,855770,1,0.855734,2130,,
beyin MR (Cheng),940,2,1,paket,0.009994300082325935,1,8192,855266,1,0.855734,2295,,
beyin MR (Cheng),941,2,1,paket,0.010164599982090294,1,8192,855270,1,0.855734,2193,,
beyin MR (Cheng),942,2,1,paket,0.010603999951854348,1,8192,856014,1,0.855734,1596,,
beyin MR (Cheng),943,2,1,paket,0.010234100045636296,1,8192,855211,1,0.855734,1263,,
beyin MR (Cheng),944,2,1,paket,0.010771899949759245,1,8192,856206,1,0.855734,941,,
beyin MR (Cheng),945,2,1,paket,0.012081400025635958,1,8192,855261,1,0.855734,1409,,
beyin MR (Cheng),946,2,1,paket,0.01041539991274476,1,8192,856154,1,0.855734,1988,,
beyin MR (Cheng),947,2,1,paket,0.011137499939650297,1,8192,856081,1,0.855734,2442,,
beyin MR (Cheng),948,2,1,paket,0.010200399905443192,1,8192,855215,1,0.855734,1390,,
beyin MR (Cheng),949,2,3,paket,0.01044949993956834,1,8192,855311,1,0.855734,1130,,
beyin MR (Cheng),950,2,3,paket,0.01071370008867234,1,8192,856145,1,0.855734,1928,,
beyin MR (Cheng),951,2,3,paket,0.010199800017289817,1,8192,856214,1,0.855734,1472,,
beyin MR (Cheng),952,2,3,paket,0.011274800053797662,1,8192,855487,1,0.855734,848,,
beyin MR (Cheng),953,2,3,paket,0.014477199991233647,1,8192,855000,1,0.855734,660,,
beyin MR (Cheng),954,2,4,paket,0.010629099910147488,1,8192,855263,1,0.855734,274,,
beyin MR (Cheng),955,2,4,paket,0.010102799977175891,1,8192,856101,1,0.855734,492,,
beyin MR (Cheng),956,2,4,paket,0.009912500041536987,1,8192,855662,1,0.855734,522,,
beyin MR (Cheng),957,2,2,paket,0.010043299989774823,1,8192,855191,1,0.855734,1793,,
beyin MR (Cheng),958,2,2,paket,0.0105532999150455,1,8192,855862,1,0.855734,1694,,
beyin MR (Cheng),959,2,2,paket,0.010298899956978858,1,8192,855958,1,0.855734,2069,,
beyin MR (Cheng),960,2,2,paket,0.009884300059638917,1,8192,855916,1,0.855734,2087,,
beyin MR (Cheng),961,2,3,paket,0.012358800042420626,1,8192,855963,1,0.855734,1447,,
beyin MR (Cheng),962,2,3,paket,0.010535799898207188,1,8192,855241,1,0.855734,1533,,
beyin MR (Cheng),963,2,3,paket,0.010118099977262318,1,8192,856112,1,0.855734,1758,,
beyin MR (Cheng),964,2,3,paket,0.009940999909304082,1,8192,856136,1,0.855734,621,,
beyin MR (Cheng),965,2,0,paket,0.009901300072669983,1,8192,856164,1,0.855734,1846,,
beyin MR (Cheng),966,2,0,paket,0.010747199994511902,1,8192,855958,1,0.855734,1943,,
beyin MR (Cheng),967,2,0,paket,0.010847299941815436,1,8192,856063,1,0.855734,3189,,
beyin MR (Cheng),968,2,0,paket,0.010111100040376186,1,8192,854775,1,0.855734,2594,,
beyin MR (Cheng),969,2,0,paket,0.010427800007164478,1,8192,856193,1,0.855734,1385,,
beyin MR (Cheng),970,2,0,paket,0.010095200035721064,1,8192,855336,1,0.855734,846,,
beyin MR (Cheng),971,2,1,paket,0.011203099973499775,1,8192,856044,1,0.855734,806,,
beyin MR (Cheng),972,2,1,paket,0.010098500060848892,1,8192,855684,1,0.855734,1126,,
beyin MR (Cheng),973,2,2,paket,0.011141799972392619,1,8192,856068,1,0.855734,509,,
beyin MR (Cheng),974,2,2,paket,0.010364499990828335,1,8192,856141,1,0.855734,1784,,
beyin MR (Cheng),975,2,3,paket,0.009903700090944767,1,8192,854758,1,0.855734,2098,,
beyin MR (Cheng),976,2,3,paket,0.01044519990682602,1,8192,855184,1,0.855734,1452,,
beyin MR (Cheng),977,2,3,paket,0.010846600052900612,1,8192,855253,1,0.855734,1319,,
beyin MR (Cheng),978,2,3,paket,0.01000969996675849,1,8192,855242,1,0.855734,2258,,
beyin MR (Cheng),979,2,4,paket,0.010398100013844669,1,8192,856072,1,0.855734,1485,,
beyin MR (Cheng),980,2,4,paket,0.01002909999806434,1,8192,855171,1,0.855734,2980,,
beyin MR (Cheng),981,2,4,paket,0.010579499998129904,1,8192,855526,1,0.855734,3601,,
beyin MR (Cheng),982,2,4,paket,0.009942099917680025,1,8192,856060,1,0.855734,1592,,
beyin MR (Cheng),983,2,4,paket,0.010031700017862022,1,8192,855124,1,0.855734,1351,,
beyin MR (Cheng),984,2,4,paket,0.011904099956154823,1,8192,856140,1,0.855734,1493,,
beyin MR (Cheng),985,2,2,paket,0.009964799974113703,1,8192,856089,1,0.855734,1081,,
beyin MR (Cheng),986,2,2,paket,0.010274000000208616,1,8192,855338,1,0.855734,1386,,
beyin MR (Cheng),987,2,2,paket,0.010133100091479719,1,8192,856164,1,0.855734,1613,,
beyin MR (Cheng),988,2,2,paket,0.010787900071591139,1,8192,855411,1,0.855734,1476,,
beyin MR (Cheng),989,2,4,paket,0.010049100033938885,1,8192,855324,1,0.855734,1894,,
beyin MR (Cheng),990,2,4,paket,0.010527400067076087,1,8192,855413,1,0.855734,1581,,
beyin MR (Cheng),991,2,4,paket,0.009949799976311624,1,8192,855250,1,0.855734,1238,,
beyin MR (Cheng),992,2,4,paket,0.01097440009471029,1,8192,855630,1,0.855734,1215,,
beyin MR (Cheng),993,2,1,paket,0.010254799970425665,1,8192,855289,1,0.855734,2585,,
beyin MR (Cheng),994,2,1,paket,0.009870899957604706,1,8192,855496,1,0.855734,3399,,
beyin MR (Cheng),995,2,1,paket,0.010109299910254776,1,8192,855763,1,0.855734,2584,,
beyin MR (Cheng),996,2,1,paket,0.010294499923475087,1,8192,855534,1,0.855734,1600,,
beyin MR (Cheng),997,2,1,paket,0.010010199970565736,1,8192,856255,1,0.855734,1470,,
beyin MR (Cheng),998,2,1,paket,0.010316099971532822,1,8192,855825,1,0.855734,1465,,
beyin MR (Cheng),999,2,1,paket,0.011223700013943017,1,8192,855853,1,0.855734,1542,,
beyin MR (Cheng),1000,2,1,paket,0.010518199997022748,1,8192,855727,1,0.855734,1757,,
beyin MR (Cheng),1001,2,1,paket,0.009937499999068677,1,8192,856257,1,0.855734,1394,,
beyin MR (Cheng),1002,2,1,paket,0.010036799940280616,1,8192,855977,1,0.855734,1617,,
beyin MR (Cheng),1003,2,1,paket,0.010103399981744587,1,8192,856193,1,0.855734,1457,,
beyin MR (Cheng),1004,2,1,paket,0.012190300039947033,1,8192,856140,1,0.855734,1166,,
beyin MR (Cheng),1005,2,3,paket,0.010356900049373507,1,8192,855802,1,0.855734,1528,,
beyin MR (Cheng),1006,2,3,paket,0.009970399900339544,1,8192,855491,1,0.855734,1399,,
beyin MR (Cheng),1007,2,3,paket,0.010234200046397746,1,8192,855888,1,0.855734,2065,,
beyin MR (Cheng),1008,2,3,paket,0.010153800016269088,1,8192,855887,1,0.855734,1501,,
beyin MR (Cheng),1009,2,0,paket,0.010043299989774823,1,8192,855954,1,0.855734,1208,,
beyin MR (Cheng),1010,2,0,paket,0.0103506000014022,1,8192,856138,1,0.855734,1337,,
beyin MR (Cheng),1011,2,0,paket,0.010403300053440034,1,8192,856133,1,0.855734,1374,,
beyin MR (Cheng),1012,2,4,paket,0.010204100050032139,1,8192,855090,1,0.855734,1161,,
beyin MR (Cheng),1013,2,4,paket,0.010137700010091066,1,8192,855676,1,0.855734,1295,,
beyin MR (Cheng),1014,2,2,paket,0.009993900079280138,1,8192,855307,1,0.855734,1878,,
beyin MR (Cheng),1015,2,2,paket,0.00997989997267723,1,8192,855277,1,0.855734,1619,,
beyin MR (Cheng),1016,2,2,paket,0.011414800072088838,1,8192,855106,1,0.855734,1652,,
beyin MR (Cheng),1017,2,3,paket,0.010709499940276146,1,8192,855832,1,0.855734,2521,,
beyin MR (Cheng),1018,2,3,paket,0.009935999987646937,1,8192,855243,1,0.855734,3112,,
beyin MR (Cheng),1019,2,3,paket,0.01006739994045347,1,8192,856298,1,0.855734,3207,,
beyin MR (Cheng),1020,2,4,paket,0.010495200054720044,1,8192,856219,1,0.855734,4938,,
beyin MR (Cheng),1021,2,4,paket,0.010152700007893145,1,8192,855301,1,0.855734,3610,,
beyin MR (Cheng),1022,2,4,paket,0.010557700064964592,1,8192,856086,1,0.855734,3635,,
beyin MR (Cheng),1023,2,4,paket,0.010076899896375835,1,8192,855226,1,0.855734,2005,,
beyin MR (Cheng),1024,2,3,paket,0.010343400062993169,1,8192,855895,1,0.855734,1623,,
beyin MR (Cheng),1025,2,3,paket,0.01120079995598644,1,8192,855280,1,0.855734,1964,,
beyin MR (Cheng),1026,2,3,paket,0.010222200071439147,1,8192,855778,1,0.855734,2091,,
beyin MR (Cheng),1027,2,3,paket,0.009889899985864758,1,8192,856224,1,0.855734,899,,
beyin MR (Cheng),1028,2,3,paket,0.00994889996945858,1,8192,855121,1,0.855734,455,,
beyin MR (Cheng),1029,2,1,paket,0.010873000021092594,1,8192,856105,1,0.855734,2026,,
beyin MR (Cheng),1030,2,1,paket,0.01007339998614043,1,8192,855636,1,0.855734,2834,,
beyin MR (Cheng),1031,2,1,paket,0.010705200023949146,1,8192,855491,1,0.855734,2678,,
beyin MR (Cheng),1032,2,1,paket,0.010057299979962409,1,8192,855284,1,0.855734,2315,,
beyin MR (Cheng),1033,2,0,paket,0.010784500045701861,1,8192,855390,1,0.855734,437,,
beyin MR (Cheng),1034,2,0,paket,0.009866500040516257,1,8192,855299,1,0.855734,3632,,
beyin MR (Cheng),1035,2,0,paket,0.00992949993815273,1,8192,855366,1,0.855734,5273,,
beyin MR (Cheng),1036,2,0,paket,0.010230100015178323,1,8192,854857,1,0.855734,5707,,
beyin MR (Cheng),1037,2,0,paket,0.010346799972467124,1,8192,855827,1,0.855734,5362,,
beyin MR (Cheng),1038,2,0,paket,0.010026899981312454,1,8192,855384,1,0.855734,4626,,
beyin MR (Cheng),1039,2,0,paket,0.011653400026261806,1,8192,855989,1,0.855734,4153,,
beyin MR (Cheng),1040,2,0,paket,0.010245100012980402,1,8192,855318,1,0.855734,1718,,
beyin MR (Cheng),1041,2,0,paket,0.010034400038421154,1,8192,855298,1,0.855734,2486,,
beyin MR (Cheng),1042,2,0,paket,0.010086499969474971,1,8192,856070,1,0.855734,2958,,
beyin MR (Cheng),1043,2,0,paket,0.009954000008292496,1,8192,856171,1,0.855734,3024,,
beyin MR (Cheng),1044,2,0,paket,0.010462299920618534,1,8192,855593,1,0.855734,2793,,
beyin MR (Cheng),1045,2,0,paket,0.01150459994096309,1,8192,855434,1,0.855734,2724,,
beyin MR (Cheng),1046,2,4,paket,0.010244700009934604,1,8192,855338,1,0.855734,4005,,
beyin MR (Cheng),1047,2,4,paket,0.010565999895334244,1,8192,856093,1,0.855734,5300,,
beyin MR (Cheng),1048,2,4,paket,0.01105870003812015,1,8192,855412,1,0.855734,6757,,
beyin MR (Cheng),1049,2,4,paket,0.009783499990589917,1,8192,855565,1,0.855734,7282,,
beyin MR (Cheng),1050,2,4,paket,0.011256600031629205,1,8192,856021,1,0.855734,6520,,
beyin MR (Cheng),1051,2,4,paket,0.010882300091907382,1,8192,856138,1,0.855734,5489,,
beyin MR (Cheng),1052,2,4,paket,0.009891800000332296,1,8192,855758,1,0.855734,3494,,
beyin MR (Cheng),1053,2,1,paket,0.01028829999268055,1,8192,856009,1,0.855734,3366,,
beyin MR (Cheng),1054,2,1,paket,0.010813800035975873,1,8192,855292,1,0.855734,3474,,
beyin MR (Cheng),1055,2,1,paket,0.011827400070615113,1,8192,855558,1,0.855734,5154,,
beyin MR (Cheng),1056,2,1,paket,0.010100100073032081,1,8192,856194,1,0.855734,3567,,
beyin MR (Cheng),1057,2,1,paket,0.010066400049254298,1,8192,856122,1,0.855734,1665,,
beyin MR (Cheng),1058,2,1,paket,0.011646099970676005,1,8192,855300,1,0.855734,3652,,
beyin MR (Cheng),1059,2,1,paket,0.009972200030460954,1,8192,855251,1,0.855734,3619,,
beyin MR (Cheng),1060,2,1,paket,0.010305200004950166,1,8192,854400,1,0.855734,1709,,
beyin MR (Cheng),1061,2,1,paket,0.00995049998164177,1,8192,855878,1,0.855734,2459,,
beyin MR (Cheng),1062,2,1,paket,0.010337800020352006,1,8192,856004,1,0.855734,2639,,
beyin MR (Cheng),1063,2,1,paket,0.009999799891375005,1,8192,856051,1,0.855734,498,,
beyin MR (Cheng),1064,2,3,paket,0.01004840002860874,1,8192,855987,1,0.855734,1834,,
beyin MR (Cheng),1065,2,3,paket,0.010090199997648597,1,8192,855965,1,0.855734,1894,,
beyin MR (Cheng),1066,2,3,paket,0.010630400036461651,1,8192,855518,1,0.855734,1832,,
beyin MR (Cheng),1067,2,3,paket,0.01015960006043315,1,8192,855273,1,0.855734,951,,
beyin MR (Cheng),1068,2,3,paket,0.009961100062355399,1,8192,855245,1,0.855734,1614,,
beyin MR (Cheng),1069,2,4,paket,0.010369400028139353,1,8192,855979,1,0.855734,285,,
beyin MR (Cheng),1070,2,4,paket,0.010379699990153313,1,8192,855391,1,0.855734,330,,
beyin MR (Cheng),1071,2,4,paket,0.010996900033205748,1,8192,855220,1,0.855734,341,,
beyin MR (Cheng),1072,2,4,paket,0.010325900046154857,1,8192,855135,1,0.855734,362,,
beyin MR (Cheng),1073,2,4,paket,0.012553000007756054,1,8192,855754,1,0.855734,1496,,
beyin MR (Cheng),1074,2,4,paket,0.010099799954332411,1,8192,855402,1,0.855734,1770,,
beyin MR (Cheng),1075,2,4,paket,0.012862199917435646,1,8192,855478,1,0.855734,1917,,
beyin MR (Cheng),1076,2,2,paket,0.0102453000145033,1,8192,856054,1,0.855734,1333,,
beyin MR (Cheng),1077,2,2,paket,0.009936299989931285,1,8192,856026,1,0.855734,3952,,
beyin MR (Cheng),1078,2,2,paket,0.01059339998755604,1,8192,856018,1,0.855734,4198,,
beyin MR (Cheng),1079,2,2,paket,0.010331699973903596,1,8192,856344,1,0.855734,4734,,
beyin MR (Cheng),1080,2,2,paket,0.010320200002752244,1,8192,856153,1,0.855734,4828,,
beyin MR (Cheng),1081,2,2,paket,0.011466700001619756,1,8192,855860,1,0.855734,1009,,
beyin MR (Cheng),1082,2,3,paket,0.010425499989651144,1,8192,855918,1,0.855734,1994,,
beyin MR (Cheng),1083,2,3,paket,0.010370000032708049,1,8192,855339,1,0.855734,1331,,
beyin MR (Cheng),1084,2,3,paket,0.010047399904578924,1,8192,855535,1,0.855734,1851,,
beyin MR (Cheng),1085,2,3,paket,0.011405900004319847,1,8192,855850,1,0.855734,959,,
beyin MR (Cheng),1086,2,3,paket,0.011126999976113439,1,8192,855672,1,0.855734,4563,,
beyin MR (Cheng),1087,2,0,paket,0.010024099959991872,1,8192,856105,1,0.855734,3816,,
beyin MR (Cheng),1088,2,0,paket,0.010798800038173795,1,8192,855372,1,0.855734,4128,,
beyin MR (Cheng),1089,2,0,paket,0.010311300051398575,1,8192,856326,1,0.855734,4345,,
beyin MR (Cheng),1090,2,0,paket,0.01185600005555898,1,8192,855778,1,0.855734,4315,,
beyin MR (Cheng),1091,2,0,paket,0.010269899968989193,1,8192,855416,1,0.855734,2820,,
beyin MR (Cheng),1092,2,0,paket,0.013352499925531447,1,8192,855234,1,0.855734,2022,,
beyin MR (Cheng),1093,2,1,paket,0.010408599977381527,1,8192,856233,1,0.855734,1508,,
beyin MR (Cheng),1094,2,1,paket,0.011234299978241324,1,8192,856181,1,0.855734,1912,,
beyin MR (Cheng),1095,2,1,paket,0.010100799961946905,1,8192,856134,1,0.855734,1954,,
beyin MR (Cheng),1096,2,1,paket,0.010035500046797097,1,8192,855277,1,0.855734,1338,,
beyin MR (Cheng),1097,2,1,paket,0.01056260010227561,1,8192,856153,1,0.855734,1579,,
beyin MR (Cheng),1098,2,1,paket,0.01054170005954802,1,8192,856074,1,0.855734,4607,,
beyin MR (Cheng),1099,2,2,paket,0.010664699948392808,1,8192,856114,1,0.855734,996,,
beyin MR (Cheng),1100,2,2,paket,0.013436999986879528,1,8192,855485,1,0.855734,873,,
beyin MR (Cheng),1101,2,2,paket,0.010027799988165498,1,8192,855293,1,0.855734,1313,,
beyin MR (Cheng),1102,2,2,paket,0.009956200025044382,1,8192,855737,1,0.855734,3576,,
beyin MR (Cheng),1103,2,2,paket,0.011294799973256886,1,8192,855445,1,0.855734,6302,,
beyin MR (Cheng),1104,2,2,paket,0.009902299963869154,1,8192,855358,1,0.855734,7021,,
beyin MR (Cheng),1105,2,2,paket,0.011387099977582693,1,8192,855253,1,0.855734,6083,,
beyin MR (Cheng),1106,2,3,paket,0.010048899916000664,1,8192,855075,1,0.855734,1653,,
beyin MR (Cheng),1107,2,3,paket,0.011507400078698993,1,8192,855933,1,0.855734,1552,,
beyin MR (Cheng),1108,2,3,paket,0.010852999985218048,1,8192,856139,1,0.855734,1698,,
beyin MR (Cheng),1109,2,3,paket,0.010332300094887614,1,8192,855246,1,0.855734,1989,,
beyin MR (Cheng),1110,2,3,paket,0.010329000069759786,1,8192,856169,1,0.855734,2171,,
beyin MR (Cheng),1111,2,4,paket,0.01077419996727258,1,8192,855237,1,0.855734,2314,,
beyin MR (Cheng),1112,2,4,paket,0.010096800047904253,1,8192,856053,1,0.855734,1724,,
beyin MR (Cheng),1113,2,4,paket,0.010538600035943091,1,8192,855322,1,0.855734,2713,,
beyin MR (Cheng),1114,2,4,paket,0.010152200004085898,1,8192,856178,1,0.855734,539,,
beyin MR (Cheng),1115,2,4,paket,0.010901300003752112,1,8192,856079,1,0.855734,1053,,
beyin MR (Cheng),1116,2,4,paket,0.009961500065401196,1,8192,855001,1,0.855734,589,,
beyin MR (Cheng),1117,2,2,paket,0.009806200047023594,1,8192,855308,1,0.855734,1794,,
beyin MR (Cheng),1118,2,2,paket,0.010978400008752942,1,8192,856145,1,0.855734,2354,,
beyin MR (Cheng),1119,2,2,paket,0.009982699993997812,1,8192,855412,1,0.855734,2324,,
beyin MR (Cheng),1120,2,2,paket,0.01063789997715503,1,8192,854969,1,0.855734,739,,
beyin MR (Cheng),1121,2,2,paket,0.01060110004618764,1,8192,855372,1,0.855734,2592,,
beyin MR (Cheng),1122,2,2,paket,0.010085699963383377,1,8192,856029,1,0.855734,2131,,
beyin MR (Cheng),1123,2,4,paket,0.010719100013375282,1,8192,856084,1,0.855734,2360,,
beyin MR (Cheng),1124,2,4,paket,0.010195299983024597,1,8192,856156,1,0.855734,2641,,
beyin MR (Cheng),1125,2,4,paket,0.009875399991869926,1,8192,856078,1,0.855734,2264,,
beyin MR (Cheng),1126,2,4,paket,0.009884799947030842,1,8192,855579,1,0.855734,2081,,
beyin MR (Cheng),1127,2,4,paket,0.009779300075024366,1,8192,855324,1,0.855734,2000,,
beyin MR (Cheng),1128,2,1,paket,0.009989999933168292,1,8192,855795,1,0.855734,2296,,
beyin MR (Cheng),1129,2,1,paket,0.010708299931138754,1,8192,855932,1,0.855734,3540,,
beyin MR (Cheng),1130,2,1,paket,0.009965699980966747,1,8192,855979,1,0.855734,3970,,
beyin MR (Cheng),1131,2,1,paket,0.010004800045862794,1,8192,855178,1,0.855734,2907,,
beyin MR (Cheng),1132,2,1,paket,0.010102200089022517,1,8192,855636,1,0.855734,2497,,
beyin MR (Cheng),1133,2,1,paket,0.012528099934570491,1,8192,856028,1,0.855734,1421,,
beyin MR (Cheng),1134,2,1,paket,0.011679199989885092,1,8192,855860,1,0.855734,1799,,
beyin MR (Cheng),1135,2,1,paket,0.010053199948742986,1,8192,856018,1,0.855734,2011,,
beyin MR (Cheng),1136,2,1,paket,0.010086000082083046,1,8192,856089,1,0.855734,2220,,
beyin MR (Cheng),1137,2,1,paket,0.010133099975064397,1,8192,856024,1,0.855734,1241,,
beyin MR (Cheng),1138,2,1,paket,0.01014579995535314,1,8192,855925,1,0.855734,1532,,
beyin MR (Cheng),1139,2,1,paket,0.010845399927347898,1,8192,855963,1,0.855734,1791,,
beyin MR (Cheng),1140,2,1,paket,0.010052299941889942,1,8192,855322,1,0.855734,1966,,
beyin MR (Cheng),1141,2,1,paket,0.010721299913711846,1,8192,855995,1,0.855734,1373,,
beyin MR (Cheng),1142,2,1,paket,0.010911700082942843,1,8192,855241,1,0.855734,2788,,
beyin MR (Cheng),1143,2,3,paket,0.00999940000474453,1,8192,856185,1,0.855734,1759,,
beyin MR (Cheng),1144,2,3,paket,0.009977799956686795,1,8192,856201,1,0.855734,2163,,
beyin MR (Cheng),1145,2,3,paket,0.010291100014001131,1,8192,855249,1,0.855734,2170,,
beyin MR (Cheng),1146,2,3,paket,0.01087800005916506,1,8192,856020,1,0.855734,1763,,
beyin MR (Cheng),1147,2,0,paket,0.010390999959781766,1,8192,855139,1,0.855734,1554,,
beyin MR (Cheng),1148,2,0,paket,0.010053599951788783,1,8192,856159,1,0.855734,1511,,
beyin MR (Cheng),1149,2,0,paket,0.012662700028158724,1,8192,855246,1,0.855734,1052,,
beyin MR (Cheng),1150,2,4,paket,0.009968099999241531,1,8192,856118,1,0.855734,1075,,
beyin MR (Cheng),1151,2,4,paket,0.00997430004645139,1,8192,854419,1,0.855734,1078,,
beyin MR (Cheng),1152,2,4,paket,0.009865200030617416,1,8192,855192,1,0.855734,1948,,
beyin MR (Cheng),1153,2,2,paket,0.01094459998421371,1,8192,855397,1,0.855734,1855,,
beyin MR (Cheng),1154,2,2,paket,0.01012830005493015,1,8192,856225,1,0.855734,1831,,
beyin MR (Cheng),1155,2,2,paket,0.010506499907933176,1,8192,856073,1,0.855734,1880,,
beyin MR (Cheng),1156,2,3,paket,0.010244400007650256,1,8192,855806,1,0.855734,2545,,
beyin MR (Cheng),1157,2,3,paket,0.010096399928443134,1,8192,855863,1,0.855734,4289,,
beyin MR (Cheng),1158,2,3,paket,0.012245699996128678,1,8192,855231,1,0.855734,4177,,
beyin MR (Cheng),1159,2,3,paket,0.010597800021059811,1,8192,855167,1,0.855734,2548,,
beyin MR (Cheng),1160,2,4,paket,0.010349799995310605,1,8192,854502,1,0.855734,3201,,
beyin MR (Cheng),1161,2,4,paket,0.010333599988371134,1,8192,855302,1,0.855734,4047,,
beyin MR (Cheng),1162,2,4,paket,0.010755400056950748,1,8192,855982,1,0.855734,4380,,
beyin MR (Cheng),1163,2,4,paket,0.010279200039803982,1,8192,856221,1,0.855734,6072,,
beyin MR (Cheng),1164,2,4,paket,0.010259400005452335,1,8192,855551,1,0.855734,5292,,
beyin MR (Cheng),1165,2,0,paket,0.010908300057053566,1,8192,855640,1,0.855734,1213,,
beyin MR (Cheng),1166,2,0,paket,0.010230100015178323,1,8192,855681,1,0.855734,1204,,
beyin MR (Cheng),1167,2,0,paket,0.010932200006209314,1,8192,855591,1,0.855734,1073,,
beyin MR (Cheng),1168,2,0,paket,0.010094799916259944,1,8192,855892,1,0.855734,3637,,
beyin MR (Cheng),1169,2,0,paket,0.010697499965317547,1,8192,856215,1,0.855734,4301,,
beyin MR (Cheng),1170,2,0,paket,0.01026020001154393,1,8192,855229,1,0.855734,5152,,
beyin MR (Cheng),1171,2,0,paket,0.010198700008913875,1,8192,855496,1,0.855734,5111,,
beyin MR (Cheng),1172,2,0,paket,0.01023040001746267,1,8192,854631,1,0.855734,4883,,
beyin MR (Cheng),1173,2,0,paket,0.010466399951837957,1,8192,855432,1,0.855734,4303,,
beyin MR (Cheng),1174,2,0,paket,0.010143800056539476,1,8192,855258,1,0.855734,2273,,
beyin MR (Cheng),1175,2,0,paket,0.009945199941284955,1,8192,856010,1,0.855734,891,,
beyin MR (Cheng),1176,2,0,paket,0.010329199954867363,1,8192,856064,1,0.855734,2285,,
beyin MR (Cheng),1177,2,0,paket,0.009998800000175834,1,8192,856285,1,0.855734,2688,,
beyin MR (Cheng),1178,2,0,paket,0.011409400030970573,1,8192,856221,1,0.855734,2504,,
beyin MR (Cheng),1179,2,0,paket,0.010013899998739362,1,8192,855337,1,0.855734,1866,,
beyin MR (Cheng),1180,2,0,paket,0.010181299992837012,1,8192,855303,1,0.855734,1074,,
beyin MR (Cheng),1181,2,4,paket,0.009786600014194846,1,8192,854814,1,0.855734,1893,,
beyin MR (Cheng),1182,2,4,paket,0.011110999970696867,1,8192,855347,1,0.855734,3970,,
beyin MR (Cheng),1183,2,4,paket,0.010031800018623471,1,8192,855323,1,0.855734,4509,,
beyin MR (Cheng),1184,2,4,paket,0.012082100030966103,1,8192,856133,1,0.855734,5228,,
beyin MR (Cheng),1185,2,4,paket,0.010073199984617531,1,8192,855493,1,0.855734,5531,,
beyin MR (Cheng),1186,2,4,paket,0.010145000065676868,1,8192,856008,1,0.855734,5089,,
beyin MR (Cheng),1187,2,4,paket,0.010751000023446977,1,8192,855319,1,0.855734,4264,,
beyin MR (Cheng),1188,2,1,paket,0.010258199996314943,1,8192,855423,1,0.855734,1222,,
beyin MR (Cheng),1189,2,1,paket,0.010379400104284286,1,8192,855261,1,0.855734,3097,,
beyin MR (Cheng),1190,2,1,paket,0.00980380002874881,1,8192,855830,1,0.855734,2306,,
beyin MR (Cheng),1191,2,1,paket,0.009980499977245927,1,8192,855651,1,0.855734,2420,,
beyin MR (Cheng),1192,2,1,paket,0.010319599998183548,1,8192,855520,1,0.855734,2159,,
beyin MR (Cheng),1193,2,1,paket,0.010713599971495569,1,8192,855811,1,0.855734,1359,,
beyin MR (Cheng),1194,2,1,paket,0.011015100055374205,1,8192,856103,1,0.855734,1511,,
beyin MR (Cheng),1195,2,1,paket,0.010566100012511015,1,8192,856033,1,0.855734,1699,,
beyin MR (Cheng),1196,2,1,paket,0.010403199936263263,1,8192,855385,1,0.855734,1647,,
beyin MR (Cheng),1197,2,3,paket,0.010838899994269013,1,8192,855223,1,0.855734,851,,
beyin MR (Cheng),1198,2,3,paket,0.009979799971915781,1,8192,855970,1,0.855734,1125,,
beyin MR (Cheng),1199,2,3,paket,0.010635299957357347,1,8192,855851,1,0.855734,1408,,
beyin MR (Cheng),1200,2,3,paket,0.010227199993096292,1,8192,855990,1,0.855734,1186,,
beyin MR (Cheng),1201,2,3,paket,0.010058299987576902,1,8192,856169,1,0.855734,1103,,
beyin MR (Cheng),1202,2,4,paket,0.011344300000928342,1,8192,854961,1,0.855734,229,,
beyin MR (Cheng),1203,2,4,paket,0.010046900017187,1,8192,856224,1,0.855734,246,,
beyin MR (Cheng),1204,2,4,paket,0.010511499946005642,1,8192,855920,1,0.855734,236,,
beyin MR (Cheng),1205,2,4,paket,0.010581300011835992,1,8192,856100,1,0.855734,184,,
beyin MR (Cheng),1206,2,4,paket,0.01003040000796318,1,8192,856099,1,0.855734,163,,
beyin MR (Cheng),1207,2,2,paket,0.012859100010246038,1,8192,855630,1,0.855734,1335,,
beyin MR (Cheng),1208,2,2,paket,0.010664000059477985,1,8192,856223,1,0.855734,3555,,
beyin MR (Cheng),1209,2,2,paket,0.009955700021237135,1,8192,855237,1,0.855734,3683,,
beyin MR (Cheng),1210,2,2,paket,0.010543500073254108,1,8192,856143,1,0.855734,3735,,
beyin MR (Cheng),1211,2,2,paket,0.010378099977970123,1,8192,855282,1,0.855734,3452,,
beyin MR (Cheng),1212,2,2,paket,0.011132500017993152,1,8192,855405,1,0.855734,3047,,
beyin MR (Cheng),1213,2,3,paket,0.011107899947091937,1,8192,855750,1,0.855734,1184,,
beyin MR (Cheng),1214,2,3,paket,0.010828500031493604,1,8192,855756,1,0.855734,932,,
beyin MR (Cheng),1215,2,3,paket,0.01037699996959418,1,8192,855343,1,0.855734,1450,,
beyin MR (Cheng),1216,2,3,paket,0.01063179993070662,1,8192,855431,1,0.855734,1224,,
beyin MR (Cheng),1217,2,3,paket,0.010237399954348803,1,8192,855410,1,0.855734,735,,
beyin MR (Cheng),1218,2,0,paket,0.010673100012354553,1,8192,856203,1,0.855734,1827,,
beyin MR (Cheng),1219,2,0,paket,0.01098749996162951,1,8192,856090,1,0.855734,2013,,
beyin MR (Cheng),1220,2,0,paket,0.011910800007171929,1,8192,855158,1,0.855734,2824,,
beyin MR (Cheng),1221,2,1,paket,0.010653699981048703,1,8192,855310,1,0.855734,1847,,
beyin MR (Cheng),1222,2,1,paket,0.01266040001064539,1,8192,856107,1,0.855734,1789,,
beyin MR (Cheng),1223,2,1,paket,0.010921400040388107,1,8192,855259,1,0.855734,1489,,
beyin MR (Cheng),1224,2,1,paket,0.011019500088877976,1,8192,855975,1,0.855734,1226,,
beyin MR (Cheng),1225,2,2,paket,0.01027919992338866,1,8192,856021,1,0.855734,622,,
beyin MR (Cheng),1226,2,2,paket,0.010048600030131638,1,8192,856002,1,0.855734,709,,
beyin MR (Cheng),1227,2,2,paket,0.011066299979574978,1,8192,856033,1,0.855734,685,,
beyin MR (Cheng),1228,2,2,paket,0.010093100019730628,1,8192,855296,1,0.855734,505,,
beyin MR (Cheng),1229,2,3,paket,0.009954200009815395,1,8192,856033,1,0.855734,2952,,
beyin MR (Cheng),1230,2,3,paket,0.010382099892012775,1,8192,855933,1,0.855734,884,,
beyin MR (Cheng),1231,2,3,paket,0.010395399993285537,1,8192,856041,1,0.855734,766,,
beyin MR (Cheng),1232,2,4,paket,0.01007950003258884,1,8192,855859,1,0.855734,1296,,
beyin MR (Cheng),1233,2,4,paket,0.010370500036515296,1,8192,855168,1,0.855734,1009,,
beyin MR (Cheng),1234,2,4,paket,0.01016830001026392,1,8192,855671,1,0.855734,1192,,
beyin MR (Cheng),1235,2,4,paket,0.012908199918456376,1,8192,856255,1,0.855734,1063,,
beyin MR (Cheng),1236,2,4,paket,0.0106969999615103,1,8192,856144,1,0.855734,1042,,
beyin MR (Cheng),1237,2,2,paket,0.011606200016103685,1,8192,855139,1,0.855734,1639,,
beyin MR (Cheng),1238,2,2,paket,0.010030000004917383,1,8192,855314,1,0.855734,1517,,
beyin MR (Cheng),1239,2,2,paket,0.011442000046372414,1,8192,855691,1,0.855734,1527,,
beyin MR (Cheng),1240,2,2,paket,0.01082019996829331,1,8192,856126,1,0.855734,1480,,
beyin MR (Cheng),1241,2,4,paket,0.010231800028122962,1,8192,855371,1,0.855734,1346,,
beyin MR (Cheng),1242,2,4,paket,0.012139500002376735,1,8192,855691,1,0.855734,1889,,
beyin MR (Cheng),1243,2,4,paket,0.010581800015643239,1,8192,855418,1,0.855734,1961,,
beyin MR (Cheng),1244,2,4,paket,0.010901200002990663,1,8192,856218,1,0.855734,1360,,
beyin MR (Cheng),1245,2,1,paket,0.010305300005711615,1,8192,856209,1,0.855734,1615,,
beyin MR (Cheng),1246,2,1,paket,0.010267099947668612,1,8192,856043,1,0.855734,2731,,
beyin MR (Cheng),1247,2,1,paket,0.012227999977767467,1,8192,855272,1,0.855734,3118,,
beyin MR (Cheng),1248,2,1,paket,0.010361699969507754,1,8192,855781,1,0.855734,2841,,
beyin MR (Cheng),1249,2,1,paket,0.010079600033350289,1,8192,856148,1,0.855734,2077,,
beyin MR (Cheng),1250,2,1,paket,0.011954499990679324,1,8192,855753,1,0.855734,1252,,
beyin MR (Cheng),1251,2,1,paket,0.01010309997946024,1,8192,855271,1,0.855734,1462,,
beyin MR (Cheng),1252,2,1,paket,0.010143700055778027,1,8192,856098,1,0.855734,1592,,
beyin MR (Cheng),1253,2,1,paket,0.010789599968120456,1,8192,855571,1,0.855734,1418,,
beyin MR (Cheng),1254,2,1,paket,0.009900000062771142,1,8192,855854,1,0.855734,944,,
beyin MR (Cheng),1255,2,1,paket,0.010281400056555867,1,8192,855560,1,0.855734,872,,
beyin MR (Cheng),1256,2,1,paket,0.010756000061519444,1,8192,855860,1,0.855734,1012,,
beyin MR (Cheng),1257,2,1,paket,0.01060229993890971,1,8192,855263,1,0.855734,1155,,
beyin MR (Cheng),1258,2,1,paket,0.010043299989774823,1,8192,856076,1,0.855734,922,,
beyin MR (Cheng),1259,2,1,paket,0.009924900019541383,1,8192,855783,1,0.855734,1261,,
beyin MR (Cheng),1260,2,3,paket,0.00994470005389303,1,8192,856097,1,0.855734,1121,,
beyin MR (Cheng),1261,2,3,paket,0.010622099973261356,1,8192,856005,1,0.855734,1226,,
beyin MR (Cheng),1262,2,3,paket,0.0099340999731794,1,8192,855441,1,0.855734,1690,,
beyin MR (Cheng),1263,2,3,paket,0.01033119997009635,1,8192,855782,1,0.855734,1392,,
beyin MR (Cheng),1264,2,3,paket,0.010079899919219315,1,8192,856031,1,0.855734,1039,,
beyin MR (Cheng),1265,2,0,paket,0.010103899985551834,1,8192,855900,1,0.855734,318,,
beyin MR (Cheng),1266,2,0,paket,0.010065499925985932,1,8192,855472,1,0.855734,490,,
beyin MR (Cheng),1267,2,0,paket,0.009980900096707046,1,8192,855141,1,0.855734,612,,
beyin MR (Cheng),1268,2,0,paket,0.010336900013498962,1,8192,855388,1,0.855734,709,,
beyin MR (Cheng),1269,2,4,paket,0.01036519999615848,1,8192,856055,1,0.855734,400,,
beyin MR (Cheng),1270,2,4,paket,0.010313400067389011,1,8192,856043,1,0.855734,329,,
beyin MR (Cheng),1271,2,4,paket,0.010130800073966384,1,8192,856082,1,0.855734,339,,
beyin MR (Cheng),1272,2,2,paket,0.011145800002850592,1,8192,855133,1,0.855734,1365,,
beyin MR (Cheng),1273,2,2,paket,0.01004100008867681,1,8192,855517,1,0.855734,1512,,
beyin MR (Cheng),1274,2,2,paket,0.010718500008806586,1,8192,856111,1,0.855734,1543,,
beyin MR (Cheng),1275,2,3,paket,0.012118099955841899,1,8192,855273,1,0.855734,3458,,
beyin MR (Cheng),1276,2,3,paket,0.010031500016339123,1,8192,855878,1,0.855734,3809,,
beyin MR (Cheng),1277,2,3,paket,0.01043629995547235,1,8192,854485,1,0.855734,3628,,
beyin MR (Cheng),1278,2,4,paket,0.00995650002732873,1,8192,855534,1,0.855734,5118,,
beyin MR (Cheng),1279,2,4,paket,0.01018320000730455,1,8192,856119,1,0.855734,6210,,
beyin MR (Cheng),1280,2,4,paket,0.01055939996149391,1,8192,856215,1,0.855734,5583,,
beyin MR (Cheng),1281,2,4,paket,0.010061900014989078,1,8192,855356,1,0.855734,3881,,
beyin MR (Cheng),1282,2,1,paket,0.011236099991947412,1,8192,855197,1,0.855734,1630,,
beyin MR (Cheng),1283,2,1,paket,0.010061100008897483,1,8192,855961,1,0.855734,1193,,
beyin MR (Cheng),1284,2,2,paket,0.00998600001912564,1,8192,855374,1,0.855734,546,,
beyin MR (Cheng),1285,2,2,paket,0.011184799950569868,1,8192,855903,1,0.855734,593,,
beyin MR (Cheng),1286,2,2,paket,0.01004219998139888,1,8192,856128,1,0.855734,340,,
beyin MR (Cheng),1287,2,2,paket,0.010505100013688207,1,8192,855308,1,0.855734,959,,
beyin MR (Cheng),1288,2,2,paket,0.009946899954229593,1,8192,855608,1,0.855734,1052,,
beyin MR (Cheng),1289,2,2,paket,0.0100509999319911,1,8192,855459,1,0.855734,1082,,
beyin MR (Cheng),1290,2,2,paket,0.01056819991208613,1,8192,856183,1,0.855734,1108,,
beyin MR (Cheng),1291,2,2,paket,0.010224099969491363,1,8192,856132,1,0.855734,1074,,
beyin MR (Cheng),1292,2,0,paket,0.013649399974383414,1,8192,855274,1,0.855734,1355,,
beyin MR (Cheng),1293,2,0,paket,0.010735400021076202,1,8192,856150,1,0.855734,1469,,
beyin MR (Cheng),1294,2,3,paket,0.010341599932871759,1,8192,856149,1,0.855734,1847,,
beyin MR (Cheng),1295,2,3,paket,0.010424600099213421,1,8192,855756,1,0.855734,2696,,
beyin MR (Cheng),1296,2,3,paket,0.01002170005813241,1,8192,855305,1,0.855734,2454,,
beyin MR (Cheng),1297,2,3,paket,0.010119200102053583,1,8192,855266,1,0.855734,1818,,
beyin MR (Cheng),1298,2,3,paket,0.01126910001039505,1,8192,855819,1,0.855734,1254,,
beyin MR (Cheng),1299,2,3,paket,0.010428499896079302,1,8192,856030,1,0.855734,663,,
beyin MR (Cheng),1300,2,2,paket,0.01033570000436157,1,8192,855264,1,0.855734,951,,
beyin MR (Cheng),1301,2,2,paket,0.01018620003014803,1,8192,856011,1,0.855734,949,,
beyin MR (Cheng),1302,2,2,paket,0.01051370007917285,1,8192,856162,1,0.855734,1127,,
beyin MR (Cheng),1303,2,2,paket,0.010113499942235649,1,8192,856095,1,0.855734,2532,,
beyin MR (Cheng),1304,2,2,paket,0.010021100053563714,1,8192,856113,1,0.855734,2572,,
beyin MR (Cheng),1305,2,2,paket,0.010178400087170303,1,8192,856145,1,0.855734,1647,,
beyin MR (Cheng),1306,2,2,paket,0.010091400006785989,1,8192,855763,1,0.855734,1421,,
beyin MR (Cheng),1307,2,2,paket,0.01025549997575581,1,8192,855293,1,0.855734,1685,,
beyin MR (Cheng),1308,2,2,paket,0.010119799990206957,1,8192,855328,1,0.855734,1244,,
beyin MR (Cheng),1309,2,2,paket,0.010011799982748926,1,8192,855193,1,0.855734,2615,,
beyin MR (Cheng),1310,2,2,paket,0.010222100070677698,1,8192,855461,1,0.855734,3055,,
beyin MR (Cheng),1311,2,2,paket,0.010340999928303063,1,8192,856023,1,0.855734,2384,,
beyin MR (Cheng),1312,2,2,paket,0.010560700087808073,1,8192,856011,1,0.855734,1782,,
beyin MR (Cheng),1313,2,2,paket,0.01050019997637719,1,8192,856210,1,0.855734,1816,,
beyin MR (Cheng),1314,2,2,paket,0.009801000007428229,1,8192,855385,1,0.855734,1781,,
beyin MR (Cheng),1315,2,2,paket,0.010295799933373928,1,8192,855260,1,0.855734,1290,,
beyin MR (Cheng),1316,2,0,paket,0.010322000016458333,1,8192,856046,1,0.855734,2221,,
beyin MR (Cheng),1317,2,0,paket,0.010047700023278594,1,8192,855830,1,0.855734,1995,,
beyin MR (Cheng),1318,2,0,paket,0.011492499965243042,1,8192,855627,1,0.855734,2275,,
beyin MR (Cheng),1319,2,0,paket,0.010449300054460764,1,8192,855154,1,0.855734,1444,,
beyin MR (Cheng),1320,2,0,paket,0.009966000099666417,1,8192,856119,1,0.855734,956,,
beyin MR (Cheng),1321,2,0,paket,0.010034000035375357,1,8192,856053,1,0.855734,733,,
beyin MR (Cheng),1322,2,1,paket,0.009807599941268563,1,8192,855314,1,0.855734,477,,
beyin MR (Cheng),1323,2,1,paket,0.010490700020454824,1,8192,856034,1,0.855734,892,,
beyin MR (Cheng),1324,2,1,paket,0.010026499978266656,1,8192,856036,1,0.855734,670,,
beyin MR (Cheng),1325,2,4,paket,0.010478500043973327,1,8192,854835,1,0.855734,1589,,
beyin MR (Cheng),1326,2,4,paket,0.010423699975945055,1,8192,856130,1,0.855734,1270,,
beyin MR (Cheng),1327,2,4,paket,0.012069999938830733,1,8192,855690,1,0.855734,1424,,
beyin MR (Cheng),1328,2,4,paket,0.010410999995656312,1,8192,855511,1,0.855734,1429,,
beyin MR (Cheng),1329,2,1,paket,0.010340399923734367,1,8192,855098,1,0.855734,1085,,
beyin MR (Cheng),1330,2,1,paket,0.010493200039491057,1,8192,855662,1,0.855734,973,,
beyin MR (Cheng),1331,2,1,paket,0.009974100044928491,1,8192,856177,1,0.855734,1163,,
beyin MR (Cheng),1332,2,1,paket,0.009901400073431432,1,8192,855307,1,0.855734,1626,,
beyin MR (Cheng),1333,2,1,paket,0.010132100083865225,1,8192,855961,1,0.855734,1717,,
beyin MR (Cheng),1334,2,1,paket,0.009994599968194962,1,8192,856081,1,0.855734,2195,,
beyin MR (Cheng),1335,2,1,paket,0.011484100017696619,1,8192,855232,1,0.855734,2199,,
beyin MR (Cheng),1336,2,1,paket,0.011603399994783103,1,8192,855307,1,0.855734,1842,,
beyin MR (Cheng),1337,2,1,paket,0.009841499966569245,1,8192,855313,1,0.855734,1563,,
beyin MR (Cheng),1338,2,1,paket,0.010032800026237965,1,8192,855265,1,0.855734,1352,,
beyin MR (Cheng),1339,2,3,paket,0.009908600011840463,1,8192,855130,1,0.855734,1868,,
beyin MR (Cheng),1340,2,3,paket,0.010123700019903481,1,8192,855884,1,0.855734,2282,,
beyin MR (Cheng),1341,2,3,paket,0.01065140007995069,1,8192,855222,1,0.855734,2758,,
beyin MR (Cheng),1342,2,3,paket,0.010170500027015805,1,8192,855675,1,0.855734,1613,,
beyin MR (Cheng),1343,2,3,paket,0.00993709999602288,1,8192,856032,1,0.855734,1208,,
beyin MR (Cheng),1344,2,3,paket,0.010386099922470748,1,8192,855371,1,0.855734,1626,,
beyin MR (Cheng),1345,2,3,paket,0.011074200039729476,1,8192,855217,1,0.855734,1027,,
beyin MR (Cheng),1346,2,3,paket,0.011236199992708862,1,8192,856164,1,0.855734,1048,,
beyin MR (Cheng),1347,2,2,paket,0.009933699970133603,1,8192,855346,1,0.855734,426,,
beyin MR (Cheng),1348,2,2,paket,0.009973599924705923,1,8192,855770,1,0.855734,639,,
beyin MR (Cheng),1349,2,2,paket,0.010949400020763278,1,8192,856011,1,0.855734,496,,
beyin MR (Cheng),1350,2,2,paket,0.010139400023035705,1,8192,855208,1,0.855734,427,,
beyin MR (Cheng),1351,2,1,paket,0.010624399990774691,1,8192,855383,1,0.855734,3143,,
beyin MR (Cheng),1352,2,1,paket,0.010203199926763773,1,8192,855753,1,0.855734,4492,,
beyin MR (Cheng),1353,2,1,paket,0.010505500016734004,1,8192,856046,1,0.855734,5124,,
beyin MR (Cheng),1354,2,1,paket,0.011679599992930889,1,8192,855445,1,0.855734,5318,,
beyin MR (Cheng),1355,2,1,paket,0.010277300025336444,1,8192,856076,1,0.855734,5896,,
beyin MR (Cheng),1356,2,1,paket,0.010105599998496473,1,8192,856104,1,0.855734,6620,,
beyin MR (Cheng),1357,2,1,paket,0.009886099956929684,1,8192,855261,1,0.855734,5808,,
beyin MR (Cheng),1358,2,1,paket,0.01092519995290786,1,8192,855953,1,0.855734,3822,,
beyin MR (Cheng),1359,2,2,paket,0.010093200020492077,1,8192,855358,1,0.855734,2267,,
beyin MR (Cheng),1360,2,2,paket,0.010997100034728646,1,8192,855853,1,0.855734,3021,,
beyin MR (Cheng),1361,2,2,paket,0.010569200036115944,1,8192,856060,1,0.855734,3278,,
beyin MR (Cheng),1362,2,2,paket,0.011035000090487301,1,8192,855439,1,0.855734,3686,,
beyin MR (Cheng),1363,2,2,paket,0.010289900004863739,1,8192,855406,1,0.855734,3346,,
beyin MR (Cheng),1364,2,2,paket,0.010565800010226667,1,8192,855602,1,0.855734,3520,,
beyin MR (Cheng),1365,2,2,paket,0.010274000000208616,1,8192,855908,1,0.855734,2873,,
beyin MR (Cheng),1366,2,2,paket,0.010433900053612888,1,8192,855265,1,0.855734,2098,,
beyin MR (Cheng),1367,2,2,paket,0.010199100011959672,1,8192,855830,1,0.855734,1316,,
beyin MR (Cheng),1368,2,4,paket,0.011763500049710274,1,8192,855295,1,0.855734,931,,
beyin MR (Cheng),1369,2,4,paket,0.009790899930521846,1,8192,855290,1,0.855734,2349,,
beyin MR (Cheng),1370,2,4,paket,0.010037800064310431,1,8192,856153,1,0.855734,1901,,
beyin MR (Cheng),1371,2,4,paket,0.010032200021669269,1,8192,855211,1,0.855734,1383,,
beyin MR (Cheng),1372,2,4,paket,0.010075400001369417,1,8192,855325,1,0.855734,1355,,
beyin MR (Cheng),1373,2,1,paket,0.010237399954348803,1,8192,856240,1,0.855734,1009,,
beyin MR (Cheng),1374,2,1,paket,0.009964499971829355,1,8192,855846,1,0.855734,1210,,
beyin MR (Cheng),1375,2,1,paket,0.009864300023764372,1,8192,855889,1,0.855734,793,,
beyin MR (Cheng),1376,2,1,paket,0.010130200069397688,1,8192,855930,1,0.855734,521,,
beyin MR (Cheng),1377,2,4,paket,0.010163700091652572,1,8192,856182,1,0.855734,821,,
beyin MR (Cheng),1378,2,4,paket,0.010366200003772974,1,8192,855288,1,0.855734,574,,
beyin MR (Cheng),1379,2,1,paket,0.009924899903126061,1,8192,855338,1,0.855734,2729,,
beyin MR (Cheng),1380,2,1,paket,0.010059299995191395,1,8192,855264,1,0.855734,829,,
beyin MR (Cheng),1381,2,1,paket,0.010317299980670214,1,8192,854531,1,0.855734,843,,
beyin MR (Cheng),1382,2,0,paket,0.010077300015836954,1,8192,855252,1,0.855734,980,,
beyin MR (Cheng),1383,2,0,paket,0.011658399947918952,1,8192,855341,1,0.855734,1310,,
beyin MR (Cheng),1384,2,0,paket,0.011646299972198904,1,8192,855182,1,0.855734,1029,,
beyin MR (Cheng),1385,2,4,paket,0.010267900070175529,1,8192,855312,1,0.855734,1032,,
beyin MR (Cheng),1386,2,4,paket,0.010222699958831072,1,8192,855743,1,0.855734,1339,,
beyin MR (Cheng),1387,2,4,paket,0.010460700024850667,1,8192,856069,1,0.855734,2065,,
beyin MR (Cheng),1388,2,4,paket,0.010088599985465407,1,8192,855913,1,0.855734,1403,,
beyin MR (Cheng),1389,2,4,paket,0.010268900077790022,1,8192,855800,1,0.855734,2906,,
beyin MR (Cheng),1390,2,4,paket,0.010185099905356765,1,8192,856224,1,0.855734,2699,,
beyin MR (Cheng),1391,2,4,paket,0.010005700052715838,1,8192,855288,1,0.855734,2132,,
beyin MR (Cheng),1392,2,4,paket,0.010363399982452393,1,8192,855270,1,0.855734,1418,,
beyin MR (Cheng),1393,2,4,paket,0.009944900055415928,1,8192,855967,1,0.855734,930,,
beyin MR (Cheng),1394,2,3,paket,0.01015779993031174,1,8192,856091,1,0.855734,1573,,
beyin MR (Cheng),1395,2,3,paket,0.010013799997977912,1,8192,855888,1,0.855734,2180,,
beyin MR (Cheng),1396,2,3,paket,0.010700999991968274,1,8192,856111,1,0.855734,4146,,
beyin MR (Cheng),1397,2,3,paket,0.009972500032745302,1,8192,855763,1,0.855734,4058,,
beyin MR (Cheng),1398,2,3,paket,0.00986460002604872,1,8192,855525,1,0.855734,3737,,
beyin MR (Cheng),1399,2,3,paket,0.010845399927347898,1,8192,855483,1,0.855734,2714,,
beyin MR (Cheng),1400,2,3,paket,0.010184800019487739,1,8192,855341,1,0.855734,2133,,
beyin MR (Cheng),1401,2,3,paket,0.009903399972245097,1,8192,856151,1,0.855734,1511,,
beyin MR (Cheng),1402,2,3,paket,0.011155999964103103,1,8192,855941,1,0.855734,930,,
beyin MR (Cheng),1403,2,0,paket,0.01095510006416589,1,8192,855818,1,0.855734,1862,,
beyin MR (Cheng),1404,2,0,paket,0.01015500002540648,1,8192,856285,1,0.855734,1431,,
beyin MR (Cheng),1405,2,0,paket,0.011163400020450354,1,8192,856097,1,0.855734,1181,,
beyin MR (Cheng),1406,2,0,paket,0.010130899958312511,1,8192,855818,1,0.855734,1045,,
beyin MR (Cheng),1407,2,3,paket,0.011012100032530725,1,8192,855526,1,0.855734,409,,
beyin MR (Cheng),1408,2,3,paket,0.010175999952480197,1,8192,855292,1,0.855734,706,,
beyin MR (Cheng),1409,2,0,paket,0.009890399989672005,1,8192,856090,1,0.855734,1242,,
beyin MR (Cheng),1410,2,0,paket,0.010268599959090352,1,8192,855167,1,0.855734,1130,,
beyin MR (Cheng),1411,2,0,paket,0.010422799969092011,1,8192,855292,1,0.855734,808,,
beyin MR (Cheng),1412,2,0,paket,0.009857900091446936,1,8192,856141,1,0.855734,383,,
beyin MR (Cheng),1413,2,2,paket,0.01148979994468391,1,8192,854699,1,0.855734,1284,,
beyin MR (Cheng),1414,2,2,paket,0.010761099983938038,1,8192,855243,1,0.855734,1772,,
beyin MR (Cheng),1415,2,2,paket,0.010134299984201789,1,8192,855230,1,0.855734,1119,,
beyin MR (Cheng),1416,2,2,paket,0.010769200045615435,1,8192,855932,1,0.855734,1117,,
beyin MR (Cheng),1417,2,2,paket,0.01025259995367378,1,8192,855623,1,0.855734,1331,,
beyin MR (Cheng),1418,2,2,paket,0.010176199954003096,1,8192,855985,1,0.855734,1188,,
beyin MR (Cheng),1419,2,2,paket,0.011164700030349195,1,8192,855921,1,0.855734,953,,
beyin MR (Cheng),1420,2,4,paket,0.010135299991816282,1,8192,855843,1,0.855734,1027,,
beyin MR (Cheng),1421,2,4,paket,0.010260300012305379,1,8192,855201,1,0.855734,1180,,
beyin MR (Cheng),1422,2,4,paket,0.00997590005863458,1,8192,855652,1,0.855734,1105,,
beyin MR (Cheng),1423,2,3,paket,0.010041599976830184,1,8192,855836,1,0.855734,1724,,
beyin MR (Cheng),1424,2,3,paket,0.009916499955579638,1,8192,856323,1,0.855734,1919,,
beyin MR (Cheng),1425,2,3,paket,0.011122000054456294,1,8192,856198,1,0.855734,1731,,
beyin MR (Cheng),1426,2,3,paket,0.010410099988803267,1,8192,855309,1,0.855734,1864,,
beyin MR (Cheng),1427,2,3,paket,0.010399200022220612,1,8192,855250,1,0.855734,1863,,
beyin MR (Cheng),1428,2,3,paket,0.010442099999636412,1,8192,854364,1,0.855734,1207,,
beyin MR (Cheng),1429,2,0,paket,0.010416499921120703,1,8192,856041,1,0.855734,1584,,
beyin MR (Cheng),1430,2,0,paket,0.010820699972100556,1,8192,855333,1,0.855734,1652,,
beyin MR (Cheng),1431,2,0,paket,0.009886799962259829,1,8192,855764,1,0.855734,943,,
beyin MR (Cheng),1432,2,0,paket,0.009852000046521425,1,8192,856104,1,0.855734,1241,,
beyin MR (Cheng),1433,2,0,paket,0.010028199991211295,1,8192,855124,1,0.855734,833,,
beyin MR (Cheng),1434,2,0,paket,0.011185800074599683,1,8192,855264,1,0.855734,3071,,
beyin MR (Cheng),1435,2,0,paket,0.013833200093358755,1,8192,855458,1,0.855734,3940,,
beyin MR (Cheng),1436,2,0,paket,0.010100199957378209,1,8192,856050,1,0.855734,3192,,
beyin MR (Cheng),1437,2,0,paket,0.009890499990433455,1,8192,855260,1,0.855734,2860,,
beyin MR (Cheng),1438,2,0,paket,0.01516109996009618,1,8192,855343,1,0.855734,3740,,
beyin MR (Cheng),1439,2,0,paket,0.010185399907641113,1,8192,855980,1,0.855734,2631,,
beyin MR (Cheng),1440,2,0,paket,0.010216400027275085,1,8192,856092,1,0.855734,823,,
beyin MR (Cheng),1441,2,3,paket,0.010859399917535484,1,8192,855638,1,0.855734,2231,,
beyin MR (Cheng),1442,2,3,paket,0.010163300088606775,1,8192,855241,1,0.855734,2720,,
beyin MR (Cheng),1443,2,3,paket,0.011579400044865906,1,8192,855339,1,0.855734,2320,,
beyin MR (Cheng),1444,2,3,paket,0.010143199935555458,1,8192,855748,1,0.855734,2634,,
beyin MR (Cheng),1445,2,3,paket,0.010505000012926757,1,8192,854833,1,0.855734,1990,,
beyin MR (Cheng),1446,2,4,paket,0.010224999976344407,1,8192,855827,1,0.855734,782,,
beyin MR (Cheng),1447,2,4,paket,0.011012099916115403,1,8192,855870,1,0.855734,1521,,
beyin MR (Cheng),1448,2,4,paket,0.010703800013288856,1,8192,855571,1,0.855734,1703,,
beyin MR (Cheng),1449,2,4,paket,0.010768899926915765,1,8192,856139,1,0.855734,1857,,
beyin MR (Cheng),1450,2,4,paket,0.012727600056678057,1,8192,855859,1,0.855734,1927,,
beyin MR (Cheng),1451,2,4,paket,0.01007189997471869,1,8192,855616,1,0.855734,1918,,
beyin MR (Cheng),1452,2,4,paket,0.010514399968087673,1,8192,855877,1,0.855734,1335,,
beyin MR (Cheng),1453,2,4,paket,0.01118589995894581,1,8192,855717,1,0.855734,1196,,
beyin MR (Cheng),1454,2,4,paket,0.010438700090162456,1,8192,855366,1,0.855734,986,,
beyin MR (Cheng),1455,2,3,paket,0.010395199991762638,1,8192,855122,1,0.855734,1394,,
beyin MR (Cheng),1456,2,3,paket,0.010491600027307868,1,8192,855318,1,0.855734,1684,,
beyin MR (Cheng),1457,2,3,paket,0.011357199982739985,1,8192,856248,1,0.855734,1801,,
beyin MR (Cheng),1458,2,3,paket,0.010011299978941679,1,8192,856119,1,0.855734,2066,,
beyin MR (Cheng),1459,2,3,paket,0.010108100017532706,1,8192,855977,1,0.855734,2159,,
beyin MR (Cheng),1460,2,3,paket,0.0120867999503389,1,8192,855757,1,0.855734,2414,,
beyin MR (Cheng),1461,2,1,paket,0.010216699913144112,1,8192,855271,1,0.855734,2328,,
beyin MR (Cheng),1462,2,1,paket,0.012193699949420989,1,8192,855234,1,0.855734,3337,,
beyin MR (Cheng),1463,2,1,paket,0.010129799949936569,1,8192,855277,1,0.855734,3584,,
beyin MR (Cheng),1464,2,1,paket,0.009961999952793121,1,8192,855481,1,0.855734,3638,,
beyin MR (Cheng),1465,2,1,paket,0.011965000070631504,1,8192,855801,1,0.855734,2975,,
beyin MR (Cheng),1466,2,1,paket,0.009971800027415156,1,8192,855473,1,0.855734,2205,,
beyin MR (Cheng),1467,2,2,paket,0.010527500067837536,1,8192,856023,1,0.855734,1401,,
beyin MR (Cheng),1468,2,2,paket,0.010353599907830358,1,8192,856062,1,0.855734,706,,
beyin MR (Cheng),1469,2,2,paket,0.010096699930727482,1,8192,855274,1,0.855734,681,,
beyin MR (Cheng),1470,2,2,paket,0.010402800049632788,1,8192,855250,1,0.855734,456,,
beyin MR (Cheng),1471,2,2,paket,0.010308000026270747,1,8192,855543,1,0.855734,728,,
beyin MR (Cheng),1472,2,2,paket,0.012579500093124807,1,8192,855960,1,0.855734,774,,
beyin MR (Cheng),1473,2,2,paket,0.010056400089524686,1,8192,855776,1,0.855734,642,,
beyin MR (Cheng),1474,2,2,paket,0.010374299949035048,1,8192,855973,1,0.855734,407,,
beyin MR (Cheng),1475,2,2,paket,0.010907899937592447,1,8192,855405,1,0.855734,691,,
beyin MR (Cheng),1476,2,2,paket,0.009989699930883944,1,8192,855212,1,0.855734,832,,
beyin MR (Cheng),1477,2,2,paket,0.009825800079852343,1,8192,855972,1,0.855734,666,,
beyin MR (Cheng),1478,2,2,paket,0.010547099984250963,1,8192,855325,1,0.855734,470,,
beyin MR (Cheng),1479,2,0,paket,0.010738100041635334,1,8192,855937,1,0.855734,1408,,
beyin MR (Cheng),1480,2,0,paket,0.010397500009275973,1,8192,855383,1,0.855734,1522,,
beyin MR (Cheng),1481,2,0,paket,0.01108229998499155,1,8192,855374,1,0.855734,1800,,
beyin MR (Cheng),1482,2,3,paket,0.010623399983160198,1,8192,855176,1,0.855734,2059,,
beyin MR (Cheng),1483,2,3,paket,0.010547799989581108,1,8192,856010,1,0.855734,1947,,
beyin MR (Cheng),1484,2,3,paket,0.010307000018656254,1,8192,855369,1,0.855734,1936,,
beyin MR (Cheng),1485,2,3,paket,0.01046620006673038,1,8192,856038,1,0.855734,1642,,
beyin MR (Cheng),1486,2,1,paket,0.010641100001521409,1,8192,855176,1,0.855734,453,,
beyin MR (Cheng),1487,2,1,paket,0.010203299927525222,1,8192,856009,1,0.855734,773,,
beyin MR (Cheng),1488,2,2,paket,0.01010459999088198,1,8192,856102,1,0.855734,778,,
beyin MR (Cheng),1489,2,2,paket,0.010149999987334013,1,8192,855636,1,0.855734,1532,,
beyin MR (Cheng),1490,2,2,paket,0.01168690004851669,1,8192,855842,1,0.855734,790,,
beyin MR (Cheng),1491,2,2,paket,0.010743999970145524,1,8192,856167,1,0.855734,719,,
beyin MR (Cheng),1492,2,2,paket,0.010743799968622625,1,8192,855081,1,0.855734,2033,,
beyin MR (Cheng),1493,2,2,paket,0.009942600037902594,1,8192,855165,1,0.855734,2395,,
beyin MR (Cheng),1494,2,2,paket,0.010012099985033274,1,8192,855149,1,0.855734,3364,,
beyin MR (Cheng),1495,2,2,paket,0.010008899960666895,1,8192,855362,1,0.855734,3480,,
beyin MR (Cheng),1496,2,2,paket,0.010010599973611534,1,8192,856073,1,0.855734,3332,,
beyin MR (Cheng),1497,2,2,paket,0.010417500045150518,1,8192,855109,1,0.855734,1916,,
beyin MR (Cheng),1498,2,2,paket,0.011479000095278025,1,8192,855338,1,0.855734,2868,,
beyin MR (Cheng),1499,2,2,paket,0.010589299956336617,1,8192,856120,1,0.855734,3581,,
beyin MR (Cheng),1500,2,2,paket,0.010189299937337637,1,8192,856022,1,0.855734,4000,,
beyin MR (Cheng),1501,2,2,paket,0.010213699890300632,1,8192,855543,1,0.855734,4372,,
beyin MR (Cheng),1502,2,2,paket,0.01152389997150749,1,8192,856151,1,0.855734,4264,,
beyin MR (Cheng),1503,2,2,paket,0.010483700083568692,1,8192,856073,1,0.855734,3388,,
beyin MR (Cheng),1504,2,2,paket,0.010112200048752129,1,8192,856110,1,0.855734,3633,,
beyin MR (Cheng),1505,2,0,paket,0.010096900048665702,1,8192,856079,1,0.855734,2494,,
beyin MR (Cheng),1506,2,0,paket,0.01026749995071441,1,8192,855586,1,0.855734,3374,,
beyin MR (Cheng),1507,2,0,paket,0.010174299939535558,1,8192,855260,1,0.855734,3124,,
beyin MR (Cheng),1508,2,0,paket,0.010694699943996966,1,8192,855834,1,0.855734,2990,,
beyin MR (Cheng),1509,2,0,paket,0.010055100079625845,1,8192,855358,1,0.855734,2235,,
beyin MR (Cheng),1510,2,1,paket,0.010118199978023767,1,8192,855958,1,0.855734,1002,,
beyin MR (Cheng),1511,2,1,paket,0.011885100044310093,1,8192,856038,1,0.855734,1339,,
beyin MR (Cheng),1512,2,1,paket,0.010084099951200187,1,8192,855342,1,0.855734,1649,,
beyin MR (Cheng),1513,2,1,paket,0.011225500027649105,1,8192,855320,1,0.855734,875,,
beyin MR (Cheng),1514,2,4,paket,0.010344600072130561,1,8192,856138,1,0.855734,1325,,
beyin MR (Cheng),1515,2,4,paket,0.009950699983164668,1,8192,856149,1,0.855734,1944,,
beyin MR (Cheng),1516,2,4,paket,0.010221999953500926,1,8192,856178,1,0.855734,2441,,
beyin MR (Cheng),1517,2,4,paket,0.01002909999806434,1,8192,855394,1,0.855734,2390,,
beyin MR (Cheng),1518,2,4,paket,0.009940400021150708,1,8192,855423,1,0.855734,1806,,
beyin MR (Cheng),1519,2,4,paket,0.010318699991330504,1,8192,855303,1,0.855734,974,,
beyin MR (Cheng),1520,2,1,paket,0.009932100074365735,1,8192,856065,1,0.855734,658,,
beyin MR (Cheng),1521,2,1,paket,0.010228300001472235,1,8192,855344,1,0.855734,2190,,
beyin MR (Cheng),1522,2,1,paket,0.010344799957238138,1,8192,855246,1,0.855734,2420,,
beyin MR (Cheng),1523,2,1,paket,0.010776399984024465,1,8192,855663,1,0.855734,3613,,
beyin MR (Cheng),1524,2,1,paket,0.010177799966186285,1,8192,855915,1,0.855734,3633,,
beyin MR (Cheng),1525,2,1,paket,0.009958099923096597,1,8192,855136,1,0.855734,3294,,
beyin MR (Cheng),1526,2,1,paket,0.010237700073048472,1,8192,856108,1,0.855734,865,,
beyin MR (Cheng),1527,2,3,paket,0.009811499970965087,1,8192,855678,1,0.855734,1469,,
beyin MR (Cheng),1528,2,3,paket,0.012535599991679192,1,8192,856022,1,0.855734,2032,,
beyin MR (Cheng),1529,2,3,paket,0.0100158000132069,1,8192,856137,1,0.855734,2833,,
beyin MR (Cheng),1530,2,3,paket,0.01007930003106594,1,8192,855941,1,0.855734,2968,,
beyin MR (Cheng),1531,2,3,paket,0.010087599977850914,1,8192,856106,1,0.855734,2815,,
beyin MR (Cheng),1532,2,2,paket,0.010066800052300096,1,8192,855744,1,0.855734,1123,,
beyin MR (Cheng),1533,2,2,paket,0.0100895999930799,1,8192,855763,1,0.855734,1262,,
beyin MR (Cheng),1534,2,2,paket,0.010119999991729856,1,8192,855980,1,0.855734,1604,,
beyin MR (Cheng),1535,2,2,paket,0.010399200022220612,1,8192,854413,1,0.855734,1307,,
beyin MR (Cheng),1536,2,2,paket,0.0099845000077039,1,8192,856146,1,0.855734,1205,,
beyin MR (Cheng),1537,2,1,paket,0.010206600069068372,1,8192,855696,1,0.855734,7699,,
beyin MR (Cheng),1538,2,1,paket,0.009861300000920892,1,8192,856083,2,1.711468,10215,,
beyin MR (Cheng),1539,2,1,paket,0.010107900016009808,1,8192,855087,2,1.711468,11524,,
beyin MR (Cheng),1540,2,1,paket,0.010324100032448769,1,8192,856180,2,1.711468,11184,,
beyin MR (Cheng),1541,2,1,paket,0.010175300063565373,1,8192,856138,2,1.711468,10338,,
beyin MR (Cheng),1542,2,1,paket,0.010043199989013374,1,8192,855560,1,0.855734,5729,,
beyin MR (Cheng),1543,2,1,paket,0.01096359989605844,1,8192,855913,1,0.855734,2945,,
beyin MR (Cheng),1544,2,2,paket,0.01706649991683662,1,8192,855459,1,0.855734,1991,,
beyin MR (Cheng),1545,2,2,paket,0.010117200086824596,1,8192,856229,1,0.855734,3814,,
beyin MR (Cheng),1546,2,2,paket,0.01352999999653548,1,8192,856117,1,0.855734,4348,,
beyin MR (Cheng),1547,2,2,paket,0.010061300010420382,1,8192,855854,1,0.855734,4195,,
beyin MR (Cheng),1548,2,2,paket,0.011641800054349005,1,8192,855589,1,0.855734,4037,,
beyin MR (Cheng),1549,2,2,paket,0.010360200074501336,1,8192,855230,1,0.855734,3390,,
beyin MR (Cheng),1550,2,2,paket,0.01023789995815605,1,8192,856147,1,0.855734,2701,,
beyin MR (Cheng),1551,2,4,paket,0.010907900054007769,1,8192,856094,1,0.855734,1345,,
beyin MR (Cheng),1552,2,4,paket,0.011384300072677433,1,8192,855295,1,0.855734,2543,,
beyin MR (Cheng),1553,2,4,paket,0.010197600000537932,1,8192,855416,1,0.855734,2002,,
beyin MR (Cheng),1554,2,4,paket,0.010272699990309775,1,8192,855728,1,0.855734,1731,,
beyin MR (Cheng),1555,2,4,paket,0.011276500066742301,1,8192,854883,1,0.855734,1357,,
beyin MR (Cheng),1556,2,1,paket,0.011845999979414046,1,8192,855784,1,0.855734,303,,
beyin MR (Cheng),1557,2,1,paket,0.010594199993647635,1,8192,856095,1,0.855734,535,,
beyin MR (Cheng),1558,2,1,paket,0.009867699933238328,1,8192,855597,1,0.855734,1326,,
beyin MR (Cheng),1559,2,1,paket,0.011065699975006282,1,8192,855333,1,0.855734,1733,,
beyin MR (Cheng),1560,2,1,paket,0.01014129992108792,1,8192,855058,1,0.855734,1576,,
beyin MR (Cheng),1561,2,1,paket,0.010384799912571907,1,8192,855332,1,0.855734,1173,,
beyin MR (Cheng),1562,2,4,paket,0.010321500012651086,1,8192,856122,1,0.855734,777,,
beyin MR (Cheng),1563,2,4,paket,0.010612300015054643,1,8192,856022,1,0.855734,850,,
beyin MR (Cheng),1564,2,4,paket,0.011906200088560581,1,8192,855802,1,0.855734,544,,
beyin MR (Cheng),1565,2,1,paket,0.01032519992440939,1,8192,855142,1,0.855734,726,,
beyin MR (Cheng),1566,2,1,paket,0.010010199970565736,1,8192,855363,1,0.855734,656,,
beyin MR (Cheng),1567,2,0,paket,0.010161300073377788,1,8192,855247,1,0.855734,814,,
beyin MR (Cheng),1568,2,0,paket,0.009957500034943223,1,8192,856147,1,0.855734,1082,,
beyin MR (Cheng),1569,2,0,paket,0.010830100043676794,1,8192,855791,1,0.855734,1020,,
beyin MR (Cheng),1570,2,0,paket,0.01013409998267889,1,8192,855237,1,0.855734,907,,
beyin MR (Cheng),1571,2,0,paket,0.010172100039198995,1,8192,855426,1,0.855734,504,,
beyin MR (Cheng),1572,2,4,paket,0.009885599953122437,1,8192,855306,1,0.855734,680,,
beyin MR (Cheng),1573,2,4,paket,0.010070099961012602,1,8192,855400,1,0.855734,2069,,
beyin MR (Cheng),1574,2,4,paket,0.01013440010137856,1,8192,856081,1,0.855734,3029,,
beyin MR (Cheng),1575,2,4,paket,0.010536600020714104,1,8192,856129,1,0.855734,3307,,
beyin MR (Cheng),1576,2,4,paket,0.011043000034987926,1,8192,856185,1,0.855734,2707,,
beyin MR (Cheng),1577,2,4,paket,0.010281499940901995,1,8192,855915,1,0.855734,3305,,
beyin MR (Cheng),1578,2,4,paket,0.010293900035321712,1,8192,855631,1,0.855734,2458,,
beyin MR (Cheng),1579,2,4,paket,0.011343499994836748,1,8192,855168,1,0.855734,3363,,
beyin MR (Cheng),1580,2,3,paket,0.009977999958209693,1,8192,856186,1,0.855734,1653,,
beyin MR (Cheng),1581,2,3,paket,0.012000800110399723,1,8192,854629,1,0.855734,3139,,
beyin MR (Cheng),1582,2,3,paket,0.00996820000000298,1,8192,854362,1,0.855734,5245,,
beyin MR (Cheng),1583,2,3,paket,0.010469499975442886,1,8192,856070,1,0.855734,3716,,
beyin MR (Cheng),1584,2,3,paket,0.010688800015486777,1,8192,856315,1,0.855734,5116,,
beyin MR (Cheng),1585,2,3,paket,0.010249600047245622,1,8192,855607,1,0.855734,4848,,
beyin MR (Cheng),1586,2,3,paket,0.009872299968264997,1,8192,855832,1,0.855734,6712,,
beyin MR (Cheng),1587,2,3,paket,0.010017600026912987,1,8192,855317,2,1.711468,8240,,
beyin MR (Cheng),1588,2,0,paket,0.01211939996574074,1,8192,855297,1,0.855734,1153,,
beyin MR (Cheng),1589,2,0,paket,0.00992100010626018,1,8192,855312,1,0.855734,1427,,
beyin MR (Cheng),1590,2,0,paket,0.011699299910105765,1,8192,856355,1,0.855734,1687,,
beyin MR (Cheng),1591,2,0,paket,0.010134699987247586,1,8192,855946,1,0.855734,1324,,
beyin MR (Cheng),1592,2,0,paket,0.009982499992474914,1,8192,855276,1,0.855734,1806,,
beyin MR (Cheng),1593,2,3,paket,0.010577999986708164,1,8192,856165,1,0.855734,486,,
beyin MR (Cheng),1594,2,3,paket,0.010720100020989776,1,8192,855584,1,0.855734,323,,
beyin MR (Cheng),1595,2,0,paket,0.010537900030612946,1,8192,855308,1,0.855734,1006,,
beyin MR (Cheng),1596,2,0,paket,0.010254299966618419,1,8192,854657,1,0.855734,1404,,
beyin MR (Cheng),1597,2,0,paket,0.010039099957793951,1,8192,855460,1,0.855734,1065,,
beyin MR (Cheng),1598,2,0,paket,0.009907900006510317,1,8192,855309,1,0.855734,1124,,
beyin MR (Cheng),1599,2,2,paket,0.010410099988803267,1,8192,856099,1,0.855734,1615,,
beyin MR (Cheng),1600,2,2,paket,0.010220500058494508,1,8192,856082,1,0.855734,2078,,
beyin MR (Cheng),1601,2,2,paket,0.009816300007514656,1,8192,855824,1,0.855734,2445,,
beyin MR (Cheng),1602,2,2,paket,0.010270099970512092,1,8192,855351,1,0.855734,2120,,
beyin MR (Cheng),1603,2,2,paket,0.010413300013169646,1,8192,855388,1,0.855734,612,,
beyin MR (Cheng),1604,2,4,paket,0.010348299983888865,1,8192,855328,1,0.855734,651,,
beyin MR (Cheng),1605,2,4,paket,0.010032600024715066,1,8192,855262,1,0.855734,795,,
beyin MR (Cheng),1606,2,4,paket,0.010101100080646574,1,8192,855206,1,0.855734,791,,
beyin MR (Cheng),1607,2,4,paket,0.009906599996611476,1,8192,855285,1,0.855734,5882,,
beyin MR (Cheng),1608,2,3,paket,0.01072509994264692,1,8192,855907,1,0.855734,1673,,
beyin MR (Cheng),1609,2,3,paket,0.013050899957306683,1,8192,855560,1,0.855734,1631,,
beyin MR (Cheng),1610,2,3,paket,0.012523100012913346,1,8192,855635,1,0.855734,3131,,
beyin MR (Cheng),1611,2,3,paket,0.010068099945783615,1,8192,855367,1,0.855734,3311,,
beyin MR (Cheng),1612,2,3,paket,0.01029409992042929,1,8192,855220,1,0.855734,1969,,
beyin MR (Cheng),1613,2,3,paket,0.010712700081057847,1,8192,856141,1,0.855734,2808,,
beyin MR (Cheng),1614,2,3,paket,0.010707799927331507,1,8192,855250,1,0.855734,5928,,
beyin MR (Cheng),1615,2,0,paket,0.010025499970652163,1,8192,855196,1,0.855734,550,,
beyin MR (Cheng),1616,2,0,paket,0.01101849996484816,1,8192,855729,1,0.855734,1188,,
beyin MR (Cheng),1617,2,0,paket,0.010202000034041703,1,8192,855988,1,0.855734,2407,,
beyin MR (Cheng),1618,2,0,paket,0.010672099888324738,1,8192,856115,1,0.855734,2407,,
beyin MR (Cheng),1619,2,0,paket,0.010212199995294213,1,8192,855951,1,0.855734,2142,,
beyin MR (Cheng),1620,2,0,paket,0.010756899951957166,1,8192,855310,1,0.855734,1512,,
beyin MR (Cheng),1621,2,0,paket,0.009951699990779161,1,8192,855819,1,0.855734,2247,,
beyin MR (Cheng),1622,2,0,paket,0.010188500047661364,1,8192,855193,1,0.855734,4633,,
beyin MR (Cheng),1623,2,0,paket,0.010020800051279366,1,8192,855259,1,0.855734,7794,,
beyin MR (Cheng),1624,2,0,paket,0.010042100097052753,1,8192,855058,2,1.711468,8339,,
beyin MR (Cheng),1625,2,0,paket,0.010040099965408444,1,8192,856054,1,0.855734,8162,,
beyin MR (Cheng),1626,2,0,paket,0.010016200016252697,1,8192,855546,1,0.855734,5341,,
beyin MR (Cheng),1627,2,3,paket,0.01122330001089722,1,8192,855853,1,0.855734,996,,
beyin MR (Cheng),1628,2,3,paket,0.01085419999435544,1,8192,856050,1,0.855734,2460,,
beyin MR (Cheng),1629,2,3,paket,0.00978900003246963,1,8192,855989,1,0.855734,3457,,
beyin MR (Cheng),1630,2,3,paket,0.010610600002110004,1,8192,855261,1,0.855734,3791,,
beyin MR (Cheng),1631,2,3,paket,0.009996099979616702,1,8192,855708,1,0.855734,5429,,
beyin MR (Cheng),1632,2,3,paket,0.009967399993911386,1,8192,856095,1,0.855734,5556,,
beyin MR (Cheng),1633,2,4,paket,0.009998900000937283,1,8192,855140,1,0.855734,552,,
beyin MR (Cheng),1634,2,4,paket,0.010139600024558604,1,8192,855906,1,0.855734,2337,,
beyin MR (Cheng),1635,2,4,paket,0.00999479996971786,1,8192,854554,1,0.855734,3495,,
beyin MR (Cheng),1636,2,4,paket,0.011877399985678494,1,8192,855328,1,0.855734,4019,,
beyin MR (Cheng),1637,2,4,paket,0.009987099911086261,1,8192,856307,1,0.855734,3784,,
beyin MR (Cheng),1638,2,4,paket,0.010410199989564717,1,8192,855162,1,0.855734,3243,,
beyin MR (Cheng),1639,2,3,paket,0.011066799983382225,1,8192,855863,1,0.855734,1554,,
beyin MR (Cheng),1640,2,3,paket,0.010098899947479367,1,8192,855652,1,0.855734,2035,,
beyin MR (Cheng),1641,2,3,paket,0.010380299994722009,1,8192,855657,1,0.855734,2485,,
beyin MR (Cheng),1642,2,3,paket,0.010536100016906857,1,8192,856013,1,0.855734,1779,,
beyin MR (Cheng),1643,2,1,paket,0.010170799912884831,1,8192,855572,1,0.855734,1906,,
beyin MR (Cheng),1644,2,1,paket,0.010529299965128303,1,8192,856133,1,0.855734,1802,,
beyin MR (Cheng),1645,2,1,paket,0.01007499999832362,1,8192,856034,1,0.855734,2212,,
beyin MR (Cheng),1646,2,1,paket,0.010178699973039329,1,8192,855391,1,0.855734,2380,,
beyin MR (Cheng),1647,2,1,paket,0.010073199984617531,1,8192,856217,1,0.855734,2300,,
beyin MR (Cheng),1648,2,1,paket,0.010911600082181394,1,8192,855791,1,0.855734,2095,,
beyin MR (Cheng),1649,2,1,paket,0.010051499935798347,1,8192,855175,1,0.855734,1735,,
beyin MR (Cheng),1650,2,2,paket,0.011302800034172833,1,8192,855536,1,0.855734,340,,
beyin MR (Cheng),1651,2,2,paket,0.010608699987642467,1,8192,856073,1,0.855734,459,,
beyin MR (Cheng),1652,2,2,paket,0.009918599971570075,1,8192,855781,1,0.855734,665,,
beyin MR (Cheng),1653,2,2,paket,0.010345299961045384,1,8192,855773,1,0.855734,509,,
beyin MR (Cheng),1654,2,2,paket,0.009993599960580468,1,8192,855856,1,0.855734,461,,
beyin MR (Cheng),1655,2,2,paket,0.010442700004205108,1,8192,855911,1,0.855734,737,,
beyin MR (Cheng),1656,2,2,paket,0.010003700037486851,1,8192,855751,1,0.855734,610,,
beyin MR (Cheng),1657,2,2,paket,0.010578199988231063,1,8192,856012,1,0.855734,541,,
beyin MR (Cheng),1658,2,0,paket,0.01004369999282062,1,8192,855337,1,0.855734,545,,
beyin MR (Cheng),1659,2,0,paket,0.012238000053912401,1,8192,856103,1,0.855734,638,,
beyin MR (Cheng),1660,2,0,paket,0.010037200059741735,1,8192,855361,1,0.855734,722,,
beyin MR (Cheng),1661,2,0,paket,0.010716899996623397,1,8192,855938,1,0.855734,546,,
beyin MR (Cheng),1662,2,0,paket,0.012776200077496469,1,8192,855301,1,0.855734,807,,
beyin MR (Cheng),1663,2,0,paket,0.011766999959945679,1,8192,855376,1,0.855734,742,,
beyin MR (Cheng),1664,2,3,paket,0.010375899961218238,1,8192,855754,1,0.855734,769,,
beyin MR (Cheng),1665,2,3,paket,0.010587000055238605,1,8192,855561,1,0.855734,1007,,
beyin MR (Cheng),1666,2,3,paket,0.00995909993071109,1,8192,856025,1,0.855734,1236,,
beyin MR (Cheng),1667,2,3,paket,0.009882900048978627,1,8192,855868,1,0.855734,1480,,
beyin MR (Cheng),1668,2,3,paket,0.010386800044216216,1,8192,855478,1,0.855734,1262,,
beyin MR (Cheng),1669,2,3,paket,0.0107433000812307,1,8192,856214,1,0.855734,1265,,
beyin MR (Cheng),1670,2,3,paket,0.011383899953216314,1,8192,856032,1,0.855734,867,,
beyin MR (Cheng),1671,2,1,paket,0.011279199970886111,1,8192,856070,1,0.855734,371,,
beyin MR (Cheng),1672,2,2,paket,0.010776599985547364,1,8192,855936,1,0.855734,1291,,
beyin MR (Cheng),1673,2,2,paket,0.010643100016750395,1,8192,855685,1,0.855734,1188,,
beyin MR (Cheng),1674,2,2,paket,0.01052959996741265,1,8192,856195,1,0.855734,969,,
beyin MR (Cheng),1675,2,2,paket,0.010278300032950938,1,8192,855704,1,0.855734,774,,
beyin MR (Cheng),1676,2,2,paket,0.00991340004839003,1,8192,855444,1,0.855734,1021,,
beyin MR (Cheng),1677,2,2,paket,0.01039800001308322,1,8192,855639,1,0.855734,1996,,
beyin MR (Cheng),1678,2,2,paket,0.010191700072027743,1,8192,855990,1,0.855734,2416,,
beyin MR (Cheng),1679,2,2,paket,0.010132099967449903,1,8192,855985,1,0.855734,3028,,
beyin MR (Cheng),1680,2,2,paket,0.01207349996548146,1,8192,855903,1,0.855734,3055,,
beyin MR (Cheng),1681,2,2,paket,0.010339800035580993,1,8192,855948,1,0.855734,1725,,
beyin MR (Cheng),1682,2,2,paket,0.00994429993443191,1,8192,855937,1,0.855734,1323,,
beyin MR (Cheng),1683,2,2,paket,0.009736299980431795,1,8192,855772,1,0.855734,1254,,
beyin MR (Cheng),1684,2,2,paket,0.010427700006403029,1,8192,855304,1,0.855734,2852,,
beyin MR (Cheng),1685,2,2,paket,0.010043999995104969,1,8192,855262,1,0.855734,3894,,
beyin MR (Cheng),1686,2,2,paket,0.01016830001026392,1,8192,855977,1,0.855734,3882,,
beyin MR (Cheng),1687,2,2,paket,0.010216200025752187,1,8192,855348,1,0.855734,3899,,
beyin MR (Cheng),1688,2,2,paket,0.010216700029559433,1,8192,855884,1,0.855734,2678,,
beyin MR (Cheng),1689,2,2,paket,0.010170300025492907,1,8192,855282,1,0.855734,1334,,
beyin MR (Cheng),1690,2,2,paket,0.010391700081527233,1,8192,855327,1,0.855734,1178,,
beyin MR (Cheng),1691,2,0,paket,0.010247800033539534,1,8192,855653,1,0.855734,1045,,
beyin MR (Cheng),1692,2,0,paket,0.010989499976858497,1,8192,855396,1,0.855734,1599,,
beyin MR (Cheng),1693,2,0,paket,0.010121200000867248,1,8192,855309,1,0.855734,2137,,
beyin MR (Cheng),1694,2,0,paket,0.012883699964731932,1,8192,855199,1,0.855734,2748,,
beyin MR (Cheng),1695,2,0,paket,0.010073899989947677,1,8192,856051,1,0.855734,2267,,
beyin MR (Cheng),1696,2,0,paket,0.011539199971593916,1,8192,855560,1,0.855734,1381,,
beyin MR (Cheng),1697,2,0,paket,0.01185290003195405,1,8192,855238,1,0.855734,889,,
beyin MR (Cheng),1698,2,0,paket,0.01036079996265471,1,8192,855434,1,0.855734,882,,
beyin MR (Cheng),1699,2,1,paket,0.010514699970372021,1,8192,855357,1,0.855734,928,,
beyin MR (Cheng),1700,2,1,paket,0.00992959993891418,1,8192,856125,1,0.855734,1101,,
beyin MR (Cheng),1701,2,1,paket,0.010025199968367815,1,8192,855833,1,0.855734,950,,
beyin MR (Cheng),1702,2,1,paket,0.0100702999625355,1,8192,855917,1,0.855734,869,,
beyin MR (Cheng),1703,2,4,paket,0.009883000049740076,1,8192,855319,1,0.855734,1614,,
beyin MR (Cheng),1704,2,4,paket,0.010382100008428097,1,8192,855814,1,0.855734,2216,,
beyin MR (Cheng),1705,2,4,paket,0.010650699958205223,1,8192,855365,1,0.855734,2188,,
beyin MR (Cheng),1706,2,4,paket,0.010008499957621098,1,8192,856149,1,0.855734,1981,,
beyin MR (Cheng),1707,2,4,paket,0.010330899967812002,1,8192,855384,1,0.855734,1360,,
beyin MR (Cheng),1708,2,1,paket,0.010190000059083104,1,8192,855319,1,0.855734,2500,,
beyin MR (Cheng),1709,2,1,paket,0.0167379000922665,1,8192,856014,1,0.855734,3851,,
beyin MR (Cheng),1710,2,1,paket,0.01083799998741597,1,8192,856110,1,0.855734,3940,,
beyin MR (Cheng),1711,2,1,paket,0.010184800019487739,1,8192,856228,1,0.855734,3507,,
beyin MR (Cheng),1712,2,1,paket,0.010006899945437908,1,8192,855308,1,0.855734,1781,,
beyin MR (Cheng),1713,2,3,paket,0.012664100038819015,1,8192,855683,1,0.855734,1031,,
beyin MR (Cheng),1714,2,3,paket,0.010877700056880713,1,8192,856106,1,0.855734,1599,,
beyin MR (Cheng),1715,2,3,paket,0.010762999998405576,1,8192,856145,1,0.855734,1833,,
beyin MR (Cheng),1716,2,3,paket,0.010133199975825846,1,8192,855416,1,0.855734,2542,,
beyin MR (Cheng),1717,2,3,paket,0.010153600014746189,1,8192,855319,1,0.855734,2599,,
beyin MR (Cheng),1718,2,3,paket,0.010936099919490516,1,8192,856099,1,0.855734,2200,,
beyin MR (Cheng),1719,2,3,paket,0.009933800087310374,1,8192,855182,1,0.855734,698,,
beyin MR (Cheng),1720,2,2,paket,0.01090610004030168,1,8192,855909,1,0.855734,473,,
beyin MR (Cheng),1721,2,2,paket,0.011796999955549836,1,8192,855604,1,0.855734,1038,,
beyin MR (Cheng),1722,2,2,paket,0.010151199996471405,1,8192,854750,1,0.855734,1009,,
beyin MR (Cheng),1723,2,2,paket,0.01090630004182458,1,8192,855592,1,0.855734,1038,,
beyin MR (Cheng),1724,2,1,paket,0.010832500061951578,1,8192,856252,1,0.855734,3378,,
beyin MR (Cheng),1725,2,1,paket,0.010931600001640618,1,8192,855389,1,0.855734,7932,,
beyin MR (Cheng),1726,2,1,paket,0.010926599963568151,1,8192,855813,2,1.711468,10496,,
beyin MR (Cheng),1727,2,1,paket,0.01101900008507073,1,8192,856101,2,1.711468,11550,,
beyin MR (Cheng),1728,2,1,paket,0.010502199991606176,1,8192,855257,2,1.711468,11684,,
beyin MR (Cheng),1729,2,1,paket,0.010223299963399768,1,8192,855573,2,1.711468,10912,,
beyin MR (Cheng),1730,2,1,paket,0.010078600025735795,1,8192,855348,2,1.711468,9620,,
beyin MR (Cheng),1731,2,1,paket,0.010074499994516373,1,8192,855944,1,0.855734,4193,,
beyin MR (Cheng),1732,2,1,paket,0.010158500052057207,1,8192,855584,1,0.855734,2734,,
beyin MR (Cheng),1733,2,2,paket,0.009988500038161874,1,8192,855954,1,0.855734,3209,,
beyin MR (Cheng),1734,2,2,paket,0.01183670002501458,1,8192,855796,1,0.855734,3952,,
beyin MR (Cheng),1735,2,2,paket,0.010138900019228458,1,8192,855314,1,0.855734,3791,,
beyin MR (Cheng),1736,2,2,paket,0.010472599999047816,1,8192,855680,1,0.855734,3928,,
beyin MR (Cheng),1737,2,2,paket,0.010887200012803078,1,8192,855245,1,0.855734,3832,,
beyin MR (Cheng),1738,2,2,paket,0.010305500007234514,1,8192,855938,1,0.855734,2928,,
beyin MR (Cheng),1739,2,2,paket,0.010026000090874732,1,8192,855908,1,0.855734,1831,,
beyin MR (Cheng),1740,2,4,paket,0.010278600035235286,1,8192,855268,1,0.855734,630,,
beyin MR (Cheng),1741,2,4,paket,0.009830199996940792,1,8192,854928,1,0.855734,941,,
beyin MR (Cheng),1742,2,4,paket,0.01004219998139888,1,8192,856213,1,0.855734,1014,,
beyin MR (Cheng),1743,2,4,paket,0.010029199998825788,1,8192,854932,1,0.855734,1165,,
beyin MR (Cheng),1744,2,4,paket,0.010872500017285347,1,8192,855867,1,0.855734,1341,,
beyin MR (Cheng),1745,2,4,paket,0.013682899996638298,1,8192,856041,1,0.855734,1393,,
beyin MR (Cheng),1746,2,4,paket,0.009954000008292496,1,8192,855891,1,0.855734,652,,
beyin MR (Cheng),1747,2,1,paket,0.010362599976360798,1,8192,855932,1,0.855734,590,,
beyin MR (Cheng),1748,2,1,paket,0.010032500023953617,1,8192,855933,1,0.855734,759,,
beyin MR (Cheng),1749,2,1,paket,0.010620700079016387,1,8192,855190,1,0.855734,964,,
beyin MR (Cheng),1750,2,1,paket,0.010051000048406422,1,8192,856144,1,0.855734,1006,,
beyin MR (Cheng),1751,2,1,paket,0.011726600001566112,1,8192,855305,1,0.855734,1050,,
beyin MR (Cheng),1752,2,1,paket,0.010810900013893843,1,8192,855933,1,0.855734,655,,
beyin MR (Cheng),1753,2,4,paket,0.010509700048714876,1,8192,855753,1,0.855734,455,,
beyin MR (Cheng),1754,2,4,paket,0.009800400002859533,1,8192,855303,1,0.855734,486,,
beyin MR (Cheng),1755,2,4,paket,0.01124519994482398,1,8192,856102,1,0.855734,493,,
beyin MR (Cheng),1756,2,4,paket,0.010783900041133165,1,8192,856008,1,0.855734,493,,
beyin MR (Cheng),1757,2,4,paket,0.013635499984957278,1,8192,855982,1,0.855734,540,,
beyin MR (Cheng),1758,2,1,paket,0.009986900025978684,1,8192,856058,1,0.855734,915,,
beyin MR (Cheng),1759,2,1,paket,0.010182300000451505,1,8192,855894,1,0.855734,962,,
beyin MR (Cheng),1760,2,0,paket,0.010176600073464215,1,8192,855504,1,0.855734,731,,
beyin MR (Cheng),1761,2,0,paket,0.009965999983251095,1,8192,855968,1,0.855734,918,,
beyin MR (Cheng),1762,2,0,paket,0.010827100020833313,1,8192,854839,1,0.855734,668,,
beyin MR (Cheng),1763,2,0,paket,0.010317299980670214,1,8192,854407,1,0.855734,481,,
beyin MR (Cheng),1764,2,0,paket,0.011747600045055151,1,8192,855439,1,0.855734,316,,
beyin MR (Cheng),1765,2,4,paket,0.011317800031974912,1,8192,856076,1,0.855734,2592,,
beyin MR (Cheng),1766,2,4,paket,0.009874399984255433,1,8192,855098,1,0.855734,2899,,
beyin MR (Cheng),1767,2,4,paket,0.010806199978105724,1,8192,855947,1,0.855734,3372,,
beyin MR (Cheng),1768,2,4,paket,0.010219599935226142,1,8192,855827,1,0.855734,3805,,
beyin MR (Cheng),1769,2,4,paket,0.011104000033810735,1,8192,855376,1,0.855734,3241,,
beyin MR (Cheng),1770,2,4,paket,0.010025699972175062,1,8192,856250,1,0.855734,1870,,
beyin MR (Cheng),1771,2,4,paket,0.010046600014902651,1,8192,854795,1,0.855734,958,,
beyin MR (Cheng),1772,2,3,paket,0.010911599965766072,1,8192,856145,1,0.855734,4138,,
beyin MR (Cheng),1773,2,3,paket,0.010297299944795668,1,8192,855172,1,0.855734,2900,,
beyin MR (Cheng),1774,2,3,paket,0.011327899992465973,1,8192,855251,1,0.855734,4271,,
beyin MR (Cheng),1775,2,3,paket,0.010950900032185018,1,8192,856208,1,0.855734,4789,,
beyin MR (Cheng),1776,2,3,paket,0.010241499985568225,1,8192,855893,1,0.855734,4650,,
beyin MR (Cheng),1777,2,3,paket,0.01053119997959584,1,8192,856079,1,0.855734,2964,,
beyin MR (Cheng),1778,2,3,paket,0.010203999932855368,1,8192,856049,1,0.855734,2979,,
beyin MR (Cheng),1779,2,3,paket,0.010269299964420497,1,8192,855534,1,0.855734,1541,,
beyin MR (Cheng),1780,2,0,paket,0.010347999981604517,1,8192,855506,1,0.855734,709,,
beyin MR (Cheng),1781,2,0,paket,0.01439069991465658,1,8192,855270,1,0.855734,1910,,
beyin MR (Cheng),1782,2,0,paket,0.009979000082239509,1,8192,855291,1,0.855734,2365,,
beyin MR (Cheng),1783,2,0,paket,0.010174800059758127,1,8192,855220,1,0.855734,1806,,
beyin MR (Cheng),1784,2,0,paket,0.010592599981464446,1,8192,855318,1,0.855734,946,,
beyin MR (Cheng),1785,2,3,paket,0.009889099979773164,1,8192,856026,1,0.855734,451,,
beyin MR (Cheng),1786,2,3,paket,0.009875799994915724,1,8192,855222,1,0.855734,500,,
beyin MR (Cheng),1787,2,3,paket,0.010111100040376186,1,8192,855341,1,0.855734,480,,
beyin MR (Cheng),1788,2,0,paket,0.010372200049459934,1,8192,855168,1,0.855734,482,,
beyin MR (Cheng),1789,2,0,paket,0.011151700047776103,1,8192,855939,1,0.855734,584,,
beyin MR (Cheng),1790,2,0,paket,0.01021129998844117,1,8192,856077,1,0.855734,665,,
beyin MR (Cheng),1791,2,0,paket,0.010217799921520054,1,8192,855212,1,0.855734,341,,
beyin MR (Cheng),1792,2,0,paket,0.010926999966613948,1,8192,855944,1,0.855734,703,,
beyin MR (Cheng),1793,2,0,paket,0.009956999914720654,1,8192,856173,1,0.855734,693,,
beyin MR (Cheng),1794,2,2,paket,0.010653399978764355,1,8192,856129,1,0.855734,1827,,
beyin MR (Cheng),1795,2,2,paket,0.00984369998332113,1,8192,856042,1,0.855734,2006,,
beyin MR (Cheng),1796,2,2,paket,0.010309700039215386,1,8192,855961,1,0.855734,2081,,
beyin MR (Cheng),1797,2,2,paket,0.010282399947755039,1,8192,856169,1,0.855734,1783,,
beyin MR (Cheng),1798,2,2,paket,0.010214400012046099,1,8192,855860,1,0.855734,1601,,
beyin MR (Cheng),1799,2,2,paket,0.01086030004080385,1,8192,855638,1,0.855734,1043,,
beyin MR (Cheng),1800,2,4,paket,0.009952399996109307,1,8192,855319,1,0.855734,845,,
beyin MR (Cheng),1801,2,4,paket,0.011877299984917045,1,8192,855995,1,0.855734,791,,
beyin MR (Cheng),1802,2,4,paket,0.010012799990363419,1,8192,855970,1,0.855734,546,,
beyin MR (Cheng),1803,2,4,paket,0.011414899956434965,1,8192,855744,1,0.855734,452,,
beyin MR (Cheng),1804,2,4,paket,0.009816499892622232,1,8192,855300,1,0.855734,613,,
beyin MR (Cheng),1805,2,3,paket,0.011218499974347651,1,8192,855854,1,0.855734,1187,,
beyin MR (Cheng),1806,2,3,paket,0.01024680002592504,1,8192,855780,1,0.855734,1836,,
beyin MR (Cheng),1807,2,3,paket,0.011684300028719008,1,8192,856183,1,0.855734,1490,,
beyin MR (Cheng),1808,2,3,paket,0.009873099974356592,1,8192,856060,1,0.855734,1968,,
beyin MR (Cheng),1809,2,3,paket,0.01222449995111674,1,8192,855401,1,0.855734,1697,,
beyin MR (Cheng),1810,2,3,paket,0.009966199984773993,1,8192,855253,1,0.855734,1543,,
beyin MR (Cheng),1811,2,3,paket,0.010779700009152293,1,8192,855413,1,0.855734,1194,,
beyin MR (Cheng),1812,2,0,paket,0.00997709995135665,1,8192,856031,1,0.855734,922,,
beyin MR (Cheng),1813,2,0,paket,0.010407599969767034,1,8192,855265,1,0.855734,928,,
beyin MR (Cheng),1814,2,0,paket,0.010019700042903423,1,8192,855275,1,0.855734,1620,,
beyin MR (Cheng),1815,2,0,paket,0.01004809990990907,1,8192,855724,1,0.855734,1825,,
beyin MR (Cheng),1816,2,0,paket,0.011916400049813092,1,8192,855547,1,0.855734,1610,,
beyin MR (Cheng),1817,2,0,paket,0.010792699991725385,1,8192,855869,1,0.855734,1691,,
beyin MR (Cheng),1818,2,0,paket,0.010093300021253526,1,8192,855321,1,0.855734,2036,,
beyin MR (Cheng),1819,2,0,paket,0.01080990000627935,1,8192,855848,1,0.855734,1977,,
beyin MR (Cheng),1820,2,0,paket,0.010373299941420555,1,8192,855969,1,0.855734,1083,,
beyin MR (Cheng),1821,2,0,paket,0.010203700046986341,1,8192,855297,1,0.855734,2383,,
beyin MR (Cheng),1822,2,0,paket,0.010170200024731457,1,8192,856078,1,0.855734,3627,,
beyin MR (Cheng),1823,2,0,paket,0.010874500032514334,1,8192,856074,1,0.855734,4495,,
beyin MR (Cheng),1824,2,0,paket,0.010168500011786819,1,8192,855597,1,0.855734,5851,,
beyin MR (Cheng),1825,2,0,paket,0.010982700041495264,1,8192,855234,1,0.855734,5971,,
beyin MR (Cheng),1826,2,0,paket,0.010213400004431605,1,8192,855813,1,0.855734,6397,,
beyin MR (Cheng),1827,2,0,paket,0.01170180004555732,1,8192,854436,1,0.855734,4848,,
beyin MR (Cheng),1828,2,0,paket,0.01017430005595088,1,8192,856153,1,0.855734,3866,,
beyin MR (Cheng),1829,2,3,paket,0.010188200045377016,1,8192,855495,1,0.855734,1894,,
beyin MR (Cheng),1830,2,3,paket,0.010031199897639453,1,8192,855166,1,0.855734,3585,,
beyin MR (Cheng),1831,2,3,paket,0.010201400029473007,1,8192,855617,1,0.855734,3639,,
beyin MR (Cheng),1832,2,3,paket,0.010116699966602027,1,8192,855808,1,0.855734,3662,,
beyin MR (Cheng),1833,2,3,paket,0.010369100025855005,1,8192,855474,1,0.855734,2772,,
beyin MR (Cheng),1834,2,4,paket,0.010982500039972365,1,8192,855865,1,0.855734,2216,,
beyin MR (Cheng),1835,2,4,paket,0.010748700005933642,1,8192,855577,1,0.855734,2785,,
beyin MR (Cheng),1836,2,4,paket,0.010172300040721893,1,8192,856020,1,0.855734,3277,,
beyin MR (Cheng),1837,2,4,paket,0.011954299989156425,1,8192,855249,1,0.855734,3048,,
beyin MR (Cheng),1838,2,4,paket,0.010596300009638071,1,8192,856032,1,0.855734,2289,,
beyin MR (Cheng),1839,2,4,paket,0.010071499971672893,1,8192,855411,1,0.855734,920,,
beyin MR (Cheng),1840,1,1,paket,0.012103299959562719,1,8192,855839,1,0.855734,996,,
beyin MR (Cheng),1841,1,1,paket,0.010241399984806776,1,8192,855694,1,0.855734,3908,,
beyin MR (Cheng),1842,1,1,paket,0.010846500052139163,1,8192,855829,1,0.855734,1677,,
beyin MR (Cheng),1843,1,1,paket,0.01186920003965497,1,8192,856259,1,0.855734,2732,,
beyin MR (Cheng),1844,1,1,paket,0.010840200004167855,1,8192,855616,1,0.855734,3198,,
beyin MR (Cheng),1845,1,1,paket,0.01001730002462864,1,8192,856142,1,0.855734,3251,,
beyin MR (Cheng),1846,1,1,paket,0.010603000060655177,1,8192,855210,1,0.855734,3714,,
beyin MR (Cheng),1847,1,1,paket,0.010122700012288988,1,8192,855202,1,0.855734,5183,,
beyin MR (Cheng),1848,1,1,paket,0.010468199965544045,1,8192,855366,1,0.855734,2031,,
beyin MR (Cheng),1849,1,1,paket,0.010018699918873608,1,8192,855314,1,0.855734,3191,,
beyin MR (Cheng),1850,1,1,paket,0.009929299936629832,1,8192,856158,1,0.855734,2588,,
beyin MR (Cheng),1851,1,1,paket,0.010035800049081445,1,8192,855637,1,0.855734,810,,
beyin MR (Cheng),1852,1,0,paket,0.009914400056004524,1,8192,855360,1,0.855734,4631,,
beyin MR (Cheng),1853,1,3,paket,0.010028099990449846,1,8192,855633,1,0.855734,6786,,
beyin MR (Cheng),1854,1,3,paket,0.010435999953188002,1,8192,855258,2,1.711468,12206,,
beyin MR (Cheng),1855,1,3,paket,0.010987000074237585,1,8192,856139,2,1.711468,8572,,
beyin MR (Cheng),1856,1,3,paket,0.0104792999336496,1,8192,855988,2,1.711468,10325,,
beyin MR (Cheng),1857,1,3,paket,0.010369300027377903,1,8192,856066,2,1.711468,13874,,
beyin MR (Cheng),1858,1,3,paket,0.0107164999935776,1,8192,856079,2,1.711468,12621,,
beyin MR (Cheng),1859,1,3,paket,0.00989989994559437,1,8192,856197,1,0.855734,7945,,
beyin MR (Cheng),1860,1,3,paket,0.009859199984930456,1,8192,856024,1,0.855734,6504,,
beyin MR (Cheng),1861,1,3,paket,0.010155399912036955,1,8192,854884,1,0.855734,506,,
beyin MR (Cheng),1862,1,3,paket,0.010059799998998642,1,8192,855783,1,0.855734,4765,,
beyin MR (Cheng),1863,1,3,paket,0.011684800032526255,1,8192,855796,2,1.711468,10143,,
beyin MR (Cheng),1864,1,3,paket,0.009968800004571676,1,8192,855770,2,1.711468,12917,,
beyin MR (Cheng),1865,1,3,paket,0.011093199951574206,1,8192,856193,2,1.711468,13685,,
beyin MR (Cheng),1866,1,3,paket,0.010444900020956993,1,8192,856064,1,0.855734,3847,,
beyin MR (Cheng),1867,1,3,paket,0.010730799986049533,1,8192,855190,1,0.855734,3273,,
beyin MR (Cheng),1868,1,3,paket,0.010755900060757995,1,8192,854867,1,0.855734,1987,,
beyin MR (Cheng),1869,1,0,paket,0.01212410000152886,1,8192,855705,1,0.855734,4733,,
beyin MR (Cheng),1870,1,0,paket,0.010152800008654594,1,8192,855232,1,0.855734,7419,,
beyin MR (Cheng),1871,1,0,paket,0.009935799986124039,1,8192,856048,2,1.711468,8950,,
beyin MR (Cheng),1872,1,0,paket,0.010887300013564527,1,8192,855486,2,1.711468,10390,,
beyin MR (Cheng),1873,1,0,paket,0.00988959998358041,1,8192,855616,2,1.711468,10987,,
beyin MR (Cheng),1874,1,0,paket,0.010185900027863681,1,8192,856084,2,1.711468,11035,,
beyin MR (Cheng),1875,1,0,paket,0.010187800042331219,1,8192,855384,2,1.711468,9662,,
beyin MR (Cheng),1876,1,0,paket,0.010219600051641464,1,8192,856051,2,1.711468,8635,,
beyin MR (Cheng),1877,1,0,paket,0.010852199979126453,1,8192,856074,1,0.855734,4425,,
beyin MR (Cheng),1878,1,2,paket,0.010369000025093555,1,8192,855344,1,0.855734,2843,,
beyin MR (Cheng),1879,1,2,paket,0.01047049998305738,1,8192,855309,1,0.855734,1073,,
beyin MR (Cheng),1880,1,3,paket,0.01127949997317046,1,8192,856013,1,0.855734,1397,,
beyin MR (Cheng),1881,1,3,paket,0.010390799958258867,1,8192,856078,1,0.855734,2366,,
beyin MR (Cheng),1882,1,3,paket,0.010376899968832731,1,8192,855813,1,0.855734,3192,,
beyin MR (Cheng),1883,1,3,paket,0.011135000037029386,1,8192,855275,1,0.855734,3175,,
beyin MR (Cheng),1884,1,1,paket,0.010142300045117736,1,8192,856114,1,0.855734,904,,
beyin MR (Cheng),1885,1,1,paket,0.010589699959382415,1,8192,855367,1,0.855734,765,,
beyin MR (Cheng),1886,1,1,paket,0.010184200014919043,1,8192,855979,1,0.855734,1513,,
beyin MR (Cheng),1887,1,1,paket,0.010171500034630299,1,8192,855162,1,0.855734,1362,,
beyin MR (Cheng),1888,1,1,paket,0.010363199980929494,1,8192,855160,2,1.711468,10741,,
beyin MR (Cheng),1889,1,1,paket,0.010561300092376769,1,8192,856222,2,1.711468,9115,,
beyin MR (Cheng),1890,1,1,paket,0.010902100009843707,1,8192,855361,2,1.711468,9553,,
beyin MR (Cheng),1891,1,1,paket,0.010343399946577847,1,8192,854792,1,0.855734,6563,,
beyin MR (Cheng),1892,1,1,paket,0.010817699949257076,1,8192,856228,1,0.855734,2756,,
beyin MR (Cheng),1893,1,1,paket,0.009822399937547743,1,8192,855301,1,0.855734,2931,,
beyin MR (Cheng),1894,1,1,paket,0.011692300089634955,1,8192,856008,1,0.855734,4992,,
beyin MR (Cheng),1895,1,1,paket,0.00993580010253936,1,8192,855962,1,0.855734,4415,,
beyin MR (Cheng),1896,1,1,paket,0.01323949999641627,1,8192,855666,1,0.855734,2552,,
beyin MR (Cheng),1897,1,1,paket,0.010382800013758242,1,8192,855185,1,0.855734,1766,,
beyin MR (Cheng),1898,1,1,paket,0.00996820000000298,1,8192,855868,1,0.855734,731,,
beyin MR (Cheng),1899,1,1,paket,0.010057899984531105,1,8192,855636,1,0.855734,4144,,
beyin MR (Cheng),1900,1,1,paket,0.009905500104650855,1,8192,855260,1,0.855734,5676,,
beyin MR (Cheng),1901,1,1,paket,0.011319699930027127,1,8192,855275,2,1.711468,8790,,
beyin MR (Cheng),1902,1,1,paket,0.00993399997241795,1,8192,855254,2,1.711468,8616,,
beyin MR (Cheng),1903,1,1,paket,0.010464699938893318,1,8192,855444,2,1.711468,8925,,
beyin MR (Cheng),1904,1,1,paket,0.011215199949219823,1,8192,855392,2,1.711468,8736,,
beyin MR (Cheng),1905,1,1,paket,0.009957200032658875,1,8192,856011,1,0.855734,7592,,
beyin MR (Cheng),1906,1,1,paket,0.00983500003349036,1,8192,855296,1,0.855734,5299,,
beyin MR (Cheng),1907,1,1,paket,0.010767500032670796,1,8192,854481,1,0.855734,3275,,
beyin MR (Cheng),1908,1,3,paket,0.010069800075143576,1,8192,855276,1,0.855734,1609,,
beyin MR (Cheng),1909,1,3,paket,0.010897299973294139,1,8192,855978,1,0.855734,1901,,
beyin MR (Cheng),1910,1,3,paket,0.012915100087411702,1,8192,855341,1,0.855734,942,,
beyin MR (Cheng),1911,1,3,paket,0.010236899950541556,1,8192,855629,1,0.855734,7759,,
beyin MR (Cheng),1912,1,3,paket,0.010079000028781593,1,8192,855808,1,0.855734,4322,,
beyin MR (Cheng),1913,1,4,paket,0.010172699927352369,1,8192,855384,1,0.855734,3194,,
beyin MR (Cheng),1914,1,4,paket,0.010105500114150345,1,8192,855833,1,0.855734,4692,,
beyin MR (Cheng),1915,1,4,paket,0.01032400003168732,1,8192,855325,2,1.711468,12075,,
beyin MR (Cheng),1916,1,4,paket,0.010799499927088618,1,8192,855871,1,0.855734,6827,,
beyin MR (Cheng),1917,1,4,paket,0.01060829998459667,1,8192,855609,2,1.711468,12754,,
beyin MR (Cheng),1918,1,4,paket,0.010251899948343635,1,8192,855528,2,1.711468,11540,,
beyin MR (Cheng),1919,1,4,paket,0.010096499929204583,1,8192,855310,2,1.711468,8827,,
beyin MR (Cheng),1920,1,2,paket,0.01065419998485595,1,8192,856157,1,0.855734,3095,,
beyin MR (Cheng),1921,1,2,paket,0.009970500017516315,1,8192,855823,1,0.855734,4393,,
beyin MR (Cheng),1922,1,2,paket,0.010346299968659878,1,8192,855732,2,1.711468,8352,,
beyin MR (Cheng),1923,1,2,paket,0.01503809995483607,1,8192,855664,1,0.855734,6278,,
beyin MR (Cheng),1924,1,2,paket,0.010089299990795553,1,8192,855821,1,0.855734,4542,,
beyin MR (Cheng),1925,1,2,paket,0.011791200027801096,1,8192,856094,1,0.855734,3560,,
beyin MR (Cheng),1926,1,2,paket,0.01017270004376769,1,8192,855801,1,0.855734,2442,,
beyin MR (Cheng),1927,1,2,paket,0.010036999941803515,1,8192,856078,1,0.855734,1931,,
beyin MR (Cheng),1928,1,2,paket,0.010304199997335672,1,8192,855684,1,0.855734,3883,,
beyin MR (Cheng),1929,1,2,paket,0.010386000038124621,1,8192,855945,2,1.711468,13232,,
beyin MR (Cheng),1930,1,2,paket,0.010076200007461011,1,8192,856068,1,0.855734,2831,,
beyin MR (Cheng),1931,1,2,paket,0.010872899903915823,1,8192,856273,1,0.855734,3152,,
beyin MR (Cheng),1932,1,2,paket,0.010736000025644898,1,8192,856016,1,0.855734,5731,,
beyin MR (Cheng),1933,1,2,paket,0.009874999988824129,1,8192,855691,1,0.855734,3790,,
beyin MR (Cheng),1934,1,2,paket,0.011074499925598502,1,8192,855145,2,1.711468,9381,,
beyin MR (Cheng),1935,1,2,paket,0.01077880000229925,1,8192,855334,2,1.711468,10947,,
beyin MR (Cheng),1936,1,0,paket,0.011130200000479817,1,8192,856172,2,1.711468,15835,,
beyin MR (Cheng),1937,1,0,paket,0.010027699987404048,1,8192,855222,3,2.567202,18742,,
beyin MR (Cheng),1938,1,0,paket,0.010131699964404106,1,8192,855309,2,1.711468,9867,,
beyin MR (Cheng),1939,1,0,paket,0.01015929994173348,1,8192,855808,2,1.711468,10992,,
beyin MR (Cheng),1940,1,0,paket,0.010114099946804345,1,8192,854945,2,1.711468,9349,,
beyin MR (Cheng),1941,1,0,paket,0.010179200093261898,1,8192,856147,2,1.711468,8332,,
beyin MR (Cheng),1942,1,0,paket,0.010243299999274313,1,8192,855292,2,1.711468,9391,,
beyin MR (Cheng),1943,1,0,paket,0.010410999995656312,1,8192,855218,1,0.855734,5824,,
beyin MR (Cheng),1944,1,0,paket,0.009998599998652935,1,8192,856043,1,0.855734,7272,,
beyin MR (Cheng),1945,1,0,paket,0.010625499999150634,1,8192,855273,1,0.855734,6376,,
beyin MR (Cheng),1946,1,0,paket,0.010342600056901574,1,8192,855086,1,0.855734,4935,,
beyin MR (Cheng),1947,1,3,paket,0.012637600069865584,1,8192,855908,1,0.855734,4719,,
beyin MR (Cheng),1948,1,3,paket,0.011292500072158873,1,8192,856097,1,0.855734,5589,,
beyin MR (Cheng),1949,1,4,paket,0.010416000033728778,1,8192,856189,1,0.855734,1084,,
beyin MR (Cheng),1950,1,4,paket,0.01148400001693517,1,8192,855350,1,0.855734,2723,,
beyin MR (Cheng),1951,1,4,paket,0.010464400053024292,1,8192,856169,1,0.855734,4995,,
beyin MR (Cheng),1952,1,4,paket,0.010073699988424778,1,8192,855154,1,0.855734,4139,,
beyin MR (Cheng),1953,1,4,paket,0.011443400057032704,1,8192,855090,1,0.855734,1783,,
beyin MR (Cheng),1954,1,4,paket,0.009882399928756058,1,8192,855330,1,0.855734,3061,,
beyin MR (Cheng),1955,1,4,paket,0.011356099974364042,1,8192,855607,1,0.855734,3371,,
beyin MR (Cheng),1956,1,4,paket,0.012044099974445999,1,8192,854865,1,0.855734,4038,,
beyin MR (Cheng),1957,1,4,paket,0.010232499917037785,1,8192,856118,1,0.855734,4168,,
beyin MR (Cheng),1958,1,4,paket,0.011652200017124414,1,8192,855333,1,0.855734,786,,
beyin MR (Cheng),1959,1,4,paket,0.010695099947042763,1,8192,855323,1,0.855734,4863,,
beyin MR (Cheng),1960,1,4,paket,0.009968600003048778,1,8192,855462,1,0.855734,8067,,
beyin MR (Cheng),1961,1,4,paket,0.009985900018364191,1,8192,856125,2,1.711468,8206,,
beyin MR (Cheng),1962,1,4,paket,0.011780100059695542,1,8192,855356,1,0.855734,7023,,
beyin MR (Cheng),1963,1,4,paket,0.010003700037486851,1,8192,855932,1,0.855734,4086,,
beyin MR (Cheng),1964,1,4,paket,0.010384999914094806,1,8192,855570,1,0.855734,5609,,
beyin MR (Cheng),1965,1,4,paket,0.010200500022619963,1,8192,856091,1,0.855734,5973,,
beyin MR (Cheng),1966,1,4,paket,0.009918499970808625,1,8192,855320,1,0.855734,6523,,
beyin MR (Cheng),1967,1,4,paket,0.010324900038540363,1,8192,855618,1,0.855734,5800,,
beyin MR (Cheng),1968,1,4,paket,0.01016519998665899,1,8192,855980,1,0.855734,3352,,
beyin MR (Cheng),1969,1,4,paket,0.010185599909164011,1,8192,855203,1,0.855734,8008,,
beyin MR (Cheng),1970,1,4,paket,0.010004500043578446,1,8192,855557,1,0.855734,7034,,
beyin MR (Cheng),1971,1,4,paket,0.010120199993252754,1,8192,856021,1,0.855734,3568,,
beyin MR (Cheng),1972,1,4,paket,0.010770500055514276,1,8192,855958,1,0.855734,2164,,
beyin MR (Cheng),1973,1,1,paket,0.00999179994687438,1,8192,855386,1,0.855734,909,,
beyin MR (Cheng),1974,1,1,paket,0.01024680002592504,1,8192,855914,1,0.855734,1730,,
beyin MR (Cheng),1975,1,1,paket,0.009998800000175834,1,8192,856082,1,0.855734,2902,,
beyin MR (Cheng),1976,1,1,paket,0.010721200029365718,1,8192,855610,1,0.855734,3345,,
beyin MR (Cheng),1977,1,1,paket,0.01013119996059686,1,8192,855200,1,0.855734,6302,,
beyin MR (Cheng),1978,1,1,paket,0.010239899973385036,1,8192,855245,1,0.855734,5311,,
beyin MR (Cheng),1979,1,1,paket,0.010126999928615987,1,8192,855249,1,0.855734,4537,,
beyin MR (Cheng),1980,1,1,paket,0.009914799942635,1,8192,855641,1,0.855734,3149,,
beyin MR (Cheng),1981,1,1,paket,0.010198600008152425,1,8192,854408,1,0.855734,6522,,
beyin MR (Cheng),1982,1,1,paket,0.01169740001205355,1,8192,855838,1,0.855734,3244,,
beyin MR (Cheng),1983,1,1,paket,0.010524899931624532,1,8192,855514,1,0.855734,1001,,
beyin MR (Cheng),1984,1,1,paket,0.010354200028814375,1,8192,855199,1,0.855734,1850,,
beyin MR (Cheng),1985,1,1,paket,0.010114200063981116,1,8192,855639,1,0.855734,3061,,
beyin MR (Cheng),1986,1,0,paket,0.010195399983786047,1,8192,855662,1,0.855734,1991,,
beyin MR (Cheng),1987,1,0,paket,0.010332299978472292,1,8192,855420,1,0.855734,1729,,
beyin MR (Cheng),1988,1,0,paket,0.010266700061038136,1,8192,855353,1,0.855734,3036,,
beyin MR (Cheng),1989,1,0,paket,0.0100780000211671,1,8192,854716,2,1.711468,9377,,
beyin MR (Cheng),1990,1,0,paket,0.011122899944894016,1,8192,855209,1,0.855734,6384,,
beyin MR (Cheng),1991,1,0,paket,0.010363599983975291,1,8192,855865,1,0.855734,6467,,
beyin MR (Cheng),1992,1,0,paket,0.010032399906776845,1,8192,856234,1,0.855734,5938,,
beyin MR (Cheng),1993,1,0,paket,0.010046400013379753,1,8192,856016,1,0.855734,4785,,
beyin MR (Cheng),1994,1,0,paket,0.010424899985082448,1,8192,856081,1,0.855734,3104,,
beyin MR (Cheng),1995,1,0,paket,0.012388800038024783,1,8192,856191,1,0.855734,3539,,
beyin MR (Cheng),1996,1,0,paket,0.010453299968503416,1,8192,855970,1,0.855734,3380,,
beyin MR (Cheng),1997,1,4,paket,0.010246000019833446,1,8192,855135,1,0.855734,1832,,
beyin MR (Cheng),1998,1,4,paket,0.010231299907900393,1,8192,856166,1,0.855734,3771,,
beyin MR (Cheng),1999,1,4,paket,0.010052199941128492,1,8192,856109,1,0.855734,6441,,
beyin MR (Cheng),2000,1,4,paket,0.010025799972936511,1,8192,855957,1,0.855734,7812,,
beyin MR (Cheng),2001,1,4,paket,0.010367100010626018,1,8192,855658,1,0.855734,5931,,
beyin MR (Cheng),2002,1,4,paket,0.00996820000000298,1,8192,855444,1,0.855734,5244,,
beyin MR (Cheng),2003,1,4,paket,0.010414499905891716,1,8192,855975,1,0.855734,3633,,
beyin MR (Cheng),2004,1,3,paket,0.010036700055934489,1,8192,855537,1,0.855734,2596,,
beyin MR (Cheng),2005,1,3,paket,0.01027070009149611,1,8192,855828,1,0.855734,5863,,
beyin MR (Cheng),2006,1,3,paket,0.010215000016614795,1,8192,856199,1,0.855734,7956,,
beyin MR (Cheng),2007,1,3,paket,0.009936899994499981,1,8192,855291,2,1.711468,9033,,
beyin MR (Cheng),2008,1,3,paket,0.010549500002525747,1,8192,856118,2,1.711468,8715,,
beyin MR (Cheng),2009,1,3,paket,0.010281900060363114,1,8192,856195,1,0.855734,7555,,
beyin MR (Cheng),2010,1,3,paket,0.010495500057004392,1,8192,854477,1,0.855734,5619,,
beyin MR (Cheng),2011,1,1,paket,0.011924599995836616,1,8192,856085,1,0.855734,3950,,
beyin MR (Cheng),2012,1,1,paket,0.010000700014643371,1,8192,855858,1,0.855734,3034,,
beyin MR (Cheng),2013,1,1,paket,0.011788300005719066,1,8192,856285,1,0.855734,7847,,
beyin MR (Cheng),2014,1,1,paket,0.010185200022533536,1,8192,855689,1,0.855734,5615,,
beyin MR (Cheng),2015,1,1,paket,0.010298099950887263,1,8192,855624,1,0.855734,6742,,
beyin MR (Cheng),2016,1,0,paket,0.010484500089660287,1,8192,855450,1,0.855734,5197,,
beyin MR (Cheng),2017,1,0,paket,0.010139900026842952,1,8192,855879,1,0.855734,371,,
beyin MR (Cheng),2018,1,0,paket,0.010052099940367043,1,8192,854850,1,0.855734,7547,,
beyin MR (Cheng),2019,1,0,paket,0.010090800002217293,1,8192,855280,1,0.855734,6539,,
beyin MR (Cheng),2020,1,0,paket,0.01011670008301735,1,8192,855355,1,0.855734,2898,,
beyin MR (Cheng),2021,1,0,paket,0.010239799972623587,1,8192,855871,1,0.855734,7005,,
beyin MR (Cheng),2022,1,0,paket,0.013399099931120872,1,8192,855515,1,0.855734,3568,,
beyin MR (Cheng),2023,1,0,paket,0.010084899957291782,1,8192,855305,1,0.855734,1259,,
beyin MR (Cheng),2024,1,0,paket,0.010039699962362647,1,8192,855962,1,0.855734,1319,,
beyin MR (Cheng),2025,1,0,paket,0.01032380003016442,1,8192,855305,1,0.855734,1771,,
beyin MR (Cheng),2026,1,0,paket,0.010062900022603571,1,8192,855305,1,0.855734,2803,,
beyin MR (Cheng),2027,1,0,paket,0.010172500042244792,1,8192,855281,1,0.855734,2502,,
beyin MR (Cheng),2028,1,0,paket,0.010014400002546608,1,8192,856181,1,0.855734,3253,,
beyin MR (Cheng),2029,1,0,paket,0.010020399931818247,1,8192,855267,1,0.855734,5975,,
beyin MR (Cheng),2030,1,0,paket,0.009985900018364191,1,8192,856041,1,0.855734,7269,,
beyin MR (Cheng),2031,1,2,paket,0.011508799972943962,1,8192,856066,1,0.855734,1984,,
beyin MR (Cheng),2032,1,2,paket,0.009919700096361339,1,8192,856024,1,0.855734,4187,,
beyin MR (Cheng),2033,1,2,paket,0.010904999915510416,1,8192,855979,1,0.855734,5749,,
beyin MR (Cheng),2034,1,2,paket,0.01108550000935793,1,8192,855519,1,0.855734,6410,,
beyin MR (Cheng),2035,1,2,paket,0.00989270000718534,1,8192,855324,1,0.855734,4809,,
beyin MR (Cheng),2036,1,2,paket,0.010700499988161027,1,8192,856020,1,0.855734,3675,,
beyin MR (Cheng),2037,1,3,paket,0.010394399985671043,1,8192,855272,1,0.855734,3378,,
beyin MR (Cheng),2038,1,3,paket,0.01039370009675622,1,8192,856155,1,0.855734,4421,,
beyin MR (Cheng),2039,1,3,paket,0.010600000037811697,1,8192,855780,1,0.855734,8144,,
beyin MR (Cheng),2040,1,3,paket,0.011796799954026937,1,8192,855823,2,1.711468,8598,,
beyin MR (Cheng),2041,1,3,paket,0.013273300020955503,1,8192,856156,1,0.855734,6991,,
beyin MR (Cheng),2042,1,3,paket,0.009834300028160214,1,8192,855281,1,0.855734,4514,,
beyin MR (Cheng),2043,1,3,paket,0.010015900013968349,1,8192,855262,1,0.855734,5373,,
beyin MR (Cheng),2044,1,4,paket,0.01008659997023642,1,8192,854926,1,0.855734,5322,,
beyin MR (Cheng),2045,1,4,paket,0.011486700037494302,1,8192,855807,1,0.855734,5505,,
beyin MR (Cheng),2046,1,4,paket,0.010091400006785989,1,8192,856128,1,0.855734,7921,,
beyin MR (Cheng),2047,1,4,paket,0.010205499944277108,1,8192,856090,1,0.855734,8113,,
beyin MR (Cheng),2048,1,4,paket,0.010201299912296236,1,8192,855370,1,0.855734,4791,,
beyin MR (Cheng),2049,1,4,paket,0.009976500063203275,1,8192,855284,1,0.855734,2397,,
beyin MR (Cheng),2050,1,0,paket,0.009869800065644085,1,8192,856229,2,1.711468,13873,,
beyin MR (Cheng),2051,1,0,paket,0.010075900005176663,1,8192,856041,2,1.711468,10963,,
beyin MR (Cheng),2052,1,0,paket,0.009980499977245927,1,8192,855293,2,1.711468,11839,,
beyin MR (Cheng),2053,1,0,paket,0.010247300029732287,1,8192,855201,2,1.711468,14597,,
beyin MR (Cheng),2054,1,0,paket,0.010046900017187,1,8192,854587,1,0.855734,3439,,
beyin MR (Cheng),2055,1,0,paket,0.0105372000252828,1,8192,856061,2,1.711468,9288,,
beyin MR (Cheng),2056,1,0,paket,0.010830699931830168,1,8192,855710,1,0.855734,6605,,
beyin MR (Cheng),2057,1,4,paket,0.009967099991627038,1,8192,855129,1,0.855734,334,,
beyin MR (Cheng),2058,1,4,paket,0.010160200065001845,1,8192,855252,1,0.855734,1764,,
beyin MR (Cheng),2059,1,4,paket,0.010194599977694452,1,8192,855542,1,0.855734,1834,,
beyin MR (Cheng),2060,1,3,paket,0.01011670008301735,1,8192,855531,1,0.855734,2419,,
beyin MR (Cheng),2061,1,3,paket,0.010708499932661653,1,8192,856078,1,0.855734,3278,,
beyin MR (Cheng),2062,1,3,paket,0.009820699924603105,1,8192,856235,1,0.855734,4115,,
beyin MR (Cheng),2063,1,3,paket,0.00978009996470064,1,8192,856096,1,0.855734,3652,,
beyin MR (Cheng),2064,1,1,paket,0.010626700008288026,1,8192,855877,1,0.855734,2027,,
beyin MR (Cheng),2065,1,1,paket,0.010246700025163591,1,8192,856072,1,0.855734,2529,,
beyin MR (Cheng),2066,1,1,paket,0.011059800046496093,1,8192,856238,1,0.855734,3702,,
beyin MR (Cheng),2067,1,1,paket,0.010336300008930266,1,8192,855656,1,0.855734,2286,,
beyin MR (Cheng),2068,1,1,paket,0.01038729993160814,1,8192,855984,1,0.855734,3682,,
beyin MR (Cheng),2069,1,1,paket,0.012788500054739416,1,8192,856107,1,0.855734,4897,,
beyin MR (Cheng),2070,1,1,paket,0.010422299965284765,1,8192,856025,1,0.855734,4753,,
beyin MR (Cheng),2071,1,1,paket,0.010178399970754981,1,8192,855268,1,0.855734,4749,,
beyin MR (Cheng),2072,1,1,paket,0.010196099989116192,1,8192,856291,2,1.711468,11411,,
beyin MR (Cheng),2073,1,1,paket,0.00995039998088032,1,8192,855283,2,1.711468,14849,,
beyin MR (Cheng),2074,1,1,paket,0.010845000040717423,1,8192,856095,3,2.567202,17472,,
beyin MR (Cheng),2075,1,1,paket,0.010440699988976121,1,8192,856189,2,1.711468,14542,,
beyin MR (Cheng),2076,1,4,paket,0.010496100061573088,1,8192,855230,1,0.855734,5717,,
beyin MR (Cheng),2077,1,4,paket,0.010135099990293384,1,8192,855261,1,0.855734,7485,,
beyin MR (Cheng),2078,1,4,paket,0.010774399968795478,1,8192,856197,1,0.855734,3969,,
beyin MR (Cheng),2079,1,3,paket,0.010483399964869022,1,8192,856051,1,0.855734,443,,
beyin MR (Cheng),2080,1,3,paket,0.010072300094179809,1,8192,855991,1,0.855734,960,,
beyin MR (Cheng),2081,1,3,paket,0.010358299943618476,1,8192,854998,1,0.855734,1757,,
beyin MR (Cheng),2082,1,2,paket,0.010214900015853345,1,8192,856125,1,0.855734,1295,,
beyin MR (Cheng),2083,1,2,paket,0.010276000015437603,1,8192,855468,2,1.711468,10550,,
beyin MR (Cheng),2084,1,2,paket,0.010036499937996268,1,8192,856018,1,0.855734,3832,,
beyin MR (Cheng),2085,1,2,paket,0.01146599999628961,1,8192,855998,1,0.855734,2476,,
beyin MR (Cheng),2086,1,0,paket,0.00999639998190105,1,8192,856023,1,0.855734,7249,,
beyin MR (Cheng),2087,1,0,paket,0.00995189999230206,1,8192,855371,1,0.855734,7930,,
beyin MR (Cheng),2088,1,0,paket,0.010800700052641332,1,8192,855735,2,1.711468,13927,,
beyin MR (Cheng),2089,1,0,paket,0.01063350006006658,1,8192,855768,2,1.711468,13492,,
beyin MR (Cheng),2090,1,0,paket,0.01661910000257194,1,8192,855772,2,1.711468,10309,,
beyin MR (Cheng),2091,1,0,paket,0.010381300002336502,1,8192,856092,1,0.855734,3808,,
beyin MR (Cheng),2092,1,4,paket,0.01011469995137304,1,8192,855581,1,0.855734,1618,,
beyin MR (Cheng),2093,1,4,paket,0.010242799995467067,1,8192,855564,1,0.855734,4581,,
beyin MR (Cheng),2094,1,4,paket,0.01148400001693517,1,8192,855258,1,0.855734,7306,,
beyin MR (Cheng),2095,1,4,paket,0.010128699941560626,1,8192,855041,1,0.855734,4476,,
beyin MR (Cheng),2096,1,2,paket,0.01077109994366765,1,8192,855107,1,0.855734,327,,
beyin MR (Cheng),2097,1,2,paket,0.010084599955007434,1,8192,855273,1,0.855734,3472,,
beyin MR (Cheng),2098,1,2,paket,0.010081099928356707,1,8192,855084,1,0.855734,357,,
beyin MR (Cheng),2099,1,0,paket,0.010313199949450791,1,8192,856092,1,0.855734,674,,
beyin MR (Cheng),2100,1,0,paket,0.010055199963971972,1,8192,855585,1,0.855734,1597,,
beyin MR (Cheng),2101,1,0,paket,0.010147599969059229,1,8192,856117,1,0.855734,1096,,
beyin MR (Cheng),2102,1,0,paket,0.010005800053477287,1,8192,855844,1,0.855734,335,,
beyin MR (Cheng),2103,1,1,paket,0.00982749997638166,1,8192,855268,1,0.855734,5329,,
beyin MR (Cheng),2104,1,1,paket,0.010047300020232797,1,8192,856178,1,0.855734,6371,,
beyin MR (Cheng),2105,1,1,paket,0.010281400056555867,1,8192,856117,1,0.855734,7973,,
beyin MR (Cheng),2106,1,1,paket,0.010888600023463368,1,8192,856036,2,1.711468,8635,,
beyin MR (Cheng),2107,1,1,paket,0.010374799952842295,1,8192,855455,1,0.855734,6562,,
beyin MR (Cheng),2108,1,0,paket,0.01049270003568381,1,8192,855692,1,0.855734,1106,,
beyin MR (Cheng),2109,1,0,paket,0.009907800005748868,1,8192,855450,1,0.855734,1444,,
beyin MR (Cheng),2110,1,0,paket,0.011454800027422607,1,8192,855651,1,0.855734,1551,,
beyin MR (Cheng),2111,1,0,paket,0.012425599968992174,1,8192,855042,1,0.855734,2091,,
beyin MR (Cheng),2112,1,0,paket,0.010279700043611228,1,8192,856134,1,0.855734,4643,,
beyin MR (Cheng),2113,1,0,paket,0.010414699907414615,1,8192,855990,1,0.855734,5232,,
beyin MR (Cheng),2114,1,0,paket,0.009908600011840463,1,8192,855100,1,0.855734,5540,,
beyin MR (Cheng),2115,1,0,paket,0.009913899935781956,1,8192,855997,1,0.855734,4419,,
beyin MR (Cheng),2116,1,0,paket,0.010098900063894689,1,8192,855331,1,0.855734,3943,,
beyin MR (Cheng),2117,1,0,paket,0.010334899998269975,1,8192,855205,1,0.855734,1289,,
beyin MR (Cheng),2118,1,0,paket,0.01106459996663034,1,8192,855324,1,0.855734,1016,,
beyin MR (Cheng),2119,1,0,paket,0.010050299926660955,1,8192,855938,1,0.855734,1511,,
beyin MR (Cheng),2120,1,0,paket,0.01095360005274415,1,8192,855863,1,0.855734,412,,
beyin MR (Cheng),2121,1,0,paket,0.010127199930138886,1,8192,855855,1,0.855734,6349,,
beyin MR (Cheng),2122,1,0,paket,0.009876099997200072,1,8192,855373,1,0.855734,7222,,
beyin MR (Cheng),2123,1,0,paket,0.01016820000950247,1,8192,855391,2,1.711468,8546,,
beyin MR (Cheng),2124,1,0,paket,0.01041890005581081,1,8192,854811,1,0.855734,6821,,
beyin MR (Cheng),2125,1,0,paket,0.010083299945108593,1,8192,856282,1,0.855734,7928,,
beyin MR (Cheng),2126,1,0,paket,0.009867100045084953,1,8192,856044,1,0.855734,7725,,
beyin MR (Cheng),2127,1,2,paket,0.010088599985465407,1,8192,855389,1,0.855734,3750,,
beyin MR (Cheng),2128,1,2,paket,0.011562800034880638,1,8192,855330,1,0.855734,7516,,
beyin MR (Cheng),2129,1,2,paket,0.010116900084540248,1,8192,855819,2,1.711468,8998,,
beyin MR (Cheng),2130,1,2,paket,0.01010439998935908,1,8192,855556,2,1.711468,8938,,
beyin MR (Cheng),2131,1,2,paket,0.010133399977348745,1,8192,855722,3,2.567202,17983,,
beyin MR (Cheng),2132,1,2,paket,0.01080829999409616,1,8192,856151,2,1.711468,8621,,
beyin MR (Cheng),2133,1,2,paket,0.010279399924911559,1,8192,856109,1,0.855734,6494,,
beyin MR (Cheng),2134,1,2,paket,0.010651399963535368,1,8192,855402,2,1.711468,11962,,
beyin MR (Cheng),2135,1,2,paket,0.011064000078476965,1,8192,856038,1,0.855734,3960,,
beyin MR (Cheng),2136,1,2,paket,0.01066020003054291,1,8192,855506,1,0.855734,4582,,
beyin MR (Cheng),2137,1,2,paket,0.009911300032399595,1,8192,855936,1,0.855734,7096,,
beyin MR (Cheng),2138,1,2,paket,0.01074020005762577,1,8192,856169,1,0.855734,4247,,
beyin MR (Cheng),2139,1,2,paket,0.010016300017014146,1,8192,855141,1,0.855734,5090,,
beyin MR (Cheng),2140,1,1,paket,0.010683199972845614,1,8192,856160,1,0.855734,844,,
beyin MR (Cheng),2141,1,1,paket,0.00992690003477037,1,8192,855074,1,0.855734,1009,,
beyin MR (Cheng),2142,1,1,paket,0.009843899984844029,1,8192,855369,1,0.855734,5519,,
beyin MR (Cheng),2143,1,3,paket,0.011033699964173138,1,8192,856094,1,0.855734,1453,,
beyin MR (Cheng),2144,1,3,paket,0.009943900047801435,1,8192,855713,1,0.855734,1607,,
beyin MR (Cheng),2145,1,0,paket,0.010075199999846518,1,8192,855277,1,0.855734,631,,
beyin MR (Cheng),2146,1,0,paket,0.009888700093142688,1,8192,855563,1,0.855734,3336,,
beyin MR (Cheng),2147,1,0,paket,0.011261699954047799,1,8192,855344,1,0.855734,1644,,
beyin MR (Cheng),2148,1,0,paket,0.010837200097739697,1,8192,856153,1,0.855734,1298,,
beyin MR (Cheng),2149,1,0,paket,0.010755399940535426,1,8192,855250,1,0.855734,697,,
beyin MR (Cheng),2150,1,0,paket,0.010104799992404878,1,8192,856129,1,0.855734,932,,
beyin MR (Cheng),2151,1,0,paket,0.011060599936172366,1,8192,855534,1,0.855734,768,,
beyin MR (Cheng),2152,1,3,paket,0.010777499992400408,1,8192,856011,1,0.855734,880,,
beyin MR (Cheng),2153,1,3,paket,0.010338899912312627,1,8192,855159,1,0.855734,1141,,
beyin MR (Cheng),2154,1,3,paket,0.010269799968227744,1,8192,855308,1,0.855734,2487,,
beyin MR (Cheng),2155,1,3,paket,0.010161700076423585,1,8192,855336,1,0.855734,6574,,
beyin MR (Cheng),2156,1,3,paket,0.009973600041121244,1,8192,855378,1,0.855734,3295,,
beyin MR (Cheng),2157,1,3,paket,0.010039999964646995,1,8192,856107,1,0.855734,1117,,
beyin MR (Cheng),2158,1,3,paket,0.010244200006127357,1,8192,855512,1,0.855734,2069,,
beyin MR (Cheng),2159,1,3,paket,0.011255600024014711,1,8192,856085,1,0.855734,3156,,
beyin MR (Cheng),2160,1,3,paket,0.009936899994499981,1,8192,855529,1,0.855734,7736,,
beyin MR (Cheng),2161,1,3,paket,0.012127599911764264,1,8192,855776,2,1.711468,13024,,
beyin MR (Cheng),2162,1,3,paket,0.010315699968487024,1,8192,856188,2,1.711468,14033,,
beyin MR (Cheng),2163,1,3,paket,0.01035769993904978,1,8192,855164,2,1.711468,14855,,
beyin MR (Cheng),2164,1,3,paket,0.010504400008358061,1,8192,856073,2,1.711468,12186,,
beyin MR (Cheng),2165,1,2,paket,0.00993719999678433,1,8192,855250,1,0.855734,2998,,
beyin MR (Cheng),2166,1,2,paket,0.011077500064857304,1,8192,855897,1,0.855734,3760,,
beyin MR (Cheng),2167,1,2,paket,0.010184200014919043,1,8192,855766,1,0.855734,720,,
beyin MR (Cheng),2168,1,2,paket,0.010250499937683344,1,8192,855736,1,0.855734,1368,,
beyin MR (Cheng),2169,1,2,paket,0.010239799972623587,1,8192,854903,1,0.855734,1870,,
beyin MR (Cheng),2170,1,2,paket,0.009976199944503605,1,8192,856057,1,0.855734,5231,,
beyin MR (Cheng),2171,1,2,paket,0.010670199990272522,1,8192,855703,1,0.855734,4110,,
beyin MR (Cheng),2172,1,2,paket,0.010168700013309717,1,8192,856038,1,0.855734,4453,,
beyin MR (Cheng),2173,1,2,paket,0.010067500057630241,1,8192,856205,1,0.855734,5436,,
beyin MR (Cheng),2174,1,2,paket,0.010013499995693564,1,8192,855255,1,0.855734,4908,,
beyin MR (Cheng),2175,1,2,paket,0.010074399993754923,1,8192,855558,1,0.855734,5014,,
beyin MR (Cheng),2176,1,2,paket,0.012111699907109141,1,8192,856045,1,0.855734,5281,,
beyin MR (Cheng),2177,1,2,paket,0.010538500035181642,1,8192,855428,2,1.711468,10161,,
beyin MR (Cheng),2178,1,0,paket,0.011160399997606874,1,8192,855373,1,0.855734,5752,,
beyin MR (Cheng),2179,1,0,paket,0.0109031000174582,1,8192,855118,1,0.855734,6685,,
beyin MR (Cheng),2180,1,0,paket,0.010784900048747659,1,8192,855252,1,0.855734,4425,,
beyin MR (Cheng),2181,1,0,paket,0.01061580004170537,1,8192,855677,1,0.855734,5706,,
beyin MR (Cheng),2182,1,0,paket,0.010431200033053756,1,8192,855862,2,1.711468,13888,,
beyin MR (Cheng),2183,1,0,paket,0.010488899890333414,1,8192,855407,2,1.711468,8534,,
beyin MR (Cheng),2184,1,0,paket,0.010102699976414442,1,8192,856031,1,0.855734,2679,,
beyin MR (Cheng),2185,1,2,paket,0.01207659998908639,1,8192,856260,1,0.855734,1940,,
beyin MR (Cheng),2186,1,2,paket,0.010134799988009036,1,8192,855767,1,0.855734,4101,,
beyin MR (Cheng),2187,1,2,paket,0.010259800008498132,1,8192,855070,1,0.855734,6002,,
beyin MR (Cheng),2188,1,2,paket,0.010015199892222881,1,8192,856200,1,0.855734,7380,,
beyin MR (Cheng),2189,1,2,paket,0.010290900012478232,1,8192,855969,2,1.711468,12239,,
beyin MR (Cheng),2190,1,2,paket,0.01624859997536987,1,8192,855166,2,1.711468,9701,,
beyin MR (Cheng),2191,1,2,paket,0.010324400034733117,1,8192,856174,2,1.711468,9685,,
beyin MR (Cheng),2192,1,2,paket,0.00994310004170984,1,8192,855312,1,0.855734,6814,,
beyin MR (Cheng),2193,1,2,paket,0.010583300027064979,1,8192,855823,1,0.855734,5145,,
beyin MR (Cheng),2194,1,2,paket,0.009870800073258579,1,8192,855911,1,0.855734,2561,,
beyin MR (Cheng),2195,1,4,paket,0.010278699919581413,1,8192,855743,1,0.855734,1910,,
beyin MR (Cheng),2196,1,4,paket,0.009932700078934431,1,8192,856169,1,0.855734,2718,,
beyin MR (Cheng),2197,1,4,paket,0.010414600023068488,1,8192,855840,1,0.855734,8030,,
beyin MR (Cheng),2198,1,4,paket,0.011429599951952696,1,8192,855283,1,0.855734,7415,,
beyin MR (Cheng),2199,1,4,paket,0.01031789998523891,1,8192,855878,1,0.855734,6553,,
beyin MR (Cheng),2200,1,4,paket,0.010205299942754209,1,8192,855316,1,0.855734,5506,,
beyin MR (Cheng),2201,1,4,paket,0.01062020007520914,1,8192,855268,2,1.711468,8768,,
beyin MR (Cheng),2202,1,4,paket,0.01230479998048395,1,8192,855613,1,0.855734,6703,,
beyin MR (Cheng),2203,1,4,paket,0.010051500052213669,1,8192,856156,1,0.855734,4210,,
beyin MR (Cheng),2204,1,4,paket,0.010604799957945943,1,8192,855208,1,0.855734,2287,,
beyin MR (Cheng),2205,1,1,paket,0.010156100033782423,1,8192,855561,1,0.855734,1149,,
beyin MR (Cheng),2206,1,1,paket,0.009875399991869926,1,8192,855817,1,0.855734,1716,,
beyin MR (Cheng),2207,1,1,paket,0.011173500097356737,1,8192,855998,1,0.855734,8015,,
beyin MR (Cheng),2208,1,1,paket,0.010337400017306209,1,8192,855904,1,0.855734,6027,,
beyin MR (Cheng),2209,1,1,paket,0.010546299978159368,1,8192,856191,2,1.711468,9674,,
beyin MR (Cheng),2210,1,1,paket,0.0101948999799788,1,8192,855456,1,0.855734,7088,,
beyin MR (Cheng),2211,1,1,paket,0.010063300025649369,1,8192,855400,1,0.855734,6646,,
beyin MR (Cheng),2212,1,1,paket,0.009870899957604706,1,8192,855301,1,0.855734,6285,,
beyin MR (Cheng),2213,1,1,paket,0.009974400047212839,1,8192,855236,1,0.855734,3461,,
beyin MR (Cheng),2214,1,1,paket,0.011210700031369925,1,8192,856014,1,0.855734,1555,,
beyin MR (Cheng),2215,1,1,paket,0.009890499990433455,1,8192,855644,1,0.855734,4349,,
beyin MR (Cheng),2216,1,1,paket,0.010293399915099144,1,8192,855661,1,0.855734,5720,,
beyin MR (Cheng),2217,1,1,paket,0.010389000060968101,1,8192,854517,1,0.855734,4051,,
beyin MR (Cheng),2218,1,1,paket,0.010113599942997098,1,8192,855726,2,1.711468,9756,,
beyin MR (Cheng),2219,1,1,paket,0.01107820007018745,1,8192,855299,2,1.711468,10078,,
beyin MR (Cheng),2220,1,1,paket,0.010726499953307211,1,8192,856186,1,0.855734,6582,,
beyin MR (Cheng),2221,1,1,paket,0.01115179993212223,1,8192,855910,1,0.855734,6278,,
beyin MR (Cheng),2222,1,1,paket,0.010261500021442771,1,8192,856112,1,0.855734,7736,,
beyin MR (Cheng),2223,1,3,paket,0.010686199995689094,1,8192,855154,1,0.855734,2342,,
beyin MR (Cheng),2224,1,3,paket,0.010115599958226085,1,8192,856102,1,0.855734,6971,,
beyin MR (Cheng),2225,1,3,paket,0.010166399995796382,1,8192,855176,1,0.855734,5834,,
beyin MR (Cheng),2226,1,3,paket,0.010075199999846518,1,8192,855427,1,0.855734,4593,,
beyin MR (Cheng),2227,1,3,paket,0.010431200033053756,1,8192,855438,1,0.855734,2933,,
beyin MR (Cheng),2228,1,3,paket,0.010482699959538877,1,8192,855309,1,0.855734,1138,,
beyin MR (Cheng),2229,1,3,paket,0.009965899982489645,1,8192,855226,2,1.711468,11935,,
beyin MR (Cheng),2230,1,3,paket,0.011845999979414046,1,8192,855753,1,0.855734,6603,,
beyin MR (Cheng),2231,1,3,paket,0.011755799991078675,1,8192,855761,1,0.855734,7653,,
beyin MR (Cheng),2232,1,3,paket,0.012688899994827807,1,8192,856050,1,0.855734,4674,,
beyin MR (Cheng),2233,1,3,paket,0.011202099965885282,1,8192,856169,1,0.855734,4451,,
beyin MR (Cheng),2234,1,3,paket,0.009859399986453354,1,8192,856071,1,0.855734,7523,,
beyin MR (Cheng),2235,1,3,paket,0.00988090003374964,1,8192,855263,1,0.855734,6616,,
beyin MR (Cheng),2236,1,4,paket,0.010314200073480606,1,8192,855969,1,0.855734,1584,,
beyin MR (Cheng),2237,1,4,paket,0.010309199918992817,1,8192,856131,1,0.855734,5280,,
beyin MR (Cheng),2238,1,4,paket,0.01006139989476651,1,8192,856011,1,0.855734,5766,,
beyin MR (Cheng),2239,1,4,paket,0.012463700026273727,1,8192,855764,1,0.855734,2959,,
beyin MR (Cheng),2240,1,3,paket,0.010800300049595535,1,8192,856075,1,0.855734,7945,,
beyin MR (Cheng),2241,1,0,paket,0.01110310002695769,1,8192,855935,2,1.711468,8204,,
beyin MR (Cheng),2242,1,0,paket,0.011468500015325844,1,8192,855243,1,0.855734,5355,,
beyin MR (Cheng),2243,1,2,paket,0.010310300043784082,1,8192,855440,1,0.855734,1235,,
beyin MR (Cheng),2244,1,2,paket,0.01003950007725507,1,8192,855200,1,0.855734,1684,,
beyin MR (Cheng),2245,1,2,paket,0.01009999995585531,1,8192,856062,1,0.855734,1781,,
beyin MR (Cheng),2246,1,3,paket,0.010404100059531629,1,8192,855860,1,0.855734,2835,,
beyin MR (Cheng),2247,1,3,paket,0.010166599997319281,1,8192,856109,1,0.855734,3501,,
beyin MR (Cheng),2248,1,3,paket,0.010386800044216216,1,8192,856121,1,0.855734,3331,,
beyin MR (Cheng),2249,1,1,paket,0.010075499885715544,1,8192,855639,1,0.855734,4595,,
beyin MR (Cheng),2250,1,1,paket,0.010025800089351833,1,8192,856062,1,0.855734,5583,,
beyin MR (Cheng),2251,1,1,paket,0.010438799974508584,1,8192,855982,1,0.855734,5719,,
beyin MR (Cheng),2252,1,1,paket,0.009807899943552911,1,8192,855966,1,0.855734,2497,,
beyin MR (Cheng),2253,1,1,paket,0.011157499975524843,1,8192,855263,1,0.855734,6622,,
beyin MR (Cheng),2254,1,1,paket,0.010130099952220917,1,8192,855960,2,1.711468,8534,,
beyin MR (Cheng),2255,1,1,paket,0.010527699952945113,1,8192,856131,2,1.711468,8496,,
beyin MR (Cheng),2256,1,1,paket,0.012570300023071468,1,8192,855168,1,0.855734,4980,,
beyin MR (Cheng),2257,1,1,paket,0.010744899976998568,1,8192,856043,1,0.855734,5458,,
beyin MR (Cheng),2258,1,1,paket,0.01249140000436455,1,8192,855646,1,0.855734,4149,,
beyin MR (Cheng),2259,1,1,paket,0.010027300100773573,1,8192,855857,1,0.855734,1394,,
beyin MR (Cheng),2260,1,1,paket,0.010170100023970008,1,8192,855910,1,0.855734,3050,,
beyin MR (Cheng),2261,1,1,paket,0.01001860003452748,1,8192,855422,1,0.855734,4679,,
beyin MR (Cheng),2262,1,1,paket,0.010180499986745417,1,8192,856142,1,0.855734,6210,,
beyin MR (Cheng),2263,1,1,paket,0.010302499984391034,1,8192,855350,1,0.855734,7793,,
beyin MR (Cheng),2264,1,1,paket,0.010078399907797575,1,8192,855357,2,1.711468,8644,,
beyin MR (Cheng),2265,1,1,paket,0.0106542999856174,1,8192,856182,1,0.855734,8100,,
beyin MR (Cheng),2266,1,1,paket,0.011452500009909272,1,8192,856133,1,0.855734,6372,,
beyin MR (Cheng),2267,1,1,paket,0.010495400056242943,1,8192,855291,1,0.855734,4983,,
beyin MR (Cheng),2268,1,1,paket,0.010068300063721836,1,8192,856133,1,0.855734,1689,,
beyin MR (Cheng),2269,1,4,paket,0.01722779998090118,1,8192,855163,1,0.855734,1118,,
beyin MR (Cheng),2270,1,4,paket,0.009887200081720948,1,8192,856268,1,0.855734,7315,,
beyin MR (Cheng),2271,1,4,paket,0.009858299978077412,1,8192,854936,1,0.855734,3898,,
beyin MR (Cheng),2272,1,4,paket,0.011327499989420176,1,8192,855154,2,1.711468,8908,,
beyin MR (Cheng),2273,1,4,paket,0.010315399966202676,1,8192,855932,2,1.711468,8480,,
beyin MR (Cheng),2274,1,4,paket,0.010037599946372211,1,8192,855625,1,0.855734,6255,,
beyin MR (Cheng),2275,1,4,paket,0.010278800036758184,1,8192,855440,1,0.855734,2610,,
beyin MR (Cheng),2276,1,4,paket,0.010035999934189022,1,8192,855646,1,0.855734,2706,,
beyin MR (Cheng),2277,1,4,paket,0.010193499969318509,1,8192,855294,1,0.855734,1051,,
beyin MR (Cheng),2278,1,2,paket,0.010027999989688396,1,8192,855666,1,0.855734,4012,,
beyin MR (Cheng),2279,1,2,paket,0.010513599961996078,1,8192,856123,1,0.855734,4434,,
beyin MR (Cheng),2280,1,2,paket,0.010407299967482686,1,8192,855832,1,0.855734,4034,,
beyin MR (Cheng),2281,1,2,paket,0.013268299982883036,1,8192,855241,1,0.855734,4472,,
beyin MR (Cheng),2282,1,2,paket,0.011522699962370098,1,8192,855760,1,0.855734,5462,,
beyin MR (Cheng),2283,1,2,paket,0.010185400024056435,1,8192,856109,1,0.855734,2782,,
beyin MR (Cheng),2284,1,2,paket,0.010053400066681206,1,8192,855138,1,0.855734,6228,,
beyin MR (Cheng),2285,1,0,paket,0.01001730002462864,1,8192,856114,1,0.855734,968,,
beyin MR (Cheng),2286,1,0,paket,0.009842900093644857,1,8192,855239,1,0.855734,950,,
beyin MR (Cheng),2287,1,0,paket,0.011393100023269653,1,8192,856038,2,1.711468,13178,,
beyin MR (Cheng),2288,1,0,paket,0.010012799990363419,1,8192,855655,2,1.711468,9330,,
beyin MR (Cheng),2289,1,0,paket,0.010371900047175586,1,8192,856160,2,1.711468,9562,,
beyin MR (Cheng),2290,1,0,paket,0.009965699980966747,1,8192,855048,1,0.855734,5185,,
beyin MR (Cheng),2291,1,0,paket,0.009938400005921721,1,8192,856021,1,0.855734,2492,,
beyin MR (Cheng),2292,1,0,paket,0.009942599921487272,1,8192,855228,1,0.855734,4649,,
beyin MR (Cheng),2293,1,0,paket,0.010088399983942509,1,8192,855725,1,0.855734,1383,,
beyin MR (Cheng),2294,1,0,paket,0.009890499990433455,1,8192,855270,1,0.855734,3992,,
beyin MR (Cheng),2295,1,0,paket,0.009995600092224777,1,8192,856314,1,0.855734,6366,,
beyin MR (Cheng),2296,1,0,paket,0.010302199982106686,1,8192,855079,2,1.711468,11514,,
beyin MR (Cheng),2297,1,0,paket,0.010859800036996603,1,8192,855262,2,1.711468,12082,,
beyin MR (Cheng),2298,1,0,paket,0.01010170008521527,1,8192,855765,2,1.711468,12915,,
beyin MR (Cheng),2299,1,4,paket,0.01064380002208054,1,8192,855293,1,0.855734,1083,,
beyin MR (Cheng),2300,1,4,paket,0.009875199990347028,1,8192,855512,1,0.855734,4775,,
beyin MR (Cheng),2301,1,4,paket,0.010404600063338876,1,8192,856191,1,0.855734,1601,,
beyin MR (Cheng),2302,1,4,paket,0.010612000012770295,1,8192,855859,1,0.855734,4958,,
beyin MR (Cheng),2303,1,4,paket,0.010238099959678948,1,8192,855607,1,0.855734,6016,,
beyin MR (Cheng),2304,1,4,paket,0.010593699989840388,1,8192,856017,1,0.855734,6729,,
beyin MR (Cheng),2305,1,4,paket,0.010457800002768636,1,8192,855135,1,0.855734,5650,,
beyin MR (Cheng),2306,1,4,paket,0.010348199983127415,1,8192,856141,1,0.855734,1918,,
beyin MR (Cheng),2307,1,4,paket,0.011400199960917234,1,8192,855725,1,0.855734,3448,,
beyin MR (Cheng),2308,1,4,paket,0.012438299949280918,1,8192,855480,1,0.855734,3403,,
beyin MR (Cheng),2309,1,4,paket,0.011717099929228425,1,8192,855966,1,0.855734,3365,,
beyin MR (Cheng),2310,1,4,paket,0.01028679998125881,1,8192,855418,1,0.855734,4815,,
beyin MR (Cheng),2311,1,4,paket,0.010714599979110062,1,8192,856163,1,0.855734,7027,,
beyin MR (Cheng),2312,1,4,paket,0.011855399934574962,1,8192,855822,1,0.855734,7092,,
beyin MR (Cheng),2313,1,4,paket,0.011141799972392619,1,8192,855627,1,0.855734,6257,,
beyin MR (Cheng),2314,1,4,paket,0.010704500018619001,1,8192,855368,1,0.855734,5590,,
beyin MR (Cheng),2315,1,4,paket,0.00991650007199496,1,8192,855726,1,0.855734,5177,,
beyin MR (Cheng),2316,1,1,paket,0.010289199999533594,1,8192,855306,1,0.855734,6985,,
beyin MR (Cheng),2317,1,1,paket,0.010098999948240817,1,8192,855587,2,1.711468,11735,,
beyin MR (Cheng),2318,1,1,paket,0.010262200026772916,1,8192,856124,2,1.711468,8407,,
beyin MR (Cheng),2319,1,1,paket,0.01012969994917512,1,8192,855247,1,0.855734,5450,,
beyin MR (Cheng),2320,1,1,paket,0.011757000000216067,1,8192,856193,1,0.855734,1235,,
beyin MR (Cheng),2321,1,1,paket,0.010126500041224062,1,8192,855229,1,0.855734,1656,,
beyin MR (Cheng),2322,1,1,paket,0.010024599963799119,1,8192,855550,1,0.855734,1866,,
beyin MR (Cheng),2323,1,1,paket,0.011319099925458431,1,8192,856245,1,0.855734,1922,,
beyin MR (Cheng),2324,1,1,paket,0.010122600011527538,1,8192,856097,1,0.855734,1755,,
beyin MR (Cheng),2325,1,0,paket,0.01270329998806119,1,8192,855445,1,0.855734,2634,,
beyin MR (Cheng),2326,1,0,paket,0.010095199919305742,1,8192,855226,1,0.855734,4331,,
beyin MR (Cheng),2327,1,0,paket,0.009920199983753264,1,8192,855931,1,0.855734,6452,,
beyin MR (Cheng),2328,1,0,paket,0.010021500056609511,1,8192,856182,1,0.855734,6611,,
beyin MR (Cheng),2329,1,0,paket,0.010209499974735081,1,8192,856106,1,0.855734,7041,,
beyin MR (Cheng),2330,1,0,paket,0.010803099954500794,1,8192,855350,1,0.855734,8021,,
beyin MR (Cheng),2331,1,0,paket,0.00995049998164177,1,8192,855536,1,0.855734,6167,,
beyin MR (Cheng),2332,1,4,paket,0.010267200064845383,1,8192,856047,1,0.855734,1977,,
beyin MR (Cheng),2333,1,4,paket,0.010292699909768999,1,8192,855816,1,0.855734,3249,,
beyin MR (Cheng),2334,1,4,paket,0.010351200005970895,1,8192,855955,1,0.855734,2626,,
beyin MR (Cheng),2335,1,4,paket,0.010274200001731515,1,8192,855301,1,0.855734,3251,,
beyin MR (Cheng),2336,1,4,paket,0.01006020000204444,1,8192,856099,1,0.855734,3369,,
beyin MR (Cheng),2337,1,4,paket,0.0100231000687927,1,8192,855941,1,0.855734,3171,,
beyin MR (Cheng),2338,1,4,paket,0.010188199928961694,1,8192,856000,1,0.855734,3266,,
beyin MR (Cheng),2339,1,4,paket,0.010298099950887263,1,8192,855555,1,0.855734,5346,,
beyin MR (Cheng),2340,1,4,paket,0.010397600010037422,1,8192,855520,1,0.855734,2442,,
beyin MR (Cheng),2341,1,3,paket,0.009918399970047176,1,8192,855348,1,0.855734,7118,,
beyin MR (Cheng),2342,1,3,paket,0.00998309999704361,1,8192,856096,1,0.855734,7853,,
beyin MR (Cheng),2343,1,3,paket,0.010132099967449903,1,8192,855314,2,1.711468,10966,,
beyin MR (Cheng),2344,1,3,paket,0.011433199979364872,1,8192,856175,2,1.711468,11486,,
beyin MR (Cheng),2345,1,3,paket,0.010148499975912273,1,8192,856148,2,1.711468,8716,,
beyin MR (Cheng),2346,1,3,paket,0.011565099935978651,1,8192,855773,1,0.855734,7484,,
beyin MR (Cheng),2347,1,3,paket,0.010580000001937151,1,8192,854469,1,0.855734,4045,,
beyin MR (Cheng),2348,1,0,paket,0.010202699922956526,1,8192,855818,1,0.855734,1953,,
beyin MR (Cheng),2349,1,4,paket,0.01017280004452914,1,8192,854467,1,0.855734,2012,,
beyin MR (Cheng),2350,1,4,paket,0.010124699911102653,1,8192,856053,1,0.855734,3083,,
beyin MR (Cheng),2351,1,4,paket,0.00990589999128133,1,8192,855762,1,0.855734,3837,,
beyin MR (Cheng),2352,1,4,paket,0.010130699956789613,1,8192,856127,1,0.855734,4193,,
beyin MR (Cheng),2353,1,4,paket,0.010187100037001073,1,8192,855930,2,1.711468,12605,,
beyin MR (Cheng),2354,1,4,paket,0.010170200024731457,1,8192,855188,2,1.711468,12480,,
beyin MR (Cheng),2355,1,4,paket,0.009958699927665293,1,8192,856126,2,1.711468,11062,,
beyin MR (Cheng),2356,1,4,paket,0.012707000016234815,1,8192,855342,2,1.711468,11555,,
beyin MR (Cheng),2357,1,4,paket,0.01014460006263107,1,8192,855948,2,1.711468,10621,,
beyin MR (Cheng),2358,1,4,paket,0.010577899985946715,1,8192,856083,1,0.855734,6620,,
beyin MR (Cheng),2359,1,4,paket,0.009938400005921721,1,8192,855070,1,0.855734,6265,,
beyin MR (Cheng),2360,1,4,paket,0.011130800005048513,1,8192,856054,1,0.855734,7596,,
beyin MR (Cheng),2361,1,2,paket,0.010589699959382415,1,8192,855292,1,0.855734,2216,,
beyin MR (Cheng),2362,1,2,paket,0.010116400080733001,1,8192,855667,1,0.855734,868,,
beyin MR (Cheng),2363,1,2,paket,0.0099458999466151,1,8192,856109,1,0.855734,998,,
beyin MR (Cheng),2364,1,2,paket,0.010360000072978437,1,8192,856116,1,0.855734,5347,,
beyin MR (Cheng),2365,1,2,paket,0.01043929997831583,1,8192,856065,1,0.855734,6129,,
beyin MR (Cheng),2366,1,2,paket,0.011006400105543435,1,8192,855449,2,1.711468,11224,,
beyin MR (Cheng),2367,1,2,paket,0.011745500029064715,1,8192,855267,2,1.711468,16155,,
beyin MR (Cheng),2368,1,2,paket,0.010881700087338686,1,8192,856036,2,1.711468,13692,,
beyin MR (Cheng),2369,1,2,paket,0.009909099899232388,1,8192,856083,3,2.567202,18563,,
beyin MR (Cheng),2370,1,2,paket,0.010440099984407425,1,8192,856006,2,1.711468,15488,,
beyin MR (Cheng),2371,1,2,paket,0.009960800060071051,1,8192,856165,1,0.855734,4117,,
beyin MR (Cheng),2372,1,3,paket,0.010429500020109117,1,8192,855330,1,0.855734,914,,
beyin MR (Cheng),2373,1,3,paket,0.010474800015799701,1,8192,855616,1,0.855734,1686,,
beyin MR (Cheng),2374,1,3,paket,0.010571700055152178,1,8192,855384,1,0.855734,880,,
beyin MR (Cheng),2375,1,3,paket,0.010411399998702109,1,8192,856105,2,1.711468,8396,,
beyin MR (Cheng),2376,1,3,paket,0.010301400092430413,1,8192,856101,1,0.855734,7609,,
beyin MR (Cheng),2377,1,3,paket,0.00995199999306351,1,8192,855354,2,1.711468,8382,,
beyin MR (Cheng),2378,1,3,paket,0.011643300065770745,1,8192,856011,3,2.567202,17207,,
beyin MR (Cheng),2379,1,3,paket,0.010022700065746903,1,8192,855942,2,1.711468,15373,,
beyin MR (Cheng),2380,1,3,paket,0.010046000010333955,1,8192,855988,2,1.711468,14479,,
beyin MR (Cheng),2381,1,3,paket,0.009970200015231967,1,8192,855323,2,1.711468,13745,,
beyin MR (Cheng),2382,1,3,paket,0.00999489997047931,1,8192,855263,1,0.855734,1100,,
beyin MR (Cheng),2383,1,1,paket,0.010205600061453879,1,8192,855948,1,0.855734,4382,,
beyin MR (Cheng),2384,1,1,paket,0.010516099981032312,1,8192,856174,1,0.855734,7574,,
beyin MR (Cheng),2385,1,1,paket,0.010696899960748851,1,8192,856092,2,1.711468,8953,,
beyin MR (Cheng),2386,1,1,paket,0.010134699987247586,1,8192,855331,2,1.711468,11892,,
beyin MR (Cheng),2387,1,1,paket,0.009872799972072244,1,8192,856149,2,1.711468,15436,,
beyin MR (Cheng),2388,1,1,paket,0.010631700046360493,1,8192,855910,2,1.711468,11510,,
beyin MR (Cheng),2389,1,1,paket,0.013360499986447394,1,8192,854870,2,1.711468,11298,,
beyin MR (Cheng),2390,1,1,paket,0.009986599907279015,1,8192,855656,2,1.711468,9997,,
beyin MR (Cheng),2391,1,1,paket,0.010761999990791082,1,8192,855778,2,1.711468,9000,,
beyin MR (Cheng),2392,1,1,paket,0.010215500020422041,1,8192,855812,1,0.855734,7048,,
beyin MR (Cheng),2393,1,2,paket,0.010604099952615798,1,8192,856128,1,0.855734,6592,,
beyin MR (Cheng),2394,1,2,paket,0.010147200082428753,1,8192,855066,1,0.855734,6652,,
beyin MR (Cheng),2395,1,2,paket,0.011075999937020242,1,8192,856011,2,1.711468,10732,,
beyin MR (Cheng),2396,1,2,paket,0.010315799969248474,1,8192,855362,1,0.855734,4626,,
beyin MR (Cheng),2397,1,2,paket,0.010085000074468553,1,8192,856205,2,1.711468,9200,,
beyin MR (Cheng),2398,1,2,paket,0.010487699997611344,1,8192,856222,2,1.711468,12191,,
beyin MR (Cheng),2399,1,2,paket,0.010540900053456426,1,8192,854731,1,0.855734,5542,,
beyin MR (Cheng),2400,1,2,paket,0.010342200053855777,1,8192,855342,1,0.855734,6680,,
beyin MR (Cheng),2401,1,2,paket,0.01082770002540201,1,8192,856094,1,0.855734,3384,,
beyin MR (Cheng),2402,1,1,paket,0.010478500043973327,1,8192,856007,1,0.855734,2634,,
beyin MR (Cheng),2403,1,1,paket,0.010159700061194599,1,8192,855325,1,0.855734,4102,,
beyin MR (Cheng),2404,1,1,paket,0.010117500089108944,1,8192,855770,1,0.855734,4290,,
beyin MR (Cheng),2405,1,1,paket,0.010736000025644898,1,8192,856109,1,0.855734,3740,,
beyin MR (Cheng),2406,1,1,paket,0.010150799993425608,1,8192,856216,1,0.855734,4337,,
beyin MR (Cheng),2407,1,1,paket,0.010648799943737686,1,8192,856056,1,0.855734,3428,,
beyin MR (Cheng),2408,1,1,paket,0.010250600054860115,1,8192,855856,1,0.855734,2174,,
beyin MR (Cheng),2409,1,1,paket,0.01166319998446852,1,8192,856096,1,0.855734,3343,,
beyin MR (Cheng),2410,1,1,paket,0.010315299965441227,1,8192,856183,1,0.855734,4273,,
beyin MR (Cheng),2411,1,1,paket,0.010290400008670986,1,8192,855741,1,0.855734,4076,,
beyin MR (Cheng),2412,1,1,paket,0.010171000030823052,1,8192,855269,1,0.855734,3770,,
beyin MR (Cheng),2413,1,1,paket,0.010400800034403801,1,8192,856051,1,0.855734,2654,,
beyin MR (Cheng),2414,1,0,paket,0.010026700096204877,1,8192,855643,1,0.855734,6939,,
beyin MR (Cheng),2415,1,0,paket,0.010308800032362342,1,8192,856102,1,0.855734,4093,,
beyin MR (Cheng),2416,1,0,paket,0.011007599998265505,1,8192,855303,1,0.855734,4637,,
beyin MR (Cheng),2417,1,0,paket,0.009929200052283704,1,8192,854884,1,0.855734,4810,,
beyin MR (Cheng),2418,1,0,paket,0.010021899943239987,1,8192,855560,1,0.855734,2964,,
beyin MR (Cheng),2419,1,3,paket,0.009901200071908534,1,8192,855887,1,0.855734,4692,,
beyin MR (Cheng),2420,1,3,paket,0.0111714000813663,1,8192,855114,1,0.855734,6993,,
beyin MR (Cheng),2421,1,3,paket,0.010369000025093555,1,8192,855240,2,1.711468,8507,,
beyin MR (Cheng),2422,1,3,paket,0.010135399992577732,1,8192,855139,1,0.855734,7558,,
beyin MR (Cheng),2423,1,3,paket,0.009927399922162294,1,8192,854980,2,1.711468,12233,,
beyin MR (Cheng),2424,1,3,paket,0.011368900071829557,1,8192,855138,2,1.711468,10280,,
beyin MR (Cheng),2425,1,3,paket,0.009990100050345063,1,8192,856093,1,0.855734,3507,,
beyin MR (Cheng),2426,1,3,paket,0.010332399979233742,1,8192,855057,1,0.855734,3087,,
beyin MR (Cheng),2427,1,3,paket,0.01037569995969534,1,8192,856069,1,0.855734,4388,,
beyin MR (Cheng),2428,1,3,paket,0.011266599991358817,1,8192,855294,1,0.855734,6673,,
beyin MR (Cheng),2429,1,3,paket,0.010153100010938942,1,8192,854481,1,0.855734,5748,,
beyin MR (Cheng),2430,1,3,paket,0.010626300005242229,1,8192,855208,1,0.855734,5359,,
beyin MR (Cheng),2431,1,3,paket,0.010504900012165308,1,8192,856160,1,0.855734,5059,,
beyin MR (Cheng),2432,1,3,paket,0.010243199998512864,1,8192,856028,1,0.855734,3668,,
beyin MR (Cheng),2433,1,3,paket,0.010337900021113455,1,8192,856124,1,0.855734,2811,,
beyin MR (Cheng),2434,1,0,paket,0.0104363999562338,1,8192,855953,1,0.855734,4444,,
beyin MR (Cheng),2435,1,0,paket,0.010847600060515106,1,8192,856184,1,0.855734,6376,,
beyin MR (Cheng),2436,1,0,paket,0.009951800107955933,1,8192,854464,1,0.855734,8152,,
beyin MR (Cheng),2437,1,0,paket,0.01029270002618432,1,8192,855468,2,1.711468,10122,,
beyin MR (Cheng),2438,1,0,paket,0.010028400109149516,1,8192,855638,2,1.711468,10776,,
beyin MR (Cheng),2439,1,0,paket,0.01061430003028363,1,8192,855831,2,1.711468,11029,,
beyin MR (Cheng),2440,1,0,paket,0.009880600031465292,1,8192,856006,2,1.711468,10053,,
beyin MR (Cheng),2441,1,2,paket,0.01046139991376549,1,8192,855846,1,0.855734,3741,,
beyin MR (Cheng),2442,1,4,paket,0.010185600025579333,1,8192,855981,1,0.855734,7417,,
beyin MR (Cheng),2443,1,4,paket,0.010969300055876374,1,8192,854647,2,1.711468,13021,,
beyin MR (Cheng),2444,1,4,paket,0.010764400009065866,1,8192,855968,2,1.711468,12176,,
beyin MR (Cheng),2445,1,4,paket,0.01067190000321716,1,8192,855166,2,1.711468,13119,,
beyin MR (Cheng),2446,1,4,paket,0.010130600072443485,1,8192,855263,1,0.855734,7715,,
beyin MR (Cheng),2447,1,4,paket,0.010131499962881207,1,8192,855994,1,0.855734,7535,,
beyin MR (Cheng),2448,1,4,paket,0.01032199990004301,1,8192,856103,1,0.855734,7797,,
beyin MR (Cheng),2449,1,4,paket,0.009916000068187714,1,8192,856021,2,1.711468,9715,,
beyin MR (Cheng),2450,1,4,paket,0.01146019995212555,1,8192,856112,1,0.855734,6240,,
beyin MR (Cheng),2451,1,4,paket,0.010459400014951825,1,8192,855949,1,0.855734,2485,,
beyin MR (Cheng),2452,1,1,paket,0.01132829999551177,1,8192,855314,1,0.855734,6603,,
beyin MR (Cheng),2453,1,1,paket,0.010255299974232912,1,8192,854546,2,1.711468,10524,,
beyin MR (Cheng),2454,1,1,paket,0.010125700035132468,1,8192,854863,2,1.711468,11639,,
beyin MR (Cheng),2455,1,1,paket,0.012579699978232384,1,8192,855349,2,1.711468,15323,,
beyin MR (Cheng),2456,1,1,paket,0.011459699948318303,1,8192,855311,2,1.711468,14146,,
beyin MR (Cheng),2457,1,1,paket,0.010419599944725633,1,8192,855357,2,1.711468,13662,,
beyin MR (Cheng),2458,1,1,paket,0.010282900067977607,1,8192,856021,2,1.711468,12348,,
beyin MR (Cheng),2459,1,1,paket,0.009966399986296892,1,8192,855925,2,1.711468,13072,,
beyin MR (Cheng),2460,1,1,paket,0.010446400032378733,1,8192,855258,1,0.855734,3586,,
beyin MR (Cheng),2461,1,1,paket,0.010036599938757718,1,8192,855407,1,0.855734,2233,,
beyin MR (Cheng),2462,1,1,paket,0.009827699977904558,1,8192,855334,1,0.855734,1414,,
beyin MR (Cheng),2463,1,1,paket,0.010348799987696111,1,8192,855622,1,0.855734,5361,,
beyin MR (Cheng),2464,1,1,paket,0.010916900006122887,1,8192,855938,1,0.855734,4944,,
beyin MR (Cheng),2465,1,1,paket,0.011099900002591312,1,8192,855279,1,0.855734,3923,,
beyin MR (Cheng),2466,1,1,paket,0.010299700079485774,1,8192,855967,1,0.855734,2290,,
beyin MR (Cheng),2467,1,1,paket,0.010044099995866418,1,8192,855064,1,0.855734,2694,,
beyin MR (Cheng),2468,1,1,paket,0.009886499959975481,1,8192,856056,1,0.855734,1143,,
beyin MR (Cheng),2469,1,3,paket,0.010262000025250018,1,8192,856120,1,0.855734,1135,,
beyin MR (Cheng),2470,1,3,paket,0.010654599987901747,1,8192,855973,1,0.855734,1677,,
beyin MR (Cheng),2471,1,3,paket,0.010514499968849123,1,8192,855963,1,0.855734,4863,,
beyin MR (Cheng),2472,1,3,paket,0.010048800031654537,1,8192,855926,1,0.855734,4774,,
beyin MR (Cheng),2473,1,3,paket,0.0101637999759987,1,8192,856299,1,0.855734,4922,,
beyin MR (Cheng),2474,1,3,paket,0.01013870001770556,1,8192,855296,1,0.855734,3174,,
beyin MR (Cheng),2475,1,3,paket,0.010186700033955276,1,8192,855188,1,0.855734,1366,,
beyin MR (Cheng),2476,1,3,paket,0.010118699981831014,1,8192,855317,1,0.855734,2523,,
beyin MR (Cheng),2477,1,3,paket,0.011086500016972423,1,8192,855290,1,0.855734,3714,,
beyin MR (Cheng),2478,1,3,paket,0.010485799983143806,1,8192,856046,1,0.855734,4612,,
beyin MR (Cheng),2479,1,3,paket,0.011179000022821128,1,8192,855918,1,0.855734,5362,,
beyin MR (Cheng),2480,1,3,paket,0.00980240001808852,1,8192,854314,1,0.855734,3518,,
beyin MR (Cheng),2481,1,3,paket,0.010236800066195428,1,8192,856006,1,0.855734,4517,,
beyin MR (Cheng),2482,1,3,paket,0.010311700054444373,1,8192,856158,1,0.855734,4261,,
beyin MR (Cheng),2483,1,3,paket,0.0102959000505507,1,8192,855731,1,0.855734,5359,,
beyin MR (Cheng),2484,1,3,paket,0.01003810006659478,1,8192,856229,1,0.855734,4050,,
beyin MR (Cheng),2485,1,3,paket,0.010437599965371192,1,8192,855317,1,0.855734,4543,,
beyin MR (Cheng),2486,1,3,paket,0.010281300055794418,1,8192,855401,1,0.855734,2393,,
beyin MR (Cheng),2487,1,3,paket,0.01121099991723895,1,8192,855253,1,0.855734,8009,,
beyin MR (Cheng),2488,1,3,paket,0.010558799956925213,1,8192,856141,2,1.711468,12310,,
beyin MR (Cheng),2489,1,3,paket,0.010749400011263788,1,8192,855190,2,1.711468,13221,,
beyin MR (Cheng),2490,1,3,paket,0.010142499930225313,1,8192,855120,2,1.711468,14158,,
beyin MR (Cheng),2491,1,3,paket,0.011680499999783933,1,8192,856160,2,1.711468,12713,,
beyin MR (Cheng),2492,1,3,paket,0.01071790000423789,1,8192,855653,2,1.711468,9175,,
beyin MR (Cheng),2493,1,3,paket,0.009959900053218007,1,8192,855548,1,0.855734,4703,,
beyin MR (Cheng),2494,1,3,paket,0.010167400003410876,1,8192,855267,1,0.855734,1782,,
beyin MR (Cheng),2495,1,0,paket,0.010331399971619248,1,8192,855291,1,0.855734,1073,,
beyin MR (Cheng),2496,1,0,paket,0.01025269995443523,1,8192,855246,1,0.855734,631,,
beyin MR (Cheng),2497,1,0,paket,0.00983469991479069,1,8192,856070,1,0.855734,1902,,
beyin MR (Cheng),2498,1,4,paket,0.011375000001862645,1,8192,855291,1,0.855734,959,,
beyin MR (Cheng),2499,1,4,paket,0.010803899960592389,1,8192,855622,1,0.855734,2558,,
beyin MR (Cheng),2500,1,4,paket,0.010492300032638013,1,8192,856008,1,0.855734,3652,,
beyin MR (Cheng),2501,1,4,paket,0.011073899921029806,1,8192,856168,1,0.855734,5381,,
beyin MR (Cheng),2502,1,4,paket,0.010973499971441925,1,8192,855267,1,0.855734,5596,,
beyin MR (Cheng),2503,1,4,paket,0.010029699886217713,1,8192,855887,2,1.711468,8714,,
beyin MR (Cheng),2504,1,4,paket,0.009999000001698732,1,8192,856013,1,0.855734,3557,,
beyin MR (Cheng),2505,1,4,paket,0.010068499948829412,1,8192,856181,1,0.855734,2222,,
beyin MR (Cheng),2506,1,4,paket,0.010268599959090352,1,8192,855984,1,0.855734,755,,
beyin MR (Cheng),2507,1,4,paket,0.00980840006377548,1,8192,855399,1,0.855734,845,,
beyin MR (Cheng),2508,1,2,paket,0.010779700009152293,1,8192,855989,1,0.855734,5493,,
beyin MR (Cheng),2509,1,2,paket,0.010237299953587353,1,8192,855312,1,0.855734,5674,,
beyin MR (Cheng),2510,1,2,paket,0.009999700007028878,1,8192,855387,1,0.855734,2046,,
beyin MR (Cheng),2511,1,2,paket,0.010016400017775595,1,8192,854841,1,0.855734,2555,,
beyin MR (Cheng),2512,1,2,paket,0.010378899984061718,1,8192,855798,1,0.855734,3532,,
beyin MR (Cheng),2513,1,2,paket,0.009996799984946847,1,8192,856083,1,0.855734,3829,,
beyin MR (Cheng),2514,1,2,paket,0.009983700001612306,1,8192,855263,1,0.855734,3990,,
beyin MR (Cheng),2515,1,2,paket,0.010354500031098723,1,8192,855988,2,1.711468,8243,,
beyin MR (Cheng),2516,1,2,paket,0.01101849996484816,1,8192,855838,2,1.711468,8822,,
beyin MR (Cheng),2517,1,2,paket,0.010465900064446032,1,8192,856167,1,0.855734,3475,,
beyin MR (Cheng),2518,1,2,paket,0.011610399931669235,1,8192,855286,1,0.855734,3605,,
beyin MR (Cheng),2519,1,2,paket,0.010072399978525937,1,8192,855344,2,1.711468,10222,,
beyin MR (Cheng),2520,1,2,paket,0.010149299982003868,1,8192,855211,1,0.855734,7806,,
beyin MR (Cheng),2521,1,2,paket,0.01027349999640137,1,8192,855299,1,0.855734,2570,,
beyin MR (Cheng),2522,1,2,paket,0.010054199956357479,1,8192,855270,1,0.855734,2057,,
beyin MR (Cheng),2523,1,1,paket,0.01011200004722923,1,8192,855220,1,0.855734,2199,,
beyin MR (Cheng),2524,1,1,paket,0.010415100026875734,1,8192,855995,1,0.855734,5512,,
beyin MR (Cheng),2525,1,1,paket,0.010447799926623702,1,8192,855316,1,0.855734,6600,,
beyin MR (Cheng),2526,1,1,paket,0.010222399956546724,1,8192,856093,2,1.711468,11666,,
beyin MR (Cheng),2527,1,1,paket,0.010165899991989136,1,8192,855771,1,0.855734,7445,,
beyin MR (Cheng),2528,1,1,paket,0.010139600024558604,1,8192,855789,1,0.855734,8192,,
beyin MR (Cheng),2529,1,2,paket,0.010675900033675134,1,8192,855880,1,0.855734,2172,,
beyin MR (Cheng),2530,1,2,paket,0.009990699938498437,1,8192,855686,1,0.855734,4264,,
beyin MR (Cheng),2531,1,2,paket,0.010482799960300326,1,8192,855000,2,1.711468,8242,,
beyin MR (Cheng),2532,1,2,paket,0.010144000058062375,1,8192,855336,2,1.711468,8970,,
beyin MR (Cheng),2533,1,2,paket,0.010133699979633093,1,8192,855151,2,1.711468,8824,,
beyin MR (Cheng),2534,1,2,paket,0.010265700053423643,1,8192,855647,1,0.855734,6578,,
beyin MR (Cheng),2535,1,2,paket,0.012197000090964139,1,8192,855909,1,0.855734,6199,,
beyin MR (Cheng),2536,1,2,paket,0.010021900059655309,1,8192,856185,1,0.855734,5626,,
beyin MR (Cheng),2537,1,2,paket,0.009935200097970665,1,8192,856087,1,0.855734,4978,,
beyin MR (Cheng),2538,1,2,paket,0.012552800006233156,1,8192,855791,1,0.855734,4877,,
beyin MR (Cheng),2539,1,1,paket,0.009976800065487623,1,8192,855195,1,0.855734,291,,
beyin MR (Cheng),2540,1,1,paket,0.010032400023192167,1,8192,856060,1,0.855734,671,,
beyin MR (Cheng),2541,1,1,paket,0.010172200039960444,1,8192,855258,1,0.855734,2605,,
beyin MR (Cheng),2542,1,1,paket,0.01060260005760938,1,8192,855328,1,0.855734,3085,,
beyin MR (Cheng),2543,1,1,paket,0.010482499958015978,1,8192,856090,1,0.855734,3213,,
beyin MR (Cheng),2544,1,1,paket,0.01507959992159158,1,8192,855559,1,0.855734,2772,,
beyin MR (Cheng),2545,1,3,paket,0.009814399993047118,1,8192,854952,1,0.855734,6517,,
beyin MR (Cheng),2546,1,3,paket,0.01086289994418621,1,8192,855583,1,0.855734,6411,,
beyin MR (Cheng),2547,1,3,paket,0.010954100056551397,1,8192,856036,1,0.855734,5427,,
beyin MR (Cheng),2548,1,3,paket,0.010037899948656559,1,8192,856110,1,0.855734,5407,,
beyin MR (Cheng),2549,1,1,paket,0.009961599949747324,1,8192,855905,1,0.855734,2148,,
beyin MR (Cheng),2550,1,1,paket,0.010515999980270863,1,8192,855889,1,0.855734,1908,,
beyin MR (Cheng),2551,1,1,paket,0.01042190007865429,1,8192,855288,1,0.855734,2103,,
beyin MR (Cheng),2552,1,1,paket,0.010004099924117327,1,8192,855268,1,0.855734,2173,,
beyin MR (Cheng),2553,1,0,paket,0.009997499990276992,1,8192,855846,1,0.855734,751,,
beyin MR (Cheng),2554,1,0,paket,0.01713159994687885,1,8192,855810,1,0.855734,2279,,
beyin MR (Cheng),2555,1,0,paket,0.010772200068458915,1,8192,856239,1,0.855734,7560,,
beyin MR (Cheng),2556,1,0,paket,0.010852000094018877,1,8192,855255,1,0.855734,6447,,
beyin MR (Cheng),2557,1,0,paket,0.01020519994199276,1,8192,855970,1,0.855734,3658,,
beyin MR (Cheng),2558,1,0,paket,0.010421199956908822,1,8192,856138,2,1.711468,8395,,
beyin MR (Cheng),2559,1,0,paket,0.010395099991001189,1,8192,855347,2,1.711468,9201,,
beyin MR (Cheng),2560,1,0,paket,0.010140300029888749,1,8192,856230,2,1.711468,9461,,
beyin MR (Cheng),2561,1,0,paket,0.009985700016841292,1,8192,855373,2,1.711468,8956,,
beyin MR (Cheng),2562,1,0,paket,0.01032090000808239,1,8192,855195,2,1.711468,10938,,
beyin MR (Cheng),2563,1,0,paket,0.01127220003399998,1,8192,856160,2,1.711468,14710,,
beyin MR (Cheng),2564,1,0,paket,0.01013979990966618,1,8192,856095,2,1.711468,13705,,
beyin MR (Cheng),2565,1,2,paket,0.01022609998472035,1,8192,855883,1,0.855734,1331,,
beyin MR (Cheng),2566,1,2,paket,0.010536900022998452,1,8192,856251,1,0.855734,3006,,
beyin MR (Cheng),2567,1,2,paket,0.010716599994339049,1,8192,856114,1,0.855734,4745,,
beyin MR (Cheng),2568,1,2,paket,0.010465099941939116,1,8192,856120,1,0.855734,5339,,
beyin MR (Cheng),2569,1,2,paket,0.010641600005328655,1,8192,856244,1,0.855734,5308,,
beyin MR (Cheng),2570,1,2,paket,0.010805699974298477,1,8192,855734,1,0.855734,4661,,
beyin MR (Cheng),2571,1,2,paket,0.01052230002824217,1,8192,855370,1,0.855734,2393,,
beyin MR (Cheng),2572,1,3,paket,0.010414700023829937,1,8192,855416,1,0.855734,4183,,
beyin MR (Cheng),2573,1,3,paket,0.010974899982102215,1,8192,856260,1,0.855734,5768,,
beyin MR (Cheng),2574,1,3,paket,0.009982399991713464,1,8192,855755,1,0.855734,7055,,
beyin MR (Cheng),2575,1,3,paket,0.010262800031341612,1,8192,855251,1,0.855734,8063,,
beyin MR (Cheng),2576,1,3,paket,0.009781699976883829,1,8192,855424,1,0.855734,6008,,
beyin MR (Cheng),2577,1,3,paket,0.011284599895589054,1,8192,855149,1,0.855734,3454,,
beyin MR (Cheng),2578,1,4,paket,0.010089999996125698,1,8192,854708,1,0.855734,1898,,
beyin MR (Cheng),2579,1,4,paket,0.010475699906237423,1,8192,855854,1,0.855734,3297,,
beyin MR (Cheng),2580,1,4,paket,0.010178999975323677,1,8192,856117,1,0.855734,3760,,
beyin MR (Cheng),2581,1,4,paket,0.009986200020648539,1,8192,856163,1,0.855734,4104,,
beyin MR (Cheng),2582,1,4,paket,0.010261500021442771,1,8192,855823,1,0.855734,2650,,
beyin MR (Cheng),2583,1,4,paket,0.010174299939535558,1,8192,855641,1,0.855734,2526,,
beyin MR (Cheng),2584,1,4,paket,0.010277600027620792,1,8192,855075,1,0.855734,3117,,
beyin MR (Cheng),2585,1,4,paket,0.010981599916703999,1,8192,855540,1,0.855734,4738,,
beyin MR (Cheng),2586,1,4,paket,0.010050900047644973,1,8192,855118,1,0.855734,4577,,
beyin MR (Cheng),2587,1,4,paket,0.01061699993442744,1,8192,855297,1,0.855734,1601,,
beyin MR (Cheng),2588,1,3,paket,0.010114499949850142,1,8192,855211,1,0.855734,2249,,
beyin MR (Cheng),2589,1,3,paket,0.011899000033736229,1,8192,855829,1,0.855734,3303,,
beyin MR (Cheng),2590,1,3,paket,0.009949799976311624,1,8192,855443,1,0.855734,3678,,
beyin MR (Cheng),2591,1,3,paket,0.010027899988926947,1,8192,856231,1,0.855734,4304,,
beyin MR (Cheng),2592,1,3,paket,0.010047400020994246,1,8192,854540,1,0.855734,3843,,
beyin MR (Cheng),2593,1,3,paket,0.011518400046043098,1,8192,856150,1,0.855734,3024,,
beyin MR (Cheng),2594,1,1,paket,0.011605399893596768,1,8192,855412,1,0.855734,3215,,
beyin MR (Cheng),2595,1,1,paket,0.010280000045895576,1,8192,855699,1,0.855734,3329,,
beyin MR (Cheng),2596,1,1,paket,0.010393199976533651,1,8192,855259,1,0.855734,4522,,
beyin MR (Cheng),2597,1,1,paket,0.010119599988684058,1,8192,855942,1,0.855734,4139,,
beyin MR (Cheng),2598,1,1,paket,0.010084999958053231,1,8192,855994,1,0.855734,2600,,
beyin MR (Cheng),2599,1,1,paket,0.012992499978281558,1,8192,855388,2,1.711468,13621,,
beyin MR (Cheng),2600,1,1,paket,0.011130400002002716,1,8192,855356,2,1.711468,12449,,
beyin MR (Cheng),2601,1,1,paket,0.00993699999526143,1,8192,855441,2,1.711468,8429,,
beyin MR (Cheng),2602,1,1,paket,0.010388800059445202,1,8192,855938,1,0.855734,7790,,
beyin MR (Cheng),2603,1,1,paket,0.010536600020714104,1,8192,855465,1,0.855734,7926,,
beyin MR (Cheng),2604,1,1,paket,0.010053799953311682,1,8192,855981,1,0.855734,6959,,
beyin MR (Cheng),2605,1,1,paket,0.010200200020335615,1,8192,855317,2,1.711468,12819,,
beyin MR (Cheng),2606,1,1,paket,0.01170030003413558,1,8192,855316,2,1.711468,9665,,
beyin MR (Cheng),2607,1,4,paket,0.010364099987782538,1,8192,855375,1,0.855734,7693,,
beyin MR (Cheng),2608,1,4,paket,0.010250499937683344,1,8192,855308,1,0.855734,4132,,
beyin MR (Cheng),2609,1,4,paket,0.010068600066006184,1,8192,855697,1,0.855734,5678,,
beyin MR (Cheng),2610,1,4,paket,0.009858799981884658,1,8192,855977,1,0.855734,3478,,
beyin MR (Cheng),2611,1,2,paket,0.010357399936765432,1,8192,856108,1,0.855734,573,,
beyin MR (Cheng),2612,1,2,paket,0.009833300020545721,1,8192,856168,1,0.855734,1274,,
beyin MR (Cheng),2613,1,2,paket,0.010473300004377961,1,8192,856058,1,0.855734,996,,
beyin MR (Cheng),2614,1,2,paket,0.01066289993468672,1,8192,855368,1,0.855734,863,,
beyin MR (Cheng),2615,1,2,paket,0.010071199969388545,1,8192,855231,1,0.855734,795,,
beyin MR (Cheng),2616,1,0,paket,0.010648899944499135,1,8192,856125,1,0.855734,6802,,
beyin MR (Cheng),2617,1,0,paket,0.01003629993647337,1,8192,855893,1,0.855734,7365,,
beyin MR (Cheng),2618,1,0,paket,0.011154699954204261,1,8192,856138,2,1.711468,9511,,
beyin MR (Cheng),2619,1,0,paket,0.010095100034959614,1,8192,855319,2,1.711468,8779,,
beyin MR (Cheng),2620,1,0,paket,0.009964599972590804,1,8192,855164,1,0.855734,7727,,
beyin MR (Cheng),2621,1,0,paket,0.01014149992261082,1,8192,856155,1,0.855734,7452,,
beyin MR (Cheng),2622,1,0,paket,0.010166299995034933,1,8192,855829,1,0.855734,7370,,
beyin MR (Cheng),2623,1,4,paket,0.01010900002438575,1,8192,855213,1,0.855734,2399,,
beyin MR (Cheng),2624,1,4,paket,0.010259800008498132,1,8192,855268,1,0.855734,2418,,
beyin MR (Cheng),2625,1,4,paket,0.010109900031238794,1,8192,855480,1,0.855734,5305,,
beyin MR (Cheng),2626,1,4,paket,0.010841100011020899,1,8192,856091,1,0.855734,3122,,
beyin MR (Cheng),2627,1,4,paket,0.011234500096179545,1,8192,855155,1,0.855734,6243,,
beyin MR (Cheng),2628,1,4,paket,0.009914500056765974,1,8192,856082,1,0.855734,6629,,
beyin MR (Cheng),2629,1,4,paket,0.010019699926488101,1,8192,856064,1,0.855734,4659,,
beyin MR (Cheng),2630,1,2,paket,0.015188599936664104,1,8192,856076,1,0.855734,1329,,
beyin MR (Cheng),2631,1,2,paket,0.009968400001525879,1,8192,855389,1,0.855734,2545,,
beyin MR (Cheng),2632,1,2,paket,0.00996400008443743,1,8192,855480,1,0.855734,1642,,
beyin MR (Cheng),2633,1,1,paket,0.010540400049649179,1,8192,856030,1,0.855734,4863,,
beyin MR (Cheng),2634,1,1,paket,0.010040999972261488,1,8192,855398,1,0.855734,7311,,
beyin MR (Cheng),2635,1,1,paket,0.010210400098003447,1,8192,855886,1,0.855734,7361,,
beyin MR (Cheng),2636,1,1,paket,0.010674299905076623,1,8192,855359,1,0.855734,7308,,
beyin MR (Cheng),2637,1,1,paket,0.010006899945437908,1,8192,855824,1,0.855734,6926,,
beyin MR (Cheng),2638,1,1,paket,0.011200700071640313,1,8192,855239,1,0.855734,5449,,
beyin MR (Cheng),2639,1,1,paket,0.010539300041273236,1,8192,856088,1,0.855734,3017,,
beyin MR (Cheng),2640,1,4,paket,0.014472100068815053,1,8192,855283,1,0.855734,1282,,
beyin MR (Cheng),2641,1,4,paket,0.010178200085647404,1,8192,856229,1,0.855734,939,,
beyin MR (Cheng),2642,1,4,paket,0.010046400013379753,1,8192,855589,1,0.855734,1555,,
beyin MR (Cheng),2643,1,4,paket,0.0107122000772506,1,8192,855086,1,0.855734,1506,,
beyin MR (Cheng),2644,1,4,paket,0.009886800078675151,1,8192,855798,1,0.855734,2382,,
beyin MR (Cheng),2645,1,3,paket,0.010583899915218353,1,8192,856169,1,0.855734,2171,,
beyin MR (Cheng),2646,1,3,paket,0.011062099947594106,1,8192,855234,1,0.855734,1473,,
beyin MR (Cheng),2647,1,3,paket,0.010397400008514524,1,8192,855976,1,0.855734,1262,,
beyin MR (Cheng),2648,1,3,paket,0.010279499925673008,1,8192,855452,1,0.855734,1373,,
beyin MR (Cheng),2649,1,0,paket,0.010337400017306209,1,8192,856129,1,0.855734,2655,,
beyin MR (Cheng),2650,1,0,paket,0.010407500085420907,1,8192,855664,1,0.855734,5749,,
beyin MR (Cheng),2651,1,0,paket,0.01011189993005246,1,8192,855924,1,0.855734,6386,,
beyin MR (Cheng),2652,1,0,paket,0.010433400049805641,1,8192,856034,1,0.855734,5903,,
beyin MR (Cheng),2653,1,0,paket,0.010589599958620965,1,8192,855778,1,0.855734,6571,,
beyin MR (Cheng),2654,1,0,paket,0.010059799998998642,1,8192,856080,1,0.855734,5350,,
beyin MR (Cheng),2655,1,0,paket,0.009889299981296062,1,8192,855301,1,0.855734,4186,,
beyin MR (Cheng),2656,1,0,paket,0.010427100001834333,1,8192,855312,2,1.711468,11048,,
beyin MR (Cheng),2657,1,0,paket,0.010183900012634695,1,8192,854586,2,1.711468,9999,,
beyin MR (Cheng),2658,1,0,paket,0.010062300018034875,1,8192,855522,2,1.711468,9455,,
beyin MR (Cheng),2659,1,0,paket,0.010207499959506094,1,8192,855517,1,0.855734,7511,,
beyin MR (Cheng),2660,1,0,paket,0.009915699949488044,1,8192,855274,1,0.855734,5368,,
beyin MR (Cheng),2661,1,0,paket,0.010059199994429946,1,8192,855871,1,0.855734,4886,,
beyin MR (Cheng),2662,1,0,paket,0.010930799995549023,1,8192,856016,1,0.855734,2741,,
beyin MR (Cheng),2663,1,2,paket,0.010813399916514754,1,8192,855252,1,0.855734,4390,,
beyin MR (Cheng),2664,1,2,paket,0.00999039993621409,1,8192,856182,1,0.855734,6171,,
beyin MR (Cheng),2665,1,2,paket,0.010521499905735254,1,8192,855924,1,0.855734,4655,,
beyin MR (Cheng),2666,1,2,paket,0.010311500052921474,1,8192,855653,1,0.855734,7357,,
beyin MR (Cheng),2667,1,2,paket,0.009906899998895824,1,8192,856059,1,0.855734,7384,,
beyin MR (Cheng),2668,1,2,paket,0.011915999930351973,1,8192,855941,2,1.711468,8533,,
beyin MR (Cheng),2669,1,2,paket,0.010379499988630414,1,8192,856098,2,1.711468,9380,,
beyin MR (Cheng),2670,1,2,paket,0.009882799931801856,1,8192,856197,1,0.855734,8059,,
beyin MR (Cheng),2671,1,2,paket,0.01068089995533228,1,8192,856124,2,1.711468,11706,,
beyin MR (Cheng),2672,1,2,paket,0.009953599888831377,1,8192,855667,2,1.711468,10016,,
beyin MR (Cheng),2673,1,2,paket,0.010828499915078282,1,8192,854512,2,1.711468,8667,,
beyin MR (Cheng),2674,1,2,paket,0.0105565000558272,1,8192,856183,1,0.855734,5136,,
beyin MR (Cheng),2675,1,2,paket,0.01000550005119294,1,8192,855633,1,0.855734,6117,,
beyin MR (Cheng),2676,1,2,paket,0.010548399994149804,1,8192,855345,1,0.855734,7069,,
beyin MR (Cheng),2677,1,1,paket,0.010343400062993169,1,8192,855288,1,0.855734,2187,,
beyin MR (Cheng),2678,1,1,paket,0.010635099955834448,1,8192,855863,1,0.855734,1478,,
beyin MR (Cheng),2679,1,3,paket,0.009810099960304797,1,8192,855869,1,0.855734,1539,,
beyin MR (Cheng),2680,1,3,paket,0.010040999972261488,1,8192,855599,1,0.855734,1110,,
beyin MR (Cheng),2681,1,0,paket,0.010702200001105666,1,8192,856065,1,0.855734,1994,,
beyin MR (Cheng),2682,1,0,paket,0.010527999955229461,1,8192,856117,1,0.855734,3097,,
beyin MR (Cheng),2683,1,0,paket,0.010690900031477213,1,8192,856093,1,0.855734,2418,,
beyin MR (Cheng),2684,1,0,paket,0.010040900087915361,1,8192,856099,1,0.855734,1931,,
beyin MR (Cheng),2685,1,0,paket,0.010377799975685775,1,8192,855677,1,0.855734,1065,,
beyin MR (Cheng),2686,1,0,paket,0.010363599983975291,1,8192,856094,1,0.855734,859,,
beyin MR (Cheng),2687,1,3,paket,0.010184400016441941,1,8192,856044,1,0.855734,3296,,
beyin MR (Cheng),2688,1,3,paket,0.010037999949418008,1,8192,856115,1,0.855734,5334,,
beyin MR (Cheng),2689,1,3,paket,0.010238999966531992,1,8192,854813,1,0.855734,5681,,
beyin MR (Cheng),2690,1,3,paket,0.009985600016079843,1,8192,855253,1,0.855734,4713,,
beyin MR (Cheng),2691,1,3,paket,0.01065259997267276,1,8192,856180,1,0.855734,4185,,
beyin MR (Cheng),2692,1,3,paket,0.010136800003238022,1,8192,856218,1,0.855734,1812,,
beyin MR (Cheng),2693,1,3,paket,0.010863500065170228,1,8192,855358,1,0.855734,6519,,
beyin MR (Cheng),2694,1,3,paket,0.01052100001834333,1,8192,855766,2,1.711468,10874,,
beyin MR (Cheng),2695,1,3,paket,0.010180700104683638,1,8192,855761,2,1.711468,11837,,
beyin MR (Cheng),2696,1,3,paket,0.010052000056020916,1,8192,855204,2,1.711468,10446,,
beyin MR (Cheng),2697,1,3,paket,0.010976499994285405,1,8192,856157,2,1.711468,12886,,
beyin MR (Cheng),2698,1,3,paket,0.01091790001373738,1,8192,855555,2,1.711468,10462,,
beyin MR (Cheng),2699,1,3,paket,0.010592899983748794,1,8192,855408,1,0.855734,6031,,
beyin MR (Cheng),2700,1,3,paket,0.010944799985736609,1,8192,855878,1,0.855734,5888,,
beyin MR (Cheng),2701,1,2,paket,0.01025419996585697,1,8192,855614,1,0.855734,659,,
beyin MR (Cheng),2702,1,2,paket,0.010619499953463674,1,8192,856243,1,0.855734,1715,,
beyin MR (Cheng),2703,1,2,paket,0.010139600024558604,1,8192,855777,1,0.855734,3343,,
beyin MR (Cheng),2704,1,2,paket,0.011610300047323108,1,8192,856102,1,0.855734,5315,,
beyin MR (Cheng),2705,1,2,paket,0.01046299992594868,1,8192,855371,1,0.855734,4581,,
beyin MR (Cheng),2706,1,2,paket,0.012681500054895878,1,8192,855548,1,0.855734,2949,,
beyin MR (Cheng),2707,1,2,paket,0.010945899994112551,1,8192,855253,1,0.855734,1367,,
beyin MR (Cheng),2708,1,2,paket,0.009936399990692735,1,8192,855938,1,0.855734,1682,,
beyin MR (Cheng),2709,1,2,paket,0.010138800018467009,1,8192,855350,1,0.855734,7222,,
beyin MR (Cheng),2710,1,2,paket,0.015356999938376248,1,8192,855467,1,0.855734,6370,,
beyin MR (Cheng),2711,1,2,paket,0.009851000038906932,1,8192,856121,1,0.855734,4535,,
beyin MR (Cheng),2712,1,2,paket,0.010213200002908707,1,8192,855310,1,0.855734,3729,,
beyin MR (Cheng),2713,1,0,paket,0.010459100012667477,1,8192,855855,1,0.855734,2228,,
beyin MR (Cheng),2714,1,0,paket,0.010362200089730322,1,8192,856045,1,0.855734,2680,,
beyin MR (Cheng),2715,1,0,paket,0.010764600010588765,1,8192,855255,1,0.855734,4220,,
beyin MR (Cheng),2716,1,0,paket,0.009743500035256147,1,8192,855868,1,0.855734,3690,,
beyin MR (Cheng),2717,1,0,paket,0.010339200031012297,1,8192,856078,1,0.855734,4895,,
beyin MR (Cheng),2718,1,0,paket,0.010671199997887015,1,8192,854442,1,0.855734,5217,,
beyin MR (Cheng),2719,1,0,paket,0.010075700003653765,1,8192,855236,1,0.855734,6523,,
beyin MR (Cheng),2720,1,0,paket,0.010020999936386943,1,8192,856257,1,0.855734,6316,,
beyin MR (Cheng),2721,1,0,paket,0.010881299967877567,1,8192,856114,1,0.855734,7106,,
beyin MR (Cheng),2722,1,2,paket,0.010322000016458333,1,8192,856165,1,0.855734,6493,,
beyin MR (Cheng),2723,1,2,paket,0.010132999974302948,1,8192,855274,2,1.711468,10256,,
beyin MR (Cheng),2724,1,2,paket,0.010207499959506094,1,8192,856033,2,1.711468,8904,,
beyin MR (Cheng),2725,1,2,paket,0.011361900018528104,1,8192,855177,2,1.711468,13751,,
beyin MR (Cheng),2726,1,2,paket,0.010622099973261356,1,8192,855296,2,1.711468,14376,,
beyin MR (Cheng),2727,1,2,paket,0.010201500030234456,1,8192,856224,2,1.711468,12481,,
beyin MR (Cheng),2728,1,2,paket,0.010646499926224351,1,8192,856127,2,1.711468,9943,,
beyin MR (Cheng),2729,1,2,paket,0.009944800054654479,1,8192,855348,1,0.855734,6732,,
beyin MR (Cheng),2730,1,0,paket,0.014782299986109138,1,8192,855309,1,0.855734,2377,,
beyin MR (Cheng),2731,1,0,paket,0.01032100000884384,1,8192,855179,1,0.855734,2219,,
beyin MR (Cheng),2732,1,0,paket,0.01136219990439713,1,8192,856075,1,0.855734,5740,,
beyin MR (Cheng),2733,1,0,paket,0.01081270002759993,1,8192,856150,2,1.711468,8582,,
beyin MR (Cheng),2734,1,0,paket,0.009991000057198107,1,8192,855722,1,0.855734,6026,,
beyin MR (Cheng),2735,1,0,paket,0.010730599984526634,1,8192,855316,2,1.711468,9408,,
beyin MR (Cheng),2736,1,0,paket,0.009872599970549345,1,8192,854375,1,0.855734,1420,,
beyin MR (Cheng),2737,1,2,paket,0.01012669992633164,1,8192,855349,2,1.711468,10387,,
beyin MR (Cheng),2738,1,2,paket,0.011058500036597252,1,8192,856198,2,1.711468,8584,,
beyin MR (Cheng),2739,1,2,paket,0.010781400022096932,1,8192,855924,2,1.711468,9301,,
beyin MR (Cheng),2740,1,2,paket,0.009970600018277764,1,8192,855147,2,1.711468,9881,,
beyin MR (Cheng),2741,1,2,paket,0.00995640002656728,1,8192,855188,1,0.855734,5761,,
beyin MR (Cheng),2742,1,2,paket,0.010127599933184683,1,8192,856070,1,0.855734,3400,,
beyin MR (Cheng),2743,1,2,paket,0.010561300092376769,1,8192,855620,1,0.855734,3775,,
beyin MR (Cheng),2744,1,2,paket,0.010004100040532649,1,8192,855439,2,1.711468,10240,,
beyin MR (Cheng),2745,1,2,paket,0.010243299999274313,1,8192,856022,1,0.855734,6382,,
beyin MR (Cheng),2746,1,2,paket,0.01004540000576526,1,8192,856003,1,0.855734,2322,,
beyin MR (Cheng),2747,1,1,paket,0.010926299961283803,1,8192,855967,1,0.855734,1146,,
beyin MR (Cheng),2748,1,1,paket,0.010399499908089638,1,8192,855329,1,0.855734,1006,,
beyin MR (Cheng),2749,1,3,paket,0.010000600013881922,1,8192,855794,1,0.855734,739,,
beyin MR (Cheng),2750,1,3,paket,0.010266499943099916,1,8192,856059,1,0.855734,749,,
beyin MR (Cheng),2751,1,3,paket,0.010551599902100861,1,8192,855530,1,0.855734,595,,
beyin MR (Cheng),2752,1,0,paket,0.010233100038021803,1,8192,854357,1,0.855734,474,,
beyin MR (Cheng),2753,1,0,paket,0.010408899979665875,1,8192,855393,1,0.855734,1411,,
beyin MR (Cheng),2754,1,0,paket,0.011419199989177287,1,8192,855933,1,0.855734,1041,,
beyin MR (Cheng),2755,1,0,paket,0.00993130006827414,1,8192,855974,1,0.855734,509,,
beyin MR (Cheng),2756,1,0,paket,0.010431600036099553,1,8192,855338,1,0.855734,370,,
beyin MR (Cheng),2757,1,3,paket,0.009954000008292496,1,8192,855317,1,0.855734,5050,,
beyin MR (Cheng),2758,1,3,paket,0.010985400062054396,1,8192,855292,2,1.711468,13257,,
beyin MR (Cheng),2759,1,3,paket,0.010809300001710653,1,8192,855858,1,0.855734,5590,,
beyin MR (Cheng),2760,1,3,paket,0.010751600028015673,1,8192,855955,3,2.567202,19638,,
beyin MR (Cheng),2761,1,3,paket,0.010292100021615624,1,8192,856012,3,2.567202,21777,,
beyin MR (Cheng),2762,1,3,paket,0.010142100043594837,1,8192,856010,4,3.422936,25461,,
beyin MR (Cheng),2763,1,3,paket,0.01144689996726811,1,8192,855371,3,2.567202,18327,,
beyin MR (Cheng),2764,1,3,paket,0.010361200082115829,1,8192,856059,3,2.567202,19122,,
beyin MR (Cheng),2765,1,3,paket,0.010021200054325163,1,8192,856246,2,1.711468,9449,,
beyin MR (Cheng),2766,1,3,paket,0.010941000073216856,1,8192,855986,2,1.711468,12841,,
beyin MR (Cheng),2767,1,3,paket,0.010140899918042123,1,8192,856278,2,1.711468,15094,,
beyin MR (Cheng),2768,1,2,paket,0.010036499937996268,1,8192,855914,1,0.855734,3694,,
beyin MR (Cheng),2769,1,2,paket,0.009972400031983852,1,8192,855292,1,0.855734,1899,,
beyin MR (Cheng),2770,1,2,paket,0.011177599895745516,1,8192,856115,1,0.855734,6592,,
beyin MR (Cheng),2771,1,2,paket,0.009957400034181774,1,8192,856070,1,0.855734,4766,,
beyin MR (Cheng),2772,1,2,paket,0.009956000023521483,1,8192,854449,1,0.855734,4642,,
beyin MR (Cheng),2773,1,2,paket,0.010175199946388602,1,8192,855397,1,0.855734,2310,,
beyin MR (Cheng),2774,1,2,paket,0.010871300008147955,1,8192,855982,1,0.855734,4341,,
beyin MR (Cheng),2775,1,2,paket,0.009920499986037612,1,8192,855882,1,0.855734,5706,,
beyin MR (Cheng),2776,1,2,paket,0.010730200097896159,1,8192,855600,1,0.855734,7092,,
beyin MR (Cheng),2777,1,2,paket,0.010797500028274953,1,8192,854886,1,0.855734,7308,,
beyin MR (Cheng),2778,1,2,paket,0.010302000096999109,1,8192,856082,2,1.711468,8452,,
beyin MR (Cheng),2779,1,0,paket,0.010541099938564003,1,8192,856357,1,0.855734,1825,,
beyin MR (Cheng),2780,1,0,paket,0.009951699990779161,1,8192,855112,1,0.855734,2479,,
beyin MR (Cheng),2781,1,0,paket,0.010164499981328845,1,8192,855542,1,0.855734,3698,,
beyin MR (Cheng),2782,1,0,paket,0.009979399968869984,1,8192,856111,1,0.855734,5905,,
beyin MR (Cheng),2783,1,0,paket,0.010296300053596497,1,8192,855869,1,0.855734,5054,,
beyin MR (Cheng),2784,1,0,paket,0.009858899982646108,1,8192,855182,1,0.855734,4077,,
beyin MR (Cheng),2785,1,0,paket,0.010359899955801666,1,8192,856230,1,0.855734,6509,,
beyin MR (Cheng),2786,1,4,paket,0.010033999918960035,1,8192,856010,1,0.855734,6309,,
beyin MR (Cheng),2787,1,4,paket,0.010090499999932945,1,8192,855401,1,0.855734,3796,,
beyin MR (Cheng),2788,1,4,paket,0.011244400055147707,1,8192,855402,2,1.711468,13394,,
beyin MR (Cheng),2789,1,4,paket,0.010078299907036126,1,8192,855989,2,1.711468,13799,,
beyin MR (Cheng),2790,1,4,paket,0.0098718999652192,1,8192,855493,2,1.711468,10171,,
beyin MR (Cheng),2791,1,4,paket,0.010329700075089931,1,8192,855967,1,0.855734,4663,,
beyin MR (Cheng),2792,1,4,paket,0.01009130000602454,1,8192,856044,1,0.855734,4083,,
beyin MR (Cheng),2793,1,4,paket,0.009996599983423948,1,8192,856040,1,0.855734,1825,,
beyin MR (Cheng),2794,1,1,paket,0.012389199924655259,1,8192,855915,2,1.711468,14497,,
beyin MR (Cheng),2795,1,1,paket,0.010264100041240454,1,8192,856044,3,2.567202,16656,,
beyin MR (Cheng),2796,1,1,paket,0.010279600042849779,1,8192,855775,2,1.711468,14145,,
beyin MR (Cheng),2797,1,1,paket,0.010108900023624301,1,8192,855334,1,0.855734,3332,,
beyin MR (Cheng),2798,1,1,paket,0.010277399909682572,1,8192,856085,1,0.855734,4954,,
beyin MR (Cheng),2799,1,1,paket,0.010320700006559491,1,8192,855263,1,0.855734,4304,,
beyin MR (Cheng),2800,1,1,paket,0.010285499971359968,1,8192,854831,1,0.855734,5817,,
beyin MR (Cheng),2801,1,1,paket,0.009996000095270574,1,8192,856233,1,0.855734,4582,,
beyin MR (Cheng),2802,1,1,paket,0.009896000032313168,1,8192,855203,1,0.855734,4746,,
beyin MR (Cheng),2803,1,1,paket,0.013169500045478344,1,8192,856240,1,0.855734,1702,,
beyin MR (Cheng),2804,1,3,paket,0.010209899977780879,1,8192,855777,1,0.855734,5234,,
beyin MR (Cheng),2805,1,3,paket,0.010123500018380582,1,8192,855853,1,0.855734,7670,,
beyin MR (Cheng),2806,1,3,paket,0.010786199942231178,1,8192,855848,1,0.855734,2547,,
beyin MR (Cheng),2807,1,3,paket,0.009983600000850856,1,8192,855238,1,0.855734,1507,,
beyin MR (Cheng),2808,1,3,paket,0.010237999958917499,1,8192,855429,1,0.855734,2633,,
beyin MR (Cheng),2809,1,3,paket,0.010235899942927063,1,8192,856033,1,0.855734,2675,,
beyin MR (Cheng),2810,1,3,paket,0.010991299990564585,1,8192,855307,1,0.855734,5236,,
beyin MR (Cheng),2811,1,3,paket,0.009945500059984624,1,8192,856110,2,1.711468,8401,,
beyin MR (Cheng),2812,1,3,paket,0.010012399987317622,1,8192,856066,2,1.711468,11374,,
beyin MR (Cheng),2813,1,3,paket,0.010148699977435172,1,8192,855228,2,1.711468,10957,,
beyin MR (Cheng),2814,1,3,paket,0.011007399996742606,1,8192,854944,2,1.711468,11688,,
beyin MR (Cheng),2815,1,3,paket,0.009874699986539781,1,8192,855805,1,0.855734,3396,,
beyin MR (Cheng),2816,1,4,paket,0.010559599963016808,1,8192,855746,1,0.855734,2995,,
beyin MR (Cheng),2817,1,4,paket,0.009823699947446585,1,8192,855285,1,0.855734,1504,,
beyin MR (Cheng),2818,1,4,paket,0.01054170005954802,1,8192,856043,1,0.855734,1937,,
beyin MR (Cheng),2819,1,4,paket,0.010370600037276745,1,8192,855380,1,0.855734,1207,,
beyin MR (Cheng),2820,1,3,paket,0.01048229995649308,1,8192,855171,2,1.711468,11684,,
beyin MR (Cheng),2821,1,1,paket,0.010168700013309717,1,8192,855837,1,0.855734,1515,,
beyin MR (Cheng),2822,1,1,paket,0.00997709995135665,1,8192,855224,1,0.855734,332,,
beyin MR (Cheng),2823,1,1,paket,0.010154300020076334,1,8192,856199,1,0.855734,320,,
beyin MR (Cheng),2824,1,1,paket,0.010688900016248226,1,8192,856129,1,0.855734,1523,,
beyin MR (Cheng),2825,1,1,paket,0.010355600039474666,1,8192,855338,1,0.855734,1921,,
beyin MR (Cheng),2826,1,1,paket,0.009916100068949163,1,8192,856145,1,0.855734,1577,,
beyin MR (Cheng),2827,1,1,paket,0.010042599984444678,1,8192,855269,1,0.855734,1440,,
beyin MR (Cheng),2828,1,1,paket,0.010999799938872457,1,8192,856007,1,0.855734,1432,,
beyin MR (Cheng),2829,1,1,paket,0.011567599955014884,1,8192,855922,1,0.855734,746,,
beyin MR (Cheng),2830,1,0,paket,0.009978300076909363,1,8192,855097,1,0.855734,4608,,
beyin MR (Cheng),2831,1,0,paket,0.011822900036349893,1,8192,855534,1,0.855734,1469,,
beyin MR (Cheng),2832,1,0,paket,0.010041700094006956,1,8192,855992,1,0.855734,2788,,
beyin MR (Cheng),2833,1,0,paket,0.010341500048525631,1,8192,854786,1,0.855734,2748,,
beyin MR (Cheng),2834,1,0,paket,0.015826100017875433,1,8192,856015,1,0.855734,789,,
beyin MR (Cheng),2835,1,0,paket,0.010013299994170666,1,8192,856046,1,0.855734,381,,
beyin MR (Cheng),2836,1,3,paket,0.010611700010485947,1,8192,856113,1,0.855734,2160,,
beyin MR (Cheng),2837,1,3,paket,0.010167300002649426,1,8192,855492,1,0.855734,5860,,
beyin MR (Cheng),2838,1,3,paket,0.009931899956427515,1,8192,855307,1,0.855734,7769,,
beyin MR (Cheng),2839,1,3,paket,0.01102309999987483,1,8192,855340,1,0.855734,5500,,
beyin MR (Cheng),2840,1,3,paket,0.01162299991119653,1,8192,855900,2,1.711468,11149,,
beyin MR (Cheng),2841,1,3,paket,0.010502499993890524,1,8192,855448,1,0.855734,6432,,
beyin MR (Cheng),2842,1,3,paket,0.010423699975945055,1,8192,855545,1,0.855734,6033,,
beyin MR (Cheng),2843,1,3,paket,0.01016519998665899,1,8192,856334,1,0.855734,3907,,
beyin MR (Cheng),2844,1,3,paket,0.011239000014029443,1,8192,854814,1,0.855734,2387,,
beyin MR (Cheng),2845,1,0,paket,0.009974600048735738,1,8192,855907,1,0.855734,2058,,
beyin MR (Cheng),2846,1,0,paket,0.010246700025163591,1,8192,856035,1,0.855734,8165,,
beyin MR (Cheng),2847,1,0,paket,0.010185700026340783,1,8192,855055,2,1.711468,12315,,
beyin MR (Cheng),2848,1,0,paket,0.010844400036148727,1,8192,856069,2,1.711468,12328,,
beyin MR (Cheng),2849,1,0,paket,0.011549699935130775,1,8192,854465,2,1.711468,9937,,
beyin MR (Cheng),2850,1,0,paket,0.010224999976344407,1,8192,855945,2,1.711468,10308,,
beyin MR (Cheng),2851,1,0,paket,0.010437000077217817,1,8192,855947,1,0.855734,6128,,
beyin MR (Cheng),2852,1,0,paket,0.009967699996195734,1,8192,856033,1,0.855734,3652,,
beyin MR (Cheng),2853,1,2,paket,0.009869500063359737,1,8192,856016,1,0.855734,1290,,
beyin MR (Cheng),2854,1,2,paket,0.010128599940799177,1,8192,856149,1,0.855734,1972,,
beyin MR (Cheng),2855,1,2,paket,0.010469699976965785,1,8192,855992,1,0.855734,990,,
beyin MR (Cheng),2856,1,2,paket,0.009820199920795858,1,8192,855608,1,0.855734,670,,
beyin MR (Cheng),2857,1,3,paket,0.009878700016997755,1,8192,855023,1,0.855734,3055,,
beyin MR (Cheng),2858,1,3,paket,0.009887999971397221,1,8192,855703,1,0.855734,3551,,
beyin MR (Cheng),2859,1,3,paket,0.011028400040231645,1,8192,855915,1,0.855734,3281,,
beyin MR (Cheng),2860,1,1,paket,0.010019100038334727,1,8192,854503,1,0.855734,2208,,
beyin MR (Cheng),2861,1,1,paket,0.011060599936172366,1,8192,855288,1,0.855734,2544,,
beyin MR (Cheng),2862,1,1,paket,0.009979799971915781,1,8192,855351,1,0.855734,3464,,
beyin MR (Cheng),2863,1,1,paket,0.010302099981345236,1,8192,855751,1,0.855734,3705,,
beyin MR (Cheng),2864,1,1,paket,0.010708799934946,1,8192,855382,1,0.855734,820,,
beyin MR (Cheng),2865,1,1,paket,0.00983490003272891,1,8192,855388,1,0.855734,2265,,
beyin MR (Cheng),2866,1,1,paket,0.009921299992129207,1,8192,855228,1,0.855734,6010,,
beyin MR (Cheng),2867,1,1,paket,0.009920299984514713,1,8192,855654,2,1.711468,10918,,
beyin MR (Cheng),2868,1,1,paket,0.010410799994133413,1,8192,855943,2,1.711468,14088,,
beyin MR (Cheng),2869,1,1,paket,0.010293800034560263,1,8192,855038,2,1.711468,13414,,
beyin MR (Cheng),2870,1,1,paket,0.009855899959802628,1,8192,855821,2,1.711468,10413,,
beyin MR (Cheng),2871,1,1,paket,0.010507100028917193,1,8192,856066,1,0.855734,5119,,
beyin MR (Cheng),2872,1,3,paket,0.009990800055675209,1,8192,855342,1,0.855734,736,,
beyin MR (Cheng),2873,1,3,paket,0.009982199990190566,1,8192,855364,1,0.855734,1661,,
beyin MR (Cheng),2874,1,3,paket,0.010355300037190318,1,8192,855346,1,0.855734,1614,,
beyin MR (Cheng),2875,1,4,paket,0.009826799971051514,1,8192,855959,1,0.855734,1820,,
beyin MR (Cheng),2876,1,4,paket,0.009893100010231137,1,8192,855422,1,0.855734,4729,,
beyin MR (Cheng),2877,1,4,paket,0.010995400021784008,1,8192,856182,1,0.855734,7461,,
beyin MR (Cheng),2878,1,4,paket,0.013653500005602837,1,8192,855155,2,1.711468,12266,,
beyin MR (Cheng),2879,1,4,paket,0.010240199975669384,1,8192,856044,2,1.711468,8342,,
beyin MR (Cheng),2880,1,4,paket,0.009982299990952015,1,8192,855168,1,0.855734,7823,,
beyin MR (Cheng),2881,1,4,paket,0.010450199944898486,1,8192,855190,2,1.711468,11020,,
beyin MR (Cheng),2882,1,4,paket,0.009826399968005717,1,8192,856063,1,0.855734,1222,,
beyin MR (Cheng),2883,1,4,paket,0.009983399999327958,1,8192,855327,1,0.855734,1638,,
beyin MR (Cheng),2884,1,2,paket,0.010605900082737207,1,8192,855913,1,0.855734,1112,,
beyin MR (Cheng),2885,1,2,paket,0.010197499999776483,1,8192,856112,1,0.855734,2992,,
beyin MR (Cheng),2886,1,2,paket,0.010143699939362705,1,8192,855881,1,0.855734,7236,,
beyin MR (Cheng),2887,1,2,paket,0.009993100073188543,1,8192,855915,1,0.855734,6752,,
beyin MR (Cheng),2888,1,2,paket,0.009941999916918576,1,8192,855804,1,0.855734,4239,,
beyin MR (Cheng),2889,1,2,paket,0.009942300035618246,1,8192,855928,2,1.711468,8744,,
beyin MR (Cheng),2890,1,4,paket,0.01133699994534254,1,8192,855735,1,0.855734,3051,,
beyin MR (Cheng),2891,1,4,paket,0.011729100020602345,1,8192,855399,1,0.855734,4029,,
beyin MR (Cheng),2892,1,4,paket,0.0099845000077039,1,8192,856145,1,0.855734,5186,,
beyin MR (Cheng),2893,1,4,paket,0.010245599900372326,1,8192,856100,2,1.711468,11145,,
beyin MR (Cheng),2894,1,4,paket,0.010397100006230175,1,8192,856089,1,0.855734,1168,,
beyin MR (Cheng),2895,1,4,paket,0.010271300096064806,1,8192,856070,1,0.855734,3264,,
beyin MR (Cheng),2896,1,4,paket,0.011207000003196299,1,8192,855935,1,0.855734,4275,,
beyin MR (Cheng),2897,1,4,paket,0.01017570006661117,1,8192,856140,1,0.855734,3320,,
beyin MR (Cheng),2898,1,4,paket,0.01003960007801652,1,8192,855329,1,0.855734,1518,,
beyin MR (Cheng),2899,1,4,paket,0.010010500089265406,1,8192,855365,1,0.855734,2670,,
beyin MR (Cheng),2900,1,4,paket,0.011075899936258793,1,8192,855755,1,0.855734,4746,,
beyin MR (Cheng),2901,1,4,paket,0.011117300018668175,1,8192,855556,1,0.855734,5896,,
beyin MR (Cheng),2902,1,4,paket,0.011179600027389824,1,8192,855262,1,0.855734,5288,,
beyin MR (Cheng),2903,1,4,paket,0.010033700033091009,1,8192,855280,1,0.855734,4159,,
beyin MR (Cheng),2904,1,4,paket,0.009860799997113645,1,8192,855727,1,0.855734,3007,,
beyin MR (Cheng),2905,1,1,paket,0.010136199998669326,1,8192,855995,1,0.855734,745,,
beyin MR (Cheng),2906,1,1,paket,0.011681900010444224,1,8192,855257,1,0.855734,2440,,
beyin MR (Cheng),2907,1,1,paket,0.010142499930225313,1,8192,855368,1,0.855734,3684,,
beyin MR (Cheng),2908,1,1,paket,0.010136099997907877,1,8192,856091,1,0.855734,5347,,
beyin MR (Cheng),2909,1,1,paket,0.010262700030580163,1,8192,855512,1,0.855734,3972,,
beyin MR (Cheng),2910,1,1,paket,0.010338599910028279,1,8192,855929,1,0.855734,2658,,
beyin MR (Cheng),2911,1,1,paket,0.010370100033469498,1,8192,855554,1,0.855734,2695,,
beyin MR (Cheng),2912,1,1,paket,0.010058399988338351,1,8192,855443,1,0.855734,1891,,
beyin MR (Cheng),2913,1,1,paket,0.01057249994482845,1,8192,855529,1,0.855734,407,,
beyin MR (Cheng),2914,1,1,paket,0.010293399915099144,1,8192,855254,1,0.855734,1358,,
beyin MR (Cheng),2915,1,1,paket,0.010477400035597384,1,8192,855272,1,0.855734,1605,,
beyin MR (Cheng),2916,1,1,paket,0.011283100000582635,1,8192,855969,1,0.855734,1815,,
beyin MR (Cheng),2917,1,4,paket,0.010845200042240322,1,8192,855276,1,0.855734,6519,,
beyin MR (Cheng),2918,1,4,paket,0.013042800012044609,1,8192,856030,2,1.711468,8282,,
beyin MR (Cheng),2919,1,4,paket,0.010749900015071034,1,8192,854502,2,1.711468,9257,,
beyin MR (Cheng),2920,1,4,paket,0.010973099968396127,1,8192,856119,1,0.855734,7566,,
beyin MR (Cheng),2921,1,4,paket,0.010629600030370057,1,8192,855978,1,0.855734,6761,,
beyin MR (Cheng),2922,1,4,paket,0.010011599981226027,1,8192,856067,1,0.855734,4644,,
beyin MR (Cheng),2923,1,4,paket,0.010252799955196679,1,8192,855897,1,0.855734,2814,,
beyin MR (Cheng),2924,1,3,paket,0.01067350001540035,1,8192,855985,1,0.855734,923,,
beyin MR (Cheng),2925,1,3,paket,0.011685399920679629,1,8192,855970,1,0.855734,2096,,
beyin MR (Cheng),2926,1,3,paket,0.01079650002066046,1,8192,855340,1,0.855734,2084,,
beyin MR (Cheng),2927,1,3,paket,0.010183800011873245,1,8192,855319,1,0.855734,6254,,
beyin MR (Cheng),2928,1,3,paket,0.010412400006316602,1,8192,856077,1,0.855734,4245,,
beyin MR (Cheng),2929,1,3,paket,0.011097899987362325,1,8192,855415,1,0.855734,3871,,
beyin MR (Cheng),2930,1,3,paket,0.010810900013893843,1,8192,856161,1,0.855734,3598,,
beyin MR (Cheng),2931,1,3,paket,0.010049400036223233,1,8192,855222,1,0.855734,3315,,
beyin MR (Cheng),2932,1,3,paket,0.01012240001000464,1,8192,855342,1,0.855734,2080,,
beyin MR (Cheng),2933,1,0,paket,0.010160199948586524,1,8192,854556,2,1.711468,8667,,
beyin MR (Cheng),2934,1,0,paket,0.010297499946318567,1,8192,855390,1,0.855734,8008,,
beyin MR (Cheng),2935,1,0,paket,0.010105499997735023,1,8192,856069,2,1.711468,8634,,
beyin MR (Cheng),2936,1,0,paket,0.01007039996329695,1,8192,855368,2,1.711468,9523,,
beyin MR (Cheng),2937,1,0,paket,0.009895300026983023,1,8192,855830,2,1.711468,13196,,
beyin MR (Cheng),2938,1,0,paket,0.010343299945816398,1,8192,855704,2,1.711468,15635,,
beyin MR (Cheng),2939,1,0,paket,0.011678499984554946,1,8192,855275,2,1.711468,15771,,
beyin MR (Cheng),2940,1,0,paket,0.010205900063738227,1,8192,855338,2,1.711468,13371,,
beyin MR (Cheng),2941,1,0,paket,0.011228800052776933,1,8192,855437,2,1.711468,8680,,
beyin MR (Cheng),2942,1,0,paket,0.010604999959468842,1,8192,856079,1,0.855734,4203,,
beyin MR (Cheng),2943,1,2,paket,0.01110930007416755,1,8192,855817,1,0.855734,4020,,
beyin MR (Cheng),2944,1,2,paket,0.010419200058095157,1,8192,856186,1,0.855734,6531,,
beyin MR (Cheng),2945,1,2,paket,0.010761799989268184,1,8192,855135,1,0.855734,5962,,
beyin MR (Cheng),2946,1,2,paket,0.009943500044755638,1,8192,856068,1,0.855734,3592,,
beyin MR (Cheng),2947,1,3,paket,0.01054180006030947,1,8192,855213,1,0.855734,6548,,
beyin MR (Cheng),2948,1,3,paket,0.010125500033609569,1,8192,855439,2,1.711468,9898,,
beyin MR (Cheng),2949,1,3,paket,0.010061800014227629,1,8192,855139,2,1.711468,10649,,
beyin MR (Cheng),2950,1,3,paket,0.009973100037313998,1,8192,856166,2,1.711468,9121,,
beyin MR (Cheng),2951,1,3,paket,0.011127399979159236,1,8192,855413,1,0.855734,6142,,
beyin MR (Cheng),2952,1,3,paket,0.011230699950829148,1,8192,855362,1,0.855734,2745,,
beyin MR (Cheng),2953,1,3,paket,0.010260500013828278,1,8192,855292,1,0.855734,1123,,
beyin MR (Cheng),2954,1,4,paket,0.010279100039042532,1,8192,855344,1,0.855734,2564,,
beyin MR (Cheng),2955,1,4,paket,0.013137100031599402,1,8192,856181,1,0.855734,5841,,
beyin MR (Cheng),2956,1,4,paket,0.010302600101567805,1,8192,855091,1,0.855734,5387,,
beyin MR (Cheng),2957,1,4,paket,0.011827899958007038,1,8192,855338,1,0.855734,6010,,
beyin MR (Cheng),2958,1,4,paket,0.010399600025266409,1,8192,855250,1,0.855734,5845,,
beyin MR (Cheng),2959,1,4,paket,0.01028970000334084,1,8192,856100,1,0.855734,3929,,
beyin MR (Cheng),2960,1,0,paket,0.011027100030332804,1,8192,855190,1,0.855734,3163,,
beyin MR (Cheng),2961,1,0,paket,0.010257299989461899,1,8192,855458,1,0.855734,2484,,
beyin MR (Cheng),2962,1,0,paket,0.009946799953468144,1,8192,855334,1,0.855734,7717,,
beyin MR (Cheng),2963,1,0,paket,0.010035799932666123,1,8192,856143,2,1.711468,9756,,
beyin MR (Cheng),2964,1,0,paket,0.010038699954748154,1,8192,855762,2,1.711468,8776,,
beyin MR (Cheng),2965,1,0,paket,0.010073599987663329,1,8192,855002,1,0.855734,1416,,
beyin MR (Cheng),2966,1,0,paket,0.010262099909596145,1,8192,854848,1,0.855734,4940,,
beyin MR (Cheng),2967,1,0,paket,0.010359000065363944,1,8192,855277,1,0.855734,4251,,
beyin MR (Cheng),2968,1,0,paket,0.010362499975599349,1,8192,855137,1,0.855734,5243,,
beyin MR (Cheng),2969,1,4,paket,0.009845900000073016,1,8192,855357,1,0.855734,4526,,
beyin MR (Cheng),2970,1,4,paket,0.010140999918803573,1,8192,855231,1,0.855734,4907,,
beyin MR (Cheng),2971,1,4,paket,0.01091370009817183,1,8192,856040,1,0.855734,2851,,
beyin MR (Cheng),2972,1,4,paket,0.010060900007374585,1,8192,855304,1,0.855734,1379,,
beyin MR (Cheng),2973,1,4,paket,0.01052809995599091,1,8192,856124,1,0.855734,1122,,
beyin MR (Cheng),2974,1,3,paket,0.011061799945309758,1,8192,855434,1,0.855734,791,,
beyin MR (Cheng),2975,1,3,paket,0.010103899985551834,1,8192,856163,1,0.855734,1237,,
beyin MR (Cheng),2976,1,3,paket,0.00994739995803684,1,8192,855835,1,0.855734,1862,,
beyin MR (Cheng),2977,1,3,paket,0.00994429993443191,1,8192,855169,1,0.855734,2759,,
beyin MR (Cheng),2978,1,3,paket,0.010201599914580584,1,8192,855249,1,0.855734,3185,,
beyin MR (Cheng),2979,1,3,paket,0.009921199991367757,1,8192,855970,1,0.855734,3163,,
beyin MR (Cheng),2980,1,3,paket,0.01032690005376935,1,8192,854640,1,0.855734,2486,,
beyin MR (Cheng),2981,1,3,paket,0.010011999984271824,1,8192,856098,1,0.855734,1194,,
beyin MR (Cheng),2982,1,1,paket,0.011159900110214949,1,8192,855424,1,0.855734,5023,,
beyin MR (Cheng),2983,1,1,paket,0.010233699926175177,1,8192,855241,1,0.855734,6041,,
beyin MR (Cheng),2984,1,1,paket,0.010624399990774691,1,8192,856187,1,0.855734,6611,,
beyin MR (Cheng),2985,1,1,paket,0.010135199991054833,1,8192,855805,1,0.855734,4673,,
beyin MR (Cheng),2986,1,1,paket,0.011582499952055514,1,8192,855729,2,1.711468,11515,,
beyin MR (Cheng),2987,1,1,paket,0.010400300030596554,1,8192,855328,2,1.711468,14117,,
beyin MR (Cheng),2988,1,1,paket,0.009890399989672005,1,8192,855318,3,2.567202,21352,,
beyin MR (Cheng),2989,1,1,paket,0.010738299926742911,1,8192,855502,2,1.711468,11110,,
beyin MR (Cheng),2990,1,1,paket,0.011004699976183474,1,8192,856035,2,1.711468,12492,,
beyin MR (Cheng),2991,1,1,paket,0.00976809998974204,1,8192,856014,2,1.711468,11674,,
beyin MR (Cheng),2992,1,4,paket,0.010087800095789135,1,8192,855466,1,0.855734,2980,,
beyin MR (Cheng),2993,1,4,paket,0.009812199976295233,1,8192,855878,1,0.855734,4310,,
beyin MR (Cheng),2994,1,4,paket,0.011266699992120266,1,8192,856210,1,0.855734,4783,,
beyin MR (Cheng),2995,1,3,paket,0.010291600017808378,1,8192,855957,1,0.855734,1474,,
beyin MR (Cheng),2996,1,3,paket,0.010639799991622567,1,8192,856265,1,0.855734,1411,,
beyin MR (Cheng),2997,1,3,paket,0.01036690000910312,1,8192,856138,1,0.855734,7383,,
beyin MR (Cheng),2998,1,0,paket,0.010936300037428737,1,8192,855912,1,0.855734,5099,,
beyin MR (Cheng),2999,1,0,paket,0.010117199970409274,1,8192,855298,1,0.855734,6690,,
beyin MR (Cheng),3000,1,0,paket,0.01166630000807345,1,8192,855150,2,1.711468,8209,,
beyin MR (Cheng),3001,1,0,paket,0.01000359992031008,1,8192,856088,2,1.711468,10104,,
beyin MR (Cheng),3002,1,0,paket,0.010408800095319748,1,8192,856023,1,0.855734,7024,,
beyin MR (Cheng),3003,1,0,paket,0.010056499973870814,1,8192,855820,1,0.855734,344,,
beyin MR (Cheng),3004,1,4,paket,0.01118940010201186,1,8192,856021,1,0.855734,2652,,
beyin MR (Cheng),3005,1,4,paket,0.011517199920490384,1,8192,855653,1,0.855734,4774,,
beyin MR (Cheng),3006,1,4,paket,0.010324899922125041,1,8192,855197,1,0.855734,4258,,
beyin MR (Cheng),3007,1,4,paket,0.010437399963848293,1,8192,856063,1,0.855734,4220,,
beyin MR (Cheng),3008,1,0,paket,0.010413500014692545,1,8192,855815,1,0.855734,2135,,
beyin MR (Cheng),3009,1,0,paket,0.011246100068092346,1,8192,855582,1,0.855734,2462,,
beyin MR (Cheng),3010,1,0,paket,0.010238800081424415,1,8192,855120,1,0.855734,1039,,
beyin MR (Cheng),3011,1,0,paket,0.01037280005402863,1,8192,855051,1,0.855734,1707,,
beyin MR (Cheng),3012,1,0,paket,0.010308199911378324,1,8192,855950,1,0.855734,1907,,
beyin MR (Cheng),3013,1,1,paket,0.010746000101789832,1,8192,856097,1,0.855734,5078,,
beyin MR (Cheng),3014,1,1,paket,0.010015000007115304,1,8192,855243,1,0.855734,6083,,
beyin MR (Cheng),3015,1,1,paket,0.01157119998242706,1,8192,856220,1,0.855734,6973,,
beyin MR (Cheng),3016,1,1,paket,0.010282899951562285,1,8192,855274,2,1.711468,9011,,
beyin MR (Cheng),3017,1,1,paket,0.009983299998566508,1,8192,854781,2,1.711468,8686,,
beyin MR (Cheng),3018,1,1,paket,0.010728599969297647,1,8192,856000,1,0.855734,3658,,
beyin MR (Cheng),3019,1,0,paket,0.010214000009000301,1,8192,855965,1,0.855734,3239,,
beyin MR (Cheng),3020,1,0,paket,0.014681800035759807,1,8192,855833,1,0.855734,2475,,
beyin MR (Cheng),3021,1,0,paket,0.01025849999859929,1,8192,855942,1,0.855734,1653,,
beyin MR (Cheng),3022,1,0,paket,0.011620600009337068,1,8192,855197,1,0.855734,3483,,
beyin MR (Cheng),3023,1,0,paket,0.010129399946890771,1,8192,855974,1,0.855734,5674,,
beyin MR (Cheng),3024,1,0,paket,0.013582300045527518,1,8192,855311,1,0.855734,6471,,
beyin MR (Cheng),3025,1,0,paket,0.010150699992664158,1,8192,854825,1,0.855734,5022,,
beyin MR (Cheng),3026,1,0,paket,0.012260399991646409,1,8192,855310,1,0.855734,3407,,
beyin MR (Cheng),3027,1,0,paket,0.009869599947705865,1,8192,855743,1,0.855734,671,,
beyin MR (Cheng),3028,1,0,paket,0.010693400050513446,1,8192,856020,1,0.855734,4015,,
beyin MR (Cheng),3029,0,4,paket,0.010176400071941316,1,8192,856180,1,0.855734,5273,,
beyin MR (Cheng),3030,1,3,paket,0.009993200073949993,1,8192,856013,3,2.567202,16899,,
beyin MR (Cheng),3031,1,3,paket,0.010300899972207844,1,8192,856043,3,2.567202,20042,,
beyin MR (Cheng),3032,1,3,paket,0.010234800050966442,1,8192,856100,3,2.567202,18964,,
beyin MR (Cheng),3033,1,3,paket,0.010929200099781156,1,8192,856211,3,2.567202,16885,,
beyin MR (Cheng),3034,1,3,paket,0.011708699981682003,1,8192,855343,2,1.711468,8933,,
beyin MR (Cheng),3035,1,3,paket,0.012063500005751848,1,8192,856189,1,0.855734,2046,,
beyin MR (Cheng),3036,1,3,paket,0.009854700067080557,1,8192,855049,1,0.855734,2929,,
beyin MR (Cheng),3037,1,3,paket,0.010346099967136979,1,8192,856149,1,0.855734,2519,,
beyin MR (Cheng),3038,1,0,paket,0.01024840003810823,1,8192,855937,1,0.855734,308,,
beyin MR (Cheng),3039,1,0,paket,0.01044830004684627,1,8192,855613,1,0.855734,782,,
beyin MR (Cheng),3040,1,0,paket,0.01079510001000017,1,8192,856025,1,0.855734,668,,
beyin MR (Cheng),3041,1,2,paket,0.010259100003167987,1,8192,855595,1,0.855734,5579,,
beyin MR (Cheng),3042,1,2,paket,0.010121499886736274,1,8192,855640,1,0.855734,4012,,
beyin MR (Cheng),3043,1,2,paket,0.009997199987992644,1,8192,855933,2,1.711468,8940,,
beyin MR (Cheng),3044,1,2,paket,0.009964500088244677,1,8192,856196,1,0.855734,7876,,
beyin MR (Cheng),3045,1,2,paket,0.01086589996702969,1,8192,855559,1,0.855734,4376,,
beyin MR (Cheng),3046,1,3,paket,0.010718700010329485,1,8192,855368,1,0.855734,801,,
beyin MR (Cheng),3047,1,3,paket,0.009941999916918576,1,8192,855916,1,0.855734,511,,
beyin MR (Cheng),3048,1,1,paket,0.010119899990968406,1,8192,855246,1,0.855734,2240,,
beyin MR (Cheng),3049,1,1,paket,0.011054000002332032,1,8192,855599,1,0.855734,5686,,
beyin MR (Cheng),3050,1,1,paket,0.010369799914769828,1,8192,856139,2,1.711468,9404,,
beyin MR (Cheng),3051,1,1,paket,0.010450199944898486,1,8192,856128,2,1.711468,11295,,
beyin MR (Cheng),3052,1,1,paket,0.010679099941626191,1,8192,855232,2,1.711468,13147,,
beyin MR (Cheng),3053,1,1,paket,0.010220500058494508,1,8192,854697,2,1.711468,14816,,
beyin MR (Cheng),3054,1,1,paket,0.01073870004620403,1,8192,856078,2,1.711468,13232,,
beyin MR (Cheng),3055,1,2,paket,0.010034299921244383,1,8192,856012,1,0.855734,4052,,
beyin MR (Cheng),3056,1,2,paket,0.0102957000490278,1,8192,856091,1,0.855734,5130,,
beyin MR (Cheng),3057,1,2,paket,0.010478400043211877,1,8192,856082,2,1.711468,8872,,
beyin MR (Cheng),3058,1,2,paket,0.010253900079987943,1,8192,855820,2,1.711468,8329,,
beyin MR (Cheng),3059,1,2,paket,0.01085409999359399,1,8192,855588,1,0.855734,7937,,
beyin MR (Cheng),3060,1,2,paket,0.01010610000230372,1,8192,855990,1,0.855734,4537,,
beyin MR (Cheng),3061,1,2,paket,0.01094449998345226,1,8192,855182,1,0.855734,612,,
beyin MR (Cheng),3062,0,4,paket,0.011340999975800514,1,8192,855226,1,0.855734,1690,,
beyin MR (Cheng),3063,0,1,paket,0.010020299931056798,1,8192,855132,1,0.855734,3318,,
beyin MR (Cheng),13,0,0,yan_kanal,0.010160200065001845,1,8192,856256,1,0.855734,6729,1.3475175999337807,1378426.0
beyin MR (Cheng),23,0,1,yan_kanal,0.010757599957287312,1,8192,856109,1,0.855734,3028,1.335513100028038,1378839.0
beyin MR (Cheng),25,0,2,yan_kanal,0.010570300044491887,1,8192,855735,1,0.855734,725,1.3508531000697985,1379504.0
beyin MR (Cheng),31,0,3,yan_kanal,0.010209000087343156,1,8192,855580,1,0.855734,2885,1.3737944000167772,1378516.0
beyin MR (Cheng),37,0,4,yan_kanal,0.010650099953636527,1,8192,855315,1,0.855734,3211,1.346050100051798,1379099.0
beyin MR (Cheng),38,0,4,yan_kanal,0.009930400061421096,1,8192,855692,1,0.855734,3374,1.3266358999535441,1381074.0
beyin MR (Cheng),49,0,1,yan_kanal,0.010804500081576407,1,8192,855483,1,0.855734,4989,1.334778800024651,1379749.0
beyin MR (Cheng),52,0,1,yan_kanal,0.010196000104770064,1,8192,855399,1,0.855734,4077,1.3279337999410927,1379993.0
beyin MR (Cheng),62,0,0,yan_kanal,0.010001700022257864,1,8192,855269,1,0.855734,5584,1.3846676999237388,1380120.0
beyin MR (Cheng),63,0,0,yan_kanal,0.010272499988786876,1,8192,856018,1,0.855734,5841,1.3817820000695065,1377465.0
beyin MR (Cheng),65,0,0,yan_kanal,0.010797999915666878,1,8192,856185,1,0.855734,3852,1.3526170999975875,1377515.0
beyin MR (Cheng),66,0,4,yan_kanal,0.010168500011786819,1,8192,854325,1,0.855734,2326,1.3379151000408456,1377592.0
beyin MR (Cheng),67,0,4,yan_kanal,0.010410099988803267,1,8192,855869,1,0.855734,3740,1.33732739998959,1380821.0
beyin MR (Cheng),69,0,4,yan_kanal,0.010521600022912025,1,8192,855592,1,0.855734,1404,1.3468983001075685,1379378.0
beyin MR (Cheng),72,0,2,yan_kanal,0.009889600099995732,1,8192,855671,1,0.855734,7521,1.3267714000539854,1380139.0
beyin MR (Cheng),78,0,2,yan_kanal,0.010326500050723553,1,8192,855373,1,0.855734,2352,1.4478344999952242,1380274.0
beyin MR (Cheng),88,0,2,yan_kanal,0.010273699997924268,1,8192,856076,1,0.855734,6670,1.3322795999702066,1378945.0
beyin MR (Cheng),108,0,3,yan_kanal,0.010379799990914762,1,8192,855847,1,0.855734,6239,1.355416200007312,1379492.0
beyin MR (Cheng),109,0,3,yan_kanal,0.009913799935020506,1,8192,855110,1,0.855734,3057,1.349570699967444,1378211.0
beyin MR (Cheng),112,0,3,yan_kanal,0.010149000096134841,1,8192,855249,1,0.855734,1561,1.3527893000282347,1380408.0
beyin MR (Cheng),117,0,0,yan_kanal,0.010046400013379753,1,8192,855865,1,0.855734,3308,1.3382935000117868,1379856.0
beyin MR (Cheng),124,0,3,yan_kanal,0.009871199959889054,1,8192,856132,1,0.855734,2557,1.3381757999304682,1378257.0
beyin MR (Cheng),126,0,3,yan_kanal,0.010175100062042475,1,8192,856032,1,0.855734,1827,1.402078100014478,1376380.0
beyin MR (Cheng),130,0,2,yan_kanal,0.010200200020335615,1,8192,855984,1,0.855734,4760,1.3445597999962047,1379175.0
beyin MR (Cheng),134,0,0,yan_kanal,0.010260400013066828,1,8192,855323,1,0.855734,4751,1.3467787000117823,1380058.0
beyin MR (Cheng),136,0,0,yan_kanal,0.012037999927997589,1,8192,855485,1,0.855734,4570,1.3717273999936879,1380883.0
beyin MR (Cheng),137,0,0,yan_kanal,0.010159399942494929,1,8192,855201,1,0.855734,3122,1.3810162000590935,1379391.0
beyin MR (Cheng),142,0,1,yan_kanal,0.011003199964761734,1,8192,855100,1,0.855734,1782,1.331832900061272,1378687.0
beyin MR (Cheng),147,0,0,yan_kanal,0.01059339998755604,1,8192,855485,2,1.711468,13781,1.3437095999252051,1379909.0
beyin MR (Cheng),152,0,0,yan_kanal,0.010450299945659935,1,8192,855876,1,0.855734,3025,1.3329845999833196,1379176.0
beyin MR (Cheng),159,0,1,yan_kanal,0.01089600007981062,1,8192,855160,1,0.855734,2518,1.3990477999905124,1377861.0
beyin MR (Cheng),168,0,4,yan_kanal,0.010622300091199577,1,8192,855408,1,0.855734,6109,1.3391716999467462,1380039.0
beyin MR (Cheng),170,0,4,yan_kanal,0.011360000004060566,1,8192,856046,2,1.711468,10758,1.3965449000243098,1378497.0
beyin MR (Cheng),178,0,1,yan_kanal,0.010077400016598403,1,8192,855679,1,0.855734,2376,1.3396900000516325,1380789.0
beyin MR (Cheng),190,0,1,yan_kanal,0.010033300030045211,1,8192,855618,1,0.855734,4746,1.3334359000436962,1378764.0
beyin MR (Cheng),193,0,1,yan_kanal,0.010020199930295348,1,8192,856068,2,1.711468,11761,1.3328043000074103,1379827.0
beyin MR (Cheng),194,0,1,yan_kanal,0.010109500028192997,1,8192,855299,2,1.711468,13811,1.334218200063333,1378290.0
beyin MR (Cheng),200,0,2,yan_kanal,0.009948300081305206,1,8192,855856,1,0.855734,2832,1.3446807999862358,1380245.0
beyin MR (Cheng),210,0,0,yan_kanal,0.010076900012791157,1,8192,855751,1,0.855734,4638,1.344818799989298,1380409.0
beyin MR (Cheng),217,0,2,yan_kanal,0.010029500001110137,1,8192,855299,1,0.855734,1856,1.365413699997589,1378647.0
beyin MR (Cheng),223,0,0,yan_kanal,0.010024999966844916,1,8192,856035,1,0.855734,7748,1.3358488000230864,1380285.0
beyin MR (Cheng),229,0,2,yan_kanal,0.010193899972364306,1,8192,855995,1,0.855734,1500,1.3294864000054076,1379377.0
beyin MR (Cheng),235,0,1,yan_kanal,0.010091900010593235,1,8192,855738,1,0.855734,3031,1.3414307999191806,1380688.0
beyin MR (Cheng),236,0,1,yan_kanal,0.010067999945022166,1,8192,855567,1,0.855734,2077,1.3290185999358073,1380620.0
beyin MR (Cheng),248,0,3,yan_kanal,0.009997499990276992,1,8192,855770,1,0.855734,2742,1.338538600015454,1379573.0
beyin MR (Cheng),251,0,4,yan_kanal,0.010093300021253526,1,8192,855406,1,0.855734,596,1.3348644999787211,1379332.0
beyin MR (Cheng),255,0,4,yan_kanal,0.010084499954245985,1,8192,856191,1,0.855734,3545,1.3298090000171214,1379847.0
beyin MR (Cheng),257,0,4,yan_kanal,0.010771900066174567,1,8192,855264,1,0.855734,3126,1.3480975000420585,1379174.0
beyin MR (Cheng),259,0,4,yan_kanal,0.010185499908402562,1,8192,855755,1,0.855734,1355,1.3378150999778882,1377897.0
beyin MR (Cheng),260,0,1,yan_kanal,0.010210399981588125,1,8192,855661,1,0.855734,2092,1.3377218000823632,1379178.0
beyin MR (Cheng),265,0,1,yan_kanal,0.010019400040619075,1,8192,856145,1,0.855734,2520,1.3447487999219447,1379478.0
beyin MR (Cheng),278,0,1,yan_kanal,0.010207099956460297,1,8192,855972,1,0.855734,4291,1.367132099927403,1378328.0
beyin MR (Cheng),281,0,4,yan_kanal,0.010228500002995133,1,8192,855592,1,0.855734,1372,1.3343580000801012,1379246.0
beyin MR (Cheng),282,0,0,yan_kanal,0.015030000009573996,1,8192,856132,1,0.855734,671,1.3892116000643,1377766.0
beyin MR (Cheng),285,0,0,yan_kanal,0.010798800038173795,1,8192,855626,1,0.855734,2367,1.3280745000811294,1377631.0
beyin MR (Cheng),288,0,0,yan_kanal,0.010258299997076392,1,8192,855779,1,0.855734,2801,1.4090670000296086,1380752.0
beyin MR (Cheng),289,0,0,yan_kanal,0.010088599985465407,1,8192,855889,1,0.855734,5325,1.3752797999186441,1380437.0
beyin MR (Cheng),291,0,0,yan_kanal,0.010591699974611402,1,8192,855865,1,0.855734,6655,1.3273431999841705,1379019.0
beyin MR (Cheng),297,0,4,yan_kanal,0.01000240002758801,1,8192,855853,1,0.855734,1049,1.3299729999853298,1379610.0
beyin MR (Cheng),299,0,2,yan_kanal,0.010286099975928664,1,8192,856084,2,1.711468,11711,1.3308049000333995,1378672.0
beyin MR (Cheng),302,0,2,yan_kanal,0.010288899997249246,1,8192,855436,2,1.711468,8754,1.3298975999932736,1379620.0
beyin MR (Cheng),305,0,3,yan_kanal,0.011617599986493587,1,8192,856096,2,1.711468,12407,1.472855000058189,1378388.0
beyin MR (Cheng),310,0,2,yan_kanal,0.009926699916832149,1,8192,855073,1,0.855734,6108,1.3351941999280825,1379198.0
beyin MR (Cheng),313,0,2,yan_kanal,0.01106180006172508,1,8192,855329,1,0.855734,4650,1.3679793999763206,1378455.0
beyin MR (Cheng),315,0,4,yan_kanal,0.010213900008238852,1,8192,855344,1,0.855734,3654,1.3738733000354841,1378105.0
beyin MR (Cheng),323,0,3,yan_kanal,0.010349100106395781,1,8192,855251,1,0.855734,2100,1.3329116000095382,1377756.0
beyin MR (Cheng),324,0,3,yan_kanal,0.010735400021076202,1,8192,856147,1,0.855734,2040,1.3485660000005737,1378843.0
beyin MR (Cheng),328,0,3,yan_kanal,0.010270999977365136,1,8192,855191,1,0.855734,7194,1.346057299990207,1379237.0
beyin MR (Cheng),329,0,3,yan_kanal,0.01043329993262887,1,8192,855705,1,0.855734,7074,1.3777945999754593,1380887.0
beyin MR (Cheng),332,0,3,yan_kanal,0.01129129994660616,1,8192,855450,1,0.855734,1137,1.3824217000510544,1379650.0
beyin MR (Cheng),339,0,1,yan_kanal,0.010203200043179095,1,8192,856129,1,0.855734,277,1.3271922999992967,1378811.0
beyin MR (Cheng),342,0,4,yan_kanal,0.010903700022026896,1,8192,855914,1,0.855734,5674,1.3983074000570923,1378322.0
beyin MR (Cheng),343,0,4,yan_kanal,0.010446199914440513,1,8192,855904,1,0.855734,5020,1.3353946999413893,1378086.0
beyin MR (Cheng),347,0,0,yan_kanal,0.010404399945400655,1,8192,855286,1,0.855734,2506,1.3319394000573084,1378499.0
beyin MR (Cheng),351,0,3,yan_kanal,0.01017290004529059,1,8192,855258,1,0.855734,1867,1.435475500067696,1379475.0
beyin MR (Cheng),352,0,2,yan_kanal,0.010640099993906915,1,8192,855388,1,0.855734,1359,1.3544901000568643,1378089.0
beyin MR (Cheng),355,0,2,yan_kanal,0.010119599988684058,1,8192,855309,1,0.855734,4321,1.3378984000300989,1378320.0
beyin MR (Cheng),375,0,0,yan_kanal,0.009896799921989441,1,8192,855806,2,1.711468,12310,1.3398743000579998,1378417.0
beyin MR (Cheng),376,0,0,yan_kanal,0.010398800019174814,1,8192,855935,2,1.711468,11773,1.336924499948509,1379683.0
beyin MR (Cheng),377,0,0,yan_kanal,0.010315199964679778,1,8192,855978,2,1.711468,9009,1.341322400025092,1380214.0
beyin MR (Cheng),379,0,0,yan_kanal,0.01011019991710782,1,8192,855369,1,0.855734,3645,1.341286199982278,1379280.0
beyin MR (Cheng),382,0,2,yan_kanal,0.011751199956052005,1,8192,855542,1,0.855734,6395,1.339774199994281,1378405.0
beyin MR (Cheng),385,0,2,yan_kanal,0.010137800010852516,1,8192,855287,2,1.711468,9578,1.3328011999838054,1377898.0
beyin MR (Cheng),395,0,1,yan_kanal,0.010007500066421926,1,8192,855776,1,0.855734,6238,1.3692407000344247,1379767.0
beyin MR (Cheng),397,0,1,yan_kanal,0.010076800012029707,1,8192,856091,1,0.855734,5431,1.3322093000169843,1379147.0
beyin MR (Cheng),400,0,4,yan_kanal,0.010837300098501146,1,8192,856197,2,1.711468,9125,1.3365665999008343,1378284.0
beyin MR (Cheng),407,0,4,yan_kanal,0.009898099931888282,1,8192,856092,1,0.855734,3564,1.3628906999947503,1378319.0
beyin MR (Cheng),408,0,4,yan_kanal,0.010055600083433092,1,8192,855933,1,0.855734,4745,1.342167199938558,1380344.0
beyin MR (Cheng),413,0,2,yan_kanal,0.010243400000035763,1,8192,855374,1,0.855734,1396,1.3342744999099523,1379565.0
beyin MR (Cheng),416,0,2,yan_kanal,0.010216500028036535,1,8192,856018,1,0.855734,1116,1.3512471000431105,1378710.0
beyin MR (Cheng),418,0,1,yan_kanal,0.010268900077790022,1,8192,854706,1,0.855734,5807,1.334034400060773,1379963.0
beyin MR (Cheng),420,0,1,yan_kanal,0.010323500027880073,1,8192,855046,1,0.855734,4445,1.3303122000070289,1379360.0
beyin MR (Cheng),427,0,1,yan_kanal,0.009903699974529445,1,8192,856066,1,0.855734,6440,1.3387511000037193,1379456.0
beyin MR (Cheng),428,0,1,yan_kanal,0.010201400029473007,1,8192,855887,1,0.855734,4410,1.3435734000522643,1380836.0
beyin MR (Cheng),433,0,2,yan_kanal,0.010075400001369417,1,8192,856059,1,0.855734,2627,1.3500591999618337,1379278.0
beyin MR (Cheng),434,0,2,yan_kanal,0.010052000056020916,1,8192,855608,1,0.855734,2465,1.3384786000242457,1379829.0
beyin MR (Cheng),435,0,2,yan_kanal,0.00996260007377714,1,8192,855267,1,0.855734,1482,1.3255861999932677,1379291.0
beyin MR (Cheng),439,0,3,yan_kanal,0.01028079993557185,1,8192,855216,2,1.711468,9002,1.4043258000165224,1380559.0
beyin MR (Cheng),440,0,3,yan_kanal,0.010029600001871586,1,8192,855996,1,0.855734,6982,1.3581777999643236,1377867.0
beyin MR (Cheng),451,0,0,yan_kanal,0.01003929995931685,1,8192,855833,1,0.855734,2700,1.3601401000050828,1378412.0
beyin MR (Cheng),462,0,2,yan_kanal,0.01042750000488013,1,8192,856088,1,0.855734,1380,1.376012000022456,1377491.0
beyin MR (Cheng),465,0,3,yan_kanal,0.010118099977262318,1,8192,856185,1,0.855734,5537,1.38479629997164,1378110.0
beyin MR (Cheng),466,0,3,yan_kanal,0.009949499974027276,1,8192,855728,1,0.855734,5963,1.3347582999849692,1380334.0
beyin MR (Cheng),471,0,1,yan_kanal,0.010185000021010637,1,8192,856096,1,0.855734,2185,1.3561158999800682,1379538.0
beyin MR (Cheng),472,0,1,yan_kanal,0.011802699998952448,1,8192,856108,1,0.855734,1884,1.4008082000073045,1380376.0
beyin MR (Cheng),499,0,4,yan_kanal,0.010201199911534786,1,8192,855983,1,0.855734,3050,1.332668099901639,1380691.0
beyin MR (Cheng),503,0,1,yan_kanal,0.01000649994239211,1,8192,856051,1,0.855734,1959,1.3373269999865443,1380580.0
beyin MR (Cheng),507,0,2,yan_kanal,0.01000230002682656,1,8192,855813,1,0.855734,6632,1.3381778999464586,1380109.0
beyin MR (Cheng),517,0,0,yan_kanal,0.010195599985308945,1,8192,856105,1,0.855734,1000,1.3449545999756083,1379790.0
beyin MR (Cheng),519,0,0,yan_kanal,0.010282800067216158,1,8192,855159,1,0.855734,3369,1.3365748999640346,1378229.0
beyin MR (Cheng),530,0,4,yan_kanal,0.01053430000320077,1,8192,855761,1,0.855734,699,1.3969618999399245,1378562.0
beyin MR (Cheng),531,0,4,yan_kanal,0.010171000030823052,1,8192,856111,1,0.855734,2236,1.3477744000265375,1380735.0
beyin MR (Cheng),533,0,2,yan_kanal,0.010690599912777543,1,8192,856121,1,0.855734,4758,1.3306671999162063,1378743.0
beyin MR (Cheng),534,0,2,yan_kanal,0.010524400044232607,1,8192,856160,2,1.711468,8753,1.385686599998735,1380664.0
beyin MR (Cheng),537,0,2,yan_kanal,0.010113100055605173,1,8192,855243,2,1.711468,12758,1.351825200021267,1380110.0
beyin MR (Cheng),540,0,3,yan_kanal,0.01008100004401058,1,8192,855955,2,1.711468,14097,1.341056099976413,1378535.0
beyin MR (Cheng),541,0,3,yan_kanal,0.010312700062058866,1,8192,856072,2,1.711468,12026,1.3325530999572948,1379640.0
beyin MR (Cheng),551,0,4,yan_kanal,0.010199200012721121,1,8192,856165,1,0.855734,3825,1.3460730999941006,1377933.0
beyin MR (Cheng),553,0,4,yan_kanal,0.010635899961926043,1,8192,855940,1,0.855734,2216,1.3352835000259802,1379355.0
beyin MR (Cheng),555,0,3,yan_kanal,0.010197099996730685,1,8192,854679,1,0.855734,5986,1.4008877000305802,1379573.0
beyin MR (Cheng),557,0,3,yan_kanal,0.009934699977748096,1,8192,855757,1,0.855734,1753,1.337715599918738,1378395.0
beyin MR (Cheng),559,0,3,yan_kanal,0.009880600031465292,1,8192,855954,1,0.855734,7232,1.3244989999802783,1380681.0
beyin MR (Cheng),566,0,3,yan_kanal,0.010822200099937618,1,8192,855344,2,1.711468,9832,1.3525688999798149,1378330.0
beyin MR (Cheng),569,0,3,yan_kanal,0.010182300000451505,1,8192,854437,1,0.855734,1925,1.3445742999901995,1379456.0
beyin MR (Cheng),574,0,0,yan_kanal,0.009935799986124039,1,8192,856138,1,0.855734,5504,1.334715300006792,1379585.0
beyin MR (Cheng),575,0,0,yan_kanal,0.00992530002258718,1,8192,855916,1,0.855734,4431,1.3263377000112087,1379386.0
beyin MR (Cheng),577,0,1,yan_kanal,0.010073999990709126,1,8192,855206,1,0.855734,342,1.4085037000477314,1378550.0
beyin MR (Cheng),579,0,4,yan_kanal,0.010190099943429232,1,8192,855862,1,0.855734,3350,1.3378790999995545,1377645.0
beyin MR (Cheng),593,0,3,yan_kanal,0.010404999949969351,1,8192,855237,1,0.855734,5180,1.3423472000285983,1378149.0
beyin MR (Cheng),595,0,0,yan_kanal,0.011028099921531975,1,8192,855775,1,0.855734,845,1.369974400033243,1379016.0
beyin MR (Cheng),599,0,0,yan_kanal,0.009935299982316792,1,8192,855268,1,0.855734,4496,1.3550851000472903,1378050.0
beyin MR (Cheng),611,0,0,yan_kanal,0.010237499955110252,1,8192,855832,2,1.711468,11331,1.3428713000612333,1379711.0
beyin MR (Cheng),621,0,4,yan_kanal,0.01003640005365014,1,8192,856157,1,0.855734,6318,1.3329082999844104,1380409.0
beyin MR (Cheng),626,0,2,yan_kanal,0.010263800038956106,1,8192,855271,2,1.711468,15006,1.3322021999629214,1379277.0
beyin MR (Cheng),634,0,2,yan_kanal,0.010112099931575358,1,8192,855583,1,0.855734,4338,1.3701262000249699,1378389.0
beyin MR (Cheng),654,0,2,yan_kanal,0.011162300012074411,1,8192,855190,1,0.855734,2770,1.3430390999419615,1378117.0
beyin MR (Cheng),655,0,2,yan_kanal,0.01006610004696995,1,8192,854578,1,0.855734,3847,1.3401718001114205,1379537.0
beyin MR (Cheng),658,0,4,yan_kanal,0.010141599923372269,1,8192,855278,1,0.855734,7161,1.3585241000400856,1380105.0
beyin MR (Cheng),661,0,4,yan_kanal,0.010066300048492849,1,8192,855841,1,0.855734,7729,1.4220399999758229,1379306.0
beyin MR (Cheng),665,0,1,yan_kanal,0.010348499985411763,1,8192,856146,1,0.855734,4204,1.3868412000592798,1380428.0
beyin MR (Cheng),669,0,4,yan_kanal,0.01260539994109422,1,8192,855748,1,0.855734,4599,1.4255041999276727,1378863.0
beyin MR (Cheng),671,0,4,yan_kanal,0.01010879990644753,1,8192,855556,1,0.855734,3127,1.3825394000159577,1378361.0
beyin MR (Cheng),674,0,1,yan_kanal,0.010170200024731457,1,8192,856223,1,0.855734,3130,1.346732800011523,1378900.0
beyin MR (Cheng),677,0,1,yan_kanal,0.010645700036548078,1,8192,856180,1,0.855734,5045,1.3576920999912545,1380111.0
beyin MR (Cheng),682,0,1,yan_kanal,0.010050600045360625,1,8192,856017,2,1.711468,10774,1.3323610000079498,1378666.0
beyin MR (Cheng),696,0,3,yan_kanal,0.010333799989894032,1,8192,855279,1,0.855734,6871,1.3392185000702739,1378340.0
beyin MR (Cheng),697,0,3,yan_kanal,0.010163899976760149,1,8192,855181,2,1.711468,8920,1.3842312999768183,1380548.0
beyin MR (Cheng),703,0,1,yan_kanal,0.010163499973714352,1,8192,855252,1,0.855734,6750,1.4066493000136688,1380680.0
beyin MR (Cheng),708,2,3,yan_kanal,0.010361099964939058,1,8192,854858,1,0.855734,1343,1.3362128000007942,1379279.0
beyin MR (Cheng),715,1,3,yan_kanal,0.01028669998049736,1,8192,855773,2,1.711468,10963,1.339050899958238,1378254.0
beyin MR (Cheng),728,1,1,yan_kanal,0.009855699958279729,1,8192,855379,1,0.855734,2684,1.3402868000557646,1379001.0
beyin MR (Cheng),730,1,1,yan_kanal,0.00992499990388751,1,8192,855833,1,0.855734,6412,1.3364860001020133,1379398.0
beyin MR (Cheng),739,1,0,yan_kanal,0.009969500009901822,1,8192,855247,2,1.711468,12349,1.3408165998989716,1379273.0
beyin MR (Cheng),753,1,4,yan_kanal,0.010340899927541614,1,8192,856140,1,0.855734,6377,1.3468574000289664,1377318.0
beyin MR (Cheng),769,1,1,yan_kanal,0.01034439995419234,1,8192,856159,1,0.855734,6927,1.3430287999799475,1378263.0
beyin MR (Cheng),795,1,1,yan_kanal,0.010026600095443428,1,8192,856045,2,1.711468,15380,1.3522040999960154,1378537.0
beyin MR (Cheng),800,1,3,yan_kanal,0.010176000068895519,1,8192,855751,1,0.855734,4236,1.3662674000952393,1378214.0
beyin MR (Cheng),801,1,3,yan_kanal,0.011140000075101852,1,8192,856319,2,1.711468,9776,1.4192406999645755,1379020.0
beyin MR (Cheng),812,1,1,yan_kanal,0.009906799998134375,1,8192,855416,2,1.711468,9717,1.328845000010915,1380832.0
beyin MR (Cheng),815,1,1,yan_kanal,0.010561799979768693,1,8192,855881,2,1.711468,12108,1.3859802999068052,1379061.0
beyin MR (Cheng),823,1,3,yan_kanal,0.010946900001727045,1,8192,856163,2,1.711468,13571,1.3501677000895143,1380309.0
beyin MR (Cheng),824,1,3,yan_kanal,0.01014470006339252,1,8192,855309,1,0.855734,3492,1.3263220000080764,1380393.0
beyin MR (Cheng),844,1,2,yan_kanal,0.010134499985724688,1,8192,856002,1,0.855734,1974,1.3634349000640213,1378535.0
beyin MR (Cheng),847,1,1,yan_kanal,0.010055500082671642,1,8192,855379,1,0.855734,4734,1.329444699920714,1377392.0
beyin MR (Cheng),862,1,0,yan_kanal,0.010384900029748678,1,8192,855973,2,1.711468,15012,1.331838299985975,1378465.0
beyin MR (Cheng),899,1,0,yan_kanal,0.011963400058448315,1,8192,855949,2,1.711468,11541,1.4073637999827042,1378526.0
beyin MR (Cheng),911,1,1,yan_kanal,0.010261599905788898,1,8192,856297,1,0.855734,1221,1.3322515999898314,1378728.0
beyin MR (Cheng),916,1,1,yan_kanal,0.010050699929706752,1,8192,856249,2,1.711468,9748,1.3436464000260457,1379450.0
beyin MR (Cheng),926,2,2,yan_kanal,0.010314200073480606,1,8192,856227,1,0.855734,1972,1.4460049000335857,1379493.0
beyin MR (Cheng),927,2,2,yan_kanal,0.009914199938066304,1,8192,855347,1,0.855734,2007,1.3361632999731228,1379360.0
beyin MR (Cheng),939,2,1,yan_kanal,0.010039099957793951,1,8192,855756,1,0.855734,2130,1.3350269000511616,1377868.0
beyin MR (Cheng),945,2,2,yan_kanal,0.01042449998203665,1,8192,855402,1,0.855734,1409,1.3241459999699146,1376923.0
beyin MR (Cheng),955,2,0,yan_kanal,0.010133200092241168,1,8192,856175,1,0.855734,492,1.3454960000235587,1377852.0
beyin MR (Cheng),956,2,0,yan_kanal,0.00991810008417815,1,8192,855573,1,0.855734,522,1.3497474000323564,1379857.0
beyin MR (Cheng),964,2,1,yan_kanal,0.010118499980308115,1,8192,855301,1,0.855734,621,1.336988800088875,1379275.0
beyin MR (Cheng),988,2,4,yan_kanal,0.010715199983678758,1,8192,855725,1,0.855734,1476,1.3413756999652833,1378591.0
beyin MR (Cheng),1002,2,0,yan_kanal,0.01038300001528114,1,8192,856155,1,0.855734,1617,1.3600978999165818,1380535.0
beyin MR (Cheng),1014,2,1,yan_kanal,0.010161800077185035,1,8192,854758,1,0.855734,1878,1.3584106999915093,1378857.0
beyin MR (Cheng),1016,2,1,yan_kanal,0.010468199965544045,1,8192,855929,1,0.855734,1652,1.4071846000151709,1380587.0
beyin MR (Cheng),1017,2,2,yan_kanal,0.00995199999306351,1,8192,855263,1,0.855734,2521,1.3255695999832824,1380931.0
beyin MR (Cheng),1023,2,0,yan_kanal,0.010200500022619963,1,8192,855555,1,0.855734,2005,1.3489486000034958,1379113.0
beyin MR (Cheng),1025,2,3,yan_kanal,0.00991919997613877,1,8192,855210,1,0.855734,1964,1.3565266000805423,1379478.0
beyin MR (Cheng),1035,2,0,yan_kanal,0.010065499925985932,1,8192,855544,1,0.855734,5273,1.3764013999607414,1377996.0
beyin MR (Cheng),1043,2,2,yan_kanal,0.010488100000657141,1,8192,855240,1,0.855734,3024,1.353573799948208,1378824.0
beyin MR (Cheng),1047,2,0,yan_kanal,0.010057499981485307,1,8192,856138,1,0.855734,5300,1.3385936999693513,1380016.0
beyin MR (Cheng),1061,2,2,yan_kanal,0.00995950005017221,1,8192,855894,1,0.855734,2459,1.344672300037928,1379561.0
beyin MR (Cheng),1067,2,3,yan_kanal,0.010084599955007434,1,8192,855372,1,0.855734,951,1.3292576000094414,1378279.0
beyin MR (Cheng),1068,2,3,yan_kanal,0.010146099957637489,1,8192,855405,1,0.855734,1614,1.3420030999695882,1379876.0
beyin MR (Cheng),1074,2,0,yan_kanal,0.010283999959938228,1,8192,856147,1,0.855734,1770,1.3554281999822706,1379659.0
beyin MR (Cheng),1076,2,2,yan_kanal,0.010001800023019314,1,8192,855859,1,0.855734,1333,1.3339547000359744,1380797.0
beyin MR (Cheng),1092,2,3,yan_kanal,0.01040079991798848,1,8192,856150,1,0.855734,2022,1.340449000010267,1378637.0
beyin MR (Cheng),1095,2,3,yan_kanal,0.010044199996627867,1,8192,855332,1,0.855734,1954,1.3345703999511898,1378903.0
beyin MR (Cheng),1098,2,3,yan_kanal,0.010173000046052039,1,8192,855345,1,0.855734,4607,1.3424434000626206,1379585.0
beyin MR (Cheng),1099,2,0,yan_kanal,0.010236799949780107,1,8192,855655,1,0.855734,996,1.3242593000177294,1380407.0
beyin MR (Cheng),1101,2,0,yan_kanal,0.010905900038778782,1,8192,855284,1,0.855734,1313,1.362115400028415,1377852.0
beyin MR (Cheng),1111,2,0,yan_kanal,0.009917099960148335,1,8192,855446,1,0.855734,2314,1.3317082000430673,1379704.0
beyin MR (Cheng),1116,2,0,yan_kanal,0.01014610007405281,1,8192,856070,1,0.855734,589,1.3369353000307456,1379737.0
beyin MR (Cheng),1124,2,4,yan_kanal,0.010437100077979267,1,8192,855355,1,0.855734,2641,1.357050499995239,1378071.0
beyin MR (Cheng),1145,2,1,yan_kanal,0.010079700034111738,1,8192,856021,1,0.855734,2170,1.3372972999932244,1379532.0
beyin MR (Cheng),1156,2,2,yan_kanal,0.009847300010733306,1,8192,856142,1,0.855734,2545,1.3328785999910906,1380161.0
beyin MR (Cheng),1158,2,2,yan_kanal,0.01015190000180155,1,8192,855315,1,0.855734,4177,1.331131299957633,1377799.0
beyin MR (Cheng),1162,2,0,yan_kanal,0.009994700085371733,1,8192,856009,1,0.855734,4380,1.3400792999891564,1378981.0
beyin MR (Cheng),1167,2,3,yan_kanal,0.010189300053752959,1,8192,855858,1,0.855734,1073,1.335850700037554,1378576.0
beyin MR (Cheng),1177,2,2,yan_kanal,0.010289900004863739,1,8192,856026,1,0.855734,2688,1.3287702000234276,1378472.0
beyin MR (Cheng),1188,2,1,yan_kanal,0.010042999987490475,1,8192,855302,1,0.855734,1222,1.4605398999992758,1380425.0
beyin MR (Cheng),1190,2,1,yan_kanal,0.011010100017301738,1,8192,855055,1,0.855734,2306,1.385275400010869,1379731.0
beyin MR (Cheng),1193,2,2,yan_kanal,0.010170799912884831,1,8192,855334,1,0.855734,1359,1.3441544999368489,1377889.0
beyin MR (Cheng),1207,2,2,yan_kanal,0.009955799905583262,1,8192,855981,1,0.855734,1335,1.3408099999651313,1378755.0
beyin MR (Cheng),1214,2,1,yan_kanal,0.009921300108544528,1,8192,855210,1,0.855734,932,1.3396405999083072,1378374.0
beyin MR (Cheng),1217,2,1,yan_kanal,0.011070100008510053,1,8192,856219,1,0.855734,735,1.3461183999897912,1378196.0
beyin MR (Cheng),1222,2,3,yan_kanal,0.010024099959991872,1,8192,855829,1,0.855734,1789,1.3757922999793664,1380059.0
beyin MR (Cheng),1232,2,0,yan_kanal,0.010584199917502701,1,8192,855845,1,0.855734,1296,1.3385985000059009,1379340.0
beyin MR (Cheng),1248,2,3,yan_kanal,0.010225399979390204,1,8192,854646,1,0.855734,2841,1.3267072000307962,1379107.0
beyin MR (Cheng),1253,2,2,yan_kanal,0.009954300010576844,1,8192,854820,1,0.855734,1418,1.3342208999674767,1379146.0
beyin MR (Cheng),1255,2,0,yan_kanal,0.010050499928183854,1,8192,856119,1,0.855734,872,1.3404890999663621,1376703.0
beyin MR (Cheng),1261,2,1,yan_kanal,0.01063370006158948,1,8192,855676,1,0.855734,1226,1.4333690999774262,1378075.0
beyin MR (Cheng),1265,2,1,yan_kanal,0.01251939998473972,1,8192,855636,1,0.855734,318,1.3301788000389934,1379951.0
beyin MR (Cheng),1272,2,1,yan_kanal,0.010122800013050437,1,8192,856224,1,0.855734,1365,1.3277467000298202,1378863.0
beyin MR (Cheng),1274,2,1,yan_kanal,0.013978000031784177,1,8192,855054,1,0.855734,1543,1.3398046999936923,1377943.0
beyin MR (Cheng),1293,2,3,yan_kanal,0.010013899998739362,1,8192,856188,1,0.855734,1469,1.3356925999978557,1377844.0
beyin MR (Cheng),1294,2,1,yan_kanal,0.010230300016701221,1,8192,855662,1,0.855734,1847,1.3359730000374839,1379305.0
beyin MR (Cheng),1303,2,2,yan_kanal,0.010415500029921532,1,8192,856043,1,0.855734,2532,1.3619026999222115,1378824.0
beyin MR (Cheng),1305,2,2,yan_kanal,0.011148700024932623,1,8192,855523,1,0.855734,1647,1.3616504999808967,1379154.0
beyin MR (Cheng),1309,2,0,yan_kanal,0.0106736000161618,1,8192,855180,1,0.855734,2615,1.326753299916163,1379036.0
beyin MR (Cheng),1316,2,4,yan_kanal,0.010168000007979572,1,8192,856153,1,0.855734,2221,1.3612693001050502,1378052.0
beyin MR (Cheng),1327,2,1,yan_kanal,0.01001420000102371,1,8192,855177,1,0.855734,1424,1.4270372999599203,1377478.0
beyin MR (Cheng),1331,2,2,yan_kanal,0.01012809993699193,1,8192,855913,1,0.855734,1163,1.3485217000124976,1378798.0
beyin MR (Cheng),1338,2,2,yan_kanal,0.010060600005090237,1,8192,855148,1,0.855734,1352,1.3387951999902725,1379767.0
beyin MR (Cheng),1341,2,3,yan_kanal,0.010499699972569942,1,8192,856291,1,0.855734,2758,1.3485570000484586,1377628.0
beyin MR (Cheng),1343,2,3,yan_kanal,0.01100369996856898,1,8192,854937,1,0.855734,1208,1.3610998000949621,1378926.0
beyin MR (Cheng),1345,2,3,yan_kanal,0.009917199960909784,1,8192,855237,1,0.855734,1027,1.3364268000004813,1379345.0
beyin MR (Cheng),1356,2,2,yan_kanal,0.009942100034095347,1,8192,855322,1,0.855734,6620,1.3378148999763653,1379030.0
beyin MR (Cheng),1359,2,4,yan_kanal,0.010260500013828278,1,8192,856060,1,0.855734,2267,1.350148499943316,1379240.0
beyin MR (Cheng),1372,2,0,yan_kanal,0.010121900006197393,1,8192,855297,1,0.855734,1355,1.339068999979645,1379654.0
beyin MR (Cheng),1379,2,0,yan_kanal,0.010073099983856082,1,8192,855211,1,0.855734,2729,1.5862673999508843,1379469.0
beyin MR (Cheng),1382,2,1,yan_kanal,0.010499599971808493,1,8192,855361,1,0.855734,980,1.3297271999763325,1378886.0
beyin MR (Cheng),1383,2,1,yan_kanal,0.010141000035218894,1,8192,855355,1,0.855734,1310,1.344135700026527,1379715.0
beyin MR (Cheng),1387,2,1,yan_kanal,0.011128899990580976,1,8192,855956,1,0.855734,2065,1.437533100019209,1377711.0
beyin MR (Cheng),1390,2,1,yan_kanal,0.01024799991864711,1,8192,855772,1,0.855734,2699,1.3365884999511763,1379810.0
beyin MR (Cheng),1409,2,1,yan_kanal,0.009974199929274619,1,8192,856262,1,0.855734,1242,1.3439825000241399,1379466.0
beyin MR (Cheng),1420,2,2,yan_kanal,0.010791799984872341,1,8192,855693,1,0.855734,1027,1.347610400058329,1378984.0
beyin MR (Cheng),1422,2,2,yan_kanal,0.010139900026842952,1,8192,855484,1,0.855734,1105,1.330538299982436,1379227.0
beyin MR (Cheng),1435,2,4,yan_kanal,0.010125000029802322,1,8192,855483,1,0.855734,3940,1.337680199998431,1378732.0
beyin MR (Cheng),1439,2,4,yan_kanal,0.010237399954348803,1,8192,856087,1,0.855734,2631,1.3384503000415862,1377496.0
beyin MR (Cheng),1440,2,4,yan_kanal,0.010825500008650124,1,8192,856101,1,0.855734,823,1.3866386000299826,1377166.0
beyin MR (Cheng),1442,2,4,yan_kanal,0.010688100010156631,1,8192,855303,1,0.855734,2720,1.3396041999803856,1377068.0
beyin MR (Cheng),1446,2,0,yan_kanal,0.010045900009572506,1,8192,855179,1,0.855734,782,1.3414796999422833,1380158.0
beyin MR (Cheng),1452,2,0,yan_kanal,0.01060069992672652,1,8192,855241,1,0.855734,1335,1.3435585000552237,1380142.0
beyin MR (Cheng),1453,2,0,yan_kanal,0.010822899988852441,1,8192,856035,1,0.855734,1196,1.3461143999593332,1376985.0
beyin MR (Cheng),1457,2,3,yan_kanal,0.010137800010852516,1,8192,855658,1,0.855734,1801,1.3431020000716671,1379314.0
beyin MR (Cheng),1466,2,4,yan_kanal,0.010388800059445202,1,8192,855642,1,0.855734,2205,1.3253868999890983,1380859.0
beyin MR (Cheng),1472,2,1,yan_kanal,0.01004649989772588,1,8192,855797,1,0.855734,774,1.3463637999957427,1379316.0
beyin MR (Cheng),1476,2,1,yan_kanal,0.010233300039544702,1,8192,855308,1,0.855734,832,1.3584269999992102,1378789.0
beyin MR (Cheng),1484,2,1,yan_kanal,0.009933799970895052,1,8192,855270,1,0.855734,1936,1.3287777999648824,1378134.0
beyin MR (Cheng),1491,2,4,yan_kanal,0.010277300025336444,1,8192,855299,1,0.855734,719,1.3828900000080466,1379650.0
beyin MR (Cheng),1492,2,2,yan_kanal,0.009916499955579638,1,8192,855337,1,0.855734,2033,1.349868799909018,1380454.0
beyin MR (Cheng),1499,2,0,yan_kanal,0.010314400075003505,1,8192,856132,1,0.855734,3581,1.3458521999418736,1378006.0
beyin MR (Cheng),1500,2,0,yan_kanal,0.010564900003373623,1,8192,855242,1,0.855734,4000,1.3370844000019133,1378538.0
beyin MR (Cheng),1531,2,3,yan_kanal,0.010457299998961389,1,8192,855991,1,0.855734,2815,1.400304100010544,1380013.0
beyin MR (Cheng),1533,2,0,yan_kanal,0.011854800046421587,1,8192,856062,1,0.855734,1262,1.4079995000502095,1379839.0
beyin MR (Cheng),1536,2,0,yan_kanal,0.00997999997343868,1,8192,856016,1,0.855734,1205,1.3384767000097781,1379510.0
beyin MR (Cheng),1538,2,2,yan_kanal,0.010188200045377016,1,8192,855842,2,1.711468,10215,1.3556057999376208,1379303.0
beyin MR (Cheng),1543,2,2,yan_kanal,0.01050910004414618,1,8192,856066,1,0.855734,2945,1.356274800025858,1378764.0
beyin MR (Cheng),1544,2,4,yan_kanal,0.010111800045706332,1,8192,855904,1,0.855734,1991,1.355268800049089,1379222.0
beyin MR (Cheng),1548,2,4,yan_kanal,0.010140300029888749,1,8192,855991,1,0.855734,4037,1.4299657000228763,1379297.0
beyin MR (Cheng),1554,2,0,yan_kanal,0.009902600082568824,1,8192,856160,1,0.855734,1731,1.339523799950257,1378851.0
beyin MR (Cheng),1556,2,4,yan_kanal,0.010587999946437776,1,8192,854922,1,0.855734,303,1.4013221999630332,1377084.0
beyin MR (Cheng),1557,2,4,yan_kanal,0.011416299967095256,1,8192,855691,1,0.855734,535,1.412737200036645,1380076.0
beyin MR (Cheng),1559,2,4,yan_kanal,0.010164299979805946,1,8192,856220,1,0.855734,1733,1.34096329996828,1379610.0
beyin MR (Cheng),1567,2,1,yan_kanal,0.01073720003478229,1,8192,855965,1,0.855734,814,1.3558191999327391,1379384.0
beyin MR (Cheng),1572,2,1,yan_kanal,0.010079299914650619,1,8192,855537,1,0.855734,680,1.3433386000106111,1378035.0
beyin MR (Cheng),1576,2,1,yan_kanal,0.010050399927422404,1,8192,855945,1,0.855734,2707,1.3332340999040753,1378392.0
beyin MR (Cheng),1577,2,1,yan_kanal,0.010663999943062663,1,8192,855342,1,0.855734,3305,1.3840957999927923,1380593.0
beyin MR (Cheng),1582,2,4,yan_kanal,0.01079510001000017,1,8192,855990,1,0.855734,5245,1.3430399000644684,1379574.0
beyin MR (Cheng),1584,2,4,yan_kanal,0.010777599993161857,1,8192,856024,1,0.855734,5116,1.3526383000425994,1376484.0
beyin MR (Cheng),1585,2,4,yan_kanal,0.01018600002862513,1,8192,856071,1,0.855734,4848,1.347187799983658,1379585.0
beyin MR (Cheng),1591,2,2,yan_kanal,0.010102699976414442,1,8192,856038,1,0.855734,1324,1.388896599994041,1378960.0
beyin MR (Cheng),1593,2,3,yan_kanal,0.01021119998767972,1,8192,856029,1,0.855734,486,1.3369697999441996,1380240.0
beyin MR (Cheng),1594,2,3,yan_kanal,0.010407800087705255,1,8192,855486,1,0.855734,323,1.3407002999447286,1380208.0
beyin MR (Cheng),1595,2,1,yan_kanal,0.01020209991838783,1,8192,855927,1,0.855734,1006,1.3735611999873072,1380316.0
beyin MR (Cheng),1605,2,2,yan_kanal,0.010326600051485002,1,8192,855351,1,0.855734,795,1.325642199954018,1379797.0
beyin MR (Cheng),1607,2,2,yan_kanal,0.010322899906896055,1,8192,855571,1,0.855734,5882,1.3616251000203192,1380273.0
beyin MR (Cheng),1616,2,3,yan_kanal,0.010642900015227497,1,8192,855979,1,0.855734,1188,1.3529982999898493,1377718.0
beyin MR (Cheng),1621,2,4,yan_kanal,0.011543600005097687,1,8192,855198,1,0.855734,2247,1.3397471000207588,1377592.0
beyin MR (Cheng),1623,2,4,yan_kanal,0.010213800007477403,1,8192,856014,1,0.855734,7794,1.3443726999685168,1377938.0
beyin MR (Cheng),1627,2,4,yan_kanal,0.010420799953863025,1,8192,855991,1,0.855734,996,1.3726135999895632,1379347.0
beyin MR (Cheng),1635,2,0,yan_kanal,0.010191000066697598,1,8192,855632,1,0.855734,3495,1.3447100999765098,1379465.0
beyin MR (Cheng),1640,2,3,yan_kanal,0.010007200064137578,1,8192,855541,1,0.855734,2035,1.3396627000765875,1380116.0
beyin MR (Cheng),1643,2,4,yan_kanal,0.010027299984358251,1,8192,854700,1,0.855734,1906,1.4311505999648944,1380583.0
beyin MR (Cheng),1658,2,3,yan_kanal,0.010161499958485365,1,8192,855106,1,0.855734,545,1.3469282999867573,1377454.0
beyin MR (Cheng),1660,2,3,yan_kanal,0.010179199976846576,1,8192,855299,1,0.855734,722,1.3395292999921367,1379710.0
beyin MR (Cheng),1662,2,3,yan_kanal,0.010315399966202676,1,8192,855716,1,0.855734,807,1.3399187000468373,1378062.0
beyin MR (Cheng),1664,2,1,yan_kanal,0.009926000027917325,1,8192,855992,1,0.855734,769,1.343743999954313,1380179.0
beyin MR (Cheng),1668,2,1,yan_kanal,0.010096399928443134,1,8192,856012,1,0.855734,1262,1.3407759999390692,1377700.0
beyin MR (Cheng),1685,2,0,yan_kanal,0.01022030005697161,1,8192,856098,1,0.855734,3894,1.345719899982214,1379705.0
beyin MR (Cheng),1700,2,4,yan_kanal,0.01019179995637387,1,8192,856182,1,0.855734,1101,1.3315558000467718,1379672.0
beyin MR (Cheng),1701,2,4,yan_kanal,0.00996830000076443,1,8192,855630,1,0.855734,950,1.3940368999028578,1379204.0
beyin MR (Cheng),1702,2,4,yan_kanal,0.010232900036498904,1,8192,855239,1,0.855734,869,1.326660400023684,1379955.0
beyin MR (Cheng),1714,2,3,yan_kanal,0.01038760005030781,1,8192,855985,1,0.855734,1599,1.3355957000749186,1377281.0
beyin MR (Cheng),1718,2,3,yan_kanal,0.01019520009867847,1,8192,855328,1,0.855734,2200,1.3348935999674723,1377791.0
beyin MR (Cheng),1723,2,0,yan_kanal,0.009904699982143939,1,8192,854895,1,0.855734,1038,1.3428340998943895,1380247.0
beyin MR (Cheng),1724,2,2,yan_kanal,0.01003810006659478,1,8192,855522,1,0.855734,3378,1.3767575999954715,1379832.0
beyin MR (Cheng),1728,2,2,yan_kanal,0.010057899984531105,1,8192,855875,2,1.711468,11684,1.349087500013411,1379498.0
beyin MR (Cheng),1734,2,4,yan_kanal,0.011583399958908558,1,8192,855273,1,0.855734,3952,1.423532799934037,1379489.0
beyin MR (Cheng),1740,2,0,yan_kanal,0.010021200054325163,1,8192,855829,1,0.855734,630,1.3426807000068948,1378885.0
beyin MR (Cheng),1746,2,0,yan_kanal,0.009922099998220801,1,8192,855242,1,0.855734,652,1.3315848000347614,1380172.0
beyin MR (Cheng),1753,2,3,yan_kanal,0.010574799962341785,1,8192,856067,1,0.855734,455,1.3361926999641582,1378574.0
beyin MR (Cheng),1756,2,3,yan_kanal,0.009964800090529025,1,8192,855789,1,0.855734,493,1.3296779000665992,1379807.0
beyin MR (Cheng),1779,2,4,yan_kanal,0.010296900058165193,1,8192,855975,1,0.855734,1541,1.3291380000300705,1378416.0
beyin MR (Cheng),1782,2,2,yan_kanal,0.010322900023311377,1,8192,855305,1,0.855734,2365,1.3357675999868661,1380534.0
beyin MR (Cheng),1785,2,3,yan_kanal,0.010361699969507754,1,8192,855274,1,0.855734,451,1.377288299961947,1379392.0
beyin MR (Cheng),1799,2,2,yan_kanal,0.010191599954850972,1,8192,855960,1,0.855734,1043,1.3295275999698788,1380308.0
beyin MR (Cheng),1805,2,4,yan_kanal,0.01000649994239211,1,8192,855801,1,0.855734,1187,1.4037888000020757,1378588.0
beyin MR (Cheng),1809,2,4,yan_kanal,0.010448699933476746,1,8192,855273,1,0.855734,1697,1.3535975000122562,1379357.0
beyin MR (Cheng),1812,2,3,yan_kanal,0.010107300011441112,1,8192,856325,1,0.855734,922,1.3601353999692947,1377994.0
beyin MR (Cheng),1817,2,3,yan_kanal,0.010061099892482162,1,8192,855400,1,0.855734,1691,1.3434110999805853,1380627.0
beyin MR (Cheng),1826,2,4,yan_kanal,0.009998900000937283,1,8192,855958,1,0.855734,6397,1.3409091000212356,1378666.0
beyin MR (Cheng),1849,1,4,yan_kanal,0.010078800027258694,1,8192,855986,1,0.855734,3191,1.3476006999844685,1379087.0
beyin MR (Cheng),1852,1,3,yan_kanal,0.010001300019212067,1,8192,855258,1,0.855734,4631,1.3439483999973163,1378333.0
beyin MR (Cheng),1867,1,2,yan_kanal,0.010175100062042475,1,8192,856115,1,0.855734,3273,1.3345143999904394,1379608.0
beyin MR (Cheng),1872,1,1,yan_kanal,0.009915299946442246,1,8192,855236,2,1.711468,10390,1.3747074999846518,1379761.0
beyin MR (Cheng),1875,1,1,yan_kanal,0.011171399964950979,1,8192,855227,2,1.711468,9662,1.3654044999275357,1379600.0
beyin MR (Cheng),1879,1,2,yan_kanal,0.01010299997869879,1,8192,856147,1,0.855734,1073,1.3333268000278622,1380458.0
beyin MR (Cheng),1887,1,3,yan_kanal,0.010293400031514466,1,8192,855146,1,0.855734,1362,1.3559701000340283,1379149.0
beyin MR (Cheng),1898,1,4,yan_kanal,0.010160300065763295,1,8192,855802,1,0.855734,731,1.3414240999845788,1380825.0
beyin MR (Cheng),1899,1,4,yan_kanal,0.012420000042766333,1,8192,855300,1,0.855734,4144,1.4232329999795184,1378651.0
beyin MR (Cheng),1901,1,4,yan_kanal,0.010280700051225722,1,8192,855284,2,1.711468,8790,1.3455958000849932,1379907.0
beyin MR (Cheng),1934,1,1,yan_kanal,0.0105607999721542,1,8192,855942,2,1.711468,9381,1.3935771000105888,1379458.0
beyin MR (Cheng),1948,1,3,yan_kanal,0.010108400019817054,1,8192,855973,1,0.855734,5589,1.3353612999198958,1377055.0
beyin MR (Cheng),1951,1,1,yan_kanal,0.010002799914218485,1,8192,855840,1,0.855734,4995,1.3426433000713587,1378800.0
beyin MR (Cheng),1959,1,1,yan_kanal,0.010528300073929131,1,8192,855438,1,0.855734,4863,1.3358479000162333,1380639.0
beyin MR (Cheng),1960,1,1,yan_kanal,0.010162999969907105,1,8192,855913,1,0.855734,8067,1.391245900071226,1377219.0
beyin MR (Cheng),1971,1,4,yan_kanal,0.010065600043162704,1,8192,856206,1,0.855734,3568,1.3347155000083148,1377960.0
beyin MR (Cheng),1977,1,4,yan_kanal,0.010364399990066886,1,8192,856025,1,0.855734,6302,1.3343000001041219,1376763.0
beyin MR (Cheng),1987,1,4,yan_kanal,0.009870799956843257,1,8192,855872,1,0.855734,1729,1.350992999970913,1379765.0
beyin MR (Cheng),1996,1,4,yan_kanal,0.01042750000488013,1,8192,855561,1,0.855734,3380,1.3486112999962643,1379616.0
beyin MR (Cheng),2002,1,0,yan_kanal,0.010058399988338351,1,8192,854956,1,0.855734,5244,1.3607624999713153,1379493.0
beyin MR (Cheng),2005,1,0,yan_kanal,0.010392599971964955,1,8192,855496,1,0.855734,5863,1.3506856999592856,1380480.0
beyin MR (Cheng),2008,1,0,yan_kanal,0.009931699954904616,1,8192,855212,2,1.711468,8715,1.3381801000796258,1376842.0
beyin MR (Cheng),2020,1,0,yan_kanal,0.01004820002708584,1,8192,855955,1,0.855734,2898,1.3351805000565946,1378334.0
beyin MR (Cheng),2024,1,0,yan_kanal,0.010271499981172383,1,8192,855625,1,0.855734,1319,1.3431800999678671,1379505.0
beyin MR (Cheng),2025,1,0,yan_kanal,0.009964700089767575,1,8192,855368,1,0.855734,1771,1.3447192999301478,1377923.0
beyin MR (Cheng),2028,1,0,yan_kanal,0.010454699979163706,1,8192,855511,1,0.855734,3253,1.3573259999975562,1379575.0
beyin MR (Cheng),2030,1,0,yan_kanal,0.01089600007981062,1,8192,855272,1,0.855734,7269,1.3632317999145016,1380763.0
beyin MR (Cheng),2043,1,0,yan_kanal,0.010773499961942434,1,8192,855927,1,0.855734,5373,1.3327451000222936,1379513.0
beyin MR (Cheng),2097,1,3,yan_kanal,0.010171999922022223,1,8192,855243,1,0.855734,3472,1.338675200007856,1378144.0
beyin MR (Cheng),2116,1,4,yan_kanal,0.0104361999547109,1,8192,856168,1,0.855734,3943,1.3846714000683278,1377163.0
beyin MR (Cheng),2118,1,0,yan_kanal,0.010117599973455071,1,8192,855783,1,0.855734,1016,1.3418775000609457,1380296.0
beyin MR (Cheng),2126,1,0,yan_kanal,0.009933899971656501,1,8192,855368,1,0.855734,7725,1.3384380000643432,1379540.0
beyin MR (Cheng),2131,1,2,yan_kanal,0.010044399998150766,1,8192,855368,3,2.567202,17983,1.3808899000287056,1379362.0
beyin MR (Cheng),2132,1,2,yan_kanal,0.010134399984963238,1,8192,855554,2,1.711468,8621,1.3507375000044703,1380281.0
beyin MR (Cheng),2135,1,2,yan_kanal,0.01038770005106926,1,8192,855898,1,0.855734,3960,1.337706599966623,1379485.0
beyin MR (Cheng),2144,1,1,yan_kanal,0.010239900089800358,1,8192,856037,1,0.855734,1607,1.334266599966213,1380463.0
beyin MR (Cheng),2187,1,1,yan_kanal,0.010049899923615158,1,8192,855104,1,0.855734,6002,1.3403334999457002,1380267.0
beyin MR (Cheng),2193,1,1,yan_kanal,0.01002010004594922,1,8192,855677,1,0.855734,5145,1.3521356000564992,1379294.0
beyin MR (Cheng),2221,1,0,yan_kanal,0.010149699985049665,1,8192,855483,1,0.855734,6278,1.3824209000449628,1378735.0
beyin MR (Cheng),2232,1,4,yan_kanal,0.00994020001962781,1,8192,855379,1,0.855734,4674,1.3306045999052003,1378723.0
beyin MR (Cheng),2241,1,1,yan_kanal,0.010589799960143864,1,8192,855786,2,1.711468,8204,1.3778381999582052,1378551.0
beyin MR (Cheng),2248,1,3,yan_kanal,0.010364200104959309,1,8192,855840,1,0.855734,3331,1.3401978000765666,1378800.0
beyin MR (Cheng),2282,1,1,yan_kanal,0.009922800003550947,1,8192,855985,1,0.855734,5462,1.336256799986586,1379215.0
beyin MR (Cheng),2292,1,3,yan_kanal,0.00990589999128133,1,8192,855800,1,0.855734,4649,1.3322090998990461,1378421.0
beyin MR (Cheng),2293,1,3,yan_kanal,0.010337700019590557,1,8192,855741,1,0.855734,1383,1.3349509000545368,1379269.0
beyin MR (Cheng),2296,1,3,yan_kanal,0.010078300023451447,1,8192,855722,2,1.711468,11514,1.3698175000026822,1379661.0
beyin MR (Cheng),2306,1,1,yan_kanal,0.010664500063285232,1,8192,856080,1,0.855734,1918,1.3665435999864712,1380422.0
beyin MR (Cheng),2324,1,1,yan_kanal,0.01034749997779727,1,8192,855761,1,0.855734,1755,1.341755099943839,1378174.0
beyin MR (Cheng),2326,1,4,yan_kanal,0.010432499926537275,1,8192,855958,1,0.855734,4331,1.4002254999941215,1379285.0
beyin MR (Cheng),2328,1,4,yan_kanal,0.010127400048077106,1,8192,855717,1,0.855734,6611,1.3231055999640375,1379524.0
beyin MR (Cheng),2374,1,0,yan_kanal,0.009918899973854423,1,8192,854977,1,0.855734,880,1.3500582000706345,1378887.0
beyin MR (Cheng),2377,1,0,yan_kanal,0.009908500011079013,1,8192,856006,2,1.711468,8382,1.3322413000278175,1378186.0
beyin MR (Cheng),2378,1,0,yan_kanal,0.010382400010712445,1,8192,855057,3,2.567202,17207,1.3450955000007525,1380415.0
beyin MR (Cheng),2384,1,2,yan_kanal,0.010475799906998873,1,8192,856147,1,0.855734,7574,1.3432942999061197,1380737.0
beyin MR (Cheng),2395,1,2,yan_kanal,0.010005700052715838,1,8192,855835,2,1.711468,10732,1.336200299905613,1379007.0
beyin MR (Cheng),2404,1,0,yan_kanal,0.010109300026670098,1,8192,855506,1,0.855734,4290,1.3335878000361845,1378337.0
beyin MR (Cheng),2406,1,0,yan_kanal,0.010503500001505017,1,8192,855908,1,0.855734,4337,1.3256185998907313,1379663.0
beyin MR (Cheng),2420,1,3,yan_kanal,0.01003810006659478,1,8192,856122,1,0.855734,6993,1.341264099930413,1379480.0
beyin MR (Cheng),2446,1,3,yan_kanal,0.01032850006595254,1,8192,855831,1,0.855734,7715,1.4002736000111327,1379606.0
beyin MR (Cheng),2447,1,3,yan_kanal,0.009869299945421517,1,8192,855504,1,0.855734,7535,1.327209800016135,1379351.0
beyin MR (Cheng),2449,1,3,yan_kanal,0.010496299946680665,1,8192,855659,2,1.711468,9715,1.3886010000715032,1379475.0
beyin MR (Cheng),2457,1,3,yan_kanal,0.009929300053045154,1,8192,855832,2,1.711468,13662,1.330916399951093,1379289.0
beyin MR (Cheng),2458,1,3,yan_kanal,0.01014310005120933,1,8192,856080,2,1.711468,12348,1.3411502999952063,1379166.0
beyin MR (Cheng),2484,1,4,yan_kanal,0.010493399924598634,1,8192,856297,1,0.855734,4050,1.388879100093618,1377987.0
beyin MR (Cheng),2492,1,2,yan_kanal,0.010019600042141974,1,8192,855928,2,1.711468,9175,1.3373301000101492,1379695.0
beyin MR (Cheng),2497,1,3,yan_kanal,0.009940700023435056,1,8192,855252,1,0.855734,1902,1.327121299924329,1379884.0
beyin MR (Cheng),2516,1,4,yan_kanal,0.010020799934864044,1,8192,855130,2,1.711468,8822,1.3312370999483392,1378039.0
beyin MR (Cheng),2532,1,2,yan_kanal,0.010292600025422871,1,8192,856017,2,1.711468,8970,1.3326306999661028,1378829.0
beyin MR (Cheng),2533,1,2,yan_kanal,0.009944599936716259,1,8192,856057,2,1.711468,8824,1.35896490002051,1379430.0
beyin MR (Cheng),2538,1,2,yan_kanal,0.010037200059741735,1,8192,855342,1,0.855734,4877,1.3342226000968367,1380411.0
beyin MR (Cheng),2551,1,1,yan_kanal,0.010089299990795553,1,8192,855382,1,0.855734,2103,1.3419535999419168,1378629.0
beyin MR (Cheng),2552,1,1,yan_kanal,0.00990449998062104,1,8192,855920,1,0.855734,2173,1.3914372000144795,1378357.0
beyin MR (Cheng),2561,1,0,yan_kanal,0.010555799934081733,1,8192,855280,2,1.711468,8956,1.3574781999923289,1379675.0
beyin MR (Cheng),2565,1,3,yan_kanal,0.010225399979390204,1,8192,856115,1,0.855734,1331,1.3337207000004128,1380089.0
beyin MR (Cheng),2566,1,3,yan_kanal,0.011008599889464676,1,8192,856018,1,0.855734,3006,1.3370146999368444,1377406.0
beyin MR (Cheng),2576,1,0,yan_kanal,0.010125600034371018,1,8192,856018,1,0.855734,6008,1.3371319000143558,1380189.0
beyin MR (Cheng),2595,1,2,yan_kanal,0.01010449999012053,1,8192,856191,1,0.855734,3329,1.347121600061655,1380833.0
beyin MR (Cheng),2604,1,2,yan_kanal,0.00998460000846535,1,8192,855793,1,0.855734,6959,1.341798400040716,1378483.0
beyin MR (Cheng),2609,1,3,yan_kanal,0.010160700068809092,1,8192,854858,1,0.855734,5678,1.3354680000338703,1376502.0
beyin MR (Cheng),2621,1,4,yan_kanal,0.010010099969804287,1,8192,855290,1,0.855734,7452,1.3473636999260634,1379555.0
beyin MR (Cheng),2622,1,4,yan_kanal,0.010372600052505732,1,8192,855691,1,0.855734,7370,1.3298972999909893,1379806.0
beyin MR (Cheng),2629,1,2,yan_kanal,0.01012240001000464,1,8192,855338,1,0.855734,4659,1.3455565999029204,1377891.0
beyin MR (Cheng),2655,1,4,yan_kanal,0.010902800015173852,1,8192,855508,1,0.855734,4186,1.404507300001569,1378217.0
beyin MR (Cheng),2665,1,2,yan_kanal,0.009900199947878718,1,8192,855293,1,0.855734,4655,1.3500813000136986,1380520.0
beyin MR (Cheng),2704,1,0,yan_kanal,0.009892900008708239,1,8192,856191,1,0.855734,5315,1.3369275000877678,1379460.0
beyin MR (Cheng),2721,1,4,yan_kanal,0.01033119997009635,1,8192,856035,1,0.855734,7106,1.3418173999525607,1379391.0
beyin MR (Cheng),2727,1,1,yan_kanal,0.009934899979270995,1,8192,855809,2,1.711468,12481,1.3481549000134692,1379397.0
beyin MR (Cheng),2732,1,0,yan_kanal,0.010106600006110966,1,8192,855300,1,0.855734,5740,1.332708299974911,1378301.0
beyin MR (Cheng),2745,1,2,yan_kanal,0.010320000001229346,1,8192,856112,1,0.855734,6382,1.3444201999809593,1379400.0
beyin MR (Cheng),2748,1,1,yan_kanal,0.010370300034992397,1,8192,856215,1,0.855734,1006,1.3381886000279337,1378569.0
beyin MR (Cheng),2753,1,2,yan_kanal,0.010101299965754151,1,8192,855364,1,0.855734,1411,1.3557544000213966,1379378.0
beyin MR (Cheng),2768,1,0,yan_kanal,0.01015940005891025,1,8192,855232,1,0.855734,3694,1.3350246000336483,1378881.0
beyin MR (Cheng),2779,1,4,yan_kanal,0.009871999965980649,1,8192,855219,1,0.855734,1825,1.3452132000820711,1378393.0
beyin MR (Cheng),2788,1,3,yan_kanal,0.009941500029526651,1,8192,855631,2,1.711468,13394,1.340256299939938,1378158.0
beyin MR (Cheng),2790,1,3,yan_kanal,0.010817599948495626,1,8192,856053,2,1.711468,10171,1.3347084999550134,1380957.0
beyin MR (Cheng),2792,1,3,yan_kanal,0.010024100076407194,1,8192,855740,1,0.855734,4083,1.3443974000401795,1380584.0
beyin MR (Cheng),2816,1,2,yan_kanal,0.009974500047974288,1,8192,855370,1,0.855734,2995,1.3280134999658912,1379692.0
beyin MR (Cheng),2817,1,2,yan_kanal,0.010222699958831072,1,8192,856026,1,0.855734,1504,1.4095180000877008,1378396.0
beyin MR (Cheng),2822,1,4,yan_kanal,0.00988969998434186,1,8192,855521,1,0.855734,332,1.3270265000173822,1377055.0
beyin MR (Cheng),2835,1,3,yan_kanal,0.009945399942807853,1,8192,855395,1,0.855734,381,1.3502887999638915,1380401.0
beyin MR (Cheng),2842,1,2,yan_kanal,0.010386700043454766,1,8192,855026,1,0.855734,6033,1.3419369999319315,1379280.0
beyin MR (Cheng),2856,1,2,yan_kanal,0.010249000042676926,1,8192,855167,1,0.855734,670,1.341627800022252,1379304.0
beyin MR (Cheng),2864,1,3,yan_kanal,0.009984300006181002,1,8192,855262,1,0.855734,820,1.3387320000911132,1379811.0
beyin MR (Cheng),2869,1,4,yan_kanal,0.011010300018824637,1,8192,855711,2,1.711468,13414,1.3738383000018075,1380093.0
beyin MR (Cheng),2870,1,4,yan_kanal,0.010044399998150766,1,8192,856145,2,1.711468,10413,1.3469513000454754,1378914.0
beyin MR (Cheng),2892,1,1,yan_kanal,0.010182700003497303,1,8192,855132,1,0.855734,5186,1.4600044999970123,1379416.0
beyin MR (Cheng),2894,1,1,yan_kanal,0.0103623999748379,1,8192,855859,1,0.855734,1168,1.335811399971135,1378837.0
beyin MR (Cheng),2897,1,1,yan_kanal,0.01095070003066212,1,8192,855832,1,0.855734,3320,1.424575100070797,1378619.0
beyin MR (Cheng),2900,1,4,yan_kanal,0.010094799916259944,1,8192,856112,1,0.855734,4746,1.3410349999321625,1378023.0
beyin MR (Cheng),2910,1,4,yan_kanal,0.009973100037313998,1,8192,856066,1,0.855734,2658,1.3306260999524966,1380423.0
beyin MR (Cheng),2914,1,1,yan_kanal,0.009988100035116076,1,8192,855305,1,0.855734,1358,1.360616400022991,1379232.0
beyin MR (Cheng),2921,1,0,yan_kanal,0.010143599938601255,1,8192,855584,1,0.855734,6761,1.3307518999790773,1377368.0
beyin MR (Cheng),2933,1,0,yan_kanal,0.010382500011473894,1,8192,855316,2,1.711468,8667,1.337257899926044,1378370.0
beyin MR (Cheng),2935,1,0,yan_kanal,0.010391800082288682,1,8192,855089,2,1.711468,8634,1.3847320000641048,1379406.0
beyin MR (Cheng),2944,1,3,yan_kanal,0.0105178999947384,1,8192,856115,1,0.855734,6531,1.346284200088121,1379096.0
beyin MR (Cheng),2945,1,3,yan_kanal,0.010177900083363056,1,8192,856123,1,0.855734,5962,1.3293322999961674,1378616.0
beyin MR (Cheng),2984,1,2,yan_kanal,0.010050599928945303,1,8192,855372,1,0.855734,6611,1.3428208000259474,1379503.0
beyin MR (Cheng),2985,1,2,yan_kanal,0.01039650000166148,1,8192,855725,1,0.855734,4673,1.3342465999303386,1379882.0
beyin MR (Cheng),2986,1,2,yan_kanal,0.010152000002563,1,8192,855323,2,1.711468,11515,1.325178400031291,1378295.0
beyin MR (Cheng),2996,1,2,yan_kanal,0.01053259999025613,1,8192,855070,1,0.855734,1411,1.3330162999918684,1379435.0
beyin MR (Cheng),3003,1,4,yan_kanal,0.010073999990709126,1,8192,855396,1,0.855734,344,1.3493666000431404,1380877.0
beyin MR (Cheng),3007,1,2,yan_kanal,0.01096540002617985,1,8192,855913,1,0.855734,4220,1.4004989999812096,1377783.0
beyin MR (Cheng),3008,1,4,yan_kanal,0.010123799904249609,1,8192,855727,1,0.855734,2135,1.4535423000343144,1379257.0
beyin MR (Cheng),3014,1,0,yan_kanal,0.009993900079280138,1,8192,855808,1,0.855734,6083,1.333258100086823,1379300.0
beyin MR (Cheng),3021,1,4,yan_kanal,0.010982600040733814,1,8192,856228,1,0.855734,1653,1.3910960999783128,1379972.0
beyin MR (Cheng),3022,1,4,yan_kanal,0.010081600048579276,1,8192,855883,1,0.855734,3483,1.3411430000560358,1380752.0
beyin MR (Cheng),3029,0,3,yan_kanal,0.01034589996561408,1,8192,855973,1,0.855734,5273,1.403343899990432,1380307.0
beyin MR (Cheng),3043,1,4,yan_kanal,0.010017899912782013,1,8192,856062,2,1.711468,8940,1.3547868999885395,1380360.0
beyin MR (Cheng),3047,1,0,yan_kanal,0.00996980001218617,1,8192,855216,1,0.855734,511,1.3462628999259323,1378809.0
beyin MR (Cheng),3048,1,2,yan_kanal,0.010073599987663329,1,8192,855849,1,0.855734,2240,1.333146599936299,1379902.0
beyin MR (Cheng),3049,1,2,yan_kanal,0.010078200022689998,1,8192,855539,1,0.855734,5686,1.3317893000785261,1379424.0
beyin MR (Cheng),3059,1,2,yan_kanal,0.01298040000256151,1,8192,855257,1,0.855734,7937,1.3706760000204667,1379305.0
beyin MR (Cheng),3063,0,3,yan_kanal,0.010060600005090237,1,8192,856164,1,0.855734,3318,1.3533140999497846,1378284.0
akciğer grafisi (COVID-QU-Ex),3,0,4,paket,0.010148499975912273,1,8192,855978,3,2.567214,16456,,
akciğer grafisi (COVID-QU-Ex),32,0,4,paket,0.010148800094611943,1,8192,855974,2,1.711476,13215,,
akciğer grafisi (COVID-QU-Ex),40,0,1,paket,0.010422499966807663,1,8192,855795,3,2.567214,23408,,
akciğer grafisi (COVID-QU-Ex),54,0,2,paket,0.010175199946388602,1,8192,855756,2,1.711476,9648,,
akciğer grafisi (COVID-QU-Ex),61,0,3,paket,0.009883100050501525,1,8192,855482,3,2.567214,20585,,
akciğer grafisi (COVID-QU-Ex),63,0,4,paket,0.010241800104267895,1,8192,855839,2,1.711476,15720,,
akciğer grafisi (COVID-QU-Ex),74,0,0,paket,0.009994499967433512,1,8192,856150,2,1.711476,8542,,
akciğer grafisi (COVID-QU-Ex),90,0,1,paket,0.009796499973163009,1,8192,856071,3,2.567214,16615,,
akciğer grafisi (COVID-QU-Ex),93,0,1,paket,0.01011939998716116,1,8192,856081,2,1.711476,10297,,
akciğer grafisi (COVID-QU-Ex),98,0,3,paket,0.010033700033091009,1,8192,855307,2,1.711476,13625,,
akciğer grafisi (COVID-QU-Ex),116,0,2,paket,0.010087899980135262,1,8192,855192,3,2.567214,23304,,
akciğer grafisi (COVID-QU-Ex),136,0,2,paket,0.009964999975636601,1,8192,855748,3,2.567214,21900,,
akciğer grafisi (COVID-QU-Ex),160,0,3,paket,0.01055800006724894,1,8192,856093,2,1.711476,10329,,
akciğer grafisi (COVID-QU-Ex),165,0,1,paket,0.009914099937304854,1,8192,856113,3,2.567214,16596,,
akciğer grafisi (COVID-QU-Ex),173,0,2,paket,0.010650900076143444,1,8192,856045,2,1.711476,14062,,
akciğer grafisi (COVID-QU-Ex),187,0,0,paket,0.010072499979287386,1,8192,855416,2,1.711476,8513,,
akciğer grafisi (COVID-QU-Ex),192,0,4,paket,0.009984400006942451,1,8192,855729,2,1.711476,13996,,
akciğer grafisi (COVID-QU-Ex),197,0,0,paket,0.01014749996829778,1,8192,855343,3,2.567214,18598,,
akciğer grafisi (COVID-QU-Ex),200,0,0,paket,0.009935200097970665,1,8192,855301,3,2.567214,17090,,
akciğer grafisi (COVID-QU-Ex),238,0,0,paket,0.011590800015255809,1,8192,854659,3,2.567214,21414,,
akciğer grafisi (COVID-QU-Ex),263,0,0,paket,0.009965899982489645,1,8192,855011,2,1.711476,14072,,
akciğer grafisi (COVID-QU-Ex),271,0,2,paket,0.010633699945174158,1,8192,855271,2,1.711476,10536,,
akciğer grafisi (COVID-QU-Ex),281,0,1,paket,0.01028519996907562,1,8192,855674,2,1.711476,14306,,
akciğer grafisi (COVID-QU-Ex),300,0,1,paket,0.010431300033815205,1,8192,855891,3,2.567214,23958,,
akciğer grafisi (COVID-QU-Ex),304,0,4,paket,0.01038620003964752,1,8192,856143,2,1.711476,12769,,
akciğer grafisi (COVID-QU-Ex),308,0,3,paket,0.010403700056485832,1,8192,855445,2,1.711476,13754,,
akciğer grafisi (COVID-QU-Ex),332,0,0,paket,0.00996219995431602,1,8192,856041,2,1.711476,13046,,
akciğer grafisi (COVID-QU-Ex),337,0,0,paket,0.009945699945092201,1,8192,855442,3,2.567214,18487,,
akciğer grafisi (COVID-QU-Ex),383,0,3,paket,0.010060600005090237,1,8192,855917,2,1.711476,13291,,
akciğer grafisi (COVID-QU-Ex),400,0,0,paket,0.0099920000648126,1,8192,856009,2,1.711476,8296,,
akciğer grafisi (COVID-QU-Ex),414,0,4,paket,0.009990699938498437,1,8192,856225,1,0.855738,7588,,
akciğer grafisi (COVID-QU-Ex),430,0,3,paket,0.010012499988079071,1,8192,855321,3,2.567214,20871,,
akciğer grafisi (COVID-QU-Ex),454,0,3,paket,0.010056399973109365,1,8192,856253,2,1.711476,9228,,
akciğer grafisi (COVID-QU-Ex),456,0,3,paket,0.009855099953711033,1,8192,856196,2,1.711476,14145,,
akciğer grafisi (COVID-QU-Ex),460,0,2,paket,0.00997559993993491,1,8192,855348,3,2.567214,22300,,
akciğer grafisi (COVID-QU-Ex),475,0,3,paket,0.010299800080247223,1,8192,855224,3,2.567214,22240,,
akciğer grafisi (COVID-QU-Ex),479,0,4,paket,0.009931600070558488,1,8192,855751,2,1.711476,11263,,
akciğer grafisi (COVID-QU-Ex),486,0,1,paket,0.010413400013931096,1,8192,855863,2,1.711476,15660,,
akciğer grafisi (COVID-QU-Ex),489,0,4,paket,0.009975100052542984,1,8192,855427,2,1.711476,10680,,
akciğer grafisi (COVID-QU-Ex),495,0,1,paket,0.010078900028020144,1,8192,855887,1,0.855738,8078,,
akciğer grafisi (COVID-QU-Ex),502,0,1,paket,0.010114999953657389,1,8192,855557,3,2.567214,17003,,
akciğer grafisi (COVID-QU-Ex),532,0,4,paket,0.010426399996504188,1,8192,855348,2,1.711476,14094,,
akciğer grafisi (COVID-QU-Ex),537,0,3,paket,0.009902599966153502,1,8192,855286,4,3.422952,29892,,
akciğer grafisi (COVID-QU-Ex),550,0,3,paket,0.01062600000295788,1,8192,856207,2,1.711476,13131,,
akciğer grafisi (COVID-QU-Ex),574,0,1,paket,0.010392299969680607,1,8192,856132,3,2.567214,20782,,
akciğer grafisi (COVID-QU-Ex),575,0,3,paket,0.00999210006557405,1,8192,856245,3,2.567214,17482,,
akciğer grafisi (COVID-QU-Ex),582,0,4,paket,0.010212099994532764,1,8192,856237,2,1.711476,9405,,
akciğer grafisi (COVID-QU-Ex),588,0,0,paket,0.009953900007531047,1,8192,856031,2,1.711476,11402,,
akciğer grafisi (COVID-QU-Ex),602,0,1,paket,0.01016369997523725,1,8192,855639,2,1.711476,15268,,
akciğer grafisi (COVID-QU-Ex),608,0,2,paket,0.009981399984098971,1,8192,855115,2,1.711476,15598,,
akciğer grafisi (COVID-QU-Ex),615,0,1,paket,0.009936199989169836,1,8192,855539,3,2.567214,24007,,
akciğer grafisi (COVID-QU-Ex),647,0,1,paket,0.010147400083951652,1,8192,856074,3,2.567214,16899,,
akciğer grafisi (COVID-QU-Ex),657,0,1,paket,0.009995199972763658,1,8192,855172,2,1.711476,14699,,
akciğer grafisi (COVID-QU-Ex),691,0,2,paket,0.010039300075732172,1,8192,855225,3,2.567214,17186,,
akciğer grafisi (COVID-QU-Ex),693,0,4,paket,0.00999779999256134,1,8192,855478,3,2.567214,21575,,
akciğer grafisi (COVID-QU-Ex),713,0,2,paket,0.010111999930813909,1,8192,856086,2,1.711476,15232,,
akciğer grafisi (COVID-QU-Ex),716,0,1,paket,0.010117400088347495,1,8192,854514,2,1.711476,9949,,
akciğer grafisi (COVID-QU-Ex),725,0,1,paket,0.010064200032502413,1,8192,855429,2,1.711476,12536,,
akciğer grafisi (COVID-QU-Ex),742,0,4,paket,0.010327099938876927,1,8192,855750,3,2.567214,21090,,
akciğer grafisi (COVID-QU-Ex),747,0,1,paket,0.010622199974022806,1,8192,856198,2,1.711476,9695,,
akciğer grafisi (COVID-QU-Ex),763,0,2,paket,0.010282599949277937,1,8192,855994,3,2.567214,17105,,
akciğer grafisi (COVID-QU-Ex),774,0,3,paket,0.010081700049340725,1,8192,855982,3,2.567214,18305,,
akciğer grafisi (COVID-QU-Ex),781,0,0,paket,0.011497700004838407,1,8192,855792,2,1.711476,15073,,
akciğer grafisi (COVID-QU-Ex),809,0,1,paket,0.010357100050896406,1,8192,855947,2,1.711476,12929,,
akciğer grafisi (COVID-QU-Ex),815,0,2,paket,0.010628800024278462,1,8192,856008,2,1.711476,14668,,
akciğer grafisi (COVID-QU-Ex),827,0,0,paket,0.009923400008119643,1,8192,855128,2,1.711476,11715,,
akciğer grafisi (COVID-QU-Ex),830,0,1,paket,0.010015600011684,1,8192,855225,2,1.711476,12658,,
akciğer grafisi (COVID-QU-Ex),834,0,2,paket,0.010142700048163533,1,8192,855350,2,1.711476,12055,,
akciğer grafisi (COVID-QU-Ex),838,0,1,paket,0.010220699943602085,1,8192,856167,1,0.855738,8106,,
akciğer grafisi (COVID-QU-Ex),846,0,2,paket,0.010125900036655366,1,8192,855308,2,1.711476,11255,,
akciğer grafisi (COVID-QU-Ex),866,0,3,paket,0.009993999963626266,1,8192,855220,1,0.855738,8066,,
akciğer grafisi (COVID-QU-Ex),899,0,1,paket,0.01038160000462085,1,8192,855289,2,1.711476,11026,,
akciğer grafisi (COVID-QU-Ex),916,0,3,paket,0.01088959991466254,1,8192,855740,2,1.711476,14763,,
akciğer grafisi (COVID-QU-Ex),927,0,1,paket,0.010647999937646091,1,8192,855994,2,1.711476,15174,,
akciğer grafisi (COVID-QU-Ex),939,0,4,paket,0.010058299987576902,1,8192,854690,3,2.567214,19880,,
akciğer grafisi (COVID-QU-Ex),958,0,2,paket,0.010124600026756525,1,8192,855833,2,1.711476,13862,,
akciğer grafisi (COVID-QU-Ex),962,0,1,paket,0.010241500101983547,1,8192,855793,2,1.711476,14640,,
akciğer grafisi (COVID-QU-Ex),967,0,3,paket,0.00990740000270307,1,8192,855921,2,1.711476,15559,,
akciğer grafisi (COVID-QU-Ex),969,0,3,paket,0.009865000029094517,1,8192,855333,2,1.711476,13046,,
akciğer grafisi (COVID-QU-Ex),972,0,3,paket,0.009985499898903072,1,8192,855321,2,1.711476,15096,,
akciğer grafisi (COVID-QU-Ex),993,0,1,paket,0.010068599949590862,1,8192,856099,2,1.711476,9653,,
akciğer grafisi (COVID-QU-Ex),996,0,2,paket,0.010227799997664988,1,8192,855275,2,1.711476,14665,,
akciğer grafisi (COVID-QU-Ex),1010,0,1,paket,0.00978449999820441,1,8192,855673,3,2.567214,17072,,
akciğer grafisi (COVID-QU-Ex),1011,0,4,paket,0.010675400029867887,1,8192,855585,3,2.567214,18402,,
akciğer grafisi (COVID-QU-Ex),1028,0,4,paket,0.009923600009642541,1,8192,856045,3,2.567214,19694,,
akciğer grafisi (COVID-QU-Ex),1056,0,3,paket,0.010372299933806062,1,8192,856197,2,1.711476,10741,,
akciğer grafisi (COVID-QU-Ex),1064,0,1,paket,0.009820999926887453,1,8192,855894,2,1.711476,14983,,
akciğer grafisi (COVID-QU-Ex),1065,0,2,paket,0.01037109992466867,1,8192,855341,2,1.711476,15130,,
akciğer grafisi (COVID-QU-Ex),1067,0,2,paket,0.009990000049583614,1,8192,856078,2,1.711476,13734,,
akciğer grafisi (COVID-QU-Ex),1070,0,4,paket,0.010233999928459525,1,8192,856202,4,3.422952,25448,,
akciğer grafisi (COVID-QU-Ex),1073,0,2,paket,0.010060600005090237,1,8192,855203,3,2.567214,18114,,
akciğer grafisi (COVID-QU-Ex),1148,0,2,paket,0.009783699992112815,1,8192,855126,2,1.711476,14466,,
akciğer grafisi (COVID-QU-Ex),1191,0,4,paket,0.010468599968589842,1,8192,855272,3,2.567214,18179,,
akciğer grafisi (COVID-QU-Ex),1205,0,1,paket,0.00996100006159395,1,8192,855348,3,2.567214,17919,,
akciğer grafisi (COVID-QU-Ex),1216,0,3,paket,0.00995179999154061,1,8192,855189,3,2.567214,19514,,
akciğer grafisi (COVID-QU-Ex),1218,0,2,paket,0.010163099970668554,1,8192,855630,3,2.567214,18362,,
akciğer grafisi (COVID-QU-Ex),1241,0,2,paket,0.01016840001102537,1,8192,855998,2,1.711476,13244,,
akciğer grafisi (COVID-QU-Ex),1246,0,0,paket,0.01003040000796318,1,8192,855306,2,1.711476,14067,,
akciğer grafisi (COVID-QU-Ex),1278,0,1,paket,0.010168000007979572,1,8192,856142,3,2.567214,17174,,
akciğer grafisi (COVID-QU-Ex),1286,0,3,paket,0.009895200026221573,1,8192,856018,2,1.711476,14029,,
akciğer grafisi (COVID-QU-Ex),1289,0,3,paket,0.01077419996727258,1,8192,855354,2,1.711476,15307,,
akciğer grafisi (COVID-QU-Ex),1296,0,4,paket,0.00995909993071109,1,8192,856127,2,1.711476,10681,,
akciğer grafisi (COVID-QU-Ex),1321,0,0,paket,0.010182500001974404,1,8192,855295,2,1.711476,14118,,
akciğer grafisi (COVID-QU-Ex),1326,0,4,paket,0.010571900056675076,1,8192,856195,1,0.855738,4631,,
akciğer grafisi (COVID-QU-Ex),1327,0,1,paket,0.00997120002284646,1,8192,855294,1,0.855738,4574,,
akciğer grafisi (COVID-QU-Ex),1341,0,3,paket,0.010150799993425608,1,8192,855830,2,1.711476,9471,,
akciğer grafisi (COVID-QU-Ex),1353,0,3,paket,0.009952699998393655,1,8192,855930,2,1.711476,11353,,
akciğer grafisi (COVID-QU-Ex),1361,0,3,paket,0.0102959000505507,1,8192,854333,2,1.711476,9403,,
akciğer grafisi (COVID-QU-Ex),1369,0,4,paket,0.010028399992734194,1,8192,855991,3,2.567214,23177,,
akciğer grafisi (COVID-QU-Ex),1394,0,1,paket,0.010598800028674304,1,8192,855701,2,1.711476,9642,,
akciğer grafisi (COVID-QU-Ex),1403,0,0,paket,0.009913700050674379,1,8192,856103,3,2.567214,19226,,
akciğer grafisi (COVID-QU-Ex),1442,0,2,paket,0.011087799910455942,1,8192,855890,3,2.567214,21395,,
akciğer grafisi (COVID-QU-Ex),1457,0,2,paket,0.010033700033091009,1,8192,855787,2,1.711476,14190,,
akciğer grafisi (COVID-QU-Ex),1466,0,2,paket,0.010064900037832558,1,8192,855386,2,1.711476,14734,,
akciğer grafisi (COVID-QU-Ex),1467,0,1,paket,0.01030299998819828,1,8192,856133,2,1.711476,15285,,
akciğer grafisi (COVID-QU-Ex),1476,0,1,paket,0.010469399974681437,1,8192,855246,3,2.567214,18889,,
akciğer grafisi (COVID-QU-Ex),1480,0,2,paket,0.01019649999216199,1,8192,856016,2,1.711476,8841,,
akciğer grafisi (COVID-QU-Ex),1496,0,1,paket,0.010464099934324622,1,8192,856196,2,1.711476,14486,,
akciğer grafisi (COVID-QU-Ex),1513,0,2,paket,0.010223499964922667,1,8192,855685,2,1.711476,10925,,
akciğer grafisi (COVID-QU-Ex),1518,0,2,paket,0.01018600002862513,1,8192,856072,2,1.711476,10727,,
akciğer grafisi (COVID-QU-Ex),1535,0,3,paket,0.009993900079280138,1,8192,855983,3,2.567214,18033,,
akciğer grafisi (COVID-QU-Ex),1555,0,4,paket,0.010170000023208559,1,8192,855690,3,2.567214,22002,,
akciğer grafisi (COVID-QU-Ex),1558,0,0,paket,0.009828699985519052,1,8192,856044,3,2.567214,17267,,
akciğer grafisi (COVID-QU-Ex),1563,0,4,paket,0.009965599980205297,1,8192,855423,3,2.567214,17560,,
akciğer grafisi (COVID-QU-Ex),1570,0,0,paket,0.010877100052312016,1,8192,855200,2,1.711476,12473,,
akciğer grafisi (COVID-QU-Ex),1585,0,4,paket,0.009987900033593178,1,8192,856060,2,1.711476,14150,,
akciğer grafisi (COVID-QU-Ex),1606,0,1,paket,0.010329399956390262,1,8192,855599,2,1.711476,12738,,
akciğer grafisi (COVID-QU-Ex),1621,0,1,paket,0.010071600088849664,1,8192,855780,2,1.711476,10823,,
akciğer grafisi (COVID-QU-Ex),1631,0,4,paket,0.010297600063495338,1,8192,855992,3,2.567214,17206,,
akciğer grafisi (COVID-QU-Ex),1637,0,3,paket,0.010540000046603382,1,8192,855845,2,1.711476,14916,,
akciğer grafisi (COVID-QU-Ex),1640,0,2,paket,0.010057799983769655,1,8192,855990,2,1.711476,16322,,
akciğer grafisi (COVID-QU-Ex),1651,0,3,paket,0.010735500021837652,1,8192,856008,2,1.711476,13758,,
akciğer grafisi (COVID-QU-Ex),1697,0,2,paket,0.01046160003170371,1,8192,855956,2,1.711476,13449,,
akciğer grafisi (COVID-QU-Ex),1710,0,3,paket,0.010481700068339705,1,8192,856096,2,1.711476,10381,,
akciğer grafisi (COVID-QU-Ex),1726,0,3,paket,0.010320000001229346,1,8192,855594,2,1.711476,14357,,
akciğer grafisi (COVID-QU-Ex),1746,0,3,paket,0.010110300034284592,1,8192,854793,2,1.711476,13827,,
akciğer grafisi (COVID-QU-Ex),1749,0,1,paket,0.010551200015470386,1,8192,855990,2,1.711476,16075,,
akciğer grafisi (COVID-QU-Ex),1751,0,0,paket,0.009959900053218007,1,8192,855416,3,2.567214,18498,,
akciğer grafisi (COVID-QU-Ex),1765,0,2,paket,0.011594300041906536,1,8192,856207,3,2.567214,22825,,
akciğer grafisi (COVID-QU-Ex),1771,0,4,paket,0.010012399987317622,1,8192,856071,2,1.711476,12719,,
akciğer grafisi (COVID-QU-Ex),1780,0,0,paket,0.010034600039944053,1,8192,855348,2,1.711476,15743,,
akciğer grafisi (COVID-QU-Ex),1818,0,3,paket,0.01057419995777309,1,8192,855021,2,1.711476,13956,,
akciğer grafisi (COVID-QU-Ex),1819,0,2,paket,0.010337500018067658,1,8192,855163,2,1.711476,12645,,
akciğer grafisi (COVID-QU-Ex),1843,0,1,paket,0.009951699990779161,1,8192,856109,2,1.711476,13473,,
akciğer grafisi (COVID-QU-Ex),1871,0,1,paket,0.011006499989889562,1,8192,855498,3,2.567214,16851,,
akciğer grafisi (COVID-QU-Ex),1880,0,2,paket,0.010247000027447939,1,8192,856085,3,2.567214,19066,,
akciğer grafisi (COVID-QU-Ex),1885,0,1,paket,0.010676300036720932,1,8192,855492,2,1.711476,12786,,
akciğer grafisi (COVID-QU-Ex),1889,0,1,paket,0.010222599958069623,1,8192,856049,2,1.711476,15695,,
akciğer grafisi (COVID-QU-Ex),1909,0,0,paket,0.009991299943067133,1,8192,855201,2,1.711476,15268,,
akciğer grafisi (COVID-QU-Ex),1928,0,0,paket,0.010937699931673706,1,8192,855707,3,2.567214,16872,,
akciğer grafisi (COVID-QU-Ex),1931,0,1,paket,0.010156800039112568,1,8192,855122,2,1.711476,13626,,
akciğer grafisi (COVID-QU-Ex),1935,0,0,paket,0.009970000013709068,1,8192,856160,2,1.711476,13876,,
akciğer grafisi (COVID-QU-Ex),1938,0,2,paket,0.01007640000898391,1,8192,856003,3,2.567214,18056,,
akciğer grafisi (COVID-QU-Ex),1939,0,3,paket,0.010045900009572506,1,8192,856089,2,1.711476,11315,,
akciğer grafisi (COVID-QU-Ex),1971,0,4,paket,0.010328399948775768,1,8192,856107,3,2.567214,19818,,
akciğer grafisi (COVID-QU-Ex),1972,0,4,paket,0.010486599989235401,1,8192,855702,3,2.567214,17123,,
akciğer grafisi (COVID-QU-Ex),1982,0,2,paket,0.010136700002476573,1,8192,856013,3,2.567214,16867,,
akciğer grafisi (COVID-QU-Ex),1997,0,1,paket,0.01043469994328916,1,8192,855224,2,1.711476,12256,,
akciğer grafisi (COVID-QU-Ex),1999,0,4,paket,0.010545700090005994,1,8192,855277,2,1.711476,13420,,
akciğer grafisi (COVID-QU-Ex),2003,0,2,paket,0.010387900052592158,1,8192,855584,2,1.711476,14228,,
akciğer grafisi (COVID-QU-Ex),2024,0,2,paket,0.009875799994915724,1,8192,855452,2,1.711476,16365,,
akciğer grafisi (COVID-QU-Ex),2044,0,4,paket,0.010361199965700507,1,8192,855689,2,1.711476,12340,,
akciğer grafisi (COVID-QU-Ex),2085,0,3,paket,0.009961899952031672,1,8192,854905,2,1.711476,12378,,
akciğer grafisi (COVID-QU-Ex),2094,0,4,paket,0.0100158000132069,1,8192,855841,2,1.711476,10646,,
akciğer grafisi (COVID-QU-Ex),2099,0,4,paket,0.010702800005674362,1,8192,855789,2,1.711476,16314,,
akciğer grafisi (COVID-QU-Ex),2109,0,1,paket,0.01006010000128299,1,8192,855279,3,2.567214,16965,,
akciğer grafisi (COVID-QU-Ex),2111,0,1,paket,0.01011479995213449,1,8192,855770,2,1.711476,12016,,
akciğer grafisi (COVID-QU-Ex),2121,0,4,paket,0.009910899912938476,1,8192,856048,2,1.711476,16312,,
akciğer grafisi (COVID-QU-Ex),2144,0,1,paket,0.009814599994570017,1,8192,856024,2,1.711476,12892,,
akciğer grafisi (COVID-QU-Ex),2150,0,2,paket,0.010030200006440282,1,8192,855675,2,1.711476,12855,,
akciğer grafisi (COVID-QU-Ex),2157,0,4,paket,0.0120943000074476,1,8192,854763,3,2.567214,22601,,
akciğer grafisi (COVID-QU-Ex),2164,0,3,paket,0.010062700021080673,1,8192,855337,1,0.855738,7605,,
akciğer grafisi (COVID-QU-Ex),2166,0,0,paket,0.009987100027501583,1,8192,855741,3,2.567214,19224,,
akciğer grafisi (COVID-QU-Ex),2171,0,4,paket,0.010428400011733174,1,8192,855470,3,2.567214,19130,,
akciğer grafisi (COVID-QU-Ex),2175,0,2,paket,0.010548399994149804,1,8192,855184,2,1.711476,9814,,
akciğer grafisi (COVID-QU-Ex),2182,0,3,paket,0.00996830000076443,1,8192,855152,3,2.567214,19138,,
akciğer grafisi (COVID-QU-Ex),2186,0,1,paket,0.010893300059251487,1,8192,855285,2,1.711476,15544,,
akciğer grafisi (COVID-QU-Ex),2247,0,3,paket,0.010177199961617589,1,8192,855955,3,2.567214,19989,,
akciğer grafisi (COVID-QU-Ex),2250,0,4,paket,0.01009580004028976,1,8192,855448,3,2.567214,17321,,
akciğer grafisi (COVID-QU-Ex),2253,0,0,paket,0.010066800052300096,1,8192,856192,2,1.711476,13350,,
akciğer grafisi (COVID-QU-Ex),2255,0,3,paket,0.01027349999640137,1,8192,856224,2,1.711476,12187,,
akciğer grafisi (COVID-QU-Ex),2264,0,4,paket,0.010836899979040027,1,8192,855580,2,1.711476,15592,,
akciğer grafisi (COVID-QU-Ex),2278,0,2,paket,0.0100780000211671,1,8192,855888,2,1.711476,14528,,
akciğer grafisi (COVID-QU-Ex),2284,0,1,paket,0.010035699931904674,1,8192,855232,3,2.567214,17729,,
akciğer grafisi (COVID-QU-Ex),2309,0,4,paket,0.010222900076769292,1,8192,855429,3,2.567214,17098,,
akciğer grafisi (COVID-QU-Ex),2311,0,4,paket,0.009902599966153502,1,8192,855817,1,0.855738,6159,,
akciğer grafisi (COVID-QU-Ex),2330,0,3,paket,0.0101755999494344,1,8192,855832,3,2.567214,20929,,
akciğer grafisi (COVID-QU-Ex),2349,0,2,paket,0.009999600006267428,1,8192,855837,2,1.711476,12355,,
akciğer grafisi (COVID-QU-Ex),2358,0,3,paket,0.010054799960926175,1,8192,855655,3,2.567214,23736,,
akciğer grafisi (COVID-QU-Ex),2375,0,1,paket,0.01016669999808073,1,8192,855969,2,1.711476,8577,,
akciğer grafisi (COVID-QU-Ex),2390,0,4,paket,0.010069000069051981,1,8192,855848,3,2.567214,18587,,
akciğer grafisi (COVID-QU-Ex),2397,1,0,paket,0.009991000057198107,1,8192,855970,3,2.567214,21044,,
akciğer grafisi (COVID-QU-Ex),2402,1,4,paket,0.010220099939033389,1,8192,855995,2,1.711476,12313,,
akciğer grafisi (COVID-QU-Ex),2419,1,2,paket,0.010016499902121723,1,8192,856138,2,1.711476,14200,,
akciğer grafisi (COVID-QU-Ex),2424,1,3,paket,0.010118899983353913,1,8192,856091,2,1.711476,9419,,
akciğer grafisi (COVID-QU-Ex),2435,1,2,paket,0.010066799935884774,1,8192,856346,2,1.711476,14710,,
akciğer grafisi (COVID-QU-Ex),2449,1,1,paket,0.011477000080049038,1,8192,855704,2,1.711476,15019,,
akciğer grafisi (COVID-QU-Ex),2460,1,3,paket,0.010084899957291782,1,8192,855704,3,2.567214,17460,,
akciğer grafisi (COVID-QU-Ex),2463,1,4,paket,0.01150040002539754,1,8192,855558,3,2.567214,17370,,
akciğer grafisi (COVID-QU-Ex),2464,1,1,paket,0.010063600027933717,1,8192,855494,3,2.567214,17626,,
akciğer grafisi (COVID-QU-Ex),2467,1,1,paket,0.01032400003168732,1,8192,855994,2,1.711476,13869,,
akciğer grafisi (COVID-QU-Ex),2472,1,0,paket,0.010077300015836954,1,8192,856087,2,1.711476,12933,,
akciğer grafisi (COVID-QU-Ex),2497,1,3,paket,0.009879100020043552,1,8192,855698,3,2.567214,20456,,
akciğer grafisi (COVID-QU-Ex),2522,1,2,paket,0.010137900011613965,1,8192,855556,2,1.711476,14862,,
akciğer grafisi (COVID-QU-Ex),2525,1,2,paket,0.010237600072287023,1,8192,855104,2,1.711476,14075,,
akciğer grafisi (COVID-QU-Ex),2531,1,1,paket,0.009936299989931285,1,8192,855352,2,1.711476,10713,,
akciğer grafisi (COVID-QU-Ex),2534,1,4,paket,0.010217099916189909,1,8192,856141,2,1.711476,12905,,
akciğer grafisi (COVID-QU-Ex),2545,1,0,paket,0.009885000064969063,1,8192,855298,2,1.711476,13379,,
akciğer grafisi (COVID-QU-Ex),2549,1,3,paket,0.01093129999935627,1,8192,856025,2,1.711476,15249,,
akciğer grafisi (COVID-QU-Ex),2552,1,1,paket,0.010171199915930629,1,8192,856072,2,1.711476,11031,,
akciğer grafisi (COVID-QU-Ex),2558,1,1,paket,0.009841499966569245,1,8192,855567,2,1.711476,12012,,
akciğer grafisi (COVID-QU-Ex),2563,1,3,paket,0.00994899997022003,1,8192,855842,2,1.711476,14610,,
akciğer grafisi (COVID-QU-Ex),2567,1,4,paket,0.010041599976830184,1,8192,855686,2,1.711476,11559,,
akciğer grafisi (COVID-QU-Ex),2604,1,3,paket,0.01016519998665899,1,8192,855063,2,1.711476,13505,,
akciğer grafisi (COVID-QU-Ex),2616,1,3,paket,0.010608099983073771,1,8192,855398,2,1.711476,11627,,
akciğer grafisi (COVID-QU-Ex),2626,1,0,paket,0.009976599947549403,1,8192,855391,2,1.711476,12323,,
akciğer grafisi (COVID-QU-Ex),2645,1,0,paket,0.010094100027345121,1,8192,855529,2,1.711476,14076,,
akciğer grafisi (COVID-QU-Ex),2646,1,1,paket,0.010070099961012602,1,8192,855348,3,2.567214,16983,,
akciğer grafisi (COVID-QU-Ex),2652,1,2,paket,0.010067899944260716,1,8192,855261,2,1.711476,14327,,
akciğer grafisi (COVID-QU-Ex),2672,1,1,paket,0.010770999942906201,1,8192,855526,2,1.711476,13336,,
akciğer grafisi (COVID-QU-Ex),2689,1,3,paket,0.01006000000052154,1,8192,855381,2,1.711476,12308,,
akciğer grafisi (COVID-QU-Ex),2698,1,1,paket,0.010206100065261126,1,8192,855331,3,2.567214,20502,,
akciğer grafisi (COVID-QU-Ex),2726,1,0,paket,0.01109130005352199,1,8192,855770,2,1.711476,14902,,
akciğer grafisi (COVID-QU-Ex),2728,1,0,paket,0.010141099919565022,1,8192,855288,3,2.567214,16880,,
akciğer grafisi (COVID-QU-Ex),2740,1,4,paket,0.009982399991713464,1,8192,856084,3,2.567214,16890,,
akciğer grafisi (COVID-QU-Ex),2759,1,0,paket,0.010222099954262376,1,8192,855374,2,1.711476,15985,,
akciğer grafisi (COVID-QU-Ex),2765,1,0,paket,0.010046000010333955,1,8192,855809,3,2.567214,24135,,
akciğer grafisi (COVID-QU-Ex),2786,1,3,paket,0.009914999944157898,1,8192,856056,2,1.711476,16144,,
akciğer grafisi (COVID-QU-Ex),2787,1,0,paket,0.010525599936954677,1,8192,855602,2,1.711476,11533,,
akciğer grafisi (COVID-QU-Ex),2848,1,0,paket,0.01010320009663701,1,8192,855903,2,1.711476,11727,,
akciğer grafisi (COVID-QU-Ex),2869,1,1,paket,0.009882600046694279,1,8192,855558,2,1.711476,12016,,
akciğer grafisi (COVID-QU-Ex),2871,1,2,paket,0.010072400094941258,1,8192,855242,2,1.711476,13849,,
akciğer grafisi (COVID-QU-Ex),2878,1,1,paket,0.009909400017932057,1,8192,855276,2,1.711476,12260,,
akciğer grafisi (COVID-QU-Ex),2881,1,3,paket,0.010133799980394542,1,8192,855732,2,1.711476,15354,,
akciğer grafisi (COVID-QU-Ex),2895,1,2,paket,0.010320500005036592,1,8192,856032,2,1.711476,15966,,
akciğer grafisi (COVID-QU-Ex),2906,1,2,paket,0.01003640005365014,1,8192,855645,2,1.711476,12936,,
akciğer grafisi (COVID-QU-Ex),2907,1,3,paket,0.00994579994585365,1,8192,855313,2,1.711476,11623,,
akciğer grafisi (COVID-QU-Ex),2925,1,1,paket,0.010049600037746131,1,8192,855935,2,1.711476,11880,,
akciğer grafisi (COVID-QU-Ex),2948,1,2,paket,0.010192399960942566,1,8192,855383,2,1.711476,12528,,
akciğer grafisi (COVID-QU-Ex),2983,1,2,paket,0.010023999959230423,1,8192,854412,3,2.567214,17318,,
akciğer grafisi (COVID-QU-Ex),3029,1,1,paket,0.010314699960872531,1,8192,855306,2,1.711476,13850,,
akciğer grafisi (COVID-QU-Ex),3109,1,2,paket,0.010513999965041876,1,8192,855284,2,1.711476,12579,,
akciğer grafisi (COVID-QU-Ex),3113,1,0,paket,0.010199200012721121,1,8192,855191,2,1.711476,13706,,
akciğer grafisi (COVID-QU-Ex),3114,1,3,paket,0.010314700077287853,1,8192,856100,2,1.711476,14100,,
akciğer grafisi (COVID-QU-Ex),3116,1,3,paket,0.009902400081045926,1,8192,854253,3,2.567214,18637,,
akciğer grafisi (COVID-QU-Ex),3122,1,0,paket,0.010283299954608083,1,8192,855936,2,1.711476,14158,,
akciğer grafisi (COVID-QU-Ex),3124,1,0,paket,0.010793699999339879,1,8192,856117,2,1.711476,9582,,
akciğer grafisi (COVID-QU-Ex),3134,1,2,paket,0.009943699929863214,1,8192,856077,3,2.567214,20320,,
akciğer grafisi (COVID-QU-Ex),3146,1,3,paket,0.01046899997163564,1,8192,856020,2,1.711476,13045,,
akciğer grafisi (COVID-QU-Ex),3153,1,3,paket,0.010123500018380582,1,8192,856085,3,2.567214,16540,,
akciğer grafisi (COVID-QU-Ex),3176,1,1,paket,0.010285399970598519,1,8192,855490,2,1.711476,15628,,
akciğer grafisi (COVID-QU-Ex),3192,1,1,paket,0.01112829998601228,1,8192,853877,2,1.711476,15014,,
akciğer grafisi (COVID-QU-Ex),3196,1,2,paket,0.010928799980320036,1,8192,855934,2,1.711476,15755,,
akciğer grafisi (COVID-QU-Ex),3198,1,3,paket,0.0102099000941962,1,8192,855510,2,1.711476,11274,,
akciğer grafisi (COVID-QU-Ex),3220,1,0,paket,0.010648600058630109,1,8192,855752,2,1.711476,11405,,
akciğer grafisi (COVID-QU-Ex),3221,1,3,paket,0.00998750003054738,1,8192,856050,2,1.711476,12744,,
akciğer grafisi (COVID-QU-Ex),3245,1,1,paket,0.009991900064051151,1,8192,856043,2,1.711476,10195,,
akciğer grafisi (COVID-QU-Ex),3269,1,4,paket,0.009952599997632205,1,8192,855940,1,0.855738,6579,,
akciğer grafisi (COVID-QU-Ex),3279,1,4,paket,0.010901000001467764,1,8192,855543,2,1.711476,14453,,
akciğer grafisi (COVID-QU-Ex),3287,1,4,paket,0.010008799959905446,1,8192,856158,2,1.711476,13382,,
akciğer grafisi (COVID-QU-Ex),3289,1,2,paket,0.01000250002834946,1,8192,855229,3,2.567214,16700,,
akciğer grafisi (COVID-QU-Ex),3310,1,3,paket,0.009918299969285727,1,8192,855286,2,1.711476,12112,,
akciğer grafisi (COVID-QU-Ex),3314,1,1,paket,0.009941499913111329,1,8192,855157,2,1.711476,11222,,
akciğer grafisi (COVID-QU-Ex),3323,1,2,paket,0.00998159998562187,1,8192,855363,2,1.711476,15803,,
akciğer grafisi (COVID-QU-Ex),3335,1,1,paket,0.01051489997189492,1,8192,855456,2,1.711476,11190,,
akciğer grafisi (COVID-QU-Ex),3340,1,4,paket,0.010779400006867945,1,8192,855866,2,1.711476,14168,,
akciğer grafisi (COVID-QU-Ex),3341,1,2,paket,0.012686099973507226,1,8192,855500,2,1.711476,15673,,
akciğer grafisi (COVID-QU-Ex),3347,1,3,paket,0.009986800025217235,1,8192,855505,2,1.711476,12757,,
akciğer grafisi (COVID-QU-Ex),3357,1,2,paket,0.010820600087754428,1,8192,856036,3,2.567214,16544,,
akciğer grafisi (COVID-QU-Ex),3363,1,4,paket,0.009986300021409988,1,8192,856089,2,1.711476,10366,,
akciğer grafisi (COVID-QU-Ex),3374,1,0,paket,0.010112399933859706,1,8192,855210,2,1.711476,12845,,
akciğer grafisi (COVID-QU-Ex),3384,1,4,paket,0.010016000014729798,1,8192,855385,2,1.711476,13616,,
akciğer grafisi (COVID-QU-Ex),3429,1,4,paket,0.01023939996957779,1,8192,855487,2,1.711476,14440,,
akciğer grafisi (COVID-QU-Ex),3430,1,1,paket,0.010634999955072999,1,8192,855175,3,2.567214,23393,,
akciğer grafisi (COVID-QU-Ex),3493,1,0,paket,0.01037130004260689,1,8192,855695,2,1.711476,12293,,
akciğer grafisi (COVID-QU-Ex),3495,1,4,paket,0.011101100011728704,1,8192,855973,2,1.711476,9773,,
akciğer grafisi (COVID-QU-Ex),3516,1,2,paket,0.010392400086857378,1,8192,855787,2,1.711476,14860,,
akciğer grafisi (COVID-QU-Ex),3523,1,3,paket,0.010259900009259582,1,8192,856044,2,1.711476,12049,,
akciğer grafisi (COVID-QU-Ex),3547,1,4,paket,0.01009549992159009,1,8192,855795,2,1.711476,15791,,
akciğer grafisi (COVID-QU-Ex),3591,1,1,paket,0.009987800032831728,1,8192,855272,2,1.711476,12083,,
akciğer grafisi (COVID-QU-Ex),3621,1,4,paket,0.00998149998486042,1,8192,855384,2,1.711476,10735,,
akciğer grafisi (COVID-QU-Ex),3663,1,0,paket,0.009979000082239509,1,8192,856211,2,1.711476,14104,,
akciğer grafisi (COVID-QU-Ex),3668,1,2,paket,0.010001500020734966,1,8192,856184,2,1.711476,11750,,
akciğer grafisi (COVID-QU-Ex),3670,1,2,paket,0.009958200040273368,1,8192,855602,3,2.567214,17116,,
akciğer grafisi (COVID-QU-Ex),3673,1,2,paket,0.010059399995952845,1,8192,855498,2,1.711476,12216,,
akciğer grafisi (COVID-QU-Ex),3681,1,4,paket,0.010142800048924983,1,8192,855316,2,1.711476,14395,,
akciğer grafisi (COVID-QU-Ex),3708,1,0,paket,0.010652399971149862,1,8192,856160,2,1.711476,15949,,
akciğer grafisi (COVID-QU-Ex),3719,1,4,paket,0.00998760003130883,1,8192,856113,3,2.567214,17499,,
akciğer grafisi (COVID-QU-Ex),3725,1,0,paket,0.010721500031650066,1,8192,855867,2,1.711476,11435,,
akciğer grafisi (COVID-QU-Ex),3727,1,1,paket,0.010154099902138114,1,8192,855914,2,1.711476,11773,,
akciğer grafisi (COVID-QU-Ex),3728,1,2,paket,0.010469799977727234,1,8192,856077,2,1.711476,13397,,
akciğer grafisi (COVID-QU-Ex),3741,1,1,paket,0.009860999998636544,1,8192,855536,2,1.711476,10158,,
akciğer grafisi (COVID-QU-Ex),3744,1,4,paket,0.009968400001525879,1,8192,855952,2,1.711476,15951,,
akciğer grafisi (COVID-QU-Ex),3752,1,0,paket,0.009992499952204525,1,8192,855315,2,1.711476,13399,,
akciğer grafisi (COVID-QU-Ex),3764,1,1,paket,0.009878800017759204,1,8192,855692,2,1.711476,15614,,
akciğer grafisi (COVID-QU-Ex),3775,1,0,paket,0.010339200031012297,1,8192,856027,2,1.711476,11519,,
akciğer grafisi (COVID-QU-Ex),3780,1,1,paket,0.010471699992194772,1,8192,856084,2,1.711476,12605,,
akciğer grafisi (COVID-QU-Ex),3785,1,3,paket,0.010929299984127283,1,8192,855650,3,2.567214,17485,,
akciğer grafisi (COVID-QU-Ex),3786,1,0,paket,0.009916599956341088,1,8192,855772,3,2.567214,16599,,
akciğer grafisi (COVID-QU-Ex),3815,1,4,paket,0.010014700004830956,1,8192,856129,2,1.711476,12825,,
akciğer grafisi (COVID-QU-Ex),3823,1,0,paket,0.010023099952377379,1,8192,855976,2,1.711476,11868,,
akciğer grafisi (COVID-QU-Ex),3827,1,1,paket,0.010052299941889942,1,8192,856095,2,1.711476,13606,,
akciğer grafisi (COVID-QU-Ex),3830,1,0,paket,0.010197700001299381,1,8192,855439,2,1.711476,15165,,
akciğer grafisi (COVID-QU-Ex),3835,1,4,paket,0.010132399969734251,1,8192,855986,2,1.711476,13824,,
akciğer grafisi (COVID-QU-Ex),3842,1,1,paket,0.00994289992377162,1,8192,856199,2,1.711476,13540,,
akciğer grafisi (COVID-QU-Ex),3858,1,4,paket,0.010345799964852631,1,8192,855172,3,2.567214,16876,,
akciğer grafisi (COVID-QU-Ex),3864,1,0,paket,0.01285589998587966,1,8192,856033,2,1.711476,10277,,
akciğer grafisi (COVID-QU-Ex),3869,1,4,paket,0.010944999987259507,1,8192,855301,2,1.711476,12601,,
akciğer grafisi (COVID-QU-Ex),3897,1,0,paket,0.010551900020800531,1,8192,856207,3,2.567214,18524,,
akciğer grafisi (COVID-QU-Ex),3901,1,1,paket,0.009865700034424663,1,8192,855331,3,2.567214,17735,,
akciğer grafisi (COVID-QU-Ex),3918,1,0,paket,0.010099900071509182,1,8192,855440,2,1.711476,11077,,
akciğer grafisi (COVID-QU-Ex),3938,1,4,paket,0.009974199929274619,1,8192,855259,2,1.711476,13293,,
akciğer grafisi (COVID-QU-Ex),3965,1,0,paket,0.010041299974545836,1,8192,855270,2,1.711476,11231,,
akciğer grafisi (COVID-QU-Ex),3966,1,0,paket,0.010023699956946075,1,8192,856221,2,1.711476,15978,,
akciğer grafisi (COVID-QU-Ex),3967,1,1,paket,0.010045500006526709,1,8192,856130,2,1.711476,12051,,
akciğer grafisi (COVID-QU-Ex),3980,1,3,paket,0.00992540002334863,1,8192,855357,2,1.711476,11939,,
akciğer grafisi (COVID-QU-Ex),3999,1,2,paket,0.010331699973903596,1,8192,856259,2,1.711476,16081,,
akciğer grafisi (COVID-QU-Ex),4020,1,3,paket,0.010189700056798756,1,8192,855784,3,2.567214,17390,,
akciğer grafisi (COVID-QU-Ex),4030,1,0,paket,0.010124400025233626,1,8192,855253,3,2.567214,18915,,
akciğer grafisi (COVID-QU-Ex),4042,1,3,paket,0.009922700002789497,1,8192,855089,2,1.711476,8989,,
akciğer grafisi (COVID-QU-Ex),4057,1,1,paket,0.010199000011198223,1,8192,855380,3,2.567214,17866,,
akciğer grafisi (COVID-QU-Ex),4063,1,4,paket,0.01001839991658926,1,8192,855270,3,2.567214,17655,,
akciğer grafisi (COVID-QU-Ex),4064,1,0,paket,0.0103428999427706,1,8192,855672,2,1.711476,9325,,
akciğer grafisi (COVID-QU-Ex),4072,1,3,paket,0.009942500037141144,1,8192,855447,2,1.711476,9226,,
akciğer grafisi (COVID-QU-Ex),4082,1,1,paket,0.009921199991367757,1,8192,855354,2,1.711476,14773,,
akciğer grafisi (COVID-QU-Ex),4087,1,3,paket,0.009959599934518337,1,8192,855618,1,0.855738,6030,,
akciğer grafisi (COVID-QU-Ex),4099,1,0,paket,0.010013599996455014,1,8192,856391,2,1.711476,9922,,
akciğer grafisi (COVID-QU-Ex),4120,1,3,paket,0.010156900039874017,1,8192,855455,2,1.711476,15271,,
akciğer grafisi (COVID-QU-Ex),4133,1,4,paket,0.01034589996561408,1,8192,855508,2,1.711476,9400,,
akciğer grafisi (COVID-QU-Ex),4168,1,0,paket,0.010009999969042838,1,8192,855304,2,1.711476,11828,,
akciğer grafisi (COVID-QU-Ex),4179,1,2,paket,0.01001730002462864,1,8192,854449,3,2.567214,19535,,
akciğer grafisi (COVID-QU-Ex),4183,1,4,paket,0.009941300028003752,1,8192,856227,2,1.711476,11078,,
akciğer grafisi (COVID-QU-Ex),4198,1,3,paket,0.009984300006181002,1,8192,855268,3,2.567214,18113,,
akciğer grafisi (COVID-QU-Ex),4200,1,3,paket,0.01008969999384135,1,8192,855848,2,1.711476,10104,,
akciğer grafisi (COVID-QU-Ex),4210,1,0,paket,0.01013099995907396,1,8192,855290,2,1.711476,10075,,
akciğer grafisi (COVID-QU-Ex),4232,1,1,paket,0.010315399966202676,1,8192,856110,2,1.711476,14014,,
akciğer grafisi (COVID-QU-Ex),4239,1,0,paket,0.010615500039421022,1,8192,855155,2,1.711476,13631,,
akciğer grafisi (COVID-QU-Ex),4249,1,2,paket,0.01019950001500547,1,8192,855348,3,2.567214,23663,,
akciğer grafisi (COVID-QU-Ex),4252,1,2,paket,0.010086299967952073,1,8192,855384,2,1.711476,14286,,
akciğer grafisi (COVID-QU-Ex),4272,1,1,paket,0.010074399993754923,1,8192,855738,2,1.711476,11831,,
akciğer grafisi (COVID-QU-Ex),4273,1,0,paket,0.010323600028641522,1,8192,855259,3,2.567214,17875,,
akciğer grafisi (COVID-QU-Ex),4274,1,1,paket,0.010221899952739477,1,8192,855532,2,1.711476,15902,,
akciğer grafisi (COVID-QU-Ex),4288,1,2,paket,0.010197399999015033,1,8192,855985,2,1.711476,15918,,
akciğer grafisi (COVID-QU-Ex),4292,1,1,paket,0.010386000038124621,1,8192,855232,2,1.711476,13466,,
akciğer grafisi (COVID-QU-Ex),4300,1,1,paket,0.00998009997420013,1,8192,855283,3,2.567214,20716,,
akciğer grafisi (COVID-QU-Ex),4305,1,0,paket,0.010485699982382357,1,8192,855097,2,1.711476,13535,,
akciğer grafisi (COVID-QU-Ex),4325,1,3,paket,0.009996199980378151,1,8192,855275,2,1.711476,10141,,
akciğer grafisi (COVID-QU-Ex),4337,1,4,paket,0.009943899931386113,1,8192,855916,2,1.711476,13725,,
akciğer grafisi (COVID-QU-Ex),4357,1,0,paket,0.01019050006289035,1,8192,856071,2,1.711476,10780,,
akciğer grafisi (COVID-QU-Ex),4365,1,3,paket,0.009961900068446994,1,8192,855973,2,1.711476,14788,,
akciğer grafisi (COVID-QU-Ex),4368,1,4,paket,0.010211000102572143,1,8192,855065,2,1.711476,10323,,
akciğer grafisi (COVID-QU-Ex),4403,1,2,paket,0.011090200045146048,1,8192,855927,2,1.711476,9259,,
akciğer grafisi (COVID-QU-Ex),4414,1,1,paket,0.010157300042919815,1,8192,855385,2,1.711476,15280,,
akciğer grafisi (COVID-QU-Ex),4419,1,0,paket,0.009892300004139543,1,8192,855894,2,1.711476,13412,,
akciğer grafisi (COVID-QU-Ex),4427,1,2,paket,0.0099922000663355,1,8192,856076,3,2.567214,21567,,
akciğer grafisi (COVID-QU-Ex),4436,1,4,paket,0.009907300001941621,1,8192,855377,2,1.711476,14196,,
akciğer grafisi (COVID-QU-Ex),4450,1,1,paket,0.009894700022414327,1,8192,856065,2,1.711476,10561,,
akciğer grafisi (COVID-QU-Ex),4452,1,4,paket,0.009910900029353797,1,8192,855689,2,1.711476,10085,,
akciğer grafisi (COVID-QU-Ex),4461,1,0,paket,0.010169600020162761,1,8192,856130,2,1.711476,13134,,
akciğer grafisi (COVID-QU-Ex),4480,1,1,paket,0.01008059992454946,1,8192,855355,2,1.711476,9854,,
akciğer grafisi (COVID-QU-Ex),4499,1,2,paket,0.010190900065936148,1,8192,855587,2,1.711476,12210,,
akciğer grafisi (COVID-QU-Ex),4506,1,3,paket,0.009960000053979456,1,8192,856077,2,1.711476,13454,,
akciğer grafisi (COVID-QU-Ex),4507,1,3,paket,0.010140399914234877,1,8192,855997,2,1.711476,13182,,
akciğer grafisi (COVID-QU-Ex),4516,1,3,paket,0.009997999994084239,1,8192,856089,3,2.567214,18299,,
akciğer grafisi (COVID-QU-Ex),4527,1,0,paket,0.009999700007028878,1,8192,856038,2,1.711476,11244,,
akciğer grafisi (COVID-QU-Ex),4543,1,1,paket,0.010118799982592463,1,8192,855994,2,1.711476,13155,,
akciğer grafisi (COVID-QU-Ex),4546,1,3,paket,0.01015800004824996,1,8192,855852,2,1.711476,11020,,
akciğer grafisi (COVID-QU-Ex),4552,1,1,paket,0.010305400006473064,1,8192,856147,3,2.567214,16735,,
akciğer grafisi (COVID-QU-Ex),4560,1,1,paket,0.010131999966688454,1,8192,855103,2,1.711476,8802,,
akciğer grafisi (COVID-QU-Ex),4571,1,2,paket,0.010078400024212897,1,8192,856059,2,1.711476,12061,,
akciğer grafisi (COVID-QU-Ex),4577,1,2,paket,0.009988100035116076,1,8192,855807,2,1.711476,13745,,
akciğer grafisi (COVID-QU-Ex),4595,1,4,paket,0.011844600085169077,1,8192,855164,1,0.855738,6591,,
akciğer grafisi (COVID-QU-Ex),4606,1,2,paket,0.010282800067216158,1,8192,855330,2,1.711476,8339,,
akciğer grafisi (COVID-QU-Ex),4612,1,2,paket,0.010062900022603571,1,8192,855002,2,1.711476,9766,,
akciğer grafisi (COVID-QU-Ex),4625,1,1,paket,0.010299499961547554,1,8192,855439,3,2.567214,16889,,
akciğer grafisi (COVID-QU-Ex),4647,1,4,paket,0.010199800017289817,1,8192,855314,3,2.567214,19029,,
akciğer grafisi (COVID-QU-Ex),4667,2,4,paket,0.010030899895355105,1,8192,855657,3,2.567214,19357,,
akciğer grafisi (COVID-QU-Ex),4672,2,4,paket,0.010638999985530972,1,8192,855567,2,1.711476,11779,,
akciğer grafisi (COVID-QU-Ex),4673,2,2,paket,0.01077450008597225,1,8192,855994,3,2.567214,22004,,
akciğer grafisi (COVID-QU-Ex),4677,2,2,paket,0.009969400009140372,1,8192,856222,2,1.711476,16163,,
akciğer grafisi (COVID-QU-Ex),4685,2,3,paket,0.010004800045862794,1,8192,855674,2,1.711476,10772,,
akciğer grafisi (COVID-QU-Ex),4692,2,0,paket,0.010293400031514466,1,8192,855609,2,1.711476,11727,,
akciğer grafisi (COVID-QU-Ex),4694,2,3,paket,0.010375099955126643,1,8192,855913,3,2.567214,17193,,
akciğer grafisi (COVID-QU-Ex),4721,2,0,paket,0.01000530004967004,1,8192,855192,3,2.567214,20559,,
akciğer grafisi (COVID-QU-Ex),4743,2,0,paket,0.010904900031164289,1,8192,855262,3,2.567214,22569,,
akciğer grafisi (COVID-QU-Ex),4747,2,1,paket,0.010186700033955276,1,8192,856261,2,1.711476,13839,,
akciğer grafisi (COVID-QU-Ex),4750,2,4,paket,0.010156800039112568,1,8192,855801,3,2.567214,17232,,
akciğer grafisi (COVID-QU-Ex),4757,2,0,paket,0.01001410000026226,1,8192,856073,3,2.567214,18181,,
akciğer grafisi (COVID-QU-Ex),4765,2,1,paket,0.0102764000184834,1,8192,855000,3,2.567214,19275,,
akciğer grafisi (COVID-QU-Ex),4767,2,2,paket,0.010015000007115304,1,8192,855431,3,2.567214,20946,,
akciğer grafisi (COVID-QU-Ex),4783,2,4,paket,0.010076700011268258,1,8192,856169,2,1.711476,15759,,
akciğer grafisi (COVID-QU-Ex),4787,2,1,paket,0.010189599939621985,1,8192,855891,3,2.567214,16984,,
akciğer grafisi (COVID-QU-Ex),4795,2,2,paket,0.010153100010938942,1,8192,855269,3,2.567214,19960,,
akciğer grafisi (COVID-QU-Ex),4796,2,0,paket,0.009733399958349764,1,8192,855306,2,1.711476,16310,,
akciğer grafisi (COVID-QU-Ex),4798,2,0,paket,0.011845499975606799,1,8192,854633,3,2.567214,18951,,
akciğer grafisi (COVID-QU-Ex),4821,2,1,paket,0.010031400015577674,1,8192,855392,3,2.567214,22686,,
akciğer grafisi (COVID-QU-Ex),4825,2,3,paket,0.010760199977084994,1,8192,855932,3,2.567214,20790,,
akciğer grafisi (COVID-QU-Ex),4832,2,2,paket,0.010127799934707582,1,8192,856088,2,1.711476,15757,,
akciğer grafisi (COVID-QU-Ex),4861,2,4,paket,0.010218500043265522,1,8192,856201,3,2.567214,17183,,
akciğer grafisi (COVID-QU-Ex),4862,2,0,paket,0.010231899912469089,1,8192,856079,2,1.711476,15611,,
akciğer grafisi (COVID-QU-Ex),4876,2,0,paket,0.010273799998685718,1,8192,855233,3,2.567214,19215,,
akciğer grafisi (COVID-QU-Ex),4878,2,0,paket,0.009964799974113703,1,8192,855293,2,1.711476,16093,,
akciğer grafisi (COVID-QU-Ex),4882,2,3,paket,0.009992900071665645,1,8192,855354,2,1.711476,10686,,
akciğer grafisi (COVID-QU-Ex),4889,2,4,paket,0.01036529999691993,1,8192,855811,3,2.567214,19335,,
akciğer grafisi (COVID-QU-Ex),4905,2,0,paket,0.01003619993571192,1,8192,855328,3,2.567214,19228,,
akciğer grafisi (COVID-QU-Ex),4906,2,0,paket,0.010044099995866418,1,8192,855292,2,1.711476,15883,,
akciğer grafisi (COVID-QU-Ex),4907,2,3,paket,0.01014149992261082,1,8192,854979,2,1.711476,16214,,
akciğer grafisi (COVID-QU-Ex),4910,2,0,paket,0.01013720000628382,1,8192,856089,3,2.567214,22275,,
akciğer grafisi (COVID-QU-Ex),4923,2,4,paket,0.009916499955579638,1,8192,855253,2,1.711476,15657,,
akciğer grafisi (COVID-QU-Ex),4925,2,4,paket,0.011056100018322468,1,8192,856136,2,1.711476,16228,,
akciğer grafisi (COVID-QU-Ex),4926,2,4,paket,0.01032080000732094,1,8192,856203,3,2.567214,22814,,
akciğer grafisi (COVID-QU-Ex),4934,2,2,paket,0.009941799915395677,1,8192,856104,3,2.567214,18009,,
akciğer grafisi (COVID-QU-Ex),4940,2,1,paket,0.010441899998113513,1,8192,855492,3,2.567214,18970,,
akciğer grafisi (COVID-QU-Ex),4959,2,1,paket,0.010354100028052926,1,8192,855559,3,2.567214,20265,,
akciğer grafisi (COVID-QU-Ex),4974,2,0,paket,0.010447700042277575,1,8192,855527,3,2.567214,16728,,
akciğer grafisi (COVID-QU-Ex),4978,2,4,paket,0.009971900028176606,1,8192,856174,3,2.567214,17252,,
akciğer grafisi (COVID-QU-Ex),4999,2,4,paket,0.01003210002090782,1,8192,856139,3,2.567214,17789,,
akciğer grafisi (COVID-QU-Ex),5000,2,4,paket,0.010742499958723783,1,8192,855816,2,1.711476,15467,,
akciğer grafisi (COVID-QU-Ex),5003,2,1,paket,0.010092500015161932,1,8192,856022,3,2.567214,16845,,
akciğer grafisi (COVID-QU-Ex),5004,2,4,paket,0.01034030003938824,1,8192,855269,3,2.567214,18341,,
akciğer grafisi (COVID-QU-Ex),5010,2,3,paket,0.01040240004658699,1,8192,855552,3,2.567214,21545,,
akciğer grafisi (COVID-QU-Ex),5016,2,0,paket,0.009977000067010522,1,8192,856193,2,1.711476,16074,,
akciğer grafisi (COVID-QU-Ex),5024,2,2,paket,0.009911400033161044,1,8192,855112,3,2.567214,18229,,
akciğer grafisi (COVID-QU-Ex),5025,2,0,paket,0.010015300009399652,1,8192,854830,2,1.711476,15365,,
akciğer grafisi (COVID-QU-Ex),5057,2,3,paket,0.01001109997741878,1,8192,855326,3,2.567214,16975,,
akciğer grafisi (COVID-QU-Ex),5062,2,1,paket,0.009990499936975539,1,8192,855252,3,2.567214,18188,,
akciğer grafisi (COVID-QU-Ex),5064,2,0,paket,0.009982899995520711,1,8192,856221,2,1.711476,15279,,
akciğer grafisi (COVID-QU-Ex),5080,2,1,paket,0.011413399945013225,1,8192,856140,3,2.567214,20978,,
akciğer grafisi (COVID-QU-Ex),5081,2,1,paket,0.01026599993929267,1,8192,855940,2,1.711476,15164,,
akciğer grafisi (COVID-QU-Ex),5091,2,4,paket,0.010078400024212897,1,8192,856123,2,1.711476,9050,,
akciğer grafisi (COVID-QU-Ex),5110,2,2,paket,0.010046300012618303,1,8192,855141,2,1.711476,12566,,
akciğer grafisi (COVID-QU-Ex),5126,2,1,paket,0.010009500081650913,1,8192,856127,3,2.567214,23669,,
akciğer grafisi (COVID-QU-Ex),5127,2,2,paket,0.010037099942564964,1,8192,855612,2,1.711476,15030,,
akciğer grafisi (COVID-QU-Ex),5136,2,4,paket,0.010894999955780804,1,8192,855737,2,1.711476,16288,,
akciğer grafisi (COVID-QU-Ex),5148,2,2,paket,0.010031800018623471,1,8192,855893,2,1.711476,11969,,
akciğer grafisi (COVID-QU-Ex),5166,2,0,paket,0.01003350003156811,1,8192,855273,3,2.567214,20247,,
akciğer grafisi (COVID-QU-Ex),5168,2,0,paket,0.010145300067961216,1,8192,855227,3,2.567214,20969,,
akciğer grafisi (COVID-QU-Ex),5172,2,3,paket,0.010136500000953674,1,8192,855563,2,1.711476,13505,,
akciğer grafisi (COVID-QU-Ex),5176,2,2,paket,0.010644400026649237,1,8192,856296,2,1.711476,9746,,
akciğer grafisi (COVID-QU-Ex),5181,2,0,paket,0.010140699916519225,1,8192,855600,3,2.567214,22579,,
akciğer grafisi (COVID-QU-Ex),5187,2,4,paket,0.01010009995661676,1,8192,855325,2,1.711476,12424,,
akciğer grafisi (COVID-QU-Ex),5201,2,1,paket,0.009846400003880262,1,8192,854948,2,1.711476,12847,,
akciğer grafisi (COVID-QU-Ex),5203,2,0,paket,0.01047919993288815,1,8192,855502,3,2.567214,17964,,
akciğer grafisi (COVID-QU-Ex),5222,2,1,paket,0.010603400063700974,1,8192,856241,2,1.711476,11619,,
akciğer grafisi (COVID-QU-Ex),5227,2,0,paket,0.009969600010663271,1,8192,855746,3,2.567214,22401,,
akciğer grafisi (COVID-QU-Ex),5265,2,2,paket,0.010087099974043667,1,8192,854528,2,1.711476,13610,,
akciğer grafisi (COVID-QU-Ex),5278,2,0,paket,0.010029600001871586,1,8192,855914,3,2.567214,19800,,
akciğer grafisi (COVID-QU-Ex),5283,2,2,paket,0.010011699981987476,1,8192,855976,2,1.711476,13678,,
akciğer grafisi (COVID-QU-Ex),5290,2,3,paket,0.010709000052884221,1,8192,855975,3,2.567214,18631,,
akciğer grafisi (COVID-QU-Ex),5296,2,3,paket,0.010691499919630587,1,8192,855282,2,1.711476,15583,,
akciğer grafisi (COVID-QU-Ex),5339,2,1,paket,0.010345799964852631,1,8192,855229,2,1.711476,14138,,
akciğer grafisi (COVID-QU-Ex),5355,2,3,paket,0.01029580004978925,1,8192,856154,2,1.711476,10351,,
akciğer grafisi (COVID-QU-Ex),5375,2,4,paket,0.010170299909077585,1,8192,855319,2,1.711476,9488,,
akciğer grafisi (COVID-QU-Ex),5382,2,4,paket,0.009867499931715429,1,8192,856122,3,2.567214,20825,,
akciğer grafisi (COVID-QU-Ex),5398,2,1,paket,0.01001570001244545,1,8192,855228,3,2.567214,22766,,
akciğer grafisi (COVID-QU-Ex),5410,2,4,paket,0.009997999994084239,1,8192,855673,2,1.711476,11880,,
akciğer grafisi (COVID-QU-Ex),5415,2,4,paket,0.009967299993149936,1,8192,856024,2,1.711476,13464,,
akciğer grafisi (COVID-QU-Ex),5428,2,1,paket,0.01022589998319745,1,8192,855921,3,2.567214,19845,,
akciğer grafisi (COVID-QU-Ex),5435,2,1,paket,0.010046500014141202,1,8192,855096,2,1.711476,13963,,
akciğer grafisi (COVID-QU-Ex),5440,2,4,paket,0.009881299920380116,1,8192,855481,3,2.567214,21450,,
akciğer grafisi (COVID-QU-Ex),5452,2,2,paket,0.010947900009341538,1,8192,855124,3,2.567214,21985,,
akciğer grafisi (COVID-QU-Ex),5459,2,1,paket,0.009869400062598288,1,8192,856204,3,2.567214,16730,,
akciğer grafisi (COVID-QU-Ex),5467,2,1,paket,0.010362199973315,1,8192,855222,2,1.711476,16032,,
akciğer grafisi (COVID-QU-Ex),5469,2,0,paket,0.010183800011873245,1,8192,856012,3,2.567214,24453,,
akciğer grafisi (COVID-QU-Ex),5476,2,2,paket,0.01108399999793619,1,8192,856170,3,2.567214,17187,,
akciğer grafisi (COVID-QU-Ex),5485,2,4,paket,0.010058399988338351,1,8192,856001,2,1.711476,15265,,
akciğer grafisi (COVID-QU-Ex),5501,2,4,paket,0.010292600025422871,1,8192,855625,2,1.711476,12919,,
akciğer grafisi (COVID-QU-Ex),5533,2,4,paket,0.010224199970252812,1,8192,856086,3,2.567214,17555,,
akciğer grafisi (COVID-QU-Ex),5534,2,4,paket,0.00995330000296235,1,8192,855355,3,2.567214,19832,,
akciğer grafisi (COVID-QU-Ex),5535,2,0,paket,0.010020700050517917,1,8192,855950,2,1.711476,11723,,
akciğer grafisi (COVID-QU-Ex),5543,2,3,paket,0.010024199960753322,1,8192,855975,3,2.567214,16539,,
akciğer grafisi (COVID-QU-Ex),5551,2,2,paket,0.010620699962601066,1,8192,856093,3,2.567214,18366,,
akciğer grafisi (COVID-QU-Ex),5554,2,1,paket,0.010254799970425665,1,8192,855066,2,1.711476,13713,,
akciğer grafisi (COVID-QU-Ex),5557,2,0,paket,0.010221099946647882,1,8192,855207,3,2.567214,16453,,
akciğer grafisi (COVID-QU-Ex),5558,2,1,paket,0.009874299983493984,1,8192,856162,3,2.567214,18367,,
akciğer grafisi (COVID-QU-Ex),5576,2,1,paket,0.009943900047801435,1,8192,855577,3,2.567214,20786,,
akciğer grafisi (COVID-QU-Ex),5602,2,3,paket,0.009954100009053946,1,8192,855365,3,2.567214,18299,,
akciğer grafisi (COVID-QU-Ex),5609,2,2,paket,0.00997849996201694,1,8192,855290,3,2.567214,18201,,
akciğer grafisi (COVID-QU-Ex),5610,2,4,paket,0.01006170001346618,1,8192,854971,3,2.567214,20926,,
akciğer grafisi (COVID-QU-Ex),5614,2,2,paket,0.010101600084453821,1,8192,856200,2,1.711476,14322,,
akciğer grafisi (COVID-QU-Ex),5619,2,0,paket,0.010550899896770716,1,8192,855158,3,2.567214,19518,,
akciğer grafisi (COVID-QU-Ex),5655,2,3,paket,0.010547999991104007,1,8192,856019,3,2.567214,18755,,
akciğer grafisi (COVID-QU-Ex),5659,2,4,paket,0.0101208999985829,1,8192,855245,3,2.567214,16996,,
akciğer grafisi (COVID-QU-Ex),5662,2,1,paket,0.009961399948224425,1,8192,855271,2,1.711476,14564,,
akciğer grafisi (COVID-QU-Ex),5693,2,0,paket,0.010389099945314229,1,8192,855442,3,2.567214,19929,,
akciğer grafisi (COVID-QU-Ex),5710,2,4,paket,0.00996059994213283,1,8192,855359,3,2.567214,20991,,
akciğer grafisi (COVID-QU-Ex),5718,2,3,paket,0.010023499955423176,1,8192,855518,3,2.567214,16664,,
akciğer grafisi (COVID-QU-Ex),5742,2,3,paket,0.009992899955250323,1,8192,855990,2,1.711476,11954,,
akciğer grafisi (COVID-QU-Ex),5756,2,3,paket,0.010152400005608797,1,8192,856010,2,1.711476,10179,,
akciğer grafisi (COVID-QU-Ex),5762,2,2,paket,0.010045000002719462,1,8192,856138,3,2.567214,17341,,
akciğer grafisi (COVID-QU-Ex),5771,2,3,paket,0.015079399920068681,1,8192,855327,3,2.567214,18045,,
akciğer grafisi (COVID-QU-Ex),5772,2,1,paket,0.009899300057440996,1,8192,855689,2,1.711476,13218,,
akciğer grafisi (COVID-QU-Ex),5780,2,4,paket,0.009954200009815395,1,8192,855598,3,2.567214,16411,,
akciğer grafisi (COVID-QU-Ex),5782,2,2,paket,0.010219400050118566,1,8192,856214,3,2.567214,16724,,
akciğer grafisi (COVID-QU-Ex),5783,2,3,paket,0.010329199954867363,1,8192,855389,3,2.567214,17298,,
akciğer grafisi (COVID-QU-Ex),5788,2,4,paket,0.010132999974302948,1,8192,855895,3,2.567214,16845,,
akciğer grafisi (COVID-QU-Ex),5802,2,3,paket,0.010565500007942319,1,8192,854460,3,2.567214,18803,,
akciğer grafisi (COVID-QU-Ex),5812,2,1,paket,0.010066900053061545,1,8192,855883,2,1.711476,13378,,
akciğer grafisi (COVID-QU-Ex),5821,2,0,paket,0.010079700034111738,1,8192,856100,2,1.711476,13679,,
akciğer grafisi (COVID-QU-Ex),5831,2,0,paket,0.010630499920807779,1,8192,855047,4,3.422952,24675,,
akciğer grafisi (COVID-QU-Ex),5853,2,1,paket,0.010093600023537874,1,8192,856142,3,2.567214,17519,,
akciğer grafisi (COVID-QU-Ex),5891,2,3,paket,0.010086199967190623,1,8192,856008,3,2.567214,18299,,
akciğer grafisi (COVID-QU-Ex),5899,2,1,paket,0.010007300064899027,1,8192,856273,3,2.567214,17068,,
akciğer grafisi (COVID-QU-Ex),5903,2,4,paket,0.009934899979270995,1,8192,855158,2,1.711476,13239,,
akciğer grafisi (COVID-QU-Ex),5916,2,1,paket,0.010010499972850084,1,8192,855793,2,1.711476,12005,,
akciğer grafisi (COVID-QU-Ex),5929,2,3,paket,0.010074000107124448,1,8192,856268,3,2.567214,18220,,
akciğer grafisi (COVID-QU-Ex),5930,2,2,paket,0.009955399902537465,1,8192,855644,2,1.711476,15966,,
akciğer grafisi (COVID-QU-Ex),5937,2,2,paket,0.011109399958513677,1,8192,856013,2,1.711476,13588,,
akciğer grafisi (COVID-QU-Ex),5940,2,1,paket,0.010202000034041703,1,8192,855929,2,1.711476,9049,,
akciğer grafisi (COVID-QU-Ex),5953,2,1,paket,0.010190000059083104,1,8192,855703,3,2.567214,19567,,
akciğer grafisi (COVID-QU-Ex),5961,2,4,paket,0.010447200038470328,1,8192,856086,2,1.711476,12122,,
akciğer grafisi (COVID-QU-Ex),5980,2,1,paket,0.009910000022500753,1,8192,855263,3,2.567214,20414,,
akciğer grafisi (COVID-QU-Ex),5999,2,4,paket,0.009826099965721369,1,8192,855445,2,1.711476,15781,,
akciğer grafisi (COVID-QU-Ex),6000,2,3,paket,0.009845599997788668,1,8192,856235,2,1.711476,9194,,
akciğer grafisi (COVID-QU-Ex),6004,2,1,paket,0.010030999896116555,1,8192,855211,4,3.422952,27147,,
akciğer grafisi (COVID-QU-Ex),6012,2,4,paket,0.011457700049504638,1,8192,855811,3,2.567214,17811,,
akciğer grafisi (COVID-QU-Ex),6033,2,0,paket,0.010527599952183664,1,8192,856110,3,2.567214,22759,,
akciğer grafisi (COVID-QU-Ex),6036,2,3,paket,0.010015200008638203,1,8192,855239,3,2.567214,17995,,
akciğer grafisi (COVID-QU-Ex),6039,2,2,paket,0.009987599914893508,1,8192,855690,2,1.711476,10113,,
akciğer grafisi (COVID-QU-Ex),6046,2,3,paket,0.010540000046603382,1,8192,855961,2,1.711476,13528,,
akciğer grafisi (COVID-QU-Ex),6049,2,1,paket,0.009884100058116019,1,8192,855449,3,2.567214,20945,,
akciğer grafisi (COVID-QU-Ex),6050,2,0,paket,0.010148900095373392,1,8192,856125,3,2.567214,16393,,
akciğer grafisi (COVID-QU-Ex),6053,2,1,paket,0.01004680001642555,1,8192,855657,3,2.567214,17821,,
akciğer grafisi (COVID-QU-Ex),6054,2,4,paket,0.01254200004041195,1,8192,855198,2,1.711476,11996,,
akciğer grafisi (COVID-QU-Ex),6078,2,3,paket,0.010043500107713044,1,8192,856083,2,1.711476,13638,,
akciğer grafisi (COVID-QU-Ex),6080,2,1,paket,0.010013999999500811,1,8192,855317,2,1.711476,15954,,
akciğer grafisi (COVID-QU-Ex),6088,2,4,paket,0.010088899987749755,1,8192,855275,3,2.567214,17450,,
akciğer grafisi (COVID-QU-Ex),6092,2,3,paket,0.009925100021064281,1,8192,855240,2,1.711476,15130,,
akciğer grafisi (COVID-QU-Ex),6097,2,2,paket,0.009909899905323982,1,8192,856103,2,1.711476,12144,,
akciğer grafisi (COVID-QU-Ex),6124,2,3,paket,0.009976200060918927,1,8192,855328,3,2.567214,19834,,
akciğer grafisi (COVID-QU-Ex),6127,2,4,paket,0.010094800032675266,1,8192,855376,2,1.711476,13878,,
akciğer grafisi (COVID-QU-Ex),6133,2,4,paket,0.010111600044183433,1,8192,855074,2,1.711476,12370,,
akciğer grafisi (COVID-QU-Ex),6136,2,0,paket,0.010178899974562228,1,8192,856167,2,1.711476,16339,,
akciğer grafisi (COVID-QU-Ex),6156,2,3,paket,0.010485699982382357,1,8192,855964,2,1.711476,15430,,
akciğer grafisi (COVID-QU-Ex),6162,2,4,paket,0.010585100040771067,1,8192,855882,3,2.567214,19014,,
akciğer grafisi (COVID-QU-Ex),6183,2,3,paket,0.009886500076390803,1,8192,856245,3,2.567214,20957,,
akciğer grafisi (COVID-QU-Ex),6187,2,1,paket,0.009911999921314418,1,8192,854811,3,2.567214,23238,,
akciğer grafisi (COVID-QU-Ex),6193,2,0,paket,0.010408999980427325,1,8192,855527,2,1.711476,16353,,
akciğer grafisi (COVID-QU-Ex),6203,2,1,paket,0.01050450000911951,1,8192,856272,3,2.567214,18334,,
akciğer grafisi (COVID-QU-Ex),6204,2,0,paket,0.010179600096307695,1,8192,855918,2,1.711476,10127,,
akciğer grafisi (COVID-QU-Ex),6234,2,2,paket,0.010065300040878356,1,8192,856041,3,2.567214,17141,,
akciğer grafisi (COVID-QU-Ex),6254,2,1,paket,0.01018620003014803,1,8192,855102,3,2.567214,20564,,
akciğer grafisi (COVID-QU-Ex),6262,2,1,paket,0.00991500006057322,1,8192,855329,3,2.567214,20655,,
akciğer grafisi (COVID-QU-Ex),6285,2,3,paket,0.010422599967569113,1,8192,855619,4,3.422952,26698,,
akciğer grafisi (COVID-QU-Ex),6300,2,1,paket,0.01007039996329695,1,8192,856177,2,1.711476,14889,,
akciğer grafisi (COVID-QU-Ex),6325,2,4,paket,0.01101419993210584,1,8192,855940,2,1.711476,12740,,
akciğer grafisi (COVID-QU-Ex),6340,2,1,paket,0.010123400017619133,1,8192,854928,3,2.567214,19095,,
akciğer grafisi (COVID-QU-Ex),6341,2,3,paket,0.010205700062215328,1,8192,855907,2,1.711476,12532,,
akciğer grafisi (COVID-QU-Ex),6342,2,3,paket,0.010035300045274198,1,8192,854830,2,1.711476,11253,,
akciğer grafisi (COVID-QU-Ex),6361,2,1,paket,0.009993200073949993,1,8192,855590,3,2.567214,16402,,
akciğer grafisi (COVID-QU-Ex),6390,2,1,paket,0.010162200080230832,1,8192,855877,2,1.711476,14870,,
akciğer grafisi (COVID-QU-Ex),6401,2,3,paket,0.010192699963226914,1,8192,856155,2,1.711476,11078,,
akciğer grafisi (COVID-QU-Ex),6441,2,2,paket,0.01019940001424402,1,8192,855191,2,1.711476,11445,,
akciğer grafisi (COVID-QU-Ex),6452,2,4,paket,0.009998099994845688,1,8192,855935,2,1.711476,12161,,
akciğer grafisi (COVID-QU-Ex),6456,2,2,paket,0.010003600036725402,1,8192,856137,2,1.711476,10197,,
akciğer grafisi (COVID-QU-Ex),6476,2,3,paket,0.010278500034473836,1,8192,855375,2,1.711476,10930,,
akciğer grafisi (COVID-QU-Ex),6477,2,1,paket,0.010128600057214499,1,8192,855699,2,1.711476,8345,,
akciğer grafisi (COVID-QU-Ex),6488,2,2,paket,0.010228300001472235,1,8192,855390,2,1.711476,14206,,
akciğer grafisi (COVID-QU-Ex),6496,2,3,paket,0.010135399992577732,1,8192,855361,2,1.711476,10025,,
akciğer grafisi (COVID-QU-Ex),6541,2,4,paket,0.010019399924203753,1,8192,854998,2,1.711476,13423,,
akciğer grafisi (COVID-QU-Ex),6547,2,2,paket,0.010143900057300925,1,8192,856173,2,1.711476,15102,,
akciğer grafisi (COVID-QU-Ex),6553,2,0,paket,0.010154800023883581,1,8192,856259,3,2.567214,19094,,
akciğer grafisi (COVID-QU-Ex),6559,2,0,paket,0.01040679996367544,1,8192,855211,2,1.711476,11363,,
akciğer grafisi (COVID-QU-Ex),6571,2,4,paket,0.010744299972429872,1,8192,856165,2,1.711476,14252,,
akciğer grafisi (COVID-QU-Ex),6575,2,0,paket,0.010263700038194656,1,8192,855218,2,1.711476,12952,,
akciğer grafisi (COVID-QU-Ex),6593,2,1,paket,0.010788299958221614,1,8192,855362,3,2.567214,18242,,
akciğer grafisi (COVID-QU-Ex),6603,2,1,paket,0.009904799982905388,1,8192,855342,2,1.711476,9130,,
akciğer grafisi (COVID-QU-Ex),6604,2,0,paket,0.010155899915844202,1,8192,855634,2,1.711476,15705,,
akciğer grafisi (COVID-QU-Ex),6610,2,2,paket,0.00997590005863458,1,8192,855977,2,1.711476,9041,,
akciğer grafisi (COVID-QU-Ex),6615,2,0,paket,0.010232300031930208,1,8192,856134,2,1.711476,15730,,
akciğer grafisi (COVID-QU-Ex),6634,2,2,paket,0.01016519998665899,1,8192,855856,2,1.711476,14133,,
akciğer grafisi (COVID-QU-Ex),6644,2,3,paket,0.009942300035618246,1,8192,856098,2,1.711476,11132,,
akciğer grafisi (COVID-QU-Ex),6645,2,3,paket,0.013025499996729195,1,8192,855941,2,1.711476,15987,,
akciğer grafisi (COVID-QU-Ex),6657,2,2,paket,0.01006150001194328,1,8192,856140,2,1.711476,15301,,
akciğer grafisi (COVID-QU-Ex),6672,2,1,paket,0.010976699995808303,1,8192,855677,2,1.711476,14591,,
akciğer grafisi (COVID-QU-Ex),6711,2,3,paket,0.009963399963453412,1,8192,855302,1,0.855738,7611,,
akciğer grafisi (COVID-QU-Ex),6719,2,2,paket,0.010295500047504902,1,8192,856006,2,1.711476,14882,,
akciğer grafisi (COVID-QU-Ex),6735,2,3,paket,0.009947999962605536,1,8192,856247,3,2.567214,20629,,
akciğer grafisi (COVID-QU-Ex),6752,2,1,paket,0.010542099946178496,1,8192,856017,2,1.711476,12039,,
akciğer grafisi (COVID-QU-Ex),6788,0,4,paket,0.009939300012774765,1,8192,855856,2,1.711476,10250,,
akciğer grafisi (COVID-QU-Ex),6819,0,2,paket,0.010106500005349517,1,8192,855409,2,1.711476,10527,,
akciğer grafisi (COVID-QU-Ex),6846,0,0,paket,0.009946999954991043,1,8192,855337,3,2.567214,20698,,
akciğer grafisi (COVID-QU-Ex),6902,0,3,paket,0.01039049995597452,1,8192,855980,3,2.567214,21333,,
akciğer grafisi (COVID-QU-Ex),6910,0,3,paket,0.009884800063446164,1,8192,855155,2,1.711476,8198,,
akciğer grafisi (COVID-QU-Ex),6929,0,3,paket,0.009944899939000607,1,8192,855363,2,1.711476,13659,,
akciğer grafisi (COVID-QU-Ex),6931,0,1,paket,0.010191699955612421,1,8192,855170,3,2.567214,19216,,
akciğer grafisi (COVID-QU-Ex),6951,0,3,paket,0.010405799956060946,1,8192,855394,2,1.711476,14002,,
akciğer grafisi (COVID-QU-Ex),6960,0,0,paket,0.009869899949990213,1,8192,855342,2,1.711476,8253,,
akciğer grafisi (COVID-QU-Ex),6968,0,3,paket,0.010097599937580526,1,8192,855266,4,3.422952,26360,,
akciğer grafisi (COVID-QU-Ex),6976,0,2,paket,0.010744199971668422,1,8192,856114,3,2.567214,17939,,
akciğer grafisi (COVID-QU-Ex),6997,0,1,paket,0.010788599960505962,1,8192,855367,2,1.711476,12110,,
akciğer grafisi (COVID-QU-Ex),7035,0,4,paket,0.00994579994585365,1,8192,855619,4,3.422952,25047,,
akciğer grafisi (COVID-QU-Ex),7042,0,4,paket,0.010274000000208616,1,8192,856172,2,1.711476,10607,,
akciğer grafisi (COVID-QU-Ex),7055,0,3,paket,0.010074199992232025,1,8192,856264,3,2.567214,18238,,
akciğer grafisi (COVID-QU-Ex),7078,0,4,paket,0.009855400072410703,1,8192,856230,3,2.567214,22928,,
akciğer grafisi (COVID-QU-Ex),7087,0,2,paket,0.010409499984234571,1,8192,856026,2,1.711476,14792,,
akciğer grafisi (COVID-QU-Ex),7091,0,2,paket,0.010004799929447472,1,8192,855391,3,2.567214,21218,,
akciğer grafisi (COVID-QU-Ex),7095,0,4,paket,0.010475099901668727,1,8192,856262,2,1.711476,12873,,
akciğer grafisi (COVID-QU-Ex),7107,0,0,paket,0.009985300013795495,1,8192,855695,1,0.855738,7628,,
akciğer grafisi (COVID-QU-Ex),7123,0,3,paket,0.010245500016026199,1,8192,855621,2,1.711476,14399,,
akciğer grafisi (COVID-QU-Ex),7124,0,0,paket,0.010524300043471158,1,8192,855821,3,2.567214,23568,,
akciğer grafisi (COVID-QU-Ex),7168,0,4,paket,0.010348800104111433,1,8192,856151,2,1.711476,15494,,
akciğer grafisi (COVID-QU-Ex),7203,0,4,paket,0.01006879995111376,1,8192,855264,4,3.422952,26627,,
akciğer grafisi (COVID-QU-Ex),7221,0,4,paket,0.010778500000014901,1,8192,855366,2,1.711476,11489,,
akciğer grafisi (COVID-QU-Ex),7230,0,0,paket,0.010185000021010637,1,8192,855361,2,1.711476,13140,,
akciğer grafisi (COVID-QU-Ex),7249,0,0,paket,0.010066900053061545,1,8192,856092,4,3.422952,24963,,
akciğer grafisi (COVID-QU-Ex),7258,0,0,paket,0.00986460002604872,1,8192,856163,3,2.567214,18960,,
akciğer grafisi (COVID-QU-Ex),7269,0,2,paket,0.010106700006872416,1,8192,856121,2,1.711476,11893,,
akciğer grafisi (COVID-QU-Ex),7277,0,4,paket,0.010241299984045327,1,8192,856097,2,1.711476,16063,,
akciğer grafisi (COVID-QU-Ex),7327,0,2,paket,0.009952599997632205,1,8192,856205,4,3.422952,26631,,
akciğer grafisi (COVID-QU-Ex),7342,0,4,paket,0.018270800006575882,1,8192,856043,3,2.567214,20245,,
akciğer grafisi (COVID-QU-Ex),7378,0,1,paket,0.009982299990952015,1,8192,855809,2,1.711476,14733,,
akciğer grafisi (COVID-QU-Ex),7380,0,2,paket,0.009962200070731342,1,8192,855941,4,3.422952,27802,,
akciğer grafisi (COVID-QU-Ex),7386,0,1,paket,0.010031300014816225,1,8192,855774,3,2.567214,20338,,
akciğer grafisi (COVID-QU-Ex),7407,0,3,paket,0.009957899921573699,1,8192,855324,3,2.567214,20233,,
akciğer grafisi (COVID-QU-Ex),7416,0,2,paket,0.009961100062355399,1,8192,855895,2,1.711476,16018,,
akciğer grafisi (COVID-QU-Ex),7423,0,0,paket,0.010022499947808683,1,8192,855624,3,2.567214,17254,,
akciğer grafisi (COVID-QU-Ex),7425,0,2,paket,0.011008000001311302,1,8192,855244,3,2.567214,19701,,
akciğer grafisi (COVID-QU-Ex),7440,0,2,paket,0.010051100049167871,1,8192,855674,2,1.711476,14378,,
akciğer grafisi (COVID-QU-Ex),7456,0,1,paket,0.010409199981950223,1,8192,855129,2,1.711476,15199,,
akciğer grafisi (COVID-QU-Ex),7483,0,3,paket,0.010304399998858571,1,8192,856112,2,1.711476,11357,,
akciğer grafisi (COVID-QU-Ex),7499,0,3,paket,0.010201300028711557,1,8192,856231,2,1.711476,15769,,
akciğer grafisi (COVID-QU-Ex),7517,0,0,paket,0.010216000024229288,1,8192,856083,2,1.711476,13004,,
akciğer grafisi (COVID-QU-Ex),7519,0,0,paket,0.010168600012548268,1,8192,856152,2,1.711476,11305,,
akciğer grafisi (COVID-QU-Ex),7524,0,3,paket,0.010049399919807911,1,8192,855362,2,1.711476,13699,,
akciğer grafisi (COVID-QU-Ex),7529,0,0,paket,0.010526499943807721,1,8192,855389,2,1.711476,10570,,
akciğer grafisi (COVID-QU-Ex),7533,0,3,paket,0.009977600071579218,1,8192,855323,3,2.567214,20015,,
akciğer grafisi (COVID-QU-Ex),7537,0,0,paket,0.010051700053736567,1,8192,856112,3,2.567214,20494,,
akciğer grafisi (COVID-QU-Ex),7550,0,2,paket,0.013064299942925572,1,8192,856022,3,2.567214,17483,,
akciğer grafisi (COVID-QU-Ex),7563,0,2,paket,0.010553100029937923,1,8192,856116,3,2.567214,23955,,
akciğer grafisi (COVID-QU-Ex),7570,0,1,paket,0.009981799987144768,1,8192,856117,4,3.422952,29528,,
akciğer grafisi (COVID-QU-Ex),7573,0,1,paket,0.009949899977073073,1,8192,855295,2,1.711476,14093,,
akciğer grafisi (COVID-QU-Ex),7582,0,4,paket,0.010039300075732172,1,8192,855958,2,1.711476,15109,,
akciğer grafisi (COVID-QU-Ex),7584,0,2,paket,0.010255799978040159,1,8192,856151,2,1.711476,13377,,
akciğer grafisi (COVID-QU-Ex),7617,0,1,paket,0.009883700055070221,1,8192,856024,2,1.711476,13180,,
akciğer grafisi (COVID-QU-Ex),7619,0,0,paket,0.011957800015807152,1,8192,856125,3,2.567214,17370,,
akciğer grafisi (COVID-QU-Ex),7627,0,2,paket,0.009903999976813793,1,8192,856072,1,0.855738,7534,,
akciğer grafisi (COVID-QU-Ex),7644,0,3,paket,0.010091400006785989,1,8192,856065,3,2.567214,20651,,
akciğer grafisi (COVID-QU-Ex),7648,0,1,paket,0.010103399981744587,1,8192,856075,4,3.422952,26854,,
akciğer grafisi (COVID-QU-Ex),7664,0,3,paket,0.009892200003378093,1,8192,856027,2,1.711476,13257,,
akciğer grafisi (COVID-QU-Ex),7701,0,0,paket,0.010002200026065111,1,8192,856195,2,1.711476,9544,,
akciğer grafisi (COVID-QU-Ex),7703,0,4,paket,0.010602599941194057,1,8192,854898,2,1.711476,11349,,
akciğer grafisi (COVID-QU-Ex),7715,0,0,paket,0.009994600084610283,1,8192,855098,2,1.711476,14183,,
akciğer grafisi (COVID-QU-Ex),7720,0,3,paket,0.01022890000604093,1,8192,856257,2,1.711476,15898,,
akciğer grafisi (COVID-QU-Ex),7738,0,3,paket,0.010116999968886375,1,8192,854472,2,1.711476,13700,,
akciğer grafisi (COVID-QU-Ex),7752,0,2,paket,0.010707400040701032,1,8192,855986,3,2.567214,17626,,
akciğer grafisi (COVID-QU-Ex),7760,0,4,paket,0.014992200070992112,1,8192,855420,2,1.711476,13482,,
akciğer grafisi (COVID-QU-Ex),7763,0,0,paket,0.009891900001093745,1,8192,856147,3,2.567214,18640,,
akciğer grafisi (COVID-QU-Ex),7765,0,4,paket,0.00991469994187355,1,8192,856000,2,1.711476,12225,,
akciğer grafisi (COVID-QU-Ex),7774,0,3,paket,0.010013999999500811,1,8192,854471,2,1.711476,16015,,
akciğer grafisi (COVID-QU-Ex),7796,0,2,paket,0.010099800070747733,1,8192,856069,2,1.711476,13094,,
akciğer grafisi (COVID-QU-Ex),7810,0,0,paket,0.009988200035877526,1,8192,855413,2,1.711476,13108,,
akciğer grafisi (COVID-QU-Ex),7818,0,4,paket,0.009888700093142688,1,8192,855232,2,1.711476,12476,,
akciğer grafisi (COVID-QU-Ex),7833,0,3,paket,0.009905799990519881,1,8192,856155,2,1.711476,13827,,
akciğer grafisi (COVID-QU-Ex),7861,0,3,paket,0.010243199998512864,1,8192,855209,2,1.711476,13912,,
akciğer grafisi (COVID-QU-Ex),7867,0,2,paket,0.010766899911686778,1,8192,856128,4,3.422952,28056,,
akciğer grafisi (COVID-QU-Ex),7873,0,1,paket,0.01039499999023974,1,8192,855280,2,1.711476,11809,,
akciğer grafisi (COVID-QU-Ex),7908,0,2,paket,0.01196679996792227,1,8192,855346,4,3.422952,25696,,
akciğer grafisi (COVID-QU-Ex),7912,0,3,paket,0.009895599912852049,1,8192,855174,2,1.711476,13807,,
akciğer grafisi (COVID-QU-Ex),7914,0,2,paket,0.009940599906258285,1,8192,855979,2,1.711476,13668,,
akciğer grafisi (COVID-QU-Ex),7920,0,0,paket,0.010220299940556288,1,8192,855251,2,1.711476,14928,,
akciğer grafisi (COVID-QU-Ex),7925,0,0,paket,0.010331599973142147,1,8192,855166,1,0.855738,8116,,
akciğer grafisi (COVID-QU-Ex),7939,0,3,paket,0.010168700013309717,1,8192,856149,3,2.567214,17184,,
akciğer grafisi (COVID-QU-Ex),7965,0,4,paket,0.013566000037826598,1,8192,855964,1,0.855738,7067,,
akciğer grafisi (COVID-QU-Ex),7983,0,4,paket,0.010026099975220859,1,8192,854407,2,1.711476,11691,,
akciğer grafisi (COVID-QU-Ex),7992,0,2,paket,0.010075600002892315,1,8192,856117,2,1.711476,13498,,
akciğer grafisi (COVID-QU-Ex),7995,0,2,paket,0.01208529993891716,1,8192,855493,2,1.711476,12160,,
akciğer grafisi (COVID-QU-Ex),8030,0,0,paket,0.009904199978336692,1,8192,856303,4,3.422952,26081,,
akciğer grafisi (COVID-QU-Ex),8031,0,4,paket,0.010733700008131564,1,8192,856088,3,2.567214,18358,,
akciğer grafisi (COVID-QU-Ex),8041,0,1,paket,0.009977500070817769,1,8192,856110,3,2.567214,19640,,
akciğer grafisi (COVID-QU-Ex),8047,0,1,paket,0.010430300026200712,1,8192,855624,2,1.711476,9676,,
akciğer grafisi (COVID-QU-Ex),8049,0,4,paket,0.010860000038519502,1,8192,855374,2,1.711476,10582,,
akciğer grafisi (COVID-QU-Ex),8055,0,3,paket,0.010344799957238138,1,8192,855738,2,1.711476,11634,,
akciğer grafisi (COVID-QU-Ex),8061,0,0,paket,0.010748800006695092,1,8192,855309,3,2.567214,17167,,
akciğer grafisi (COVID-QU-Ex),8072,0,4,paket,0.00993269996251911,1,8192,856067,2,1.711476,15514,,
akciğer grafisi (COVID-QU-Ex),8077,0,4,paket,0.010983900050632656,1,8192,855295,3,2.567214,21540,,
akciğer grafisi (COVID-QU-Ex),8080,0,0,paket,0.010001300019212067,1,8192,856049,2,1.711476,14649,,
akciğer grafisi (COVID-QU-Ex),8086,0,1,paket,0.010077400016598403,1,8192,856051,2,1.711476,9724,,
akciğer grafisi (COVID-QU-Ex),8100,0,3,paket,0.010126100038178265,1,8192,855861,2,1.711476,11263,,
akciğer grafisi (COVID-QU-Ex),8119,0,1,paket,0.009897899930365384,1,8192,855805,3,2.567214,16481,,
akciğer grafisi (COVID-QU-Ex),8121,0,3,paket,0.010327300056815147,1,8192,856045,3,2.567214,21735,,
akciğer grafisi (COVID-QU-Ex),8126,0,4,paket,0.010732499998994172,1,8192,855393,3,2.567214,24204,,
akciğer grafisi (COVID-QU-Ex),8128,0,3,paket,0.010212099994532764,1,8192,856017,2,1.711476,15248,,
akciğer grafisi (COVID-QU-Ex),8144,0,0,paket,0.010124399908818305,1,8192,855212,2,1.711476,11378,,
akciğer grafisi (COVID-QU-Ex),8174,0,4,paket,0.010390200070105493,1,8192,856048,2,1.711476,10405,,
akciğer grafisi (COVID-QU-Ex),8214,0,4,paket,0.01028970000334084,1,8192,856127,3,2.567214,20267,,
akciğer grafisi (COVID-QU-Ex),8217,0,2,paket,0.011189999990165234,1,8192,855913,2,1.711476,16302,,
akciğer grafisi (COVID-QU-Ex),8233,0,0,paket,0.010316499974578619,1,8192,856138,2,1.711476,15252,,
akciğer grafisi (COVID-QU-Ex),8234,0,0,paket,0.00995779992081225,1,8192,856030,1,0.855738,7759,,
akciğer grafisi (COVID-QU-Ex),8277,0,0,paket,0.009751499979756773,1,8192,855233,2,1.711476,15556,,
akciğer grafisi (COVID-QU-Ex),8287,0,2,paket,0.010194399976171553,1,8192,855283,2,1.711476,13841,,
akciğer grafisi (COVID-QU-Ex),8297,0,1,paket,0.009887300082482398,1,8192,856057,2,1.711476,10625,,
akciğer grafisi (COVID-QU-Ex),8344,0,2,paket,0.010202800040133297,1,8192,855989,2,1.711476,12797,,
akciğer grafisi (COVID-QU-Ex),8354,0,1,paket,0.010392899974249303,1,8192,855337,2,1.711476,9427,,
akciğer grafisi (COVID-QU-Ex),8361,0,4,paket,0.010149999987334013,1,8192,856216,2,1.711476,10591,,
akciğer grafisi (COVID-QU-Ex),8367,0,4,paket,0.01104679994750768,1,8192,855269,3,2.567214,21797,,
akciğer grafisi (COVID-QU-Ex),8374,0,1,paket,0.010221299948170781,1,8192,856216,3,2.567214,23079,,
akciğer grafisi (COVID-QU-Ex),8384,0,4,paket,0.01010449999012053,1,8192,855992,2,1.711476,13067,,
akciğer grafisi (COVID-QU-Ex),8391,0,4,paket,0.010178000084124506,1,8192,855961,2,1.711476,12166,,
akciğer grafisi (COVID-QU-Ex),8403,0,4,paket,0.010239099967293441,1,8192,856002,2,1.711476,14124,,
akciğer grafisi (COVID-QU-Ex),8426,0,2,paket,0.009930299944244325,1,8192,855789,2,1.711476,13255,,
akciğer grafisi (COVID-QU-Ex),8468,0,0,paket,0.01001410000026226,1,8192,855387,4,3.422952,25494,,
akciğer grafisi (COVID-QU-Ex),8486,0,4,paket,0.010300900088623166,1,8192,855212,2,1.711476,12285,,
akciğer grafisi (COVID-QU-Ex),8492,0,1,paket,0.0101166000822559,1,8192,856003,2,1.711476,12531,,
akciğer grafisi (COVID-QU-Ex),8498,0,2,paket,0.010183300008065999,1,8192,855406,4,3.422952,30376,,
akciğer grafisi (COVID-QU-Ex),8519,0,1,paket,0.013747299904935062,1,8192,855888,2,1.711476,16279,,
akciğer grafisi (COVID-QU-Ex),8520,0,0,paket,0.010700899991206825,1,8192,856181,2,1.711476,14696,,
akciğer grafisi (COVID-QU-Ex),8532,0,0,paket,0.010026299976743758,1,8192,855332,4,3.422952,30759,,
akciğer grafisi (COVID-QU-Ex),8533,0,0,paket,0.010247200028970838,1,8192,854982,3,2.567214,16966,,
akciğer grafisi (COVID-QU-Ex),8553,0,2,paket,0.0100080999545753,1,8192,855627,2,1.711476,15293,,
akciğer grafisi (COVID-QU-Ex),8559,0,4,paket,0.010886500007472932,1,8192,856241,2,1.711476,13438,,
akciğer grafisi (COVID-QU-Ex),8573,0,0,paket,0.010744699975475669,1,8192,855433,2,1.711476,11801,,
akciğer grafisi (COVID-QU-Ex),8590,0,1,paket,0.009936699992977083,1,8192,855827,2,1.711476,15850,,
akciğer grafisi (COVID-QU-Ex),8631,0,0,paket,0.010207599960267544,1,8192,856085,2,1.711476,15878,,
akciğer grafisi (COVID-QU-Ex),8642,0,0,paket,0.01019800000358373,1,8192,855808,2,1.711476,10135,,
akciğer grafisi (COVID-QU-Ex),8645,0,2,paket,0.010335500002838671,1,8192,855288,2,1.711476,15055,,
akciğer grafisi (COVID-QU-Ex),8646,0,1,paket,0.010000600013881922,1,8192,856059,3,2.567214,18911,,
akciğer grafisi (COVID-QU-Ex),8671,0,4,paket,0.009958499926142395,1,8192,855259,3,2.567214,18152,,
akciğer grafisi (COVID-QU-Ex),8673,0,4,paket,0.009944899939000607,1,8192,855954,3,2.567214,20091,,
akciğer grafisi (COVID-QU-Ex),8706,0,3,paket,0.010382600012235343,1,8192,855529,3,2.567214,18654,,
akciğer grafisi (COVID-QU-Ex),8708,0,0,paket,0.009903799975290895,1,8192,856079,2,1.711476,14180,,
akciğer grafisi (COVID-QU-Ex),8711,0,3,paket,0.009944000048562884,1,8192,855404,2,1.711476,13157,,
akciğer grafisi (COVID-QU-Ex),8766,0,0,paket,0.010108500020578504,1,8192,856073,2,1.711476,8208,,
akciğer grafisi (COVID-QU-Ex),8768,0,2,paket,0.010069999960251153,1,8192,855228,2,1.711476,13008,,
akciğer grafisi (COVID-QU-Ex),8775,0,0,paket,0.00986310001462698,1,8192,856119,2,1.711476,9751,,
akciğer grafisi (COVID-QU-Ex),8798,0,3,paket,0.009974299930036068,1,8192,856109,3,2.567214,19155,,
akciğer grafisi (COVID-QU-Ex),8813,0,2,paket,0.010813599918037653,1,8192,855919,3,2.567214,18648,,
akciğer grafisi (COVID-QU-Ex),8818,0,3,paket,0.00995650002732873,1,8192,856102,3,2.567214,20052,,
akciğer grafisi (COVID-QU-Ex),8819,0,4,paket,0.010407899972051382,1,8192,855735,2,1.711476,13900,,
akciğer grafisi (COVID-QU-Ex),8823,0,2,paket,0.010298100067302585,1,8192,855729,3,2.567214,22997,,
akciğer grafisi (COVID-QU-Ex),8831,0,0,paket,0.009977700072340667,1,8192,855625,3,2.567214,16583,,
akciğer grafisi (COVID-QU-Ex),8844,0,0,paket,0.009996899985708296,1,8192,856151,2,1.711476,15358,,
akciğer grafisi (COVID-QU-Ex),8855,0,0,paket,0.010089300107210875,1,8192,855249,2,1.711476,12654,,
akciğer grafisi (COVID-QU-Ex),8865,0,1,paket,0.010032200021669269,1,8192,854898,2,1.711476,11632,,
akciğer grafisi (COVID-QU-Ex),8868,0,0,paket,0.009986699908040464,1,8192,855226,2,1.711476,13368,,
akciğer grafisi (COVID-QU-Ex),8906,0,0,paket,0.010255899978801608,1,8192,856064,2,1.711476,16012,,
akciğer grafisi (COVID-QU-Ex),8909,0,1,paket,0.010039399960078299,1,8192,856191,3,2.567214,16973,,
akciğer grafisi (COVID-QU-Ex),8946,0,2,paket,0.00996659998781979,1,8192,855307,2,1.711476,10117,,
akciğer grafisi (COVID-QU-Ex),8959,0,1,paket,0.01017089991364628,1,8192,855449,3,2.567214,19405,,
akciğer grafisi (COVID-QU-Ex),8960,0,2,paket,0.009950500098057091,1,8192,855269,2,1.711476,12921,,
akciğer grafisi (COVID-QU-Ex),8974,0,1,paket,0.01008250005543232,1,8192,855839,3,2.567214,18075,,
akciğer grafisi (COVID-QU-Ex),8980,0,4,paket,0.010001300019212067,1,8192,855751,3,2.567214,16395,,
akciğer grafisi (COVID-QU-Ex),8985,0,4,paket,0.01038310001604259,1,8192,855247,2,1.711476,12908,,
akciğer grafisi (COVID-QU-Ex),9018,0,3,paket,0.010132300085388124,1,8192,856130,4,3.422952,28186,,
akciğer grafisi (COVID-QU-Ex),9024,0,1,paket,0.009992999956011772,1,8192,855252,2,1.711476,9805,,
akciğer grafisi (COVID-QU-Ex),9037,0,4,paket,0.010413300013169646,1,8192,855793,3,2.567214,18490,,
akciğer grafisi (COVID-QU-Ex),9039,0,4,paket,0.010360800079070032,1,8192,855167,2,1.711476,14975,,
akciğer grafisi (COVID-QU-Ex),9040,0,1,paket,0.010028099990449846,1,8192,855204,3,2.567214,17786,,
akciğer grafisi (COVID-QU-Ex),9041,0,1,paket,0.011133600026369095,1,8192,855323,2,1.711476,15984,,
akciğer grafisi (COVID-QU-Ex),9083,0,0,paket,0.010140499914996326,1,8192,855316,2,1.711476,11417,,
akciğer grafisi (COVID-QU-Ex),9095,0,0,paket,0.010496199945919216,1,8192,856056,2,1.711476,10564,,
akciğer grafisi (COVID-QU-Ex),9101,0,2,paket,0.010934000019915402,1,8192,856015,2,1.711476,9058,,
akciğer grafisi (COVID-QU-Ex),9106,0,1,paket,0.009918599971570075,1,8192,855353,4,3.422952,25679,,
akciğer grafisi (COVID-QU-Ex),9117,0,1,paket,0.010161800077185035,1,8192,855718,2,1.711476,12138,,
akciğer grafisi (COVID-QU-Ex),9135,0,4,paket,0.009913300047628582,1,8192,856175,3,2.567214,23211,,
akciğer grafisi (COVID-QU-Ex),9139,0,1,paket,0.010269599966704845,1,8192,856155,4,3.422952,25258,,
akciğer grafisi (COVID-QU-Ex),9145,0,1,paket,0.010041400091722608,1,8192,856204,3,2.567214,20852,,
akciğer grafisi (COVID-QU-Ex),9162,0,1,paket,0.010028599994257092,1,8192,855448,2,1.711476,12569,,
akciğer grafisi (COVID-QU-Ex),9170,0,4,paket,0.010120499995537102,1,8192,856290,3,2.567214,23295,,
akciğer grafisi (COVID-QU-Ex),9180,0,0,paket,0.009963300079107285,1,8192,856059,2,1.711476,13443,,
akciğer grafisi (COVID-QU-Ex),9184,0,0,paket,0.010140400030650198,1,8192,855305,2,1.711476,15362,,
akciğer grafisi (COVID-QU-Ex),9197,0,4,paket,0.010189900058321655,1,8192,855272,4,3.422952,25092,,
akciğer grafisi (COVID-QU-Ex),9198,0,0,paket,0.010251699946820736,1,8192,854435,2,1.711476,12196,,
akciğer grafisi (COVID-QU-Ex),9209,0,1,paket,0.010178999975323677,1,8192,855321,2,1.711476,11913,,
akciğer grafisi (COVID-QU-Ex),9217,0,3,paket,0.009892400004900992,1,8192,856185,3,2.567214,20712,,
akciğer grafisi (COVID-QU-Ex),9228,0,3,paket,0.011256000027060509,1,8192,856085,2,1.711476,12339,,
akciğer grafisi (COVID-QU-Ex),9229,0,1,paket,0.0101324999704957,1,8192,855434,2,1.711476,12158,,
akciğer grafisi (COVID-QU-Ex),9233,0,0,paket,0.010490000015124679,1,8192,855573,3,2.567214,21724,,
akciğer grafisi (COVID-QU-Ex),9235,0,2,paket,0.010068499948829412,1,8192,855262,2,1.711476,14124,,
akciğer grafisi (COVID-QU-Ex),9265,0,1,paket,0.010051700053736567,1,8192,854701,2,1.711476,12111,,
akciğer grafisi (COVID-QU-Ex),9280,0,0,paket,0.009955500019714236,1,8192,856203,3,2.567214,18638,,
akciğer grafisi (COVID-QU-Ex),9337,0,4,paket,0.00996679998934269,1,8192,854701,1,0.855738,7932,,
akciğer grafisi (COVID-QU-Ex),9348,0,2,paket,0.01035050000064075,1,8192,855829,3,2.567214,19306,,
akciğer grafisi (COVID-QU-Ex),9356,0,4,paket,0.010791399981826544,1,8192,855329,3,2.567214,19109,,
akciğer grafisi (COVID-QU-Ex),9369,0,2,paket,0.009967199992388487,1,8192,855283,3,2.567214,20560,,
akciğer grafisi (COVID-QU-Ex),9392,0,2,paket,0.010331499972380698,1,8192,855611,2,1.711476,10260,,
akciğer grafisi (COVID-QU-Ex),9397,0,0,paket,0.010018799919635057,1,8192,856042,3,2.567214,19246,,
akciğer grafisi (COVID-QU-Ex),9401,0,3,paket,0.010175999952480197,1,8192,855340,2,1.711476,11744,,
akciğer grafisi (COVID-QU-Ex),9408,0,3,paket,0.01039650000166148,1,8192,856020,2,1.711476,10448,,
akciğer grafisi (COVID-QU-Ex),9412,0,1,paket,0.010280100046657026,1,8192,855754,1,0.855738,8168,,
akciğer grafisi (COVID-QU-Ex),9413,0,1,paket,0.011384899960830808,1,8192,855559,2,1.711476,10829,,
akciğer grafisi (COVID-QU-Ex),9414,0,2,paket,0.009997599991038442,1,8192,855597,2,1.711476,13394,,
akciğer grafisi (COVID-QU-Ex),9419,0,0,paket,0.010033900034613907,1,8192,855012,3,2.567214,20044,,
akciğer grafisi (COVID-QU-Ex),9430,0,0,paket,0.010417699930258095,1,8192,855775,2,1.711476,14115,,
akciğer grafisi (COVID-QU-Ex),9433,0,0,paket,0.01020959997549653,1,8192,856079,3,2.567214,19686,,
akciğer grafisi (COVID-QU-Ex),9438,0,1,paket,0.009943800047039986,1,8192,855259,2,1.711476,12812,,
akciğer grafisi (COVID-QU-Ex),9463,0,4,paket,0.009943300043232739,1,8192,856114,1,0.855738,5400,,
akciğer grafisi (COVID-QU-Ex),9485,0,2,paket,0.010053199948742986,1,8192,855307,3,2.567214,22978,,
akciğer grafisi (COVID-QU-Ex),9522,0,3,paket,0.010199100011959672,1,8192,855170,2,1.711476,9451,,
akciğer grafisi (COVID-QU-Ex),9540,0,0,paket,0.010072399978525937,1,8192,855832,2,1.711476,12347,,
akciğer grafisi (COVID-QU-Ex),9563,0,3,paket,0.009995599975809455,1,8192,856241,2,1.711476,11825,,
akciğer grafisi (COVID-QU-Ex),9592,0,1,paket,0.010170900030061603,1,8192,855634,2,1.711476,13058,,
akciğer grafisi (COVID-QU-Ex),9594,0,3,paket,0.010519100003875792,1,8192,855703,3,2.567214,18100,,
akciğer grafisi (COVID-QU-Ex),9612,0,3,paket,0.010087899980135262,1,8192,855480,2,1.711476,13137,,
akciğer grafisi (COVID-QU-Ex),9616,0,0,paket,0.01043779996689409,1,8192,855943,2,1.711476,14829,,
akciğer grafisi (COVID-QU-Ex),9657,0,2,paket,0.010781000019051135,1,8192,855228,2,1.711476,10289,,
akciğer grafisi (COVID-QU-Ex),9680,0,3,paket,0.010615200037136674,1,8192,856033,3,2.567214,21472,,
akciğer grafisi (COVID-QU-Ex),9683,0,4,paket,0.009927799925208092,1,8192,855301,3,2.567214,23470,,
akciğer grafisi (COVID-QU-Ex),9706,0,4,paket,0.010078499908559024,1,8192,855256,2,1.711476,14973,,
akciğer grafisi (COVID-QU-Ex),9726,0,1,paket,0.0098911999957636,1,8192,855005,2,1.711476,12636,,
akciğer grafisi (COVID-QU-Ex),9745,0,2,paket,0.010084999958053231,1,8192,855768,3,2.567214,16806,,
akciğer grafisi (COVID-QU-Ex),9775,0,4,paket,0.010068599949590862,1,8192,855813,3,2.567214,17296,,
akciğer grafisi (COVID-QU-Ex),9807,0,2,paket,0.010813800035975873,1,8192,855338,2,1.711476,16151,,
akciğer grafisi (COVID-QU-Ex),9815,0,1,paket,0.010026299976743758,1,8192,855234,2,1.711476,14870,,
akciğer grafisi (COVID-QU-Ex),9820,0,0,paket,0.010043599992059171,1,8192,855079,3,2.567214,17040,,
akciğer grafisi (COVID-QU-Ex),9834,0,0,paket,0.01075779995881021,1,8192,855343,2,1.711476,16277,,
akciğer grafisi (COVID-QU-Ex),9864,0,1,paket,0.010011499980464578,1,8192,856176,2,1.711476,11847,,
akciğer grafisi (COVID-QU-Ex),9874,0,0,paket,0.009892000001855195,1,8192,856084,2,1.711476,14699,,
akciğer grafisi (COVID-QU-Ex),9879,0,3,paket,0.010061300010420382,1,8192,855720,1,0.855738,7638,,
akciğer grafisi (COVID-QU-Ex),9901,0,4,paket,0.009920999989844859,1,8192,856128,3,2.567214,18957,,
akciğer grafisi (COVID-QU-Ex),9912,0,1,paket,0.011882599908858538,1,8192,855911,2,1.711476,9946,,
akciğer grafisi (COVID-QU-Ex),9938,0,3,paket,0.010164400096982718,1,8192,856063,3,2.567214,17150,,
akciğer grafisi (COVID-QU-Ex),9939,0,2,paket,0.009967199992388487,1,8192,855316,3,2.567214,18574,,
akciğer grafisi (COVID-QU-Ex),9950,0,3,paket,0.010104799992404878,1,8192,855323,2,1.711476,12685,,
akciğer grafisi (COVID-QU-Ex),9956,0,4,paket,0.009966499987058342,1,8192,856023,3,2.567214,18740,,
akciğer grafisi (COVID-QU-Ex),9958,0,0,paket,0.01018320000730455,1,8192,855685,2,1.711476,14734,,
akciğer grafisi (COVID-QU-Ex),9968,0,2,paket,0.010079900035634637,1,8192,856026,3,2.567214,18677,,
akciğer grafisi (COVID-QU-Ex),9979,0,2,paket,0.010246600024402142,1,8192,855909,2,1.711476,16316,,
akciğer grafisi (COVID-QU-Ex),9987,0,4,paket,0.010345799964852631,1,8192,856218,2,1.711476,10870,,
akciğer grafisi (COVID-QU-Ex),9993,0,0,paket,0.01053420000243932,1,8192,856062,2,1.711476,14361,,
akciğer grafisi (COVID-QU-Ex),10004,0,0,paket,0.010097400052472949,1,8192,855209,2,1.711476,14769,,
akciğer grafisi (COVID-QU-Ex),10035,0,4,paket,0.009962899959646165,1,8192,856187,2,1.711476,13723,,
akciğer grafisi (COVID-QU-Ex),10078,0,2,paket,0.009961299947462976,1,8192,856108,2,1.711476,12045,,
akciğer grafisi (COVID-QU-Ex),10105,0,1,paket,0.01134899992030114,1,8192,855861,2,1.711476,14349,,
akciğer grafisi (COVID-QU-Ex),10109,0,1,paket,0.010817899950779974,1,8192,855312,2,1.711476,14716,,
akciğer grafisi (COVID-QU-Ex),10115,0,0,paket,0.009902199963107705,1,8192,855983,3,2.567214,18895,,
akciğer grafisi (COVID-QU-Ex),10126,0,4,paket,0.010267999954521656,1,8192,855160,2,1.711476,11517,,
akciğer grafisi (COVID-QU-Ex),10132,0,3,paket,0.010059099993668497,1,8192,856235,2,1.711476,9472,,
akciğer grafisi (COVID-QU-Ex),10139,0,3,paket,0.010241599986329675,1,8192,855770,2,1.711476,11617,,
akciğer grafisi (COVID-QU-Ex),10145,0,0,paket,0.009922800003550947,1,8192,854571,2,1.711476,10193,,
akciğer grafisi (COVID-QU-Ex),10157,0,4,paket,0.010106400004588068,1,8192,856092,2,1.711476,12945,,
akciğer grafisi (COVID-QU-Ex),10162,0,2,paket,0.009838800062425435,1,8192,856123,3,2.567214,17983,,
akciğer grafisi (COVID-QU-Ex),10166,0,0,paket,0.01014899997971952,1,8192,856103,2,1.711476,16046,,
akciğer grafisi (COVID-QU-Ex),10173,0,3,paket,0.01053730002604425,1,8192,856189,3,2.567214,19517,,
akciğer grafisi (COVID-QU-Ex),10175,0,3,paket,0.00988100003451109,1,8192,856042,3,2.567214,21024,,
akciğer grafisi (COVID-QU-Ex),10192,0,1,paket,0.010026700096204877,1,8192,855221,3,2.567214,22591,,
akciğer grafisi (COVID-QU-Ex),10193,0,1,paket,0.010520300013013184,1,8192,856171,3,2.567214,17026,,
akciğer grafisi (COVID-QU-Ex),10194,0,3,paket,0.009934200090356171,1,8192,855542,2,1.711476,13181,,
akciğer grafisi (COVID-QU-Ex),10214,0,3,paket,0.010050300043076277,1,8192,855156,3,2.567214,18005,,
akciğer grafisi (COVID-QU-Ex),10219,0,4,paket,0.010142299928702414,1,8192,855610,2,1.711476,8327,,
akciğer grafisi (COVID-QU-Ex),10224,0,2,paket,0.010002600029110909,1,8192,855757,2,1.711476,16089,,
akciğer grafisi (COVID-QU-Ex),10259,0,4,paket,0.00995199999306351,1,8192,855012,2,1.711476,10995,,
akciğer grafisi (COVID-QU-Ex),10264,0,1,paket,0.010115799959748983,1,8192,855959,3,2.567214,17958,,
akciğer grafisi (COVID-QU-Ex),10271,0,1,paket,0.009965599980205297,1,8192,855295,3,2.567214,17833,,
akciğer grafisi (COVID-QU-Ex),10279,0,4,paket,0.010892899939790368,1,8192,855936,2,1.711476,16164,,
akciğer grafisi (COVID-QU-Ex),10295,0,2,paket,0.010986599954776466,1,8192,855879,2,1.711476,13184,,
akciğer grafisi (COVID-QU-Ex),10309,0,1,paket,0.01048820000141859,1,8192,855250,2,1.711476,11895,,
akciğer grafisi (COVID-QU-Ex),10319,0,3,paket,0.009884499944746494,1,8192,855862,3,2.567214,18384,,
akciğer grafisi (COVID-QU-Ex),10325,0,4,paket,0.009939800016582012,1,8192,855962,2,1.711476,12139,,
akciğer grafisi (COVID-QU-Ex),10344,0,0,paket,0.010116499965079129,1,8192,855206,2,1.711476,14467,,
akciğer grafisi (COVID-QU-Ex),10367,0,2,paket,0.010032300022430718,1,8192,856064,3,2.567214,22870,,
akciğer grafisi (COVID-QU-Ex),10380,0,1,paket,0.0106071000918746,1,8192,855892,3,2.567214,16939,,
akciğer grafisi (COVID-QU-Ex),10391,0,4,paket,0.010235399939119816,1,8192,855244,2,1.711476,14347,,
akciğer grafisi (COVID-QU-Ex),10405,0,0,paket,0.009947699960321188,1,8192,856158,3,2.567214,19561,,
akciğer grafisi (COVID-QU-Ex),10408,0,3,paket,0.009889299981296062,1,8192,855033,2,1.711476,10240,,
akciğer grafisi (COVID-QU-Ex),10419,0,2,paket,0.011867000022903085,1,8192,855364,2,1.711476,15923,,
akciğer grafisi (COVID-QU-Ex),10429,0,1,paket,0.01023469993378967,1,8192,856076,2,1.711476,12062,,
akciğer grafisi (COVID-QU-Ex),10449,0,3,paket,0.009830099996179342,1,8192,855181,2,1.711476,11484,,
akciğer grafisi (COVID-QU-Ex),10460,0,4,paket,0.010076800012029707,1,8192,856031,2,1.711476,15262,,
akciğer grafisi (COVID-QU-Ex),10470,0,3,paket,0.009955800021998584,1,8192,854473,2,1.711476,13107,,
akciğer grafisi (COVID-QU-Ex),10472,0,0,paket,0.00987060007173568,1,8192,855258,2,1.711476,14068,,
akciğer grafisi (COVID-QU-Ex),10480,0,1,paket,0.010103799984790385,1,8192,855471,2,1.711476,14983,,
akciğer grafisi (COVID-QU-Ex),10498,0,2,paket,0.010044499998912215,1,8192,855313,2,1.711476,11238,,
akciğer grafisi (COVID-QU-Ex),10502,0,3,paket,0.010037099942564964,1,8192,855395,2,1.711476,13487,,
akciğer grafisi (COVID-QU-Ex),10503,0,1,paket,0.009965799981728196,1,8192,855196,3,2.567214,16547,,
akciğer grafisi (COVID-QU-Ex),10505,0,1,paket,0.009960300056263804,1,8192,856208,2,1.711476,10978,,
akciğer grafisi (COVID-QU-Ex),10508,0,0,paket,0.010068600066006184,1,8192,855911,2,1.711476,11344,,
akciğer grafisi (COVID-QU-Ex),10514,0,0,paket,0.009916099952533841,1,8192,855992,2,1.711476,12728,,
akciğer grafisi (COVID-QU-Ex),10523,0,1,paket,0.009858999983407557,1,8192,855186,2,1.711476,9966,,
akciğer grafisi (COVID-QU-Ex),10524,0,3,paket,0.010006200056523085,1,8192,855276,2,1.711476,8395,,
akciğer grafisi (COVID-QU-Ex),10577,0,2,paket,0.010310200043022633,1,8192,855304,3,2.567214,16796,,
akciğer grafisi (COVID-QU-Ex),10594,0,0,paket,0.01021410000976175,1,8192,855262,2,1.711476,12390,,
akciğer grafisi (COVID-QU-Ex),10595,0,1,paket,0.010273899999447167,1,8192,856057,3,2.567214,16693,,
akciğer grafisi (COVID-QU-Ex),10611,0,2,paket,0.010211899993009865,1,8192,855259,3,2.567214,21420,,
akciğer grafisi (COVID-QU-Ex),10615,0,2,paket,0.010173700051382184,1,8192,855276,3,2.567214,20217,,
akciğer grafisi (COVID-QU-Ex),10634,0,1,paket,0.010018000029958785,1,8192,855476,2,1.711476,16152,,
akciğer grafisi (COVID-QU-Ex),10637,0,3,paket,0.010480299941264093,1,8192,855533,2,1.711476,12775,,
akciğer grafisi (COVID-QU-Ex),10653,0,2,paket,0.010629500029608607,1,8192,856235,2,1.711476,14222,,
akciğer grafisi (COVID-QU-Ex),10661,0,3,paket,0.009979299968108535,1,8192,856214,3,2.567214,18646,,
akciğer grafisi (COVID-QU-Ex),10667,0,4,paket,0.010155400028452277,1,8192,855244,2,1.711476,9430,,
akciğer grafisi (COVID-QU-Ex),10674,0,4,paket,0.010027099982835352,1,8192,855274,2,1.711476,15262,,
akciğer grafisi (COVID-QU-Ex),10677,0,3,paket,0.01067059999331832,1,8192,855136,2,1.711476,12731,,
akciğer grafisi (COVID-QU-Ex),10682,0,1,paket,0.01006170001346618,1,8192,856046,3,2.567214,24392,,
akciğer grafisi (COVID-QU-Ex),10703,0,3,paket,0.01210169994737953,1,8192,856126,2,1.711476,12495,,
akciğer grafisi (COVID-QU-Ex),10704,0,0,paket,0.01001870003528893,1,8192,855245,2,1.711476,10277,,
akciğer grafisi (COVID-QU-Ex),10722,0,1,paket,0.010046000010333955,1,8192,855352,2,1.711476,13557,,
akciğer grafisi (COVID-QU-Ex),10734,0,3,paket,0.010299400077201426,1,8192,855289,3,2.567214,16623,,
akciğer grafisi (COVID-QU-Ex),10753,0,1,paket,0.010217999923042953,1,8192,855316,1,0.855738,7748,,
akciğer grafisi (COVID-QU-Ex),10779,0,3,paket,0.01006320002488792,1,8192,856033,2,1.711476,10488,,
akciğer grafisi (COVID-QU-Ex),10787,0,0,paket,0.010628999909386039,1,8192,855694,2,1.711476,9960,,
akciğer grafisi (COVID-QU-Ex),10796,0,3,paket,0.010529700084589422,1,8192,855972,2,1.711476,10913,,
akciğer grafisi (COVID-QU-Ex),10803,0,2,paket,0.010021000052802265,1,8192,856157,3,2.567214,18942,,
akciğer grafisi (COVID-QU-Ex),10837,0,0,paket,0.009964199969545007,1,8192,855261,2,1.711476,15139,,
akciğer grafisi (COVID-QU-Ex),10844,0,2,paket,0.01143960002809763,1,8192,855842,3,2.567214,17147,,
akciğer grafisi (COVID-QU-Ex),10847,0,2,paket,0.009983299998566508,1,8192,856175,2,1.711476,16331,,
akciğer grafisi (COVID-QU-Ex),10849,0,2,paket,0.01003200002014637,1,8192,855921,3,2.567214,19101,,
akciğer grafisi (COVID-QU-Ex),10861,0,3,paket,0.010195799986831844,1,8192,855199,2,1.711476,11036,,
akciğer grafisi (COVID-QU-Ex),10871,0,2,paket,0.01081290002912283,1,8192,855831,2,1.711476,12894,,
akciğer grafisi (COVID-QU-Ex),10883,0,0,paket,0.009925500024110079,1,8192,855895,2,1.711476,12686,,
akciğer grafisi (COVID-QU-Ex),10885,0,1,paket,0.010028799995779991,1,8192,855497,2,1.711476,13960,,
akciğer grafisi (COVID-QU-Ex),10886,0,0,paket,0.010187200037762523,1,8192,856209,2,1.711476,13450,,
akciğer grafisi (COVID-QU-Ex),10890,0,2,paket,0.010837399982847273,1,8192,855277,2,1.711476,12571,,
akciğer grafisi (COVID-QU-Ex),10893,0,2,paket,0.009946999954991043,1,8192,856170,2,1.711476,12101,,
akciğer grafisi (COVID-QU-Ex),10902,0,4,paket,0.010155700030736625,1,8192,856177,2,1.711476,11390,,
akciğer grafisi (COVID-QU-Ex),10913,0,3,paket,0.010273899999447167,1,8192,856084,2,1.711476,13066,,
akciğer grafisi (COVID-QU-Ex),10923,0,3,paket,0.009957100031897426,1,8192,855280,2,1.711476,12564,,
akciğer grafisi (COVID-QU-Ex),10944,0,0,paket,0.010722100036218762,1,8192,856072,2,1.711476,13610,,
akciğer grafisi (COVID-QU-Ex),10947,0,3,paket,0.010147999972105026,1,8192,855344,2,1.711476,14901,,
akciğer grafisi (COVID-QU-Ex),10962,0,2,paket,0.00999210006557405,1,8192,855333,2,1.711476,13817,,
akciğer grafisi (COVID-QU-Ex),10963,0,0,paket,0.010571499937213957,1,8192,856128,2,1.711476,8846,,
akciğer grafisi (COVID-QU-Ex),10964,0,0,paket,0.009908200008794665,1,8192,856185,2,1.711476,10737,,
akciğer grafisi (COVID-QU-Ex),10976,0,3,paket,0.009657500078901649,1,8192,855178,2,1.711476,13316,,
akciğer grafisi (COVID-QU-Ex),11001,0,0,paket,0.010001300019212067,1,8192,855784,3,2.567214,17397,,
akciğer grafisi (COVID-QU-Ex),11005,0,1,paket,0.010263700038194656,1,8192,855280,3,2.567214,16652,,
akciğer grafisi (COVID-QU-Ex),11010,0,2,paket,0.010003600036725402,1,8192,855122,2,1.711476,15057,,
akciğer grafisi (COVID-QU-Ex),11011,0,3,paket,0.010098100057803094,1,8192,855675,2,1.711476,12606,,
akciğer grafisi (COVID-QU-Ex),11015,0,2,paket,0.010358799947425723,1,8192,855482,2,1.711476,11808,,
akciğer grafisi (COVID-QU-Ex),11030,0,0,paket,0.01292229990940541,1,8192,855578,2,1.711476,11798,,
akciğer grafisi (COVID-QU-Ex),11040,0,3,paket,0.010241899988614023,1,8192,855152,2,1.711476,11314,,
akciğer grafisi (COVID-QU-Ex),11056,0,3,paket,0.010008599958382547,1,8192,856043,2,1.711476,14044,,
akciğer grafisi (COVID-QU-Ex),11057,0,1,paket,0.010612000012770295,1,8192,855471,3,2.567214,20183,,
akciğer grafisi (COVID-QU-Ex),11061,0,1,paket,0.01008809998165816,1,8192,855285,2,1.711476,12908,,
akciğer grafisi (COVID-QU-Ex),11063,0,0,paket,0.010180499986745417,1,8192,855699,3,2.567214,17220,,
akciğer grafisi (COVID-QU-Ex),11077,0,3,paket,0.009963999968022108,1,8192,856047,2,1.711476,14951,,
akciğer grafisi (COVID-QU-Ex),11080,0,2,paket,0.009998199995607138,1,8192,855256,2,1.711476,10847,,
akciğer grafisi (COVID-QU-Ex),11081,0,1,paket,0.010296200052835047,1,8192,855416,2,1.711476,12372,,
akciğer grafisi (COVID-QU-Ex),11087,0,0,paket,0.010030300007201731,1,8192,855946,2,1.711476,11509,,
akciğer grafisi (COVID-QU-Ex),11088,0,1,paket,0.010118599981069565,1,8192,854942,2,1.711476,10116,,
akciğer grafisi (COVID-QU-Ex),11091,0,4,paket,0.010057399980723858,1,8192,855862,2,1.711476,9795,,
akciğer grafisi (COVID-QU-Ex),11109,0,4,paket,0.010231600026600063,1,8192,856125,2,1.711476,15913,,
akciğer grafisi (COVID-QU-Ex),11120,0,3,paket,0.012165100080892444,1,8192,855387,2,1.711476,13770,,
akciğer grafisi (COVID-QU-Ex),11122,0,4,paket,0.010422199964523315,1,8192,854474,2,1.711476,10901,,
akciğer grafisi (COVID-QU-Ex),11140,0,1,paket,0.009967499994672835,1,8192,856054,2,1.711476,16281,,
akciğer grafisi (COVID-QU-Ex),11160,0,4,paket,0.01121409994084388,1,8192,855308,3,2.567214,17439,,
akciğer grafisi (COVID-QU-Ex),11179,0,0,paket,0.010182400001212955,1,8192,855401,3,2.567214,16847,,
akciğer grafisi (COVID-QU-Ex),11180,0,3,paket,0.011017000069841743,1,8192,855327,2,1.711476,15682,,
akciğer grafisi (COVID-QU-Ex),11188,0,2,paket,0.0100391999585554,1,8192,855337,2,1.711476,9757,,
akciğer grafisi (COVID-QU-Ex),11199,0,4,paket,0.01004530000500381,1,8192,855263,2,1.711476,14491,,
akciğer grafisi (COVID-QU-Ex),11206,0,4,paket,0.010017900029197335,1,8192,856011,2,1.711476,16320,,
akciğer grafisi (COVID-QU-Ex),11210,0,0,paket,0.010789399966597557,1,8192,856119,2,1.711476,14190,,
akciğer grafisi (COVID-QU-Ex),11228,0,0,paket,0.010186800034716725,1,8192,855808,3,2.567214,18538,,
akciğer grafisi (COVID-QU-Ex),11242,0,1,paket,0.009960899944417179,1,8192,856273,2,1.711476,11103,,
akciğer grafisi (COVID-QU-Ex),11247,0,4,paket,0.01002460008021444,1,8192,855890,2,1.711476,16085,,
akciğer grafisi (COVID-QU-Ex),11257,0,3,paket,0.010405799956060946,1,8192,855881,2,1.711476,14951,,
akciğer grafisi (COVID-QU-Ex),11262,0,4,paket,0.010192499961704016,1,8192,856144,2,1.711476,15939,,
akciğer grafisi (COVID-QU-Ex),11276,0,2,paket,0.010342399938963354,1,8192,855268,2,1.711476,14274,,
akciğer grafisi (COVID-QU-Ex),11280,0,4,paket,0.009964799974113703,1,8192,855872,2,1.711476,11573,,
akciğer grafisi (COVID-QU-Ex),11291,0,1,paket,0.010254600085318089,1,8192,855669,2,1.711476,14929,,
akciğer grafisi (COVID-QU-Ex),11299,0,4,paket,0.010129199945367873,1,8192,855203,3,2.567214,19423,,
akciğer grafisi (COVID-QU-Ex),11303,0,1,paket,0.009992500068619847,1,8192,856242,2,1.711476,14972,,
akciğer grafisi (COVID-QU-Ex),11304,0,3,paket,0.009925000020302832,1,8192,856006,3,2.567214,16559,,
akciğer grafisi (COVID-QU-Ex),11312,0,1,paket,0.00997430004645139,1,8192,855838,2,1.711476,16237,,
akciğer grafisi (COVID-QU-Ex),11325,0,2,paket,0.010081299929879606,1,8192,856150,3,2.567214,18778,,
akciğer grafisi (COVID-QU-Ex),11326,0,4,paket,0.00999479996971786,1,8192,855098,3,2.567214,17845,,
akciğer grafisi (COVID-QU-Ex),11327,0,4,paket,0.01035769993904978,1,8192,855312,2,1.711476,16101,,
akciğer grafisi (COVID-QU-Ex),11343,0,2,paket,0.010022300062701106,1,8192,856067,3,2.567214,21331,,
akciğer grafisi (COVID-QU-Ex),11345,0,0,paket,0.010087399976328015,1,8192,855328,2,1.711476,15912,,
akciğer grafisi (COVID-QU-Ex),11364,0,3,paket,0.009963000076822937,1,8192,855159,2,1.711476,14196,,
akciğer grafisi (COVID-QU-Ex),11396,0,1,paket,0.010698399972170591,1,8192,856230,3,2.567214,17061,,
akciğer grafisi (COVID-QU-Ex),11399,0,1,paket,0.010216200025752187,1,8192,855272,3,2.567214,19754,,
akciğer grafisi (COVID-QU-Ex),11410,0,0,paket,0.010214400012046099,1,8192,856155,2,1.711476,11918,,
akciğer grafisi (COVID-QU-Ex),11414,0,3,paket,0.01003340003080666,1,8192,855361,2,1.711476,13680,,
akciğer grafisi (COVID-QU-Ex),11416,0,2,paket,0.010067999945022166,1,8192,855645,3,2.567214,18735,,
akciğer grafisi (COVID-QU-Ex),11447,0,0,paket,0.00989689992275089,1,8192,856205,2,1.711476,11932,,
akciğer grafisi (COVID-QU-Ex),11481,0,1,paket,0.010092200012877584,1,8192,855753,2,1.711476,13203,,
akciğer grafisi (COVID-QU-Ex),11501,0,3,paket,0.010522100026719272,1,8192,855145,3,2.567214,20598,,
akciğer grafisi (COVID-QU-Ex),11517,0,3,paket,0.009888600092381239,1,8192,855656,2,1.711476,14813,,
akciğer grafisi (COVID-QU-Ex),11602,0,0,paket,0.010090099996887147,1,8192,855362,2,1.711476,11042,,
akciğer grafisi (COVID-QU-Ex),11606,0,0,paket,0.01024089998099953,1,8192,855870,4,3.422952,26085,,
akciğer grafisi (COVID-QU-Ex),11613,0,2,paket,0.010620599961839616,1,8192,855061,2,1.711476,16147,,
akciğer grafisi (COVID-QU-Ex),11631,0,4,paket,0.010031600017100573,1,8192,856066,2,1.711476,13640,,
akciğer grafisi (COVID-QU-Ex),11638,0,3,paket,0.010090299998410046,1,8192,855281,2,1.711476,13074,,
akciğer grafisi (COVID-QU-Ex),11651,0,4,paket,0.0099651999771595,1,8192,855993,2,1.711476,12900,,
akciğer grafisi (COVID-QU-Ex),11653,0,2,paket,0.0100780000211671,1,8192,855943,2,1.711476,9203,,
akciğer grafisi (COVID-QU-Ex),11673,0,3,paket,0.010144199943169951,1,8192,855965,3,2.567214,22251,,
akciğer grafisi (COVID-QU-Ex),11679,0,1,paket,0.010026299976743758,1,8192,855920,2,1.711476,14178,,
akciğer grafisi (COVID-QU-Ex),11687,0,0,paket,0.01004789990838617,1,8192,855855,2,1.711476,9964,,
akciğer grafisi (COVID-QU-Ex),11705,0,2,paket,0.010270699975080788,1,8192,856122,2,1.711476,9200,,
akciğer grafisi (COVID-QU-Ex),11711,0,2,paket,0.009971900028176606,1,8192,855776,3,2.567214,21991,,
akciğer grafisi (COVID-QU-Ex),11712,0,1,paket,0.010199800017289817,1,8192,856186,3,2.567214,21512,,
akciğer grafisi (COVID-QU-Ex),11713,0,4,paket,0.010200500022619963,1,8192,854855,2,1.711476,10408,,
akciğer grafisi (COVID-QU-Ex),11715,0,4,paket,0.011348800035193563,1,8192,855185,2,1.711476,11387,,
akciğer grafisi (COVID-QU-Ex),11720,0,4,paket,0.010455899988301098,1,8192,855741,3,2.567214,16413,,
akciğer grafisi (COVID-QU-Ex),11765,0,0,paket,0.010259600006975234,1,8192,855882,2,1.711476,12507,,
akciğer grafisi (COVID-QU-Ex),11767,0,2,paket,0.010113000054843724,1,8192,855518,3,2.567214,19335,,
akciğer grafisi (COVID-QU-Ex),11776,0,2,paket,0.010237199952825904,1,8192,854882,2,1.711476,12350,,
akciğer grafisi (COVID-QU-Ex),11780,0,2,paket,0.010078399907797575,1,8192,855578,3,2.567214,18721,,
akciğer grafisi (COVID-QU-Ex),11784,0,2,paket,0.010343199945054948,1,8192,855834,2,1.711476,11383,,
akciğer grafisi (COVID-QU-Ex),11813,0,3,paket,0.01021989993751049,1,8192,855653,2,1.711476,15033,,
akciğer grafisi (COVID-QU-Ex),11816,0,3,paket,0.010732499998994172,1,8192,855280,2,1.711476,10544,,
akciğer grafisi (COVID-QU-Ex),11819,0,2,paket,0.011042999918572605,1,8192,854786,2,1.711476,12640,,
akciğer grafisi (COVID-QU-Ex),11821,0,4,paket,0.010296100052073598,1,8192,855250,2,1.711476,15511,,
akciğer grafisi (COVID-QU-Ex),11825,0,3,paket,0.010706500033847988,1,8192,855959,3,2.567214,18577,,
akciğer grafisi (COVID-QU-Ex),11830,0,4,paket,0.010513999965041876,1,8192,855280,2,1.711476,9606,,
akciğer grafisi (COVID-QU-Ex),11834,0,1,paket,0.010450300062075257,1,8192,855220,3,2.567214,17429,,
akciğer grafisi (COVID-QU-Ex),11853,0,3,paket,0.010597600019536912,1,8192,855830,2,1.711476,9128,,
akciğer grafisi (COVID-QU-Ex),11857,0,3,paket,0.010253299959003925,1,8192,855904,2,1.711476,14990,,
akciğer grafisi (COVID-QU-Ex),11883,0,2,paket,0.010291700018569827,1,8192,855266,2,1.711476,15388,,
akciğer grafisi (COVID-QU-Ex),11902,0,0,paket,0.01008529996033758,1,8192,855823,2,1.711476,11184,,
akciğer grafisi (COVID-QU-Ex),11915,0,1,paket,0.010106800007633865,1,8192,855293,2,1.711476,10397,,
akciğer grafisi (COVID-QU-Ex),11917,0,0,paket,0.010107000009156764,1,8192,855455,2,1.711476,13159,,
akciğer grafisi (COVID-QU-Ex),11942,0,4,paket,0.010262400028295815,1,8192,855559,3,2.567214,22383,,
akciğer grafisi (COVID-QU-Ex),11995,0,4,paket,0.010047099902294576,1,8192,855737,2,1.711476,15778,,
akciğer grafisi (COVID-QU-Ex),12001,0,2,paket,0.01010760001372546,1,8192,855594,3,2.567214,22559,,
akciğer grafisi (COVID-QU-Ex),12007,0,3,paket,0.010250200051814318,1,8192,855682,3,2.567214,20050,,
akciğer grafisi (COVID-QU-Ex),12010,0,2,paket,0.00982170004863292,1,8192,856118,2,1.711476,11788,,
akciğer grafisi (COVID-QU-Ex),12018,0,3,paket,0.01215369999408722,1,8192,855357,2,1.711476,11397,,
akciğer grafisi (COVID-QU-Ex),12089,0,2,paket,0.009902100078761578,1,8192,855362,2,1.711476,12857,,
akciğer grafisi (COVID-QU-Ex),12094,0,2,paket,0.009734599967487156,1,8192,855270,3,2.567214,16874,,
akciğer grafisi (COVID-QU-Ex),12098,0,3,paket,0.009927900042384863,1,8192,856308,2,1.711476,12384,,
akciğer grafisi (COVID-QU-Ex),12100,0,4,paket,0.010282499948516488,1,8192,854439,2,1.711476,11552,,
akciğer grafisi (COVID-QU-Ex),12109,0,1,paket,0.010071200085803866,1,8192,856040,2,1.711476,11296,,
akciğer grafisi (COVID-QU-Ex),12115,0,3,paket,0.010348400101065636,1,8192,855292,2,1.711476,8246,,
akciğer grafisi (COVID-QU-Ex),12131,0,2,paket,0.010284499963745475,1,8192,855057,2,1.711476,15504,,
akciğer grafisi (COVID-QU-Ex),12132,0,1,paket,0.010191699955612421,1,8192,855258,2,1.711476,15826,,
akciğer grafisi (COVID-QU-Ex),12140,0,1,paket,0.010074600111693144,1,8192,855281,2,1.711476,15976,,
akciğer grafisi (COVID-QU-Ex),12142,0,3,paket,0.010321600013412535,1,8192,855877,2,1.711476,15843,,
akciğer grafisi (COVID-QU-Ex),12150,0,0,paket,0.010927299968898296,1,8192,855748,3,2.567214,18764,,
akciğer grafisi (COVID-QU-Ex),12158,0,4,paket,0.010573199950158596,1,8192,855344,2,1.711476,10322,,
akciğer grafisi (COVID-QU-Ex),12161,0,2,paket,0.01117259997408837,1,8192,855987,2,1.711476,12941,,
akciğer grafisi (COVID-QU-Ex),12163,0,3,paket,0.00981259997934103,1,8192,855427,2,1.711476,9608,,
akciğer grafisi (COVID-QU-Ex),12203,0,3,paket,0.010531499981880188,1,8192,855718,1,0.855738,7315,,
akciğer grafisi (COVID-QU-Ex),12217,0,4,paket,0.010067999945022166,1,8192,855386,2,1.711476,13136,,
akciğer grafisi (COVID-QU-Ex),12224,0,2,paket,0.011167099932208657,1,8192,856015,2,1.711476,11414,,
akciğer grafisi (COVID-QU-Ex),12233,0,2,paket,0.010160999954678118,1,8192,855280,3,2.567214,22979,,
akciğer grafisi (COVID-QU-Ex),12237,0,3,paket,0.0104910999070853,1,8192,855209,2,1.711476,14864,,
akciğer grafisi (COVID-QU-Ex),12259,0,4,paket,0.010018799919635057,1,8192,855828,2,1.711476,13080,,
akciğer grafisi (COVID-QU-Ex),12260,0,2,paket,0.010103399981744587,1,8192,854896,2,1.711476,12945,,
akciğer grafisi (COVID-QU-Ex),12264,0,4,paket,0.010264200042001903,1,8192,856003,3,2.567214,19146,,
akciğer grafisi (COVID-QU-Ex),12274,0,1,paket,0.010386499925516546,1,8192,855922,3,2.567214,19621,,
akciğer grafisi (COVID-QU-Ex),12286,0,1,paket,0.01021710003260523,1,8192,856036,1,0.855738,6048,,
akciğer grafisi (COVID-QU-Ex),12311,0,2,paket,0.010354700032621622,1,8192,855898,2,1.711476,10430,,
akciğer grafisi (COVID-QU-Ex),12329,0,2,paket,0.01028829999268055,1,8192,855289,3,2.567214,17030,,
akciğer grafisi (COVID-QU-Ex),12331,0,1,paket,0.00992690003477037,1,8192,855318,3,2.567214,17587,,
akciğer grafisi (COVID-QU-Ex),12339,0,0,paket,0.010049500036984682,1,8192,856150,3,2.567214,20883,,
akciğer grafisi (COVID-QU-Ex),12345,0,2,paket,0.010301399976015091,1,8192,855699,2,1.711476,15905,,
akciğer grafisi (COVID-QU-Ex),12346,0,4,paket,0.01015940005891025,1,8192,855315,2,1.711476,12222,,
akciğer grafisi (COVID-QU-Ex),12356,0,0,paket,0.009995599975809455,1,8192,855480,3,2.567214,17617,,
akciğer grafisi (COVID-QU-Ex),12369,0,3,paket,0.009995099972002208,1,8192,856125,2,1.711476,16040,,
akciğer grafisi (COVID-QU-Ex),12380,0,2,paket,0.010023899958468974,1,8192,856199,2,1.711476,13288,,
akciğer grafisi (COVID-QU-Ex),12382,0,2,paket,0.0106423000106588,1,8192,855374,2,1.711476,8287,,
akciğer grafisi (COVID-QU-Ex),12399,0,4,paket,0.010013899998739362,1,8192,855441,2,1.711476,15145,,
akciğer grafisi (COVID-QU-Ex),12422,0,0,paket,0.01002889999654144,1,8192,856088,2,1.711476,15679,,
akciğer grafisi (COVID-QU-Ex),12430,0,4,paket,0.009916499955579638,1,8192,855543,2,1.711476,14969,,
akciğer grafisi (COVID-QU-Ex),12434,0,4,paket,0.009966099984012544,1,8192,856050,2,1.711476,11405,,
akciğer grafisi (COVID-QU-Ex),12442,0,3,paket,0.009974299930036068,1,8192,855770,2,1.711476,14768,,
akciğer grafisi (COVID-QU-Ex),12448,0,3,paket,0.010242499993182719,1,8192,854462,2,1.711476,14573,,
akciğer grafisi (COVID-QU-Ex),12467,0,0,paket,0.010272199986502528,1,8192,856133,2,1.711476,14064,,
akciğer grafisi (COVID-QU-Ex),12471,0,0,paket,0.010452899965457618,1,8192,855863,2,1.711476,12657,,
akciğer grafisi (COVID-QU-Ex),12496,0,3,paket,0.010103700100444257,1,8192,855824,2,1.711476,11790,,
akciğer grafisi (COVID-QU-Ex),12517,0,2,paket,0.010852199979126453,1,8192,855600,3,2.567214,20889,,
akciğer grafisi (COVID-QU-Ex),12518,0,4,paket,0.010407099965959787,1,8192,855341,4,3.422952,25118,,
akciğer grafisi (COVID-QU-Ex),12522,0,0,paket,0.009965900098904967,1,8192,855941,2,1.711476,12793,,
akciğer grafisi (COVID-QU-Ex),12525,0,0,paket,0.010159599944017828,1,8192,856000,2,1.711476,9250,,
akciğer grafisi (COVID-QU-Ex),12541,0,0,paket,0.010207199957221746,1,8192,856209,2,1.711476,9620,,
akciğer grafisi (COVID-QU-Ex),12550,0,2,paket,0.010509500047191978,1,8192,855156,3,2.567214,16839,,
akciğer grafisi (COVID-QU-Ex),12557,0,4,paket,0.011454800027422607,1,8192,855948,2,1.711476,14097,,
akciğer grafisi (COVID-QU-Ex),12561,0,3,paket,0.010256299981847405,1,8192,855473,2,1.711476,14119,,
akciğer grafisi (COVID-QU-Ex),12564,0,2,paket,0.010328599950298667,1,8192,856237,2,1.711476,14363,,
akciğer grafisi (COVID-QU-Ex),12569,0,1,paket,0.00996970001142472,1,8192,855331,3,2.567214,17923,,
akciğer grafisi (COVID-QU-Ex),12575,0,2,paket,0.01028509996831417,1,8192,855507,2,1.711476,12188,,
akciğer grafisi (COVID-QU-Ex),12582,0,2,paket,0.010042699985206127,1,8192,856115,2,1.711476,9985,,
akciğer grafisi (COVID-QU-Ex),12614,0,4,paket,0.009946999954991043,1,8192,856065,2,1.711476,9329,,
akciğer grafisi (COVID-QU-Ex),12620,0,2,paket,0.00998750003054738,1,8192,855746,1,0.855738,8174,,
akciğer grafisi (COVID-QU-Ex),12622,0,3,paket,0.010349599993787706,1,8192,855434,3,2.567214,16543,,
akciğer grafisi (COVID-QU-Ex),12642,0,0,paket,0.010340700042434037,1,8192,855336,2,1.711476,14392,,
akciğer grafisi (COVID-QU-Ex),12673,0,2,paket,0.010134899988770485,1,8192,855997,3,2.567214,24418,,
akciğer grafisi (COVID-QU-Ex),12689,0,0,paket,0.010069799958728254,1,8192,856120,2,1.711476,14829,,
akciğer grafisi (COVID-QU-Ex),12744,0,4,paket,0.010249199927784503,1,8192,856121,3,2.567214,22197,,
akciğer grafisi (COVID-QU-Ex),12745,0,4,paket,0.010304800001904368,1,8192,855478,3,2.567214,16519,,
akciğer grafisi (COVID-QU-Ex),12750,0,3,paket,0.009882100042887032,1,8192,855091,2,1.711476,10434,,
akciğer grafisi (COVID-QU-Ex),12761,0,2,paket,0.009790800046175718,1,8192,856197,2,1.711476,11899,,
akciğer grafisi (COVID-QU-Ex),12766,0,3,paket,0.011065100086852908,1,8192,854719,3,2.567214,19546,,
akciğer grafisi (COVID-QU-Ex),12772,0,4,paket,0.009912400040775537,1,8192,855632,2,1.711476,11347,,
akciğer grafisi (COVID-QU-Ex),12785,0,3,paket,0.010173100046813488,1,8192,856272,2,1.711476,12243,,
akciğer grafisi (COVID-QU-Ex),12830,0,3,paket,0.01010299997869879,1,8192,855401,2,1.711476,14107,,
akciğer grafisi (COVID-QU-Ex),12831,0,4,paket,0.009987900033593178,1,8192,855255,2,1.711476,15377,,
akciğer grafisi (COVID-QU-Ex),12835,0,4,paket,0.009985500015318394,1,8192,855839,2,1.711476,10340,,
akciğer grafisi (COVID-QU-Ex),12840,0,1,paket,0.010050900047644973,1,8192,855242,3,2.567214,16925,,
akciğer grafisi (COVID-QU-Ex),12857,0,2,paket,0.010382600012235343,1,8192,856041,3,2.567214,19115,,
akciğer grafisi (COVID-QU-Ex),12864,0,1,paket,0.010337699903175235,1,8192,854899,2,1.711476,14079,,
akciğer grafisi (COVID-QU-Ex),12890,0,0,paket,0.010570700047537684,1,8192,855179,2,1.711476,14075,,
akciğer grafisi (COVID-QU-Ex),12902,0,2,paket,0.009980799979530275,1,8192,855798,2,1.711476,12673,,
akciğer grafisi (COVID-QU-Ex),12925,0,2,paket,0.010055299964733422,1,8192,856036,2,1.711476,15006,,
akciğer grafisi (COVID-QU-Ex),12927,0,1,paket,0.010050600045360625,1,8192,855318,2,1.711476,15898,,
akciğer grafisi (COVID-QU-Ex),12934,0,1,paket,0.010098699945956469,1,8192,855601,2,1.711476,14637,,
akciğer grafisi (COVID-QU-Ex),12935,0,4,paket,0.010729499976150692,1,8192,854520,3,2.567214,16392,,
akciğer grafisi (COVID-QU-Ex),12945,0,0,paket,0.010441999998874962,1,8192,855249,2,1.711476,8852,,
akciğer grafisi (COVID-QU-Ex),12947,0,1,paket,0.010269299964420497,1,8192,855342,2,1.711476,9129,,
akciğer grafisi (COVID-QU-Ex),12964,0,0,paket,0.010085699963383377,1,8192,856074,2,1.711476,10986,,
akciğer grafisi (COVID-QU-Ex),12970,0,0,paket,0.010073699988424778,1,8192,855270,2,1.711476,13081,,
akciğer grafisi (COVID-QU-Ex),12977,0,2,paket,0.009990400052629411,1,8192,855976,3,2.567214,18449,,
akciğer grafisi (COVID-QU-Ex),12978,0,4,paket,0.009902600082568824,1,8192,855243,3,2.567214,17861,,
akciğer grafisi (COVID-QU-Ex),12984,0,4,paket,0.0100895999930799,1,8192,856098,3,2.567214,17676,,
akciğer grafisi (COVID-QU-Ex),13019,0,0,paket,0.010668799979612231,1,8192,855324,2,1.711476,10394,,
akciğer grafisi (COVID-QU-Ex),13027,0,0,paket,0.010198300005868077,1,8192,855319,2,1.711476,16124,,
akciğer grafisi (COVID-QU-Ex),13032,0,1,paket,0.010005100048147142,1,8192,855980,3,2.567214,18120,,
akciğer grafisi (COVID-QU-Ex),13041,0,1,paket,0.010027899988926947,1,8192,855490,3,2.567214,16439,,
akciğer grafisi (COVID-QU-Ex),13048,0,3,paket,0.010310800047591329,1,8192,855233,2,1.711476,13403,,
akciğer grafisi (COVID-QU-Ex),13049,0,4,paket,0.010006500058807433,1,8192,855929,2,1.711476,13427,,
akciğer grafisi (COVID-QU-Ex),13070,0,4,paket,0.009931699954904616,1,8192,855500,3,2.567214,17423,,
akciğer grafisi (COVID-QU-Ex),13091,0,3,paket,0.011336699943058193,1,8192,855317,2,1.711476,14984,,
akciğer grafisi (COVID-QU-Ex),13092,0,0,paket,0.009993900079280138,1,8192,856109,2,1.711476,11725,,
akciğer grafisi (COVID-QU-Ex),13093,0,0,paket,0.010192300076596439,1,8192,855885,3,2.567214,17410,,
akciğer grafisi (COVID-QU-Ex),13095,0,2,paket,0.010559100075624883,1,8192,855118,2,1.711476,12909,,
akciğer grafisi (COVID-QU-Ex),13103,0,4,paket,0.011496999999508262,1,8192,855189,2,1.711476,11934,,
akciğer grafisi (COVID-QU-Ex),13110,0,1,paket,0.010373600060120225,1,8192,855446,2,1.711476,11499,,
akciğer grafisi (COVID-QU-Ex),13128,0,4,paket,0.009958399925380945,1,8192,855274,2,1.711476,14492,,
akciğer grafisi (COVID-QU-Ex),13129,0,1,paket,0.009925900027155876,1,8192,855812,2,1.711476,15478,,
akciğer grafisi (COVID-QU-Ex),13137,0,4,paket,0.0109577999683097,1,8192,855199,3,2.567214,17072,,
akciğer grafisi (COVID-QU-Ex),13148,0,4,paket,0.009929200052283704,1,8192,855931,2,1.711476,11345,,
akciğer grafisi (COVID-QU-Ex),13153,0,1,paket,0.009656399954110384,1,8192,855327,2,1.711476,15240,,
akciğer grafisi (COVID-QU-Ex),13206,0,3,paket,0.010354400030337274,1,8192,855957,2,1.711476,12770,,
akciğer grafisi (COVID-QU-Ex),13207,0,0,paket,0.010014700004830956,1,8192,855385,2,1.711476,12686,,
akciğer grafisi (COVID-QU-Ex),13214,0,0,paket,0.010005200048908591,1,8192,855338,3,2.567214,16981,,
akciğer grafisi (COVID-QU-Ex),13222,0,0,paket,0.012378999963402748,1,8192,856071,2,1.711476,15554,,
akciğer grafisi (COVID-QU-Ex),13281,0,1,paket,0.010136199998669326,1,8192,855243,2,1.711476,13173,,
akciğer grafisi (COVID-QU-Ex),13284,0,0,paket,0.010316499974578619,1,8192,856027,2,1.711476,16205,,
akciğer grafisi (COVID-QU-Ex),13298,0,4,paket,0.00991789996623993,1,8192,855828,2,1.711476,10227,,
akciğer grafisi (COVID-QU-Ex),13308,0,0,paket,0.010638199979439378,1,8192,856034,2,1.711476,14543,,
akciğer grafisi (COVID-QU-Ex),13325,0,2,paket,0.012282000039704144,1,8192,855217,2,1.711476,11123,,
akciğer grafisi (COVID-QU-Ex),13326,0,3,paket,0.010231199907138944,1,8192,855905,2,1.711476,13893,,
akciğer grafisi (COVID-QU-Ex),13327,0,1,paket,0.011043300037272274,1,8192,855294,2,1.711476,10982,,
akciğer grafisi (COVID-QU-Ex),13330,0,3,paket,0.010029199998825788,1,8192,855237,3,2.567214,22230,,
akciğer grafisi (COVID-QU-Ex),13336,0,1,paket,0.01027189998421818,1,8192,855239,2,1.711476,10716,,
akciğer grafisi (COVID-QU-Ex),13356,0,0,paket,0.010054499958641827,1,8192,855885,2,1.711476,13259,,
akciğer grafisi (COVID-QU-Ex),13377,0,1,paket,0.01083479996304959,1,8192,855234,2,1.711476,11469,,
akciğer grafisi (COVID-QU-Ex),13411,0,2,paket,0.010294599924236536,1,8192,855753,2,1.711476,13859,,
akciğer grafisi (COVID-QU-Ex),13418,0,2,paket,0.010312800062820315,1,8192,855409,2,1.711476,15809,,
akciğer grafisi (COVID-QU-Ex),13420,0,2,paket,0.010417899931780994,1,8192,856125,3,2.567214,17463,,
akciğer grafisi (COVID-QU-Ex),13424,0,4,paket,0.00991639995481819,1,8192,856313,2,1.711476,12927,,
akciğer grafisi (COVID-QU-Ex),13428,0,4,paket,0.010187900043092668,1,8192,855423,2,1.711476,11886,,
akciğer grafisi (COVID-QU-Ex),13445,0,4,paket,0.010037599946372211,1,8192,856100,2,1.711476,16339,,
akciğer grafisi (COVID-QU-Ex),13465,0,3,paket,0.010243299999274313,1,8192,855423,2,1.711476,10747,,
akciğer grafisi (COVID-QU-Ex),13472,0,1,paket,0.00994460005313158,1,8192,854969,1,0.855738,6500,,
akciğer grafisi (COVID-QU-Ex),13489,0,2,paket,0.010025799972936511,1,8192,855662,2,1.711476,16275,,
akciğer grafisi (COVID-QU-Ex),13499,0,4,paket,0.010683599975891411,1,8192,856128,2,1.711476,11881,,
akciğer grafisi (COVID-QU-Ex),13502,0,3,paket,0.009923000005073845,1,8192,855949,3,2.567214,17038,,
akciğer grafisi (COVID-QU-Ex),13516,0,3,paket,0.009892500005662441,1,8192,855725,2,1.711476,15645,,
akciğer grafisi (COVID-QU-Ex),13531,0,4,paket,0.010172199923545122,1,8192,856033,3,2.567214,19516,,
akciğer grafisi (COVID-QU-Ex),13538,0,2,paket,0.01021720003336668,1,8192,855498,4,3.422952,27178,,
akciğer grafisi (COVID-QU-Ex),13580,0,3,paket,0.009986800025217235,1,8192,855873,3,2.567214,20026,,
akciğer grafisi (COVID-QU-Ex),13581,0,0,paket,0.010167800006456673,1,8192,855916,3,2.567214,17931,,
akciğer grafisi (COVID-QU-Ex),13588,0,1,paket,0.01024969993159175,1,8192,854964,3,2.567214,17319,,
akciğer grafisi (COVID-QU-Ex),13602,0,3,paket,0.010040899971500039,1,8192,856166,3,2.567214,20742,,
akciğer grafisi (COVID-QU-Ex),13604,0,4,paket,0.010028299991972744,1,8192,856137,2,1.711476,13099,,
akciğer grafisi (COVID-QU-Ex),13616,0,4,paket,0.010452399961650372,1,8192,855778,2,1.711476,12441,,
akciğer grafisi (COVID-QU-Ex),13618,0,4,paket,0.010190499946475029,1,8192,855539,3,2.567214,17267,,
akciğer grafisi (COVID-QU-Ex),13625,0,3,paket,0.01017440005671233,1,8192,855263,2,1.711476,13814,,
akciğer grafisi (COVID-QU-Ex),13629,0,4,paket,0.010452700080350041,1,8192,855325,2,1.711476,9609,,
akciğer grafisi (COVID-QU-Ex),13642,0,3,paket,0.010763400001451373,1,8192,855286,2,1.711476,11033,,
akciğer grafisi (COVID-QU-Ex),13647,0,3,paket,0.010130299953743815,1,8192,856013,2,1.711476,15301,,
akciğer grafisi (COVID-QU-Ex),13656,0,4,paket,0.01248999999370426,1,8192,855297,2,1.711476,15529,,
akciğer grafisi (COVID-QU-Ex),13671,0,3,paket,0.0110395000083372,1,8192,855852,2,1.711476,12042,,
akciğer grafisi (COVID-QU-Ex),13700,0,1,paket,0.010143699939362705,1,8192,856179,2,1.711476,9088,,
akciğer grafisi (COVID-QU-Ex),13705,0,0,paket,0.010318299988284707,1,8192,854917,2,1.711476,8502,,
akciğer grafisi (COVID-QU-Ex),13721,0,0,paket,0.010604499955661595,1,8192,855248,2,1.711476,11384,,
akciğer grafisi (COVID-QU-Ex),13722,0,1,paket,0.009956000023521483,1,8192,856207,2,1.711476,13367,,
akciğer grafisi (COVID-QU-Ex),13724,0,1,paket,0.009906399995088577,1,8192,855874,2,1.711476,11991,,
akciğer grafisi (COVID-QU-Ex),13741,0,3,paket,0.010065499925985932,1,8192,856075,3,2.567214,20700,,
akciğer grafisi (COVID-QU-Ex),13745,0,0,paket,0.010444100014865398,1,8192,855535,3,2.567214,16836,,
akciğer grafisi (COVID-QU-Ex),13748,0,1,paket,0.009980799979530275,1,8192,856114,2,1.711476,15384,,
akciğer grafisi (COVID-QU-Ex),13751,0,0,paket,0.010010599973611534,1,8192,855184,3,2.567214,16688,,
akciğer grafisi (COVID-QU-Ex),13759,0,0,paket,0.010063800029456615,1,8192,856006,2,1.711476,15975,,
akciğer grafisi (COVID-QU-Ex),13763,0,1,paket,0.010008499957621098,1,8192,855741,2,1.711476,9211,,
akciğer grafisi (COVID-QU-Ex),13772,0,2,paket,0.010111500043421984,1,8192,855883,3,2.567214,16796,,
akciğer grafisi (COVID-QU-Ex),13775,0,2,paket,0.010233599925413728,1,8192,856154,3,2.567214,23543,,
akciğer grafisi (COVID-QU-Ex),13776,0,1,paket,0.010294700041413307,1,8192,856148,2,1.711476,15773,,
akciğer grafisi (COVID-QU-Ex),13803,0,4,paket,0.010031300014816225,1,8192,855317,2,1.711476,14290,,
akciğer grafisi (COVID-QU-Ex),13815,0,2,paket,0.009900599950924516,1,8192,855020,2,1.711476,14708,,
akciğer grafisi (COVID-QU-Ex),13820,0,4,paket,0.00996509997639805,1,8192,855266,4,3.422952,25892,,
akciğer grafisi (COVID-QU-Ex),13822,0,4,paket,0.010123299900442362,1,8192,856207,3,2.567214,19979,,
akciğer grafisi (COVID-QU-Ex),13838,0,2,paket,0.010749900015071034,1,8192,855986,2,1.711476,9933,,
akciğer grafisi (COVID-QU-Ex),13859,0,1,paket,0.011604800005443394,1,8192,855936,3,2.567214,17133,,
akciğer grafisi (COVID-QU-Ex),13903,0,2,paket,0.010008599958382547,1,8192,855306,3,2.567214,18958,,
akciğer grafisi (COVID-QU-Ex),13905,0,1,paket,0.009958100039511919,1,8192,855261,2,1.711476,10158,,
akciğer grafisi (COVID-QU-Ex),13924,0,0,paket,0.010601500049233437,1,8192,856048,3,2.567214,18363,,
akciğer grafisi (COVID-QU-Ex),13944,0,4,paket,0.009881899924948812,1,8192,856306,2,1.711476,11122,,
akciğer grafisi (COVID-QU-Ex),13950,0,2,paket,0.009933399967849255,1,8192,856286,2,1.711476,12689,,
akciğer grafisi (COVID-QU-Ex),13951,0,1,paket,0.010964800021611154,1,8192,855326,3,2.567214,21290,,
akciğer grafisi (COVID-QU-Ex),13952,0,3,paket,0.010163499973714352,1,8192,856214,2,1.711476,11886,,
akciğer grafisi (COVID-QU-Ex),13959,0,2,paket,0.010082899942062795,1,8192,855824,2,1.711476,12901,,
akciğer grafisi (COVID-QU-Ex),13973,0,2,paket,0.009863300016149879,1,8192,855308,3,2.567214,17646,,
akciğer grafisi (COVID-QU-Ex),13986,0,0,paket,0.010295000043697655,1,8192,856177,3,2.567214,18355,,
akciğer grafisi (COVID-QU-Ex),13994,0,2,paket,0.009947400074452162,1,8192,856039,2,1.711476,10640,,
akciğer grafisi (COVID-QU-Ex),14014,0,0,paket,0.00998159998562187,1,8192,855480,2,1.711476,13053,,
akciğer grafisi (COVID-QU-Ex),14036,0,0,paket,0.010249100043438375,1,8192,855313,3,2.567214,19063,,
akciğer grafisi (COVID-QU-Ex),14049,0,0,paket,0.009856299962848425,1,8192,855251,3,2.567214,17584,,
akciğer grafisi (COVID-QU-Ex),14061,0,0,paket,0.010316199972294271,1,8192,856037,3,2.567214,17932,,
akciğer grafisi (COVID-QU-Ex),14065,0,2,paket,0.009860699996352196,1,8192,855808,2,1.711476,12026,,
akciğer grafisi (COVID-QU-Ex),14066,0,3,paket,0.010159000055864453,1,8192,856039,2,1.711476,11534,,
akciğer grafisi (COVID-QU-Ex),14071,0,3,paket,0.009878599899820983,1,8192,855315,2,1.711476,10116,,
akciğer grafisi (COVID-QU-Ex),14109,0,2,paket,0.010178999975323677,1,8192,855241,2,1.711476,12683,,
akciğer grafisi (COVID-QU-Ex),14115,0,2,paket,0.010492300032638013,1,8192,856133,3,2.567214,17331,,
akciğer grafisi (COVID-QU-Ex),14127,0,0,paket,0.00994599994737655,1,8192,855352,2,1.711476,13008,,
akciğer grafisi (COVID-QU-Ex),14130,0,3,paket,0.009996599983423948,1,8192,854821,2,1.711476,10586,,
akciğer grafisi (COVID-QU-Ex),14159,0,1,paket,0.0100115000968799,1,8192,855336,2,1.711476,12375,,
akciğer grafisi (COVID-QU-Ex),14228,0,4,paket,0.010180999990552664,1,8192,855545,3,2.567214,22451,,
akciğer grafisi (COVID-QU-Ex),14242,0,1,paket,0.00996820000000298,1,8192,856136,3,2.567214,20221,,
akciğer grafisi (COVID-QU-Ex),14252,0,4,paket,0.010114200063981116,1,8192,855928,2,1.711476,13388,,
akciğer grafisi (COVID-QU-Ex),14260,0,1,paket,0.010202100034803152,1,8192,855517,3,2.567214,17319,,
akciğer grafisi (COVID-QU-Ex),14265,0,2,paket,0.010111000039614737,1,8192,855385,2,1.711476,13398,,
akciğer grafisi (COVID-QU-Ex),14266,0,2,paket,0.0099576999200508,1,8192,854484,2,1.711476,13713,,
akciğer grafisi (COVID-QU-Ex),14273,0,3,paket,0.009914200054481626,1,8192,855926,2,1.711476,12896,,
akciğer grafisi (COVID-QU-Ex),14293,0,0,paket,0.009992499952204525,1,8192,856234,2,1.711476,13928,,
akciğer grafisi (COVID-QU-Ex),14320,0,1,paket,0.010236000060103834,1,8192,855943,2,1.711476,11973,,
akciğer grafisi (COVID-QU-Ex),14362,0,1,paket,0.010226599988527596,1,8192,854425,2,1.711476,9815,,
akciğer grafisi (COVID-QU-Ex),14372,0,1,paket,0.010724600055254996,1,8192,855203,2,1.711476,12562,,
akciğer grafisi (COVID-QU-Ex),14389,0,1,paket,0.009922500001266599,1,8192,855944,2,1.711476,12076,,
akciğer grafisi (COVID-QU-Ex),14390,0,0,paket,0.00994470005389303,1,8192,855799,2,1.711476,11869,,
akciğer grafisi (COVID-QU-Ex),14417,0,2,paket,0.010078900028020144,1,8192,855280,3,2.567214,18016,,
akciğer grafisi (COVID-QU-Ex),14423,0,4,paket,0.009976200060918927,1,8192,855856,2,1.711476,13097,,
akciğer grafisi (COVID-QU-Ex),14431,0,3,paket,0.010369000025093555,1,8192,855193,2,1.711476,12830,,
akciğer grafisi (COVID-QU-Ex),14434,0,1,paket,0.010102600092068315,1,8192,856120,3,2.567214,21279,,
akciğer grafisi (COVID-QU-Ex),14444,0,1,paket,0.010035199928097427,1,8192,855367,2,1.711476,11822,,
akciğer grafisi (COVID-QU-Ex),14448,1,2,paket,0.010074599995277822,1,8192,856125,2,1.711476,8906,,
akciğer grafisi (COVID-QU-Ex),14459,1,2,paket,0.010313800070434809,1,8192,855788,1,0.855738,6599,,
akciğer grafisi (COVID-QU-Ex),14463,1,3,paket,0.010677999933250248,1,8192,855303,3,2.567214,18792,,
akciğer grafisi (COVID-QU-Ex),14501,1,2,paket,0.00995650002732873,1,8192,856190,2,1.711476,15099,,
akciğer grafisi (COVID-QU-Ex),14516,1,4,paket,0.009888599975965917,1,8192,855447,3,2.567214,16891,,
akciğer grafisi (COVID-QU-Ex),14536,1,3,paket,0.009964599972590804,1,8192,855637,2,1.711476,10799,,
akciğer grafisi (COVID-QU-Ex),14542,1,4,paket,0.01011800009291619,1,8192,856092,2,1.711476,13551,,
akciğer grafisi (COVID-QU-Ex),14567,1,1,paket,0.010016700020059943,1,8192,854760,2,1.711476,11416,,
akciğer grafisi (COVID-QU-Ex),14576,1,2,paket,0.010141699924133718,1,8192,855034,2,1.711476,11868,,
akciğer grafisi (COVID-QU-Ex),14582,1,2,paket,0.010286899982020259,1,8192,855263,2,1.711476,10465,,
akciğer grafisi (COVID-QU-Ex),14591,1,4,paket,0.010176699957810342,1,8192,856246,2,1.711476,12176,,
akciğer grafisi (COVID-QU-Ex),14595,1,2,paket,0.010272299987263978,1,8192,855713,3,2.567214,19468,,
akciğer grafisi (COVID-QU-Ex),14600,1,1,paket,0.010191599954850972,1,8192,854576,2,1.711476,10013,,
akciğer grafisi (COVID-QU-Ex),14629,1,2,paket,0.009915399947203696,1,8192,856109,3,2.567214,17666,,
akciğer grafisi (COVID-QU-Ex),14630,1,2,paket,0.010202900040894747,1,8192,856079,3,2.567214,16510,,
akciğer grafisi (COVID-QU-Ex),14637,1,3,paket,0.009913900052197278,1,8192,855403,3,2.567214,16966,,
akciğer grafisi (COVID-QU-Ex),14644,1,3,paket,0.009980199974961579,1,8192,856061,3,2.567214,17050,,
akciğer grafisi (COVID-QU-Ex),14648,1,4,paket,0.009928799932822585,1,8192,855337,2,1.711476,12425,,
akciğer grafisi (COVID-QU-Ex),14660,1,2,paket,0.010020099929533899,1,8192,855283,4,3.422952,24714,,
akciğer grafisi (COVID-QU-Ex),14669,1,4,paket,0.010721499915234745,1,8192,856147,3,2.567214,17284,,
akciğer grafisi (COVID-QU-Ex),14713,1,4,paket,0.010561399976722896,1,8192,856002,3,2.567214,19998,,
akciğer grafisi (COVID-QU-Ex),14729,1,3,paket,0.01006460003554821,1,8192,855274,2,1.711476,15841,,
akciğer grafisi (COVID-QU-Ex),14739,1,1,paket,0.01077880000229925,1,8192,855357,2,1.711476,15423,,
akciğer grafisi (COVID-QU-Ex),14750,1,2,paket,0.010065600043162704,1,8192,855409,2,1.711476,11979,,
akciğer grafisi (COVID-QU-Ex),14754,1,4,paket,0.010403899941593409,1,8192,854275,2,1.711476,10272,,
akciğer grafisi (COVID-QU-Ex),14757,1,3,paket,0.010190400062128901,1,8192,856208,2,1.711476,9147,,
akciğer grafisi (COVID-QU-Ex),14767,1,0,paket,0.010390300070866942,1,8192,856058,2,1.711476,11030,,
akciğer grafisi (COVID-QU-Ex),14774,1,3,paket,0.00997280003502965,1,8192,855754,3,2.567214,22421,,
akciğer grafisi (COVID-QU-Ex),14843,1,0,paket,0.010172100039198995,1,8192,855990,2,1.711476,12984,,
akciğer grafisi (COVID-QU-Ex),14852,1,3,paket,0.010271700099110603,1,8192,856144,2,1.711476,11356,,
akciğer grafisi (COVID-QU-Ex),14854,1,0,paket,0.009888499975204468,1,8192,856088,2,1.711476,12753,,
akciğer grafisi (COVID-QU-Ex),14862,1,0,paket,0.009829899994656444,1,8192,856092,3,2.567214,20033,,
akciğer grafisi (COVID-QU-Ex),14868,1,2,paket,0.01004369999282062,1,8192,855508,3,2.567214,18805,,
akciğer grafisi (COVID-QU-Ex),14870,1,1,paket,0.010941799962893128,1,8192,856114,2,1.711476,14914,,
akciğer grafisi (COVID-QU-Ex),14871,1,1,paket,0.010539800045080483,1,8192,855386,2,1.711476,15882,,
akciğer grafisi (COVID-QU-Ex),14873,1,4,paket,0.01121130003593862,1,8192,855287,2,1.711476,12841,,
akciğer grafisi (COVID-QU-Ex),14874,1,0,paket,0.009976200060918927,1,8192,855276,2,1.711476,12290,,
akciğer grafisi (COVID-QU-Ex),14875,1,4,paket,0.01010900002438575,1,8192,855840,2,1.711476,12415,,
akciğer grafisi (COVID-QU-Ex),14878,1,4,paket,0.010219600051641464,1,8192,856064,3,2.567214,16488,,
akciğer grafisi (COVID-QU-Ex),14889,1,1,paket,0.009939600015059114,1,8192,856071,2,1.711476,14140,,
akciğer grafisi (COVID-QU-Ex),14908,1,2,paket,0.010094299912452698,1,8192,855534,3,2.567214,23956,,
akciğer grafisi (COVID-QU-Ex),14915,1,3,paket,0.01024219999089837,1,8192,855228,2,1.711476,14487,,
akciğer grafisi (COVID-QU-Ex),14917,1,2,paket,0.009957400034181774,1,8192,855846,2,1.711476,15135,,
akciğer grafisi (COVID-QU-Ex),14929,1,2,paket,0.010227699996903539,1,8192,856072,3,2.567214,18467,,
akciğer grafisi (COVID-QU-Ex),14971,1,4,paket,0.0102495999308303,1,8192,855727,3,2.567214,21799,,
akciğer grafisi (COVID-QU-Ex),14985,1,2,paket,0.010170099907554686,1,8192,855307,2,1.711476,10177,,
akciğer grafisi (COVID-QU-Ex),14994,1,1,paket,0.009966399986296892,1,8192,856178,4,3.422952,25246,,
akciğer grafisi (COVID-QU-Ex),15009,1,1,paket,0.009976900066249073,1,8192,855216,2,1.711476,15768,,
akciğer grafisi (COVID-QU-Ex),15012,1,0,paket,0.010429400019347668,1,8192,855904,2,1.711476,8446,,
akciğer grafisi (COVID-QU-Ex),15020,1,1,paket,0.010166899999603629,1,8192,856063,2,1.711476,16117,,
akciğer grafisi (COVID-QU-Ex),15023,1,0,paket,0.009972099913284183,1,8192,855135,2,1.711476,12824,,
akciğer grafisi (COVID-QU-Ex),15030,1,1,paket,0.009935299982316792,1,8192,855566,2,1.711476,14455,,
akciğer grafisi (COVID-QU-Ex),15032,1,2,paket,0.01005399995483458,1,8192,855323,2,1.711476,9870,,
akciğer grafisi (COVID-QU-Ex),15033,1,4,paket,0.009873300092294812,1,8192,855238,2,1.711476,14300,,
akciğer grafisi (COVID-QU-Ex),15037,1,2,paket,0.010162099963054061,1,8192,855711,2,1.711476,11899,,
akciğer grafisi (COVID-QU-Ex),15068,1,3,paket,0.010518800001591444,1,8192,855803,2,1.711476,10510,,
akciğer grafisi (COVID-QU-Ex),15075,1,1,paket,0.009966099984012544,1,8192,855218,2,1.711476,11630,,
akciğer grafisi (COVID-QU-Ex),15087,1,3,paket,0.01001119997818023,1,8192,855280,3,2.567214,16835,,
akciğer grafisi (COVID-QU-Ex),15098,1,2,paket,0.011484800023026764,1,8192,856000,3,2.567214,16661,,
akciğer grafisi (COVID-QU-Ex),15122,1,2,paket,0.009933799970895052,1,8192,855138,3,2.567214,17045,,
akciğer grafisi (COVID-QU-Ex),15126,1,1,paket,0.009941000025719404,1,8192,855165,2,1.711476,13696,,
akciğer grafisi (COVID-QU-Ex),15131,1,0,paket,0.009930799948051572,1,8192,856260,2,1.711476,12580,,
akciğer grafisi (COVID-QU-Ex),15132,1,4,paket,0.010622599977068603,1,8192,855660,1,0.855738,7425,,
akciğer grafisi (COVID-QU-Ex),15136,1,4,paket,0.010645800037309527,1,8192,855964,2,1.711476,15049,,
akciğer grafisi (COVID-QU-Ex),15140,1,3,paket,0.015988499973900616,1,8192,856082,2,1.711476,12504,,
akciğer grafisi (COVID-QU-Ex),15144,1,1,paket,0.010823399992659688,1,8192,855716,2,1.711476,12564,,
akciğer grafisi (COVID-QU-Ex),15162,1,3,paket,0.010184300015680492,1,8192,855242,2,1.711476,13098,,
akciğer grafisi (COVID-QU-Ex),15165,1,3,paket,0.009933899971656501,1,8192,855283,2,1.711476,14491,,
akciğer grafisi (COVID-QU-Ex),15174,1,2,paket,0.010047700023278594,1,8192,856099,2,1.711476,14631,,
akciğer grafisi (COVID-QU-Ex),15186,1,0,paket,0.010334399994462729,1,8192,855552,3,2.567214,19848,,
akciğer grafisi (COVID-QU-Ex),15188,1,3,paket,0.010605399962514639,1,8192,855385,3,2.567214,19255,,
akciğer grafisi (COVID-QU-Ex),15191,1,4,paket,0.010116599965840578,1,8192,856075,3,2.567214,17097,,
akciğer grafisi (COVID-QU-Ex),15204,1,0,paket,0.010004300042055547,1,8192,855172,2,1.711476,13063,,
akciğer grafisi (COVID-QU-Ex),15210,1,2,paket,0.009959899936802685,1,8192,855145,2,1.711476,14643,,
akciğer grafisi (COVID-QU-Ex),15230,1,3,paket,0.01017430005595088,1,8192,855329,2,1.711476,11874,,
akciğer grafisi (COVID-QU-Ex),15243,1,2,paket,0.01060400006826967,1,8192,856075,3,2.567214,16700,,
akciğer grafisi (COVID-QU-Ex),15245,1,4,paket,0.011110699968412519,1,8192,856052,2,1.711476,11880,,
akciğer grafisi (COVID-QU-Ex),15248,1,3,paket,0.01143209997098893,1,8192,856075,2,1.711476,11696,,
akciğer grafisi (COVID-QU-Ex),15283,1,3,paket,0.010249199927784503,1,8192,855870,2,1.711476,12846,,
akciğer grafisi (COVID-QU-Ex),15284,1,1,paket,0.010117300087586045,1,8192,856124,2,1.711476,14984,,
akciğer grafisi (COVID-QU-Ex),15296,1,0,paket,0.01038770005106926,1,8192,855251,2,1.711476,13000,,
akciğer grafisi (COVID-QU-Ex),15304,1,2,paket,0.009950899984687567,1,8192,855931,2,1.711476,15764,,
akciğer grafisi (COVID-QU-Ex),15324,1,0,paket,0.010746399988420308,1,8192,855435,2,1.711476,16380,,
akciğer grafisi (COVID-QU-Ex),15330,1,2,paket,0.010033900034613907,1,8192,855479,2,1.711476,12723,,
akciğer grafisi (COVID-QU-Ex),15332,1,4,paket,0.010187200037762523,1,8192,856227,2,1.711476,11651,,
akciğer grafisi (COVID-QU-Ex),15343,1,0,paket,0.010199000011198223,1,8192,856278,2,1.711476,10636,,
akciğer grafisi (COVID-QU-Ex),15363,1,3,paket,0.010024900082498789,1,8192,855255,3,2.567214,17414,,
akciğer grafisi (COVID-QU-Ex),15368,1,3,paket,0.009977499954402447,1,8192,855995,2,1.711476,11834,,
akciğer grafisi (COVID-QU-Ex),15382,1,4,paket,0.010551900020800531,1,8192,855327,2,1.711476,12248,,
akciğer grafisi (COVID-QU-Ex),15397,1,3,paket,0.010210899985395372,1,8192,855494,2,1.711476,11733,,
akciğer grafisi (COVID-QU-Ex),15409,1,1,paket,0.010125200031325221,1,8192,855861,2,1.711476,11621,,
akciğer grafisi (COVID-QU-Ex),15419,1,0,paket,0.010106700006872416,1,8192,854700,2,1.711476,15400,,
akciğer grafisi (COVID-QU-Ex),15440,1,0,paket,0.010435199947096407,1,8192,856003,2,1.711476,15757,,
akciğer grafisi (COVID-QU-Ex),15447,1,0,paket,0.010059099993668497,1,8192,855521,3,2.567214,22418,,
akciğer grafisi (COVID-QU-Ex),15452,1,1,paket,0.0101208999985829,1,8192,855818,2,1.711476,9899,,
akciğer grafisi (COVID-QU-Ex),15458,1,4,paket,0.009997299988754094,1,8192,855577,2,1.711476,12859,,
akciğer grafisi (COVID-QU-Ex),15491,1,2,paket,0.010130700073204935,1,8192,856142,2,1.711476,12413,,
akciğer grafisi (COVID-QU-Ex),15513,1,4,paket,0.010027599986642599,1,8192,855711,3,2.567214,18672,,
akciğer grafisi (COVID-QU-Ex),15515,1,3,paket,0.010032099904492497,1,8192,855443,2,1.711476,14161,,
akciğer grafisi (COVID-QU-Ex),15527,1,3,paket,0.009898299933411181,1,8192,854997,2,1.711476,14088,,
akciğer grafisi (COVID-QU-Ex),15552,1,2,paket,0.010242799995467067,1,8192,855812,2,1.711476,14801,,
akciğer grafisi (COVID-QU-Ex),15570,1,2,paket,0.010111800045706332,1,8192,856013,2,1.711476,14997,,
akciğer grafisi (COVID-QU-Ex),15574,1,3,paket,0.010357399936765432,1,8192,855105,3,2.567214,17661,,
akciğer grafisi (COVID-QU-Ex),15613,1,1,paket,0.010373900062404573,1,8192,855266,2,1.711476,12204,,
akciğer grafisi (COVID-QU-Ex),15624,1,3,paket,0.00994320004247129,1,8192,855739,3,2.567214,18490,,
akciğer grafisi (COVID-QU-Ex),15641,1,3,paket,0.010071099968627095,1,8192,855907,2,1.711476,14170,,
akciğer grafisi (COVID-QU-Ex),15656,1,4,paket,0.009952499996870756,1,8192,855940,2,1.711476,11241,,
akciğer grafisi (COVID-QU-Ex),15660,1,3,paket,0.010179699980653822,1,8192,856061,2,1.711476,12365,,
akciğer grafisi (COVID-QU-Ex),15673,1,1,paket,0.010374799952842295,1,8192,856242,2,1.711476,12751,,
akciğer grafisi (COVID-QU-Ex),15695,1,4,paket,0.009962799958884716,1,8192,855211,3,2.567214,17377,,
akciğer grafisi (COVID-QU-Ex),15703,1,0,paket,0.010336400009691715,1,8192,856087,2,1.711476,13176,,
akciğer grafisi (COVID-QU-Ex),15708,1,1,paket,0.010290600010193884,1,8192,855591,2,1.711476,13620,,
akciğer grafisi (COVID-QU-Ex),15712,1,0,paket,0.009995399974286556,1,8192,855350,2,1.711476,10077,,
akciğer grafisi (COVID-QU-Ex),15722,1,0,paket,0.010282999952323735,1,8192,856153,2,1.711476,13960,,
akciğer grafisi (COVID-QU-Ex),15723,1,2,paket,0.009995600092224777,1,8192,855279,1,0.855738,5853,,
akciğer grafisi (COVID-QU-Ex),15724,1,4,paket,0.010171800036914647,1,8192,855973,3,2.567214,18571,,
akciğer grafisi (COVID-QU-Ex),15725,1,1,paket,0.010394399985671043,1,8192,855198,2,1.711476,11767,,
akciğer grafisi (COVID-QU-Ex),15734,1,2,paket,0.01007950003258884,1,8192,856169,2,1.711476,14541,,
akciğer grafisi (COVID-QU-Ex),15737,1,1,paket,0.010243299999274313,1,8192,856012,2,1.711476,11394,,
akciğer grafisi (COVID-QU-Ex),15747,1,2,paket,0.010087699978612363,1,8192,855696,1,0.855738,7009,,
akciğer grafisi (COVID-QU-Ex),15753,1,2,paket,0.010194400092586875,1,8192,855053,2,1.711476,13398,,
akciğer grafisi (COVID-QU-Ex),15763,1,0,paket,0.01266030000988394,1,8192,856044,3,2.567214,18613,,
akciğer grafisi (COVID-QU-Ex),15773,1,0,paket,0.009997299988754094,1,8192,856050,2,1.711476,12831,,
akciğer grafisi (COVID-QU-Ex),15795,1,4,paket,0.010591299971565604,1,8192,856038,3,2.567214,18847,,
akciğer grafisi (COVID-QU-Ex),15810,1,1,paket,0.010042300098575652,1,8192,855271,2,1.711476,14941,,
akciğer grafisi (COVID-QU-Ex),15826,1,4,paket,0.01010449999012053,1,8192,856195,2,1.711476,11099,,
akciğer grafisi (COVID-QU-Ex),15827,1,3,paket,0.0100273999851197,1,8192,855297,2,1.711476,9306,,
akciğer grafisi (COVID-QU-Ex),15832,1,0,paket,0.01036840002052486,1,8192,855982,2,1.711476,16381,,
akciğer grafisi (COVID-QU-Ex),15850,1,0,paket,0.010581800015643239,1,8192,855086,2,1.711476,16119,,
akciğer grafisi (COVID-QU-Ex),15892,1,1,paket,0.010002499911934137,1,8192,856209,1,0.855738,6897,,
akciğer grafisi (COVID-QU-Ex),15894,1,4,paket,0.010713900090195239,1,8192,855345,2,1.711476,16051,,
akciğer grafisi (COVID-QU-Ex),15906,1,3,paket,0.010100700077600777,1,8192,855224,3,2.567214,18238,,
akciğer grafisi (COVID-QU-Ex),15953,1,1,paket,0.009979100083000958,1,8192,855282,3,2.567214,22724,,
akciğer grafisi (COVID-QU-Ex),15957,1,2,paket,0.009936799993738532,1,8192,855805,2,1.711476,8816,,
akciğer grafisi (COVID-QU-Ex),15971,1,0,paket,0.01031339995097369,1,8192,855188,2,1.711476,14874,,
akciğer grafisi (COVID-QU-Ex),15977,1,3,paket,0.010005900054238737,1,8192,855250,3,2.567214,20460,,
akciğer grafisi (COVID-QU-Ex),15978,1,0,paket,0.010543699958361685,1,8192,856125,3,2.567214,21544,,
akciğer grafisi (COVID-QU-Ex),16001,1,2,paket,0.01035769993904978,1,8192,855364,3,2.567214,16419,,
akciğer grafisi (COVID-QU-Ex),16006,1,0,paket,0.010022299946285784,1,8192,856130,2,1.711476,12131,,
akciğer grafisi (COVID-QU-Ex),16015,1,4,paket,0.010160300065763295,1,8192,855536,2,1.711476,13040,,
akciğer grafisi (COVID-QU-Ex),16032,1,2,paket,0.00996659998781979,1,8192,855180,3,2.567214,17509,,
akciğer grafisi (COVID-QU-Ex),16038,1,4,paket,0.011413999949581921,1,8192,855172,2,1.711476,15878,,
akciğer grafisi (COVID-QU-Ex),16089,1,1,paket,0.010063399909995496,1,8192,856079,2,1.711476,12999,,
akciğer grafisi (COVID-QU-Ex),16093,1,2,paket,0.010039100074209273,1,8192,855785,3,2.567214,18019,,
akciğer grafisi (COVID-QU-Ex),16107,1,0,paket,0.010059799998998642,1,8192,855569,3,2.567214,17567,,
akciğer grafisi (COVID-QU-Ex),16113,1,0,paket,0.010495400056242943,1,8192,855344,2,1.711476,16004,,
akciğer grafisi (COVID-QU-Ex),16128,1,4,paket,0.01032509992364794,1,8192,856141,2,1.711476,12079,,
akciğer grafisi (COVID-QU-Ex),16138,1,0,paket,0.01041129999794066,1,8192,855256,3,2.567214,16868,,
akciğer grafisi (COVID-QU-Ex),16140,1,0,paket,0.009900499950163066,1,8192,856219,2,1.711476,12014,,
akciğer grafisi (COVID-QU-Ex),16147,1,1,paket,0.010110000032000244,1,8192,856152,2,1.711476,15245,,
akciğer grafisi (COVID-QU-Ex),16149,1,3,paket,0.010524100041948259,1,8192,855280,3,2.567214,22056,,
akciğer grafisi (COVID-QU-Ex),16157,1,4,paket,0.010240200092084706,1,8192,855538,3,2.567214,22651,,
akciğer grafisi (COVID-QU-Ex),16165,1,0,paket,0.009983500000089407,1,8192,856130,3,2.567214,18781,,
akciğer grafisi (COVID-QU-Ex),16176,1,3,paket,0.010336300008930266,1,8192,855351,3,2.567214,20483,,
akciğer grafisi (COVID-QU-Ex),16194,1,0,paket,0.010087599977850914,1,8192,856032,2,1.711476,12508,,
akciğer grafisi (COVID-QU-Ex),16203,1,3,paket,0.010182600002735853,1,8192,856194,2,1.711476,12614,,
akciğer grafisi (COVID-QU-Ex),16209,1,0,paket,0.010223600082099438,1,8192,855926,2,1.711476,13411,,
akciğer grafisi (COVID-QU-Ex),16215,1,4,paket,0.014228700078092515,1,8192,855622,2,1.711476,13731,,
akciğer grafisi (COVID-QU-Ex),16218,1,1,paket,0.010995700024068356,1,8192,856172,2,1.711476,15215,,
akciğer grafisi (COVID-QU-Ex),16226,1,2,paket,0.010023800074122846,1,8192,855797,2,1.711476,15936,,
akciğer grafisi (COVID-QU-Ex),16227,1,4,paket,0.01004970003850758,1,8192,855226,3,2.567214,23005,,
akciğer grafisi (COVID-QU-Ex),16234,1,0,paket,0.010271399980410933,1,8192,855033,2,1.711476,15553,,
akciğer grafisi (COVID-QU-Ex),16240,1,4,paket,0.010549800004810095,1,8192,855298,2,1.711476,8572,,
akciğer grafisi (COVID-QU-Ex),16275,1,0,paket,0.010072099976241589,1,8192,855689,2,1.711476,11939,,
akciğer grafisi (COVID-QU-Ex),16323,1,0,paket,0.01086749997921288,1,8192,855975,2,1.711476,16044,,
akciğer grafisi (COVID-QU-Ex),16330,1,1,paket,0.010875900043174624,1,8192,855976,2,1.711476,9859,,
akciğer grafisi (COVID-QU-Ex),16356,1,3,paket,0.00997720006853342,1,8192,855454,2,1.711476,13043,,
akciğer grafisi (COVID-QU-Ex),16357,1,1,paket,0.00985399994533509,1,8192,856004,2,1.711476,11875,,
akciğer grafisi (COVID-QU-Ex),16358,1,2,paket,0.009925600024871528,1,8192,855689,2,1.711476,15882,,
akciğer grafisi (COVID-QU-Ex),16359,1,1,paket,0.010115999961271882,1,8192,855322,2,1.711476,12882,,
akciğer grafisi (COVID-QU-Ex),16370,1,1,paket,0.011798699968494475,1,8192,855316,2,1.711476,12658,,
akciğer grafisi (COVID-QU-Ex),16381,1,2,paket,0.010049000033177435,1,8192,855528,3,2.567214,17054,,
akciğer grafisi (COVID-QU-Ex),16421,1,3,paket,0.010384100023657084,1,8192,856186,2,1.711476,12503,,
akciğer grafisi (COVID-QU-Ex),16439,1,3,paket,0.010019200039096177,1,8192,855971,2,1.711476,15010,,
akciğer grafisi (COVID-QU-Ex),16447,1,0,paket,0.01041999994777143,1,8192,856064,2,1.711476,16023,,
akciğer grafisi (COVID-QU-Ex),16460,1,3,paket,0.01000530004967004,1,8192,855527,2,1.711476,9090,,
akciğer grafisi (COVID-QU-Ex),16470,1,2,paket,0.009903100086376071,1,8192,855586,2,1.711476,15953,,
akciğer grafisi (COVID-QU-Ex),16478,1,0,paket,0.010345299961045384,1,8192,856093,3,2.567214,16694,,
akciğer grafisi (COVID-QU-Ex),16495,1,0,paket,0.009943800047039986,1,8192,855990,2,1.711476,16072,,
akciğer grafisi (COVID-QU-Ex),16499,1,3,paket,0.010089300107210875,1,8192,856157,2,1.711476,11216,,
akciğer grafisi (COVID-QU-Ex),16503,1,0,paket,0.01033989991992712,1,8192,855312,2,1.711476,10616,,
akciğer grafisi (COVID-QU-Ex),16504,1,4,paket,0.010217600036412477,1,8192,855493,3,2.567214,18608,,
akciğer grafisi (COVID-QU-Ex),16514,1,2,paket,0.010179099976085126,1,8192,856087,3,2.567214,18750,,
akciğer grafisi (COVID-QU-Ex),16516,1,3,paket,0.010128499940037727,1,8192,855810,2,1.711476,13231,,
akciğer grafisi (COVID-QU-Ex),16518,1,0,paket,0.010145199950784445,1,8192,855477,2,1.711476,14705,,
akciğer grafisi (COVID-QU-Ex),16529,1,1,paket,0.010358999948948622,1,8192,855425,2,1.711476,10337,,
akciğer grafisi (COVID-QU-Ex),16558,1,0,paket,0.009970900020562112,1,8192,854496,2,1.711476,12806,,
akciğer grafisi (COVID-QU-Ex),16567,1,4,paket,0.010151599999517202,1,8192,855328,2,1.711476,10882,,
akciğer grafisi (COVID-QU-Ex),16578,1,4,paket,0.01021259999834001,1,8192,855822,2,1.711476,13283,,
akciğer grafisi (COVID-QU-Ex),16592,1,1,paket,0.010045900009572506,1,8192,855378,2,1.711476,14236,,
akciğer grafisi (COVID-QU-Ex),16593,1,1,paket,0.011022199993021786,1,8192,856163,3,2.567214,22457,,
akciğer grafisi (COVID-QU-Ex),16643,1,1,paket,0.010304700001142919,1,8192,855999,2,1.711476,11567,,
akciğer grafisi (COVID-QU-Ex),16651,1,3,paket,0.01089300005696714,1,8192,855333,3,2.567214,18676,,
akciğer grafisi (COVID-QU-Ex),16668,1,2,paket,0.010035600047558546,1,8192,855832,2,1.711476,8946,,
akciğer grafisi (COVID-QU-Ex),16674,1,3,paket,0.010043199989013374,1,8192,856190,3,2.567214,18613,,
akciğer grafisi (COVID-QU-Ex),16702,1,0,paket,0.010246300022117794,1,8192,855967,2,1.711476,10670,,
akciğer grafisi (COVID-QU-Ex),16706,1,3,paket,0.009950199979357421,1,8192,856181,2,1.711476,15741,,
akciğer grafisi (COVID-QU-Ex),16721,1,1,paket,0.010069000069051981,1,8192,856064,2,1.711476,15175,,
akciğer grafisi (COVID-QU-Ex),16730,1,4,paket,0.010248499922454357,1,8192,855196,2,1.711476,11598,,
akciğer grafisi (COVID-QU-Ex),16733,1,2,paket,0.010103899985551834,1,8192,855374,2,1.711476,14216,,
akciğer grafisi (COVID-QU-Ex),16743,1,2,paket,0.0099769999505952,1,8192,855741,2,1.711476,14391,,
akciğer grafisi (COVID-QU-Ex),16765,1,1,paket,0.010265699937008321,1,8192,855286,3,2.567214,17769,,
akciğer grafisi (COVID-QU-Ex),16768,1,0,paket,0.010018500033766031,1,8192,856040,2,1.711476,14662,,
akciğer grafisi (COVID-QU-Ex),16780,1,1,paket,0.010501799988560379,1,8192,856195,2,1.711476,13698,,
akciğer grafisi (COVID-QU-Ex),16784,1,0,paket,0.009972000028938055,1,8192,856041,2,1.711476,14915,,
akciğer grafisi (COVID-QU-Ex),16795,1,0,paket,0.010176299954764545,1,8192,856241,2,1.711476,10539,,
akciğer grafisi (COVID-QU-Ex),16796,1,2,paket,0.01076680002734065,1,8192,856075,2,1.711476,9072,,
akciğer grafisi (COVID-QU-Ex),16797,1,2,paket,0.010044499998912215,1,8192,855744,3,2.567214,16969,,
akciğer grafisi (COVID-QU-Ex),16800,1,2,paket,0.010250300052575767,1,8192,855653,2,1.711476,12228,,
akciğer grafisi (COVID-QU-Ex),16822,1,1,paket,0.010578399989753962,1,8192,856023,2,1.711476,14232,,
akciğer grafisi (COVID-QU-Ex),16826,1,0,paket,0.010303299990482628,1,8192,855200,2,1.711476,11713,,
akciğer grafisi (COVID-QU-Ex),16827,1,4,paket,0.010132199968211353,1,8192,854917,2,1.711476,14877,,
akciğer grafisi (COVID-QU-Ex),16840,1,0,paket,0.010132100083865225,1,8192,856186,2,1.711476,10625,,
akciğer grafisi (COVID-QU-Ex),16848,1,2,paket,0.010105499997735023,1,8192,855289,3,2.567214,18102,,
akciğer grafisi (COVID-QU-Ex),16850,1,2,paket,0.010056399973109365,1,8192,856039,1,0.855738,5721,,
akciğer grafisi (COVID-QU-Ex),16869,1,1,paket,0.010270900093019009,1,8192,855749,2,1.711476,11641,,
akciğer grafisi (COVID-QU-Ex),16876,1,0,paket,0.010253799962811172,1,8192,856143,2,1.711476,10654,,
akciğer grafisi (COVID-QU-Ex),16896,1,1,paket,0.010087200091220438,1,8192,856132,3,2.567214,21466,,
akciğer grafisi (COVID-QU-Ex),16897,1,4,paket,0.010072699980810285,1,8192,855222,2,1.711476,13605,,
akciğer grafisi (COVID-QU-Ex),16898,1,3,paket,0.010352500015869737,1,8192,856173,2,1.711476,9162,,
akciğer grafisi (COVID-QU-Ex),16901,1,4,paket,0.009979299968108535,1,8192,856069,3,2.567214,17039,,
akciğer grafisi (COVID-QU-Ex),16904,1,2,paket,0.010376200079917908,1,8192,856117,2,1.711476,15935,,
akciğer grafisi (COVID-QU-Ex),16914,1,0,paket,0.01000700006261468,1,8192,856098,2,1.711476,14638,,
akciğer grafisi (COVID-QU-Ex),16924,1,4,paket,0.010305200004950166,1,8192,854895,2,1.711476,12616,,
akciğer grafisi (COVID-QU-Ex),16925,1,3,paket,0.010194499976933002,1,8192,855289,3,2.567214,17271,,
akciğer grafisi (COVID-QU-Ex),16944,1,1,paket,0.010650600073859096,1,8192,855896,2,1.711476,15147,,
akciğer grafisi (COVID-QU-Ex),16953,1,1,paket,0.010121900006197393,1,8192,855270,2,1.711476,15698,,
akciğer grafisi (COVID-QU-Ex),16982,1,3,paket,0.011714200023561716,1,8192,855141,2,1.711476,9114,,
akciğer grafisi (COVID-QU-Ex),16988,1,1,paket,0.009906399995088577,1,8192,855312,2,1.711476,11024,,
akciğer grafisi (COVID-QU-Ex),17021,1,4,paket,0.009979399968869984,1,8192,855810,3,2.567214,17863,,
akciğer grafisi (COVID-QU-Ex),17030,1,1,paket,0.01024809991940856,1,8192,855553,2,1.711476,11362,,
akciğer grafisi (COVID-QU-Ex),17036,1,2,paket,0.010616199928335845,1,8192,855327,2,1.711476,10407,,
akciğer grafisi (COVID-QU-Ex),17052,1,3,paket,0.01035769993904978,1,8192,856055,2,1.711476,15898,,
akciğer grafisi (COVID-QU-Ex),17055,1,4,paket,0.010205399943515658,1,8192,856092,2,1.711476,11988,,
akciğer grafisi (COVID-QU-Ex),17058,1,3,paket,0.010028499993495643,1,8192,855845,2,1.711476,13430,,
akciğer grafisi (COVID-QU-Ex),17061,1,3,paket,0.009990300051867962,1,8192,856075,2,1.711476,12786,,
akciğer grafisi (COVID-QU-Ex),17063,1,0,paket,0.010013799997977912,1,8192,856112,2,1.711476,12648,,
akciğer grafisi (COVID-QU-Ex),17088,1,0,paket,0.010374799952842295,1,8192,855303,3,2.567214,16489,,
akciğer grafisi (COVID-QU-Ex),17113,1,1,paket,0.010115099954418838,1,8192,855383,3,2.567214,16871,,
akciğer grafisi (COVID-QU-Ex),17126,1,2,paket,0.01023489993531257,1,8192,855137,2,1.711476,12501,,
akciğer grafisi (COVID-QU-Ex),17130,1,3,paket,0.009885799954645336,1,8192,855474,2,1.711476,10852,,
akciğer grafisi (COVID-QU-Ex),17143,1,1,paket,0.009903999976813793,1,8192,855713,2,1.711476,10815,,
akciğer grafisi (COVID-QU-Ex),17167,1,2,paket,0.010072500095702708,1,8192,855261,3,2.567214,16923,,
akciğer grafisi (COVID-QU-Ex),17177,1,2,paket,0.01109409995842725,1,8192,855420,2,1.711476,15100,,
akciğer grafisi (COVID-QU-Ex),17190,1,4,paket,0.010535000008530915,1,8192,855375,2,1.711476,9895,,
akciğer grafisi (COVID-QU-Ex),17191,1,0,paket,0.010299199959263206,1,8192,856149,2,1.711476,10737,,
akciğer grafisi (COVID-QU-Ex),17194,1,3,paket,0.010161900077946484,1,8192,856164,4,3.422952,28665,,
akciğer grafisi (COVID-QU-Ex),17203,1,3,paket,0.009936899994499981,1,8192,856118,3,2.567214,20940,,
akciğer grafisi (COVID-QU-Ex),17204,1,3,paket,0.01064990006852895,1,8192,855469,3,2.567214,20689,,
akciğer grafisi (COVID-QU-Ex),17208,1,0,paket,0.010402799933217466,1,8192,856121,1,0.855738,7720,,
akciğer grafisi (COVID-QU-Ex),17211,1,4,paket,0.01017849997151643,1,8192,855652,2,1.711476,15656,,
akciğer grafisi (COVID-QU-Ex),17214,1,4,paket,0.010721899918280542,1,8192,856025,3,2.567214,17688,,
akciğer grafisi (COVID-QU-Ex),17220,1,3,paket,0.010152100003324449,1,8192,855912,2,1.711476,16011,,
akciğer grafisi (COVID-QU-Ex),17243,1,2,paket,0.01096700003836304,1,8192,856068,3,2.567214,17815,,
akciğer grafisi (COVID-QU-Ex),17251,1,1,paket,0.009921599994413555,1,8192,855369,2,1.711476,11589,,
akciğer grafisi (COVID-QU-Ex),17265,1,3,paket,0.010339500033296645,1,8192,856047,2,1.711476,11466,,
akciğer grafisi (COVID-QU-Ex),17284,1,0,paket,0.010997499921359122,1,8192,855503,2,1.711476,15434,,
akciğer grafisi (COVID-QU-Ex),17289,1,4,paket,0.009971900028176606,1,8192,855725,3,2.567214,22016,,
akciğer grafisi (COVID-QU-Ex),17295,1,2,paket,0.010530699975788593,1,8192,855671,2,1.711476,15981,,
akciğer grafisi (COVID-QU-Ex),17371,1,3,paket,0.010065100039355457,1,8192,855314,2,1.711476,10494,,
akciğer grafisi (COVID-QU-Ex),17373,1,2,paket,0.009982699993997812,1,8192,855348,3,2.567214,18637,,
akciğer grafisi (COVID-QU-Ex),17374,1,1,paket,0.010313400067389011,1,8192,855273,2,1.711476,15364,,
akciğer grafisi (COVID-QU-Ex),17378,1,4,paket,0.01003619993571192,1,8192,855387,2,1.711476,15159,,
akciğer grafisi (COVID-QU-Ex),17392,1,2,paket,0.009974699933081865,1,8192,856168,1,0.855738,7728,,
akciğer grafisi (COVID-QU-Ex),17410,1,3,paket,0.010017799912020564,1,8192,855817,2,1.711476,10076,,
akciğer grafisi (COVID-QU-Ex),17413,1,1,paket,0.010222100070677698,1,8192,855270,2,1.711476,12273,,
akciğer grafisi (COVID-QU-Ex),17429,1,1,paket,0.010113100055605173,1,8192,855118,2,1.711476,13419,,
akciğer grafisi (COVID-QU-Ex),17455,1,4,paket,0.010096499929204583,1,8192,856208,2,1.711476,13629,,
akciğer grafisi (COVID-QU-Ex),17485,1,0,paket,0.00994279992301017,1,8192,856103,2,1.711476,15233,,
akciğer grafisi (COVID-QU-Ex),17500,1,0,paket,0.010067499941214919,1,8192,854945,2,1.711476,11926,,
akciğer grafisi (COVID-QU-Ex),17501,1,4,paket,0.0115182000445202,1,8192,856147,2,1.711476,9198,,
akciğer grafisi (COVID-QU-Ex),17505,1,4,paket,0.009863500017672777,1,8192,856212,2,1.711476,15481,,
akciğer grafisi (COVID-QU-Ex),17517,1,2,paket,0.010764500009827316,1,8192,855335,3,2.567214,17217,,
akciğer grafisi (COVID-QU-Ex),17519,1,3,paket,0.010173199931159616,1,8192,855225,3,2.567214,17749,,
akciğer grafisi (COVID-QU-Ex),17525,1,0,paket,0.010546799981966615,1,8192,856081,2,1.711476,15386,,
akciğer grafisi (COVID-QU-Ex),17548,1,2,paket,0.010187199921347201,1,8192,855383,2,1.711476,13570,,
akciğer grafisi (COVID-QU-Ex),17549,1,0,paket,0.010260800016112626,1,8192,855748,2,1.711476,12916,,
akciğer grafisi (COVID-QU-Ex),17550,1,3,paket,0.010148799978196621,1,8192,855121,3,2.567214,21742,,
akciğer grafisi (COVID-QU-Ex),17560,1,3,paket,0.010727800079621375,1,8192,855667,3,2.567214,22703,,
akciğer grafisi (COVID-QU-Ex),17564,1,1,paket,0.009955300018191338,1,8192,856089,2,1.711476,12283,,
akciğer grafisi (COVID-QU-Ex),17599,1,0,paket,0.010242400108836591,1,8192,855523,2,1.711476,13366,,
akciğer grafisi (COVID-QU-Ex),17607,1,0,paket,0.010309800039976835,1,8192,856129,3,2.567214,19190,,
akciğer grafisi (COVID-QU-Ex),17608,1,4,paket,0.010116999968886375,1,8192,856105,3,2.567214,19279,,
akciğer grafisi (COVID-QU-Ex),17609,1,3,paket,0.010115499957464635,1,8192,856125,2,1.711476,10086,,
akciğer grafisi (COVID-QU-Ex),17610,1,2,paket,0.010263299918733537,1,8192,855530,2,1.711476,10817,,
akciğer grafisi (COVID-QU-Ex),17611,1,0,paket,0.009938200004398823,1,8192,855892,3,2.567214,20099,,
akciğer grafisi (COVID-QU-Ex),17615,1,2,paket,0.010238899965770543,1,8192,856016,3,2.567214,17243,,
akciğer grafisi (COVID-QU-Ex),17620,1,1,paket,0.014246200094930828,1,8192,855386,2,1.711476,12116,,
akciğer grafisi (COVID-QU-Ex),17621,1,0,paket,0.010871300008147955,1,8192,856162,2,1.711476,12144,,
akciğer grafisi (COVID-QU-Ex),17627,1,1,paket,0.010323600028641522,1,8192,856291,2,1.711476,14483,,
akciğer grafisi (COVID-QU-Ex),17632,1,3,paket,0.010044199996627867,1,8192,855309,3,2.567214,17290,,
akciğer grafisi (COVID-QU-Ex),17659,1,3,paket,0.010614700033329427,1,8192,855479,2,1.711476,12852,,
akciğer grafisi (COVID-QU-Ex),17660,1,2,paket,0.011420599999837577,1,8192,855171,2,1.711476,11543,,
akciğer grafisi (COVID-QU-Ex),17673,1,2,paket,0.010054699960164726,1,8192,856135,2,1.711476,13356,,
akciğer grafisi (COVID-QU-Ex),17684,1,2,paket,0.01009430002886802,1,8192,855411,3,2.567214,21064,,
akciğer grafisi (COVID-QU-Ex),17686,1,0,paket,0.010811800020746887,1,8192,856100,2,1.711476,16060,,
akciğer grafisi (COVID-QU-Ex),17711,1,2,paket,0.010065300040878356,1,8192,855974,2,1.711476,10549,,
akciğer grafisi (COVID-QU-Ex),17722,1,4,paket,0.010137700010091066,1,8192,855712,2,1.711476,15199,,
akciğer grafisi (COVID-QU-Ex),17726,1,2,paket,0.010204500053077936,1,8192,855205,2,1.711476,16159,,
akciğer grafisi (COVID-QU-Ex),17730,1,1,paket,0.010107400012202561,1,8192,855184,3,2.567214,17011,,
akciğer grafisi (COVID-QU-Ex),17744,1,2,paket,0.010066299932077527,1,8192,855878,2,1.711476,14801,,
akciğer grafisi (COVID-QU-Ex),17765,1,0,paket,0.010004100040532649,1,8192,855376,3,2.567214,16682,,
akciğer grafisi (COVID-QU-Ex),17777,1,0,paket,0.010353300021961331,1,8192,856139,2,1.711476,8681,,
akciğer grafisi (COVID-QU-Ex),17783,1,2,paket,0.010557500063441694,1,8192,856193,2,1.711476,15809,,
akciğer grafisi (COVID-QU-Ex),17800,1,4,paket,0.009935399983078241,1,8192,855553,2,1.711476,13610,,
akciğer grafisi (COVID-QU-Ex),17802,1,3,paket,0.009973099920898676,1,8192,855310,2,1.711476,11857,,
akciğer grafisi (COVID-QU-Ex),17813,1,4,paket,0.010191499954089522,1,8192,855928,2,1.711476,8746,,
akciğer grafisi (COVID-QU-Ex),17816,1,0,paket,0.010197299998253584,1,8192,856109,2,1.711476,14424,,
akciğer grafisi (COVID-QU-Ex),17819,1,1,paket,0.010260800016112626,1,8192,855235,3,2.567214,16600,,
akciğer grafisi (COVID-QU-Ex),17844,1,4,paket,0.010230700019747019,1,8192,855501,3,2.567214,16647,,
akciğer grafisi (COVID-QU-Ex),17864,1,1,paket,0.010014600004069507,1,8192,856029,3,2.567214,16896,,
akciğer grafisi (COVID-QU-Ex),17869,1,3,paket,0.010195099981501698,1,8192,855316,3,2.567214,19051,,
akciğer grafisi (COVID-QU-Ex),17872,1,3,paket,0.0101637999759987,1,8192,855200,3,2.567214,17583,,
akciğer grafisi (COVID-QU-Ex),17922,1,1,paket,0.013590999995358288,1,8192,855936,2,1.711476,15073,,
akciğer grafisi (COVID-QU-Ex),17925,1,1,paket,0.009905099985189736,1,8192,855818,2,1.711476,15011,,
akciğer grafisi (COVID-QU-Ex),17928,1,4,paket,0.010314699960872531,1,8192,856204,2,1.711476,8938,,
akciğer grafisi (COVID-QU-Ex),17929,1,3,paket,0.010785299935378134,1,8192,855823,3,2.567214,16440,,
akciğer grafisi (COVID-QU-Ex),17931,1,0,paket,0.009995799977332354,1,8192,856113,3,2.567214,19083,,
akciğer grafisi (COVID-QU-Ex),17941,1,0,paket,0.010095199919305742,1,8192,855297,2,1.711476,14147,,
akciğer grafisi (COVID-QU-Ex),17946,1,3,paket,0.010664999950677156,1,8192,855542,2,1.711476,13959,,
akciğer grafisi (COVID-QU-Ex),17952,1,3,paket,0.010277100023813546,1,8192,854926,2,1.711476,14228,,
akciğer grafisi (COVID-QU-Ex),17953,1,3,paket,0.010016000014729798,1,8192,855767,3,2.567214,17721,,
akciğer grafisi (COVID-QU-Ex),17973,1,3,paket,0.010158900055103004,1,8192,855896,3,2.567214,17136,,
akciğer grafisi (COVID-QU-Ex),17975,1,2,paket,0.010029400000348687,1,8192,855614,2,1.711476,11538,,
akciğer grafisi (COVID-QU-Ex),17979,1,3,paket,0.00993099994957447,1,8192,855907,3,2.567214,18187,,
akciğer grafisi (COVID-QU-Ex),17983,1,1,paket,0.010465199942700565,1,8192,855386,2,1.711476,16022,,
akciğer grafisi (COVID-QU-Ex),18002,1,1,paket,0.01013559999410063,1,8192,855301,2,1.711476,12203,,
akciğer grafisi (COVID-QU-Ex),18028,1,3,paket,0.010122100007720292,1,8192,855254,3,2.567214,17123,,
akciğer grafisi (COVID-QU-Ex),18087,1,2,paket,0.009879800025373697,1,8192,856051,1,0.855738,6957,,
akciğer grafisi (COVID-QU-Ex),18099,1,0,paket,0.009979799971915781,1,8192,855234,2,1.711476,15399,,
akciğer grafisi (COVID-QU-Ex),18106,1,0,paket,0.00994020001962781,1,8192,855226,2,1.711476,12632,,
akciğer grafisi (COVID-QU-Ex),18111,1,2,paket,0.010070799966342747,1,8192,856002,2,1.711476,11779,,
akciğer grafisi (COVID-QU-Ex),18138,1,2,paket,0.010096800047904253,1,8192,855934,2,1.711476,12372,,
akciğer grafisi (COVID-QU-Ex),18143,1,3,paket,0.010141200036741793,1,8192,856243,2,1.711476,13930,,
akciğer grafisi (COVID-QU-Ex),18166,1,0,paket,0.009956800029613078,1,8192,855471,2,1.711476,13912,,
akciğer grafisi (COVID-QU-Ex),18175,1,3,paket,0.010093400022014976,1,8192,855195,2,1.711476,13908,,
akciğer grafisi (COVID-QU-Ex),18179,1,1,paket,0.00995500001590699,1,8192,855358,3,2.567214,18491,,
akciğer grafisi (COVID-QU-Ex),18182,1,4,paket,0.01018300000578165,1,8192,856201,2,1.711476,15430,,
akciğer grafisi (COVID-QU-Ex),18187,1,2,paket,0.010170500027015805,1,8192,856093,2,1.711476,15354,,
akciğer grafisi (COVID-QU-Ex),18244,1,4,paket,0.010175500065088272,1,8192,855871,2,1.711476,10906,,
akciğer grafisi (COVID-QU-Ex),18251,1,1,paket,0.010122200008481741,1,8192,855301,2,1.711476,10783,,
akciğer grafisi (COVID-QU-Ex),18265,1,3,paket,0.010168500011786819,1,8192,856077,3,2.567214,23135,,
akciğer grafisi (COVID-QU-Ex),18283,1,2,paket,0.010068099945783615,1,8192,855404,2,1.711476,12937,,
akciğer grafisi (COVID-QU-Ex),18289,1,2,paket,0.010057699983008206,1,8192,855928,3,2.567214,18356,,
akciğer grafisi (COVID-QU-Ex),18291,1,2,paket,0.00990609999280423,1,8192,855520,3,2.567214,17589,,
akciğer grafisi (COVID-QU-Ex),18304,1,3,paket,0.010079200030304492,1,8192,855493,2,1.711476,12822,,
akciğer grafisi (COVID-QU-Ex),18306,1,2,paket,0.010002699913457036,1,8192,855581,2,1.711476,12385,,
akciğer grafisi (COVID-QU-Ex),18308,1,1,paket,0.01093580003362149,1,8192,855282,2,1.711476,13163,,
akciğer grafisi (COVID-QU-Ex),18350,1,2,paket,0.01006439991760999,1,8192,855636,2,1.711476,13707,,
akciğer grafisi (COVID-QU-Ex),18353,1,2,paket,0.010077600018121302,1,8192,855784,2,1.711476,12929,,
akciğer grafisi (COVID-QU-Ex),18375,1,0,paket,0.010787200066260993,1,8192,854405,1,0.855738,7918,,
akciğer grafisi (COVID-QU-Ex),18385,1,0,paket,0.010028199991211295,1,8192,855571,2,1.711476,9469,,
akciğer grafisi (COVID-QU-Ex),18420,1,4,paket,0.009905499988235533,1,8192,855926,3,2.567214,16768,,
akciğer grafisi (COVID-QU-Ex),18425,1,0,paket,0.010848699952475727,1,8192,855199,2,1.711476,16262,,
akciğer grafisi (COVID-QU-Ex),18434,1,0,paket,0.009993300074711442,1,8192,855979,2,1.711476,15062,,
akciğer grafisi (COVID-QU-Ex),18436,1,4,paket,0.009929000050760806,1,8192,855628,2,1.711476,11881,,
akciğer grafisi (COVID-QU-Ex),18441,1,0,paket,0.010147799970582128,1,8192,855829,2,1.711476,9809,,
akciğer grafisi (COVID-QU-Ex),18463,1,2,paket,0.010263499920256436,1,8192,856116,2,1.711476,14269,,
akciğer grafisi (COVID-QU-Ex),18479,1,1,paket,0.00999940000474453,1,8192,855709,2,1.711476,15058,,
akciğer grafisi (COVID-QU-Ex),18499,1,2,paket,0.009991900064051151,1,8192,855313,2,1.711476,15132,,
akciğer grafisi (COVID-QU-Ex),18500,1,0,paket,0.01035650004632771,1,8192,854939,2,1.711476,15456,,
akciğer grafisi (COVID-QU-Ex),18518,1,1,paket,0.010998900048434734,1,8192,855267,3,2.567214,23787,,
akciğer grafisi (COVID-QU-Ex),18524,1,1,paket,0.009950799983926117,1,8192,855862,3,2.567214,17237,,
akciğer grafisi (COVID-QU-Ex),18525,1,0,paket,0.01014330005273223,1,8192,855996,2,1.711476,12368,,
akciğer grafisi (COVID-QU-Ex),18530,1,0,paket,0.010311500052921474,1,8192,855821,2,1.711476,13724,,
akciğer grafisi (COVID-QU-Ex),18537,1,4,paket,0.010206999955698848,1,8192,856069,2,1.711476,14975,,
akciğer grafisi (COVID-QU-Ex),18539,1,2,paket,0.009935299982316792,1,8192,856213,3,2.567214,17595,,
akciğer grafisi (COVID-QU-Ex),18573,1,4,paket,0.010238599963486195,1,8192,855791,2,1.711476,10902,,
akciğer grafisi (COVID-QU-Ex),18577,1,1,paket,0.010022099944762886,1,8192,856172,2,1.711476,12975,,
akciğer grafisi (COVID-QU-Ex),18587,1,2,paket,0.009936899994499981,1,8192,855551,3,2.567214,23291,,
akciğer grafisi (COVID-QU-Ex),18596,1,4,paket,0.011020799982361495,1,8192,856266,3,2.567214,22205,,
akciğer grafisi (COVID-QU-Ex),18605,1,1,paket,0.010413000010885298,1,8192,855315,2,1.711476,15686,,
akciğer grafisi (COVID-QU-Ex),18620,1,0,paket,0.010390500072389841,1,8192,856082,3,2.567214,16666,,
akciğer grafisi (COVID-QU-Ex),18636,1,4,paket,0.01005140005145222,1,8192,856014,3,2.567214,20388,,
akciğer grafisi (COVID-QU-Ex),18637,1,2,paket,0.010017400025390089,1,8192,855222,2,1.711476,16360,,
akciğer grafisi (COVID-QU-Ex),18649,1,3,paket,0.010127399931661785,1,8192,855322,2,1.711476,12583,,
akciğer grafisi (COVID-QU-Ex),18670,1,1,paket,0.010239899973385036,1,8192,856109,3,2.567214,21301,,
akciğer grafisi (COVID-QU-Ex),18671,1,2,paket,0.009950300096534193,1,8192,855928,2,1.711476,11336,,
akciğer grafisi (COVID-QU-Ex),18672,1,0,paket,0.009965999983251095,1,8192,855266,2,1.711476,14046,,
akciğer grafisi (COVID-QU-Ex),18679,1,0,paket,0.009914100053720176,1,8192,855284,3,2.567214,17329,,
akciğer grafisi (COVID-QU-Ex),18686,1,3,paket,0.01071499998215586,1,8192,854931,2,1.711476,10938,,
akciğer grafisi (COVID-QU-Ex),18688,1,4,paket,0.009847500012256205,1,8192,856251,2,1.711476,15555,,
akciğer grafisi (COVID-QU-Ex),18689,1,1,paket,0.01021880004554987,1,8192,855387,2,1.711476,13310,,
akciğer grafisi (COVID-QU-Ex),18719,1,1,paket,0.010185900027863681,1,8192,856076,2,1.711476,13458,,
akciğer grafisi (COVID-QU-Ex),18727,1,3,paket,0.010203100042417645,1,8192,856024,2,1.711476,14384,,
akciğer grafisi (COVID-QU-Ex),18760,1,3,paket,0.009926600032486022,1,8192,855403,2,1.711476,11345,,
akciğer grafisi (COVID-QU-Ex),18769,1,4,paket,0.010189300053752959,1,8192,855963,2,1.711476,13118,,
akciğer grafisi (COVID-QU-Ex),18773,1,3,paket,0.010137400007806718,1,8192,855206,2,1.711476,16136,,
akciğer grafisi (COVID-QU-Ex),18787,1,4,paket,0.010011800099164248,1,8192,855776,2,1.711476,13699,,
akciğer grafisi (COVID-QU-Ex),18791,1,4,paket,0.009909399901516736,1,8192,856126,2,1.711476,14885,,
akciğer grafisi (COVID-QU-Ex),18792,1,0,paket,0.010008699959143996,1,8192,856061,2,1.711476,15955,,
akciğer grafisi (COVID-QU-Ex),18794,1,3,paket,0.009995600092224777,1,8192,855977,2,1.711476,10830,,
akciğer grafisi (COVID-QU-Ex),18811,1,2,paket,0.009863300016149879,1,8192,856044,2,1.711476,13121,,
akciğer grafisi (COVID-QU-Ex),18822,1,0,paket,0.010457500000484288,1,8192,855679,2,1.711476,14528,,
akciğer grafisi (COVID-QU-Ex),18823,1,1,paket,0.009958299924619496,1,8192,854447,2,1.711476,11739,,
akciğer grafisi (COVID-QU-Ex),18825,1,1,paket,0.010366100003011525,1,8192,855506,2,1.711476,15141,,
akciğer grafisi (COVID-QU-Ex),18835,1,3,paket,0.010276900022290647,1,8192,855898,2,1.711476,14897,,
akciğer grafisi (COVID-QU-Ex),18860,1,2,paket,0.011167299933731556,1,8192,855537,2,1.711476,16331,,
akciğer grafisi (COVID-QU-Ex),18861,1,2,paket,0.010717800003476441,1,8192,856140,2,1.711476,15778,,
akciğer grafisi (COVID-QU-Ex),18871,1,1,paket,0.010041199973784387,1,8192,855988,3,2.567214,19318,,
akciğer grafisi (COVID-QU-Ex),18904,1,2,paket,0.009934899979270995,1,8192,855524,3,2.567214,19832,,
akciğer grafisi (COVID-QU-Ex),18922,1,1,paket,0.010264800046570599,1,8192,855221,2,1.711476,15671,,
akciğer grafisi (COVID-QU-Ex),18923,1,2,paket,0.010365900001488626,1,8192,855380,2,1.711476,11139,,
akciğer grafisi (COVID-QU-Ex),18949,1,2,paket,0.010007999953813851,1,8192,855300,2,1.711476,13125,,
akciğer grafisi (COVID-QU-Ex),18970,1,1,paket,0.009986299904994667,1,8192,855230,3,2.567214,17444,,
akciğer grafisi (COVID-QU-Ex),18979,1,0,paket,0.010364099987782538,1,8192,855995,2,1.711476,11457,,
akciğer grafisi (COVID-QU-Ex),18981,1,3,paket,0.00997870007995516,1,8192,856000,3,2.567214,17761,,
akciğer grafisi (COVID-QU-Ex),18996,1,4,paket,0.010560400085523725,1,8192,856117,2,1.711476,13078,,
akciğer grafisi (COVID-QU-Ex),19007,1,3,paket,0.00978750002104789,1,8192,855080,2,1.711476,13597,,
akciğer grafisi (COVID-QU-Ex),19016,1,3,paket,0.010555399931035936,1,8192,855920,2,1.711476,12479,,
akciğer grafisi (COVID-QU-Ex),19030,1,2,paket,0.009714199928566813,1,8192,855466,3,2.567214,17677,,
akciğer grafisi (COVID-QU-Ex),19067,1,0,paket,0.010435399948619306,1,8192,856043,2,1.711476,13525,,
akciğer grafisi (COVID-QU-Ex),19068,1,3,paket,0.010240499977953732,1,8192,855262,3,2.567214,19292,,
akciğer grafisi (COVID-QU-Ex),19073,1,0,paket,0.010032200021669269,1,8192,855255,2,1.711476,12428,,
akciğer grafisi (COVID-QU-Ex),19077,1,3,paket,0.010164799983613193,1,8192,856036,3,2.567214,19684,,
akciğer grafisi (COVID-QU-Ex),19091,1,4,paket,0.010903000016696751,1,8192,855816,2,1.711476,13978,,
akciğer grafisi (COVID-QU-Ex),19113,1,3,paket,0.009954100009053946,1,8192,855446,1,0.855738,6242,,
akciğer grafisi (COVID-QU-Ex),19141,1,4,paket,0.010294799925759435,1,8192,856080,3,2.567214,18296,,
akciğer grafisi (COVID-QU-Ex),19144,1,2,paket,0.010048800031654537,1,8192,855894,2,1.711476,11616,,
akciğer grafisi (COVID-QU-Ex),19146,1,0,paket,0.01051950000692159,1,8192,855975,2,1.711476,12660,,
akciğer grafisi (COVID-QU-Ex),19155,1,2,paket,0.010239099967293441,1,8192,855334,2,1.711476,11360,,
akciğer grafisi (COVID-QU-Ex),19164,1,4,paket,0.009964599972590804,1,8192,856132,3,2.567214,18880,,
akciğer grafisi (COVID-QU-Ex),19169,1,2,paket,0.00995039998088032,1,8192,856119,2,1.711476,15565,,
akciğer grafisi (COVID-QU-Ex),19171,1,2,paket,0.009949399973265827,1,8192,855149,3,2.567214,18103,,
akciğer grafisi (COVID-QU-Ex),19195,1,4,paket,0.009852099930867553,1,8192,856135,2,1.711476,10663,,
akciğer grafisi (COVID-QU-Ex),19196,1,1,paket,0.010787899955175817,1,8192,856210,2,1.711476,9257,,
akciğer grafisi (COVID-QU-Ex),19212,1,2,paket,0.011292599956505,1,8192,854730,2,1.711476,11906,,
akciğer grafisi (COVID-QU-Ex),19213,1,0,paket,0.01000659994315356,1,8192,856167,3,2.567214,23917,,
akciğer grafisi (COVID-QU-Ex),19217,1,4,paket,0.010791500099003315,1,8192,856082,2,1.711476,9622,,
akciğer grafisi (COVID-QU-Ex),19221,1,4,paket,0.010194099973887205,1,8192,855271,3,2.567214,17028,,
akciğer grafisi (COVID-QU-Ex),19225,1,1,paket,0.00997539993841201,1,8192,856065,3,2.567214,16938,,
akciğer grafisi (COVID-QU-Ex),19249,1,1,paket,0.010571999941021204,1,8192,856116,2,1.711476,13317,,
akciğer grafisi (COVID-QU-Ex),19250,1,1,paket,0.009936799993738532,1,8192,855842,2,1.711476,10382,,
akciğer grafisi (COVID-QU-Ex),19260,1,2,paket,0.01030009996611625,1,8192,855466,3,2.567214,18751,,
akciğer grafisi (COVID-QU-Ex),19261,1,3,paket,0.010581500013358891,1,8192,856034,1,0.855738,7632,,
akciğer grafisi (COVID-QU-Ex),19263,1,3,paket,0.010040499968454242,1,8192,855934,3,2.567214,16692,,
akciğer grafisi (COVID-QU-Ex),19293,1,3,paket,0.010124700027517974,1,8192,856220,2,1.711476,15380,,
akciğer grafisi (COVID-QU-Ex),19341,1,1,paket,0.010708099929615855,1,8192,855252,2,1.711476,15513,,
akciğer grafisi (COVID-QU-Ex),19347,1,3,paket,0.010318899992853403,1,8192,855388,2,1.711476,16369,,
akciğer grafisi (COVID-QU-Ex),19355,1,1,paket,0.009941400028765202,1,8192,855792,2,1.711476,12368,,
akciğer grafisi (COVID-QU-Ex),19368,1,2,paket,0.009885999956168234,1,8192,855525,2,1.711476,10117,,
akciğer grafisi (COVID-QU-Ex),19379,1,0,paket,0.009937399998307228,1,8192,856141,2,1.711476,15164,,
akciğer grafisi (COVID-QU-Ex),19383,1,4,paket,0.010297499946318567,1,8192,855972,3,2.567214,16988,,
akciğer grafisi (COVID-QU-Ex),19440,1,4,paket,0.009949799976311624,1,8192,856204,2,1.711476,13156,,
akciğer grafisi (COVID-QU-Ex),19451,1,4,paket,0.010273599997162819,1,8192,856172,2,1.711476,12812,,
akciğer grafisi (COVID-QU-Ex),19454,1,1,paket,0.010710799950174987,1,8192,856149,2,1.711476,15084,,
akciğer grafisi (COVID-QU-Ex),19455,1,1,paket,0.010210499982349575,1,8192,856239,2,1.711476,13431,,
akciğer grafisi (COVID-QU-Ex),19458,1,1,paket,0.010024699964560568,1,8192,855975,2,1.711476,11622,,
akciğer grafisi (COVID-QU-Ex),19461,1,0,paket,0.00991040002554655,1,8192,854972,2,1.711476,14242,,
akciğer grafisi (COVID-QU-Ex),19471,1,0,paket,0.010013699997216463,1,8192,855978,4,3.422952,25377,,
akciğer grafisi (COVID-QU-Ex),19480,1,1,paket,0.010165900108404458,1,8192,855342,2,1.711476,15153,,
akciğer grafisi (COVID-QU-Ex),19504,1,1,paket,0.01016110007185489,1,8192,856151,2,1.711476,11679,,
akciğer grafisi (COVID-QU-Ex),19512,1,0,paket,0.009895000024698675,1,8192,855674,2,1.711476,15024,,
akciğer grafisi (COVID-QU-Ex),19522,1,1,paket,0.009950199979357421,1,8192,855141,3,2.567214,17431,,
akciğer grafisi (COVID-QU-Ex),19523,1,1,paket,0.010132399969734251,1,8192,855554,3,2.567214,22520,,
akciğer grafisi (COVID-QU-Ex),19526,1,4,paket,0.01123950001783669,1,8192,855350,2,1.711476,11333,,
akciğer grafisi (COVID-QU-Ex),19533,1,0,paket,0.0103075000224635,1,8192,854501,2,1.711476,10909,,
akciğer grafisi (COVID-QU-Ex),19535,1,3,paket,0.009859499987214804,1,8192,855986,2,1.711476,15844,,
akciğer grafisi (COVID-QU-Ex),19536,1,3,paket,0.010137199889868498,1,8192,855481,2,1.711476,12086,,
akciğer grafisi (COVID-QU-Ex),19541,1,3,paket,0.010036799940280616,1,8192,855953,2,1.711476,10058,,
akciğer grafisi (COVID-QU-Ex),19559,1,1,paket,0.01018620003014803,1,8192,855791,2,1.711476,14824,,
akciğer grafisi (COVID-QU-Ex),19563,1,1,paket,0.010549500002525747,1,8192,855655,2,1.711476,11853,,
akciğer grafisi (COVID-QU-Ex),19566,1,4,paket,0.010083800065331161,1,8192,856098,2,1.711476,13538,,
akciğer grafisi (COVID-QU-Ex),19586,1,2,paket,0.010134399984963238,1,8192,856026,2,1.711476,12898,,
akciğer grafisi (COVID-QU-Ex),19626,1,4,paket,0.009879200020805001,1,8192,856094,2,1.711476,13377,,
akciğer grafisi (COVID-QU-Ex),19641,1,4,paket,0.01021109998691827,1,8192,856133,2,1.711476,9993,,
akciğer grafisi (COVID-QU-Ex),19674,1,3,paket,0.009901599958539009,1,8192,855936,2,1.711476,11669,,
akciğer grafisi (COVID-QU-Ex),19680,1,2,paket,0.010173100046813488,1,8192,855469,2,1.711476,9712,,
akciğer grafisi (COVID-QU-Ex),19692,1,1,paket,0.009847500012256205,1,8192,855271,2,1.711476,12572,,
akciğer grafisi (COVID-QU-Ex),19698,1,2,paket,0.010194599977694452,1,8192,855469,2,1.711476,8870,,
akciğer grafisi (COVID-QU-Ex),19702,1,0,paket,0.009923300007358193,1,8192,855975,2,1.711476,11925,,
akciğer grafisi (COVID-QU-Ex),19730,1,0,paket,0.009903399972245097,1,8192,856224,3,2.567214,21202,,
akciğer grafisi (COVID-QU-Ex),19733,1,3,paket,0.010000100010074675,1,8192,856192,2,1.711476,13203,,
akciğer grafisi (COVID-QU-Ex),19737,1,3,paket,0.00994439993519336,1,8192,856115,2,1.711476,12148,,
akciğer grafisi (COVID-QU-Ex),19750,1,1,paket,0.010722700040787458,1,8192,856168,3,2.567214,19794,,
akciğer grafisi (COVID-QU-Ex),19762,1,3,paket,0.010187499923631549,1,8192,855224,2,1.711476,8929,,
akciğer grafisi (COVID-QU-Ex),19782,1,2,paket,0.01016079995315522,1,8192,855998,2,1.711476,16046,,
akciğer grafisi (COVID-QU-Ex),19791,1,1,paket,0.010063299909234047,1,8192,856088,2,1.711476,15560,,
akciğer grafisi (COVID-QU-Ex),19828,1,3,paket,0.010023899958468974,1,8192,856050,2,1.711476,13255,,
akciğer grafisi (COVID-QU-Ex),19842,1,4,paket,0.009936499991454184,1,8192,855396,2,1.711476,14423,,
akciğer grafisi (COVID-QU-Ex),19868,1,3,paket,0.010017600026912987,1,8192,855581,2,1.711476,15345,,
akciğer grafisi (COVID-QU-Ex),19884,1,4,paket,0.01061999995727092,1,8192,856087,2,1.711476,10471,,
akciğer grafisi (COVID-QU-Ex),19892,1,2,paket,0.011250099982134998,1,8192,855941,2,1.711476,15963,,
akciğer grafisi (COVID-QU-Ex),19928,1,0,paket,0.009994699968956411,1,8192,855995,3,2.567214,17590,,
akciğer grafisi (COVID-QU-Ex),19935,1,2,paket,0.010054399957880378,1,8192,855837,2,1.711476,12190,,
akciğer grafisi (COVID-QU-Ex),19955,1,3,paket,0.009982599993236363,1,8192,855224,2,1.711476,13727,,
akciğer grafisi (COVID-QU-Ex),19973,1,1,paket,0.011684499913826585,1,8192,855330,2,1.711476,13841,,
akciğer grafisi (COVID-QU-Ex),19981,1,0,paket,0.010020799934864044,1,8192,855462,2,1.711476,16307,,
akciğer grafisi (COVID-QU-Ex),19991,1,3,paket,0.010294399922713637,1,8192,856162,3,2.567214,17231,,
akciğer grafisi (COVID-QU-Ex),19997,1,2,paket,0.011078600073233247,1,8192,855808,3,2.567214,19088,,
akciğer grafisi (COVID-QU-Ex),19999,1,2,paket,0.010814800043590367,1,8192,855985,2,1.711476,14593,,
akciğer grafisi (COVID-QU-Ex),20007,1,1,paket,0.010351800010539591,1,8192,855295,3,2.567214,24473,,
akciğer grafisi (COVID-QU-Ex),20038,1,3,paket,0.010592699982225895,1,8192,855274,3,2.567214,17561,,
akciğer grafisi (COVID-QU-Ex),20045,1,0,paket,0.009988100035116076,1,8192,856067,2,1.711476,12792,,
akciğer grafisi (COVID-QU-Ex),20071,1,4,paket,0.009825399960391223,1,8192,855841,2,1.711476,14425,,
akciğer grafisi (COVID-QU-Ex),20072,1,4,paket,0.009897399926558137,1,8192,855224,3,2.567214,18190,,
akciğer grafisi (COVID-QU-Ex),20082,1,4,paket,0.009958500042557716,1,8192,855342,3,2.567214,20225,,
akciğer grafisi (COVID-QU-Ex),20083,1,2,paket,0.010744399973191321,1,8192,855307,3,2.567214,21197,,
akciğer grafisi (COVID-QU-Ex),20084,1,4,paket,0.010160599951632321,1,8192,855214,2,1.711476,13175,,
akciğer grafisi (COVID-QU-Ex),20098,1,3,paket,0.01002909999806434,1,8192,855633,3,2.567214,16418,,
akciğer grafisi (COVID-QU-Ex),20102,1,0,paket,0.009994600084610283,1,8192,855832,3,2.567214,17143,,
akciğer grafisi (COVID-QU-Ex),20105,1,4,paket,0.010451799957081676,1,8192,856135,2,1.711476,14827,,
akciğer grafisi (COVID-QU-Ex),20114,1,1,paket,0.010030100005678833,1,8192,855912,3,2.567214,16706,,
akciğer grafisi (COVID-QU-Ex),20123,1,4,paket,0.011439400026574731,1,8192,856173,2,1.711476,13490,,
akciğer grafisi (COVID-QU-Ex),20146,1,2,paket,0.01004680001642555,1,8192,856289,3,2.567214,18889,,
akciğer grafisi (COVID-QU-Ex),20154,1,2,paket,0.0101444999454543,1,8192,855750,2,1.711476,16352,,
akciğer grafisi (COVID-QU-Ex),20160,1,3,paket,0.013984499964863062,1,8192,856039,2,1.711476,16141,,
akciğer grafisi (COVID-QU-Ex),20169,1,2,paket,0.010147599969059229,1,8192,856141,2,1.711476,14638,,
akciğer grafisi (COVID-QU-Ex),20175,1,4,paket,0.010440999991260469,1,8192,855278,3,2.567214,19631,,
akciğer grafisi (COVID-QU-Ex),20183,1,4,paket,0.009857000084593892,1,8192,855221,2,1.711476,15322,,
akciğer grafisi (COVID-QU-Ex),20220,1,1,paket,0.010189299937337637,1,8192,855927,2,1.711476,11616,,
akciğer grafisi (COVID-QU-Ex),20230,1,0,paket,0.010274800006300211,1,8192,855564,2,1.711476,9809,,
akciğer grafisi (COVID-QU-Ex),20231,1,4,paket,0.010348699986934662,1,8192,855289,2,1.711476,11354,,
akciğer grafisi (COVID-QU-Ex),20233,1,4,paket,0.010619299951940775,1,8192,855408,2,1.711476,15102,,
akciğer grafisi (COVID-QU-Ex),20240,1,1,paket,0.01025569997727871,1,8192,855197,2,1.711476,15932,,
akciğer grafisi (COVID-QU-Ex),20248,1,0,paket,0.010004100040532649,1,8192,855335,2,1.711476,15670,,
akciğer grafisi (COVID-QU-Ex),20250,1,2,paket,0.01039790001232177,1,8192,855508,2,1.711476,15673,,
akciğer grafisi (COVID-QU-Ex),20264,1,1,paket,0.01031169993802905,1,8192,855464,3,2.567214,17556,,
akciğer grafisi (COVID-QU-Ex),20265,1,2,paket,0.010033900034613907,1,8192,854831,2,1.711476,11766,,
akciğer grafisi (COVID-QU-Ex),20279,1,1,paket,0.010391700081527233,1,8192,854546,2,1.711476,13198,,
akciğer grafisi (COVID-QU-Ex),20293,1,3,paket,0.01041559991426766,1,8192,855572,3,2.567214,18574,,
akciğer grafisi (COVID-QU-Ex),20295,1,1,paket,0.010609199991449714,1,8192,856012,3,2.567214,18877,,
akciğer grafisi (COVID-QU-Ex),20307,1,0,paket,0.010007699951529503,1,8192,855500,3,2.567214,19665,,
akciğer grafisi (COVID-QU-Ex),20324,1,1,paket,0.010186199913732708,1,8192,855801,3,2.567214,16820,,
akciğer grafisi (COVID-QU-Ex),20336,1,2,paket,0.010487699997611344,1,8192,854900,2,1.711476,13875,,
akciğer grafisi (COVID-QU-Ex),20340,1,2,paket,0.010092100012116134,1,8192,856016,3,2.567214,16408,,
akciğer grafisi (COVID-QU-Ex),20353,1,4,paket,0.010316599975340068,1,8192,855328,3,2.567214,17492,,
akciğer grafisi (COVID-QU-Ex),20357,1,3,paket,0.010374799952842295,1,8192,855336,3,2.567214,23835,,
akciğer grafisi (COVID-QU-Ex),20374,1,0,paket,0.010225299978628755,1,8192,855537,3,2.567214,20968,,
akciğer grafisi (COVID-QU-Ex),20376,1,1,paket,0.010221200063824654,1,8192,856131,2,1.711476,9397,,
akciğer grafisi (COVID-QU-Ex),20380,1,4,paket,0.010247799917124212,1,8192,855467,3,2.567214,16603,,
akciğer grafisi (COVID-QU-Ex),20410,1,0,paket,0.010218699928373098,1,8192,855889,2,1.711476,13094,,
akciğer grafisi (COVID-QU-Ex),20412,1,0,paket,0.009958299924619496,1,8192,856101,3,2.567214,18454,,
akciğer grafisi (COVID-QU-Ex),20433,1,2,paket,0.009945599944330752,1,8192,855879,2,1.711476,15411,,
akciğer grafisi (COVID-QU-Ex),20441,1,2,paket,0.010413300013169646,1,8192,856208,3,2.567214,20292,,
akciğer grafisi (COVID-QU-Ex),20448,1,0,paket,0.01097880001179874,1,8192,855958,2,1.711476,12564,,
akciğer grafisi (COVID-QU-Ex),20453,1,3,paket,0.0101948999799788,1,8192,856111,2,1.711476,14972,,
akciğer grafisi (COVID-QU-Ex),20455,1,1,paket,0.010090199997648597,1,8192,855196,2,1.711476,10846,,
akciğer grafisi (COVID-QU-Ex),20462,1,0,paket,0.010438799974508584,1,8192,855419,2,1.711476,13602,,
akciğer grafisi (COVID-QU-Ex),20488,1,1,paket,0.01119350001681596,1,8192,855253,2,1.711476,14907,,
akciğer grafisi (COVID-QU-Ex),20493,1,0,paket,0.010429099900647998,1,8192,855379,2,1.711476,15823,,
akciğer grafisi (COVID-QU-Ex),20501,1,2,paket,0.012434200034476817,1,8192,855829,2,1.711476,12644,,
akciğer grafisi (COVID-QU-Ex),20502,1,3,paket,0.01056229998357594,1,8192,855852,3,2.567214,16676,,
akciğer grafisi (COVID-QU-Ex),20506,1,3,paket,0.010702800005674362,1,8192,855319,2,1.711476,14055,,
akciğer grafisi (COVID-QU-Ex),20520,1,2,paket,0.010087700095027685,1,8192,855844,2,1.711476,13152,,
akciğer grafisi (COVID-QU-Ex),20555,1,0,paket,0.01048110006377101,1,8192,855335,2,1.711476,16060,,
akciğer grafisi (COVID-QU-Ex),20562,1,0,paket,0.010334899998269975,1,8192,856172,3,2.567214,19697,,
akciğer grafisi (COVID-QU-Ex),20602,1,1,paket,0.010076200007461011,1,8192,856188,3,2.567214,16407,,
akciğer grafisi (COVID-QU-Ex),20626,1,4,paket,0.01028669998049736,1,8192,856037,2,1.711476,10244,,
akciğer grafisi (COVID-QU-Ex),20627,1,2,paket,0.010663099936209619,1,8192,856132,2,1.711476,12958,,
akciğer grafisi (COVID-QU-Ex),20645,1,3,paket,0.010403300053440034,1,8192,855500,2,1.711476,10393,,
akciğer grafisi (COVID-QU-Ex),20651,1,1,paket,0.009878099896013737,1,8192,855320,2,1.711476,10096,,
akciğer grafisi (COVID-QU-Ex),20653,1,4,paket,0.010215100017376244,1,8192,856142,2,1.711476,15549,,
akciğer grafisi (COVID-QU-Ex),20664,1,4,paket,0.010512799955904484,1,8192,855426,3,2.567214,16980,,
akciğer grafisi (COVID-QU-Ex),20666,1,4,paket,0.010187999927438796,1,8192,855786,2,1.711476,12692,,
akciğer grafisi (COVID-QU-Ex),20699,1,4,paket,0.01093709992710501,1,8192,856291,3,2.567214,20478,,
akciğer grafisi (COVID-QU-Ex),20717,1,4,paket,0.010291600017808378,1,8192,856192,2,1.711476,13056,,
akciğer grafisi (COVID-QU-Ex),20726,1,4,paket,0.01028829999268055,1,8192,855970,2,1.711476,13735,,
akciğer grafisi (COVID-QU-Ex),20738,1,2,paket,0.009971900028176606,1,8192,855516,2,1.711476,12373,,
akciğer grafisi (COVID-QU-Ex),20751,1,4,paket,0.010341099929064512,1,8192,855832,2,1.711476,9071,,
akciğer grafisi (COVID-QU-Ex),20754,1,0,paket,0.010005100048147142,1,8192,855417,2,1.711476,14730,,
akciğer grafisi (COVID-QU-Ex),20760,1,4,paket,0.01008690008893609,1,8192,856301,3,2.567214,16458,,
akciğer grafisi (COVID-QU-Ex),20801,1,2,paket,0.010214900015853345,1,8192,855477,2,1.711476,16002,,
akciğer grafisi (COVID-QU-Ex),20803,1,2,paket,0.010340600041672587,1,8192,855380,2,1.711476,15288,,
akciğer grafisi (COVID-QU-Ex),20810,1,4,paket,0.010671399999409914,1,8192,855771,3,2.567214,17678,,
akciğer grafisi (COVID-QU-Ex),20818,1,2,paket,0.00991029990836978,1,8192,856079,2,1.711476,15335,,
akciğer grafisi (COVID-QU-Ex),20843,1,2,paket,0.009880300029180944,1,8192,855309,2,1.711476,13085,,
akciğer grafisi (COVID-QU-Ex),20854,1,4,paket,0.010018300032243133,1,8192,856053,2,1.711476,15891,,
akciğer grafisi (COVID-QU-Ex),20860,1,4,paket,0.009992899955250323,1,8192,855813,2,1.711476,16147,,
akciğer grafisi (COVID-QU-Ex),20865,1,3,paket,0.009982099989429116,1,8192,855163,2,1.711476,12339,,
akciğer grafisi (COVID-QU-Ex),20878,1,0,paket,0.01009849994443357,1,8192,856245,2,1.711476,14784,,
akciğer grafisi (COVID-QU-Ex),20884,1,1,paket,0.010237500071525574,1,8192,856162,2,1.711476,9044,,
akciğer grafisi (COVID-QU-Ex),20889,1,0,paket,0.010217299917712808,1,8192,855970,3,2.567214,17640,,
akciğer grafisi (COVID-QU-Ex),20911,1,0,paket,0.010133599978871644,1,8192,855398,2,1.711476,13266,,
akciğer grafisi (COVID-QU-Ex),20915,1,1,paket,0.010605699964798987,1,8192,855931,3,2.567214,18816,,
akciğer grafisi (COVID-QU-Ex),20926,1,0,paket,0.00995490001514554,1,8192,856171,2,1.711476,11951,,
akciğer grafisi (COVID-QU-Ex),20933,1,3,paket,0.010243400000035763,1,8192,855308,2,1.711476,14952,,
akciğer grafisi (COVID-QU-Ex),20936,1,3,paket,0.010354299913160503,1,8192,855832,2,1.711476,12599,,
akciğer grafisi (COVID-QU-Ex),20938,1,1,paket,0.0100351000437513,1,8192,855878,3,2.567214,16664,,
akciğer grafisi (COVID-QU-Ex),20939,1,0,paket,0.01007489999756217,1,8192,855919,2,1.711476,16382,,
akciğer grafisi (COVID-QU-Ex),20966,1,1,paket,0.009965699980966747,1,8192,855419,3,2.567214,16588,,
akciğer grafisi (COVID-QU-Ex),20994,1,2,paket,0.0104050999507308,1,8192,855299,3,2.567214,17137,,
akciğer grafisi (COVID-QU-Ex),20996,1,4,paket,0.010069000069051981,1,8192,855958,2,1.711476,14485,,
akciğer grafisi (COVID-QU-Ex),20999,1,0,paket,0.010112799936905503,1,8192,856011,3,2.567214,18477,,
akciğer grafisi (COVID-QU-Ex),21004,1,4,paket,0.009983800002373755,1,8192,855347,2,1.711476,11749,,
akciğer grafisi (COVID-QU-Ex),21017,1,0,paket,0.010427800007164478,1,8192,856021,3,2.567214,17191,,
akciğer grafisi (COVID-QU-Ex),21019,1,4,paket,0.009984300006181002,1,8192,855264,2,1.711476,15491,,
akciğer grafisi (COVID-QU-Ex),21026,1,3,paket,0.010389300063252449,1,8192,856103,2,1.711476,13803,,
akciğer grafisi (COVID-QU-Ex),21029,1,1,paket,0.009902699966914952,1,8192,855822,3,2.567214,16674,,
akciğer grafisi (COVID-QU-Ex),21035,1,0,paket,0.01006300002336502,1,8192,855326,3,2.567214,23222,,
akciğer grafisi (COVID-QU-Ex),21045,1,4,paket,0.010064099915325642,1,8192,856036,2,1.711476,15130,,
akciğer grafisi (COVID-QU-Ex),21066,1,2,paket,0.010104299988597631,1,8192,854357,2,1.711476,14993,,
akciğer grafisi (COVID-QU-Ex),21097,1,4,paket,0.010190100059844553,1,8192,855371,3,2.567214,21004,,
akciğer grafisi (COVID-QU-Ex),21100,1,0,paket,0.010016599902883172,1,8192,855194,2,1.711476,14662,,
akciğer grafisi (COVID-QU-Ex),21106,1,4,paket,0.01047340000513941,1,8192,856057,2,1.711476,14024,,
akciğer grafisi (COVID-QU-Ex),21128,1,4,paket,0.009979399968869984,1,8192,856160,3,2.567214,18088,,
akciğer grafisi (COVID-QU-Ex),21173,1,1,paket,0.009888899978250265,1,8192,855967,2,1.711476,15237,,
akciğer grafisi (COVID-QU-Ex),21181,1,3,paket,0.010014999890699983,1,8192,855520,2,1.711476,14675,,
akciğer grafisi (COVID-QU-Ex),21187,1,1,paket,0.010096200043335557,1,8192,855859,2,1.711476,10582,,
akciğer grafisi (COVID-QU-Ex),21188,1,3,paket,0.009962700074538589,1,8192,855955,2,1.711476,9043,,
akciğer grafisi (COVID-QU-Ex),21205,1,0,paket,0.010014700004830956,1,8192,855192,2,1.711476,12712,,
akciğer grafisi (COVID-QU-Ex),21206,1,0,paket,0.010081299929879606,1,8192,855956,2,1.711476,11475,,
akciğer grafisi (COVID-QU-Ex),21228,1,0,paket,0.011957000009715557,1,8192,856076,2,1.711476,16119,,
akciğer grafisi (COVID-QU-Ex),21233,1,0,paket,0.010506600025109947,1,8192,855785,3,2.567214,17521,,
akciğer grafisi (COVID-QU-Ex),21234,1,2,paket,0.010369299910962582,1,8192,855523,2,1.711476,12460,,
akciğer grafisi (COVID-QU-Ex),21255,1,4,paket,0.009933799970895052,1,8192,855909,3,2.567214,18613,,
akciğer grafisi (COVID-QU-Ex),21273,1,1,paket,0.010517399990931153,1,8192,856015,3,2.567214,16974,,
akciğer grafisi (COVID-QU-Ex),21286,1,2,paket,0.009895900031551719,1,8192,856148,2,1.711476,15069,,
akciğer grafisi (COVID-QU-Ex),21290,1,2,paket,0.010142100043594837,1,8192,856070,2,1.711476,11808,,
akciğer grafisi (COVID-QU-Ex),21292,1,0,paket,0.010033200029283762,1,8192,855277,3,2.567214,18416,,
akciğer grafisi (COVID-QU-Ex),21308,1,4,paket,0.010037999949418008,1,8192,855696,2,1.711476,15641,,
akciğer grafisi (COVID-QU-Ex),21310,1,4,paket,0.010086999973282218,1,8192,855217,2,1.711476,15819,,
akciğer grafisi (COVID-QU-Ex),21312,1,3,paket,0.013589000096544623,1,8192,855343,2,1.711476,16167,,
akciğer grafisi (COVID-QU-Ex),21321,1,1,paket,0.009996499982662499,1,8192,855387,2,1.711476,12097,,
akciğer grafisi (COVID-QU-Ex),21322,1,3,paket,0.009968600003048778,1,8192,854967,2,1.711476,10826,,
akciğer grafisi (COVID-QU-Ex),21334,1,4,paket,0.01097150007262826,1,8192,855834,2,1.711476,15983,,
akciğer grafisi (COVID-QU-Ex),21339,1,0,paket,0.010076200007461011,1,8192,855717,2,1.711476,9839,,
akciğer grafisi (COVID-QU-Ex),21345,1,4,paket,0.010215100017376244,1,8192,856085,3,2.567214,17733,,
akciğer grafisi (COVID-QU-Ex),21358,1,2,paket,0.01013839989900589,1,8192,856178,2,1.711476,16318,,
akciğer grafisi (COVID-QU-Ex),21397,1,1,paket,0.010286500095389783,1,8192,855800,2,1.711476,15541,,
akciğer grafisi (COVID-QU-Ex),21398,1,4,paket,0.012025600066408515,1,8192,856073,3,2.567214,19215,,
akciğer grafisi (COVID-QU-Ex),21407,1,2,paket,0.00991360004991293,1,8192,856141,2,1.711476,14555,,
akciğer grafisi (COVID-QU-Ex),21411,1,4,paket,0.010241699987091124,1,8192,856198,2,1.711476,15336,,
akciğer grafisi (COVID-QU-Ex),21420,1,4,paket,0.010466800071299076,1,8192,856144,2,1.711476,13584,,
akciğer grafisi (COVID-QU-Ex),21427,1,1,paket,0.009991500061005354,1,8192,855402,2,1.711476,11079,,
akciğer grafisi (COVID-QU-Ex),21430,1,3,paket,0.009908500011079013,1,8192,854367,2,1.711476,11489,,
akciğer grafisi (COVID-QU-Ex),21450,1,3,paket,0.010286099975928664,1,8192,856057,2,1.711476,15550,,
akciğer grafisi (COVID-QU-Ex),21457,1,1,paket,0.010045600007288158,1,8192,855318,2,1.711476,12342,,
akciğer grafisi (COVID-QU-Ex),21472,1,2,paket,0.009998299996368587,1,8192,855205,3,2.567214,18919,,
akciğer grafisi (COVID-QU-Ex),21486,1,2,paket,0.010118499980308115,1,8192,855296,4,3.422952,25173,,
akciğer grafisi (COVID-QU-Ex),21494,1,1,paket,0.009884799947030842,1,8192,855289,2,1.711476,12990,,
akciğer grafisi (COVID-QU-Ex),21500,1,0,paket,0.010134299984201789,1,8192,854812,3,2.567214,18425,,
akciğer grafisi (COVID-QU-Ex),21516,1,4,paket,0.010971700074151158,1,8192,855133,2,1.711476,9727,,
akciğer grafisi (COVID-QU-Ex),21520,1,4,paket,0.010481199948117137,1,8192,856109,2,1.711476,13004,,
akciğer grafisi (COVID-QU-Ex),21527,1,1,paket,0.010179200093261898,1,8192,856055,2,1.711476,13270,,
akciğer grafisi (COVID-QU-Ex),21531,1,2,paket,0.010002700029872358,1,8192,855391,2,1.711476,12881,,
akciğer grafisi (COVID-QU-Ex),21551,1,3,paket,0.010204100050032139,1,8192,855797,3,2.567214,16979,,
akciğer grafisi (COVID-QU-Ex),21561,1,3,paket,0.009829499991610646,1,8192,855324,3,2.567214,17806,,
akciğer grafisi (COVID-QU-Ex),21571,1,3,paket,0.01002160005737096,1,8192,855392,2,1.711476,15099,,
akciğer grafisi (COVID-QU-Ex),21574,1,4,paket,0.010043999995104969,1,8192,856021,2,1.711476,16297,,
akciğer grafisi (COVID-QU-Ex),21575,1,4,paket,0.010045899893157184,1,8192,855407,2,1.711476,12497,,
akciğer grafisi (COVID-QU-Ex),21586,1,3,paket,0.010508699924685061,1,8192,855741,2,1.711476,13538,,
akciğer grafisi (COVID-QU-Ex),21591,1,4,paket,0.010784100042656064,1,8192,854790,3,2.567214,16549,,
akciğer grafisi (COVID-QU-Ex),21606,1,1,paket,0.010889000026509166,1,8192,854784,2,1.711476,14430,,
akciğer grafisi (COVID-QU-Ex),21642,1,3,paket,0.00996529997792095,1,8192,856149,3,2.567214,17057,,
akciğer grafisi (COVID-QU-Ex),21643,1,3,paket,0.010663699940778315,1,8192,855344,3,2.567214,19457,,
akciğer grafisi (COVID-QU-Ex),21657,2,3,paket,0.014048099983483553,1,8192,856102,2,1.711476,13997,,
akciğer grafisi (COVID-QU-Ex),21710,2,4,paket,0.00994279992301017,1,8192,855470,2,1.711476,15883,,
akciğer grafisi (COVID-QU-Ex),21735,2,3,paket,0.009986400022171438,1,8192,855320,2,1.711476,11650,,
akciğer grafisi (COVID-QU-Ex),21749,2,3,paket,0.010687300004065037,1,8192,855536,3,2.567214,22273,,
akciğer grafisi (COVID-QU-Ex),21753,2,2,paket,0.01039640000090003,1,8192,855816,2,1.711476,11919,,
akciğer grafisi (COVID-QU-Ex),21759,2,4,paket,0.010151399997994304,1,8192,855776,2,1.711476,9221,,
akciğer grafisi (COVID-QU-Ex),21777,2,4,paket,0.010264899930916727,1,8192,855738,2,1.711476,15603,,
akciğer grafisi (COVID-QU-Ex),21785,2,4,paket,0.010820399969816208,1,8192,856024,3,2.567214,18409,,
akciğer grafisi (COVID-QU-Ex),21806,2,4,paket,0.010170800029300153,1,8192,855184,2,1.711476,11868,,
akciğer grafisi (COVID-QU-Ex),21811,2,4,paket,0.010010699974372983,1,8192,855368,3,2.567214,24455,,
akciğer grafisi (COVID-QU-Ex),21863,2,2,paket,0.010224699974060059,1,8192,855330,2,1.711476,9449,,
akciğer grafisi (COVID-QU-Ex),21870,2,2,paket,0.010093199904076755,1,8192,855451,3,2.567214,19326,,
akciğer grafisi (COVID-QU-Ex),21872,2,1,paket,0.010139800026081502,1,8192,855090,3,2.567214,22220,,
akciğer grafisi (COVID-QU-Ex),21875,2,2,paket,0.010531899984925985,1,8192,855228,2,1.711476,11091,,
akciğer grafisi (COVID-QU-Ex),21891,2,3,paket,0.010696299956180155,1,8192,856207,3,2.567214,19744,,
akciğer grafisi (COVID-QU-Ex),21892,2,1,paket,0.009858300094492733,1,8192,855244,2,1.711476,16001,,
akciğer grafisi (COVID-QU-Ex),21895,2,0,paket,0.010556799941696227,1,8192,856150,2,1.711476,15356,,
akciğer grafisi (COVID-QU-Ex),21905,2,3,paket,0.010194200091063976,1,8192,856130,2,1.711476,11404,,
akciğer grafisi (COVID-QU-Ex),21907,2,0,paket,0.011204500100575387,1,8192,855475,3,2.567214,20576,,
akciğer grafisi (COVID-QU-Ex),21909,2,2,paket,0.010193500085733831,1,8192,855840,2,1.711476,15518,,
akciğer grafisi (COVID-QU-Ex),21933,2,2,paket,0.009917500079609454,1,8192,855536,3,2.567214,17396,,
akciğer grafisi (COVID-QU-Ex),21936,2,4,paket,0.010332399979233742,1,8192,855930,3,2.567214,17375,,
akciğer grafisi (COVID-QU-Ex),21942,2,3,paket,0.01035500003490597,1,8192,856035,3,2.567214,16866,,
akciğer grafisi (COVID-QU-Ex),21943,2,3,paket,0.010259900009259582,1,8192,855829,2,1.711476,10428,,
akciğer grafisi (COVID-QU-Ex),21951,2,2,paket,0.010013499995693564,1,8192,856138,2,1.711476,12383,,
akciğer grafisi (COVID-QU-Ex),21972,2,1,paket,0.010496199945919216,1,8192,855274,2,1.711476,12924,,
akciğer grafisi (COVID-QU-Ex),21975,2,1,paket,0.009977000067010522,1,8192,855717,3,2.567214,23896,,
akciğer grafisi (COVID-QU-Ex),21985,2,3,paket,0.010784599930047989,1,8192,856278,2,1.711476,14421,,
akciğer grafisi (COVID-QU-Ex),21991,2,2,paket,0.01016529998742044,1,8192,856152,2,1.711476,15709,,
akciğer grafisi (COVID-QU-Ex),21997,2,1,paket,0.010152400005608797,1,8192,855663,3,2.567214,17726,,
akciğer grafisi (COVID-QU-Ex),22013,2,4,paket,0.010733300005085766,1,8192,855971,2,1.711476,15233,,
akciğer grafisi (COVID-QU-Ex),22015,2,1,paket,0.010186400031670928,1,8192,855924,2,1.711476,13664,,
akciğer grafisi (COVID-QU-Ex),22016,2,4,paket,0.01004229998216033,1,8192,855603,3,2.567214,18864,,
akciğer grafisi (COVID-QU-Ex),22028,2,3,paket,0.01070009998511523,1,8192,855969,2,1.711476,13330,,
akciğer grafisi (COVID-QU-Ex),22052,2,1,paket,0.010290900012478232,1,8192,856126,3,2.567214,18983,,
akciğer grafisi (COVID-QU-Ex),22060,2,3,paket,0.010104199987836182,1,8192,855748,3,2.567214,20352,,
akciğer grafisi (COVID-QU-Ex),22072,2,4,paket,0.010453199967741966,1,8192,855308,2,1.711476,16329,,
akciğer grafisi (COVID-QU-Ex),22095,2,4,paket,0.010099500068463385,1,8192,856095,3,2.567214,19821,,
akciğer grafisi (COVID-QU-Ex),22107,2,3,paket,0.010567500023171306,1,8192,855234,2,1.711476,15810,,
akciğer grafisi (COVID-QU-Ex),22131,2,2,paket,0.010544299962930381,1,8192,855320,3,2.567214,16439,,
akciğer grafisi (COVID-QU-Ex),22139,2,4,paket,0.010168000007979572,1,8192,855999,3,2.567214,20955,,
akciğer grafisi (COVID-QU-Ex),22140,2,4,paket,0.010482000070624053,1,8192,856080,2,1.711476,15890,,
akciğer grafisi (COVID-QU-Ex),22167,2,2,paket,0.010001600021496415,1,8192,856146,2,1.711476,16237,,
akciğer grafisi (COVID-QU-Ex),22201,2,0,paket,0.010169300017878413,1,8192,855307,2,1.711476,15287,,
akciğer grafisi (COVID-QU-Ex),22202,2,0,paket,0.009903199970722198,1,8192,855259,2,1.711476,15624,,
akciğer grafisi (COVID-QU-Ex),22205,2,1,paket,0.010070000076666474,1,8192,855641,2,1.711476,11562,,
akciğer grafisi (COVID-QU-Ex),22218,2,3,paket,0.010509899933822453,1,8192,855559,3,2.567214,24336,,
akciğer grafisi (COVID-QU-Ex),22226,2,3,paket,0.010074299992993474,1,8192,855542,3,2.567214,17964,,
akciğer grafisi (COVID-QU-Ex),22238,2,4,paket,0.009952399996109307,1,8192,856057,2,1.711476,10758,,
akciğer grafisi (COVID-QU-Ex),22241,2,1,paket,0.01017849997151643,1,8192,855231,2,1.711476,16217,,
akciğer grafisi (COVID-QU-Ex),22257,2,1,paket,0.01006460003554821,1,8192,855386,2,1.711476,15278,,
akciğer grafisi (COVID-QU-Ex),22273,2,0,paket,0.010106400004588068,1,8192,855342,3,2.567214,22180,,
akciğer grafisi (COVID-QU-Ex),22274,2,3,paket,0.010002499911934137,1,8192,855971,2,1.711476,11927,,
akciğer grafisi (COVID-QU-Ex),22275,2,4,paket,0.012972599943168461,1,8192,855424,3,2.567214,17700,,
akciğer grafisi (COVID-QU-Ex),22278,2,2,paket,0.010145500069484115,1,8192,855575,2,1.711476,13423,,
akciğer grafisi (COVID-QU-Ex),22292,2,3,paket,0.01019179995637387,1,8192,855908,2,1.711476,15349,,
akciğer grafisi (COVID-QU-Ex),22305,2,0,paket,0.009940700023435056,1,8192,855023,1,0.855738,4700,,
akciğer grafisi (COVID-QU-Ex),22309,2,2,paket,0.010183800011873245,1,8192,855251,2,1.711476,15716,,
akciğer grafisi (COVID-QU-Ex),22312,2,0,paket,0.010166399995796382,1,8192,855196,3,2.567214,17684,,
akciğer grafisi (COVID-QU-Ex),22316,2,4,paket,0.00998729991260916,1,8192,856161,3,2.567214,16931,,
akciğer grafisi (COVID-QU-Ex),22318,2,3,paket,0.010124100022949278,1,8192,854855,3,2.567214,16606,,
akciğer grafisi (COVID-QU-Ex),22325,2,4,paket,0.010305500007234514,1,8192,856180,2,1.711476,15941,,
akciğer grafisi (COVID-QU-Ex),22330,2,0,paket,0.01000819995533675,1,8192,856128,2,1.711476,14700,,
akciğer grafisi (COVID-QU-Ex),22342,2,3,paket,0.010564099997282028,1,8192,856151,3,2.567214,18150,,
akciğer grafisi (COVID-QU-Ex),22343,2,0,paket,0.01069590006954968,1,8192,855982,2,1.711476,15395,,
akciğer grafisi (COVID-QU-Ex),22356,2,3,paket,0.01020969997625798,1,8192,854526,2,1.711476,9787,,
akciğer grafisi (COVID-QU-Ex),22359,2,2,paket,0.009785300004296005,1,8192,856085,3,2.567214,18142,,
akciğer grafisi (COVID-QU-Ex),22372,2,4,paket,0.010040000081062317,1,8192,856206,2,1.711476,10056,,
akciğer grafisi (COVID-QU-Ex),22382,2,2,paket,0.010383300017565489,1,8192,855907,2,1.711476,16283,,
akciğer grafisi (COVID-QU-Ex),22391,2,3,paket,0.010313999955542386,1,8192,856093,3,2.567214,19012,,
akciğer grafisi (COVID-QU-Ex),22431,2,2,paket,0.010281200055032969,1,8192,855671,3,2.567214,18538,,
akciğer grafisi (COVID-QU-Ex),22474,2,1,paket,0.010432400042191148,1,8192,855272,2,1.711476,12913,,
akciğer grafisi (COVID-QU-Ex),22489,2,3,paket,0.009960600058548152,1,8192,856015,2,1.711476,13640,,
akciğer grafisi (COVID-QU-Ex),22515,2,3,paket,0.009928700048476458,1,8192,854454,3,2.567214,20889,,
akciğer grafisi (COVID-QU-Ex),22518,2,1,paket,0.011854800046421587,1,8192,856077,2,1.711476,14863,,
akciğer grafisi (COVID-QU-Ex),22531,2,0,paket,0.010124500025995076,1,8192,856149,2,1.711476,15802,,
akciğer grafisi (COVID-QU-Ex),22533,2,0,paket,0.010179699980653822,1,8192,855157,2,1.711476,16174,,
akciğer grafisi (COVID-QU-Ex),22537,2,2,paket,0.010625199996866286,1,8192,856026,2,1.711476,15566,,
akciğer grafisi (COVID-QU-Ex),22549,2,0,paket,0.010016000014729798,1,8192,856162,2,1.711476,14418,,
akciğer grafisi (COVID-QU-Ex),22557,2,0,paket,0.009913000045344234,1,8192,856236,2,1.711476,12567,,
akciğer grafisi (COVID-QU-Ex),22574,2,4,paket,0.010491399909369648,1,8192,855910,3,2.567214,17024,,
akciğer grafisi (COVID-QU-Ex),22594,2,4,paket,0.010086899972520769,1,8192,855645,2,1.711476,14350,,
akciğer grafisi (COVID-QU-Ex),22626,2,2,paket,0.010047100018709898,1,8192,856171,2,1.711476,14542,,
akciğer grafisi (COVID-QU-Ex),22630,2,1,paket,0.010072099976241589,1,8192,855283,2,1.711476,10242,,
akciğer grafisi (COVID-QU-Ex),22632,2,2,paket,0.010102199972607195,1,8192,854411,2,1.711476,9791,,
akciğer grafisi (COVID-QU-Ex),22643,2,0,paket,0.010177299962379038,1,8192,855583,2,1.711476,15139,,
akciğer grafisi (COVID-QU-Ex),22644,2,4,paket,0.0100158000132069,1,8192,854785,2,1.711476,9396,,
akciğer grafisi (COVID-QU-Ex),22648,2,4,paket,0.01021259999834001,1,8192,855405,3,2.567214,18086,,
akciğer grafisi (COVID-QU-Ex),22654,2,4,paket,0.010198800009675324,1,8192,855254,2,1.711476,12429,,
akciğer grafisi (COVID-QU-Ex),22659,2,4,paket,0.009968500002287328,1,8192,855193,2,1.711476,13561,,
akciğer grafisi (COVID-QU-Ex),22662,2,1,paket,0.009949899977073073,1,8192,855997,2,1.711476,13948,,
akciğer grafisi (COVID-QU-Ex),22671,2,2,paket,0.010017500026151538,1,8192,855216,2,1.711476,13629,,
akciğer grafisi (COVID-QU-Ex),22681,2,4,paket,0.009997199987992644,1,8192,855900,2,1.711476,11913,,
akciğer grafisi (COVID-QU-Ex),22706,2,2,paket,0.010083300061523914,1,8192,856221,3,2.567214,17794,,
akciğer grafisi (COVID-QU-Ex),22761,2,1,paket,0.009916599956341088,1,8192,855308,2,1.711476,14181,,
akciğer grafisi (COVID-QU-Ex),22768,2,0,paket,0.009939699899405241,1,8192,855526,2,1.711476,15034,,
akciğer grafisi (COVID-QU-Ex),22771,2,2,paket,0.010031700017862022,1,8192,856202,3,2.567214,20125,,
akciğer grafisi (COVID-QU-Ex),22775,2,1,paket,0.009876900003291667,1,8192,856050,2,1.711476,9655,,
akciğer grafisi (COVID-QU-Ex),22784,2,3,paket,0.010217800037935376,1,8192,855712,3,2.567214,17358,,
akciğer grafisi (COVID-QU-Ex),22785,2,2,paket,0.01067810005042702,1,8192,855156,3,2.567214,17503,,
akciğer grafisi (COVID-QU-Ex),22786,2,3,paket,0.01006170001346618,1,8192,856099,2,1.711476,14425,,
akciğer grafisi (COVID-QU-Ex),22793,2,1,paket,0.010205499944277108,1,8192,856022,3,2.567214,19184,,
akciğer grafisi (COVID-QU-Ex),22798,2,0,paket,0.010243600001558661,1,8192,855398,3,2.567214,19570,,
akciğer grafisi (COVID-QU-Ex),22821,2,1,paket,0.010265200049616396,1,8192,856172,2,1.711476,12582,,
akciğer grafisi (COVID-QU-Ex),22830,2,2,paket,0.009900600067339838,1,8192,855429,2,1.711476,12543,,
akciğer grafisi (COVID-QU-Ex),22832,2,3,paket,0.010043499991297722,1,8192,856064,3,2.567214,19691,,
akciğer grafisi (COVID-QU-Ex),22835,2,2,paket,0.010428900015540421,1,8192,855383,2,1.711476,12732,,
akciğer grafisi (COVID-QU-Ex),22837,2,0,paket,0.010216200025752187,1,8192,855378,2,1.711476,12647,,
akciğer grafisi (COVID-QU-Ex),22848,2,4,paket,0.010562300099991262,1,8192,855618,3,2.567214,18599,,
akciğer grafisi (COVID-QU-Ex),22856,2,4,paket,0.00999189994763583,1,8192,855294,2,1.711476,12661,,
akciğer grafisi (COVID-QU-Ex),22859,2,0,paket,0.010220700060017407,1,8192,856115,2,1.711476,10831,,
akciğer grafisi (COVID-QU-Ex),22865,2,3,paket,0.010053899954073131,1,8192,855216,2,1.711476,16158,,
akciğer grafisi (COVID-QU-Ex),22881,2,2,paket,0.009953800006769598,1,8192,855366,2,1.711476,10986,,
akciğer grafisi (COVID-QU-Ex),22899,2,1,paket,0.01025109994225204,1,8192,855656,2,1.711476,12615,,
akciğer grafisi (COVID-QU-Ex),22901,2,1,paket,0.010122800013050437,1,8192,855511,3,2.567214,18596,,
akciğer grafisi (COVID-QU-Ex),22907,2,2,paket,0.009918599971570075,1,8192,856129,3,2.567214,18756,,
akciğer grafisi (COVID-QU-Ex),22911,2,4,paket,0.010887300013564527,1,8192,855531,2,1.711476,15558,,
akciğer grafisi (COVID-QU-Ex),22920,2,1,paket,0.010180499986745417,1,8192,855518,2,1.711476,11642,,
akciğer grafisi (COVID-QU-Ex),22921,2,2,paket,0.010082799941301346,1,8192,855285,3,2.567214,19004,,
akciğer grafisi (COVID-QU-Ex),22926,2,1,paket,0.010010200086981058,1,8192,855563,3,2.567214,17372,,
akciğer grafisi (COVID-QU-Ex),22933,2,4,paket,0.010022000060416758,1,8192,856186,2,1.711476,11181,,
akciğer grafisi (COVID-QU-Ex),22941,2,2,paket,0.010025699972175062,1,8192,856057,2,1.711476,13847,,
akciğer grafisi (COVID-QU-Ex),22970,2,3,paket,0.010251500061713159,1,8192,855307,2,1.711476,15611,,
akciğer grafisi (COVID-QU-Ex),22978,2,2,paket,0.010093300021253526,1,8192,856210,3,2.567214,20252,,
akciğer grafisi (COVID-QU-Ex),22982,2,2,paket,0.010460600024089217,1,8192,856103,3,2.567214,16989,,
akciğer grafisi (COVID-QU-Ex),22985,2,0,paket,0.010114200063981116,1,8192,855166,2,1.711476,13424,,
akciğer grafisi (COVID-QU-Ex),22994,2,2,paket,0.01024969993159175,1,8192,856056,2,1.711476,12167,,
akciğer grafisi (COVID-QU-Ex),22995,2,4,paket,0.009979599970392883,1,8192,855298,3,2.567214,17098,,
akciğer grafisi (COVID-QU-Ex),23019,2,2,paket,0.010184900020249188,1,8192,856264,2,1.711476,13480,,
akciğer grafisi (COVID-QU-Ex),23024,2,1,paket,0.010249500046484172,1,8192,855341,2,1.711476,10574,,
akciğer grafisi (COVID-QU-Ex),23039,2,3,paket,0.010007799952290952,1,8192,855291,2,1.711476,11141,,
akciğer grafisi (COVID-QU-Ex),23052,2,1,paket,0.00982760009355843,1,8192,854409,3,2.567214,22527,,
akciğer grafisi (COVID-QU-Ex),23059,2,4,paket,0.010016700020059943,1,8192,855720,2,1.711476,16133,,
akciğer grafisi (COVID-QU-Ex),23061,2,1,paket,0.009905499988235533,1,8192,855975,2,1.711476,11532,,
akciğer grafisi (COVID-QU-Ex),23068,2,3,paket,0.00996970001142472,1,8192,855171,3,2.567214,20901,,
akciğer grafisi (COVID-QU-Ex),23074,2,3,paket,0.010841800016351044,1,8192,855944,2,1.711476,14065,,
akciğer grafisi (COVID-QU-Ex),23075,2,2,paket,0.010202700039371848,1,8192,855993,3,2.567214,21341,,
akciğer grafisi (COVID-QU-Ex),23080,2,4,paket,0.01006160001270473,1,8192,855187,2,1.711476,10095,,
akciğer grafisi (COVID-QU-Ex),23082,2,3,paket,0.010849999962374568,1,8192,855320,2,1.711476,16086,,
akciğer grafisi (COVID-QU-Ex),23093,2,2,paket,0.01039630000013858,1,8192,855857,3,2.567214,17740,,
akciğer grafisi (COVID-QU-Ex),23095,2,2,paket,0.010051100049167871,1,8192,855499,3,2.567214,20309,,
akciğer grafisi (COVID-QU-Ex),23103,2,0,paket,0.010081399930641055,1,8192,855339,2,1.711476,14950,,
akciğer grafisi (COVID-QU-Ex),23108,2,4,paket,0.010014300001785159,1,8192,856087,2,1.711476,10979,,
akciğer grafisi (COVID-QU-Ex),23109,2,0,paket,0.009962599957361817,1,8192,855778,2,1.711476,12353,,
akciğer grafisi (COVID-QU-Ex),23121,2,4,paket,0.010720500024035573,1,8192,855318,2,1.711476,12611,,
akciğer grafisi (COVID-QU-Ex),23128,2,4,paket,0.010170400026254356,1,8192,856184,2,1.711476,14858,,
akciğer grafisi (COVID-QU-Ex),23146,2,4,paket,0.010843500029295683,1,8192,855825,2,1.711476,12043,,
akciğer grafisi (COVID-QU-Ex),23148,2,4,paket,0.009914400056004524,1,8192,856189,3,2.567214,20562,,
akciğer grafisi (COVID-QU-Ex),23157,2,0,paket,0.01012240001000464,1,8192,855846,2,1.711476,12571,,
akciğer grafisi (COVID-QU-Ex),23198,2,0,paket,0.010057499981485307,1,8192,856111,2,1.711476,16358,,
akciğer grafisi (COVID-QU-Ex),23205,2,4,paket,0.0104439000133425,1,8192,855703,2,1.711476,12917,,
akciğer grafisi (COVID-QU-Ex),23214,2,4,paket,0.013035499956458807,1,8192,855946,3,2.567214,17553,,
akciğer grafisi (COVID-QU-Ex),23216,2,1,paket,0.01021430001128465,1,8192,856087,3,2.567214,17635,,
akciğer grafisi (COVID-QU-Ex),23218,2,3,paket,0.010009499965235591,1,8192,856128,3,2.567214,17837,,
akciğer grafisi (COVID-QU-Ex),23220,2,1,paket,0.010062199900858104,1,8192,855293,2,1.711476,13678,,
akciğer grafisi (COVID-QU-Ex),23241,2,4,paket,0.010328100062906742,1,8192,855655,2,1.711476,14440,,
akciğer grafisi (COVID-QU-Ex),23253,2,0,paket,0.0099802000913769,1,8192,856011,3,2.567214,17308,,
akciğer grafisi (COVID-QU-Ex),23257,2,4,paket,0.009949299972504377,1,8192,855239,2,1.711476,13846,,
akciğer grafisi (COVID-QU-Ex),23265,2,4,paket,0.010066800052300096,1,8192,855026,3,2.567214,19550,,
akciğer grafisi (COVID-QU-Ex),23273,2,3,paket,0.010122499894350767,1,8192,855181,3,2.567214,22807,,
akciğer grafisi (COVID-QU-Ex),23274,2,3,paket,0.010007599950768054,1,8192,855788,3,2.567214,16936,,
akciğer grafisi (COVID-QU-Ex),23275,2,4,paket,0.010115099954418838,1,8192,855261,2,1.711476,11976,,
akciğer grafisi (COVID-QU-Ex),23276,2,1,paket,0.010083300061523914,1,8192,855360,2,1.711476,11204,,
akciğer grafisi (COVID-QU-Ex),23301,2,3,paket,0.010075400001369417,1,8192,855849,2,1.711476,14449,,
akciğer grafisi (COVID-QU-Ex),23306,2,1,paket,0.010155199910514057,1,8192,855501,2,1.711476,12814,,
akciğer grafisi (COVID-QU-Ex),23327,2,0,paket,0.010219099931418896,1,8192,856231,3,2.567214,18055,,
akciğer grafisi (COVID-QU-Ex),23359,2,4,paket,0.010107400012202561,1,8192,856045,2,1.711476,13212,,
akciğer grafisi (COVID-QU-Ex),23366,2,0,paket,0.010286499978974462,1,8192,856048,3,2.567214,19326,,
akciğer grafisi (COVID-QU-Ex),23368,2,1,paket,0.010164999985136092,1,8192,855277,2,1.711476,10404,,
akciğer grafisi (COVID-QU-Ex),23391,2,2,paket,0.011411499930545688,1,8192,855907,3,2.567214,17019,,
akciğer grafisi (COVID-QU-Ex),23407,2,1,paket,0.010218599927611649,1,8192,856042,3,2.567214,17148,,
akciğer grafisi (COVID-QU-Ex),23414,2,1,paket,0.009964199969545007,1,8192,854947,2,1.711476,14134,,
akciğer grafisi (COVID-QU-Ex),23450,2,3,paket,0.010229800012893975,1,8192,856052,4,3.422952,27061,,
akciğer grafisi (COVID-QU-Ex),23468,2,4,paket,0.00992949993815273,1,8192,855266,3,2.567214,20270,,
akciğer grafisi (COVID-QU-Ex),23487,2,2,paket,0.009953600005246699,1,8192,855266,3,2.567214,18764,,
akciğer grafisi (COVID-QU-Ex),23507,2,2,paket,0.010156799922697246,1,8192,855254,2,1.711476,13881,,
akciğer grafisi (COVID-QU-Ex),23524,2,2,paket,0.010134499985724688,1,8192,856036,2,1.711476,14188,,
akciğer grafisi (COVID-QU-Ex),23534,2,1,paket,0.010089499992318451,1,8192,855473,2,1.711476,10027,,
akciğer grafisi (COVID-QU-Ex),23545,2,3,paket,0.010551700019277632,1,8192,856053,2,1.711476,13601,,
akciğer grafisi (COVID-QU-Ex),23547,2,1,paket,0.009920299984514713,1,8192,855989,2,1.711476,15590,,
akciğer grafisi (COVID-QU-Ex),23554,2,4,paket,0.00990470009855926,1,8192,855317,3,2.567214,19402,,
akciğer grafisi (COVID-QU-Ex),23565,2,0,paket,0.01014780008699745,1,8192,855830,2,1.711476,15224,,
akciğer grafisi (COVID-QU-Ex),23617,2,4,paket,0.010069099953398108,1,8192,856178,2,1.711476,13822,,
akciğer grafisi (COVID-QU-Ex),23635,2,3,paket,0.009939900017343462,1,8192,855037,2,1.711476,11795,,
akciğer grafisi (COVID-QU-Ex),23658,2,1,paket,0.009859099984169006,1,8192,855520,2,1.711476,12166,,
akciğer grafisi (COVID-QU-Ex),23663,2,4,paket,0.01005270006135106,1,8192,855266,2,1.711476,8678,,
akciğer grafisi (COVID-QU-Ex),23675,2,2,paket,0.010006200056523085,1,8192,856182,2,1.711476,13123,,
akciğer grafisi (COVID-QU-Ex),23677,2,2,paket,0.01047510001808405,1,8192,855623,2,1.711476,12288,,
akciğer grafisi (COVID-QU-Ex),23691,2,2,paket,0.010026199975982308,1,8192,856004,3,2.567214,17984,,
akciğer grafisi (COVID-QU-Ex),23692,2,1,paket,0.010086700087413192,1,8192,856231,2,1.711476,16147,,
akciğer grafisi (COVID-QU-Ex),23693,2,1,paket,0.00995070009957999,1,8192,855998,3,2.567214,21635,,
akciğer grafisi (COVID-QU-Ex),23699,2,3,paket,0.01001119997818023,1,8192,856181,3,2.567214,23282,,
akciğer grafisi (COVID-QU-Ex),23741,2,0,paket,0.009884800063446164,1,8192,855285,2,1.711476,11224,,
akciğer grafisi (COVID-QU-Ex),23770,2,4,paket,0.010152200004085898,1,8192,855223,2,1.711476,16333,,
akciğer grafisi (COVID-QU-Ex),23773,2,4,paket,0.009977499954402447,1,8192,855978,2,1.711476,15484,,
akciğer grafisi (COVID-QU-Ex),23794,2,1,paket,0.01014899997971952,1,8192,855373,2,1.711476,15692,,
akciğer grafisi (COVID-QU-Ex),23829,2,2,paket,0.010072199977003038,1,8192,855293,3,2.567214,20760,,
akciğer grafisi (COVID-QU-Ex),23848,2,0,paket,0.010937299928627908,1,8192,856160,3,2.567214,23088,,
akciğer grafisi (COVID-QU-Ex),23895,2,2,paket,0.010099400067701936,1,8192,856024,3,2.567214,19770,,
akciğer grafisi (COVID-QU-Ex),23919,2,2,paket,0.010200999910011888,1,8192,855229,2,1.711476,14678,,
akciğer grafisi (COVID-QU-Ex),23923,2,0,paket,0.009957399917766452,1,8192,855172,3,2.567214,24512,,
akciğer grafisi (COVID-QU-Ex),23944,2,3,paket,0.009909200016409159,1,8192,855723,2,1.711476,14277,,
akciğer grafisi (COVID-QU-Ex),23966,2,0,paket,0.01023040001746267,1,8192,855381,2,1.711476,9335,,
akciğer grafisi (COVID-QU-Ex),23990,2,0,paket,0.009935399983078241,1,8192,855216,3,2.567214,19190,,
akciğer grafisi (COVID-QU-Ex),24004,2,2,paket,0.01033419999293983,1,8192,855319,3,2.567214,21622,,
akciğer grafisi (COVID-QU-Ex),24005,2,2,paket,0.009939600015059114,1,8192,856081,3,2.567214,17340,,
akciğer grafisi (COVID-QU-Ex),24050,2,4,paket,0.010765000013634562,1,8192,856199,3,2.567214,17219,,
akciğer grafisi (COVID-QU-Ex),24053,2,0,paket,0.010221999953500926,1,8192,855167,2,1.711476,15140,,
akciğer grafisi (COVID-QU-Ex),24066,2,2,paket,0.012154500000178814,1,8192,855228,2,1.711476,11927,,
akciğer grafisi (COVID-QU-Ex),24071,2,2,paket,0.010102399974130094,1,8192,854321,3,2.567214,20860,,
akciğer grafisi (COVID-QU-Ex),24095,2,3,paket,0.010123000014573336,1,8192,855404,3,2.567214,19063,,
akciğer grafisi (COVID-QU-Ex),24098,2,4,paket,0.010355599923059344,1,8192,855226,3,2.567214,20114,,
akciğer grafisi (COVID-QU-Ex),24103,2,0,paket,0.009913000045344234,1,8192,855312,3,2.567214,18228,,
akciğer grafisi (COVID-QU-Ex),24130,2,3,paket,0.009988900041207671,1,8192,856096,3,2.567214,21640,,
akciğer grafisi (COVID-QU-Ex),24136,2,2,paket,0.010458400007337332,1,8192,855001,2,1.711476,16372,,
akciğer grafisi (COVID-QU-Ex),24140,2,4,paket,0.010060400003567338,1,8192,856148,2,1.711476,16377,,
akciğer grafisi (COVID-QU-Ex),24172,2,2,paket,0.009965200093574822,1,8192,854897,3,2.567214,22541,,
akciğer grafisi (COVID-QU-Ex),24175,2,0,paket,0.010141000035218894,1,8192,856064,2,1.711476,16375,,
akciğer grafisi (COVID-QU-Ex),24176,2,3,paket,0.010520600015297532,1,8192,856096,3,2.567214,17789,,
akciğer grafisi (COVID-QU-Ex),24182,2,1,paket,0.0103463000850752,1,8192,855675,3,2.567214,21079,,
akciğer grafisi (COVID-QU-Ex),24188,2,4,paket,0.010278299916535616,1,8192,855532,3,2.567214,20558,,
akciğer grafisi (COVID-QU-Ex),24199,2,4,paket,0.010256300098262727,1,8192,855746,3,2.567214,19742,,
akciğer grafisi (COVID-QU-Ex),24200,2,0,paket,0.010208799969404936,1,8192,856096,2,1.711476,11689,,
akciğer grafisi (COVID-QU-Ex),24202,2,1,paket,0.010099800070747733,1,8192,855184,2,1.711476,9629,,
akciğer grafisi (COVID-QU-Ex),24208,2,1,paket,0.010143500054255128,1,8192,855231,2,1.711476,13993,,
akciğer grafisi (COVID-QU-Ex),24221,2,2,paket,0.010278900037519634,1,8192,855418,3,2.567214,17551,,
akciğer grafisi (COVID-QU-Ex),24243,2,3,paket,0.010028000106103718,1,8192,855395,2,1.711476,12398,,
akciğer grafisi (COVID-QU-Ex),24269,2,4,paket,0.010968000045977533,1,8192,855825,3,2.567214,21520,,
akciğer grafisi (COVID-QU-Ex),24290,2,1,paket,0.01038009999319911,1,8192,855767,3,2.567214,17615,,
akciğer grafisi (COVID-QU-Ex),24295,2,3,paket,0.009906499995850027,1,8192,856019,3,2.567214,18438,,
akciğer grafisi (COVID-QU-Ex),24321,2,1,paket,0.010405399953015149,1,8192,856128,2,1.711476,13828,,
akciğer grafisi (COVID-QU-Ex),24324,2,2,paket,0.009953100001439452,1,8192,855103,4,3.422952,25032,,
akciğer grafisi (COVID-QU-Ex),24335,2,3,paket,0.010481899953447282,1,8192,855135,3,2.567214,17490,,
akciğer grafisi (COVID-QU-Ex),24337,2,1,paket,0.010195799986831844,1,8192,855303,2,1.711476,16084,,
akciğer grafisi (COVID-QU-Ex),24341,2,4,paket,0.00999479996971786,1,8192,856006,3,2.567214,23451,,
akciğer grafisi (COVID-QU-Ex),24364,2,0,paket,0.010108900023624301,1,8192,855322,2,1.711476,16077,,
akciğer grafisi (COVID-QU-Ex),24391,2,2,paket,0.009941699914634228,1,8192,855985,2,1.711476,13274,,
akciğer grafisi (COVID-QU-Ex),24421,2,2,paket,0.010291000013239682,1,8192,855215,2,1.711476,15402,,
akciğer grafisi (COVID-QU-Ex),24422,2,4,paket,0.010639999993145466,1,8192,855279,3,2.567214,17679,,
akciğer grafisi (COVID-QU-Ex),24432,2,3,paket,0.010090199997648597,1,8192,855304,3,2.567214,20574,,
akciğer grafisi (COVID-QU-Ex),24445,2,2,paket,0.009976800065487623,1,8192,855763,3,2.567214,16595,,
akciğer grafisi (COVID-QU-Ex),24460,2,3,paket,0.00993829988874495,1,8192,856003,3,2.567214,18974,,
akciğer grafisi (COVID-QU-Ex),24462,2,3,paket,0.00994170003104955,1,8192,856161,2,1.711476,14589,,
akciğer grafisi (COVID-QU-Ex),24465,2,1,paket,0.010007899953052402,1,8192,855278,2,1.711476,14849,,
akciğer grafisi (COVID-QU-Ex),24484,2,2,paket,0.010123700019903481,1,8192,855283,3,2.567214,22954,,
akciğer grafisi (COVID-QU-Ex),24494,2,0,paket,0.01032230001874268,1,8192,855240,3,2.567214,20376,,
akciğer grafisi (COVID-QU-Ex),24505,2,3,paket,0.010318599990569055,1,8192,855249,2,1.711476,11954,,
akciğer grafisi (COVID-QU-Ex),24522,2,0,paket,0.010124000022187829,1,8192,855141,3,2.567214,21096,,
akciğer grafisi (COVID-QU-Ex),24524,2,2,paket,0.01054749998729676,1,8192,855342,3,2.567214,20451,,
akciğer grafisi (COVID-QU-Ex),24532,2,3,paket,0.010114099946804345,1,8192,856142,2,1.711476,15172,,
akciğer grafisi (COVID-QU-Ex),24535,2,1,paket,0.010097600053995848,1,8192,855421,2,1.711476,15581,,
akciğer grafisi (COVID-QU-Ex),24539,2,2,paket,0.010190999950282276,1,8192,856144,3,2.567214,20567,,
akciğer grafisi (COVID-QU-Ex),24541,2,2,paket,0.00985109992325306,1,8192,855419,2,1.711476,14149,,
akciğer grafisi (COVID-QU-Ex),24551,2,0,paket,0.010444400017149746,1,8192,856095,3,2.567214,20291,,
akciğer grafisi (COVID-QU-Ex),24563,2,1,paket,0.010324899922125041,1,8192,856130,3,2.567214,19073,,
akciğer grafisi (COVID-QU-Ex),24591,2,1,paket,0.010145900072529912,1,8192,855713,3,2.567214,18341,,
akciğer grafisi (COVID-QU-Ex),24593,2,2,paket,0.01007349998690188,1,8192,856183,2,1.711476,14290,,
akciğer grafisi (COVID-QU-Ex),24596,2,3,paket,0.010289600002579391,1,8192,856041,3,2.567214,18770,,
akciğer grafisi (COVID-QU-Ex),24606,2,1,paket,0.009702199953608215,1,8192,855849,2,1.711476,14220,,
akciğer grafisi (COVID-QU-Ex),24608,2,2,paket,0.010596300009638071,1,8192,855568,3,2.567214,18579,,
akciğer grafisi (COVID-QU-Ex),24628,2,3,paket,0.010026700096204877,1,8192,855830,3,2.567214,16916,,
akciğer grafisi (COVID-QU-Ex),24661,2,4,paket,0.009955300018191338,1,8192,855854,4,3.422952,26917,,
akciğer grafisi (COVID-QU-Ex),24667,2,2,paket,0.01206889993045479,1,8192,855989,2,1.711476,10975,,
akciğer grafisi (COVID-QU-Ex),24690,2,0,paket,0.01007329998537898,1,8192,856014,3,2.567214,17253,,
akciğer grafisi (COVID-QU-Ex),24725,2,2,paket,0.010557299945503473,1,8192,855347,2,1.711476,15050,,
akciğer grafisi (COVID-QU-Ex),24736,2,0,paket,0.010256200097501278,1,8192,855351,3,2.567214,20974,,
akciğer grafisi (COVID-QU-Ex),24742,2,3,paket,0.009956600028090179,1,8192,855758,3,2.567214,22553,,
akciğer grafisi (COVID-QU-Ex),24747,2,3,paket,0.009905399987474084,1,8192,855245,3,2.567214,21218,,
akciğer grafisi (COVID-QU-Ex),24782,2,3,paket,0.009961300063878298,1,8192,856024,3,2.567214,20090,,
akciğer grafisi (COVID-QU-Ex),24787,2,4,paket,0.01007499999832362,1,8192,854993,3,2.567214,22141,,
akciğer grafisi (COVID-QU-Ex),24793,2,3,paket,0.01020380004774779,1,8192,855595,2,1.711476,13810,,
akciğer grafisi (COVID-QU-Ex),24821,2,3,paket,0.010554599924944341,1,8192,856047,3,2.567214,16838,,
akciğer grafisi (COVID-QU-Ex),24875,2,1,paket,0.009952099993824959,1,8192,855966,2,1.711476,13593,,
akciğer grafisi (COVID-QU-Ex),24876,2,1,paket,0.009785500005818903,1,8192,855616,3,2.567214,18612,,
akciğer grafisi (COVID-QU-Ex),24903,2,3,paket,0.01023500005248934,1,8192,856051,3,2.567214,21782,,
akciğer grafisi (COVID-QU-Ex),24906,2,3,paket,0.010157399927265942,1,8192,855275,2,1.711476,15675,,
akciğer grafisi (COVID-QU-Ex),24916,2,0,paket,0.010666599962860346,1,8192,855286,3,2.567214,18327,,
akciğer grafisi (COVID-QU-Ex),24922,2,4,paket,0.009957500034943223,1,8192,855792,3,2.567214,17063,,
akciğer grafisi (COVID-QU-Ex),24925,2,4,paket,0.010089299990795553,1,8192,855653,3,2.567214,21492,,
akciğer grafisi (COVID-QU-Ex),24930,2,1,paket,0.00994439993519336,1,8192,855743,4,3.422952,25022,,
akciğer grafisi (COVID-QU-Ex),24940,2,3,paket,0.009893400012515485,1,8192,855393,3,2.567214,19209,,
akciğer grafisi (COVID-QU-Ex),24942,2,0,paket,0.010417600045911968,1,8192,855971,3,2.567214,21960,,
akciğer grafisi (COVID-QU-Ex),24950,2,0,paket,0.010121300001628697,1,8192,855293,2,1.711476,12317,,
akciğer grafisi (COVID-QU-Ex),24965,2,1,paket,0.010334899998269975,1,8192,855239,3,2.567214,20589,,
akciğer grafisi (COVID-QU-Ex),24985,2,3,paket,0.010595100000500679,1,8192,855460,3,2.567214,19334,,
akciğer grafisi (COVID-QU-Ex),24989,2,0,paket,0.01002289995085448,1,8192,855287,3,2.567214,16958,,
akciğer grafisi (COVID-QU-Ex),24992,2,2,paket,0.011073100031353533,1,8192,855320,2,1.711476,11483,,
akciğer grafisi (COVID-QU-Ex),25018,2,1,paket,0.010189500055275857,1,8192,855279,2,1.711476,12623,,
akciğer grafisi (COVID-QU-Ex),25021,2,2,paket,0.010059499996714294,1,8192,855732,2,1.711476,11941,,
akciğer grafisi (COVID-QU-Ex),25032,2,2,paket,0.01051799999549985,1,8192,855896,3,2.567214,20360,,
akciğer grafisi (COVID-QU-Ex),25037,2,3,paket,0.010063099907711148,1,8192,856229,3,2.567214,18032,,
akciğer grafisi (COVID-QU-Ex),25043,2,2,paket,0.010303799994289875,1,8192,855399,2,1.711476,15942,,
akciğer grafisi (COVID-QU-Ex),25049,2,1,paket,0.009933299967087805,1,8192,855218,2,1.711476,12297,,
akciğer grafisi (COVID-QU-Ex),25051,2,2,paket,0.009879799908958375,1,8192,855320,2,1.711476,14358,,
akciğer grafisi (COVID-QU-Ex),25061,2,0,paket,0.010579399997368455,1,8192,855273,3,2.567214,21680,,
akciğer grafisi (COVID-QU-Ex),25068,2,2,paket,0.00977709994185716,1,8192,855883,3,2.567214,16623,,
akciğer grafisi (COVID-QU-Ex),25069,2,1,paket,0.00996690010651946,1,8192,856279,3,2.567214,20009,,
akciğer grafisi (COVID-QU-Ex),25070,2,2,paket,0.009909299900755286,1,8192,855764,3,2.567214,16489,,
akciğer grafisi (COVID-QU-Ex),25072,2,3,paket,0.010317699983716011,1,8192,856195,3,2.567214,18222,,
akciğer grafisi (COVID-QU-Ex),25079,2,3,paket,0.010077200015075505,1,8192,855974,3,2.567214,20201,,
akciğer grafisi (COVID-QU-Ex),25083,2,3,paket,0.010735300020314753,1,8192,855294,2,1.711476,10753,,
akciğer grafisi (COVID-QU-Ex),25084,2,3,paket,0.010115499957464635,1,8192,855190,3,2.567214,17377,,
akciğer grafisi (COVID-QU-Ex),25107,2,3,paket,0.009889000095427036,1,8192,855580,2,1.711476,12648,,
akciğer grafisi (COVID-QU-Ex),25116,2,4,paket,0.010556900058872998,1,8192,855811,3,2.567214,18650,,
akciğer grafisi (COVID-QU-Ex),25120,2,4,paket,0.00996229995507747,1,8192,855137,3,2.567214,19799,,
akciğer grafisi (COVID-QU-Ex),25125,2,4,paket,0.009946700069122016,1,8192,855333,3,2.567214,21171,,
akciğer grafisi (COVID-QU-Ex),25126,2,4,paket,0.01000690006185323,1,8192,855172,3,2.567214,19631,,
akciğer grafisi (COVID-QU-Ex),25139,2,4,paket,0.010126700042746961,1,8192,855263,3,2.567214,16421,,
akciğer grafisi (COVID-QU-Ex),25150,2,3,paket,0.010482100071385503,1,8192,855502,2,1.711476,12102,,
akciğer grafisi (COVID-QU-Ex),25159,2,4,paket,0.010518499999307096,1,8192,855799,2,1.711476,9209,,
akciğer grafisi (COVID-QU-Ex),25165,2,1,paket,0.01024520001374185,1,8192,855983,3,2.567214,19594,,
akciğer grafisi (COVID-QU-Ex),25169,2,1,paket,0.010649499949067831,1,8192,855293,3,2.567214,19306,,
akciğer grafisi (COVID-QU-Ex),25178,2,1,paket,0.010351500008255243,1,8192,855807,3,2.567214,17635,,
akciğer grafisi (COVID-QU-Ex),25198,2,0,paket,0.010025399969890714,1,8192,855200,2,1.711476,13050,,
akciğer grafisi (COVID-QU-Ex),25200,2,2,paket,0.010023199953138828,1,8192,856060,3,2.567214,18580,,
akciğer grafisi (COVID-QU-Ex),25202,2,3,paket,0.0098911999957636,1,8192,856048,2,1.711476,16196,,
akciğer grafisi (COVID-QU-Ex),25204,2,0,paket,0.010744799976237118,1,8192,855898,3,2.567214,19763,,
akciğer grafisi (COVID-QU-Ex),25223,2,1,paket,0.010154000017791986,1,8192,856031,2,1.711476,9282,,
akciğer grafisi (COVID-QU-Ex),25235,2,2,paket,0.009998399997130036,1,8192,856239,2,1.711476,15685,,
akciğer grafisi (COVID-QU-Ex),25243,2,2,paket,0.01009270001668483,1,8192,855300,3,2.567214,18569,,
akciğer grafisi (COVID-QU-Ex),25265,2,0,paket,0.010836799978278577,1,8192,855600,2,1.711476,13259,,
akciğer grafisi (COVID-QU-Ex),25277,2,3,paket,0.010000899899750948,1,8192,856178,3,2.567214,17359,,
akciğer grafisi (COVID-QU-Ex),25280,2,4,paket,0.009904300095513463,1,8192,855661,3,2.567214,17827,,
akciğer grafisi (COVID-QU-Ex),25286,2,1,paket,0.009948299964889884,1,8192,856204,3,2.567214,19216,,
akciğer grafisi (COVID-QU-Ex),25300,2,2,paket,0.014749599969945848,1,8192,855100,2,1.711476,13484,,
akciğer grafisi (COVID-QU-Ex),25306,2,3,paket,0.010142700048163533,1,8192,855898,3,2.567214,16500,,
akciğer grafisi (COVID-QU-Ex),25315,2,0,paket,0.010083500063046813,1,8192,855316,2,1.711476,11314,,
akciğer grafisi (COVID-QU-Ex),25320,2,1,paket,0.010022499947808683,1,8192,855270,2,1.711476,14699,,
akciğer grafisi (COVID-QU-Ex),25322,2,4,paket,0.010007099946960807,1,8192,855968,3,2.567214,18442,,
akciğer grafisi (COVID-QU-Ex),25337,2,3,paket,0.010404599946923554,1,8192,855580,3,2.567214,21291,,
akciğer grafisi (COVID-QU-Ex),25348,2,2,paket,0.009924300014972687,1,8192,855544,3,2.567214,16658,,
akciğer grafisi (COVID-QU-Ex),25363,2,2,paket,0.009994900086894631,1,8192,855245,3,2.567214,18477,,
akciğer grafisi (COVID-QU-Ex),25385,2,3,paket,0.010827900026924908,1,8192,856100,2,1.711476,9327,,
akciğer grafisi (COVID-QU-Ex),25387,2,0,paket,0.010117999976500869,1,8192,855831,2,1.711476,13664,,
akciğer grafisi (COVID-QU-Ex),25399,2,4,paket,0.010133799980394542,1,8192,855788,3,2.567214,19429,,
akciğer grafisi (COVID-QU-Ex),25406,2,1,paket,0.009968500002287328,1,8192,856143,3,2.567214,16868,,
akciğer grafisi (COVID-QU-Ex),25413,2,1,paket,0.010211799992248416,1,8192,855244,2,1.711476,15711,,
akciğer grafisi (COVID-QU-Ex),25414,2,0,paket,0.010038799955509603,1,8192,856058,4,3.422952,25880,,
akciğer grafisi (COVID-QU-Ex),25426,2,0,paket,0.010488900006748736,1,8192,855866,1,0.855738,5316,,
akciğer grafisi (COVID-QU-Ex),25436,2,2,paket,0.010081199929118156,1,8192,855313,3,2.567214,19097,,
akciğer grafisi (COVID-QU-Ex),25457,2,2,paket,0.010435700067318976,1,8192,856150,3,2.567214,18910,,
akciğer grafisi (COVID-QU-Ex),25462,2,2,paket,0.01006770005915314,1,8192,855392,4,3.422952,25278,,
akciğer grafisi (COVID-QU-Ex),25468,2,2,paket,0.010110799921676517,1,8192,856283,2,1.711476,14127,,
akciğer grafisi (COVID-QU-Ex),25473,2,2,paket,0.010248799924738705,1,8192,855609,2,1.711476,14649,,
akciğer grafisi (COVID-QU-Ex),25494,2,0,paket,0.01019029994495213,1,8192,855253,3,2.567214,19404,,
akciğer grafisi (COVID-QU-Ex),25506,2,4,paket,0.011269500013440847,1,8192,856105,2,1.711476,12156,,
akciğer grafisi (COVID-QU-Ex),25516,2,3,paket,0.010017800028435886,1,8192,855552,2,1.711476,16326,,
akciğer grafisi (COVID-QU-Ex),25522,2,3,paket,0.010758300079032779,1,8192,855235,1,0.855738,6930,,
akciğer grafisi (COVID-QU-Ex),25526,2,0,paket,0.009894900023937225,1,8192,855812,2,1.711476,14158,,
akciğer grafisi (COVID-QU-Ex),25546,2,2,paket,0.010137700010091066,1,8192,855289,3,2.567214,21835,,
akciğer grafisi (COVID-QU-Ex),25549,2,0,paket,0.009971299907192588,1,8192,856167,2,1.711476,15615,,
akciğer grafisi (COVID-QU-Ex),25566,2,2,paket,0.010215400019660592,1,8192,856054,3,2.567214,16403,,
akciğer grafisi (COVID-QU-Ex),25610,2,1,paket,0.010289500001817942,1,8192,855284,3,2.567214,18505,,
akciğer grafisi (COVID-QU-Ex),25639,2,0,paket,0.009935799986124039,1,8192,856124,3,2.567214,16548,,
akciğer grafisi (COVID-QU-Ex),25650,2,0,paket,0.009874099981971085,1,8192,855674,3,2.567214,19926,,
akciğer grafisi (COVID-QU-Ex),25663,2,0,paket,0.009967599995434284,1,8192,855328,2,1.711476,15876,,
akciğer grafisi (COVID-QU-Ex),25677,2,4,paket,0.009890399989672005,1,8192,856239,2,1.711476,11040,,
akciğer grafisi (COVID-QU-Ex),25693,2,0,paket,0.011359199997968972,1,8192,856112,2,1.711476,14993,,
akciğer grafisi (COVID-QU-Ex),25698,2,1,paket,0.010474200011231005,1,8192,855215,3,2.567214,17377,,
akciğer grafisi (COVID-QU-Ex),25705,2,4,paket,0.010076700011268258,1,8192,855891,2,1.711476,16020,,
akciğer grafisi (COVID-QU-Ex),25710,2,4,paket,0.010226199985481799,1,8192,855796,3,2.567214,19616,,
akciğer grafisi (COVID-QU-Ex),25730,2,4,paket,0.009987200028263032,1,8192,855964,2,1.711476,16340,,
akciğer grafisi (COVID-QU-Ex),25750,2,2,paket,0.010361199965700507,1,8192,855814,2,1.711476,15224,,
akciğer grafisi (COVID-QU-Ex),25753,2,2,paket,0.010370300034992397,1,8192,855834,2,1.711476,15630,,
akciğer grafisi (COVID-QU-Ex),25772,2,0,paket,0.009932000073604286,1,8192,855585,3,2.567214,18335,,
akciğer grafisi (COVID-QU-Ex),25775,2,3,paket,0.010220199939794838,1,8192,855298,4,3.422952,25057,,
akciğer grafisi (COVID-QU-Ex),25779,2,3,paket,0.010123000014573336,1,8192,855273,3,2.567214,17828,,
akciğer grafisi (COVID-QU-Ex),25781,2,4,paket,0.010181199992075562,1,8192,854924,2,1.711476,13006,,
akciğer grafisi (COVID-QU-Ex),25796,2,4,paket,0.009921299992129207,1,8192,855288,2,1.711476,16380,,
akciğer grafisi (COVID-QU-Ex),25804,2,2,paket,0.010005900054238737,1,8192,855125,2,1.711476,9559,,
akciğer grafisi (COVID-QU-Ex),25809,2,3,paket,0.009976800065487623,1,8192,855912,2,1.711476,12404,,
akciğer grafisi (COVID-QU-Ex),25810,2,4,paket,0.013375400099903345,1,8192,856102,3,2.567214,18734,,
akciğer grafisi (COVID-QU-Ex),25821,2,4,paket,0.011585300089791417,1,8192,855765,3,2.567214,18868,,
akciğer grafisi (COVID-QU-Ex),25824,2,1,paket,0.009893200010992587,1,8192,856083,3,2.567214,17494,,
akciğer grafisi (COVID-QU-Ex),25828,2,0,paket,0.010171499918214977,1,8192,856067,3,2.567214,16812,,
akciğer grafisi (COVID-QU-Ex),25830,2,0,paket,0.009927600040100515,1,8192,855784,3,2.567214,22512,,
akciğer grafisi (COVID-QU-Ex),25838,2,2,paket,0.009943099925294518,1,8192,855272,2,1.711476,12087,,
akciğer grafisi (COVID-QU-Ex),25840,2,3,paket,0.010795900016091764,1,8192,855301,3,2.567214,20570,,
akciğer grafisi (COVID-QU-Ex),25847,2,0,paket,0.009933400084264576,1,8192,855313,2,1.711476,9249,,
akciğer grafisi (COVID-QU-Ex),25854,2,3,paket,0.009909500018693507,1,8192,856063,2,1.711476,16008,,
akciğer grafisi (COVID-QU-Ex),25864,2,0,paket,0.010038199950940907,1,8192,855236,2,1.711476,13321,,
akciğer grafisi (COVID-QU-Ex),25867,2,3,paket,0.010115399956703186,1,8192,855919,2,1.711476,15158,,
akciğer grafisi (COVID-QU-Ex),25879,2,1,paket,0.01028240006417036,1,8192,854334,3,2.567214,18318,,
akciğer grafisi (COVID-QU-Ex),25896,2,0,paket,0.00973719998728484,1,8192,856148,3,2.567214,22480,,
akciğer grafisi (COVID-QU-Ex),25897,2,1,paket,0.010293200029991567,1,8192,855303,3,2.567214,16819,,
akciğer grafisi (COVID-QU-Ex),25900,2,3,paket,0.010429700021632016,1,8192,855684,2,1.711476,14608,,
akciğer grafisi (COVID-QU-Ex),25921,2,1,paket,0.010378099977970123,1,8192,855433,3,2.567214,20892,,
akciğer grafisi (COVID-QU-Ex),25926,2,4,paket,0.010656400001607835,1,8192,855966,3,2.567214,19683,,
akciğer grafisi (COVID-QU-Ex),25944,2,0,paket,0.010503800003789365,1,8192,856211,3,2.567214,22026,,
akciğer grafisi (COVID-QU-Ex),25948,2,4,paket,0.010628700023517013,1,8192,855375,3,2.567214,19979,,
akciğer grafisi (COVID-QU-Ex),25953,2,4,paket,0.010127199930138886,1,8192,856046,3,2.567214,20019,,
akciğer grafisi (COVID-QU-Ex),25963,2,2,paket,0.010187800042331219,1,8192,856022,2,1.711476,15420,,
akciğer grafisi (COVID-QU-Ex),25977,2,3,paket,0.010797999915666878,1,8192,855779,2,1.711476,16165,,
akciğer grafisi (COVID-QU-Ex),25986,2,3,paket,0.010136700002476573,1,8192,855261,2,1.711476,14735,,
akciğer grafisi (COVID-QU-Ex),25991,2,4,paket,0.009933899971656501,1,8192,855201,2,1.711476,12769,,
akciğer grafisi (COVID-QU-Ex),26028,2,1,paket,0.009955900022760034,1,8192,856071,2,1.711476,14142,,
akciğer grafisi (COVID-QU-Ex),26032,2,0,paket,0.01039630000013858,1,8192,855666,3,2.567214,19849,,
akciğer grafisi (COVID-QU-Ex),26036,2,4,paket,0.01151350000873208,1,8192,855675,2,1.711476,14141,,
akciğer grafisi (COVID-QU-Ex),26044,2,1,paket,0.010193499969318509,1,8192,855843,2,1.711476,14975,,
akciğer grafisi (COVID-QU-Ex),26105,2,2,paket,0.01002909999806434,1,8192,855294,2,1.711476,14934,,
akciğer grafisi (COVID-QU-Ex),26119,2,1,paket,0.010194299975410104,1,8192,855683,2,1.711476,16114,,
akciğer grafisi (COVID-QU-Ex),26135,2,1,paket,0.01016519998665899,1,8192,856054,2,1.711476,10111,,
akciğer grafisi (COVID-QU-Ex),26136,2,3,paket,0.01005549996625632,1,8192,855256,2,1.711476,15716,,
akciğer grafisi (COVID-QU-Ex),26146,2,2,paket,0.00987800001166761,1,8192,856158,3,2.567214,19237,,
akciğer grafisi (COVID-QU-Ex),26155,2,3,paket,0.010130299953743815,1,8192,856193,3,2.567214,17056,,
akciğer grafisi (COVID-QU-Ex),26179,2,2,paket,0.009897400042973459,1,8192,856142,2,1.711476,16074,,
akciğer grafisi (COVID-QU-Ex),26183,2,1,paket,0.010087999980896711,1,8192,856140,2,1.711476,13983,,
akciğer grafisi (COVID-QU-Ex),26184,2,3,paket,0.010688900016248226,1,8192,855705,3,2.567214,18093,,
akciğer grafisi (COVID-QU-Ex),26185,2,0,paket,0.010044700000435114,1,8192,856033,3,2.567214,16899,,
akciğer grafisi (COVID-QU-Ex),26189,2,3,paket,0.010206500068306923,1,8192,855431,2,1.711476,14677,,
akciğer grafisi (COVID-QU-Ex),26190,2,4,paket,0.010017700027674437,1,8192,855325,2,1.711476,14124,,
akciğer grafisi (COVID-QU-Ex),26197,2,0,paket,0.010402800049632788,1,8192,855723,3,2.567214,16868,,
akciğer grafisi (COVID-QU-Ex),26198,2,0,paket,0.010186099912971258,1,8192,855820,2,1.711476,15390,,
akciğer grafisi (COVID-QU-Ex),26203,2,0,paket,0.01036959991324693,1,8192,856029,3,2.567214,21685,,
akciğer grafisi (COVID-QU-Ex),26216,2,4,paket,0.010070000076666474,1,8192,855537,2,1.711476,15828,,
akciğer grafisi (COVID-QU-Ex),26218,2,3,paket,0.01057130005210638,1,8192,855602,2,1.711476,8712,,
akciğer grafisi (COVID-QU-Ex),26226,2,4,paket,0.010588399949483573,1,8192,855542,3,2.567214,17229,,
akciğer grafisi (COVID-QU-Ex),26241,2,3,paket,0.010681199957616627,1,8192,856094,3,2.567214,16717,,
akciğer grafisi (COVID-QU-Ex),26243,2,2,paket,0.0103270000545308,1,8192,855768,3,2.567214,20165,,
akciğer grafisi (COVID-QU-Ex),26249,2,1,paket,0.009926200029440224,1,8192,855855,3,2.567214,23640,,
akciğer grafisi (COVID-QU-Ex),26270,2,3,paket,0.010330599965527654,1,8192,856213,2,1.711476,12629,,
akciğer grafisi (COVID-QU-Ex),26271,2,4,paket,0.01023050001822412,1,8192,856043,2,1.711476,13764,,
akciğer grafisi (COVID-QU-Ex),26274,2,2,paket,0.010112200048752129,1,8192,856127,3,2.567214,22654,,
akciğer grafisi (COVID-QU-Ex),26280,2,3,paket,0.009963499964214861,1,8192,855846,2,1.711476,13170,,
akciğer grafisi (COVID-QU-Ex),26293,2,2,paket,0.010322200017981231,1,8192,855617,3,2.567214,16689,,
akciğer grafisi (COVID-QU-Ex),26298,2,4,paket,0.010108700022101402,1,8192,856178,3,2.567214,19114,,
akciğer grafisi (COVID-QU-Ex),26311,2,2,paket,0.011845499975606799,1,8192,855798,3,2.567214,16606,,
akciğer grafisi (COVID-QU-Ex),26335,2,1,paket,0.009994300082325935,1,8192,855949,3,2.567214,16523,,
akciğer grafisi (COVID-QU-Ex),26339,2,4,paket,0.010063599911518395,1,8192,855467,2,1.711476,15191,,
akciğer grafisi (COVID-QU-Ex),26341,2,3,paket,0.011309499968774617,1,8192,856182,3,2.567214,22708,,
akciğer grafisi (COVID-QU-Ex),26354,2,3,paket,0.009988399920985103,1,8192,856088,2,1.711476,10819,,
akciğer grafisi (COVID-QU-Ex),26379,2,0,paket,0.010288799996487796,1,8192,855395,3,2.567214,16429,,
akciğer grafisi (COVID-QU-Ex),26395,2,3,paket,0.010174700058996677,1,8192,855347,3,2.567214,16726,,
akciğer grafisi (COVID-QU-Ex),26408,2,1,paket,0.010786600061692297,1,8192,856070,2,1.711476,9519,,
akciğer grafisi (COVID-QU-Ex),26409,2,3,paket,0.010190100059844553,1,8192,856078,3,2.567214,21528,,
akciğer grafisi (COVID-QU-Ex),26426,2,4,paket,0.009985300013795495,1,8192,855849,3,2.567214,17139,,
akciğer grafisi (COVID-QU-Ex),26430,2,0,paket,0.010165400104597211,1,8192,855915,3,2.567214,21405,,
akciğer grafisi (COVID-QU-Ex),26496,2,0,paket,0.01046030002180487,1,8192,855540,3,2.567214,23016,,
akciğer grafisi (COVID-QU-Ex),26516,2,1,paket,0.010031499899923801,1,8192,855176,3,2.567214,23870,,
akciğer grafisi (COVID-QU-Ex),26519,2,2,paket,0.01015350001398474,1,8192,855253,3,2.567214,16982,,
akciğer grafisi (COVID-QU-Ex),26529,2,0,paket,0.010250300052575767,1,8192,855265,3,2.567214,21852,,
akciğer grafisi (COVID-QU-Ex),26537,2,0,paket,0.010287999990396202,1,8192,855920,2,1.711476,15977,,
akciğer grafisi (COVID-QU-Ex),26554,2,3,paket,0.009951099986210465,1,8192,856091,3,2.567214,16979,,
akciğer grafisi (COVID-QU-Ex),26557,2,0,paket,0.010193099966272712,1,8192,855194,3,2.567214,21285,,
akciğer grafisi (COVID-QU-Ex),26560,2,2,paket,0.010017599910497665,1,8192,855442,3,2.567214,23090,,
akciğer grafisi (COVID-QU-Ex),26589,2,1,paket,0.009985900018364191,1,8192,855791,3,2.567214,17662,,
akciğer grafisi (COVID-QU-Ex),26597,2,1,paket,0.009792399941943586,1,8192,855546,3,2.567214,16437,,
akciğer grafisi (COVID-QU-Ex),26620,2,4,paket,0.009867300046607852,1,8192,855530,3,2.567214,17637,,
akciğer grafisi (COVID-QU-Ex),26625,2,2,paket,0.00991500006057322,1,8192,856178,3,2.567214,17239,,
akciğer grafisi (COVID-QU-Ex),26626,2,0,paket,0.01066020003054291,1,8192,856140,2,1.711476,16052,,
akciğer grafisi (COVID-QU-Ex),26630,2,0,paket,0.010034999926574528,1,8192,856060,2,1.711476,11737,,
akciğer grafisi (COVID-QU-Ex),26638,2,1,paket,0.01004219998139888,1,8192,856042,2,1.711476,15023,,
akciğer grafisi (COVID-QU-Ex),26657,2,0,paket,0.010037499945610762,1,8192,855109,3,2.567214,16766,,
akciğer grafisi (COVID-QU-Ex),26667,2,2,paket,0.010227099992334843,1,8192,855783,3,2.567214,20617,,
akciğer grafisi (COVID-QU-Ex),26672,2,1,paket,0.012147099943831563,1,8192,855388,3,2.567214,16956,,
akciğer grafisi (COVID-QU-Ex),26673,2,4,paket,0.010053500067442656,1,8192,855942,2,1.711476,12564,,
akciğer grafisi (COVID-QU-Ex),26679,2,1,paket,0.010094800032675266,1,8192,856099,3,2.567214,18971,,
akciğer grafisi (COVID-QU-Ex),26680,2,2,paket,0.010687800007872283,1,8192,855372,4,3.422952,26143,,
akciğer grafisi (COVID-QU-Ex),26698,2,0,paket,0.010765900020487607,1,8192,856000,4,3.422952,24915,,
akciğer grafisi (COVID-QU-Ex),26699,2,0,paket,0.009944400051608682,1,8192,856199,2,1.711476,13472,,
akciğer grafisi (COVID-QU-Ex),26704,2,3,paket,0.009974500047974288,1,8192,855731,2,1.711476,11449,,
akciğer grafisi (COVID-QU-Ex),26714,2,4,paket,0.010044700000435114,1,8192,855413,2,1.711476,14226,,
akciğer grafisi (COVID-QU-Ex),26728,2,0,paket,0.010120099992491305,1,8192,856190,2,1.711476,11140,,
akciğer grafisi (COVID-QU-Ex),26734,2,4,paket,0.009955600020475686,1,8192,856008,4,3.422952,25425,,
akciğer grafisi (COVID-QU-Ex),26748,2,4,paket,0.009703699965029955,1,8192,855196,2,1.711476,13047,,
akciğer grafisi (COVID-QU-Ex),26750,2,1,paket,0.010294500039890409,1,8192,856107,3,2.567214,18891,,
akciğer grafisi (COVID-QU-Ex),26756,2,2,paket,0.010328299948014319,1,8192,855260,1,0.855738,7812,,
akciğer grafisi (COVID-QU-Ex),26774,2,2,paket,0.009946700069122016,1,8192,855805,3,2.567214,20951,,
akciğer grafisi (COVID-QU-Ex),26776,2,0,paket,0.010489100008271635,1,8192,854678,2,1.711476,14457,,
akciğer grafisi (COVID-QU-Ex),26795,2,3,paket,0.01006920007057488,1,8192,855368,2,1.711476,14091,,
akciğer grafisi (COVID-QU-Ex),26803,2,4,paket,0.009902700083330274,1,8192,855712,3,2.567214,16597,,
akciğer grafisi (COVID-QU-Ex),26808,2,2,paket,0.010402399930171669,1,8192,855951,3,2.567214,16746,,
akciğer grafisi (COVID-QU-Ex),26823,2,4,paket,0.010174599941819906,1,8192,855097,2,1.711476,15936,,
akciğer grafisi (COVID-QU-Ex),26832,2,0,paket,0.0100895999930799,1,8192,855610,3,2.567214,22040,,
akciğer grafisi (COVID-QU-Ex),26836,2,3,paket,0.010098099941387773,1,8192,855094,2,1.711476,14745,,
akciğer grafisi (COVID-QU-Ex),26869,2,2,paket,0.009857199969701469,1,8192,856095,3,2.567214,17774,,
akciğer grafisi (COVID-QU-Ex),26900,2,3,paket,0.010322100017219782,1,8192,855871,3,2.567214,17884,,
akciğer grafisi (COVID-QU-Ex),26915,2,3,paket,0.009915500064380467,1,8192,855225,3,2.567214,19296,,
akciğer grafisi (COVID-QU-Ex),26919,2,3,paket,0.010301100090146065,1,8192,855224,2,1.711476,15441,,
akciğer grafisi (COVID-QU-Ex),26937,2,0,paket,0.00986429990734905,1,8192,855228,2,1.711476,11405,,
akciğer grafisi (COVID-QU-Ex),26941,2,2,paket,0.010330800083465874,1,8192,855944,3,2.567214,18539,,
akciğer grafisi (COVID-QU-Ex),26976,2,2,paket,0.010406600078567863,1,8192,855302,3,2.567214,20789,,
akciğer grafisi (COVID-QU-Ex),26978,2,2,paket,0.009905799990519881,1,8192,855421,2,1.711476,13771,,
akciğer grafisi (COVID-QU-Ex),26979,2,2,paket,0.011933899950236082,1,8192,855160,2,1.711476,16350,,
akciğer grafisi (COVID-QU-Ex),26998,2,2,paket,0.010304299998097122,1,8192,855228,2,1.711476,13694,,
akciğer grafisi (COVID-QU-Ex),27023,2,0,paket,0.010902300011366606,1,8192,855315,2,1.711476,16234,,
akciğer grafisi (COVID-QU-Ex),27025,2,3,paket,0.009972200030460954,1,8192,855913,2,1.711476,13577,,
akciğer grafisi (COVID-QU-Ex),27030,2,4,paket,0.010254900087602437,1,8192,855143,3,2.567214,19441,,
akciğer grafisi (COVID-QU-Ex),27055,2,4,paket,0.010098500060848892,1,8192,855637,3,2.567214,16825,,
akciğer grafisi (COVID-QU-Ex),27058,2,4,paket,0.011208700016140938,1,8192,855287,3,2.567214,19534,,
akciğer grafisi (COVID-QU-Ex),27101,2,4,paket,0.009899600059725344,1,8192,855986,2,1.711476,16374,,
akciğer grafisi (COVID-QU-Ex),27108,2,1,paket,0.010384800028987229,1,8192,855020,3,2.567214,19935,,
akciğer grafisi (COVID-QU-Ex),27138,2,0,paket,0.010727899963967502,1,8192,856025,2,1.711476,15591,,
akciğer grafisi (COVID-QU-Ex),27142,2,2,paket,0.010624299990013242,1,8192,856228,2,1.711476,12658,,
akciğer grafisi (COVID-QU-Ex),27143,2,2,paket,0.01024079998023808,1,8192,855839,2,1.711476,15747,,
akciğer grafisi (COVID-QU-Ex),27159,2,1,paket,0.009908200008794665,1,8192,856216,4,3.422952,25521,,
akciğer grafisi (COVID-QU-Ex),27192,2,1,paket,0.009944899939000607,1,8192,856120,3,2.567214,16850,,
akciğer grafisi (COVID-QU-Ex),27201,2,1,paket,0.010331799974665046,1,8192,855875,2,1.711476,16153,,
akciğer grafisi (COVID-QU-Ex),27223,2,1,paket,0.01007039996329695,1,8192,856009,3,2.567214,18957,,
akciğer grafisi (COVID-QU-Ex),27250,2,1,paket,0.00997430004645139,1,8192,855506,3,2.567214,19511,,
akciğer grafisi (COVID-QU-Ex),27306,2,1,paket,0.010425099986605346,1,8192,855778,3,2.567214,18584,,
akciğer grafisi (COVID-QU-Ex),27307,2,0,paket,0.010197499999776483,1,8192,855934,3,2.567214,17870,,
akciğer grafisi (COVID-QU-Ex),27316,2,0,paket,0.010081200045533478,1,8192,855953,3,2.567214,19171,,
akciğer grafisi (COVID-QU-Ex),27335,2,4,paket,0.009946399950422347,1,8192,855413,2,1.711476,15346,,
akciğer grafisi (COVID-QU-Ex),27345,2,2,paket,0.010008699959143996,1,8192,855878,3,2.567214,20771,,
akciğer grafisi (COVID-QU-Ex),27346,2,2,paket,0.010033100028522313,1,8192,855766,3,2.567214,19791,,
akciğer grafisi (COVID-QU-Ex),27357,2,2,paket,0.010043500107713044,1,8192,855784,3,2.567214,18241,,
akciğer grafisi (COVID-QU-Ex),27363,2,3,paket,0.009957200032658875,1,8192,856173,3,2.567214,21572,,
akciğer grafisi (COVID-QU-Ex),27383,2,0,paket,0.009860699996352196,1,8192,856103,2,1.711476,14886,,
akciğer grafisi (COVID-QU-Ex),27389,2,1,paket,0.010084699955768883,1,8192,855296,2,1.711476,15393,,
akciğer grafisi (COVID-QU-Ex),27399,2,2,paket,0.009979599970392883,1,8192,855789,3,2.567214,20317,,
akciğer grafisi (COVID-QU-Ex),27405,2,4,paket,0.009846600005403161,1,8192,854586,3,2.567214,20701,,
akciğer grafisi (COVID-QU-Ex),27419,2,1,paket,0.010907000047154725,1,8192,855352,2,1.711476,13907,,
akciğer grafisi (COVID-QU-Ex),27428,2,4,paket,0.009984700009226799,1,8192,854768,3,2.567214,16569,,
akciğer grafisi (COVID-QU-Ex),27437,2,0,paket,0.010779200005345047,1,8192,855379,2,1.711476,9238,,
akciğer grafisi (COVID-QU-Ex),27438,2,0,paket,0.011171899968758225,1,8192,855901,3,2.567214,19354,,
akciğer grafisi (COVID-QU-Ex),27443,2,0,paket,0.009983500000089407,1,8192,855785,3,2.567214,22296,,
akciğer grafisi (COVID-QU-Ex),27456,2,4,paket,0.00996830000076443,1,8192,856242,3,2.567214,18333,,
akciğer grafisi (COVID-QU-Ex),27465,2,3,paket,0.010927799972705543,1,8192,855143,2,1.711476,14584,,
akciğer grafisi (COVID-QU-Ex),27470,2,0,paket,0.01001839991658926,1,8192,856057,2,1.711476,14283,,
akciğer grafisi (COVID-QU-Ex),27475,2,1,paket,0.00995179999154061,1,8192,855502,3,2.567214,20447,,
akciğer grafisi (COVID-QU-Ex),27476,2,2,paket,0.00995049998164177,1,8192,856124,1,0.855738,5031,,
akciğer grafisi (COVID-QU-Ex),27480,2,2,paket,0.01024380000308156,1,8192,856051,3,2.567214,18049,,
akciğer grafisi (COVID-QU-Ex),27486,2,4,paket,0.009857999975793064,1,8192,855240,2,1.711476,16167,,
akciğer grafisi (COVID-QU-Ex),27494,2,2,paket,0.010297399945557117,1,8192,855321,3,2.567214,20535,,
akciğer grafisi (COVID-QU-Ex),27514,2,3,paket,0.011364800040610135,1,8192,854509,3,2.567214,17926,,
akciğer grafisi (COVID-QU-Ex),27520,2,0,paket,0.011407400015741587,1,8192,855751,2,1.711476,15309,,
akciğer grafisi (COVID-QU-Ex),27530,2,3,paket,0.009962699958123267,1,8192,855366,3,2.567214,19948,,
akciğer grafisi (COVID-QU-Ex),27556,2,3,paket,0.009971600025892258,1,8192,855589,3,2.567214,17465,,
akciğer grafisi (COVID-QU-Ex),27566,2,2,paket,0.010367400012910366,1,8192,855983,3,2.567214,16596,,
akciğer grafisi (COVID-QU-Ex),27570,2,4,paket,0.010832099942490458,1,8192,855942,3,2.567214,17937,,
akciğer grafisi (COVID-QU-Ex),27571,2,0,paket,0.010405999957583845,1,8192,855824,3,2.567214,20953,,
akciğer grafisi (COVID-QU-Ex),27575,2,0,paket,0.010209499974735081,1,8192,855167,2,1.711476,12325,,
akciğer grafisi (COVID-QU-Ex),27585,2,3,paket,0.00996069994289428,1,8192,856195,2,1.711476,13665,,
akciğer grafisi (COVID-QU-Ex),27587,2,2,paket,0.009942099917680025,1,8192,855716,2,1.711476,13683,,
akciğer grafisi (COVID-QU-Ex),27592,2,3,paket,0.009923100005835295,1,8192,856253,3,2.567214,18693,,
akciğer grafisi (COVID-QU-Ex),27597,2,4,paket,0.009928100043907762,1,8192,856044,2,1.711476,10307,,
akciğer grafisi (COVID-QU-Ex),27601,2,1,paket,0.010142600047402084,1,8192,856068,3,2.567214,19256,,
akciğer grafisi (COVID-QU-Ex),27603,2,3,paket,0.009994700085371733,1,8192,856269,3,2.567214,22108,,
akciğer grafisi (COVID-QU-Ex),27604,2,2,paket,0.009888799977488816,1,8192,856292,2,1.711476,15599,,
akciğer grafisi (COVID-QU-Ex),27614,2,0,paket,0.012200600001960993,1,8192,855238,2,1.711476,16177,,
akciğer grafisi (COVID-QU-Ex),27617,2,3,paket,0.01006150001194328,1,8192,855317,2,1.711476,16249,,
akciğer grafisi (COVID-QU-Ex),27632,2,0,paket,0.010487599996849895,1,8192,854859,4,3.422952,27211,,
akciğer grafisi (COVID-QU-Ex),27645,2,0,paket,0.010056699975393713,1,8192,856033,3,2.567214,18689,,
akciğer grafisi (COVID-QU-Ex),27647,2,1,paket,0.010016000014729798,1,8192,855622,3,2.567214,21364,,
akciğer grafisi (COVID-QU-Ex),27653,2,2,paket,0.010041399975307286,1,8192,855085,3,2.567214,19340,,
akciğer grafisi (COVID-QU-Ex),27667,2,4,paket,0.010205299942754209,1,8192,855379,2,1.711476,14897,,
akciğer grafisi (COVID-QU-Ex),27670,2,0,paket,0.010514100082218647,1,8192,856178,3,2.567214,20796,,
akciğer grafisi (COVID-QU-Ex),27694,2,0,paket,0.010213200002908707,1,8192,856113,3,2.567214,19249,,
akciğer grafisi (COVID-QU-Ex),27705,2,0,paket,0.011032999958842993,1,8192,855890,2,1.711476,15271,,
akciğer grafisi (COVID-QU-Ex),27721,2,0,paket,0.009965800098143518,1,8192,856342,2,1.711476,15085,,
akciğer grafisi (COVID-QU-Ex),27735,2,1,paket,0.009855500073172152,1,8192,855901,2,1.711476,15834,,
akciğer grafisi (COVID-QU-Ex),27751,2,0,paket,0.010044700000435114,1,8192,855998,3,2.567214,22311,,
akciğer grafisi (COVID-QU-Ex),27762,2,3,paket,0.009979599970392883,1,8192,855297,2,1.711476,13287,,
akciğer grafisi (COVID-QU-Ex),27784,2,1,paket,0.010391499963589013,1,8192,856172,2,1.711476,15359,,
akciğer grafisi (COVID-QU-Ex),27790,2,2,paket,0.010026199975982308,1,8192,855214,3,2.567214,17794,,
akciğer grafisi (COVID-QU-Ex),27799,2,4,paket,0.010010399972088635,1,8192,855543,3,2.567214,18273,,
akciğer grafisi (COVID-QU-Ex),27807,2,2,paket,0.009921599994413555,1,8192,855988,2,1.711476,15765,,
akciğer grafisi (COVID-QU-Ex),27810,2,2,paket,0.012820700067095459,1,8192,855990,3,2.567214,20153,,
akciğer grafisi (COVID-QU-Ex),27817,2,0,paket,0.010460400022566319,1,8192,855362,3,2.567214,19936,,
akciğer grafisi (COVID-QU-Ex),27835,2,3,paket,0.010126700042746961,1,8192,856012,2,1.711476,14494,,
akciğer grafisi (COVID-QU-Ex),27843,2,0,paket,0.010032400023192167,1,8192,855051,3,2.567214,19524,,
akciğer grafisi (COVID-QU-Ex),27849,2,1,paket,0.010302699985913932,1,8192,855243,3,2.567214,17321,,
akciğer grafisi (COVID-QU-Ex),27886,2,1,paket,0.010925700073130429,1,8192,856174,2,1.711476,15203,,
akciğer grafisi (COVID-QU-Ex),27912,2,3,paket,0.010226899990811944,1,8192,855539,2,1.711476,13700,,
akciğer grafisi (COVID-QU-Ex),27917,2,3,paket,0.010384800028987229,1,8192,855461,3,2.567214,19961,,
akciğer grafisi (COVID-QU-Ex),27929,2,2,paket,0.009937399998307228,1,8192,855587,2,1.711476,16319,,
akciğer grafisi (COVID-QU-Ex),27930,2,3,paket,0.010245600016787648,1,8192,856082,2,1.711476,15360,,
akciğer grafisi (COVID-QU-Ex),27933,2,4,paket,0.010137800010852516,1,8192,855316,3,2.567214,18072,,
akciğer grafisi (COVID-QU-Ex),27947,2,0,paket,0.009928499930538237,1,8192,855419,3,2.567214,21075,,
akciğer grafisi (COVID-QU-Ex),27964,2,3,paket,0.010787100065499544,1,8192,855394,3,2.567214,19827,,
akciğer grafisi (COVID-QU-Ex),27969,2,4,paket,0.01099080010317266,1,8192,855312,3,2.567214,20034,,
akciğer grafisi (COVID-QU-Ex),27970,2,3,paket,0.010839099995791912,1,8192,855868,3,2.567214,19501,,
akciğer grafisi (COVID-QU-Ex),27971,2,1,paket,0.01007189997471869,1,8192,856189,2,1.711476,13244,,
akciğer grafisi (COVID-QU-Ex),27989,2,2,paket,0.011052400106564164,1,8192,856009,3,2.567214,17916,,
akciğer grafisi (COVID-QU-Ex),27995,2,2,paket,0.010590100078843534,1,8192,855662,3,2.567214,18673,,
akciğer grafisi (COVID-QU-Ex),28000,2,0,paket,0.009939200012013316,1,8192,855774,2,1.711476,15558,,
akciğer grafisi (COVID-QU-Ex),28012,2,1,paket,0.010251999949105084,1,8192,855500,2,1.711476,13805,,
akciğer grafisi (COVID-QU-Ex),28013,2,1,paket,0.01011210004799068,1,8192,855275,2,1.711476,14911,,
akciğer grafisi (COVID-QU-Ex),28020,2,3,paket,0.01014180004131049,1,8192,855231,2,1.711476,11032,,
akciğer grafisi (COVID-QU-Ex),28028,2,4,paket,0.01014170004054904,1,8192,856062,2,1.711476,13964,,
akciğer grafisi (COVID-QU-Ex),28031,2,3,paket,0.010749700013548136,1,8192,856197,2,1.711476,14806,,
akciğer grafisi (COVID-QU-Ex),28053,2,4,paket,0.010896099964156747,1,8192,855206,2,1.711476,15163,,
akciğer grafisi (COVID-QU-Ex),28054,2,3,paket,0.010022100061178207,1,8192,856059,2,1.711476,15216,,
akciğer grafisi (COVID-QU-Ex),28066,2,4,paket,0.009936800110153854,1,8192,855533,2,1.711476,14845,,
akciğer grafisi (COVID-QU-Ex),28094,2,2,paket,0.010067699942737818,1,8192,855991,2,1.711476,15298,,
akciğer grafisi (COVID-QU-Ex),28097,2,2,paket,0.01016519998665899,1,8192,855313,2,1.711476,15613,,
akciğer grafisi (COVID-QU-Ex),28114,2,1,paket,0.010361499967984855,1,8192,855537,3,2.567214,19191,,
akciğer grafisi (COVID-QU-Ex),28130,2,2,paket,0.010221299948170781,1,8192,855381,2,1.711476,10473,,
akciğer grafisi (COVID-QU-Ex),28131,2,0,paket,0.010233200038783252,1,8192,855893,3,2.567214,21795,,
akciğer grafisi (COVID-QU-Ex),28134,2,3,paket,0.010159599944017828,1,8192,855550,2,1.711476,9377,,
akciğer grafisi (COVID-QU-Ex),28138,2,1,paket,0.01014749996829778,1,8192,855969,3,2.567214,19299,,
akciğer grafisi (COVID-QU-Ex),28154,2,0,paket,0.010005499934777617,1,8192,855237,2,1.711476,15339,,
akciğer grafisi (COVID-QU-Ex),28161,2,0,paket,0.010045600007288158,1,8192,855142,2,1.711476,15403,,
akciğer grafisi (COVID-QU-Ex),28188,2,3,paket,0.010095000034198165,1,8192,856152,2,1.711476,10890,,
akciğer grafisi (COVID-QU-Ex),28189,2,0,paket,0.010164099978283048,1,8192,855284,2,1.711476,11581,,
akciğer grafisi (COVID-QU-Ex),28194,2,3,paket,0.010891800047829747,1,8192,855578,2,1.711476,12116,,
akciğer grafisi (COVID-QU-Ex),28203,2,4,paket,0.01087660004850477,1,8192,855253,3,2.567214,16547,,
akciğer grafisi (COVID-QU-Ex),28214,2,4,paket,0.010028799995779991,1,8192,855968,2,1.711476,15462,,
akciğer grafisi (COVID-QU-Ex),28217,2,2,paket,0.01015810004901141,1,8192,855638,3,2.567214,17232,,
akciğer grafisi (COVID-QU-Ex),28218,2,1,paket,0.009963199961930513,1,8192,856223,2,1.711476,15307,,
akciğer grafisi (COVID-QU-Ex),28227,2,0,paket,0.010064999922178686,1,8192,856236,2,1.711476,10049,,
akciğer grafisi (COVID-QU-Ex),28236,2,0,paket,0.010014300001785159,1,8192,856173,3,2.567214,18169,,
akciğer grafisi (COVID-QU-Ex),28244,2,0,paket,0.009943700046278536,1,8192,855195,2,1.711476,15213,,
akciğer grafisi (COVID-QU-Ex),28257,2,0,paket,0.010856100008822978,1,8192,855885,3,2.567214,17146,,
akciğer grafisi (COVID-QU-Ex),28260,2,0,paket,0.00996069994289428,1,8192,855824,2,1.711476,15307,,
akciğer grafisi (COVID-QU-Ex),28267,2,3,paket,0.010797300026752055,1,8192,855857,2,1.711476,14479,,
akciğer grafisi (COVID-QU-Ex),28300,2,3,paket,0.01032390003092587,1,8192,854854,3,2.567214,20750,,
akciğer grafisi (COVID-QU-Ex),28346,2,4,paket,0.01054739998653531,1,8192,856173,3,2.567214,16812,,
akciğer grafisi (COVID-QU-Ex),28369,2,1,paket,0.010037800064310431,1,8192,855241,3,2.567214,20111,,
akciğer grafisi (COVID-QU-Ex),28371,2,1,paket,0.009961899952031672,1,8192,856136,3,2.567214,23235,,
akciğer grafisi (COVID-QU-Ex),28377,2,2,paket,0.009898599935695529,1,8192,855219,3,2.567214,19209,,
akciğer grafisi (COVID-QU-Ex),28381,2,1,paket,0.009953800006769598,1,8192,856033,2,1.711476,15582,,
akciğer grafisi (COVID-QU-Ex),28398,2,3,paket,0.010049799922853708,1,8192,856016,3,2.567214,18163,,
akciğer grafisi (COVID-QU-Ex),28414,2,0,paket,0.009882800048217177,1,8192,855495,3,2.567214,17967,,
akciğer grafisi (COVID-QU-Ex),28419,2,4,paket,0.010218400042504072,1,8192,855698,4,3.422952,24597,,
akciğer grafisi (COVID-QU-Ex),28427,2,2,paket,0.01011629996355623,1,8192,856098,3,2.567214,16830,,
akciğer grafisi (COVID-QU-Ex),28439,2,1,paket,0.01002299995161593,1,8192,855511,3,2.567214,17259,,
akciğer grafisi (COVID-QU-Ex),28452,2,2,paket,0.009982899995520711,1,8192,856073,2,1.711476,12855,,
akciğer grafisi (COVID-QU-Ex),28456,2,0,paket,0.00996250007301569,1,8192,855352,1,0.855738,7017,,
akciğer grafisi (COVID-QU-Ex),28458,2,0,paket,0.014012200059369206,1,8192,856198,3,2.567214,18498,,
akciğer grafisi (COVID-QU-Ex),28467,2,4,paket,0.009892900008708239,1,8192,855603,3,2.567214,16694,,
akciğer grafisi (COVID-QU-Ex),28470,2,4,paket,0.010221900069154799,1,8192,855696,2,1.711476,16264,,
akciğer grafisi (COVID-QU-Ex),28472,2,1,paket,0.01038470002822578,1,8192,854941,3,2.567214,21165,,
akciğer grafisi (COVID-QU-Ex),28473,2,4,paket,0.01051520009059459,1,8192,856178,3,2.567214,18705,,
akciğer grafisi (COVID-QU-Ex),28475,2,3,paket,0.010070799966342747,1,8192,855981,3,2.567214,16878,,
akciğer grafisi (COVID-QU-Ex),28483,2,1,paket,0.010236999951303005,1,8192,855389,2,1.711476,15857,,
akciğer grafisi (COVID-QU-Ex),28497,2,0,paket,0.009891800000332296,1,8192,856053,2,1.711476,11998,,
akciğer grafisi (COVID-QU-Ex),28509,0,2,paket,0.010498399962671101,1,8192,856203,3,2.567214,16757,,
akciğer grafisi (COVID-QU-Ex),28515,0,4,paket,0.010493100038729608,1,8192,856070,2,1.711476,10963,,
akciğer grafisi (COVID-QU-Ex),28546,0,2,paket,0.01033560000360012,1,8192,855436,2,1.711476,12581,,
akciğer grafisi (COVID-QU-Ex),28566,0,0,paket,0.009978999965824187,1,8192,854638,2,1.711476,11141,,
akciğer grafisi (COVID-QU-Ex),28579,0,1,paket,0.011923099984414876,1,8192,856181,3,2.567214,23170,,
akciğer grafisi (COVID-QU-Ex),28585,0,4,paket,0.01023200002964586,1,8192,855858,2,1.711476,12783,,
akciğer grafisi (COVID-QU-Ex),28614,0,4,paket,0.00998729991260916,1,8192,855574,3,2.567214,16786,,
akciğer grafisi (COVID-QU-Ex),28616,0,1,paket,0.009998399997130036,1,8192,855327,2,1.711476,15238,,
akciğer grafisi (COVID-QU-Ex),28620,0,4,paket,0.010034499922767282,1,8192,856158,3,2.567214,17833,,
akciğer grafisi (COVID-QU-Ex),28633,0,4,paket,0.009912200039252639,1,8192,855251,2,1.711476,15393,,
akciğer grafisi (COVID-QU-Ex),28636,0,0,paket,0.01043510006275028,1,8192,855588,2,1.711476,14288,,
akciğer grafisi (COVID-QU-Ex),28646,0,0,paket,0.010036000050604343,1,8192,856182,3,2.567214,18301,,
akciğer grafisi (COVID-QU-Ex),28647,0,0,paket,0.01105870003812015,1,8192,856146,3,2.567214,18761,,
akciğer grafisi (COVID-QU-Ex),28659,0,1,paket,0.01154460001271218,1,8192,855473,2,1.711476,16125,,
akciğer grafisi (COVID-QU-Ex),28665,0,3,paket,0.01087779994122684,1,8192,856041,2,1.711476,16234,,
akciğer grafisi (COVID-QU-Ex),28677,0,0,paket,0.009952899999916553,1,8192,855592,2,1.711476,11540,,
akciğer grafisi (COVID-QU-Ex),28679,0,0,paket,0.010339200031012297,1,8192,855487,2,1.711476,14361,,
akciğer grafisi (COVID-QU-Ex),28689,0,0,paket,0.011007199995219707,1,8192,856064,3,2.567214,17819,,
akciğer grafisi (COVID-QU-Ex),28695,0,3,paket,0.010027899988926947,1,8192,855808,3,2.567214,20882,,
akciğer grafisi (COVID-QU-Ex),28706,0,0,paket,0.010130499955266714,1,8192,855385,2,1.711476,10404,,
akciğer grafisi (COVID-QU-Ex),28741,0,4,paket,0.01025269995443523,1,8192,855238,3,2.567214,17019,,
akciğer grafisi (COVID-QU-Ex),28792,0,0,paket,0.010974499979056418,1,8192,855812,3,2.567214,19128,,
akciğer grafisi (COVID-QU-Ex),28797,0,0,paket,0.011227300041355193,1,8192,855574,3,2.567214,23003,,
akciğer grafisi (COVID-QU-Ex),28830,0,3,paket,0.010329799959436059,1,8192,855307,3,2.567214,23171,,
akciğer grafisi (COVID-QU-Ex),28837,0,2,paket,0.010631900047883391,1,8192,855877,3,2.567214,20229,,
akciğer grafisi (COVID-QU-Ex),28843,0,2,paket,0.010580300004221499,1,8192,855297,2,1.711476,13127,,
akciğer grafisi (COVID-QU-Ex),28846,0,1,paket,0.010609199991449714,1,8192,856006,2,1.711476,11429,,
akciğer grafisi (COVID-QU-Ex),28857,0,0,paket,0.009985100012272596,1,8192,855281,3,2.567214,17523,,
akciğer grafisi (COVID-QU-Ex),28859,0,3,paket,0.010332199977710843,1,8192,855291,3,2.567214,23450,,
akciğer grafisi (COVID-QU-Ex),28871,0,2,paket,0.009954499895684421,1,8192,855616,2,1.711476,12271,,
akciğer grafisi (COVID-QU-Ex),28885,0,0,paket,0.01035500003490597,1,8192,856249,2,1.711476,13404,,
akciğer grafisi (COVID-QU-Ex),28910,0,3,paket,0.009954300010576844,1,8192,855765,4,3.422952,26746,,
akciğer grafisi (COVID-QU-Ex),28914,0,2,paket,0.009894500020891428,1,8192,855307,3,2.567214,17444,,
akciğer grafisi (COVID-QU-Ex),28921,0,0,paket,0.010088399983942509,1,8192,855347,3,2.567214,17945,,
akciğer grafisi (COVID-QU-Ex),28934,0,1,paket,0.010106400004588068,1,8192,855234,1,0.855738,7707,,
akciğer grafisi (COVID-QU-Ex),28940,0,0,paket,0.011579199926927686,1,8192,856127,4,3.422952,24823,,
akciğer grafisi (COVID-QU-Ex),28962,0,3,paket,0.010275100008584559,1,8192,855201,3,2.567214,16792,,
akciğer grafisi (COVID-QU-Ex),28978,0,0,paket,0.00990900001488626,1,8192,854875,2,1.711476,14212,,
akciğer grafisi (COVID-QU-Ex),28982,0,4,paket,0.0104245999827981,1,8192,854726,2,1.711476,10787,,
akciğer grafisi (COVID-QU-Ex),28986,0,2,paket,0.009889499982818961,1,8192,855919,2,1.711476,11764,,
akciğer grafisi (COVID-QU-Ex),28989,0,1,paket,0.010000100010074675,1,8192,855257,2,1.711476,16025,,
akciğer grafisi (COVID-QU-Ex),28991,0,2,paket,0.010136600001715124,1,8192,855189,2,1.711476,16089,,
akciğer grafisi (COVID-QU-Ex),29012,0,1,paket,0.009938400005921721,1,8192,855282,3,2.567214,20160,,
akciğer grafisi (COVID-QU-Ex),29013,0,1,paket,0.010185099905356765,1,8192,856057,4,3.422952,25682,,
akciğer grafisi (COVID-QU-Ex),29018,0,1,paket,0.010419599944725633,1,8192,854971,4,3.422952,24608,,
akciğer grafisi (COVID-QU-Ex),29025,0,2,paket,0.009939900017343462,1,8192,855828,2,1.711476,14844,,
akciğer grafisi (COVID-QU-Ex),29048,0,3,paket,0.010096500045619905,1,8192,856069,2,1.711476,11187,,
akciğer grafisi (COVID-QU-Ex),29052,0,1,paket,0.010022099944762886,1,8192,856125,1,0.855738,7206,,
akciğer grafisi (COVID-QU-Ex),29058,0,4,paket,0.01011670008301735,1,8192,855152,3,2.567214,18853,,
akciğer grafisi (COVID-QU-Ex),29064,0,4,paket,0.010087699978612363,1,8192,855757,3,2.567214,22698,,
akciğer grafisi (COVID-QU-Ex),29077,0,1,paket,0.010373000055551529,1,8192,856105,2,1.711476,13342,,
akciğer grafisi (COVID-QU-Ex),29082,0,3,paket,0.010261900024488568,1,8192,856202,4,3.422952,28808,,
akciğer grafisi (COVID-QU-Ex),29105,0,1,paket,0.010026899981312454,1,8192,855745,2,1.711476,14066,,
akciğer grafisi (COVID-QU-Ex),29108,0,3,paket,0.010047200019471347,1,8192,855639,2,1.711476,15457,,
akciğer grafisi (COVID-QU-Ex),29117,0,0,paket,0.01018149999435991,1,8192,856042,3,2.567214,19167,,
akciğer grafisi (COVID-QU-Ex),29121,0,0,paket,0.01026020001154393,1,8192,855176,2,1.711476,13254,,
akciğer grafisi (COVID-QU-Ex),29171,0,4,paket,0.00990609999280423,1,8192,855976,2,1.711476,10433,,
akciğer grafisi (COVID-QU-Ex),29187,0,4,paket,0.012288199970498681,1,8192,856159,3,2.567214,22300,,
akciğer grafisi (COVID-QU-Ex),29209,0,0,paket,0.010057299979962409,1,8192,856153,2,1.711476,12426,,
akciğer grafisi (COVID-QU-Ex),29255,0,2,paket,0.010457399999722838,1,8192,855288,3,2.567214,18545,,
akciğer grafisi (COVID-QU-Ex),29259,0,1,paket,0.010017500026151538,1,8192,855275,2,1.711476,14063,,
akciğer grafisi (COVID-QU-Ex),29280,0,2,paket,0.00999489997047931,1,8192,855237,3,2.567214,17321,,
akciğer grafisi (COVID-QU-Ex),29296,0,4,paket,0.010028299991972744,1,8192,856198,2,1.711476,11120,,
akciğer grafisi (COVID-QU-Ex),29300,0,1,paket,0.010444200015626848,1,8192,856077,2,1.711476,15692,,
akciğer grafisi (COVID-QU-Ex),29330,0,3,paket,0.010035500046797097,1,8192,856108,2,1.711476,14888,,
akciğer grafisi (COVID-QU-Ex),29341,0,3,paket,0.01020809996407479,1,8192,855769,2,1.711476,13168,,
akciğer grafisi (COVID-QU-Ex),29342,0,1,paket,0.01018770004156977,1,8192,855910,3,2.567214,17848,,
akciğer grafisi (COVID-QU-Ex),29352,0,3,paket,0.009910800028592348,1,8192,855624,3,2.567214,17369,,
akciğer grafisi (COVID-QU-Ex),29364,0,0,paket,0.01017280004452914,1,8192,856160,3,2.567214,17851,,
akciğer grafisi (COVID-QU-Ex),29370,0,4,paket,0.010131100076250732,1,8192,855366,2,1.711476,12028,,
akciğer grafisi (COVID-QU-Ex),29381,0,0,paket,0.010331800091080368,1,8192,855739,2,1.711476,15289,,
akciğer grafisi (COVID-QU-Ex),29391,0,4,paket,0.010119900107383728,1,8192,856053,2,1.711476,9212,,
akciğer grafisi (COVID-QU-Ex),29394,0,0,paket,0.010277400026097894,1,8192,855372,2,1.711476,12566,,
akciğer grafisi (COVID-QU-Ex),29402,0,4,paket,0.01008679997175932,1,8192,856058,2,1.711476,11466,,
akciğer grafisi (COVID-QU-Ex),29406,0,0,paket,0.010118899983353913,1,8192,855768,3,2.567214,17166,,
akciğer grafisi (COVID-QU-Ex),29408,0,3,paket,0.010796800022944808,1,8192,856175,2,1.711476,13065,,
akciğer grafisi (COVID-QU-Ex),29417,0,1,paket,0.009997099987231195,1,8192,855495,2,1.711476,14581,,
akciğer grafisi (COVID-QU-Ex),29424,0,1,paket,0.009989899932406843,1,8192,855015,2,1.711476,14690,,
akciğer grafisi (COVID-QU-Ex),29430,0,0,paket,0.010516999987885356,1,8192,856001,2,1.711476,14671,,
akciğer grafisi (COVID-QU-Ex),29431,0,3,paket,0.009951699990779161,1,8192,855455,2,1.711476,15685,,
akciğer grafisi (COVID-QU-Ex),29438,0,2,paket,0.01020969997625798,1,8192,855406,1,0.855738,7846,,
akciğer grafisi (COVID-QU-Ex),29454,0,3,paket,0.010225199977867305,1,8192,855331,3,2.567214,17501,,
akciğer grafisi (COVID-QU-Ex),29472,0,1,paket,0.01022759999614209,1,8192,856270,2,1.711476,14275,,
akciğer grafisi (COVID-QU-Ex),29473,0,4,paket,0.010092100012116134,1,8192,856070,3,2.567214,19826,,
akciğer grafisi (COVID-QU-Ex),29479,0,0,paket,0.011629799962975085,1,8192,856098,3,2.567214,22310,,
akciğer grafisi (COVID-QU-Ex),29491,0,0,paket,0.009964700089767575,1,8192,856106,2,1.711476,15537,,
akciğer grafisi (COVID-QU-Ex),29495,0,2,paket,0.010115600074641407,1,8192,855372,3,2.567214,16530,,
akciğer grafisi (COVID-QU-Ex),29498,0,3,paket,0.010313799954019487,1,8192,856236,2,1.711476,13734,,
akciğer grafisi (COVID-QU-Ex),29519,0,0,paket,0.009988399920985103,1,8192,856007,2,1.711476,15072,,
akciğer grafisi (COVID-QU-Ex),29527,0,4,paket,0.009909800020977855,1,8192,855309,2,1.711476,11472,,
akciğer grafisi (COVID-QU-Ex),29541,0,1,paket,0.009970299899578094,1,8192,855595,3,2.567214,19335,,
akciğer grafisi (COVID-QU-Ex),29545,0,0,paket,0.010810600011609495,1,8192,855232,2,1.711476,14410,,
akciğer grafisi (COVID-QU-Ex),29550,0,1,paket,0.010201400029473007,1,8192,855952,3,2.567214,19260,,
akciğer grafisi (COVID-QU-Ex),29559,0,1,paket,0.01018159999512136,1,8192,856160,2,1.711476,15320,,
akciğer grafisi (COVID-QU-Ex),29560,0,4,paket,0.010783199919387698,1,8192,855454,2,1.711476,13526,,
akciğer grafisi (COVID-QU-Ex),29568,0,4,paket,0.010789899970404804,1,8192,855326,3,2.567214,22021,,
akciğer grafisi (COVID-QU-Ex),29586,0,2,paket,0.01006020000204444,1,8192,855233,2,1.711476,14615,,
akciğer grafisi (COVID-QU-Ex),29596,0,0,paket,0.01020969997625798,1,8192,855603,2,1.711476,9903,,
akciğer grafisi (COVID-QU-Ex),29607,0,3,paket,0.00995039998088032,1,8192,856099,2,1.711476,11366,,
akciğer grafisi (COVID-QU-Ex),29608,0,1,paket,0.010419700061902404,1,8192,854973,2,1.711476,12454,,
akciğer grafisi (COVID-QU-Ex),29610,0,1,paket,0.010162499966099858,1,8192,856087,2,1.711476,11558,,
akciğer grafisi (COVID-QU-Ex),29611,0,1,paket,0.010332300094887614,1,8192,855160,2,1.711476,12757,,
akciğer grafisi (COVID-QU-Ex),29617,0,3,paket,0.010092900018207729,1,8192,855452,2,1.711476,12305,,
akciğer grafisi (COVID-QU-Ex),29646,0,2,paket,0.010770599939860404,1,8192,855300,3,2.567214,19646,,
akciğer grafisi (COVID-QU-Ex),29647,0,2,paket,0.010084299952723086,1,8192,856050,3,2.567214,20687,,
akciğer grafisi (COVID-QU-Ex),29649,0,4,paket,0.01024840003810823,1,8192,855841,3,2.567214,19574,,
akciğer grafisi (COVID-QU-Ex),29651,0,0,paket,0.009989799931645393,1,8192,855315,3,2.567214,20981,,
akciğer grafisi (COVID-QU-Ex),29671,0,4,paket,0.009996599983423948,1,8192,855604,2,1.711476,14976,,
akciğer grafisi (COVID-QU-Ex),29688,0,4,paket,0.00989720004145056,1,8192,856149,3,2.567214,21674,,
akciğer grafisi (COVID-QU-Ex),29695,0,0,paket,0.009928800049237907,1,8192,856039,2,1.711476,13098,,
akciğer grafisi (COVID-QU-Ex),29707,0,4,paket,0.010373700060881674,1,8192,855249,3,2.567214,21230,,
akciğer grafisi (COVID-QU-Ex),29711,0,0,paket,0.010174100054427981,1,8192,856199,2,1.711476,15585,,
akciğer grafisi (COVID-QU-Ex),29722,0,0,paket,0.010119499987922609,1,8192,855672,2,1.711476,11715,,
akciğer grafisi (COVID-QU-Ex),29736,0,4,paket,0.010946800000965595,1,8192,855939,2,1.711476,8435,,
akciğer grafisi (COVID-QU-Ex),29746,0,2,paket,0.010209899977780879,1,8192,855840,3,2.567214,17485,,
akciğer grafisi (COVID-QU-Ex),29754,0,2,paket,0.011591800022870302,1,8192,855134,3,2.567214,16901,,
akciğer grafisi (COVID-QU-Ex),29755,0,3,paket,0.009976600063964725,1,8192,855421,3,2.567214,16721,,
akciğer grafisi (COVID-QU-Ex),29757,0,0,paket,0.01028240006417036,1,8192,856122,2,1.711476,14725,,
akciğer grafisi (COVID-QU-Ex),29763,0,1,paket,0.009984100004658103,1,8192,855256,2,1.711476,11833,,
akciğer grafisi (COVID-QU-Ex),29782,0,3,paket,0.010066299932077527,1,8192,855317,3,2.567214,19125,,
akciğer grafisi (COVID-QU-Ex),29786,0,2,paket,0.010899799992330372,1,8192,856184,2,1.711476,15056,,
akciğer grafisi (COVID-QU-Ex),29789,0,2,paket,0.010133699979633093,1,8192,856104,3,2.567214,17431,,
akciğer grafisi (COVID-QU-Ex),29797,0,3,paket,0.011567800072953105,1,8192,855318,4,3.422952,26980,,
akciğer grafisi (COVID-QU-Ex),29805,0,3,paket,0.010142599930986762,1,8192,855895,2,1.711476,9133,,
akciğer grafisi (COVID-QU-Ex),29808,0,1,paket,0.010348500101827085,1,8192,855336,3,2.567214,19605,,
akciğer grafisi (COVID-QU-Ex),29831,0,1,paket,0.010152800008654594,1,8192,855250,3,2.567214,16703,,
akciğer grafisi (COVID-QU-Ex),29832,0,2,paket,0.010066900053061545,1,8192,856012,3,2.567214,17882,,
akciğer grafisi (COVID-QU-Ex),29839,0,4,paket,0.010235899942927063,1,8192,855772,2,1.711476,14238,,
akciğer grafisi (COVID-QU-Ex),29845,0,0,paket,0.010727200075052679,1,8192,855296,2,1.711476,8797,,
akciğer grafisi (COVID-QU-Ex),29848,0,3,paket,0.010534400003962219,1,8192,854423,2,1.711476,11533,,
akciğer grafisi (COVID-QU-Ex),29854,0,3,paket,0.011053800000809133,1,8192,854948,2,1.711476,8616,,
akciğer grafisi (COVID-QU-Ex),29856,0,4,paket,0.010024699964560568,1,8192,855318,2,1.711476,10316,,
akciğer grafisi (COVID-QU-Ex),29863,0,0,paket,0.01010309997946024,1,8192,855551,3,2.567214,17195,,
akciğer grafisi (COVID-QU-Ex),29876,0,0,paket,0.010121800005435944,1,8192,856159,2,1.711476,12408,,
akciğer grafisi (COVID-QU-Ex),29884,0,4,paket,0.0100349000422284,1,8192,855825,2,1.711476,12775,,
akciğer grafisi (COVID-QU-Ex),29889,0,2,paket,0.010102799977175891,1,8192,856148,2,1.711476,14183,,
akciğer grafisi (COVID-QU-Ex),29905,0,2,paket,0.010514099965803325,1,8192,855307,2,1.711476,14015,,
akciğer grafisi (COVID-QU-Ex),29934,0,4,paket,0.010459500015713274,1,8192,856142,3,2.567214,17244,,
akciğer grafisi (COVID-QU-Ex),29936,0,3,paket,0.010308500030077994,1,8192,855538,2,1.711476,11935,,
akciğer grafisi (COVID-QU-Ex),29963,0,3,paket,0.010163200087845325,1,8192,855607,3,2.567214,18602,,
akciğer grafisi (COVID-QU-Ex),29986,0,0,paket,0.009975000051781535,1,8192,856153,2,1.711476,13272,,
akciğer grafisi (COVID-QU-Ex),29995,0,4,paket,0.00993099994957447,1,8192,855226,2,1.711476,14801,,
akciğer grafisi (COVID-QU-Ex),30002,0,3,paket,0.010149899986572564,1,8192,856135,2,1.711476,13511,,
akciğer grafisi (COVID-QU-Ex),30003,0,0,paket,0.010055099963210523,1,8192,856193,2,1.711476,12647,,
akciğer grafisi (COVID-QU-Ex),30042,0,4,paket,0.010487599996849895,1,8192,855301,2,1.711476,12142,,
akciğer grafisi (COVID-QU-Ex),30053,0,2,paket,0.010081999935209751,1,8192,855810,3,2.567214,18879,,
akciğer grafisi (COVID-QU-Ex),30059,0,3,paket,0.009863699902780354,1,8192,855607,2,1.711476,13407,,
akciğer grafisi (COVID-QU-Ex),30060,0,4,paket,0.010053699952550232,1,8192,855763,2,1.711476,12186,,
akciğer grafisi (COVID-QU-Ex),30088,0,4,paket,0.009916800074279308,1,8192,855934,3,2.567214,16784,,
akciğer grafisi (COVID-QU-Ex),30096,0,0,paket,0.009979599970392883,1,8192,856148,2,1.711476,16199,,
akciğer grafisi (COVID-QU-Ex),30114,0,0,paket,0.01016110007185489,1,8192,855254,3,2.567214,17507,,
akciğer grafisi (COVID-QU-Ex),30122,0,2,paket,0.010237499955110252,1,8192,855319,2,1.711476,14337,,
akciğer grafisi (COVID-QU-Ex),30132,0,2,paket,0.009941000025719404,1,8192,855693,2,1.711476,16205,,
akciğer grafisi (COVID-QU-Ex),30147,0,3,paket,0.009970200015231967,1,8192,856119,3,2.567214,20579,,
akciğer grafisi (COVID-QU-Ex),30164,0,1,paket,0.010678900056518614,1,8192,855942,3,2.567214,17627,,
akciğer grafisi (COVID-QU-Ex),30169,0,1,paket,0.010861400049179792,1,8192,855923,2,1.711476,12410,,
akciğer grafisi (COVID-QU-Ex),30179,0,3,paket,0.009983700001612306,1,8192,855327,2,1.711476,15765,,
akciğer grafisi (COVID-QU-Ex),30187,0,2,paket,0.010057799983769655,1,8192,855239,2,1.711476,11063,,
akciğer grafisi (COVID-QU-Ex),30193,0,0,paket,0.010710000060498714,1,8192,855832,2,1.711476,14735,,
akciğer grafisi (COVID-QU-Ex),30221,0,2,paket,0.012632099911570549,1,8192,855415,2,1.711476,15459,,
akciğer grafisi (COVID-QU-Ex),30235,0,4,paket,0.010076600010506809,1,8192,856116,2,1.711476,14618,,
akciğer grafisi (COVID-QU-Ex),30237,0,3,paket,0.009977399953640997,1,8192,855422,3,2.567214,17884,,
akciğer grafisi (COVID-QU-Ex),30244,0,1,paket,0.010039999964646995,1,8192,855889,2,1.711476,11855,,
akciğer grafisi (COVID-QU-Ex),30263,0,3,paket,0.011214800062589347,1,8192,855307,2,1.711476,15159,,
akciğer grafisi (COVID-QU-Ex),30305,0,0,paket,0.01004379999358207,1,8192,855877,2,1.711476,11838,,
akciğer grafisi (COVID-QU-Ex),30319,0,1,paket,0.01188369991723448,1,8192,856153,2,1.711476,14167,,
akciğer grafisi (COVID-QU-Ex),30335,0,3,paket,0.00989839993417263,1,8192,856254,3,2.567214,18518,,
akciğer grafisi (COVID-QU-Ex),30352,0,3,paket,0.010184200014919043,1,8192,855200,2,1.711476,12043,,
akciğer grafisi (COVID-QU-Ex),30360,0,4,paket,0.009973100037313998,1,8192,856159,2,1.711476,13550,,
akciğer grafisi (COVID-QU-Ex),30369,0,0,paket,0.010468499967828393,1,8192,856198,2,1.711476,11771,,
akciğer grafisi (COVID-QU-Ex),30374,0,3,paket,0.010863999952562153,1,8192,856097,2,1.711476,15732,,
akciğer grafisi (COVID-QU-Ex),30397,0,2,paket,0.009981299983337522,1,8192,855984,2,1.711476,16383,,
akciğer grafisi (COVID-QU-Ex),30404,0,3,paket,0.010541600058786571,1,8192,856207,2,1.711476,14037,,
akciğer grafisi (COVID-QU-Ex),30410,1,4,paket,0.01034470007289201,1,8192,855324,2,1.711476,14924,,
akciğer grafisi (COVID-QU-Ex),30431,1,3,paket,0.010226399987004697,1,8192,855198,2,1.711476,14539,,
akciğer grafisi (COVID-QU-Ex),30433,1,4,paket,0.009974899934604764,1,8192,855655,2,1.711476,11815,,
akciğer grafisi (COVID-QU-Ex),30435,1,1,paket,0.010475200018845499,1,8192,855602,2,1.711476,11769,,
akciğer grafisi (COVID-QU-Ex),30438,1,2,paket,0.010740499943494797,1,8192,856162,2,1.711476,14151,,
akciğer grafisi (COVID-QU-Ex),30442,1,0,paket,0.012807199964299798,1,8192,856077,2,1.711476,12606,,
akciğer grafisi (COVID-QU-Ex),30452,1,4,paket,0.010465600062161684,1,8192,854448,2,1.711476,12968,,
akciğer grafisi (COVID-QU-Ex),30459,1,4,paket,0.009914900059811771,1,8192,855658,2,1.711476,14262,,
akciğer grafisi (COVID-QU-Ex),30460,1,3,paket,0.010518700000829995,1,8192,855900,2,1.711476,8251,,
akciğer grafisi (COVID-QU-Ex),30504,1,4,paket,0.00995929993223399,1,8192,855278,2,1.711476,11756,,
akciğer grafisi (COVID-QU-Ex),30518,1,3,paket,0.010339400032535195,1,8192,855998,2,1.711476,14411,,
akciğer grafisi (COVID-QU-Ex),30529,1,0,paket,0.010029900004155934,1,8192,855866,3,2.567214,20827,,
akciğer grafisi (COVID-QU-Ex),30537,1,0,paket,0.009931999957188964,1,8192,855932,2,1.711476,13871,,
akciğer grafisi (COVID-QU-Ex),30541,1,4,paket,0.010161700076423585,1,8192,856015,2,1.711476,11861,,
akciğer grafisi (COVID-QU-Ex),30559,1,4,paket,0.010858200024813414,1,8192,855006,2,1.711476,15068,,
akciğer grafisi (COVID-QU-Ex),30567,1,4,paket,0.009961699950508773,1,8192,855190,3,2.567214,22354,,
akciğer grafisi (COVID-QU-Ex),30583,1,3,paket,0.010031600017100573,1,8192,856088,2,1.711476,14741,,
akciğer grafisi (COVID-QU-Ex),30585,1,4,paket,0.01017549994867295,1,8192,856126,3,2.567214,18043,,
akciğer grafisi (COVID-QU-Ex),30586,1,3,paket,0.00996250007301569,1,8192,856096,2,1.711476,16156,,
akciğer grafisi (COVID-QU-Ex),30599,1,0,paket,0.010137500008568168,1,8192,856207,3,2.567214,17447,,
akciğer grafisi (COVID-QU-Ex),30606,1,1,paket,0.010122200008481741,1,8192,855710,2,1.711476,13446,,
akciğer grafisi (COVID-QU-Ex),30627,1,0,paket,0.010237400070764124,1,8192,855271,2,1.711476,16069,,
akciğer grafisi (COVID-QU-Ex),30637,1,3,paket,0.010374700068496168,1,8192,856050,3,2.567214,16650,,
akciğer grafisi (COVID-QU-Ex),30644,1,2,paket,0.010006299940869212,1,8192,855169,2,1.711476,13341,,
akciğer grafisi (COVID-QU-Ex),30647,1,0,paket,0.010861999937333167,1,8192,856048,2,1.711476,11431,,
akciğer grafisi (COVID-QU-Ex),30655,1,3,paket,0.010266199940815568,1,8192,855725,2,1.711476,15751,,
akciğer grafisi (COVID-QU-Ex),30681,1,2,paket,0.01003650005441159,1,8192,856034,3,2.567214,19977,,
akciğer grafisi (COVID-QU-Ex),30734,1,1,paket,0.010018999921157956,1,8192,855231,2,1.711476,14857,,
akciğer grafisi (COVID-QU-Ex),30755,1,0,paket,0.009895300026983023,1,8192,855327,2,1.711476,15271,,
akciğer grafisi (COVID-QU-Ex),30759,1,3,paket,0.009965499979443848,1,8192,856098,3,2.567214,16622,,
akciğer grafisi (COVID-QU-Ex),30789,1,4,paket,0.010070099961012602,1,8192,855612,2,1.711476,13311,,
akciğer grafisi (COVID-QU-Ex),30792,1,3,paket,0.00994310004170984,1,8192,855367,2,1.711476,11134,,
akciğer grafisi (COVID-QU-Ex),30800,1,3,paket,0.010376499965786934,1,8192,855557,3,2.567214,17010,,
akciğer grafisi (COVID-QU-Ex),30813,1,0,paket,0.010008700075559318,1,8192,855608,2,1.711476,11125,,
akciğer grafisi (COVID-QU-Ex),30814,1,3,paket,0.01027950004208833,1,8192,855275,3,2.567214,16539,,
akciğer grafisi (COVID-QU-Ex),30815,1,2,paket,0.00989420001860708,1,8192,856236,3,2.567214,17719,,
akciğer grafisi (COVID-QU-Ex),30823,1,2,paket,0.010149999987334013,1,8192,855988,2,1.711476,9557,,
akciğer grafisi (COVID-QU-Ex),30864,1,2,paket,0.010111100040376186,1,8192,855979,2,1.711476,10251,,
akciğer grafisi (COVID-QU-Ex),30865,1,2,paket,0.010040499968454242,1,8192,856174,2,1.711476,15022,,
akciğer grafisi (COVID-QU-Ex),30875,1,4,paket,0.009888399974443018,1,8192,856169,3,2.567214,17018,,
akciğer grafisi (COVID-QU-Ex),30890,1,0,paket,0.010085499961860478,1,8192,855273,2,1.711476,9039,,
akciğer grafisi (COVID-QU-Ex),30893,1,0,paket,0.010471699992194772,1,8192,855334,2,1.711476,14510,,
akciğer grafisi (COVID-QU-Ex),30909,1,1,paket,0.010083200060762465,1,8192,855251,2,1.711476,14080,,
akciğer grafisi (COVID-QU-Ex),30910,1,1,paket,0.011157400091178715,1,8192,854658,2,1.711476,8301,,
akciğer grafisi (COVID-QU-Ex),30919,1,1,paket,0.009994600084610283,1,8192,855256,2,1.711476,15131,,
akciğer grafisi (COVID-QU-Ex),30920,1,3,paket,0.010215699905529618,1,8192,855305,2,1.711476,10455,,
akciğer grafisi (COVID-QU-Ex),30921,1,2,paket,0.009985999902710319,1,8192,855032,2,1.711476,14660,,
akciğer grafisi (COVID-QU-Ex),30957,1,3,paket,0.010206399951130152,1,8192,855599,2,1.711476,15865,,
akciğer grafisi (COVID-QU-Ex),30983,1,4,paket,0.009945699945092201,1,8192,856154,2,1.711476,15766,,
akciğer grafisi (COVID-QU-Ex),30991,1,1,paket,0.010564600001089275,1,8192,855761,2,1.711476,11290,,
akciğer grafisi (COVID-QU-Ex),31001,1,4,paket,0.010530199971981347,1,8192,855594,2,1.711476,11372,,
akciğer grafisi (COVID-QU-Ex),31015,1,4,paket,0.009914999944157898,1,8192,856176,2,1.711476,13334,,
akciğer grafisi (COVID-QU-Ex),31016,1,1,paket,0.010672300006262958,1,8192,855868,3,2.567214,22068,,
akciğer grafisi (COVID-QU-Ex),31023,1,1,paket,0.009977399953640997,1,8192,855222,3,2.567214,17560,,
akciğer grafisi (COVID-QU-Ex),31030,1,1,paket,0.011564600048586726,1,8192,855093,2,1.711476,15929,,
akciğer grafisi (COVID-QU-Ex),31040,1,1,paket,0.010151700000278652,1,8192,855432,3,2.567214,24020,,
akciğer grafisi (COVID-QU-Ex),31041,1,2,paket,0.010057799983769655,1,8192,856089,2,1.711476,10251,,
akciğer grafisi (COVID-QU-Ex),31075,1,4,paket,0.011413600062951446,1,8192,855575,2,1.711476,15173,,
akciğer grafisi (COVID-QU-Ex),31100,1,2,paket,0.01012799993623048,1,8192,855490,2,1.711476,11988,,
akciğer grafisi (COVID-QU-Ex),31103,1,3,paket,0.010146499960683286,1,8192,856056,2,1.711476,13722,,
akciğer grafisi (COVID-QU-Ex),31112,1,1,paket,0.010162399965338409,1,8192,856142,1,0.855738,5540,,
akciğer grafisi (COVID-QU-Ex),31114,1,2,paket,0.010253300075419247,1,8192,855326,3,2.567214,20118,,
akciğer grafisi (COVID-QU-Ex),31115,1,1,paket,0.010011299978941679,1,8192,856079,3,2.567214,20105,,
akciğer grafisi (COVID-QU-Ex),31148,1,4,paket,0.009918299969285727,1,8192,855811,2,1.711476,16142,,
akciğer grafisi (COVID-QU-Ex),31151,1,4,paket,0.010017400025390089,1,8192,856012,2,1.711476,13895,,
akciğer grafisi (COVID-QU-Ex),31200,1,4,paket,0.010094699915498495,1,8192,855334,2,1.711476,16052,,
akciğer grafisi (COVID-QU-Ex),31207,1,1,paket,0.010012499988079071,1,8192,855902,3,2.567214,16606,,
akciğer grafisi (COVID-QU-Ex),31224,1,1,paket,0.010258199996314943,1,8192,855836,2,1.711476,13498,,
akciğer grafisi (COVID-QU-Ex),31242,1,3,paket,0.009975799941457808,1,8192,855218,2,1.711476,15711,,
akciğer grafisi (COVID-QU-Ex),31251,1,3,paket,0.01002749998588115,1,8192,855359,2,1.711476,8851,,
akciğer grafisi (COVID-QU-Ex),31263,1,0,paket,0.010081100044772029,1,8192,856025,3,2.567214,20859,,
akciğer grafisi (COVID-QU-Ex),31280,1,0,paket,0.009900799952447414,1,8192,855150,2,1.711476,15010,,
akciğer grafisi (COVID-QU-Ex),31285,1,4,paket,0.010163000086322427,1,8192,856168,2,1.711476,12121,,
akciğer grafisi (COVID-QU-Ex),31302,1,3,paket,0.010059599997475743,1,8192,856109,2,1.711476,12103,,
akciğer grafisi (COVID-QU-Ex),31305,1,2,paket,0.010549200000241399,1,8192,856231,2,1.711476,16104,,
akciğer grafisi (COVID-QU-Ex),31318,1,0,paket,0.010036599938757718,1,8192,855190,2,1.711476,15046,,
akciğer grafisi (COVID-QU-Ex),31368,1,3,paket,0.009960299939848483,1,8192,855257,3,2.567214,20137,,
akciğer grafisi (COVID-QU-Ex),31369,1,1,paket,0.010232199914753437,1,8192,855237,3,2.567214,19528,,
akciğer grafisi (COVID-QU-Ex),31371,1,2,paket,0.010031700017862022,1,8192,855919,2,1.711476,8625,,
akciğer grafisi (COVID-QU-Ex),31373,1,4,paket,0.010284699965268373,1,8192,855688,3,2.567214,18564,,
akciğer grafisi (COVID-QU-Ex),31375,1,3,paket,0.009994999971240759,1,8192,855970,2,1.711476,15160,,
akciğer grafisi (COVID-QU-Ex),31390,1,0,paket,0.010005299933254719,1,8192,856117,3,2.567214,21321,,
akciğer grafisi (COVID-QU-Ex),31416,1,0,paket,0.01078760006930679,1,8192,855970,3,2.567214,17635,,
akciğer grafisi (COVID-QU-Ex),31434,1,1,paket,0.009992900071665645,1,8192,855320,2,1.711476,13710,,
akciğer grafisi (COVID-QU-Ex),31438,1,3,paket,0.009929299936629832,1,8192,855648,3,2.567214,16618,,
akciğer grafisi (COVID-QU-Ex),31443,1,0,paket,0.010054199956357479,1,8192,855117,2,1.711476,15637,,
akciğer grafisi (COVID-QU-Ex),31454,1,3,paket,0.010018699918873608,1,8192,855423,2,1.711476,13956,,
akciğer grafisi (COVID-QU-Ex),31462,1,2,paket,0.010475999908521771,1,8192,854474,2,1.711476,12690,,
akciğer grafisi (COVID-QU-Ex),31466,1,1,paket,0.009973600041121244,1,8192,856108,2,1.711476,15173,,
akciğer grafisi (COVID-QU-Ex),31496,1,4,paket,0.010420399950817227,1,8192,856040,2,1.711476,14009,,
akciğer grafisi (COVID-QU-Ex),31499,1,2,paket,0.010125499917194247,1,8192,856139,2,1.711476,11947,,
akciğer grafisi (COVID-QU-Ex),31504,1,3,paket,0.009988500038161874,1,8192,856130,2,1.711476,13253,,
akciğer grafisi (COVID-QU-Ex),31507,1,2,paket,0.010536700021475554,1,8192,855262,2,1.711476,13233,,
akciğer grafisi (COVID-QU-Ex),31510,1,4,paket,0.009989700047299266,1,8192,855890,2,1.711476,13391,,
akciğer grafisi (COVID-QU-Ex),31546,1,1,paket,0.010336400009691715,1,8192,856129,2,1.711476,10039,,
akciğer grafisi (COVID-QU-Ex),31558,1,1,paket,0.009929600055329502,1,8192,856057,2,1.711476,12765,,
akciğer grafisi (COVID-QU-Ex),31563,1,4,paket,0.010083200060762465,1,8192,856099,2,1.711476,10974,,
akciğer grafisi (COVID-QU-Ex),31566,1,2,paket,0.010317199979908764,1,8192,856070,2,1.711476,13345,,
akciğer grafisi (COVID-QU-Ex),31577,1,0,paket,0.010277800029143691,1,8192,855003,2,1.711476,15454,,
akciğer grafisi (COVID-QU-Ex),31585,1,0,paket,0.010048299911431968,1,8192,854865,2,1.711476,14416,,
akciğer grafisi (COVID-QU-Ex),31593,1,2,paket,0.011183899943716824,1,8192,855746,2,1.711476,14086,,
akciğer grafisi (COVID-QU-Ex),31595,1,2,paket,0.010622499976307154,1,8192,855724,2,1.711476,14118,,
akciğer grafisi (COVID-QU-Ex),31601,1,1,paket,0.012721400009468198,1,8192,855230,2,1.711476,11853,,
akciğer grafisi (COVID-QU-Ex),31606,1,3,paket,0.01018600002862513,1,8192,856234,3,2.567214,17387,,
akciğer grafisi (COVID-QU-Ex),31622,1,4,paket,0.010201899916864932,1,8192,855288,3,2.567214,20359,,
akciğer grafisi (COVID-QU-Ex),31623,1,2,paket,0.009999200003221631,1,8192,855371,2,1.711476,15119,,
akciğer grafisi (COVID-QU-Ex),31624,1,3,paket,0.01003040000796318,1,8192,855631,2,1.711476,11200,,
akciğer grafisi (COVID-QU-Ex),31634,1,4,paket,0.009921399992890656,1,8192,855944,2,1.711476,14666,,
akciğer grafisi (COVID-QU-Ex),31658,1,4,paket,0.010071200085803866,1,8192,855863,4,3.422952,24935,,
akciğer grafisi (COVID-QU-Ex),31692,1,1,paket,0.010787400067783892,1,8192,855301,2,1.711476,15762,,
akciğer grafisi (COVID-QU-Ex),31693,1,1,paket,0.009995299973525107,1,8192,856197,2,1.711476,10985,,
akciğer grafisi (COVID-QU-Ex),31696,1,1,paket,0.009918099967762828,1,8192,855263,2,1.711476,11744,,
akciğer grafisi (COVID-QU-Ex),31720,1,4,paket,0.010192599962465465,1,8192,855752,3,2.567214,17168,,
akciğer grafisi (COVID-QU-Ex),31733,1,4,paket,0.010177800082601607,1,8192,855960,2,1.711476,12125,,
akciğer grafisi (COVID-QU-Ex),31734,1,4,paket,0.009963499964214861,1,8192,854645,2,1.711476,15347,,
akciğer grafisi (COVID-QU-Ex),31738,1,2,paket,0.009938900009728968,1,8192,855989,2,1.711476,12949,,
akciğer grafisi (COVID-QU-Ex),31746,1,3,paket,0.010058399988338351,1,8192,855958,2,1.711476,10824,,
akciğer grafisi (COVID-QU-Ex),31753,1,4,paket,0.01024390000384301,1,8192,855457,2,1.711476,13846,,
akciğer grafisi (COVID-QU-Ex),31754,1,4,paket,0.012868300080299377,1,8192,855248,2,1.711476,13198,,
akciğer grafisi (COVID-QU-Ex),31756,1,1,paket,0.0107240000506863,1,8192,856131,2,1.711476,10927,,
akciğer grafisi (COVID-QU-Ex),31789,1,2,paket,0.01001880003605038,1,8192,855577,2,1.711476,11238,,
akciğer grafisi (COVID-QU-Ex),31802,1,0,paket,0.010081499931402504,1,8192,855886,2,1.711476,12498,,
akciğer grafisi (COVID-QU-Ex),31803,1,0,paket,0.009950099978595972,1,8192,856081,1,0.855738,4353,,
akciğer grafisi (COVID-QU-Ex),31808,1,0,paket,0.01007039996329695,1,8192,855444,2,1.711476,13248,,
akciğer grafisi (COVID-QU-Ex),31814,1,2,paket,0.010921800043433905,1,8192,856147,2,1.711476,12638,,
akciğer grafisi (COVID-QU-Ex),31858,1,4,paket,0.010007599950768054,1,8192,855130,2,1.711476,9733,,
akciğer grafisi (COVID-QU-Ex),31863,1,4,paket,0.010764800012111664,1,8192,856100,2,1.711476,14198,,
akciğer grafisi (COVID-QU-Ex),31872,1,1,paket,0.010256599984131753,1,8192,855194,2,1.711476,15102,,
akciğer grafisi (COVID-QU-Ex),31873,1,2,paket,0.010079600033350289,1,8192,855354,3,2.567214,16464,,
akciğer grafisi (COVID-QU-Ex),31874,1,1,paket,0.0106618000427261,1,8192,855409,2,1.711476,11728,,
akciğer grafisi (COVID-QU-Ex),31877,1,4,paket,0.00994780007749796,1,8192,854730,2,1.711476,11568,,
akciğer grafisi (COVID-QU-Ex),31883,1,2,paket,0.009952799999155104,1,8192,855545,2,1.711476,12787,,
akciğer grafisi (COVID-QU-Ex),31895,1,3,paket,0.0100351000437513,1,8192,856011,2,1.711476,12010,,
akciğer grafisi (COVID-QU-Ex),31904,1,4,paket,0.010051899938844144,1,8192,856148,3,2.567214,17304,,
akciğer grafisi (COVID-QU-Ex),31915,1,2,paket,0.010251000057905912,1,8192,855331,3,2.567214,20280,,
akciğer grafisi (COVID-QU-Ex),31924,1,1,paket,0.010150999994948506,1,8192,855864,2,1.711476,11341,,
akciğer grafisi (COVID-QU-Ex),31932,1,3,paket,0.01015350001398474,1,8192,856154,3,2.567214,18743,,
akciğer grafisi (COVID-QU-Ex),31935,1,4,paket,0.010738699929788709,1,8192,856222,2,1.711476,13627,,
akciğer grafisi (COVID-QU-Ex),31976,1,0,paket,0.010027999989688396,1,8192,855858,3,2.567214,19939,,
akciğer grafisi (COVID-QU-Ex),31986,1,3,paket,0.00997549993917346,1,8192,855163,3,2.567214,19552,,
akciğer grafisi (COVID-QU-Ex),31987,1,3,paket,0.010427700006403029,1,8192,856251,3,2.567214,21648,,
akciğer grafisi (COVID-QU-Ex),31995,1,0,paket,0.010170000023208559,1,8192,855439,2,1.711476,11750,,
akciğer grafisi (COVID-QU-Ex),32001,1,3,paket,0.010509399930015206,1,8192,855246,2,1.711476,15326,,
akciğer grafisi (COVID-QU-Ex),32004,1,0,paket,0.009964500088244677,1,8192,855574,3,2.567214,21195,,
akciğer grafisi (COVID-QU-Ex),32024,1,3,paket,0.011533499928191304,1,8192,855496,2,1.711476,15404,,
akciğer grafisi (COVID-QU-Ex),32026,1,2,paket,0.011304899933747947,1,8192,855162,2,1.711476,12148,,
akciğer grafisi (COVID-QU-Ex),32029,1,4,paket,0.010248500038869679,1,8192,855307,2,1.711476,12530,,
akciğer grafisi (COVID-QU-Ex),32032,1,3,paket,0.01218930003233254,1,8192,856221,2,1.711476,12318,,
akciğer grafisi (COVID-QU-Ex),32043,1,0,paket,0.010601700050756335,1,8192,855942,2,1.711476,16253,,
akciğer grafisi (COVID-QU-Ex),32045,1,3,paket,0.009925000020302832,1,8192,855318,2,1.711476,11664,,
akciğer grafisi (COVID-QU-Ex),32060,1,1,paket,0.010021900059655309,1,8192,854392,2,1.711476,12624,,
akciğer grafisi (COVID-QU-Ex),32065,1,0,paket,0.01141150004696101,1,8192,856075,2,1.711476,11815,,
akciğer grafisi (COVID-QU-Ex),32067,1,0,paket,0.009901400073431432,1,8192,856176,1,0.855738,6757,,
akciğer grafisi (COVID-QU-Ex),32069,1,1,paket,0.010090499999932945,1,8192,856029,2,1.711476,11813,,
akciğer grafisi (COVID-QU-Ex),32086,1,2,paket,0.010203100042417645,1,8192,855333,3,2.567214,18828,,
akciğer grafisi (COVID-QU-Ex),32099,1,3,paket,0.010073599987663329,1,8192,856220,2,1.711476,14653,,
akciğer grafisi (COVID-QU-Ex),32135,1,4,paket,0.01034449995495379,1,8192,855288,2,1.711476,14038,,
akciğer grafisi (COVID-QU-Ex),32139,1,3,paket,0.010164699982851744,1,8192,856009,2,1.711476,13098,,
akciğer grafisi (COVID-QU-Ex),32141,1,1,paket,0.010160999954678118,1,8192,855305,2,1.711476,13115,,
akciğer grafisi (COVID-QU-Ex),32148,1,0,paket,0.01008679997175932,1,8192,855228,2,1.711476,11350,,
akciğer grafisi (COVID-QU-Ex),32156,1,2,paket,0.010516799986362457,1,8192,855205,2,1.711476,12946,,
akciğer grafisi (COVID-QU-Ex),32159,1,1,paket,0.010383500019088387,1,8192,855290,2,1.711476,13913,,
akciğer grafisi (COVID-QU-Ex),32172,1,0,paket,0.010462000034749508,1,8192,855754,2,1.711476,11052,,
akciğer grafisi (COVID-QU-Ex),32176,1,4,paket,0.01007489999756217,1,8192,855971,2,1.711476,13648,,
akciğer grafisi (COVID-QU-Ex),32179,1,2,paket,0.010022699949331582,1,8192,856214,3,2.567214,23135,,
akciğer grafisi (COVID-QU-Ex),32180,1,1,paket,0.009891800000332296,1,8192,856245,2,1.711476,15859,,
akciğer grafisi (COVID-QU-Ex),32181,1,2,paket,0.010034100036136806,1,8192,855229,2,1.711476,12201,,
akciğer grafisi (COVID-QU-Ex),32191,1,3,paket,0.010182400001212955,1,8192,855983,2,1.711476,15593,,
akciğer grafisi (COVID-QU-Ex),32194,1,1,paket,0.011899500037543476,1,8192,856118,2,1.711476,8867,,
akciğer grafisi (COVID-QU-Ex),32213,2,1,paket,0.01060260005760938,1,8192,856020,3,2.567214,22279,,
akciğer grafisi (COVID-QU-Ex),32220,2,1,paket,0.010043599992059171,1,8192,855852,2,1.711476,13158,,
akciğer grafisi (COVID-QU-Ex),32239,2,2,paket,0.010441999998874962,1,8192,855616,3,2.567214,23928,,
akciğer grafisi (COVID-QU-Ex),32242,2,0,paket,0.0100158000132069,1,8192,856084,3,2.567214,22800,,
akciğer grafisi (COVID-QU-Ex),32268,2,4,paket,0.010572799947112799,1,8192,855915,2,1.711476,16045,,
akciğer grafisi (COVID-QU-Ex),32269,2,2,paket,0.009961700066924095,1,8192,855483,2,1.711476,13321,,
akciğer grafisi (COVID-QU-Ex),32274,2,4,paket,0.010000700014643371,1,8192,855311,1,0.855738,6049,,
akciğer grafisi (COVID-QU-Ex),32285,2,3,paket,0.010445999912917614,1,8192,856157,3,2.567214,17668,,
akciğer grafisi (COVID-QU-Ex),32305,2,2,paket,0.009996200096793473,1,8192,855621,2,1.711476,11470,,
akciğer grafisi (COVID-QU-Ex),32313,2,4,paket,0.010251499945297837,1,8192,855977,3,2.567214,16726,,
akciğer grafisi (COVID-QU-Ex),32322,2,0,paket,0.009995899978093803,1,8192,855055,2,1.711476,15689,,
akciğer grafisi (COVID-QU-Ex),32339,2,3,paket,0.010161800077185035,1,8192,855548,2,1.711476,15236,,
akciğer grafisi (COVID-QU-Ex),32360,2,2,paket,0.009970500017516315,1,8192,855917,2,1.711476,12702,,
akciğer grafisi (COVID-QU-Ex),32362,2,1,paket,0.01335370005108416,1,8192,856110,3,2.567214,18530,,
akciğer grafisi (COVID-QU-Ex),32367,2,4,paket,0.010009700083173811,1,8192,855717,2,1.711476,15129,,
akciğer grafisi (COVID-QU-Ex),32410,2,1,paket,0.009884299943223596,1,8192,855485,3,2.567214,22213,,
akciğer grafisi (COVID-QU-Ex),32413,2,1,paket,0.01012240001000464,1,8192,855973,3,2.567214,20362,,
akciğer grafisi (COVID-QU-Ex),32422,2,2,paket,0.010616400046274066,1,8192,855123,3,2.567214,19373,,
akciğer grafisi (COVID-QU-Ex),32425,2,4,paket,0.009846200002357364,1,8192,856187,2,1.711476,16193,,
akciğer grafisi (COVID-QU-Ex),32434,2,0,paket,0.009954800014384091,1,8192,855859,2,1.711476,11925,,
akciğer grafisi (COVID-QU-Ex),32451,2,0,paket,0.010367800015956163,1,8192,855556,4,3.422952,25769,,
akciğer grafisi (COVID-QU-Ex),32458,2,1,paket,0.010791299981065094,1,8192,856111,2,1.711476,13327,,
akciğer grafisi (COVID-QU-Ex),32473,2,3,paket,0.010324199916794896,1,8192,855838,4,3.422952,28382,,
akciğer grafisi (COVID-QU-Ex),32475,2,1,paket,0.010263600037433207,1,8192,856083,2,1.711476,13450,,
akciğer grafisi (COVID-QU-Ex),32503,2,2,paket,0.010041699977591634,1,8192,855871,3,2.567214,18102,,
akciğer grafisi (COVID-QU-Ex),32511,2,1,paket,0.010566100012511015,1,8192,856137,3,2.567214,21707,,
akciğer grafisi (COVID-QU-Ex),32527,2,0,paket,0.010044500115327537,1,8192,855257,2,1.711476,15105,,
akciğer grafisi (COVID-QU-Ex),32537,2,0,paket,0.010203700046986341,1,8192,855293,3,2.567214,18399,,
akciğer grafisi (COVID-QU-Ex),32546,2,0,paket,0.010130699956789613,1,8192,855298,2,1.711476,16117,,
akciğer grafisi (COVID-QU-Ex),32548,2,3,paket,0.009923400008119643,1,8192,855672,3,2.567214,19741,,
akciğer grafisi (COVID-QU-Ex),32552,2,4,paket,0.010359900072216988,1,8192,855900,3,2.567214,16535,,
akciğer grafisi (COVID-QU-Ex),32553,2,1,paket,0.010509400046430528,1,8192,855271,2,1.711476,11170,,
akciğer grafisi (COVID-QU-Ex),32564,2,1,paket,0.009968600003048778,1,8192,855395,3,2.567214,20107,,
akciğer grafisi (COVID-QU-Ex),32565,2,1,paket,0.010253099957481027,1,8192,856117,2,1.711476,14368,,
akciğer grafisi (COVID-QU-Ex),32574,2,2,paket,0.01081859995611012,1,8192,855892,3,2.567214,16402,,
akciğer grafisi (COVID-QU-Ex),32582,2,1,paket,0.009954700013622642,1,8192,855847,3,2.567214,17108,,
akciğer grafisi (COVID-QU-Ex),32604,2,3,paket,0.010252199950627983,1,8192,856090,2,1.711476,14404,,
akciğer grafisi (COVID-QU-Ex),32609,2,4,paket,0.009991399943828583,1,8192,855285,2,1.711476,14759,,
akciğer grafisi (COVID-QU-Ex),32615,2,2,paket,0.009811599971726537,1,8192,855436,2,1.711476,14283,,
akciğer grafisi (COVID-QU-Ex),32617,2,3,paket,0.010207899962551892,1,8192,855266,2,1.711476,13600,,
akciğer grafisi (COVID-QU-Ex),32622,2,0,paket,0.010535200010053813,1,8192,855341,3,2.567214,23545,,
akciğer grafisi (COVID-QU-Ex),32640,2,4,paket,0.010455399984493852,1,8192,855531,3,2.567214,19163,,
akciğer grafisi (COVID-QU-Ex),32662,2,2,paket,0.010155600029975176,1,8192,854978,2,1.711476,14516,,
akciğer grafisi (COVID-QU-Ex),32665,2,1,paket,0.01015190000180155,1,8192,855980,3,2.567214,17734,,
akciğer grafisi (COVID-QU-Ex),32677,2,3,paket,0.009955900022760034,1,8192,856142,3,2.567214,17324,,
akciğer grafisi (COVID-QU-Ex),32678,2,0,paket,0.009924000012688339,1,8192,855627,2,1.711476,13096,,
akciğer grafisi (COVID-QU-Ex),32686,2,3,paket,0.010314099956303835,1,8192,855743,3,2.567214,16501,,
akciğer grafisi (COVID-QU-Ex),32693,2,2,paket,0.010007199947722256,1,8192,855997,2,1.711476,10891,,
akciğer grafisi (COVID-QU-Ex),32700,2,2,paket,0.010736100026406348,1,8192,855695,2,1.711476,12606,,
akciğer grafisi (COVID-QU-Ex),32703,2,4,paket,0.010022100061178207,1,8192,854998,2,1.711476,15212,,
akciğer grafisi (COVID-QU-Ex),32709,2,2,paket,0.01010009995661676,1,8192,855294,3,2.567214,18001,,
akciğer grafisi (COVID-QU-Ex),32722,2,3,paket,0.009995599975809455,1,8192,855091,2,1.711476,16249,,
akciğer grafisi (COVID-QU-Ex),32733,2,3,paket,0.010490500018931925,1,8192,855149,2,1.711476,11552,,
akciğer grafisi (COVID-QU-Ex),32735,2,0,paket,0.010287899989634752,1,8192,856242,2,1.711476,16002,,
akciğer grafisi (COVID-QU-Ex),32736,2,3,paket,0.009967699996195734,1,8192,856021,3,2.567214,19362,,
akciğer grafisi (COVID-QU-Ex),32756,2,0,paket,0.009940300020389259,1,8192,855190,3,2.567214,19367,,
akciğer grafisi (COVID-QU-Ex),32772,2,3,paket,0.010121599887497723,1,8192,855247,2,1.711476,15671,,
akciğer grafisi (COVID-QU-Ex),32774,2,3,paket,0.01029109989758581,1,8192,856110,2,1.711476,16058,,
akciğer grafisi (COVID-QU-Ex),32775,2,2,paket,0.010061200009658933,1,8192,855358,3,2.567214,21589,,
akciğer grafisi (COVID-QU-Ex),32789,2,3,paket,0.010333199985325336,1,8192,855263,3,2.567214,21735,,
akciğer grafisi (COVID-QU-Ex),32811,2,0,paket,0.010355900041759014,1,8192,855982,3,2.567214,18127,,
akciğer grafisi (COVID-QU-Ex),32821,2,0,paket,0.010013299994170666,1,8192,855071,3,2.567214,23155,,
akciğer grafisi (COVID-QU-Ex),32824,2,4,paket,0.01022620010189712,1,8192,856134,3,2.567214,16864,,
akciğer grafisi (COVID-QU-Ex),32829,2,1,paket,0.01025259995367378,1,8192,855379,3,2.567214,16685,,
akciğer grafisi (COVID-QU-Ex),32836,2,3,paket,0.010060900007374585,1,8192,855318,3,2.567214,21692,,
akciğer grafisi (COVID-QU-Ex),32841,2,2,paket,0.009997199987992644,1,8192,856211,2,1.711476,8678,,
akciğer grafisi (COVID-QU-Ex),32851,2,4,paket,0.010702900006435812,1,8192,856041,3,2.567214,19399,,
akciğer grafisi (COVID-QU-Ex),32856,2,0,paket,0.009987799916416407,1,8192,856046,2,1.711476,14791,,
akciğer grafisi (COVID-QU-Ex),32874,2,1,paket,0.010158700053580105,1,8192,855887,2,1.711476,14212,,
akciğer grafisi (COVID-QU-Ex),32877,2,3,paket,0.01004219998139888,1,8192,855770,3,2.567214,16580,,
akciğer grafisi (COVID-QU-Ex),32881,2,4,paket,0.01011779997497797,1,8192,856135,3,2.567214,22068,,
akciğer grafisi (COVID-QU-Ex),32894,2,1,paket,0.010341299930587411,1,8192,856136,2,1.711476,13122,,
akciğer grafisi (COVID-QU-Ex),32901,2,3,paket,0.01013130007777363,1,8192,855682,2,1.711476,14618,,
akciğer grafisi (COVID-QU-Ex),32905,2,1,paket,0.010163899976760149,1,8192,855731,3,2.567214,23222,,
akciğer grafisi (COVID-QU-Ex),32909,2,4,paket,0.010518800001591444,1,8192,855391,2,1.711476,12236,,
akciğer grafisi (COVID-QU-Ex),32914,2,0,paket,0.009977199952118099,1,8192,855607,2,1.711476,14653,,
akciğer grafisi (COVID-QU-Ex),32939,2,3,paket,0.010038299951702356,1,8192,856171,4,3.422952,26175,,
akciğer grafisi (COVID-QU-Ex),32976,2,4,paket,0.01011479995213449,1,8192,855302,3,2.567214,22239,,
akciğer grafisi (COVID-QU-Ex),32978,2,0,paket,0.010285799973644316,1,8192,856078,2,1.711476,15358,,
akciğer grafisi (COVID-QU-Ex),32980,2,3,paket,0.011373699991963804,1,8192,856253,2,1.711476,13382,,
akciğer grafisi (COVID-QU-Ex),32983,2,0,paket,0.009917800081893802,1,8192,855943,3,2.567214,18433,,
akciğer grafisi (COVID-QU-Ex),32986,2,1,paket,0.01060519996099174,1,8192,855973,2,1.711476,15188,,
akciğer grafisi (COVID-QU-Ex),32987,2,0,paket,0.011198900057934225,1,8192,855627,3,2.567214,17079,,
akciğer grafisi (COVID-QU-Ex),33000,2,4,paket,0.010259600006975234,1,8192,856083,2,1.711476,15289,,
akciğer grafisi (COVID-QU-Ex),33007,2,4,paket,0.009956300025805831,1,8192,855260,2,1.711476,12289,,
akciğer grafisi (COVID-QU-Ex),33013,2,2,paket,0.010015300009399652,1,8192,855557,2,1.711476,12189,,
akciğer grafisi (COVID-QU-Ex),33026,2,4,paket,0.01015650003682822,1,8192,856335,3,2.567214,19830,,
akciğer grafisi (COVID-QU-Ex),33037,2,3,paket,0.009976499946787953,1,8192,856213,3,2.567214,18624,,
akciğer grafisi (COVID-QU-Ex),33042,2,3,paket,0.010143400053493679,1,8192,855277,2,1.711476,13389,,
akciğer grafisi (COVID-QU-Ex),33048,2,2,paket,0.010194099973887205,1,8192,855605,3,2.567214,17855,,
akciğer grafisi (COVID-QU-Ex),33062,2,1,paket,0.010141199920326471,1,8192,855339,3,2.567214,21376,,
akciğer grafisi (COVID-QU-Ex),33063,2,1,paket,0.01022759999614209,1,8192,855945,3,2.567214,16567,,
akciğer grafisi (COVID-QU-Ex),33066,2,3,paket,0.010028399992734194,1,8192,855358,2,1.711476,14440,,
akciğer grafisi (COVID-QU-Ex),33077,2,2,paket,0.01136819995008409,1,8192,856053,2,1.711476,14715,,
akciğer grafisi (COVID-QU-Ex),33097,2,1,paket,0.01001410000026226,1,8192,854684,3,2.567214,21045,,
akciğer grafisi (COVID-QU-Ex),33109,2,1,paket,0.009962599957361817,1,8192,855484,2,1.711476,12848,,
akciğer grafisi (COVID-QU-Ex),33128,2,0,paket,0.010485999984666705,1,8192,855244,3,2.567214,20433,,
akciğer grafisi (COVID-QU-Ex),33140,2,4,paket,0.009945099940523505,1,8192,855979,2,1.711476,16059,,
akciğer grafisi (COVID-QU-Ex),33158,2,4,paket,0.010540400049649179,1,8192,855909,2,1.711476,16029,,
akciğer grafisi (COVID-QU-Ex),33161,2,4,paket,0.0100316999014467,1,8192,855357,2,1.711476,14000,,
akciğer grafisi (COVID-QU-Ex),33172,2,1,paket,0.010456599993631244,1,8192,855954,2,1.711476,13241,,
akciğer grafisi (COVID-QU-Ex),33190,2,2,paket,0.009920299984514713,1,8192,856135,3,2.567214,17374,,
akciğer grafisi (COVID-QU-Ex),33197,2,4,paket,0.009865600033663213,1,8192,856126,3,2.567214,22237,,
akciğer grafisi (COVID-QU-Ex),33205,2,1,paket,0.009901899960823357,1,8192,855324,2,1.711476,15674,,
akciğer grafisi (COVID-QU-Ex),33206,2,3,paket,0.010376799968071282,1,8192,856206,3,2.567214,21344,,
akciğer grafisi (COVID-QU-Ex),33212,2,1,paket,0.010121900006197393,1,8192,856076,2,1.711476,12275,,
akciğer grafisi (COVID-QU-Ex),33219,2,0,paket,0.010271199978888035,1,8192,855394,2,1.711476,15146,,
akciğer grafisi (COVID-QU-Ex),33226,2,1,paket,0.009890099987387657,1,8192,856119,2,1.711476,15844,,
akciğer grafisi (COVID-QU-Ex),33233,2,3,paket,0.01039039995521307,1,8192,856065,3,2.567214,20318,,
akciğer grafisi (COVID-QU-Ex),33236,2,2,paket,0.010017399908974767,1,8192,855565,3,2.567214,18503,,
akciğer grafisi (COVID-QU-Ex),33237,2,1,paket,0.01006760005839169,1,8192,855574,2,1.711476,11024,,
akciğer grafisi (COVID-QU-Ex),33251,2,0,paket,0.010001100017689168,1,8192,855338,2,1.711476,15372,,
akciğer grafisi (COVID-QU-Ex),33294,2,0,paket,0.009879000019282103,1,8192,856031,2,1.711476,14891,,
akciğer grafisi (COVID-QU-Ex),33297,2,1,paket,0.010144400061108172,1,8192,856039,3,2.567214,20453,,
akciğer grafisi (COVID-QU-Ex),33306,2,3,paket,0.01059349998831749,1,8192,855993,3,2.567214,21637,,
akciğer grafisi (COVID-QU-Ex),33308,2,2,paket,0.010069399955682456,1,8192,856157,3,2.567214,18114,,
akciğer grafisi (COVID-QU-Ex),33314,2,3,paket,0.011517300037667155,1,8192,855212,3,2.567214,21384,,
akciğer grafisi (COVID-QU-Ex),33331,2,2,paket,0.01006320002488792,1,8192,855914,2,1.711476,12579,,
akciğer grafisi (COVID-QU-Ex),33339,2,0,paket,0.009875799994915724,1,8192,855270,1,0.855738,7161,,
akciğer grafisi (COVID-QU-Ex),33350,2,0,paket,0.013815499958582222,1,8192,855157,3,2.567214,17114,,
akciğer grafisi (COVID-QU-Ex),33351,2,1,paket,0.01025859999936074,1,8192,855873,3,2.567214,20498,,
akciğer grafisi (COVID-QU-Ex),33354,2,2,paket,0.009893099893815815,1,8192,855821,2,1.711476,14937,,
akciğer grafisi (COVID-QU-Ex),33355,2,3,paket,0.009932099957950413,1,8192,855864,3,2.567214,23902,,
akciğer grafisi (COVID-QU-Ex),33365,2,1,paket,0.010692399926483631,1,8192,856103,2,1.711476,12073,,
akciğer grafisi (COVID-QU-Ex),33367,2,4,paket,0.010967499925754964,1,8192,855271,1,0.855738,6741,,
akciğer grafisi (COVID-QU-Ex),33391,2,0,paket,0.010220499942079186,1,8192,855886,2,1.711476,14584,,
akciğer grafisi (COVID-QU-Ex),33401,2,1,paket,0.010664900066331029,1,8192,855282,2,1.711476,16374,,
akciğer grafisi (COVID-QU-Ex),33414,2,1,paket,0.01002599997445941,1,8192,855977,3,2.567214,24143,,
akciğer grafisi (COVID-QU-Ex),33431,2,0,paket,0.010281600058078766,1,8192,855951,3,2.567214,21015,,
akciğer grafisi (COVID-QU-Ex),33439,2,1,paket,0.009897799929603934,1,8192,855626,3,2.567214,17797,,
akciğer grafisi (COVID-QU-Ex),33440,2,4,paket,0.010231000022031367,1,8192,855277,3,2.567214,19446,,
akciğer grafisi (COVID-QU-Ex),33450,2,4,paket,0.010640099993906915,1,8192,855371,2,1.711476,12309,,
akciğer grafisi (COVID-QU-Ex),33455,2,2,paket,0.010212499997578561,1,8192,856129,3,2.567214,22227,,
akciğer grafisi (COVID-QU-Ex),33495,2,0,paket,0.010839099995791912,1,8192,855914,3,2.567214,17184,,
akciğer grafisi (COVID-QU-Ex),33509,2,2,paket,0.010069500072859228,1,8192,854825,3,2.567214,16845,,
akciğer grafisi (COVID-QU-Ex),33523,2,3,paket,0.010624899994581938,1,8192,855942,1,0.855738,5696,,
akciğer grafisi (COVID-QU-Ex),33534,2,1,paket,0.011017699958756566,1,8192,856107,2,1.711476,13997,,
akciğer grafisi (COVID-QU-Ex),33539,2,1,paket,0.009896599920466542,1,8192,855461,3,2.567214,22240,,
akciğer grafisi (COVID-QU-Ex),33545,2,2,paket,0.014415699988603592,1,8192,855331,3,2.567214,19960,,
akciğer grafisi (COVID-QU-Ex),33547,2,0,paket,0.010109200025908649,1,8192,856039,2,1.711476,14718,,
akciğer grafisi (COVID-QU-Ex),33560,2,4,paket,0.009874599985778332,1,8192,856089,4,3.422952,25454,,
akciğer grafisi (COVID-QU-Ex),33569,2,2,paket,0.009928700048476458,1,8192,856071,2,1.711476,12885,,
akciğer grafisi (COVID-QU-Ex),33570,2,3,paket,0.00986470002681017,1,8192,855945,2,1.711476,9555,,
akciğer grafisi (COVID-QU-Ex),33579,2,4,paket,0.00994139991234988,1,8192,856208,3,2.567214,20740,,
akciğer grafisi (COVID-QU-Ex),33582,2,2,paket,0.009993100073188543,1,8192,855269,3,2.567214,20473,,
akciğer grafisi (COVID-QU-Ex),33584,2,0,paket,0.010019300039857626,1,8192,856083,2,1.711476,9712,,
akciğer grafisi (COVID-QU-Ex),33636,2,2,paket,0.010509400046430528,1,8192,855965,2,1.711476,12574,,
akciğer grafisi (COVID-QU-Ex),33639,2,1,paket,0.01016090007033199,1,8192,855506,3,2.567214,19068,,
akciğer grafisi (COVID-QU-Ex),33653,2,4,paket,0.010042699985206127,1,8192,856134,2,1.711476,15468,,
akciğer grafisi (COVID-QU-Ex),33657,2,4,paket,0.010049600037746131,1,8192,856203,2,1.711476,12688,,
akciğer grafisi (COVID-QU-Ex),33660,2,4,paket,0.010257899994030595,1,8192,855276,2,1.711476,12702,,
akciğer grafisi (COVID-QU-Ex),33679,2,0,paket,0.016849400009959936,1,8192,856175,2,1.711476,9443,,
akciğer grafisi (COVID-QU-Ex),33694,2,2,paket,0.010083299945108593,1,8192,856170,3,2.567214,16598,,
akciğer grafisi (COVID-QU-Ex),33698,2,1,paket,0.01057290006428957,1,8192,856033,2,1.711476,11892,,
akciğer grafisi (COVID-QU-Ex),33700,2,0,paket,0.010061699897050858,1,8192,855578,3,2.567214,18671,,
akciğer grafisi (COVID-QU-Ex),33743,2,0,paket,0.00999779999256134,1,8192,855598,2,1.711476,14268,,
akciğer grafisi (COVID-QU-Ex),33756,2,1,paket,0.01004830002784729,1,8192,855531,3,2.567214,20220,,
akciğer grafisi (COVID-QU-Ex),33782,2,0,paket,0.009949499974027276,1,8192,855282,2,1.711476,13183,,
akciğer grafisi (COVID-QU-Ex),33790,2,4,paket,0.009992899955250323,1,8192,855061,2,1.711476,9245,,
akciğer grafisi (COVID-QU-Ex),33798,2,2,paket,0.010037300060503185,1,8192,856123,2,1.711476,10634,,
akciğer grafisi (COVID-QU-Ex),33805,2,3,paket,0.010997400037012994,1,8192,855865,2,1.711476,14335,,
akciğer grafisi (COVID-QU-Ex),33826,2,4,paket,0.010061300010420382,1,8192,855940,2,1.711476,13554,,
akciğer grafisi (COVID-QU-Ex),33831,2,4,paket,0.010020500048995018,1,8192,855752,3,2.567214,22517,,
akciğer grafisi (COVID-QU-Ex),33846,2,0,paket,0.01010030007455498,1,8192,856099,3,2.567214,17569,,
akciğer grafisi (COVID-QU-Ex),33857,2,4,paket,0.010019600042141974,1,8192,855278,3,2.567214,17175,,
akciğer grafisi (COVID-QU-Ex),33878,2,2,paket,0.009954600012861192,1,8192,855912,2,1.711476,15205,,
akciğer grafisi (COVID-QU-Ex),33886,2,1,paket,0.009879000019282103,1,8192,856102,2,1.711476,12189,,
akciğer grafisi (COVID-QU-Ex),33914,2,0,paket,0.009927699924446642,1,8192,855937,3,2.567214,17609,,
akciğer grafisi (COVID-QU-Ex),33918,2,0,paket,0.012020299909636378,1,8192,855177,2,1.711476,10634,,
akciğer grafisi (COVID-QU-Ex),237,0,3,yan_kanal,0.009990499936975539,1,8192,855338,2,1.711476,11166,1.338775800075382,1380173.0
akciğer grafisi (COVID-QU-Ex),459,0,2,yan_kanal,0.010113300057128072,1,8192,855633,2,1.711476,12134,1.3302284999517724,1379236.0
akciğer grafisi (COVID-QU-Ex),471,0,1,yan_kanal,0.010061599896289408,1,8192,855897,2,1.711476,12522,1.3312954999273643,1378811.0
akciğer grafisi (COVID-QU-Ex),651,0,3,yan_kanal,0.01015490002464503,1,8192,856029,3,2.567214,18555,1.3356393999420106,1379062.0
akciğer grafisi (COVID-QU-Ex),657,0,0,yan_kanal,0.010037600062787533,1,8192,855458,2,1.711476,14699,1.3362584999995306,1377313.0
akciğer grafisi (COVID-QU-Ex),677,0,3,yan_kanal,0.010083700064569712,1,8192,855190,2,1.711476,16343,1.357925400021486,1379462.0
akciğer grafisi (COVID-QU-Ex),910,0,1,yan_kanal,0.010309900040738285,1,8192,856010,2,1.711476,13293,1.3772256000665948,1380949.0
akciğer grafisi (COVID-QU-Ex),1085,0,2,yan_kanal,0.010116799967363477,1,8192,856044,2,1.711476,14731,1.3565157999983057,1377320.0
akciğer grafisi (COVID-QU-Ex),1140,0,2,yan_kanal,0.00994449993595481,1,8192,855264,2,1.711476,12359,1.328055299934931,1380317.0
akciğer grafisi (COVID-QU-Ex),1150,0,2,yan_kanal,0.010135100106708705,1,8192,855386,2,1.711476,12035,1.3295790000120178,1380017.0
akciğer grafisi (COVID-QU-Ex),1186,0,4,yan_kanal,0.010852299979887903,1,8192,855903,2,1.711476,10058,1.3379040999570861,1379735.0
akciğer grafisi (COVID-QU-Ex),1198,0,1,yan_kanal,0.010262200026772916,1,8192,856106,2,1.711476,12180,1.3303937000455335,1376774.0
akciğer grafisi (COVID-QU-Ex),1240,0,2,yan_kanal,0.009946800069883466,1,8192,855999,2,1.711476,15085,1.3315352000063285,1380260.0
akciğer grafisi (COVID-QU-Ex),1271,0,1,yan_kanal,0.009982699993997812,1,8192,855261,2,1.711476,12315,1.3606020000297576,1379745.0
akciğer grafisi (COVID-QU-Ex),1273,0,2,yan_kanal,0.010854200110770762,1,8192,856108,2,1.711476,15166,1.4029261999530718,1379590.0
akciğer grafisi (COVID-QU-Ex),1290,0,1,yan_kanal,0.011118500027805567,1,8192,855206,3,2.567214,18104,1.343957900069654,1378652.0
akciğer grafisi (COVID-QU-Ex),1344,0,2,yan_kanal,0.010137500008568168,1,8192,855882,3,2.567214,17092,1.3317038000095636,1378914.0
akciğer grafisi (COVID-QU-Ex),1775,0,3,yan_kanal,0.010329399956390262,1,8192,856023,2,1.711476,9128,1.3265977000119165,1380990.0
akciğer grafisi (COVID-QU-Ex),1888,0,1,yan_kanal,0.00996059994213283,1,8192,855868,2,1.711476,14441,1.3440926999319345,1377660.0
akciğer grafisi (COVID-QU-Ex),2048,0,0,yan_kanal,0.010138000012375414,1,8192,856098,3,2.567214,21025,1.3601864000083879,1378310.0
akciğer grafisi (COVID-QU-Ex),2161,0,4,yan_kanal,0.010003500035963953,1,8192,855658,2,1.711476,9628,1.3598128999583423,1379677.0
akciğer grafisi (COVID-QU-Ex),2218,0,2,yan_kanal,0.010163299972191453,1,8192,856058,3,2.567214,19870,1.3379104000050575,1379476.0
akciğer grafisi (COVID-QU-Ex),2220,0,0,yan_kanal,0.010061799897812307,1,8192,856099,2,1.711476,13258,1.3310450999997556,1379242.0
akciğer grafisi (COVID-QU-Ex),2339,0,0,yan_kanal,0.010364399990066886,1,8192,856122,2,1.711476,12890,1.3781288000755012,1379302.0
akciğer grafisi (COVID-QU-Ex),2380,0,4,yan_kanal,0.010314399958588183,1,8192,855636,2,1.711476,13629,1.347188499988988,1379331.0
akciğer grafisi (COVID-QU-Ex),2421,1,3,yan_kanal,0.010106600006110966,1,8192,854427,2,1.711476,9297,1.3272959000896662,1379702.0
akciğer grafisi (COVID-QU-Ex),2527,1,4,yan_kanal,0.010107100009918213,1,8192,855736,2,1.711476,15410,1.3251396999694407,1379384.0
akciğer grafisi (COVID-QU-Ex),2551,1,4,yan_kanal,0.010148499975912273,1,8192,855214,2,1.711476,12669,1.3332566999597475,1378781.0
akciğer grafisi (COVID-QU-Ex),2631,1,3,yan_kanal,0.010129400063306093,1,8192,855976,2,1.711476,10095,1.3328791999956593,1379247.0
akciğer grafisi (COVID-QU-Ex),2728,1,1,yan_kanal,0.010247700032778084,1,8192,855597,3,2.567214,16880,1.3387793999863788,1377860.0
akciğer grafisi (COVID-QU-Ex),2868,1,4,yan_kanal,0.010218200040981174,1,8192,855268,2,1.711476,15296,1.3381143000442535,1380706.0
akciğer grafisi (COVID-QU-Ex),3061,1,4,yan_kanal,0.010126299923285842,1,8192,855470,2,1.711476,14255,1.3509470999706537,1379046.0
akciğer grafisi (COVID-QU-Ex),3129,1,2,yan_kanal,0.010128299938514829,1,8192,856150,2,1.711476,14605,1.336734400014393,1378773.0
akciğer grafisi (COVID-QU-Ex),3152,1,0,yan_kanal,0.010463099926710129,1,8192,855850,2,1.711476,14002,1.343339700018987,1379348.0
akciğer grafisi (COVID-QU-Ex),3199,1,2,yan_kanal,0.010090199997648597,1,8192,855290,2,1.711476,12745,1.3503616000525653,1377756.0
akciğer grafisi (COVID-QU-Ex),3246,1,1,yan_kanal,0.010435399948619306,1,8192,855579,2,1.711476,12675,1.339327400084585,1378597.0
akciğer grafisi (COVID-QU-Ex),3328,1,3,yan_kanal,0.0101013999665156,1,8192,856104,2,1.711476,13401,1.3321540999459103,1379681.0
akciğer grafisi (COVID-QU-Ex),3362,1,3,yan_kanal,0.010065499925985932,1,8192,855497,2,1.711476,10996,1.3389991000294685,1380557.0
akciğer grafisi (COVID-QU-Ex),3477,1,2,yan_kanal,0.010128399939276278,1,8192,855525,2,1.711476,11414,1.339541699970141,1380417.0
akciğer grafisi (COVID-QU-Ex),3519,1,0,yan_kanal,0.012293599895201623,1,8192,855471,3,2.567214,16409,1.377170899999328,1378372.0
akciğer grafisi (COVID-QU-Ex),3644,1,4,yan_kanal,0.010152900009416044,1,8192,856208,4,3.422952,24920,1.3294282999122515,1378485.0
akciğer grafisi (COVID-QU-Ex),3981,1,0,yan_kanal,0.01089300005696714,1,8192,855884,2,1.711476,16064,1.3371438999893144,1380647.0
akciğer grafisi (COVID-QU-Ex),4024,1,2,yan_kanal,0.010262400028295815,1,8192,855852,1,0.855738,6469,1.3483093000249937,1379859.0
akciğer grafisi (COVID-QU-Ex),4101,1,1,yan_kanal,0.010355199920013547,1,8192,855405,2,1.711476,14386,1.383914699894376,1380467.0
akciğer grafisi (COVID-QU-Ex),4109,1,2,yan_kanal,0.009991399943828583,1,8192,855332,2,1.711476,10919,1.3306611999869347,1380104.0
akciğer grafisi (COVID-QU-Ex),4123,1,2,yan_kanal,0.010089299990795553,1,8192,856153,2,1.711476,16289,1.3454466999974102,1377234.0
akciğer grafisi (COVID-QU-Ex),4153,1,0,yan_kanal,0.010182600002735853,1,8192,855797,1,0.855738,8080,1.3381896999198943,1378861.0
akciğer grafisi (COVID-QU-Ex),4310,1,4,yan_kanal,0.010001100017689168,1,8192,856025,3,2.567214,19821,1.3288390999659896,1376276.0
akciğer grafisi (COVID-QU-Ex),4343,1,1,yan_kanal,0.010059399995952845,1,8192,855903,2,1.711476,14074,1.337991200038232,1379825.0
akciğer grafisi (COVID-QU-Ex),4369,1,4,yan_kanal,0.010338400024920702,1,8192,856252,2,1.711476,11610,1.3336326000280678,1378240.0
akciğer grafisi (COVID-QU-Ex),4382,1,0,yan_kanal,0.01006160001270473,1,8192,855259,3,2.567214,16779,1.3325478999176994,1379495.0
akciğer grafisi (COVID-QU-Ex),4434,1,1,yan_kanal,0.010062399902381003,1,8192,855823,3,2.567214,17151,1.3358380000572652,1378639.0
akciğer grafisi (COVID-QU-Ex),4531,1,3,yan_kanal,0.010177500080317259,1,8192,855289,2,1.711476,13525,1.3344168999465182,1380211.0
akciğer grafisi (COVID-QU-Ex),4565,1,2,yan_kanal,0.011023800005204976,1,8192,856023,3,2.567214,21762,1.3487394000403583,1377786.0
akciğer grafisi (COVID-QU-Ex),4584,1,2,yan_kanal,0.010261500021442771,1,8192,855557,1,0.855738,7451,1.3425672000739723,1379223.0
akciğer grafisi (COVID-QU-Ex),4633,1,1,yan_kanal,0.010290400008670986,1,8192,855944,2,1.711476,11436,1.3599651999538764,1380485.0
akciğer grafisi (COVID-QU-Ex),4667,2,2,yan_kanal,0.010149899986572564,1,8192,855784,3,2.567214,19357,1.3371517999330536,1380263.0
akciğer grafisi (COVID-QU-Ex),4860,2,4,yan_kanal,0.010260000010021031,1,8192,856058,2,1.711476,12993,1.3336531999520957,1378300.0
akciğer grafisi (COVID-QU-Ex),4886,2,2,yan_kanal,0.010518099996261299,1,8192,854961,4,3.422952,25157,1.3375765000237152,1379632.0
akciğer grafisi (COVID-QU-Ex),5031,2,3,yan_kanal,0.010152699891477823,1,8192,854844,3,2.567214,18146,1.3654198000440374,1376456.0
akciğer grafisi (COVID-QU-Ex),5069,2,4,yan_kanal,0.010328299948014319,1,8192,855110,3,2.567214,16998,1.3960272000404075,1377280.0
akciğer grafisi (COVID-QU-Ex),5207,2,3,yan_kanal,0.010811900021508336,1,8192,855847,3,2.567214,18776,1.331328900065273,1379560.0
akciğer grafisi (COVID-QU-Ex),5238,2,4,yan_kanal,0.010506900027394295,1,8192,856202,3,2.567214,16909,1.3714711000211537,1379754.0
akciğer grafisi (COVID-QU-Ex),5288,2,0,yan_kanal,0.010078999912366271,1,8192,855293,3,2.567214,18764,1.3423372999532148,1379181.0
akciğer grafisi (COVID-QU-Ex),5624,2,1,yan_kanal,0.010530600091442466,1,8192,856269,2,1.711476,12844,1.3468093000119552,1379384.0
akciğer grafisi (COVID-QU-Ex),5792,2,3,yan_kanal,0.010069899959489703,1,8192,856184,3,2.567214,17698,1.329515999997966,1379213.0
akciğer grafisi (COVID-QU-Ex),5974,2,3,yan_kanal,0.010825400007888675,1,8192,855374,2,1.711476,15986,1.330642499960959,1379580.0
akciğer grafisi (COVID-QU-Ex),6025,2,3,yan_kanal,0.010037099942564964,1,8192,855450,3,2.567214,23722,1.3331985999830067,1378175.0
akciğer grafisi (COVID-QU-Ex),6026,2,2,yan_kanal,0.010110700037330389,1,8192,855355,3,2.567214,19474,1.3276796999853104,1377785.0
akciğer grafisi (COVID-QU-Ex),6032,2,2,yan_kanal,0.010090600000694394,1,8192,855303,3,2.567214,19856,1.3304136999649927,1379462.0
akciğer grafisi (COVID-QU-Ex),6034,2,3,yan_kanal,0.010050700046122074,1,8192,856063,3,2.567214,20206,1.3424843999091536,1379428.0
akciğer grafisi (COVID-QU-Ex),6171,2,2,yan_kanal,0.010223100078292191,1,8192,855649,2,1.711476,10636,1.3293090000515804,1378209.0
akciğer grafisi (COVID-QU-Ex),6261,2,2,yan_kanal,0.010777499992400408,1,8192,855775,3,2.567214,19282,1.3426153999753296,1379686.0
akciğer grafisi (COVID-QU-Ex),6334,2,2,yan_kanal,0.010140800033695996,1,8192,855420,3,2.567214,16597,1.330737499985844,1378054.0
akciğer grafisi (COVID-QU-Ex),6400,2,1,yan_kanal,0.010204200050793588,1,8192,855192,2,1.711476,11374,1.3394081000005826,1377710.0
akciğer grafisi (COVID-QU-Ex),6601,2,4,yan_kanal,0.010572500061243773,1,8192,855888,1,0.855738,7264,1.328743299935013,1377463.0
akciğer grafisi (COVID-QU-Ex),6618,2,0,yan_kanal,0.010095900041051209,1,8192,855289,3,2.567214,20126,1.3333765999414027,1380633.0
akciğer grafisi (COVID-QU-Ex),6679,2,0,yan_kanal,0.010399300022982061,1,8192,855327,2,1.711476,12522,1.3399148000171408,1378164.0
akciğer grafisi (COVID-QU-Ex),6720,2,0,yan_kanal,0.010269699967466295,1,8192,856240,2,1.711476,16235,1.3319423000793904,1379902.0
akciğer grafisi (COVID-QU-Ex),6773,2,3,yan_kanal,0.011124500073492527,1,8192,855362,3,2.567214,16689,1.3335972999921069,1378219.0
akciğer grafisi (COVID-QU-Ex),6789,0,0,yan_kanal,0.010002600029110909,1,8192,854986,2,1.711476,11148,1.3276567999273539,1378789.0
akciğer grafisi (COVID-QU-Ex),6925,0,1,yan_kanal,0.010145699954591691,1,8192,855236,2,1.711476,13151,1.3479929000604898,1379078.0
akciğer grafisi (COVID-QU-Ex),6966,0,3,yan_kanal,0.010112599935382605,1,8192,856090,2,1.711476,14889,1.3410179000347853,1379390.0
akciğer grafisi (COVID-QU-Ex),6994,0,3,yan_kanal,0.010276100016199052,1,8192,856054,3,2.567214,17212,1.363488500006497,1379273.0
akciğer grafisi (COVID-QU-Ex),7046,0,0,yan_kanal,0.01009839994367212,1,8192,856117,2,1.711476,15306,1.3508518000598997,1376301.0
akciğer grafisi (COVID-QU-Ex),7470,0,4,yan_kanal,0.010275100008584559,1,8192,856001,2,1.711476,13382,1.3574317999882624,1380447.0
akciğer grafisi (COVID-QU-Ex),7472,0,2,yan_kanal,0.011888799956068397,1,8192,854867,3,2.567214,19013,1.3645145000191405,1380596.0
akciğer grafisi (COVID-QU-Ex),7482,0,0,yan_kanal,0.013268299982883036,1,8192,855539,3,2.567214,23177,1.4076808999525383,1379024.0
akciğer grafisi (COVID-QU-Ex),7580,0,4,yan_kanal,0.010279200039803982,1,8192,855287,2,1.711476,13780,1.3295739000895992,1379463.0
akciğer grafisi (COVID-QU-Ex),7644,0,4,yan_kanal,0.010267400066368282,1,8192,855326,3,2.567214,20651,1.3376250000437722,1378307.0
akciğer grafisi (COVID-QU-Ex),7714,0,1,yan_kanal,0.010366100003011525,1,8192,855017,2,1.711476,15915,1.335098800016567,1377560.0
akciğer grafisi (COVID-QU-Ex),7918,0,0,yan_kanal,0.01046330004464835,1,8192,855461,3,2.567214,20252,1.3664083000039682,1380027.0
akciğer grafisi (COVID-QU-Ex),8008,0,2,yan_kanal,0.010140400030650198,1,8192,855623,2,1.711476,10118,1.3321359999245033,1380634.0
akciğer grafisi (COVID-QU-Ex),8164,0,2,yan_kanal,0.010078900028020144,1,8192,856102,2,1.711476,14646,1.3284162000054494,1380581.0
akciğer grafisi (COVID-QU-Ex),8226,0,3,yan_kanal,0.010312799946404994,1,8192,855744,4,3.422952,25365,1.3311115000396967,1379788.0
akciğer grafisi (COVID-QU-Ex),8337,0,3,yan_kanal,0.010219600051641464,1,8192,855352,2,1.711476,16104,1.3455297000473365,1378069.0
akciğer grafisi (COVID-QU-Ex),8349,0,0,yan_kanal,0.010007099946960807,1,8192,855277,2,1.711476,13769,1.3336750000016764,1379041.0
akciğer grafisi (COVID-QU-Ex),8426,0,4,yan_kanal,0.010439599980600178,1,8192,855939,2,1.711476,13255,1.3394306000554934,1378406.0
akciğer grafisi (COVID-QU-Ex),8491,0,1,yan_kanal,0.010144899948500097,1,8192,855633,3,2.567214,18390,1.3340685999719426,1379537.0
akciğer grafisi (COVID-QU-Ex),8720,0,0,yan_kanal,0.010053800069727004,1,8192,856139,2,1.711476,11691,1.330749300075695,1379017.0
akciğer grafisi (COVID-QU-Ex),8895,0,2,yan_kanal,0.010217899922281504,1,8192,856216,3,2.567214,19678,1.3360692999558523,1379031.0
akciğer grafisi (COVID-QU-Ex),8923,0,3,yan_kanal,0.010062200017273426,1,8192,855309,3,2.567214,19526,1.3333540000021458,1376457.0
akciğer grafisi (COVID-QU-Ex),8981,0,4,yan_kanal,0.010219799936749041,1,8192,855338,2,1.711476,15949,1.3691729999845847,1379302.0
akciğer grafisi (COVID-QU-Ex),9031,0,3,yan_kanal,0.010676499921828508,1,8192,855314,2,1.711476,13070,1.3332862000679597,1380972.0
akciğer grafisi (COVID-QU-Ex),9221,0,3,yan_kanal,0.010016900021582842,1,8192,855203,2,1.711476,10769,1.348501699976623,1380415.0
akciğer grafisi (COVID-QU-Ex),9248,0,2,yan_kanal,0.010241899988614023,1,8192,856180,2,1.711476,10617,1.3395690999459475,1377787.0
akciğer grafisi (COVID-QU-Ex),9280,0,4,yan_kanal,0.010163000086322427,1,8192,855703,3,2.567214,18638,1.344005100079812,1379134.0
akciğer grafisi (COVID-QU-Ex),9397,0,1,yan_kanal,0.00994599994737655,1,8192,855801,3,2.567214,19246,1.343228799989447,1379214.0
akciğer grafisi (COVID-QU-Ex),9511,0,2,yan_kanal,0.010954399942420423,1,8192,855884,3,2.567214,17963,1.3350833000149578,1378715.0
akciğer grafisi (COVID-QU-Ex),9601,0,4,yan_kanal,0.01064840005710721,1,8192,856062,2,1.711476,11062,1.362232300103642,1378991.0
akciğer grafisi (COVID-QU-Ex),9628,0,4,yan_kanal,0.010018699918873608,1,8192,855591,3,2.567214,23539,1.3354311999864876,1379611.0
akciğer grafisi (COVID-QU-Ex),9677,0,3,yan_kanal,0.010228800005279481,1,8192,855517,2,1.711476,10439,1.3287569000385702,1377671.0
akciğer grafisi (COVID-QU-Ex),9681,0,4,yan_kanal,0.009995899978093803,1,8192,855427,3,2.567214,20571,1.3483286999398842,1378408.0
akciğer grafisi (COVID-QU-Ex),9719,0,1,yan_kanal,0.010167300002649426,1,8192,855272,3,2.567214,16466,1.3292196000693366,1380214.0
akciğer grafisi (COVID-QU-Ex),9723,0,4,yan_kanal,0.01015479990746826,1,8192,856130,3,2.567214,19585,1.4005969999125227,1378414.0
akciğer grafisi (COVID-QU-Ex),9773,0,2,yan_kanal,0.010296500055119395,1,8192,855376,2,1.711476,10343,1.3279212999623269,1379245.0
akciğer grafisi (COVID-QU-Ex),9783,0,1,yan_kanal,0.010047900024801493,1,8192,855187,2,1.711476,9208,1.3382617000024766,1379740.0
akciğer grafisi (COVID-QU-Ex),9829,0,3,yan_kanal,0.010174899944104254,1,8192,855711,3,2.567214,19097,1.339454000000842,1379584.0
akciğer grafisi (COVID-QU-Ex),9977,0,3,yan_kanal,0.010696000070311129,1,8192,856134,2,1.711476,12775,1.334532699896954,1380496.0
akciğer grafisi (COVID-QU-Ex),9998,0,2,yan_kanal,0.010690000024624169,1,8192,855741,2,1.711476,15320,1.3311540000140667,1378999.0
akciğer grafisi (COVID-QU-Ex),10052,0,2,yan_kanal,0.01032840006519109,1,8192,854959,2,1.711476,16031,1.3321640000212938,1379359.0
akciğer grafisi (COVID-QU-Ex),10172,0,3,yan_kanal,0.010080300038680434,1,8192,855626,3,2.567214,19576,1.328491699998267,1379768.0
akciğer grafisi (COVID-QU-Ex),10227,0,4,yan_kanal,0.010829900042153895,1,8192,856130,2,1.711476,12586,1.333460499998182,1379920.0
akciğer grafisi (COVID-QU-Ex),10281,0,1,yan_kanal,0.01010009995661676,1,8192,855999,2,1.711476,15510,1.3279151000315323,1380364.0
akciğer grafisi (COVID-QU-Ex),10316,0,0,yan_kanal,0.012021399918012321,1,8192,856247,2,1.711476,10380,1.3417672000359744,1380585.0
akciğer grafisi (COVID-QU-Ex),10320,0,3,yan_kanal,0.010085900081321597,1,8192,855970,2,1.711476,16250,1.3320127000333741,1380733.0
akciğer grafisi (COVID-QU-Ex),10358,0,3,yan_kanal,0.010038400068879128,1,8192,855813,3,2.567214,20621,1.3517694000620395,1378741.0
akciğer grafisi (COVID-QU-Ex),10414,0,0,yan_kanal,0.011736899963580072,1,8192,856205,2,1.711476,14046,1.3582077000755817,1377295.0
akciğer grafisi (COVID-QU-Ex),10449,0,0,yan_kanal,0.010153900017030537,1,8192,855993,2,1.711476,11484,1.335018099984154,1380769.0
akciğer grafisi (COVID-QU-Ex),10529,0,1,yan_kanal,0.010619100066833198,1,8192,855452,3,2.567214,17600,1.3286331000272185,1379437.0
akciğer grafisi (COVID-QU-Ex),10592,0,0,yan_kanal,0.010052199941128492,1,8192,855219,2,1.711476,15365,1.4728797000134364,1378626.0
akciğer grafisi (COVID-QU-Ex),10610,0,4,yan_kanal,0.010236599948257208,1,8192,855107,3,2.567214,20131,1.3292135000228882,1379377.0
akciğer grafisi (COVID-QU-Ex),10614,0,3,yan_kanal,0.01012240001000464,1,8192,856020,3,2.567214,22252,1.3321530999382958,1379807.0
akciğer grafisi (COVID-QU-Ex),10822,0,0,yan_kanal,0.010024799965322018,1,8192,855459,2,1.711476,16336,1.329746799892746,1380896.0
akciğer grafisi (COVID-QU-Ex),10992,0,2,yan_kanal,0.01026129990350455,1,8192,856231,2,1.711476,16034,1.3315737000666559,1380758.0
akciğer grafisi (COVID-QU-Ex),11043,0,3,yan_kanal,0.010067199938930571,1,8192,855299,3,2.567214,17447,1.332708299974911,1379359.0
akciğer grafisi (COVID-QU-Ex),11146,0,3,yan_kanal,0.010057999985292554,1,8192,856063,2,1.711476,15557,1.3298016999615356,1378735.0
akciğer grafisi (COVID-QU-Ex),11260,0,0,yan_kanal,0.010247000027447939,1,8192,855443,2,1.711476,13935,1.3327734000049531,1379972.0
akciğer grafisi (COVID-QU-Ex),11262,0,3,yan_kanal,0.010032799909822643,1,8192,855846,2,1.711476,15939,1.3323206999339163,1379505.0
akciğer grafisi (COVID-QU-Ex),11291,0,4,yan_kanal,0.010187499923631549,1,8192,856105,2,1.711476,14929,1.3348455000668764,1379068.0
akciğer grafisi (COVID-QU-Ex),11444,0,3,yan_kanal,0.010869399993680418,1,8192,856130,2,1.711476,15248,1.335486700059846,1379477.0
akciğer grafisi (COVID-QU-Ex),11446,0,4,yan_kanal,0.010056899976916611,1,8192,855937,2,1.711476,10943,1.331597900018096,1379388.0
akciğer grafisi (COVID-QU-Ex),11450,0,1,yan_kanal,0.010228200000710785,1,8192,855994,2,1.711476,13125,1.3533326999749988,1377963.0
akciğer grafisi (COVID-QU-Ex),11483,0,0,yan_kanal,0.010655499994754791,1,8192,856118,2,1.711476,10027,1.3469366999343038,1378503.0
akciğer grafisi (COVID-QU-Ex),11597,0,3,yan_kanal,0.011062099947594106,1,8192,855290,2,1.711476,16342,1.3425014000386,1378285.0
akciğer grafisi (COVID-QU-Ex),11690,0,4,yan_kanal,0.01000819995533675,1,8192,855486,3,2.567214,19564,1.3760885000228882,1378178.0
akciğer grafisi (COVID-QU-Ex),11773,0,1,yan_kanal,0.010412200004793704,1,8192,855989,2,1.711476,11725,1.3420180000830442,1379530.0
akciğer grafisi (COVID-QU-Ex),11781,0,4,yan_kanal,0.01024239999242127,1,8192,854720,2,1.711476,14662,1.3406150999944657,1379270.0
akciğer grafisi (COVID-QU-Ex),11802,0,0,yan_kanal,0.010789899970404804,1,8192,855359,2,1.711476,9353,1.3365914999740198,1379770.0
akciğer grafisi (COVID-QU-Ex),11862,0,3,yan_kanal,0.010475400020368397,1,8192,855302,2,1.711476,12062,1.3676163000054657,1378254.0
akciğer grafisi (COVID-QU-Ex),11888,0,4,yan_kanal,0.010341100045479834,1,8192,855941,3,2.567214,17383,1.3304565000580624,1379329.0
akciğer grafisi (COVID-QU-Ex),11923,0,1,yan_kanal,0.010531800100579858,1,8192,855766,2,1.711476,15857,1.3493887999793515,1378368.0
akciğer grafisi (COVID-QU-Ex),12046,0,0,yan_kanal,0.010557200061157346,1,8192,855940,2,1.711476,15962,1.3341333999997005,1379186.0
akciğer grafisi (COVID-QU-Ex),12167,0,4,yan_kanal,0.010995599906891584,1,8192,855989,2,1.711476,10963,1.4084178999764845,1377825.0
akciğer grafisi (COVID-QU-Ex),12313,0,0,yan_kanal,0.010199100011959672,1,8192,855077,2,1.711476,9129,1.3358618000056595,1377686.0
akciğer grafisi (COVID-QU-Ex),12424,0,1,yan_kanal,0.010295300045982003,1,8192,855650,2,1.711476,15075,1.3323197000427172,1378054.0
akciğer grafisi (COVID-QU-Ex),12463,0,0,yan_kanal,0.01010299997869879,1,8192,855186,3,2.567214,19780,1.331278800033033,1380561.0
akciğer grafisi (COVID-QU-Ex),12481,0,1,yan_kanal,0.010330200078897178,1,8192,855301,1,0.855738,7592,1.329135000007227,1379253.0
akciğer grafisi (COVID-QU-Ex),12599,0,4,yan_kanal,0.010176900075748563,1,8192,855191,2,1.711476,12896,1.334114299970679,1379164.0
akciğer grafisi (COVID-QU-Ex),12622,0,3,yan_kanal,0.010262900032103062,1,8192,855310,3,2.567214,16543,1.3328490999992937,1380509.0
akciğer grafisi (COVID-QU-Ex),12631,0,0,yan_kanal,0.01046889997087419,1,8192,855266,2,1.711476,14413,1.3432255999650806,1379162.0
akciğer grafisi (COVID-QU-Ex),12656,0,1,yan_kanal,0.010139100020751357,1,8192,855951,2,1.711476,12156,1.3433656000997871,1378336.0
akciğer grafisi (COVID-QU-Ex),12701,0,0,yan_kanal,0.010153600014746189,1,8192,856085,3,2.567214,21419,1.337119499919936,1379378.0
akciğer grafisi (COVID-QU-Ex),12751,0,1,yan_kanal,0.00991929997690022,1,8192,856164,2,1.711476,11142,1.3374699000269175,1378043.0
akciğer grafisi (COVID-QU-Ex),13003,0,2,yan_kanal,0.010370300034992397,1,8192,855575,2,1.711476,15399,1.341896399972029,1378062.0
akciğer grafisi (COVID-QU-Ex),13256,0,1,yan_kanal,0.010088899987749755,1,8192,855286,3,2.567214,18549,1.3348458999535069,1380403.0
akciğer grafisi (COVID-QU-Ex),13361,0,0,yan_kanal,0.01030460000038147,1,8192,855452,1,0.855738,5699,1.3322799999732524,1378608.0
akciğer grafisi (COVID-QU-Ex),13523,0,2,yan_kanal,0.01016990002244711,1,8192,855128,2,1.711476,10621,1.331372300046496,1379349.0
akciğer grafisi (COVID-QU-Ex),13545,0,1,yan_kanal,0.01009120000526309,1,8192,855798,3,2.567214,17256,1.3312518999446183,1379614.0
akciğer grafisi (COVID-QU-Ex),13586,0,3,yan_kanal,0.009931299951858819,1,8192,855552,2,1.711476,15889,1.3405706000048667,1378179.0
akciğer grafisi (COVID-QU-Ex),13717,0,1,yan_kanal,0.010012299986556172,1,8192,855180,2,1.711476,13149,1.329023199970834,1379229.0
akciğer grafisi (COVID-QU-Ex),13756,0,4,yan_kanal,0.01001570001244545,1,8192,855337,2,1.711476,16229,1.3724059000378475,1380665.0
akciğer grafisi (COVID-QU-Ex),13759,0,2,yan_kanal,0.0100780000211671,1,8192,856201,2,1.711476,15975,1.3535195000004023,1380210.0
akciğer grafisi (COVID-QU-Ex),13777,0,1,yan_kanal,0.01984029996674508,1,8192,855373,3,2.567214,19003,1.3495006999000907,1380483.0
akciğer grafisi (COVID-QU-Ex),14002,0,4,yan_kanal,0.010388300055637956,1,8192,855926,2,1.711476,9794,1.3423463000217453,1380928.0
akciğer grafisi (COVID-QU-Ex),14010,0,0,yan_kanal,0.010029700002633035,1,8192,854798,3,2.567214,17599,1.3272398000117391,1379164.0
akciğer grafisi (COVID-QU-Ex),14193,0,4,yan_kanal,0.01016519998665899,1,8192,854961,3,2.567214,17943,1.3325878999894485,1379702.0
akciğer grafisi (COVID-QU-Ex),14255,0,0,yan_kanal,0.009999000001698732,1,8192,854610,3,2.567214,16431,1.336963800014928,1379102.0
akciğer grafisi (COVID-QU-Ex),14282,0,0,yan_kanal,0.01024680002592504,1,8192,855309,2,1.711476,14227,1.3352737999521196,1379453.0
akciğer grafisi (COVID-QU-Ex),14337,0,4,yan_kanal,0.010277500026859343,1,8192,855712,2,1.711476,13824,1.3335076000075787,1379035.0
akciğer grafisi (COVID-QU-Ex),14343,0,1,yan_kanal,0.010173599934205413,1,8192,855925,2,1.711476,12443,1.3407786999596283,1380170.0
akciğer grafisi (COVID-QU-Ex),14690,1,4,yan_kanal,0.01020540005993098,1,8192,855144,2,1.711476,14770,1.3320339999627322,1379589.0
akciğer grafisi (COVID-QU-Ex),14784,1,3,yan_kanal,0.010201100027188659,1,8192,855913,2,1.711476,12833,1.3578301999950781,1379525.0
akciğer grafisi (COVID-QU-Ex),14795,1,3,yan_kanal,0.01054889999795705,1,8192,855964,2,1.711476,15419,1.3386424999916926,1378600.0
akciğer grafisi (COVID-QU-Ex),14812,1,1,yan_kanal,0.010314399958588183,1,8192,855312,3,2.567214,16941,1.3357397000072524,1378496.0
akciğer grafisi (COVID-QU-Ex),14819,1,4,yan_kanal,0.010273200110532343,1,8192,855292,3,2.567214,20373,1.357530300039798,1379667.0
akciğer grafisi (COVID-QU-Ex),14852,1,2,yan_kanal,0.010076100006699562,1,8192,856110,2,1.711476,11356,1.33979520003777,1376648.0
akciğer grafisi (COVID-QU-Ex),14880,1,4,yan_kanal,0.010250199935398996,1,8192,855971,2,1.711476,14414,1.396368999965489,1378774.0
akciğer grafisi (COVID-QU-Ex),14913,1,1,yan_kanal,0.010493500041775405,1,8192,855876,2,1.711476,13823,1.3364102999912575,1379393.0
akciğer grafisi (COVID-QU-Ex),14923,1,2,yan_kanal,0.010035400046035647,1,8192,855716,2,1.711476,13834,1.3320452999323606,1380318.0
akciğer grafisi (COVID-QU-Ex),15087,1,2,yan_kanal,0.010218400042504072,1,8192,855863,3,2.567214,16835,1.3327806000597775,1380420.0
akciğer grafisi (COVID-QU-Ex),15175,1,0,yan_kanal,0.010022200061939657,1,8192,856109,2,1.711476,16097,1.3291477999882773,1380553.0
akciğer grafisi (COVID-QU-Ex),15179,1,3,yan_kanal,0.010164699982851744,1,8192,854613,2,1.711476,11327,1.3371044000377879,1378087.0
akciğer grafisi (COVID-QU-Ex),15197,1,0,yan_kanal,0.01040390005800873,1,8192,856116,3,2.567214,20907,1.3931298999814317,1379218.0
akciğer grafisi (COVID-QU-Ex),15220,1,4,yan_kanal,0.0099962999811396,1,8192,856255,3,2.567214,17502,1.3476105000590906,1380138.0
akciğer grafisi (COVID-QU-Ex),15236,1,2,yan_kanal,0.01030159997753799,1,8192,855894,3,2.567214,16908,1.351198700023815,1378671.0
akciğer grafisi (COVID-QU-Ex),15255,1,3,yan_kanal,0.01013559999410063,1,8192,855240,2,1.711476,15933,1.3445606000022963,1377510.0
akciğer grafisi (COVID-QU-Ex),15371,1,3,yan_kanal,0.010320500005036592,1,8192,856146,2,1.711476,13510,1.3343877999577671,1378824.0
akciğer grafisi (COVID-QU-Ex),15373,1,0,yan_kanal,0.01074299996253103,1,8192,855852,2,1.711476,8527,1.3536060000769794,1379281.0
akciğer grafisi (COVID-QU-Ex),15434,1,1,yan_kanal,0.01009999995585531,1,8192,855567,2,1.711476,14774,1.3270790999522433,1379145.0
akciğer grafisi (COVID-QU-Ex),15489,1,3,yan_kanal,0.013448799960315228,1,8192,855570,2,1.711476,13385,1.4455311000347137,1379343.0
akciğer grafisi (COVID-QU-Ex),15565,1,0,yan_kanal,0.010253499960526824,1,8192,855437,3,2.567214,16626,1.3417301001027226,1379161.0
akciğer grafisi (COVID-QU-Ex),16073,1,1,yan_kanal,0.010047400020994246,1,8192,855076,2,1.711476,14499,1.3384600999997929,1379465.0
akciğer grafisi (COVID-QU-Ex),16177,1,3,yan_kanal,0.010373699944466352,1,8192,855617,2,1.711476,12460,1.337513400008902,1379750.0
akciğer grafisi (COVID-QU-Ex),16198,1,1,yan_kanal,0.01015810004901141,1,8192,855854,3,2.567214,18473,1.3435230000177398,1376347.0
akciğer grafisi (COVID-QU-Ex),16304,1,1,yan_kanal,0.010127000045031309,1,8192,856029,2,1.711476,10751,1.3433099000249058,1379264.0
akciğer grafisi (COVID-QU-Ex),16409,1,4,yan_kanal,0.01014589995611459,1,8192,855277,1,0.855738,6078,1.3376217000186443,1378918.0
akciğer grafisi (COVID-QU-Ex),16464,1,1,yan_kanal,0.010221199947409332,1,8192,855265,2,1.711476,14772,1.3329701999900863,1380149.0
akciğer grafisi (COVID-QU-Ex),16517,1,0,yan_kanal,0.010502399993129075,1,8192,855976,2,1.711476,13981,1.3570592999458313,1378916.0
akciğer grafisi (COVID-QU-Ex),16545,1,2,yan_kanal,0.010317800100892782,1,8192,856166,2,1.711476,13502,1.3322105999104679,1379407.0
akciğer grafisi (COVID-QU-Ex),16907,1,0,yan_kanal,0.010307200020179152,1,8192,855811,3,2.567214,20937,1.3304035000037402,1378609.0
akciğer grafisi (COVID-QU-Ex),16983,1,1,yan_kanal,0.010453999973833561,1,8192,856156,2,1.711476,13659,1.3547555000986904,1377170.0
akciğer grafisi (COVID-QU-Ex),17053,1,4,yan_kanal,0.010130199952982366,1,8192,855915,2,1.711476,13836,1.3481535000028089,1379417.0
akciğer grafisi (COVID-QU-Ex),17063,1,3,yan_kanal,0.010206799954175949,1,8192,855362,2,1.711476,12648,1.3361503999913111,1380795.0
akciğer grafisi (COVID-QU-Ex),17082,1,4,yan_kanal,0.010288399993441999,1,8192,855794,2,1.711476,14320,1.3420156000647694,1378433.0
akciğer grafisi (COVID-QU-Ex),17234,1,4,yan_kanal,0.010083999950438738,1,8192,855250,2,1.711476,8710,1.3297893000999466,1379054.0
akciğer grafisi (COVID-QU-Ex),17422,1,3,yan_kanal,0.010355800040997565,1,8192,855948,2,1.711476,14910,1.3703076000092551,1379518.0
akciğer grafisi (COVID-QU-Ex),17447,1,1,yan_kanal,0.010040599969215691,1,8192,855232,2,1.711476,13880,1.3547026000451297,1379289.0
akciğer grafisi (COVID-QU-Ex),17510,1,4,yan_kanal,0.010141799924895167,1,8192,856099,3,2.567214,17527,1.3524076000321656,1378234.0
akciğer grafisi (COVID-QU-Ex),17535,1,3,yan_kanal,0.010219300049357116,1,8192,855140,2,1.711476,16210,1.357674099970609,1376338.0
akciğer grafisi (COVID-QU-Ex),17658,1,4,yan_kanal,0.010331899975426495,1,8192,856180,2,1.711476,13709,1.3338118999963626,1378841.0
akciğer grafisi (COVID-QU-Ex),17702,1,3,yan_kanal,0.010386300040408969,1,8192,855431,2,1.711476,16078,1.3392787999473512,1380447.0
akciğer grafisi (COVID-QU-Ex),17811,1,0,yan_kanal,0.010250600054860115,1,8192,855112,2,1.711476,13422,1.3379299999214709,1378743.0
akciğer grafisi (COVID-QU-Ex),17977,1,1,yan_kanal,0.010293100029230118,1,8192,855518,3,2.567214,17358,1.3469689000630751,1377966.0
akciğer grafisi (COVID-QU-Ex),18137,1,3,yan_kanal,0.010170699912123382,1,8192,855371,2,1.711476,12945,1.3356162999989465,1380176.0
akciğer grafisi (COVID-QU-Ex),18249,1,3,yan_kanal,0.010295400046743453,1,8192,855139,2,1.711476,10455,1.350240199943073,1379868.0
akciğer grafisi (COVID-QU-Ex),18286,1,0,yan_kanal,0.010116099962033331,1,8192,855237,2,1.711476,15356,1.3332374000456184,1380403.0
akciğer grafisi (COVID-QU-Ex),18429,1,2,yan_kanal,0.010202799923717976,1,8192,855888,3,2.567214,19199,1.3407379999989644,1379179.0
akciğer grafisi (COVID-QU-Ex),18463,1,0,yan_kanal,0.010277800029143691,1,8192,855875,2,1.711476,14269,1.3424489999888465,1377266.0
akciğer grafisi (COVID-QU-Ex),18532,1,1,yan_kanal,0.010696599958464503,1,8192,855995,2,1.711476,16198,1.3326726999366656,1378858.0
akciğer grafisi (COVID-QU-Ex),18696,1,1,yan_kanal,0.010330499964766204,1,8192,856172,3,2.567214,16989,1.3410561999771744,1379195.0
akciğer grafisi (COVID-QU-Ex),18742,1,1,yan_kanal,0.010728699970059097,1,8192,856004,2,1.711476,14295,1.399852400063537,1379213.0
akciğer grafisi (COVID-QU-Ex),18872,1,0,yan_kanal,0.010046300012618303,1,8192,855811,3,2.567214,18208,1.330576700042002,1379394.0
akciğer grafisi (COVID-QU-Ex),18920,1,0,yan_kanal,0.010138800018467009,1,8192,855906,1,0.855738,7430,1.3307985999854282,1378570.0
akciğer grafisi (COVID-QU-Ex),18942,1,0,yan_kanal,0.010013199993409216,1,8192,856152,1,0.855738,8067,1.347138199955225,1378917.0
akciğer grafisi (COVID-QU-Ex),19098,1,0,yan_kanal,0.01005270006135106,1,8192,854582,2,1.711476,13362,1.330024200025946,1379330.0
akciğer grafisi (COVID-QU-Ex),19166,1,1,yan_kanal,0.010104899993166327,1,8192,855758,2,1.711476,14838,1.342573200003244,1377358.0
akciğer grafisi (COVID-QU-Ex),19206,1,3,yan_kanal,0.01371970004402101,1,8192,855184,1,0.855738,6906,1.4363812000956386,1379499.0
akciğer grafisi (COVID-QU-Ex),19264,1,0,yan_kanal,0.009957600035704672,1,8192,855308,2,1.711476,15059,1.3513894999632612,1378671.0
akciğer grafisi (COVID-QU-Ex),19318,1,2,yan_kanal,0.010098000057041645,1,8192,855153,2,1.711476,13544,1.326860100030899,1379572.0
akciğer grafisi (COVID-QU-Ex),19400,1,4,yan_kanal,0.010099799954332411,1,8192,855886,2,1.711476,14457,1.35883120005019,1380251.0
akciğer grafisi (COVID-QU-Ex),19460,1,4,yan_kanal,0.010125599917955697,1,8192,855989,3,2.567214,17405,1.3374793999828398,1377774.0
akciğer grafisi (COVID-QU-Ex),19658,1,1,yan_kanal,0.010783000034280121,1,8192,855229,3,2.567214,17345,1.3401945000514388,1377796.0
akciğer grafisi (COVID-QU-Ex),19737,1,2,yan_kanal,0.010018500033766031,1,8192,855501,2,1.711476,12148,1.3281040999572724,1378210.0
akciğer grafisi (COVID-QU-Ex),19761,1,2,yan_kanal,0.010429999907501042,1,8192,855213,2,1.711476,12876,1.3367693000473082,1378212.0
akciğer grafisi (COVID-QU-Ex),19772,1,4,yan_kanal,0.010069299954921007,1,8192,855271,2,1.711476,11319,1.333736200002022,1379312.0
akciğer grafisi (COVID-QU-Ex),19872,1,4,yan_kanal,0.010578999994322658,1,8192,856106,3,2.567214,20232,1.3314733000006527,1379452.0
akciğer grafisi (COVID-QU-Ex),19906,1,1,yan_kanal,0.010131999966688454,1,8192,856136,2,1.711476,8801,1.3321628000121564,1380834.0
akciğer grafisi (COVID-QU-Ex),19950,1,2,yan_kanal,0.01017699996009469,1,8192,855975,3,2.567214,19732,1.329099899972789,1377377.0
akciğer grafisi (COVID-QU-Ex),20035,1,0,yan_kanal,0.010233100038021803,1,8192,856187,2,1.711476,15190,1.3400111000519246,1377241.0
akciğer grafisi (COVID-QU-Ex),20050,1,2,yan_kanal,0.01065140007995069,1,8192,855264,2,1.711476,12249,1.3723104998935014,1378500.0
akciğer grafisi (COVID-QU-Ex),20113,1,4,yan_kanal,0.010287099983543158,1,8192,855331,2,1.711476,14892,1.3419257999630645,1379804.0
akciğer grafisi (COVID-QU-Ex),20198,1,3,yan_kanal,0.010205499944277108,1,8192,855653,2,1.711476,11304,1.3418651000829414,1376256.0
akciğer grafisi (COVID-QU-Ex),20231,1,2,yan_kanal,0.010167000000365078,1,8192,855328,2,1.711476,11354,1.329267599969171,1378096.0
akciğer grafisi (COVID-QU-Ex),20315,1,1,yan_kanal,0.01066470006480813,1,8192,856069,3,2.567214,17240,1.3459594999440014,1380965.0
akciğer grafisi (COVID-QU-Ex),20340,1,4,yan_kanal,0.01034589996561408,1,8192,855522,3,2.567214,16408,1.338180199963972,1377603.0
akciğer grafisi (COVID-QU-Ex),20426,1,0,yan_kanal,0.010121800005435944,1,8192,855320,2,1.711476,12891,1.3330528000369668,1380753.0
akciğer grafisi (COVID-QU-Ex),20428,1,3,yan_kanal,0.01043650007341057,1,8192,855261,2,1.711476,14870,1.3298510999884456,1378975.0
akciğer grafisi (COVID-QU-Ex),20435,1,1,yan_kanal,0.010054699960164726,1,8192,854601,3,2.567214,19447,1.3284452999942005,1379058.0
akciğer grafisi (COVID-QU-Ex),20543,1,0,yan_kanal,0.010352300014346838,1,8192,856118,2,1.711476,14380,1.3382232999429107,1379583.0
akciğer grafisi (COVID-QU-Ex),20638,1,3,yan_kanal,0.010250100051052868,1,8192,856193,2,1.711476,16160,1.333612999995239,1379035.0
akciğer grafisi (COVID-QU-Ex),20844,1,1,yan_kanal,0.010213900008238852,1,8192,856160,2,1.711476,13496,1.3326064000139013,1380010.0
akciğer grafisi (COVID-QU-Ex),21026,1,1,yan_kanal,0.010053899954073131,1,8192,855947,2,1.711476,13803,1.3411491001024842,1379539.0
akciğer grafisi (COVID-QU-Ex),21165,1,0,yan_kanal,0.010150699992664158,1,8192,855975,2,1.711476,15094,1.3547864999854937,1378123.0
akciğer grafisi (COVID-QU-Ex),21241,1,1,yan_kanal,0.010318799992091954,1,8192,856037,3,2.567214,19381,1.331105799996294,1379235.0
akciğer grafisi (COVID-QU-Ex),21341,1,2,yan_kanal,0.01034470007289201,1,8192,855522,3,2.567214,22907,1.3886405999073759,1380160.0
akciğer grafisi (COVID-QU-Ex),21399,1,0,yan_kanal,0.010493200039491057,1,8192,855253,2,1.711476,11829,1.3397955999244004,1377208.0
akciğer grafisi (COVID-QU-Ex),21469,1,1,yan_kanal,0.010086099966429174,1,8192,855466,2,1.711476,12104,1.3437628999818116,1380135.0
akciğer grafisi (COVID-QU-Ex),21526,1,2,yan_kanal,0.01031039992813021,1,8192,856158,4,3.422952,25526,1.3712484000716358,1377838.0
akciğer grafisi (COVID-QU-Ex),21598,1,0,yan_kanal,0.010158299934118986,1,8192,855853,3,2.567214,20713,1.3297211000462994,1379200.0
akciğer grafisi (COVID-QU-Ex),21604,1,1,yan_kanal,0.01036529999691993,1,8192,856193,2,1.711476,12560,1.3412754000164568,1380493.0
akciğer grafisi (COVID-QU-Ex),21643,1,2,yan_kanal,0.010065599926747382,1,8192,855446,3,2.567214,19457,1.3462132998974994,1379404.0
akciğer grafisi (COVID-QU-Ex),21669,2,0,yan_kanal,0.010097000049427152,1,8192,855800,3,2.567214,17114,1.3306016999995336,1379424.0
akciğer grafisi (COVID-QU-Ex),21694,2,1,yan_kanal,0.010413900017738342,1,8192,856043,2,1.711476,13640,1.333432300016284,1380569.0
akciğer grafisi (COVID-QU-Ex),21715,2,1,yan_kanal,0.010213400004431605,1,8192,855084,3,2.567214,19793,1.3331553000025451,1378889.0
akciğer grafisi (COVID-QU-Ex),21885,2,1,yan_kanal,0.009995599975809455,1,8192,855884,2,1.711476,11064,1.3629322999622673,1380516.0
akciğer grafisi (COVID-QU-Ex),21889,2,2,yan_kanal,0.010102299973368645,1,8192,855371,3,2.567214,17084,1.338920500013046,1380552.0
akciğer grafisi (COVID-QU-Ex),21903,2,0,yan_kanal,0.010047200019471347,1,8192,855304,2,1.711476,14824,1.4341365000000224,1379420.0
akciğer grafisi (COVID-QU-Ex),22092,2,3,yan_kanal,0.010137700010091066,1,8192,855210,3,2.567214,19723,1.3514435000251979,1378387.0
akciğer grafisi (COVID-QU-Ex),22245,2,3,yan_kanal,0.010232600034214556,1,8192,855365,2,1.711476,14850,1.3326734999427572,1378197.0
akciğer grafisi (COVID-QU-Ex),22312,2,0,yan_kanal,0.010076000005938113,1,8192,855807,3,2.567214,17684,1.3329150000354275,1378402.0
akciğer grafisi (COVID-QU-Ex),22474,2,4,yan_kanal,0.010380499996244907,1,8192,855617,2,1.711476,12913,1.3311957999831066,1379461.0
akciğer grafisi (COVID-QU-Ex),22522,2,4,yan_kanal,0.010117600089870393,1,8192,856144,3,2.567214,17578,1.3327193000586703,1378682.0
akciğer grafisi (COVID-QU-Ex),22751,2,1,yan_kanal,0.01024370000232011,1,8192,855893,2,1.711476,13607,1.3346322999568656,1379762.0
akciğer grafisi (COVID-QU-Ex),22794,2,0,yan_kanal,0.010309600038453937,1,8192,854575,3,2.567214,16935,1.3296739000361413,1377302.0
akciğer grafisi (COVID-QU-Ex),22838,2,0,yan_kanal,0.010277700028382242,1,8192,856124,2,1.711476,13688,1.347105999942869,1379503.0
akciğer grafisi (COVID-QU-Ex),22929,2,2,yan_kanal,0.009814299992285669,1,8192,855652,2,1.711476,15691,1.342350099934265,1379591.0
akciğer grafisi (COVID-QU-Ex),22982,2,1,yan_kanal,0.011660799966193736,1,8192,855351,3,2.567214,16989,1.346187499933876,1377501.0
akciğer grafisi (COVID-QU-Ex),23109,2,1,yan_kanal,0.010447100037708879,1,8192,855470,2,1.711476,12353,1.3450568000553176,1378361.0
akciğer grafisi (COVID-QU-Ex),23149,2,2,yan_kanal,0.011129199992865324,1,8192,856192,3,2.567214,17423,1.3827880000462756,1380298.0
akciğer grafisi (COVID-QU-Ex),23405,2,1,yan_kanal,0.010358500061556697,1,8192,855454,4,3.422952,25957,1.3505580000346527,1379375.0
akciğer grafisi (COVID-QU-Ex),23413,2,2,yan_kanal,0.010279200039803982,1,8192,854380,2,1.711476,15865,1.329124900046736,1379375.0
akciğer grafisi (COVID-QU-Ex),23417,2,2,yan_kanal,0.010038199950940907,1,8192,855936,3,2.567214,20782,1.3374753000680357,1378912.0
akciğer grafisi (COVID-QU-Ex),23486,2,3,yan_kanal,0.010237499955110252,1,8192,855192,3,2.567214,24327,1.3411996000213549,1381066.0
akciğer grafisi (COVID-QU-Ex),23519,2,4,yan_kanal,0.010622800095006824,1,8192,855287,2,1.711476,15647,1.3410332000348717,1378584.0
akciğer grafisi (COVID-QU-Ex),23648,2,3,yan_kanal,0.010173500049859285,1,8192,855310,2,1.711476,15885,1.331396900000982,1377358.0
akciğer grafisi (COVID-QU-Ex),23653,2,4,yan_kanal,0.010398900019936264,1,8192,855656,3,2.567214,23723,1.3324331000912935,1379308.0
akciğer grafisi (COVID-QU-Ex),23687,2,0,yan_kanal,0.010574899963103235,1,8192,856133,2,1.711476,15622,1.3328643999993801,1380286.0
akciğer grafisi (COVID-QU-Ex),23751,2,3,yan_kanal,0.010114199947565794,1,8192,855436,2,1.711476,13002,1.337385099963285,1379656.0
akciğer grafisi (COVID-QU-Ex),23894,2,1,yan_kanal,0.010062300018034875,1,8192,855304,2,1.711476,9283,1.3484345999313518,1379415.0
akciğer grafisi (COVID-QU-Ex),24014,2,4,yan_kanal,0.00997120002284646,1,8192,855350,2,1.711476,15451,1.3287295999471098,1379763.0
akciğer grafisi (COVID-QU-Ex),24271,2,0,yan_kanal,0.010775499977171421,1,8192,855806,3,2.567214,19951,1.345460299984552,1380191.0
akciğer grafisi (COVID-QU-Ex),24309,2,3,yan_kanal,0.010086999973282218,1,8192,855839,3,2.567214,17969,1.3262555999681354,1379076.0
akciğer grafisi (COVID-QU-Ex),24349,2,3,yan_kanal,0.010120099992491305,1,8192,855715,2,1.711476,12979,1.3315029999939725,1379886.0
akciğer grafisi (COVID-QU-Ex),24358,2,4,yan_kanal,0.009938900009728968,1,8192,855356,3,2.567214,19154,1.3539143999805674,1379796.0
akciğer grafisi (COVID-QU-Ex),24506,2,0,yan_kanal,0.010035600047558546,1,8192,856060,3,2.567214,18948,1.329556299955584,1378025.0
akciğer grafisi (COVID-QU-Ex),24520,2,0,yan_kanal,0.010109799914062023,1,8192,855310,2,1.711476,13644,1.3303985999664292,1379637.0
akciğer grafisi (COVID-QU-Ex),24554,2,4,yan_kanal,0.009999900008551776,1,8192,855223,3,2.567214,19100,1.3257842999882996,1380836.0
akciğer grafisi (COVID-QU-Ex),24609,2,2,yan_kanal,0.010053699952550232,1,8192,856044,2,1.711476,12260,1.3344491000752896,1379748.0
akciğer grafisi (COVID-QU-Ex),24627,2,4,yan_kanal,0.0103386000264436,1,8192,856082,3,2.567214,18165,1.3368605999276042,1379494.0
akciğer grafisi (COVID-QU-Ex),24668,2,0,yan_kanal,0.010382000007666647,1,8192,856022,2,1.711476,11297,1.4228786000749096,1379835.0
akciğer grafisi (COVID-QU-Ex),24704,2,1,yan_kanal,0.010188599932007492,1,8192,855634,3,2.567214,22532,1.3461467999732122,1380390.0
akciğer grafisi (COVID-QU-Ex),24738,2,3,yan_kanal,0.010345699964091182,1,8192,856051,3,2.567214,18332,1.3625178000656888,1379394.0
akciğer grafisi (COVID-QU-Ex),24760,2,3,yan_kanal,0.010328999953344464,1,8192,856116,2,1.711476,15591,1.4291586999315768,1378812.0
akciğer grafisi (COVID-QU-Ex),24998,2,2,yan_kanal,0.01032240001950413,1,8192,855664,2,1.711476,13337,1.332970300107263,1375422.0
akciğer grafisi (COVID-QU-Ex),25221,2,4,yan_kanal,0.010037000058218837,1,8192,856178,2,1.711476,14874,1.34061469999142,1378134.0
akciğer grafisi (COVID-QU-Ex),25271,2,3,yan_kanal,0.00991469994187355,1,8192,855284,3,2.567214,19240,1.3356351000256836,1379339.0
akciğer grafisi (COVID-QU-Ex),25300,2,1,yan_kanal,0.010150799993425608,1,8192,856151,2,1.711476,13484,1.36010950000491,1378470.0
akciğer grafisi (COVID-QU-Ex),25308,2,2,yan_kanal,0.011555799981579185,1,8192,855537,2,1.711476,12196,1.3378800000064075,1379408.0
akciğer grafisi (COVID-QU-Ex),25360,2,3,yan_kanal,0.010638199979439378,1,8192,855691,2,1.711476,11436,1.3714701000135392,1380787.0
akciğer grafisi (COVID-QU-Ex),25459,2,1,yan_kanal,0.010393899981863797,1,8192,855811,2,1.711476,15788,1.332336000050418,1379611.0
akciğer grafisi (COVID-QU-Ex),25611,2,4,yan_kanal,0.010065999929793179,1,8192,855296,3,2.567214,18083,1.3563149999827147,1380631.0
akciğer grafisi (COVID-QU-Ex),25787,2,4,yan_kanal,0.010036200052127242,1,8192,856014,2,1.711476,13410,1.3343620999949053,1379640.0
akciğer grafisi (COVID-QU-Ex),25795,2,1,yan_kanal,0.010527800070121884,1,8192,856182,3,2.567214,21379,1.3294230999890715,1380674.0
akciğer grafisi (COVID-QU-Ex),25842,2,3,yan_kanal,0.01037869998253882,1,8192,856078,3,2.567214,20882,1.342865900020115,1379885.0
akciğer grafisi (COVID-QU-Ex),25892,2,1,yan_kanal,0.010019300039857626,1,8192,855807,3,2.567214,19577,1.3435461000772193,1379987.0
akciğer grafisi (COVID-QU-Ex),25895,2,1,yan_kanal,0.010251700063236058,1,8192,855515,2,1.711476,16242,1.3466934999451041,1378860.0
akciğer grafisi (COVID-QU-Ex),25991,2,4,yan_kanal,0.010558900074101985,1,8192,856206,2,1.711476,12769,1.3407952999696136,1377459.0
akciğer grafisi (COVID-QU-Ex),26112,2,2,yan_kanal,0.010717700002714992,1,8192,855905,2,1.711476,16252,1.3313514000037685,1377500.0
akciğer grafisi (COVID-QU-Ex),26115,2,2,yan_kanal,0.009970400016754866,1,8192,855977,3,2.567214,19883,1.3337218000087887,1377918.0
akciğer grafisi (COVID-QU-Ex),26133,2,3,yan_kanal,0.010213700006715953,1,8192,855668,2,1.711476,13839,1.3387020999798551,1377835.0
akciğer grafisi (COVID-QU-Ex),26205,2,4,yan_kanal,0.01018579991068691,1,8192,855329,2,1.711476,14324,1.3504346000263467,1379709.0
akciğer grafisi (COVID-QU-Ex),26415,2,1,yan_kanal,0.010758699965663254,1,8192,855535,3,2.567214,17992,1.369101700023748,1380933.0
akciğer grafisi (COVID-QU-Ex),26480,2,1,yan_kanal,0.010050399927422404,1,8192,855046,2,1.711476,14835,1.3282459999900311,1380049.0
akciğer grafisi (COVID-QU-Ex),26510,2,4,yan_kanal,0.010649899952113628,1,8192,855395,3,2.567214,16563,1.3451152000343427,1379700.0
akciğer grafisi (COVID-QU-Ex),26540,2,3,yan_kanal,0.010083800065331161,1,8192,855357,3,2.567214,17202,1.3650850999401882,1377249.0
akciğer grafisi (COVID-QU-Ex),26604,2,1,yan_kanal,0.010496400063857436,1,8192,855236,2,1.711476,14586,1.3471071999520063,1378374.0
akciğer grafisi (COVID-QU-Ex),26606,2,3,yan_kanal,0.010126000037416816,1,8192,855191,3,2.567214,22315,1.339852900011465,1379466.0
akciğer grafisi (COVID-QU-Ex),26718,2,1,yan_kanal,0.010062800021842122,1,8192,855083,2,1.711476,12759,1.329728199983947,1380591.0
akciğer grafisi (COVID-QU-Ex),26760,2,0,yan_kanal,0.01012230000924319,1,8192,855947,2,1.711476,15383,1.3391192000126466,1381006.0
akciğer grafisi (COVID-QU-Ex),26802,2,4,yan_kanal,0.010097699938341975,1,8192,856075,3,2.567214,21041,1.3399053000612184,1378635.0
akciğer grafisi (COVID-QU-Ex),26860,2,4,yan_kanal,0.010063400026410818,1,8192,854949,3,2.567214,21769,1.3310993000632152,1379327.0
akciğer grafisi (COVID-QU-Ex),26899,2,1,yan_kanal,0.010263099917210639,1,8192,855335,2,1.711476,12626,1.3415799000067636,1377061.0
akciğer grafisi (COVID-QU-Ex),27118,2,1,yan_kanal,0.010096700047142804,1,8192,855975,2,1.711476,14930,1.3360033999197185,1379444.0
akciğer grafisi (COVID-QU-Ex),27141,2,2,yan_kanal,0.010346999973990023,1,8192,856079,4,3.422952,25451,1.3341327999951318,1378287.0
akciğer grafisi (COVID-QU-Ex),27147,2,0,yan_kanal,0.010278600035235286,1,8192,855634,3,2.567214,16966,1.335519399959594,1378373.0
akciğer grafisi (COVID-QU-Ex),27205,2,1,yan_kanal,0.01032959995791316,1,8192,855479,2,1.711476,14241,1.3419850000645965,1379970.0
akciğer grafisi (COVID-QU-Ex),27235,2,4,yan_kanal,0.010216000024229288,1,8192,856258,3,2.567214,19134,1.3461531000211835,1380834.0
akciğer grafisi (COVID-QU-Ex),27272,2,1,yan_kanal,0.010099499952048063,1,8192,856056,2,1.711476,14318,1.3302930999780074,1378792.0
akciğer grafisi (COVID-QU-Ex),27336,2,0,yan_kanal,0.010082499939016998,1,8192,856060,2,1.711476,12379,1.3384821000508964,1378175.0
akciğer grafisi (COVID-QU-Ex),27347,2,0,yan_kanal,0.010109600028954446,1,8192,856149,3,2.567214,18189,1.3323523999424651,1379616.0
akciğer grafisi (COVID-QU-Ex),27438,2,1,yan_kanal,0.010588299948722124,1,8192,856075,3,2.567214,19354,1.3360479000257328,1380246.0
akciğer grafisi (COVID-QU-Ex),27465,2,4,yan_kanal,0.010765800019726157,1,8192,855045,2,1.711476,14584,1.3378613999811932,1377569.0
akciğer grafisi (COVID-QU-Ex),27510,2,2,yan_kanal,0.01021129998844117,1,8192,855877,2,1.711476,13364,1.3308825999265537,1378493.0
akciğer grafisi (COVID-QU-Ex),27574,2,0,yan_kanal,0.01016959990374744,1,8192,855422,3,2.567214,18049,1.3282110000727698,1378557.0
akciğer grafisi (COVID-QU-Ex),27670,2,0,yan_kanal,0.010086099966429174,1,8192,855701,3,2.567214,20796,1.3403516999678686,1380708.0
akciğer grafisi (COVID-QU-Ex),27734,2,0,yan_kanal,0.010179599979892373,1,8192,854556,2,1.711476,11924,1.346808600006625,1377118.0
akciğer grafisi (COVID-QU-Ex),27762,2,4,yan_kanal,0.010234200046397746,1,8192,855910,2,1.711476,13287,1.3492086000042036,1379339.0
akciğer grafisi (COVID-QU-Ex),27764,2,2,yan_kanal,0.009954500012099743,1,8192,855483,3,2.567214,19261,1.3372116000391543,1377345.0
akciğer grafisi (COVID-QU-Ex),27799,2,4,yan_kanal,0.01048959989566356,1,8192,855334,3,2.567214,18273,1.3921477000694722,1378007.0
akciğer grafisi (COVID-QU-Ex),27812,2,0,yan_kanal,0.011247699963860214,1,8192,856202,3,2.567214,21490,1.3317013999912888,1380371.0
akciğer grafisi (COVID-QU-Ex),27842,2,2,yan_kanal,0.01013099995907396,1,8192,855268,3,2.567214,17268,1.3269323999993503,1378104.0
akciğer grafisi (COVID-QU-Ex),27944,2,3,yan_kanal,0.010540000046603382,1,8192,855616,3,2.567214,18915,1.3301901000086218,1378464.0
akciğer grafisi (COVID-QU-Ex),27976,2,0,yan_kanal,0.01036830001976341,1,8192,856235,3,2.567214,16506,1.3481256000231951,1380370.0
akciğer grafisi (COVID-QU-Ex),28042,2,2,yan_kanal,0.01011350005865097,1,8192,855704,3,2.567214,21530,1.3394834999926388,1378616.0
akciğer grafisi (COVID-QU-Ex),28066,2,2,yan_kanal,0.010350800002925098,1,8192,855900,2,1.711476,14845,1.3370832999935374,1379505.0
akciğer grafisi (COVID-QU-Ex),28102,2,0,yan_kanal,0.010201400029473007,1,8192,855681,3,2.567214,20189,1.3438526999671012,1379039.0
akciğer grafisi (COVID-QU-Ex),28136,2,0,yan_kanal,0.010050500044599175,1,8192,856189,3,2.567214,20673,1.3412862000986934,1379611.0
akciğer grafisi (COVID-QU-Ex),28166,2,2,yan_kanal,0.010300399968400598,1,8192,855819,3,2.567214,21426,1.3330816000234336,1379555.0
akciğer grafisi (COVID-QU-Ex),28284,2,0,yan_kanal,0.010209099971689284,1,8192,856209,3,2.567214,18651,1.3368890000274405,1379510.0
akciğer grafisi (COVID-QU-Ex),28302,2,1,yan_kanal,0.010522000025957823,1,8192,855290,3,2.567214,21433,1.330659400089644,1379008.0
akciğer grafisi (COVID-QU-Ex),28320,2,1,yan_kanal,0.011059599928557873,1,8192,855766,2,1.711476,11878,1.3665072000585496,1379895.0
akciğer grafisi (COVID-QU-Ex),28367,2,0,yan_kanal,0.010117400088347495,1,8192,855362,2,1.711476,15354,1.3565678000450134,1378473.0
akciğer grafisi (COVID-QU-Ex),28490,2,1,yan_kanal,0.010007600067183375,1,8192,855575,3,2.567214,22792,1.3401834000833333,1379563.0
akciğer grafisi (COVID-QU-Ex),28533,0,4,yan_kanal,0.010065400041639805,1,8192,855283,2,1.711476,12253,1.3305259000044316,1379764.0
akciğer grafisi (COVID-QU-Ex),28674,0,3,yan_kanal,0.010592499980702996,1,8192,855328,2,1.711476,14500,1.348023800062947,1379802.0
akciğer grafisi (COVID-QU-Ex),28695,0,2,yan_kanal,0.010102299973368645,1,8192,855253,3,2.567214,20882,1.3382560999598354,1376978.0
akciğer grafisi (COVID-QU-Ex),28726,0,2,yan_kanal,0.010112400050275028,1,8192,856186,2,1.711476,15891,1.3296954000834376,1378961.0
akciğer grafisi (COVID-QU-Ex),28845,0,3,yan_kanal,0.010195999988354743,1,8192,856089,2,1.711476,11140,1.3369963000295684,1378783.0
akciğer grafisi (COVID-QU-Ex),28855,0,4,yan_kanal,0.01006450003478676,1,8192,856145,3,2.567214,20083,1.3304726000642404,1379705.0
akciğer grafisi (COVID-QU-Ex),28948,0,2,yan_kanal,0.010480100056156516,1,8192,855839,2,1.711476,12607,1.32738979998976,1378924.0
akciğer grafisi (COVID-QU-Ex),28985,0,2,yan_kanal,0.010141599923372269,1,8192,855206,2,1.711476,10732,1.329762600013055,1379607.0
akciğer grafisi (COVID-QU-Ex),29012,0,0,yan_kanal,0.010121900006197393,1,8192,856219,3,2.567214,20160,1.3496164000825956,1380496.0
akciğer grafisi (COVID-QU-Ex),29056,0,2,yan_kanal,0.010905599920079112,1,8192,856095,2,1.711476,9228,1.3331349999643862,1379650.0
akciğer grafisi (COVID-QU-Ex),29143,0,4,yan_kanal,0.01031639997381717,1,8192,856127,2,1.711476,13493,1.3518801999744028,1378417.0
akciğer grafisi (COVID-QU-Ex),29209,0,4,yan_kanal,0.010646500042639673,1,8192,856029,2,1.711476,12426,1.3354270999552682,1379642.0
akciğer grafisi (COVID-QU-Ex),29409,0,1,yan_kanal,0.010406399960629642,1,8192,856073,3,2.567214,18391,1.3314639999298379,1380318.0
akciğer grafisi (COVID-QU-Ex),29518,0,1,yan_kanal,0.010708700050599873,1,8192,855954,2,1.711476,11942,1.3516599000431597,1379471.0
akciğer grafisi (COVID-QU-Ex),29636,0,2,yan_kanal,0.010003700037486851,1,8192,855361,3,2.567214,17115,1.342493399977684,1378356.0
akciğer grafisi (COVID-QU-Ex),29651,0,2,yan_kanal,0.010315400082617998,1,8192,856109,3,2.567214,20981,1.3412581000011414,1380385.0
akciğer grafisi (COVID-QU-Ex),29816,0,2,yan_kanal,0.010115499957464635,1,8192,855684,2,1.711476,10163,1.3410664999391884,1377885.0
akciğer grafisi (COVID-QU-Ex),29904,0,1,yan_kanal,0.010208899970166385,1,8192,855916,3,2.567214,23680,1.332706900080666,1379088.0
akciğer grafisi (COVID-QU-Ex),30027,0,0,yan_kanal,0.010337600018829107,1,8192,856268,3,2.567214,18320,1.327393400017172,1378535.0
akciğer grafisi (COVID-QU-Ex),30054,0,0,yan_kanal,0.010379499988630414,1,8192,855551,3,2.567214,18597,1.3324613999575377,1379310.0
akciğer grafisi (COVID-QU-Ex),30150,0,3,yan_kanal,0.010009799967519939,1,8192,855508,2,1.711476,10255,1.3298161999555305,1379318.0
akciğer grafisi (COVID-QU-Ex),30184,0,2,yan_kanal,0.010115399956703186,1,8192,855386,2,1.711476,14119,1.3411916000768542,1379217.0
akciğer grafisi (COVID-QU-Ex),30318,0,3,yan_kanal,0.010137400007806718,1,8192,856320,2,1.711476,11402,1.3386824000626802,1379511.0
akciğer grafisi (COVID-QU-Ex),30331,0,1,yan_kanal,0.01041580003220588,1,8192,856099,2,1.711476,12174,1.3490822999738157,1379811.0
akciğer grafisi (COVID-QU-Ex),30443,1,2,yan_kanal,0.010438399971462786,1,8192,856233,3,2.567214,18570,1.3484374000690877,1379236.0
akciğer grafisi (COVID-QU-Ex),30668,1,4,yan_kanal,0.010108100017532706,1,8192,855986,2,1.711476,9168,1.3423939000349492,1377899.0
akciğer grafisi (COVID-QU-Ex),30705,1,4,yan_kanal,0.010604799957945943,1,8192,856051,2,1.711476,13156,1.334561700001359,1379894.0
akciğer grafisi (COVID-QU-Ex),30737,1,4,yan_kanal,0.010144999949261546,1,8192,856073,2,1.711476,13144,1.3333921999437734,1379910.0
akciğer grafisi (COVID-QU-Ex),30805,1,3,yan_kanal,0.010180799989029765,1,8192,856137,3,2.567214,21809,1.3443969000363722,1378886.0
akciğer grafisi (COVID-QU-Ex),30871,1,1,yan_kanal,0.010592399979941547,1,8192,856059,2,1.711476,11782,1.349080599960871,1378274.0
akciğer grafisi (COVID-QU-Ex),30944,1,3,yan_kanal,0.010230300016701221,1,8192,855841,2,1.711476,15251,1.3551784999435768,1376772.0
akciğer grafisi (COVID-QU-Ex),30980,1,2,yan_kanal,0.010087700095027685,1,8192,855442,3,2.567214,24450,1.3431837999960408,1380349.0
akciğer grafisi (COVID-QU-Ex),30985,1,3,yan_kanal,0.01065300009213388,1,8192,855438,1,0.855738,6962,1.336470799986273,1378255.0
akciğer grafisi (COVID-QU-Ex),31074,1,3,yan_kanal,0.01017120003234595,1,8192,855537,3,2.567214,21325,1.3473539999686182,1379818.0
akciğer grafisi (COVID-QU-Ex),31113,1,4,yan_kanal,0.010121900006197393,1,8192,856008,2,1.711476,15650,1.3349736999953166,1380059.0
akciğer grafisi (COVID-QU-Ex),31155,1,0,yan_kanal,0.010096200043335557,1,8192,855213,3,2.567214,19173,1.3410638999193907,1377592.0
akciğer grafisi (COVID-QU-Ex),31199,1,3,yan_kanal,0.01004540000576526,1,8192,855415,2,1.711476,11351,1.3385522000025958,1378572.0
akciğer grafisi (COVID-QU-Ex),31271,1,0,yan_kanal,0.010094600031152368,1,8192,855472,2,1.711476,9815,1.345022900030017,1378881.0
akciğer grafisi (COVID-QU-Ex),31300,1,2,yan_kanal,0.011463299975730479,1,8192,855902,3,2.567214,17089,1.4211167000466958,1376961.0
akciğer grafisi (COVID-QU-Ex),31416,1,3,yan_kanal,0.01101719995494932,1,8192,855145,3,2.567214,17635,1.3367987999226898,1380357.0
akciğer grafisi (COVID-QU-Ex),31437,1,4,yan_kanal,0.010218300041742623,1,8192,855739,3,2.567214,18005,1.3839376999530941,1378617.0
akciğer grafisi (COVID-QU-Ex),31569,1,2,yan_kanal,0.010451599955558777,1,8192,855545,2,1.711476,12143,1.3430052999174222,1379003.0
akciğer grafisi (COVID-QU-Ex),31651,1,4,yan_kanal,0.010123500018380582,1,8192,855793,3,2.567214,17705,1.3553610000526533,1379006.0
akciğer grafisi (COVID-QU-Ex),31700,1,0,yan_kanal,0.010438999976031482,1,8192,854463,2,1.711476,15336,1.3313008000841364,1377392.0
akciğer grafisi (COVID-QU-Ex),31704,1,3,yan_kanal,0.01004369999282062,1,8192,856119,2,1.711476,15376,1.3512535999761894,1380321.0
akciğer grafisi (COVID-QU-Ex),31717,1,0,yan_kanal,0.01038879994302988,1,8192,855931,2,1.711476,16179,1.362393599934876,1378882.0
akciğer grafisi (COVID-QU-Ex),31723,1,2,yan_kanal,0.01052080001682043,1,8192,855170,2,1.711476,9941,1.332362600020133,1379445.0
akciğer grafisi (COVID-QU-Ex),31792,1,2,yan_kanal,0.010331900091841817,1,8192,855201,2,1.711476,10859,1.3571599998977035,1379420.0
akciğer grafisi (COVID-QU-Ex),31795,1,4,yan_kanal,0.010163400089368224,1,8192,855667,2,1.711476,12182,1.3421291999984533,1380853.0
akciğer grafisi (COVID-QU-Ex),31878,1,3,yan_kanal,0.010471099987626076,1,8192,855476,2,1.711476,12114,1.3290591000113636,1380903.0
akciğer grafisi (COVID-QU-Ex),32080,1,0,yan_kanal,0.010972000076435506,1,8192,855066,2,1.711476,11453,1.3472112000454217,1379709.0
akciğer grafisi (COVID-QU-Ex),32096,1,2,yan_kanal,0.01026910007931292,1,8192,855464,2,1.711476,16372,1.3287724000401795,1380230.0
akciğer grafisi (COVID-QU-Ex),32210,2,3,yan_kanal,0.01048830000218004,1,8192,854387,2,1.711476,10906,1.3271040000254288,1378917.0
akciğer grafisi (COVID-QU-Ex),32240,2,2,yan_kanal,0.011130700004287064,1,8192,856145,3,2.567214,20759,1.5269239000044763,1380551.0
akciğer grafisi (COVID-QU-Ex),32320,2,2,yan_kanal,0.010137900011613965,1,8192,855618,3,2.567214,21211,1.3374446999514475,1377325.0
akciğer grafisi (COVID-QU-Ex),32327,2,4,yan_kanal,0.010248900041915476,1,8192,855574,2,1.711476,15567,1.3413535000290722,1380677.0
akciğer grafisi (COVID-QU-Ex),32471,2,4,yan_kanal,0.010010399972088635,1,8192,855466,3,2.567214,19129,1.3355663999682292,1378431.0
akciğer grafisi (COVID-QU-Ex),32530,2,2,yan_kanal,0.009855699958279729,1,8192,856038,3,2.567214,22140,1.3346577000338584,1378670.0
akciğer grafisi (COVID-QU-Ex),32544,2,1,yan_kanal,0.010267599951475859,1,8192,856064,3,2.567214,23145,1.369508699979633,1378926.0
akciğer grafisi (COVID-QU-Ex),32556,2,0,yan_kanal,0.010049200034700334,1,8192,855288,3,2.567214,20656,1.3498842000262812,1379227.0
akciğer grafisi (COVID-QU-Ex),32607,2,4,yan_kanal,0.010214800015091896,1,8192,855984,2,1.711476,15036,1.3304482999956235,1379782.0
akciğer grafisi (COVID-QU-Ex),32635,2,2,yan_kanal,0.010595800005830824,1,8192,855267,3,2.567214,20852,1.3715609998907894,1380378.0
akciğer grafisi (COVID-QU-Ex),32674,2,2,yan_kanal,0.010086600086651742,1,8192,856293,2,1.711476,13852,1.332773800007999,1379606.0
akciğer grafisi (COVID-QU-Ex),32807,2,4,yan_kanal,0.010029800003394485,1,8192,855323,3,2.567214,20196,1.3319577000802383,1378303.0
akciğer grafisi (COVID-QU-Ex),32894,2,3,yan_kanal,0.010078200022689998,1,8192,855798,2,1.711476,13122,1.3290873999940231,1379963.0
akciğer grafisi (COVID-QU-Ex),32932,2,3,yan_kanal,0.01011360005941242,1,8192,855840,3,2.567214,18017,1.3611444000853226,1379474.0
akciğer grafisi (COVID-QU-Ex),32938,2,4,yan_kanal,0.01009430002886802,1,8192,855664,2,1.711476,12040,1.3966683999169618,1379458.0
akciğer grafisi (COVID-QU-Ex),33048,2,1,yan_kanal,0.010743199964053929,1,8192,856197,3,2.567214,17855,1.3501922000432387,1379121.0
akciğer grafisi (COVID-QU-Ex),33060,2,3,yan_kanal,0.010132299968972802,1,8192,856146,2,1.711476,16159,1.3581041999859735,1379718.0
akciğer grafisi (COVID-QU-Ex),33306,2,0,yan_kanal,0.010454200091771781,1,8192,855389,3,2.567214,21637,1.3401594000170007,1379651.0
akciğer grafisi (COVID-QU-Ex),33315,2,3,yan_kanal,0.01056379999499768,1,8192,855262,3,2.567214,22590,1.3305370999732986,1378305.0
akciğer grafisi (COVID-QU-Ex),33416,2,3,yan_kanal,0.010070199961774051,1,8192,854681,2,1.711476,8232,1.3388409001054242,1379686.0
akciğer grafisi (COVID-QU-Ex),33431,2,0,yan_kanal,0.010190199944190681,1,8192,856086,3,2.567214,21015,1.33933570003137,1376678.0
akciğer grafisi (COVID-QU-Ex),33720,2,2,yan_kanal,0.010289300000295043,1,8192,856021,3,2.567214,21347,1.3442142000421882,1378594.0
akciğer grafisi (COVID-QU-Ex),33829,2,4,yan_kanal,0.010030700010247529,1,8192,856144,3,2.567214,20379,1.330837200046517,1379022.0
akciğer grafisi (COVID-QU-Ex),33881,2,3,yan_kanal,0.010338899912312627,1,8192,856219,3,2.567214,16948,1.3311136000556871,1379659.0
