anahtar,tohum,gercek,tahmin,sayi
A_beyin_girdi_boyutu,0,Meningiom,Meningiom,0
A_beyin_girdi_boyutu,0,Meningiom,Gliom,708
A_beyin_girdi_boyutu,0,Meningiom,Hipofiz tümörü,0
A_beyin_girdi_boyutu,0,Gliom,Meningiom,0
A_beyin_girdi_boyutu,0,Gliom,Gliom,1426
A_beyin_girdi_boyutu,0,Gliom,Hipofiz tümörü,0
A_beyin_girdi_boyutu,0,Hipofiz tümörü,Meningiom,0
A_beyin_girdi_boyutu,0,Hipofiz tümörü,Gliom,930
A_beyin_girdi_boyutu,0,Hipofiz tümörü,Hipofiz tümörü,0
A_beyin_girdi_boyutu,1,Meningiom,Meningiom,0
A_beyin_girdi_boyutu,1,Meningiom,Gliom,708
A_beyin_girdi_boyutu,1,Meningiom,Hipofiz tümörü,0
A_beyin_girdi_boyutu,1,Gliom,Meningiom,0
A_beyin_girdi_boyutu,1,Gliom,Gliom,1426
A_beyin_girdi_boyutu,1,Gliom,Hipofiz tümörü,0
A_beyin_girdi_boyutu,1,Hipofiz tümörü,Meningiom,0
A_beyin_girdi_boyutu,1,Hipofiz tümörü,Gliom,930
A_beyin_girdi_boyutu,1,Hipofiz tümörü,Hipofiz tümörü,0
A_beyin_girdi_boyutu,2,Meningiom,Meningiom,0
A_beyin_girdi_boyutu,2,Meningiom,Gliom,708
A_beyin_girdi_boyutu,2,Meningiom,Hipofiz tümörü,0
A_beyin_girdi_boyutu,2,Gliom,Meningiom,0
A_beyin_girdi_boyutu,2,Gliom,Gliom,1426
A_beyin_girdi_boyutu,2,Gliom,Hipofiz tümörü,0
A_beyin_girdi_boyutu,2,Hipofiz tümörü,Meningiom,0
A_beyin_girdi_boyutu,2,Hipofiz tümörü,Gliom,930
A_beyin_girdi_boyutu,2,Hipofiz tümörü,Hipofiz tümörü,0
A_beyin_girdi_boyutu,3,Meningiom,Meningiom,0
A_beyin_girdi_boyutu,3,Meningiom,Gliom,708
A_beyin_girdi_boyutu,3,Meningiom,Hipofiz tümörü,0
A_beyin_girdi_boyutu,3,Gliom,Meningiom,0
A_beyin_girdi_boyutu,3,Gliom,Gliom,1426
A_beyin_girdi_boyutu,3,Gliom,Hipofiz tümörü,0
A_beyin_girdi_boyutu,3,Hipofiz tümörü,Meningiom,0
A_beyin_girdi_boyutu,3,Hipofiz tümörü,Gliom,930
A_beyin_girdi_boyutu,3,Hipofiz tümörü,Hipofiz tümörü,0
A_beyin_girdi_boyutu,4,Meningiom,Meningiom,0
A_beyin_girdi_boyutu,4,Meningiom,Gliom,708
A_beyin_girdi_boyutu,4,Meningiom,Hipofiz tümörü,0
A_beyin_girdi_boyutu,4,Gliom,Meningiom,0
A_beyin_girdi_boyutu,4,Gliom,Gliom,1426
A_beyin_girdi_boyutu,4,Gliom,Hipofiz tümörü,0
A_beyin_girdi_boyutu,4,Hipofiz tümörü,Meningiom,0
A_beyin_girdi_boyutu,4,Hipofiz tümörü,Gliom,930
A_beyin_girdi_boyutu,4,Hipofiz tümörü,Hipofiz tümörü,0
A_beyin_konum,0,Meningiom,Meningiom,174
A_beyin_konum,0,Meningiom,Gliom,433
A_beyin_konum,0,Meningiom,Hipofiz tümörü,101
A_beyin_konum,0,Gliom,Meningiom,242
A_beyin_konum,0,Gliom,Gliom,1071
A_beyin_konum,0,Gliom,Hipofiz tümörü,113
A_beyin_konum,0,Hipofiz tümörü,Meningiom,62
A_beyin_konum,0,Hipofiz tümörü,Gliom,118
A_beyin_konum,0,Hipofiz tümörü,Hipofiz tümörü,750
A_beyin_konum,1,Meningiom,Meningiom,174
A_beyin_konum,1,Meningiom,Gliom,433
A_beyin_konum,1,Meningiom,Hipofiz tümörü,101
A_beyin_konum,1,Gliom,Meningiom,242
A_beyin_konum,1,Gliom,Gliom,1071
A_beyin_konum,1,Gliom,Hipofiz tümörü,113
A_beyin_konum,1,Hipofiz tümörü,Meningiom,62
A_beyin_konum,1,Hipofiz tümörü,Gliom,118
A_beyin_konum,1,Hipofiz tümörü,Hipofiz tümörü,750
A_beyin_konum,2,Meningiom,Meningiom,174
A_beyin_konum,2,Meningiom,Gliom,433
A_beyin_konum,2,Meningiom,Hipofiz tümörü,101
A_beyin_konum,2,Gliom,Meningiom,242
A_beyin_konum,2,Gliom,Gliom,1071
A_beyin_konum,2,Gliom,Hipofiz tümörü,113
A_beyin_konum,2,Hipofiz tümörü,Meningiom,62
A_beyin_konum,2,Hipofiz tümörü,Gliom,118
A_beyin_konum,2,Hipofiz tümörü,Hipofiz tümörü,750
A_beyin_konum,3,Meningiom,Meningiom,174
A_beyin_konum,3,Meningiom,Gliom,433
A_beyin_konum,3,Meningiom,Hipofiz tümörü,101
A_beyin_konum,3,Gliom,Meningiom,242
A_beyin_konum,3,Gliom,Gliom,1071
A_beyin_konum,3,Gliom,Hipofiz tümörü,113
A_beyin_konum,3,Hipofiz tümörü,Meningiom,62
A_beyin_konum,3,Hipofiz tümörü,Gliom,118
A_beyin_konum,3,Hipofiz tümörü,Hipofiz tümörü,750
A_beyin_konum,4,Meningiom,Meningiom,174
A_beyin_konum,4,Meningiom,Gliom,433
A_beyin_konum,4,Meningiom,Hipofiz tümörü,101
A_beyin_konum,4,Gliom,Meningiom,242
A_beyin_konum,4,Gliom,Gliom,1071
A_beyin_konum,4,Gliom,Hipofiz tümörü,113
A_beyin_konum,4,Hipofiz tümörü,Meningiom,62
A_beyin_konum,4,Hipofiz tümörü,Gliom,118
A_beyin_konum,4,Hipofiz tümörü,Hipofiz tümörü,750
A_beyin_buyukluk,0,Meningiom,Meningiom,138
A_beyin_buyukluk,0,Meningiom,Gliom,352
A_beyin_buyukluk,0,Meningiom,Hipofiz tümörü,218
A_beyin_buyukluk,0,Gliom,Meningiom,210
A_beyin_buyukluk,0,Gliom,Gliom,930
A_beyin_buyukluk,0,Gliom,Hipofiz tümörü,286
A_beyin_buyukluk,0,Hipofiz tümörü,Meningiom,100
A_beyin_buyukluk,0,Hipofiz tümörü,Gliom,240
A_beyin_buyukluk,0,Hipofiz tümörü,Hipofiz tümörü,590
A_beyin_buyukluk,1,Meningiom,Meningiom,138
A_beyin_buyukluk,1,Meningiom,Gliom,352
A_beyin_buyukluk,1,Meningiom,Hipofiz tümörü,218
A_beyin_buyukluk,1,Gliom,Meningiom,210
A_beyin_buyukluk,1,Gliom,Gliom,930
A_beyin_buyukluk,1,Gliom,Hipofiz tümörü,286
A_beyin_buyukluk,1,Hipofiz tümörü,Meningiom,100
A_beyin_buyukluk,1,Hipofiz tümörü,Gliom,240
A_beyin_buyukluk,1,Hipofiz tümörü,Hipofiz tümörü,590
A_beyin_buyukluk,2,Meningiom,Meningiom,138
A_beyin_buyukluk,2,Meningiom,Gliom,352
A_beyin_buyukluk,2,Meningiom,Hipofiz tümörü,218
A_beyin_buyukluk,2,Gliom,Meningiom,210
A_beyin_buyukluk,2,Gliom,Gliom,930
A_beyin_buyukluk,2,Gliom,Hipofiz tümörü,286
A_beyin_buyukluk,2,Hipofiz tümörü,Meningiom,100
A_beyin_buyukluk,2,Hipofiz tümörü,Gliom,240
A_beyin_buyukluk,2,Hipofiz tümörü,Hipofiz tümörü,590
A_beyin_buyukluk,3,Meningiom,Meningiom,138
A_beyin_buyukluk,3,Meningiom,Gliom,352
A_beyin_buyukluk,3,Meningiom,Hipofiz tümörü,218
A_beyin_buyukluk,3,Gliom,Meningiom,210
A_beyin_buyukluk,3,Gliom,Gliom,930
A_beyin_buyukluk,3,Gliom,Hipofiz tümörü,286
A_beyin_buyukluk,3,Hipofiz tümörü,Meningiom,100
A_beyin_buyukluk,3,Hipofiz tümörü,Gliom,240
A_beyin_buyukluk,3,Hipofiz tümörü,Hipofiz tümörü,590
A_beyin_buyukluk,4,Meningiom,Meningiom,138
A_beyin_buyukluk,4,Meningiom,Gliom,352
A_beyin_buyukluk,4,Meningiom,Hipofiz tümörü,218
A_beyin_buyukluk,4,Gliom,Meningiom,210
A_beyin_buyukluk,4,Gliom,Gliom,930
A_beyin_buyukluk,4,Gliom,Hipofiz tümörü,286
A_beyin_buyukluk,4,Hipofiz tümörü,Meningiom,100
A_beyin_buyukluk,4,Hipofiz tümörü,Gliom,240
A_beyin_buyukluk,4,Hipofiz tümörü,Hipofiz tümörü,590
A_beyin_sekil,0,Meningiom,Meningiom,171
A_beyin_sekil,0,Meningiom,Gliom,347
A_beyin_sekil,0,Meningiom,Hipofiz tümörü,190
A_beyin_sekil,0,Gliom,Meningiom,224
A_beyin_sekil,0,Gliom,Gliom,963
A_beyin_sekil,0,Gliom,Hipofiz tümörü,239
A_beyin_sekil,0,Hipofiz tümörü,Meningiom,110
A_beyin_sekil,0,Hipofiz tümörü,Gliom,242
A_beyin_sekil,0,Hipofiz tümörü,Hipofiz tümörü,578
A_beyin_sekil,1,Meningiom,Meningiom,171
A_beyin_sekil,1,Meningiom,Gliom,347
A_beyin_sekil,1,Meningiom,Hipofiz tümörü,190
A_beyin_sekil,1,Gliom,Meningiom,224
A_beyin_sekil,1,Gliom,Gliom,963
A_beyin_sekil,1,Gliom,Hipofiz tümörü,239
A_beyin_sekil,1,Hipofiz tümörü,Meningiom,110
A_beyin_sekil,1,Hipofiz tümörü,Gliom,242
A_beyin_sekil,1,Hipofiz tümörü,Hipofiz tümörü,578
A_beyin_sekil,2,Meningiom,Meningiom,171
A_beyin_sekil,2,Meningiom,Gliom,347
A_beyin_sekil,2,Meningiom,Hipofiz tümörü,190
A_beyin_sekil,2,Gliom,Meningiom,224
A_beyin_sekil,2,Gliom,Gliom,963
A_beyin_sekil,2,Gliom,Hipofiz tümörü,239
A_beyin_sekil,2,Hipofiz tümörü,Meningiom,110
A_beyin_sekil,2,Hipofiz tümörü,Gliom,242
A_beyin_sekil,2,Hipofiz tümörü,Hipofiz tümörü,578
A_beyin_sekil,3,Meningiom,Meningiom,171
A_beyin_sekil,3,Meningiom,Gliom,347
A_beyin_sekil,3,Meningiom,Hipofiz tümörü,190
A_beyin_sekil,3,Gliom,Meningiom,224
A_beyin_sekil,3,Gliom,Gliom,963
A_beyin_sekil,3,Gliom,Hipofiz tümörü,239
A_beyin_sekil,3,Hipofiz tümörü,Meningiom,110
A_beyin_sekil,3,Hipofiz tümörü,Gliom,242
A_beyin_sekil,3,Hipofiz tümörü,Hipofiz tümörü,578
A_beyin_sekil,4,Meningiom,Meningiom,171
A_beyin_sekil,4,Meningiom,Gliom,347
A_beyin_sekil,4,Meningiom,Hipofiz tümörü,190
A_beyin_sekil,4,Gliom,Meningiom,224
A_beyin_sekil,4,Gliom,Gliom,963
A_beyin_sekil,4,Gliom,Hipofiz tümörü,239
A_beyin_sekil,4,Hipofiz tümörü,Meningiom,110
A_beyin_sekil,4,Hipofiz tümörü,Gliom,242
A_beyin_sekil,4,Hipofiz tümörü,Hipofiz tümörü,578
A_beyin_tumu,0,Meningiom,Meningiom,238
A_beyin_tumu,0,Meningiom,Gliom,369
A_beyin_tumu,0,Meningiom,Hipofiz tümörü,101
A_beyin_tumu,0,Gliom,Meningiom,225
A_beyin_tumu,0,Gliom,Gliom,1090
A_beyin_tumu,0,Gliom,Hipofiz tümörü,111
A_beyin_tumu,0,Hipofiz tümörü,Meningiom,51
A_beyin_tumu,0,Hipofiz tümörü,Gliom,94
A_beyin_tumu,0,Hipofiz tümörü,Hipofiz tümörü,785
A_beyin_tumu,1,Meningiom,Meningiom,238
A_beyin_tumu,1,Meningiom,Gliom,369
A_beyin_tumu,1,Meningiom,Hipofiz tümörü,101
A_beyin_tumu,1,Gliom,Meningiom,225
A_beyin_tumu,1,Gliom,Gliom,1090
A_beyin_tumu,1,Gliom,Hipofiz tümörü,111
A_beyin_tumu,1,Hipofiz tümörü,Meningiom,51
A_beyin_tumu,1,Hipofiz tümörü,Gliom,94
A_beyin_tumu,1,Hipofiz tümörü,Hipofiz tümörü,785
A_beyin_tumu,2,Meningiom,Meningiom,238
A_beyin_tumu,2,Meningiom,Gliom,369
A_beyin_tumu,2,Meningiom,Hipofiz tümörü,101
A_beyin_tumu,2,Gliom,Meningiom,225
A_beyin_tumu,2,Gliom,Gliom,1090
A_beyin_tumu,2,Gliom,Hipofiz tümörü,111
A_beyin_tumu,2,Hipofiz tümörü,Meningiom,51
A_beyin_tumu,2,Hipofiz tümörü,Gliom,94
A_beyin_tumu,2,Hipofiz tümörü,Hipofiz tümörü,785
A_beyin_tumu,3,Meningiom,Meningiom,238
A_beyin_tumu,3,Meningiom,Gliom,369
A_beyin_tumu,3,Meningiom,Hipofiz tümörü,101
A_beyin_tumu,3,Gliom,Meningiom,225
A_beyin_tumu,3,Gliom,Gliom,1090
A_beyin_tumu,3,Gliom,Hipofiz tümörü,111
A_beyin_tumu,3,Hipofiz tümörü,Meningiom,51
A_beyin_tumu,3,Hipofiz tümörü,Gliom,94
A_beyin_tumu,3,Hipofiz tümörü,Hipofiz tümörü,785
A_beyin_tumu,4,Meningiom,Meningiom,238
A_beyin_tumu,4,Meningiom,Gliom,369
A_beyin_tumu,4,Meningiom,Hipofiz tümörü,101
A_beyin_tumu,4,Gliom,Meningiom,225
A_beyin_tumu,4,Gliom,Gliom,1090
A_beyin_tumu,4,Gliom,Hipofiz tümörü,111
A_beyin_tumu,4,Hipofiz tümörü,Meningiom,51
A_beyin_tumu,4,Hipofiz tümörü,Gliom,94
A_beyin_tumu,4,Hipofiz tümörü,Hipofiz tümörü,785
A_covidqu_konum,0,COVID-19,COVID-19,1307
A_covidqu_konum,0,COVID-19,COVID dışı pnömoni,437
A_covidqu_konum,0,COVID-19,Normal,651
A_covidqu_konum,0,COVID dışı pnömoni,COVID-19,770
A_covidqu_konum,0,COVID dışı pnömoni,COVID dışı pnömoni,950
A_covidqu_konum,0,COVID dışı pnömoni,Normal,533
A_covidqu_konum,0,Normal,COVID-19,429
A_covidqu_konum,0,Normal,COVID dışı pnömoni,319
A_covidqu_konum,0,Normal,Normal,1392
A_covidqu_konum,1,COVID-19,COVID-19,1288
A_covidqu_konum,1,COVID-19,COVID dışı pnömoni,445
A_covidqu_konum,1,COVID-19,Normal,662
A_covidqu_konum,1,COVID dışı pnömoni,COVID-19,743
A_covidqu_konum,1,COVID dışı pnömoni,COVID dışı pnömoni,984
A_covidqu_konum,1,COVID dışı pnömoni,Normal,526
A_covidqu_konum,1,Normal,COVID-19,396
A_covidqu_konum,1,Normal,COVID dışı pnömoni,345
A_covidqu_konum,1,Normal,Normal,1399
A_covidqu_konum,2,COVID-19,COVID-19,1297
A_covidqu_konum,2,COVID-19,COVID dışı pnömoni,449
A_covidqu_konum,2,COVID-19,Normal,649
A_covidqu_konum,2,COVID dışı pnömoni,COVID-19,755
A_covidqu_konum,2,COVID dışı pnömoni,COVID dışı pnömoni,959
A_covidqu_konum,2,COVID dışı pnömoni,Normal,539
A_covidqu_konum,2,Normal,COVID-19,404
A_covidqu_konum,2,Normal,COVID dışı pnömoni,333
A_covidqu_konum,2,Normal,Normal,1403
A_covidqu_konum,3,COVID-19,COVID-19,1309
A_covidqu_konum,3,COVID-19,COVID dışı pnömoni,445
A_covidqu_konum,3,COVID-19,Normal,641
A_covidqu_konum,3,COVID dışı pnömoni,COVID-19,760
A_covidqu_konum,3,COVID dışı pnömoni,COVID dışı pnömoni,962
A_covidqu_konum,3,COVID dışı pnömoni,Normal,531
A_covidqu_konum,3,Normal,COVID-19,402
A_covidqu_konum,3,Normal,COVID dışı pnömoni,326
A_covidqu_konum,3,Normal,Normal,1412
A_covidqu_konum,4,COVID-19,COVID-19,1312
A_covidqu_konum,4,COVID-19,COVID dışı pnömoni,452
A_covidqu_konum,4,COVID-19,Normal,631
A_covidqu_konum,4,COVID dışı pnömoni,COVID-19,772
A_covidqu_konum,4,COVID dışı pnömoni,COVID dışı pnömoni,959
A_covidqu_konum,4,COVID dışı pnömoni,Normal,522
A_covidqu_konum,4,Normal,COVID-19,426
A_covidqu_konum,4,Normal,COVID dışı pnömoni,327
A_covidqu_konum,4,Normal,Normal,1387
A_covidqu_buyukluk,0,COVID-19,COVID-19,1414
A_covidqu_buyukluk,0,COVID-19,COVID dışı pnömoni,342
A_covidqu_buyukluk,0,COVID-19,Normal,639
A_covidqu_buyukluk,0,COVID dışı pnömoni,COVID-19,701
A_covidqu_buyukluk,0,COVID dışı pnömoni,COVID dışı pnömoni,1152
A_covidqu_buyukluk,0,COVID dışı pnömoni,Normal,400
A_covidqu_buyukluk,0,Normal,COVID-19,488
A_covidqu_buyukluk,0,Normal,COVID dışı pnömoni,322
A_covidqu_buyukluk,0,Normal,Normal,1330
A_covidqu_buyukluk,1,COVID-19,COVID-19,1410
A_covidqu_buyukluk,1,COVID-19,COVID dışı pnömoni,358
A_covidqu_buyukluk,1,COVID-19,Normal,627
A_covidqu_buyukluk,1,COVID dışı pnömoni,COVID-19,694
A_covidqu_buyukluk,1,COVID dışı pnömoni,COVID dışı pnömoni,1179
A_covidqu_buyukluk,1,COVID dışı pnömoni,Normal,380
A_covidqu_buyukluk,1,Normal,COVID-19,493
A_covidqu_buyukluk,1,Normal,COVID dışı pnömoni,345
A_covidqu_buyukluk,1,Normal,Normal,1302
A_covidqu_buyukluk,2,COVID-19,COVID-19,1449
A_covidqu_buyukluk,2,COVID-19,COVID dışı pnömoni,341
A_covidqu_buyukluk,2,COVID-19,Normal,605
A_covidqu_buyukluk,2,COVID dışı pnömoni,COVID-19,689
A_covidqu_buyukluk,2,COVID dışı pnömoni,COVID dışı pnömoni,1161
A_covidqu_buyukluk,2,COVID dışı pnömoni,Normal,403
A_covidqu_buyukluk,2,Normal,COVID-19,519
A_covidqu_buyukluk,2,Normal,COVID dışı pnömoni,314
A_covidqu_buyukluk,2,Normal,Normal,1307
A_covidqu_buyukluk,3,COVID-19,COVID-19,1452
A_covidqu_buyukluk,3,COVID-19,COVID dışı pnömoni,341
A_covidqu_buyukluk,3,COVID-19,Normal,602
A_covidqu_buyukluk,3,COVID dışı pnömoni,COVID-19,683
A_covidqu_buyukluk,3,COVID dışı pnömoni,COVID dışı pnömoni,1169
A_covidqu_buyukluk,3,COVID dışı pnömoni,Normal,401
A_covidqu_buyukluk,3,Normal,COVID-19,520
A_covidqu_buyukluk,3,Normal,COVID dışı pnömoni,320
A_covidqu_buyukluk,3,Normal,Normal,1300
A_covidqu_buyukluk,4,COVID-19,COVID-19,1417
A_covidqu_buyukluk,4,COVID-19,COVID dışı pnömoni,334
A_covidqu_buyukluk,4,COVID-19,Normal,644
A_covidqu_buyukluk,4,COVID dışı pnömoni,COVID-19,684
A_covidqu_buyukluk,4,COVID dışı pnömoni,COVID dışı pnömoni,1155
A_covidqu_buyukluk,4,COVID dışı pnömoni,Normal,414
A_covidqu_buyukluk,4,Normal,COVID-19,509
A_covidqu_buyukluk,4,Normal,COVID dışı pnömoni,306
A_covidqu_buyukluk,4,Normal,Normal,1325
A_covidqu_sekil,0,COVID-19,COVID-19,1339
A_covidqu_sekil,0,COVID-19,COVID dışı pnömoni,415
A_covidqu_sekil,0,COVID-19,Normal,641
A_covidqu_sekil,0,COVID dışı pnömoni,COVID-19,669
A_covidqu_sekil,0,COVID dışı pnömoni,COVID dışı pnömoni,1254
A_covidqu_sekil,0,COVID dışı pnömoni,Normal,330
A_covidqu_sekil,0,Normal,COVID-19,486
A_covidqu_sekil,0,Normal,COVID dışı pnömoni,237
A_covidqu_sekil,0,Normal,Normal,1417
A_covidqu_sekil,1,COVID-19,COVID-19,1338
A_covidqu_sekil,1,COVID-19,COVID dışı pnömoni,420
A_covidqu_sekil,1,COVID-19,Normal,637
A_covidqu_sekil,1,COVID dışı pnömoni,COVID-19,669
A_covidqu_sekil,1,COVID dışı pnömoni,COVID dışı pnömoni,1256
A_covidqu_sekil,1,COVID dışı pnömoni,Normal,328
A_covidqu_sekil,1,Normal,COVID-19,494
A_covidqu_sekil,1,Normal,COVID dışı pnömoni,235
A_covidqu_sekil,1,Normal,Normal,1411
A_covidqu_sekil,2,COVID-19,COVID-19,1317
A_covidqu_sekil,2,COVID-19,COVID dışı pnömoni,426
A_covidqu_sekil,2,COVID-19,Normal,652
A_covidqu_sekil,2,COVID dışı pnömoni,COVID-19,687
A_covidqu_sekil,2,COVID dışı pnömoni,COVID dışı pnömoni,1247
A_covidqu_sekil,2,COVID dışı pnömoni,Normal,319
A_covidqu_sekil,2,Normal,COVID-19,485
A_covidqu_sekil,2,Normal,COVID dışı pnömoni,237
A_covidqu_sekil,2,Normal,Normal,1418
A_covidqu_sekil,3,COVID-19,COVID-19,1342
A_covidqu_sekil,3,COVID-19,COVID dışı pnömoni,404
A_covidqu_sekil,3,COVID-19,Normal,649
A_covidqu_sekil,3,COVID dışı pnömoni,COVID-19,685
A_covidqu_sekil,3,COVID dışı pnömoni,COVID dışı pnömoni,1241
A_covidqu_sekil,3,COVID dışı pnömoni,Normal,327
A_covidqu_sekil,3,Normal,COVID-19,490
A_covidqu_sekil,3,Normal,COVID dışı pnömoni,230
A_covidqu_sekil,3,Normal,Normal,1420
A_covidqu_sekil,4,COVID-19,COVID-19,1346
A_covidqu_sekil,4,COVID-19,COVID dışı pnömoni,408
A_covidqu_sekil,4,COVID-19,Normal,641
A_covidqu_sekil,4,COVID dışı pnömoni,COVID-19,686
A_covidqu_sekil,4,COVID dışı pnömoni,COVID dışı pnömoni,1243
A_covidqu_sekil,4,COVID dışı pnömoni,Normal,324
A_covidqu_sekil,4,Normal,COVID-19,497
A_covidqu_sekil,4,Normal,COVID dışı pnömoni,227
A_covidqu_sekil,4,Normal,Normal,1416
A_covidqu_tumu,0,COVID-19,COVID-19,1451
A_covidqu_tumu,0,COVID-19,COVID dışı pnömoni,379
A_covidqu_tumu,0,COVID-19,Normal,565
A_covidqu_tumu,0,COVID dışı pnömoni,COVID-19,573
A_covidqu_tumu,0,COVID dışı pnömoni,COVID dışı pnömoni,1391
A_covidqu_tumu,0,COVID dışı pnömoni,Normal,289
A_covidqu_tumu,0,Normal,COVID-19,360
A_covidqu_tumu,0,Normal,COVID dışı pnömoni,223
A_covidqu_tumu,0,Normal,Normal,1557
A_covidqu_tumu,1,COVID-19,COVID-19,1460
A_covidqu_tumu,1,COVID-19,COVID dışı pnömoni,379
A_covidqu_tumu,1,COVID-19,Normal,556
A_covidqu_tumu,1,COVID dışı pnömoni,COVID-19,567
A_covidqu_tumu,1,COVID dışı pnömoni,COVID dışı pnömoni,1385
A_covidqu_tumu,1,COVID dışı pnömoni,Normal,301
A_covidqu_tumu,1,Normal,COVID-19,365
A_covidqu_tumu,1,Normal,COVID dışı pnömoni,214
A_covidqu_tumu,1,Normal,Normal,1561
A_covidqu_tumu,2,COVID-19,COVID-19,1474
A_covidqu_tumu,2,COVID-19,COVID dışı pnömoni,375
A_covidqu_tumu,2,COVID-19,Normal,546
A_covidqu_tumu,2,COVID dışı pnömoni,COVID-19,552
A_covidqu_tumu,2,COVID dışı pnömoni,COVID dışı pnömoni,1412
A_covidqu_tumu,2,COVID dışı pnömoni,Normal,289
A_covidqu_tumu,2,Normal,COVID-19,375
A_covidqu_tumu,2,Normal,COVID dışı pnömoni,215
A_covidqu_tumu,2,Normal,Normal,1550
A_covidqu_tumu,3,COVID-19,COVID-19,1435
A_covidqu_tumu,3,COVID-19,COVID dışı pnömoni,387
A_covidqu_tumu,3,COVID-19,Normal,573
A_covidqu_tumu,3,COVID dışı pnömoni,COVID-19,549
A_covidqu_tumu,3,COVID dışı pnömoni,COVID dışı pnömoni,1416
A_covidqu_tumu,3,COVID dışı pnömoni,Normal,288
A_covidqu_tumu,3,Normal,COVID-19,371
A_covidqu_tumu,3,Normal,COVID dışı pnömoni,211
A_covidqu_tumu,3,Normal,Normal,1558
A_covidqu_tumu,4,COVID-19,COVID-19,1467
A_covidqu_tumu,4,COVID-19,COVID dışı pnömoni,374
A_covidqu_tumu,4,COVID-19,Normal,554
A_covidqu_tumu,4,COVID dışı pnömoni,COVID-19,573
A_covidqu_tumu,4,COVID dışı pnömoni,COVID dışı pnömoni,1387
A_covidqu_tumu,4,COVID dışı pnömoni,Normal,293
A_covidqu_tumu,4,Normal,COVID-19,375
A_covidqu_tumu,4,Normal,COVID dışı pnömoni,213
A_covidqu_tumu,4,Normal,Normal,1552
A_covidqu_np_tumu,0,Normal,Normal,1807
A_covidqu_np_tumu,0,Normal,COVID dışı pnömoni,333
A_covidqu_np_tumu,0,COVID dışı pnömoni,Normal,415
A_covidqu_np_tumu,0,COVID dışı pnömoni,COVID dışı pnömoni,1838
A_covidqu_np_tumu,1,Normal,Normal,1793
A_covidqu_np_tumu,1,Normal,COVID dışı pnömoni,347
A_covidqu_np_tumu,1,COVID dışı pnömoni,Normal,419
A_covidqu_np_tumu,1,COVID dışı pnömoni,COVID dışı pnömoni,1834
A_covidqu_np_tumu,2,Normal,Normal,1804
A_covidqu_np_tumu,2,Normal,COVID dışı pnömoni,336
A_covidqu_np_tumu,2,COVID dışı pnömoni,Normal,413
A_covidqu_np_tumu,2,COVID dışı pnömoni,COVID dışı pnömoni,1840
A_covidqu_np_tumu,3,Normal,Normal,1796
A_covidqu_np_tumu,3,Normal,COVID dışı pnömoni,344
A_covidqu_np_tumu,3,COVID dışı pnömoni,Normal,416
A_covidqu_np_tumu,3,COVID dışı pnömoni,COVID dışı pnömoni,1837
A_covidqu_np_tumu,4,Normal,Normal,1816
A_covidqu_np_tumu,4,Normal,COVID dışı pnömoni,324
A_covidqu_np_tumu,4,COVID dışı pnömoni,Normal,415
A_covidqu_np_tumu,4,COVID dışı pnömoni,COVID dışı pnömoni,1838
A_kaggle_np_boyut,0,Normal,Normal,235
A_kaggle_np_boyut,0,Normal,Pnömoni,82
A_kaggle_np_boyut,0,Pnömoni,Normal,70
A_kaggle_np_boyut,0,Pnömoni,Pnömoni,785
A_kaggle_np_boyut,1,Normal,Normal,235
A_kaggle_np_boyut,1,Normal,Pnömoni,82
A_kaggle_np_boyut,1,Pnömoni,Normal,70
A_kaggle_np_boyut,1,Pnömoni,Pnömoni,785
A_kaggle_np_boyut,2,Normal,Normal,235
A_kaggle_np_boyut,2,Normal,Pnömoni,82
A_kaggle_np_boyut,2,Pnömoni,Normal,70
A_kaggle_np_boyut,2,Pnömoni,Pnömoni,785
A_kaggle_np_boyut,3,Normal,Normal,235
A_kaggle_np_boyut,3,Normal,Pnömoni,82
A_kaggle_np_boyut,3,Pnömoni,Normal,70
A_kaggle_np_boyut,3,Pnömoni,Pnömoni,785
A_kaggle_np_boyut,4,Normal,Normal,235
A_kaggle_np_boyut,4,Normal,Pnömoni,82
A_kaggle_np_boyut,4,Pnömoni,Normal,70
A_kaggle_np_boyut,4,Pnömoni,Pnömoni,785
B_beyin_tam,0,Meningiom,Meningiom,589
B_beyin_tam,0,Meningiom,Gliom,42
B_beyin_tam,0,Meningiom,Hipofiz tümörü,77
B_beyin_tam,0,Gliom,Meningiom,49
B_beyin_tam,0,Gliom,Gliom,1363
B_beyin_tam,0,Gliom,Hipofiz tümörü,14
B_beyin_tam,0,Hipofiz tümörü,Meningiom,9
B_beyin_tam,0,Hipofiz tümörü,Gliom,4
B_beyin_tam,0,Hipofiz tümörü,Hipofiz tümörü,917
B_beyin_tam,1,Meningiom,Meningiom,600
B_beyin_tam,1,Meningiom,Gliom,41
B_beyin_tam,1,Meningiom,Hipofiz tümörü,67
B_beyin_tam,1,Gliom,Meningiom,58
B_beyin_tam,1,Gliom,Gliom,1349
B_beyin_tam,1,Gliom,Hipofiz tümörü,19
B_beyin_tam,1,Hipofiz tümörü,Meningiom,12
B_beyin_tam,1,Hipofiz tümörü,Gliom,4
B_beyin_tam,1,Hipofiz tümörü,Hipofiz tümörü,914
B_beyin_tam,2,Meningiom,Meningiom,591
B_beyin_tam,2,Meningiom,Gliom,49
B_beyin_tam,2,Meningiom,Hipofiz tümörü,68
B_beyin_tam,2,Gliom,Meningiom,48
B_beyin_tam,2,Gliom,Gliom,1362
B_beyin_tam,2,Gliom,Hipofiz tümörü,16
B_beyin_tam,2,Hipofiz tümörü,Meningiom,8
B_beyin_tam,2,Hipofiz tümörü,Gliom,8
B_beyin_tam,2,Hipofiz tümörü,Hipofiz tümörü,914
B_beyin_tam,3,Meningiom,Meningiom,595
B_beyin_tam,3,Meningiom,Gliom,44
B_beyin_tam,3,Meningiom,Hipofiz tümörü,69
B_beyin_tam,3,Gliom,Meningiom,51
B_beyin_tam,3,Gliom,Gliom,1366
B_beyin_tam,3,Gliom,Hipofiz tümörü,9
B_beyin_tam,3,Hipofiz tümörü,Meningiom,12
B_beyin_tam,3,Hipofiz tümörü,Gliom,7
B_beyin_tam,3,Hipofiz tümörü,Hipofiz tümörü,911
B_beyin_tam,4,Meningiom,Meningiom,600
B_beyin_tam,4,Meningiom,Gliom,43
B_beyin_tam,4,Meningiom,Hipofiz tümörü,65
B_beyin_tam,4,Gliom,Meningiom,47
B_beyin_tam,4,Gliom,Gliom,1369
B_beyin_tam,4,Gliom,Hipofiz tümörü,10
B_beyin_tam,4,Hipofiz tümörü,Meningiom,7
B_beyin_tam,4,Hipofiz tümörü,Gliom,10
B_beyin_tam,4,Hipofiz tümörü,Hipofiz tümörü,913
B_covidqu_tam,0,COVID-19,COVID-19,2351
B_covidqu_tam,0,COVID-19,COVID dışı pnömoni,18
B_covidqu_tam,0,COVID-19,Normal,26
B_covidqu_tam,0,COVID dışı pnömoni,COVID-19,7
B_covidqu_tam,0,COVID dışı pnömoni,COVID dışı pnömoni,2167
B_covidqu_tam,0,COVID dışı pnömoni,Normal,79
B_covidqu_tam,0,Normal,COVID-19,6
B_covidqu_tam,0,Normal,COVID dışı pnömoni,60
B_covidqu_tam,0,Normal,Normal,2074
B_covidqu_tam,1,COVID-19,COVID-19,2360
B_covidqu_tam,1,COVID-19,COVID dışı pnömoni,9
B_covidqu_tam,1,COVID-19,Normal,26
B_covidqu_tam,1,COVID dışı pnömoni,COVID-19,8
B_covidqu_tam,1,COVID dışı pnömoni,COVID dışı pnömoni,2174
B_covidqu_tam,1,COVID dışı pnömoni,Normal,71
B_covidqu_tam,1,Normal,COVID-19,6
B_covidqu_tam,1,Normal,COVID dışı pnömoni,78
B_covidqu_tam,1,Normal,Normal,2056
B_covidqu_tam,2,COVID-19,COVID-19,2354
B_covidqu_tam,2,COVID-19,COVID dışı pnömoni,11
B_covidqu_tam,2,COVID-19,Normal,30
B_covidqu_tam,2,COVID dışı pnömoni,COVID-19,10
B_covidqu_tam,2,COVID dışı pnömoni,COVID dışı pnömoni,2156
B_covidqu_tam,2,COVID dışı pnömoni,Normal,87
B_covidqu_tam,2,Normal,COVID-19,7
B_covidqu_tam,2,Normal,COVID dışı pnömoni,72
B_covidqu_tam,2,Normal,Normal,2061
B_covidqu_tam,3,COVID-19,COVID-19,2370
B_covidqu_tam,3,COVID-19,COVID dışı pnömoni,5
B_covidqu_tam,3,COVID-19,Normal,20
B_covidqu_tam,3,COVID dışı pnömoni,COVID-19,8
B_covidqu_tam,3,COVID dışı pnömoni,COVID dışı pnömoni,2152
B_covidqu_tam,3,COVID dışı pnömoni,Normal,93
B_covidqu_tam,3,Normal,COVID-19,9
B_covidqu_tam,3,Normal,COVID dışı pnömoni,63
B_covidqu_tam,3,Normal,Normal,2068
B_covidqu_tam,4,COVID-19,COVID-19,2367
B_covidqu_tam,4,COVID-19,COVID dışı pnömoni,9
B_covidqu_tam,4,COVID-19,Normal,19
B_covidqu_tam,4,COVID dışı pnömoni,COVID-19,9
B_covidqu_tam,4,COVID dışı pnömoni,COVID dışı pnömoni,2153
B_covidqu_tam,4,COVID dışı pnömoni,Normal,91
B_covidqu_tam,4,Normal,COVID-19,7
B_covidqu_tam,4,Normal,COVID dışı pnömoni,64
B_covidqu_tam,4,Normal,Normal,2069
B_beyin_yalniz_roi,0,Meningiom,Meningiom,558
B_beyin_yalniz_roi,0,Meningiom,Gliom,85
B_beyin_yalniz_roi,0,Meningiom,Hipofiz tümörü,65
B_beyin_yalniz_roi,0,Gliom,Meningiom,47
B_beyin_yalniz_roi,0,Gliom,Gliom,1325
B_beyin_yalniz_roi,0,Gliom,Hipofiz tümörü,54
B_beyin_yalniz_roi,0,Hipofiz tümörü,Meningiom,35
B_beyin_yalniz_roi,0,Hipofiz tümörü,Gliom,78
B_beyin_yalniz_roi,0,Hipofiz tümörü,Hipofiz tümörü,817
B_covidqu_yalniz_roi,0,COVID-19,COVID-19,2177
B_covidqu_yalniz_roi,0,COVID-19,COVID dışı pnömoni,80
B_covidqu_yalniz_roi,0,COVID-19,Normal,138
B_covidqu_yalniz_roi,0,COVID dışı pnömoni,COVID-19,44
B_covidqu_yalniz_roi,0,COVID dışı pnömoni,COVID dışı pnömoni,2125
B_covidqu_yalniz_roi,0,COVID dışı pnömoni,Normal,84
B_covidqu_yalniz_roi,0,Normal,COVID-19,21
B_covidqu_yalniz_roi,0,Normal,COVID dışı pnömoni,83
B_covidqu_yalniz_roi,0,Normal,Normal,2036
B_beyin_baglam,0,Meningiom,Meningiom,568
B_beyin_baglam,0,Meningiom,Gliom,80
B_beyin_baglam,0,Meningiom,Hipofiz tümörü,60
B_beyin_baglam,0,Gliom,Meningiom,102
B_beyin_baglam,0,Gliom,Gliom,1322
B_beyin_baglam,0,Gliom,Hipofiz tümörü,2
B_beyin_baglam,0,Hipofiz tümörü,Meningiom,15
B_beyin_baglam,0,Hipofiz tümörü,Gliom,6
B_beyin_baglam,0,Hipofiz tümörü,Hipofiz tümörü,909
B_beyin_baglam,1,Meningiom,Meningiom,564
B_beyin_baglam,1,Meningiom,Gliom,94
B_beyin_baglam,1,Meningiom,Hipofiz tümörü,50
B_beyin_baglam,1,Gliom,Meningiom,88
B_beyin_baglam,1,Gliom,Gliom,1336
B_beyin_baglam,1,Gliom,Hipofiz tümörü,2
B_beyin_baglam,1,Hipofiz tümörü,Meningiom,10
B_beyin_baglam,1,Hipofiz tümörü,Gliom,7
B_beyin_baglam,1,Hipofiz tümörü,Hipofiz tümörü,913
B_beyin_baglam,2,Meningiom,Meningiom,568
B_beyin_baglam,2,Meningiom,Gliom,83
B_beyin_baglam,2,Meningiom,Hipofiz tümörü,57
B_beyin_baglam,2,Gliom,Meningiom,106
B_beyin_baglam,2,Gliom,Gliom,1318
B_beyin_baglam,2,Gliom,Hipofiz tümörü,2
B_beyin_baglam,2,Hipofiz tümörü,Meningiom,15
B_beyin_baglam,2,Hipofiz tümörü,Gliom,12
B_beyin_baglam,2,Hipofiz tümörü,Hipofiz tümörü,903
B_beyin_baglam,3,Meningiom,Meningiom,552
B_beyin_baglam,3,Meningiom,Gliom,94
B_beyin_baglam,3,Meningiom,Hipofiz tümörü,62
B_beyin_baglam,3,Gliom,Meningiom,102
B_beyin_baglam,3,Gliom,Gliom,1322
B_beyin_baglam,3,Gliom,Hipofiz tümörü,2
B_beyin_baglam,3,Hipofiz tümörü,Meningiom,12
B_beyin_baglam,3,Hipofiz tümörü,Gliom,7
B_beyin_baglam,3,Hipofiz tümörü,Hipofiz tümörü,911
B_beyin_baglam,4,Meningiom,Meningiom,570
B_beyin_baglam,4,Meningiom,Gliom,82
B_beyin_baglam,4,Meningiom,Hipofiz tümörü,56
B_beyin_baglam,4,Gliom,Meningiom,105
B_beyin_baglam,4,Gliom,Gliom,1319
B_beyin_baglam,4,Gliom,Hipofiz tümörü,2
B_beyin_baglam,4,Hipofiz tümörü,Meningiom,7
B_beyin_baglam,4,Hipofiz tümörü,Gliom,6
B_beyin_baglam,4,Hipofiz tümörü,Hipofiz tümörü,917
B_covidqu_baglam,0,COVID-19,COVID-19,2335
B_covidqu_baglam,0,COVID-19,COVID dışı pnömoni,17
B_covidqu_baglam,0,COVID-19,Normal,43
B_covidqu_baglam,0,COVID dışı pnömoni,COVID-19,7
B_covidqu_baglam,0,COVID dışı pnömoni,COVID dışı pnömoni,2088
B_covidqu_baglam,0,COVID dışı pnömoni,Normal,158
B_covidqu_baglam,0,Normal,COVID-19,6
B_covidqu_baglam,0,Normal,COVID dışı pnömoni,85
B_covidqu_baglam,0,Normal,Normal,2049
B_covidqu_baglam,1,COVID-19,COVID-19,2338
B_covidqu_baglam,1,COVID-19,COVID dışı pnömoni,17
B_covidqu_baglam,1,COVID-19,Normal,40
B_covidqu_baglam,1,COVID dışı pnömoni,COVID-19,5
B_covidqu_baglam,1,COVID dışı pnömoni,COVID dışı pnömoni,2100
B_covidqu_baglam,1,COVID dışı pnömoni,Normal,148
B_covidqu_baglam,1,Normal,COVID-19,8
B_covidqu_baglam,1,Normal,COVID dışı pnömoni,109
B_covidqu_baglam,1,Normal,Normal,2023
B_covidqu_baglam,2,COVID-19,COVID-19,2349
B_covidqu_baglam,2,COVID-19,COVID dışı pnömoni,13
B_covidqu_baglam,2,COVID-19,Normal,33
B_covidqu_baglam,2,COVID dışı pnömoni,COVID-19,13
B_covidqu_baglam,2,COVID dışı pnömoni,COVID dışı pnömoni,2095
B_covidqu_baglam,2,COVID dışı pnömoni,Normal,145
B_covidqu_baglam,2,Normal,COVID-19,11
B_covidqu_baglam,2,Normal,COVID dışı pnömoni,112
B_covidqu_baglam,2,Normal,Normal,2017
B_covidqu_baglam,3,COVID-19,COVID-19,2353
B_covidqu_baglam,3,COVID-19,COVID dışı pnömoni,8
B_covidqu_baglam,3,COVID-19,Normal,34
B_covidqu_baglam,3,COVID dışı pnömoni,COVID-19,11
B_covidqu_baglam,3,COVID dışı pnömoni,COVID dışı pnömoni,2086
B_covidqu_baglam,3,COVID dışı pnömoni,Normal,156
B_covidqu_baglam,3,Normal,COVID-19,7
B_covidqu_baglam,3,Normal,COVID dışı pnömoni,93
B_covidqu_baglam,3,Normal,Normal,2040
B_covidqu_baglam,4,COVID-19,COVID-19,2343
B_covidqu_baglam,4,COVID-19,COVID dışı pnömoni,20
B_covidqu_baglam,4,COVID-19,Normal,32
B_covidqu_baglam,4,COVID dışı pnömoni,COVID-19,4
B_covidqu_baglam,4,COVID dışı pnömoni,COVID dışı pnömoni,2079
B_covidqu_baglam,4,COVID dışı pnömoni,Normal,170
B_covidqu_baglam,4,Normal,COVID-19,4
B_covidqu_baglam,4,Normal,COVID dışı pnömoni,87
B_covidqu_baglam,4,Normal,Normal,2049
B_beyin_baglam_genis10,0,Meningiom,Meningiom,523
B_beyin_baglam_genis10,0,Meningiom,Gliom,130
B_beyin_baglam_genis10,0,Meningiom,Hipofiz tümörü,55
B_beyin_baglam_genis10,0,Gliom,Meningiom,104
B_beyin_baglam_genis10,0,Gliom,Gliom,1322
B_beyin_baglam_genis10,0,Gliom,Hipofiz tümörü,0
B_beyin_baglam_genis10,0,Hipofiz tümörü,Meningiom,11
B_beyin_baglam_genis10,0,Hipofiz tümörü,Gliom,9
B_beyin_baglam_genis10,0,Hipofiz tümörü,Hipofiz tümörü,910
B_covidqu_baglam_genis10,0,COVID-19,COVID-19,2335
B_covidqu_baglam_genis10,0,COVID-19,COVID dışı pnömoni,20
B_covidqu_baglam_genis10,0,COVID-19,Normal,40
B_covidqu_baglam_genis10,0,COVID dışı pnömoni,COVID-19,12
B_covidqu_baglam_genis10,0,COVID dışı pnömoni,COVID dışı pnömoni,2061
B_covidqu_baglam_genis10,0,COVID dışı pnömoni,Normal,180
B_covidqu_baglam_genis10,0,Normal,COVID-19,7
B_covidqu_baglam_genis10,0,Normal,COVID dışı pnömoni,116
B_covidqu_baglam_genis10,0,Normal,Normal,2017
B_beyin_baglam_genis20,0,Meningiom,Meningiom,506
B_beyin_baglam_genis20,0,Meningiom,Gliom,151
B_beyin_baglam_genis20,0,Meningiom,Hipofiz tümörü,51
B_beyin_baglam_genis20,0,Gliom,Meningiom,117
B_beyin_baglam_genis20,0,Gliom,Gliom,1307
B_beyin_baglam_genis20,0,Gliom,Hipofiz tümörü,2
B_beyin_baglam_genis20,0,Hipofiz tümörü,Meningiom,11
B_beyin_baglam_genis20,0,Hipofiz tümörü,Gliom,7
B_beyin_baglam_genis20,0,Hipofiz tümörü,Hipofiz tümörü,912
B_covidqu_baglam_genis20,0,COVID-19,COVID-19,2308
B_covidqu_baglam_genis20,0,COVID-19,COVID dışı pnömoni,20
B_covidqu_baglam_genis20,0,COVID-19,Normal,67
B_covidqu_baglam_genis20,0,COVID dışı pnömoni,COVID-19,35
B_covidqu_baglam_genis20,0,COVID dışı pnömoni,COVID dışı pnömoni,2019
B_covidqu_baglam_genis20,0,COVID dışı pnömoni,Normal,199
B_covidqu_baglam_genis20,0,Normal,COVID-19,10
B_covidqu_baglam_genis20,0,Normal,COVID dışı pnömoni,138
B_covidqu_baglam_genis20,0,Normal,Normal,1992
B_beyin_baglam_genis40,0,Meningiom,Meningiom,494
B_beyin_baglam_genis40,0,Meningiom,Gliom,159
B_beyin_baglam_genis40,0,Meningiom,Hipofiz tümörü,55
B_beyin_baglam_genis40,0,Gliom,Meningiom,106
B_beyin_baglam_genis40,0,Gliom,Gliom,1318
B_beyin_baglam_genis40,0,Gliom,Hipofiz tümörü,2
B_beyin_baglam_genis40,0,Hipofiz tümörü,Meningiom,9
B_beyin_baglam_genis40,0,Hipofiz tümörü,Gliom,3
B_beyin_baglam_genis40,0,Hipofiz tümörü,Hipofiz tümörü,918
B_beyin_baglam_genis40,1,Meningiom,Meningiom,505
B_beyin_baglam_genis40,1,Meningiom,Gliom,145
B_beyin_baglam_genis40,1,Meningiom,Hipofiz tümörü,58
B_beyin_baglam_genis40,1,Gliom,Meningiom,115
B_beyin_baglam_genis40,1,Gliom,Gliom,1311
B_beyin_baglam_genis40,1,Gliom,Hipofiz tümörü,0
B_beyin_baglam_genis40,1,Hipofiz tümörü,Meningiom,9
B_beyin_baglam_genis40,1,Hipofiz tümörü,Gliom,4
B_beyin_baglam_genis40,1,Hipofiz tümörü,Hipofiz tümörü,917
B_beyin_baglam_genis40,2,Meningiom,Meningiom,488
B_beyin_baglam_genis40,2,Meningiom,Gliom,171
B_beyin_baglam_genis40,2,Meningiom,Hipofiz tümörü,49
B_beyin_baglam_genis40,2,Gliom,Meningiom,103
B_beyin_baglam_genis40,2,Gliom,Gliom,1321
B_beyin_baglam_genis40,2,Gliom,Hipofiz tümörü,2
B_beyin_baglam_genis40,2,Hipofiz tümörü,Meningiom,6
B_beyin_baglam_genis40,2,Hipofiz tümörü,Gliom,3
B_beyin_baglam_genis40,2,Hipofiz tümörü,Hipofiz tümörü,921
B_beyin_baglam_genis40,3,Meningiom,Meningiom,515
B_beyin_baglam_genis40,3,Meningiom,Gliom,141
B_beyin_baglam_genis40,3,Meningiom,Hipofiz tümörü,52
B_beyin_baglam_genis40,3,Gliom,Meningiom,119
B_beyin_baglam_genis40,3,Gliom,Gliom,1305
B_beyin_baglam_genis40,3,Gliom,Hipofiz tümörü,2
B_beyin_baglam_genis40,3,Hipofiz tümörü,Meningiom,7
B_beyin_baglam_genis40,3,Hipofiz tümörü,Gliom,9
B_beyin_baglam_genis40,3,Hipofiz tümörü,Hipofiz tümörü,914
B_beyin_baglam_genis40,4,Meningiom,Meningiom,475
B_beyin_baglam_genis40,4,Meningiom,Gliom,180
B_beyin_baglam_genis40,4,Meningiom,Hipofiz tümörü,53
B_beyin_baglam_genis40,4,Gliom,Meningiom,102
B_beyin_baglam_genis40,4,Gliom,Gliom,1323
B_beyin_baglam_genis40,4,Gliom,Hipofiz tümörü,1
B_beyin_baglam_genis40,4,Hipofiz tümörü,Meningiom,6
B_beyin_baglam_genis40,4,Hipofiz tümörü,Gliom,2
B_beyin_baglam_genis40,4,Hipofiz tümörü,Hipofiz tümörü,922
B_covidqu_baglam_genis40,0,COVID-19,COVID-19,2073
B_covidqu_baglam_genis40,0,COVID-19,COVID dışı pnömoni,107
B_covidqu_baglam_genis40,0,COVID-19,Normal,215
B_covidqu_baglam_genis40,0,COVID dışı pnömoni,COVID-19,174
B_covidqu_baglam_genis40,0,COVID dışı pnömoni,COVID dışı pnömoni,1816
B_covidqu_baglam_genis40,0,COVID dışı pnömoni,Normal,263
B_covidqu_baglam_genis40,0,Normal,COVID-19,105
B_covidqu_baglam_genis40,0,Normal,COVID dışı pnömoni,188
B_covidqu_baglam_genis40,0,Normal,Normal,1847
B_covidqu_baglam_genis40,1,COVID-19,COVID-19,2126
B_covidqu_baglam_genis40,1,COVID-19,COVID dışı pnömoni,96
B_covidqu_baglam_genis40,1,COVID-19,Normal,173
B_covidqu_baglam_genis40,1,COVID dışı pnömoni,COVID-19,221
B_covidqu_baglam_genis40,1,COVID dışı pnömoni,COVID dışı pnömoni,1784
B_covidqu_baglam_genis40,1,COVID dışı pnömoni,Normal,248
B_covidqu_baglam_genis40,1,Normal,COVID-19,152
B_covidqu_baglam_genis40,1,Normal,COVID dışı pnömoni,190
B_covidqu_baglam_genis40,1,Normal,Normal,1798
B_covidqu_baglam_genis40,2,COVID-19,COVID-19,2097
B_covidqu_baglam_genis40,2,COVID-19,COVID dışı pnömoni,93
B_covidqu_baglam_genis40,2,COVID-19,Normal,205
B_covidqu_baglam_genis40,2,COVID dışı pnömoni,COVID-19,196
B_covidqu_baglam_genis40,2,COVID dışı pnömoni,COVID dışı pnömoni,1784
B_covidqu_baglam_genis40,2,COVID dışı pnömoni,Normal,273
B_covidqu_baglam_genis40,2,Normal,COVID-19,147
B_covidqu_baglam_genis40,2,Normal,COVID dışı pnömoni,165
B_covidqu_baglam_genis40,2,Normal,Normal,1828
B_covidqu_baglam_genis40,3,COVID-19,COVID-19,2134
B_covidqu_baglam_genis40,3,COVID-19,COVID dışı pnömoni,74
B_covidqu_baglam_genis40,3,COVID-19,Normal,187
B_covidqu_baglam_genis40,3,COVID dışı pnömoni,COVID-19,221
B_covidqu_baglam_genis40,3,COVID dışı pnömoni,COVID dışı pnömoni,1773
B_covidqu_baglam_genis40,3,COVID dışı pnömoni,Normal,259
B_covidqu_baglam_genis40,3,Normal,COVID-19,155
B_covidqu_baglam_genis40,3,Normal,COVID dışı pnömoni,181
B_covidqu_baglam_genis40,3,Normal,Normal,1804
B_covidqu_baglam_genis40,4,COVID-19,COVID-19,2078
B_covidqu_baglam_genis40,4,COVID-19,COVID dışı pnömoni,103
B_covidqu_baglam_genis40,4,COVID-19,Normal,214
B_covidqu_baglam_genis40,4,COVID dışı pnömoni,COVID-19,208
B_covidqu_baglam_genis40,4,COVID dışı pnömoni,COVID dışı pnömoni,1762
B_covidqu_baglam_genis40,4,COVID dışı pnömoni,Normal,283
B_covidqu_baglam_genis40,4,Normal,COVID-19,133
B_covidqu_baglam_genis40,4,Normal,COVID dışı pnömoni,151
B_covidqu_baglam_genis40,4,Normal,Normal,1856
B_beyin_kutu,0,Meningiom,Meningiom,550
B_beyin_kutu,0,Meningiom,Gliom,100
B_beyin_kutu,0,Meningiom,Hipofiz tümörü,58
B_beyin_kutu,0,Gliom,Meningiom,115
B_beyin_kutu,0,Gliom,Gliom,1311
B_beyin_kutu,0,Gliom,Hipofiz tümörü,0
B_beyin_kutu,0,Hipofiz tümörü,Meningiom,15
B_beyin_kutu,0,Hipofiz tümörü,Gliom,1
B_beyin_kutu,0,Hipofiz tümörü,Hipofiz tümörü,914
B_covidqu_kutu,0,COVID-19,COVID-19,2305
B_covidqu_kutu,0,COVID-19,COVID dışı pnömoni,36
B_covidqu_kutu,0,COVID-19,Normal,54
B_covidqu_kutu,0,COVID dışı pnömoni,COVID-19,27
B_covidqu_kutu,0,COVID dışı pnömoni,COVID dışı pnömoni,1988
B_covidqu_kutu,0,COVID dışı pnömoni,Normal,238
B_covidqu_kutu,0,Normal,COVID-19,8
B_covidqu_kutu,0,Normal,COVID dışı pnömoni,218
B_covidqu_kutu,0,Normal,Normal,1914
B_beyin_tam_kesit,0,Meningiom,Meningiom,596
B_beyin_tam_kesit,0,Meningiom,Gliom,41
B_beyin_tam_kesit,0,Meningiom,Hipofiz tümörü,71
B_beyin_tam_kesit,0,Gliom,Meningiom,47
B_beyin_tam_kesit,0,Gliom,Gliom,1367
B_beyin_tam_kesit,0,Gliom,Hipofiz tümörü,12
B_beyin_tam_kesit,0,Hipofiz tümörü,Meningiom,7
B_beyin_tam_kesit,0,Hipofiz tümörü,Gliom,2
B_beyin_tam_kesit,0,Hipofiz tümörü,Hipofiz tümörü,921
B_beyin_tam_kesit,1,Meningiom,Meningiom,600
B_beyin_tam_kesit,1,Meningiom,Gliom,43
B_beyin_tam_kesit,1,Meningiom,Hipofiz tümörü,65
B_beyin_tam_kesit,1,Gliom,Meningiom,62
B_beyin_tam_kesit,1,Gliom,Gliom,1353
B_beyin_tam_kesit,1,Gliom,Hipofiz tümörü,11
B_beyin_tam_kesit,1,Hipofiz tümörü,Meningiom,14
B_beyin_tam_kesit,1,Hipofiz tümörü,Gliom,2
B_beyin_tam_kesit,1,Hipofiz tümörü,Hipofiz tümörü,914
B_beyin_tam_kesit,2,Meningiom,Meningiom,593
B_beyin_tam_kesit,2,Meningiom,Gliom,49
B_beyin_tam_kesit,2,Meningiom,Hipofiz tümörü,66
B_beyin_tam_kesit,2,Gliom,Meningiom,55
B_beyin_tam_kesit,2,Gliom,Gliom,1361
B_beyin_tam_kesit,2,Gliom,Hipofiz tümörü,10
B_beyin_tam_kesit,2,Hipofiz tümörü,Meningiom,13
B_beyin_tam_kesit,2,Hipofiz tümörü,Gliom,2
B_beyin_tam_kesit,2,Hipofiz tümörü,Hipofiz tümörü,915
B_beyin_tam_kesit,3,Meningiom,Meningiom,601
B_beyin_tam_kesit,3,Meningiom,Gliom,39
B_beyin_tam_kesit,3,Meningiom,Hipofiz tümörü,68
B_beyin_tam_kesit,3,Gliom,Meningiom,63
B_beyin_tam_kesit,3,Gliom,Gliom,1354
B_beyin_tam_kesit,3,Gliom,Hipofiz tümörü,9
B_beyin_tam_kesit,3,Hipofiz tümörü,Meningiom,14
B_beyin_tam_kesit,3,Hipofiz tümörü,Gliom,5
B_beyin_tam_kesit,3,Hipofiz tümörü,Hipofiz tümörü,911
B_beyin_tam_kesit,4,Meningiom,Meningiom,595
B_beyin_tam_kesit,4,Meningiom,Gliom,43
B_beyin_tam_kesit,4,Meningiom,Hipofiz tümörü,70
B_beyin_tam_kesit,4,Gliom,Meningiom,48
B_beyin_tam_kesit,4,Gliom,Gliom,1360
B_beyin_tam_kesit,4,Gliom,Hipofiz tümörü,18
B_beyin_tam_kesit,4,Hipofiz tümörü,Meningiom,7
B_beyin_tam_kesit,4,Hipofiz tümörü,Gliom,7
B_beyin_tam_kesit,4,Hipofiz tümörü,Hipofiz tümörü,916
B_beyin_baglam_kesit,0,Meningiom,Meningiom,556
B_beyin_baglam_kesit,0,Meningiom,Gliom,93
B_beyin_baglam_kesit,0,Meningiom,Hipofiz tümörü,59
B_beyin_baglam_kesit,0,Gliom,Meningiom,95
B_beyin_baglam_kesit,0,Gliom,Gliom,1329
B_beyin_baglam_kesit,0,Gliom,Hipofiz tümörü,2
B_beyin_baglam_kesit,0,Hipofiz tümörü,Meningiom,11
B_beyin_baglam_kesit,0,Hipofiz tümörü,Gliom,4
B_beyin_baglam_kesit,0,Hipofiz tümörü,Hipofiz tümörü,915
B_beyin_baglam_kesit,1,Meningiom,Meningiom,558
B_beyin_baglam_kesit,1,Meningiom,Gliom,91
B_beyin_baglam_kesit,1,Meningiom,Hipofiz tümörü,59
B_beyin_baglam_kesit,1,Gliom,Meningiom,99
B_beyin_baglam_kesit,1,Gliom,Gliom,1321
B_beyin_baglam_kesit,1,Gliom,Hipofiz tümörü,6
B_beyin_baglam_kesit,1,Hipofiz tümörü,Meningiom,10
B_beyin_baglam_kesit,1,Hipofiz tümörü,Gliom,11
B_beyin_baglam_kesit,1,Hipofiz tümörü,Hipofiz tümörü,909
B_beyin_baglam_kesit,2,Meningiom,Meningiom,563
B_beyin_baglam_kesit,2,Meningiom,Gliom,91
B_beyin_baglam_kesit,2,Meningiom,Hipofiz tümörü,54
B_beyin_baglam_kesit,2,Gliom,Meningiom,97
B_beyin_baglam_kesit,2,Gliom,Gliom,1326
B_beyin_baglam_kesit,2,Gliom,Hipofiz tümörü,3
B_beyin_baglam_kesit,2,Hipofiz tümörü,Meningiom,15
B_beyin_baglam_kesit,2,Hipofiz tümörü,Gliom,8
B_beyin_baglam_kesit,2,Hipofiz tümörü,Hipofiz tümörü,907
B_beyin_baglam_kesit,3,Meningiom,Meningiom,561
B_beyin_baglam_kesit,3,Meningiom,Gliom,88
B_beyin_baglam_kesit,3,Meningiom,Hipofiz tümörü,59
B_beyin_baglam_kesit,3,Gliom,Meningiom,99
B_beyin_baglam_kesit,3,Gliom,Gliom,1325
B_beyin_baglam_kesit,3,Gliom,Hipofiz tümörü,2
B_beyin_baglam_kesit,3,Hipofiz tümörü,Meningiom,12
B_beyin_baglam_kesit,3,Hipofiz tümörü,Gliom,7
B_beyin_baglam_kesit,3,Hipofiz tümörü,Hipofiz tümörü,911
B_beyin_baglam_kesit,4,Meningiom,Meningiom,566
B_beyin_baglam_kesit,4,Meningiom,Gliom,84
B_beyin_baglam_kesit,4,Meningiom,Hipofiz tümörü,58
B_beyin_baglam_kesit,4,Gliom,Meningiom,107
B_beyin_baglam_kesit,4,Gliom,Gliom,1318
B_beyin_baglam_kesit,4,Gliom,Hipofiz tümörü,1
B_beyin_baglam_kesit,4,Hipofiz tümörü,Meningiom,7
B_beyin_baglam_kesit,4,Hipofiz tümörü,Gliom,5
B_beyin_baglam_kesit,4,Hipofiz tümörü,Hipofiz tümörü,918
B_beyin_yalniz_roi_kesit,0,Meningiom,Meningiom,588
B_beyin_yalniz_roi_kesit,0,Meningiom,Gliom,64
B_beyin_yalniz_roi_kesit,0,Meningiom,Hipofiz tümörü,56
B_beyin_yalniz_roi_kesit,0,Gliom,Meningiom,43
B_beyin_yalniz_roi_kesit,0,Gliom,Gliom,1334
B_beyin_yalniz_roi_kesit,0,Gliom,Hipofiz tümörü,49
B_beyin_yalniz_roi_kesit,0,Hipofiz tümörü,Meningiom,32
B_beyin_yalniz_roi_kesit,0,Hipofiz tümörü,Gliom,66
B_beyin_yalniz_roi_kesit,0,Hipofiz tümörü,Hipofiz tümörü,832
M_brain_D_U512,0,Meningiom,Meningiom,302
M_brain_D_U512,0,Meningiom,Gliom,318
M_brain_D_U512,0,Meningiom,Hipofiz tümörü,88
M_brain_D_U512,0,Gliom,Meningiom,224
M_brain_D_U512,0,Gliom,Gliom,1146
M_brain_D_U512,0,Gliom,Hipofiz tümörü,56
M_brain_D_U512,0,Hipofiz tümörü,Meningiom,14
M_brain_D_U512,0,Hipofiz tümörü,Gliom,51
M_brain_D_U512,0,Hipofiz tümörü,Hipofiz tümörü,865
M_brain_D_U512,1,Meningiom,Meningiom,304
M_brain_D_U512,1,Meningiom,Gliom,312
M_brain_D_U512,1,Meningiom,Hipofiz tümörü,92
M_brain_D_U512,1,Gliom,Meningiom,222
M_brain_D_U512,1,Gliom,Gliom,1146
M_brain_D_U512,1,Gliom,Hipofiz tümörü,58
M_brain_D_U512,1,Hipofiz tümörü,Meningiom,14
M_brain_D_U512,1,Hipofiz tümörü,Gliom,57
M_brain_D_U512,1,Hipofiz tümörü,Hipofiz tümörü,859
M_brain_D_U512,2,Meningiom,Meningiom,293
M_brain_D_U512,2,Meningiom,Gliom,330
M_brain_D_U512,2,Meningiom,Hipofiz tümörü,85
M_brain_D_U512,2,Gliom,Meningiom,201
M_brain_D_U512,2,Gliom,Gliom,1176
M_brain_D_U512,2,Gliom,Hipofiz tümörü,49
M_brain_D_U512,2,Hipofiz tümörü,Meningiom,15
M_brain_D_U512,2,Hipofiz tümörü,Gliom,51
M_brain_D_U512,2,Hipofiz tümörü,Hipofiz tümörü,864
M_brain_D_U512,3,Meningiom,Meningiom,306
M_brain_D_U512,3,Meningiom,Gliom,317
M_brain_D_U512,3,Meningiom,Hipofiz tümörü,85
M_brain_D_U512,3,Gliom,Meningiom,205
M_brain_D_U512,3,Gliom,Gliom,1170
M_brain_D_U512,3,Gliom,Hipofiz tümörü,51
M_brain_D_U512,3,Hipofiz tümörü,Meningiom,11
M_brain_D_U512,3,Hipofiz tümörü,Gliom,56
M_brain_D_U512,3,Hipofiz tümörü,Hipofiz tümörü,863
M_brain_D_U512,4,Meningiom,Meningiom,313
M_brain_D_U512,4,Meningiom,Gliom,307
M_brain_D_U512,4,Meningiom,Hipofiz tümörü,88
M_brain_D_U512,4,Gliom,Meningiom,221
M_brain_D_U512,4,Gliom,Gliom,1156
M_brain_D_U512,4,Gliom,Hipofiz tümörü,49
M_brain_D_U512,4,Hipofiz tümörü,Meningiom,10
M_brain_D_U512,4,Hipofiz tümörü,Gliom,57
M_brain_D_U512,4,Hipofiz tümörü,Hipofiz tümörü,863
M_brain_D_F32_G16,0,Meningiom,Meningiom,486
M_brain_D_F32_G16,0,Meningiom,Gliom,131
M_brain_D_F32_G16,0,Meningiom,Hipofiz tümörü,91
M_brain_D_F32_G16,0,Gliom,Meningiom,155
M_brain_D_F32_G16,0,Gliom,Gliom,1232
M_brain_D_F32_G16,0,Gliom,Hipofiz tümörü,39
M_brain_D_F32_G16,0,Hipofiz tümörü,Meningiom,50
M_brain_D_F32_G16,0,Hipofiz tümörü,Gliom,25
M_brain_D_F32_G16,0,Hipofiz tümörü,Hipofiz tümörü,855
M_brain_D_F32_G16,1,Meningiom,Meningiom,471
M_brain_D_F32_G16,1,Meningiom,Gliom,138
M_brain_D_F32_G16,1,Meningiom,Hipofiz tümörü,99
M_brain_D_F32_G16,1,Gliom,Meningiom,150
M_brain_D_F32_G16,1,Gliom,Gliom,1231
M_brain_D_F32_G16,1,Gliom,Hipofiz tümörü,45
M_brain_D_F32_G16,1,Hipofiz tümörü,Meningiom,47
M_brain_D_F32_G16,1,Hipofiz tümörü,Gliom,25
M_brain_D_F32_G16,1,Hipofiz tümörü,Hipofiz tümörü,858
M_brain_D_F32_G16,2,Meningiom,Meningiom,466
M_brain_D_F32_G16,2,Meningiom,Gliom,144
M_brain_D_F32_G16,2,Meningiom,Hipofiz tümörü,98
M_brain_D_F32_G16,2,Gliom,Meningiom,144
M_brain_D_F32_G16,2,Gliom,Gliom,1239
M_brain_D_F32_G16,2,Gliom,Hipofiz tümörü,43
M_brain_D_F32_G16,2,Hipofiz tümörü,Meningiom,51
M_brain_D_F32_G16,2,Hipofiz tümörü,Gliom,24
M_brain_D_F32_G16,2,Hipofiz tümörü,Hipofiz tümörü,855
M_brain_D_F32_G16,3,Meningiom,Meningiom,469
M_brain_D_F32_G16,3,Meningiom,Gliom,134
M_brain_D_F32_G16,3,Meningiom,Hipofiz tümörü,105
M_brain_D_F32_G16,3,Gliom,Meningiom,154
M_brain_D_F32_G16,3,Gliom,Gliom,1231
M_brain_D_F32_G16,3,Gliom,Hipofiz tümörü,41
M_brain_D_F32_G16,3,Hipofiz tümörü,Meningiom,48
M_brain_D_F32_G16,3,Hipofiz tümörü,Gliom,22
M_brain_D_F32_G16,3,Hipofiz tümörü,Hipofiz tümörü,860
M_brain_D_F32_G16,4,Meningiom,Meningiom,477
M_brain_D_F32_G16,4,Meningiom,Gliom,140
M_brain_D_F32_G16,4,Meningiom,Hipofiz tümörü,91
M_brain_D_F32_G16,4,Gliom,Meningiom,149
M_brain_D_F32_G16,4,Gliom,Gliom,1237
M_brain_D_F32_G16,4,Gliom,Hipofiz tümörü,40
M_brain_D_F32_G16,4,Hipofiz tümörü,Meningiom,48
M_brain_D_F32_G16,4,Hipofiz tümörü,Gliom,23
M_brain_D_F32_G16,4,Hipofiz tümörü,Hipofiz tümörü,859
M_brain_D_F64_G32,0,Meningiom,Meningiom,474
M_brain_D_F64_G32,0,Meningiom,Gliom,146
M_brain_D_F64_G32,0,Meningiom,Hipofiz tümörü,88
M_brain_D_F64_G32,0,Gliom,Meningiom,151
M_brain_D_F64_G32,0,Gliom,Gliom,1230
M_brain_D_F64_G32,0,Gliom,Hipofiz tümörü,45
M_brain_D_F64_G32,0,Hipofiz tümörü,Meningiom,53
M_brain_D_F64_G32,0,Hipofiz tümörü,Gliom,19
M_brain_D_F64_G32,0,Hipofiz tümörü,Hipofiz tümörü,858
M_brain_D_F64_G32,1,Meningiom,Meningiom,484
M_brain_D_F64_G32,1,Meningiom,Gliom,134
M_brain_D_F64_G32,1,Meningiom,Hipofiz tümörü,90
M_brain_D_F64_G32,1,Gliom,Meningiom,158
M_brain_D_F64_G32,1,Gliom,Gliom,1230
M_brain_D_F64_G32,1,Gliom,Hipofiz tümörü,38
M_brain_D_F64_G32,1,Hipofiz tümörü,Meningiom,55
M_brain_D_F64_G32,1,Hipofiz tümörü,Gliom,28
M_brain_D_F64_G32,1,Hipofiz tümörü,Hipofiz tümörü,847
M_brain_D_F64_G32,2,Meningiom,Meningiom,460
M_brain_D_F64_G32,2,Meningiom,Gliom,160
M_brain_D_F64_G32,2,Meningiom,Hipofiz tümörü,88
M_brain_D_F64_G32,2,Gliom,Meningiom,150
M_brain_D_F64_G32,2,Gliom,Gliom,1232
M_brain_D_F64_G32,2,Gliom,Hipofiz tümörü,44
M_brain_D_F64_G32,2,Hipofiz tümörü,Meningiom,60
M_brain_D_F64_G32,2,Hipofiz tümörü,Gliom,26
M_brain_D_F64_G32,2,Hipofiz tümörü,Hipofiz tümörü,844
M_brain_D_F64_G32,3,Meningiom,Meningiom,470
M_brain_D_F64_G32,3,Meningiom,Gliom,152
M_brain_D_F64_G32,3,Meningiom,Hipofiz tümörü,86
M_brain_D_F64_G32,3,Gliom,Meningiom,156
M_brain_D_F64_G32,3,Gliom,Gliom,1232
M_brain_D_F64_G32,3,Gliom,Hipofiz tümörü,38
M_brain_D_F64_G32,3,Hipofiz tümörü,Meningiom,51
M_brain_D_F64_G32,3,Hipofiz tümörü,Gliom,20
M_brain_D_F64_G32,3,Hipofiz tümörü,Hipofiz tümörü,859
M_brain_D_F64_G32,4,Meningiom,Meningiom,476
M_brain_D_F64_G32,4,Meningiom,Gliom,144
M_brain_D_F64_G32,4,Meningiom,Hipofiz tümörü,88
M_brain_D_F64_G32,4,Gliom,Meningiom,163
M_brain_D_F64_G32,4,Gliom,Gliom,1227
M_brain_D_F64_G32,4,Gliom,Hipofiz tümörü,36
M_brain_D_F64_G32,4,Hipofiz tümörü,Meningiom,58
M_brain_D_F64_G32,4,Hipofiz tümörü,Gliom,21
M_brain_D_F64_G32,4,Hipofiz tümörü,Hipofiz tümörü,851
M_brain_D_U64,0,Meningiom,Meningiom,306
M_brain_D_U64,0,Meningiom,Gliom,322
M_brain_D_U64,0,Meningiom,Hipofiz tümörü,80
M_brain_D_U64,0,Gliom,Meningiom,226
M_brain_D_U64,0,Gliom,Gliom,1147
M_brain_D_U64,0,Gliom,Hipofiz tümörü,53
M_brain_D_U64,0,Hipofiz tümörü,Meningiom,9
M_brain_D_U64,0,Hipofiz tümörü,Gliom,56
M_brain_D_U64,0,Hipofiz tümörü,Hipofiz tümörü,865
M_brain_D_U64,1,Meningiom,Meningiom,308
M_brain_D_U64,1,Meningiom,Gliom,322
M_brain_D_U64,1,Meningiom,Hipofiz tümörü,78
M_brain_D_U64,1,Gliom,Meningiom,209
M_brain_D_U64,1,Gliom,Gliom,1153
M_brain_D_U64,1,Gliom,Hipofiz tümörü,64
M_brain_D_U64,1,Hipofiz tümörü,Meningiom,15
M_brain_D_U64,1,Hipofiz tümörü,Gliom,48
M_brain_D_U64,1,Hipofiz tümörü,Hipofiz tümörü,867
M_brain_D_U64,2,Meningiom,Meningiom,317
M_brain_D_U64,2,Meningiom,Gliom,309
M_brain_D_U64,2,Meningiom,Hipofiz tümörü,82
M_brain_D_U64,2,Gliom,Meningiom,239
M_brain_D_U64,2,Gliom,Gliom,1138
M_brain_D_U64,2,Gliom,Hipofiz tümörü,49
M_brain_D_U64,2,Hipofiz tümörü,Meningiom,15
M_brain_D_U64,2,Hipofiz tümörü,Gliom,64
M_brain_D_U64,2,Hipofiz tümörü,Hipofiz tümörü,851
M_brain_D_U64,3,Meningiom,Meningiom,321
M_brain_D_U64,3,Meningiom,Gliom,304
M_brain_D_U64,3,Meningiom,Hipofiz tümörü,83
M_brain_D_U64,3,Gliom,Meningiom,213
M_brain_D_U64,3,Gliom,Gliom,1163
M_brain_D_U64,3,Gliom,Hipofiz tümörü,50
M_brain_D_U64,3,Hipofiz tümörü,Meningiom,14
M_brain_D_U64,3,Hipofiz tümörü,Gliom,61
M_brain_D_U64,3,Hipofiz tümörü,Hipofiz tümörü,855
M_brain_D_U64,4,Meningiom,Meningiom,337
M_brain_D_U64,4,Meningiom,Gliom,291
M_brain_D_U64,4,Meningiom,Hipofiz tümörü,80
M_brain_D_U64,4,Gliom,Meningiom,229
M_brain_D_U64,4,Gliom,Gliom,1148
M_brain_D_U64,4,Gliom,Hipofiz tümörü,49
M_brain_D_U64,4,Hipofiz tümörü,Meningiom,18
M_brain_D_U64,4,Hipofiz tümörü,Gliom,56
M_brain_D_U64,4,Hipofiz tümörü,Hipofiz tümörü,856
M_brain_D_U64_pencere,0,Meningiom,Meningiom,303
M_brain_D_U64_pencere,0,Meningiom,Gliom,322
M_brain_D_U64_pencere,0,Meningiom,Hipofiz tümörü,83
M_brain_D_U64_pencere,0,Gliom,Meningiom,223
M_brain_D_U64_pencere,0,Gliom,Gliom,1155
M_brain_D_U64_pencere,0,Gliom,Hipofiz tümörü,48
M_brain_D_U64_pencere,0,Hipofiz tümörü,Meningiom,15
M_brain_D_U64_pencere,0,Hipofiz tümörü,Gliom,52
M_brain_D_U64_pencere,0,Hipofiz tümörü,Hipofiz tümörü,863
M_brain_D_U64_pencere,1,Meningiom,Meningiom,334
M_brain_D_U64_pencere,1,Meningiom,Gliom,296
M_brain_D_U64_pencere,1,Meningiom,Hipofiz tümörü,78
M_brain_D_U64_pencere,1,Gliom,Meningiom,217
M_brain_D_U64_pencere,1,Gliom,Gliom,1152
M_brain_D_U64_pencere,1,Gliom,Hipofiz tümörü,57
M_brain_D_U64_pencere,1,Hipofiz tümörü,Meningiom,18
M_brain_D_U64_pencere,1,Hipofiz tümörü,Gliom,50
M_brain_D_U64_pencere,1,Hipofiz tümörü,Hipofiz tümörü,862
M_brain_D_U64_pencere,2,Meningiom,Meningiom,297
M_brain_D_U64_pencere,2,Meningiom,Gliom,327
M_brain_D_U64_pencere,2,Meningiom,Hipofiz tümörü,84
M_brain_D_U64_pencere,2,Gliom,Meningiom,195
M_brain_D_U64_pencere,2,Gliom,Gliom,1184
M_brain_D_U64_pencere,2,Gliom,Hipofiz tümörü,47
M_brain_D_U64_pencere,2,Hipofiz tümörü,Meningiom,11
M_brain_D_U64_pencere,2,Hipofiz tümörü,Gliom,62
M_brain_D_U64_pencere,2,Hipofiz tümörü,Hipofiz tümörü,857
M_brain_D_U64_pencere,3,Meningiom,Meningiom,316
M_brain_D_U64_pencere,3,Meningiom,Gliom,309
M_brain_D_U64_pencere,3,Meningiom,Hipofiz tümörü,83
M_brain_D_U64_pencere,3,Gliom,Meningiom,208
M_brain_D_U64_pencere,3,Gliom,Gliom,1164
M_brain_D_U64_pencere,3,Gliom,Hipofiz tümörü,54
M_brain_D_U64_pencere,3,Hipofiz tümörü,Meningiom,18
M_brain_D_U64_pencere,3,Hipofiz tümörü,Gliom,52
M_brain_D_U64_pencere,3,Hipofiz tümörü,Hipofiz tümörü,860
M_brain_D_U64_pencere,4,Meningiom,Meningiom,312
M_brain_D_U64_pencere,4,Meningiom,Gliom,309
M_brain_D_U64_pencere,4,Meningiom,Hipofiz tümörü,87
M_brain_D_U64_pencere,4,Gliom,Meningiom,227
M_brain_D_U64_pencere,4,Gliom,Gliom,1151
M_brain_D_U64_pencere,4,Gliom,Hipofiz tümörü,48
M_brain_D_U64_pencere,4,Hipofiz tümörü,Meningiom,21
M_brain_D_U64_pencere,4,Hipofiz tümörü,Gliom,61
M_brain_D_U64_pencere,4,Hipofiz tümörü,Hipofiz tümörü,848
M_brain_D2_U512,0,Meningiom,Meningiom,296
M_brain_D2_U512,0,Meningiom,Gliom,350
M_brain_D2_U512,0,Meningiom,Hipofiz tümörü,62
M_brain_D2_U512,0,Gliom,Meningiom,177
M_brain_D2_U512,0,Gliom,Gliom,1217
M_brain_D2_U512,0,Gliom,Hipofiz tümörü,32
M_brain_D2_U512,0,Hipofiz tümörü,Meningiom,36
M_brain_D2_U512,0,Hipofiz tümörü,Gliom,66
M_brain_D2_U512,0,Hipofiz tümörü,Hipofiz tümörü,828
M_brain_D2_U512,1,Meningiom,Meningiom,259
M_brain_D2_U512,1,Meningiom,Gliom,383
M_brain_D2_U512,1,Meningiom,Hipofiz tümörü,66
M_brain_D2_U512,1,Gliom,Meningiom,202
M_brain_D2_U512,1,Gliom,Gliom,1187
M_brain_D2_U512,1,Gliom,Hipofiz tümörü,37
M_brain_D2_U512,1,Hipofiz tümörü,Meningiom,16
M_brain_D2_U512,1,Hipofiz tümörü,Gliom,73
M_brain_D2_U512,1,Hipofiz tümörü,Hipofiz tümörü,841
M_brain_D2_U512,2,Meningiom,Meningiom,287
M_brain_D2_U512,2,Meningiom,Gliom,358
M_brain_D2_U512,2,Meningiom,Hipofiz tümörü,63
M_brain_D2_U512,2,Gliom,Meningiom,202
M_brain_D2_U512,2,Gliom,Gliom,1202
M_brain_D2_U512,2,Gliom,Hipofiz tümörü,22
M_brain_D2_U512,2,Hipofiz tümörü,Meningiom,30
M_brain_D2_U512,2,Hipofiz tümörü,Gliom,65
M_brain_D2_U512,2,Hipofiz tümörü,Hipofiz tümörü,835
M_brain_D2_U512,3,Meningiom,Meningiom,250
M_brain_D2_U512,3,Meningiom,Gliom,398
M_brain_D2_U512,3,Meningiom,Hipofiz tümörü,60
M_brain_D2_U512,3,Gliom,Meningiom,158
M_brain_D2_U512,3,Gliom,Gliom,1233
M_brain_D2_U512,3,Gliom,Hipofiz tümörü,35
M_brain_D2_U512,3,Hipofiz tümörü,Meningiom,27
M_brain_D2_U512,3,Hipofiz tümörü,Gliom,53
M_brain_D2_U512,3,Hipofiz tümörü,Hipofiz tümörü,850
M_brain_D2_U512,4,Meningiom,Meningiom,254
M_brain_D2_U512,4,Meningiom,Gliom,403
M_brain_D2_U512,4,Meningiom,Hipofiz tümörü,51
M_brain_D2_U512,4,Gliom,Meningiom,210
M_brain_D2_U512,4,Gliom,Gliom,1187
M_brain_D2_U512,4,Gliom,Hipofiz tümörü,29
M_brain_D2_U512,4,Hipofiz tümörü,Meningiom,31
M_brain_D2_U512,4,Hipofiz tümörü,Gliom,59
M_brain_D2_U512,4,Hipofiz tümörü,Hipofiz tümörü,840
M_brain_D2_F32_G16,0,Meningiom,Meningiom,394
M_brain_D2_F32_G16,0,Meningiom,Gliom,259
M_brain_D2_F32_G16,0,Meningiom,Hipofiz tümörü,55
M_brain_D2_F32_G16,0,Gliom,Meningiom,130
M_brain_D2_F32_G16,0,Gliom,Gliom,1273
M_brain_D2_F32_G16,0,Gliom,Hipofiz tümörü,23
M_brain_D2_F32_G16,0,Hipofiz tümörü,Meningiom,33
M_brain_D2_F32_G16,0,Hipofiz tümörü,Gliom,70
M_brain_D2_F32_G16,0,Hipofiz tümörü,Hipofiz tümörü,827
M_brain_D2_F32_G16,1,Meningiom,Meningiom,416
M_brain_D2_F32_G16,1,Meningiom,Gliom,248
M_brain_D2_F32_G16,1,Meningiom,Hipofiz tümörü,44
M_brain_D2_F32_G16,1,Gliom,Meningiom,149
M_brain_D2_F32_G16,1,Gliom,Gliom,1254
M_brain_D2_F32_G16,1,Gliom,Hipofiz tümörü,23
M_brain_D2_F32_G16,1,Hipofiz tümörü,Meningiom,52
M_brain_D2_F32_G16,1,Hipofiz tümörü,Gliom,67
M_brain_D2_F32_G16,1,Hipofiz tümörü,Hipofiz tümörü,811
M_brain_D2_F32_G16,2,Meningiom,Meningiom,402
M_brain_D2_F32_G16,2,Meningiom,Gliom,252
M_brain_D2_F32_G16,2,Meningiom,Hipofiz tümörü,54
M_brain_D2_F32_G16,2,Gliom,Meningiom,128
M_brain_D2_F32_G16,2,Gliom,Gliom,1260
M_brain_D2_F32_G16,2,Gliom,Hipofiz tümörü,38
M_brain_D2_F32_G16,2,Hipofiz tümörü,Meningiom,40
M_brain_D2_F32_G16,2,Hipofiz tümörü,Gliom,105
M_brain_D2_F32_G16,2,Hipofiz tümörü,Hipofiz tümörü,785
M_brain_D2_F32_G16,3,Meningiom,Meningiom,407
M_brain_D2_F32_G16,3,Meningiom,Gliom,252
M_brain_D2_F32_G16,3,Meningiom,Hipofiz tümörü,49
M_brain_D2_F32_G16,3,Gliom,Meningiom,135
M_brain_D2_F32_G16,3,Gliom,Gliom,1273
M_brain_D2_F32_G16,3,Gliom,Hipofiz tümörü,18
M_brain_D2_F32_G16,3,Hipofiz tümörü,Meningiom,49
M_brain_D2_F32_G16,3,Hipofiz tümörü,Gliom,85
M_brain_D2_F32_G16,3,Hipofiz tümörü,Hipofiz tümörü,796
M_brain_D2_F32_G16,4,Meningiom,Meningiom,389
M_brain_D2_F32_G16,4,Meningiom,Gliom,267
M_brain_D2_F32_G16,4,Meningiom,Hipofiz tümörü,52
M_brain_D2_F32_G16,4,Gliom,Meningiom,127
M_brain_D2_F32_G16,4,Gliom,Gliom,1274
M_brain_D2_F32_G16,4,Gliom,Hipofiz tümörü,25
M_brain_D2_F32_G16,4,Hipofiz tümörü,Meningiom,35
M_brain_D2_F32_G16,4,Hipofiz tümörü,Gliom,81
M_brain_D2_F32_G16,4,Hipofiz tümörü,Hipofiz tümörü,814
M_brain_D2_F64_G32,0,Meningiom,Meningiom,394
M_brain_D2_F64_G32,0,Meningiom,Gliom,263
M_brain_D2_F64_G32,0,Meningiom,Hipofiz tümörü,51
M_brain_D2_F64_G32,0,Gliom,Meningiom,145
M_brain_D2_F64_G32,0,Gliom,Gliom,1255
M_brain_D2_F64_G32,0,Gliom,Hipofiz tümörü,26
M_brain_D2_F64_G32,0,Hipofiz tümörü,Meningiom,38
M_brain_D2_F64_G32,0,Hipofiz tümörü,Gliom,94
M_brain_D2_F64_G32,0,Hipofiz tümörü,Hipofiz tümörü,798
M_brain_D2_F64_G32,1,Meningiom,Meningiom,413
M_brain_D2_F64_G32,1,Meningiom,Gliom,237
M_brain_D2_F64_G32,1,Meningiom,Hipofiz tümörü,58
M_brain_D2_F64_G32,1,Gliom,Meningiom,165
M_brain_D2_F64_G32,1,Gliom,Gliom,1237
M_brain_D2_F64_G32,1,Gliom,Hipofiz tümörü,24
M_brain_D2_F64_G32,1,Hipofiz tümörü,Meningiom,52
M_brain_D2_F64_G32,1,Hipofiz tümörü,Gliom,82
M_brain_D2_F64_G32,1,Hipofiz tümörü,Hipofiz tümörü,796
M_brain_D2_F64_G32,2,Meningiom,Meningiom,399
M_brain_D2_F64_G32,2,Meningiom,Gliom,251
M_brain_D2_F64_G32,2,Meningiom,Hipofiz tümörü,58
M_brain_D2_F64_G32,2,Gliom,Meningiom,134
M_brain_D2_F64_G32,2,Gliom,Gliom,1259
M_brain_D2_F64_G32,2,Gliom,Hipofiz tümörü,33
M_brain_D2_F64_G32,2,Hipofiz tümörü,Meningiom,48
M_brain_D2_F64_G32,2,Hipofiz tümörü,Gliom,76
M_brain_D2_F64_G32,2,Hipofiz tümörü,Hipofiz tümörü,806
M_brain_D2_F64_G32,3,Meningiom,Meningiom,403
M_brain_D2_F64_G32,3,Meningiom,Gliom,262
M_brain_D2_F64_G32,3,Meningiom,Hipofiz tümörü,43
M_brain_D2_F64_G32,3,Gliom,Meningiom,130
M_brain_D2_F64_G32,3,Gliom,Gliom,1275
M_brain_D2_F64_G32,3,Gliom,Hipofiz tümörü,21
M_brain_D2_F64_G32,3,Hipofiz tümörü,Meningiom,49
M_brain_D2_F64_G32,3,Hipofiz tümörü,Gliom,90
M_brain_D2_F64_G32,3,Hipofiz tümörü,Hipofiz tümörü,791
M_brain_D2_F64_G32,4,Meningiom,Meningiom,398
M_brain_D2_F64_G32,4,Meningiom,Gliom,266
M_brain_D2_F64_G32,4,Meningiom,Hipofiz tümörü,44
M_brain_D2_F64_G32,4,Gliom,Meningiom,130
M_brain_D2_F64_G32,4,Gliom,Gliom,1270
M_brain_D2_F64_G32,4,Gliom,Hipofiz tümörü,26
M_brain_D2_F64_G32,4,Hipofiz tümörü,Meningiom,37
M_brain_D2_F64_G32,4,Hipofiz tümörü,Gliom,73
M_brain_D2_F64_G32,4,Hipofiz tümörü,Hipofiz tümörü,820
M_brain_D2_U64,0,Meningiom,Meningiom,242
M_brain_D2_U64,0,Meningiom,Gliom,420
M_brain_D2_U64,0,Meningiom,Hipofiz tümörü,46
M_brain_D2_U64,0,Gliom,Meningiom,167
M_brain_D2_U64,0,Gliom,Gliom,1233
M_brain_D2_U64,0,Gliom,Hipofiz tümörü,26
M_brain_D2_U64,0,Hipofiz tümörü,Meningiom,23
M_brain_D2_U64,0,Hipofiz tümörü,Gliom,61
M_brain_D2_U64,0,Hipofiz tümörü,Hipofiz tümörü,846
M_brain_D2_U64,1,Meningiom,Meningiom,269
M_brain_D2_U64,1,Meningiom,Gliom,388
M_brain_D2_U64,1,Meningiom,Hipofiz tümörü,51
M_brain_D2_U64,1,Gliom,Meningiom,196
M_brain_D2_U64,1,Gliom,Gliom,1190
M_brain_D2_U64,1,Gliom,Hipofiz tümörü,40
M_brain_D2_U64,1,Hipofiz tümörü,Meningiom,17
M_brain_D2_U64,1,Hipofiz tümörü,Gliom,60
M_brain_D2_U64,1,Hipofiz tümörü,Hipofiz tümörü,853
M_brain_D2_U64,2,Meningiom,Meningiom,239
M_brain_D2_U64,2,Meningiom,Gliom,418
M_brain_D2_U64,2,Meningiom,Hipofiz tümörü,51
M_brain_D2_U64,2,Gliom,Meningiom,170
M_brain_D2_U64,2,Gliom,Gliom,1218
M_brain_D2_U64,2,Gliom,Hipofiz tümörü,38
M_brain_D2_U64,2,Hipofiz tümörü,Meningiom,22
M_brain_D2_U64,2,Hipofiz tümörü,Gliom,72
M_brain_D2_U64,2,Hipofiz tümörü,Hipofiz tümörü,836
M_brain_D2_U64,3,Meningiom,Meningiom,275
M_brain_D2_U64,3,Meningiom,Gliom,387
M_brain_D2_U64,3,Meningiom,Hipofiz tümörü,46
M_brain_D2_U64,3,Gliom,Meningiom,214
M_brain_D2_U64,3,Gliom,Gliom,1174
M_brain_D2_U64,3,Gliom,Hipofiz tümörü,38
M_brain_D2_U64,3,Hipofiz tümörü,Meningiom,24
M_brain_D2_U64,3,Hipofiz tümörü,Gliom,68
M_brain_D2_U64,3,Hipofiz tümörü,Hipofiz tümörü,838
M_brain_D2_U64,4,Meningiom,Meningiom,266
M_brain_D2_U64,4,Meningiom,Gliom,385
M_brain_D2_U64,4,Meningiom,Hipofiz tümörü,57
M_brain_D2_U64,4,Gliom,Meningiom,169
M_brain_D2_U64,4,Gliom,Gliom,1204
M_brain_D2_U64,4,Gliom,Hipofiz tümörü,53
M_brain_D2_U64,4,Hipofiz tümörü,Meningiom,27
M_brain_D2_U64,4,Hipofiz tümörü,Gliom,59
M_brain_D2_U64,4,Hipofiz tümörü,Hipofiz tümörü,844
M_brain_D2_U64_pencere,0,Meningiom,Meningiom,271
M_brain_D2_U64_pencere,0,Meningiom,Gliom,389
M_brain_D2_U64_pencere,0,Meningiom,Hipofiz tümörü,48
M_brain_D2_U64_pencere,0,Gliom,Meningiom,224
M_brain_D2_U64_pencere,0,Gliom,Gliom,1179
M_brain_D2_U64_pencere,0,Gliom,Hipofiz tümörü,23
M_brain_D2_U64_pencere,0,Hipofiz tümörü,Meningiom,22
M_brain_D2_U64_pencere,0,Hipofiz tümörü,Gliom,89
M_brain_D2_U64_pencere,0,Hipofiz tümörü,Hipofiz tümörü,819
M_brain_D2_U64_pencere,1,Meningiom,Meningiom,283
M_brain_D2_U64_pencere,1,Meningiom,Gliom,372
M_brain_D2_U64_pencere,1,Meningiom,Hipofiz tümörü,53
M_brain_D2_U64_pencere,1,Gliom,Meningiom,204
M_brain_D2_U64_pencere,1,Gliom,Gliom,1191
M_brain_D2_U64_pencere,1,Gliom,Hipofiz tümörü,31
M_brain_D2_U64_pencere,1,Hipofiz tümörü,Meningiom,38
M_brain_D2_U64_pencere,1,Hipofiz tümörü,Gliom,51
M_brain_D2_U64_pencere,1,Hipofiz tümörü,Hipofiz tümörü,841
M_brain_D2_U64_pencere,2,Meningiom,Meningiom,305
M_brain_D2_U64_pencere,2,Meningiom,Gliom,352
M_brain_D2_U64_pencere,2,Meningiom,Hipofiz tümörü,51
M_brain_D2_U64_pencere,2,Gliom,Meningiom,222
M_brain_D2_U64_pencere,2,Gliom,Gliom,1181
M_brain_D2_U64_pencere,2,Gliom,Hipofiz tümörü,23
M_brain_D2_U64_pencere,2,Hipofiz tümörü,Meningiom,42
M_brain_D2_U64_pencere,2,Hipofiz tümörü,Gliom,67
M_brain_D2_U64_pencere,2,Hipofiz tümörü,Hipofiz tümörü,821
M_brain_D2_U64_pencere,3,Meningiom,Meningiom,308
M_brain_D2_U64_pencere,3,Meningiom,Gliom,354
M_brain_D2_U64_pencere,3,Meningiom,Hipofiz tümörü,46
M_brain_D2_U64_pencere,3,Gliom,Meningiom,217
M_brain_D2_U64_pencere,3,Gliom,Gliom,1176
M_brain_D2_U64_pencere,3,Gliom,Hipofiz tümörü,33
M_brain_D2_U64_pencere,3,Hipofiz tümörü,Meningiom,49
M_brain_D2_U64_pencere,3,Hipofiz tümörü,Gliom,76
M_brain_D2_U64_pencere,3,Hipofiz tümörü,Hipofiz tümörü,805
M_brain_D2_U64_pencere,4,Meningiom,Meningiom,288
M_brain_D2_U64_pencere,4,Meningiom,Gliom,362
M_brain_D2_U64_pencere,4,Meningiom,Hipofiz tümörü,58
M_brain_D2_U64_pencere,4,Gliom,Meningiom,201
M_brain_D2_U64_pencere,4,Gliom,Gliom,1179
M_brain_D2_U64_pencere,4,Gliom,Hipofiz tümörü,46
M_brain_D2_U64_pencere,4,Hipofiz tümörü,Meningiom,41
M_brain_D2_U64_pencere,4,Hipofiz tümörü,Gliom,38
M_brain_D2_U64_pencere,4,Hipofiz tümörü,Hipofiz tümörü,851
M_brain_C_U512,0,Meningiom,Meningiom,230
M_brain_C_U512,0,Meningiom,Gliom,400
M_brain_C_U512,0,Meningiom,Hipofiz tümörü,78
M_brain_C_U512,0,Gliom,Meningiom,222
M_brain_C_U512,0,Gliom,Gliom,1109
M_brain_C_U512,0,Gliom,Hipofiz tümörü,95
M_brain_C_U512,0,Hipofiz tümörü,Meningiom,31
M_brain_C_U512,0,Hipofiz tümörü,Gliom,88
M_brain_C_U512,0,Hipofiz tümörü,Hipofiz tümörü,811
M_brain_C_U512,1,Meningiom,Meningiom,257
M_brain_C_U512,1,Meningiom,Gliom,389
M_brain_C_U512,1,Meningiom,Hipofiz tümörü,62
M_brain_C_U512,1,Gliom,Meningiom,213
M_brain_C_U512,1,Gliom,Gliom,1153
M_brain_C_U512,1,Gliom,Hipofiz tümörü,60
M_brain_C_U512,1,Hipofiz tümörü,Meningiom,44
M_brain_C_U512,1,Hipofiz tümörü,Gliom,54
M_brain_C_U512,1,Hipofiz tümörü,Hipofiz tümörü,832
M_brain_C_U512,2,Meningiom,Meningiom,263
M_brain_C_U512,2,Meningiom,Gliom,365
M_brain_C_U512,2,Meningiom,Hipofiz tümörü,80
M_brain_C_U512,2,Gliom,Meningiom,225
M_brain_C_U512,2,Gliom,Gliom,1126
M_brain_C_U512,2,Gliom,Hipofiz tümörü,75
M_brain_C_U512,2,Hipofiz tümörü,Meningiom,25
M_brain_C_U512,2,Hipofiz tümörü,Gliom,62
M_brain_C_U512,2,Hipofiz tümörü,Hipofiz tümörü,843
M_brain_C_U512,3,Meningiom,Meningiom,258
M_brain_C_U512,3,Meningiom,Gliom,382
M_brain_C_U512,3,Meningiom,Hipofiz tümörü,68
M_brain_C_U512,3,Gliom,Meningiom,258
M_brain_C_U512,3,Gliom,Gliom,1106
M_brain_C_U512,3,Gliom,Hipofiz tümörü,62
M_brain_C_U512,3,Hipofiz tümörü,Meningiom,31
M_brain_C_U512,3,Hipofiz tümörü,Gliom,45
M_brain_C_U512,3,Hipofiz tümörü,Hipofiz tümörü,854
M_brain_C_U512,4,Meningiom,Meningiom,262
M_brain_C_U512,4,Meningiom,Gliom,378
M_brain_C_U512,4,Meningiom,Hipofiz tümörü,68
M_brain_C_U512,4,Gliom,Meningiom,219
M_brain_C_U512,4,Gliom,Gliom,1128
M_brain_C_U512,4,Gliom,Hipofiz tümörü,79
M_brain_C_U512,4,Hipofiz tümörü,Meningiom,29
M_brain_C_U512,4,Hipofiz tümörü,Gliom,77
M_brain_C_U512,4,Hipofiz tümörü,Hipofiz tümörü,824
M_brain_C_F32_G16,0,Meningiom,Meningiom,472
M_brain_C_F32_G16,0,Meningiom,Gliom,155
M_brain_C_F32_G16,0,Meningiom,Hipofiz tümörü,81
M_brain_C_F32_G16,0,Gliom,Meningiom,110
M_brain_C_F32_G16,0,Gliom,Gliom,1283
M_brain_C_F32_G16,0,Gliom,Hipofiz tümörü,33
M_brain_C_F32_G16,0,Hipofiz tümörü,Meningiom,49
M_brain_C_F32_G16,0,Hipofiz tümörü,Gliom,31
M_brain_C_F32_G16,0,Hipofiz tümörü,Hipofiz tümörü,850
M_brain_C_F32_G16,1,Meningiom,Meningiom,472
M_brain_C_F32_G16,1,Meningiom,Gliom,167
M_brain_C_F32_G16,1,Meningiom,Hipofiz tümörü,69
M_brain_C_F32_G16,1,Gliom,Meningiom,133
M_brain_C_F32_G16,1,Gliom,Gliom,1264
M_brain_C_F32_G16,1,Gliom,Hipofiz tümörü,29
M_brain_C_F32_G16,1,Hipofiz tümörü,Meningiom,64
M_brain_C_F32_G16,1,Hipofiz tümörü,Gliom,44
M_brain_C_F32_G16,1,Hipofiz tümörü,Hipofiz tümörü,822
M_brain_C_F32_G16,2,Meningiom,Meningiom,438
M_brain_C_F32_G16,2,Meningiom,Gliom,189
M_brain_C_F32_G16,2,Meningiom,Hipofiz tümörü,81
M_brain_C_F32_G16,2,Gliom,Meningiom,125
M_brain_C_F32_G16,2,Gliom,Gliom,1273
M_brain_C_F32_G16,2,Gliom,Hipofiz tümörü,28
M_brain_C_F32_G16,2,Hipofiz tümörü,Meningiom,62
M_brain_C_F32_G16,2,Hipofiz tümörü,Gliom,49
M_brain_C_F32_G16,2,Hipofiz tümörü,Hipofiz tümörü,819
M_brain_C_F32_G16,3,Meningiom,Meningiom,483
M_brain_C_F32_G16,3,Meningiom,Gliom,157
M_brain_C_F32_G16,3,Meningiom,Hipofiz tümörü,68
M_brain_C_F32_G16,3,Gliom,Meningiom,106
M_brain_C_F32_G16,3,Gliom,Gliom,1297
M_brain_C_F32_G16,3,Gliom,Hipofiz tümörü,23
M_brain_C_F32_G16,3,Hipofiz tümörü,Meningiom,68
M_brain_C_F32_G16,3,Hipofiz tümörü,Gliom,42
M_brain_C_F32_G16,3,Hipofiz tümörü,Hipofiz tümörü,820
M_brain_C_F32_G16,4,Meningiom,Meningiom,496
M_brain_C_F32_G16,4,Meningiom,Gliom,138
M_brain_C_F32_G16,4,Meningiom,Hipofiz tümörü,74
M_brain_C_F32_G16,4,Gliom,Meningiom,136
M_brain_C_F32_G16,4,Gliom,Gliom,1271
M_brain_C_F32_G16,4,Gliom,Hipofiz tümörü,19
M_brain_C_F32_G16,4,Hipofiz tümörü,Meningiom,72
M_brain_C_F32_G16,4,Hipofiz tümörü,Gliom,32
M_brain_C_F32_G16,4,Hipofiz tümörü,Hipofiz tümörü,826
M_brain_C_F64_G32,0,Meningiom,Meningiom,406
M_brain_C_F64_G32,0,Meningiom,Gliom,238
M_brain_C_F64_G32,0,Meningiom,Hipofiz tümörü,64
M_brain_C_F64_G32,0,Gliom,Meningiom,180
M_brain_C_F64_G32,0,Gliom,Gliom,1220
M_brain_C_F64_G32,0,Gliom,Hipofiz tümörü,26
M_brain_C_F64_G32,0,Hipofiz tümörü,Meningiom,47
M_brain_C_F64_G32,0,Hipofiz tümörü,Gliom,33
M_brain_C_F64_G32,0,Hipofiz tümörü,Hipofiz tümörü,850
M_brain_C_F64_G32,1,Meningiom,Meningiom,491
M_brain_C_F64_G32,1,Meningiom,Gliom,148
M_brain_C_F64_G32,1,Meningiom,Hipofiz tümörü,69
M_brain_C_F64_G32,1,Gliom,Meningiom,113
M_brain_C_F64_G32,1,Gliom,Gliom,1276
M_brain_C_F64_G32,1,Gliom,Hipofiz tümörü,37
M_brain_C_F64_G32,1,Hipofiz tümörü,Meningiom,50
M_brain_C_F64_G32,1,Hipofiz tümörü,Gliom,26
M_brain_C_F64_G32,1,Hipofiz tümörü,Hipofiz tümörü,854
M_brain_C_F64_G32,2,Meningiom,Meningiom,380
M_brain_C_F64_G32,2,Meningiom,Gliom,252
M_brain_C_F64_G32,2,Meningiom,Hipofiz tümörü,76
M_brain_C_F64_G32,2,Gliom,Meningiom,177
M_brain_C_F64_G32,2,Gliom,Gliom,1207
M_brain_C_F64_G32,2,Gliom,Hipofiz tümörü,42
M_brain_C_F64_G32,2,Hipofiz tümörü,Meningiom,35
M_brain_C_F64_G32,2,Hipofiz tümörü,Gliom,38
M_brain_C_F64_G32,2,Hipofiz tümörü,Hipofiz tümörü,857
M_brain_C_F64_G32,3,Meningiom,Meningiom,400
M_brain_C_F64_G32,3,Meningiom,Gliom,234
M_brain_C_F64_G32,3,Meningiom,Hipofiz tümörü,74
M_brain_C_F64_G32,3,Gliom,Meningiom,144
M_brain_C_F64_G32,3,Gliom,Gliom,1249
M_brain_C_F64_G32,3,Gliom,Hipofiz tümörü,33
M_brain_C_F64_G32,3,Hipofiz tümörü,Meningiom,64
M_brain_C_F64_G32,3,Hipofiz tümörü,Gliom,40
M_brain_C_F64_G32,3,Hipofiz tümörü,Hipofiz tümörü,826
M_brain_C_F64_G32,4,Meningiom,Meningiom,442
M_brain_C_F64_G32,4,Meningiom,Gliom,193
M_brain_C_F64_G32,4,Meningiom,Hipofiz tümörü,73
M_brain_C_F64_G32,4,Gliom,Meningiom,142
M_brain_C_F64_G32,4,Gliom,Gliom,1246
M_brain_C_F64_G32,4,Gliom,Hipofiz tümörü,38
M_brain_C_F64_G32,4,Hipofiz tümörü,Meningiom,60
M_brain_C_F64_G32,4,Hipofiz tümörü,Gliom,33
M_brain_C_F64_G32,4,Hipofiz tümörü,Hipofiz tümörü,837
M_brain_C_U64,0,Meningiom,Meningiom,219
M_brain_C_U64,0,Meningiom,Gliom,413
M_brain_C_U64,0,Meningiom,Hipofiz tümörü,76
M_brain_C_U64,0,Gliom,Meningiom,223
M_brain_C_U64,0,Gliom,Gliom,1143
M_brain_C_U64,0,Gliom,Hipofiz tümörü,60
M_brain_C_U64,0,Hipofiz tümörü,Meningiom,23
M_brain_C_U64,0,Hipofiz tümörü,Gliom,70
M_brain_C_U64,0,Hipofiz tümörü,Hipofiz tümörü,837
M_brain_C_U64,1,Meningiom,Meningiom,254
M_brain_C_U64,1,Meningiom,Gliom,375
M_brain_C_U64,1,Meningiom,Hipofiz tümörü,79
M_brain_C_U64,1,Gliom,Meningiom,244
M_brain_C_U64,1,Gliom,Gliom,1096
M_brain_C_U64,1,Gliom,Hipofiz tümörü,86
M_brain_C_U64,1,Hipofiz tümörü,Meningiom,41
M_brain_C_U64,1,Hipofiz tümörü,Gliom,75
M_brain_C_U64,1,Hipofiz tümörü,Hipofiz tümörü,814
M_brain_C_U64,2,Meningiom,Meningiom,227
M_brain_C_U64,2,Meningiom,Gliom,413
M_brain_C_U64,2,Meningiom,Hipofiz tümörü,68
M_brain_C_U64,2,Gliom,Meningiom,209
M_brain_C_U64,2,Gliom,Gliom,1150
M_brain_C_U64,2,Gliom,Hipofiz tümörü,67
M_brain_C_U64,2,Hipofiz tümörü,Meningiom,32
M_brain_C_U64,2,Hipofiz tümörü,Gliom,85
M_brain_C_U64,2,Hipofiz tümörü,Hipofiz tümörü,813
M_brain_C_U64,3,Meningiom,Meningiom,280
M_brain_C_U64,3,Meningiom,Gliom,362
M_brain_C_U64,3,Meningiom,Hipofiz tümörü,66
M_brain_C_U64,3,Gliom,Meningiom,247
M_brain_C_U64,3,Gliom,Gliom,1120
M_brain_C_U64,3,Gliom,Hipofiz tümörü,59
M_brain_C_U64,3,Hipofiz tümörü,Meningiom,50
M_brain_C_U64,3,Hipofiz tümörü,Gliom,69
M_brain_C_U64,3,Hipofiz tümörü,Hipofiz tümörü,811
M_brain_C_U64,4,Meningiom,Meningiom,249
M_brain_C_U64,4,Meningiom,Gliom,374
M_brain_C_U64,4,Meningiom,Hipofiz tümörü,85
M_brain_C_U64,4,Gliom,Meningiom,213
M_brain_C_U64,4,Gliom,Gliom,1154
M_brain_C_U64,4,Gliom,Hipofiz tümörü,59
M_brain_C_U64,4,Hipofiz tümörü,Meningiom,34
M_brain_C_U64,4,Hipofiz tümörü,Gliom,82
M_brain_C_U64,4,Hipofiz tümörü,Hipofiz tümörü,814
M_brain_C_U64_pencere,0,Meningiom,Meningiom,219
M_brain_C_U64_pencere,0,Meningiom,Gliom,414
M_brain_C_U64_pencere,0,Meningiom,Hipofiz tümörü,75
M_brain_C_U64_pencere,0,Gliom,Meningiom,190
M_brain_C_U64_pencere,0,Gliom,Gliom,1181
M_brain_C_U64_pencere,0,Gliom,Hipofiz tümörü,55
M_brain_C_U64_pencere,0,Hipofiz tümörü,Meningiom,36
M_brain_C_U64_pencere,0,Hipofiz tümörü,Gliom,65
M_brain_C_U64_pencere,0,Hipofiz tümörü,Hipofiz tümörü,829
M_brain_C_U64_pencere,1,Meningiom,Meningiom,273
M_brain_C_U64_pencere,1,Meningiom,Gliom,355
M_brain_C_U64_pencere,1,Meningiom,Hipofiz tümörü,80
M_brain_C_U64_pencere,1,Gliom,Meningiom,253
M_brain_C_U64_pencere,1,Gliom,Gliom,1086
M_brain_C_U64_pencere,1,Gliom,Hipofiz tümörü,87
M_brain_C_U64_pencere,1,Hipofiz tümörü,Meningiom,52
M_brain_C_U64_pencere,1,Hipofiz tümörü,Gliom,68
M_brain_C_U64_pencere,1,Hipofiz tümörü,Hipofiz tümörü,810
M_brain_C_U64_pencere,2,Meningiom,Meningiom,229
M_brain_C_U64_pencere,2,Meningiom,Gliom,402
M_brain_C_U64_pencere,2,Meningiom,Hipofiz tümörü,77
M_brain_C_U64_pencere,2,Gliom,Meningiom,217
M_brain_C_U64_pencere,2,Gliom,Gliom,1150
M_brain_C_U64_pencere,2,Gliom,Hipofiz tümörü,59
M_brain_C_U64_pencere,2,Hipofiz tümörü,Meningiom,31
M_brain_C_U64_pencere,2,Hipofiz tümörü,Gliom,66
M_brain_C_U64_pencere,2,Hipofiz tümörü,Hipofiz tümörü,833
M_brain_C_U64_pencere,3,Meningiom,Meningiom,296
M_brain_C_U64_pencere,3,Meningiom,Gliom,347
M_brain_C_U64_pencere,3,Meningiom,Hipofiz tümörü,65
M_brain_C_U64_pencere,3,Gliom,Meningiom,279
M_brain_C_U64_pencere,3,Gliom,Gliom,1095
M_brain_C_U64_pencere,3,Gliom,Hipofiz tümörü,52
M_brain_C_U64_pencere,3,Hipofiz tümörü,Meningiom,37
M_brain_C_U64_pencere,3,Hipofiz tümörü,Gliom,61
M_brain_C_U64_pencere,3,Hipofiz tümörü,Hipofiz tümörü,832
M_brain_C_U64_pencere,4,Meningiom,Meningiom,282
M_brain_C_U64_pencere,4,Meningiom,Gliom,354
M_brain_C_U64_pencere,4,Meningiom,Hipofiz tümörü,72
M_brain_C_U64_pencere,4,Gliom,Meningiom,228
M_brain_C_U64_pencere,4,Gliom,Gliom,1126
M_brain_C_U64_pencere,4,Gliom,Hipofiz tümörü,72
M_brain_C_U64_pencere,4,Hipofiz tümörü,Meningiom,64
M_brain_C_U64_pencere,4,Hipofiz tümörü,Gliom,74
M_brain_C_U64_pencere,4,Hipofiz tümörü,Hipofiz tümörü,792
M_covidqu_D_U256,0,COVID-19,COVID-19,1859
M_covidqu_D_U256,0,COVID-19,COVID dışı pnömoni,312
M_covidqu_D_U256,0,COVID-19,Normal,224
M_covidqu_D_U256,0,COVID dışı pnömoni,COVID-19,275
M_covidqu_D_U256,0,COVID dışı pnömoni,COVID dışı pnömoni,1716
M_covidqu_D_U256,0,COVID dışı pnömoni,Normal,262
M_covidqu_D_U256,0,Normal,COVID-19,274
M_covidqu_D_U256,0,Normal,COVID dışı pnömoni,266
M_covidqu_D_U256,0,Normal,Normal,1600
M_covidqu_D_U256,1,COVID-19,COVID-19,1781
M_covidqu_D_U256,1,COVID-19,COVID dışı pnömoni,374
M_covidqu_D_U256,1,COVID-19,Normal,240
M_covidqu_D_U256,1,COVID dışı pnömoni,COVID-19,259
M_covidqu_D_U256,1,COVID dışı pnömoni,COVID dışı pnömoni,1793
M_covidqu_D_U256,1,COVID dışı pnömoni,Normal,201
M_covidqu_D_U256,1,Normal,COVID-19,264
M_covidqu_D_U256,1,Normal,COVID dışı pnömoni,343
M_covidqu_D_U256,1,Normal,Normal,1533
M_covidqu_D_U256,2,COVID-19,COVID-19,1732
M_covidqu_D_U256,2,COVID-19,COVID dışı pnömoni,361
M_covidqu_D_U256,2,COVID-19,Normal,302
M_covidqu_D_U256,2,COVID dışı pnömoni,COVID-19,236
M_covidqu_D_U256,2,COVID dışı pnömoni,COVID dışı pnömoni,1765
M_covidqu_D_U256,2,COVID dışı pnömoni,Normal,252
M_covidqu_D_U256,2,Normal,COVID-19,236
M_covidqu_D_U256,2,Normal,COVID dışı pnömoni,385
M_covidqu_D_U256,2,Normal,Normal,1519
M_covidqu_D_U256,3,COVID-19,COVID-19,1835
M_covidqu_D_U256,3,COVID-19,COVID dışı pnömoni,356
M_covidqu_D_U256,3,COVID-19,Normal,204
M_covidqu_D_U256,3,COVID dışı pnömoni,COVID-19,233
M_covidqu_D_U256,3,COVID dışı pnömoni,COVID dışı pnömoni,1813
M_covidqu_D_U256,3,COVID dışı pnömoni,Normal,207
M_covidqu_D_U256,3,Normal,COVID-19,276
M_covidqu_D_U256,3,Normal,COVID dışı pnömoni,354
M_covidqu_D_U256,3,Normal,Normal,1510
M_covidqu_D_U256,4,COVID-19,COVID-19,1850
M_covidqu_D_U256,4,COVID-19,COVID dışı pnömoni,318
M_covidqu_D_U256,4,COVID-19,Normal,227
M_covidqu_D_U256,4,COVID dışı pnömoni,COVID-19,300
M_covidqu_D_U256,4,COVID dışı pnömoni,COVID dışı pnömoni,1707
M_covidqu_D_U256,4,COVID dışı pnömoni,Normal,246
M_covidqu_D_U256,4,Normal,COVID-19,265
M_covidqu_D_U256,4,Normal,COVID dışı pnömoni,275
M_covidqu_D_U256,4,Normal,Normal,1600
M_covidqu_D_F32_G16,0,COVID-19,COVID-19,1827
M_covidqu_D_F32_G16,0,COVID-19,COVID dışı pnömoni,300
M_covidqu_D_F32_G16,0,COVID-19,Normal,268
M_covidqu_D_F32_G16,0,COVID dışı pnömoni,COVID-19,325
M_covidqu_D_F32_G16,0,COVID dışı pnömoni,COVID dışı pnömoni,1779
M_covidqu_D_F32_G16,0,COVID dışı pnömoni,Normal,149
M_covidqu_D_F32_G16,0,Normal,COVID-19,320
M_covidqu_D_F32_G16,0,Normal,COVID dışı pnömoni,211
M_covidqu_D_F32_G16,0,Normal,Normal,1609
M_covidqu_D_F32_G16,1,COVID-19,COVID-19,1762
M_covidqu_D_F32_G16,1,COVID-19,COVID dışı pnömoni,374
M_covidqu_D_F32_G16,1,COVID-19,Normal,259
M_covidqu_D_F32_G16,1,COVID dışı pnömoni,COVID-19,243
M_covidqu_D_F32_G16,1,COVID dışı pnömoni,COVID dışı pnömoni,1846
M_covidqu_D_F32_G16,1,COVID dışı pnömoni,Normal,164
M_covidqu_D_F32_G16,1,Normal,COVID-19,329
M_covidqu_D_F32_G16,1,Normal,COVID dışı pnömoni,170
M_covidqu_D_F32_G16,1,Normal,Normal,1641
M_covidqu_D_F32_G16,2,COVID-19,COVID-19,1760
M_covidqu_D_F32_G16,2,COVID-19,COVID dışı pnömoni,348
M_covidqu_D_F32_G16,2,COVID-19,Normal,287
M_covidqu_D_F32_G16,2,COVID dışı pnömoni,COVID-19,273
M_covidqu_D_F32_G16,2,COVID dışı pnömoni,COVID dışı pnömoni,1824
M_covidqu_D_F32_G16,2,COVID dışı pnömoni,Normal,156
M_covidqu_D_F32_G16,2,Normal,COVID-19,301
M_covidqu_D_F32_G16,2,Normal,COVID dışı pnömoni,212
M_covidqu_D_F32_G16,2,Normal,Normal,1627
M_covidqu_D_F32_G16,3,COVID-19,COVID-19,1713
M_covidqu_D_F32_G16,3,COVID-19,COVID dışı pnömoni,356
M_covidqu_D_F32_G16,3,COVID-19,Normal,326
M_covidqu_D_F32_G16,3,COVID dışı pnömoni,COVID-19,269
M_covidqu_D_F32_G16,3,COVID dışı pnömoni,COVID dışı pnömoni,1826
M_covidqu_D_F32_G16,3,COVID dışı pnömoni,Normal,158
M_covidqu_D_F32_G16,3,Normal,COVID-19,298
M_covidqu_D_F32_G16,3,Normal,COVID dışı pnömoni,195
M_covidqu_D_F32_G16,3,Normal,Normal,1647
M_covidqu_D_F32_G16,4,COVID-19,COVID-19,1764
M_covidqu_D_F32_G16,4,COVID-19,COVID dışı pnömoni,336
M_covidqu_D_F32_G16,4,COVID-19,Normal,295
M_covidqu_D_F32_G16,4,COVID dışı pnömoni,COVID-19,304
M_covidqu_D_F32_G16,4,COVID dışı pnömoni,COVID dışı pnömoni,1788
M_covidqu_D_F32_G16,4,COVID dışı pnömoni,Normal,161
M_covidqu_D_F32_G16,4,Normal,COVID-19,301
M_covidqu_D_F32_G16,4,Normal,COVID dışı pnömoni,180
M_covidqu_D_F32_G16,4,Normal,Normal,1659
M_covidqu_D_F64_G32,0,COVID-19,COVID-19,1741
M_covidqu_D_F64_G32,0,COVID-19,COVID dışı pnömoni,374
M_covidqu_D_F64_G32,0,COVID-19,Normal,280
M_covidqu_D_F64_G32,0,COVID dışı pnömoni,COVID-19,253
M_covidqu_D_F64_G32,0,COVID dışı pnömoni,COVID dışı pnömoni,1819
M_covidqu_D_F64_G32,0,COVID dışı pnömoni,Normal,181
M_covidqu_D_F64_G32,0,Normal,COVID-19,288
M_covidqu_D_F64_G32,0,Normal,COVID dışı pnömoni,213
M_covidqu_D_F64_G32,0,Normal,Normal,1639
M_covidqu_D_F64_G32,1,COVID-19,COVID-19,1780
M_covidqu_D_F64_G32,1,COVID-19,COVID dışı pnömoni,356
M_covidqu_D_F64_G32,1,COVID-19,Normal,259
M_covidqu_D_F64_G32,1,COVID dışı pnömoni,COVID-19,280
M_covidqu_D_F64_G32,1,COVID dışı pnömoni,COVID dışı pnömoni,1822
M_covidqu_D_F64_G32,1,COVID dışı pnömoni,Normal,151
M_covidqu_D_F64_G32,1,Normal,COVID-19,307
M_covidqu_D_F64_G32,1,Normal,COVID dışı pnömoni,205
M_covidqu_D_F64_G32,1,Normal,Normal,1628
M_covidqu_D_F64_G32,2,COVID-19,COVID-19,1757
M_covidqu_D_F64_G32,2,COVID-19,COVID dışı pnömoni,339
M_covidqu_D_F64_G32,2,COVID-19,Normal,299
M_covidqu_D_F64_G32,2,COVID dışı pnömoni,COVID-19,240
M_covidqu_D_F64_G32,2,COVID dışı pnömoni,COVID dışı pnömoni,1851
M_covidqu_D_F64_G32,2,COVID dışı pnömoni,Normal,162
M_covidqu_D_F64_G32,2,Normal,COVID-19,269
M_covidqu_D_F64_G32,2,Normal,COVID dışı pnömoni,231
M_covidqu_D_F64_G32,2,Normal,Normal,1640
M_covidqu_D_F64_G32,3,COVID-19,COVID-19,1785
M_covidqu_D_F64_G32,3,COVID-19,COVID dışı pnömoni,313
M_covidqu_D_F64_G32,3,COVID-19,Normal,297
M_covidqu_D_F64_G32,3,COVID dışı pnömoni,COVID-19,295
M_covidqu_D_F64_G32,3,COVID dışı pnömoni,COVID dışı pnömoni,1778
M_covidqu_D_F64_G32,3,COVID dışı pnömoni,Normal,180
M_covidqu_D_F64_G32,3,Normal,COVID-19,272
M_covidqu_D_F64_G32,3,Normal,COVID dışı pnömoni,176
M_covidqu_D_F64_G32,3,Normal,Normal,1692
M_covidqu_D_F64_G32,4,COVID-19,COVID-19,1738
M_covidqu_D_F64_G32,4,COVID-19,COVID dışı pnömoni,317
M_covidqu_D_F64_G32,4,COVID-19,Normal,340
M_covidqu_D_F64_G32,4,COVID dışı pnömoni,COVID-19,269
M_covidqu_D_F64_G32,4,COVID dışı pnömoni,COVID dışı pnömoni,1820
M_covidqu_D_F64_G32,4,COVID dışı pnömoni,Normal,164
M_covidqu_D_F64_G32,4,Normal,COVID-19,266
M_covidqu_D_F64_G32,4,Normal,COVID dışı pnömoni,193
M_covidqu_D_F64_G32,4,Normal,Normal,1681
M_covidqu_D_U64,0,COVID-19,COVID-19,1639
M_covidqu_D_U64,0,COVID-19,COVID dışı pnömoni,438
M_covidqu_D_U64,0,COVID-19,Normal,318
M_covidqu_D_U64,0,COVID dışı pnömoni,COVID-19,390
M_covidqu_D_U64,0,COVID dışı pnömoni,COVID dışı pnömoni,1653
M_covidqu_D_U64,0,COVID dışı pnömoni,Normal,210
M_covidqu_D_U64,0,Normal,COVID-19,303
M_covidqu_D_U64,0,Normal,COVID dışı pnömoni,307
M_covidqu_D_U64,0,Normal,Normal,1530
M_covidqu_D_U64,1,COVID-19,COVID-19,1656
M_covidqu_D_U64,1,COVID-19,COVID dışı pnömoni,451
M_covidqu_D_U64,1,COVID-19,Normal,288
M_covidqu_D_U64,1,COVID dışı pnömoni,COVID-19,390
M_covidqu_D_U64,1,COVID dışı pnömoni,COVID dışı pnömoni,1645
M_covidqu_D_U64,1,COVID dışı pnömoni,Normal,218
M_covidqu_D_U64,1,Normal,COVID-19,333
M_covidqu_D_U64,1,Normal,COVID dışı pnömoni,260
M_covidqu_D_U64,1,Normal,Normal,1547
M_covidqu_D_U64,2,COVID-19,COVID-19,1595
M_covidqu_D_U64,2,COVID-19,COVID dışı pnömoni,444
M_covidqu_D_U64,2,COVID-19,Normal,356
M_covidqu_D_U64,2,COVID dışı pnömoni,COVID-19,394
M_covidqu_D_U64,2,COVID dışı pnömoni,COVID dışı pnömoni,1642
M_covidqu_D_U64,2,COVID dışı pnömoni,Normal,217
M_covidqu_D_U64,2,Normal,COVID-19,313
M_covidqu_D_U64,2,Normal,COVID dışı pnömoni,277
M_covidqu_D_U64,2,Normal,Normal,1550
M_covidqu_D_U64,3,COVID-19,COVID-19,1611
M_covidqu_D_U64,3,COVID-19,COVID dışı pnömoni,472
M_covidqu_D_U64,3,COVID-19,Normal,312
M_covidqu_D_U64,3,COVID dışı pnömoni,COVID-19,387
M_covidqu_D_U64,3,COVID dışı pnömoni,COVID dışı pnömoni,1679
M_covidqu_D_U64,3,COVID dışı pnömoni,Normal,187
M_covidqu_D_U64,3,Normal,COVID-19,332
M_covidqu_D_U64,3,Normal,COVID dışı pnömoni,276
M_covidqu_D_U64,3,Normal,Normal,1532
M_covidqu_D_U64,4,COVID-19,COVID-19,1687
M_covidqu_D_U64,4,COVID-19,COVID dışı pnömoni,451
M_covidqu_D_U64,4,COVID-19,Normal,257
M_covidqu_D_U64,4,COVID dışı pnömoni,COVID-19,402
M_covidqu_D_U64,4,COVID dışı pnömoni,COVID dışı pnömoni,1636
M_covidqu_D_U64,4,COVID dışı pnömoni,Normal,215
M_covidqu_D_U64,4,Normal,COVID-19,361
M_covidqu_D_U64,4,Normal,COVID dışı pnömoni,270
M_covidqu_D_U64,4,Normal,Normal,1509
M_covidqu_D_U64_pencere,0,COVID-19,COVID-19,1628
M_covidqu_D_U64_pencere,0,COVID-19,COVID dışı pnömoni,437
M_covidqu_D_U64_pencere,0,COVID-19,Normal,330
M_covidqu_D_U64_pencere,0,COVID dışı pnömoni,COVID-19,376
M_covidqu_D_U64_pencere,0,COVID dışı pnömoni,COVID dışı pnömoni,1664
M_covidqu_D_U64_pencere,0,COVID dışı pnömoni,Normal,213
M_covidqu_D_U64_pencere,0,Normal,COVID-19,284
M_covidqu_D_U64_pencere,0,Normal,COVID dışı pnömoni,311
M_covidqu_D_U64_pencere,0,Normal,Normal,1545
M_covidqu_D_U64_pencere,1,COVID-19,COVID-19,1654
M_covidqu_D_U64_pencere,1,COVID-19,COVID dışı pnömoni,434
M_covidqu_D_U64_pencere,1,COVID-19,Normal,307
M_covidqu_D_U64_pencere,1,COVID dışı pnömoni,COVID-19,379
M_covidqu_D_U64_pencere,1,COVID dışı pnömoni,COVID dışı pnömoni,1652
M_covidqu_D_U64_pencere,1,COVID dışı pnömoni,Normal,222
M_covidqu_D_U64_pencere,1,Normal,COVID-19,322
M_covidqu_D_U64_pencere,1,Normal,COVID dışı pnömoni,267
M_covidqu_D_U64_pencere,1,Normal,Normal,1551
M_covidqu_D_U64_pencere,2,COVID-19,COVID-19,1624
M_covidqu_D_U64_pencere,2,COVID-19,COVID dışı pnömoni,420
M_covidqu_D_U64_pencere,2,COVID-19,Normal,351
M_covidqu_D_U64_pencere,2,COVID dışı pnömoni,COVID-19,414
M_covidqu_D_U64_pencere,2,COVID dışı pnömoni,COVID dışı pnömoni,1634
M_covidqu_D_U64_pencere,2,COVID dışı pnömoni,Normal,205
M_covidqu_D_U64_pencere,2,Normal,COVID-19,309
M_covidqu_D_U64_pencere,2,Normal,COVID dışı pnömoni,286
M_covidqu_D_U64_pencere,2,Normal,Normal,1545
M_covidqu_D_U64_pencere,3,COVID-19,COVID-19,1620
M_covidqu_D_U64_pencere,3,COVID-19,COVID dışı pnömoni,463
M_covidqu_D_U64_pencere,3,COVID-19,Normal,312
M_covidqu_D_U64_pencere,3,COVID dışı pnömoni,COVID-19,372
M_covidqu_D_U64_pencere,3,COVID dışı pnömoni,COVID dışı pnömoni,1709
M_covidqu_D_U64_pencere,3,COVID dışı pnömoni,Normal,172
M_covidqu_D_U64_pencere,3,Normal,COVID-19,329
M_covidqu_D_U64_pencere,3,Normal,COVID dışı pnömoni,309
M_covidqu_D_U64_pencere,3,Normal,Normal,1502
M_covidqu_D_U64_pencere,4,COVID-19,COVID-19,1692
M_covidqu_D_U64_pencere,4,COVID-19,COVID dışı pnömoni,449
M_covidqu_D_U64_pencere,4,COVID-19,Normal,254
M_covidqu_D_U64_pencere,4,COVID dışı pnömoni,COVID-19,397
M_covidqu_D_U64_pencere,4,COVID dışı pnömoni,COVID dışı pnömoni,1638
M_covidqu_D_U64_pencere,4,COVID dışı pnömoni,Normal,218
M_covidqu_D_U64_pencere,4,Normal,COVID-19,348
M_covidqu_D_U64_pencere,4,Normal,COVID dışı pnömoni,289
M_covidqu_D_U64_pencere,4,Normal,Normal,1503
M_covidqu_D2_U256,0,COVID-19,COVID-19,2069
M_covidqu_D2_U256,0,COVID-19,COVID dışı pnömoni,155
M_covidqu_D2_U256,0,COVID-19,Normal,171
M_covidqu_D2_U256,0,COVID dışı pnömoni,COVID-19,180
M_covidqu_D2_U256,0,COVID dışı pnömoni,COVID dışı pnömoni,1838
M_covidqu_D2_U256,0,COVID dışı pnömoni,Normal,235
M_covidqu_D2_U256,0,Normal,COVID-19,169
M_covidqu_D2_U256,0,Normal,COVID dışı pnömoni,198
M_covidqu_D2_U256,0,Normal,Normal,1773
M_covidqu_D2_U256,1,COVID-19,COVID-19,2056
M_covidqu_D2_U256,1,COVID-19,COVID dışı pnömoni,173
M_covidqu_D2_U256,1,COVID-19,Normal,166
M_covidqu_D2_U256,1,COVID dışı pnömoni,COVID-19,155
M_covidqu_D2_U256,1,COVID dışı pnömoni,COVID dışı pnömoni,1873
M_covidqu_D2_U256,1,COVID dışı pnömoni,Normal,225
M_covidqu_D2_U256,1,Normal,COVID-19,114
M_covidqu_D2_U256,1,Normal,COVID dışı pnömoni,223
M_covidqu_D2_U256,1,Normal,Normal,1803
M_covidqu_D2_U256,2,COVID-19,COVID-19,1999
M_covidqu_D2_U256,2,COVID-19,COVID dışı pnömoni,211
M_covidqu_D2_U256,2,COVID-19,Normal,185
M_covidqu_D2_U256,2,COVID dışı pnömoni,COVID-19,176
M_covidqu_D2_U256,2,COVID dışı pnömoni,COVID dışı pnömoni,1918
M_covidqu_D2_U256,2,COVID dışı pnömoni,Normal,159
M_covidqu_D2_U256,2,Normal,COVID-19,123
M_covidqu_D2_U256,2,Normal,COVID dışı pnömoni,256
M_covidqu_D2_U256,2,Normal,Normal,1761
M_covidqu_D2_U256,3,COVID-19,COVID-19,2090
M_covidqu_D2_U256,3,COVID-19,COVID dışı pnömoni,159
M_covidqu_D2_U256,3,COVID-19,Normal,146
M_covidqu_D2_U256,3,COVID dışı pnömoni,COVID-19,174
M_covidqu_D2_U256,3,COVID dışı pnömoni,COVID dışı pnömoni,1865
M_covidqu_D2_U256,3,COVID dışı pnömoni,Normal,214
M_covidqu_D2_U256,3,Normal,COVID-19,147
M_covidqu_D2_U256,3,Normal,COVID dışı pnömoni,221
M_covidqu_D2_U256,3,Normal,Normal,1772
M_covidqu_D2_U256,4,COVID-19,COVID-19,2031
M_covidqu_D2_U256,4,COVID-19,COVID dışı pnömoni,175
M_covidqu_D2_U256,4,COVID-19,Normal,189
M_covidqu_D2_U256,4,COVID dışı pnömoni,COVID-19,170
M_covidqu_D2_U256,4,COVID dışı pnömoni,COVID dışı pnömoni,1844
M_covidqu_D2_U256,4,COVID dışı pnömoni,Normal,239
M_covidqu_D2_U256,4,Normal,COVID-19,124
M_covidqu_D2_U256,4,Normal,COVID dışı pnömoni,209
M_covidqu_D2_U256,4,Normal,Normal,1807
M_covidqu_D2_F32_G16,0,COVID-19,COVID-19,1936
M_covidqu_D2_F32_G16,0,COVID-19,COVID dışı pnömoni,221
M_covidqu_D2_F32_G16,0,COVID-19,Normal,238
M_covidqu_D2_F32_G16,0,COVID dışı pnömoni,COVID-19,160
M_covidqu_D2_F32_G16,0,COVID dışı pnömoni,COVID dışı pnömoni,1889
M_covidqu_D2_F32_G16,0,COVID dışı pnömoni,Normal,204
M_covidqu_D2_F32_G16,0,Normal,COVID-19,108
M_covidqu_D2_F32_G16,0,Normal,COVID dışı pnömoni,149
M_covidqu_D2_F32_G16,0,Normal,Normal,1883
M_covidqu_D2_F32_G16,1,COVID-19,COVID-19,1976
M_covidqu_D2_F32_G16,1,COVID-19,COVID dışı pnömoni,202
M_covidqu_D2_F32_G16,1,COVID-19,Normal,217
M_covidqu_D2_F32_G16,1,COVID dışı pnömoni,COVID-19,158
M_covidqu_D2_F32_G16,1,COVID dışı pnömoni,COVID dışı pnömoni,1925
M_covidqu_D2_F32_G16,1,COVID dışı pnömoni,Normal,170
M_covidqu_D2_F32_G16,1,Normal,COVID-19,126
M_covidqu_D2_F32_G16,1,Normal,COVID dışı pnömoni,153
M_covidqu_D2_F32_G16,1,Normal,Normal,1861
M_covidqu_D2_F32_G16,2,COVID-19,COVID-19,1984
M_covidqu_D2_F32_G16,2,COVID-19,COVID dışı pnömoni,208
M_covidqu_D2_F32_G16,2,COVID-19,Normal,203
M_covidqu_D2_F32_G16,2,COVID dışı pnömoni,COVID-19,179
M_covidqu_D2_F32_G16,2,COVID dışı pnömoni,COVID dışı pnömoni,1923
M_covidqu_D2_F32_G16,2,COVID dışı pnömoni,Normal,151
M_covidqu_D2_F32_G16,2,Normal,COVID-19,152
M_covidqu_D2_F32_G16,2,Normal,COVID dışı pnömoni,167
M_covidqu_D2_F32_G16,2,Normal,Normal,1821
M_covidqu_D2_F32_G16,3,COVID-19,COVID-19,1980
M_covidqu_D2_F32_G16,3,COVID-19,COVID dışı pnömoni,223
M_covidqu_D2_F32_G16,3,COVID-19,Normal,192
M_covidqu_D2_F32_G16,3,COVID dışı pnömoni,COVID-19,137
M_covidqu_D2_F32_G16,3,COVID dışı pnömoni,COVID dışı pnömoni,1940
M_covidqu_D2_F32_G16,3,COVID dışı pnömoni,Normal,176
M_covidqu_D2_F32_G16,3,Normal,COVID-19,172
M_covidqu_D2_F32_G16,3,Normal,COVID dışı pnömoni,165
M_covidqu_D2_F32_G16,3,Normal,Normal,1803
M_covidqu_D2_F32_G16,4,COVID-19,COVID-19,1983
M_covidqu_D2_F32_G16,4,COVID-19,COVID dışı pnömoni,210
M_covidqu_D2_F32_G16,4,COVID-19,Normal,202
M_covidqu_D2_F32_G16,4,COVID dışı pnömoni,COVID-19,182
M_covidqu_D2_F32_G16,4,COVID dışı pnömoni,COVID dışı pnömoni,1934
M_covidqu_D2_F32_G16,4,COVID dışı pnömoni,Normal,137
M_covidqu_D2_F32_G16,4,Normal,COVID-19,176
M_covidqu_D2_F32_G16,4,Normal,COVID dışı pnömoni,176
M_covidqu_D2_F32_G16,4,Normal,Normal,1788
M_covidqu_D2_F64_G32,0,COVID-19,COVID-19,1957
M_covidqu_D2_F64_G32,0,COVID-19,COVID dışı pnömoni,236
M_covidqu_D2_F64_G32,0,COVID-19,Normal,202
M_covidqu_D2_F64_G32,0,COVID dışı pnömoni,COVID-19,185
M_covidqu_D2_F64_G32,0,COVID dışı pnömoni,COVID dışı pnömoni,1938
M_covidqu_D2_F64_G32,0,COVID dışı pnömoni,Normal,130
M_covidqu_D2_F64_G32,0,Normal,COVID-19,177
M_covidqu_D2_F64_G32,0,Normal,COVID dışı pnömoni,217
M_covidqu_D2_F64_G32,0,Normal,Normal,1746
M_covidqu_D2_F64_G32,1,COVID-19,COVID-19,1957
M_covidqu_D2_F64_G32,1,COVID-19,COVID dışı pnömoni,215
M_covidqu_D2_F64_G32,1,COVID-19,Normal,223
M_covidqu_D2_F64_G32,1,COVID dışı pnömoni,COVID-19,185
M_covidqu_D2_F64_G32,1,COVID dışı pnömoni,COVID dışı pnömoni,1869
M_covidqu_D2_F64_G32,1,COVID dışı pnömoni,Normal,199
M_covidqu_D2_F64_G32,1,Normal,COVID-19,184
M_covidqu_D2_F64_G32,1,Normal,COVID dışı pnömoni,140
M_covidqu_D2_F64_G32,1,Normal,Normal,1816
M_covidqu_D2_F64_G32,2,COVID-19,COVID-19,2024
M_covidqu_D2_F64_G32,2,COVID-19,COVID dışı pnömoni,189
M_covidqu_D2_F64_G32,2,COVID-19,Normal,182
M_covidqu_D2_F64_G32,2,COVID dışı pnömoni,COVID-19,195
M_covidqu_D2_F64_G32,2,COVID dışı pnömoni,COVID dışı pnömoni,1902
M_covidqu_D2_F64_G32,2,COVID dışı pnömoni,Normal,156
M_covidqu_D2_F64_G32,2,Normal,COVID-19,168
M_covidqu_D2_F64_G32,2,Normal,COVID dışı pnömoni,208
M_covidqu_D2_F64_G32,2,Normal,Normal,1764
M_covidqu_D2_F64_G32,3,COVID-19,COVID-19,1977
M_covidqu_D2_F64_G32,3,COVID-19,COVID dışı pnömoni,205
M_covidqu_D2_F64_G32,3,COVID-19,Normal,213
M_covidqu_D2_F64_G32,3,COVID dışı pnömoni,COVID-19,169
M_covidqu_D2_F64_G32,3,COVID dışı pnömoni,COVID dışı pnömoni,1940
M_covidqu_D2_F64_G32,3,COVID dışı pnömoni,Normal,144
M_covidqu_D2_F64_G32,3,Normal,COVID-19,145
M_covidqu_D2_F64_G32,3,Normal,COVID dışı pnömoni,200
M_covidqu_D2_F64_G32,3,Normal,Normal,1795
M_covidqu_D2_F64_G32,4,COVID-19,COVID-19,1971
M_covidqu_D2_F64_G32,4,COVID-19,COVID dışı pnömoni,202
M_covidqu_D2_F64_G32,4,COVID-19,Normal,222
M_covidqu_D2_F64_G32,4,COVID dışı pnömoni,COVID-19,174
M_covidqu_D2_F64_G32,4,COVID dışı pnömoni,COVID dışı pnömoni,1874
M_covidqu_D2_F64_G32,4,COVID dışı pnömoni,Normal,205
M_covidqu_D2_F64_G32,4,Normal,COVID-19,116
M_covidqu_D2_F64_G32,4,Normal,COVID dışı pnömoni,148
M_covidqu_D2_F64_G32,4,Normal,Normal,1876
M_covidqu_D2_U64,0,COVID-19,COVID-19,1968
M_covidqu_D2_U64,0,COVID-19,COVID dışı pnömoni,240
M_covidqu_D2_U64,0,COVID-19,Normal,187
M_covidqu_D2_U64,0,COVID dışı pnömoni,COVID-19,215
M_covidqu_D2_U64,0,COVID dışı pnömoni,COVID dışı pnömoni,1839
M_covidqu_D2_U64,0,COVID dışı pnömoni,Normal,199
M_covidqu_D2_U64,0,Normal,COVID-19,164
M_covidqu_D2_U64,0,Normal,COVID dışı pnömoni,214
M_covidqu_D2_U64,0,Normal,Normal,1762
M_covidqu_D2_U64,1,COVID-19,COVID-19,1960
M_covidqu_D2_U64,1,COVID-19,COVID dışı pnömoni,221
M_covidqu_D2_U64,1,COVID-19,Normal,214
M_covidqu_D2_U64,1,COVID dışı pnömoni,COVID-19,236
M_covidqu_D2_U64,1,COVID dışı pnömoni,COVID dışı pnömoni,1809
M_covidqu_D2_U64,1,COVID dışı pnömoni,Normal,208
M_covidqu_D2_U64,1,Normal,COVID-19,152
M_covidqu_D2_U64,1,Normal,COVID dışı pnömoni,183
M_covidqu_D2_U64,1,Normal,Normal,1805
M_covidqu_D2_U64,2,COVID-19,COVID-19,1905
M_covidqu_D2_U64,2,COVID-19,COVID dışı pnömoni,251
M_covidqu_D2_U64,2,COVID-19,Normal,239
M_covidqu_D2_U64,2,COVID dışı pnömoni,COVID-19,231
M_covidqu_D2_U64,2,COVID dışı pnömoni,COVID dışı pnömoni,1841
M_covidqu_D2_U64,2,COVID dışı pnömoni,Normal,181
M_covidqu_D2_U64,2,Normal,COVID-19,167
M_covidqu_D2_U64,2,Normal,COVID dışı pnömoni,203
M_covidqu_D2_U64,2,Normal,Normal,1770
M_covidqu_D2_U64,3,COVID-19,COVID-19,1960
M_covidqu_D2_U64,3,COVID-19,COVID dışı pnömoni,211
M_covidqu_D2_U64,3,COVID-19,Normal,224
M_covidqu_D2_U64,3,COVID dışı pnömoni,COVID-19,237
M_covidqu_D2_U64,3,COVID dışı pnömoni,COVID dışı pnömoni,1815
M_covidqu_D2_U64,3,COVID dışı pnömoni,Normal,201
M_covidqu_D2_U64,3,Normal,COVID-19,152
M_covidqu_D2_U64,3,Normal,COVID dışı pnömoni,208
M_covidqu_D2_U64,3,Normal,Normal,1780
M_covidqu_D2_U64,4,COVID-19,COVID-19,2027
M_covidqu_D2_U64,4,COVID-19,COVID dışı pnömoni,187
M_covidqu_D2_U64,4,COVID-19,Normal,181
M_covidqu_D2_U64,4,COVID dışı pnömoni,COVID-19,236
M_covidqu_D2_U64,4,COVID dışı pnömoni,COVID dışı pnömoni,1820
M_covidqu_D2_U64,4,COVID dışı pnömoni,Normal,197
M_covidqu_D2_U64,4,Normal,COVID-19,165
M_covidqu_D2_U64,4,Normal,COVID dışı pnömoni,205
M_covidqu_D2_U64,4,Normal,Normal,1770
M_covidqu_D2_U64_pencere,0,COVID-19,COVID-19,2000
M_covidqu_D2_U64_pencere,0,COVID-19,COVID dışı pnömoni,226
M_covidqu_D2_U64_pencere,0,COVID-19,Normal,169
M_covidqu_D2_U64_pencere,0,COVID dışı pnömoni,COVID-19,250
M_covidqu_D2_U64_pencere,0,COVID dışı pnömoni,COVID dışı pnömoni,1808
M_covidqu_D2_U64_pencere,0,COVID dışı pnömoni,Normal,195
M_covidqu_D2_U64_pencere,0,Normal,COVID-19,177
M_covidqu_D2_U64_pencere,0,Normal,COVID dışı pnömoni,204
M_covidqu_D2_U64_pencere,0,Normal,Normal,1759
M_covidqu_D2_U64_pencere,1,COVID-19,COVID-19,1928
M_covidqu_D2_U64_pencere,1,COVID-19,COVID dışı pnömoni,231
M_covidqu_D2_U64_pencere,1,COVID-19,Normal,236
M_covidqu_D2_U64_pencere,1,COVID dışı pnömoni,COVID-19,228
M_covidqu_D2_U64_pencere,1,COVID dışı pnömoni,COVID dışı pnömoni,1818
M_covidqu_D2_U64_pencere,1,COVID dışı pnömoni,Normal,207
M_covidqu_D2_U64_pencere,1,Normal,COVID-19,132
M_covidqu_D2_U64_pencere,1,Normal,COVID dışı pnömoni,208
M_covidqu_D2_U64_pencere,1,Normal,Normal,1800
M_covidqu_D2_U64_pencere,2,COVID-19,COVID-19,1902
M_covidqu_D2_U64_pencere,2,COVID-19,COVID dışı pnömoni,270
M_covidqu_D2_U64_pencere,2,COVID-19,Normal,223
M_covidqu_D2_U64_pencere,2,COVID dışı pnömoni,COVID-19,190
M_covidqu_D2_U64_pencere,2,COVID dışı pnömoni,COVID dışı pnömoni,1884
M_covidqu_D2_U64_pencere,2,COVID dışı pnömoni,Normal,179
M_covidqu_D2_U64_pencere,2,Normal,COVID-19,158
M_covidqu_D2_U64_pencere,2,Normal,COVID dışı pnömoni,242
M_covidqu_D2_U64_pencere,2,Normal,Normal,1740
M_covidqu_D2_U64_pencere,3,COVID-19,COVID-19,2010
M_covidqu_D2_U64_pencere,3,COVID-19,COVID dışı pnömoni,199
M_covidqu_D2_U64_pencere,3,COVID-19,Normal,186
M_covidqu_D2_U64_pencere,3,COVID dışı pnömoni,COVID-19,267
M_covidqu_D2_U64_pencere,3,COVID dışı pnömoni,COVID dışı pnömoni,1819
M_covidqu_D2_U64_pencere,3,COVID dışı pnömoni,Normal,167
M_covidqu_D2_U64_pencere,3,Normal,COVID-19,165
M_covidqu_D2_U64_pencere,3,Normal,COVID dışı pnömoni,206
M_covidqu_D2_U64_pencere,3,Normal,Normal,1769
M_covidqu_D2_U64_pencere,4,COVID-19,COVID-19,1953
M_covidqu_D2_U64_pencere,4,COVID-19,COVID dışı pnömoni,243
M_covidqu_D2_U64_pencere,4,COVID-19,Normal,199
M_covidqu_D2_U64_pencere,4,COVID dışı pnömoni,COVID-19,231
M_covidqu_D2_U64_pencere,4,COVID dışı pnömoni,COVID dışı pnömoni,1844
M_covidqu_D2_U64_pencere,4,COVID dışı pnömoni,Normal,178
M_covidqu_D2_U64_pencere,4,Normal,COVID-19,155
M_covidqu_D2_U64_pencere,4,Normal,COVID dışı pnömoni,208
M_covidqu_D2_U64_pencere,4,Normal,Normal,1777
M_covidqu_C_U256,0,COVID-19,COVID-19,2019
M_covidqu_C_U256,0,COVID-19,COVID dışı pnömoni,197
M_covidqu_C_U256,0,COVID-19,Normal,179
M_covidqu_C_U256,0,COVID dışı pnömoni,COVID-19,209
M_covidqu_C_U256,0,COVID dışı pnömoni,COVID dışı pnömoni,1770
M_covidqu_C_U256,0,COVID dışı pnömoni,Normal,274
M_covidqu_C_U256,0,Normal,COVID-19,160
M_covidqu_C_U256,0,Normal,COVID dışı pnömoni,267
M_covidqu_C_U256,0,Normal,Normal,1713
M_covidqu_C_U256,1,COVID-19,COVID-19,1949
M_covidqu_C_U256,1,COVID-19,COVID dışı pnömoni,177
M_covidqu_C_U256,1,COVID-19,Normal,269
M_covidqu_C_U256,1,COVID dışı pnömoni,COVID-19,306
M_covidqu_C_U256,1,COVID dışı pnömoni,COVID dışı pnömoni,1639
M_covidqu_C_U256,1,COVID dışı pnömoni,Normal,308
M_covidqu_C_U256,1,Normal,COVID-19,207
M_covidqu_C_U256,1,Normal,COVID dışı pnömoni,181
M_covidqu_C_U256,1,Normal,Normal,1752
M_covidqu_C_U256,2,COVID-19,COVID-19,2020
M_covidqu_C_U256,2,COVID-19,COVID dışı pnömoni,228
M_covidqu_C_U256,2,COVID-19,Normal,147
M_covidqu_C_U256,2,COVID dışı pnömoni,COVID-19,230
M_covidqu_C_U256,2,COVID dışı pnömoni,COVID dışı pnömoni,1793
M_covidqu_C_U256,2,COVID dışı pnömoni,Normal,230
M_covidqu_C_U256,2,Normal,COVID-19,160
M_covidqu_C_U256,2,Normal,COVID dışı pnömoni,297
M_covidqu_C_U256,2,Normal,Normal,1683
M_covidqu_C_U256,3,COVID-19,COVID-19,2055
M_covidqu_C_U256,3,COVID-19,COVID dışı pnömoni,122
M_covidqu_C_U256,3,COVID-19,Normal,218
M_covidqu_C_U256,3,COVID dışı pnömoni,COVID-19,257
M_covidqu_C_U256,3,COVID dışı pnömoni,COVID dışı pnömoni,1612
M_covidqu_C_U256,3,COVID dışı pnömoni,Normal,384
M_covidqu_C_U256,3,Normal,COVID-19,182
M_covidqu_C_U256,3,Normal,COVID dışı pnömoni,177
M_covidqu_C_U256,3,Normal,Normal,1781
M_covidqu_C_U256,4,COVID-19,COVID-19,1872
M_covidqu_C_U256,4,COVID-19,COVID dışı pnömoni,323
M_covidqu_C_U256,4,COVID-19,Normal,200
M_covidqu_C_U256,4,COVID dışı pnömoni,COVID-19,194
M_covidqu_C_U256,4,COVID dışı pnömoni,COVID dışı pnömoni,1867
M_covidqu_C_U256,4,COVID dışı pnömoni,Normal,192
M_covidqu_C_U256,4,Normal,COVID-19,187
M_covidqu_C_U256,4,Normal,COVID dışı pnömoni,394
M_covidqu_C_U256,4,Normal,Normal,1559
M_covidqu_C_F32_G16,0,COVID-19,COVID-19,1813
M_covidqu_C_F32_G16,0,COVID-19,COVID dışı pnömoni,346
M_covidqu_C_F32_G16,0,COVID-19,Normal,236
M_covidqu_C_F32_G16,0,COVID dışı pnömoni,COVID-19,201
M_covidqu_C_F32_G16,0,COVID dışı pnömoni,COVID dışı pnömoni,1927
M_covidqu_C_F32_G16,0,COVID dışı pnömoni,Normal,125
M_covidqu_C_F32_G16,0,Normal,COVID-19,176
M_covidqu_C_F32_G16,0,Normal,COVID dışı pnömoni,358
M_covidqu_C_F32_G16,0,Normal,Normal,1606
M_covidqu_C_F32_G16,1,COVID-19,COVID-19,1899
M_covidqu_C_F32_G16,1,COVID-19,COVID dışı pnömoni,231
M_covidqu_C_F32_G16,1,COVID-19,Normal,265
M_covidqu_C_F32_G16,1,COVID dışı pnömoni,COVID-19,243
M_covidqu_C_F32_G16,1,COVID dışı pnömoni,COVID dışı pnömoni,1799
M_covidqu_C_F32_G16,1,COVID dışı pnömoni,Normal,211
M_covidqu_C_F32_G16,1,Normal,COVID-19,184
M_covidqu_C_F32_G16,1,Normal,COVID dışı pnömoni,180
M_covidqu_C_F32_G16,1,Normal,Normal,1776
M_covidqu_C_F32_G16,2,COVID-19,COVID-19,1832
M_covidqu_C_F32_G16,2,COVID-19,COVID dışı pnömoni,296
M_covidqu_C_F32_G16,2,COVID-19,Normal,267
M_covidqu_C_F32_G16,2,COVID dışı pnömoni,COVID-19,221
M_covidqu_C_F32_G16,2,COVID dışı pnömoni,COVID dışı pnömoni,1828
M_covidqu_C_F32_G16,2,COVID dışı pnömoni,Normal,204
M_covidqu_C_F32_G16,2,Normal,COVID-19,182
M_covidqu_C_F32_G16,2,Normal,COVID dışı pnömoni,182
M_covidqu_C_F32_G16,2,Normal,Normal,1776
M_covidqu_C_F32_G16,3,COVID-19,COVID-19,1915
M_covidqu_C_F32_G16,3,COVID-19,COVID dışı pnömoni,286
M_covidqu_C_F32_G16,3,COVID-19,Normal,194
M_covidqu_C_F32_G16,3,COVID dışı pnömoni,COVID-19,251
M_covidqu_C_F32_G16,3,COVID dışı pnömoni,COVID dışı pnömoni,1849
M_covidqu_C_F32_G16,3,COVID dışı pnömoni,Normal,153
M_covidqu_C_F32_G16,3,Normal,COVID-19,286
M_covidqu_C_F32_G16,3,Normal,COVID dışı pnömoni,212
M_covidqu_C_F32_G16,3,Normal,Normal,1642
M_covidqu_C_F32_G16,4,COVID-19,COVID-19,1967
M_covidqu_C_F32_G16,4,COVID-19,COVID dışı pnömoni,227
M_covidqu_C_F32_G16,4,COVID-19,Normal,201
M_covidqu_C_F32_G16,4,COVID dışı pnömoni,COVID-19,290
M_covidqu_C_F32_G16,4,COVID dışı pnömoni,COVID dışı pnömoni,1823
M_covidqu_C_F32_G16,4,COVID dışı pnömoni,Normal,140
M_covidqu_C_F32_G16,4,Normal,COVID-19,322
M_covidqu_C_F32_G16,4,Normal,COVID dışı pnömoni,216
M_covidqu_C_F32_G16,4,Normal,Normal,1602
M_covidqu_C_F64_G32,0,COVID-19,COVID-19,2002
M_covidqu_C_F64_G32,0,COVID-19,COVID dışı pnömoni,196
M_covidqu_C_F64_G32,0,COVID-19,Normal,197
M_covidqu_C_F64_G32,0,COVID dışı pnömoni,COVID-19,295
M_covidqu_C_F64_G32,0,COVID dışı pnömoni,COVID dışı pnömoni,1787
M_covidqu_C_F64_G32,0,COVID dışı pnömoni,Normal,171
M_covidqu_C_F64_G32,0,Normal,COVID-19,275
M_covidqu_C_F64_G32,0,Normal,COVID dışı pnömoni,154
M_covidqu_C_F64_G32,0,Normal,Normal,1711
M_covidqu_C_F64_G32,1,COVID-19,COVID-19,2011
M_covidqu_C_F64_G32,1,COVID-19,COVID dışı pnömoni,207
M_covidqu_C_F64_G32,1,COVID-19,Normal,177
M_covidqu_C_F64_G32,1,COVID dışı pnömoni,COVID-19,326
M_covidqu_C_F64_G32,1,COVID dışı pnömoni,COVID dışı pnömoni,1755
M_covidqu_C_F64_G32,1,COVID dışı pnömoni,Normal,172
M_covidqu_C_F64_G32,1,Normal,COVID-19,313
M_covidqu_C_F64_G32,1,Normal,COVID dışı pnömoni,133
M_covidqu_C_F64_G32,1,Normal,Normal,1694
M_covidqu_C_F64_G32,2,COVID-19,COVID-19,1900
M_covidqu_C_F64_G32,2,COVID-19,COVID dışı pnömoni,266
M_covidqu_C_F64_G32,2,COVID-19,Normal,229
M_covidqu_C_F64_G32,2,COVID dışı pnömoni,COVID-19,216
M_covidqu_C_F64_G32,2,COVID dışı pnömoni,COVID dışı pnömoni,1809
M_covidqu_C_F64_G32,2,COVID dışı pnömoni,Normal,228
M_covidqu_C_F64_G32,2,Normal,COVID-19,168
M_covidqu_C_F64_G32,2,Normal,COVID dışı pnömoni,192
M_covidqu_C_F64_G32,2,Normal,Normal,1780
M_covidqu_C_F64_G32,3,COVID-19,COVID-19,1928
M_covidqu_C_F64_G32,3,COVID-19,COVID dışı pnömoni,269
M_covidqu_C_F64_G32,3,COVID-19,Normal,198
M_covidqu_C_F64_G32,3,COVID dışı pnömoni,COVID-19,201
M_covidqu_C_F64_G32,3,COVID dışı pnömoni,COVID dışı pnömoni,1899
M_covidqu_C_F64_G32,3,COVID dışı pnömoni,Normal,153
M_covidqu_C_F64_G32,3,Normal,COVID-19,182
M_covidqu_C_F64_G32,3,Normal,COVID dışı pnömoni,263
M_covidqu_C_F64_G32,3,Normal,Normal,1695
M_covidqu_C_F64_G32,4,COVID-19,COVID-19,1913
M_covidqu_C_F64_G32,4,COVID-19,COVID dışı pnömoni,265
M_covidqu_C_F64_G32,4,COVID-19,Normal,217
M_covidqu_C_F64_G32,4,COVID dışı pnömoni,COVID-19,228
M_covidqu_C_F64_G32,4,COVID dışı pnömoni,COVID dışı pnömoni,1865
M_covidqu_C_F64_G32,4,COVID dışı pnömoni,Normal,160
M_covidqu_C_F64_G32,4,Normal,COVID-19,200
M_covidqu_C_F64_G32,4,Normal,COVID dışı pnömoni,303
M_covidqu_C_F64_G32,4,Normal,Normal,1637
M_covidqu_C_U64,0,COVID-19,COVID-19,1916
M_covidqu_C_U64,0,COVID-19,COVID dışı pnömoni,284
M_covidqu_C_U64,0,COVID-19,Normal,195
M_covidqu_C_U64,0,COVID dışı pnömoni,COVID-19,279
M_covidqu_C_U64,0,COVID dışı pnömoni,COVID dışı pnömoni,1777
M_covidqu_C_U64,0,COVID dışı pnömoni,Normal,197
M_covidqu_C_U64,0,Normal,COVID-19,218
M_covidqu_C_U64,0,Normal,COVID dışı pnömoni,304
M_covidqu_C_U64,0,Normal,Normal,1618
M_covidqu_C_U64,1,COVID-19,COVID-19,1730
M_covidqu_C_U64,1,COVID-19,COVID dışı pnömoni,367
M_covidqu_C_U64,1,COVID-19,Normal,298
M_covidqu_C_U64,1,COVID dışı pnömoni,COVID-19,244
M_covidqu_C_U64,1,COVID dışı pnömoni,COVID dışı pnömoni,1840
M_covidqu_C_U64,1,COVID dışı pnömoni,Normal,169
M_covidqu_C_U64,1,Normal,COVID-19,189
M_covidqu_C_U64,1,Normal,COVID dışı pnömoni,347
M_covidqu_C_U64,1,Normal,Normal,1604
M_covidqu_C_U64,2,COVID-19,COVID-19,1927
M_covidqu_C_U64,2,COVID-19,COVID dışı pnömoni,253
M_covidqu_C_U64,2,COVID-19,Normal,215
M_covidqu_C_U64,2,COVID dışı pnömoni,COVID-19,274
M_covidqu_C_U64,2,COVID dışı pnömoni,COVID dışı pnömoni,1739
M_covidqu_C_U64,2,COVID dışı pnömoni,Normal,240
M_covidqu_C_U64,2,Normal,COVID-19,212
M_covidqu_C_U64,2,Normal,COVID dışı pnömoni,247
M_covidqu_C_U64,2,Normal,Normal,1681
M_covidqu_C_U64,3,COVID-19,COVID-19,1932
M_covidqu_C_U64,3,COVID-19,COVID dışı pnömoni,235
M_covidqu_C_U64,3,COVID-19,Normal,228
M_covidqu_C_U64,3,COVID dışı pnömoni,COVID-19,288
M_covidqu_C_U64,3,COVID dışı pnömoni,COVID dışı pnömoni,1733
M_covidqu_C_U64,3,COVID dışı pnömoni,Normal,232
M_covidqu_C_U64,3,Normal,COVID-19,205
M_covidqu_C_U64,3,Normal,COVID dışı pnömoni,222
M_covidqu_C_U64,3,Normal,Normal,1713
M_covidqu_C_U64,4,COVID-19,COVID-19,1898
M_covidqu_C_U64,4,COVID-19,COVID dışı pnömoni,284
M_covidqu_C_U64,4,COVID-19,Normal,213
M_covidqu_C_U64,4,COVID dışı pnömoni,COVID-19,235
M_covidqu_C_U64,4,COVID dışı pnömoni,COVID dışı pnömoni,1812
M_covidqu_C_U64,4,COVID dışı pnömoni,Normal,206
M_covidqu_C_U64,4,Normal,COVID-19,181
M_covidqu_C_U64,4,Normal,COVID dışı pnömoni,316
M_covidqu_C_U64,4,Normal,Normal,1643
M_covidqu_C_U64_pencere,0,COVID-19,COVID-19,1964
M_covidqu_C_U64_pencere,0,COVID-19,COVID dışı pnömoni,246
M_covidqu_C_U64_pencere,0,COVID-19,Normal,185
M_covidqu_C_U64_pencere,0,COVID dışı pnömoni,COVID-19,275
M_covidqu_C_U64_pencere,0,COVID dışı pnömoni,COVID dışı pnömoni,1742
M_covidqu_C_U64_pencere,0,COVID dışı pnömoni,Normal,236
M_covidqu_C_U64_pencere,0,Normal,COVID-19,201
M_covidqu_C_U64_pencere,0,Normal,COVID dışı pnömoni,273
M_covidqu_C_U64_pencere,0,Normal,Normal,1666
M_covidqu_C_U64_pencere,1,COVID-19,COVID-19,1897
M_covidqu_C_U64_pencere,1,COVID-19,COVID dışı pnömoni,318
M_covidqu_C_U64_pencere,1,COVID-19,Normal,180
M_covidqu_C_U64_pencere,1,COVID dışı pnömoni,COVID-19,282
M_covidqu_C_U64_pencere,1,COVID dışı pnömoni,COVID dışı pnömoni,1787
M_covidqu_C_U64_pencere,1,COVID dışı pnömoni,Normal,184
M_covidqu_C_U64_pencere,1,Normal,COVID-19,258
M_covidqu_C_U64_pencere,1,Normal,COVID dışı pnömoni,322
M_covidqu_C_U64_pencere,1,Normal,Normal,1560
M_covidqu_C_U64_pencere,2,COVID-19,COVID-19,1912
M_covidqu_C_U64_pencere,2,COVID-19,COVID dışı pnömoni,253
M_covidqu_C_U64_pencere,2,COVID-19,Normal,230
M_covidqu_C_U64_pencere,2,COVID dışı pnömoni,COVID-19,254
M_covidqu_C_U64_pencere,2,COVID dışı pnömoni,COVID dışı pnömoni,1758
M_covidqu_C_U64_pencere,2,COVID dışı pnömoni,Normal,241
M_covidqu_C_U64_pencere,2,Normal,COVID-19,198
M_covidqu_C_U64_pencere,2,Normal,COVID dışı pnömoni,242
M_covidqu_C_U64_pencere,2,Normal,Normal,1700
M_covidqu_C_U64_pencere,3,COVID-19,COVID-19,1790
M_covidqu_C_U64_pencere,3,COVID-19,COVID dışı pnömoni,282
M_covidqu_C_U64_pencere,3,COVID-19,Normal,323
M_covidqu_C_U64_pencere,3,COVID dışı pnömoni,COVID-19,243
M_covidqu_C_U64_pencere,3,COVID dışı pnömoni,COVID dışı pnömoni,1726
M_covidqu_C_U64_pencere,3,COVID dışı pnömoni,Normal,284
M_covidqu_C_U64_pencere,3,Normal,COVID-19,149
M_covidqu_C_U64_pencere,3,Normal,COVID dışı pnömoni,218
M_covidqu_C_U64_pencere,3,Normal,Normal,1773
M_covidqu_C_U64_pencere,4,COVID-19,COVID-19,1930
M_covidqu_C_U64_pencere,4,COVID-19,COVID dışı pnömoni,258
M_covidqu_C_U64_pencere,4,COVID-19,Normal,207
M_covidqu_C_U64_pencere,4,COVID dışı pnömoni,COVID-19,257
M_covidqu_C_U64_pencere,4,COVID dışı pnömoni,COVID dışı pnömoni,1768
M_covidqu_C_U64_pencere,4,COVID dışı pnömoni,Normal,228
M_covidqu_C_U64_pencere,4,Normal,COVID-19,185
M_covidqu_C_U64_pencere,4,Normal,COVID dışı pnömoni,271
M_covidqu_C_U64_pencere,4,Normal,Normal,1684
Ozet_brain_D,0,Meningiom,Meningiom,502
Ozet_brain_D,0,Meningiom,Gliom,127
Ozet_brain_D,0,Meningiom,Hipofiz tümörü,79
Ozet_brain_D,0,Gliom,Meningiom,139
Ozet_brain_D,0,Gliom,Gliom,1265
Ozet_brain_D,0,Gliom,Hipofiz tümörü,22
Ozet_brain_D,0,Hipofiz tümörü,Meningiom,38
Ozet_brain_D,0,Hipofiz tümörü,Gliom,13
Ozet_brain_D,0,Hipofiz tümörü,Hipofiz tümörü,879
Ozet_brain_D,1,Meningiom,Meningiom,504
Ozet_brain_D,1,Meningiom,Gliom,117
Ozet_brain_D,1,Meningiom,Hipofiz tümörü,87
Ozet_brain_D,1,Gliom,Meningiom,144
Ozet_brain_D,1,Gliom,Gliom,1259
Ozet_brain_D,1,Gliom,Hipofiz tümörü,23
Ozet_brain_D,1,Hipofiz tümörü,Meningiom,40
Ozet_brain_D,1,Hipofiz tümörü,Gliom,10
Ozet_brain_D,1,Hipofiz tümörü,Hipofiz tümörü,880
Ozet_brain_D,2,Meningiom,Meningiom,499
Ozet_brain_D,2,Meningiom,Gliom,126
Ozet_brain_D,2,Meningiom,Hipofiz tümörü,83
Ozet_brain_D,2,Gliom,Meningiom,143
Ozet_brain_D,2,Gliom,Gliom,1264
Ozet_brain_D,2,Gliom,Hipofiz tümörü,19
Ozet_brain_D,2,Hipofiz tümörü,Meningiom,39
Ozet_brain_D,2,Hipofiz tümörü,Gliom,9
Ozet_brain_D,2,Hipofiz tümörü,Hipofiz tümörü,882
Ozet_brain_D,3,Meningiom,Meningiom,507
Ozet_brain_D,3,Meningiom,Gliom,116
Ozet_brain_D,3,Meningiom,Hipofiz tümörü,85
Ozet_brain_D,3,Gliom,Meningiom,142
Ozet_brain_D,3,Gliom,Gliom,1259
Ozet_brain_D,3,Gliom,Hipofiz tümörü,25
Ozet_brain_D,3,Hipofiz tümörü,Meningiom,39
Ozet_brain_D,3,Hipofiz tümörü,Gliom,10
Ozet_brain_D,3,Hipofiz tümörü,Hipofiz tümörü,881
Ozet_brain_D,4,Meningiom,Meningiom,505
Ozet_brain_D,4,Meningiom,Gliom,122
Ozet_brain_D,4,Meningiom,Hipofiz tümörü,81
Ozet_brain_D,4,Gliom,Meningiom,130
Ozet_brain_D,4,Gliom,Gliom,1268
Ozet_brain_D,4,Gliom,Hipofiz tümörü,28
Ozet_brain_D,4,Hipofiz tümörü,Meningiom,39
Ozet_brain_D,4,Hipofiz tümörü,Gliom,10
Ozet_brain_D,4,Hipofiz tümörü,Hipofiz tümörü,881
Ozet_covidqu_D2,0,COVID-19,COVID-19,2229
Ozet_covidqu_D2,0,COVID-19,COVID dışı pnömoni,80
Ozet_covidqu_D2,0,COVID-19,Normal,86
Ozet_covidqu_D2,0,COVID dışı pnömoni,COVID-19,78
Ozet_covidqu_D2,0,COVID dışı pnömoni,COVID dışı pnömoni,2009
Ozet_covidqu_D2,0,COVID dışı pnömoni,Normal,166
Ozet_covidqu_D2,0,Normal,COVID-19,56
Ozet_covidqu_D2,0,Normal,COVID dışı pnömoni,157
Ozet_covidqu_D2,0,Normal,Normal,1927
Ozet_covidqu_D2,1,COVID-19,COVID-19,2237
Ozet_covidqu_D2,1,COVID-19,COVID dışı pnömoni,53
Ozet_covidqu_D2,1,COVID-19,Normal,105
Ozet_covidqu_D2,1,COVID dışı pnömoni,COVID-19,76
Ozet_covidqu_D2,1,COVID dışı pnömoni,COVID dışı pnömoni,2027
Ozet_covidqu_D2,1,COVID dışı pnömoni,Normal,150
Ozet_covidqu_D2,1,Normal,COVID-19,44
Ozet_covidqu_D2,1,Normal,COVID dışı pnömoni,157
Ozet_covidqu_D2,1,Normal,Normal,1939
Ozet_covidqu_D2,2,COVID-19,COVID-19,2258
Ozet_covidqu_D2,2,COVID-19,COVID dışı pnömoni,65
Ozet_covidqu_D2,2,COVID-19,Normal,72
Ozet_covidqu_D2,2,COVID dışı pnömoni,COVID-19,75
Ozet_covidqu_D2,2,COVID dışı pnömoni,COVID dışı pnömoni,2019
Ozet_covidqu_D2,2,COVID dışı pnömoni,Normal,159
Ozet_covidqu_D2,2,Normal,COVID-19,61
Ozet_covidqu_D2,2,Normal,COVID dışı pnömoni,150
Ozet_covidqu_D2,2,Normal,Normal,1929
Ozet_covidqu_D2,3,COVID-19,COVID-19,2233
Ozet_covidqu_D2,3,COVID-19,COVID dışı pnömoni,68
Ozet_covidqu_D2,3,COVID-19,Normal,94
Ozet_covidqu_D2,3,COVID dışı pnömoni,COVID-19,82
Ozet_covidqu_D2,3,COVID dışı pnömoni,COVID dışı pnömoni,2003
Ozet_covidqu_D2,3,COVID dışı pnömoni,Normal,168
Ozet_covidqu_D2,3,Normal,COVID-19,46
Ozet_covidqu_D2,3,Normal,COVID dışı pnömoni,146
Ozet_covidqu_D2,3,Normal,Normal,1948
Ozet_covidqu_D2,4,COVID-19,COVID-19,2279
Ozet_covidqu_D2,4,COVID-19,COVID dışı pnömoni,50
Ozet_covidqu_D2,4,COVID-19,Normal,66
Ozet_covidqu_D2,4,COVID dışı pnömoni,COVID-19,95
Ozet_covidqu_D2,4,COVID dışı pnömoni,COVID dışı pnömoni,1982
Ozet_covidqu_D2,4,COVID dışı pnömoni,Normal,176
Ozet_covidqu_D2,4,Normal,COVID-19,71
Ozet_covidqu_D2,4,Normal,COVID dışı pnömoni,177
Ozet_covidqu_D2,4,Normal,Normal,1892
Bozuk_beyin,0,Meningiom,Meningiom,529
Bozuk_beyin,0,Meningiom,Gliom,142
Bozuk_beyin,0,Meningiom,Hipofiz tümörü,37
Bozuk_beyin,0,Gliom,Meningiom,119
Bozuk_beyin,0,Gliom,Gliom,1306
Bozuk_beyin,0,Gliom,Hipofiz tümörü,1
Bozuk_beyin,0,Hipofiz tümörü,Meningiom,17
Bozuk_beyin,0,Hipofiz tümörü,Gliom,5
Bozuk_beyin,0,Hipofiz tümörü,Hipofiz tümörü,908
Bozuk_covidqu,0,COVID-19,COVID-19,1967
Bozuk_covidqu,0,COVID-19,COVID dışı pnömoni,364
Bozuk_covidqu,0,COVID-19,Normal,64
Bozuk_covidqu,0,COVID dışı pnömoni,COVID-19,21
Bozuk_covidqu,0,COVID dışı pnömoni,COVID dışı pnömoni,2160
Bozuk_covidqu,0,COVID dışı pnömoni,Normal,72
Bozuk_covidqu,0,Normal,COVID-19,32
Bozuk_covidqu,0,Normal,COVID dışı pnömoni,313
Bozuk_covidqu,0,Normal,Normal,1795
R_brain_tam,0,Meningiom,Meningiom,586
R_brain_tam,0,Meningiom,Gliom,49
R_brain_tam,0,Meningiom,Hipofiz tümörü,73
R_brain_tam,0,Gliom,Meningiom,41
R_brain_tam,0,Gliom,Gliom,1370
R_brain_tam,0,Gliom,Hipofiz tümörü,15
R_brain_tam,0,Hipofiz tümörü,Meningiom,8
R_brain_tam,0,Hipofiz tümörü,Gliom,4
R_brain_tam,0,Hipofiz tümörü,Hipofiz tümörü,918
R_brain_tam,1,Meningiom,Meningiom,596
R_brain_tam,1,Meningiom,Gliom,43
R_brain_tam,1,Meningiom,Hipofiz tümörü,69
R_brain_tam,1,Gliom,Meningiom,58
R_brain_tam,1,Gliom,Gliom,1356
R_brain_tam,1,Gliom,Hipofiz tümörü,12
R_brain_tam,1,Hipofiz tümörü,Meningiom,10
R_brain_tam,1,Hipofiz tümörü,Gliom,6
R_brain_tam,1,Hipofiz tümörü,Hipofiz tümörü,914
R_brain_tam,2,Meningiom,Meningiom,594
R_brain_tam,2,Meningiom,Gliom,53
R_brain_tam,2,Meningiom,Hipofiz tümörü,61
R_brain_tam,2,Gliom,Meningiom,54
R_brain_tam,2,Gliom,Gliom,1365
R_brain_tam,2,Gliom,Hipofiz tümörü,7
R_brain_tam,2,Hipofiz tümörü,Meningiom,7
R_brain_tam,2,Hipofiz tümörü,Gliom,8
R_brain_tam,2,Hipofiz tümörü,Hipofiz tümörü,915
R_brain_tam,3,Meningiom,Meningiom,601
R_brain_tam,3,Meningiom,Gliom,36
R_brain_tam,3,Meningiom,Hipofiz tümörü,71
R_brain_tam,3,Gliom,Meningiom,61
R_brain_tam,3,Gliom,Gliom,1347
R_brain_tam,3,Gliom,Hipofiz tümörü,18
R_brain_tam,3,Hipofiz tümörü,Meningiom,12
R_brain_tam,3,Hipofiz tümörü,Gliom,5
R_brain_tam,3,Hipofiz tümörü,Hipofiz tümörü,913
R_brain_tam,4,Meningiom,Meningiom,584
R_brain_tam,4,Meningiom,Gliom,50
R_brain_tam,4,Meningiom,Hipofiz tümörü,74
R_brain_tam,4,Gliom,Meningiom,50
R_brain_tam,4,Gliom,Gliom,1366
R_brain_tam,4,Gliom,Hipofiz tümörü,10
R_brain_tam,4,Hipofiz tümörü,Meningiom,10
R_brain_tam,4,Hipofiz tümörü,Gliom,5
R_brain_tam,4,Hipofiz tümörü,Hipofiz tümörü,915
R_brain_F32_G16,0,Meningiom,Meningiom,639
R_brain_F32_G16,0,Meningiom,Gliom,34
R_brain_F32_G16,0,Meningiom,Hipofiz tümörü,35
R_brain_F32_G16,0,Gliom,Meningiom,43
R_brain_F32_G16,0,Gliom,Gliom,1378
R_brain_F32_G16,0,Gliom,Hipofiz tümörü,5
R_brain_F32_G16,0,Hipofiz tümörü,Meningiom,19
R_brain_F32_G16,0,Hipofiz tümörü,Gliom,3
R_brain_F32_G16,0,Hipofiz tümörü,Hipofiz tümörü,908
R_brain_F32_G16,1,Meningiom,Meningiom,641
R_brain_F32_G16,1,Meningiom,Gliom,29
R_brain_F32_G16,1,Meningiom,Hipofiz tümörü,38
R_brain_F32_G16,1,Gliom,Meningiom,40
R_brain_F32_G16,1,Gliom,Gliom,1382
R_brain_F32_G16,1,Gliom,Hipofiz tümörü,4
R_brain_F32_G16,1,Hipofiz tümörü,Meningiom,16
R_brain_F32_G16,1,Hipofiz tümörü,Gliom,3
R_brain_F32_G16,1,Hipofiz tümörü,Hipofiz tümörü,911
R_brain_F32_G16,2,Meningiom,Meningiom,634
R_brain_F32_G16,2,Meningiom,Gliom,35
R_brain_F32_G16,2,Meningiom,Hipofiz tümörü,39
R_brain_F32_G16,2,Gliom,Meningiom,27
R_brain_F32_G16,2,Gliom,Gliom,1397
R_brain_F32_G16,2,Gliom,Hipofiz tümörü,2
R_brain_F32_G16,2,Hipofiz tümörü,Meningiom,16
R_brain_F32_G16,2,Hipofiz tümörü,Gliom,3
R_brain_F32_G16,2,Hipofiz tümörü,Hipofiz tümörü,911
R_brain_F32_G16,3,Meningiom,Meningiom,627
R_brain_F32_G16,3,Meningiom,Gliom,38
R_brain_F32_G16,3,Meningiom,Hipofiz tümörü,43
R_brain_F32_G16,3,Gliom,Meningiom,47
R_brain_F32_G16,3,Gliom,Gliom,1373
R_brain_F32_G16,3,Gliom,Hipofiz tümörü,6
R_brain_F32_G16,3,Hipofiz tümörü,Meningiom,16
R_brain_F32_G16,3,Hipofiz tümörü,Gliom,4
R_brain_F32_G16,3,Hipofiz tümörü,Hipofiz tümörü,910
R_brain_F32_G16,4,Meningiom,Meningiom,613
R_brain_F32_G16,4,Meningiom,Gliom,46
R_brain_F32_G16,4,Meningiom,Hipofiz tümörü,49
R_brain_F32_G16,4,Gliom,Meningiom,40
R_brain_F32_G16,4,Gliom,Gliom,1384
R_brain_F32_G16,4,Gliom,Hipofiz tümörü,2
R_brain_F32_G16,4,Hipofiz tümörü,Meningiom,15
R_brain_F32_G16,4,Hipofiz tümörü,Gliom,2
R_brain_F32_G16,4,Hipofiz tümörü,Hipofiz tümörü,913
R_brain_F64_G32,0,Meningiom,Meningiom,645
R_brain_F64_G32,0,Meningiom,Gliom,28
R_brain_F64_G32,0,Meningiom,Hipofiz tümörü,35
R_brain_F64_G32,0,Gliom,Meningiom,41
R_brain_F64_G32,0,Gliom,Gliom,1380
R_brain_F64_G32,0,Gliom,Hipofiz tümörü,5
R_brain_F64_G32,0,Hipofiz tümörü,Meningiom,18
R_brain_F64_G32,0,Hipofiz tümörü,Gliom,0
R_brain_F64_G32,0,Hipofiz tümörü,Hipofiz tümörü,912
R_brain_F64_G32,1,Meningiom,Meningiom,635
R_brain_F64_G32,1,Meningiom,Gliom,37
R_brain_F64_G32,1,Meningiom,Hipofiz tümörü,36
R_brain_F64_G32,1,Gliom,Meningiom,41
R_brain_F64_G32,1,Gliom,Gliom,1382
R_brain_F64_G32,1,Gliom,Hipofiz tümörü,3
R_brain_F64_G32,1,Hipofiz tümörü,Meningiom,16
R_brain_F64_G32,1,Hipofiz tümörü,Gliom,0
R_brain_F64_G32,1,Hipofiz tümörü,Hipofiz tümörü,914
R_brain_F64_G32,2,Meningiom,Meningiom,625
R_brain_F64_G32,2,Meningiom,Gliom,48
R_brain_F64_G32,2,Meningiom,Hipofiz tümörü,35
R_brain_F64_G32,2,Gliom,Meningiom,27
R_brain_F64_G32,2,Gliom,Gliom,1399
R_brain_F64_G32,2,Gliom,Hipofiz tümörü,0
R_brain_F64_G32,2,Hipofiz tümörü,Meningiom,13
R_brain_F64_G32,2,Hipofiz tümörü,Gliom,8
R_brain_F64_G32,2,Hipofiz tümörü,Hipofiz tümörü,909
R_brain_F64_G32,3,Meningiom,Meningiom,632
R_brain_F64_G32,3,Meningiom,Gliom,38
R_brain_F64_G32,3,Meningiom,Hipofiz tümörü,38
R_brain_F64_G32,3,Gliom,Meningiom,35
R_brain_F64_G32,3,Gliom,Gliom,1388
R_brain_F64_G32,3,Gliom,Hipofiz tümörü,3
R_brain_F64_G32,3,Hipofiz tümörü,Meningiom,16
R_brain_F64_G32,3,Hipofiz tümörü,Gliom,0
R_brain_F64_G32,3,Hipofiz tümörü,Hipofiz tümörü,914
R_brain_F64_G32,4,Meningiom,Meningiom,636
R_brain_F64_G32,4,Meningiom,Gliom,37
R_brain_F64_G32,4,Meningiom,Hipofiz tümörü,35
R_brain_F64_G32,4,Gliom,Meningiom,28
R_brain_F64_G32,4,Gliom,Gliom,1397
R_brain_F64_G32,4,Gliom,Hipofiz tümörü,1
R_brain_F64_G32,4,Hipofiz tümörü,Meningiom,16
R_brain_F64_G32,4,Hipofiz tümörü,Gliom,4
R_brain_F64_G32,4,Hipofiz tümörü,Hipofiz tümörü,910
R_brain_tam_pencere,0,Meningiom,Meningiom,636
R_brain_tam_pencere,0,Meningiom,Gliom,34
R_brain_tam_pencere,0,Meningiom,Hipofiz tümörü,38
R_brain_tam_pencere,0,Gliom,Meningiom,26
R_brain_tam_pencere,0,Gliom,Gliom,1395
R_brain_tam_pencere,0,Gliom,Hipofiz tümörü,5
R_brain_tam_pencere,0,Hipofiz tümörü,Meningiom,6
R_brain_tam_pencere,0,Hipofiz tümörü,Gliom,3
R_brain_tam_pencere,0,Hipofiz tümörü,Hipofiz tümörü,921
R_brain_tam_pencere,1,Meningiom,Meningiom,626
R_brain_tam_pencere,1,Meningiom,Gliom,27
R_brain_tam_pencere,1,Meningiom,Hipofiz tümörü,55
R_brain_tam_pencere,1,Gliom,Meningiom,29
R_brain_tam_pencere,1,Gliom,Gliom,1390
R_brain_tam_pencere,1,Gliom,Hipofiz tümörü,7
R_brain_tam_pencere,1,Hipofiz tümörü,Meningiom,9
R_brain_tam_pencere,1,Hipofiz tümörü,Gliom,7
R_brain_tam_pencere,1,Hipofiz tümörü,Hipofiz tümörü,914
R_brain_tam_pencere,2,Meningiom,Meningiom,612
R_brain_tam_pencere,2,Meningiom,Gliom,47
R_brain_tam_pencere,2,Meningiom,Hipofiz tümörü,49
R_brain_tam_pencere,2,Gliom,Meningiom,29
R_brain_tam_pencere,2,Gliom,Gliom,1392
R_brain_tam_pencere,2,Gliom,Hipofiz tümörü,5
R_brain_tam_pencere,2,Hipofiz tümörü,Meningiom,7
R_brain_tam_pencere,2,Hipofiz tümörü,Gliom,7
R_brain_tam_pencere,2,Hipofiz tümörü,Hipofiz tümörü,916
R_brain_tam_pencere,3,Meningiom,Meningiom,625
R_brain_tam_pencere,3,Meningiom,Gliom,32
R_brain_tam_pencere,3,Meningiom,Hipofiz tümörü,51
R_brain_tam_pencere,3,Gliom,Meningiom,38
R_brain_tam_pencere,3,Gliom,Gliom,1380
R_brain_tam_pencere,3,Gliom,Hipofiz tümörü,8
R_brain_tam_pencere,3,Hipofiz tümörü,Meningiom,6
R_brain_tam_pencere,3,Hipofiz tümörü,Gliom,4
R_brain_tam_pencere,3,Hipofiz tümörü,Hipofiz tümörü,920
R_brain_tam_pencere,4,Meningiom,Meningiom,630
R_brain_tam_pencere,4,Meningiom,Gliom,27
R_brain_tam_pencere,4,Meningiom,Hipofiz tümörü,51
R_brain_tam_pencere,4,Gliom,Meningiom,22
R_brain_tam_pencere,4,Gliom,Gliom,1399
R_brain_tam_pencere,4,Gliom,Hipofiz tümörü,5
R_brain_tam_pencere,4,Hipofiz tümörü,Meningiom,4
R_brain_tam_pencere,4,Hipofiz tümörü,Gliom,5
R_brain_tam_pencere,4,Hipofiz tümörü,Hipofiz tümörü,921
R_covidqu_tam,0,COVID-19,COVID-19,2343
R_covidqu_tam,0,COVID-19,COVID dışı pnömoni,21
R_covidqu_tam,0,COVID-19,Normal,31
R_covidqu_tam,0,COVID dışı pnömoni,COVID-19,6
R_covidqu_tam,0,COVID dışı pnömoni,COVID dışı pnömoni,2160
R_covidqu_tam,0,COVID dışı pnömoni,Normal,87
R_covidqu_tam,0,Normal,COVID-19,5
R_covidqu_tam,0,Normal,COVID dışı pnömoni,60
R_covidqu_tam,0,Normal,Normal,2075
R_covidqu_tam,1,COVID-19,COVID-19,2351
R_covidqu_tam,1,COVID-19,COVID dışı pnömoni,12
R_covidqu_tam,1,COVID-19,Normal,32
R_covidqu_tam,1,COVID dışı pnömoni,COVID-19,11
R_covidqu_tam,1,COVID dışı pnömoni,COVID dışı pnömoni,2165
R_covidqu_tam,1,COVID dışı pnömoni,Normal,77
R_covidqu_tam,1,Normal,COVID-19,5
R_covidqu_tam,1,Normal,COVID dışı pnömoni,74
R_covidqu_tam,1,Normal,Normal,2061
R_covidqu_tam,2,COVID-19,COVID-19,2359
R_covidqu_tam,2,COVID-19,COVID dışı pnömoni,8
R_covidqu_tam,2,COVID-19,Normal,28
R_covidqu_tam,2,COVID dışı pnömoni,COVID-19,7
R_covidqu_tam,2,COVID dışı pnömoni,COVID dışı pnömoni,2171
R_covidqu_tam,2,COVID dışı pnömoni,Normal,75
R_covidqu_tam,2,Normal,COVID-19,9
R_covidqu_tam,2,Normal,COVID dışı pnömoni,70
R_covidqu_tam,2,Normal,Normal,2061
R_covidqu_tam,3,COVID-19,COVID-19,2372
R_covidqu_tam,3,COVID-19,COVID dışı pnömoni,6
R_covidqu_tam,3,COVID-19,Normal,17
R_covidqu_tam,3,COVID dışı pnömoni,COVID-19,7
R_covidqu_tam,3,COVID dışı pnömoni,COVID dışı pnömoni,2159
R_covidqu_tam,3,COVID dışı pnömoni,Normal,87
R_covidqu_tam,3,Normal,COVID-19,15
R_covidqu_tam,3,Normal,COVID dışı pnömoni,70
R_covidqu_tam,3,Normal,Normal,2055
R_covidqu_tam,4,COVID-19,COVID-19,2345
R_covidqu_tam,4,COVID-19,COVID dışı pnömoni,16
R_covidqu_tam,4,COVID-19,Normal,34
R_covidqu_tam,4,COVID dışı pnömoni,COVID-19,7
R_covidqu_tam,4,COVID dışı pnömoni,COVID dışı pnömoni,2156
R_covidqu_tam,4,COVID dışı pnömoni,Normal,90
R_covidqu_tam,4,Normal,COVID-19,5
R_covidqu_tam,4,Normal,COVID dışı pnömoni,64
R_covidqu_tam,4,Normal,Normal,2071
R_covidqu_F32_G16,0,COVID-19,COVID-19,2293
R_covidqu_F32_G16,0,COVID-19,COVID dışı pnömoni,41
R_covidqu_F32_G16,0,COVID-19,Normal,61
R_covidqu_F32_G16,0,COVID dışı pnömoni,COVID-19,19
R_covidqu_F32_G16,0,COVID dışı pnömoni,COVID dışı pnömoni,2146
R_covidqu_F32_G16,0,COVID dışı pnömoni,Normal,88
R_covidqu_F32_G16,0,Normal,COVID-19,17
R_covidqu_F32_G16,0,Normal,COVID dışı pnömoni,114
R_covidqu_F32_G16,0,Normal,Normal,2009
R_covidqu_F32_G16,1,COVID-19,COVID-19,2314
R_covidqu_F32_G16,1,COVID-19,COVID dışı pnömoni,36
R_covidqu_F32_G16,1,COVID-19,Normal,45
R_covidqu_F32_G16,1,COVID dışı pnömoni,COVID-19,26
R_covidqu_F32_G16,1,COVID dışı pnömoni,COVID dışı pnömoni,2151
R_covidqu_F32_G16,1,COVID dışı pnömoni,Normal,76
R_covidqu_F32_G16,1,Normal,COVID-19,20
R_covidqu_F32_G16,1,Normal,COVID dışı pnömoni,126
R_covidqu_F32_G16,1,Normal,Normal,1994
R_covidqu_F32_G16,2,COVID-19,COVID-19,2314
R_covidqu_F32_G16,2,COVID-19,COVID dışı pnömoni,38
R_covidqu_F32_G16,2,COVID-19,Normal,43
R_covidqu_F32_G16,2,COVID dışı pnömoni,COVID-19,30
R_covidqu_F32_G16,2,COVID dışı pnömoni,COVID dışı pnömoni,2139
R_covidqu_F32_G16,2,COVID dışı pnömoni,Normal,84
R_covidqu_F32_G16,2,Normal,COVID-19,21
R_covidqu_F32_G16,2,Normal,COVID dışı pnömoni,116
R_covidqu_F32_G16,2,Normal,Normal,2003
R_covidqu_F32_G16,3,COVID-19,COVID-19,2325
R_covidqu_F32_G16,3,COVID-19,COVID dışı pnömoni,29
R_covidqu_F32_G16,3,COVID-19,Normal,41
R_covidqu_F32_G16,3,COVID dışı pnömoni,COVID-19,21
R_covidqu_F32_G16,3,COVID dışı pnömoni,COVID dışı pnömoni,2149
R_covidqu_F32_G16,3,COVID dışı pnömoni,Normal,83
R_covidqu_F32_G16,3,Normal,COVID-19,24
R_covidqu_F32_G16,3,Normal,COVID dışı pnömoni,113
R_covidqu_F32_G16,3,Normal,Normal,2003
R_covidqu_F32_G16,4,COVID-19,COVID-19,2298
R_covidqu_F32_G16,4,COVID-19,COVID dışı pnömoni,42
R_covidqu_F32_G16,4,COVID-19,Normal,55
R_covidqu_F32_G16,4,COVID dışı pnömoni,COVID-19,13
R_covidqu_F32_G16,4,COVID dışı pnömoni,COVID dışı pnömoni,2141
R_covidqu_F32_G16,4,COVID dışı pnömoni,Normal,99
R_covidqu_F32_G16,4,Normal,COVID-19,14
R_covidqu_F32_G16,4,Normal,COVID dışı pnömoni,101
R_covidqu_F32_G16,4,Normal,Normal,2025
R_covidqu_F64_G32,0,COVID-19,COVID-19,2316
R_covidqu_F64_G32,0,COVID-19,COVID dışı pnömoni,34
R_covidqu_F64_G32,0,COVID-19,Normal,45
R_covidqu_F64_G32,0,COVID dışı pnömoni,COVID-19,11
R_covidqu_F64_G32,0,COVID dışı pnömoni,COVID dışı pnömoni,2169
R_covidqu_F64_G32,0,COVID dışı pnömoni,Normal,73
R_covidqu_F64_G32,0,Normal,COVID-19,8
R_covidqu_F64_G32,0,Normal,COVID dışı pnömoni,93
R_covidqu_F64_G32,0,Normal,Normal,2039
R_covidqu_F64_G32,1,COVID-19,COVID-19,2336
R_covidqu_F64_G32,1,COVID-19,COVID dışı pnömoni,21
R_covidqu_F64_G32,1,COVID-19,Normal,38
R_covidqu_F64_G32,1,COVID dışı pnömoni,COVID-19,12
R_covidqu_F64_G32,1,COVID dışı pnömoni,COVID dışı pnömoni,2175
R_covidqu_F64_G32,1,COVID dışı pnömoni,Normal,66
R_covidqu_F64_G32,1,Normal,COVID-19,9
R_covidqu_F64_G32,1,Normal,COVID dışı pnömoni,135
R_covidqu_F64_G32,1,Normal,Normal,1996
R_covidqu_F64_G32,2,COVID-19,COVID-19,2337
R_covidqu_F64_G32,2,COVID-19,COVID dışı pnömoni,26
R_covidqu_F64_G32,2,COVID-19,Normal,32
R_covidqu_F64_G32,2,COVID dışı pnömoni,COVID-19,14
R_covidqu_F64_G32,2,COVID dışı pnömoni,COVID dışı pnömoni,2173
R_covidqu_F64_G32,2,COVID dışı pnömoni,Normal,66
R_covidqu_F64_G32,2,Normal,COVID-19,10
R_covidqu_F64_G32,2,Normal,COVID dışı pnömoni,113
R_covidqu_F64_G32,2,Normal,Normal,2017
R_covidqu_F64_G32,3,COVID-19,COVID-19,2345
R_covidqu_F64_G32,3,COVID-19,COVID dışı pnömoni,23
R_covidqu_F64_G32,3,COVID-19,Normal,27
R_covidqu_F64_G32,3,COVID dışı pnömoni,COVID-19,15
R_covidqu_F64_G32,3,COVID dışı pnömoni,COVID dışı pnömoni,2165
R_covidqu_F64_G32,3,COVID dışı pnömoni,Normal,73
R_covidqu_F64_G32,3,Normal,COVID-19,10
R_covidqu_F64_G32,3,Normal,COVID dışı pnömoni,103
R_covidqu_F64_G32,3,Normal,Normal,2027
R_covidqu_F64_G32,4,COVID-19,COVID-19,2302
R_covidqu_F64_G32,4,COVID-19,COVID dışı pnömoni,41
R_covidqu_F64_G32,4,COVID-19,Normal,52
R_covidqu_F64_G32,4,COVID dışı pnömoni,COVID-19,10
R_covidqu_F64_G32,4,COVID dışı pnömoni,COVID dışı pnömoni,2165
R_covidqu_F64_G32,4,COVID dışı pnömoni,Normal,78
R_covidqu_F64_G32,4,Normal,COVID-19,16
R_covidqu_F64_G32,4,Normal,COVID dışı pnömoni,88
R_covidqu_F64_G32,4,Normal,Normal,2036
