id,label,alt_tum,ust_tum,alt_baglam,ust_baglam,tumor_medyan,tumor_ust_asan_oran,label_name,fold,olcek_orani
1,1,0.0,2544.0,0.0,2549.1300000000047,1529.0,0.0002188662727073758,meningioma,5,0.9979875486930817
2,1,0.0,2644.0,0.0,2654.0,1467.0,0.0,meningioma,5,0.9962321024868124
3,1,0.0,2911.0,0.0,2920.8399999999965,1571.0,0.0,meningioma,5,0.9966311061201584
4,1,0.0,2986.2850000000035,0.0,2998.0,1637.0,0.0,meningioma,5,0.9960923949299545
5,1,0.0,2809.2850000000035,0.0,2825.0,1051.5,0.0,meningioma,5,0.9944371681415941
6,1,0.0,2629.2850000000035,0.0,2634.179999999993,1826.0,0.0,meningioma,3,0.9981417367074423
7,1,0.0,2708.0,0.0,2709.0,1805.0,0.000423728813559322,meningioma,3,0.9996308600959763
8,1,0.0,2750.0,0.0,2749.0,1817.0,0.008017817371937639,meningioma,3,1.000363768643143
9,1,0.0,2059.2850000000035,0.0,2062.0,839.0,0.0,meningioma,4,0.9986833171677999
10,1,0.0,2027.2850000000035,0.0,2030.0,1573.0,0.0,meningioma,4,0.9986625615763564
11,1,0.0,1986.0,0.0,1991.0,1653.0,0.0,meningioma,4,0.9974886991461577
12,1,0.0,1835.0,0.0,1838.0,1547.0,0.0011814124442110791,meningioma,4,0.9983677910772579
13,1,0.0,1628.0,0.0,1628.0,1385.0,0.00625,meningioma,4,1.0
14,1,0.0,1510.0,0.0,1513.0,1227.0,0.0,meningioma,4,0.9980171844018506
15,1,0.0,1347.0,0.0,1348.0,1050.5,0.002718734552644587,meningioma,4,0.9992581602373887
16,1,0.0,1820.0,0.0,1820.0,1534.5,0.0029239766081871343,meningioma,4,1.0
17,1,0.0,1806.2850000000035,0.0,1807.0,1339.0,0.0,meningioma,4,0.9996043165467645
18,1,0.0,1784.0,0.0,1786.0,1501.0,0.0,meningioma,4,0.9988801791713325
19,1,0.0,1763.0,0.0,1764.0,874.0,0.0,meningioma,4,0.9994331065759637
20,1,0.0,3026.0,0.0,3034.0,1629.0,0.0,meningioma,5,0.997363216875412
21,1,0.0,3025.0,0.0,3033.0,1721.0,0.0,meningioma,5,0.9973623475107155
22,1,0.0,2905.2850000000035,0.0,2915.0,1660.0,0.0,meningioma,5,0.9966672384219566
23,1,0.0,2703.2850000000035,0.0,2712.670000000013,1598.0,0.0,meningioma,5,0.9965403089944559
24,1,0.0,3821.2850000000035,0.0,3827.0,2613.5,0.0,meningioma,1,0.9985066631826505
25,1,0.0,3953.2850000000035,0.0,3958.2850000000035,2576.0,0.0,meningioma,1,0.9987368266812521
26,1,0.0,2978.0,0.0,2979.0,1759.0,0.0,meningioma,3,0.9996643168848607
27,1,0.0,2131.0,0.0,2132.0,1219.0,0.0,meningioma,1,0.9995309568480301
28,1,0.0,2768.0,0.0,2770.0,1924.0,0.0,meningioma,5,0.9992779783393502
29,1,0.0,2890.0,0.0,2894.0,2021.0,0.0,meningioma,5,0.9986178299930891
30,1,0.0,3008.0,0.0,3013.0,2013.0,0.0,meningioma,5,0.9983405243942914
31,1,0.0,3117.0,0.0,3122.0,2151.5,0.0,meningioma,5,0.9983984625240231
32,1,0.0,3280.0,0.0,3276.0,2498.0,0.012478336221837088,meningioma,2,1.0012210012210012
33,1,0.0,3350.0,0.0,3352.0,2218.0,0.0,meningioma,2,0.9994033412887828
34,1,0.0,2082.0,0.0,2082.0,957.0,0.0,meningioma,1,1.0
35,1,0.0,2807.0,0.0,2807.0,2131.0,0.0,meningioma,4,1.0
36,1,0.0,680.0,0.0,681.0,493.0,0.0,meningioma,5,0.9985315712187959
37,1,0.0,676.0,0.0,676.0,520.0,0.0,meningioma,5,1.0
38,1,0.0,691.0,0.0,691.0,551.0,0.0,meningioma,5,1.0
39,1,0.0,697.0,0.0,698.0,541.0,0.0,meningioma,5,0.998567335243553
40,1,0.0,693.0,0.0,693.0,558.0,0.0,meningioma,5,1.0
41,1,0.0,701.0,0.0,701.0,567.0,0.0,meningioma,5,1.0
42,1,0.0,1573.0,0.0,1565.0,969.5,0.02810126582278481,meningioma,4,1.005111821086262
43,1,0.0,1609.0,0.0,1608.0,1135.0,0.0069407367859049655,meningioma,4,1.0006218905472637
44,1,0.0,1569.0,0.0,1570.0,911.0,0.0013198416190057193,meningioma,4,0.9993630573248408
45,1,0.0,3996.2850000000035,0.0,4005.1300000000047,2381.0,0.0,meningioma,3,0.9977915822957054
46,1,0.0,3852.2850000000035,0.0,3864.0,2268.0,0.0,meningioma,3,0.9969681677018642
47,1,0.0,3669.0,0.0,3677.0,2254.0,0.0,meningioma,3,0.997824313298885
48,1,0.0,3401.0,0.0,3406.0,2244.0,0.0,meningioma,3,0.9985320023487962
49,1,0.0,3229.0,0.0,3230.0,1690.0,0.0,meningioma,3,0.9996904024767802
50,1,0.0,3266.0,0.0,3269.2300000000105,1616.0,0.0,meningioma,3,0.9990119997675262
51,1,0.0,3180.0,0.0,3188.0,1584.0,0.0,meningioma,3,0.9974905897114178
52,1,0.0,2972.2850000000035,0.0,2979.0,1537.0,0.0,meningioma,3,0.9977458878818407
53,1,0.0,2611.0,0.0,2615.0,1462.0,0.0,meningioma,3,0.998470363288719
54,1,0.0,2285.0,0.0,2286.0,1485.0,0.0,meningioma,3,0.9995625546806649
55,1,0.0,2056.0,0.0,2056.7550000000047,1271.0,0.0,meningioma,3,0.9996329169006495
56,1,0.0,2970.0,0.0,2969.0,2429.0,0.011494252873563218,meningioma,4,1.0003368137420006
57,1,0.0,3211.0,0.0,3212.600000000006,2296.0,0.0,meningioma,4,0.9995019610284487
58,1,0.0,2149.0,0.0,2150.0,1688.0,0.0,meningioma,5,0.9995348837209302
59,3,0.0,707.0,0.0,708.0,390.0,0.0,pituitary,3,0.998587570621469
60,1,0.0,2524.0,0.0,2525.5199999999895,1965.0,0.0,meningioma,1,0.9993981437486182
61,1,0.0,2356.0,0.0,2358.0,1843.0,0.0,meningioma,1,0.9991518235793045
62,1,0.0,1530.0,0.0,1533.0,976.0,0.0,meningioma,2,0.9980430528375733
63,1,0.0,1488.0,0.0,1493.0,896.0,0.00017908309455587392,meningioma,2,0.9966510381781648
64,1,0.0,1382.0,0.0,1385.0,849.0,0.0,meningioma,2,0.9978339350180505
65,1,0.0,1248.0,0.0,1251.0,798.0,0.0,meningioma,2,0.9976019184652278
66,1,0.0,1145.0,0.0,1146.0,816.0,0.0036344755970924196,meningioma,2,0.9991273996509599
67,1,0.0,3201.2850000000035,0.0,3203.0,1840.0,0.0,meningioma,1,0.9994645644708097
68,1,0.0,2974.0,0.0,2978.0,1781.0,0.0,meningioma,1,0.9986568166554735
69,1,0.0,2845.0,0.0,2849.5050000000047,1776.5,0.0,meningioma,1,0.998419023654984
70,1,0.0,2627.0,0.0,2629.0,1525.0,0.0,meningioma,1,0.99923925446938
71,1,0.0,2741.0,0.0,2741.0,1394.0,0.0,meningioma,4,1.0
72,1,0.0,2576.0,0.0,2576.0,1258.5,0.0,meningioma,4,1.0
73,1,0.0,2836.0,0.0,2847.0,1411.0,0.0,meningioma,3,0.9961362838075167
74,1,0.0,2757.0,0.0,2771.0,1388.0,0.0,meningioma,3,0.9949476723204619
75,1,0.0,2532.0,0.0,2551.6350000000093,1317.0,0.0,meningioma,3,0.9923049338953223
76,1,0.0,2353.2850000000035,0.0,2368.0,1246.0,0.0,meningioma,3,0.9937858952702717
77,1,0.0,2128.0,0.0,2135.0,1198.0,0.0,meningioma,3,0.9967213114754099
78,1,0.0,1879.0,0.0,1882.0,1132.0,0.0,meningioma,3,0.9984059511158342
79,1,0.0,1685.0,0.0,1687.0,1263.0,0.0,meningioma,3,0.998814463544754
80,1,0.0,3249.0,0.0,3270.0,1431.0,0.0,meningioma,1,0.9935779816513761
81,1,0.0,3284.0,0.0,3310.0,1653.0,0.0,meningioma,1,0.9921450151057402
82,1,0.0,3232.2850000000035,0.0,3262.600000000006,1619.0,0.0,meningioma,1,0.9907083307791326
83,1,0.0,3093.0,0.0,3116.7300000000105,1612.0,0.0,meningioma,1,0.9923862509745758
84,1,0.0,2951.2850000000035,0.0,2969.0,1557.0,0.0,meningioma,1,0.9940333445604592
85,1,0.0,2661.0,0.0,2670.0,1527.0,0.0,meningioma,1,0.996629213483146
86,1,0.0,2344.0,0.0,2348.0,1531.0,0.0,meningioma,1,0.9982964224872232
87,1,0.0,3589.2850000000035,0.0,3596.470000000001,2148.0,0.0,meningioma,2,0.9980022077203486
88,1,0.0,3722.0,0.0,3730.0,2081.0,0.0,meningioma,2,0.9978552278820375
89,1,0.0,3847.0,0.0,3853.0,2071.0,0.0,meningioma,2,0.9984427718660783
90,1,0.0,3927.2850000000035,0.0,3932.5750000000116,2183.0,0.0,meningioma,2,0.9986548254006578
91,1,0.0,1116.0,0.0,1116.0,880.0,0.0,meningioma,5,1.0
92,1,0.0,1056.0,0.0,1050.0,882.0,0.28,meningioma,5,1.0057142857142858
93,1,0.0,1716.0,0.0,1718.0,962.0,0.0,meningioma,5,0.9988358556461001
94,1,0.0,1735.2850000000035,0.0,1738.0,999.0,0.0009762447120078099,meningioma,5,0.9984378596087476
95,1,0.0,1731.0,0.0,1732.0,1187.0,0.0,meningioma,5,0.9994226327944573
96,1,0.0,1726.2850000000035,0.0,1728.0,1105.0,0.0,meningioma,5,0.9990075231481502
97,1,0.0,1765.0,0.0,1766.0,1057.0,0.0,meningioma,5,0.9994337485843715
98,1,0.0,1638.0,0.0,1639.0,910.0,0.0,meningioma,5,0.9993898718730934
99,1,0.0,3480.2850000000035,0.0,3485.0,2360.5,0.0,meningioma,4,0.9986470588235304
100,1,0.0,3586.0,0.0,3587.5,2251.0,0.0,meningioma,4,0.999581881533101
101,1,0.0,3649.2850000000035,0.0,3655.0,2291.0,0.0,meningioma,4,0.9984363885088929
102,1,0.0,3676.0,0.0,3681.0,2225.0,0.0,meningioma,4,0.9986416734582994
103,1,0.0,3575.0,0.0,3580.0,2365.0,0.0,meningioma,4,0.9986033519553073
104,1,0.0,2897.0,0.0,2899.0,1500.0,0.0,meningioma,5,0.9993101069334254
105,1,0.0,2824.0,0.0,2830.0,1535.0,0.0,meningioma,5,0.9978798586572438
106,1,0.0,2663.0,0.0,2668.0,1396.0,0.0,meningioma,5,0.9981259370314842
107,1,0.0,2481.2850000000035,0.0,2490.0,1394.0,0.0,meningioma,5,0.9965000000000014
108,1,0.0,2263.2850000000035,0.0,2273.0,1340.0,0.0,meningioma,5,0.9957259128904546
109,1,0.0,2020.0,0.0,2024.0,1367.0,0.0,meningioma,5,0.9980237154150198
110,1,0.0,1791.0,0.0,1793.0,1249.0,0.0,meningioma,5,0.9988845510317903
111,1,0.0,2560.2850000000035,0.0,2561.0,1319.0,0.0,meningioma,5,0.9997208121827424
112,1,0.0,2782.0,0.0,2784.0,1780.5,0.0,meningioma,5,0.9992816091954023
113,1,0.0,2050.0,0.0,2051.0,1473.0,0.0,meningioma,3,0.999512432959532
114,1,0.0,1895.0,0.0,1895.0,1406.5,0.0034762456546929316,meningioma,3,1.0
115,1,0.0,2457.0,0.0,2460.0,1729.0,0.0,meningioma,4,0.998780487804878
116,1,0.0,2324.2850000000035,0.0,2327.8550000000105,1569.0,0.0,meningioma,4,0.9984663993246972
117,1,0.0,2037.0,0.0,2043.0,662.0,0.0,meningioma,4,0.9970631424375918
118,1,0.0,1776.0,0.0,1778.0,1451.0,0.0,meningioma,4,0.9988751406074241
119,1,0.0,1866.0,0.0,1866.0,1013.0,0.0,meningioma,3,1.0
120,1,0.0,2288.0,0.0,2288.0,1454.0,0.004996003197442046,meningioma,3,1.0
121,1,0.0,2420.0,0.0,2423.0,1556.0,0.0007374631268436578,meningioma,3,0.9987618654560462
122,1,0.0,2498.2850000000035,0.0,2504.0,1569.0,0.0,meningioma,3,0.9977176517571898
123,1,0.0,2722.0,0.0,2725.0,1514.0,0.0,meningioma,3,0.9988990825688073
124,1,0.0,2400.0,0.0,2401.0,1697.0,0.0027643400138217,meningioma,5,0.9995835068721366
125,1,0.0,2563.0,0.0,2564.0,1264.0,0.0,meningioma,2,0.999609984399376
126,1,0.0,2426.0,0.0,2427.0,1271.0,0.0,meningioma,2,0.99958796868562
127,1,0.0,2348.0,0.0,2349.0,1107.0,0.0,meningioma,2,0.9995742869306088
128,1,0.0,2810.0,0.0,2816.0,1306.0,0.0,meningioma,3,0.9978693181818182
129,1,0.0,2985.0,0.0,2995.3850000000093,1365.0,0.0,meningioma,3,0.9965329999315583
130,1,0.0,3021.0,0.0,3031.2399999999907,1409.0,0.0,meningioma,3,0.9966218445256757
131,1,0.0,3171.2850000000035,0.0,3179.0,1508.0,0.0,meningioma,3,0.9975731362063553
132,1,0.0,2237.2850000000035,0.0,2236.0,1631.0,0.007062458618406533,meningioma,1,1.0005746869409675
133,1,0.0,2060.0,0.0,2046.0,1650.0,0.03138222849083216,meningioma,1,1.0068426197458455
134,1,0.0,1924.2850000000035,0.0,1916.0,1524.0,0.02186248331108144,meningioma,1,1.004324112734866
135,1,0.0,2709.0,0.0,2710.040000000008,1345.0,0.004209640075773522,meningioma,2,0.9996162418266858
136,1,0.0,2542.2850000000035,0.0,2519.0,1313.0,0.03022813688212928,meningioma,2,1.009243747518858
137,1,0.0,2274.2850000000035,0.0,2266.0,1251.0,0.01597374179431072,meningioma,2,1.0036562224183598
138,1,0.0,1975.0,0.0,1970.0,1356.5,0.014734144778987828,meningioma,2,1.00253807106599
139,1,0.0,1524.0,0.0,1525.0,1196.0,0.0,meningioma,4,0.999344262295082
140,1,0.0,1403.0,0.0,1405.0,1104.0,0.0,meningioma,4,0.998576512455516
141,1,0.0,1232.0,0.0,1232.0,1043.0,0.004670912951167728,meningioma,4,1.0
142,1,0.0,2148.0,0.0,2124.0,1890.0,0.23232323232323232,meningioma,1,1.0112994350282485
143,1,0.0,2025.0,0.0,2007.0,1798.0,0.17564534231200898,meningioma,1,1.0089686098654709
144,1,0.0,3522.0,0.0,3525.0,1785.0,0.0,meningioma,2,0.9991489361702127
145,1,0.0,3618.2850000000035,0.0,3634.264999999985,1804.0,0.0,meningioma,2,0.995602962359657
146,1,0.0,3523.0,0.0,3543.0,1687.0,0.0,meningioma,2,0.9943550663279707
147,1,0.0,3353.2850000000035,0.0,3369.5750000000116,1647.0,0.0,meningioma,2,0.9951655624225583
148,1,0.0,3061.0,0.0,3072.0,1576.0,0.0,meningioma,2,0.9964192708333334
149,1,0.0,2820.0,0.0,2828.0,1538.0,0.0,meningioma,2,0.9971711456859972
150,1,0.0,2634.0,0.0,2639.0,1530.0,0.0,meningioma,2,0.9981053429329292
151,1,0.0,3234.2850000000035,0.0,3236.0,2243.0,0.0,meningioma,3,0.99947002472188
152,1,0.0,3447.0,0.0,3449.0,2265.0,0.0,meningioma,3,0.9994201217744274
153,1,0.0,3597.0,0.0,3600.0,2357.0,0.0,meningioma,3,0.9991666666666666
154,1,0.0,3336.0,0.0,3349.0,1799.0,0.0,meningioma,5,0.9961182442520156
155,1,0.0,3324.0,0.0,3337.0,1740.0,0.0,meningioma,5,0.9961042852861852
156,1,0.0,3074.0,0.0,3084.0,1689.0,0.0,meningioma,5,0.996757457846952
157,1,0.0,2818.0,0.0,2827.0,1639.0,0.0,meningioma,5,0.9968164131588256
158,1,0.0,2575.0,0.0,2581.0,1634.0,0.0,meningioma,5,0.997675319643549
159,1,0.0,2371.0,0.0,2374.0,1566.0,0.0,meningioma,5,0.9987363100252739
160,1,0.0,3532.0,0.0,3535.0,2393.0,0.0,meningioma,5,0.9991513437057992
161,1,0.0,3396.2850000000035,0.0,3399.3250000000116,2491.0,0.0,meningioma,5,0.9991057048090406
162,1,0.0,3137.0,0.0,3134.0,2441.0,0.010412792859799182,meningioma,5,1.0009572431397575
163,1,0.0,2779.0,0.0,2779.25,1672.0,0.0,meningioma,2,0.9999100476747323
164,1,0.0,2401.0,0.0,2404.0,1626.0,0.0,meningioma,2,0.9987520798668885
165,1,0.0,2454.0,0.0,2459.0,1591.0,0.0,meningioma,2,0.9979666531110207
166,1,0.0,2398.0,0.0,2405.709999999992,1570.0,0.0009252120277563608,meningioma,2,0.9967951249319361
167,1,0.0,2387.0,0.0,2395.1749999999884,1656.0,0.0,meningioma,2,0.9965868882232035
168,1,0.0,2272.0,0.0,2275.475000000006,1568.5,0.0,meningioma,2,0.998472846328786
169,1,0.0,3368.0,0.0,3373.829999999987,1465.0,0.0,meningioma,2,0.9982719935503606
170,1,0.0,3309.0,0.0,3320.0,1448.0,0.0,meningioma,2,0.9966867469879518
171,1,0.0,3227.0,0.0,3242.0,1442.0,0.0,meningioma,2,0.9953732264034546
172,1,0.0,3078.0,0.0,3094.7999999999884,1428.0,0.0,meningioma,2,0.9945715393563435
173,1,0.0,2836.2850000000035,0.0,2849.0,1442.0,0.0,meningioma,2,0.9955370305370318
174,1,0.0,2494.0,0.0,2498.0,1464.0,0.0,meningioma,2,0.9983987189751802
175,1,0.0,2242.0,0.0,2243.0,1519.0,0.0,meningioma,1,0.9995541685242978
176,1,0.0,2098.0,0.0,2102.0,1540.0,0.0,meningioma,1,0.9980970504281637
177,1,0.0,1820.0,0.0,1823.0,1374.0,0.0008027292795504716,meningioma,1,0.9983543609434997
178,1,0.0,1659.0,0.0,1658.0,1278.0,0.00866307656286584,meningioma,1,1.0006031363088057
179,1,0.0,1608.0,0.0,1609.0,1212.0,0.0,meningioma,1,0.9993784959602238
180,1,0.0,2049.0,0.0,2055.0,1471.0,0.0,meningioma,1,0.997080291970803
181,1,0.0,1780.2850000000035,0.0,1783.984999999986,1319.0,0.0008438818565400844,meningioma,1,0.9979259915302077
182,1,0.0,1658.0,0.0,1658.0,1225.5,0.006178099701746911,meningioma,1,1.0
183,1,0.0,1546.0,0.0,1548.0,1151.0,0.0,meningioma,1,0.9987080103359173
184,1,0.0,2811.0,0.0,2812.0,1951.0,0.0,meningioma,4,0.9996443812233285
185,1,0.0,2882.0,0.0,2883.484999999986,2069.5,0.0,meningioma,4,0.9994849981879614
186,1,0.0,2894.0,0.0,2895.0,1416.0,0.0,meningioma,4,0.9996545768566494
187,1,0.0,2489.2850000000035,0.0,2491.0,1830.5,0.0,meningioma,3,0.9993115214773197
188,1,0.0,2612.2850000000035,0.0,2617.0,1628.0,0.0,meningioma,3,0.9981983186855191
189,1,0.0,2691.2850000000035,0.0,2696.0,1561.0,0.0,meningioma,3,0.9982511127596452
190,1,0.0,2877.0,0.0,2881.0,1483.0,0.0,meningioma,3,0.9986115931968067
191,1,0.0,2920.0,0.0,2924.0,1458.0,0.0,meningioma,3,0.9986320109439124
192,1,0.0,2263.2850000000035,0.0,2268.0,1421.0,0.0,meningioma,2,0.997921075837744
193,1,0.0,2095.0,0.0,2100.0,1336.0,0.0,meningioma,2,0.9976190476190476
194,1,0.0,1931.0,0.0,1938.0,1196.0,0.0,meningioma,2,0.9963880288957688
195,1,0.0,1782.0,0.0,1789.0,1146.0,0.0,meningioma,2,0.9960871995528228
196,1,0.0,1595.0,0.0,1600.0,1042.0,0.0,meningioma,2,0.996875
197,1,0.0,1455.2850000000035,0.0,1457.0,990.0,0.0015134698819493492,meningioma,2,0.9988229238160627
198,1,0.0,1817.0,0.0,1818.0,1080.0,0.0,meningioma,1,0.9994499449944995
199,1,0.0,1932.0,0.0,1933.0,1162.0,0.0018613308515588647,meningioma,1,0.999482669425763
200,1,0.0,1471.0,0.0,1472.0,920.0,0.0,meningioma,5,0.9993206521739131
201,1,0.0,1311.0,0.0,1312.0,869.5,0.0,meningioma,5,0.9992378048780488
202,1,0.0,1187.0,0.0,1188.0,849.0,0.00037425149700598805,meningioma,5,0.9991582491582491
203,1,0.0,2096.0,0.0,2097.0,1427.0,0.0,meningioma,2,0.9995231282784931
204,1,0.0,2891.0,0.0,2897.0,1444.0,0.0,meningioma,2,0.9979288919571971
205,1,0.0,2676.2850000000035,0.0,2687.0,1370.0,0.0,meningioma,2,0.9960122813546719
206,1,0.0,2372.0,0.0,2376.0,1269.0,0.002506265664160401,meningioma,2,0.9983164983164983
207,1,0.0,2119.0,0.0,2123.0,1242.0,0.00048792388387411563,meningioma,2,0.9981158737635422
208,1,0.0,1954.2850000000035,0.0,1957.0,1170.0,0.0009792720744246776,meningioma,2,0.9986126724578455
209,2,0.0,3153.0,0.0,3181.484999999986,1096.5,0.0,glioma,3,0.9910466338832381
210,2,0.0,3164.0,0.0,3188.0,1055.0,0.0,glioma,3,0.9924717691342535
211,1,0.0,1795.0,0.0,1795.0,1232.0,0.004743423889607589,meningioma,5,1.0
212,1,0.0,1818.0,0.0,1821.0,1107.0,0.0,meningioma,5,0.9983525535420099
213,1,0.0,1918.0,0.0,1925.0,1110.0,0.0,meningioma,5,0.9963636363636363
214,1,0.0,1985.0,0.0,1994.0,1140.0,0.0,meningioma,5,0.9954864593781344
215,1,0.0,1946.0,0.0,1952.0,1139.0,0.0,meningioma,5,0.9969262295081968
216,1,0.0,1983.0,0.0,1985.0,842.5,0.002680965147453083,meningioma,5,0.998992443324937
217,1,0.0,2034.0,0.0,2030.0,888.0,0.013804173354735152,meningioma,5,1.0019704433497536
218,1,0.0,2212.0,0.0,2211.0,1331.0,0.011314655172413793,meningioma,3,1.0004522840343737
219,1,0.0,2175.0,0.0,2175.0,1264.0,0.0,meningioma,3,1.0
220,1,0.0,2169.0,0.0,2171.0,1215.0,0.0,meningioma,3,0.9990787655458314
221,1,0.0,1469.0,0.0,1464.0,1131.0,0.011413929652923364,meningioma,4,1.0034153005464481
222,1,0.0,1523.0,0.0,1510.0,1227.0,0.017964999225646584,meningioma,4,1.008609271523179
223,1,0.0,1511.0,0.0,1518.0,1167.0,0.0,meningioma,4,0.9953886693017128
224,1,0.0,1586.2850000000035,0.0,1592.0,1176.0,0.00012906556530717606,meningioma,4,0.9964101758793992
225,1,0.0,1617.0,0.0,1624.25,1175.0,0.0,meningioma,4,0.9955364014160382
226,1,0.0,1783.0,0.0,1785.0,1205.0,0.0,meningioma,4,0.9988795518207283
227,1,0.0,1186.0,0.0,1186.0,1052.0,0.0,meningioma,4,1.0
228,1,0.0,1217.0,0.0,1214.0,1013.0,0.028398510242085662,meningioma,4,1.0024711696869852
229,1,0.0,1245.0,0.0,1244.0,990.0,0.009904761904761904,meningioma,4,1.0008038585209003
230,1,0.0,1286.0,0.0,1284.0,1013.0,0.024,meningioma,4,1.0015576323987538
231,1,0.0,2117.0,0.0,2123.195000000007,1301.0,0.0,meningioma,5,0.9970822274920547
232,1,0.0,2206.2850000000035,0.0,2215.0,1457.0,0.0,meningioma,5,0.9960654627539519
233,1,0.0,2357.2850000000035,0.0,2366.0,1460.0,0.0,meningioma,5,0.9963165680473387
234,1,0.0,2267.0,0.0,2276.0,1429.0,0.0,meningioma,5,0.9960456942003515
235,1,0.0,2256.2850000000035,0.0,2262.0,1501.0,0.0,meningioma,5,0.9974734748010625
236,1,0.0,2604.0,0.0,2604.0,1680.0,0.005278785879247773,meningioma,1,1.0
237,1,0.0,2590.2850000000035,0.0,2585.0,2015.0,0.021665864227250843,meningioma,1,1.0020444874274674
238,1,0.0,2581.0,0.0,2577.0,1855.5,0.020066889632107024,meningioma,1,1.0015521924718664
239,1,0.0,2784.0,0.0,2785.0,1870.0,0.0,meningioma,3,0.999640933572711
240,1,0.0,1955.0,0.0,1955.0,1350.0,0.0,meningioma,1,1.0
241,1,0.0,1918.0,0.0,1918.0,1323.0,0.0,meningioma,1,1.0
242,1,0.0,1942.0,0.0,1946.0,1347.0,0.0,meningioma,5,0.9979445015416238
243,1,0.0,1929.0,0.0,1930.0,1418.0,0.0007460830639144492,meningioma,5,0.9994818652849741
244,1,0.0,1849.0,0.0,1850.0,1599.0,0.000736105999263894,meningioma,5,0.9994594594594595
245,1,0.0,1831.0,0.0,1827.0,1285.0,0.031934877896055106,meningioma,5,1.0021893814997263
246,1,0.0,2117.0,0.0,2117.0,1422.0,0.0,meningioma,2,1.0
247,1,0.0,2150.0,0.0,2151.0,1390.0,0.0,meningioma,2,0.99953509995351
248,1,0.0,2150.0,0.0,2151.0350000000035,1238.0,0.0,meningioma,2,0.9995188362811375
249,1,0.0,2225.0,0.0,2226.0,1315.0,0.0,meningioma,2,0.9995507637017071
250,1,0.0,2253.0,0.0,2253.0,1364.0,0.0,meningioma,2,1.0
251,1,0.0,2244.0,0.0,2244.0,1677.0,0.0,meningioma,2,1.0
252,1,0.0,1733.0,0.0,1733.0,944.5,0.0,meningioma,1,1.0
253,1,0.0,2543.0,0.0,2509.0,2416.5,0.39492753623188404,meningioma,4,1.0135512156237545
254,1,0.0,553.0,0.0,528.0,535.0,0.528393351800554,meningioma,5,1.0473484848484849
255,1,0.0,541.0,0.0,530.0,422.0,0.1280328480776409,meningioma,5,1.0207547169811322
256,1,0.0,533.0,0.0,534.0,434.0,0.001692524682651622,meningioma,5,0.99812734082397
257,1,0.0,537.0,0.0,538.0,436.0,0.0013954786491766676,meningioma,5,0.9981412639405205
258,1,0.0,526.0,0.0,526.0,454.0,0.005758157389635317,meningioma,5,1.0
259,1,0.0,539.0,0.0,529.0,479.0,0.1194620253164557,meningioma,5,1.0189035916824196
260,1,0.0,555.0,0.0,535.0,455.0,0.3166051660516605,meningioma,5,1.0373831775700935
261,1,0.0,1178.0,0.0,1172.0,921.0,0.044933078393881457,meningioma,4,1.0051194539249146
262,1,0.0,1184.0,0.0,1170.0,827.0,0.052479815455594,meningioma,4,1.011965811965812
263,1,0.0,1184.0,0.0,1176.5499999999884,923.0,0.04571682201509099,meningioma,4,1.0063320725851104
264,1,0.0,1192.0,0.0,1181.0,819.0,0.039727029003168414,meningioma,4,1.0093141405588484
265,1,0.0,1189.0,0.0,1187.0,848.0,0.008070258723000238,meningioma,4,1.0016849199663016
266,1,0.0,1187.0,0.0,1188.0,784.0,0.0,meningioma,4,0.9991582491582491
267,1,0.0,1181.2850000000035,0.0,1181.0,838.0,0.006708074534161491,meningioma,4,1.0002413209144823
268,1,0.0,1190.0,0.0,1190.0,750.0,0.002623688155922039,meningioma,4,1.0
269,1,0.0,2578.0,0.0,2580.0,1730.0,0.0,meningioma,3,0.9992248062015504
270,1,0.0,2586.0,0.0,2589.0,1636.0,0.0,meningioma,3,0.9988412514484357
271,1,0.0,2666.2850000000035,0.0,2670.2399999999907,1638.0,0.0,meningioma,3,0.9985188597279693
272,1,0.0,2859.0,0.0,2864.0,1697.0,0.0001847063169560399,meningioma,3,0.9982541899441341
273,1,0.0,2892.0,0.0,2896.0,1719.0,0.0,meningioma,3,0.9986187845303868
274,1,0.0,2925.0,0.0,2928.0,1644.0,0.0,meningioma,3,0.9989754098360656
275,1,0.0,2097.0,0.0,2099.0,1364.0,0.0,meningioma,3,0.9990471653168176
276,1,0.0,2203.0,0.0,2208.0,1223.0,0.0,meningioma,3,0.9977355072463768
277,1,0.0,2291.0,0.0,2297.0,1206.0,0.0,meningioma,3,0.9973878972572922
278,1,0.0,2334.0,0.0,2340.0,1232.0,0.0,meningioma,3,0.9974358974358974
279,1,0.0,2409.0,0.0,2414.0,1344.0,0.0,meningioma,3,0.9979287489643744
280,1,0.0,2488.0,0.0,2492.0,1306.0,0.0,meningioma,3,0.9983948635634029
281,1,0.0,2735.0,0.0,2737.0,2029.0,0.0,meningioma,4,0.999269272926562
282,1,0.0,2858.0,0.0,2860.0,2370.0,0.0,meningioma,4,0.9993006993006993
283,1,0.0,2376.0,0.0,2376.0,1969.0,0.004470938897168405,meningioma,5,1.0
284,1,0.0,2459.0,0.0,2460.0,1505.0,0.0,meningioma,5,0.9995934959349594
285,1,0.0,2581.0,0.0,2581.0,1822.0,0.0,meningioma,5,1.0
286,1,0.0,2237.0,0.0,2239.0,1270.0,0.0,meningioma,1,0.9991067440821796
287,1,0.0,2356.0,0.0,2358.0,1383.0,0.0,meningioma,1,0.9991518235793045
288,1,0.0,2370.0,0.0,2372.0,1397.0,0.0,meningioma,1,0.9991568296795953
289,1,0.0,2353.0,0.0,2354.0,1385.0,0.0,meningioma,1,0.9995751911639762
290,1,0.0,1260.0,0.0,1262.0,705.0,0.0,meningioma,2,0.9984152139461173
291,1,0.0,1261.0,0.0,1264.0,799.0,0.0,meningioma,2,0.997626582278481
292,1,0.0,1278.0,0.0,1280.0,860.0,0.00045078888054094667,meningioma,2,0.9984375
293,1,0.0,1297.0,0.0,1297.0,914.0,0.0013831258644536654,meningioma,2,1.0
294,1,0.0,3046.0,0.0,3049.0,2152.0,0.0,meningioma,1,0.9990160708428993
295,1,0.0,3166.0,0.0,3168.054999999993,2112.0,0.0,meningioma,1,0.9993513370190881
296,1,0.0,3149.2850000000035,0.0,3151.0,2050.0,0.0,meningioma,1,0.9994557283402106
297,1,0.0,2765.0,0.0,2765.0,1434.5,0.0,meningioma,4,1.0
298,1,0.0,2798.2850000000035,0.0,2800.0,1278.0,0.0,meningioma,4,0.9993875000000012
299,1,0.0,1427.0,0.0,1430.0,914.0,0.0,meningioma,3,0.9979020979020979
300,1,0.0,1571.0,0.0,1578.0,938.0,0.0,meningioma,3,0.9955640050697085
301,1,0.0,1578.2850000000035,0.0,1588.0,984.0,0.0,meningioma,3,0.9938822418136042
302,1,0.0,1667.0,0.0,1677.0,1003.0,0.0,meningioma,3,0.9940369707811568
303,1,0.0,1736.0,0.0,1745.0,1058.0,0.0,meningioma,3,0.9948424068767908
304,1,0.0,2049.0,0.0,2059.904999999999,1153.0,0.0,meningioma,1,0.9947060665419042
305,1,0.0,2143.0,0.0,2157.0,1174.0,0.0,meningioma,1,0.9935095039406583
306,1,0.0,2219.0,0.0,2232.0,1271.0,0.0,meningioma,1,0.9941756272401434
307,1,0.0,2405.0,0.0,2420.0,1264.0,0.0,meningioma,1,0.993801652892562
308,1,0.0,2351.0,0.0,2367.8399999999965,1278.0,0.0,meningioma,1,0.9928880329752025
309,1,0.0,2262.0,0.0,2271.0,1417.0,0.0,meningioma,1,0.9960369881109643
310,1,0.0,2381.0,0.0,2384.4899999999907,1579.0,0.0,meningioma,1,0.9985363746545421
311,1,0.0,3255.2850000000035,0.0,3262.0,1883.0,0.0,meningioma,2,0.9979414469650532
312,1,0.0,3485.0,0.0,3494.0,2035.0,0.0,meningioma,2,0.9974241556954779
313,1,0.0,3722.0,0.0,3727.0,2185.0,0.0,meningioma,2,0.9986584384223236
314,1,0.0,3924.0,0.0,3929.0,2360.5,0.0,meningioma,2,0.998727411555103
315,1,0.0,1201.0,0.0,1201.0,686.0,0.0,meningioma,5,1.0
316,1,0.0,1159.0,0.0,1130.0,850.5,0.0842911877394636,meningioma,5,1.0256637168141594
317,1,0.0,1199.0,0.0,1178.0,914.0,0.0680573663624511,meningioma,5,1.0178268251273344
318,1,0.0,1277.0,0.0,1279.0,906.0,0.0,meningioma,5,0.9984362783424551
319,1,0.0,1448.0,0.0,1449.0,904.0,0.0,meningioma,5,0.9993098688750862
320,1,0.0,2300.0,0.0,2300.0,1712.0,0.0,meningioma,4,1.0
321,1,0.0,2224.0,0.0,2225.0,1683.0,0.0015625,meningioma,4,0.9995505617977528
322,1,0.0,2149.0,0.0,2151.0,1453.0,0.0011723329425556857,meningioma,4,0.99907019990702
323,1,0.0,2119.0,0.0,2121.0,1393.0,0.0,meningioma,4,0.9990570485619991
324,1,0.0,2127.0,0.0,2129.0,1503.0,0.0,meningioma,4,0.9990605918271489
325,1,0.0,2121.0,0.0,2123.0,1587.0,0.0004901960784313725,meningioma,4,0.999057936881771
326,1,0.0,2109.2850000000035,0.0,2117.0,1020.0,0.0,meningioma,5,0.9963556920170068
327,1,0.0,2088.0,0.0,2093.4500000000116,1161.0,0.0,meningioma,5,0.9973966419068946
328,1,0.0,2168.0,0.0,2172.0,1165.0,0.0,meningioma,5,0.998158379373849
329,1,0.0,2229.0,0.0,2236.0,1184.0,0.0,meningioma,5,0.9968694096601073
330,1,0.0,2359.0,0.0,2366.0,1217.0,0.0,meningioma,5,0.9970414201183432
331,1,0.0,2475.0,0.0,2480.0,1219.5,0.0,meningioma,5,0.9979838709677419
332,1,0.0,2014.2850000000035,0.0,2013.6399999999849,1528.0,0.00557297109021247,meningioma,5,1.0003203154486495
333,1,0.0,2110.2850000000035,0.0,2112.0,1617.0,0.0,meningioma,5,0.9991879734848501
334,1,0.0,1958.0,0.0,1959.0,1361.0,0.0,meningioma,3,0.9994895354772844
335,1,0.0,2008.0,0.0,2010.0,1242.0,0.0,meningioma,3,0.9990049751243781
336,1,0.0,1563.0,0.0,1565.0,1116.0,0.0,meningioma,4,0.9987220447284345
337,1,0.0,1613.0,0.0,1614.0,1129.0,0.0,meningioma,4,0.9993804213135068
338,1,0.0,1713.0,0.0,1716.0,1207.0,0.0,meningioma,4,0.9982517482517482
339,1,0.0,1787.0,0.0,1788.0,1104.0,0.0,meningioma,4,0.9994407158836689
340,1,0.0,2076.0,0.0,2076.0,1331.0,0.0,meningioma,3,1.0
341,1,0.0,1983.0,0.0,1987.0,1229.0,0.0,meningioma,3,0.9979869149471565
342,1,0.0,2033.0,0.0,2037.4899999999907,1291.0,0.0,meningioma,3,0.9977963082027442
343,1,0.0,2136.2850000000035,0.0,2140.0,1317.0,0.0,meningioma,3,0.9982640186915904
344,1,0.0,2270.0,0.0,2275.0,1332.0,0.0,meningioma,3,0.9978021978021978
345,1,0.0,1748.0,0.0,1750.0,1103.0,0.001583217890362161,meningioma,5,0.9988571428571429
346,1,0.0,1805.0,0.0,1807.0,1190.0,0.0009836710603974032,meningioma,5,0.9988931931377975
347,1,0.0,1854.0,0.0,1857.0,1239.0,0.00020292207792207794,meningioma,5,0.9983844911147012
348,1,0.0,1899.0,0.0,1898.0,1241.0,0.007581803671189146,meningioma,5,1.0005268703898842
349,1,0.0,2089.0,0.0,2090.0,1399.0,0.0,meningioma,2,0.9995215311004785
350,1,0.0,2147.2850000000035,0.0,2149.0,1389.0,0.0,meningioma,2,0.9992019543973958
351,1,0.0,2170.0,0.0,2172.0,1379.0,0.0,meningioma,2,0.9990791896869244
352,1,0.0,2199.0,0.0,2200.0,1442.0,0.0,meningioma,2,0.9995454545454545
353,1,0.0,1818.0,0.0,1819.0,1034.0,0.0,meningioma,3,0.999450247388675
354,1,0.0,1921.0,0.0,1923.0,1038.0,0.0,meningioma,3,0.998959958398336
355,1,0.0,2021.0,0.0,2023.0,1063.0,0.0,meningioma,3,0.9990113692535838
356,1,0.0,2048.0,0.0,2051.889999999985,1059.0,0.0,meningioma,3,0.9981041868716233
357,1,0.0,1647.0,0.0,1648.0,1044.5,0.0,meningioma,1,0.9993932038834952
358,1,0.0,1708.0,0.0,1710.0,1129.5,0.0,meningioma,1,0.9988304093567252
359,1,0.0,1720.0,0.0,1724.0,1058.0,0.0,meningioma,1,0.9976798143851509
360,1,0.0,1794.2850000000035,0.0,1801.3550000000105,1079.0,0.0,meningioma,1,0.9960751767419487
361,1,0.0,1948.2850000000035,0.0,1954.1900000000023,1125.0,0.0,meningioma,1,0.9969782876792949
362,1,0.0,2239.0,0.0,2229.0,1555.5,0.04500978473581213,meningioma,2,1.0044863167339615
363,1,0.0,2199.0,0.0,2162.0,1353.5,0.09125766871165644,meningioma,2,1.0171137835337651
364,1,0.0,2083.2850000000035,0.0,2077.4400000000023,1223.0,0.022673288706542862,meningioma,2,1.0028135589956875
365,1,0.0,2013.0,0.0,2004.0,1233.0,0.029796511627906978,meningioma,2,1.0044910179640718
366,1,0.0,1556.0,0.0,1557.0,785.0,0.0,meningioma,4,0.9993577392421323
367,1,0.0,1667.0,0.0,1668.0,889.0,0.0,meningioma,4,0.999400479616307
368,1,0.0,1799.2850000000035,0.0,1801.0,980.0,0.0,meningioma,4,0.9990477512493079
369,1,0.0,1964.0,0.0,1965.0,979.0,0.0,meningioma,4,0.9994910941475827
370,1,0.0,2037.0,0.0,2038.0,1320.0,0.0,meningioma,1,0.9995093228655545
371,1,0.0,2178.0,0.0,2179.0,1366.0,0.0,meningioma,1,0.9995410738871042
372,1,0.0,1865.0,0.0,1868.0,1036.0,0.0,meningioma,2,0.9983940042826552
373,1,0.0,1877.0,0.0,1882.0,1020.0,0.00011625203441060219,meningioma,2,0.9973432518597237
374,1,0.0,1955.0,0.0,1965.0,1024.0,0.0,meningioma,2,0.9949109414758269
375,1,0.0,1970.2850000000035,0.0,1985.0,1020.0,0.0,meningioma,2,0.992586901763226
376,1,0.0,2089.0,0.0,2100.0,1045.0,0.0,meningioma,2,0.9947619047619047
377,1,0.0,2157.0,0.0,2169.149999999994,1091.0,0.0,meningioma,2,0.994398727612201
378,1,0.0,2189.0,0.0,2200.0,1067.0,0.0,meningioma,2,0.995
379,1,0.0,2390.0,0.0,2392.0,1528.0,0.0,meningioma,3,0.9991638795986622
380,1,0.0,2440.0,0.0,2443.0,1669.0,0.0,meningioma,3,0.9987720016373312
381,1,0.0,2623.2850000000035,0.0,2619.0,1845.0,0.01678951678951679,meningioma,3,1.0016361206567406
382,1,0.0,1921.0,0.0,1923.0,1080.0,0.0,meningioma,5,0.998959958398336
383,1,0.0,2008.0,0.0,2014.2600000000093,1132.0,0.0,meningioma,5,0.9968921589069886
384,1,0.0,2114.0,0.0,2121.0,1103.0,0.0,meningioma,5,0.9966996699669967
385,1,0.0,2117.0,0.0,2126.0,1077.0,0.0,meningioma,5,0.995766698024459
386,1,0.0,2199.0,0.0,2208.0,1099.0,0.0,meningioma,5,0.9959239130434783
387,1,0.0,2269.2850000000035,0.0,2280.0,1163.0,0.0,meningioma,5,0.9953004385964928
388,1,0.0,2367.2850000000035,0.0,2377.4249999999884,1217.0,0.0,meningioma,5,0.9957348812265434
389,1,0.0,2456.0,0.0,2463.7999999999884,1268.0,0.0,meningioma,5,0.9968341586167756
390,1,0.0,2424.0,0.0,2425.0,1571.0,0.0,meningioma,5,0.9995876288659794
391,1,0.0,2479.0,0.0,2481.7550000000047,1833.0,0.001855976243504083,meningioma,5,0.9988898984790986
392,1,0.0,2497.0,0.0,2495.0,1890.0,0.011387900355871887,meningioma,5,1.0008016032064129
393,1,0.0,1889.0,0.0,1889.109999999986,1122.0,0.0,meningioma,2,0.9999417715220469
394,1,0.0,1907.0,0.0,1907.0,1001.0,0.0,meningioma,2,1.0
395,1,0.0,1204.0,0.0,1204.0,799.0,0.005649717514124294,meningioma,2,1.0
396,1,0.0,1276.0,0.0,1278.0,834.0,0.0004809233728759218,meningioma,2,0.9984350547730829
397,1,0.0,1287.0,0.0,1291.0,817.0,0.0,meningioma,2,0.9969016266460109
398,1,0.0,1305.0,0.0,1308.0,866.0,0.0,meningioma,2,0.9977064220183486
399,1,0.0,1415.2850000000035,0.0,1419.0,822.0,0.0,meningioma,2,0.9973819591261477
400,1,0.0,1390.0,0.0,1395.0,788.0,0.0,meningioma,2,0.996415770609319
401,1,0.0,1419.0,0.0,1426.0,785.0,0.0,meningioma,2,0.9950911640953717
402,1,0.0,1457.0,0.0,1462.054999999993,789.0,0.0,meningioma,2,0.9965425377294336
403,1,0.0,1501.0,0.0,1506.1300000000047,796.0,0.0,meningioma,2,0.9965939195155766
404,1,0.0,1581.0,0.0,1586.0,869.0,0.0,meningioma,2,0.9968474148802018
405,1,0.0,2172.0,0.0,2174.7999999999884,1291.0,0.0,meningioma,1,0.9987125252896871
406,1,0.0,2360.0,0.0,2362.774999999994,1371.0,0.0,meningioma,1,0.9988255335357814
407,1,0.0,2411.0,0.0,2414.0,1453.0,0.0,meningioma,1,0.9987572493786246
408,1,0.0,2060.2850000000035,0.0,2064.1050000000105,1290.0,0.0,meningioma,1,0.9981493189542165
409,1,0.0,2197.0,0.0,2200.0,1341.0,0.0,meningioma,1,0.9986363636363637
410,1,0.0,2247.0,0.0,2251.220000000001,1337.0,0.0,meningioma,1,0.9981254608612214
411,1,0.0,2399.0,0.0,2402.0,1457.0,0.0,meningioma,1,0.9987510407993339
412,1,0.0,2424.2850000000035,0.0,2426.0,1592.0,0.0,meningioma,1,0.9992930750206115
413,1,0.0,2347.0,0.0,2348.720000000001,1495.0,0.0,meningioma,1,0.9992676862290945
414,1,0.0,1954.0,0.0,1955.0,1504.0,0.0,meningioma,4,0.9994884910485934
415,1,0.0,1986.0,0.0,1979.0,1609.0,0.022591362126245847,meningioma,4,1.0035371399696817
416,1,0.0,2064.2850000000035,0.0,2064.0,1652.0,0.007369196757553427,meningioma,4,1.0001380813953504
417,1,0.0,2125.2850000000035,0.0,2122.0,1700.0,0.010752688172043012,meningioma,4,1.0015480678605106
418,1,0.0,2553.0,0.0,2555.0,1621.0,0.0,meningioma,3,0.9992172211350293
419,1,0.0,2667.2850000000035,0.0,2671.0,1724.0,0.0,meningioma,3,0.9986091351553739
420,1,0.0,2641.0,0.0,2643.0,1696.0,0.0,meningioma,3,0.9992432841468029
421,1,0.0,2474.0,0.0,2475.0,1714.0,0.0,meningioma,3,0.9995959595959596
422,1,0.0,2495.0,0.0,2450.0,2081.0,0.346123727486296,meningioma,3,1.0183673469387755
423,1,0.0,1647.0,0.0,1654.984999999986,958.0,0.0,meningioma,2,0.9951751828566506
424,1,0.0,1615.0,0.0,1623.6199999999953,930.0,0.0,meningioma,2,0.9946908759438814
425,1,0.0,1670.0,0.0,1678.0,960.0,0.0,meningioma,2,0.9952324195470799
426,1,0.0,1803.2850000000035,0.0,1814.1300000000047,973.0,0.0,meningioma,2,0.9940219278662493
427,1,0.0,1939.2850000000035,0.0,1947.0,1000.0,0.0,meningioma,2,0.9960374935798683
428,1,0.0,2021.0,0.0,2026.0,1035.0,0.0,meningioma,2,0.9975320829220138
429,1,0.0,2039.0,0.0,2042.0,1042.0,0.0,meningioma,2,0.9985308521057786
430,1,0.0,1667.0,0.0,1668.0,1001.0,0.0,meningioma,1,0.999400479616307
431,1,0.0,1768.0,0.0,1769.0,1000.0,0.0,meningioma,1,0.9994347088750707
432,1,0.0,1449.0,0.0,1450.0,946.0,0.0,meningioma,5,0.9993103448275862
433,1,0.0,1514.0,0.0,1516.0,935.0,0.0,meningioma,5,0.9986807387862797
434,1,0.0,1541.0,0.0,1542.4200000000128,945.0,0.0,meningioma,5,0.9990793687841102
435,1,0.0,1570.0,0.0,1571.0,955.0,0.0,meningioma,5,0.9993634627625716
436,1,0.0,1586.2850000000035,0.0,1588.0,971.0,0.0,meningioma,5,0.9989200251889191
437,1,0.0,2637.0,0.0,2638.0,1529.0,0.0,meningioma,2,0.9996209249431387
438,1,0.0,2381.0,0.0,2388.2399999999907,1127.0,0.0,meningioma,2,0.9969684788798484
439,1,0.0,2532.0,0.0,2538.0,1178.0,0.00023668639053254438,meningioma,2,0.9976359338061466
440,1,0.0,2637.2850000000035,0.0,2645.0,1204.0,0.0,meningioma,2,0.997083175803404
441,1,0.0,2735.0,0.0,2746.0,1272.0,0.0,meningioma,2,0.9959941733430444
442,1,0.0,1897.0,0.0,1899.0050000000047,1162.0,0.0,meningioma,5,0.9989441839278966
443,1,0.0,1896.2850000000035,0.0,1903.0,1006.0,0.0,meningioma,5,0.9964713610089351
444,1,0.0,1844.0,0.0,1849.0,1014.0,0.0,meningioma,5,0.9972958355868037
445,1,0.0,1904.0,0.0,1910.0,998.5,0.0,meningioma,5,0.9968586387434555
446,1,0.0,1757.0,0.0,1759.0,1008.0,0.0,meningioma,5,0.9988629903354178
447,1,0.0,1741.0,0.0,1743.0,1029.0,0.0,meningioma,5,0.9988525530694206
448,1,0.0,2022.0,0.0,2024.0,1162.0,0.001084010840108401,meningioma,3,0.9990118577075099
449,1,0.0,2004.0,0.0,2005.0,1248.0,0.0,meningioma,3,0.9995012468827931
450,1,0.0,710.0,0.0,710.0,400.0,0.0,meningioma,3,1.0
451,1,0.0,716.2850000000035,0.0,717.0,406.0,0.0,meningioma,3,0.9990027894002839
452,1,0.0,742.0,0.0,743.0,440.0,0.0,meningioma,4,0.9986541049798116
453,1,0.0,761.0,0.0,762.6549999999988,420.0,0.0,meningioma,4,0.9978299493217787
454,1,0.0,791.0,0.0,792.0,428.0,0.0,meningioma,4,0.9987373737373737
455,1,0.0,1636.0,0.0,1642.0,836.0,0.0,meningioma,4,0.9963459196102314
456,1,0.0,1684.0,0.0,1690.0,988.0,0.0,meningioma,4,0.9964497041420118
457,1,0.0,1643.2850000000035,0.0,1653.0,933.5,0.0,meningioma,4,0.994122807017546
458,1,0.0,1490.0,0.0,1495.0,986.0,0.0,meningioma,4,0.9966555183946488
459,1,0.0,844.0,0.0,845.0,558.0,0.0,meningioma,4,0.9988165680473373
460,1,0.0,834.2850000000035,0.0,835.0,551.0,0.0,meningioma,4,0.9991437125748545
461,1,0.0,1285.2850000000035,0.0,1286.0,940.0,0.0,meningioma,4,0.9994440124416824
462,1,0.0,1319.0,0.0,1320.0,1005.0,0.0,meningioma,4,0.9992424242424243
463,1,0.0,1346.0,0.0,1346.0,998.0,0.0,meningioma,4,1.0
464,1,0.0,1344.0,0.0,1344.0,955.5,0.0,meningioma,4,1.0
465,1,0.0,1914.0,0.0,1916.0,1114.0,0.0,meningioma,5,0.9989561586638831
466,1,0.0,1963.0,0.0,1966.0,1178.0,0.0,meningioma,5,0.9984740590030519
467,1,0.0,2101.0,0.0,2107.0,1167.0,0.0,meningioma,5,0.9971523493118177
468,1,0.0,2060.0,0.0,2064.070000000007,1218.0,0.0,meningioma,5,0.9980281676493497
469,1,0.0,1960.0,0.0,1962.0,1153.0,0.0,meningioma,5,0.9989806320081549
470,1,0.0,1933.2850000000035,0.0,1935.0,1193.0,0.0,meningioma,5,0.9991136950904411
471,1,0.0,711.0,0.0,711.0,397.0,0.0,meningioma,3,1.0
472,1,0.0,751.0,0.0,752.0,428.0,0.0,meningioma,3,0.9986702127659575
473,1,0.0,752.0,0.0,753.0,426.0,0.0,meningioma,3,0.99867197875166
474,1,0.0,2327.0,0.0,2329.0,1624.5,0.0,meningioma,1,0.9991412623443539
475,1,0.0,2346.2850000000035,0.0,2348.0,1592.0,0.0,meningioma,1,0.9992695911413985
476,1,0.0,1864.0,0.0,1864.5950000000012,1259.0,0.0,meningioma,3,0.9996808958513773
477,1,0.0,1930.0,0.0,1930.4649999999965,1037.0,0.0,meningioma,3,0.9997591253920706
478,1,0.0,1595.0,0.0,1595.0,1098.0,0.0,meningioma,1,1.0
479,1,0.0,1515.0,0.0,1515.0,1029.0,0.0,meningioma,1,1.0
480,1,0.0,1535.0,0.0,1527.359999999986,1390.0,0.06054590570719603,meningioma,5,1.0050020951183833
481,1,0.0,1673.0,0.0,1675.0,1262.0,0.0,meningioma,5,0.9988059701492538
482,1,0.0,1776.0,0.0,1780.0,1205.0,0.0,meningioma,5,0.9977528089887641
483,1,0.0,1868.0,0.0,1871.4599999999919,1163.0,0.0,meningioma,5,0.9981511760871234
484,1,0.0,1965.0,0.0,1965.0,996.0,0.0,meningioma,5,1.0
485,1,0.0,627.0,0.0,628.0,375.0,0.0,meningioma,2,0.9984076433121019
486,1,0.0,688.0,0.0,689.0,386.0,0.0,meningioma,2,0.9985486211901307
487,1,0.0,704.0,0.0,705.0,400.0,0.0,meningioma,2,0.9985815602836879
488,1,0.0,728.0,0.0,728.984999999986,342.0,0.0,meningioma,2,0.9986488062168823
489,1,0.0,1574.0,0.0,1574.4649999999965,748.5,0.0,meningioma,1,0.9997046615834607
490,1,0.0,529.0,0.0,529.0,309.0,0.008998875140607425,meningioma,3,1.0
491,1,0.0,580.0,0.0,581.0,355.0,0.00165929203539823,meningioma,3,0.9982788296041308
492,1,0.0,622.0,0.0,622.0,340.0,0.0,meningioma,3,1.0
493,1,0.0,653.0,0.0,654.0,356.0,0.0,meningioma,3,0.9984709480122325
494,1,0.0,687.0,0.0,687.0,318.0,0.0,meningioma,3,1.0
495,1,0.0,2054.0,0.0,2055.0,1373.0,0.0,meningioma,4,0.9995133819951338
496,1,0.0,720.0,0.0,721.0,462.0,0.0,meningioma,5,0.9986130374479889
497,1,0.0,724.0,0.0,725.4549999999872,450.0,0.0,meningioma,5,0.9979943621589386
498,1,0.0,718.0,0.0,719.7900000000081,427.0,0.0,meningioma,5,0.997513163561583
499,1,0.0,757.0,0.0,759.0,451.5,0.0,meningioma,5,0.997364953886693
500,1,0.0,758.0,0.0,759.5350000000035,441.0,0.0,meningioma,5,0.9979790266412957
501,1,0.0,1166.0,0.0,1167.5400000000081,710.0,0.0,meningioma,4,0.9986809873751579
502,1,0.0,1157.0,0.0,1159.1449999999895,713.5,0.0,meningioma,4,0.9981494981214692
503,1,0.0,1156.2850000000035,0.0,1158.1149999999907,724.0,0.0,meningioma,4,0.9984198460429342
504,1,0.0,1103.0,0.0,1103.0799999999872,792.0,0.0,meningioma,4,0.9999274757950583
505,1,0.0,2705.0,0.0,2706.0,1965.0,0.0,meningioma,3,0.999630450849963
506,1,0.0,2703.0,0.0,2708.0,1782.0,0.0,meningioma,3,0.9981536189069424
507,1,0.0,2604.0,0.0,2601.0,1598.0,0.01020545185980932,meningioma,3,1.0011534025374855
508,1,0.0,2439.0,0.0,2442.0,1498.0,0.0,meningioma,3,0.9987714987714987
509,1,0.0,2471.0,0.0,2473.0,1410.0,0.0,meningioma,3,0.9991912656692277
510,1,0.0,1608.0,0.0,1609.0,1158.0,0.0024339360222531293,meningioma,3,0.9993784959602238
511,1,0.0,1684.0,0.0,1692.0,1146.0,0.0,meningioma,3,0.9952718676122931
512,1,0.0,1745.0,0.0,1749.0,1102.0,0.0,meningioma,3,0.9977129788450543
513,1,0.0,1829.0,0.0,1832.0,1082.0,0.0,meningioma,3,0.9983624454148472
514,1,0.0,476.0,0.0,477.0,267.0,0.0,meningioma,4,0.9979035639412998
515,1,0.0,488.0,0.0,489.0,298.0,0.0,meningioma,4,0.9979550102249489
516,1,0.0,490.0,0.0,491.0,288.0,0.0,meningioma,4,0.9979633401221996
517,1,0.0,2294.0,0.0,2295.0,1758.0,0.0,meningioma,4,0.9995642701525055
518,1,0.0,2206.0,0.0,2207.0,1723.0,0.0,meningioma,5,0.9995468962392388
519,1,0.0,1994.0,0.0,1994.0,1670.5,0.0027472527472527475,meningioma,5,1.0
520,1,0.0,2062.2850000000035,0.0,2064.0,1162.0,0.0,meningioma,1,0.9991690891472885
521,1,0.0,2177.0,0.0,2179.0,1186.0,0.0,meningioma,1,0.9990821477742083
522,1,0.0,2128.0,0.0,2131.0,1186.0,0.0,meningioma,1,0.998592210229939
523,1,0.0,1537.0,0.0,1542.0,716.0,0.0,meningioma,2,0.996757457846952
524,1,0.0,1483.0,0.0,1487.0,737.0,0.0,meningioma,2,0.9973100201748487
525,1,0.0,1452.0,0.0,1454.0,739.0,0.0,meningioma,2,0.9986244841815681
526,1,0.0,1416.0,0.0,1419.0,727.0,0.0,meningioma,2,0.9978858350951374
527,1,0.0,2020.2850000000035,0.0,2021.0,1630.0,0.0,meningioma,1,0.9996462147451773
528,1,0.0,2185.2850000000035,0.0,2187.0,1599.5,0.0,meningioma,1,0.9992158207590323
529,1,0.0,2179.0,0.0,2182.0,1413.0,0.0,meningioma,1,0.9986251145737856
530,1,0.0,1866.0,0.0,1867.0,778.0,0.0,meningioma,4,0.9994643813604713
531,1,0.0,1911.2850000000035,0.0,1912.0,717.0,0.0,meningioma,4,0.9996260460251064
532,1,0.0,580.0,0.0,581.0,397.0,0.0,meningioma,4,0.9982788296041308
533,1,0.0,1450.0,0.0,1451.0,988.0,0.0,meningioma,3,0.9993108201240524
534,1,0.0,1506.0,0.0,1507.0,978.0,0.0,meningioma,3,0.9993364299933643
535,1,0.0,1653.2850000000035,0.0,1657.0,962.0,0.0,meningioma,3,0.9977579963790003
536,1,0.0,1728.0,0.0,1736.4700000000012,958.0,0.0,meningioma,3,0.9951222883205577
537,1,0.0,1818.0,0.0,1825.0,929.0,0.0,meningioma,3,0.9961643835616438
538,1,0.0,1874.0,0.0,1884.0,912.5,0.0,meningioma,3,0.994692144373673
539,1,0.0,1857.0,0.0,1861.0,982.0,0.0,meningioma,3,0.9978506179473401
540,1,0.0,2184.0,0.0,2196.0,1372.0,0.0,meningioma,1,0.994535519125683
541,1,0.0,1899.2850000000035,0.0,1906.0,1083.0,0.0,meningioma,1,0.9964769150052484
542,1,0.0,1882.0,0.0,1888.0,1021.0,0.0,meningioma,1,0.996822033898305
543,1,0.0,2475.0,0.0,2480.0,1293.0,0.0,meningioma,2,0.9979838709677419
544,1,0.0,2515.0,0.0,2519.0,1312.0,0.0,meningioma,2,0.9984120682810639
545,1,0.0,2612.0,0.0,2617.0,1329.0,0.0,meningioma,2,0.9980894153611005
546,1,0.0,2658.2850000000035,0.0,2662.25,1445.0,0.0,meningioma,2,0.9985106582777739
547,1,0.0,2587.0,0.0,2589.0,1490.0,0.0,meningioma,2,0.9992275009656237
548,1,0.0,2518.0,0.0,2519.0,1663.0,0.0,meningioma,2,0.999603017070266
549,1,0.0,2544.0,0.0,2545.0,1473.0,0.0,meningioma,2,0.999607072691552
550,1,0.0,1153.0,0.0,1153.0,693.0,0.0,meningioma,5,1.0
551,1,0.0,1034.0,0.0,1034.0,708.0,0.004390408645727794,meningioma,5,1.0
552,1,0.0,1062.0,0.0,1065.0,786.0,0.0,meningioma,5,0.9971830985915493
553,1,0.0,1109.0,0.0,1101.0,744.5,0.02586639879457559,meningioma,5,1.0072661217075387
554,1,0.0,1211.2850000000035,0.0,1213.0,707.0,0.0,meningioma,5,0.998586150041223
555,1,0.0,1178.0,0.0,1179.0,759.5,0.0,meningioma,5,0.9991518235793045
556,1,0.0,2085.2850000000035,0.0,2090.0,1210.0,0.0001670564650851988,meningioma,4,0.9977440191387577
557,1,0.0,2264.0,0.0,2268.0,1290.0,0.0,meningioma,4,0.9982363315696648
558,1,0.0,2355.2850000000035,0.0,2357.0,1486.0,0.0,meningioma,4,0.9992723801442527
559,1,0.0,2490.2850000000035,0.0,2492.0,1299.0,0.0,meningioma,4,0.9993117977528104
560,1,0.0,666.0,0.0,667.0,402.0,0.0,meningioma,2,0.9985007496251874
561,1,0.0,647.0,0.0,649.0,395.0,0.0,meningioma,2,0.9969183359013868
562,1,0.0,644.0,0.0,645.0,395.0,0.0,meningioma,2,0.9984496124031008
563,1,0.0,630.0,0.0,630.0,388.0,0.0055926393649648205,meningioma,2,1.0
564,1,0.0,1717.0,0.0,1721.0,1063.0,0.0,meningioma,5,0.9976757699012202
565,1,0.0,1607.2850000000035,0.0,1615.0,984.0,0.0,meningioma,5,0.9952229102167204
566,1,0.0,1581.0,0.0,1574.0,978.0,0.012840646651270209,meningioma,5,1.0044472681067345
567,1,0.0,1640.2850000000035,0.0,1642.0,1016.0,0.0029495524816924327,meningioma,5,0.9989555420219266
568,1,0.0,1664.0,0.0,1666.0,874.0,0.0,meningioma,5,0.9987995198079231
569,1,0.0,2035.0,0.0,2036.3899999999849,1265.0,0.0,meningioma,5,0.9993174195512722
570,1,0.0,2048.0,0.0,2049.0,1053.0,0.0,meningioma,5,0.9995119570522206
571,1,0.0,1989.0,0.0,1990.0,1185.0,0.0,meningioma,3,0.9994974874371859
572,1,0.0,2033.0,0.0,2033.0,1082.0,0.0,meningioma,3,1.0
573,1,0.0,1471.0,0.0,1472.0,1041.0,0.0,meningioma,4,0.9993206521739131
574,1,0.0,1574.0,0.0,1576.0,1030.0,0.0,meningioma,4,0.998730964467005
575,1,0.0,1619.0,0.0,1622.0,966.0,0.0,meningioma,4,0.9981504315659679
576,1,0.0,1670.0,0.0,1672.0,914.0,0.0,meningioma,4,0.9988038277511961
577,1,0.0,702.0,0.0,702.5599999999977,403.0,0.0,meningioma,5,0.9992029150535219
578,1,0.0,682.0,0.0,682.0,442.5,0.0,meningioma,5,1.0
579,1,0.0,1943.0,0.0,1943.0,1404.5,0.0,meningioma,3,1.0
580,1,0.0,1535.0,0.0,1535.0350000000035,1109.0,0.003880597014925373,meningioma,3,0.9999771992169537
581,1,0.0,1590.0,0.0,1592.0,1031.0,0.0,meningioma,3,0.9987437185929648
582,1,0.0,1700.0,0.0,1704.0,1057.0,0.0,meningioma,3,0.9976525821596244
583,1,0.0,1727.0,0.0,1729.0,1073.0,0.0,meningioma,3,0.9988432620011567
584,1,0.0,770.0,0.0,770.0,524.5,0.0,meningioma,1,1.0
585,1,0.0,826.0,0.0,826.0,690.0,0.0,meningioma,1,1.0
586,1,0.0,2147.0,0.0,2149.0,1335.0,0.0,meningioma,2,0.9990693345742205
587,1,0.0,2214.0,0.0,2216.0,1486.0,0.0,meningioma,2,0.9990974729241877
588,1,0.0,2261.0,0.0,2262.7149999999965,1579.0,0.0,meningioma,2,0.9992420609754227
589,1,0.0,2340.0,0.0,2342.0,934.0,0.0,meningioma,3,0.9991460290350128
590,1,0.0,2253.2850000000035,0.0,2258.7399999999907,1002.0,0.0,meningioma,3,0.9975849367346453
591,1,0.0,2128.0,0.0,2133.0,1099.0,0.0,meningioma,3,0.9976558837318331
592,1,0.0,1999.2850000000035,0.0,2001.0,1158.0,0.0,meningioma,3,0.9991429285357338
593,1,0.0,1597.0,0.0,1600.0,994.0,0.0,meningioma,1,0.998125
594,1,0.0,1671.2850000000035,0.0,1674.1849999999977,918.0,0.0,meningioma,1,0.9982678138915387
595,1,0.0,1744.0,0.0,1748.1900000000023,914.0,0.0,meningioma,1,0.9976032353462712
596,1,0.0,809.0,0.0,809.5100000000093,410.0,0.0,meningioma,1,0.9993699892527463
597,1,0.0,746.0,0.0,746.0,442.0,0.0,meningioma,4,1.0
598,1,0.0,752.0,0.0,752.0,502.0,0.0,meningioma,4,1.0
599,1,0.0,1669.0,0.0,1669.0,953.0,0.004460019114367633,meningioma,2,1.0
600,1,0.0,1797.0,0.0,1791.0,985.0,0.02001779359430605,meningioma,2,1.003350083752094
601,1,0.0,1952.0,0.0,1944.0,953.5,0.015381693885301938,meningioma,2,1.0041152263374487
602,1,0.0,2128.0,0.0,2135.0,1019.0,0.0,meningioma,2,0.9967213114754099
603,1,0.0,1030.0,0.0,1031.0,586.0,0.0,meningioma,4,0.9990300678952473
604,1,0.0,1101.0,0.0,1102.0,671.0,0.0,meningioma,4,0.9990925589836661
605,1,0.0,1162.0,0.0,1163.0,630.0,0.0,meningioma,4,0.999140154772141
606,1,0.0,1785.0,0.0,1786.0,1139.0,0.0,meningioma,1,0.9994400895856663
607,1,0.0,1747.0,0.0,1748.0,1056.5,0.0,meningioma,1,0.9994279176201373
608,1,0.0,1954.0,0.0,1959.0,881.0,0.0,meningioma,2,0.9974476773864216
609,1,0.0,1933.2850000000035,0.0,1942.0,915.0,0.0,meningioma,2,0.9955123583934107
610,1,0.0,1891.2850000000035,0.0,1899.0,920.0,0.0,meningioma,2,0.995937335439707
611,1,0.0,1855.2850000000035,0.0,1863.0,929.0,0.0,meningioma,2,0.9958588298443389
612,1,0.0,1874.2850000000035,0.0,1881.0,1025.0,0.0,meningioma,2,0.9964300903774607
613,1,0.0,1813.0,0.0,1819.5050000000047,1071.0,0.0,meningioma,2,0.9964248518140898
614,1,0.0,1832.0,0.0,1835.0,1179.0,0.0,meningioma,2,0.9983651226158038
615,1,0.0,1931.0,0.0,1932.0,1220.0,0.0,meningioma,3,0.9994824016563147
616,1,0.0,1949.0,0.0,1950.0,1194.0,0.0,meningioma,3,0.9994871794871795
617,1,0.0,2021.0,0.0,2023.0,1294.0,0.0,meningioma,3,0.9990113692535838
618,1,0.0,1989.0,0.0,1990.0,1295.0,0.0,meningioma,3,0.9994974874371859
619,1,0.0,593.0,0.0,593.0,406.0,0.0,meningioma,3,1.0
620,1,0.0,606.0,0.0,607.0,408.0,0.0,meningioma,3,0.9983525535420099
621,1,0.0,688.0,0.0,689.0,320.0,0.0,meningioma,1,0.9985486211901307
622,1,0.0,680.0,0.0,682.0,305.0,0.0,meningioma,1,0.9970674486803519
623,1,0.0,663.0,0.0,665.0,299.0,0.0,meningioma,1,0.9969924812030075
624,1,0.0,627.0,0.0,628.0,309.0,0.0,meningioma,1,0.9984076433121019
625,1,0.0,1724.0,0.0,1729.0,881.0,0.0,meningioma,5,0.9971081550028918
626,1,0.0,1845.0,0.0,1853.0,894.0,0.0,meningioma,5,0.995682676740421
627,1,0.0,1937.0,0.0,1949.0,929.0,0.0,meningioma,5,0.9938429964084146
628,1,0.0,1999.0,0.0,2010.0,930.0,0.0,meningioma,5,0.9945273631840796
629,1,0.0,2150.0,0.0,2166.0,927.0,0.0,meningioma,5,0.9926131117266851
630,1,0.0,2079.0,0.0,2084.0,906.0,0.0,meningioma,5,0.9976007677543186
631,1,0.0,2319.0,0.0,2321.0,1319.0,0.0,meningioma,5,0.999138302455838
632,1,0.0,2370.0,0.0,2372.524999999994,1554.0,0.0,meningioma,5,0.9989357330270517
633,1,0.0,2324.0,0.0,2327.0,1697.0,0.0,meningioma,5,0.9987107864202837
634,1,0.0,2201.0,0.0,2203.0,1563.0,0.0,meningioma,5,0.9990921470721743
635,1,0.0,661.0,0.0,663.0,421.0,0.0,meningioma,4,0.9969834087481146
636,1,0.0,662.0,0.0,663.0,445.0,0.0,meningioma,4,0.9984917043740573
637,1,0.0,698.0,0.0,699.0,497.0,0.0,meningioma,4,0.9985693848354793
638,1,0.0,688.0,0.0,689.0,495.0,0.0038866396761133605,meningioma,4,0.9985486211901307
639,1,0.0,2148.0,0.0,2148.8649999999907,1161.5,0.0,meningioma,2,0.999597461915946
640,1,0.0,669.0,0.0,669.0650000000023,367.0,0.0,meningioma,5,0.9999028494989242
641,1,0.0,702.0,0.0,702.0,377.0,0.0,meningioma,5,1.0
642,1,0.0,1143.0,0.0,1144.0,753.0,0.0,meningioma,2,0.9991258741258742
643,1,0.0,1159.0,0.0,1160.0,800.0,0.0,meningioma,2,0.9991379310344828
644,1,0.0,1176.0,0.0,1178.0,774.0,0.0,meningioma,2,0.99830220713073
645,1,0.0,1215.0,0.0,1217.0,780.0,0.0,meningioma,2,0.9983566146261298
646,1,0.0,1222.0,0.0,1222.0,773.0,0.00430416068866571,meningioma,2,1.0
647,1,0.0,1232.0,0.0,1233.0,812.0,0.0,meningioma,2,0.9991889699918897
648,1,0.0,1400.0,0.0,1402.0,859.0,0.0,meningioma,2,0.9985734664764622
649,1,0.0,1476.0,0.0,1479.0,787.0,0.0,meningioma,2,0.9979716024340771
650,1,0.0,1521.0,0.0,1526.0,778.0,0.0,meningioma,2,0.9967234600262124
651,1,0.0,1670.0,0.0,1675.0,785.0,0.0,meningioma,2,0.9970149253731343
652,1,0.0,1764.0,0.0,1769.0,803.0,0.0,meningioma,2,0.9971735443753533
653,1,0.0,1863.0,0.0,1868.0,871.0,0.0,meningioma,2,0.9973233404710921
654,1,0.0,1841.0,0.0,1843.0,826.0,0.0,meningioma,2,0.9989148128052089
655,1,0.0,576.0,0.0,576.0,310.0,0.0,meningioma,2,1.0
656,1,0.0,614.0,0.0,614.0,333.0,0.0,meningioma,2,1.0
657,1,0.0,630.0,0.0,631.0,297.0,0.0,meningioma,2,0.9984152139461173
658,1,0.0,636.0,0.0,637.0,284.0,0.0,meningioma,2,0.9984301412872841
659,1,0.0,782.0,0.0,784.0,373.0,0.0,meningioma,3,0.9974489795918368
660,1,0.0,770.0,0.0,774.0,370.0,0.0,meningioma,3,0.9948320413436692
661,1,0.0,744.0,0.0,746.0,361.0,0.0,meningioma,3,0.9973190348525469
662,1,0.0,745.0,0.0,747.0,377.0,0.0,meningioma,3,0.9973226238286479
663,1,0.0,710.0,0.0,711.0,384.0,0.0,meningioma,3,0.9985935302390999
664,1,0.0,1494.0,0.0,1495.0,955.0,0.0,meningioma,1,0.9993311036789297
665,1,0.0,1542.0,0.0,1544.0,942.0,0.0,meningioma,1,0.9987046632124352
666,1,0.0,1576.0,0.0,1578.0,912.0,0.0,meningioma,1,0.9987325728770595
667,1,0.0,1616.0,0.0,1618.0,921.5,0.0,meningioma,1,0.9987639060568603
668,1,0.0,1502.0,0.0,1503.0,1011.0,0.0,meningioma,1,0.9993346640053227
669,1,0.0,1558.0,0.0,1560.0,1009.0,0.0,meningioma,1,0.9987179487179487
670,1,0.0,1611.0,0.0,1614.0,979.0,0.0,meningioma,1,0.9981412639405205
671,1,0.0,1588.0,0.0,1591.0,941.0,0.0,meningioma,1,0.9981143934632307
672,1,0.0,1602.0,0.0,1603.0,1000.0,0.0,meningioma,1,0.9993761696818465
673,1,0.0,788.2850000000035,0.0,789.0,516.0,0.0,meningioma,3,0.999093789607102
674,1,0.0,1752.0,0.0,1753.0,1309.0,0.0,meningioma,4,0.9994295493439818
675,1,0.0,1655.0,0.0,1657.0,1102.0,0.0,meningioma,3,0.9987929993964997
676,1,0.0,1660.0,0.0,1661.0,1060.0,0.0,meningioma,3,0.9993979530403372
677,1,0.0,1747.0,0.0,1748.3299999999872,1107.0,0.0,meningioma,3,0.9992392740501008
678,1,0.0,1743.0,0.0,1744.5100000000093,1040.0,0.0,meningioma,3,0.9991344274323396
679,1,0.0,1772.0,0.0,1774.0,1091.0,0.0,meningioma,3,0.9988726042841037
680,1,0.0,1278.0,0.0,1281.0,805.0,0.0,meningioma,2,0.9976580796252927
681,1,0.0,1371.0,0.0,1375.0,848.0,0.0,meningioma,2,0.9970909090909091
682,1,0.0,1416.0,0.0,1422.75,807.0,0.0,meningioma,2,0.9952556668423828
683,1,0.0,1467.2850000000035,0.0,1473.0,816.0,0.0,meningioma,2,0.9961201629327926
684,1,0.0,1535.2850000000035,0.0,1542.0,786.0,0.0,meningioma,2,0.9956452658884588
685,1,0.0,1565.0,0.0,1569.0,760.0,0.0,meningioma,2,0.9974506054811982
686,1,0.0,1560.0,0.0,1561.0,769.0,0.0,meningioma,1,0.9993593850096092
687,1,0.0,1521.0,0.0,1523.0,828.0,0.0,meningioma,1,0.9986868023637557
688,1,0.0,1440.0,0.0,1441.0,777.0,0.0,meningioma,5,0.9993060374739764
689,1,0.0,1497.0,0.0,1499.0,779.0,0.0,meningioma,5,0.9986657771847899
690,1,0.0,1534.0,0.0,1535.0,790.0,0.0,meningioma,5,0.9993485342019544
691,1,0.0,1529.2850000000035,0.0,1531.0,824.0,0.0,meningioma,5,0.9988798171130003
692,1,0.0,1518.0,0.0,1519.0,837.0,0.0,meningioma,5,0.9993416721527321
693,1,0.0,774.0,0.0,774.0,501.0,0.0,meningioma,1,1.0
694,1,0.0,772.0,0.0,773.0,483.0,0.0,meningioma,1,0.9987063389391979
695,1,0.0,783.0,0.0,783.0,470.0,0.0,meningioma,1,1.0
696,1,0.0,1966.0,0.0,1966.4649999999965,979.0,0.0,meningioma,2,0.9997635350743611
697,1,0.0,2186.0,0.0,2193.0,970.0,0.0,meningioma,2,0.9968080255357957
698,1,0.0,2212.2850000000035,0.0,2222.0,960.0,0.00011210762331838565,meningioma,2,0.9956278127812797
699,1,0.0,2205.0,0.0,2215.1600000000035,977.0,0.0,meningioma,2,0.9954134238610288
700,1,0.0,2195.2850000000035,0.0,2205.0,1050.0,0.0,meningioma,2,0.9955941043083916
701,1,0.0,2107.0,0.0,2110.0,1031.0,0.0,meningioma,2,0.9985781990521327
702,1,0.0,2128.0,0.0,2130.0,1058.0,0.0,meningioma,2,0.9990610328638497
703,1,0.0,647.0,0.0,648.0,412.0,0.0,meningioma,4,0.9984567901234568
704,1,0.0,642.0,0.0,644.0,461.0,0.0,meningioma,4,0.9968944099378882
705,1,0.0,618.0,0.0,620.0,455.0,0.0,meningioma,4,0.9967741935483871
706,1,0.0,613.0,0.0,615.0,449.0,0.00026881720430107527,meningioma,4,0.9967479674796748
707,1,0.0,657.0,0.0,658.0,497.0,0.0022550456646747096,meningioma,4,0.9984802431610942
708,1,0.0,728.0,0.0,730.0,544.0,0.0018446402951424472,meningioma,4,0.9972602739726028
709,3,0.0,645.0,0.0,644.0,384.0,0.00967982129560685,pituitary,5,1.0015527950310559
710,3,0.0,647.0,0.0,646.0,373.0,0.017718236819360415,pituitary,5,1.001547987616099
711,3,0.0,663.0,0.0,659.0,376.0,0.052884615384615384,pituitary,5,1.0060698027314112
712,3,0.0,675.0,0.0,675.0,308.0,0.0,pituitary,3,1.0
713,3,0.0,696.0,0.0,696.0,325.0,0.0,pituitary,3,1.0
714,3,0.0,733.0,0.0,733.0,361.0,0.0,pituitary,3,1.0
715,2,0.0,3037.0,0.0,3049.0,1006.0,0.0,glioma,3,0.9960642833715972
716,2,0.0,2844.0,0.0,2860.0,943.0,0.0,glioma,3,0.9944055944055944
717,2,0.0,2600.0,0.0,2618.3399999999965,972.0,0.0,glioma,3,0.9929955620736816
718,2,0.0,1846.0,0.0,1850.0,815.0,0.0,glioma,3,0.9978378378378379
719,2,0.0,1846.0,0.0,1850.7300000000105,973.0,0.0006360311655271108,glioma,3,0.997444251727691
720,2,0.0,1915.0,0.0,1917.0,953.0,0.0015499070055796653,glioma,3,0.9989567031820553
721,2,0.0,1872.2850000000035,0.0,1878.6499999999942,671.0,0.0,glioma,3,0.9966119287786492
722,2,0.0,2702.0,0.0,2703.0,1300.5,0.0,glioma,5,0.9996300406955235
723,2,0.0,2859.570000000007,0.0,2863.0,550.0,0.0,glioma,5,0.9988019559902225
724,2,0.0,2910.2850000000035,0.0,2912.404999999999,934.0,0.0,glioma,5,0.9992720792609561
725,2,0.0,2597.0,0.0,2601.0,1073.0,0.0,glioma,1,0.9984621299500193
726,2,0.0,2744.0,0.0,2748.7699999999895,1137.0,0.0,glioma,1,0.9982646783834263
727,2,0.0,2754.0,0.0,2758.0,1105.0,0.0,glioma,1,0.9985496736765772
728,2,0.0,2719.0,0.0,2730.0,987.0,0.0,glioma,1,0.995970695970696
729,2,0.0,2985.0,0.0,2987.0,1447.0,0.0,glioma,5,0.9993304318714429
730,2,0.0,3094.0,0.0,3095.4400000000023,1511.0,0.003379049890677798,glioma,5,0.99953479957615
731,2,0.0,3052.0,0.0,3058.0,1384.5,0.0023393636930754834,glioma,5,0.9980379332897319
732,2,0.0,2962.2850000000035,0.0,2965.0,1399.0,0.0024330900243309003,glioma,5,0.9990843170320417
733,2,0.0,2836.0,0.0,2838.0,1608.0,0.002722570106180234,glioma,5,0.9992952783650458
734,2,0.0,2716.0,0.0,2718.0,1729.0,0.0,glioma,5,0.9992641648270787
735,2,0.0,3006.0,0.0,3009.0,1249.0,0.0,glioma,5,0.9990029910269193
736,2,0.0,2775.0,0.0,2779.579999999987,1096.0,0.0,glioma,5,0.9983522690478464
737,2,0.0,2582.0,0.0,2586.0,1032.0,0.0,glioma,5,0.9984532095901005
738,2,0.0,2433.0,0.0,2437.0,967.0,0.0,glioma,5,0.9983586376692655
739,2,0.0,2352.0,0.0,2355.0,920.0,0.0,glioma,5,0.9987261146496815
740,2,0.0,2450.0,0.0,2459.0,800.0,0.0,glioma,4,0.9963399755998373
741,2,0.0,2542.0,0.0,2553.0,749.0,0.0,glioma,4,0.9956913435174305
742,2,0.0,2643.0,0.0,2654.0,828.5,0.0,glioma,4,0.9958553127354935
743,2,0.0,2652.2850000000035,0.0,2664.0,843.0,0.0,glioma,4,0.9956024774774788
744,2,0.0,2695.2850000000035,0.0,2708.0,849.0,0.0,glioma,4,0.9953046528803557
745,2,0.0,2677.0,0.0,2688.8699999999953,839.0,0.0,glioma,4,0.9955855061791774
746,2,0.0,2571.0,0.0,2580.0,859.0,0.0,glioma,4,0.9965116279069768
747,2,0.0,1802.2850000000035,0.0,1812.0,797.0,0.0,glioma,3,0.9946385209713043
748,2,0.0,1735.0,0.0,1745.0,785.0,0.0,glioma,3,0.994269340974212
749,2,0.0,1843.0,0.0,1845.0,785.0,0.003961890387699274,glioma,3,0.9989159891598915
750,2,0.0,1871.0,0.0,1878.0,742.0,0.0,glioma,3,0.996272630457934
751,2,0.0,1949.0,0.0,1960.0,758.0,0.0,glioma,3,0.9943877551020408
752,2,0.0,1947.0,0.0,1956.0,771.0,0.0,glioma,3,0.995398773006135
753,2,0.0,1441.0,0.0,1424.0,1040.5,0.06001765225066196,glioma,3,1.011938202247191
754,2,0.0,1508.0,0.0,1491.0,753.0,0.028226438764309237,glioma,3,1.01140174379611
755,2,0.0,1562.0,0.0,1548.0,936.5,0.03632361034672537,glioma,3,1.0090439276485788
756,2,0.0,1691.0,0.0,1680.0,1172.0,0.03962773941759232,glioma,3,1.006547619047619
757,2,0.0,1790.0,0.0,1787.0,1077.0,0.013279802347127856,glioma,3,1.0016787912702854
758,2,0.0,1893.0,0.0,1894.0,650.0,0.002600780234070221,glioma,3,0.9994720168954594
759,2,0.0,1917.0,0.0,1919.0,550.0,0.0,glioma,3,0.9989577905158937
760,2,0.0,1879.2850000000035,0.0,1880.0,997.0,0.0,glioma,3,0.9996196808510657
761,2,0.0,2291.0,0.0,2292.0,955.0,0.0,glioma,5,0.9995636998254799
762,2,0.0,2266.0,0.0,2268.0,565.5,0.0,glioma,5,0.9991181657848325
763,2,0.0,2301.0,0.0,2303.0,975.0,0.0,glioma,5,0.9991315675206253
764,2,0.0,1796.0,0.0,1799.0,783.0,0.0,glioma,1,0.9983324068927182
765,2,0.0,1896.0,0.0,1899.3399999999965,998.0,0.0,glioma,1,0.9982414944138509
766,2,0.0,1938.0,0.0,1943.0,1024.0,0.0,glioma,1,0.9974266598044261
767,2,0.0,1987.0,0.0,1989.0,1031.0,0.0,glioma,1,0.9989944695827049
768,2,0.0,1888.2850000000035,0.0,1883.0,1346.0,0.02744546094299789,glioma,5,1.002806691449816
769,2,0.0,2023.0,0.0,2023.6499999999942,1155.0,0.0038990355017443053,glioma,5,0.999678798211156
770,2,0.0,2085.0,0.0,2071.0,1090.0,0.016890428757037678,glioma,5,1.006760019314341
771,2,0.0,2129.0,0.0,2135.0,1182.0,0.0,glioma,5,0.9971896955503513
772,2,0.0,2252.0,0.0,2253.0,1541.0,0.0,glioma,5,0.9995561473590768
773,2,0.0,2383.2850000000035,0.0,2390.0,848.0,0.0,glioma,5,0.9971903765690391
774,2,0.0,2425.0,0.0,2432.0,996.0,0.0,glioma,5,0.9971217105263158
775,2,0.0,2516.0,0.0,2520.0,838.0,0.0,glioma,5,0.9984126984126984
776,2,0.0,2701.0,0.0,2709.0,873.0,0.0,glioma,5,0.997046880767811
777,2,0.0,2635.0,0.0,2638.0,1105.0,0.0,glioma,5,0.9988627748294162
778,2,0.0,2680.0,0.0,2688.389999999985,896.0,0.0,glioma,5,0.9968791730366559
779,2,0.0,641.0,0.0,643.0,251.0,0.0,glioma,3,0.9968895800933126
780,2,0.0,669.0,0.0,669.0,362.0,0.0,glioma,3,1.0
781,2,0.0,1867.0,0.0,1871.0,605.0,0.0,glioma,4,0.9978621058257616
782,2,0.0,1725.2850000000035,0.0,1729.0,604.0,0.0,glioma,4,0.9978513591671506
783,2,0.0,1908.0,0.0,1912.0,801.0,0.0,glioma,4,0.997907949790795
784,2,0.0,1692.0,0.0,1700.0,607.0,0.0,glioma,4,0.9952941176470588
785,2,0.0,1694.0,0.0,1702.0,607.0,0.00027466868090365995,glioma,4,0.9952996474735605
786,2,0.0,1745.2850000000035,0.0,1758.0,628.0,0.0,glioma,4,0.9927673492605253
787,2,0.0,1796.0,0.0,1808.0,647.0,0.0,glioma,4,0.9933628318584071
788,2,0.0,1856.2850000000035,0.0,1873.0,686.0,0.0,glioma,4,0.9910758142018171
789,2,0.0,1881.0,0.0,1893.0,701.0,0.0,glioma,4,0.993660855784469
790,2,0.0,1802.0,0.0,1807.0,716.0,0.0023029938920596776,glioma,4,0.9972329828444937
791,2,0.0,1815.0,0.0,1819.0,750.0,0.0,glioma,4,0.9978009895547004
792,2,0.0,1457.0,0.0,1459.0,609.0,0.0,glioma,4,0.9986291980808774
793,2,0.0,1464.0,0.0,1474.0,635.0,0.0,glioma,4,0.9932157394843962
794,2,0.0,1495.0,0.0,1504.0,642.0,0.0,glioma,4,0.9940159574468085
795,2,0.0,1577.0,0.0,1588.0,659.0,0.0,glioma,4,0.993073047858942
796,2,0.0,1613.0,0.0,1629.0,686.0,0.0,glioma,4,0.9901780233271946
797,2,0.0,1692.2850000000035,0.0,1701.0,684.0,0.0,glioma,4,0.9948765432098786
798,2,0.0,1727.0,0.0,1731.0,642.5,0.0,glioma,4,0.997689196995956
799,2,0.0,2141.0,0.0,2142.0,916.5,0.0,glioma,2,0.9995331465919701
800,2,0.0,2194.2850000000035,0.0,2199.1149999999907,956.5,0.0,glioma,2,0.9978036619276449
801,2,0.0,2165.0,0.0,2168.4649999999965,915.0,0.0,glioma,2,0.9984020954915129
802,2,0.0,2143.2850000000035,0.0,2155.0,928.0,0.0,glioma,2,0.99456380510441
803,2,0.0,2092.0,0.0,2098.0,1104.0,0.0,glioma,2,0.9971401334604385
804,2,0.0,2069.0,0.0,2075.079999999987,1077.0,0.0,glioma,2,0.9970699924822237
805,2,0.0,2084.2850000000035,0.0,2088.0,1058.0,0.0,glioma,2,0.9982207854406147
806,2,0.0,2170.0,0.0,2170.0,1409.0,0.0036719706242350062,glioma,2,1.0
807,2,0.0,2050.0,0.0,2055.0,739.0,0.0,glioma,3,0.9975669099756691
808,2,0.0,2112.0,0.0,2113.0,641.0,0.0,glioma,3,0.9995267392333176
809,2,0.0,2045.0,0.0,2047.4700000000012,758.0,0.0,glioma,1,0.998793633117945
810,2,0.0,2226.0,0.0,2230.7149999999965,680.0,0.0,glioma,1,0.9978863279262494
811,2,0.0,2249.0,0.0,2252.0,693.0,0.0,glioma,1,0.9986678507992895
812,2,0.0,1471.0,0.0,1477.0,463.0,0.0,glioma,2,0.995937711577522
813,2,0.0,1465.2850000000035,0.0,1473.0,442.0,0.0,glioma,2,0.9947623896809257
814,2,0.0,1497.0,0.0,1505.0,453.0,0.0,glioma,2,0.9946843853820598
815,2,0.0,1531.0,0.0,1539.0,445.0,0.0,glioma,2,0.9948018193632229
816,2,0.0,1643.0,0.0,1651.0,469.0,0.0,glioma,2,0.9951544518473653
817,2,0.0,1834.2850000000035,0.0,1842.0,570.0,0.0,glioma,2,0.9958116178067337
818,2,0.0,664.0,0.0,663.0,458.0,0.021172638436482084,glioma,3,1.0015082956259427
819,2,0.0,690.0,0.0,683.0,390.0,0.08850771869639794,glioma,3,1.0102489019033676
820,2,0.0,667.0,0.0,663.0,370.0,0.042666666666666665,glioma,3,1.0060331825037707
821,2,0.0,673.0,0.0,673.0,376.0,0.0,glioma,3,1.0
822,2,0.0,1677.0,0.0,1678.0,938.0,0.0,glioma,3,0.9994040524433849
823,2,0.0,1719.0,0.0,1718.0050000000047,798.0,0.006063432835820896,glioma,3,1.0005791601304974
824,2,0.0,1703.0,0.0,1707.0,621.0,0.002210596124088129,glioma,3,0.9976567076742824
825,2,0.0,1787.2850000000035,0.0,1789.0,956.0,0.0,glioma,3,0.9990413638904435
826,2,0.0,1761.0,0.0,1763.0,1238.0,0.0,glioma,3,0.9988655700510494
827,2,0.0,1791.0,0.0,1792.0,1425.0,0.0,glioma,3,0.9994419642857143
828,2,0.0,1404.0,0.0,1405.0,756.0,0.0,glioma,3,0.999288256227758
829,2,0.0,1483.0,0.0,1489.0,580.0,0.0,glioma,3,0.9959704499664204
830,2,0.0,1449.0,0.0,1444.0,868.0,0.014805414551607445,glioma,3,1.0034626038781163
831,2,0.0,1461.0,0.0,1435.0,1050.0,0.07724467449731236,glioma,3,1.0181184668989547
832,2,0.0,1403.0,0.0,1352.0,1063.5,0.13337988826815642,glioma,3,1.0377218934911243
833,2,0.0,1283.0,0.0,1275.0,907.5,0.034759358288770054,glioma,3,1.0062745098039216
834,2,0.0,853.0,0.0,855.0,249.0,0.0,glioma,1,0.9976608187134502
835,2,0.0,868.0,0.0,869.0,262.0,0.0,glioma,1,0.998849252013809
836,2,0.0,874.0,0.0,876.0,244.0,0.0,glioma,1,0.997716894977169
837,2,0.0,1765.0,0.0,1766.0,890.0,0.0,glioma,5,0.9994337485843715
838,2,0.0,1689.0,0.0,1690.0,495.0,0.0,glioma,5,0.9994082840236687
839,2,0.0,1808.0,0.0,1809.0,845.0,0.0,glioma,5,0.9994472084024323
840,2,0.0,1595.0,0.0,1596.0,585.0,0.0,glioma,1,0.9993734335839599
841,2,0.0,1686.0,0.0,1688.0,881.0,0.0,glioma,1,0.9988151658767772
842,2,0.0,1691.0,0.0,1692.0,933.0,0.0,glioma,1,0.9994089834515366
843,2,0.0,1725.0,0.0,1725.9400000000023,967.0,0.0,glioma,1,0.9994553692480606
844,2,0.0,665.0,0.0,665.0,189.0,0.0,glioma,2,1.0
845,2,0.0,687.0,0.0,687.0,183.0,0.0,glioma,2,1.0
846,2,0.0,1964.0,0.0,1901.0,1749.5,0.36067019400352734,glioma,5,1.033140452393477
847,2,0.0,1737.0,0.0,1735.0,992.0,0.0094846664558963,glioma,5,1.0011527377521614
848,2,0.0,1813.0,0.0,1810.0,959.0,0.013307984790874524,glioma,5,1.0016574585635358
849,2,0.0,1797.0,0.0,1802.625,914.5,0.0,glioma,5,0.9968795506552943
850,2,0.0,1695.0,0.0,1696.0,922.0,0.00397923875432526,glioma,5,0.9994103773584906
851,2,0.0,1878.0,0.0,1878.5950000000012,1169.5,0.004467912266450041,glioma,5,0.9996832739361059
852,2,0.0,1841.0,0.0,1815.0,1471.0,0.17202889034799737,glioma,5,1.0143250688705234
853,2,0.0,2379.0,0.0,2382.0,835.0,0.0,glioma,5,0.9987405541561712
854,2,0.0,2335.0,0.0,2338.0,798.0,0.0,glioma,5,0.9987168520102652
855,2,0.0,2365.0,0.0,2370.0,862.0,0.0,glioma,5,0.9978902953586498
856,2,0.0,2268.0,0.0,2273.0,693.0,0.0,glioma,5,0.9978002639683238
857,2,0.0,613.0,0.0,614.0,142.0,0.0,glioma,1,0.998371335504886
858,2,0.0,651.0,0.0,653.0,161.0,0.0,glioma,1,0.996937212863706
859,2,0.0,1636.0,0.0,1645.0,639.0,0.0,glioma,4,0.9945288753799392
860,2,0.0,1698.2850000000035,0.0,1706.0,613.0,0.0003571853792118109,glioma,4,0.9954777256740935
861,2,0.0,1713.0,0.0,1721.0,598.0,0.00014563106796116506,glioma,4,0.9953515398024404
862,2,0.0,1760.0,0.0,1773.0,606.0,0.0,glioma,4,0.9926677946982515
863,2,0.0,1764.0,0.0,1770.0,604.0,0.00019984012789768185,glioma,4,0.9966101694915255
864,2,0.0,1762.2850000000035,0.0,1772.0,572.0,0.0,glioma,4,0.9945174943566611
865,2,0.0,1417.0,0.0,1421.0,670.0,0.0,glioma,4,0.9971850809289233
866,2,0.0,1317.0,0.0,1323.0,590.0,0.0,glioma,4,0.9954648526077098
867,2,0.0,1375.0,0.0,1380.0,623.0,0.0,glioma,4,0.9963768115942029
868,2,0.0,1360.0,0.0,1367.0,568.0,0.0,glioma,4,0.9948792977322605
869,2,0.0,1362.0,0.0,1370.0,561.0,0.0,glioma,4,0.9941605839416059
870,2,0.0,1691.0,0.0,1692.0,1035.0,0.0,glioma,2,0.9994089834515366
871,2,0.0,1747.0,0.0,1750.0,1046.0,0.0,glioma,2,0.9982857142857143
872,2,0.0,1755.0,0.0,1746.0,1249.0,0.11100917431192661,glioma,2,1.0051546391752577
873,2,0.0,1767.0,0.0,1768.0,867.0,0.0,glioma,2,0.9994343891402715
874,2,0.0,1919.2850000000035,0.0,1923.0,973.0,0.0,glioma,2,0.9980681227249109
875,2,0.0,2050.0,0.0,2051.399999999994,1028.0,0.002485707183693761,glioma,2,0.9993175392414965
876,2,0.0,2142.0,0.0,2152.704999999987,851.0,0.0,glioma,2,0.9950271867255442
877,2,0.0,2063.0,0.0,2071.0,920.0,0.0,glioma,2,0.9961371318203767
878,2,0.0,2031.2850000000035,0.0,2035.0,843.0,0.0,glioma,2,0.9981744471744489
879,2,0.0,1925.0,0.0,1927.0,946.0,0.0,glioma,2,0.9989621172807472
880,2,0.0,1874.0,0.0,1869.2000000000116,1313.0,0.033261026753434564,glioma,2,1.0025679435052366
881,2,0.0,2266.0,0.0,2267.0,619.0,0.0,glioma,3,0.9995588883987648
882,2,0.0,2245.2850000000035,0.0,2256.0,731.0,0.0,glioma,3,0.9952504432624129
883,2,0.0,696.0,0.0,698.0,192.0,0.0,glioma,3,0.997134670487106
884,2,0.0,701.0,0.0,704.0,188.0,0.0,glioma,3,0.9957386363636364
885,2,0.0,697.0,0.0,700.0,171.0,0.0,glioma,3,0.9957142857142857
886,2,0.0,709.0,0.0,711.0,177.0,0.0,glioma,3,0.9971870604781997
887,2,0.0,713.0,0.0,715.0,161.0,0.0,glioma,3,0.9972027972027973
888,2,0.0,1862.0,0.0,1866.0,741.0,0.0,glioma,1,0.9978563772775991
889,2,0.0,1876.0,0.0,1878.0,695.0,0.0021290185224611454,glioma,1,0.9989350372736954
890,2,0.0,1837.0,0.0,1841.0,686.0,0.0,glioma,1,0.997827267789245
891,2,0.0,1782.0,0.0,1785.0,682.0,0.00025759917568263783,glioma,1,0.9983193277310924
892,2,0.0,680.0,0.0,681.0,321.0,0.0,glioma,3,0.9985315712187959
893,2,0.0,662.0,0.0,662.0,358.0,0.0,glioma,3,1.0
894,2,0.0,613.0,0.0,613.0,324.0,0.0,glioma,3,1.0
895,2,0.0,823.0,0.0,823.0,425.0,0.0,glioma,2,1.0
896,2,0.0,856.0,0.0,857.0,387.0,0.0,glioma,2,0.9988331388564761
897,2,0.0,849.0,0.0,849.9049999999988,442.0,0.0,glioma,2,0.9989351751078075
898,2,0.0,782.0,0.0,785.0,246.0,0.0,glioma,2,0.9961783439490446
899,2,0.0,792.0,0.0,793.2950000000128,267.0,0.0,glioma,2,0.9983675681807993
900,2,0.0,773.0,0.0,777.0,234.0,0.0,glioma,2,0.9948519948519948
901,2,0.0,817.0,0.0,819.0,271.0,0.0,glioma,2,0.9975579975579976
902,2,0.0,851.0,0.0,853.0,281.0,0.0,glioma,2,0.9976553341148886
903,2,0.0,850.0,0.0,851.0,300.0,0.0,glioma,2,0.9988249118683902
904,2,0.0,660.0,0.0,661.0,369.0,0.0,glioma,3,0.9984871406959153
905,2,0.0,672.0,0.0,673.0,339.0,0.0015047879616963064,glioma,3,0.9985141158989599
906,2,0.0,675.0,0.0,678.0,277.0,0.0,glioma,3,0.995575221238938
907,2,0.0,713.0,0.0,716.0,282.0,0.0,glioma,3,0.9958100558659218
908,2,0.0,1553.0,0.0,1561.0,511.0,0.0,glioma,2,0.9948750800768738
909,2,0.0,1588.0,0.0,1602.0,485.0,0.0,glioma,2,0.9912609238451935
910,2,0.0,1590.0,0.0,1599.0,465.0,0.0,glioma,2,0.9943714821763602
911,2,0.0,1674.0,0.0,1689.0,478.0,0.0,glioma,2,0.9911190053285968
912,2,0.0,748.0,0.0,749.0,448.0,0.0,glioma,2,0.9986648865153538
913,2,0.0,737.0,0.0,739.0,330.0,0.0,glioma,2,0.9972936400541272
914,2,0.0,683.0,0.0,684.0,337.0,0.00043888523151195964,glioma,2,0.9985380116959064
915,2,0.0,663.0,0.0,663.0,321.0,0.0009527212099559367,glioma,2,1.0
916,2,0.0,674.0,0.0,674.1600000000035,311.0,0.0,glioma,2,0.999762667615991
917,2,0.0,698.0,0.0,699.0,295.0,0.0,glioma,2,0.9985693848354793
918,3,0.0,554.0,0.0,554.0,300.0,0.0009478672985781991,pituitary,5,1.0
919,3,0.0,546.0,0.0,546.0,269.0,0.0,pituitary,5,1.0
920,3,0.0,536.0,0.0,536.0,286.0,0.0038131553860819827,pituitary,5,1.0
921,3,0.0,536.0,0.0,536.0,259.0,0.0024242424242424242,pituitary,5,1.0
922,3,0.0,731.0,0.0,732.0,378.0,0.0,pituitary,3,0.9986338797814208
923,3,0.0,736.0,0.0,736.0,391.0,0.0,pituitary,3,1.0
924,3,0.0,717.0,0.0,717.0,396.0,0.0,pituitary,3,1.0
925,3,0.0,684.2850000000035,0.0,685.0,379.0,0.0,pituitary,3,0.9989562043795671
926,3,0.0,646.0,0.0,646.0,315.0,0.0,pituitary,3,1.0
927,3,0.0,654.2850000000035,0.0,655.0,343.0,0.0,pituitary,3,0.9989083969465702
928,3,0.0,641.0,0.0,641.0,339.0,0.0,pituitary,3,1.0
929,3,0.0,628.2850000000035,0.0,629.0,349.0,0.0,pituitary,3,0.9988632750397511
930,3,0.0,619.0,0.0,619.0,365.0,0.0,pituitary,3,1.0
931,3,0.0,641.0,0.0,641.0,384.5,0.0,pituitary,3,1.0
932,3,0.0,638.0,0.0,638.0,345.5,0.0,pituitary,3,1.0
933,3,0.0,2602.0,0.0,2606.100000000006,1588.0,0.0,pituitary,1,0.9984267679674588
934,3,0.0,2705.0,0.0,2709.0,1671.5,0.0,pituitary,1,0.9985234403839055
935,3,0.0,2867.0,0.0,2872.654999999999,1746.0,0.0,pituitary,1,0.9980314378162366
936,3,0.0,2841.0,0.0,2845.4400000000023,1804.0,0.0,pituitary,1,0.9984396086369762
937,3,0.0,2840.0,0.0,2843.0,1786.0,0.0015943877551020409,pituitary,1,0.9989447766443897
938,3,0.0,2795.0,0.0,2797.195000000007,1568.5,0.0,pituitary,1,0.9992152853126053
939,3,0.0,641.0,0.0,641.0,359.0,0.0021691973969631237,pituitary,5,1.0
940,3,0.0,635.0,0.0,635.9349999999977,372.5,0.0014084507042253522,pituitary,5,0.9985297239497783
941,3,0.0,633.2850000000035,0.0,634.0,335.0,0.0,pituitary,5,0.9988722397476396
942,3,0.0,652.0,0.0,653.0,349.0,0.0,pituitary,5,0.998468606431853
943,3,0.0,655.0,0.0,655.0,323.0,0.0,pituitary,5,1.0
944,3,0.0,668.0,0.0,668.0,313.0,0.0,pituitary,5,1.0
945,3,0.0,687.0,0.0,687.0,291.0,0.0,pituitary,5,1.0
946,3,0.0,631.0,0.0,631.0,288.0,0.0,pituitary,5,1.0
947,3,0.0,639.0,0.0,639.0,290.0,0.0,pituitary,5,1.0
948,3,0.0,624.0,0.0,624.0,297.0,0.0,pituitary,5,1.0
949,3,0.0,607.0,0.0,607.0,269.0,0.0,pituitary,5,1.0
950,3,0.0,673.0,0.0,674.0,307.5,0.0,pituitary,1,0.9985163204747775
951,3,0.0,687.0,0.0,687.0,340.5,0.0,pituitary,1,1.0
952,3,0.0,680.0,0.0,680.0,230.0,0.0,pituitary,1,1.0
953,3,0.0,678.0,0.0,678.0,247.0,0.0,pituitary,1,1.0
954,3,0.0,681.0,0.0,681.0,358.5,0.0,pituitary,1,1.0
955,3,0.0,210.0,0.0,210.0,100.0,0.0,pituitary,4,1.0
956,3,0.0,213.0,0.0,213.0,100.5,0.006097560975609756,pituitary,4,1.0
957,3,0.0,209.0,0.0,209.0,88.0,0.0038314176245210726,pituitary,4,1.0
958,3,0.0,2921.2850000000035,0.0,2922.25,1259.0,0.0,pituitary,3,0.9996697750021399
959,3,0.0,3060.0,0.0,3061.0,1379.0,0.0,pituitary,3,0.999673309376021
960,3,0.0,2924.0,0.0,2925.0,1299.0,0.0,pituitary,3,0.9996581196581197
961,3,0.0,2866.0,0.0,2862.720000000001,1285.0,0.014853857211308098,pituitary,3,1.0011457634697067
962,3,0.0,648.0,0.0,646.0,281.0,0.021423635107118175,pituitary,2,1.0030959752321982
963,3,0.0,637.0,0.0,637.0,259.0,0.0,pituitary,2,1.0
964,3,0.0,627.0,0.0,626.0,273.0,0.02104664391353811,pituitary,2,1.0015974440894568
965,3,0.0,649.0,0.0,649.0,284.0,0.0,pituitary,2,1.0
966,3,0.0,533.0,0.0,533.0,339.0,0.0,pituitary,3,1.0
967,3,0.0,567.0,0.0,567.0,340.0,0.0,pituitary,3,1.0
968,3,0.0,571.0,0.0,572.0,321.0,0.0,pituitary,3,0.9982517482517482
969,3,0.0,581.0,0.0,582.0,324.0,0.0,pituitary,3,0.9982817869415808
970,3,0.0,590.0,0.0,590.0,305.0,0.0,pituitary,3,1.0
971,3,0.0,615.0,0.0,615.0,293.0,0.0,pituitary,3,1.0
972,3,0.0,2606.0,0.0,2607.0,1774.0,0.0,pituitary,2,0.9996164173379364
973,3,0.0,2666.0,0.0,2665.0,1456.0,0.007104795737122558,pituitary,2,1.000375234521576
974,3,0.0,2554.0,0.0,2554.0,1011.0,0.0,pituitary,5,1.0
975,3,0.0,2721.0,0.0,2720.204999999987,1462.5,0.006726457399103139,pituitary,5,1.000292257385018
976,3,0.0,2070.0,0.0,2066.774999999994,1467.0,0.017159199237368923,pituitary,4,1.0015604020757005
977,3,0.0,2136.0,0.0,2128.0,1390.5,0.05991735537190083,pituitary,4,1.0037593984962405
978,3,0.0,2117.0,0.0,2115.0,1567.0,0.02122820318423048,pituitary,4,1.0009456264775414
979,3,0.0,2186.0,0.0,2178.0,1262.0,0.034986713906111605,pituitary,4,1.0036730945821855
980,3,0.0,580.0,0.0,580.0,313.0,0.0,pituitary,2,1.0
981,3,0.0,611.0,0.0,611.0,366.0,0.0,pituitary,2,1.0
982,3,0.0,633.0,0.0,634.0,350.0,0.0,pituitary,2,0.998422712933754
983,3,0.0,644.0,0.0,645.0,371.0,0.0,pituitary,2,0.9984496124031008
984,3,0.0,655.0,0.0,655.0,389.0,0.0,pituitary,2,1.0
985,3,0.0,668.0,0.0,668.0,288.0,0.0,pituitary,2,1.0
986,3,0.0,652.0,0.0,651.0,283.0,0.012025901942645698,pituitary,5,1.001536098310292
987,3,0.0,658.0,0.0,658.0,270.0,0.0,pituitary,5,1.0
988,3,0.0,673.0,0.0,672.0,253.0,0.02045877247365158,pituitary,5,1.0014880952380953
989,3,0.0,661.0,0.0,661.0,256.0,0.0,pituitary,5,1.0
990,3,0.0,775.0,0.0,776.0,365.0,0.0,pituitary,5,0.9987113402061856
991,3,0.0,776.0,0.0,776.0,375.0,0.0,pituitary,5,1.0
992,3,0.0,771.0,0.0,772.0,418.0,0.0,pituitary,5,0.9987046632124352
993,3,0.0,763.0,0.0,764.0,465.0,0.0,pituitary,5,0.9986910994764397
994,3,0.0,889.0,0.0,890.0,604.0,0.0,pituitary,1,0.998876404494382
995,3,0.0,910.0,0.0,911.2799999999988,585.0,0.0,pituitary,1,0.9985953823193762
996,3,0.0,937.0,0.0,938.2049999999872,586.0,0.0,pituitary,1,0.998715632511032
997,3,0.0,944.0,0.0,945.0,552.0,0.0,pituitary,1,0.9989417989417989
998,3,0.0,674.0,0.0,674.0,340.0,0.0,pituitary,5,1.0
999,3,0.0,678.2850000000035,0.0,679.0,379.0,0.0,pituitary,5,0.9989469808542025
1000,3,0.0,669.0,0.0,669.0,389.0,0.0,pituitary,5,1.0
1001,3,0.0,692.0,0.0,692.0,379.0,0.0,pituitary,5,1.0
1002,3,0.0,687.0,0.0,688.0,416.0,0.0,pituitary,5,0.998546511627907
1003,3,0.0,3227.2850000000035,0.0,3225.0,2407.0,0.012368583797155226,pituitary,1,1.000708527131784
1004,3,0.0,3326.0,0.0,3327.0,2596.0,0.0,pituitary,1,0.9996994289149383
1005,3,0.0,3295.0,0.0,3292.0,2633.0,0.022298456260720412,pituitary,1,1.0009113001215066
1006,3,0.0,3649.0,0.0,3650.0,2597.0,0.002617801047120419,pituitary,5,0.9997260273972602
1007,3,0.0,3810.0,0.0,3811.0,2566.0,0.002144388849177984,pituitary,5,0.9997376016793492
1008,3,0.0,3893.2850000000035,0.0,3894.0,2587.0,0.001937046004842615,pituitary,5,0.9998163841807919
1009,3,0.0,3892.2850000000035,0.0,3894.0,2765.0,0.0,pituitary,5,0.9995595788392407
1010,3,0.0,2974.0,0.0,2975.0,1647.0,0.0016556291390728477,pituitary,3,0.9996638655462184
1011,3,0.0,3047.0,0.0,3047.970000000001,1818.0,0.0,pituitary,3,0.9996817553978545
1012,3,0.0,3055.0,0.0,3057.0,1855.0,0.0,pituitary,3,0.9993457638207393
1013,3,0.0,659.0,0.0,660.0,374.0,0.0,pituitary,3,0.9984848484848485
1014,3,0.0,653.0,0.0,653.0,325.0,0.0,pituitary,3,1.0
1015,3,0.0,720.0,0.0,720.0,333.0,0.0,pituitary,4,1.0
1016,3,0.0,723.0,0.0,723.0,319.0,0.0,pituitary,4,1.0
1017,3,0.0,709.0,0.0,709.0,346.0,0.0,pituitary,4,1.0
1018,3,0.0,3780.0,0.0,3783.0,2589.0,0.0,pituitary,4,0.9992069785884219
1019,3,0.0,3769.0,0.0,3772.0,2507.0,0.0,pituitary,4,0.999204665959703
1020,3,0.0,3900.2850000000035,0.0,3904.0,2417.0,0.0,pituitary,4,0.9990484118852468
1021,3,0.0,2324.0,0.0,2332.0,1280.5,0.0,pituitary,1,0.9965694682675815
1022,3,0.0,2426.2850000000035,0.0,2432.0,1338.0,0.0,pituitary,1,0.9976500822368436
1023,3,0.0,2501.570000000007,0.0,2511.0,1288.0,0.0,pituitary,1,0.9962445240939892
1024,3,0.0,2453.0,0.0,2456.0,1220.0,0.0,pituitary,1,0.9987785016286646
1025,3,0.0,792.0,0.0,793.0,380.0,0.0,pituitary,2,0.9987389659520807
1026,3,0.0,783.0,0.0,784.0,371.0,0.0,pituitary,2,0.9987244897959183
1027,3,0.0,782.0,0.0,782.0,353.0,0.0,pituitary,2,1.0
1028,3,0.0,798.0,0.0,798.0,357.0,0.0,pituitary,2,1.0
1029,3,0.0,814.0,0.0,814.0,376.0,0.0,pituitary,2,1.0
1030,3,0.0,1757.0,0.0,1758.0,783.5,0.0,pituitary,1,0.9994311717861206
1031,3,0.0,1714.0,0.0,1713.4549999999872,765.0,0.0056457304163726185,pituitary,1,1.000318070798482
1032,3,0.0,1725.0,0.0,1726.0,738.0,0.0,pituitary,1,0.9994206257242179
1033,3,0.0,1776.0,0.0,1778.0,791.0,0.0,pituitary,1,0.9988751406074241
1034,3,0.0,537.0,0.0,537.0,297.0,0.009153318077803204,pituitary,5,1.0
1035,3,0.0,483.0,0.0,483.0,295.0,0.0,pituitary,3,1.0
1036,3,0.0,485.0,0.0,486.0,278.0,0.0007585814526834819,pituitary,3,0.9979423868312757
1037,3,0.0,492.0,0.0,493.0,277.0,0.0,pituitary,3,0.9979716024340771
1038,3,0.0,480.0,0.0,481.0,276.0,0.0,pituitary,3,0.997920997920998
1039,3,0.0,482.0,0.0,483.0,288.0,0.0,pituitary,3,0.9979296066252588
1040,3,0.0,485.0,0.0,486.0,278.0,0.0,pituitary,3,0.9979423868312757
1041,3,0.0,480.0,0.0,481.0,319.0,0.0,pituitary,3,0.997920997920998
1042,3,0.0,428.0,0.0,428.0,246.0,0.008045052292839904,pituitary,3,1.0
1043,3,0.0,420.0,0.0,420.0,250.0,0.004732927653820149,pituitary,3,1.0
1044,3,0.0,414.0,0.0,413.0,258.0,0.022486772486772486,pituitary,3,1.0024213075060533
1045,3,0.0,410.0,0.0,409.0,285.0,0.014679556032939491,pituitary,3,1.0024449877750612
1046,3,0.0,412.0,0.0,407.0,265.0,0.06607929515418502,pituitary,3,1.0122850122850122
1047,3,0.0,1883.0,0.0,1884.0,1120.0,0.0,pituitary,1,0.9994692144373672
1048,3,0.0,1918.2850000000035,0.0,1921.0,1166.0,0.0,pituitary,1,0.9985866736074979
1049,3,0.0,2001.0,0.0,2006.0,1175.0,0.0,pituitary,1,0.9975074775672981
1050,3,0.0,2004.0,0.0,2009.0,1183.0,0.0,pituitary,1,0.9975111996017919
1051,3,0.0,2039.0,0.0,2045.0,1251.0,0.0,pituitary,1,0.9970660146699266
1052,3,0.0,2084.0,0.0,2089.0,1258.0,0.0,pituitary,1,0.9976065102920058
1053,3,0.0,2076.0,0.0,2073.0,1339.0,0.008299942759015456,pituitary,1,1.0014471780028944
1054,3,0.0,503.0,0.0,504.0,277.0,0.0,pituitary,5,0.998015873015873
1055,3,0.0,509.2850000000035,0.0,510.0,273.0,0.0,pituitary,5,0.9985980392156931
1056,3,0.0,522.0,0.0,523.054999999993,261.0,0.0,pituitary,5,0.997983003699433
1057,3,0.0,530.0,0.0,530.0,286.0,0.003924866834875245,pituitary,5,1.0
1058,3,0.0,545.0,0.0,545.0,311.0,0.0,pituitary,5,1.0
1059,3,0.0,447.0,0.0,446.0,182.0,0.01095290251916758,pituitary,5,1.0022421524663676
1060,3,0.0,444.0,0.0,445.0,208.0,0.0005526388505111909,pituitary,5,0.9977528089887641
1061,3,0.0,442.0,0.0,442.0,238.0,0.0,pituitary,5,1.0
1062,3,0.0,440.0,0.0,440.5799999999872,246.0,0.0,pituitary,5,0.9986835534976912
1063,3,0.0,443.0,0.0,443.0,247.0,0.011367942402425162,pituitary,5,1.0
1064,3,0.0,445.0,0.0,445.0,261.5,0.01606425702811245,pituitary,5,1.0
1065,3,0.0,479.0,0.0,479.0,143.0,0.0,pituitary,1,1.0
1066,3,0.0,484.0,0.0,484.0,186.0,0.0,pituitary,1,1.0
1067,3,0.0,499.0,0.0,499.0,263.0,0.0,pituitary,1,1.0
1068,3,0.0,502.0,0.0,502.04000000000815,214.0,0.0031545741324921135,pituitary,1,0.9999203250736831
1069,3,0.0,523.0,0.0,523.0,158.0,0.0,pituitary,1,1.0
1070,3,0.0,174.0,0.0,172.0,137.0,0.08771929824561403,pituitary,4,1.0116279069767442
1071,3,0.0,173.0,0.0,170.0,144.0,0.19696969696969696,pituitary,4,1.0176470588235293
1072,3,0.0,171.0,0.0,164.0,154.0,0.41055718475073316,pituitary,4,1.0426829268292683
1073,3,0.0,179.0,0.0,176.0,133.0,0.11602209944751381,pituitary,4,1.0170454545454546
1074,3,0.0,195.0,0.0,181.0,82.0,0.11163101604278075,pituitary,4,1.0773480662983426
1075,3,0.0,212.0,0.0,203.1750000000029,118.5,0.11412429378531073,pituitary,4,1.0434354620400983
1076,3,0.0,222.0,0.0,214.90999999999622,123.0,0.10432968179447052,pituitary,4,1.0329905541854911
1077,3,0.0,1905.0,0.0,1906.9500000000116,831.0,0.0,pituitary,3,0.9989774246833889
1078,3,0.0,1854.2850000000035,0.0,1857.0,798.0,0.0015182186234817814,pituitary,3,0.9985379644588064
1079,3,0.0,1842.0,0.0,1843.0,813.0,0.003811338732729871,pituitary,3,0.9994574064026045
1080,3,0.0,1866.0,0.0,1864.0,800.0,0.009083227714406422,pituitary,3,1.0010729613733906
1081,3,0.0,1877.0,0.0,1871.0,803.0,0.014705882352941176,pituitary,3,1.0032068412613575
1082,3,0.0,1897.0,0.0,1895.3299999999872,866.0,0.014866204162537165,pituitary,3,1.0008811130515598
1083,3,0.0,471.0,0.0,471.0,220.0,0.0020060180541624875,pituitary,2,1.0
1084,3,0.0,470.0,0.0,470.0,229.0,0.003756574004507889,pituitary,2,1.0
1085,3,0.0,482.0,0.0,477.0,282.0,0.0940032414910859,pituitary,2,1.0104821802935011
1086,3,0.0,474.0,0.0,473.0,288.0,0.016684045881126174,pituitary,2,1.0021141649048626
1087,3,0.0,470.0,0.0,470.0,280.0,0.005478851632697786,pituitary,2,1.0
1088,3,0.0,417.0,0.0,413.0,177.0,0.036949685534591194,pituitary,3,1.0096852300242132
1089,3,0.0,410.0,0.0,410.0,236.0,0.0075096899224806205,pituitary,3,1.0
1090,3,0.0,415.0,0.0,415.0,252.0,0.0,pituitary,3,1.0
1091,3,0.0,414.0,0.0,415.0,245.0,0.0,pituitary,3,0.9975903614457832
1092,3,0.0,411.0,0.0,411.0,258.0,0.0,pituitary,3,1.0
1093,3,0.0,409.0,0.0,410.0,193.0,0.0,pituitary,3,0.9975609756097561
1094,3,0.0,1642.0,0.0,1642.0,794.0,0.005968169761273209,pituitary,2,1.0
1095,3,0.0,1607.0,0.0,1608.0,907.5,0.0,pituitary,2,0.9993781094527363
1096,3,0.0,1632.0,0.0,1632.0,989.0,0.0,pituitary,2,1.0
1097,3,0.0,1623.0,0.0,1624.0,1155.0,0.0,pituitary,2,0.999384236453202
1098,3,0.0,1672.0,0.0,1673.0,962.0,0.0,pituitary,2,0.9994022713687986
1099,3,0.0,1608.0,0.0,1610.0,785.0,0.0,pituitary,2,0.9987577639751553
1100,3,0.0,1758.0,0.0,1756.0,1190.0,0.019076305220883535,pituitary,5,1.001138952164009
1101,3,0.0,1768.0,0.0,1767.0,1100.0,0.011454753722794959,pituitary,5,1.0005659309564232
1102,3,0.0,1788.0,0.0,1788.0,848.0,0.0030464584920030465,pituitary,5,1.0
1103,3,0.0,1822.0,0.0,1825.0,728.0,0.0,pituitary,5,0.9983561643835617
1104,3,0.0,1895.0,0.0,1898.7950000000128,730.0,0.00015867978419549348,pituitary,5,0.9980013640229657
1105,3,0.0,1920.0,0.0,1921.0,821.0,0.0038456060390257797,pituitary,5,0.9994794377928162
1106,3,0.0,1928.0,0.0,1932.0,940.0,0.0001643925694558606,pituitary,5,0.9979296066252588
1107,3,0.0,1461.0,0.0,1462.0,931.0,0.0,pituitary,4,0.9993160054719562
1108,3,0.0,1525.0,0.0,1526.0,938.0,0.0,pituitary,4,0.9993446920052425
1109,3,0.0,1513.0,0.0,1513.0,867.5,0.002355712603062426,pituitary,4,1.0
1110,3,0.0,1601.0,0.0,1603.0,1105.0,0.0005027652086475615,pituitary,4,0.9987523393636931
1111,3,0.0,1570.0,0.0,1571.1399999999849,1003.0,0.0,pituitary,4,0.9992744122102518
1112,3,0.0,463.0,0.0,464.0,257.0,0.0,pituitary,2,0.9978448275862069
1113,3,0.0,482.0,0.0,482.0,270.0,0.0,pituitary,2,1.0
1114,3,0.0,486.2850000000035,0.0,487.0,261.0,0.0,pituitary,2,0.9985318275154076
1115,3,0.0,494.0,0.0,494.0,249.0,0.0,pituitary,2,1.0
1116,3,0.0,493.0,0.0,493.0,264.0,0.0,pituitary,2,1.0
1117,3,0.0,506.2850000000035,0.0,507.0,224.0,0.0,pituitary,2,0.9985897435897505
1118,3,0.0,462.0,0.0,463.0,179.5,0.0011148272017837235,pituitary,5,0.9978401727861771
1119,3,0.0,463.0,0.0,463.0,187.0,0.008496176720475786,pituitary,5,1.0
1120,3,0.0,470.0,0.0,470.0,181.0,0.0004302925989672978,pituitary,5,1.0
1121,3,0.0,466.2850000000035,0.0,467.0,242.0,0.0,pituitary,5,0.9984689507494722
1122,3,0.0,470.0,0.0,471.0,331.0,0.0007716049382716049,pituitary,5,0.9978768577494692
1123,3,0.0,473.0,0.0,473.0,322.0,0.0,pituitary,5,1.0
1124,3,0.0,517.0,0.0,517.0,278.0,0.0,pituitary,5,1.0
1125,3,0.0,523.0,0.0,523.0,306.0,0.0,pituitary,5,1.0
1126,3,0.0,521.0,0.0,522.0,316.0,0.0,pituitary,5,0.9980842911877394
1127,3,0.0,519.0,0.0,519.0,317.0,0.0,pituitary,5,1.0
1128,3,0.0,524.0,0.0,524.0,254.0,0.0,pituitary,5,1.0
1129,3,0.0,639.0,0.0,640.0,394.5,0.0021777003484320556,pituitary,1,0.9984375
1130,3,0.0,646.0,0.0,647.984999999986,411.0,0.0,pituitary,1,0.9969366574843769
1131,3,0.0,659.0,0.0,660.0,414.0,0.0,pituitary,1,0.9984848484848485
1132,3,0.0,686.0,0.0,687.0,422.0,0.0,pituitary,1,0.9985443959243085
1133,3,0.0,696.0,0.0,696.0,383.0,0.0,pituitary,1,1.0
1134,3,0.0,472.0,0.0,472.0,280.0,0.0,pituitary,5,1.0
1135,3,0.0,473.0,0.0,473.0,294.0,0.0,pituitary,5,1.0
1136,3,0.0,481.0,0.0,482.0,292.0,0.0,pituitary,5,0.9979253112033195
1137,3,0.0,487.0,0.0,487.0,304.0,0.005855855855855856,pituitary,5,1.0
1138,3,0.0,499.0,0.0,497.0,336.0,0.055600322320709106,pituitary,5,1.0040241448692153
1139,3,0.0,507.0,0.0,506.0,280.0,0.0293733681462141,pituitary,5,1.0019762845849802
1140,3,0.0,1785.0,0.0,1786.0,1106.0,0.0011166945840312675,pituitary,1,0.9994400895856663
1141,3,0.0,1797.0,0.0,1799.0,1192.5,0.0,pituitary,1,0.9988882712618121
1142,3,0.0,1762.0,0.0,1763.0,1216.0,0.0,pituitary,1,0.9994327850255247
1143,3,0.0,1820.2850000000035,0.0,1821.0,1002.0,0.001793400286944046,pituitary,1,0.9996073585941809
1144,3,0.0,2021.0,0.0,2021.0,1581.0,0.0,pituitary,5,1.0
1145,3,0.0,2054.0,0.0,2056.0,1528.0,0.0,pituitary,5,0.9990272373540856
1146,3,0.0,2100.0,0.0,2102.0,1546.0,0.0018433179723502304,pituitary,5,0.9990485252140818
1147,3,0.0,2118.0,0.0,2118.100000000006,1565.0,0.003970504821327283,pituitary,5,0.9999527878759238
1148,3,0.0,1699.0,0.0,1698.054999999993,1032.5,0.006435006435006435,pituitary,3,1.0005565190762413
1149,3,0.0,1672.0,0.0,1671.0,956.0,0.009927200529450696,pituitary,3,1.0005984440454818
1150,3,0.0,1677.0,0.0,1670.0,938.5,0.05798479087452472,pituitary,3,1.004191616766467
1151,3,0.0,512.0,0.0,512.0,313.0,0.0,pituitary,3,1.0
1152,3,0.0,515.0,0.0,515.0,316.5,0.0,pituitary,3,1.0
1153,3,0.0,526.0,0.0,526.0,215.0,0.003593429158110883,pituitary,3,1.0
1154,3,0.0,479.0,0.0,480.0,244.0,0.0,pituitary,4,0.9979166666666667
1155,3,0.0,488.0,0.0,488.0,250.0,0.0032768978700163844,pituitary,4,1.0
1156,3,0.0,504.0,0.0,504.0,266.0,0.0,pituitary,4,1.0
1157,3,0.0,2115.0,0.0,2116.0100000000093,1360.0,0.0,pituitary,4,0.999522686565749
1158,3,0.0,2077.0,0.0,2081.0,1235.0,0.0,pituitary,4,0.9980778471888515
1159,3,0.0,2096.0,0.0,2100.0,1251.0,0.00047881254488867607,pituitary,4,0.9980952380952381
1160,3,0.0,2128.0,0.0,2129.0,1246.5,0.0,pituitary,4,0.9995302959135745
1161,3,0.0,1148.0,0.0,1149.0,737.0,0.0,pituitary,1,0.999129677980853
1162,3,0.0,1185.0,0.0,1185.5199999999895,878.0,0.0019767729182110206,pituitary,1,0.9995613739118787
1163,3,0.0,1184.0,0.0,1186.0,664.0,0.0,pituitary,1,0.9983136593591906
1164,3,0.0,1195.0,0.0,1198.0,520.0,0.0,pituitary,1,0.9974958263772955
1165,3,0.0,1187.0,0.0,1190.0,476.0,0.0,pituitary,1,0.9974789915966387
1166,3,0.0,580.0,0.0,580.0,296.0,0.0,pituitary,5,1.0
1167,3,0.0,573.0,0.0,573.0,284.0,0.0,pituitary,5,1.0
1168,3,0.0,592.0,0.0,593.0,308.0,0.0,pituitary,5,0.9983136593591906
1169,3,0.0,630.0,0.0,631.0,267.0,0.0,pituitary,3,0.9984152139461173
1170,3,0.0,635.0,0.0,636.0,296.0,0.0,pituitary,3,0.9984276729559748
1171,3,0.0,640.0,0.0,642.0,279.0,0.0,pituitary,3,0.9968847352024922
1172,3,0.0,633.0,0.0,635.0,271.0,0.0,pituitary,3,0.9968503937007874
1173,3,0.0,656.0,0.0,657.0,294.0,0.0,pituitary,3,0.9984779299847792
1174,3,0.0,643.0,0.0,644.0,296.0,0.0,pituitary,3,0.9984472049689441
1175,3,0.0,634.0,0.0,634.0,315.0,0.0,pituitary,3,1.0
1176,3,0.0,590.0,0.0,590.0,361.0,0.0,pituitary,3,1.0
1177,3,0.0,592.2850000000035,0.0,593.0,297.0,0.0,pituitary,3,0.9987942664418271
1178,3,0.0,591.2850000000035,0.0,592.0,279.0,0.0,pituitary,3,0.9987922297297356
1179,3,0.0,591.0,0.0,592.0,269.0,0.0,pituitary,3,0.9983108108108109
1180,3,0.0,588.0,0.0,589.0,265.0,0.0,pituitary,3,0.99830220713073
1181,3,0.0,599.0,0.0,600.0,289.0,0.0,pituitary,3,0.9983333333333333
1182,3,0.0,1798.0,0.0,1800.0,1111.0,0.0,pituitary,1,0.9988888888888889
1183,3,0.0,1760.0,0.0,1764.0,993.0,0.0,pituitary,1,0.9977324263038548
1184,3,0.0,1804.0,0.0,1807.0,1025.0,0.0,pituitary,1,0.9983397897066962
1185,3,0.0,1772.0,0.0,1774.0,967.0,0.0,pituitary,1,0.9988726042841037
1186,3,0.0,1872.0,0.0,1875.0,1053.0,0.0,pituitary,1,0.9984
1187,3,0.0,1816.2850000000035,0.0,1819.0,996.0,0.0,pituitary,1,0.9985074216602549
1188,3,0.0,1866.0,0.0,1868.6050000000105,1031.0,0.0,pituitary,1,0.9986059118968372
1189,3,0.0,637.0,0.0,637.0,367.0,0.0,pituitary,5,1.0
1190,3,0.0,639.0,0.0,640.0,278.0,0.0,pituitary,5,0.9984375
1191,3,0.0,623.2850000000035,0.0,624.0,267.0,0.0,pituitary,5,0.9988541666666723
1192,3,0.0,641.0,0.0,642.0,261.0,0.0,pituitary,5,0.9984423676012462
1193,3,0.0,652.0,0.0,652.0,276.0,0.0,pituitary,5,1.0
1194,3,0.0,569.0,0.0,570.0,299.0,0.0,pituitary,5,0.9982456140350877
1195,3,0.0,574.0,0.0,574.0,259.0,0.0,pituitary,5,1.0
1196,3,0.0,581.0,0.0,581.0,245.0,0.0,pituitary,5,1.0
1197,3,0.0,594.0,0.0,594.0,240.0,0.0,pituitary,5,1.0
1198,3,0.0,612.0,0.0,612.0,271.0,0.004700352526439483,pituitary,1,1.0
1199,3,0.0,613.0,0.0,613.0,187.0,0.0,pituitary,1,1.0
1200,3,0.0,627.0,0.0,627.0,197.0,0.0,pituitary,1,1.0
1201,3,0.0,621.0,0.0,621.0,223.0,0.0016863406408094434,pituitary,1,1.0
1202,3,0.0,628.0,0.0,628.0,284.0,0.003626473254759746,pituitary,1,1.0
1203,3,0.0,177.0,0.0,177.0,98.0,0.0,pituitary,4,1.0
1204,3,0.0,169.0,0.0,169.0,95.0,0.0,pituitary,4,1.0
1205,3,0.0,178.0,0.0,178.0,99.0,0.0,pituitary,4,1.0
1206,3,0.0,173.0,0.0,173.24500000000262,103.0,0.0,pituitary,4,0.9985858177725035
1207,3,0.0,183.0,0.0,183.0,107.0,0.0,pituitary,4,1.0
1208,3,0.0,1854.0,0.0,1855.0,765.0,0.0,pituitary,3,0.9994609164420485
1209,3,0.0,1902.0,0.0,1904.0599999999977,748.0,0.0,pituitary,3,0.9989181013203378
1210,3,0.0,1891.0,0.0,1895.0,720.0,0.0,pituitary,3,0.9978891820580474
1211,3,0.0,1912.0,0.0,1914.0,734.0,0.0,pituitary,3,0.9989550679205852
1212,3,0.0,1916.0,0.0,1918.0,761.5,0.0,pituitary,3,0.9989572471324296
1213,3,0.0,1906.2850000000035,0.0,1908.0,862.0,0.0,pituitary,3,0.9991011530398342
1214,3,0.0,578.0,0.0,578.0,198.0,0.0,pituitary,2,1.0
1215,3,0.0,574.0,0.0,575.0,188.5,0.0,pituitary,2,0.9982608695652174
1216,3,0.0,560.0,0.0,560.0,199.0,0.0,pituitary,2,1.0
1217,3,0.0,550.0,0.0,551.0,201.0,0.0,pituitary,2,0.9981851179673321
1218,3,0.0,568.0,0.0,568.9599999999919,238.0,0.0,pituitary,2,0.9983127109111504
1219,3,0.0,546.0,0.0,546.4200000000128,278.0,0.0,pituitary,3,0.9992313604919059
1220,3,0.0,564.0,0.0,565.0,267.0,0.0,pituitary,3,0.9982300884955753
1221,3,0.0,569.0,0.0,570.0,249.0,0.0,pituitary,3,0.9982456140350877
1222,3,0.0,1584.0,0.0,1585.0,870.0,0.0,pituitary,2,0.9993690851735015
1223,3,0.0,1585.0,0.0,1586.2300000000105,925.0,0.0,pituitary,2,0.9992245765115964
1224,3,0.0,1599.0,0.0,1600.0,1054.0,0.0,pituitary,2,0.999375
1225,3,0.0,1591.0,0.0,1591.0,763.0,0.004078303425774877,pituitary,2,1.0
1226,3,0.0,1653.0,0.0,1653.0,936.5,0.0,pituitary,5,1.0
1227,3,0.0,1668.2850000000035,0.0,1669.0,965.0,0.0,pituitary,5,0.9995715997603376
1228,3,0.0,1716.2850000000035,0.0,1717.0,918.0,0.0,pituitary,5,0.9995835760046613
1229,3,0.0,1738.0,0.0,1738.0,865.0,0.0,pituitary,5,1.0
1230,3,0.0,1803.0,0.0,1804.0,1063.0,0.0,pituitary,4,0.9994456762749445
1231,3,0.0,1802.0,0.0,1803.0,1089.0,0.0,pituitary,4,0.9994453688297282
1232,3,0.0,1716.0,0.0,1716.0,1141.0,0.0,pituitary,4,1.0
1233,3,0.0,606.0,0.0,606.0,263.0,0.0,pituitary,2,1.0
1234,3,0.0,639.0,0.0,639.0,283.0,0.0,pituitary,2,1.0
1235,3,0.0,627.0,0.0,627.0,300.0,0.0,pituitary,2,1.0
1236,3,0.0,625.0,0.0,626.0,300.0,0.0,pituitary,2,0.9984025559105432
1237,3,0.0,633.0,0.0,634.0,306.0,0.0,pituitary,2,0.998422712933754
1238,3,0.0,611.0,0.0,611.0,209.0,0.0,pituitary,5,1.0
1239,3,0.0,609.0,0.0,609.0,199.0,0.0,pituitary,5,1.0
1240,3,0.0,609.0,0.0,609.0,204.0,0.0013097576948264572,pituitary,5,1.0
1241,3,0.0,605.0,0.0,605.0,180.0,0.0,pituitary,5,1.0
1242,3,0.0,623.0,0.0,624.0,373.0,0.0,pituitary,5,0.9983974358974359
1243,3,0.0,641.0,0.0,641.0,355.0,0.0,pituitary,5,1.0
1244,3,0.0,640.0,0.0,640.0,374.0,0.0,pituitary,5,1.0
1245,3,0.0,636.0,0.0,636.0,350.0,0.0,pituitary,5,1.0
1246,3,0.0,887.0,0.0,888.0,467.0,0.0,pituitary,1,0.9988738738738738
1247,3,0.0,929.0,0.0,929.9400000000023,468.0,0.0,pituitary,1,0.9989891820977672
1248,3,0.0,894.0,0.0,894.0,481.0,0.0,pituitary,1,1.0
1249,3,0.0,885.0,0.0,886.0,474.0,0.0,pituitary,1,0.9988713318284425
1250,3,0.0,917.0,0.0,918.0,478.0,0.0,pituitary,1,0.9989106753812637
1251,3,0.0,623.0,0.0,623.0,323.0,0.0,pituitary,5,1.0
1252,3,0.0,633.0,0.0,633.0,320.0,0.0,pituitary,5,1.0
1253,3,0.0,631.0,0.0,631.0,325.0,0.0,pituitary,5,1.0
1254,3,0.0,644.0,0.0,645.0,326.0,0.0,pituitary,5,0.9984496124031008
1255,3,0.0,650.0,0.0,650.0,361.0,0.0,pituitary,5,1.0
1256,3,0.0,2051.0,0.0,2051.0,1242.0,0.0,pituitary,1,1.0
1257,3,0.0,1970.0,0.0,1971.0,1329.0,0.0,pituitary,1,0.9994926433282597
1258,3,0.0,2020.2850000000035,0.0,2021.0,1253.0,0.0,pituitary,1,0.9996462147451773
1259,3,0.0,1991.0,0.0,1991.8949999999895,1187.0,0.0,pituitary,1,0.9995506791271681
1260,3,0.0,2070.0,0.0,2071.0,1147.0,0.0,pituitary,1,0.9995171414775471
1261,3,0.0,2403.0,0.0,2403.0,1467.0,0.0,pituitary,5,1.0
1262,3,0.0,2458.0,0.0,2459.0,1436.5,0.0,pituitary,5,0.9995933306222041
1263,3,0.0,2476.0,0.0,2477.0,1373.0,0.0,pituitary,5,0.9995962858296327
1264,3,0.0,2507.0,0.0,2507.0,1460.5,0.0,pituitary,5,1.0
1265,3,0.0,2543.0,0.0,2543.0,1410.0,0.0,pituitary,5,1.0
1266,3,0.0,1949.0,0.0,1949.0,1229.5,0.018867924528301886,pituitary,3,1.0
1267,3,0.0,2052.0,0.0,2053.0,1266.0,0.0,pituitary,3,0.9995129079396006
1268,3,0.0,2055.0,0.0,2057.0,1007.0,0.0,pituitary,3,0.9990277102576568
1269,3,0.0,2088.0,0.0,2088.0,959.0,0.004231311706629055,pituitary,3,1.0
1270,3,0.0,628.0,0.0,628.0,342.0,0.0,pituitary,3,1.0
1271,3,0.0,634.0,0.0,634.929999999993,354.0,0.0,pituitary,3,0.9985352716047549
1272,3,0.0,627.0,0.0,627.0,405.0,0.0,pituitary,3,1.0
1273,3,0.0,662.0,0.0,662.0,263.0,0.0,pituitary,4,1.0
1274,3,0.0,659.0,0.0,659.0,275.0,0.0,pituitary,4,1.0
1275,3,0.0,651.0,0.0,651.0,267.0,0.0,pituitary,4,1.0
1276,3,0.0,2402.0,0.0,2404.0,1252.5,0.0,pituitary,4,0.9991680532445923
1277,3,0.0,2418.0,0.0,2420.0,1274.0,0.0,pituitary,4,0.9991735537190083
1278,3,0.0,2438.0,0.0,2440.0,1162.5,0.0,pituitary,4,0.9991803278688525
1279,3,0.0,1280.0,0.0,1282.0,485.0,0.0,pituitary,1,0.9984399375975039
1280,3,0.0,1308.0,0.0,1310.0,458.0,0.0,pituitary,1,0.9984732824427481
1281,3,0.0,1315.0,0.0,1318.0,478.0,0.0,pituitary,1,0.9977238239757208
1282,3,0.0,1318.0,0.0,1321.0,512.0,0.0,pituitary,1,0.9977289931869796
1283,3,0.0,1819.0,0.0,1819.0,941.0,0.003067484662576687,pituitary,1,1.0
1284,3,0.0,1764.0,0.0,1765.0,932.0,0.0,pituitary,1,0.9994334277620397
1285,3,0.0,3098.0,0.0,3097.0,2403.0,0.014652014652014652,pituitary,2,1.0003228931223764
1286,3,0.0,3109.0,0.0,3109.0,2407.0,0.0,pituitary,2,1.0
1287,3,0.0,3176.0,0.0,3172.0,2441.5,0.10588235294117647,pituitary,2,1.0012610340479193
1288,3,0.0,3142.0,0.0,3142.0,1175.0,0.0072992700729927005,pituitary,2,1.0
1289,3,0.0,648.0,0.0,649.0,376.0,0.0,pituitary,3,0.9984591679506933
1290,3,0.0,678.0,0.0,678.0,407.0,0.0,pituitary,3,1.0
1291,3,0.0,711.0,0.0,711.0,421.0,0.0,pituitary,3,1.0
1292,3,0.0,749.0,0.0,749.0,252.5,0.0,pituitary,3,1.0
1293,3,0.0,668.0,0.0,668.0,322.0,0.0,pituitary,2,1.0
1294,3,0.0,686.0,0.0,686.0,345.0,0.0,pituitary,2,1.0
1295,3,0.0,2973.0,0.0,2950.5199999999895,1450.0,0.05793178126691933,pituitary,2,1.0076189959735946
1296,3,0.0,2963.0,0.0,2912.764999999985,1907.5,0.0771513353115727,pituitary,2,1.0172464994601402
1297,3,0.0,3063.0,0.0,2943.0,2153.5,0.17440912795436023,pituitary,2,1.0407747196738022
1298,3,0.0,3052.0,0.0,3004.0,2123.0,0.08085808580858085,pituitary,2,1.0159786950732357
1299,3,0.0,3049.2850000000035,0.0,3007.0,2474.5,0.14912280701754385,pituitary,2,1.0140621882274703
1300,3,0.0,3112.2850000000035,0.0,3113.0,2404.0,0.0030165912518853697,pituitary,2,0.9997703180212025
1301,3,0.0,560.0,0.0,560.0,302.0,0.0,pituitary,2,1.0
1302,3,0.0,562.0,0.0,562.0,312.0,0.0,pituitary,2,1.0
1303,3,0.0,559.0,0.0,559.0,368.0,0.0044365572315882874,pituitary,2,1.0
1304,3,0.0,707.0,0.0,707.0,325.0,0.006714060031595577,pituitary,4,1.0
1305,3,0.0,701.0,0.0,701.0,317.0,0.0,pituitary,4,1.0
1306,3,0.0,699.0,0.0,699.0,316.0,0.0,pituitary,4,1.0
1307,3,0.0,703.0,0.0,703.0,356.0,0.0,pituitary,4,1.0
1308,3,0.0,702.0,0.0,703.0,374.0,0.0,pituitary,4,0.9985775248933144
1309,3,0.0,787.0,0.0,787.0,490.0,0.0,pituitary,4,1.0
1310,3,0.0,2969.0,0.0,2971.0,1601.0,0.0,pituitary,5,0.999326825984517
1311,3,0.0,3025.0,0.0,3027.0,1642.0,0.001309328968903437,pituitary,5,0.9993392798149984
1312,3,0.0,3195.2850000000035,0.0,3198.0,1770.0,0.0,pituitary,5,0.9991510318949354
1313,3,0.0,3027.0,0.0,3030.0,1940.0,0.0,pituitary,5,0.999009900990099
1314,3,0.0,3152.2850000000035,0.0,3154.0,2001.0,0.0,pituitary,5,0.9994562460367798
1315,3,0.0,2996.0,0.0,2997.0,1837.0,0.0,pituitary,5,0.9996663329996663
1316,3,0.0,3153.0,0.0,3154.734999999986,1479.5,0.0,pituitary,5,0.9994500330455692
1317,3,0.0,2759.0,0.0,2760.0,1605.0,0.0022512381809995496,pituitary,3,0.9996376811594203
1318,3,0.0,2812.0,0.0,2812.0,1730.0,0.006015037593984963,pituitary,3,1.0
1319,3,0.0,2806.0,0.0,2806.0,1828.0,0.005274725274725275,pituitary,3,1.0
1320,3,0.0,2874.0,0.0,2875.0,1952.0,0.0,pituitary,3,0.9996521739130435
1321,3,0.0,2830.0,0.0,2829.0,2140.5,0.012552301255230125,pituitary,3,1.0003534817956876
1322,3,0.0,2810.0,0.0,2810.0,1713.0,0.0,pituitary,3,1.0
1323,3,0.0,729.0,0.0,729.0,407.0,0.0,pituitary,5,1.0
1324,3,0.0,737.0,0.0,737.0,449.0,0.0,pituitary,5,1.0
1325,3,0.0,730.0,0.0,730.6350000000093,427.0,0.0,pituitary,5,0.9991308929903313
1326,3,0.0,2432.0,0.0,2427.0,1682.0,0.020138451856513532,pituitary,1,1.0020601565718994
1327,3,0.0,2523.0,0.0,2524.0,1818.5,0.0031496062992125984,pituitary,1,0.9996038034865293
1328,3,0.0,2584.0,0.0,2585.0,1890.0,0.0,pituitary,1,0.9996131528046421
1329,3,0.0,2651.0,0.0,2652.429999999993,1869.0,0.0,pituitary,1,0.9994608717289455
1330,3,0.0,649.0,0.0,650.0,409.0,0.0,pituitary,4,0.9984615384615385
1331,3,0.0,662.0,0.0,663.0,395.0,0.0,pituitary,4,0.9984917043740573
1332,3,0.0,656.0,0.0,656.0,340.0,0.0,pituitary,4,1.0
1333,3,0.0,664.0,0.0,664.0,386.0,0.0012300123001230013,pituitary,4,1.0
1334,3,0.0,679.0,0.0,679.0,398.0,0.0034944670937682005,pituitary,4,1.0
1335,3,0.0,696.0,0.0,696.0,390.0,0.002277904328018223,pituitary,4,1.0
1336,3,0.0,691.0,0.0,691.0,402.0,0.01273306048203729,pituitary,4,1.0
1337,3,0.0,697.2850000000035,0.0,697.4949999999953,392.0,0.004885993485342019,pituitary,4,0.9996989225729334
1338,3,0.0,692.0,0.0,691.0,266.0,0.01599488163787588,pituitary,4,1.0014471780028944
1339,3,0.0,771.0,0.0,769.0,302.0,0.029585798816568046,pituitary,4,1.0026007802340702
1340,3,0.0,600.0,0.0,600.0,228.5,0.0,pituitary,2,1.0
1341,3,0.0,612.0,0.0,612.0,243.0,0.0,pituitary,2,1.0
1342,3,0.0,613.0,0.0,613.0,243.0,0.0,pituitary,2,1.0
1343,3,0.0,627.0,0.0,627.0,248.0,0.0,pituitary,2,1.0
1344,3,0.0,623.0,0.0,623.0,292.0,0.0,pituitary,2,1.0
1345,3,0.0,622.2850000000035,0.0,623.0,298.0,0.0,pituitary,2,0.9988523274478387
1346,3,0.0,625.0,0.0,626.0,309.0,0.0,pituitary,2,0.9984025559105432
1347,3,0.0,638.0,0.0,638.0,275.0,0.0,pituitary,2,1.0
1348,3,0.0,2537.0,0.0,2535.0,1612.5,0.023474178403755867,pituitary,4,1.0007889546351085
1349,3,0.0,2521.0,0.0,2522.0,1814.0,0.0,pituitary,4,0.999603489294211
1350,3,0.0,2559.0,0.0,2559.0,1956.5,0.0,pituitary,4,1.0
1351,3,0.0,2547.0,0.0,2547.0,1388.0,0.0,pituitary,4,1.0
1352,3,0.0,3364.0,0.0,3367.0,1942.0,0.0,pituitary,2,0.9991089991089991
1353,3,0.0,3456.0,0.0,3460.0,2146.5,0.0,pituitary,2,0.9988439306358381
1354,3,0.0,3355.0,0.0,3359.0,2235.0,0.0,pituitary,2,0.9988091693956535
1355,3,0.0,3445.0,0.0,3451.0,2217.0,0.0,pituitary,2,0.9982613735149232
1356,3,0.0,3620.0,0.0,3629.0,2365.0,0.0,pituitary,2,0.9975199779553596
1357,3,0.0,3668.0,0.0,3677.0,2288.0,0.0,pituitary,2,0.9975523524612456
1358,3,0.0,3690.0,0.0,3700.0,2185.0,0.0,pituitary,2,0.9972972972972973
1359,3,0.0,3595.0,0.0,3599.0,2130.0,0.0,pituitary,2,0.9988885801611559
1360,3,0.0,598.0,0.0,598.0,298.0,0.0,pituitary,3,1.0
1361,3,0.0,596.0,0.0,596.0,309.0,0.0,pituitary,3,1.0
1362,3,0.0,593.0,0.0,594.0,299.0,0.0,pituitary,3,0.9983164983164983
1363,3,0.0,597.0,0.0,598.0,308.5,0.0,pituitary,3,0.9983277591973244
1364,3,0.0,598.0,0.0,598.0,301.0,0.0,pituitary,3,1.0
1365,3,0.0,589.0,0.0,590.0,296.0,0.0,pituitary,3,0.9983050847457627
1366,3,0.0,583.0,0.0,584.0,296.0,0.0,pituitary,3,0.9982876712328768
1367,3,0.0,589.0,0.0,590.0,317.0,0.0,pituitary,3,0.9983050847457627
1368,3,0.0,585.0,0.0,585.0,313.0,0.0,pituitary,3,1.0
1369,3,0.0,559.0,0.0,559.0,329.0,0.0,pituitary,5,1.0
1370,3,0.0,578.0,0.0,578.0,338.0,0.0,pituitary,5,1.0
1371,3,0.0,605.0,0.0,605.0,345.0,0.0,pituitary,5,1.0
1372,3,0.0,630.0,0.0,631.0,369.0,0.0,pituitary,5,0.9984152139461173
1373,3,0.0,651.0,0.0,652.0,374.0,0.0,pituitary,5,0.9984662576687117
1374,3,0.0,3786.2850000000035,0.0,3788.0,2545.0,0.0,pituitary,1,0.9995472544878573
1375,3,0.0,3766.0,0.0,3767.0,2559.5,0.0,pituitary,1,0.9997345367666578
1376,3,0.0,3912.0,0.0,3913.0,2940.0,0.0,pituitary,1,0.9997444416049067
1377,3,0.0,3824.0,0.0,3824.889999999985,2787.0,0.0,pituitary,1,0.999767313569806
1378,3,0.0,2674.0,0.0,2671.0,1839.0,0.023142509135200974,pituitary,1,1.0011231748408835
1379,3,0.0,2702.0,0.0,2701.0,2083.5,0.010452961672473868,pituitary,1,1.0003702332469455
1380,3,0.0,2441.0,0.0,2438.0,1565.0,0.009893733968486624,pituitary,4,1.0012305168170632
1381,3,0.0,2541.0,0.0,2517.0,2238.0,0.14595898673100122,pituitary,4,1.0095351609058403
1382,3,0.0,2442.0,0.0,2422.0,1735.0,0.10083036773428232,pituitary,4,1.0082576383154418
1383,3,0.0,549.0,0.0,550.0,253.0,0.0,pituitary,4,0.9981818181818182
1384,3,0.0,532.0,0.0,532.0,240.0,0.0,pituitary,4,1.0
1385,3,0.0,518.0,0.0,518.0,259.0,0.0,pituitary,4,1.0
1386,3,0.0,2290.0,0.0,2290.0,1115.5,0.0,pituitary,4,1.0
1387,3,0.0,2355.2850000000035,0.0,2356.9800000000105,1169.0,0.0,pituitary,4,0.9992808594048287
1388,3,0.0,2400.0,0.0,2397.0,1263.0,0.014043583535108959,pituitary,4,1.0012515644555695
1389,3,0.0,2393.0,0.0,2393.2999999999884,1370.0,0.0,pituitary,4,0.9998746500647689
1390,3,0.0,2438.0,0.0,2440.0,1510.5,0.0,pituitary,4,0.9991803278688525
1391,3,0.0,2359.0,0.0,2362.0,1449.0,0.0,pituitary,4,0.9987298899237934
1392,3,0.0,2440.0,0.0,2441.0,1486.0,0.0,pituitary,4,0.9995903318312167
1393,3,0.0,2305.0,0.0,2306.375,1400.5,0.0,pituitary,4,0.9994038263508753
1394,3,0.0,2389.0,0.0,2390.0,1242.0,0.0,pituitary,4,0.999581589958159
1395,3,0.0,2297.0,0.0,2297.0,1140.0,0.0,pituitary,3,1.0
1396,3,0.0,2298.0,0.0,2299.0,932.5,0.0,pituitary,3,0.9995650282731623
1397,3,0.0,2313.0,0.0,2312.0,1123.5,0.006994693680656054,pituitary,3,1.0004325259515572
1398,3,0.0,2371.0,0.0,2373.0,912.0,0.0004928536224741252,pituitary,3,0.999157184997893
1399,3,0.0,2460.0,0.0,2462.0,925.0,0.0002675943270002676,pituitary,3,0.9991876523151909
1400,3,0.0,2607.0,0.0,2610.0,964.0,0.0,pituitary,3,0.9988505747126437
1401,3,0.0,2590.2850000000035,0.0,2592.0,1113.0,0.0,pituitary,3,0.9993383487654335
1402,3,0.0,2620.0,0.0,2621.0,1133.0,0.0,pituitary,3,0.9996184662342618
1403,3,0.0,2654.0,0.0,2655.0,1210.5,0.0,pituitary,3,0.9996233521657251
1404,3,0.0,2136.0,0.0,2134.0,1441.0,0.010741138560687433,pituitary,2,1.0009372071227742
1405,3,0.0,2126.0,0.0,2126.0,1527.0,0.0069881201956673656,pituitary,2,1.0
1406,3,0.0,2165.0,0.0,2165.0,1566.0,0.006773920406435224,pituitary,2,1.0
1407,3,0.0,2198.0,0.0,2198.5100000000093,1634.0,0.0019138755980861245,pituitary,2,0.9997680247076387
1408,3,0.0,2280.2850000000035,0.0,2281.0,1123.0,0.0,pituitary,2,0.999686540990795
1409,3,0.0,2190.0,0.0,2190.0,1280.5,0.0,pituitary,2,1.0
1410,3,0.0,2405.0,0.0,2399.4949999999953,1797.0,0.037037037037037035,pituitary,1,1.0022942327448086
1411,3,0.0,2430.0,0.0,2407.0,2002.0,0.12831858407079647,pituitary,1,1.0095554632322392
1412,3,0.0,2445.0,0.0,2410.0,2155.0,0.27351485148514854,pituitary,1,1.0145228215767634
1413,3,0.0,2390.2850000000035,0.0,2388.0,1398.0,0.028720626631853787,pituitary,1,1.0009568676716933
1414,3,0.0,782.0,0.0,782.0,469.0,0.0,pituitary,3,1.0
1415,3,0.0,788.0,0.0,788.0,477.5,0.0,pituitary,3,1.0
1416,3,0.0,782.0,0.0,782.0,505.0,0.0,pituitary,3,1.0
1417,3,0.0,794.0,0.0,795.0,518.0,0.0,pituitary,3,0.9987421383647799
1418,3,0.0,803.0,0.0,803.0,550.0,0.0,pituitary,3,1.0
1419,3,0.0,794.0,0.0,794.0,590.5,0.0,pituitary,3,1.0
1420,3,0.0,796.0,0.0,797.0,506.0,0.0,pituitary,3,0.998745294855709
1421,3,0.0,711.0,0.0,711.0,322.0,0.0,pituitary,3,1.0
1422,3,0.0,714.0,0.0,714.0,372.0,0.0,pituitary,3,1.0
1423,3,0.0,727.0,0.0,727.0,228.0,0.011764705882352941,pituitary,3,1.0
1424,3,0.0,2891.0,0.0,2879.0,1907.0,0.05162412993039443,pituitary,4,1.0041681139284473
1425,3,0.0,3014.0,0.0,3014.0,1683.0,0.001563314226159458,pituitary,4,1.0
1426,3,0.0,3014.0,0.0,3015.0,2057.0,0.0,pituitary,4,0.9996683250414594
1427,3,0.0,3110.0,0.0,3096.0,2166.0,0.04345493562231759,pituitary,4,1.0045219638242895
1428,3,0.0,3025.0,0.0,3024.0,2086.0,0.008588298443370907,pituitary,4,1.000330687830688
1429,3,0.0,2927.0,0.0,2928.0,1806.0,0.0,pituitary,4,0.9996584699453552
1430,3,0.0,3357.0,0.0,3358.204999999987,1760.0,0.0,pituitary,1,0.9996411773551682
1431,3,0.0,3434.0,0.0,3434.0,1968.0,0.003026634382566586,pituitary,1,1.0
1432,3,0.0,3353.0,0.0,3354.0,2391.0,0.0,pituitary,1,0.9997018485390579
1433,3,0.0,3333.0,0.0,3324.0,2222.0,0.033037872683319904,pituitary,1,1.0027075812274369
1434,3,0.0,3220.2850000000035,0.0,3221.4500000000116,1711.0,0.0,pituitary,1,0.9996383616073482
1435,3,0.0,2718.0,0.0,2720.0,1685.0,0.0,pituitary,5,0.9992647058823529
1436,3,0.0,2849.0,0.0,2852.984999999986,1762.0,0.0002538071065989848,pituitary,5,0.9986032173320273
1437,3,0.0,3017.0,0.0,3020.0,1825.0,0.0,pituitary,5,0.9990066225165563
1438,3,0.0,3073.0,0.0,3076.0,1980.5,0.0,pituitary,5,0.9990247074122237
1439,3,0.0,3088.2850000000035,0.0,3091.0,1547.0,0.0,pituitary,5,0.9991216434810752
1440,3,0.0,3063.0,0.0,3066.0,1282.0,0.0,pituitary,5,0.9990215264187867
1441,3,0.0,3031.0,0.0,3032.0,1195.0,0.0,pituitary,5,0.9996701846965699
1442,3,0.0,759.0,0.0,760.0,465.0,0.0,pituitary,4,0.9986842105263158
1443,3,0.0,768.0,0.0,768.0,475.0,0.0,pituitary,4,1.0
1444,3,0.0,801.0,0.0,801.0,492.0,0.0,pituitary,4,1.0
1445,3,0.0,828.0,0.0,828.0,550.0,0.0,pituitary,4,1.0
1446,3,0.0,828.0,0.0,828.0,595.0,0.0,pituitary,4,1.0
1447,3,0.0,2496.0,0.0,2497.0,1134.5,0.0,pituitary,1,0.9995995194233079
1448,3,0.0,2497.2850000000035,0.0,2499.0,1501.0,0.0,pituitary,1,0.9993137254901975
1449,3,0.0,2521.0,0.0,2522.0,1514.0,0.0,pituitary,1,0.999603489294211
1450,3,0.0,2432.0,0.0,2434.0,1579.0,0.0,pituitary,1,0.9991783073130649
1451,3,0.0,2448.0,0.0,2448.920000000013,1592.0,0.0,pituitary,1,0.9996243241918834
1452,3,0.0,2507.0,0.0,2508.0,1793.0,0.0036496350364963502,pituitary,1,0.9996012759170654
1453,3,0.0,2551.0,0.0,2545.0,2004.0,0.02846441947565543,pituitary,1,1.0023575638506876
1454,3,0.0,2511.0,0.0,2512.0,1986.0,0.0,pituitary,1,0.9996019108280255
1455,3,0.0,2504.0,0.0,2505.0,1233.5,0.0,pituitary,1,0.9996007984031936
1456,3,0.0,705.0,0.0,705.0,389.0,0.0,pituitary,2,1.0
1457,3,0.0,704.0,0.0,705.0,412.0,0.0,pituitary,2,0.9985815602836879
1458,3,0.0,691.0,0.0,691.0,381.0,0.0,pituitary,2,1.0
1459,3,0.0,688.0,0.0,688.0,369.0,0.0,pituitary,2,1.0
1460,3,0.0,685.0,0.0,685.0,368.0,0.0,pituitary,2,1.0
1461,3,0.0,702.0,0.0,700.0,406.0,0.01739850869925435,pituitary,2,1.002857142857143
1462,3,0.0,677.0,0.0,673.0,548.0,0.03350515463917526,pituitary,1,1.0059435364041605
1463,3,0.0,664.0,0.0,661.0,501.0,0.022475277195085405,pituitary,1,1.0045385779122542
1464,3,0.0,694.0,0.0,693.0,536.0,0.014787946428571428,pituitary,1,1.0014430014430014
1465,3,0.0,679.2850000000035,0.0,671.0,502.0,0.060472787245739415,pituitary,1,1.0123472429210185
1466,3,0.0,701.0,0.0,697.0,500.0,0.03294117647058824,pituitary,1,1.005738880918221
1467,3,0.0,699.0,0.0,699.0,493.0,0.0009070294784580499,pituitary,1,1.0
1468,3,0.0,2061.0,0.0,2062.0,1259.0,0.0007137758743754461,pituitary,2,0.9995150339476236
1469,3,0.0,2100.0,0.0,2100.0,1601.5,0.0,pituitary,2,1.0
1470,3,0.0,2089.0,0.0,2089.0,1513.0,0.0,pituitary,2,1.0
1471,3,0.0,2115.0,0.0,2116.0,1361.5,0.0,pituitary,2,0.9995274102079396
1472,3,0.0,558.0,0.0,558.0,311.0,0.0,pituitary,3,1.0
1473,3,0.0,564.0,0.0,564.0,308.0,0.0,pituitary,3,1.0
1474,3,0.0,559.0,0.0,559.0,356.0,0.0,pituitary,3,1.0
1475,3,0.0,568.0,0.0,569.0,355.0,0.0,pituitary,3,0.9982425307557118
1476,3,0.0,303.0,0.0,300.0,267.0,0.13024602026049203,pituitary,3,1.01
1477,3,0.0,309.0,0.0,303.0,279.0,0.21995192307692307,pituitary,3,1.0198019801980198
1478,3,0.0,315.0,0.0,307.0,292.0,0.32732732732732733,pituitary,3,1.0260586319218241
1479,3,0.0,311.0,0.0,309.0,250.5,0.13191489361702127,pituitary,3,1.006472491909385
1480,3,0.0,488.0,0.0,488.0,258.0,0.0,pituitary,2,1.0
1481,3,0.0,494.0,0.0,494.0,251.0,0.005913272010512484,pituitary,2,1.0
1482,3,0.0,501.0,0.0,501.0,243.0,0.0038888888888888888,pituitary,2,1.0
1483,3,0.0,2610.2850000000035,0.0,2594.579999999987,1358.0,0.0412821758135017,pituitary,2,1.0060530027981471
1484,3,0.0,2601.0,0.0,2603.0,1383.0,0.001027221366204417,pituitary,2,0.9992316557817903
1485,3,0.0,2614.0,0.0,2617.0,1405.0,0.0,pituitary,2,0.9988536492166603
1486,3,0.0,2644.0,0.0,2647.0,1360.5,0.0,pituitary,2,0.9988666414809217
1487,3,0.0,1244.0,0.0,1238.0,956.0,0.1346578366445916,pituitary,5,1.0048465266558966
1488,3,0.0,1265.0,0.0,1257.0,931.0,0.1034928848641656,pituitary,5,1.0063643595863165
1489,3,0.0,430.0,0.0,431.0,222.0,0.0,pituitary,2,0.9976798143851509
1490,3,0.0,422.0,0.0,422.0,235.0,0.0,pituitary,2,1.0
1491,3,0.0,420.0,0.0,420.0,248.0,0.0,pituitary,2,1.0
1492,3,0.0,430.0,0.0,430.0,278.0,0.0,pituitary,2,1.0
1493,3,0.0,523.0,0.0,523.0,260.0,0.0,pituitary,4,1.0
1494,3,0.0,522.0,0.0,522.0,261.0,0.0,pituitary,4,1.0
1495,3,0.0,523.0,0.0,523.0,260.0,0.00802615933412604,pituitary,4,1.0
1496,3,0.0,523.0,0.0,523.0,261.0,0.0017241379310344827,pituitary,4,1.0
1497,3,0.0,528.0,0.0,528.0,265.0,0.0024009603841536613,pituitary,4,1.0
1498,3,0.0,1909.0,0.0,1910.0,830.0,0.0,pituitary,5,0.9994764397905759
1499,3,0.0,1867.0,0.0,1870.0,955.0,0.0,pituitary,5,0.9983957219251337
1500,3,0.0,1869.0,0.0,1872.0,965.0,0.0,pituitary,5,0.9983974358974359
1501,3,0.0,1819.2850000000035,0.0,1823.0,900.0,0.0,pituitary,5,0.9979621503017024
1502,3,0.0,1839.0,0.0,1843.0,922.0,0.0,pituitary,5,0.9978296256104178
1503,3,0.0,1830.2850000000035,0.0,1834.6050000000105,868.0,0.0,pituitary,5,0.997645269690202
1504,3,0.0,1866.0,0.0,1868.0,951.0,0.0,pituitary,5,0.9989293361884368
1505,3,0.0,1839.2850000000035,0.0,1842.4500000000116,603.0,0.0008257638315441783,pituitary,5,0.9982821786208537
1506,3,0.0,1980.0,0.0,1983.0,1155.5,0.0,pituitary,3,0.9984871406959153
1507,3,0.0,2000.0,0.0,2002.0,1116.0,0.0,pituitary,3,0.999000999000999
1508,3,0.0,1989.0,0.0,1991.0,1214.0,0.0006402048655569782,pituitary,3,0.9989954796584631
1509,3,0.0,1987.0,0.0,1988.0,1246.0,0.0,pituitary,3,0.9994969818913481
1510,3,0.0,2001.0,0.0,1997.0,1184.0,0.022818791946308724,pituitary,3,1.00200300450676
1511,3,0.0,549.0,0.0,549.0,281.0,0.0,pituitary,5,1.0
1512,3,0.0,559.0,0.0,559.0,394.0,0.008215085884988798,pituitary,5,1.0
1513,3,0.0,566.0,0.0,566.0,394.0,0.0006064281382656155,pituitary,5,1.0
1514,3,0.0,574.0,0.0,575.0,344.0,0.0,pituitary,5,0.9982608695652174
1515,3,0.0,1778.0,0.0,1779.0,867.0,0.0,pituitary,1,0.9994378864530635
1516,3,0.0,1786.0,0.0,1788.0,1088.0,0.0,pituitary,1,0.9988814317673378
1517,3,0.0,1795.0,0.0,1797.0,1086.0,0.0,pituitary,1,0.9988870339454646
1518,3,0.0,1795.0,0.0,1797.0,1089.0,0.0,pituitary,1,0.9988870339454646
1519,3,0.0,1866.0,0.0,1868.3150000000023,1111.0,0.0,pituitary,1,0.9987609155843622
1520,3,0.0,1860.0,0.0,1861.0,1051.0,0.0,pituitary,1,0.999462654486835
1521,3,0.0,498.0,0.0,498.0,228.0,0.0,pituitary,4,1.0
1522,3,0.0,510.2850000000035,0.0,511.0,244.0,0.0,pituitary,4,0.9986007827788718
1523,3,0.0,514.0,0.0,515.0,231.0,0.0,pituitary,4,0.9980582524271845
1524,3,0.0,520.0,0.0,521.0,223.0,0.0,pituitary,4,0.9980806142034548
1525,3,0.0,522.0,0.0,523.0,231.0,0.0,pituitary,4,0.9980879541108987
1526,3,0.0,531.0,0.0,531.0,269.0,0.0,pituitary,4,1.0
1527,3,0.0,538.0,0.0,538.0,271.0,0.0,pituitary,4,1.0
1528,3,0.0,502.0,0.0,503.0,195.0,0.0,pituitary,2,0.9980119284294234
1529,3,0.0,491.0,0.0,491.0,221.0,0.0,pituitary,2,1.0
1530,3,0.0,486.0,0.0,486.0,219.0,0.0,pituitary,2,1.0
1531,3,0.0,490.0,0.0,491.0,232.0,0.0,pituitary,2,0.9979633401221996
1532,3,0.0,485.0,0.0,485.0,201.0,0.0,pituitary,2,1.0
1533,3,0.0,1886.0,0.0,1887.0,1185.0,0.0008904719501335708,pituitary,4,0.9994700582935877
1534,3,0.0,1911.0,0.0,1911.0,1445.0,0.005546751188589541,pituitary,4,1.0
1535,3,0.0,1931.0,0.0,1931.0,1419.5,0.008104738154613466,pituitary,4,1.0
1536,3,0.0,1977.2850000000035,0.0,1979.0,1418.0,0.0,pituitary,4,0.9991334007074297
1537,3,0.0,1998.0,0.0,1994.0,1290.0,0.026556016597510373,pituitary,4,1.0020060180541626
1538,3,0.0,2019.0,0.0,2024.0,1193.0,0.0,pituitary,2,0.9975296442687747
1539,3,0.0,2039.0,0.0,2045.0,1165.0,0.0,pituitary,2,0.9970660146699266
1540,3,0.0,2012.0,0.0,2020.0,1137.0,0.0,pituitary,2,0.996039603960396
1541,3,0.0,2102.0,0.0,2110.0,1165.0,0.0,pituitary,2,0.9962085308056872
1542,3,0.0,2151.0,0.0,2159.0,1186.0,0.0,pituitary,2,0.9962945808244558
1543,3,0.0,2104.0,0.0,2108.0,1385.0,0.0,pituitary,2,0.9981024667931688
1544,3,0.0,2232.0,0.0,2234.0,1221.0,0.0,pituitary,2,0.999104744852283
1545,3,0.0,431.0,0.0,431.0,258.0,0.0,pituitary,3,1.0
1546,3,0.0,436.0,0.0,436.0,243.0,0.0,pituitary,3,1.0
1547,3,0.0,432.0,0.0,433.0,241.0,0.0,pituitary,3,0.9976905311778291
1548,3,0.0,426.0,0.0,427.0,243.0,0.0,pituitary,3,0.9976580796252927
1549,3,0.0,417.0,0.0,418.0,249.0,0.0,pituitary,3,0.9976076555023924
1550,3,0.0,412.0,0.0,412.0,248.0,0.0017699115044247787,pituitary,3,1.0
1551,3,0.0,410.0,0.0,410.0,252.0,0.0,pituitary,3,1.0
1552,3,0.0,432.0,0.0,432.0,211.0,0.0,pituitary,5,1.0
1553,3,0.0,436.0,0.0,437.0,258.0,0.0,pituitary,5,0.9977116704805492
1554,3,0.0,443.0,0.0,444.0,309.0,0.0,pituitary,5,0.9977477477477478
1555,3,0.0,452.0,0.0,452.0,272.0,0.0,pituitary,5,1.0
1556,3,0.0,468.0,0.0,469.0,258.0,0.0,pituitary,5,0.997867803837953
1557,3,0.0,2450.0,0.0,2450.0,1345.0,0.0,pituitary,1,1.0
1558,3,0.0,2400.0,0.0,2400.0,1299.0,0.0,pituitary,1,1.0
1559,3,0.0,2422.0,0.0,2423.0,1461.0,0.0,pituitary,1,0.9995872884853487
1560,3,0.0,2309.0,0.0,2310.0,1348.0,0.002308136180034622,pituitary,1,0.9995670995670995
1561,3,0.0,2296.0,0.0,2297.165000000008,1443.5,0.0,pituitary,1,0.9994928531472453
1562,3,0.0,2250.0,0.0,2249.149999999994,1351.0,0.0068201193520886615,pituitary,1,1.000377920547765
1563,3,0.0,1857.0,0.0,1857.1700000000128,894.0,0.0,pituitary,1,0.9999084628763049
1564,3,0.0,1846.2850000000035,0.0,1846.0,1481.5,0.007058823529411765,pituitary,1,1.0001543878656574
1565,3,0.0,1864.0,0.0,1852.0,1599.0,0.18933823529411764,pituitary,1,1.0064794816414686
1566,3,0.0,1855.0,0.0,1836.0,1574.5,0.20523415977961432,pituitary,4,1.0103485838779955
1567,3,0.0,1876.0,0.0,1853.5650000000023,1718.5,0.2301829268292683,pituitary,4,1.0121037028644788
1568,3,0.0,346.0,0.0,346.0,230.0,0.004914004914004914,pituitary,4,1.0
1569,3,0.0,350.0,0.0,341.0,219.0,0.2144177449168207,pituitary,4,1.0263929618768328
1570,3,0.0,347.0,0.0,340.0,228.0,0.2068627450980392,pituitary,4,1.0205882352941176
1571,3,0.0,336.0,0.0,332.0,288.0,0.16979051819184124,pituitary,4,1.0120481927710843
1572,3,0.0,334.0,0.0,333.0,264.0,0.01984126984126984,pituitary,4,1.003003003003003
1573,3,0.0,1568.0,0.0,1568.0,971.5,0.0,pituitary,4,1.0
1574,3,0.0,1539.0,0.0,1539.0,979.0,0.005316578057032383,pituitary,4,1.0
1575,3,0.0,1555.0,0.0,1556.0,987.0,0.0,pituitary,4,0.9993573264781491
1576,3,0.0,1525.0,0.0,1526.0,909.0,0.0,pituitary,4,0.9993446920052425
1577,3,0.0,1583.0,0.0,1584.0,1046.0,0.0,pituitary,4,0.9993686868686869
1578,3,0.0,1543.2850000000035,0.0,1546.0,999.0,0.0,pituitary,4,0.9982438551099635
1579,3,0.0,1577.0,0.0,1578.0,1113.0,0.0,pituitary,4,0.9993662864385298
1580,3,0.0,1574.0,0.0,1567.0,901.0,0.020814748736247397,pituitary,4,1.0044671346522016
1581,3,0.0,1825.0,0.0,1827.0,673.0,0.0,pituitary,3,0.9989053092501369
1582,3,0.0,1845.0,0.0,1846.9800000000105,641.0,0.0,pituitary,3,0.9989279797290656
1583,3,0.0,1844.0,0.0,1846.0,667.0,0.0,pituitary,3,0.9989165763813651
1584,3,0.0,1869.0,0.0,1871.0,659.0,0.0,pituitary,3,0.9989310529128808
1585,3,0.0,1914.0,0.0,1917.0,684.0,0.0,pituitary,3,0.9984350547730829
1586,3,0.0,1928.0,0.0,1930.0,643.0,0.0,pituitary,3,0.9989637305699481
1587,3,0.0,1921.0,0.0,1926.0,797.0,0.0,pituitary,3,0.9974039460020768
1588,3,0.0,1975.0,0.0,1980.0,881.0,0.0,pituitary,3,0.9974747474747475
1589,3,0.0,1422.0,0.0,1419.0,1093.0,0.020815264527320035,pituitary,2,1.0021141649048626
1590,3,0.0,1441.0,0.0,1437.0,1102.0,0.021723896285914507,pituitary,2,1.0027835768963118
1591,3,0.0,1413.0,0.0,1411.0,1075.0,0.016597510373443983,pituitary,2,1.001417434443657
1592,3,0.0,1439.2850000000035,0.0,1437.0,1164.5,0.02190332326283988,pituitary,2,1.0015901183020206
1593,3,0.0,1418.0,0.0,1417.3150000000023,1073.0,0.008859357696566999,pituitary,2,1.0004833082271745
1594,3,0.0,1771.0,0.0,1772.0,967.5,0.0,pituitary,2,0.9994356659142212
1595,3,0.0,1703.2850000000035,0.0,1704.0,1007.0,0.0,pituitary,2,0.9995803990610349
1596,3,0.0,1688.0,0.0,1688.0,1132.5,0.0,pituitary,1,1.0
1597,3,0.0,1711.0,0.0,1712.0,1336.0,0.002136752136752137,pituitary,1,0.9994158878504673
1598,3,0.0,1704.0,0.0,1704.0,1093.0,0.0,pituitary,1,1.0
1599,3,0.0,1733.0,0.0,1733.0,763.5,0.0,pituitary,1,1.0
1600,3,0.0,592.0,0.0,592.0,387.0,0.0,pituitary,3,1.0
1601,3,0.0,589.0,0.0,590.0,422.0,0.0,pituitary,3,0.9983050847457627
1602,3,0.0,594.0,0.0,595.0,418.0,0.0,pituitary,3,0.9983193277310924
1603,3,0.0,601.0,0.0,602.0,407.0,0.0,pituitary,3,0.9983388704318937
1604,3,0.0,609.0,0.0,609.0,353.0,0.0,pituitary,3,1.0
1605,3,0.0,524.0,0.0,524.0,344.0,0.026113671274961597,pituitary,3,1.0
1606,3,0.0,536.0,0.0,536.0,339.0,0.027672955974842768,pituitary,3,1.0
1607,3,0.0,544.0,0.0,544.0,385.0,0.007585335018963337,pituitary,3,1.0
1608,3,0.0,542.0,0.0,543.0,357.0,0.00034002040122407346,pituitary,3,0.998158379373849
1609,3,0.0,2025.0,0.0,2026.0,1260.0,0.0,pituitary,4,0.9995064165844028
1610,3,0.0,2006.0,0.0,2008.0,1359.0,0.0,pituitary,4,0.999003984063745
1611,3,0.0,2019.0,0.0,2020.0,1265.0,0.0019163206643244969,pituitary,4,0.9995049504950495
1612,3,0.0,2062.0,0.0,2065.0,1258.0,0.0003020235578375113,pituitary,4,0.998547215496368
1613,3,0.0,2046.0,0.0,2049.0,1226.0,0.0,pituitary,4,0.9985358711566618
1614,3,0.0,2086.0,0.0,2089.0,1180.5,0.0,pituitary,4,0.9985639061752034
1615,3,0.0,2150.0,0.0,2147.9249999999884,800.0,0.008434547908232119,pituitary,4,1.0009660486283327
1616,3,0.0,1905.0,0.0,1905.0,1126.0,0.0,pituitary,1,1.0
1617,3,0.0,1923.0,0.0,1924.0,1238.0,0.0,pituitary,1,0.9994802494802495
1618,3,0.0,1914.0,0.0,1915.0,1238.0,0.0,pituitary,1,0.9994778067885117
1619,3,0.0,1941.0,0.0,1942.0,1283.0,0.0,pituitary,1,0.9994850669412977
1620,3,0.0,1949.0,0.0,1948.0,1225.5,0.0056022408963585435,pituitary,1,1.0005133470225873
1621,3,0.0,2096.0,0.0,2096.0,1028.0,0.0,pituitary,5,1.0
1622,3,0.0,2082.0,0.0,2084.5199999999895,1231.0,0.0,pituitary,5,0.9987910885959408
1623,3,0.0,2109.2850000000035,0.0,2112.0,1195.0,0.0,pituitary,5,0.9987144886363652
1624,3,0.0,2171.0,0.0,2178.0,1150.5,0.0,pituitary,5,0.9967860422405876
1625,3,0.0,2188.0,0.0,2194.0,1147.0,0.0,pituitary,5,0.9972652689152234
1626,3,0.0,2206.0,0.0,2212.0,1203.0,0.0,pituitary,5,0.9972875226039783
1627,3,0.0,2219.0,0.0,2222.9899999999907,1321.0,0.0,pituitary,5,0.9982051201309989
1628,3,0.0,682.0,0.0,682.0,348.5,0.0,pituitary,4,1.0
1629,3,0.0,682.0,0.0,682.0,469.0,0.0,pituitary,4,1.0
1630,3,0.0,695.2850000000035,0.0,696.0,472.0,0.0,pituitary,4,0.9989727011494303
1631,3,0.0,698.0,0.0,699.0,486.0,0.0,pituitary,4,0.9985693848354793
1632,3,0.0,704.0,0.0,704.0,458.0,0.0,pituitary,4,1.0
1633,3,0.0,702.0,0.0,702.0,415.0,0.003779697624190065,pituitary,4,1.0
1634,3,0.0,1823.0,0.0,1823.0450000000128,930.0,0.0,pituitary,1,0.9999753160234592
1635,3,0.0,1823.0,0.0,1824.0,1132.0,0.0,pituitary,1,0.9994517543859649
1636,3,0.0,1816.0,0.0,1818.0,1185.0,0.0,pituitary,1,0.9988998899889989
1637,3,0.0,1811.0,0.0,1811.0,1160.0,0.00721572530480219,pituitary,1,1.0
1638,3,0.0,1833.2850000000035,0.0,1834.0,1141.0,0.003964059196617336,pituitary,1,0.9996101417666322
1639,3,0.0,1849.0,0.0,1850.0,1117.0,0.0018501387604070306,pituitary,1,0.9994594594594595
1640,3,0.0,755.2850000000035,0.0,756.0,349.0,0.0,pituitary,2,0.9990542328042374
1641,3,0.0,747.0,0.0,748.0,337.0,0.0,pituitary,2,0.9986631016042781
1642,3,0.0,733.0,0.0,734.0,339.0,0.0,pituitary,2,0.9986376021798365
1643,3,0.0,703.0,0.0,703.0,343.0,0.0022484541877459247,pituitary,2,1.0
1644,3,0.0,1240.0,0.0,1240.0,608.5,0.0,pituitary,1,1.0
1645,3,0.0,1224.0,0.0,1225.0,589.0,0.0,pituitary,1,0.9991836734693877
1646,3,0.0,1220.0,0.0,1221.0,566.0,0.0,pituitary,1,0.9991809991809992
1647,3,0.0,1262.0,0.0,1263.0,589.0,0.0,pituitary,1,0.9992082343626286
1648,3,0.0,1259.0,0.0,1260.0,581.0,0.0,pituitary,1,0.9992063492063492
1649,3,0.0,1304.0,0.0,1305.0,582.0,0.0,pituitary,1,0.9992337164750957
1650,3,0.0,1318.0,0.0,1319.0,602.0,0.0,pituitary,1,0.9992418498862775
1651,3,0.0,1807.0,0.0,1807.0,1089.0,0.0,pituitary,2,1.0
1652,3,0.0,1843.0,0.0,1843.0,1389.0,0.0,pituitary,2,1.0
1653,3,0.0,1896.0,0.0,1896.0,1324.0,0.0,pituitary,2,1.0
1654,3,0.0,1870.0,0.0,1870.0,1225.0,0.0019646365422396855,pituitary,2,1.0
1655,3,0.0,658.0,0.0,658.0,323.0,0.0,pituitary,3,1.0
1656,3,0.0,646.0,0.0,647.0,340.0,0.0,pituitary,3,0.9984544049459042
1657,3,0.0,638.0,0.0,638.0,358.0,0.0,pituitary,3,1.0
1658,3,0.0,635.0,0.0,635.0,432.0,0.0,pituitary,3,1.0
1659,3,0.0,613.0,0.0,613.0,339.0,0.0,pituitary,2,1.0
1660,3,0.0,599.0,0.0,599.0,347.0,0.0,pituitary,2,1.0
1661,3,0.0,612.0,0.0,612.0,310.0,0.0,pituitary,2,1.0
1662,3,0.0,617.0,0.0,617.0,255.0,0.0,pituitary,2,1.0
1663,3,0.0,628.0,0.0,628.0,256.0,0.0,pituitary,2,1.0
1664,3,0.0,630.0,0.0,630.0,269.0,0.0,pituitary,2,1.0
1665,3,0.0,2230.0,0.0,2204.0,1848.0,0.20026007802340703,pituitary,2,1.0117967332123412
1666,3,0.0,2200.2850000000035,0.0,2197.0,1518.0,0.027805362462760674,pituitary,2,1.0014952207555774
1667,3,0.0,2216.0,0.0,2214.0,1572.5,0.0186084142394822,pituitary,2,1.000903342366757
1668,3,0.0,2215.0,0.0,2212.6849999999977,1572.0,0.02027027027027027,pituitary,2,1.0010462402013853
1669,3,0.0,2299.0,0.0,2297.595000000001,1408.0,0.011093502377179081,pituitary,2,1.0006115089909227
1670,3,0.0,2327.0,0.0,2310.0,1468.0,0.0782608695652174,pituitary,2,1.0073593073593075
1671,3,0.0,2403.0,0.0,2394.0,1635.0,0.08765859284890427,pituitary,2,1.0037593984962405
1672,3,0.0,1224.0,0.0,1224.0,727.0,0.0,pituitary,5,1.0
1673,3,0.0,588.0,0.0,588.0,260.0,0.0,pituitary,2,1.0
1674,3,0.0,583.0,0.0,583.0,244.0,0.0,pituitary,2,1.0
1675,3,0.0,570.0,0.0,570.0,254.0,0.0,pituitary,2,1.0
1676,3,0.0,553.2850000000035,0.0,554.0,327.0,0.0,pituitary,2,0.9987093862815948
1677,3,0.0,588.0,0.0,588.0,367.0,0.015670910871694418,pituitary,4,1.0
1678,3,0.0,591.0,0.0,591.0,281.0,0.0,pituitary,4,1.0
1679,3,0.0,587.0,0.0,588.0,278.0,0.0,pituitary,4,0.9982993197278912
1680,3,0.0,593.0,0.0,594.0,272.0,0.0,pituitary,4,0.9983164983164983
1681,3,0.0,607.0,0.0,608.0,264.0,0.0,pituitary,4,0.9983552631578947
1682,3,0.0,607.0,0.0,607.0,253.0,0.0,pituitary,4,1.0
1683,3,0.0,621.0,0.0,621.0,259.0,0.0,pituitary,4,1.0
1684,3,0.0,1993.0,0.0,1994.554999999993,933.5,0.0,pituitary,5,0.9992203774776864
1685,3,0.0,1988.0,0.0,1991.0,872.0,0.0,pituitary,5,0.9984932194876946
1686,3,0.0,2073.0,0.0,2081.5100000000093,808.0,0.0,pituitary,5,0.9959116218514399
1687,3,0.0,2174.0,0.0,2176.695000000007,860.0,0.0,pituitary,5,0.998761884416509
1688,3,0.0,2120.0,0.0,2123.0,856.0,0.0,pituitary,5,0.9985869053226566
1689,3,0.0,2170.0,0.0,2173.6749999999884,918.5,0.0,pituitary,5,0.9983093148699836
1690,3,0.0,2075.0,0.0,2076.0,873.0,0.0,pituitary,5,0.9995183044315993
1691,3,0.0,2089.2850000000035,0.0,2091.0,1000.0,0.0,pituitary,5,0.9991798182687726
1692,3,0.0,2000.0,0.0,2000.0,1193.0,0.0,pituitary,3,1.0
1693,3,0.0,2005.0,0.0,2005.0,1178.0,0.0,pituitary,3,1.0
1694,3,0.0,2023.0,0.0,2024.0,1171.0,0.0,pituitary,3,0.9995059288537549
1695,3,0.0,2122.0,0.0,2125.0,1062.0,0.0,pituitary,3,0.9985882352941177
1696,3,0.0,2042.0,0.0,2044.0,1060.0,0.0,pituitary,3,0.9990215264187867
1697,3,0.0,1990.0,0.0,1991.0,1105.0,0.0,pituitary,3,0.9994977398292315
1698,3,0.0,1949.0,0.0,1950.0,1182.0,0.0,pituitary,3,0.9994871794871795
1699,3,0.0,1873.0,0.0,1874.0,1073.5,0.0022675736961451248,pituitary,3,0.9994663820704376
1700,3,0.0,700.0,0.0,701.0,356.0,0.0,pituitary,5,0.9985734664764622
1701,3,0.0,695.0,0.0,696.0,346.0,0.0,pituitary,5,0.9985632183908046
1702,3,0.0,708.0,0.0,708.0,382.0,0.0,pituitary,5,1.0
1703,3,0.0,706.0,0.0,706.0,356.0,0.0,pituitary,5,1.0
1704,3,0.0,1795.0,0.0,1796.0,1005.0,0.0,pituitary,1,0.9994432071269488
1705,3,0.0,1852.0,0.0,1853.0,1042.0,0.0,pituitary,1,0.9994603345925526
1706,3,0.0,1883.2850000000035,0.0,1886.0,1081.5,0.0,pituitary,1,0.9985604453870645
1707,3,0.0,1852.0,0.0,1853.0,1110.0,0.0,pituitary,1,0.9994603345925526
1708,3,0.0,1855.0,0.0,1856.0,1138.0,0.0,pituitary,1,0.9994612068965517
1709,3,0.0,641.0,0.0,641.7850000000035,291.0,0.0,pituitary,4,0.9987768489447346
1710,3,0.0,621.0,0.0,621.0,274.0,0.0,pituitary,4,1.0
1711,3,0.0,620.0,0.0,621.0,245.0,0.0,pituitary,4,0.998389694041868
1712,3,0.0,635.0,0.0,636.0,250.0,0.0,pituitary,4,0.9984276729559748
1713,3,0.0,633.0,0.0,633.0,298.0,0.0,pituitary,4,1.0
1714,3,0.0,502.0,0.0,502.0,200.0,0.0,pituitary,2,1.0
1715,3,0.0,496.0,0.0,496.0,212.0,0.0,pituitary,2,1.0
1716,3,0.0,494.2850000000035,0.0,495.0,215.0,0.0,pituitary,2,0.9985555555555626
1717,3,0.0,493.0,0.0,493.0,210.0,0.0,pituitary,2,1.0
1718,3,0.0,482.0,0.0,482.0,214.0,0.0,pituitary,2,1.0
1719,3,0.0,487.0,0.0,487.0,211.0,0.0,pituitary,2,1.0
1720,3,0.0,475.0,0.0,475.0,186.0,0.0,pituitary,2,1.0
1721,3,0.0,1893.0,0.0,1893.0,1216.0,0.0,pituitary,4,1.0
1722,3,0.0,1839.0,0.0,1839.4750000000058,1087.0,0.0,pituitary,4,0.9997417741475118
1723,3,0.0,1906.0,0.0,1907.0,1129.0,0.0,pituitary,4,0.9994756161510225
1724,3,0.0,1943.0,0.0,1943.0,1052.0,0.0,pituitary,4,1.0
1725,3,0.0,2321.0,0.0,2323.0,1219.0,0.0,pituitary,2,0.9991390443392165
1726,3,0.0,2346.0,0.0,2350.0,1278.0,0.0,pituitary,2,0.9982978723404256
1727,3,0.0,2376.0,0.0,2388.0,1214.0,0.0,pituitary,2,0.9949748743718593
1728,3,0.0,2407.0,0.0,2416.0350000000035,1177.5,0.0,pituitary,2,0.9962604018567598
1729,3,0.0,2392.0,0.0,2399.0,1156.0,0.0,pituitary,2,0.9970821175489787
1730,3,0.0,2457.0,0.0,2468.0,1205.0,0.0,pituitary,2,0.9955429497568882
1731,3,0.0,2441.0,0.0,2446.0,1223.0,0.0,pituitary,2,0.9979558462796402
1732,3,0.0,2329.0,0.0,2330.25,1257.0,0.0,pituitary,2,0.9994635768694347
1733,3,0.0,2316.0,0.0,2317.0,1281.0,0.0,pituitary,2,0.9995684074233924
1734,3,0.0,606.0,0.0,607.0,261.0,0.0,pituitary,3,0.9983525535420099
1735,3,0.0,613.0,0.0,614.0,249.0,0.0,pituitary,3,0.998371335504886
1736,3,0.0,609.2850000000035,0.0,610.0,250.0,0.0,pituitary,3,0.9988278688524648
1737,3,0.0,603.0,0.0,605.0,257.0,0.0,pituitary,3,0.996694214876033
1738,3,0.0,614.0,0.0,615.0,257.0,0.0,pituitary,3,0.9983739837398374
1739,3,0.0,620.2850000000035,0.0,621.0,265.0,0.0,pituitary,3,0.9988486312399412
1740,3,0.0,615.0,0.0,615.0,275.0,0.0,pituitary,3,1.0
1741,3,0.0,563.0,0.0,563.0,287.0,0.0,pituitary,5,1.0
1742,3,0.0,553.0,0.0,553.0,270.0,0.0,pituitary,5,1.0
1743,3,0.0,531.0,0.0,531.0,289.0,0.0,pituitary,5,1.0
1744,3,0.0,561.0,0.0,562.0,292.0,0.0,pituitary,5,0.998220640569395
1745,3,0.0,558.0,0.0,558.0,294.0,0.0,pituitary,5,1.0
1746,3,0.0,546.0,0.0,546.0,288.0,0.0,pituitary,5,1.0
1747,3,0.0,553.0,0.0,553.0,295.0,0.0,pituitary,5,1.0
1748,3,0.0,2669.0,0.0,2670.0,1477.0,0.0,pituitary,1,0.999625468164794
1749,3,0.0,2740.2850000000035,0.0,2741.0,1553.0,0.0,pituitary,1,0.9997391462969731
1750,3,0.0,2666.2850000000035,0.0,2668.0,1540.5,0.0,pituitary,1,0.9993571964018004
1751,3,0.0,2653.2850000000035,0.0,2655.0,1604.5,0.0,pituitary,1,0.9993540489642198
1752,3,0.0,2463.0,0.0,2464.0,1448.5,0.0,pituitary,1,0.9995941558441559
1753,3,0.0,2492.0,0.0,2492.0,1464.0,0.0,pituitary,1,1.0
1754,3,0.0,2009.0,0.0,2010.0,1207.0,0.0,pituitary,1,0.9995024875621891
1755,3,0.0,1971.0,0.0,1971.7149999999965,1266.0,0.0,pituitary,1,0.9996373715268198
1756,3,0.0,1947.0,0.0,1948.0,1316.0,0.0,pituitary,1,0.9994866529774127
1757,3,0.0,1979.2850000000035,0.0,1980.0,1223.0,0.0,pituitary,1,0.9996388888888906
1758,3,0.0,1969.0,0.0,1969.984999999986,960.0,0.0,pituitary,1,0.9994999961928716
1759,3,0.0,1940.0,0.0,1940.0,1191.0,0.006557377049180328,pituitary,4,1.0
1760,3,0.0,1990.0,0.0,1990.0,1453.0,0.0,pituitary,4,1.0
1761,3,0.0,466.0,0.0,466.0,235.0,0.0,pituitary,4,1.0
1762,3,0.0,451.0,0.0,451.0,229.0,0.0,pituitary,4,1.0
1763,3,0.0,442.0,0.0,442.0,228.0,0.0,pituitary,4,1.0
1764,3,0.0,451.0,0.0,451.0,323.0,0.0,pituitary,4,1.0
1765,3,0.0,457.0,0.0,457.0,359.5,0.012658227848101266,pituitary,4,1.0
1766,3,0.0,1458.2850000000035,0.0,1461.0,732.0,0.0,pituitary,4,0.9981416837782364
1767,3,0.0,1465.0,0.0,1467.0,853.0,0.0,pituitary,4,0.9986366734832992
1768,3,0.0,1432.0,0.0,1434.0,803.5,0.0,pituitary,4,0.99860529986053
1769,3,0.0,1460.0,0.0,1462.3099999999977,816.0,0.0,pituitary,4,0.9984203075955183
1770,3,0.0,1398.0,0.0,1400.0,803.0,0.0,pituitary,4,0.9985714285714286
1771,3,0.0,1437.0,0.0,1439.0,927.0,0.0,pituitary,4,0.9986101459346769
1772,3,0.0,1391.0,0.0,1392.0,811.0,0.0,pituitary,4,0.9992816091954023
1773,3,0.0,1582.0,0.0,1583.0,784.0,0.0,pituitary,3,0.9993682880606444
1774,3,0.0,1577.2850000000035,0.0,1578.0,710.5,0.0,pituitary,3,0.999546894803551
1775,3,0.0,1567.0,0.0,1569.0,605.0,0.0,pituitary,3,0.9987253027405991
1776,3,0.0,1531.2850000000035,0.0,1533.2300000000105,593.0,0.0,pituitary,3,0.9987314362489601
1777,3,0.0,1576.0,0.0,1578.0,549.0,0.0,pituitary,3,0.9987325728770595
1778,3,0.0,1586.0,0.0,1589.0,590.0,0.0,pituitary,3,0.9981120201384519
1779,3,0.0,1600.0,0.0,1602.0,599.0,0.0,pituitary,3,0.9987515605493134
1780,3,0.0,1622.0,0.0,1623.0,660.0,0.0,pituitary,3,0.9993838570548367
1781,3,0.0,1533.0,0.0,1533.0,1048.0,0.0014104372355430183,pituitary,2,1.0
1782,3,0.0,1540.0,0.0,1542.0,901.5,0.0,pituitary,2,0.9987029831387808
1783,3,0.0,1482.0,0.0,1483.109999999986,841.0,0.0,pituitary,2,0.9992515727087093
1784,3,0.0,1527.0,0.0,1528.0,883.0,0.0,pituitary,2,0.9993455497382199
1785,3,0.0,1524.0,0.0,1525.0,930.5,0.0,pituitary,2,0.999344262295082
1786,3,0.0,1584.0,0.0,1584.0,668.0,0.0,pituitary,2,1.0
1787,3,0.0,1583.2850000000035,0.0,1584.0,718.5,0.0,pituitary,2,0.9995486111111133
1788,3,0.0,1552.0,0.0,1552.0,590.5,0.0,pituitary,2,1.0
1789,3,0.0,1574.0,0.0,1574.0,988.5,0.0,pituitary,1,1.0
1790,3,0.0,1573.0,0.0,1574.0,1219.0,0.0,pituitary,1,0.9993646759847522
1791,3,0.0,1549.0,0.0,1549.0,1099.0,0.0,pituitary,1,1.0
1792,3,0.0,1593.0,0.0,1593.0,1164.0,0.0,pituitary,1,1.0
1793,3,0.0,1607.0,0.0,1607.0,750.0,0.0,pituitary,1,1.0
1794,3,0.0,1626.2850000000035,0.0,1627.0,832.0,0.0,pituitary,1,0.9995605408727741
1795,3,0.0,658.0,0.0,658.0,337.0,0.0,pituitary,3,1.0
1796,3,0.0,655.0,0.0,656.0,390.0,0.0,pituitary,3,0.9984756097560976
1797,3,0.0,648.0,0.0,648.0,388.0,0.0,pituitary,3,1.0
1798,3,0.0,659.0,0.0,659.0,392.0,0.0,pituitary,3,1.0
1799,3,0.0,657.0,0.0,657.0,310.0,0.0,pituitary,3,1.0
1800,3,0.0,666.0,0.0,667.0,312.0,0.0,pituitary,3,0.9985007496251874
1801,3,0.0,577.0,0.0,576.0,366.0,0.022485207100591716,pituitary,3,1.0017361111111112
1802,3,0.0,570.0,0.0,567.0,323.0,0.041719342604298354,pituitary,3,1.0052910052910053
1803,3,0.0,577.2850000000035,0.0,578.0,320.5,0.0,pituitary,3,0.9987629757785528
1804,3,0.0,575.0,0.0,575.0,292.0,0.0,pituitary,3,1.0
1805,3,0.0,591.2850000000035,0.0,592.0,305.0,0.0,pituitary,3,0.9987922297297356
1806,3,0.0,2123.0,0.0,2124.220000000001,912.0,0.0,pituitary,4,0.999425671540612
1807,3,0.0,2093.2850000000035,0.0,2094.4649999999965,1136.0,0.0,pituitary,4,0.9994366103038279
1808,3,0.0,2093.0,0.0,2094.0,1269.0,0.0,pituitary,4,0.9995224450811844
1809,3,0.0,2097.0,0.0,2099.0,1273.0,0.0,pituitary,4,0.9990471653168176
1810,3,0.0,2106.0,0.0,2107.0,1308.0,0.0,pituitary,4,0.9995253915519696
1811,3,0.0,2069.0,0.0,2070.0,1219.0,0.0,pituitary,4,0.9995169082125603
1812,3,0.0,2127.0,0.0,2127.0,1165.0,0.0,pituitary,4,1.0
1813,3,0.0,2058.0,0.0,2058.0,1167.0,0.0,pituitary,1,1.0
1814,3,0.0,2052.0,0.0,2053.0,1116.0,0.0,pituitary,1,0.9995129079396006
1815,3,0.0,2077.0,0.0,2078.0,1081.0,0.0,pituitary,1,0.9995187680461982
1816,3,0.0,2177.0,0.0,2178.0,1213.0,0.0,pituitary,1,0.9995408631772268
1817,3,0.0,2116.0,0.0,2116.334999999992,1147.0,0.0,pituitary,1,0.9998417074801523
1818,3,0.0,2109.2850000000035,0.0,2111.0,1123.0,0.0,pituitary,1,0.9991875888204659
1819,3,0.0,2076.0,0.0,2078.0,1165.0,0.0,pituitary,5,0.9990375360923965
1820,3,0.0,2057.2850000000035,0.0,2058.0,1207.0,0.0,pituitary,5,0.9996525753158423
1821,3,0.0,1982.0,0.0,1983.0,801.0,0.0,pituitary,5,0.9994957135653051
1822,3,0.0,2079.0,0.0,2080.0,1118.0,0.0,pituitary,5,0.9995192307692308
1823,3,0.0,2050.0,0.0,2051.0,1068.0,0.0,pituitary,5,0.999512432959532
1824,3,0.0,2045.0,0.0,2047.0,1066.0,0.0,pituitary,5,0.9990229604298974
1825,3,0.0,2053.0,0.0,2056.0,1029.0,0.0,pituitary,5,0.9985408560311284
1826,3,0.0,2110.0,0.0,2113.0,1037.0,0.0,pituitary,5,0.9985802176999526
1827,3,0.0,2092.0,0.0,2095.0,1051.0,0.0,pituitary,5,0.9985680190930788
1828,3,0.0,2068.0,0.0,2072.0,1135.0,0.0,pituitary,5,0.9980694980694981
1829,3,0.0,2063.0,0.0,2065.6149999999907,1073.0,0.0,pituitary,5,0.9987340332056116
1830,3,0.0,731.0,0.0,732.0,415.0,0.0,pituitary,4,0.9986338797814208
1831,3,0.0,732.0,0.0,733.0,397.0,0.0,pituitary,4,0.9986357435197817
1832,3,0.0,739.0,0.0,740.0,402.0,0.0,pituitary,4,0.9986486486486487
1833,3,0.0,742.0,0.0,743.0,410.0,0.0,pituitary,4,0.9986541049798116
1834,3,0.0,730.0,0.0,730.0,396.0,0.0,pituitary,4,1.0
1835,3,0.0,1823.0,0.0,1825.0,1085.0,0.0,pituitary,1,0.9989041095890411
1836,3,0.0,1815.2850000000035,0.0,1817.0,1145.0,0.0,pituitary,1,0.9990561364887196
1837,3,0.0,1788.0,0.0,1789.0,1124.0,0.0012206286237412267,pituitary,1,0.9994410285075461
1838,3,0.0,1840.0,0.0,1842.0,1114.5,0.0,pituitary,1,0.998914223669924
1839,3,0.0,1864.0,0.0,1865.0,1155.0,0.0,pituitary,1,0.9994638069705094
1840,3,0.0,1842.0,0.0,1842.8850000000093,1213.0,0.0,pituitary,1,0.999519774701075
1841,2,0.0,3983.2850000000035,0.0,3984.264999999985,1283.0,0.0,glioma,1,0.9997540324250567
1842,2,0.0,4197.2850000000035,0.0,4206.0,1232.0,0.0,glioma,1,0.9979279600570622
1843,2,0.0,4587.0,0.0,4590.0,2033.0,0.0,glioma,1,0.9993464052287582
1844,2,0.0,4483.0,0.0,4464.0,2545.5,0.020497803806734993,glioma,1,1.0042562724014337
1845,2,0.0,4571.0,0.0,4554.274999999994,2803.0,0.01719824890556598,glioma,1,1.0036723737587225
1846,2,0.0,4401.0,0.0,4403.0,2446.0,0.0012303906490310674,glioma,1,0.9995457642516467
1847,2,0.0,4376.2850000000035,0.0,4366.0,1818.0,0.011577813677975229,glioma,1,1.0023557031607888
1848,2,0.0,4006.2850000000035,0.0,4014.0,1618.0,0.0,glioma,1,0.9980779770802201
1849,2,0.0,4527.2850000000035,0.0,4530.440000000002,2271.0,0.0004923682914820286,glioma,1,0.9993035996503653
1850,2,0.0,4567.0,0.0,4572.239999999991,2849.0,0.0,glioma,1,0.9988539534232694
1851,2,0.0,4248.2850000000035,0.0,4248.0,2684.5,0.006955177743431221,glioma,1,1.0000670903954811
1852,2,0.0,4211.0,0.0,4212.0,2134.0,0.0,glioma,1,0.9997625830959165
1853,2,0.0,4269.2850000000035,0.0,4281.0,1671.0,0.0,glioma,5,0.9972634898388235
1854,2,0.0,3452.0,0.0,3466.0,1030.0,0.0,glioma,5,0.9959607616849394
1855,2,0.0,3392.0,0.0,3411.0,1161.0,0.00024578076355890547,glioma,5,0.9944297859865142
1856,2,0.0,3649.0,0.0,3669.0,1171.0,0.00011665888940737284,glioma,5,0.994548923412374
1857,2,0.0,3848.0,0.0,3865.0,1230.0,0.0006779661016949153,glioma,5,0.995601552393273
1858,2,0.0,3801.2850000000035,0.0,3836.654999999999,1135.0,0.0,glioma,5,0.9907810319145205
1859,2,0.0,3717.0,0.0,3752.0,1147.0,0.0,glioma,5,0.9906716417910447
1860,2,0.0,3574.0,0.0,3594.0200000000186,1134.0,0.0,glioma,5,0.9944296358951763
1861,2,0.0,3512.2850000000035,0.0,3524.0,1220.0,0.0,glioma,5,0.9966756526674244
1862,2,0.0,3996.2850000000035,0.0,3997.8150000000023,1813.5,0.0,glioma,5,0.9996172909451791
1863,2,0.0,4062.2850000000035,0.0,4069.0,1586.0,0.0,glioma,5,0.9983497173752773
1864,2,0.0,3948.0,0.0,3962.0,1390.0,0.00019718032140392388,glioma,5,0.9964664310954063
1865,2,0.0,3868.0,0.0,3883.8699999999953,1332.0,0.000541921498800031,glioma,5,0.995913869413756
1866,2,0.0,3603.0,0.0,3628.709999999992,1325.0,0.0,glioma,5,0.9929148375042393
1867,2,0.0,3363.0,0.0,3369.0,534.0,0.0,glioma,5,0.9982190560997328
1868,2,0.0,3218.0,0.0,3222.649999999994,548.0,0.0,glioma,5,0.9985570881107182
1869,2,0.0,3156.0,0.0,3157.0,1298.0,0.0,glioma,5,0.9996832435856826
1870,2,0.0,4005.0,0.0,4013.0,1659.0,0.0,glioma,2,0.9980064789434339
1871,2,0.0,3849.0,0.0,3861.0,1170.0,0.0004043671653861706,glioma,2,0.9968919968919969
1872,2,0.0,3529.0,0.0,3547.0350000000035,1097.0,0.000111731843575419,glioma,2,0.9949154716544936
1873,2,0.0,3375.0,0.0,3388.0,1138.0,0.0015399422521655437,glioma,2,0.9961629279811098
1874,2,0.0,3174.2850000000035,0.0,3189.0,1106.0,0.0,glioma,2,0.9953857008466614
1875,2,0.0,2987.0,0.0,2998.459999999992,1258.0,9.062075215224287e-05,glioma,2,0.99617803805954
1876,2,0.0,2840.0,0.0,2847.0,1390.0,0.0,glioma,2,0.9975412715138743
1877,2,0.0,2763.0,0.0,2769.459999999992,1298.0,0.0,glioma,2,0.9976674153084024
1878,2,0.0,2734.0,0.0,2736.0,1197.0,0.0,glioma,2,0.9992690058479532
1879,2,0.0,3531.0,0.0,3535.0,1598.0,0.0,glioma,1,0.9988684582743989
1880,2,0.0,3626.0,0.0,3627.0,1859.0,0.0,glioma,1,0.9997242900468707
1881,2,0.0,2428.2850000000035,0.0,2430.0,976.0,0.0,glioma,5,0.999294238683129
1882,2,0.0,2278.2850000000035,0.0,2280.0,897.0,0.0,glioma,5,0.9992478070175453
1883,2,0.0,2206.0,0.0,2208.2449999999953,767.0,0.0,glioma,5,0.9989833555606397
1884,2,0.0,2252.0,0.0,2254.0,762.0,0.0,glioma,5,0.9991126885536823
1885,2,0.0,4022.0,0.0,4023.804999999993,1348.5,0.0,glioma,4,0.9995514196140238
1886,2,0.0,3798.0,0.0,3800.0,1251.0,0.0,glioma,4,0.9994736842105263
1887,2,0.0,3824.0,0.0,3828.0,1379.0,0.0,glioma,4,0.9989550679205852
1888,2,0.0,3584.2850000000035,0.0,3587.0,1273.0,0.0,glioma,4,0.9992431000836364
1889,2,0.0,3599.570000000007,0.0,3614.9899999999907,1147.0,0.0,glioma,4,0.9957344280343836
1890,2,0.0,3428.0,0.0,3438.859999999986,971.0,0.0,glioma,4,0.9968419767015854
1891,2,0.0,3515.0,0.0,3523.0,1045.0,0.0011514707421752329,glioma,4,0.9977292080613114
1892,2,0.0,3496.0,0.0,3507.0,778.0,0.0,glioma,4,0.9968634160250927
1893,2,0.0,4577.0,0.0,4583.0,1666.0,0.0,glioma,5,0.9986908138773729
1894,2,0.0,4618.0,0.0,4623.940000000002,1398.0,0.0,glioma,5,0.9987153812549465
1895,2,0.0,4366.2850000000035,0.0,4377.0,1771.0,0.0,glioma,5,0.9975519762394341
1896,2,0.0,4370.570000000007,0.0,4378.359999999986,1840.0,0.0,glioma,5,0.9982207950008727
1897,2,0.0,4037.0,0.0,4037.045000000013,2116.5,0.004310344827586207,glioma,5,0.9999888532329927
1898,2,0.0,4032.2850000000035,0.0,4034.1149999999907,2005.0,0.0,glioma,5,0.9995463689061945
1899,2,0.0,3765.0,0.0,3766.9400000000023,1735.0,0.0,glioma,3,0.9994849931243921
1900,2,0.0,3918.2850000000035,0.0,3924.0,1829.0,0.0,glioma,3,0.9985435779816523
1901,2,0.0,3963.0,0.0,3971.0,2107.5,0.00035236081747709656,glioma,3,0.9979853941072777
1902,2,0.0,4150.0,0.0,4179.234999999986,1651.0,0.0,glioma,3,0.99300470062105
1903,2,0.0,4207.0,0.0,4226.364999999991,1408.5,0.0,glioma,3,0.9954180483701737
1904,2,0.0,4149.2850000000035,0.0,4174.0,1218.0,0.0,glioma,3,0.9940788212745576
1905,2,0.0,4330.2850000000035,0.0,4348.0,1289.0,0.0,glioma,3,0.9959257129714819
1906,2,0.0,4045.2850000000035,0.0,4062.0,1256.0,0.0,glioma,3,0.9958850320039399
1907,2,0.0,3945.2850000000035,0.0,3952.779999999999,1556.0,0.0,glioma,3,0.9981038661397813
1908,2,0.0,3516.2850000000035,0.0,3525.0,1550.0,0.0,glioma,3,0.9975276595744691
1909,2,0.0,3612.0,0.0,3614.0,1698.0,0.0,glioma,3,0.9994465965688988
1910,2,0.0,3819.2850000000035,0.0,3823.0,1786.0,0.0,glioma,3,0.9990282500653945
1911,2,0.0,3892.0,0.0,3892.0,1860.0,0.0,glioma,3,1.0
1912,2,0.0,4008.0,0.0,4024.079999999987,1500.0,0.0,glioma,3,0.9960040555853792
1913,2,0.0,3864.2850000000035,0.0,3874.8949999999895,1402.0,0.0,glioma,3,0.9972618612891482
1914,2,0.0,5059.0,0.0,5069.255000000005,1708.0,0.0,glioma,2,0.9979770202919355
1915,2,0.0,5191.0,0.0,5205.0,1799.0,0.0,glioma,2,0.9973102785782901
1916,2,0.0,4936.2850000000035,0.0,4966.0,1774.0,0.0,glioma,2,0.9940163109142174
1917,2,0.0,4990.0,0.0,5007.0,1970.0,0.0,glioma,2,0.9966047533453165
1918,2,0.0,4586.0,0.0,4615.109999999986,1796.0,0.0,glioma,2,0.9936924580345894
1919,2,0.0,4623.0,0.0,4640.969999999972,1887.0,0.0003466204506065858,glioma,2,0.9961279646280902
1920,2,0.0,4238.0,0.0,4250.0,1700.0,0.0010195989577432877,glioma,2,0.9971764705882353
1921,2,0.0,2499.0,0.0,2503.0,815.0,0.0,glioma,1,0.9984019176987615
1922,2,0.0,2953.0,0.0,2958.25,800.0,0.0,glioma,1,0.9982253021211865
1923,2,0.0,4340.570000000007,0.0,4366.0,1153.0,0.0,glioma,1,0.9941754466330753
1924,2,0.0,4203.0,0.0,4215.674999999988,1038.0,0.00015928639694170118,glioma,1,0.9969933640520229
1925,2,0.0,4168.2850000000035,0.0,4178.0,943.0,0.0,glioma,1,0.9976747247486845
1926,2,0.0,3862.0,0.0,3867.0,796.0,0.0,glioma,1,0.9987070080165503
1927,2,0.0,3815.0,0.0,3817.4949999999953,768.0,0.0,glioma,1,0.9993464300542646
1928,2,0.0,3502.2850000000035,0.0,3504.0,703.0,0.0,glioma,1,0.9995105593607316
1929,2,0.0,3503.0,0.0,3511.0,1184.0,0.0,glioma,1,0.9977214468812304
1930,2,0.0,3891.2850000000035,0.0,3929.445000000007,1165.0,0.0,glioma,1,0.9902887048934382
1931,2,0.0,4171.0,0.0,4177.0,924.0,0.0,glioma,1,0.998563562365334
1932,2,0.0,4269.0,0.0,4278.0,883.5,0.0,glioma,1,0.9978962131837307
1933,2,0.0,4404.0,0.0,4422.940000000002,1151.0,0.0,glioma,1,0.9957177804808561
1934,2,0.0,4282.0,0.0,4290.234999999986,1152.0,0.0,glioma,1,0.9980805247265042
1935,2,0.0,4378.2850000000035,0.0,4408.190000000002,1345.0,0.0,glioma,1,0.9932160365138529
1936,2,0.0,4161.0,0.0,4181.0,1279.0,0.0,glioma,1,0.9952164553934465
1937,2,0.0,4651.0,0.0,4690.0,1287.0,0.0,glioma,1,0.9916844349680171
1938,2,0.0,4588.0,0.0,4630.994999999995,1441.0,0.0,glioma,1,0.9907158180909296
1939,2,0.0,4328.0,0.0,4354.619999999995,1262.0,0.0,glioma,1,0.9938869522484177
1940,2,0.0,4422.0,0.0,4445.244999999995,1418.0,0.0,glioma,1,0.9947708169066057
1941,2,0.0,4287.0,0.0,4301.0,1319.0,0.0,glioma,1,0.9967449430365032
1942,2,0.0,4262.2850000000035,0.0,4279.0,1355.0,0.0,glioma,1,0.9960937134844599
1943,2,0.0,3954.2850000000035,0.0,3965.0,1261.0,0.0005324246619103397,glioma,1,0.9972976040353099
1944,2,0.0,3917.0,0.0,3922.0,1031.0,0.0,glioma,1,0.9987251402345741
1945,2,0.0,4163.0,0.0,4179.0,1573.0,0.0,glioma,5,0.9961713328547499
1946,2,0.0,4255.2850000000035,0.0,4266.165000000008,1596.0,0.0,glioma,5,0.9974497001405233
1947,2,0.0,4171.0,0.0,4178.959999999992,1620.0,0.0,glioma,5,0.9980952198633172
1948,2,0.0,3276.0,0.0,3280.0,909.0,0.0,glioma,5,0.998780487804878
1949,2,0.0,3421.0,0.0,3428.0,883.0,0.0,glioma,5,0.9979579929988331
1950,2,0.0,3620.0,0.0,3621.0,2131.5,0.0,glioma,2,0.9997238331952499
1951,2,0.0,3996.0,0.0,4001.0,2000.0,0.0,glioma,2,0.9987503124218945
1952,2,0.0,4229.2850000000035,0.0,4235.260000000009,1762.0,0.0,glioma,2,0.9985892247465313
1953,2,0.0,3892.0,0.0,3899.0,1981.0,0.0,glioma,2,0.9982046678635548
1954,2,0.0,3767.0,0.0,3768.0,1773.0,0.0,glioma,2,0.9997346072186837
1955,2,0.0,3501.0,0.0,3504.0,1271.0,0.0,glioma,2,0.9991438356164384
1956,2,0.0,4633.0,0.0,4639.0,2042.0,0.0002966478789676654,glioma,2,0.9987066178055616
1957,2,0.0,4648.0,0.0,4657.475000000006,2035.0,0.0,glioma,2,0.9979656358863964
1958,2,0.0,4886.0,0.0,4895.0,2179.0,0.0,glioma,2,0.9981613891726251
1959,2,0.0,4683.2850000000035,0.0,4685.0,1798.5,0.0,glioma,2,0.9996339381003209
1960,2,0.0,4867.0,0.0,4876.0,1710.0,0.0,glioma,2,0.9981542247744053
1961,2,0.0,4590.2850000000035,0.0,4607.0,1510.0,0.0,glioma,2,0.9963718254829614
1962,2,0.0,4553.0,0.0,4567.0,1634.0,0.0,glioma,2,0.9969345303262536
1963,2,0.0,4257.0,0.0,4266.399999999994,1601.0,0.0,glioma,2,0.9977967372960823
1964,2,0.0,4056.0,0.0,4052.0,1645.0,0.008076358296622614,glioma,1,1.0009871668311945
1965,2,0.0,4108.2850000000035,0.0,4093.6599999999744,1736.0,0.009983954359065787,glioma,1,1.0035725976265808
1966,2,0.0,4282.0,0.0,4288.0,1877.0,0.0016742005692281935,glioma,1,0.9986007462686567
1967,2,0.0,4388.0,0.0,4394.0,2010.0,0.001839644335428484,glioma,1,0.9986345015930814
1968,2,0.0,4366.0,0.0,4370.570000000007,1933.0,0.0032758620689655174,glioma,1,0.9989543697961577
1969,2,0.0,4305.2850000000035,0.0,4310.045000000013,1775.0,0.0,glioma,1,0.998895603178155
1970,2,0.0,4260.0,0.0,4275.0,1443.0,0.0,glioma,1,0.9964912280701754
1971,2,0.0,4078.0,0.0,4096.0,1396.0,0.0,glioma,1,0.99560546875
1972,2,0.0,3986.2850000000035,0.0,3994.0,1197.0,0.0,glioma,1,0.9980683525287941
1973,2,0.0,3841.2850000000035,0.0,3844.1050000000105,1205.0,0.0,glioma,1,0.9992664092161877
1974,2,0.0,2892.0,0.0,2893.0,461.0,0.0,glioma,4,0.9996543380573799
1975,2,0.0,3010.0,0.0,3012.0,770.5,0.0,glioma,4,0.99933598937583
1976,2,0.0,3087.0,0.0,3091.795000000013,963.0,0.0,glioma,4,0.9984491209798797
1977,2,0.0,3107.0,0.0,3110.0,862.0,0.0,glioma,4,0.9990353697749196
1978,2,0.0,3192.0,0.0,3198.0,1114.0,0.0,glioma,4,0.99812382739212
1979,2,0.0,3082.0,0.0,3093.8399999999965,991.0,0.0,glioma,4,0.9961730406226578
1980,2,0.0,2991.0,0.0,2999.0,908.0,0.0,glioma,4,0.9973324441480493
1981,2,0.0,2704.0,0.0,2709.0,937.0,0.0,glioma,4,0.9981543004798819
1982,2,0.0,2647.0,0.0,2644.0,1221.0,0.0068997240110395585,glioma,4,1.0011346444780636
1983,2,0.0,2482.0,0.0,2463.0,1225.0,0.02281134401972873,glioma,4,1.0077141697117336
1984,2,0.0,3570.0,0.0,3572.0,1733.0,0.0,glioma,4,0.9994400895856663
1985,2,0.0,3561.0,0.0,3563.0,1680.0,0.0,glioma,4,0.9994386752736458
1986,2,0.0,3437.0,0.0,3440.0,1414.0,0.0,glioma,4,0.9991279069767441
1987,2,0.0,2488.0,0.0,2491.0,725.0,0.0,glioma,4,0.9987956643918106
1988,2,0.0,2410.2850000000035,0.0,2412.0,596.0,0.0,glioma,4,0.99928897180763
1989,2,0.0,2119.2850000000035,0.0,2122.0,917.0,0.0,glioma,4,0.9987205466541016
1990,2,0.0,2322.0,0.0,2332.0,723.0,0.0013863709075397248,glioma,4,0.9957118353344768
1991,2,0.0,2363.0,0.0,2372.0,736.0,0.0,glioma,4,0.9962057335581788
1992,2,0.0,2307.0,0.0,2313.0,715.0,0.0,glioma,4,0.9974059662775616
1993,2,0.0,2338.2850000000035,0.0,2347.0,762.5,0.0,glioma,4,0.9962867490413309
1994,2,0.0,2275.0,0.0,2278.0,771.0,0.0018808777429467085,glioma,4,0.9986830553116769
1995,2,0.0,2300.0,0.0,2303.0,861.0,0.0,glioma,4,0.998697351280938
1996,2,0.0,2221.0,0.0,2221.9800000000105,888.0,0.003390788358293303,glioma,4,0.9995589519257552
1997,2,0.0,2109.0,0.0,2112.0,832.5,0.0,glioma,4,0.9985795454545454
1998,2,0.0,4655.0,0.0,4657.445000000007,1374.0,0.0,glioma,2,0.9994750340583717
1999,2,0.0,4242.0,0.0,4251.0,1063.0,0.0,glioma,2,0.9978828510938603
2000,2,0.0,4236.0,0.0,4246.489999999991,1263.0,0.0,glioma,2,0.9975297245489826
2001,2,0.0,3860.2850000000035,0.0,3871.0,1252.0,0.0,glioma,2,0.9972319814001559
2002,2,0.0,3721.0,0.0,3730.0,1327.0,0.0,glioma,2,0.9975871313672923
2003,2,0.0,3306.2850000000035,0.0,3312.0,1214.0,0.0,glioma,2,0.9982744565217402
2004,2,0.0,3196.0,0.0,3198.0,1290.0,0.0,glioma,2,0.9993746091307066
2005,2,0.0,5119.0,0.0,5129.0,1900.0,0.0,glioma,5,0.9980503022031585
2006,2,0.0,4921.0,0.0,4930.0,1763.0,0.0,glioma,5,0.9981744421906694
2007,2,0.0,5039.2850000000035,0.0,5057.0,1859.0,0.0,glioma,5,0.9964969349416657
2008,2,0.0,4564.2850000000035,0.0,4580.450000000012,1683.0,0.0,glioma,5,0.996470870765971
2009,2,0.0,4550.2850000000035,0.0,4567.0,1754.0,0.0,glioma,5,0.9963400481716671
2010,2,0.0,4101.0,0.0,4118.0,1411.0,0.0,glioma,5,0.9958717824186498
2011,2,0.0,3996.2850000000035,0.0,4009.0,1515.0,0.0,glioma,5,0.9968283861312056
2012,2,0.0,4103.0,0.0,4111.0350000000035,1194.0,0.0,glioma,4,0.9980455043559582
2013,2,0.0,3933.2850000000035,0.0,3940.0,960.0,0.0,glioma,4,0.9982956852791887
2014,2,0.0,3711.0,0.0,3725.0,1074.0,0.0,glioma,4,0.996241610738255
2015,2,0.0,3620.0,0.0,3627.359999999986,745.0,0.0,glioma,4,0.9979709761369189
2016,2,0.0,3477.2850000000035,0.0,3482.0,861.0,0.0029664787896766538,glioma,4,0.9986458931648488
2017,2,0.0,3083.0,0.0,3087.0,890.0,0.0,glioma,4,0.9987042436022028
2018,2,0.0,3168.0,0.0,3168.0,756.0,0.0,glioma,4,1.0
2019,2,0.0,3227.2850000000035,0.0,3240.0199999999895,1672.0,0.0,glioma,4,0.9960694687069875
2020,2,0.0,2979.0,0.0,2988.9800000000105,1590.0,0.0,glioma,4,0.9966610683243078
2021,2,0.0,2817.2850000000035,0.0,2821.0,1614.0,0.0,glioma,4,0.9986830911024471
2022,2,0.0,2720.0,0.0,2729.0,235.0,0.0,glioma,4,0.9967020886771711
2023,2,0.0,2538.0,0.0,2540.0,405.0,0.0,glioma,4,0.9992125984251968
2024,2,0.0,3212.2850000000035,0.0,3213.579999999987,326.0,0.0,glioma,4,0.999597022635197
2025,2,0.0,2953.0,0.0,2954.0,239.0,0.0,glioma,4,0.9996614759647935
2026,2,0.0,2907.2850000000035,0.0,2909.139999999985,280.0,0.0,glioma,4,0.999362354510274
2027,2,0.0,2968.0,0.0,2974.0,318.0,0.0,glioma,4,0.9979825151311366
2028,2,0.0,2990.0,0.0,2995.0,334.0,0.0,glioma,4,0.998330550918197
2029,2,0.0,3061.0,0.0,3070.0,1518.0,0.0,glioma,4,0.9970684039087948
2030,2,0.0,3144.0,0.0,3156.0,1604.0,0.0,glioma,4,0.9961977186311787
2031,2,0.0,3242.0,0.0,3255.0,1633.0,0.0,glioma,4,0.9960061443932412
2032,2,0.0,3846.0,0.0,3851.0,1226.0,0.0,glioma,1,0.9987016359387172
2033,2,0.0,3599.2850000000035,0.0,3607.0,984.0,0.0,glioma,1,0.997861103410037
2034,2,0.0,3477.0,0.0,3485.0,1066.0,0.0,glioma,1,0.9977044476327116
2035,2,0.0,3211.0,0.0,3220.0,995.5,0.0,glioma,1,0.9972049689440994
2036,2,0.0,2885.0,0.0,2892.0,882.0,0.0,glioma,1,0.9975795297372061
2037,2,0.0,2660.0,0.0,2663.6600000000035,750.0,0.0,glioma,1,0.99862595075948
2038,2,0.0,4262.0,0.0,4270.174999999988,1484.0,0.0,glioma,4,0.9980855585543945
2039,2,0.0,3984.0,0.0,3993.0,1254.0,0.0,glioma,4,0.9977460555972952
2040,2,0.0,3979.0,0.0,3989.0,1274.0,0.0,glioma,4,0.9974931060416145
2041,2,0.0,3793.2850000000035,0.0,3804.274999999994,1165.0,0.0,glioma,4,0.9971111446990581
2042,2,0.0,3549.0,0.0,3555.0,1116.0,0.0011443284222571878,glioma,4,0.9983122362869198
2043,2,0.0,3480.0,0.0,3486.0,1230.0,0.0,glioma,4,0.9982788296041308
2044,2,0.0,3305.0,0.0,3279.0,1178.0,0.03201191140889633,glioma,4,1.0079292467215615
2045,2,0.0,3513.0,0.0,3524.0,1131.0,0.0,glioma,3,0.9968785471055619
2046,2,0.0,3369.0,0.0,3377.0,773.0,0.0,glioma,3,0.9976310334616524
2047,2,0.0,3324.0,0.0,3336.0,887.0,0.0,glioma,3,0.9964028776978417
2048,2,0.0,3183.2850000000035,0.0,3195.0,827.0,0.0,glioma,3,0.9963333333333344
2049,2,0.0,2975.0,0.0,2981.0,612.0,0.0,glioma,3,0.9979872525997987
2050,2,0.0,2801.2850000000035,0.0,2803.2699999999895,661.0,0.0,glioma,3,0.9992918983900994
2051,2,0.0,3948.0,0.0,3977.0,1557.0,0.0,glioma,3,0.992708071410611
2052,2,0.0,3801.2850000000035,0.0,3817.0,1489.0,0.0015506704369241996,glioma,3,0.9958828923238154
2053,2,0.0,3872.570000000007,0.0,3852.960000000021,1554.0,0.009882591435087422,glioma,3,1.0050895934554176
2054,2,0.0,3588.2850000000035,0.0,3609.2699999999895,1470.0,0.0010276084126875386,glioma,3,0.9941858048857564
2055,2,0.0,3650.0,0.0,3635.0,1530.0,0.021808665309683048,glioma,3,1.0041265474552958
2056,2,0.0,3371.0,0.0,3381.0,1228.0,0.0012919896640826874,glioma,3,0.9970422951789412
2057,2,0.0,3319.0,0.0,3325.3099999999977,988.0,0.0,glioma,3,0.998102432555161
2058,2,0.0,4268.0,0.0,4268.0,1355.0,0.0,glioma,5,1.0
2059,2,0.0,4118.0,0.0,4122.1050000000105,1231.0,0.0,glioma,5,0.999004149578914
2060,2,0.0,4326.2850000000035,0.0,4329.0,1370.0,0.0,glioma,5,0.9993728343728352
2061,2,0.0,4411.0,0.0,4415.0,1713.0,0.0,glioma,1,0.9990939977349943
2062,2,0.0,4647.0,0.0,4655.674999999988,1510.0,0.0,glioma,1,0.998136682650746
2063,2,0.0,4474.0,0.0,4480.0,1614.0,0.0,glioma,1,0.9986607142857142
2064,2,0.0,5062.2850000000035,0.0,5074.0,1966.0,0.0,glioma,1,0.9976911706740251
2065,2,0.0,3682.0,0.0,3687.0,941.0,0.0,glioma,4,0.9986438839164633
2066,2,0.0,3780.0,0.0,3784.929999999993,940.0,0.0,glioma,4,0.9986974660033361
2067,2,0.0,3535.0,0.0,3542.0,865.0,0.0,glioma,4,0.9980237154150198
2068,2,0.0,3489.2850000000035,0.0,3493.7149999999965,1130.0,0.0,glioma,4,0.9987320087643117
2069,2,0.0,3615.2850000000035,0.0,3621.695000000007,919.0,0.0,glioma,4,0.9982301104869395
2070,2,0.0,3608.2850000000035,0.0,3621.7699999999895,991.0,0.0,glioma,4,0.996276682395628
2071,2,0.0,3616.2850000000035,0.0,3626.0,950.0,0.0,glioma,4,0.9973207391064544
2072,2,0.0,4090.2850000000035,0.0,4112.029999999999,1024.0,0.0,glioma,4,0.9947118576469541
2073,2,0.0,4004.2850000000035,0.0,4028.0,1391.0,0.00043817369205152924,glioma,4,0.9941124627606761
2074,2,0.0,4195.0,0.0,4219.529999999999,1500.0,0.0,glioma,4,0.9941865563226239
2075,2,0.0,3776.0,0.0,3823.0,1401.0,0.00011446886446886447,glioma,4,0.9877059900601621
2076,2,0.0,3745.0,0.0,3772.9949999999953,1578.0,0.000825195984046211,glioma,4,0.9925801650943096
2077,2,0.0,4785.0,0.0,4798.869999999995,1558.0,0.0,glioma,3,0.9971097362504099
2078,2,0.0,4650.0,0.0,4668.709999999992,1620.0,0.0002672010688042752,glioma,3,0.9959924690117844
2079,2,0.0,5002.2850000000035,0.0,5014.130000000005,1432.0,0.0,glioma,3,0.9976376759278277
2080,2,0.0,4865.2850000000035,0.0,4866.0,1695.0,0.0,glioma,5,0.999853062063297
2081,2,0.0,4630.0,0.0,4633.084999999992,1381.0,0.0,glioma,5,0.9993341369735302
2082,2,0.0,5042.0,0.0,5047.0,1480.0,0.0,glioma,5,0.9990093124628492
2083,2,0.0,5211.2850000000035,0.0,5215.0,1461.0,0.0,glioma,4,0.9992876318312567
2084,2,0.0,5684.570000000007,0.0,5724.0350000000035,1582.0,0.0,glioma,4,0.9931053880697801
2085,2,0.0,6204.2850000000035,0.0,6223.445000000007,1485.0,0.0,glioma,4,0.9969213193014475
2086,2,0.0,6021.2850000000035,0.0,6030.0,1402.0,0.0,glioma,4,0.9985547263681598
2087,2,0.0,5581.0,0.0,5602.0,1253.0,0.0,glioma,1,0.9962513388075688
2088,2,0.0,5465.2850000000035,0.0,5487.0,1269.0,0.0,glioma,1,0.9960424640058326
2089,2,0.0,5835.0,0.0,5867.920000000013,1392.0,0.0,glioma,1,0.9943898348989058
2090,2,0.0,5643.0,0.0,5684.0,1417.0,0.0,glioma,1,0.992786769880366
2091,2,0.0,5525.0,0.0,5551.659999999974,1671.0,0.0,glioma,1,0.995197832720308
2092,2,0.0,5521.2850000000035,0.0,5534.0,1437.0,0.0,glioma,1,0.9977023852547892
2093,2,0.0,1641.0,0.0,1643.375,667.0,0.0,glioma,2,0.9985548033771963
2094,2,0.0,1475.0,0.0,1477.1900000000023,695.0,0.0,glioma,2,0.9985174554390415
2095,2,0.0,1544.0,0.0,1534.8150000000023,749.0,0.014919244456611004,glioma,2,1.0059844346061237
2096,2,0.0,1295.0,0.0,1296.6650000000081,704.0,0.0013404825737265416,glioma,2,0.9987159366528686
2097,2,0.0,3454.0,0.0,3454.0,1035.0,0.0,glioma,4,1.0
2098,2,0.0,3842.0,0.0,3847.0,1337.0,0.0,glioma,4,0.9987002859370938
2099,2,0.0,3374.0,0.0,3374.070000000007,825.0,0.0,glioma,4,0.9999792535424555
2100,2,0.0,3913.0,0.0,3914.0,2783.0,0.0,glioma,1,0.9997445068983137
2101,2,0.0,3726.0,0.0,3731.0,1535.0,0.0,glioma,1,0.9986598767086572
2102,2,0.0,4207.0,0.0,4181.764999999985,1926.5,0.051094890510948905,glioma,1,1.0060345332652636
2103,2,0.0,3820.2850000000035,0.0,3821.0,1547.0,0.0,glioma,1,0.999812876210417
2104,2,0.0,5035.2850000000035,0.0,5050.929999999993,1088.0,0.0,glioma,5,0.9969025506193929
2105,2,0.0,4840.0,0.0,4863.0,1235.0,0.0,glioma,5,0.9952704092124203
2106,2,0.0,4970.0,0.0,4990.149999999994,1348.0,0.0,glioma,5,0.9959620452291025
2107,2,0.0,5083.0,0.0,5114.459999999992,1367.0,0.0,glioma,5,0.9938488129734142
2108,2,0.0,5206.0,0.0,5224.0,1449.0,0.0,glioma,5,0.9965543644716692
2109,2,0.0,4091.2850000000035,0.0,4093.0,1332.0,0.0,glioma,5,0.9995809919374551
2110,2,0.0,3727.2850000000035,0.0,3729.5050000000047,895.0,0.0,glioma,5,0.9994047467425299
2111,2,0.0,3753.2850000000035,0.0,3756.040000000008,1069.0,0.0,glioma,5,0.9992665147336012
2112,2,0.0,2004.2850000000035,0.0,2007.0,730.0,0.0,glioma,3,0.9986472346786266
2113,2,0.0,1943.0,0.0,1947.0,757.0,0.0,glioma,3,0.9979455572675912
2114,2,0.0,2206.2850000000035,0.0,2214.0,929.0,0.0,glioma,3,0.9965153568202364
2115,2,0.0,2271.0,0.0,2279.0,898.0,0.0,glioma,3,0.9964896884598509
2116,2,0.0,2361.2850000000035,0.0,2366.0,1044.0,0.0,glioma,3,0.9980071851225712
2117,2,0.0,2275.2850000000035,0.0,2280.0,961.0,0.0,glioma,3,0.9979320175438612
2118,2,0.0,2249.0,0.0,2250.0,1214.0,0.0,glioma,3,0.9995555555555555
2119,2,0.0,2271.0,0.0,2272.0,757.0,0.0,glioma,5,0.9995598591549296
2120,2,0.0,2376.2850000000035,0.0,2377.8399999999965,608.0,0.0,glioma,5,0.9993460451502233
2121,2,0.0,2309.2850000000035,0.0,2310.0,490.5,0.0,glioma,5,0.9996904761904777
2122,2,0.0,2322.0,0.0,2326.0,721.0,0.0,glioma,5,0.998280309544282
2123,2,0.0,2192.0,0.0,2196.0,684.0,0.0,glioma,5,0.9981785063752276
2124,2,0.0,2245.0,0.0,2256.0,717.0,0.0,glioma,5,0.9951241134751773
2125,2,0.0,2118.0,0.0,2128.0,653.0,0.0,glioma,5,0.9953007518796992
2126,2,0.0,2113.0,0.0,2120.0,699.0,0.0,glioma,5,0.9966981132075472
2127,2,0.0,1927.0,0.0,1934.0,655.0,0.0,glioma,5,0.9963805584281282
2128,2,0.0,5061.2850000000035,0.0,5069.0,1043.0,0.0,glioma,1,0.9984780035509969
2129,2,0.0,5473.2850000000035,0.0,5498.0,1280.0,0.0,glioma,1,0.9955047289923615
2130,2,0.0,5154.2850000000035,0.0,5177.274999999994,1186.5,0.0,glioma,1,0.9955594400529254
2131,2,0.0,5300.2850000000035,0.0,5329.0,1294.0,0.0,glioma,1,0.9946115593920066
2132,2,0.0,5221.0,0.0,5283.0,1480.0,0.0003336484457543235,glioma,1,0.9882642438008707
2133,2,0.0,5202.2850000000035,0.0,5227.0,1356.0,0.0,glioma,1,0.9952716663478102
2134,2,0.0,4372.570000000007,0.0,4384.0,1451.0,0.0,glioma,3,0.9973927919708045
2135,2,0.0,4470.0,0.0,4488.0,1475.0,0.0,glioma,3,0.9959893048128342
2136,2,0.0,4187.0,0.0,4194.0,1350.5,0.0,glioma,3,0.9983309489747259
2137,2,0.0,4252.0,0.0,4262.0,1263.0,0.0,glioma,3,0.997653683716565
2138,2,0.0,3901.0,0.0,3914.0,1079.0,0.0005636978579481398,glioma,3,0.9966785896780787
2139,2,0.0,3939.0,0.0,3944.0,1011.0,0.0,glioma,3,0.9987322515212982
2140,2,0.0,3759.0,0.0,3765.734999999986,1160.0,0.0,glioma,3,0.9982115045270084
2141,2,0.0,1481.0,0.0,1481.0,608.0,0.0,glioma,2,1.0
2142,2,0.0,1433.0,0.0,1433.0,489.0,0.0,glioma,2,1.0
2143,2,0.0,1567.0,0.0,1552.0,480.0,0.025004529806124297,glioma,2,1.0096649484536082
2144,2,0.0,2240.0,0.0,2242.0,809.0,0.0,glioma,1,0.9991079393398751
2145,2,0.0,2055.0,0.0,2056.0,743.0,0.0,glioma,1,0.9995136186770428
2146,2,0.0,2086.0,0.0,2087.0,759.0,0.0,glioma,3,0.9995208433157643
2147,2,0.0,2101.0,0.0,2104.0,901.0,0.0,glioma,3,0.998574144486692
2148,2,0.0,2124.0,0.0,2124.0,1104.0,0.0,glioma,3,1.0
2149,2,0.0,2178.0,0.0,2179.0,1176.0,0.0,glioma,3,0.9995410738871042
2150,2,0.0,2315.0,0.0,2317.0,738.0,0.0,glioma,3,0.9991368148467846
2151,2,0.0,2487.0,0.0,2488.0,800.0,0.0,glioma,3,0.9995980707395499
2152,2,0.0,2536.2850000000035,0.0,2537.125,795.0,0.0,glioma,3,0.9996689165886598
2153,2,0.0,3670.2850000000035,0.0,3671.6849999999977,902.0,0.0,glioma,2,0.9996187036742002
2154,2,0.0,3685.0,0.0,3688.9899999999907,864.0,0.0,glioma,2,0.9989184031401575
2155,2,0.0,4004.2850000000035,0.0,4008.720000000001,1382.0,0.0,glioma,2,0.998893661817239
2156,2,0.0,3796.0,0.0,3812.0,1074.0,0.0,glioma,2,0.9958027282266527
2157,2,0.0,3600.0,0.0,3606.0,1469.0,0.0,glioma,2,0.9983361064891847
2158,2,0.0,3981.0,0.0,3982.8699999999953,816.0,0.0,glioma,2,0.9995304893205162
2159,2,0.0,4134.2850000000035,0.0,4138.630000000005,959.0,0.0,glioma,2,0.9989501356729157
2160,2,0.0,4514.2850000000035,0.0,4521.065000000002,1071.0,0.0,glioma,2,0.9985003533459487
2161,2,0.0,4741.0,0.0,4762.9649999999965,1144.0,0.0,glioma,2,0.9953883767779111
2162,2,0.0,4986.570000000007,0.0,5019.404999999999,1115.0,0.0,glioma,2,0.9934583879961885
2163,2,0.0,4604.0,0.0,4638.0,1071.0,0.0,glioma,2,0.9926692539887882
2164,2,0.0,4309.0,0.0,4338.559999999998,1154.0,0.0,glioma,2,0.9931866794512471
2165,2,0.0,4003.0,0.0,4036.2149999999965,1120.0,0.0,glioma,2,0.9917707555221918
2166,2,0.0,4695.2850000000035,0.0,4700.0,1489.5,0.0,glioma,2,0.998996808510639
2167,2,0.0,4698.0,0.0,4702.0,1379.0,0.0,glioma,2,0.9991492981709911
2168,2,0.0,4752.0,0.0,4752.0,2591.0,0.0,glioma,2,1.0
2169,2,0.0,4751.0,0.0,4752.125,2404.5,0.0,glioma,2,0.9997632638030355
2170,2,0.0,4730.0,0.0,4733.0,2108.5,0.0,glioma,2,0.999366152545954
2171,2,0.0,4519.2850000000035,0.0,4528.0,1463.0,0.0,glioma,2,0.9980753091872799
2172,2,0.0,4379.0,0.0,4383.0,1525.5,0.0,glioma,2,0.999087383070956
2173,2,0.0,4290.0,0.0,4293.0,1500.0,0.0,glioma,2,0.9993011879804332
2174,2,0.0,6553.2850000000035,0.0,6567.0,2474.0,0.0,glioma,4,0.9979115273336384
2175,2,0.0,6787.0,0.0,6802.0,2426.0,0.0,glioma,4,0.997794766245222
2176,2,0.0,6846.140000000014,0.0,6868.3550000000105,2349.0,0.0,glioma,4,0.9967656010791527
2177,2,0.0,7148.0,0.0,7159.0,2376.0,0.0,glioma,4,0.9984634725520324
2178,2,0.0,6964.0,0.0,6997.0,2288.0,0.0,glioma,4,0.9952836930112906
2179,2,0.0,4736.0,0.0,4742.045000000013,2043.5,0.0,glioma,2,0.9987252335226653
2180,2,0.0,4785.0,0.0,4793.0,1600.0,0.0007479431563201197,glioma,2,0.9983308992280409
2181,2,0.0,5076.2850000000035,0.0,5085.0,1508.0,0.0,glioma,2,0.998286135693216
2182,2,0.0,5306.0,0.0,5317.0,1845.5,0.0,glioma,2,0.9979311641903329
2183,2,0.0,5546.2850000000035,0.0,5584.0,1857.0,0.0,glioma,2,0.9932458810888258
2184,2,0.0,5344.0,0.0,5356.954999999987,1867.0,0.0009374267635340989,glioma,2,0.9975816485298108
2185,2,0.0,5511.2850000000035,0.0,5518.0,1117.0,0.0,glioma,2,0.9987830735773837
2186,2,0.0,6745.2850000000035,0.0,6749.984999999986,2684.5,0.0,glioma,4,0.9993037021563778
2187,2,0.0,6609.2850000000035,0.0,6625.0,3285.0,0.0,glioma,4,0.9976279245283024
2188,2,0.0,6429.0,0.0,6440.0,3025.0,0.0023325558147284237,glioma,4,0.9982919254658386
2189,2,0.0,6512.0,0.0,6533.184999999998,2954.0,0.0,glioma,4,0.9967573243372111
2190,2,0.0,6465.570000000007,0.0,6504.0,3029.0,0.0,glioma,4,0.9940913284132852
2191,2,0.0,6308.2850000000035,0.0,6329.0,2696.0,0.0,glioma,4,0.9967269710854801
2192,2,0.0,6088.570000000007,0.0,6110.0,2957.0,0.0,glioma,4,0.9964926350245511
2193,2,0.0,5729.0,0.0,5743.0,2836.0,0.0,glioma,4,0.9975622496952812
2194,2,0.0,5473.2850000000035,0.0,5488.0,2988.0,0.0,glioma,4,0.9973186953352776
2195,2,0.0,5291.2850000000035,0.0,5298.0,2755.0,0.0,glioma,4,0.9987325405813521
2196,2,0.0,4571.0,0.0,4573.834999999992,2401.0,0.0,glioma,5,0.9993801700323707
2197,2,0.0,4970.0,0.0,4972.0,2558.0,0.0,glioma,5,0.999597747385358
2198,2,0.0,5318.0,0.0,5328.0,2303.0,0.0,glioma,5,0.9981231231231231
2199,2,0.0,5690.2850000000035,0.0,5705.0,2477.0,0.0,glioma,5,0.9974206836108682
2200,2,0.0,5619.0,0.0,5627.0,2613.0,0.0,glioma,5,0.998578283277057
2201,2,0.0,5551.0,0.0,5555.0,2386.0,0.0,glioma,5,0.9992799279927993
2202,2,0.0,5354.0,0.0,5362.0,2107.5,0.0,glioma,5,0.9985080193957478
2203,2,0.0,5182.0,0.0,5187.0,2061.0,0.002088617037147546,glioma,5,0.9990360516676307
2204,2,0.0,4907.2850000000035,0.0,4911.0,1959.0,0.0,glioma,5,0.9992435349216052
2205,2,0.0,4965.2850000000035,0.0,4970.720000000001,1926.0,0.0,glioma,5,0.9989065970322212
2206,2,0.0,5878.2850000000035,0.0,5880.0,1520.0,0.0,glioma,3,0.999708333333334
2207,2,0.0,6253.0,0.0,6256.0,1228.5,0.0,glioma,3,0.9995204603580563
2208,2,0.0,6588.2850000000035,0.0,6610.0,2223.0,0.0,glioma,3,0.9967148260211806
2209,2,0.0,7021.0,0.0,7037.420000000013,2138.0,0.0,glioma,3,0.997666758556401
2210,2,0.0,7288.0,0.0,7319.654999999999,2307.0,0.0,glioma,3,0.9956753426220226
2211,2,0.0,7214.0,0.0,7235.0,2471.0,0.0,glioma,3,0.9970974429854872
2212,2,0.0,7234.570000000007,0.0,7252.0,2545.0,0.0,glioma,3,0.9975965250965261
2213,2,0.0,6970.0,0.0,6980.709999999992,2603.0,0.0,glioma,3,0.9984657721062768
2214,2,0.0,6757.0,0.0,6762.0,2554.0,0.0,glioma,3,0.9992605737947353
2215,2,0.0,6677.0,0.0,6679.059999999998,2583.0,0.0,glioma,3,0.9996915733651146
2216,2,0.0,6095.2850000000035,0.0,6106.0,2260.0,0.0,glioma,5,0.9982451686865385
2217,2,0.0,6143.0,0.0,6155.0,2424.0,0.0,glioma,5,0.9980503655564582
2218,2,0.0,5753.0,0.0,5760.0,2174.0,0.0,glioma,5,0.9987847222222223
2219,2,0.0,5822.0,0.0,5842.0,1901.0,0.0,glioma,5,0.9965765148921603
2220,2,0.0,5474.0,0.0,5498.674999999988,1949.0,0.0,glioma,5,0.9955125552974147
2221,2,0.0,5418.0,0.0,5430.195000000007,1955.5,0.0,glioma,5,0.9977542242958113
2222,2,0.0,5039.2850000000035,0.0,5049.0,1964.0,0.0,glioma,5,0.9980758566052691
2223,2,0.0,4990.0,0.0,5004.9649999999965,2030.5,0.0,glioma,5,0.9970099691006837
2224,2,0.0,5120.2850000000035,0.0,5114.994999999995,2670.0,0.009393680614859094,glioma,3,1.0010342141096928
2225,2,0.0,4738.570000000007,0.0,4757.139999999985,1743.0,0.00028690288337397793,glioma,3,0.996096394051893
2226,2,0.0,4651.2850000000035,0.0,4666.454999999987,1808.0,0.00034281796366129587,glioma,3,0.9967491382644891
2227,2,0.0,4221.2850000000035,0.0,4230.0,1622.0,0.0,glioma,3,0.9979397163120576
2228,2,0.0,4286.2850000000035,0.0,4294.0,1536.0,0.0,glioma,3,0.998203306939917
2229,2,0.0,3946.0,0.0,3947.975000000006,1367.0,0.0,glioma,3,0.999499743539408
2230,2,0.0,3019.0,0.0,3034.959999999992,1127.0,0.0,glioma,5,0.9947412815984422
2231,2,0.0,2994.0,0.0,3003.0,1137.0,0.0,glioma,5,0.997002997002997
2232,2,0.0,3139.2850000000035,0.0,3150.0,1155.0,0.0,glioma,5,0.9965984126984138
2233,2,0.0,3131.2850000000035,0.0,3138.0,828.0,0.0006418485237483953,glioma,5,0.9978601019757819
2234,2,0.0,3056.0,0.0,3061.0,856.0,0.0,glioma,5,0.9983665468801045
2235,2,0.0,2893.0,0.0,2904.0,738.0,0.00013292569453675395,glioma,5,0.9962121212121212
2236,2,0.0,2840.0,0.0,2849.0,825.0,0.0,glioma,5,0.9968409968409968
2237,2,0.0,2910.2850000000035,0.0,2913.0,1203.5,0.0,glioma,1,0.9990679711637499
2238,2,0.0,2897.0,0.0,2902.6849999999977,1039.0,0.0,glioma,1,0.998041468502439
2239,2,0.0,2589.0,0.0,2593.1149999999907,944.0,0.0,glioma,1,0.9984131054735363
2240,2,0.0,2449.0,0.0,2452.0,959.0,0.0,glioma,1,0.9987765089722676
2241,2,0.0,1571.0,0.0,1576.0,864.0,0.0013845185651353053,glioma,4,0.9968274111675127
2242,2,0.0,2736.0,0.0,2748.0,1205.0,0.0,glioma,2,0.9956331877729258
2243,2,0.0,2697.0,0.0,2707.0599999999977,1335.0,0.0,glioma,2,0.9962837912717126
2244,2,0.0,2561.0,0.0,2562.0,1199.0,0.0,glioma,1,0.9996096799375488
2245,2,0.0,2487.0,0.0,2487.704999999987,1220.5,0.0035629453681710215,glioma,1,0.9997166062696392
2246,2,0.0,2555.0,0.0,2556.1900000000023,1189.0,0.0,glioma,1,0.999534463400607
2247,2,0.0,1730.0,0.0,1731.0,558.0,0.0,glioma,5,0.9994222992489891
2248,2,0.0,1740.2850000000035,0.0,1744.0,584.0,0.0,glioma,5,0.9978698394495433
2249,2,0.0,1594.0,0.0,1597.0,575.0,0.0,glioma,5,0.9981214777708203
2250,2,0.0,2914.0,0.0,2920.2600000000093,985.0,0.0,glioma,4,0.9978563552560357
2251,2,0.0,2927.2850000000035,0.0,2934.0,799.0,0.0,glioma,4,0.9977113156100899
2252,2,0.0,3021.0,0.0,3027.8800000000047,1060.0,0.0,glioma,4,0.9977277831353936
2253,2,0.0,2957.0,0.0,2962.0,1030.0,0.0,glioma,4,0.9983119513841998
2254,2,0.0,2645.0,0.0,2652.3949999999895,1010.0,0.0012080942313500453,glioma,5,0.9972119537248451
2255,2,0.0,2721.2850000000035,0.0,2731.0,1089.0,0.0015233184907429108,glioma,5,0.9964426949835238
2256,2,0.0,2655.0,0.0,2664.764999999985,1018.0,0.00047080979284369113,glioma,5,0.9963355117618308
2257,2,0.0,2774.2850000000035,0.0,2782.1849999999977,1142.0,0.0,glioma,5,0.997160505142543
2258,2,0.0,2817.0,0.0,2824.0,1130.0,0.00018321729571271528,glioma,5,0.9975212464589235
2259,2,0.0,2914.0,0.0,2919.0,1292.0,0.0,glioma,5,0.9982870846180198
2260,2,0.0,2815.0,0.0,2818.0,1606.5,0.0,glioma,5,0.9989354151880766
2261,2,0.0,2609.2850000000035,0.0,2614.5350000000035,1223.5,0.0009836065573770492,glioma,3,0.997991994752413
2262,2,0.0,2706.2850000000035,0.0,2712.0,1095.0,0.0023509296858303056,glioma,3,0.9978926991150455
2263,2,0.0,2579.0,0.0,2582.0,905.0,0.002898550724637681,glioma,3,0.9988381099922541
2264,2,0.0,2612.2850000000035,0.0,2609.0,943.0,0.006416014371872193,glioma,3,1.0012591031046392
2265,2,0.0,2579.0,0.0,2586.0,923.0,0.001966682091624248,glioma,3,0.997293116782676
2266,2,0.0,2436.0,0.0,2443.0,931.0,0.0001234567901234568,glioma,3,0.997134670487106
2267,2,0.0,2566.2850000000035,0.0,2574.1449999999895,1285.0,0.0,glioma,3,0.9969465589545321
2268,2,0.0,2566.0,0.0,2571.0,1198.0,0.0008027292795504716,glioma,3,0.9980552314274601
2269,2,0.0,2536.2850000000035,0.0,2538.0,1685.0,0.0017761989342806395,glioma,3,0.9993242710795917
2270,2,0.0,3659.0,0.0,3662.875,1321.0,0.0,glioma,2,0.9989420878408354
2271,2,0.0,3638.0,0.0,3649.0,1468.0,0.0,glioma,2,0.9969854754727323
2272,2,0.0,3603.2850000000035,0.0,3611.774999999994,1393.0,0.0,glioma,2,0.997649355233925
2273,2,0.0,3394.0,0.0,3409.0,1279.0,0.0,glioma,2,0.9955998826635377
2274,2,0.0,3421.0,0.0,3427.6849999999977,1334.0,0.0018867924528301887,glioma,2,0.9980497041005817
2275,2,0.0,3277.0,0.0,3281.0,1328.0,0.0028776978417266188,glioma,2,0.9987808594940567
2276,2,0.0,3269.0,0.0,3271.0,1476.5,0.0,glioma,2,0.9993885661877102
2277,2,0.0,3218.0,0.0,3221.0,1289.0,0.0,glioma,2,0.999068612232226
2278,2,0.0,3297.0,0.0,3297.0,1368.0,0.0028544243577545195,glioma,2,1.0
2279,2,0.0,2976.0,0.0,2981.345000000001,837.0,0.0,glioma,1,0.9982071850121333
2280,2,0.0,3143.0,0.0,3150.9099999999744,873.0,0.0,glioma,1,0.9974896141114871
2281,2,0.0,3144.2850000000035,0.0,3148.0,793.0,0.0,glioma,1,0.9988198856416783
2282,2,0.0,3180.2850000000035,0.0,3193.0,803.0,0.0,glioma,1,0.9960178515502673
2283,2,0.0,3075.0,0.0,3085.595000000001,751.0,0.0,glioma,1,0.9965663024473396
2284,2,0.0,3176.0,0.0,3181.0,732.0,0.0,glioma,1,0.9984281672430053
2285,2,0.0,3064.0,0.0,3073.0,943.0,0.0,glioma,1,0.9970712658639765
2286,2,0.0,3354.0,0.0,3356.0,557.0,0.0,glioma,1,0.9994040524433849
2287,2,0.0,3525.0,0.0,3526.0350000000035,787.5,0.0,glioma,1,0.999706469164372
2288,2,0.0,3609.0,0.0,3635.0,1098.0,0.0,glioma,1,0.992847317744154
2289,2,0.0,3657.0,0.0,3676.0,1046.0,0.0,glioma,1,0.9948313384113167
2290,2,0.0,3633.0,0.0,3649.0,1218.5,0.0,glioma,1,0.9956152370512469
2291,2,0.0,3567.2850000000035,0.0,3581.0,1171.0,0.0,glioma,1,0.9961700642278702
2292,2,0.0,3453.2850000000035,0.0,3459.7449999999953,990.0,0.0,glioma,1,0.9981328103660843
2293,2,0.0,3425.2850000000035,0.0,3435.529999999999,1039.0,0.0,glioma,1,0.9970179273649203
2294,2,0.0,3346.0,0.0,3348.0,999.0,0.0,glioma,1,0.9994026284348865
2295,2,0.0,3355.0,0.0,3361.0,992.5,0.0,glioma,1,0.9982148170187444
2296,2,0.0,3427.2850000000035,0.0,3440.0,875.0,0.0,glioma,1,0.9963037790697684
2297,2,0.0,3486.0,0.0,3509.0,991.0,0.0,glioma,1,0.9934454260473069
2298,2,0.0,3474.0,0.0,3496.0,1083.0,0.0,glioma,1,0.9937070938215103
2299,2,0.0,3504.0,0.0,3529.859999999986,1036.0,0.00023228803716608595,glioma,1,0.9926739304108417
2300,2,0.0,2785.0,0.0,2786.0,1359.0,0.0,glioma,2,0.9996410624551328
2301,2,0.0,2875.0,0.0,2879.0,1089.0,0.0,glioma,2,0.9986106286905175
2302,2,0.0,2968.2850000000035,0.0,2970.0,1181.0,0.0,glioma,2,0.99942255892256
2303,2,0.0,2823.0,0.0,2830.0,1119.0,0.0,glioma,2,0.9975265017667845
2304,2,0.0,2767.0,0.0,2774.0,1231.0,0.0,glioma,2,0.9974765681326604
2305,2,0.0,2880.2850000000035,0.0,2889.929999999993,1156.0,0.0,glioma,2,0.9966625489198736
2306,2,0.0,3037.2850000000035,0.0,3046.0,1192.5,0.0,glioma,2,0.9971388706500339
2307,2,0.0,3171.0,0.0,3175.875,1759.0,0.0,glioma,2,0.9984649899633959
2308,2,0.0,3332.0,0.0,3334.0,1507.5,0.0020301624129930394,glioma,2,0.9994001199760048
2309,2,0.0,3396.0,0.0,3396.0,1586.0,0.005289450484866294,glioma,2,1.0
2310,2,0.0,3145.0,0.0,3145.0,1395.0,0.005349182763744428,glioma,2,1.0
2311,2,0.0,3136.2850000000035,0.0,3143.0,1381.0,0.0,glioma,1,0.9978635062042646
2312,2,0.0,2968.0,0.0,2960.420000000013,1410.0,0.009819268535648214,glioma,1,1.002560447504066
2313,2,0.0,2908.0,0.0,2888.0,1617.5,0.019740552735476594,glioma,1,1.0069252077562327
2314,2,0.0,2823.2850000000035,0.0,2820.570000000007,1730.0,0.007351766022055298,glioma,1,1.0009625713951422
2315,2,0.0,2971.0,0.0,2960.234999999986,2003.5,0.02039355992844365,glioma,1,1.003636535612887
2316,2,0.0,2912.2850000000035,0.0,2922.170000000013,1330.0,0.0,glioma,1,0.9966172399278587
2317,2,0.0,1933.0,0.0,1940.0,452.0,0.0,glioma,4,0.9963917525773196
2318,2,0.0,1971.2850000000035,0.0,1981.0,536.0,0.0,glioma,4,0.9950959111559836
2319,2,0.0,1984.0,0.0,1991.320000000007,314.0,0.0,glioma,4,0.9963240463612042
2320,2,0.0,2054.0,0.0,2059.0,211.0,0.0,glioma,4,0.9975716367168529
2321,2,0.0,3541.0,0.0,3543.0,1127.0,0.0,glioma,4,0.999435506632797
2322,2,0.0,3427.2850000000035,0.0,3430.5650000000023,1045.5,0.0,glioma,4,0.9990438892718841
2323,2,0.0,3340.2850000000035,0.0,3343.0,1044.0,0.0,glioma,4,0.9991878552198634
2324,2,0.0,3294.2850000000035,0.0,3299.8949999999895,1039.0,0.0,glioma,4,0.998299945907374
2325,2,0.0,3314.0,0.0,3316.0599999999977,1049.0,0.0,glioma,4,0.9993787808423257
2326,2,0.0,1930.0,0.0,1935.0,528.5,0.0,glioma,4,0.9974160206718347
2327,2,0.0,2003.0,0.0,2008.0,612.0,0.0,glioma,4,0.9975099601593626
2328,2,0.0,2025.0,0.0,2030.0,593.0,0.0,glioma,4,0.9975369458128078
2329,2,0.0,2030.0,0.0,2038.0,570.0,0.0,glioma,4,0.9960745829244357
2330,2,0.0,1972.0,0.0,1978.0,625.0,0.0,glioma,4,0.9969666329625885
2331,2,0.0,1864.0,0.0,1871.0,603.0,0.0,glioma,4,0.9962586851950829
2332,2,0.0,1811.0,0.0,1815.0,718.0,0.0008107669855683476,glioma,4,0.9977961432506887
2333,2,0.0,2593.0,0.0,2596.0,817.0,0.0,glioma,2,0.99884437596302
2334,2,0.0,2419.0,0.0,2421.0,645.0,0.0,glioma,2,0.9991738950846758
2335,2,0.0,2535.0,0.0,2537.0,769.0,0.0,glioma,2,0.9992116673236106
2336,2,0.0,2359.0,0.0,2364.0,624.0,0.0,glioma,2,0.9978849407783418
2337,2,0.0,2669.0,0.0,2671.0,755.0,0.0,glioma,2,0.9992512167727443
2338,2,0.0,2507.2850000000035,0.0,2511.139999999985,644.0,0.0,glioma,2,0.998464840669982
2339,2,0.0,2757.2850000000035,0.0,2762.0,777.0,0.0,glioma,2,0.9982929036929774
2340,2,0.0,2616.2850000000035,0.0,2623.0,707.0,0.0,glioma,2,0.9974399542508591
2341,2,0.0,2863.0,0.0,2865.0,901.0,0.0,glioma,2,0.9993019197207679
2342,2,0.0,2638.0,0.0,2642.0,1176.0,0.0004214667041303737,glioma,5,0.9984859954579863
2343,2,0.0,2487.0,0.0,2489.0,1079.0,0.0035655163631733095,glioma,5,0.9991964644435516
2344,2,0.0,1669.0,0.0,1643.0,807.0,0.01969724603319351,glioma,4,1.0158247108947047
2345,2,0.0,1462.0,0.0,1432.7149999999965,641.0,0.02594462824307853,glioma,4,1.020440213161727
2346,2,0.0,1703.0,0.0,1662.0,768.0,0.04749885268471776,glioma,4,1.0246690734055355
2347,2,0.0,1369.0,0.0,1348.0,885.0,0.0344735435595938,glioma,4,1.0155786350148368
2348,2,0.0,1594.2850000000035,0.0,1565.5100000000093,1196.0,0.07515451174289246,glioma,4,1.0183805916282835
2349,2,0.0,5507.0,0.0,5514.099999999977,2175.0,0.0,glioma,4,0.9987123918681241
2350,2,0.0,4604.0,0.0,4606.0,1365.0,0.0,glioma,2,0.9995657837603127
2351,2,0.0,4263.0,0.0,4269.0,1762.0,0.0,glioma,2,0.9985945186226283
2352,2,0.0,3288.0,0.0,3291.0,1558.0,0.0,glioma,2,0.9990884229717412
2353,2,0.0,3115.0,0.0,3125.0,1391.0,0.0,glioma,2,0.9968
2354,2,0.0,4022.0,0.0,4046.0,1421.0,0.001507338357794526,glioma,2,0.9940682155215027
2355,2,0.0,4142.0,0.0,4170.0,1575.0,0.00016025641025641026,glioma,2,0.9932853717026379
2356,2,0.0,3897.2850000000035,0.0,3913.0,1565.0,0.001355993491231242,glioma,2,0.99598389982111
2357,2,0.0,4133.0,0.0,4147.0,1650.0,0.0019039376893119863,glioma,2,0.9966240655895828
2358,2,0.0,3892.2850000000035,0.0,3902.0,1556.0,0.0020713680444402597,glioma,2,0.9975102511532556
2359,2,0.0,3876.0,0.0,3876.3850000000093,1584.0,0.004682779456193354,glioma,2,0.9999006806599424
2360,2,0.0,3517.2850000000035,0.0,3526.0,1608.0,0.0007980845969672786,glioma,2,0.9975283607487248
2361,2,0.0,3341.0,0.0,3349.264999999985,1375.0,0.0007898894154818325,glioma,2,0.9975322943989249
2362,2,0.0,5929.2850000000035,0.0,5934.0,2589.0,0.0,glioma,2,0.9992054263565897
2363,2,0.0,6122.0,0.0,6122.0,1441.0,0.0,glioma,2,1.0
2364,2,0.0,5766.0,0.0,5768.0,2073.5,0.0,glioma,2,0.9996532593619972
2365,2,0.0,6219.0,0.0,6226.039999999979,2611.0,0.0,glioma,2,0.9988692652151321
2366,2,0.0,6829.0,0.0,6842.0,2633.0,0.0,glioma,2,0.9980999707687811
2367,2,0.0,6677.0,0.0,6685.0,2582.0,0.0030292230933713473,glioma,2,0.9988032909498878
2368,2,0.0,6881.0,0.0,6894.059999999998,2341.0,0.002414113277623027,glioma,2,0.9981056155589018
2369,2,0.0,6808.0,0.0,6781.744999999995,1932.0,0.008910312591294186,glioma,2,1.0038714224731253
2370,2,0.0,6948.2850000000035,0.0,6894.0,2363.0,0.010881861768033184,glioma,2,1.0078742384682338
2371,2,0.0,6625.0,0.0,6649.725000000006,1680.0,0.0006456611570247934,glioma,2,0.9962818011271134
2372,2,0.0,6428.2850000000035,0.0,6435.0,2196.0,0.0,glioma,2,0.9989564879564885
2373,2,0.0,4626.0,0.0,4627.0,1345.5,0.0,glioma,4,0.9997838772422736
2374,2,0.0,4896.0,0.0,4898.0,1184.0,0.0,glioma,4,0.9995916700694161
2375,2,0.0,4735.2850000000035,0.0,4737.684999999998,1333.5,0.0,glioma,4,0.9994934234758127
2376,2,0.0,4906.0,0.0,4925.0,1735.0,0.0,glioma,4,0.9961421319796955
2377,2,0.0,5278.2850000000035,0.0,5295.0,1913.0,0.0,glioma,4,0.9968432483474983
2378,2,0.0,5076.0,0.0,5087.195000000007,1778.0,0.0,glioma,4,0.9977993766702462
2379,2,0.0,5266.0,0.0,5284.0,1810.0,0.0012204335444877085,glioma,4,0.9965934897804694
2380,2,0.0,5063.0,0.0,5039.149999999994,1524.0,0.009367072139465296,glioma,4,1.004732941071412
2381,2,0.0,5185.0,0.0,5182.0,1473.0,0.005663374542440776,glioma,4,1.000578927055191
2382,2,0.0,4832.0,0.0,4853.010000000009,1362.0,0.0,glioma,4,0.9956707280636122
2383,2,0.0,4780.2850000000035,0.0,4783.0,1222.5,0.0,glioma,4,0.9994323646247133
2384,2,0.0,4621.2850000000035,0.0,4629.195000000007,1239.0,0.0,glioma,2,0.9982912795853267
2385,2,0.0,4606.0,0.0,4621.0,1211.0,0.0,glioma,2,0.99675394936161
2386,2,0.0,5076.2850000000035,0.0,5096.0,1349.0,0.0,glioma,2,0.9961312794348516
2387,2,0.0,4938.0,0.0,4965.0,1261.0,0.0006727211570803902,glioma,2,0.9945619335347432
2388,2,0.0,5276.0,0.0,5316.0,1477.0,0.0005182689816014512,glioma,2,0.9924755455229496
2389,2,0.0,4959.0,0.0,4976.0,1608.0,8.688097306689835e-05,glioma,2,0.9965836012861736
2390,2,0.0,5030.0,0.0,5047.0,1793.0,0.0,glioma,2,0.9966316623736874
2391,2,0.0,4784.2850000000035,0.0,4799.0,1778.0,0.00030009002700810244,glioma,2,0.9969337361950413
2392,2,0.0,4423.0,0.0,4435.0,1568.5,0.0003333333333333333,glioma,2,0.9972942502818489
2393,2,0.0,4443.2850000000035,0.0,4452.0,1679.0,0.0005675368898978433,glioma,2,0.9980424528301894
2394,2,0.0,5372.2850000000035,0.0,5390.244999999995,2123.0,0.0,glioma,4,0.9966680549770944
2395,2,0.0,5219.2850000000035,0.0,5232.0,2073.0,0.0,glioma,4,0.9975697629969426
2396,2,0.0,5300.2850000000035,0.0,5321.945000000007,1971.0,0.0,glioma,4,0.9959300594049725
2397,2,0.0,4979.0,0.0,4987.0,1940.0,0.0,glioma,4,0.998395829155805
2398,2,0.0,4984.0,0.0,5006.2850000000035,2042.0,0.0,glioma,4,0.995548595415562
2399,2,0.0,4639.0,0.0,4667.239999999991,1857.0,0.0,glioma,4,0.9939493147984696
2400,2,0.0,4323.0,0.0,4329.0,1855.0,0.0,glioma,4,0.9986139986139986
2401,2,0.0,4334.2850000000035,0.0,4345.0,1908.0,0.0,glioma,4,0.9975339470655934
2402,2,0.0,4098.0,0.0,4101.204999999987,1824.0,0.0,glioma,4,0.9992185223611141
2403,2,0.0,2849.0,0.0,2838.0,1251.0,0.023538344722854973,glioma,1,1.003875968992248
2404,2,0.0,2715.0,0.0,2679.795000000013,1175.0,0.05338859093125305,glioma,1,1.013137198927525
2405,2,0.0,2979.2850000000035,0.0,2936.0,1673.0,0.05104895104895105,glioma,1,1.0147428474114453
2406,2,0.0,2904.0,0.0,2827.984999999986,1714.0,0.10320855614973262,glioma,1,1.0268795626568084
2407,2,0.0,3064.0,0.0,2974.0,1941.0,0.1023749135347014,glioma,1,1.0302622730329523
2408,2,0.0,2996.0,0.0,2934.4249999999884,1835.0,0.0808051341890315,glioma,1,1.020983668009921
2409,2,0.0,3022.0,0.0,3024.0,1415.0,0.0,glioma,1,0.9993386243386243
2410,2,0.0,2645.0,0.0,2645.0,1073.0,0.004786120251271313,glioma,1,1.0
2411,2,0.0,2847.2850000000035,0.0,2843.649999999994,1357.0,0.008659021764568219,glioma,1,1.0012782867089864
2412,2,0.0,2648.2850000000035,0.0,2643.0,1462.0,0.011530912659470068,glioma,1,1.0019996216420748
2413,2,0.0,2790.2850000000035,0.0,2793.0,1358.0,0.0007957559681697613,glioma,1,0.999027926960259
2414,2,0.0,2530.0,0.0,2532.0,1047.0,0.0,glioma,1,0.9992101105845181
2415,2,0.0,2774.0,0.0,2781.0,1147.0,0.0,glioma,5,0.997482919813017
2416,2,0.0,2777.0,0.0,2781.0,1161.0,0.0,glioma,5,0.998561668464581
2417,2,0.0,2930.2850000000035,0.0,2937.0,1140.0,0.0,glioma,5,0.9977136533878119
2418,2,0.0,2990.2850000000035,0.0,3000.334999999992,1116.0,0.0002079002079002079,glioma,5,0.9966503740415692
2419,2,0.0,2973.0,0.0,2979.1050000000105,1182.0,0.0,glioma,5,0.9979507268122438
2420,2,0.0,3085.2850000000035,0.0,3091.7449999999953,1140.0,0.0,glioma,5,0.9979105650692435
2421,2,0.0,2997.2850000000035,0.0,3011.0,905.0,0.0,glioma,5,0.9954450348721366
2422,2,0.0,3079.2850000000035,0.0,3085.0,893.0,0.002821206065593041,glioma,5,0.9981474878444095
2423,2,0.0,3037.0,0.0,3050.0,859.0,0.00039693040486901297,glioma,5,0.9957377049180328
2424,2,0.0,3252.0,0.0,3272.0,1189.0,0.0,glioma,5,0.9938875305623472
2425,2,0.0,3306.0,0.0,3331.6849999999977,1117.0,0.0,glioma,5,0.9922906877450907
2426,2,0.0,3169.0,0.0,3173.0,1411.0,0.00028514399771884804,glioma,5,0.9987393633785061
2427,2,0.0,3397.0,0.0,3368.0,1847.0,0.027858762552640103,glioma,5,1.0086104513064134
2428,2,0.0,3465.0,0.0,3443.0,1746.5,0.016864175022789425,glioma,5,1.0063897763578276
2429,2,0.0,3463.0,0.0,3467.0,1449.0,0.0032968679754233478,glioma,5,0.9988462647822325
2430,2,0.0,3226.0,0.0,3241.024999999994,1214.0,0.00017397355601948505,glioma,5,0.9953641209185383
2431,2,0.0,3327.0,0.0,3328.0,1240.0,0.004105243515581265,glioma,5,0.9996995192307693
2432,2,0.0,3305.0,0.0,3297.0,1148.0,0.012255386440007907,glioma,5,1.002426448286321
2433,2,0.0,3445.0,0.0,3449.0,1304.0,0.0,glioma,5,0.9988402435488547
2434,2,0.0,3354.2850000000035,0.0,3359.0,1227.0,0.0,glioma,5,0.9985963084251276
2435,2,0.0,2557.0,0.0,2563.0,1181.5,0.0006750675067506751,glioma,2,0.9976589933671479
2436,2,0.0,2443.0,0.0,2442.0,1018.0,0.0056461731493099125,glioma,2,1.0004095004095004
2437,2,0.0,2540.0,0.0,2544.0,957.0,0.002085377821393523,glioma,2,0.9984276729559748
2438,2,0.0,2448.0,0.0,2450.8949999999895,820.0,0.0031614305473226635,glioma,2,0.9988187988469561
2439,2,0.0,2569.0,0.0,2579.165000000008,947.0,0.0009279881217520415,glioma,2,0.9960588019766056
2440,2,0.0,2471.0,0.0,2478.0,862.0,0.0019040710853205187,glioma,2,0.9971751412429378
2441,2,0.0,2644.2850000000035,0.0,2656.0,1004.0,0.001591564707052621,glioma,2,0.9955892319277122
2442,2,0.0,4946.2850000000035,0.0,4955.0,2257.0,0.0,glioma,4,0.998241170534814
2443,2,0.0,2904.0,0.0,2914.0,1175.0,0.0,glioma,5,0.9965682910089224
2444,2,0.0,2971.2850000000035,0.0,2979.0,1041.0,0.0023039705091774825,glioma,5,0.9974102047667014
2445,2,0.0,3058.0,0.0,3065.0,1244.0,0.0022996057818659658,glioma,5,0.9977161500815661
2446,2,0.0,3178.0,0.0,3186.0,1268.0,0.0022105343395075845,glioma,5,0.997489014438167
2447,2,0.0,3241.2850000000035,0.0,3251.0,1426.0,0.0,glioma,5,0.9970116887111669
2448,2,0.0,3103.0,0.0,3113.0,1445.0,0.0,glioma,5,0.9967876646321876
2449,2,0.0,3156.2850000000035,0.0,3165.2699999999895,1383.0,0.0,glioma,5,0.9971613795979534
2450,2,0.0,3103.0,0.0,3108.0,1218.0,0.0024704065877509005,glioma,5,0.9983912483912484
2451,2,0.0,3156.0,0.0,3150.0,1286.0,0.010897435897435897,glioma,5,1.0019047619047619
2452,2,0.0,3158.0,0.0,3159.0,1260.0,0.0032193158953722333,glioma,5,0.9996834441278886
2453,2,0.0,4193.2850000000035,0.0,4205.0,1532.0,0.0,glioma,3,0.9972140309155775
2454,2,0.0,4303.0,0.0,4323.0,1460.0,0.0,glioma,3,0.9953735831598427
2455,2,0.0,4297.0,0.0,4313.0,1485.0,0.0006014262393676433,glioma,3,0.9962902851843265
2456,2,0.0,4345.0,0.0,4365.0,1602.0,0.0008483978333224565,glioma,3,0.995418098510882
2457,2,0.0,4250.2850000000035,0.0,4272.0,1623.0,0.0006362222536406051,glioma,3,0.9949169007490645
2458,2,0.0,4119.0,0.0,4129.0,1587.0,0.0015371102327624067,glioma,3,0.9975781060789537
2459,2,0.0,4145.0,0.0,4152.0,1587.0,0.002024619371558147,glioma,3,0.9983140655105973
2460,2,0.0,4124.0,0.0,4124.0,1572.0,0.005125458996328029,glioma,3,1.0
2461,2,0.0,4211.0,0.0,4197.0,1713.0,0.022308979364194088,glioma,3,1.0033357159876102
2462,2,0.0,4157.570000000007,0.0,4153.0,1767.0,0.011195700850873265,glioma,3,1.0011004093426457
2463,2,0.0,4264.0,0.0,4267.0,1159.5,0.0,glioma,5,0.9992969299273494
2464,2,0.0,4345.0,0.0,4356.0,1385.0,0.0,glioma,5,0.9974747474747475
2465,2,0.0,4243.0,0.0,4253.0,1213.0,0.0,glioma,5,0.9976487185516106
2466,2,0.0,4365.0,0.0,4371.0,1375.0,0.0,glioma,5,0.9986273164035689
2467,2,0.0,4429.0,0.0,4434.0,1361.5,0.0,glioma,5,0.998872350022553
2468,2,0.0,4731.0,0.0,4733.755000000005,1244.0,0.0,glioma,5,0.9994180095928065
2469,2,0.0,4839.0,0.0,4840.0,1199.0,0.0,glioma,5,0.9997933884297521
2470,2,0.0,3920.0,0.0,3921.959999999992,1339.0,0.0,glioma,3,0.9995002498750646
2471,2,0.0,3940.0,0.0,3942.0,1384.0,0.0,glioma,3,0.9994926433282597
2472,2,0.0,4096.0,0.0,4112.0,1535.0,0.00020563438206868187,glioma,3,0.9961089494163424
2473,2,0.0,4285.2850000000035,0.0,4297.154999999999,1339.0,0.0,glioma,3,0.9972377072737671
2474,2,0.0,4502.570000000007,0.0,4511.0,1486.5,0.0,glioma,3,0.9981312347594784
2475,2,0.0,4289.0,0.0,4295.154999999999,1342.5,0.0,glioma,3,0.9985669900154944
2476,2,0.0,1889.0,0.0,1877.0,1564.5,0.07686676427525622,glioma,5,1.006393180607352
2477,2,0.0,1975.0,0.0,1934.0,1247.0,0.12841854934601665,glioma,5,1.0211995863495347
2478,2,0.0,2081.2850000000035,0.0,2082.8550000000105,601.0,0.003769520732364028,glioma,5,0.9992462269337006
2479,2,0.0,2058.0,0.0,2003.0,853.0,0.09887250650477017,glioma,5,1.0274588117823265
2480,2,0.0,2034.2850000000035,0.0,1963.0,830.5,0.11376352107422603,glioma,5,1.0363143148242504
2481,2,0.0,1943.0,0.0,1904.875,923.0,0.0901080159181353,glioma,5,1.0200144366428243
2482,2,0.0,1988.0,0.0,1951.0,1115.0,0.08456940447199468,glioma,5,1.0189646335212712
2483,2,0.0,1926.0,0.0,1915.0,1054.0,0.03215207697723539,glioma,5,1.0057441253263708
2484,2,0.0,1938.0,0.0,1941.0799999999872,825.0,0.0,glioma,5,0.9984132544768958
2485,2,0.0,1912.0,0.0,1915.0,575.0,0.0,glioma,5,0.9984334203655353
2486,2,0.0,2000.2850000000035,0.0,2004.0,658.0,0.001100594320933304,glioma,5,0.9981462075848321
2487,2,0.0,1457.0,0.0,1459.0,842.0,0.0008357709987463436,glioma,4,0.9986291980808774
2488,2,0.0,1661.0,0.0,1666.0,798.0,0.0008740167311774254,glioma,4,0.996998799519808
2489,2,0.0,1377.0,0.0,1374.8349999999919,532.0,0.006011372867587328,glioma,4,1.0015747344226822
2490,2,0.0,1665.0,0.0,1653.0,613.0,0.012404507979729218,glioma,4,1.0072595281306715
2491,2,0.0,1443.0,0.0,1427.0,558.0,0.015256392145783303,glioma,4,1.0112123335669236
2492,2,0.0,1543.0,0.0,1529.0,776.0,0.0171478014630693,glioma,4,1.0091563113145847
2493,2,0.0,1390.0,0.0,1392.0,689.0,0.0039237057220708445,glioma,4,0.9985632183908046
2494,2,0.0,1606.0,0.0,1608.0,834.0,0.0,glioma,4,0.9987562189054726
2495,2,0.0,1457.0,0.0,1459.0,698.0,0.0,glioma,4,0.9986291980808774
2496,2,0.0,3679.0,0.0,3680.0,959.0,0.0,glioma,4,0.9997282608695652
2497,2,0.0,3966.0,0.0,3967.4400000000023,1114.0,0.0,glioma,4,0.9996370455507828
2498,2,0.0,3947.2850000000035,0.0,3953.0,1403.0,0.0,glioma,4,0.998554262585379
2499,2,0.0,2858.2850000000035,0.0,2860.0,598.0,0.0,glioma,2,0.9994003496503508
2500,2,0.0,3232.2850000000035,0.0,3238.0750000000116,790.5,0.0,glioma,2,0.998211900589082
2501,2,0.0,3244.2850000000035,0.0,3252.545000000013,957.0,0.0,glioma,2,0.997460450201301
2502,2,0.0,3234.2850000000035,0.0,3243.0,879.0,0.0,glioma,2,0.9973126734505099
2503,2,0.0,3346.0,0.0,3352.0,1036.5,0.0,glioma,2,0.9982100238663485
2504,2,0.0,3114.0,0.0,3127.0,1053.0,0.0,glioma,2,0.9958426606971538
2505,2,0.0,2847.0,0.0,2852.0,1403.0,0.001967950520101209,glioma,2,0.9982468443197756
2506,2,0.0,2951.0,0.0,2953.3949999999895,1647.0,0.00045004500450045,glioma,2,0.9991890688512747
2507,2,0.0,2869.0,0.0,2870.0,673.0,0.0,glioma,2,0.9996515679442509
2508,2,0.0,3011.0,0.0,3012.0,843.0,0.0,glioma,2,0.999667994687915
2509,2,0.0,4626.0,0.0,4636.0,1674.0,0.0,glioma,2,0.9978429680759275
2510,2,0.0,4722.0,0.0,4731.0,1748.0,0.0,glioma,2,0.9980976537729866
2511,2,0.0,4885.0,0.0,4887.0,1162.0,0.0,glioma,2,0.9995907509719665
2512,2,0.0,5212.0,0.0,5215.0,1274.0,0.0,glioma,2,0.999424736337488
2513,2,0.0,5297.2850000000035,0.0,5301.0,1215.5,0.0,glioma,2,0.9992991888322964
2514,2,0.0,5708.0,0.0,5713.0,1283.0,0.0,glioma,2,0.9991248030806932
2515,2,0.0,6274.0,0.0,6279.0,1299.0,0.0,glioma,2,0.9992036948558688
2516,2,0.0,4731.0,0.0,4730.0,1742.0,0.005823122649520805,glioma,2,1.0002114164904863
2517,2,0.0,4829.0,0.0,4842.0,1971.0,0.0,glioma,2,0.9973151590251962
2518,2,0.0,5029.0,0.0,5033.6600000000035,1789.0,0.0014388489208633094,glioma,2,0.9990742322683687
2519,2,0.0,5165.0,0.0,5166.0,1574.0,0.003883495145631068,glioma,2,0.999806426635695
2520,2,0.0,4921.0,0.0,4924.0,1937.0,0.0038153003326159263,glioma,2,0.9993907392363932
2521,2,0.0,4852.0,0.0,4797.0,2046.0,0.029848834230079425,glioma,2,1.0114654992703773
2522,2,0.0,4760.0,0.0,4763.135000000009,1093.0,0.0007782101167315176,glioma,2,0.9993418200407905
2523,2,0.0,4909.2850000000035,0.0,4911.0,1204.0,0.0,glioma,2,0.9996507839543888
2524,2,0.0,3054.0,0.0,3058.0,1529.0,0.0,glioma,2,0.9986919555264879
2525,2,0.0,3171.0,0.0,3176.0,1581.5,0.0012699564586357039,glioma,2,0.9984256926952141
2526,2,0.0,3185.2850000000035,0.0,3189.570000000007,1352.0,0.0033333333333333335,glioma,2,0.9986565587210804
2527,2,0.0,3293.0,0.0,3315.6149999999907,1262.0,0.0,glioma,2,0.9931792442729356
2528,2,0.0,3077.0,0.0,3095.0,1169.0,0.0,glioma,2,0.9941841680129241
2529,2,0.0,3204.570000000007,0.0,3217.0,1412.5,0.0,glioma,2,0.9961361516941272
2530,2,0.0,3325.0,0.0,3329.0,1508.0,0.0,glioma,4,0.9987984379693602
2531,2,0.0,3453.0,0.0,3463.6050000000105,1522.0,0.0,glioma,4,0.9969381612510634
2532,2,0.0,3517.2850000000035,0.0,3539.4949999999953,1479.0,0.0,glioma,4,0.9937250935514835
2533,2,0.0,3261.0,0.0,3275.0,1321.0,0.001003344481605351,glioma,4,0.9957251908396947
2534,2,0.0,3282.0,0.0,3296.0,1369.0,0.0,glioma,4,0.995752427184466
2535,2,0.0,3142.0,0.0,3152.0,1249.0,0.0,glioma,4,0.9968274111675127
2536,2,0.0,3102.0,0.0,3110.0,1164.0,0.0,glioma,4,0.997427652733119
2537,2,0.0,3076.0,0.0,3085.0,1142.0,0.0,glioma,4,0.9970826580226905
2538,2,0.0,3270.0,0.0,3277.0,1079.5,0.0,glioma,4,0.9978638999084528
2539,2,0.0,3252.2850000000035,0.0,3260.0,1119.0,0.0,glioma,4,0.9976334355828231
2540,2,0.0,2464.0,0.0,2461.0,1843.0,0.09621993127147767,glioma,1,1.0012190166598944
2541,2,0.0,2511.0,0.0,2472.0,2450.0,0.46795827123695977,glioma,1,1.0157766990291262
2542,2,0.0,2454.0,0.0,2428.0,1801.0,0.07907869481765835,glioma,1,1.0107084019769357
2543,2,0.0,2620.2850000000035,0.0,2566.0,1956.0,0.12706645056726093,glioma,1,1.0211554949337505
2544,2,0.0,2529.0,0.0,2449.0,1958.0,0.17149081854964207,glioma,1,1.032666394446713
2545,2,0.0,2618.0,0.0,2570.0,2104.0,0.12842712842712842,glioma,1,1.0186770428015564
2546,2,0.0,2731.2850000000035,0.0,2696.0,1362.0,0.03728709528924352,glioma,5,1.0130879080118707
2547,2,0.0,2690.0,0.0,2680.0,1144.0,0.013258462018405866,glioma,5,1.0037313432835822
2548,2,0.0,2876.0,0.0,2880.420000000013,1228.0,0.0,glioma,5,0.998465501558796
2549,2,0.0,2760.2850000000035,0.0,2767.0,1052.0,0.0,glioma,5,0.9975731839537417
2550,2,0.0,2824.0,0.0,2828.0,661.5,0.0,glioma,4,0.9985855728429985
2551,2,0.0,2940.0,0.0,2942.8250000000116,670.5,0.0,glioma,4,0.9990400380586641
2552,2,0.0,2922.0,0.0,2926.7999999999884,611.0,0.0,glioma,4,0.99835998359984
2553,2,0.0,3034.2850000000035,0.0,3036.0,659.0,0.0,glioma,4,0.999435111989461
2554,2,0.0,2904.0,0.0,2904.0,1114.0,0.0,glioma,4,1.0
2555,2,0.0,2789.0,0.0,2791.0,1261.0,0.0,glioma,4,0.9992834109638122
2556,2,0.0,2609.570000000007,0.0,2624.0,675.0,0.0,glioma,4,0.9945007621951246
2557,2,0.0,2973.2850000000035,0.0,2980.0,761.0,0.0,glioma,4,0.9977466442953031
2558,2,0.0,2786.0,0.0,2791.5750000000116,1444.5,0.0,glioma,4,0.998002919498845
2559,2,0.0,2638.0,0.0,2649.0,1372.0,0.0,glioma,4,0.995847489618724
2560,2,0.0,2598.2850000000035,0.0,2608.290000000008,1303.0,0.0006521030322791001,glioma,4,0.9961641535258715
2561,2,0.0,2749.2850000000035,0.0,2760.5899999999965,1411.0,0.0012683648662932037,glioma,4,0.9959048609174151
2562,2,0.0,2707.0,0.0,2717.0,1065.5,0.0007815989280928986,glioma,4,0.9963194700036805
2563,2,0.0,2715.0,0.0,2715.0,900.0,0.004662643993417444,glioma,4,1.0
2564,2,0.0,2596.2850000000035,0.0,2597.834999999992,799.0,0.004758667573079538,glioma,4,0.9994033493274252
2565,2,0.0,2678.0,0.0,2687.0,838.0,0.0031375410434148123,glioma,4,0.9966505396352809
2566,2,0.0,3023.2850000000035,0.0,3026.0,1047.0,0.0,glioma,1,0.9991027759418386
2567,2,0.0,2991.0,0.0,2996.0,975.0,0.0,glioma,1,0.9983311081441922
2568,2,0.0,3074.0,0.0,3081.0,1081.0,0.0,glioma,1,0.9977280103862383
2569,2,0.0,2858.0,0.0,2864.9800000000105,1006.0,0.0,glioma,1,0.9975636828180265
2570,2,0.0,2904.2850000000035,0.0,2909.0,1047.0,0.0,glioma,1,0.9983791680990043
2571,2,0.0,2857.2850000000035,0.0,2863.5899999999965,991.0,0.0,glioma,1,0.9977982183203625
2572,2,0.0,3004.0,0.0,3005.0,1002.0,0.0,glioma,1,0.9996672212978369
2573,2,0.0,3113.0,0.0,3114.0,749.0,0.002868754482428879,glioma,4,0.9996788696210661
2574,2,0.0,3050.2850000000035,0.0,3059.0,729.0,0.0,glioma,4,0.9971510297482848
2575,2,0.0,2913.0,0.0,2920.0,688.0,0.0,glioma,4,0.9976027397260274
2576,2,0.0,2889.0,0.0,2895.0,761.0,0.0,glioma,4,0.9979274611398964
2577,2,0.0,2681.0,0.0,2689.0,739.0,0.0,glioma,4,0.9970249163257716
2578,2,0.0,2539.0,0.0,2541.0,690.0,0.0,glioma,4,0.9992129083038174
2579,2,0.0,2128.0,0.0,2129.774999999994,306.5,0.0,glioma,3,0.9991665786292007
2580,2,0.0,2201.0,0.0,2204.0,273.0,0.0,glioma,3,0.9986388384754991
2581,2,0.0,2176.0,0.0,2180.0,276.0,0.0,glioma,3,0.998165137614679
2582,2,0.0,2138.2850000000035,0.0,2143.0,244.0,0.0,glioma,3,0.9977998133457786
2583,2,0.0,2211.2850000000035,0.0,2214.5350000000035,409.5,0.0,glioma,3,0.9985324232852495
2584,2,0.0,2237.0,0.0,2240.0,547.0,0.0,glioma,3,0.9986607142857142
2585,2,0.0,2314.0,0.0,2318.0,719.0,0.0,glioma,3,0.998274374460742
2586,2,0.0,3045.2850000000035,0.0,3050.0,971.5,0.0,glioma,5,0.9984540983606569
2587,2,0.0,3224.0,0.0,3230.0,1152.0,0.0,glioma,5,0.9981424148606811
2588,2,0.0,3041.0,0.0,3043.290000000008,921.0,0.0,glioma,5,0.9992475248826079
2589,2,0.0,3241.0,0.0,3245.0,1402.0,0.0,glioma,1,0.9987673343605546
2590,2,0.0,3153.0,0.0,3160.5999999999767,1215.0,0.0,glioma,1,0.9975953932797643
2591,2,0.0,3379.2850000000035,0.0,3382.6749999999884,1145.0,0.002175095160413268,glioma,1,0.9989978345540187
2592,2,0.0,3320.0,0.0,3329.0,1128.0,0.0,glioma,1,0.9972964854310604
2593,2,0.0,3510.0,0.0,3520.0,1342.0,0.0,glioma,1,0.9971590909090909
2594,2,0.0,3391.0,0.0,3398.0,1368.0,0.0,glioma,1,0.9979399646851089
2595,2,0.0,3327.2850000000035,0.0,3318.0,1067.0,0.017418351477449457,glioma,4,1.0027983725135634
2596,2,0.0,2935.0,0.0,2938.0,1039.0,0.0018023430459597476,glioma,4,0.9989788972089857
2597,2,0.0,2680.0,0.0,2684.0,840.0,0.0019902697921273774,glioma,4,0.9985096870342772
2598,2,0.0,2609.0,0.0,2608.0,947.0,0.006040106305870983,glioma,4,1.000383435582822
2599,2,0.0,2696.0,0.0,2701.0,830.5,0.0,glioma,4,0.9981488337652721
2600,2,0.0,3033.0,0.0,3026.7799999999697,867.0,0.006166948094853535,glioma,4,1.002054989130373
2601,2,0.0,2894.570000000007,0.0,2926.0,865.0,0.0004819664230058639,glioma,4,0.9892583732057441
2602,2,0.0,2917.0,0.0,2925.429999999993,1219.0,0.001779570530312018,glioma,4,0.9971183723418462
2603,2,0.0,2855.0,0.0,2870.0,1060.0,0.0,glioma,4,0.9947735191637631
2604,2,0.0,2859.2850000000035,0.0,2868.0,1121.0,0.0,glioma,4,0.9969612970711309
2605,2,0.0,2655.0,0.0,2660.0,992.0,0.0007184940364994971,glioma,4,0.9981203007518797
2606,2,0.0,2638.2850000000035,0.0,2655.0,1011.0,0.0003120368203448007,glioma,4,0.9937043314500955
2607,2,0.0,2596.0,0.0,2599.0,891.0,0.0037247801345059494,glioma,4,0.9988457098884186
2608,2,0.0,3498.2850000000035,0.0,3515.75,1237.0,0.0,glioma,3,0.9950323544051777
2609,2,0.0,3129.2850000000035,0.0,3137.0,1073.0,0.0,glioma,3,0.9975406439273202
2610,2,0.0,3585.2850000000035,0.0,3597.0,1284.0,0.0,glioma,3,0.996743119266056
2611,2,0.0,3315.2850000000035,0.0,3324.0,1134.5,0.0,glioma,3,0.9973781588447664
2612,2,0.0,3703.0,0.0,3704.0,1062.0,0.0,glioma,4,0.9997300215982722
2613,2,0.0,3732.0,0.0,3734.654999999999,1075.5,0.0,glioma,4,0.9992890909602095
2614,2,0.0,3428.0,0.0,3430.0,1101.5,0.0,glioma,4,0.9994169096209913
2615,2,0.0,3618.0,0.0,3619.600000000006,1523.0,0.0011587485515643105,glioma,4,0.999557962205767
2616,2,0.0,3341.0,0.0,3341.0,1411.0,0.0012578616352201257,glioma,4,1.0
2617,2,0.0,3527.0,0.0,3532.0,847.5,0.0024992649220817406,glioma,1,0.9985843714609286
2618,2,0.0,3403.2850000000035,0.0,3413.0,719.0,0.0,glioma,1,0.9971535306182254
2619,2,0.0,3784.0,0.0,3801.0,755.0,0.0,glioma,1,0.9955274927650618
2620,2,0.0,3855.0,0.0,3873.0,895.0,0.0,glioma,1,0.9953524399690162
2621,2,0.0,4158.0,0.0,4174.0,985.0,0.0,glioma,1,0.996166746526114
2622,2,0.0,3878.0,0.0,3890.545000000013,923.0,0.0,glioma,1,0.9967755160266717
2623,2,0.0,3849.0,0.0,3864.0,1217.0,0.000271370420624152,glioma,1,0.9961180124223602
2624,2,0.0,1236.0,0.0,1237.0,444.0,0.0,glioma,2,0.9991915925626516
2625,2,0.0,1000.0,0.0,997.375,469.5,0.015301902398676593,glioma,2,1.0026319087604962
2626,2,0.0,1180.0,0.0,1180.0,541.0,0.00527803958529689,glioma,2,1.0
2627,2,0.0,1094.0,0.0,1095.0,508.0,0.0,glioma,2,0.9990867579908675
2628,2,0.0,1241.0,0.0,1242.5,551.0,0.0016017940092904052,glioma,2,0.9987927565392354
2629,2,0.0,1138.0,0.0,1139.0,475.0,0.003620455573993061,glioma,2,0.9991220368744512
2630,2,0.0,1254.0,0.0,1256.0,532.0,0.0,glioma,2,0.9984076433121019
2631,2,0.0,3413.0,0.0,3414.0,1038.0,0.0,glioma,4,0.9997070884592852
2632,2,0.0,3097.2850000000035,0.0,3100.0100000000093,1024.0,0.0,glioma,4,0.9991209705775124
2633,2,0.0,3395.2850000000035,0.0,3399.0,1260.0,0.0,glioma,4,0.998907031479848
2634,2,0.0,3212.0,0.0,3217.0,766.0,0.0,glioma,5,0.9984457569163817
2635,2,0.0,3231.0,0.0,3239.0,780.0,0.0,glioma,5,0.9975301018832973
2636,2,0.0,3282.0,0.0,3291.0899999999965,821.0,0.0,glioma,5,0.9972379971377274
2637,2,0.0,3321.0,0.0,3333.0,810.0,0.00013683634373289546,glioma,5,0.9963996399639964
2638,2,0.0,3524.2850000000035,0.0,3532.915000000008,914.0,0.0014438348252959862,glioma,5,0.9975572579583701
2639,2,0.0,3799.0,0.0,3804.0,987.0,0.0027527986786566342,glioma,5,0.9986855941114616
2640,2,0.0,4011.0,0.0,4010.0,1024.0,0.006629101756711966,glioma,5,1.0002493765586036
2641,2,0.0,3100.0,0.0,3100.695000000007,1154.0,0.0,glioma,5,0.9997758567030918
2642,2,0.0,3432.2850000000035,0.0,3434.9800000000105,1335.0,0.0,glioma,5,0.9992154248350771
2643,2,0.0,3255.2850000000035,0.0,3259.0599999999977,1264.0,0.0,glioma,5,0.9988416905488103
2644,2,0.0,3743.2850000000035,0.0,3746.6300000000047,1474.5,0.0,glioma,5,0.9991071976683042
2645,2,0.0,3657.0,0.0,3663.0,1309.0,0.0,glioma,5,0.9983619983619983
2646,2,0.0,3251.0,0.0,3256.0,895.0,0.0,glioma,2,0.9984643734643734
2647,2,0.0,3694.2850000000035,0.0,3695.649999999994,1056.0,0.0,glioma,2,0.9996306468415594
2648,2,0.0,3163.2850000000035,0.0,3165.595000000001,906.0,0.0,glioma,2,0.9992702793629641
2649,2,0.0,3541.0,0.0,3542.149999999994,1171.0,0.0,glioma,2,0.9996753384244049
2650,2,0.0,1392.0,0.0,1392.0,709.0,0.0064030131826741995,glioma,3,1.0
2651,2,0.0,1238.2850000000035,0.0,1232.0,523.0,0.015480953209253783,glioma,3,1.005101461038964
2652,2,0.0,1312.2850000000035,0.0,1303.0,566.5,0.020200438459129347,glioma,3,1.0071258633921747
2653,2,0.0,1165.0,0.0,1149.0,556.0,0.03489750974080976,glioma,3,1.0139251523063533
2654,2,0.0,1160.0,0.0,1146.0,579.0,0.03591538578602952,glioma,3,1.012216404886562
2655,2,0.0,1069.0,0.0,1052.0,506.0,0.03925233644859813,glioma,3,1.0161596958174905
2656,2,0.0,1148.0,0.0,1150.0,508.0,0.0,glioma,3,0.9982608695652174
2657,2,0.0,1605.0,0.0,1611.0,526.0,0.0023533671252715426,glioma,5,0.9962756052141527
2658,2,0.0,1592.0,0.0,1599.0,511.0,0.0,glioma,5,0.9956222639149468
2659,2,0.0,1540.2850000000035,0.0,1549.0,500.0,0.0,glioma,5,0.994373789541642
2660,2,0.0,1609.0,0.0,1614.0,551.0,0.0,glioma,5,0.9969021065675341
2661,2,0.0,1600.0,0.0,1602.0,554.0,0.0,glioma,5,0.9987515605493134
2662,2,0.0,1651.0,0.0,1654.7149999999965,520.0,0.0,glioma,5,0.9977549003907038
2663,2,0.0,1722.0,0.0,1723.0,458.0,0.0,glioma,5,0.9994196169471852
2664,2,0.0,3395.2850000000035,0.0,3400.234999999986,995.0,0.0,glioma,1,0.9985442182672719
2665,2,0.0,3554.0,0.0,3562.0,743.0,0.0,glioma,1,0.9977540707467715
2666,2,0.0,3785.0,0.0,3792.5599999999977,1026.0,0.0,glioma,1,0.9980066234944213
2667,2,0.0,3492.2850000000035,0.0,3505.0,732.0,0.0,glioma,1,0.9963723252496444
2668,2,0.0,3811.0,0.0,3822.0,834.0,0.0,glioma,1,0.9971219256933542
2669,2,0.0,3806.570000000007,0.0,3822.0,864.0,0.0,glioma,1,0.9959628466771342
2670,2,0.0,4057.0,0.0,4074.0,1007.0,0.0,glioma,1,0.9958271968581247
2671,2,0.0,3843.0,0.0,3853.0,933.0,0.0013649336145923811,glioma,1,0.9974046197767973
2672,2,0.0,3893.0,0.0,3924.8150000000023,1052.0,0.0007688364941055869,glioma,1,0.9918938854442815
2673,2,0.0,3654.2850000000035,0.0,3669.0,970.0,0.0011980830670926517,glioma,1,0.995989370400655
2674,2,0.0,3916.0,0.0,3932.6199999999953,1348.0,0.0004615207107418945,glioma,1,0.9957738098265291
2675,2,0.0,2706.2850000000035,0.0,2712.9649999999965,849.0,0.0,glioma,3,0.9975377492890646
2676,2,0.0,2414.0,0.0,2419.8699999999953,631.0,0.00016347882949158083,glioma,3,0.9975742498563992
2677,2,0.0,2333.0,0.0,2340.6300000000047,552.0,0.0008487763474324516,glioma,3,0.9967401938794237
2678,2,0.0,1442.0,0.0,1444.0,394.0,0.0,glioma,2,0.9986149584487535
2679,2,0.0,1475.0,0.0,1476.0,368.0,0.0,glioma,2,0.9993224932249323
2680,2,0.0,1820.0,0.0,1821.0,653.0,0.0,glioma,1,0.99945085118067
2681,2,0.0,1761.0,0.0,1761.0,601.0,0.0,glioma,1,1.0
2682,2,0.0,1866.0,0.0,1868.0,648.0,0.0,glioma,3,0.9989293361884368
2683,2,0.0,1917.0,0.0,1921.0,650.0,0.00032289312237649337,glioma,3,0.9979177511712649
2684,2,0.0,1959.0,0.0,1961.375,674.5,0.0020678246484698098,glioma,3,0.9987891147791728
2685,2,0.0,1937.0,0.0,1938.0,830.0,0.0015535991714137752,glioma,3,0.999484004127967
2686,2,0.0,1970.0,0.0,1971.0,717.0,0.0,glioma,3,0.9994926433282597
2687,2,0.0,1911.0,0.0,1911.0,624.0,0.0,glioma,3,1.0
2688,2,0.0,3084.2850000000035,0.0,3088.764999999985,1106.0,0.0018203883495145632,glioma,2,0.9985495821145405
2689,2,0.0,3570.0,0.0,3578.0,1067.5,0.0,glioma,2,0.9977641140301845
2690,2,0.0,3951.0,0.0,3972.0,1137.0,0.0,glioma,2,0.9947129909365559
2691,2,0.0,3840.0,0.0,3853.0,1030.0,0.0,glioma,2,0.9966260057098365
2692,2,0.0,3996.2850000000035,0.0,4005.0,1067.0,0.0,glioma,2,0.997823970037454
2693,2,0.0,3359.0,0.0,3362.0,1229.5,0.0,glioma,2,0.9991076740035693
2694,2,0.0,3404.2850000000035,0.0,3418.8800000000047,989.0,0.0,glioma,2,0.9957310581242976
2695,2,0.0,3740.0,0.0,3759.654999999999,1106.0,0.0,glioma,2,0.9947721266977957
2696,2,0.0,3721.0,0.0,3749.470000000001,1046.0,0.0,glioma,2,0.9924069268456606
2697,2,0.0,3944.2850000000035,0.0,3959.0,1067.0,0.0023932605782117557,glioma,2,0.9962831523111906
2698,2,0.0,3744.2850000000035,0.0,3765.7149999999965,1070.0,0.0,glioma,2,0.9943091816560752
2699,2,0.0,3966.0,0.0,3989.0,1178.0,0.0,glioma,2,0.9942341438957132
2700,2,0.0,3869.0,0.0,3878.0,1031.0,0.0,glioma,2,0.9976792160907685
2701,2,0.0,3698.2850000000035,0.0,3706.725000000006,1052.0,0.0,glioma,2,0.9977230574159124
2702,2,0.0,3491.0,0.0,3492.579999999987,1321.0,0.0,glioma,2,0.9995476123667927
2703,2,0.0,3312.0,0.0,3313.0,1672.0,0.0,glioma,2,0.9996981587684878
2704,2,0.0,3399.0,0.0,3402.0,1696.0,0.0002991325157044571,glioma,2,0.9991181657848325
2705,2,0.0,3415.2850000000035,0.0,3419.859999999986,1312.0,0.002257761053621825,glioma,2,0.9986622259390786
2706,2,0.0,3695.570000000007,0.0,3706.1900000000023,1347.0,0.0,glioma,2,0.9971345235943124
2707,2,0.0,3866.0,0.0,3871.029999999999,1303.0,0.0,glioma,2,0.998700604231949
2708,2,0.0,4101.0,0.0,4102.0,1158.0,0.0,glioma,2,0.999756216479766
2709,2,0.0,4180.0,0.0,4181.695000000007,1016.0,0.0,glioma,2,0.9995946619731935
2710,2,0.0,4674.0,0.0,4681.3949999999895,1804.0,0.00027693159789531985,glioma,4,0.9984203426542752
2711,2,0.0,4838.0,0.0,4845.0,1858.0,0.0,glioma,4,0.9985552115583075
2712,2,0.0,4652.0,0.0,4658.0,1675.0,0.0,glioma,4,0.9987118935165307
2713,2,0.0,4974.0,0.0,4981.0,1851.0,0.0,glioma,4,0.9985946597068862
2714,2,0.0,2995.0,0.0,2995.4249999999884,951.0,0.0008976660682226212,glioma,2,0.9998581169617038
2715,2,0.0,3158.0,0.0,3160.0,1237.0,0.0,glioma,2,0.9993670886075949
2716,2,0.0,2864.0,0.0,2866.3850000000093,1114.0,0.0,glioma,2,0.9991679415012257
2717,2,0.0,3111.0,0.0,3116.734999999986,1262.0,0.0,glioma,2,0.9981599333918392
2718,2,0.0,2902.0,0.0,2908.0,1166.0,0.00020429009193054137,glioma,2,0.9979367262723521
2719,2,0.0,3057.0,0.0,3062.3699999999953,974.0,0.00038336208548974505,glioma,2,0.9982464561761004
2720,2,0.0,2812.0,0.0,2817.0,1048.0,0.0021462517246665647,glioma,2,0.9982250621228257
2721,2,0.0,3152.2850000000035,0.0,3135.8649999999907,1177.0,0.01551614946168461,glioma,2,1.0052361947979307
2722,2,0.0,2944.2850000000035,0.0,2940.8150000000023,1100.0,0.008725021108922038,glioma,2,1.0011799450152428
2723,2,0.0,4123.0,0.0,4135.0,1375.0,0.0,glioma,4,0.9970979443772672
2724,2,0.0,4422.0,0.0,4443.0,1718.5,0.0,glioma,4,0.9952734638757597
2725,2,0.0,4190.0,0.0,4204.804999999993,2247.0,0.0,glioma,4,0.9964790281594526
2726,2,0.0,4349.2850000000035,0.0,4369.0,2102.0,0.0008726638062686351,glioma,4,0.9954875257496002
2727,2,0.0,4280.0,0.0,4311.0,1840.0,0.0,glioma,4,0.9928090930178612
2728,2,0.0,4438.2850000000035,0.0,4468.690000000002,2079.0,0.00040060892556686165,glioma,4,0.9931959925615788
2729,2,0.0,4548.570000000007,0.0,4581.0,2069.0,0.0,glioma,4,0.9929207596594645
2730,2,0.0,4769.570000000007,0.0,4798.835000000021,2359.0,0.0,glioma,4,0.9939016448783895
2731,2,0.0,1130.0,0.0,1131.0,346.0,0.0,glioma,5,0.9991158267020336
2732,2,0.0,1153.0,0.0,1153.0,284.0,0.0,glioma,5,1.0
2733,2,0.0,1179.0,0.0,1181.0,359.0,0.0,glioma,5,0.9983065198983911
2734,2,0.0,1168.0,0.0,1170.0,374.0,0.0,glioma,5,0.9982905982905983
2735,2,0.0,1220.0,0.0,1221.0,389.0,0.00033189512114171923,glioma,5,0.9991809991809992
2736,2,0.0,1204.0,0.0,1207.0,437.0,0.000744047619047619,glioma,5,0.9975144987572494
2737,2,0.0,1292.0,0.0,1293.0,427.0,0.0,glioma,5,0.9992266047950503
2738,2,0.0,3136.0,0.0,3148.0,853.0,0.0,glioma,1,0.9961880559085133
2739,2,0.0,3079.0,0.0,3087.204999999987,773.0,0.0,glioma,1,0.9973422561831861
2740,2,0.0,2951.0,0.0,2962.790000000008,862.0,0.0,glioma,1,0.9960206427050151
2741,2,0.0,3006.0,0.0,3012.0,813.0,0.0011132476469992915,glioma,1,0.99800796812749
2742,2,0.0,3349.0,0.0,3355.0,907.0,0.0,glioma,1,0.9982116244411326
2743,2,0.0,1857.2850000000035,0.0,1860.2850000000035,594.0,0.0,glioma,3,0.9983873438747288
2744,2,0.0,1988.0,0.0,1990.1600000000035,610.0,0.0,glioma,3,0.9989146601278271
2745,2,0.0,1898.0,0.0,1905.0,562.0,0.0005859375,glioma,3,0.9963254593175853
2746,2,0.0,2060.0,0.0,2065.0,626.0,0.0,glioma,3,0.9975786924939467
2747,2,0.0,1834.0,0.0,1836.0,440.5,0.0,glioma,3,0.9989106753812637
2748,2,0.0,1229.0,0.0,1230.0,362.0,0.0,glioma,2,0.9991869918699187
2749,2,0.0,1163.0,0.0,1163.0,254.0,0.0,glioma,2,1.0
2750,2,0.0,1296.0,0.0,1297.0,577.0,0.0,glioma,1,0.9992289899768697
2751,2,0.0,1241.0,0.0,1241.0299999999988,483.0,0.0,glioma,1,0.9999758265311888
2752,2,0.0,1191.0,0.0,1191.0,436.0,0.0,glioma,1,1.0
2753,2,0.0,1404.0,0.0,1404.0,772.5,0.0,glioma,3,1.0
2754,2,0.0,1515.2850000000035,0.0,1516.0,696.0,0.0,glioma,3,0.9995283641160972
2755,2,0.0,1484.0,0.0,1485.0,848.0,0.0,glioma,3,0.9993265993265993
2756,2,0.0,1541.0,0.0,1541.0,857.0,0.0,glioma,3,1.0
2757,2,0.0,1509.2850000000035,0.0,1510.0,381.5,0.0,glioma,3,0.9995264900662275
2758,2,0.0,2503.0,0.0,2508.0,1027.0,0.0,glioma,2,0.998006379585327
2759,2,0.0,2568.0,0.0,2581.0,837.0,0.0,glioma,2,0.9949631925610228
2760,2,0.0,2996.0,0.0,3002.234999999986,947.5,0.0,glioma,2,0.9979232138723364
2761,2,0.0,2602.0,0.0,2625.475000000006,774.0,0.0,glioma,2,0.9910587607956634
2762,2,0.0,2852.0,0.0,2874.0,802.0,0.0,glioma,2,0.9923451635351427
2763,2,0.0,2949.0,0.0,2970.0,715.0,0.001021169631986175,glioma,2,0.9929292929292929
2764,2,0.0,3174.0,0.0,3207.920000000013,705.0,0.0,glioma,2,0.9894261702286801
2765,2,0.0,3247.2850000000035,0.0,3285.0,794.0,0.00026147892479866125,glioma,2,0.9885190258751914
2766,2,0.0,3375.0,0.0,3393.529999999999,725.0,0.0,glioma,2,0.9945396091975026
2767,2,0.0,3247.0,0.0,3264.0,686.0,0.0,glioma,2,0.9947916666666666
2768,2,0.0,3282.2850000000035,0.0,3305.0,710.0,0.0,glioma,2,0.9931270801815442
2769,2,0.0,3126.2850000000035,0.0,3129.0,1671.0,0.0,glioma,2,0.9991323106423788
2770,2,0.0,2994.2850000000035,0.0,2949.0,2204.0,0.17851500789889416,glioma,2,1.015356052899289
2771,2,0.0,3049.0,0.0,3043.0,1473.0,0.010618932038834952,glioma,2,1.0019717384160367
2772,2,0.0,2887.0,0.0,2887.0,1361.5,0.005035669324381032,glioma,2,1.0
2773,2,0.0,2900.0,0.0,2903.0,1016.0,0.0,glioma,2,0.9989665862900448
2774,2,0.0,3534.0,0.0,3535.834999999992,971.0,0.0,glioma,4,0.9994810278194566
2775,2,0.0,3323.0,0.0,3328.0,1311.0,0.0,glioma,4,0.9984975961538461
2776,2,0.0,3356.0,0.0,3363.0,1364.0,0.0,glioma,4,0.9979185251263752
2777,2,0.0,3288.0,0.0,3295.0,1266.0,0.0,glioma,4,0.9978755690440061
2778,2,0.0,3447.0,0.0,3464.8250000000116,1332.0,0.0,glioma,4,0.9948554400294354
2779,2,0.0,3404.0,0.0,3419.0,1223.0,0.0,glioma,4,0.9956127522667446
2780,2,0.0,2336.0,0.0,2339.0,959.0,0.0,glioma,2,0.9987174005985464
2781,2,0.0,2436.0,0.0,2438.0,978.0,0.0,glioma,2,0.9991796554552912
2782,2,0.0,2288.0,0.0,2291.0,752.0,0.0,glioma,2,0.9986905281536447
2783,2,0.0,2393.0,0.0,2400.0,581.0,0.00016934801016088062,glioma,2,0.9970833333333333
2784,2,0.0,2269.0,0.0,2275.0,650.0,0.0,glioma,2,0.9973626373626374
2785,2,0.0,2406.0,0.0,2411.0,796.0,0.0,glioma,2,0.9979261717129821
2786,2,0.0,2150.2850000000035,0.0,2158.829999999987,709.0,0.0,glioma,2,0.996041837476789
2787,2,0.0,2321.0,0.0,2324.829999999987,1008.0,0.0003170074496750674,glioma,5,0.9983525677146341
2788,2,0.0,2585.0,0.0,2588.264999999985,1241.0,0.0,glioma,5,0.998738537205431
2789,2,0.0,2661.0,0.0,2673.0,1005.0,0.000746602956547708,glioma,5,0.9955106621773289
2790,2,0.0,2614.0,0.0,2622.0,954.0,0.0,glioma,5,0.9969488939740656
2791,2,0.0,2554.0,0.0,2560.0,943.0,0.0,glioma,5,0.99765625
2792,2,0.0,2569.0,0.0,2572.0,1112.0,0.0,glioma,5,0.9988335925349923
2793,2,0.0,2389.0,0.0,2390.7000000000116,986.0,0.0,glioma,5,0.9992889111975524
2794,2,0.0,2403.0,0.0,2404.0,878.0,0.0,glioma,5,0.9995840266222962
2795,2,0.0,3236.0,0.0,3254.0,1188.0,0.0,glioma,3,0.9944683466502766
2796,2,0.0,3194.0,0.0,3209.0,1201.0,0.0,glioma,3,0.9953256466188843
2797,2,0.0,3404.0,0.0,3416.0,1222.0,0.0,glioma,3,0.9964871194379391
2798,2,0.0,3422.0,0.0,3424.0,854.5,0.0,glioma,3,0.9994158878504673
2799,2,0.0,3409.0,0.0,3413.0,797.0,0.0,glioma,3,0.998828010547905
2800,2,0.0,3166.0,0.0,3169.0,889.0,0.0006970260223048327,glioma,5,0.9990533291259073
2801,2,0.0,3294.0,0.0,3298.0,1033.0,0.0,glioma,5,0.9987871437234688
2802,2,0.0,3233.0,0.0,3236.0,935.0,0.0,glioma,5,0.9990729295426453
2803,2,0.0,3471.0,0.0,3474.0,1332.0,0.0,glioma,5,0.9991364421416234
2804,2,0.0,3510.0,0.0,3512.0,1053.0,0.0,glioma,5,0.9994305239179955
2805,2,0.0,3790.0,0.0,3795.454999999987,1231.0,0.0,glioma,3,0.9985627546631465
2806,2,0.0,3535.0,0.0,3546.0,1110.0,0.0,glioma,3,0.996897913141568
2807,2,0.0,3658.2850000000035,0.0,3643.0,1833.0,0.02237926972909305,glioma,3,1.0041957178149885
2808,2,0.0,3262.0,0.0,3263.0,1993.0,0.0013271400132714001,glioma,3,0.9996935335580754
2809,2,0.0,1518.0,0.0,1519.0,614.0,0.0,glioma,5,0.9993416721527321
2810,2,0.0,1565.0,0.0,1566.0,653.0,0.0,glioma,5,0.9993614303959132
2811,2,0.0,1592.2850000000035,0.0,1595.0,590.0,0.0,glioma,5,0.9982978056426354
2812,2,0.0,1679.0,0.0,1684.0,630.0,0.0,glioma,5,0.9970308788598575
2813,2,0.0,1656.0,0.0,1661.1549999999988,621.0,0.0,glioma,5,0.9968967375109494
2814,2,0.0,1827.2850000000035,0.0,1831.0,634.0,0.0026467098658391895,glioma,5,0.9979710540688168
2815,2,0.0,1839.0,0.0,1847.0,520.0,0.000513347022587269,glioma,5,0.9956686518678939
2816,2,0.0,1805.0,0.0,1808.0,465.0,0.0,glioma,5,0.9983407079646017
2817,2,0.0,1817.0,0.0,1818.0,640.0,0.0,glioma,1,0.9994499449944995
2818,2,0.0,1712.0,0.0,1713.0,948.0,0.0,glioma,1,0.9994162288382954
2819,2,0.0,1684.0,0.0,1683.0,842.0,0.00980898296334538,glioma,1,1.0005941770647653
2820,2,0.0,1625.0,0.0,1626.0,969.0,0.0,glioma,1,0.9993849938499385
2821,2,0.0,1170.0,0.0,1166.0,686.0,0.007531667237247518,glioma,4,1.0034305317324186
2822,2,0.0,2408.0,0.0,2381.0,1917.0,0.13003300330033005,glioma,1,1.011339773204536
2823,2,0.0,2628.0,0.0,2628.0,1420.0,0.0,glioma,1,1.0
2824,2,0.0,2261.0,0.0,2261.0,1591.5,0.0,glioma,1,1.0
2825,2,0.0,2296.0,0.0,2257.0,1574.0,0.1851608667104399,glioma,1,1.0172795746566239
2826,2,0.0,2166.0,0.0,2077.0,1652.0,0.34669442998438316,glioma,1,1.0428502648050073
2827,2,0.0,2267.0,0.0,2217.0,2010.0,0.3379835129993659,glioma,1,1.02255299954894
2828,2,0.0,2170.0,0.0,2111.484999999986,2098.5,0.48541666666666666,glioma,1,1.027712723509764
2829,2,0.0,2314.0,0.0,2260.0,2154.0,0.37988826815642457,glioma,1,1.0238938053097346
2830,2,0.0,2119.0,0.0,2108.014999999985,1611.5,0.1353887399463807,glioma,1,1.0052110634886446
2831,2,0.0,2431.0,0.0,2434.0,1243.0,0.0,glioma,5,0.9987674609695973
2832,2,0.0,2292.0,0.0,2292.6300000000047,1244.0,0.0,glioma,5,0.9997252064223164
2833,2,0.0,2095.0,0.0,2096.0,1031.0,0.0028694404591104736,glioma,5,0.9995229007633588
2834,2,0.0,2146.0,0.0,2148.0,1012.5,0.0,glioma,5,0.9990689013035382
2835,2,0.0,2126.2850000000035,0.0,2127.0,828.0,0.0,glioma,5,0.9996638457921972
2836,2,0.0,2369.0,0.0,2369.0,1602.0,0.010498687664041995,glioma,5,1.0
2837,2,0.0,2980.2850000000035,0.0,2984.0,942.0,0.0,glioma,5,0.9987550268096527
2838,2,0.0,2831.0,0.0,2837.0,857.0,0.0,glioma,5,0.99788508988368
2839,2,0.0,2809.0,0.0,2818.0,986.0,0.0,glioma,5,0.9968062455642299
2840,2,0.0,2893.0,0.0,2898.0,1230.0,0.0,glioma,5,0.9982746721877157
2841,2,0.0,2980.0,0.0,2979.0,1015.0,0.005830119293210153,glioma,5,1.0003356831151393
2842,2,0.0,3217.2850000000035,0.0,3221.0,1138.5,0.0018656716417910447,glioma,5,0.9988466314809077
2843,2,0.0,3066.2850000000035,0.0,3075.0,1186.0,0.0,glioma,5,0.9971658536585377
2844,2,0.0,3232.2850000000035,0.0,3237.0,1854.0,0.0,glioma,5,0.9985434043867789
2845,2,0.0,2974.2850000000035,0.0,2980.0,1540.0,0.0,glioma,5,0.9980822147651018
2846,2,0.0,2442.2850000000035,0.0,2444.0,928.0,0.0,glioma,2,0.9992982815057297
2847,2,0.0,2547.0,0.0,2560.0,947.0,0.0,glioma,2,0.994921875
2848,2,0.0,2415.2850000000035,0.0,2432.0,701.0,0.0,glioma,2,0.9931270559210541
2849,2,0.0,2461.0,0.0,2474.9249999999884,760.0,0.0,glioma,2,0.9943735668757686
2850,2,0.0,2339.0,0.0,2349.970000000001,684.0,0.0,glioma,2,0.9953318553002799
2851,2,0.0,2265.0,0.0,2274.0,730.0,0.0,glioma,2,0.996042216358839
2852,2,0.0,2169.0,0.0,2174.0,788.0,0.0,glioma,2,0.9977000919963201
2853,2,0.0,2169.0,0.0,2171.0,985.0,0.0,glioma,2,0.9990787655458314
2854,2,0.0,1987.2850000000035,0.0,1988.0,887.0,0.0,glioma,1,0.9996403420523157
2855,2,0.0,1805.0,0.0,1806.0,860.0,0.0,glioma,1,0.9994462901439646
2856,2,0.0,1950.0,0.0,1951.0,1008.0,0.0,glioma,1,0.9994874423372629
2857,2,0.0,1777.0,0.0,1777.6350000000093,808.0,0.0,glioma,1,0.9996427838110696
2858,2,0.0,1597.0,0.0,1599.0,481.0,0.0,glioma,5,0.9987492182614134
2859,2,0.0,1563.2850000000035,0.0,1565.0,407.0,0.0,glioma,5,0.9989041533546348
2860,2,0.0,1539.0,0.0,1540.6900000000023,447.0,0.0,glioma,5,0.998903088875762
2861,2,0.0,2338.2850000000035,0.0,2342.3250000000116,497.0,0.0,glioma,4,0.9982752179992067
2862,2,0.0,2369.0,0.0,2371.0,588.5,0.0,glioma,4,0.9991564740615774
2863,2,0.0,2471.0,0.0,2474.0,643.0,0.0,glioma,4,0.9987873888439773
2864,2,0.0,2372.0,0.0,2374.0,615.0,0.0035087719298245615,glioma,4,0.9991575400168492
2865,2,0.0,2338.2850000000035,0.0,2339.0,496.0,0.0,glioma,4,0.9996943138093217
2866,2,0.0,2287.0,0.0,2289.0,1156.0,0.0,glioma,3,0.9991262560069899
2867,2,0.0,2093.2850000000035,0.0,2096.0,728.0,0.0008319467554076539,glioma,3,0.9987046755725207
2868,2,0.0,1984.0,0.0,1972.0,774.0,0.0193258838615131,glioma,3,1.0060851926977687
2869,2,0.0,2081.0,0.0,2071.0,776.0,0.011073253833049404,glioma,3,1.0048285852245291
2870,2,0.0,2189.0,0.0,2174.0,908.0,0.014238854927687492,glioma,3,1.0068997240110396
2871,2,0.0,2120.0,0.0,2125.0,994.0,0.0013444732545856142,glioma,3,0.9976470588235294
2872,2,0.0,2342.0,0.0,2347.8800000000047,1089.0,0.0,glioma,3,0.997495613063698
2873,2,0.0,2231.2850000000035,0.0,2232.0,1158.5,0.0,glioma,3,0.9996796594982095
2874,2,0.0,2121.0,0.0,2122.0,1129.0,0.0,glioma,3,0.9995287464655985
2875,2,0.0,2217.0,0.0,2218.0,975.0,0.0,glioma,3,0.9995491433724075
2876,2,0.0,3136.0,0.0,3138.0,1092.0,0.0,glioma,2,0.9993626513702996
2877,2,0.0,3328.2850000000035,0.0,3335.0,1156.0,0.0,glioma,2,0.9979865067466277
2878,2,0.0,3098.2850000000035,0.0,3103.0,1019.0,0.002010454362685967,glioma,2,0.9984805027392857
2879,2,0.0,3171.0,0.0,3181.0,1125.0,0.0011413663786075331,glioma,2,0.9968563344860107
2880,2,0.0,2804.2850000000035,0.0,2803.0,1069.0,0.0053943898345720455,glioma,2,1.0004584373885135
2881,2,0.0,2769.0,0.0,2770.0,1125.0,0.0037070177681196473,glioma,2,0.9996389891696751
2882,2,0.0,2603.0,0.0,2612.3850000000093,1109.0,0.0,glioma,2,0.9964074973635167
2883,2,0.0,2525.2850000000035,0.0,2516.0,1536.5,0.06546644844517185,glioma,2,1.00369038155803
2884,2,0.0,2565.0,0.0,2543.0,1743.5,0.0989010989010989,glioma,2,1.0086511993708218
2885,2,0.0,2232.0,0.0,2232.0,766.5,0.0,glioma,1,1.0
2886,2,0.0,2197.0,0.0,2199.0,724.0,0.0,glioma,1,0.9990904956798545
2887,2,0.0,2049.0,0.0,2056.0,533.0,0.00013819789939192924,glioma,1,0.9965953307392996
2888,2,0.0,1994.0,0.0,1997.0450000000128,440.0,0.0017772511848341231,glioma,1,0.9984752471776986
2889,2,0.0,2062.0,0.0,2064.0,428.0,0.0,glioma,1,0.999031007751938
2890,2,0.0,2413.0,0.0,2417.0,740.0,0.0008005489478499542,glioma,1,0.998345055854365
2891,2,0.0,2426.0,0.0,2428.0,1354.0,0.0,glioma,2,0.999176276771005
2892,2,0.0,2433.2850000000035,0.0,2436.0,1308.0,0.0,glioma,2,0.998885467980297
2893,2,0.0,2461.2850000000035,0.0,2464.0,1317.0,0.0,glioma,2,0.9988981331168846
2894,2,0.0,2384.0,0.0,2392.0,868.0,0.0,glioma,2,0.9966555183946488
2895,2,0.0,2501.0,0.0,2501.125,1467.5,0.0,glioma,2,0.9999500224898795
2896,2,0.0,2474.0,0.0,2477.0,1199.0,0.0,glioma,2,0.9987888574888979
2897,2,0.0,2461.0,0.0,2463.0,1199.0,0.0011695906432748538,glioma,2,0.999187982135607
2898,2,0.0,2494.2850000000035,0.0,2496.0,1267.0,0.0,glioma,2,0.9993129006410271
2899,2,0.0,2520.0,0.0,2522.0,1125.0,0.0,glioma,2,0.9992069785884219
2900,2,0.0,3188.0,0.0,3193.6350000000093,1455.0,0.0,glioma,1,0.9982355529044461
2901,2,0.0,3427.0,0.0,3434.014999999985,1602.0,0.00021070375052675939,glioma,1,0.99795720170122
2902,2,0.0,3531.0,0.0,3538.0,1551.5,0.0,glioma,1,0.9980214810627474
2903,2,0.0,3620.0,0.0,3619.0,2093.0,0.0056732223903177,glioma,1,1.0002763194252555
2904,2,0.0,3646.0,0.0,3653.0,1785.0,0.0,glioma,1,0.9980837667670408
2905,2,0.0,3653.0,0.0,3658.0,1877.0,0.0,glioma,1,0.9986331328594861
2906,2,0.0,1788.0,0.0,1788.0,281.0,0.0,glioma,4,1.0
2907,2,0.0,1786.0,0.0,1788.0,247.0,0.0,glioma,4,0.9988814317673378
2908,2,0.0,1949.0,0.0,1950.0,329.0,0.002171552660152009,glioma,4,0.9994871794871795
2909,2,0.0,2038.0,0.0,2042.0,320.0,0.0,glioma,4,0.9980411361410382
2910,2,0.0,2067.0,0.0,2070.0,386.0,0.0,glioma,4,0.9985507246376811
2911,2,0.0,2054.0,0.0,2056.0,342.0,0.0,glioma,4,0.9990272373540856
2912,2,0.0,2146.0,0.0,2147.0,399.0,0.0,glioma,4,0.999534233814625
2913,2,0.0,2183.0,0.0,2184.0,413.0,0.0,glioma,4,0.9995421245421245
2914,2,0.0,2784.0,0.0,2785.0,1054.0,0.0,glioma,4,0.999640933572711
2915,2,0.0,2805.0,0.0,2807.0750000000116,990.0,0.0,glioma,4,0.99926079638057
2916,2,0.0,2804.0,0.0,2806.0,867.0,0.0,glioma,4,0.9992872416250891
2917,2,0.0,2888.0,0.0,2890.359999999986,990.0,0.0,glioma,4,0.9991834927137152
2918,2,0.0,2652.0,0.0,2663.8800000000047,747.0,0.0,glioma,2,0.9955403396549377
2919,2,0.0,2426.2850000000035,0.0,2437.0,611.0,0.0,glioma,2,0.9956032006565464
2920,2,0.0,2505.0,0.0,2518.0,668.0,0.0,glioma,2,0.9948371723590151
2921,2,0.0,2318.0,0.0,2326.0,570.0,0.0,glioma,2,0.9965606190885641
2922,2,0.0,2449.0,0.0,2457.0,611.0,0.0,glioma,2,0.9967439967439967
2923,2,0.0,2232.0,0.0,2235.0,478.0,0.0,glioma,2,0.9986577181208054
2924,2,0.0,2247.0,0.0,2250.0,528.0,0.0,glioma,2,0.9986666666666667
2925,2,0.0,2089.0,0.0,2086.0,897.0,0.027085590465872156,glioma,5,1.00143815915628
2926,2,0.0,1942.0,0.0,1932.7649999999849,943.0,0.050095419847328244,glioma,5,1.0047781287430262
2927,2,0.0,2113.0,0.0,2099.704999999987,1286.0,0.0508637236084453,glioma,5,1.0063318418539808
2928,2,0.0,1994.0,0.0,1996.0,900.0,0.002718260313399424,glioma,5,0.998997995991984
2929,2,0.0,2187.0,0.0,2188.0,1409.0,0.0,glioma,5,0.9995429616087751
2930,2,0.0,2102.0,0.0,2103.0,1100.0,0.0012916559028674762,glioma,5,0.9995244888254874
2931,2,0.0,2290.0,0.0,2284.0,1196.5,0.01500833796553641,glioma,5,1.0026269702276707
2932,2,0.0,2166.0,0.0,2164.0,904.0,0.01085972850678733,glioma,5,1.0009242144177448
2933,2,0.0,2386.0,0.0,2387.0,970.0,0.0,glioma,5,0.9995810640971932
2934,2,0.0,2460.0,0.0,2470.0,750.0,0.0,glioma,4,0.9959514170040485
2935,2,0.0,2513.0,0.0,2525.0,1071.5,0.0,glioma,4,0.9952475247524752
2936,2,0.0,2580.0,0.0,2592.0,1075.0,0.0,glioma,4,0.9953703703703703
2937,2,0.0,2552.0,0.0,2564.0,1091.0,0.0,glioma,4,0.9953198127925117
2938,2,0.0,2358.0,0.0,2370.264999999985,661.0,7.578053955744165e-05,glioma,4,0.9948254731011154
2939,2,0.0,2355.0,0.0,2375.0,649.0,0.0,glioma,4,0.991578947368421
2940,2,0.0,2134.0,0.0,2143.0,521.0,0.0013949654429015281,glioma,4,0.9958002799813346
2941,2,0.0,2145.0,0.0,2154.0,571.0,0.0005235210530252038,glioma,4,0.9958217270194986
2942,2,0.0,2029.0,0.0,2035.0,528.5,0.0,glioma,4,0.9970515970515971
2943,2,0.0,1985.0,0.0,1989.0,670.0,0.0,glioma,4,0.9979889391654098
2944,2,0.0,3062.0,0.0,3068.0,788.0,0.0,glioma,1,0.9980443285528031
2945,2,0.0,2998.0,0.0,3012.0,820.0,0.0,glioma,1,0.9953519256308101
2946,2,0.0,2895.0,0.0,2905.095000000001,796.0,0.0,glioma,1,0.996525070608706
2947,2,0.0,2650.2850000000035,0.0,2655.0,742.0,0.0,glioma,1,0.998224105461395
2948,2,0.0,2515.2850000000035,0.0,2527.024999999994,549.0,0.0,glioma,4,0.9953542208723734
2949,2,0.0,2371.0,0.0,2382.0,553.0,0.0,glioma,4,0.9953820319059614
2950,2,0.0,2468.0,0.0,2480.0,585.0,0.0,glioma,4,0.9951612903225806
2951,2,0.0,2311.0,0.0,2318.0,582.0,0.0,glioma,4,0.9969801553062986
2952,2,0.0,2234.0,0.0,2239.0,569.0,0.0,glioma,4,0.9977668602054489
2953,2,0.0,2215.0,0.0,2216.0100000000093,536.0,0.0,glioma,4,0.999544225883453
2954,2,0.0,2156.0,0.0,2156.899999999994,492.0,0.0,glioma,4,0.9995827344800435
2955,2,0.0,2062.0,0.0,2064.0,536.0,0.0,glioma,3,0.999031007751938
2956,2,0.0,1991.0,0.0,1996.0,530.0,0.0,glioma,3,0.9974949899799599
2957,2,0.0,1966.0,0.0,1972.0,383.0,0.0,glioma,3,0.9969574036511156
2958,2,0.0,1983.2850000000035,0.0,1990.0,317.0,0.0,glioma,3,0.9966256281407053
2959,2,0.0,1995.0,0.0,1999.0,334.0,0.0,glioma,3,0.9979989994997499
2960,2,0.0,1922.0,0.0,1924.929999999993,475.0,0.0,glioma,3,0.9984778667276248
2961,2,0.0,2130.2850000000035,0.0,2134.0,779.0,0.0,glioma,3,0.9982591377694486
2962,2,0.0,2207.0,0.0,2210.0,678.0,0.0,glioma,3,0.9986425339366516
2963,2,0.0,2177.0,0.0,2182.0,729.0,0.0010366722819748608,glioma,3,0.9977085242896425
2964,2,0.0,2245.0,0.0,2253.0,806.0,0.0,glioma,3,0.9964491788726143
2965,2,0.0,2074.0,0.0,2085.0,754.0,0.0,glioma,3,0.9947242206235012
2966,2,0.0,2172.0,0.0,2173.0,785.0,0.0,glioma,3,0.9995398067188219
2967,2,0.0,2096.0,0.0,2101.0,844.5,0.0,glioma,3,0.9976201808662541
2968,2,0.0,2200.0,0.0,2197.0,966.0,0.0103505057633498,glioma,3,1.0013654984069185
2969,2,0.0,2058.0,0.0,2063.0,821.0,0.0,glioma,3,0.9975763451284537
2970,2,0.0,2401.0,0.0,2403.0,890.0,0.0,glioma,5,0.9991677070328756
2971,2,0.0,2394.0,0.0,2398.0,862.0,0.0,glioma,5,0.9983319432860718
2972,2,0.0,2339.2850000000035,0.0,2341.0,838.0,0.0,glioma,5,0.9992674070909883
2973,2,0.0,2373.0,0.0,2374.0,835.0,0.0,glioma,5,0.9995787700084247
2974,2,0.0,2253.0,0.0,2254.0,909.0,0.0,glioma,5,0.9995563442768411
2975,2,0.0,2483.0,0.0,2484.0,1150.0,0.0,glioma,1,0.999597423510467
2976,2,0.0,2736.2850000000035,0.0,2739.470000000001,1259.0,0.0,glioma,1,0.9988373663518865
2977,2,0.0,2592.2850000000035,0.0,2596.595000000001,1047.5,0.0,glioma,1,0.9983401339061356
2978,2,0.0,2784.0,0.0,2787.0,838.0,0.0,glioma,1,0.9989235737351991
2979,2,0.0,2627.0,0.0,2633.209999999992,761.0,0.0,glioma,1,0.9976416616980827
2980,2,0.0,3061.0,0.0,3069.100000000006,899.0,0.0,glioma,1,0.9973607898080852
2981,2,0.0,2773.0,0.0,2778.0,1078.0,0.0,glioma,1,0.9982001439884809
2982,2,0.0,2974.2850000000035,0.0,2976.0,1263.0,0.0,glioma,1,0.9994237231182808
2983,2,0.0,1944.0,0.0,1950.0,546.0,0.0,glioma,4,0.9969230769230769
2984,2,0.0,2101.0,0.0,2108.4899999999907,693.0,0.0,glioma,4,0.9964476947958061
2985,2,0.0,1899.0,0.0,1907.0,606.0,0.0,glioma,4,0.9958049292081804
2986,2,0.0,2153.2850000000035,0.0,2159.0,694.0,0.0,glioma,4,0.9973529411764722
2987,2,0.0,1967.2850000000035,0.0,1980.859999999986,630.0,0.0,glioma,4,0.9931469159859947
2988,2,0.0,2144.2850000000035,0.0,2157.0,690.0,0.00014167316001983425,glioma,4,0.9941052387575352
2989,2,0.0,1955.0,0.0,1971.0450000000128,567.0,0.00028100412139378045,glioma,4,0.9918596480547056
2990,2,0.0,2211.2850000000035,0.0,2224.0,576.0,0.00027002700270027,glioma,4,0.9942828237410087
2991,2,0.0,2061.0,0.0,2061.0,490.0,0.004963176432917067,glioma,4,1.0
2992,2,0.0,2472.2850000000035,0.0,2486.0,644.0,0.0,glioma,4,0.9944831053901865
2993,2,0.0,2890.2850000000035,0.0,2895.0,957.0,0.0,glioma,3,0.9983713298791032
2994,2,0.0,2666.0,0.0,2670.834999999992,863.0,0.0,glioma,3,0.998189704717816
2995,2,0.0,2967.0,0.0,2978.0,856.0,0.0,glioma,3,0.996306245802552
2996,2,0.0,3004.0,0.0,3007.0,813.5,0.0,glioma,5,0.9990023279015631
2997,2,0.0,2657.2850000000035,0.0,2660.0,605.0,0.0,glioma,5,0.998979323308272
2998,2,0.0,3063.2850000000035,0.0,3068.0,851.0,0.0028443722064201544,glioma,5,0.9984631681877456
2999,2,0.0,3077.0,0.0,3083.779999999999,677.0,0.0007844675426554226,glioma,1,0.9978013995810341
3000,2,0.0,2992.0,0.0,2995.734999999986,699.0,0.002391629297458894,glioma,1,0.9987532275051078
3001,2,0.0,3008.0,0.0,3018.0,763.0,0.0007309051041539773,glioma,1,0.9966865473823724
3002,2,0.0,3014.0,0.0,3022.0,849.0,0.0001979414093428345,glioma,1,0.9973527465254798
3003,2,0.0,3161.0,0.0,3167.0,1071.0,0.00042710706150341686,glioma,1,0.998105462582886
3004,2,0.0,3358.2850000000035,0.0,3360.0,1100.0,0.0,glioma,1,0.9994895833333344
3005,2,0.0,1165.0,0.0,1167.0,545.0,0.0,glioma,2,0.998286203941731
3006,2,0.0,1047.0,0.0,1048.0,512.0,0.003770423125261835,glioma,2,0.9990458015267175
3007,2,0.0,1092.0,0.0,1094.0,497.0,0.00023485204321277596,glioma,2,0.9981718464351006
3008,2,0.0,1052.0,0.0,1052.0,459.0,0.0035545023696682463,glioma,2,1.0
3009,2,0.0,2048.0,0.0,2047.0,939.0,0.008430913348946136,glioma,1,1.0004885197850513
3010,2,0.0,2295.0,0.0,2270.595000000001,1046.0,0.04508529650690495,glioma,1,1.0107482840400859
3011,2,0.0,1991.0,0.0,1993.0,581.0,0.0,glioma,1,0.9989964877069744
3012,2,0.0,2170.0,0.0,2172.0,638.0,0.0,glioma,1,0.9990791896869244
3013,2,0.0,2083.0,0.0,2085.0,505.0,0.0,glioma,1,0.9990407673860912
3014,2,0.0,2706.0,0.0,2710.0,698.0,0.0,glioma,5,0.9985239852398524
3015,2,0.0,2641.0,0.0,2646.0,738.0,0.0,glioma,5,0.9981103552532123
3016,2,0.0,2587.0,0.0,2592.0,670.0,0.0,glioma,5,0.998070987654321
3017,2,0.0,2853.2850000000035,0.0,2861.0,795.0,0.0,glioma,5,0.9973033904229303
3018,2,0.0,2850.0,0.0,2857.0,655.0,0.0,glioma,5,0.9975498774938747
3019,2,0.0,3095.0,0.0,3099.0,665.0,0.0,glioma,5,0.9987092610519522
3020,2,0.0,2196.0,0.0,2199.0,646.0,0.0,glioma,5,0.9986357435197817
3021,2,0.0,2173.0,0.0,2174.0,542.0,0.0,glioma,5,0.999540018399264
3022,2,0.0,1165.0,0.0,1165.0,742.0,0.003629764065335753,glioma,3,1.0
3023,2,0.0,1089.0,0.0,1090.0,730.0,0.002871088142405972,glioma,3,0.9990825688073395
3024,2,0.0,1247.0,0.0,1245.0,756.0,0.008812125484666901,glioma,3,1.0016064257028112
3025,2,0.0,1235.0,0.0,1230.6399999999849,646.0,0.01854427445526194,glioma,3,1.0035428720015724
3026,2,0.0,1363.0,0.0,1364.3949999999895,812.0,0.0,glioma,3,0.9989775688125583
3027,2,0.0,1263.0,0.0,1265.0,701.0,0.0,glioma,3,0.9984189723320158
3028,2,0.0,1407.0,0.0,1407.0,703.0,0.0,glioma,3,1.0
3029,2,0.0,1195.0,0.0,1195.0,732.0,0.006475716064757161,glioma,5,1.0
3030,1,0.0,495.0,0.0,496.0,267.0,0.0,meningioma,5,0.9979838709677419
3031,2,0.0,1042.2850000000035,0.0,1031.0,545.0,0.015208000473400794,glioma,4,1.0109456838021373
3032,2,0.0,1309.2850000000035,0.0,1286.0,507.0,0.016665003492665403,glioma,4,1.0181065318818068
3033,2,0.0,1152.0,0.0,1129.0,433.0,0.015133937987766294,glioma,4,1.0203720106288752
3034,2,0.0,1237.0,0.0,1240.0,634.0,0.002783535682558484,glioma,4,0.9975806451612903
3035,2,0.0,1146.0,0.0,1150.9500000000116,586.0,0.0,glioma,4,0.9956992050045513
3036,2,0.0,1272.0,0.0,1274.0,563.5,0.0,glioma,4,0.9984301412872841
3037,2,0.0,1305.0,0.0,1307.0,776.0,0.0,glioma,4,0.9984697781178271
3038,2,0.0,1203.0,0.0,1204.0,726.0,0.0,glioma,4,0.9991694352159468
3039,2,0.0,3106.0,0.0,3106.0,1529.0,0.0,glioma,4,1.0
3040,2,0.0,2967.2850000000035,0.0,2968.0,1880.0,0.0,glioma,4,0.9997590970350416
3041,2,0.0,2771.0,0.0,2771.0,1577.0,0.0,glioma,4,1.0
3042,2,0.0,4487.0,0.0,4500.0,1165.0,0.0,glioma,2,0.9971111111111111
3043,2,0.0,4361.0,0.0,4368.345000000001,884.0,0.0,glioma,2,0.9983185851850068
3044,2,0.0,4529.0,0.0,4538.0,1068.0,0.0,glioma,2,0.998016747465844
3045,2,0.0,4434.0,0.0,4441.0,1012.0,0.0,glioma,2,0.9984237784282819
3046,2,0.0,4509.2850000000035,0.0,4514.0,1186.0,0.0,glioma,2,0.9989554718653088
3047,2,0.0,2863.0,0.0,2855.0,1671.0,0.06367041198501873,glioma,4,1.002802101576182
3048,2,0.0,2620.0,0.0,2614.0,1483.0,0.07436399217221135,glioma,4,1.0022953328232593
3049,2,0.0,2813.0,0.0,2815.0,743.0,0.0,glioma,2,0.9992895204262877
3050,2,0.0,2895.0,0.0,2899.0,940.0,0.0,glioma,2,0.9986202138668506
3051,2,0.0,2794.0,0.0,2803.0,967.0,0.0,glioma,2,0.9967891544773457
3052,2,0.0,3018.0,0.0,3028.0,1012.0,8.853474988933157e-05,glioma,2,0.9966974900924703
3053,2,0.0,2897.0,0.0,2909.0199999999895,938.0,0.0011409447022134327,glioma,2,0.9958680242830955
3054,2,0.0,3129.0,0.0,3144.0,972.0,0.0,glioma,2,0.9952290076335878
3055,2,0.0,2958.0,0.0,2971.445000000007,839.0,0.0,glioma,2,0.9954752654011745
3056,2,0.0,2450.0,0.0,2454.0,1121.5,0.0,glioma,4,0.9983700081499592
3057,2,0.0,2453.0,0.0,2456.9349999999977,1148.0,0.0,glioma,4,0.9983984110283757
3058,2,0.0,2409.0,0.0,2413.6449999999895,1206.0,0.0004508566275924256,glioma,4,0.998075524776846
3059,2,0.0,2532.0,0.0,2535.929999999993,1264.0,0.0013206867571136992,glioma,4,0.998450272681031
3060,2,0.0,2560.0,0.0,2565.0,1067.0,0.0,glioma,4,0.9980506822612085
3061,2,0.0,2709.2850000000035,0.0,2713.0,1252.0,0.0,glioma,4,0.9986306671581289
3062,2,0.0,2770.0,0.0,2770.345000000001,910.5,0.0,glioma,4,0.9998754667739934
3063,1,0.0,784.0,0.0,785.0,517.0,0.0,meningioma,2,0.9987261146496815
3064,1,0.0,1991.0,0.0,1993.875,822.0,0.0,meningioma,1,0.9985580841326562
