satir,goruntu_no,dosya,hasta,kat,gercek_etiket_no,gercek_etiket,tahmin_no,tahmin,dogru_mu,olasilik_Meningiom,olasilik_Gliom,olasilik_Hipofiz tümörü
0,1,brain_tumor_figshare/1.mat,100360,5,0,Meningiom,1,Gliom,hayır,0.011943,0.93764,0.050417
1,2,brain_tumor_figshare/2.mat,100360,5,0,Meningiom,1,Gliom,hayır,0.029523,0.943728,0.026748
2,3,brain_tumor_figshare/3.mat,100360,5,0,Meningiom,0,Meningiom,evet,0.895821,0.10338,0.000799
3,4,brain_tumor_figshare/4.mat,100360,5,0,Meningiom,0,Meningiom,evet,0.997222,0.002337,0.000442
4,5,brain_tumor_figshare/5.mat,100360,5,0,Meningiom,1,Gliom,hayır,0.00078,0.998985,0.000235
5,6,brain_tumor_figshare/6.mat,100572,3,0,Meningiom,2,Hipofiz tümörü,hayır,0.002071,1e-05,0.997919
6,7,brain_tumor_figshare/7.mat,100572,3,0,Meningiom,2,Hipofiz tümörü,hayır,0.002867,2.1e-05,0.997112
7,8,brain_tumor_figshare/8.mat,100572,3,0,Meningiom,2,Hipofiz tümörü,hayır,0.005681,2.4e-05,0.994295
8,9,brain_tumor_figshare/9.mat,101016,4,0,Meningiom,0,Meningiom,evet,0.847339,0.09681,0.055851
9,10,brain_tumor_figshare/10.mat,101016,4,0,Meningiom,1,Gliom,hayır,0.257448,0.73721,0.005342
10,11,brain_tumor_figshare/11.mat,101016,4,0,Meningiom,0,Meningiom,evet,0.835975,0.162366,0.001659
11,12,brain_tumor_figshare/12.mat,101016,4,0,Meningiom,0,Meningiom,evet,0.98442,0.015375,0.000205
12,13,brain_tumor_figshare/13.mat,101016,4,0,Meningiom,0,Meningiom,evet,0.767103,0.232442,0.000454
13,14,brain_tumor_figshare/14.mat,101016,4,0,Meningiom,0,Meningiom,evet,0.999981,1.6e-05,3e-06
14,15,brain_tumor_figshare/15.mat,101016,4,0,Meningiom,0,Meningiom,evet,0.99993,6.4e-05,6e-06
15,16,brain_tumor_figshare/16.mat,101127,4,0,Meningiom,2,Hipofiz tümörü,hayır,0.002638,6.5e-05,0.997297
16,17,brain_tumor_figshare/17.mat,101127,4,0,Meningiom,0,Meningiom,evet,0.65101,0.000849,0.348141
17,18,brain_tumor_figshare/18.mat,101127,4,0,Meningiom,2,Hipofiz tümörü,hayır,0.20332,0.001968,0.794712
18,19,brain_tumor_figshare/19.mat,101127,4,0,Meningiom,2,Hipofiz tümörü,hayır,0.038806,0.00952,0.951674
19,20,brain_tumor_figshare/20.mat,101797,5,0,Meningiom,1,Gliom,hayır,0.185111,0.813723,0.001166
20,21,brain_tumor_figshare/21.mat,101797,5,0,Meningiom,0,Meningiom,evet,0.975122,0.024768,0.000109
21,22,brain_tumor_figshare/22.mat,101797,5,0,Meningiom,1,Gliom,hayır,0.361069,0.636372,0.002559
22,23,brain_tumor_figshare/23.mat,101797,5,0,Meningiom,0,Meningiom,evet,0.775956,0.221917,0.002128
23,24,brain_tumor_figshare/24.mat,102420,1,0,Meningiom,0,Meningiom,evet,0.996157,0.003633,0.00021
24,25,brain_tumor_figshare/25.mat,102420,1,0,Meningiom,0,Meningiom,evet,0.985409,0.002962,0.011629
25,26,brain_tumor_figshare/26.mat,102446,3,0,Meningiom,0,Meningiom,evet,0.999902,5.8e-05,4e-05
26,27,brain_tumor_figshare/27.mat,102675,1,0,Meningiom,0,Meningiom,evet,0.999991,0.0,9e-06
27,28,brain_tumor_figshare/28.mat,102714,5,0,Meningiom,0,Meningiom,evet,0.950916,0.000543,0.048541
28,29,brain_tumor_figshare/29.mat,102714,5,0,Meningiom,0,Meningiom,evet,0.974019,0.000789,0.025192
29,30,brain_tumor_figshare/30.mat,102714,5,0,Meningiom,0,Meningiom,evet,0.998782,2e-06,0.001215
30,31,brain_tumor_figshare/31.mat,102714,5,0,Meningiom,0,Meningiom,evet,0.995265,5.1e-05,0.004684
31,32,brain_tumor_figshare/32.mat,102929,2,0,Meningiom,0,Meningiom,evet,0.999696,9.9e-05,0.000205
32,33,brain_tumor_figshare/33.mat,102929,2,0,Meningiom,0,Meningiom,evet,0.999684,0.000241,7.5e-05
33,34,brain_tumor_figshare/34.mat,102935,1,0,Meningiom,0,Meningiom,evet,0.999976,2e-06,2.3e-05
34,35,brain_tumor_figshare/35.mat,102985,4,0,Meningiom,0,Meningiom,evet,0.995446,0.001969,0.002585
35,36,brain_tumor_figshare/36.mat,103673,5,0,Meningiom,2,Hipofiz tümörü,hayır,2e-06,0.0,0.999998
36,37,brain_tumor_figshare/37.mat,103673,5,0,Meningiom,2,Hipofiz tümörü,hayır,1e-06,0.0,0.999999
37,38,brain_tumor_figshare/38.mat,103673,5,0,Meningiom,2,Hipofiz tümörü,hayır,0.0,0.0,1.0
38,39,brain_tumor_figshare/39.mat,103673,5,0,Meningiom,2,Hipofiz tümörü,hayır,0.0,0.0,1.0
39,40,brain_tumor_figshare/40.mat,103673,5,0,Meningiom,2,Hipofiz tümörü,hayır,1e-06,0.0,0.999999
40,41,brain_tumor_figshare/41.mat,103673,5,0,Meningiom,2,Hipofiz tümörü,hayır,0.0,0.0,1.0
41,42,brain_tumor_figshare/42.mat,103925,4,0,Meningiom,0,Meningiom,evet,0.88164,0.105487,0.012873
42,43,brain_tumor_figshare/43.mat,103925,4,0,Meningiom,0,Meningiom,evet,0.9976,0.000895,0.001505
43,44,brain_tumor_figshare/44.mat,103925,4,0,Meningiom,0,Meningiom,evet,0.998636,1.8e-05,0.001346
44,45,brain_tumor_figshare/45.mat,104167,3,0,Meningiom,0,Meningiom,evet,0.999191,0.00076,4.9e-05
45,46,brain_tumor_figshare/46.mat,104167,3,0,Meningiom,0,Meningiom,evet,0.999801,0.000139,6e-05
46,47,brain_tumor_figshare/47.mat,104167,3,0,Meningiom,0,Meningiom,evet,0.999435,0.000375,0.00019
47,48,brain_tumor_figshare/48.mat,104167,3,0,Meningiom,0,Meningiom,evet,0.999607,0.00021,0.000183
48,49,brain_tumor_figshare/49.mat,104281,3,0,Meningiom,0,Meningiom,evet,0.999954,3.7e-05,9e-06
49,50,brain_tumor_figshare/50.mat,104281,3,0,Meningiom,0,Meningiom,evet,0.999707,0.000272,2.2e-05
50,51,brain_tumor_figshare/51.mat,104281,3,0,Meningiom,0,Meningiom,evet,0.999692,0.000301,7e-06
51,52,brain_tumor_figshare/52.mat,104281,3,0,Meningiom,0,Meningiom,evet,0.994762,0.005189,4.8e-05
52,53,brain_tumor_figshare/53.mat,104281,3,0,Meningiom,0,Meningiom,evet,0.990956,0.008841,0.000203
53,54,brain_tumor_figshare/54.mat,104281,3,0,Meningiom,0,Meningiom,evet,0.99995,3.4e-05,1.6e-05
54,55,brain_tumor_figshare/55.mat,104281,3,0,Meningiom,0,Meningiom,evet,0.998732,0.000629,0.000639
55,56,brain_tumor_figshare/56.mat,105374,4,0,Meningiom,0,Meningiom,evet,0.693574,0.302715,0.003711
56,57,brain_tumor_figshare/57.mat,105374,4,0,Meningiom,0,Meningiom,evet,0.952774,0.039779,0.007447
57,58,brain_tumor_figshare/58.mat,105555,5,0,Meningiom,0,Meningiom,evet,0.997649,0.001624,0.000727
58,59,brain_tumor_figshare/59.mat,58392,3,2,Hipofiz tümörü,2,Hipofiz tümörü,evet,2.5e-05,1.3e-05,0.999962
59,60,brain_tumor_figshare/60.mat,105937,1,0,Meningiom,0,Meningiom,evet,0.99597,0.003155,0.000875
60,61,brain_tumor_figshare/61.mat,105937,1,0,Meningiom,0,Meningiom,evet,0.992318,0.007334,0.000347
61,62,brain_tumor_figshare/62.mat,106284,2,0,Meningiom,1,Gliom,hayır,0.018215,0.945298,0.036487
62,63,brain_tumor_figshare/63.mat,106284,2,0,Meningiom,0,Meningiom,evet,0.525214,0.262957,0.21183
63,64,brain_tumor_figshare/64.mat,106284,2,0,Meningiom,1,Gliom,hayır,0.26374,0.54508,0.19118
64,65,brain_tumor_figshare/65.mat,106284,2,0,Meningiom,1,Gliom,hayır,0.079362,0.724511,0.196127
65,66,brain_tumor_figshare/66.mat,106284,2,0,Meningiom,1,Gliom,hayır,0.038296,0.938243,0.023461
66,67,brain_tumor_figshare/67.mat,106442,1,0,Meningiom,0,Meningiom,evet,0.999972,8e-06,2e-05
67,68,brain_tumor_figshare/68.mat,106442,1,0,Meningiom,0,Meningiom,evet,0.999642,0.000202,0.000156
68,69,brain_tumor_figshare/69.mat,106442,1,0,Meningiom,0,Meningiom,evet,0.999875,5.3e-05,7.2e-05
69,70,brain_tumor_figshare/70.mat,106442,1,0,Meningiom,0,Meningiom,evet,0.999526,0.000124,0.00035
70,71,brain_tumor_figshare/71.mat,106534,4,0,Meningiom,0,Meningiom,evet,0.999933,2.7e-05,3.9e-05
71,72,brain_tumor_figshare/72.mat,106534,4,0,Meningiom,0,Meningiom,evet,0.999915,5e-05,3.5e-05
72,73,brain_tumor_figshare/73.mat,106665,3,0,Meningiom,0,Meningiom,evet,0.978331,0.020952,0.000716
73,74,brain_tumor_figshare/74.mat,106665,3,0,Meningiom,0,Meningiom,evet,0.954174,0.04368,0.002146
74,75,brain_tumor_figshare/75.mat,106665,3,0,Meningiom,0,Meningiom,evet,0.998439,0.001409,0.000152
75,76,brain_tumor_figshare/76.mat,106665,3,0,Meningiom,0,Meningiom,evet,0.997033,0.002754,0.000214
76,77,brain_tumor_figshare/77.mat,106665,3,0,Meningiom,0,Meningiom,evet,0.99857,0.001173,0.000258
77,78,brain_tumor_figshare/78.mat,106665,3,0,Meningiom,0,Meningiom,evet,0.998424,0.001039,0.000537
78,79,brain_tumor_figshare/79.mat,106665,3,0,Meningiom,1,Gliom,hayır,0.146999,0.850434,0.002567
79,80,brain_tumor_figshare/80.mat,106720,1,0,Meningiom,0,Meningiom,evet,0.996461,0.000944,0.002596
80,81,brain_tumor_figshare/81.mat,106720,1,0,Meningiom,0,Meningiom,evet,0.999821,9e-06,0.00017
81,82,brain_tumor_figshare/82.mat,106720,1,0,Meningiom,0,Meningiom,evet,0.999572,0.000147,0.000281
82,83,brain_tumor_figshare/83.mat,106720,1,0,Meningiom,0,Meningiom,evet,0.99832,0.000458,0.001222
83,84,brain_tumor_figshare/84.mat,106720,1,0,Meningiom,0,Meningiom,evet,0.993007,0.004124,0.002868
84,85,brain_tumor_figshare/85.mat,106720,1,0,Meningiom,0,Meningiom,evet,0.998598,0.001055,0.000347
85,86,brain_tumor_figshare/86.mat,106720,1,0,Meningiom,0,Meningiom,evet,0.507786,0.488969,0.003245
86,87,brain_tumor_figshare/87.mat,106914,2,0,Meningiom,0,Meningiom,evet,0.997542,0.002394,6.4e-05
87,88,brain_tumor_figshare/88.mat,106914,2,0,Meningiom,0,Meningiom,evet,0.824708,0.174938,0.000355
88,89,brain_tumor_figshare/89.mat,106914,2,0,Meningiom,0,Meningiom,evet,0.902385,0.096125,0.00149
89,90,brain_tumor_figshare/90.mat,106914,2,0,Meningiom,0,Meningiom,evet,0.961296,0.03775,0.000954
90,91,brain_tumor_figshare/91.mat,107190,5,0,Meningiom,0,Meningiom,evet,0.999817,7.3e-05,0.00011
91,92,brain_tumor_figshare/92.mat,107190,5,0,Meningiom,0,Meningiom,evet,0.699903,0.29067,0.009428
92,93,brain_tumor_figshare/93.mat,107248,5,0,Meningiom,1,Gliom,hayır,0.32518,0.659736,0.015084
93,94,brain_tumor_figshare/94.mat,107248,5,0,Meningiom,0,Meningiom,evet,0.584013,0.395328,0.02066
94,95,brain_tumor_figshare/95.mat,107248,5,0,Meningiom,0,Meningiom,evet,0.996953,0.000151,0.002896
95,96,brain_tumor_figshare/96.mat,107248,5,0,Meningiom,0,Meningiom,evet,0.700604,0.226496,0.0729
96,97,brain_tumor_figshare/97.mat,107248,5,0,Meningiom,0,Meningiom,evet,0.725397,0.041815,0.232788
97,98,brain_tumor_figshare/98.mat,107248,5,0,Meningiom,2,Hipofiz tümörü,hayır,0.08638,0.09245,0.821171
98,99,brain_tumor_figshare/99.mat,107494,4,0,Meningiom,0,Meningiom,evet,0.94136,0.048355,0.010285
99,100,brain_tumor_figshare/100.mat,107494,4,0,Meningiom,0,Meningiom,evet,0.991889,0.002705,0.005406
100,101,brain_tumor_figshare/101.mat,107494,4,0,Meningiom,0,Meningiom,evet,0.919148,0.000108,0.080744
101,102,brain_tumor_figshare/102.mat,107494,4,0,Meningiom,0,Meningiom,evet,0.947641,0.02373,0.02863
102,103,brain_tumor_figshare/103.mat,107494,4,0,Meningiom,0,Meningiom,evet,0.618191,0.02541,0.356399
103,104,brain_tumor_figshare/104.mat,108514,5,0,Meningiom,1,Gliom,hayır,0.462804,0.52547,0.011726
104,105,brain_tumor_figshare/105.mat,108514,5,0,Meningiom,0,Meningiom,evet,0.974731,0.023316,0.001953
105,106,brain_tumor_figshare/106.mat,108514,5,0,Meningiom,0,Meningiom,evet,0.982903,0.012927,0.00417
106,107,brain_tumor_figshare/107.mat,108514,5,0,Meningiom,0,Meningiom,evet,0.999155,0.000622,0.000222
107,108,brain_tumor_figshare/108.mat,108514,5,0,Meningiom,0,Meningiom,evet,0.998702,0.001031,0.000268
108,109,brain_tumor_figshare/109.mat,108514,5,0,Meningiom,0,Meningiom,evet,0.99996,1.5e-05,2.5e-05
109,110,brain_tumor_figshare/110.mat,108514,5,0,Meningiom,0,Meningiom,evet,0.999923,4.3e-05,3.4e-05
110,111,brain_tumor_figshare/111.mat,108550,5,0,Meningiom,2,Hipofiz tümörü,hayır,0.362741,0.000131,0.637128
111,112,brain_tumor_figshare/112.mat,108550,5,0,Meningiom,2,Hipofiz tümörü,hayır,0.000324,0.0,0.999676
112,113,brain_tumor_figshare/113.mat,108590,3,0,Meningiom,0,Meningiom,evet,0.992653,0.000314,0.007033
113,114,brain_tumor_figshare/114.mat,108590,3,0,Meningiom,0,Meningiom,evet,0.997963,0.000968,0.001069
114,115,brain_tumor_figshare/115.mat,108945,4,0,Meningiom,0,Meningiom,evet,0.999663,2e-06,0.000335
115,116,brain_tumor_figshare/116.mat,108945,4,0,Meningiom,0,Meningiom,evet,0.999991,0.0,8e-06
116,117,brain_tumor_figshare/117.mat,108945,4,0,Meningiom,1,Gliom,hayır,0.020879,0.978875,0.000246
117,118,brain_tumor_figshare/118.mat,108945,4,0,Meningiom,0,Meningiom,evet,0.999987,1e-06,1.2e-05
118,119,brain_tumor_figshare/119.mat,109411,3,0,Meningiom,0,Meningiom,evet,0.999915,6e-06,7.9e-05
119,120,brain_tumor_figshare/120.mat,109968,3,0,Meningiom,0,Meningiom,evet,0.999975,2e-06,2.3e-05
120,121,brain_tumor_figshare/121.mat,109968,3,0,Meningiom,0,Meningiom,evet,0.999984,3e-06,1.3e-05
121,122,brain_tumor_figshare/122.mat,109968,3,0,Meningiom,0,Meningiom,evet,0.999978,8e-06,1.4e-05
122,123,brain_tumor_figshare/123.mat,109968,3,0,Meningiom,0,Meningiom,evet,0.999921,5.6e-05,2.3e-05
123,124,brain_tumor_figshare/124.mat,110116,5,0,Meningiom,2,Hipofiz tümörü,hayır,0.000512,0.0,0.999487
124,125,brain_tumor_figshare/125.mat,111077,2,0,Meningiom,0,Meningiom,evet,0.975011,0.02449,0.000499
125,126,brain_tumor_figshare/126.mat,111077,2,0,Meningiom,0,Meningiom,evet,0.927996,0.071588,0.000417
126,127,brain_tumor_figshare/127.mat,111077,2,0,Meningiom,0,Meningiom,evet,0.998178,0.001775,4.6e-05
127,128,brain_tumor_figshare/128.mat,111366,3,0,Meningiom,0,Meningiom,evet,0.955231,0.041978,0.002791
128,129,brain_tumor_figshare/129.mat,111366,3,0,Meningiom,0,Meningiom,evet,0.895165,0.09675,0.008086
129,130,brain_tumor_figshare/130.mat,111366,3,0,Meningiom,0,Meningiom,evet,0.887562,0.110547,0.001891
130,131,brain_tumor_figshare/131.mat,111366,3,0,Meningiom,0,Meningiom,evet,0.988077,0.008054,0.003869
131,132,brain_tumor_figshare/132.mat,111532,1,0,Meningiom,0,Meningiom,evet,0.998148,0.00176,9.3e-05
132,133,brain_tumor_figshare/133.mat,111532,1,0,Meningiom,0,Meningiom,evet,0.996074,0.003862,6.4e-05
133,134,brain_tumor_figshare/134.mat,111532,1,0,Meningiom,0,Meningiom,evet,0.830356,0.1694,0.000243
134,135,brain_tumor_figshare/135.mat,112002,2,0,Meningiom,0,Meningiom,evet,0.652213,0.346277,0.00151
135,136,brain_tumor_figshare/136.mat,112002,2,0,Meningiom,0,Meningiom,evet,0.970038,0.028941,0.001021
136,137,brain_tumor_figshare/137.mat,112002,2,0,Meningiom,0,Meningiom,evet,0.642012,0.351947,0.006042
137,138,brain_tumor_figshare/138.mat,112002,2,0,Meningiom,0,Meningiom,evet,0.695105,0.286953,0.017941
138,139,brain_tumor_figshare/139.mat,112062,4,0,Meningiom,0,Meningiom,evet,0.999994,4e-06,1e-06
139,140,brain_tumor_figshare/140.mat,112062,4,0,Meningiom,0,Meningiom,evet,0.999999,0.0,1e-06
140,141,brain_tumor_figshare/141.mat,112062,4,0,Meningiom,0,Meningiom,evet,0.999942,3.8e-05,2e-05
141,142,brain_tumor_figshare/142.mat,112252,1,0,Meningiom,0,Meningiom,evet,0.9997,0.000255,4.5e-05
142,143,brain_tumor_figshare/143.mat,112252,1,0,Meningiom,0,Meningiom,evet,0.965691,0.034156,0.000153
143,144,brain_tumor_figshare/144.mat,112552,2,0,Meningiom,0,Meningiom,evet,0.92739,0.071608,0.001003
144,145,brain_tumor_figshare/145.mat,112552,2,0,Meningiom,0,Meningiom,evet,0.910993,0.088456,0.000551
145,146,brain_tumor_figshare/146.mat,112552,2,0,Meningiom,0,Meningiom,evet,0.968557,0.031184,0.000259
146,147,brain_tumor_figshare/147.mat,112552,2,0,Meningiom,0,Meningiom,evet,0.997107,0.002872,2.1e-05
147,148,brain_tumor_figshare/148.mat,112552,2,0,Meningiom,0,Meningiom,evet,0.839201,0.160616,0.000183
148,149,brain_tumor_figshare/149.mat,112552,2,0,Meningiom,0,Meningiom,evet,0.601843,0.397649,0.000508
149,150,brain_tumor_figshare/150.mat,112552,2,0,Meningiom,0,Meningiom,evet,0.968829,0.030176,0.000995
150,151,brain_tumor_figshare/151.mat,112648,3,0,Meningiom,0,Meningiom,evet,0.973891,0.018489,0.00762
151,152,brain_tumor_figshare/152.mat,112648,3,0,Meningiom,0,Meningiom,evet,0.878623,0.095404,0.025973
152,153,brain_tumor_figshare/153.mat,112648,3,0,Meningiom,1,Gliom,hayır,0.314476,0.62015,0.065374
153,154,brain_tumor_figshare/154.mat,113435,5,0,Meningiom,0,Meningiom,evet,0.973189,0.025655,0.001156
154,155,brain_tumor_figshare/155.mat,113435,5,0,Meningiom,0,Meningiom,evet,0.995728,0.004087,0.000185
155,156,brain_tumor_figshare/156.mat,113435,5,0,Meningiom,0,Meningiom,evet,0.997094,0.002785,0.000121
156,157,brain_tumor_figshare/157.mat,113435,5,0,Meningiom,0,Meningiom,evet,0.999989,8e-06,2e-06
157,158,brain_tumor_figshare/158.mat,113435,5,0,Meningiom,0,Meningiom,evet,0.999942,4.4e-05,1.3e-05
158,159,brain_tumor_figshare/159.mat,113435,5,0,Meningiom,0,Meningiom,evet,0.998829,0.000715,0.000456
159,160,brain_tumor_figshare/160.mat,113554,5,0,Meningiom,0,Meningiom,evet,0.987634,0.011265,0.0011
160,161,brain_tumor_figshare/161.mat,113554,5,0,Meningiom,0,Meningiom,evet,0.99916,0.000408,0.000432
161,162,brain_tumor_figshare/162.mat,113554,5,0,Meningiom,0,Meningiom,evet,0.999021,0.000273,0.000706
162,163,brain_tumor_figshare/163.mat,113805,2,0,Meningiom,0,Meningiom,evet,0.977634,0.019582,0.002784
163,164,brain_tumor_figshare/164.mat,114018,2,0,Meningiom,0,Meningiom,evet,0.804032,0.00248,0.193488
164,165,brain_tumor_figshare/165.mat,114018,2,0,Meningiom,0,Meningiom,evet,0.827605,0.000132,0.172263
165,166,brain_tumor_figshare/166.mat,114018,2,0,Meningiom,0,Meningiom,evet,0.880075,0.000168,0.119758
166,167,brain_tumor_figshare/167.mat,114018,2,0,Meningiom,2,Hipofiz tümörü,hayır,0.478202,0.002634,0.519164
167,168,brain_tumor_figshare/168.mat,114018,2,0,Meningiom,2,Hipofiz tümörü,hayır,0.229954,0.023923,0.746123
168,169,brain_tumor_figshare/169.mat,114359,2,0,Meningiom,0,Meningiom,evet,0.923888,0.07601,0.000102
169,170,brain_tumor_figshare/170.mat,114359,2,0,Meningiom,0,Meningiom,evet,0.810336,0.188884,0.000779
170,171,brain_tumor_figshare/171.mat,114359,2,0,Meningiom,0,Meningiom,evet,0.99871,0.001275,1.5e-05
171,172,brain_tumor_figshare/172.mat,114359,2,0,Meningiom,0,Meningiom,evet,0.9938,0.006107,9.3e-05
172,173,brain_tumor_figshare/173.mat,114359,2,0,Meningiom,0,Meningiom,evet,0.995628,0.004214,0.000159
173,174,brain_tumor_figshare/174.mat,114359,2,0,Meningiom,0,Meningiom,evet,0.909871,0.088975,0.001154
174,175,brain_tumor_figshare/175.mat,97607,1,0,Meningiom,0,Meningiom,evet,0.999271,0.000476,0.000254
175,176,brain_tumor_figshare/176.mat,97607,1,0,Meningiom,0,Meningiom,evet,0.999973,1.4e-05,1.2e-05
176,177,brain_tumor_figshare/177.mat,97607,1,0,Meningiom,0,Meningiom,evet,0.99997,1.2e-05,1.8e-05
177,178,brain_tumor_figshare/178.mat,97607,1,0,Meningiom,0,Meningiom,evet,0.99997,8e-06,2.3e-05
178,179,brain_tumor_figshare/179.mat,97607,1,0,Meningiom,0,Meningiom,evet,0.999453,0.000404,0.000143
179,180,brain_tumor_figshare/180.mat,97737,1,0,Meningiom,0,Meningiom,evet,0.999962,1.1e-05,2.7e-05
180,181,brain_tumor_figshare/181.mat,97737,1,0,Meningiom,0,Meningiom,evet,0.999958,1.4e-05,2.7e-05
181,182,brain_tumor_figshare/182.mat,97737,1,0,Meningiom,0,Meningiom,evet,0.999927,2.3e-05,5e-05
182,183,brain_tumor_figshare/183.mat,97737,1,0,Meningiom,0,Meningiom,evet,0.999713,0.000142,0.000145
183,184,brain_tumor_figshare/184.mat,97875,4,0,Meningiom,2,Hipofiz tümörü,hayır,0.372927,0.030835,0.596237
184,185,brain_tumor_figshare/185.mat,97875,4,0,Meningiom,2,Hipofiz tümörü,hayır,0.160479,0.001108,0.838413
185,186,brain_tumor_figshare/186.mat,97875,4,0,Meningiom,2,Hipofiz tümörü,hayır,0.398351,0.005376,0.596273
186,187,brain_tumor_figshare/187.mat,97943,3,0,Meningiom,0,Meningiom,evet,0.999694,7e-05,0.000236
187,188,brain_tumor_figshare/188.mat,97943,3,0,Meningiom,0,Meningiom,evet,0.99268,0.00242,0.0049
188,189,brain_tumor_figshare/189.mat,97943,3,0,Meningiom,0,Meningiom,evet,0.999294,0.000245,0.000461
189,190,brain_tumor_figshare/190.mat,97943,3,0,Meningiom,0,Meningiom,evet,0.999984,4e-06,1.2e-05
190,191,brain_tumor_figshare/191.mat,97943,3,0,Meningiom,0,Meningiom,evet,0.999976,8e-06,1.5e-05
191,192,brain_tumor_figshare/192.mat,98241,2,0,Meningiom,1,Gliom,hayır,0.030721,0.968881,0.000399
192,193,brain_tumor_figshare/193.mat,98241,2,0,Meningiom,1,Gliom,hayır,0.173506,0.824607,0.001887
193,194,brain_tumor_figshare/194.mat,98241,2,0,Meningiom,0,Meningiom,evet,0.878338,0.121063,0.000599
194,195,brain_tumor_figshare/195.mat,98241,2,0,Meningiom,0,Meningiom,evet,0.9892,0.010564,0.000236
195,196,brain_tumor_figshare/196.mat,98241,2,0,Meningiom,0,Meningiom,evet,0.999974,1.4e-05,1.2e-05
196,197,brain_tumor_figshare/197.mat,98241,2,0,Meningiom,0,Meningiom,evet,0.999953,3.9e-05,8e-06
197,198,brain_tumor_figshare/198.mat,99017,1,0,Meningiom,0,Meningiom,evet,0.738517,0.08648,0.175003
198,199,brain_tumor_figshare/199.mat,99017,1,0,Meningiom,2,Hipofiz tümörü,hayır,0.231613,0.039471,0.728917
199,200,brain_tumor_figshare/200.mat,99089,5,0,Meningiom,0,Meningiom,evet,0.999915,9e-06,7.6e-05
200,201,brain_tumor_figshare/201.mat,99089,5,0,Meningiom,0,Meningiom,evet,0.999991,1e-06,8e-06
201,202,brain_tumor_figshare/202.mat,99089,5,0,Meningiom,0,Meningiom,evet,0.999982,2e-06,1.7e-05
202,203,brain_tumor_figshare/203.mat,99288,2,0,Meningiom,0,Meningiom,evet,0.999664,0.000284,5.2e-05
203,204,brain_tumor_figshare/204.mat,99308,2,0,Meningiom,0,Meningiom,evet,0.999568,0.000421,1e-05
204,205,brain_tumor_figshare/205.mat,99308,2,0,Meningiom,0,Meningiom,evet,0.998891,0.001075,3.4e-05
205,206,brain_tumor_figshare/206.mat,99308,2,0,Meningiom,0,Meningiom,evet,0.999886,0.000101,1.2e-05
206,207,brain_tumor_figshare/207.mat,99308,2,0,Meningiom,0,Meningiom,evet,0.999457,0.000357,0.000187
207,208,brain_tumor_figshare/208.mat,99308,2,0,Meningiom,0,Meningiom,evet,0.999934,3.6e-05,3e-05
208,209,brain_tumor_figshare/209.mat,100820,3,1,Gliom,1,Gliom,evet,0.024067,0.97515,0.000784
209,210,brain_tumor_figshare/210.mat,100820,3,1,Gliom,0,Meningiom,hayır,0.548129,0.44903,0.002841
210,211,brain_tumor_figshare/211.mat,100360,5,0,Meningiom,1,Gliom,hayır,0.000774,0.999089,0.000137
211,212,brain_tumor_figshare/212.mat,100360,5,0,Meningiom,1,Gliom,hayır,0.000592,0.999291,0.000117
212,213,brain_tumor_figshare/213.mat,100360,5,0,Meningiom,1,Gliom,hayır,0.00151,0.998213,0.000276
213,214,brain_tumor_figshare/214.mat,100360,5,0,Meningiom,1,Gliom,hayır,0.004828,0.994877,0.000295
214,215,brain_tumor_figshare/215.mat,100360,5,0,Meningiom,1,Gliom,hayır,0.000905,0.998622,0.000473
215,216,brain_tumor_figshare/216.mat,100360,5,0,Meningiom,1,Gliom,hayır,0.003126,0.99659,0.000283
216,217,brain_tumor_figshare/217.mat,100360,5,0,Meningiom,1,Gliom,hayır,0.003084,0.996559,0.000357
217,218,brain_tumor_figshare/218.mat,100572,3,0,Meningiom,0,Meningiom,evet,0.631199,2.3e-05,0.368778
218,219,brain_tumor_figshare/219.mat,100572,3,0,Meningiom,2,Hipofiz tümörü,hayır,0.333446,0.000497,0.666057
219,220,brain_tumor_figshare/220.mat,100572,3,0,Meningiom,2,Hipofiz tümörü,hayır,0.312358,3.2e-05,0.68761
220,221,brain_tumor_figshare/221.mat,101016,4,0,Meningiom,0,Meningiom,evet,0.781778,0.217833,0.00039
221,222,brain_tumor_figshare/222.mat,101016,4,0,Meningiom,1,Gliom,hayır,0.352015,0.647318,0.000667
222,223,brain_tumor_figshare/223.mat,101016,4,0,Meningiom,1,Gliom,hayır,0.357048,0.642714,0.000238
223,224,brain_tumor_figshare/224.mat,101016,4,0,Meningiom,0,Meningiom,evet,0.74177,0.258111,0.000119
224,225,brain_tumor_figshare/225.mat,101016,4,0,Meningiom,1,Gliom,hayır,0.321097,0.678775,0.000128
225,226,brain_tumor_figshare/226.mat,101016,4,0,Meningiom,0,Meningiom,evet,0.633643,0.366114,0.000243
226,227,brain_tumor_figshare/227.mat,101127,4,0,Meningiom,2,Hipofiz tümörü,hayır,0.025029,0.001348,0.973623
227,228,brain_tumor_figshare/228.mat,101127,4,0,Meningiom,2,Hipofiz tümörü,hayır,0.088653,0.000678,0.910669
228,229,brain_tumor_figshare/229.mat,101127,4,0,Meningiom,2,Hipofiz tümörü,hayır,0.032383,0.000283,0.967335
229,230,brain_tumor_figshare/230.mat,101127,4,0,Meningiom,2,Hipofiz tümörü,hayır,0.017033,0.000261,0.982706
230,231,brain_tumor_figshare/231.mat,101797,5,0,Meningiom,1,Gliom,hayır,0.000977,0.998916,0.000107
231,232,brain_tumor_figshare/232.mat,101797,5,0,Meningiom,0,Meningiom,evet,0.862297,0.133837,0.003866
232,233,brain_tumor_figshare/233.mat,101797,5,0,Meningiom,0,Meningiom,evet,0.801949,0.145669,0.052382
233,234,brain_tumor_figshare/234.mat,101797,5,0,Meningiom,0,Meningiom,evet,0.990837,0.008923,0.000239
234,235,brain_tumor_figshare/235.mat,101797,5,0,Meningiom,1,Gliom,hayır,0.307571,0.690111,0.002318
235,236,brain_tumor_figshare/236.mat,102420,1,0,Meningiom,0,Meningiom,evet,0.999999,0.0,1e-06
236,237,brain_tumor_figshare/237.mat,102420,1,0,Meningiom,0,Meningiom,evet,0.999984,4e-06,1.2e-05
237,238,brain_tumor_figshare/238.mat,102420,1,0,Meningiom,0,Meningiom,evet,0.999073,0.000729,0.000198
238,239,brain_tumor_figshare/239.mat,102446,3,0,Meningiom,0,Meningiom,evet,0.999556,0.000124,0.000321
239,240,brain_tumor_figshare/240.mat,102675,1,0,Meningiom,0,Meningiom,evet,0.993329,0.006427,0.000244
240,241,brain_tumor_figshare/241.mat,102675,1,0,Meningiom,0,Meningiom,evet,0.987276,0.011723,0.001
241,242,brain_tumor_figshare/242.mat,102714,5,0,Meningiom,0,Meningiom,evet,0.994107,0.001932,0.003961
242,243,brain_tumor_figshare/243.mat,102714,5,0,Meningiom,0,Meningiom,evet,0.980532,0.017606,0.001862
243,244,brain_tumor_figshare/244.mat,102714,5,0,Meningiom,0,Meningiom,evet,0.998103,0.001296,0.000601
244,245,brain_tumor_figshare/245.mat,102714,5,0,Meningiom,0,Meningiom,evet,0.993959,0.004892,0.001149
245,246,brain_tumor_figshare/246.mat,102929,2,0,Meningiom,2,Hipofiz tümörü,hayır,0.001983,2.2e-05,0.997995
246,247,brain_tumor_figshare/247.mat,102929,2,0,Meningiom,2,Hipofiz tümörü,hayır,0.379782,0.000264,0.619954
247,248,brain_tumor_figshare/248.mat,102929,2,0,Meningiom,2,Hipofiz tümörü,hayır,0.178209,0.018619,0.803172
248,249,brain_tumor_figshare/249.mat,102929,2,0,Meningiom,2,Hipofiz tümörü,hayır,0.234726,0.015607,0.749666
249,250,brain_tumor_figshare/250.mat,102929,2,0,Meningiom,0,Meningiom,evet,0.593138,0.000955,0.405908
250,251,brain_tumor_figshare/251.mat,102929,2,0,Meningiom,2,Hipofiz tümörü,hayır,0.024048,0.000126,0.975826
251,252,brain_tumor_figshare/252.mat,102935,1,0,Meningiom,0,Meningiom,evet,0.985603,0.014322,7.6e-05
252,253,brain_tumor_figshare/253.mat,102985,4,0,Meningiom,0,Meningiom,evet,0.947063,0.052758,0.000178
253,254,brain_tumor_figshare/254.mat,103673,5,0,Meningiom,2,Hipofiz tümörü,hayır,1.4e-05,0.000806,0.99918
254,255,brain_tumor_figshare/255.mat,103673,5,0,Meningiom,2,Hipofiz tümörü,hayır,3e-05,0.000833,0.999137
255,256,brain_tumor_figshare/256.mat,103673,5,0,Meningiom,2,Hipofiz tümörü,hayır,2e-06,1.6e-05,0.999981
256,257,brain_tumor_figshare/257.mat,103673,5,0,Meningiom,2,Hipofiz tümörü,hayır,2e-06,9e-06,0.99999
257,258,brain_tumor_figshare/258.mat,103673,5,0,Meningiom,2,Hipofiz tümörü,hayır,1e-06,1.5e-05,0.999984
258,259,brain_tumor_figshare/259.mat,103673,5,0,Meningiom,2,Hipofiz tümörü,hayır,1e-06,3e-06,0.999996
259,260,brain_tumor_figshare/260.mat,103673,5,0,Meningiom,2,Hipofiz tümörü,hayır,0.0,1e-06,0.999999
260,261,brain_tumor_figshare/261.mat,103925,4,0,Meningiom,0,Meningiom,evet,0.999277,0.000484,0.000239
261,262,brain_tumor_figshare/262.mat,103925,4,0,Meningiom,0,Meningiom,evet,0.999536,0.000456,8e-06
262,263,brain_tumor_figshare/263.mat,103925,4,0,Meningiom,0,Meningiom,evet,0.999145,0.000662,0.000193
263,264,brain_tumor_figshare/264.mat,103925,4,0,Meningiom,0,Meningiom,evet,0.9943,0.005673,2.7e-05
264,265,brain_tumor_figshare/265.mat,103925,4,0,Meningiom,0,Meningiom,evet,0.997637,0.002331,3.2e-05
265,266,brain_tumor_figshare/266.mat,103925,4,0,Meningiom,0,Meningiom,evet,0.920443,0.079231,0.000326
266,267,brain_tumor_figshare/267.mat,103925,4,0,Meningiom,0,Meningiom,evet,0.999584,0.000408,8e-06
267,268,brain_tumor_figshare/268.mat,103925,4,0,Meningiom,0,Meningiom,evet,0.949375,0.050399,0.000226
268,269,brain_tumor_figshare/269.mat,104167,3,0,Meningiom,0,Meningiom,evet,0.941872,0.057463,0.000666
269,270,brain_tumor_figshare/270.mat,104167,3,0,Meningiom,0,Meningiom,evet,0.996195,0.003451,0.000355
270,271,brain_tumor_figshare/271.mat,104167,3,0,Meningiom,0,Meningiom,evet,0.996414,0.003459,0.000127
271,272,brain_tumor_figshare/272.mat,104167,3,0,Meningiom,0,Meningiom,evet,0.999926,5.9e-05,1.6e-05
272,273,brain_tumor_figshare/273.mat,104167,3,0,Meningiom,0,Meningiom,evet,0.999991,8e-06,2e-06
273,274,brain_tumor_figshare/274.mat,104167,3,0,Meningiom,0,Meningiom,evet,0.998837,0.001154,9e-06
274,275,brain_tumor_figshare/275.mat,104281,3,0,Meningiom,0,Meningiom,evet,0.996644,0.003339,1.7e-05
275,276,brain_tumor_figshare/276.mat,104281,3,0,Meningiom,0,Meningiom,evet,0.987584,0.012312,0.000104
276,277,brain_tumor_figshare/277.mat,104281,3,0,Meningiom,0,Meningiom,evet,0.988981,0.010763,0.000256
277,278,brain_tumor_figshare/278.mat,104281,3,0,Meningiom,0,Meningiom,evet,0.989187,0.010708,0.000105
278,279,brain_tumor_figshare/279.mat,104281,3,0,Meningiom,0,Meningiom,evet,0.999687,0.000247,6.5e-05
279,280,brain_tumor_figshare/280.mat,104281,3,0,Meningiom,0,Meningiom,evet,0.997747,0.002031,0.000222
280,281,brain_tumor_figshare/281.mat,105374,4,0,Meningiom,0,Meningiom,evet,0.866053,0.133435,0.000512
281,282,brain_tumor_figshare/282.mat,105374,4,0,Meningiom,0,Meningiom,evet,0.778129,0.221119,0.000752
282,283,brain_tumor_figshare/283.mat,105555,5,0,Meningiom,0,Meningiom,evet,0.977191,0.020123,0.002687
283,284,brain_tumor_figshare/284.mat,105555,5,0,Meningiom,0,Meningiom,evet,0.916957,0.079657,0.003386
284,285,brain_tumor_figshare/285.mat,105555,5,0,Meningiom,0,Meningiom,evet,0.727121,0.271067,0.001811
285,286,brain_tumor_figshare/286.mat,105937,1,0,Meningiom,0,Meningiom,evet,0.70747,0.285969,0.00656
286,287,brain_tumor_figshare/287.mat,105937,1,0,Meningiom,0,Meningiom,evet,0.940112,0.049687,0.010201
287,288,brain_tumor_figshare/288.mat,105937,1,0,Meningiom,0,Meningiom,evet,0.928571,0.031392,0.040037
288,289,brain_tumor_figshare/289.mat,105937,1,0,Meningiom,0,Meningiom,evet,0.813075,0.128031,0.058894
289,290,brain_tumor_figshare/290.mat,106284,2,0,Meningiom,1,Gliom,hayır,0.01672,0.954779,0.028501
290,291,brain_tumor_figshare/291.mat,106284,2,0,Meningiom,1,Gliom,hayır,0.006406,0.990371,0.003223
291,292,brain_tumor_figshare/292.mat,106284,2,0,Meningiom,1,Gliom,hayır,0.007268,0.99165,0.001082
292,293,brain_tumor_figshare/293.mat,106284,2,0,Meningiom,1,Gliom,hayır,0.04823,0.945237,0.006533
293,294,brain_tumor_figshare/294.mat,106442,1,0,Meningiom,0,Meningiom,evet,0.99881,0.001177,1.3e-05
294,295,brain_tumor_figshare/295.mat,106442,1,0,Meningiom,0,Meningiom,evet,0.999862,0.000135,3e-06
295,296,brain_tumor_figshare/296.mat,106442,1,0,Meningiom,0,Meningiom,evet,0.999944,5.3e-05,3e-06
296,297,brain_tumor_figshare/297.mat,106534,4,0,Meningiom,0,Meningiom,evet,1.0,0.0,0.0
297,298,brain_tumor_figshare/298.mat,106534,4,0,Meningiom,0,Meningiom,evet,0.999998,2e-06,0.0
298,299,brain_tumor_figshare/299.mat,106665,3,0,Meningiom,0,Meningiom,evet,0.998561,0.000979,0.00046
299,300,brain_tumor_figshare/300.mat,106665,3,0,Meningiom,0,Meningiom,evet,0.994365,0.005012,0.000624
300,301,brain_tumor_figshare/301.mat,106665,3,0,Meningiom,0,Meningiom,evet,0.960285,0.039037,0.000678
301,302,brain_tumor_figshare/302.mat,106665,3,0,Meningiom,0,Meningiom,evet,0.997538,0.002277,0.000185
302,303,brain_tumor_figshare/303.mat,106665,3,0,Meningiom,0,Meningiom,evet,0.998256,0.000776,0.000968
303,304,brain_tumor_figshare/304.mat,106720,1,0,Meningiom,0,Meningiom,evet,0.99995,1e-06,4.9e-05
304,305,brain_tumor_figshare/305.mat,106720,1,0,Meningiom,0,Meningiom,evet,0.997667,0.000274,0.002059
305,306,brain_tumor_figshare/306.mat,106720,1,0,Meningiom,0,Meningiom,evet,0.995181,0.00067,0.004149
306,307,brain_tumor_figshare/307.mat,106720,1,0,Meningiom,0,Meningiom,evet,0.998362,0.000525,0.001113
307,308,brain_tumor_figshare/308.mat,106720,1,0,Meningiom,0,Meningiom,evet,0.953842,0.008016,0.038142
308,309,brain_tumor_figshare/309.mat,106720,1,0,Meningiom,0,Meningiom,evet,0.996723,0.002538,0.000739
309,310,brain_tumor_figshare/310.mat,106720,1,0,Meningiom,0,Meningiom,evet,0.993964,0.005633,0.000403
310,311,brain_tumor_figshare/311.mat,106914,2,0,Meningiom,0,Meningiom,evet,0.893775,0.105262,0.000963
311,312,brain_tumor_figshare/312.mat,106914,2,0,Meningiom,0,Meningiom,evet,0.999823,0.000154,2.4e-05
312,313,brain_tumor_figshare/313.mat,106914,2,0,Meningiom,0,Meningiom,evet,0.999311,0.000653,3.6e-05
313,314,brain_tumor_figshare/314.mat,106914,2,0,Meningiom,0,Meningiom,evet,0.999717,0.000252,3.1e-05
314,315,brain_tumor_figshare/315.mat,107190,5,0,Meningiom,0,Meningiom,evet,0.999973,2.2e-05,6e-06
315,316,brain_tumor_figshare/316.mat,107248,5,0,Meningiom,2,Hipofiz tümörü,hayır,0.09453,0.0902,0.81527
316,317,brain_tumor_figshare/317.mat,107248,5,0,Meningiom,2,Hipofiz tümörü,hayır,0.269939,0.083591,0.646469
317,318,brain_tumor_figshare/318.mat,107248,5,0,Meningiom,1,Gliom,hayır,0.106257,0.865852,0.027891
318,319,brain_tumor_figshare/319.mat,107248,5,0,Meningiom,1,Gliom,hayır,0.322408,0.676116,0.001476
319,320,brain_tumor_figshare/320.mat,107494,4,0,Meningiom,0,Meningiom,evet,0.570229,0.005024,0.424747
320,321,brain_tumor_figshare/321.mat,107494,4,0,Meningiom,0,Meningiom,evet,0.823543,0.008813,0.167644
321,322,brain_tumor_figshare/322.mat,107494,4,0,Meningiom,0,Meningiom,evet,0.856306,0.090015,0.053679
322,323,brain_tumor_figshare/323.mat,107494,4,0,Meningiom,0,Meningiom,evet,0.861663,0.082296,0.05604
323,324,brain_tumor_figshare/324.mat,107494,4,0,Meningiom,0,Meningiom,evet,0.824537,0.11768,0.057783
324,325,brain_tumor_figshare/325.mat,107494,4,0,Meningiom,0,Meningiom,evet,0.958784,0.032778,0.008438
325,326,brain_tumor_figshare/326.mat,108514,5,0,Meningiom,1,Gliom,hayır,0.448708,0.549871,0.001422
326,327,brain_tumor_figshare/327.mat,108514,5,0,Meningiom,0,Meningiom,evet,0.533992,0.46459,0.001417
327,328,brain_tumor_figshare/328.mat,108514,5,0,Meningiom,0,Meningiom,evet,0.940595,0.059194,0.000211
328,329,brain_tumor_figshare/329.mat,108514,5,0,Meningiom,0,Meningiom,evet,0.964443,0.035282,0.000275
329,330,brain_tumor_figshare/330.mat,108514,5,0,Meningiom,0,Meningiom,evet,0.985808,0.013985,0.000206
330,331,brain_tumor_figshare/331.mat,108514,5,0,Meningiom,0,Meningiom,evet,0.999888,0.000109,2e-06
331,332,brain_tumor_figshare/332.mat,108550,5,0,Meningiom,0,Meningiom,evet,0.979682,0.001738,0.018581
332,333,brain_tumor_figshare/333.mat,108550,5,0,Meningiom,0,Meningiom,evet,0.983314,0.003903,0.012783
333,334,brain_tumor_figshare/334.mat,108590,3,0,Meningiom,0,Meningiom,evet,0.999626,3e-05,0.000344
334,335,brain_tumor_figshare/335.mat,108590,3,0,Meningiom,0,Meningiom,evet,0.99965,0.000103,0.000246
335,336,brain_tumor_figshare/336.mat,108945,4,0,Meningiom,0,Meningiom,evet,0.998603,1.1e-05,0.001386
336,337,brain_tumor_figshare/337.mat,108945,4,0,Meningiom,0,Meningiom,evet,0.99087,3e-05,0.0091
337,338,brain_tumor_figshare/338.mat,108945,4,0,Meningiom,0,Meningiom,evet,0.999557,1.3e-05,0.000431
338,339,brain_tumor_figshare/339.mat,108945,4,0,Meningiom,0,Meningiom,evet,0.9962,0.001973,0.001827
339,340,brain_tumor_figshare/340.mat,109411,3,0,Meningiom,0,Meningiom,evet,0.999985,6e-06,8e-06
340,341,brain_tumor_figshare/341.mat,109968,3,0,Meningiom,0,Meningiom,evet,0.999983,9e-06,8e-06
341,342,brain_tumor_figshare/342.mat,109968,3,0,Meningiom,0,Meningiom,evet,0.999986,5e-06,9e-06
342,343,brain_tumor_figshare/343.mat,109968,3,0,Meningiom,0,Meningiom,evet,0.999999,0.0,1e-06
343,344,brain_tumor_figshare/344.mat,109968,3,0,Meningiom,0,Meningiom,evet,0.999999,0.0,1e-06
344,345,brain_tumor_figshare/345.mat,110116,5,0,Meningiom,2,Hipofiz tümörü,hayır,0.009666,0.000269,0.990065
345,346,brain_tumor_figshare/346.mat,110116,5,0,Meningiom,2,Hipofiz tümörü,hayır,0.052515,0.000185,0.9473
346,347,brain_tumor_figshare/347.mat,110116,5,0,Meningiom,2,Hipofiz tümörü,hayır,0.006991,3.7e-05,0.992972
347,348,brain_tumor_figshare/348.mat,110116,5,0,Meningiom,2,Hipofiz tümörü,hayır,0.008602,5.9e-05,0.991339
348,349,brain_tumor_figshare/349.mat,111077,2,0,Meningiom,1,Gliom,hayır,0.300499,0.6992,0.000301
349,350,brain_tumor_figshare/350.mat,111077,2,0,Meningiom,0,Meningiom,evet,0.935162,0.064463,0.000375
350,351,brain_tumor_figshare/351.mat,111077,2,0,Meningiom,0,Meningiom,evet,0.97621,0.023381,0.000409
351,352,brain_tumor_figshare/352.mat,111077,2,0,Meningiom,0,Meningiom,evet,0.996798,0.001966,0.001236
352,353,brain_tumor_figshare/353.mat,111366,3,0,Meningiom,0,Meningiom,evet,0.998465,0.001379,0.000156
353,354,brain_tumor_figshare/354.mat,111366,3,0,Meningiom,0,Meningiom,evet,0.9999,4.2e-05,5.8e-05
354,355,brain_tumor_figshare/355.mat,111366,3,0,Meningiom,0,Meningiom,evet,0.999724,3.2e-05,0.000244
355,356,brain_tumor_figshare/356.mat,111366,3,0,Meningiom,0,Meningiom,evet,0.980293,0.018904,0.000802
356,357,brain_tumor_figshare/357.mat,111532,1,0,Meningiom,0,Meningiom,evet,0.999958,2e-05,2.2e-05
357,358,brain_tumor_figshare/358.mat,111532,1,0,Meningiom,0,Meningiom,evet,0.999971,2.1e-05,7e-06
358,359,brain_tumor_figshare/359.mat,111532,1,0,Meningiom,0,Meningiom,evet,0.999987,7e-06,6e-06
359,360,brain_tumor_figshare/360.mat,111532,1,0,Meningiom,0,Meningiom,evet,0.999576,0.000289,0.000135
360,361,brain_tumor_figshare/361.mat,111532,1,0,Meningiom,0,Meningiom,evet,0.999714,0.000197,9e-05
361,362,brain_tumor_figshare/362.mat,112002,2,0,Meningiom,1,Gliom,hayır,0.262427,0.733165,0.004408
362,363,brain_tumor_figshare/363.mat,112002,2,0,Meningiom,0,Meningiom,evet,0.993053,0.006603,0.000344
363,364,brain_tumor_figshare/364.mat,112002,2,0,Meningiom,1,Gliom,hayır,0.042238,0.95455,0.003212
364,365,brain_tumor_figshare/365.mat,112002,2,0,Meningiom,1,Gliom,hayır,0.20852,0.784136,0.007344
365,366,brain_tumor_figshare/366.mat,112062,4,0,Meningiom,0,Meningiom,evet,0.999902,9.7e-05,1e-06
366,367,brain_tumor_figshare/367.mat,112062,4,0,Meningiom,0,Meningiom,evet,0.999959,3.5e-05,6e-06
367,368,brain_tumor_figshare/368.mat,112062,4,0,Meningiom,0,Meningiom,evet,0.999925,7.1e-05,4e-06
368,369,brain_tumor_figshare/369.mat,112062,4,0,Meningiom,0,Meningiom,evet,0.999496,0.000483,2.1e-05
369,370,brain_tumor_figshare/370.mat,112252,1,0,Meningiom,0,Meningiom,evet,0.681543,0.315741,0.002717
370,371,brain_tumor_figshare/371.mat,112252,1,0,Meningiom,0,Meningiom,evet,0.901629,0.093199,0.005172
371,372,brain_tumor_figshare/372.mat,112552,2,0,Meningiom,0,Meningiom,evet,0.960556,0.038725,0.000719
372,373,brain_tumor_figshare/373.mat,112552,2,0,Meningiom,0,Meningiom,evet,0.93103,0.068601,0.000369
373,374,brain_tumor_figshare/374.mat,112552,2,0,Meningiom,0,Meningiom,evet,0.617312,0.381751,0.000937
374,375,brain_tumor_figshare/375.mat,112552,2,0,Meningiom,1,Gliom,hayır,0.066805,0.931593,0.001602
375,376,brain_tumor_figshare/376.mat,112552,2,0,Meningiom,1,Gliom,hayır,0.003717,0.996185,9.8e-05
376,377,brain_tumor_figshare/377.mat,112552,2,0,Meningiom,0,Meningiom,evet,0.642792,0.356454,0.000753
377,378,brain_tumor_figshare/378.mat,112552,2,0,Meningiom,0,Meningiom,evet,0.816158,0.183086,0.000756
378,379,brain_tumor_figshare/379.mat,112648,3,0,Meningiom,0,Meningiom,evet,0.999794,0.000143,6.3e-05
379,380,brain_tumor_figshare/380.mat,112648,3,0,Meningiom,0,Meningiom,evet,0.999971,1.7e-05,1.2e-05
380,381,brain_tumor_figshare/381.mat,112648,3,0,Meningiom,0,Meningiom,evet,0.99927,0.000444,0.000287
381,382,brain_tumor_figshare/382.mat,113435,5,0,Meningiom,0,Meningiom,evet,0.996568,0.003283,0.000149
382,383,brain_tumor_figshare/383.mat,113435,5,0,Meningiom,0,Meningiom,evet,0.999554,0.000409,3.7e-05
383,384,brain_tumor_figshare/384.mat,113435,5,0,Meningiom,0,Meningiom,evet,0.999801,0.000191,9e-06
384,385,brain_tumor_figshare/385.mat,113435,5,0,Meningiom,0,Meningiom,evet,0.999647,0.00034,1.3e-05
385,386,brain_tumor_figshare/386.mat,113435,5,0,Meningiom,0,Meningiom,evet,0.997713,0.00214,0.000148
386,387,brain_tumor_figshare/387.mat,113435,5,0,Meningiom,0,Meningiom,evet,0.996333,0.003108,0.000559
387,388,brain_tumor_figshare/388.mat,113435,5,0,Meningiom,0,Meningiom,evet,0.998521,0.001333,0.000146
388,389,brain_tumor_figshare/389.mat,113435,5,0,Meningiom,0,Meningiom,evet,0.616353,0.374874,0.008772
389,390,brain_tumor_figshare/390.mat,113554,5,0,Meningiom,0,Meningiom,evet,0.636925,0.358267,0.004809
390,391,brain_tumor_figshare/391.mat,113554,5,0,Meningiom,0,Meningiom,evet,0.995897,0.000957,0.003146
391,392,brain_tumor_figshare/392.mat,113554,5,0,Meningiom,0,Meningiom,evet,0.909468,0.089752,0.00078
392,393,brain_tumor_figshare/393.mat,113805,2,0,Meningiom,0,Meningiom,evet,0.979722,0.017939,0.002339
393,394,brain_tumor_figshare/394.mat,113805,2,0,Meningiom,0,Meningiom,evet,0.98515,0.01064,0.004209
394,395,brain_tumor_figshare/395.mat,114018,2,0,Meningiom,0,Meningiom,evet,0.931322,0.048472,0.020206
395,396,brain_tumor_figshare/396.mat,114018,2,0,Meningiom,0,Meningiom,evet,0.944525,0.004238,0.051238
396,397,brain_tumor_figshare/397.mat,114018,2,0,Meningiom,0,Meningiom,evet,0.992874,0.000114,0.007012
397,398,brain_tumor_figshare/398.mat,114018,2,0,Meningiom,0,Meningiom,evet,0.997417,0.000488,0.002095
398,399,brain_tumor_figshare/399.mat,114359,2,0,Meningiom,0,Meningiom,evet,0.999238,0.000752,1e-05
399,400,brain_tumor_figshare/400.mat,114359,2,0,Meningiom,0,Meningiom,evet,0.990184,0.009578,0.000239
400,401,brain_tumor_figshare/401.mat,114359,2,0,Meningiom,0,Meningiom,evet,0.999752,0.000209,3.9e-05
401,402,brain_tumor_figshare/402.mat,114359,2,0,Meningiom,0,Meningiom,evet,0.999837,0.000117,4.6e-05
402,403,brain_tumor_figshare/403.mat,114359,2,0,Meningiom,0,Meningiom,evet,0.984259,0.015618,0.000123
403,404,brain_tumor_figshare/404.mat,114359,2,0,Meningiom,0,Meningiom,evet,0.865917,0.13374,0.000343
404,405,brain_tumor_figshare/405.mat,97607,1,0,Meningiom,0,Meningiom,evet,0.9998,0.000112,8.9e-05
405,406,brain_tumor_figshare/406.mat,97607,1,0,Meningiom,0,Meningiom,evet,0.999953,1.5e-05,3.2e-05
406,407,brain_tumor_figshare/407.mat,97607,1,0,Meningiom,0,Meningiom,evet,0.999981,3e-06,1.6e-05
407,408,brain_tumor_figshare/408.mat,97737,1,0,Meningiom,0,Meningiom,evet,0.999959,2.4e-05,1.7e-05
408,409,brain_tumor_figshare/409.mat,97737,1,0,Meningiom,0,Meningiom,evet,0.999961,1e-05,2.8e-05
409,410,brain_tumor_figshare/410.mat,97737,1,0,Meningiom,0,Meningiom,evet,0.999999,0.0,1e-06
410,411,brain_tumor_figshare/411.mat,97737,1,0,Meningiom,0,Meningiom,evet,0.999999,0.0,1e-06
411,412,brain_tumor_figshare/412.mat,97737,1,0,Meningiom,0,Meningiom,evet,0.999903,3.1e-05,6.6e-05
412,413,brain_tumor_figshare/413.mat,97737,1,0,Meningiom,0,Meningiom,evet,0.999953,1e-06,4.6e-05
413,414,brain_tumor_figshare/414.mat,97875,4,0,Meningiom,2,Hipofiz tümörü,hayır,0.01041,0.000801,0.988789
414,415,brain_tumor_figshare/415.mat,97875,4,0,Meningiom,2,Hipofiz tümörü,hayır,0.012826,0.001067,0.986108
415,416,brain_tumor_figshare/416.mat,97875,4,0,Meningiom,2,Hipofiz tümörü,hayır,0.032157,0.000634,0.967209
416,417,brain_tumor_figshare/417.mat,97875,4,0,Meningiom,2,Hipofiz tümörü,hayır,0.174771,0.013441,0.811788
417,418,brain_tumor_figshare/418.mat,97943,3,0,Meningiom,0,Meningiom,evet,0.999988,1e-05,2e-06
418,419,brain_tumor_figshare/419.mat,97943,3,0,Meningiom,0,Meningiom,evet,0.999997,1e-06,2e-06
419,420,brain_tumor_figshare/420.mat,97943,3,0,Meningiom,0,Meningiom,evet,0.996822,0.003036,0.000143
420,421,brain_tumor_figshare/421.mat,97943,3,0,Meningiom,0,Meningiom,evet,0.733657,0.265725,0.000617
421,422,brain_tumor_figshare/422.mat,97943,3,0,Meningiom,1,Gliom,hayır,0.10622,0.893387,0.000393
422,423,brain_tumor_figshare/423.mat,98241,2,0,Meningiom,0,Meningiom,evet,0.999861,0.000131,8e-06
423,424,brain_tumor_figshare/424.mat,98241,2,0,Meningiom,0,Meningiom,evet,0.998918,0.001035,4.7e-05
424,425,brain_tumor_figshare/425.mat,98241,2,0,Meningiom,0,Meningiom,evet,0.999261,0.000708,3.1e-05
425,426,brain_tumor_figshare/426.mat,98241,2,0,Meningiom,0,Meningiom,evet,0.999649,0.000277,7.4e-05
426,427,brain_tumor_figshare/427.mat,98241,2,0,Meningiom,0,Meningiom,evet,0.998882,0.001047,7.1e-05
427,428,brain_tumor_figshare/428.mat,98241,2,0,Meningiom,0,Meningiom,evet,0.999533,0.000344,0.000123
428,429,brain_tumor_figshare/429.mat,98241,2,0,Meningiom,0,Meningiom,evet,0.999481,0.000476,4.3e-05
429,430,brain_tumor_figshare/430.mat,99017,1,0,Meningiom,0,Meningiom,evet,0.987445,0.005952,0.006603
430,431,brain_tumor_figshare/431.mat,99017,1,0,Meningiom,0,Meningiom,evet,0.963768,0.013686,0.022546
431,432,brain_tumor_figshare/432.mat,99089,5,0,Meningiom,0,Meningiom,evet,0.883395,0.111827,0.004778
432,433,brain_tumor_figshare/433.mat,99089,5,0,Meningiom,0,Meningiom,evet,0.993072,0.006598,0.000331
433,434,brain_tumor_figshare/434.mat,99089,5,0,Meningiom,0,Meningiom,evet,0.958469,0.039882,0.001649
434,435,brain_tumor_figshare/435.mat,99089,5,0,Meningiom,0,Meningiom,evet,0.51286,0.481507,0.005633
435,436,brain_tumor_figshare/436.mat,99089,5,0,Meningiom,0,Meningiom,evet,0.821164,0.170681,0.008155
436,437,brain_tumor_figshare/437.mat,99288,2,0,Meningiom,0,Meningiom,evet,0.999734,0.000201,6.5e-05
437,438,brain_tumor_figshare/438.mat,99308,2,0,Meningiom,0,Meningiom,evet,0.999131,0.000847,2.2e-05
438,439,brain_tumor_figshare/439.mat,99308,2,0,Meningiom,0,Meningiom,evet,0.999768,0.000217,1.5e-05
439,440,brain_tumor_figshare/440.mat,99308,2,0,Meningiom,0,Meningiom,evet,0.999325,0.00052,0.000155
440,441,brain_tumor_figshare/441.mat,99308,2,0,Meningiom,0,Meningiom,evet,0.991348,0.008357,0.000295
441,442,brain_tumor_figshare/442.mat,100360,5,0,Meningiom,0,Meningiom,evet,0.998819,0.00115,3.1e-05
442,443,brain_tumor_figshare/443.mat,100360,5,0,Meningiom,1,Gliom,hayır,0.230958,0.768556,0.000486
443,444,brain_tumor_figshare/444.mat,100360,5,0,Meningiom,0,Meningiom,evet,0.788503,0.209221,0.002276
444,445,brain_tumor_figshare/445.mat,100360,5,0,Meningiom,0,Meningiom,evet,0.778691,0.217647,0.003662
445,446,brain_tumor_figshare/446.mat,100360,5,0,Meningiom,1,Gliom,hayır,0.326779,0.651646,0.021575
446,447,brain_tumor_figshare/447.mat,100360,5,0,Meningiom,0,Meningiom,evet,0.465648,0.420961,0.113391
447,448,brain_tumor_figshare/448.mat,100572,3,0,Meningiom,2,Hipofiz tümörü,hayır,0.004515,0.000791,0.994693
448,449,brain_tumor_figshare/449.mat,100572,3,0,Meningiom,0,Meningiom,evet,0.746416,0.007158,0.246426
449,450,brain_tumor_figshare/450.mat,100639,3,0,Meningiom,0,Meningiom,evet,0.996954,0.001564,0.001483
450,451,brain_tumor_figshare/451.mat,100639,3,0,Meningiom,0,Meningiom,evet,0.949489,0.033507,0.017005
451,452,brain_tumor_figshare/452.mat,100920,4,0,Meningiom,0,Meningiom,evet,0.935346,0.064065,0.000589
452,453,brain_tumor_figshare/453.mat,100920,4,0,Meningiom,1,Gliom,hayır,0.344115,0.652313,0.003571
453,454,brain_tumor_figshare/454.mat,100920,4,0,Meningiom,0,Meningiom,evet,0.860484,0.131965,0.007551
454,455,brain_tumor_figshare/455.mat,101016,4,0,Meningiom,0,Meningiom,evet,0.95999,0.039672,0.000339
455,456,brain_tumor_figshare/456.mat,101016,4,0,Meningiom,0,Meningiom,evet,0.999954,3.2e-05,1.4e-05
456,457,brain_tumor_figshare/457.mat,101016,4,0,Meningiom,0,Meningiom,evet,0.999949,4.4e-05,7e-06
457,458,brain_tumor_figshare/458.mat,101016,4,0,Meningiom,0,Meningiom,evet,0.96271,0.036961,0.000329
458,459,brain_tumor_figshare/459.mat,101082,4,0,Meningiom,0,Meningiom,evet,0.97489,0.024531,0.000579
459,460,brain_tumor_figshare/460.mat,101082,4,0,Meningiom,0,Meningiom,evet,0.995563,0.003076,0.001361
460,461,brain_tumor_figshare/461.mat,101127,4,0,Meningiom,0,Meningiom,evet,0.636288,0.004809,0.358902
461,462,brain_tumor_figshare/462.mat,101127,4,0,Meningiom,2,Hipofiz tümörü,hayır,0.106489,0.001615,0.891896
462,463,brain_tumor_figshare/463.mat,101127,4,0,Meningiom,2,Hipofiz tümörü,hayır,0.391134,0.011367,0.597499
463,464,brain_tumor_figshare/464.mat,101127,4,0,Meningiom,2,Hipofiz tümörü,hayır,0.284951,0.068043,0.647006
464,465,brain_tumor_figshare/465.mat,101797,5,0,Meningiom,1,Gliom,hayır,0.047413,0.949527,0.00306
465,466,brain_tumor_figshare/466.mat,101797,5,0,Meningiom,0,Meningiom,evet,0.949644,0.049495,0.000861
466,467,brain_tumor_figshare/467.mat,101797,5,0,Meningiom,0,Meningiom,evet,0.992896,0.00679,0.000315
467,468,brain_tumor_figshare/468.mat,101797,5,0,Meningiom,0,Meningiom,evet,0.890831,0.088332,0.020837
468,469,brain_tumor_figshare/469.mat,101797,5,0,Meningiom,0,Meningiom,evet,0.558348,0.440629,0.001022
469,470,brain_tumor_figshare/470.mat,101797,5,0,Meningiom,1,Gliom,hayır,0.011388,0.988009,0.000603
470,471,brain_tumor_figshare/471.mat,101801,3,0,Meningiom,0,Meningiom,evet,0.999992,2e-06,6e-06
471,472,brain_tumor_figshare/472.mat,101801,3,0,Meningiom,0,Meningiom,evet,0.999885,7.3e-05,4.2e-05
472,473,brain_tumor_figshare/473.mat,101801,3,0,Meningiom,0,Meningiom,evet,0.999964,3e-06,3.3e-05
473,474,brain_tumor_figshare/474.mat,102420,1,0,Meningiom,0,Meningiom,evet,0.998583,0.000707,0.00071
474,475,brain_tumor_figshare/475.mat,102420,1,0,Meningiom,0,Meningiom,evet,0.983073,0.004022,0.012905
475,476,brain_tumor_figshare/476.mat,102446,3,0,Meningiom,0,Meningiom,evet,0.999966,3.2e-05,3e-06
476,477,brain_tumor_figshare/477.mat,102446,3,0,Meningiom,0,Meningiom,evet,0.99978,9.3e-05,0.000127
477,478,brain_tumor_figshare/478.mat,102675,1,0,Meningiom,0,Meningiom,evet,0.991474,0.007723,0.000803
478,479,brain_tumor_figshare/479.mat,102675,1,0,Meningiom,0,Meningiom,evet,0.971337,0.028333,0.00033
479,480,brain_tumor_figshare/480.mat,102714,5,0,Meningiom,0,Meningiom,evet,0.998742,8.2e-05,0.001175
480,481,brain_tumor_figshare/481.mat,102714,5,0,Meningiom,0,Meningiom,evet,0.962801,0.000115,0.037084
481,482,brain_tumor_figshare/482.mat,102714,5,0,Meningiom,0,Meningiom,evet,0.951739,0.00129,0.046971
482,483,brain_tumor_figshare/483.mat,102714,5,0,Meningiom,0,Meningiom,evet,0.953756,0.001193,0.045051
483,484,brain_tumor_figshare/484.mat,102714,5,0,Meningiom,0,Meningiom,evet,0.824753,0.001816,0.173431
484,485,brain_tumor_figshare/485.mat,102818,2,0,Meningiom,0,Meningiom,evet,0.997294,0.001886,0.000821
485,486,brain_tumor_figshare/486.mat,102818,2,0,Meningiom,0,Meningiom,evet,0.994744,0.000714,0.004542
486,487,brain_tumor_figshare/487.mat,102818,2,0,Meningiom,0,Meningiom,evet,0.991874,0.000138,0.007988
487,488,brain_tumor_figshare/488.mat,102818,2,0,Meningiom,0,Meningiom,evet,0.82995,7.7e-05,0.169972
488,489,brain_tumor_figshare/489.mat,102935,1,0,Meningiom,0,Meningiom,evet,0.9998,3.2e-05,0.000168
489,490,brain_tumor_figshare/490.mat,102960,3,0,Meningiom,0,Meningiom,evet,0.712835,0.285583,0.001582
490,491,brain_tumor_figshare/491.mat,102960,3,0,Meningiom,0,Meningiom,evet,0.989515,0.009425,0.00106
491,492,brain_tumor_figshare/492.mat,102960,3,0,Meningiom,0,Meningiom,evet,0.823752,0.166525,0.009723
492,493,brain_tumor_figshare/493.mat,102960,3,0,Meningiom,0,Meningiom,evet,0.892352,0.099262,0.008386
493,494,brain_tumor_figshare/494.mat,102960,3,0,Meningiom,0,Meningiom,evet,0.963264,0.027362,0.009374
494,495,brain_tumor_figshare/495.mat,102985,4,0,Meningiom,0,Meningiom,evet,0.995117,0.004389,0.000493
495,496,brain_tumor_figshare/496.mat,103673,5,0,Meningiom,2,Hipofiz tümörü,hayır,2e-05,3.6e-05,0.999943
496,497,brain_tumor_figshare/497.mat,103673,5,0,Meningiom,2,Hipofiz tümörü,hayır,7e-06,2e-06,0.999991
497,498,brain_tumor_figshare/498.mat,103673,5,0,Meningiom,2,Hipofiz tümörü,hayır,3e-06,1e-05,0.999988
498,499,brain_tumor_figshare/499.mat,103673,5,0,Meningiom,2,Hipofiz tümörü,hayır,2.5e-05,4.4e-05,0.999931
499,500,brain_tumor_figshare/500.mat,103673,5,0,Meningiom,2,Hipofiz tümörü,hayır,3e-05,3.1e-05,0.999938
500,501,brain_tumor_figshare/501.mat,103925,4,0,Meningiom,0,Meningiom,evet,0.965339,0.003005,0.031656
501,502,brain_tumor_figshare/502.mat,103925,4,0,Meningiom,0,Meningiom,evet,0.998947,0.000298,0.000755
502,503,brain_tumor_figshare/503.mat,103925,4,0,Meningiom,0,Meningiom,evet,0.999935,5.1e-05,1.3e-05
503,504,brain_tumor_figshare/504.mat,103925,4,0,Meningiom,0,Meningiom,evet,0.996192,0.003642,0.000166
504,505,brain_tumor_figshare/505.mat,104167,3,0,Meningiom,0,Meningiom,evet,0.694236,0.30473,0.001034
505,506,brain_tumor_figshare/506.mat,104167,3,0,Meningiom,0,Meningiom,evet,0.999917,6.8e-05,1.5e-05
506,507,brain_tumor_figshare/507.mat,104167,3,0,Meningiom,0,Meningiom,evet,0.999995,3e-06,2e-06
507,508,brain_tumor_figshare/508.mat,104167,3,0,Meningiom,0,Meningiom,evet,0.999993,6e-06,1e-06
508,509,brain_tumor_figshare/509.mat,104167,3,0,Meningiom,0,Meningiom,evet,0.999497,0.000479,2.3e-05
509,510,brain_tumor_figshare/510.mat,104281,3,0,Meningiom,0,Meningiom,evet,0.999218,0.00074,4.2e-05
510,511,brain_tumor_figshare/511.mat,104281,3,0,Meningiom,0,Meningiom,evet,0.985397,0.014338,0.000265
511,512,brain_tumor_figshare/512.mat,104281,3,0,Meningiom,0,Meningiom,evet,0.996327,0.003584,8.9e-05
512,513,brain_tumor_figshare/513.mat,104281,3,0,Meningiom,0,Meningiom,evet,0.9986,0.001135,0.000265
513,514,brain_tumor_figshare/514.mat,104695,4,0,Meningiom,0,Meningiom,evet,0.893552,0.105919,0.000529
514,515,brain_tumor_figshare/515.mat,104695,4,0,Meningiom,1,Gliom,hayır,0.118914,0.880625,0.000461
515,516,brain_tumor_figshare/516.mat,104695,4,0,Meningiom,1,Gliom,hayır,0.37648,0.622962,0.000558
516,517,brain_tumor_figshare/517.mat,105374,4,0,Meningiom,0,Meningiom,evet,0.999998,1e-06,0.0
517,518,brain_tumor_figshare/518.mat,105555,5,0,Meningiom,0,Meningiom,evet,0.678095,0.317427,0.004479
518,519,brain_tumor_figshare/519.mat,105555,5,0,Meningiom,0,Meningiom,evet,0.516108,0.479073,0.004819
519,520,brain_tumor_figshare/520.mat,105937,1,0,Meningiom,0,Meningiom,evet,0.763705,0.215273,0.021021
520,521,brain_tumor_figshare/521.mat,105937,1,0,Meningiom,0,Meningiom,evet,0.992727,0.003087,0.004186
521,522,brain_tumor_figshare/522.mat,105937,1,0,Meningiom,1,Gliom,hayır,0.237924,0.758884,0.003192
522,523,brain_tumor_figshare/523.mat,106284,2,0,Meningiom,0,Meningiom,evet,0.937865,0.015151,0.046984
523,524,brain_tumor_figshare/524.mat,106284,2,0,Meningiom,0,Meningiom,evet,0.988958,0.005461,0.00558
524,525,brain_tumor_figshare/525.mat,106284,2,0,Meningiom,0,Meningiom,evet,0.989275,0.005809,0.004917
525,526,brain_tumor_figshare/526.mat,106284,2,0,Meningiom,0,Meningiom,evet,0.972294,0.020346,0.00736
526,527,brain_tumor_figshare/527.mat,106442,1,0,Meningiom,0,Meningiom,evet,0.992933,0.005705,0.001362
527,528,brain_tumor_figshare/528.mat,106442,1,0,Meningiom,0,Meningiom,evet,0.99942,0.000428,0.000153
528,529,brain_tumor_figshare/529.mat,106442,1,0,Meningiom,0,Meningiom,evet,0.999621,0.000225,0.000154
529,530,brain_tumor_figshare/530.mat,106534,4,0,Meningiom,0,Meningiom,evet,0.999996,0.0,4e-06
530,531,brain_tumor_figshare/531.mat,106534,4,0,Meningiom,0,Meningiom,evet,0.999985,2e-06,1.3e-05
531,532,brain_tumor_figshare/532.mat,106592,4,0,Meningiom,0,Meningiom,evet,0.962287,0.036014,0.001699
532,533,brain_tumor_figshare/533.mat,106665,3,0,Meningiom,1,Gliom,hayır,0.029334,0.96905,0.001616
533,534,brain_tumor_figshare/534.mat,106665,3,0,Meningiom,0,Meningiom,evet,0.989961,0.009834,0.000205
534,535,brain_tumor_figshare/535.mat,106665,3,0,Meningiom,0,Meningiom,evet,0.960759,0.037564,0.001677
535,536,brain_tumor_figshare/536.mat,106665,3,0,Meningiom,0,Meningiom,evet,0.987738,0.011089,0.001173
536,537,brain_tumor_figshare/537.mat,106665,3,0,Meningiom,0,Meningiom,evet,0.943348,0.054494,0.002158
537,538,brain_tumor_figshare/538.mat,106665,3,0,Meningiom,0,Meningiom,evet,0.992588,0.00617,0.001241
538,539,brain_tumor_figshare/539.mat,106665,3,0,Meningiom,0,Meningiom,evet,0.979906,0.006072,0.014022
539,540,brain_tumor_figshare/540.mat,106720,1,0,Meningiom,0,Meningiom,evet,0.999751,0.000222,2.6e-05
540,541,brain_tumor_figshare/541.mat,106720,1,0,Meningiom,0,Meningiom,evet,0.999884,0.0001,1.6e-05
541,542,brain_tumor_figshare/542.mat,106720,1,0,Meningiom,0,Meningiom,evet,0.999997,1e-06,2e-06
542,543,brain_tumor_figshare/543.mat,106914,2,0,Meningiom,0,Meningiom,evet,0.806967,0.190183,0.00285
543,544,brain_tumor_figshare/544.mat,106914,2,0,Meningiom,1,Gliom,hayır,0.416636,0.579663,0.003701
544,545,brain_tumor_figshare/545.mat,106914,2,0,Meningiom,0,Meningiom,evet,0.966044,0.033922,3.5e-05
545,546,brain_tumor_figshare/546.mat,106914,2,0,Meningiom,0,Meningiom,evet,0.99981,0.000183,7e-06
546,547,brain_tumor_figshare/547.mat,106914,2,0,Meningiom,0,Meningiom,evet,0.992397,0.007588,1.5e-05
547,548,brain_tumor_figshare/548.mat,106914,2,0,Meningiom,0,Meningiom,evet,0.999988,1.2e-05,0.0
548,549,brain_tumor_figshare/549.mat,106914,2,0,Meningiom,0,Meningiom,evet,0.989029,0.010627,0.000345
549,550,brain_tumor_figshare/550.mat,107190,5,0,Meningiom,0,Meningiom,evet,0.998561,0.000888,0.00055
550,551,brain_tumor_figshare/551.mat,107248,5,0,Meningiom,0,Meningiom,evet,0.986468,0.001721,0.011812
551,552,brain_tumor_figshare/552.mat,107248,5,0,Meningiom,0,Meningiom,evet,0.543043,0.036343,0.420614
552,553,brain_tumor_figshare/553.mat,107248,5,0,Meningiom,0,Meningiom,evet,0.882972,0.017417,0.099611
553,554,brain_tumor_figshare/554.mat,107248,5,0,Meningiom,1,Gliom,hayır,0.418219,0.556591,0.02519
554,555,brain_tumor_figshare/555.mat,107248,5,0,Meningiom,0,Meningiom,evet,0.95314,0.032631,0.014229
555,556,brain_tumor_figshare/556.mat,107494,4,0,Meningiom,0,Meningiom,evet,0.99437,0.000507,0.005122
556,557,brain_tumor_figshare/557.mat,107494,4,0,Meningiom,0,Meningiom,evet,0.999421,0.000397,0.000182
557,558,brain_tumor_figshare/558.mat,107494,4,0,Meningiom,0,Meningiom,evet,0.730564,0.022463,0.246973
558,559,brain_tumor_figshare/559.mat,107494,4,0,Meningiom,2,Hipofiz tümörü,hayır,0.110246,0.00257,0.887184
559,560,brain_tumor_figshare/560.mat,107946,2,0,Meningiom,1,Gliom,hayır,0.078853,0.920485,0.000662
560,561,brain_tumor_figshare/561.mat,107946,2,0,Meningiom,1,Gliom,hayır,0.020396,0.979047,0.000557
561,562,brain_tumor_figshare/562.mat,107946,2,0,Meningiom,1,Gliom,hayır,0.353896,0.645518,0.000586
562,563,brain_tumor_figshare/563.mat,107946,2,0,Meningiom,1,Gliom,hayır,0.057679,0.942135,0.000186
563,564,brain_tumor_figshare/564.mat,108514,5,0,Meningiom,1,Gliom,hayır,0.303517,0.695933,0.00055
564,565,brain_tumor_figshare/565.mat,108514,5,0,Meningiom,0,Meningiom,evet,0.999813,0.000185,2e-06
565,566,brain_tumor_figshare/566.mat,108514,5,0,Meningiom,0,Meningiom,evet,0.990395,0.009453,0.000153
566,567,brain_tumor_figshare/567.mat,108514,5,0,Meningiom,0,Meningiom,evet,0.999823,0.000168,9e-06
567,568,brain_tumor_figshare/568.mat,108514,5,0,Meningiom,0,Meningiom,evet,0.818297,0.181387,0.000316
568,569,brain_tumor_figshare/569.mat,108550,5,0,Meningiom,0,Meningiom,evet,0.997196,1.3e-05,0.002791
569,570,brain_tumor_figshare/570.mat,108550,5,0,Meningiom,0,Meningiom,evet,0.998288,1.4e-05,0.001699
570,571,brain_tumor_figshare/571.mat,108590,3,0,Meningiom,0,Meningiom,evet,0.999232,4.1e-05,0.000727
571,572,brain_tumor_figshare/572.mat,108590,3,0,Meningiom,0,Meningiom,evet,0.999978,9e-06,1.3e-05
572,573,brain_tumor_figshare/573.mat,108945,4,0,Meningiom,0,Meningiom,evet,1.0,0.0,0.0
573,574,brain_tumor_figshare/574.mat,108945,4,0,Meningiom,0,Meningiom,evet,0.999913,0.0,8.7e-05
574,575,brain_tumor_figshare/575.mat,108945,4,0,Meningiom,0,Meningiom,evet,0.99957,3e-06,0.000427
575,576,brain_tumor_figshare/576.mat,108945,4,0,Meningiom,0,Meningiom,evet,0.996857,0.001671,0.001472
576,577,brain_tumor_figshare/577.mat,109350,5,0,Meningiom,0,Meningiom,evet,0.999804,4.4e-05,0.000152
577,578,brain_tumor_figshare/578.mat,109350,5,0,Meningiom,0,Meningiom,evet,0.999435,8.5e-05,0.00048
578,579,brain_tumor_figshare/579.mat,109411,3,0,Meningiom,0,Meningiom,evet,0.534085,0.462876,0.003038
579,580,brain_tumor_figshare/580.mat,109968,3,0,Meningiom,0,Meningiom,evet,0.999984,0.0,1.6e-05
580,581,brain_tumor_figshare/581.mat,109968,3,0,Meningiom,0,Meningiom,evet,1.0,0.0,0.0
581,582,brain_tumor_figshare/582.mat,109968,3,0,Meningiom,0,Meningiom,evet,0.999994,3e-06,3e-06
582,583,brain_tumor_figshare/583.mat,109968,3,0,Meningiom,0,Meningiom,evet,0.999993,0.0,7e-06
583,584,brain_tumor_figshare/584.mat,110808,1,0,Meningiom,0,Meningiom,evet,0.999945,1.8e-05,3.7e-05
584,585,brain_tumor_figshare/585.mat,110808,1,0,Meningiom,0,Meningiom,evet,0.674424,0.323187,0.002389
585,586,brain_tumor_figshare/586.mat,111077,2,0,Meningiom,1,Gliom,hayır,0.007863,0.99189,0.000247
586,587,brain_tumor_figshare/587.mat,111077,2,0,Meningiom,1,Gliom,hayır,0.420482,0.577515,0.002003
587,588,brain_tumor_figshare/588.mat,111077,2,0,Meningiom,1,Gliom,hayır,0.052515,0.945215,0.00227
588,589,brain_tumor_figshare/589.mat,111366,3,0,Meningiom,0,Meningiom,evet,0.999911,5.3e-05,3.6e-05
589,590,brain_tumor_figshare/590.mat,111366,3,0,Meningiom,0,Meningiom,evet,0.998077,0.001452,0.000471
590,591,brain_tumor_figshare/591.mat,111366,3,0,Meningiom,0,Meningiom,evet,0.999254,0.000639,0.000106
591,592,brain_tumor_figshare/592.mat,111366,3,0,Meningiom,1,Gliom,hayır,0.152763,0.843604,0.003633
592,593,brain_tumor_figshare/593.mat,111532,1,0,Meningiom,0,Meningiom,evet,0.998992,0.000804,0.000205
593,594,brain_tumor_figshare/594.mat,111532,1,0,Meningiom,0,Meningiom,evet,0.999637,0.000209,0.000154
594,595,brain_tumor_figshare/595.mat,111532,1,0,Meningiom,0,Meningiom,evet,0.948524,0.050013,0.001463
595,596,brain_tumor_figshare/596.mat,111696,1,0,Meningiom,0,Meningiom,evet,0.990333,0.006711,0.002955
596,597,brain_tumor_figshare/597.mat,111710,4,0,Meningiom,1,Gliom,hayır,0.102957,0.896079,0.000964
597,598,brain_tumor_figshare/598.mat,111710,4,0,Meningiom,1,Gliom,hayır,0.137089,0.862302,0.000609
598,599,brain_tumor_figshare/599.mat,112002,2,0,Meningiom,1,Gliom,hayır,0.447221,0.552434,0.000346
599,600,brain_tumor_figshare/600.mat,112002,2,0,Meningiom,1,Gliom,hayır,0.298832,0.700826,0.000343
600,601,brain_tumor_figshare/601.mat,112002,2,0,Meningiom,1,Gliom,hayır,0.156807,0.841959,0.001234
601,602,brain_tumor_figshare/602.mat,112002,2,0,Meningiom,0,Meningiom,evet,0.867662,0.131869,0.000469
602,603,brain_tumor_figshare/603.mat,112062,4,0,Meningiom,0,Meningiom,evet,1.0,0.0,0.0
603,604,brain_tumor_figshare/604.mat,112062,4,0,Meningiom,0,Meningiom,evet,0.999988,1.2e-05,1e-06
604,605,brain_tumor_figshare/605.mat,112062,4,0,Meningiom,0,Meningiom,evet,0.999985,2e-06,1.3e-05
605,606,brain_tumor_figshare/606.mat,112252,1,0,Meningiom,0,Meningiom,evet,0.996871,0.000773,0.002356
606,607,brain_tumor_figshare/607.mat,112252,1,0,Meningiom,0,Meningiom,evet,0.90175,0.072792,0.025458
607,608,brain_tumor_figshare/608.mat,112552,2,0,Meningiom,1,Gliom,hayır,0.353626,0.646005,0.000368
608,609,brain_tumor_figshare/609.mat,112552,2,0,Meningiom,0,Meningiom,evet,0.717368,0.282261,0.000371
609,610,brain_tumor_figshare/610.mat,112552,2,0,Meningiom,1,Gliom,hayır,0.101664,0.898001,0.000335
610,611,brain_tumor_figshare/611.mat,112552,2,0,Meningiom,1,Gliom,hayır,0.036915,0.962961,0.000125
611,612,brain_tumor_figshare/612.mat,112552,2,0,Meningiom,1,Gliom,hayır,0.018138,0.981755,0.000107
612,613,brain_tumor_figshare/613.mat,112552,2,0,Meningiom,1,Gliom,hayır,0.101613,0.897943,0.000444
613,614,brain_tumor_figshare/614.mat,112552,2,0,Meningiom,0,Meningiom,evet,0.574756,0.424991,0.000253
614,615,brain_tumor_figshare/615.mat,112648,3,0,Meningiom,0,Meningiom,evet,0.876977,0.122256,0.000766
615,616,brain_tumor_figshare/616.mat,112648,3,0,Meningiom,0,Meningiom,evet,0.999607,0.000315,7.8e-05
616,617,brain_tumor_figshare/617.mat,112648,3,0,Meningiom,0,Meningiom,evet,0.998412,0.001512,7.6e-05
617,618,brain_tumor_figshare/618.mat,112648,3,0,Meningiom,0,Meningiom,evet,0.98945,0.009476,0.001074
618,619,brain_tumor_figshare/619.mat,112650,3,0,Meningiom,0,Meningiom,evet,0.985574,0.013729,0.000697
619,620,brain_tumor_figshare/620.mat,112650,3,0,Meningiom,0,Meningiom,evet,0.990012,0.009518,0.00047
620,621,brain_tumor_figshare/621.mat,113098,1,0,Meningiom,0,Meningiom,evet,0.997996,0.000496,0.001507
621,622,brain_tumor_figshare/622.mat,113098,1,0,Meningiom,0,Meningiom,evet,0.99574,0.003237,0.001024
622,623,brain_tumor_figshare/623.mat,113098,1,0,Meningiom,0,Meningiom,evet,0.901807,0.096018,0.002175
623,624,brain_tumor_figshare/624.mat,113098,1,0,Meningiom,1,Gliom,hayır,0.125556,0.869266,0.005178
624,625,brain_tumor_figshare/625.mat,113435,5,0,Meningiom,0,Meningiom,evet,0.999992,7e-06,1e-06
625,626,brain_tumor_figshare/626.mat,113435,5,0,Meningiom,0,Meningiom,evet,1.0,0.0,0.0
626,627,brain_tumor_figshare/627.mat,113435,5,0,Meningiom,0,Meningiom,evet,0.999755,0.000235,1e-05
627,628,brain_tumor_figshare/628.mat,113435,5,0,Meningiom,0,Meningiom,evet,0.998682,0.001266,5.3e-05
628,629,brain_tumor_figshare/629.mat,113435,5,0,Meningiom,0,Meningiom,evet,0.973669,0.026122,0.000209
629,630,brain_tumor_figshare/630.mat,113435,5,0,Meningiom,0,Meningiom,evet,0.888946,0.107162,0.003892
630,631,brain_tumor_figshare/631.mat,113554,5,0,Meningiom,0,Meningiom,evet,0.991849,0.00797,0.00018
631,632,brain_tumor_figshare/632.mat,113554,5,0,Meningiom,0,Meningiom,evet,0.999058,0.000687,0.000254
632,633,brain_tumor_figshare/633.mat,113554,5,0,Meningiom,0,Meningiom,evet,0.999938,3.5e-05,2.7e-05
633,634,brain_tumor_figshare/634.mat,113554,5,0,Meningiom,0,Meningiom,evet,0.999153,0.000586,0.000261
634,635,brain_tumor_figshare/635.mat,113614,4,0,Meningiom,1,Gliom,hayır,0.001828,0.997936,0.000235
635,636,brain_tumor_figshare/636.mat,113614,4,0,Meningiom,1,Gliom,hayır,0.008984,0.990763,0.000253
636,637,brain_tumor_figshare/637.mat,113614,4,0,Meningiom,0,Meningiom,evet,0.989599,0.010208,0.000194
637,638,brain_tumor_figshare/638.mat,113614,4,0,Meningiom,0,Meningiom,evet,0.998677,0.00123,9.3e-05
638,639,brain_tumor_figshare/639.mat,113805,2,0,Meningiom,0,Meningiom,evet,0.999998,2e-06,0.0
639,640,brain_tumor_figshare/640.mat,113971,5,0,Meningiom,0,Meningiom,evet,0.977158,0.015784,0.007059
640,641,brain_tumor_figshare/641.mat,113971,5,0,Meningiom,0,Meningiom,evet,0.865783,0.013715,0.120502
641,642,brain_tumor_figshare/642.mat,114018,2,0,Meningiom,0,Meningiom,evet,0.968125,0.002552,0.029324
642,643,brain_tumor_figshare/643.mat,114018,2,0,Meningiom,0,Meningiom,evet,0.996481,0.000601,0.002918
643,644,brain_tumor_figshare/644.mat,114018,2,0,Meningiom,0,Meningiom,evet,0.994124,0.001113,0.004763
644,645,brain_tumor_figshare/645.mat,114018,2,0,Meningiom,0,Meningiom,evet,0.8763,0.098111,0.025589
645,646,brain_tumor_figshare/646.mat,114018,2,0,Meningiom,1,Gliom,hayır,0.305229,0.576115,0.118656
646,647,brain_tumor_figshare/647.mat,114018,2,0,Meningiom,0,Meningiom,evet,0.787037,0.000788,0.212175
647,648,brain_tumor_figshare/648.mat,114359,2,0,Meningiom,0,Meningiom,evet,0.999121,0.000829,5e-05
648,649,brain_tumor_figshare/649.mat,114359,2,0,Meningiom,0,Meningiom,evet,0.999855,0.000132,1.3e-05
649,650,brain_tumor_figshare/650.mat,114359,2,0,Meningiom,0,Meningiom,evet,0.994973,0.00497,5.7e-05
650,651,brain_tumor_figshare/651.mat,114359,2,0,Meningiom,0,Meningiom,evet,0.993637,0.006307,5.6e-05
651,652,brain_tumor_figshare/652.mat,114359,2,0,Meningiom,0,Meningiom,evet,0.996029,0.003907,6.4e-05
652,653,brain_tumor_figshare/653.mat,114359,2,0,Meningiom,0,Meningiom,evet,0.995424,0.004513,6.3e-05
653,654,brain_tumor_figshare/654.mat,114359,2,0,Meningiom,1,Gliom,hayır,0.028791,0.970536,0.000673
654,655,brain_tumor_figshare/655.mat,114417,2,0,Meningiom,0,Meningiom,evet,0.997624,0.002224,0.000152
655,656,brain_tumor_figshare/656.mat,114417,2,0,Meningiom,0,Meningiom,evet,0.999936,5.1e-05,1.3e-05
656,657,brain_tumor_figshare/657.mat,114417,2,0,Meningiom,0,Meningiom,evet,0.996166,0.003294,0.00054
657,658,brain_tumor_figshare/658.mat,114417,2,0,Meningiom,0,Meningiom,evet,0.999384,0.000574,4.2e-05
658,659,brain_tumor_figshare/659.mat,97374,3,0,Meningiom,0,Meningiom,evet,0.943117,0.056762,0.000121
659,660,brain_tumor_figshare/660.mat,97374,3,0,Meningiom,0,Meningiom,evet,0.99928,0.000706,1.4e-05
660,661,brain_tumor_figshare/661.mat,97374,3,0,Meningiom,0,Meningiom,evet,0.999527,0.000467,6e-06
661,662,brain_tumor_figshare/662.mat,97374,3,0,Meningiom,0,Meningiom,evet,0.999254,0.000743,3e-06
662,663,brain_tumor_figshare/663.mat,97374,3,0,Meningiom,0,Meningiom,evet,0.999734,0.000263,3e-06
663,664,brain_tumor_figshare/664.mat,97607,1,0,Meningiom,0,Meningiom,evet,0.998989,0.00084,0.000171
664,665,brain_tumor_figshare/665.mat,97607,1,0,Meningiom,0,Meningiom,evet,0.999394,0.000279,0.000327
665,666,brain_tumor_figshare/666.mat,97607,1,0,Meningiom,0,Meningiom,evet,0.999945,3e-06,5.1e-05
666,667,brain_tumor_figshare/667.mat,97607,1,0,Meningiom,0,Meningiom,evet,0.999831,5.2e-05,0.000117
667,668,brain_tumor_figshare/668.mat,97737,1,0,Meningiom,0,Meningiom,evet,0.999886,4.7e-05,6.7e-05
668,669,brain_tumor_figshare/669.mat,97737,1,0,Meningiom,0,Meningiom,evet,0.999978,1.3e-05,9e-06
669,670,brain_tumor_figshare/670.mat,97737,1,0,Meningiom,0,Meningiom,evet,0.999858,8e-05,6.2e-05
670,671,brain_tumor_figshare/671.mat,97737,1,0,Meningiom,0,Meningiom,evet,0.988947,0.010469,0.000584
671,672,brain_tumor_figshare/672.mat,97737,1,0,Meningiom,0,Meningiom,evet,0.999567,0.00031,0.000124
672,673,brain_tumor_figshare/673.mat,97793,3,0,Meningiom,0,Meningiom,evet,0.999332,0.000397,0.00027
673,674,brain_tumor_figshare/674.mat,97875,4,0,Meningiom,0,Meningiom,evet,0.997322,4.3e-05,0.002635
674,675,brain_tumor_figshare/675.mat,97943,3,0,Meningiom,0,Meningiom,evet,0.99947,0.000526,4e-06
675,676,brain_tumor_figshare/676.mat,97943,3,0,Meningiom,0,Meningiom,evet,0.998507,0.001483,1e-05
676,677,brain_tumor_figshare/677.mat,97943,3,0,Meningiom,0,Meningiom,evet,1.0,0.0,0.0
677,678,brain_tumor_figshare/678.mat,97943,3,0,Meningiom,0,Meningiom,evet,0.99999,9e-06,1e-06
678,679,brain_tumor_figshare/679.mat,97943,3,0,Meningiom,0,Meningiom,evet,0.999997,0.0,2e-06
679,680,brain_tumor_figshare/680.mat,98241,2,0,Meningiom,0,Meningiom,evet,0.999771,0.000214,1.5e-05
680,681,brain_tumor_figshare/681.mat,98241,2,0,Meningiom,0,Meningiom,evet,0.999979,1.8e-05,2e-06
681,682,brain_tumor_figshare/682.mat,98241,2,0,Meningiom,0,Meningiom,evet,0.99995,4.7e-05,3e-06
682,683,brain_tumor_figshare/683.mat,98241,2,0,Meningiom,0,Meningiom,evet,0.979008,0.020945,4.7e-05
683,684,brain_tumor_figshare/684.mat,98241,2,0,Meningiom,0,Meningiom,evet,0.630776,0.367786,0.001438
684,685,brain_tumor_figshare/685.mat,98241,2,0,Meningiom,0,Meningiom,evet,0.930308,0.068903,0.000789
685,686,brain_tumor_figshare/686.mat,99017,1,0,Meningiom,0,Meningiom,evet,0.996866,0.002109,0.001026
686,687,brain_tumor_figshare/687.mat,99017,1,0,Meningiom,0,Meningiom,evet,0.998202,0.001016,0.000782
687,688,brain_tumor_figshare/688.mat,99089,5,0,Meningiom,0,Meningiom,evet,0.984251,0.012658,0.003092
688,689,brain_tumor_figshare/689.mat,99089,5,0,Meningiom,0,Meningiom,evet,0.99953,0.000223,0.000247
689,690,brain_tumor_figshare/690.mat,99089,5,0,Meningiom,0,Meningiom,evet,0.999943,9e-06,4.8e-05
690,691,brain_tumor_figshare/691.mat,99089,5,0,Meningiom,0,Meningiom,evet,0.998857,0.000976,0.000167
691,692,brain_tumor_figshare/692.mat,99089,5,0,Meningiom,0,Meningiom,evet,0.999761,0.000211,2.8e-05
692,693,brain_tumor_figshare/693.mat,99162,1,0,Meningiom,0,Meningiom,evet,0.905647,0.093369,0.000984
693,694,brain_tumor_figshare/694.mat,99162,1,0,Meningiom,0,Meningiom,evet,0.997039,0.002776,0.000185
694,695,brain_tumor_figshare/695.mat,99162,1,0,Meningiom,0,Meningiom,evet,0.99918,0.000605,0.000215
695,696,brain_tumor_figshare/696.mat,99288,2,0,Meningiom,0,Meningiom,evet,0.99664,0.0031,0.00026
696,697,brain_tumor_figshare/697.mat,99308,2,0,Meningiom,0,Meningiom,evet,0.999841,0.000157,2e-06
697,698,brain_tumor_figshare/698.mat,99308,2,0,Meningiom,0,Meningiom,evet,0.999978,1.5e-05,6e-06
698,699,brain_tumor_figshare/699.mat,99308,2,0,Meningiom,0,Meningiom,evet,0.999981,1.7e-05,2e-06
699,700,brain_tumor_figshare/700.mat,99308,2,0,Meningiom,0,Meningiom,evet,0.999984,1.4e-05,2e-06
700,701,brain_tumor_figshare/701.mat,99308,2,0,Meningiom,0,Meningiom,evet,0.999972,2.7e-05,1e-06
701,702,brain_tumor_figshare/702.mat,99308,2,0,Meningiom,0,Meningiom,evet,0.998252,0.001729,1.9e-05
702,703,brain_tumor_figshare/703.mat,99815,4,0,Meningiom,0,Meningiom,evet,0.781633,0.217681,0.000687
703,704,brain_tumor_figshare/704.mat,99815,4,0,Meningiom,0,Meningiom,evet,0.996662,0.003221,0.000117
704,705,brain_tumor_figshare/705.mat,99815,4,0,Meningiom,0,Meningiom,evet,0.999972,4e-06,2.4e-05
705,706,brain_tumor_figshare/706.mat,99815,4,0,Meningiom,0,Meningiom,evet,0.997793,0.001396,0.000812
706,707,brain_tumor_figshare/707.mat,99815,4,0,Meningiom,0,Meningiom,evet,0.99009,0.009537,0.000373
707,708,brain_tumor_figshare/708.mat,99815,4,0,Meningiom,0,Meningiom,evet,0.990295,0.008355,0.00135
708,709,brain_tumor_figshare/709.mat,105936,5,2,Hipofiz tümörü,2,Hipofiz tümörü,evet,3e-06,0.0,0.999997
709,710,brain_tumor_figshare/710.mat,105936,5,2,Hipofiz tümörü,2,Hipofiz tümörü,evet,0.0,0.0,1.0
710,711,brain_tumor_figshare/711.mat,105936,5,2,Hipofiz tümörü,2,Hipofiz tümörü,evet,2e-06,0.0,0.999998
711,712,brain_tumor_figshare/712.mat,106062,3,2,Hipofiz tümörü,2,Hipofiz tümörü,evet,0.000961,2e-06,0.999037
712,713,brain_tumor_figshare/713.mat,106062,3,2,Hipofiz tümörü,2,Hipofiz tümörü,evet,0.012889,6e-06,0.987105
713,714,brain_tumor_figshare/714.mat,106062,3,2,Hipofiz tümörü,2,Hipofiz tümörü,evet,0.064205,7.3e-05,0.935722
714,715,brain_tumor_figshare/715.mat,100820,3,1,Gliom,0,Meningiom,hayır,0.935733,0.06263,0.001637
715,716,brain_tumor_figshare/716.mat,100820,3,1,Gliom,0,Meningiom,hayır,0.964334,0.035198,0.000468
716,717,brain_tumor_figshare/717.mat,100820,3,1,Gliom,0,Meningiom,hayır,0.951552,0.047013,0.001435
717,718,brain_tumor_figshare/718.mat,101020,3,1,Gliom,0,Meningiom,hayır,0.992229,0.007745,2.6e-05
718,719,brain_tumor_figshare/719.mat,101020,3,1,Gliom,0,Meningiom,hayır,0.999932,6.2e-05,6e-06
719,720,brain_tumor_figshare/720.mat,101020,3,1,Gliom,0,Meningiom,hayır,0.999446,0.000525,2.9e-05
720,721,brain_tumor_figshare/721.mat,101020,3,1,Gliom,1,Gliom,evet,0.208438,0.783616,0.007946
721,722,brain_tumor_figshare/722.mat,102075,5,1,Gliom,0,Meningiom,hayır,0.887137,0.020562,0.092301
722,723,brain_tumor_figshare/723.mat,102075,5,1,Gliom,0,Meningiom,hayır,0.989098,0.002236,0.008666
723,724,brain_tumor_figshare/724.mat,102075,5,1,Gliom,0,Meningiom,hayır,0.927324,0.002558,0.070118
724,725,brain_tumor_figshare/725.mat,103148,1,1,Gliom,1,Gliom,evet,0.242978,0.754819,0.002202
725,726,brain_tumor_figshare/726.mat,103148,1,1,Gliom,0,Meningiom,hayır,0.56602,0.43131,0.002671
726,727,brain_tumor_figshare/727.mat,103148,1,1,Gliom,0,Meningiom,hayır,0.938141,0.060259,0.001599
727,728,brain_tumor_figshare/728.mat,103148,1,1,Gliom,0,Meningiom,hayır,0.642889,0.355089,0.002022
728,729,brain_tumor_figshare/729.mat,106494,5,1,Gliom,0,Meningiom,hayır,0.57602,0.40689,0.01709
729,730,brain_tumor_figshare/730.mat,106494,5,1,Gliom,0,Meningiom,hayır,0.868761,0.127876,0.003363
730,731,brain_tumor_figshare/731.mat,106494,5,1,Gliom,1,Gliom,evet,0.102113,0.895401,0.002486
731,732,brain_tumor_figshare/732.mat,106494,5,1,Gliom,0,Meningiom,hayır,0.90153,0.096584,0.001886
732,733,brain_tumor_figshare/733.mat,106494,5,1,Gliom,0,Meningiom,hayır,0.92848,0.069199,0.002321
733,734,brain_tumor_figshare/734.mat,106494,5,1,Gliom,0,Meningiom,hayır,0.95826,0.03845,0.00329
734,735,brain_tumor_figshare/735.mat,107747,5,1,Gliom,0,Meningiom,hayır,0.662946,0.328031,0.009024
735,736,brain_tumor_figshare/736.mat,107747,5,1,Gliom,0,Meningiom,hayır,0.736039,0.258,0.005961
736,737,brain_tumor_figshare/737.mat,107747,5,1,Gliom,1,Gliom,evet,0.411672,0.58014,0.008188
737,738,brain_tumor_figshare/738.mat,107747,5,1,Gliom,0,Meningiom,hayır,0.858297,0.13517,0.006532
738,739,brain_tumor_figshare/739.mat,107747,5,1,Gliom,0,Meningiom,hayır,0.996981,0.002329,0.000691
739,740,brain_tumor_figshare/740.mat,112105,4,1,Gliom,1,Gliom,evet,0.264715,0.729408,0.005877
740,741,brain_tumor_figshare/741.mat,112105,4,1,Gliom,1,Gliom,evet,0.033628,0.963426,0.002946
741,742,brain_tumor_figshare/742.mat,112105,4,1,Gliom,1,Gliom,evet,0.072862,0.920556,0.006582
742,743,brain_tumor_figshare/743.mat,112105,4,1,Gliom,1,Gliom,evet,0.024154,0.97501,0.000835
743,744,brain_tumor_figshare/744.mat,112105,4,1,Gliom,1,Gliom,evet,0.034869,0.964237,0.000893
744,745,brain_tumor_figshare/745.mat,112105,4,1,Gliom,1,Gliom,evet,0.215758,0.78143,0.002812
745,746,brain_tumor_figshare/746.mat,112105,4,1,Gliom,1,Gliom,evet,0.26592,0.732582,0.001498
746,747,brain_tumor_figshare/747.mat,100820,3,1,Gliom,0,Meningiom,hayır,0.981706,0.018056,0.000238
747,748,brain_tumor_figshare/748.mat,100820,3,1,Gliom,0,Meningiom,hayır,0.984982,0.014839,0.000178
748,749,brain_tumor_figshare/749.mat,100820,3,1,Gliom,1,Gliom,evet,0.18983,0.808255,0.001915
749,750,brain_tumor_figshare/750.mat,100820,3,1,Gliom,1,Gliom,evet,0.031892,0.966553,0.001555
750,751,brain_tumor_figshare/751.mat,100820,3,1,Gliom,1,Gliom,evet,0.07307,0.925883,0.001048
751,752,brain_tumor_figshare/752.mat,100820,3,1,Gliom,1,Gliom,evet,0.011394,0.988394,0.000212
752,753,brain_tumor_figshare/753.mat,101020,3,1,Gliom,1,Gliom,evet,0.469814,0.528385,0.001801
753,754,brain_tumor_figshare/754.mat,101020,3,1,Gliom,1,Gliom,evet,0.003367,0.996532,0.000101
754,755,brain_tumor_figshare/755.mat,101020,3,1,Gliom,0,Meningiom,hayır,0.99543,0.004554,1.7e-05
755,756,brain_tumor_figshare/756.mat,101020,3,1,Gliom,0,Meningiom,hayır,0.994425,0.005545,2.9e-05
756,757,brain_tumor_figshare/757.mat,101020,3,1,Gliom,0,Meningiom,hayır,0.998336,0.001572,9.1e-05
757,758,brain_tumor_figshare/758.mat,101020,3,1,Gliom,0,Meningiom,hayır,0.998621,0.001346,3.3e-05
758,759,brain_tumor_figshare/759.mat,101020,3,1,Gliom,0,Meningiom,hayır,0.982607,0.017286,0.000107
759,760,brain_tumor_figshare/760.mat,101020,3,1,Gliom,0,Meningiom,hayır,0.983267,0.015884,0.000849
760,761,brain_tumor_figshare/761.mat,102075,5,1,Gliom,0,Meningiom,hayır,0.956451,0.022815,0.020734
761,762,brain_tumor_figshare/762.mat,102075,5,1,Gliom,0,Meningiom,hayır,0.984342,0.0141,0.001558
762,763,brain_tumor_figshare/763.mat,102075,5,1,Gliom,0,Meningiom,hayır,0.995775,0.002303,0.001923
763,764,brain_tumor_figshare/764.mat,103148,1,1,Gliom,1,Gliom,evet,0.033797,0.965923,0.00028
764,765,brain_tumor_figshare/765.mat,103148,1,1,Gliom,0,Meningiom,hayır,0.807799,0.190811,0.00139
765,766,brain_tumor_figshare/766.mat,103148,1,1,Gliom,1,Gliom,evet,0.006346,0.992578,0.001076
766,767,brain_tumor_figshare/767.mat,103148,1,1,Gliom,1,Gliom,evet,0.00391,0.995148,0.000942
767,768,brain_tumor_figshare/768.mat,106494,5,1,Gliom,1,Gliom,evet,0.040519,0.958431,0.001049
768,769,brain_tumor_figshare/769.mat,106494,5,1,Gliom,1,Gliom,evet,0.068496,0.930287,0.001217
769,770,brain_tumor_figshare/770.mat,106494,5,1,Gliom,1,Gliom,evet,0.000439,0.99948,8.1e-05
770,771,brain_tumor_figshare/771.mat,106494,5,1,Gliom,1,Gliom,evet,0.001042,0.998895,6.3e-05
771,772,brain_tumor_figshare/772.mat,106494,5,1,Gliom,1,Gliom,evet,0.020592,0.979109,0.000299
772,773,brain_tumor_figshare/773.mat,107747,5,1,Gliom,1,Gliom,evet,0.024868,0.970261,0.004872
773,774,brain_tumor_figshare/774.mat,107747,5,1,Gliom,0,Meningiom,hayır,0.823036,0.166028,0.010936
774,775,brain_tumor_figshare/775.mat,107747,5,1,Gliom,1,Gliom,evet,0.116338,0.875021,0.008641
775,776,brain_tumor_figshare/776.mat,107747,5,1,Gliom,1,Gliom,evet,0.037351,0.95511,0.007538
776,777,brain_tumor_figshare/777.mat,107747,5,1,Gliom,1,Gliom,evet,0.013699,0.984674,0.001627
777,778,brain_tumor_figshare/778.mat,107747,5,1,Gliom,1,Gliom,evet,0.295065,0.688748,0.016187
778,779,brain_tumor_figshare/779.mat,112027,3,1,Gliom,1,Gliom,evet,0.004263,0.995675,6.2e-05
779,780,brain_tumor_figshare/780.mat,112027,3,1,Gliom,0,Meningiom,hayır,0.997795,0.002175,3e-05
780,781,brain_tumor_figshare/781.mat,112105,4,1,Gliom,1,Gliom,evet,0.059451,0.93996,0.000589
781,782,brain_tumor_figshare/782.mat,112105,4,1,Gliom,0,Meningiom,hayır,0.503979,0.493433,0.002588
782,783,brain_tumor_figshare/783.mat,112105,4,1,Gliom,1,Gliom,evet,0.018094,0.981854,5.2e-05
783,784,brain_tumor_figshare/784.mat,112105,4,1,Gliom,1,Gliom,evet,0.436819,0.560938,0.002243
784,785,brain_tumor_figshare/785.mat,112105,4,1,Gliom,0,Meningiom,hayır,0.75871,0.239472,0.001818
785,786,brain_tumor_figshare/786.mat,112105,4,1,Gliom,0,Meningiom,hayır,0.646588,0.351917,0.001495
786,787,brain_tumor_figshare/787.mat,112105,4,1,Gliom,0,Meningiom,hayır,0.718627,0.277983,0.00339
787,788,brain_tumor_figshare/788.mat,112105,4,1,Gliom,0,Meningiom,hayır,0.742702,0.25593,0.001368
788,789,brain_tumor_figshare/789.mat,112105,4,1,Gliom,0,Meningiom,hayır,0.527428,0.472182,0.00039
789,790,brain_tumor_figshare/790.mat,112105,4,1,Gliom,0,Meningiom,hayır,0.830403,0.169021,0.000575
790,791,brain_tumor_figshare/791.mat,112105,4,1,Gliom,0,Meningiom,hayır,0.645312,0.354427,0.000261
791,792,brain_tumor_figshare/792.mat,88670,4,1,Gliom,0,Meningiom,hayır,0.976841,0.019269,0.00389
792,793,brain_tumor_figshare/793.mat,88670,4,1,Gliom,1,Gliom,evet,0.069579,0.927579,0.002843
793,794,brain_tumor_figshare/794.mat,88670,4,1,Gliom,1,Gliom,evet,0.003715,0.99533,0.000955
794,795,brain_tumor_figshare/795.mat,88670,4,1,Gliom,1,Gliom,evet,0.006986,0.991814,0.001201
795,796,brain_tumor_figshare/796.mat,88670,4,1,Gliom,1,Gliom,evet,0.017896,0.981936,0.000168
796,797,brain_tumor_figshare/797.mat,88670,4,1,Gliom,1,Gliom,evet,0.009386,0.990569,4.6e-05
797,798,brain_tumor_figshare/798.mat,88670,4,1,Gliom,1,Gliom,evet,0.009074,0.990898,2.8e-05
798,799,brain_tumor_figshare/799.mat,90284,2,1,Gliom,1,Gliom,evet,0.034658,0.960509,0.004833
799,800,brain_tumor_figshare/800.mat,90284,2,1,Gliom,1,Gliom,evet,0.365063,0.626845,0.008092
800,801,brain_tumor_figshare/801.mat,90284,2,1,Gliom,1,Gliom,evet,0.397157,0.568617,0.034226
801,802,brain_tumor_figshare/802.mat,90284,2,1,Gliom,1,Gliom,evet,0.079985,0.831728,0.088287
802,803,brain_tumor_figshare/803.mat,90284,2,1,Gliom,1,Gliom,evet,0.000113,0.999522,0.000365
803,804,brain_tumor_figshare/804.mat,90284,2,1,Gliom,1,Gliom,evet,0.004452,0.995038,0.00051
804,805,brain_tumor_figshare/805.mat,90284,2,1,Gliom,1,Gliom,evet,9.9e-05,0.999825,7.6e-05
805,806,brain_tumor_figshare/806.mat,90284,2,1,Gliom,1,Gliom,evet,0.005289,0.99094,0.003771
806,807,brain_tumor_figshare/807.mat,92897,3,1,Gliom,0,Meningiom,hayır,0.964701,0.033961,0.001338
807,808,brain_tumor_figshare/808.mat,92897,3,1,Gliom,0,Meningiom,hayır,0.995929,0.003524,0.000547
808,809,brain_tumor_figshare/809.mat,93825,1,1,Gliom,1,Gliom,evet,0.029801,0.970041,0.000158
809,810,brain_tumor_figshare/810.mat,93825,1,1,Gliom,0,Meningiom,hayır,0.627587,0.371914,0.0005
810,811,brain_tumor_figshare/811.mat,93825,1,1,Gliom,0,Meningiom,hayır,0.748588,0.250758,0.000654
811,812,brain_tumor_figshare/812.mat,97609,2,1,Gliom,1,Gliom,evet,0.0879,0.910276,0.001824
812,813,brain_tumor_figshare/813.mat,97609,2,1,Gliom,1,Gliom,evet,0.009189,0.990447,0.000364
813,814,brain_tumor_figshare/814.mat,97609,2,1,Gliom,1,Gliom,evet,0.015213,0.983623,0.001164
814,815,brain_tumor_figshare/815.mat,97609,2,1,Gliom,1,Gliom,evet,0.007115,0.992126,0.000759
815,816,brain_tumor_figshare/816.mat,97609,2,1,Gliom,1,Gliom,evet,0.002264,0.997187,0.000549
816,817,brain_tumor_figshare/817.mat,97609,2,1,Gliom,0,Meningiom,hayır,0.834737,0.163544,0.001719
817,818,brain_tumor_figshare/818.mat,100416,3,1,Gliom,1,Gliom,evet,0.002313,0.981906,0.015781
818,819,brain_tumor_figshare/819.mat,100416,3,1,Gliom,0,Meningiom,hayır,0.86117,0.124296,0.014534
819,820,brain_tumor_figshare/820.mat,100416,3,1,Gliom,1,Gliom,evet,0.134063,0.864583,0.001354
820,821,brain_tumor_figshare/821.mat,100416,3,1,Gliom,0,Meningiom,hayır,0.576566,0.413838,0.009595
821,822,brain_tumor_figshare/822.mat,100820,3,1,Gliom,1,Gliom,evet,0.005171,0.994702,0.000127
822,823,brain_tumor_figshare/823.mat,100820,3,1,Gliom,1,Gliom,evet,0.067244,0.932282,0.000475
823,824,brain_tumor_figshare/824.mat,100820,3,1,Gliom,1,Gliom,evet,0.166712,0.831563,0.001724
824,825,brain_tumor_figshare/825.mat,100820,3,1,Gliom,0,Meningiom,hayır,0.738063,0.260625,0.001312
825,826,brain_tumor_figshare/826.mat,100820,3,1,Gliom,1,Gliom,evet,0.342527,0.65346,0.004013
826,827,brain_tumor_figshare/827.mat,100820,3,1,Gliom,0,Meningiom,hayır,0.97535,0.020501,0.004149
827,828,brain_tumor_figshare/828.mat,101020,3,1,Gliom,0,Meningiom,hayır,0.999311,0.00058,0.000109
828,829,brain_tumor_figshare/829.mat,101020,3,1,Gliom,0,Meningiom,hayır,0.997181,0.002761,5.8e-05
829,830,brain_tumor_figshare/830.mat,101020,3,1,Gliom,0,Meningiom,hayır,0.997675,0.002308,1.7e-05
830,831,brain_tumor_figshare/831.mat,101020,3,1,Gliom,0,Meningiom,hayır,0.999962,3.6e-05,3e-06
831,832,brain_tumor_figshare/832.mat,101020,3,1,Gliom,0,Meningiom,hayır,0.999834,0.000161,4e-06
832,833,brain_tumor_figshare/833.mat,101020,3,1,Gliom,0,Meningiom,hayır,0.983769,0.016039,0.000192
833,834,brain_tumor_figshare/834.mat,101384,1,1,Gliom,1,Gliom,evet,0.007754,0.99167,0.000576
834,835,brain_tumor_figshare/835.mat,101384,1,1,Gliom,1,Gliom,evet,0.001308,0.998572,0.00012
835,836,brain_tumor_figshare/836.mat,101384,1,1,Gliom,1,Gliom,evet,0.004541,0.995279,0.00018
836,837,brain_tumor_figshare/837.mat,102075,5,1,Gliom,1,Gliom,evet,0.313537,0.681527,0.004935
837,838,brain_tumor_figshare/838.mat,102075,5,1,Gliom,1,Gliom,evet,0.110835,0.878698,0.010467
838,839,brain_tumor_figshare/839.mat,102075,5,1,Gliom,1,Gliom,evet,0.369625,0.626896,0.003478
839,840,brain_tumor_figshare/840.mat,103148,1,1,Gliom,0,Meningiom,hayır,0.959576,0.040124,0.000301
840,841,brain_tumor_figshare/841.mat,103148,1,1,Gliom,0,Meningiom,hayır,0.999205,0.000642,0.000153
841,842,brain_tumor_figshare/842.mat,103148,1,1,Gliom,0,Meningiom,hayır,0.997496,0.002042,0.000461
842,843,brain_tumor_figshare/843.mat,103148,1,1,Gliom,1,Gliom,evet,0.007142,0.98793,0.004928
843,844,brain_tumor_figshare/844.mat,105653,2,1,Gliom,0,Meningiom,hayır,0.860844,0.125779,0.013377
844,845,brain_tumor_figshare/845.mat,105653,2,1,Gliom,0,Meningiom,hayır,0.992029,0.005658,0.002313
845,846,brain_tumor_figshare/846.mat,106494,5,1,Gliom,0,Meningiom,hayır,0.956692,0.02973,0.013578
846,847,brain_tumor_figshare/847.mat,106494,5,1,Gliom,1,Gliom,evet,0.120356,0.876121,0.003523
847,848,brain_tumor_figshare/848.mat,106494,5,1,Gliom,1,Gliom,evet,0.003639,0.996182,0.000178
848,849,brain_tumor_figshare/849.mat,106494,5,1,Gliom,1,Gliom,evet,0.444246,0.554857,0.000897
849,850,brain_tumor_figshare/850.mat,106494,5,1,Gliom,1,Gliom,evet,0.037203,0.960675,0.002121
850,851,brain_tumor_figshare/851.mat,106494,5,1,Gliom,1,Gliom,evet,0.236671,0.760384,0.002945
851,852,brain_tumor_figshare/852.mat,106494,5,1,Gliom,1,Gliom,evet,0.073807,0.924967,0.001226
852,853,brain_tumor_figshare/853.mat,107747,5,1,Gliom,0,Meningiom,hayır,0.999522,0.000307,0.000171
853,854,brain_tumor_figshare/854.mat,107747,5,1,Gliom,0,Meningiom,hayır,0.996774,0.001612,0.001614
854,855,brain_tumor_figshare/855.mat,107747,5,1,Gliom,0,Meningiom,hayır,0.840117,0.148785,0.011098
855,856,brain_tumor_figshare/856.mat,107747,5,1,Gliom,1,Gliom,evet,0.028739,0.967348,0.003913
856,857,brain_tumor_figshare/857.mat,108479,1,1,Gliom,1,Gliom,evet,5.8e-05,0.999618,0.000324
857,858,brain_tumor_figshare/858.mat,108479,1,1,Gliom,1,Gliom,evet,0.000539,0.999063,0.000398
858,859,brain_tumor_figshare/859.mat,112105,4,1,Gliom,1,Gliom,evet,0.032,0.967756,0.000244
859,860,brain_tumor_figshare/860.mat,112105,4,1,Gliom,1,Gliom,evet,0.002333,0.997635,3.2e-05
860,861,brain_tumor_figshare/861.mat,112105,4,1,Gliom,1,Gliom,evet,0.011572,0.988362,6.7e-05
861,862,brain_tumor_figshare/862.mat,112105,4,1,Gliom,1,Gliom,evet,0.035983,0.963885,0.000133
862,863,brain_tumor_figshare/863.mat,112105,4,1,Gliom,1,Gliom,evet,0.19451,0.80496,0.00053
863,864,brain_tumor_figshare/864.mat,112105,4,1,Gliom,1,Gliom,evet,0.000724,0.998971,0.000304
864,865,brain_tumor_figshare/865.mat,88670,4,1,Gliom,1,Gliom,evet,0.011857,0.98781,0.000333
865,866,brain_tumor_figshare/866.mat,88670,4,1,Gliom,1,Gliom,evet,0.000796,0.999172,3.2e-05
866,867,brain_tumor_figshare/867.mat,88670,4,1,Gliom,1,Gliom,evet,0.00056,0.999415,2.5e-05
867,868,brain_tumor_figshare/868.mat,88670,4,1,Gliom,1,Gliom,evet,0.000662,0.999319,1.9e-05
868,869,brain_tumor_figshare/869.mat,88670,4,1,Gliom,1,Gliom,evet,0.001496,0.998262,0.000243
869,870,brain_tumor_figshare/870.mat,90284,2,1,Gliom,0,Meningiom,hayır,0.7612,0.238605,0.000195
870,871,brain_tumor_figshare/871.mat,90284,2,1,Gliom,0,Meningiom,hayır,0.966729,0.031148,0.002123
871,872,brain_tumor_figshare/872.mat,90284,2,1,Gliom,1,Gliom,evet,0.215499,0.780712,0.003789
872,873,brain_tumor_figshare/873.mat,90284,2,1,Gliom,1,Gliom,evet,0.165106,0.831047,0.003847
873,874,brain_tumor_figshare/874.mat,90284,2,1,Gliom,0,Meningiom,hayır,0.94195,0.053455,0.004596
874,875,brain_tumor_figshare/875.mat,90284,2,1,Gliom,0,Meningiom,hayır,0.53458,0.423518,0.041902
875,876,brain_tumor_figshare/876.mat,90284,2,1,Gliom,1,Gliom,evet,0.008442,0.990891,0.000667
876,877,brain_tumor_figshare/877.mat,90284,2,1,Gliom,1,Gliom,evet,0.001231,0.998474,0.000294
877,878,brain_tumor_figshare/878.mat,90284,2,1,Gliom,1,Gliom,evet,0.004812,0.994513,0.000674
878,879,brain_tumor_figshare/879.mat,90284,2,1,Gliom,1,Gliom,evet,0.388136,0.603401,0.008463
879,880,brain_tumor_figshare/880.mat,90284,2,1,Gliom,0,Meningiom,hayır,0.69703,0.288892,0.014077
880,881,brain_tumor_figshare/881.mat,92897,3,1,Gliom,0,Meningiom,hayır,0.9596,0.039245,0.001155
881,882,brain_tumor_figshare/882.mat,92897,3,1,Gliom,1,Gliom,evet,0.004353,0.995537,0.00011
882,883,brain_tumor_figshare/883.mat,93329,3,1,Gliom,1,Gliom,evet,0.015436,0.983984,0.00058
883,884,brain_tumor_figshare/884.mat,93329,3,1,Gliom,1,Gliom,evet,0.006932,0.99233,0.000738
884,885,brain_tumor_figshare/885.mat,93329,3,1,Gliom,1,Gliom,evet,0.015858,0.981692,0.002451
885,886,brain_tumor_figshare/886.mat,93329,3,1,Gliom,1,Gliom,evet,0.099894,0.897976,0.00213
886,887,brain_tumor_figshare/887.mat,93329,3,1,Gliom,1,Gliom,evet,0.049094,0.949632,0.001275
887,888,brain_tumor_figshare/888.mat,93825,1,1,Gliom,1,Gliom,evet,0.003949,0.995908,0.000143
888,889,brain_tumor_figshare/889.mat,93825,1,1,Gliom,1,Gliom,evet,0.031506,0.967482,0.001011
889,890,brain_tumor_figshare/890.mat,93825,1,1,Gliom,1,Gliom,evet,0.019031,0.980506,0.000462
890,891,brain_tumor_figshare/891.mat,93825,1,1,Gliom,1,Gliom,evet,0.009356,0.990269,0.000375
891,892,brain_tumor_figshare/892.mat,94731,3,1,Gliom,1,Gliom,evet,0.010148,0.94848,0.041372
892,893,brain_tumor_figshare/893.mat,94731,3,1,Gliom,1,Gliom,evet,0.003066,0.989129,0.007805
893,894,brain_tumor_figshare/894.mat,94731,3,1,Gliom,1,Gliom,evet,0.002845,0.995825,0.00133
894,895,brain_tumor_figshare/895.mat,95142,2,1,Gliom,0,Meningiom,hayır,0.915561,0.010629,0.07381
895,896,brain_tumor_figshare/896.mat,95142,2,1,Gliom,0,Meningiom,hayır,0.945192,0.006443,0.048365
896,897,brain_tumor_figshare/897.mat,95142,2,1,Gliom,1,Gliom,evet,0.351653,0.500573,0.147774
897,898,brain_tumor_figshare/898.mat,95142,2,1,Gliom,1,Gliom,evet,0.003031,0.996414,0.000555
898,899,brain_tumor_figshare/899.mat,95142,2,1,Gliom,1,Gliom,evet,0.004941,0.994706,0.000352
899,900,brain_tumor_figshare/900.mat,95142,2,1,Gliom,1,Gliom,evet,0.001162,0.998729,0.000109
900,901,brain_tumor_figshare/901.mat,95142,2,1,Gliom,1,Gliom,evet,0.018445,0.980572,0.000983
901,902,brain_tumor_figshare/902.mat,95142,2,1,Gliom,1,Gliom,evet,0.020808,0.970002,0.00919
902,903,brain_tumor_figshare/903.mat,95142,2,1,Gliom,1,Gliom,evet,0.100131,0.899176,0.000693
903,904,brain_tumor_figshare/904.mat,96587,3,1,Gliom,1,Gliom,evet,0.024515,0.975416,6.9e-05
904,905,brain_tumor_figshare/905.mat,96587,3,1,Gliom,0,Meningiom,hayır,0.647715,0.352036,0.00025
905,906,brain_tumor_figshare/906.mat,96587,3,1,Gliom,1,Gliom,evet,0.478764,0.520886,0.000349
906,907,brain_tumor_figshare/907.mat,96587,3,1,Gliom,1,Gliom,evet,0.027562,0.972326,0.000112
907,908,brain_tumor_figshare/908.mat,97609,2,1,Gliom,1,Gliom,evet,0.00061,0.999363,2.7e-05
908,909,brain_tumor_figshare/909.mat,97609,2,1,Gliom,1,Gliom,evet,0.000384,0.999597,1.9e-05
909,910,brain_tumor_figshare/910.mat,97609,2,1,Gliom,1,Gliom,evet,0.001115,0.998792,9.3e-05
910,911,brain_tumor_figshare/911.mat,97609,2,1,Gliom,1,Gliom,evet,1.9e-05,0.999937,4.3e-05
911,912,brain_tumor_figshare/912.mat,98889,2,1,Gliom,1,Gliom,evet,0.27065,0.723364,0.005987
912,913,brain_tumor_figshare/913.mat,98889,2,1,Gliom,1,Gliom,evet,2.7e-05,0.999947,2.6e-05
913,914,brain_tumor_figshare/914.mat,98889,2,1,Gliom,1,Gliom,evet,6.5e-05,0.999906,2.8e-05
914,915,brain_tumor_figshare/915.mat,98889,2,1,Gliom,1,Gliom,evet,4.1e-05,0.999951,9e-06
915,916,brain_tumor_figshare/916.mat,98889,2,1,Gliom,1,Gliom,evet,0.002511,0.997316,0.000172
916,917,brain_tumor_figshare/917.mat,98889,2,1,Gliom,1,Gliom,evet,0.00069,0.999234,7.6e-05
917,918,brain_tumor_figshare/918.mat,105936,5,2,Hipofiz tümörü,2,Hipofiz tümörü,evet,1e-06,0.0,0.999999
918,919,brain_tumor_figshare/919.mat,105936,5,2,Hipofiz tümörü,2,Hipofiz tümörü,evet,1e-06,1e-06,0.999998
919,920,brain_tumor_figshare/920.mat,105936,5,2,Hipofiz tümörü,2,Hipofiz tümörü,evet,0.0,0.0,1.0
920,921,brain_tumor_figshare/921.mat,105936,5,2,Hipofiz tümörü,2,Hipofiz tümörü,evet,0.0,1e-06,0.999999
921,922,brain_tumor_figshare/922.mat,106062,3,2,Hipofiz tümörü,2,Hipofiz tümörü,evet,0.005565,3.2e-05,0.994403
922,923,brain_tumor_figshare/923.mat,106062,3,2,Hipofiz tümörü,2,Hipofiz tümörü,evet,0.298977,0.000603,0.70042
923,924,brain_tumor_figshare/924.mat,106062,3,2,Hipofiz tümörü,2,Hipofiz tümörü,evet,0.053806,0.000568,0.945626
924,925,brain_tumor_figshare/925.mat,106062,3,2,Hipofiz tümörü,2,Hipofiz tümörü,evet,0.002089,0.00021,0.997702
925,926,brain_tumor_figshare/926.mat,107495,3,2,Hipofiz tümörü,2,Hipofiz tümörü,evet,2.5e-05,1e-06,0.999974
926,927,brain_tumor_figshare/927.mat,107495,3,2,Hipofiz tümörü,2,Hipofiz tümörü,evet,4e-06,0.0,0.999996
927,928,brain_tumor_figshare/928.mat,107495,3,2,Hipofiz tümörü,2,Hipofiz tümörü,evet,1.7e-05,1e-06,0.999982
928,929,brain_tumor_figshare/929.mat,107495,3,2,Hipofiz tümörü,2,Hipofiz tümörü,evet,0.000134,8e-06,0.999858
929,930,brain_tumor_figshare/930.mat,107495,3,2,Hipofiz tümörü,2,Hipofiz tümörü,evet,0.000136,1e-05,0.999854
930,931,brain_tumor_figshare/931.mat,107495,3,2,Hipofiz tümörü,2,Hipofiz tümörü,evet,0.002737,0.000331,0.996933
931,932,brain_tumor_figshare/932.mat,107495,3,2,Hipofiz tümörü,2,Hipofiz tümörü,evet,0.004241,0.000621,0.995139
932,933,brain_tumor_figshare/933.mat,107429,1,2,Hipofiz tümörü,2,Hipofiz tümörü,evet,1e-05,3e-06,0.999987
933,934,brain_tumor_figshare/934.mat,107429,1,2,Hipofiz tümörü,2,Hipofiz tümörü,evet,8e-06,2e-06,0.99999
934,935,brain_tumor_figshare/935.mat,107429,1,2,Hipofiz tümörü,2,Hipofiz tümörü,evet,5.6e-05,2.4e-05,0.99992
935,936,brain_tumor_figshare/936.mat,107429,1,2,Hipofiz tümörü,2,Hipofiz tümörü,evet,5.7e-05,1e-06,0.999942
936,937,brain_tumor_figshare/937.mat,107429,1,2,Hipofiz tümörü,2,Hipofiz tümörü,evet,5.1e-05,5e-06,0.999945
937,938,brain_tumor_figshare/938.mat,107429,1,2,Hipofiz tümörü,2,Hipofiz tümörü,evet,4.5e-05,1.7e-05,0.999938
938,939,brain_tumor_figshare/939.mat,107505,5,2,Hipofiz tümörü,2,Hipofiz tümörü,evet,4.1e-05,3e-06,0.999957
939,940,brain_tumor_figshare/940.mat,107505,5,2,Hipofiz tümörü,2,Hipofiz tümörü,evet,3e-06,1e-06,0.999997
940,941,brain_tumor_figshare/941.mat,107505,5,2,Hipofiz tümörü,2,Hipofiz tümörü,evet,2e-06,0.0,0.999998
941,942,brain_tumor_figshare/942.mat,107505,5,2,Hipofiz tümörü,2,Hipofiz tümörü,evet,3e-06,1e-06,0.999996
942,943,brain_tumor_figshare/943.mat,107505,5,2,Hipofiz tümörü,2,Hipofiz tümörü,evet,1e-06,1e-06,0.999998
943,944,brain_tumor_figshare/944.mat,107505,5,2,Hipofiz tümörü,2,Hipofiz tümörü,evet,0.0,0.0,0.999999
944,945,brain_tumor_figshare/945.mat,107505,5,2,Hipofiz tümörü,2,Hipofiz tümörü,evet,0.0,0.0,0.999999
945,946,brain_tumor_figshare/946.mat,107743,5,2,Hipofiz tümörü,2,Hipofiz tümörü,evet,4e-06,0.0,0.999996
946,947,brain_tumor_figshare/947.mat,107743,5,2,Hipofiz tümörü,2,Hipofiz tümörü,evet,1.1e-05,1e-06,0.999988
947,948,brain_tumor_figshare/948.mat,107743,5,2,Hipofiz tümörü,2,Hipofiz tümörü,evet,5e-06,1e-06,0.999995
948,949,brain_tumor_figshare/949.mat,107743,5,2,Hipofiz tümörü,2,Hipofiz tümörü,evet,1.7e-05,1e-06,0.999982
949,950,brain_tumor_figshare/950.mat,108858,1,2,Hipofiz tümörü,2,Hipofiz tümörü,evet,2.5e-05,0.0,0.999975
950,951,brain_tumor_figshare/951.mat,108858,1,2,Hipofiz tümörü,2,Hipofiz tümörü,evet,0.000251,2e-06,0.999747
951,952,brain_tumor_figshare/952.mat,108858,1,2,Hipofiz tümörü,2,Hipofiz tümörü,evet,8.2e-05,3e-06,0.999915
952,953,brain_tumor_figshare/953.mat,108858,1,2,Hipofiz tümörü,2,Hipofiz tümörü,evet,7.9e-05,4e-06,0.999917
953,954,brain_tumor_figshare/954.mat,108858,1,2,Hipofiz tümörü,2,Hipofiz tümörü,evet,0.00016,8e-06,0.999832
954,955,brain_tumor_figshare/955.mat,108931,4,2,Hipofiz tümörü,2,Hipofiz tümörü,evet,0.000228,1.5e-05,0.999757
955,956,brain_tumor_figshare/956.mat,108931,4,2,Hipofiz tümörü,2,Hipofiz tümörü,evet,0.000156,1.6e-05,0.999828
956,957,brain_tumor_figshare/957.mat,108931,4,2,Hipofiz tümörü,2,Hipofiz tümörü,evet,5.4e-05,2e-06,0.999945
957,958,brain_tumor_figshare/958.mat,109471,3,2,Hipofiz tümörü,2,Hipofiz tümörü,evet,1.8e-05,2e-06,0.99998
958,959,brain_tumor_figshare/959.mat,109471,3,2,Hipofiz tümörü,2,Hipofiz tümörü,evet,1.4e-05,0.0,0.999986
959,960,brain_tumor_figshare/960.mat,109471,3,2,Hipofiz tümörü,2,Hipofiz tümörü,evet,0.0001,1e-06,0.999899
960,961,brain_tumor_figshare/961.mat,109471,3,2,Hipofiz tümörü,2,Hipofiz tümörü,evet,0.000228,7.2e-05,0.9997
961,962,brain_tumor_figshare/962.mat,109769,2,2,Hipofiz tümörü,2,Hipofiz tümörü,evet,1e-06,0.0,0.999999
962,963,brain_tumor_figshare/963.mat,109769,2,2,Hipofiz tümörü,2,Hipofiz tümörü,evet,1.1e-05,1e-06,0.999988
963,964,brain_tumor_figshare/964.mat,109769,2,2,Hipofiz tümörü,2,Hipofiz tümörü,evet,0.000233,1.3e-05,0.999754
964,965,brain_tumor_figshare/965.mat,109769,2,2,Hipofiz tümörü,2,Hipofiz tümörü,evet,0.000107,4e-06,0.999888
965,966,brain_tumor_figshare/966.mat,109898,3,2,Hipofiz tümörü,2,Hipofiz tümörü,evet,1.1e-05,0.0,0.999989
966,967,brain_tumor_figshare/967.mat,109898,3,2,Hipofiz tümörü,2,Hipofiz tümörü,evet,0.000288,5e-06,0.999708
967,968,brain_tumor_figshare/968.mat,109898,3,2,Hipofiz tümörü,2,Hipofiz tümörü,evet,0.000887,3e-06,0.99911
968,969,brain_tumor_figshare/969.mat,109898,3,2,Hipofiz tümörü,2,Hipofiz tümörü,evet,0.043491,5.4e-05,0.956455
969,970,brain_tumor_figshare/970.mat,109898,3,2,Hipofiz tümörü,0,Meningiom,hayır,0.665585,0.000297,0.334118
970,971,brain_tumor_figshare/971.mat,109898,3,2,Hipofiz tümörü,2,Hipofiz tümörü,evet,0.005005,2.1e-05,0.994974
971,972,brain_tumor_figshare/972.mat,110518,2,2,Hipofiz tümörü,2,Hipofiz tümörü,evet,0.006848,6e-06,0.993147
972,973,brain_tumor_figshare/973.mat,110518,2,2,Hipofiz tümörü,2,Hipofiz tümörü,evet,0.189825,0.000147,0.810028
973,974,brain_tumor_figshare/974.mat,110537,5,2,Hipofiz tümörü,2,Hipofiz tümörü,evet,0.000365,1e-06,0.999634
974,975,brain_tumor_figshare/975.mat,110537,5,2,Hipofiz tümörü,2,Hipofiz tümörü,evet,1e-06,0.0,0.999999
975,976,brain_tumor_figshare/976.mat,110993,4,2,Hipofiz tümörü,2,Hipofiz tümörü,evet,0.000101,1.3e-05,0.999886
976,977,brain_tumor_figshare/977.mat,110993,4,2,Hipofiz tümörü,2,Hipofiz tümörü,evet,5e-05,3e-06,0.999947
977,978,brain_tumor_figshare/978.mat,110993,4,2,Hipofiz tümörü,2,Hipofiz tümörü,evet,3.5e-05,1e-06,0.999964
978,979,brain_tumor_figshare/979.mat,110993,4,2,Hipofiz tümörü,2,Hipofiz tümörü,evet,2.2e-05,0.0,0.999978
979,980,brain_tumor_figshare/980.mat,111075,2,2,Hipofiz tümörü,2,Hipofiz tümörü,evet,3.8e-05,2.1e-05,0.999941
980,981,brain_tumor_figshare/981.mat,111075,2,2,Hipofiz tümörü,2,Hipofiz tümörü,evet,5.1e-05,1e-06,0.999948
981,982,brain_tumor_figshare/982.mat,111075,2,2,Hipofiz tümörü,2,Hipofiz tümörü,evet,2.8e-05,0.0,0.999972
982,983,brain_tumor_figshare/983.mat,111075,2,2,Hipofiz tümörü,2,Hipofiz tümörü,evet,0.0,0.0,1.0
983,984,brain_tumor_figshare/984.mat,111075,2,2,Hipofiz tümörü,2,Hipofiz tümörü,evet,2e-06,0.0,0.999998
984,985,brain_tumor_figshare/985.mat,111075,2,2,Hipofiz tümörü,2,Hipofiz tümörü,evet,1e-05,2e-06,0.999988
985,986,brain_tumor_figshare/986.mat,111125,5,2,Hipofiz tümörü,2,Hipofiz tümörü,evet,0.0,0.0,1.0
986,987,brain_tumor_figshare/987.mat,111125,5,2,Hipofiz tümörü,2,Hipofiz tümörü,evet,0.0,2e-06,0.999998
987,988,brain_tumor_figshare/988.mat,111125,5,2,Hipofiz tümörü,2,Hipofiz tümörü,evet,1e-06,6e-06,0.999993
988,989,brain_tumor_figshare/989.mat,111125,5,2,Hipofiz tümörü,2,Hipofiz tümörü,evet,1e-06,1e-06,0.999998
989,990,brain_tumor_figshare/990.mat,111785,5,2,Hipofiz tümörü,2,Hipofiz tümörü,evet,2.7e-05,0.0,0.999973
990,991,brain_tumor_figshare/991.mat,111785,5,2,Hipofiz tümörü,2,Hipofiz tümörü,evet,8e-06,0.0,0.999992
991,992,brain_tumor_figshare/992.mat,111785,5,2,Hipofiz tümörü,2,Hipofiz tümörü,evet,3e-06,0.0,0.999997
992,993,brain_tumor_figshare/993.mat,111785,5,2,Hipofiz tümörü,2,Hipofiz tümörü,evet,1e-05,0.0,0.99999
993,994,brain_tumor_figshare/994.mat,112074,1,2,Hipofiz tümörü,2,Hipofiz tümörü,evet,0.310937,0.301954,0.387109
994,995,brain_tumor_figshare/995.mat,112074,1,2,Hipofiz tümörü,0,Meningiom,hayır,0.895561,0.000137,0.104301
995,996,brain_tumor_figshare/996.mat,112074,1,2,Hipofiz tümörü,0,Meningiom,hayır,0.574875,0.000801,0.424323
996,997,brain_tumor_figshare/997.mat,112074,1,2,Hipofiz tümörü,2,Hipofiz tümörü,evet,0.138007,0.013774,0.848219
997,998,brain_tumor_figshare/998.mat,112649,5,2,Hipofiz tümörü,2,Hipofiz tümörü,evet,4.7e-05,6e-06,0.999947
998,999,brain_tumor_figshare/999.mat,112649,5,2,Hipofiz tümörü,2,Hipofiz tümörü,evet,2.3e-05,9e-06,0.999969
999,1000,brain_tumor_figshare/1000.mat,112649,5,2,Hipofiz tümörü,2,Hipofiz tümörü,evet,5e-06,1e-05,0.999986
1000,1001,brain_tumor_figshare/1001.mat,112649,5,2,Hipofiz tümörü,2,Hipofiz tümörü,evet,4e-06,1.2e-05,0.999984
1001,1002,brain_tumor_figshare/1002.mat,112649,5,2,Hipofiz tümörü,2,Hipofiz tümörü,evet,1e-06,9e-06,0.99999
1002,1003,brain_tumor_figshare/1003.mat,112746,1,2,Hipofiz tümörü,2,Hipofiz tümörü,evet,4e-06,1e-06,0.999996
1003,1004,brain_tumor_figshare/1004.mat,112746,1,2,Hipofiz tümörü,2,Hipofiz tümörü,evet,1e-05,6e-06,0.999985
1004,1005,brain_tumor_figshare/1005.mat,112746,1,2,Hipofiz tümörü,2,Hipofiz tümörü,evet,5.2e-05,0.000211,0.999737
1005,1006,brain_tumor_figshare/1006.mat,112847,5,2,Hipofiz tümörü,2,Hipofiz tümörü,evet,7e-06,1e-06,0.999993
1006,1007,brain_tumor_figshare/1007.mat,112847,5,2,Hipofiz tümörü,2,Hipofiz tümörü,evet,1e-06,1e-06,0.999998
1007,1008,brain_tumor_figshare/1008.mat,112847,5,2,Hipofiz tümörü,2,Hipofiz tümörü,evet,1e-06,0.0,0.999999
1008,1009,brain_tumor_figshare/1009.mat,112847,5,2,Hipofiz tümörü,2,Hipofiz tümörü,evet,9e-06,0.0,0.999991
1009,1010,brain_tumor_figshare/1010.mat,113274,3,2,Hipofiz tümörü,2,Hipofiz tümörü,evet,1.1e-05,3e-06,0.999985
1010,1011,brain_tumor_figshare/1011.mat,113274,3,2,Hipofiz tümörü,2,Hipofiz tümörü,evet,1e-06,3e-06,0.999995
1011,1012,brain_tumor_figshare/1012.mat,113274,3,2,Hipofiz tümörü,2,Hipofiz tümörü,evet,6e-06,1.6e-05,0.999978
1012,1013,brain_tumor_figshare/1013.mat,113741,3,2,Hipofiz tümörü,2,Hipofiz tümörü,evet,1e-06,0.0,0.999998
1013,1014,brain_tumor_figshare/1014.mat,113741,3,2,Hipofiz tümörü,2,Hipofiz tümörü,evet,2e-06,1e-06,0.999997
1014,1015,brain_tumor_figshare/1015.mat,114040,4,2,Hipofiz tümörü,2,Hipofiz tümörü,evet,0.003492,0.000147,0.996361
1015,1016,brain_tumor_figshare/1016.mat,114040,4,2,Hipofiz tümörü,2,Hipofiz tümörü,evet,0.005747,4.8e-05,0.994206
1016,1017,brain_tumor_figshare/1017.mat,114040,4,2,Hipofiz tümörü,2,Hipofiz tümörü,evet,0.003137,1.6e-05,0.996847
1017,1018,brain_tumor_figshare/1018.mat,114361,4,2,Hipofiz tümörü,2,Hipofiz tümörü,evet,0.000942,2.9e-05,0.999029
1018,1019,brain_tumor_figshare/1019.mat,114361,4,2,Hipofiz tümörü,2,Hipofiz tümörü,evet,0.003874,0.000138,0.995988
1019,1020,brain_tumor_figshare/1020.mat,114361,4,2,Hipofiz tümörü,2,Hipofiz tümörü,evet,0.06244,0.001289,0.936271
1020,1021,brain_tumor_figshare/1021.mat,114094,1,2,Hipofiz tümörü,2,Hipofiz tümörü,evet,0.001066,0.000854,0.99808
1021,1022,brain_tumor_figshare/1022.mat,114094,1,2,Hipofiz tümörü,2,Hipofiz tümörü,evet,0.000155,0.000138,0.999707
1022,1023,brain_tumor_figshare/1023.mat,114094,1,2,Hipofiz tümörü,2,Hipofiz tümörü,evet,6.2e-05,9e-06,0.999929
1023,1024,brain_tumor_figshare/1024.mat,114094,1,2,Hipofiz tümörü,2,Hipofiz tümörü,evet,1.1e-05,3e-06,0.999986
1024,1025,brain_tumor_figshare/1025.mat,101017,2,2,Hipofiz tümörü,2,Hipofiz tümörü,evet,3e-06,0.0,0.999997
1025,1026,brain_tumor_figshare/1026.mat,101017,2,2,Hipofiz tümörü,2,Hipofiz tümörü,evet,1e-06,0.0,0.999999
1026,1027,brain_tumor_figshare/1027.mat,101017,2,2,Hipofiz tümörü,2,Hipofiz tümörü,evet,4e-06,0.0,0.999996
1027,1028,brain_tumor_figshare/1028.mat,101017,2,2,Hipofiz tümörü,2,Hipofiz tümörü,evet,1.3e-05,1e-06,0.999986
1028,1029,brain_tumor_figshare/1029.mat,101017,2,2,Hipofiz tümörü,2,Hipofiz tümörü,evet,4.3e-05,3e-06,0.999954
1029,1030,brain_tumor_figshare/1030.mat,101029,1,2,Hipofiz tümörü,2,Hipofiz tümörü,evet,4.1e-05,0.000148,0.99981
1030,1031,brain_tumor_figshare/1031.mat,101029,1,2,Hipofiz tümörü,2,Hipofiz tümörü,evet,1e-06,2e-06,0.999997
1031,1032,brain_tumor_figshare/1032.mat,101029,1,2,Hipofiz tümörü,2,Hipofiz tümörü,evet,1e-06,1e-06,0.999998
1032,1033,brain_tumor_figshare/1033.mat,101029,1,2,Hipofiz tümörü,2,Hipofiz tümörü,evet,9e-06,1.5e-05,0.999976
1033,1034,brain_tumor_figshare/1034.mat,105936,5,2,Hipofiz tümörü,2,Hipofiz tümörü,evet,0.0,1e-06,0.999999
1034,1035,brain_tumor_figshare/1035.mat,106062,3,2,Hipofiz tümörü,2,Hipofiz tümörü,evet,0.000117,0.001606,0.998278
1035,1036,brain_tumor_figshare/1036.mat,106062,3,2,Hipofiz tümörü,2,Hipofiz tümörü,evet,4.4e-05,0.000811,0.999145
1036,1037,brain_tumor_figshare/1037.mat,106062,3,2,Hipofiz tümörü,2,Hipofiz tümörü,evet,0.000168,0.000471,0.999361
1037,1038,brain_tumor_figshare/1038.mat,106062,3,2,Hipofiz tümörü,2,Hipofiz tümörü,evet,9.9e-05,0.005188,0.994713
1038,1039,brain_tumor_figshare/1039.mat,106062,3,2,Hipofiz tümörü,2,Hipofiz tümörü,evet,0.000517,0.003312,0.996171
1039,1040,brain_tumor_figshare/1040.mat,106062,3,2,Hipofiz tümörü,2,Hipofiz tümörü,evet,0.000446,0.017455,0.982099
1040,1041,brain_tumor_figshare/1041.mat,106062,3,2,Hipofiz tümörü,1,Gliom,hayır,0.00276,0.596153,0.401087
1041,1042,brain_tumor_figshare/1042.mat,107495,3,2,Hipofiz tümörü,2,Hipofiz tümörü,evet,0.00014,1.4e-05,0.999846
1042,1043,brain_tumor_figshare/1043.mat,107495,3,2,Hipofiz tümörü,2,Hipofiz tümörü,evet,5.2e-05,9e-06,0.999938
1043,1044,brain_tumor_figshare/1044.mat,107495,3,2,Hipofiz tümörü,2,Hipofiz tümörü,evet,1.1e-05,5e-06,0.999984
1044,1045,brain_tumor_figshare/1045.mat,107495,3,2,Hipofiz tümörü,2,Hipofiz tümörü,evet,2.3e-05,1e-06,0.999976
1045,1046,brain_tumor_figshare/1046.mat,107495,3,2,Hipofiz tümörü,2,Hipofiz tümörü,evet,1e-06,0.0,0.999999
1046,1047,brain_tumor_figshare/1047.mat,107429,1,2,Hipofiz tümörü,2,Hipofiz tümörü,evet,9.4e-05,9e-06,0.999897
1047,1048,brain_tumor_figshare/1048.mat,107429,1,2,Hipofiz tümörü,2,Hipofiz tümörü,evet,1.4e-05,2e-06,0.999984
1048,1049,brain_tumor_figshare/1049.mat,107429,1,2,Hipofiz tümörü,2,Hipofiz tümörü,evet,5.3e-05,0.000147,0.9998
1049,1050,brain_tumor_figshare/1050.mat,107429,1,2,Hipofiz tümörü,2,Hipofiz tümörü,evet,0.000428,0.00094,0.998632
1050,1051,brain_tumor_figshare/1051.mat,107429,1,2,Hipofiz tümörü,2,Hipofiz tümörü,evet,8e-06,4e-06,0.999988
1051,1052,brain_tumor_figshare/1052.mat,107429,1,2,Hipofiz tümörü,2,Hipofiz tümörü,evet,5.3e-05,2.9e-05,0.999918
1052,1053,brain_tumor_figshare/1053.mat,107429,1,2,Hipofiz tümörü,2,Hipofiz tümörü,evet,0.000116,1.2e-05,0.999872
1053,1054,brain_tumor_figshare/1054.mat,107505,5,2,Hipofiz tümörü,2,Hipofiz tümörü,evet,3e-06,0.000137,0.99986
1054,1055,brain_tumor_figshare/1055.mat,107505,5,2,Hipofiz tümörü,2,Hipofiz tümörü,evet,4e-06,4.3e-05,0.999953
1055,1056,brain_tumor_figshare/1056.mat,107505,5,2,Hipofiz tümörü,2,Hipofiz tümörü,evet,0.0,2e-06,0.999997
1056,1057,brain_tumor_figshare/1057.mat,107505,5,2,Hipofiz tümörü,2,Hipofiz tümörü,evet,1e-06,4e-06,0.999995
1057,1058,brain_tumor_figshare/1058.mat,107505,5,2,Hipofiz tümörü,2,Hipofiz tümörü,evet,6e-06,6.8e-05,0.999926
1058,1059,brain_tumor_figshare/1059.mat,107743,5,2,Hipofiz tümörü,2,Hipofiz tümörü,evet,7.4e-05,0.000857,0.999069
1059,1060,brain_tumor_figshare/1060.mat,107743,5,2,Hipofiz tümörü,2,Hipofiz tümörü,evet,3.9e-05,3.8e-05,0.999922
1060,1061,brain_tumor_figshare/1061.mat,107743,5,2,Hipofiz tümörü,2,Hipofiz tümörü,evet,8e-06,3.3e-05,0.999958
1061,1062,brain_tumor_figshare/1062.mat,107743,5,2,Hipofiz tümörü,2,Hipofiz tümörü,evet,0.000169,0.000168,0.999664
1062,1063,brain_tumor_figshare/1063.mat,107743,5,2,Hipofiz tümörü,2,Hipofiz tümörü,evet,1.8e-05,4.5e-05,0.999937
1063,1064,brain_tumor_figshare/1064.mat,107743,5,2,Hipofiz tümörü,2,Hipofiz tümörü,evet,8.5e-05,0.000188,0.999726
1064,1065,brain_tumor_figshare/1065.mat,108858,1,2,Hipofiz tümörü,2,Hipofiz tümörü,evet,1e-06,9e-06,0.99999
1065,1066,brain_tumor_figshare/1066.mat,108858,1,2,Hipofiz tümörü,2,Hipofiz tümörü,evet,1e-06,1e-06,0.999998
1066,1067,brain_tumor_figshare/1067.mat,108858,1,2,Hipofiz tümörü,2,Hipofiz tümörü,evet,2e-06,2.5e-05,0.999973
1067,1068,brain_tumor_figshare/1068.mat,108858,1,2,Hipofiz tümörü,2,Hipofiz tümörü,evet,6e-06,6.1e-05,0.999933
1068,1069,brain_tumor_figshare/1069.mat,108858,1,2,Hipofiz tümörü,2,Hipofiz tümörü,evet,1e-06,1.3e-05,0.999986
1069,1070,brain_tumor_figshare/1070.mat,108931,4,2,Hipofiz tümörü,2,Hipofiz tümörü,evet,3.8e-05,6e-06,0.999955
1070,1071,brain_tumor_figshare/1071.mat,108931,4,2,Hipofiz tümörü,2,Hipofiz tümörü,evet,7.9e-05,4.8e-05,0.999873
1071,1072,brain_tumor_figshare/1072.mat,108931,4,2,Hipofiz tümörü,2,Hipofiz tümörü,evet,0.000101,0.000108,0.999791
1072,1073,brain_tumor_figshare/1073.mat,108931,4,2,Hipofiz tümörü,2,Hipofiz tümörü,evet,0.000435,9e-05,0.999475
1073,1074,brain_tumor_figshare/1074.mat,108931,4,2,Hipofiz tümörü,2,Hipofiz tümörü,evet,0.000147,3e-06,0.999851
1074,1075,brain_tumor_figshare/1075.mat,108931,4,2,Hipofiz tümörü,2,Hipofiz tümörü,evet,0.000569,5.6e-05,0.999375
1075,1076,brain_tumor_figshare/1076.mat,108931,4,2,Hipofiz tümörü,2,Hipofiz tümörü,evet,0.0021,0.000211,0.997689
1076,1077,brain_tumor_figshare/1077.mat,109471,3,2,Hipofiz tümörü,2,Hipofiz tümörü,evet,5.8e-05,0.000193,0.999749
1077,1078,brain_tumor_figshare/1078.mat,109471,3,2,Hipofiz tümörü,2,Hipofiz tümörü,evet,6.1e-05,4e-05,0.999899
1078,1079,brain_tumor_figshare/1079.mat,109471,3,2,Hipofiz tümörü,2,Hipofiz tümörü,evet,1.2e-05,1.4e-05,0.999974
1079,1080,brain_tumor_figshare/1080.mat,109471,3,2,Hipofiz tümörü,2,Hipofiz tümörü,evet,5.6e-05,6.8e-05,0.999877
1080,1081,brain_tumor_figshare/1081.mat,109471,3,2,Hipofiz tümörü,2,Hipofiz tümörü,evet,1e-05,1.1e-05,0.999978
1081,1082,brain_tumor_figshare/1082.mat,109471,3,2,Hipofiz tümörü,2,Hipofiz tümörü,evet,5e-06,3.7e-05,0.999959
1082,1083,brain_tumor_figshare/1083.mat,109769,2,2,Hipofiz tümörü,2,Hipofiz tümörü,evet,0.000165,9.2e-05,0.999742
1083,1084,brain_tumor_figshare/1084.mat,109769,2,2,Hipofiz tümörü,2,Hipofiz tümörü,evet,8e-06,8.3e-05,0.999909
1084,1085,brain_tumor_figshare/1085.mat,109769,2,2,Hipofiz tümörü,2,Hipofiz tümörü,evet,0.000118,8.7e-05,0.999794
1085,1086,brain_tumor_figshare/1086.mat,109769,2,2,Hipofiz tümörü,2,Hipofiz tümörü,evet,0.000478,7.3e-05,0.999449
1086,1087,brain_tumor_figshare/1087.mat,109769,2,2,Hipofiz tümörü,2,Hipofiz tümörü,evet,1.1e-05,1e-06,0.999988
1087,1088,brain_tumor_figshare/1088.mat,109898,3,2,Hipofiz tümörü,2,Hipofiz tümörü,evet,0.035273,0.001563,0.963164
1088,1089,brain_tumor_figshare/1089.mat,109898,3,2,Hipofiz tümörü,2,Hipofiz tümörü,evet,0.02312,0.000362,0.976518
1089,1090,brain_tumor_figshare/1090.mat,109898,3,2,Hipofiz tümörü,2,Hipofiz tümörü,evet,0.004556,4.9e-05,0.995395
1090,1091,brain_tumor_figshare/1091.mat,109898,3,2,Hipofiz tümörü,2,Hipofiz tümörü,evet,0.059275,0.000458,0.940267
1091,1092,brain_tumor_figshare/1092.mat,109898,3,2,Hipofiz tümörü,2,Hipofiz tümörü,evet,0.120654,0.006832,0.872514
1092,1093,brain_tumor_figshare/1093.mat,109898,3,2,Hipofiz tümörü,2,Hipofiz tümörü,evet,0.005952,0.002908,0.99114
1093,1094,brain_tumor_figshare/1094.mat,110518,2,2,Hipofiz tümörü,2,Hipofiz tümörü,evet,0.0,1e-06,0.999998
1094,1095,brain_tumor_figshare/1095.mat,110518,2,2,Hipofiz tümörü,2,Hipofiz tümörü,evet,0.0,0.0,0.999999
1095,1096,brain_tumor_figshare/1096.mat,110518,2,2,Hipofiz tümörü,2,Hipofiz tümörü,evet,0.0,0.0,1.0
1096,1097,brain_tumor_figshare/1097.mat,110518,2,2,Hipofiz tümörü,2,Hipofiz tümörü,evet,0.0,0.0,1.0
1097,1098,brain_tumor_figshare/1098.mat,110518,2,2,Hipofiz tümörü,2,Hipofiz tümörü,evet,0.0,0.0,0.999999
1098,1099,brain_tumor_figshare/1099.mat,110518,2,2,Hipofiz tümörü,2,Hipofiz tümörü,evet,5e-06,1e-06,0.999994
1099,1100,brain_tumor_figshare/1100.mat,110537,5,2,Hipofiz tümörü,2,Hipofiz tümörü,evet,1e-06,5e-06,0.999994
1100,1101,brain_tumor_figshare/1101.mat,110537,5,2,Hipofiz tümörü,2,Hipofiz tümörü,evet,7e-06,7.8e-05,0.999915
1101,1102,brain_tumor_figshare/1102.mat,110537,5,2,Hipofiz tümörü,2,Hipofiz tümörü,evet,8e-06,1.9e-05,0.999973
1102,1103,brain_tumor_figshare/1103.mat,110537,5,2,Hipofiz tümörü,2,Hipofiz tümörü,evet,6e-06,3e-06,0.999991
1103,1104,brain_tumor_figshare/1104.mat,110537,5,2,Hipofiz tümörü,2,Hipofiz tümörü,evet,2.1e-05,7e-06,0.999972
1104,1105,brain_tumor_figshare/1105.mat,110537,5,2,Hipofiz tümörü,2,Hipofiz tümörü,evet,0.001459,0.000551,0.997989
1105,1106,brain_tumor_figshare/1106.mat,110537,5,2,Hipofiz tümörü,2,Hipofiz tümörü,evet,0.109415,0.000399,0.890186
1106,1107,brain_tumor_figshare/1107.mat,110993,4,2,Hipofiz tümörü,2,Hipofiz tümörü,evet,3.3e-05,1.1e-05,0.999956
1107,1108,brain_tumor_figshare/1108.mat,110993,4,2,Hipofiz tümörü,2,Hipofiz tümörü,evet,4.6e-05,3.7e-05,0.999916
1108,1109,brain_tumor_figshare/1109.mat,110993,4,2,Hipofiz tümörü,2,Hipofiz tümörü,evet,4.2e-05,2e-05,0.999938
1109,1110,brain_tumor_figshare/1110.mat,110993,4,2,Hipofiz tümörü,2,Hipofiz tümörü,evet,6e-06,0.0,0.999993
1110,1111,brain_tumor_figshare/1111.mat,110993,4,2,Hipofiz tümörü,2,Hipofiz tümörü,evet,0.001616,0.000294,0.998091
1111,1112,brain_tumor_figshare/1112.mat,111075,2,2,Hipofiz tümörü,2,Hipofiz tümörü,evet,2e-06,0.0,0.999997
1112,1113,brain_tumor_figshare/1113.mat,111075,2,2,Hipofiz tümörü,2,Hipofiz tümörü,evet,2e-06,0.0,0.999998
1113,1114,brain_tumor_figshare/1114.mat,111075,2,2,Hipofiz tümörü,2,Hipofiz tümörü,evet,1.7e-05,1e-06,0.999982
1114,1115,brain_tumor_figshare/1115.mat,111075,2,2,Hipofiz tümörü,2,Hipofiz tümörü,evet,2e-06,1e-06,0.999997
1115,1116,brain_tumor_figshare/1116.mat,111075,2,2,Hipofiz tümörü,2,Hipofiz tümörü,evet,3e-06,3e-06,0.999994
1116,1117,brain_tumor_figshare/1117.mat,111075,2,2,Hipofiz tümörü,2,Hipofiz tümörü,evet,0.000106,1.1e-05,0.999883
1117,1118,brain_tumor_figshare/1118.mat,111125,5,2,Hipofiz tümörü,2,Hipofiz tümörü,evet,4e-06,0.000175,0.999822
1118,1119,brain_tumor_figshare/1119.mat,111125,5,2,Hipofiz tümörü,2,Hipofiz tümörü,evet,4e-06,3.3e-05,0.999964
1119,1120,brain_tumor_figshare/1120.mat,111125,5,2,Hipofiz tümörü,2,Hipofiz tümörü,evet,4e-06,2.8e-05,0.999968
1120,1121,brain_tumor_figshare/1121.mat,111125,5,2,Hipofiz tümörü,2,Hipofiz tümörü,evet,1.3e-05,0.000181,0.999806
1121,1122,brain_tumor_figshare/1122.mat,111125,5,2,Hipofiz tümörü,2,Hipofiz tümörü,evet,2e-06,5.1e-05,0.999948
1122,1123,brain_tumor_figshare/1123.mat,111125,5,2,Hipofiz tümörü,2,Hipofiz tümörü,evet,2e-06,1e-05,0.999988
1123,1124,brain_tumor_figshare/1124.mat,111785,5,2,Hipofiz tümörü,2,Hipofiz tümörü,evet,7e-06,1.2e-05,0.999981
1124,1125,brain_tumor_figshare/1125.mat,111785,5,2,Hipofiz tümörü,2,Hipofiz tümörü,evet,4e-06,3e-06,0.999993
1125,1126,brain_tumor_figshare/1126.mat,111785,5,2,Hipofiz tümörü,2,Hipofiz tümörü,evet,4e-06,7e-06,0.999989
1126,1127,brain_tumor_figshare/1127.mat,111785,5,2,Hipofiz tümörü,2,Hipofiz tümörü,evet,0.0,2e-06,0.999998
1127,1128,brain_tumor_figshare/1128.mat,111785,5,2,Hipofiz tümörü,2,Hipofiz tümörü,evet,0.0,0.0,0.999999
1128,1129,brain_tumor_figshare/1129.mat,112074,1,2,Hipofiz tümörü,0,Meningiom,hayır,0.99015,7.7e-05,0.009773
1129,1130,brain_tumor_figshare/1130.mat,112074,1,2,Hipofiz tümörü,0,Meningiom,hayır,0.988563,0.002017,0.009421
1130,1131,brain_tumor_figshare/1131.mat,112074,1,2,Hipofiz tümörü,0,Meningiom,hayır,0.925312,0.000485,0.074203
1131,1132,brain_tumor_figshare/1132.mat,112074,1,2,Hipofiz tümörü,0,Meningiom,hayır,0.940872,0.000197,0.058931
1132,1133,brain_tumor_figshare/1133.mat,112074,1,2,Hipofiz tümörü,2,Hipofiz tümörü,evet,0.10694,0.002356,0.890704
1133,1134,brain_tumor_figshare/1134.mat,112649,5,2,Hipofiz tümörü,2,Hipofiz tümörü,evet,6e-06,0.000908,0.999085
1134,1135,brain_tumor_figshare/1135.mat,112649,5,2,Hipofiz tümörü,2,Hipofiz tümörü,evet,2e-06,9.2e-05,0.999905
1135,1136,brain_tumor_figshare/1136.mat,112649,5,2,Hipofiz tümörü,2,Hipofiz tümörü,evet,0.0,8e-05,0.99992
1136,1137,brain_tumor_figshare/1137.mat,112649,5,2,Hipofiz tümörü,2,Hipofiz tümörü,evet,0.0,6.6e-05,0.999933
1137,1138,brain_tumor_figshare/1138.mat,112649,5,2,Hipofiz tümörü,2,Hipofiz tümörü,evet,1e-06,0.000423,0.999576
1138,1139,brain_tumor_figshare/1139.mat,112649,5,2,Hipofiz tümörü,2,Hipofiz tümörü,evet,2e-06,0.000123,0.999875
1139,1140,brain_tumor_figshare/1140.mat,112746,1,2,Hipofiz tümörü,2,Hipofiz tümörü,evet,0.000428,6e-06,0.999566
1140,1141,brain_tumor_figshare/1141.mat,112746,1,2,Hipofiz tümörü,2,Hipofiz tümörü,evet,4e-06,1e-06,0.999995
1141,1142,brain_tumor_figshare/1142.mat,112746,1,2,Hipofiz tümörü,2,Hipofiz tümörü,evet,1.5e-05,0.0,0.999984
1142,1143,brain_tumor_figshare/1143.mat,112746,1,2,Hipofiz tümörü,2,Hipofiz tümörü,evet,1e-05,6e-06,0.999984
1143,1144,brain_tumor_figshare/1144.mat,112847,5,2,Hipofiz tümörü,2,Hipofiz tümörü,evet,4e-06,1.2e-05,0.999984
1144,1145,brain_tumor_figshare/1145.mat,112847,5,2,Hipofiz tümörü,2,Hipofiz tümörü,evet,3e-06,0.0,0.999997
1145,1146,brain_tumor_figshare/1146.mat,112847,5,2,Hipofiz tümörü,2,Hipofiz tümörü,evet,4e-06,2e-06,0.999995
1146,1147,brain_tumor_figshare/1147.mat,112847,5,2,Hipofiz tümörü,2,Hipofiz tümörü,evet,1e-06,1e-06,0.999998
1147,1148,brain_tumor_figshare/1148.mat,113274,3,2,Hipofiz tümörü,2,Hipofiz tümörü,evet,1e-06,1e-05,0.999989
1148,1149,brain_tumor_figshare/1149.mat,113274,3,2,Hipofiz tümörü,2,Hipofiz tümörü,evet,1e-06,5e-06,0.999994
1149,1150,brain_tumor_figshare/1150.mat,113274,3,2,Hipofiz tümörü,2,Hipofiz tümörü,evet,1e-06,1.6e-05,0.999984
1150,1151,brain_tumor_figshare/1151.mat,113741,3,2,Hipofiz tümörü,2,Hipofiz tümörü,evet,0.0,1e-06,0.999999
1151,1152,brain_tumor_figshare/1152.mat,113741,3,2,Hipofiz tümörü,2,Hipofiz tümörü,evet,0.0,1e-06,0.999999
1152,1153,brain_tumor_figshare/1153.mat,113741,3,2,Hipofiz tümörü,2,Hipofiz tümörü,evet,4e-06,1.7e-05,0.999979
1153,1154,brain_tumor_figshare/1154.mat,114040,4,2,Hipofiz tümörü,2,Hipofiz tümörü,evet,0.000907,3.9e-05,0.999054
1154,1155,brain_tumor_figshare/1155.mat,114040,4,2,Hipofiz tümörü,2,Hipofiz tümörü,evet,0.000467,1.3e-05,0.99952
1155,1156,brain_tumor_figshare/1156.mat,114040,4,2,Hipofiz tümörü,2,Hipofiz tümörü,evet,0.007079,0.000238,0.992683
1156,1157,brain_tumor_figshare/1157.mat,114361,4,2,Hipofiz tümörü,2,Hipofiz tümörü,evet,0.000654,1.2e-05,0.999333
1157,1158,brain_tumor_figshare/1158.mat,114361,4,2,Hipofiz tümörü,2,Hipofiz tümörü,evet,0.001987,0.00017,0.997843
1158,1159,brain_tumor_figshare/1159.mat,114361,4,2,Hipofiz tümörü,2,Hipofiz tümörü,evet,0.002342,4.1e-05,0.997616
1159,1160,brain_tumor_figshare/1160.mat,114361,4,2,Hipofiz tümörü,2,Hipofiz tümörü,evet,0.003603,0.000167,0.996229
1160,1161,brain_tumor_figshare/1161.mat,114094,1,2,Hipofiz tümörü,2,Hipofiz tümörü,evet,0.000524,6.1e-05,0.999415
1161,1162,brain_tumor_figshare/1162.mat,114094,1,2,Hipofiz tümörü,2,Hipofiz tümörü,evet,0.000223,2e-06,0.999775
1162,1163,brain_tumor_figshare/1163.mat,114094,1,2,Hipofiz tümörü,2,Hipofiz tümörü,evet,1.2e-05,0.0,0.999988
1163,1164,brain_tumor_figshare/1164.mat,114094,1,2,Hipofiz tümörü,2,Hipofiz tümörü,evet,9e-06,3e-06,0.999988
1164,1165,brain_tumor_figshare/1165.mat,114094,1,2,Hipofiz tümörü,2,Hipofiz tümörü,evet,2e-06,0.0,0.999998
1165,1166,brain_tumor_figshare/1166.mat,105936,5,2,Hipofiz tümörü,2,Hipofiz tümörü,evet,0.0,0.0,0.999999
1166,1167,brain_tumor_figshare/1167.mat,105936,5,2,Hipofiz tümörü,2,Hipofiz tümörü,evet,0.0,0.0,1.0
1167,1168,brain_tumor_figshare/1168.mat,105936,5,2,Hipofiz tümörü,2,Hipofiz tümörü,evet,0.0,0.0,1.0
1168,1169,brain_tumor_figshare/1169.mat,106062,3,2,Hipofiz tümörü,2,Hipofiz tümörü,evet,9e-06,1.4e-05,0.999977
1169,1170,brain_tumor_figshare/1170.mat,106062,3,2,Hipofiz tümörü,2,Hipofiz tümörü,evet,5e-06,7e-06,0.999988
1170,1171,brain_tumor_figshare/1171.mat,106062,3,2,Hipofiz tümörü,2,Hipofiz tümörü,evet,6.6e-05,1.6e-05,0.999917
1171,1172,brain_tumor_figshare/1172.mat,106062,3,2,Hipofiz tümörü,2,Hipofiz tümörü,evet,0.000188,0.000452,0.99936
1172,1173,brain_tumor_figshare/1173.mat,106062,3,2,Hipofiz tümörü,2,Hipofiz tümörü,evet,0.000115,2.6e-05,0.999859
1173,1174,brain_tumor_figshare/1174.mat,106062,3,2,Hipofiz tümörü,2,Hipofiz tümörü,evet,1.5e-05,7e-06,0.999977
1174,1175,brain_tumor_figshare/1175.mat,106062,3,2,Hipofiz tümörü,2,Hipofiz tümörü,evet,5.2e-05,0.001067,0.998881
1175,1176,brain_tumor_figshare/1176.mat,107495,3,2,Hipofiz tümörü,2,Hipofiz tümörü,evet,0.000142,0.000398,0.999459
1176,1177,brain_tumor_figshare/1177.mat,107495,3,2,Hipofiz tümörü,2,Hipofiz tümörü,evet,0.000528,0.000529,0.998944
1177,1178,brain_tumor_figshare/1178.mat,107495,3,2,Hipofiz tümörü,2,Hipofiz tümörü,evet,0.000441,0.000218,0.999341
1178,1179,brain_tumor_figshare/1179.mat,107495,3,2,Hipofiz tümörü,2,Hipofiz tümörü,evet,4e-06,1.2e-05,0.999983
1179,1180,brain_tumor_figshare/1180.mat,107495,3,2,Hipofiz tümörü,2,Hipofiz tümörü,evet,5e-06,1.4e-05,0.999981
1180,1181,brain_tumor_figshare/1181.mat,107495,3,2,Hipofiz tümörü,2,Hipofiz tümörü,evet,1.2e-05,0.000104,0.999884
1181,1182,brain_tumor_figshare/1182.mat,107429,1,2,Hipofiz tümörü,2,Hipofiz tümörü,evet,0.000681,2.2e-05,0.999297
1182,1183,brain_tumor_figshare/1183.mat,107429,1,2,Hipofiz tümörü,2,Hipofiz tümörü,evet,0.001041,2e-06,0.998957
1183,1184,brain_tumor_figshare/1184.mat,107429,1,2,Hipofiz tümörü,2,Hipofiz tümörü,evet,0.000252,1e-06,0.999748
1184,1185,brain_tumor_figshare/1185.mat,107429,1,2,Hipofiz tümörü,2,Hipofiz tümörü,evet,0.000152,3e-06,0.999844
1185,1186,brain_tumor_figshare/1186.mat,107429,1,2,Hipofiz tümörü,2,Hipofiz tümörü,evet,9.7e-05,1e-06,0.999902
1186,1187,brain_tumor_figshare/1187.mat,107429,1,2,Hipofiz tümörü,2,Hipofiz tümörü,evet,0.000405,1e-06,0.999593
1187,1188,brain_tumor_figshare/1188.mat,107429,1,2,Hipofiz tümörü,2,Hipofiz tümörü,evet,4.6e-05,7e-06,0.999947
1188,1189,brain_tumor_figshare/1189.mat,107505,5,2,Hipofiz tümörü,2,Hipofiz tümörü,evet,2e-06,1e-05,0.999988
1189,1190,brain_tumor_figshare/1190.mat,107505,5,2,Hipofiz tümörü,2,Hipofiz tümörü,evet,2e-06,4e-06,0.999994
1190,1191,brain_tumor_figshare/1191.mat,107505,5,2,Hipofiz tümörü,2,Hipofiz tümörü,evet,1e-06,3.9e-05,0.99996
1191,1192,brain_tumor_figshare/1192.mat,107505,5,2,Hipofiz tümörü,2,Hipofiz tümörü,evet,1e-06,1e-06,0.999998
1192,1193,brain_tumor_figshare/1193.mat,107505,5,2,Hipofiz tümörü,2,Hipofiz tümörü,evet,1e-06,0.0,0.999999
1193,1194,brain_tumor_figshare/1194.mat,107743,5,2,Hipofiz tümörü,2,Hipofiz tümörü,evet,1e-06,0.0,0.999999
1194,1195,brain_tumor_figshare/1195.mat,107743,5,2,Hipofiz tümörü,2,Hipofiz tümörü,evet,0.0,1e-06,0.999999
1195,1196,brain_tumor_figshare/1196.mat,107743,5,2,Hipofiz tümörü,2,Hipofiz tümörü,evet,0.0,0.0,0.999999
1196,1197,brain_tumor_figshare/1197.mat,107743,5,2,Hipofiz tümörü,2,Hipofiz tümörü,evet,1e-06,0.0,0.999999
1197,1198,brain_tumor_figshare/1198.mat,108858,1,2,Hipofiz tümörü,2,Hipofiz tümörü,evet,1.4e-05,7e-06,0.999979
1198,1199,brain_tumor_figshare/1199.mat,108858,1,2,Hipofiz tümörü,2,Hipofiz tümörü,evet,2e-06,0.0,0.999997
1199,1200,brain_tumor_figshare/1200.mat,108858,1,2,Hipofiz tümörü,2,Hipofiz tümörü,evet,1e-06,1e-06,0.999998
1200,1201,brain_tumor_figshare/1201.mat,108858,1,2,Hipofiz tümörü,2,Hipofiz tümörü,evet,4e-06,1e-06,0.999995
1201,1202,brain_tumor_figshare/1202.mat,108858,1,2,Hipofiz tümörü,2,Hipofiz tümörü,evet,3e-05,2e-05,0.99995
1202,1203,brain_tumor_figshare/1203.mat,108931,4,2,Hipofiz tümörü,2,Hipofiz tümörü,evet,9.3e-05,0.000112,0.999795
1203,1204,brain_tumor_figshare/1204.mat,108931,4,2,Hipofiz tümörü,2,Hipofiz tümörü,evet,6.1e-05,4.6e-05,0.999893
1204,1205,brain_tumor_figshare/1205.mat,108931,4,2,Hipofiz tümörü,2,Hipofiz tümörü,evet,0.000148,8.7e-05,0.999765
1205,1206,brain_tumor_figshare/1206.mat,108931,4,2,Hipofiz tümörü,2,Hipofiz tümörü,evet,2.7e-05,6.9e-05,0.999904
1206,1207,brain_tumor_figshare/1207.mat,108931,4,2,Hipofiz tümörü,2,Hipofiz tümörü,evet,3.6e-05,7.3e-05,0.999891
1207,1208,brain_tumor_figshare/1208.mat,109471,3,2,Hipofiz tümörü,2,Hipofiz tümörü,evet,2.3e-05,3e-05,0.999948
1208,1209,brain_tumor_figshare/1209.mat,109471,3,2,Hipofiz tümörü,2,Hipofiz tümörü,evet,3.8e-05,4e-06,0.999958
1209,1210,brain_tumor_figshare/1210.mat,109471,3,2,Hipofiz tümörü,2,Hipofiz tümörü,evet,1.5e-05,2e-06,0.999983
1210,1211,brain_tumor_figshare/1211.mat,109471,3,2,Hipofiz tümörü,2,Hipofiz tümörü,evet,6e-06,0.0,0.999994
1211,1212,brain_tumor_figshare/1212.mat,109471,3,2,Hipofiz tümörü,2,Hipofiz tümörü,evet,2e-05,0.0,0.99998
1212,1213,brain_tumor_figshare/1213.mat,109471,3,2,Hipofiz tümörü,2,Hipofiz tümörü,evet,1e-05,0.0,0.999989
1213,1214,brain_tumor_figshare/1214.mat,109769,2,2,Hipofiz tümörü,2,Hipofiz tümörü,evet,3e-06,0.0,0.999997
1214,1215,brain_tumor_figshare/1215.mat,109769,2,2,Hipofiz tümörü,2,Hipofiz tümörü,evet,4.1e-05,2e-06,0.999957
1215,1216,brain_tumor_figshare/1216.mat,109769,2,2,Hipofiz tümörü,2,Hipofiz tümörü,evet,6e-06,0.0,0.999994
1216,1217,brain_tumor_figshare/1217.mat,109769,2,2,Hipofiz tümörü,2,Hipofiz tümörü,evet,9e-06,0.0,0.99999
1217,1218,brain_tumor_figshare/1218.mat,109769,2,2,Hipofiz tümörü,2,Hipofiz tümörü,evet,0.000251,9e-06,0.99974
1218,1219,brain_tumor_figshare/1219.mat,109898,3,2,Hipofiz tümörü,2,Hipofiz tümörü,evet,0.000257,8.1e-05,0.999662
1219,1220,brain_tumor_figshare/1220.mat,109898,3,2,Hipofiz tümörü,2,Hipofiz tümörü,evet,8.5e-05,3.1e-05,0.999884
1220,1221,brain_tumor_figshare/1221.mat,109898,3,2,Hipofiz tümörü,2,Hipofiz tümörü,evet,1.5e-05,0.001126,0.998859
1221,1222,brain_tumor_figshare/1222.mat,110518,2,2,Hipofiz tümörü,2,Hipofiz tümörü,evet,3.1e-05,1e-06,0.999968
1222,1223,brain_tumor_figshare/1223.mat,110518,2,2,Hipofiz tümörü,2,Hipofiz tümörü,evet,5e-06,0.0,0.999995
1223,1224,brain_tumor_figshare/1224.mat,110518,2,2,Hipofiz tümörü,2,Hipofiz tümörü,evet,0.000258,2e-06,0.999741
1224,1225,brain_tumor_figshare/1225.mat,110518,2,2,Hipofiz tümörü,2,Hipofiz tümörü,evet,0.000103,0.0,0.999897
1225,1226,brain_tumor_figshare/1226.mat,110537,5,2,Hipofiz tümörü,2,Hipofiz tümörü,evet,1e-06,0.0,0.999999
1226,1227,brain_tumor_figshare/1227.mat,110537,5,2,Hipofiz tümörü,2,Hipofiz tümörü,evet,8e-06,0.0,0.999991
1227,1228,brain_tumor_figshare/1228.mat,110537,5,2,Hipofiz tümörü,2,Hipofiz tümörü,evet,3.9e-05,5e-06,0.999956
1228,1229,brain_tumor_figshare/1229.mat,110537,5,2,Hipofiz tümörü,2,Hipofiz tümörü,evet,1.2e-05,2e-06,0.999986
1229,1230,brain_tumor_figshare/1230.mat,110993,4,2,Hipofiz tümörü,2,Hipofiz tümörü,evet,0.001246,0.000437,0.998317
1230,1231,brain_tumor_figshare/1231.mat,110993,4,2,Hipofiz tümörü,2,Hipofiz tümörü,evet,7.8e-05,1.9e-05,0.999902
1231,1232,brain_tumor_figshare/1232.mat,110993,4,2,Hipofiz tümörü,2,Hipofiz tümörü,evet,4.7e-05,2.9e-05,0.999924
1232,1233,brain_tumor_figshare/1233.mat,111075,2,2,Hipofiz tümörü,2,Hipofiz tümörü,evet,5e-06,0.0,0.999995
1233,1234,brain_tumor_figshare/1234.mat,111075,2,2,Hipofiz tümörü,2,Hipofiz tümörü,evet,2e-06,0.0,0.999998
1234,1235,brain_tumor_figshare/1235.mat,111075,2,2,Hipofiz tümörü,2,Hipofiz tümörü,evet,1.2e-05,0.0,0.999988
1235,1236,brain_tumor_figshare/1236.mat,111075,2,2,Hipofiz tümörü,2,Hipofiz tümörü,evet,0.000354,3e-06,0.999643
1236,1237,brain_tumor_figshare/1237.mat,111075,2,2,Hipofiz tümörü,2,Hipofiz tümörü,evet,0.003751,4e-06,0.996245
1237,1238,brain_tumor_figshare/1238.mat,111125,5,2,Hipofiz tümörü,2,Hipofiz tümörü,evet,3e-06,6e-06,0.999991
1238,1239,brain_tumor_figshare/1239.mat,111125,5,2,Hipofiz tümörü,2,Hipofiz tümörü,evet,7e-06,0.000255,0.999739
1239,1240,brain_tumor_figshare/1240.mat,111125,5,2,Hipofiz tümörü,2,Hipofiz tümörü,evet,2.1e-05,1.3e-05,0.999966
1240,1241,brain_tumor_figshare/1241.mat,111125,5,2,Hipofiz tümörü,2,Hipofiz tümörü,evet,9e-06,1.1e-05,0.99998
1241,1242,brain_tumor_figshare/1242.mat,111785,5,2,Hipofiz tümörü,2,Hipofiz tümörü,evet,2.8e-05,0.00044,0.999532
1242,1243,brain_tumor_figshare/1243.mat,111785,5,2,Hipofiz tümörü,2,Hipofiz tümörü,evet,2.1e-05,8e-05,0.999899
1243,1244,brain_tumor_figshare/1244.mat,111785,5,2,Hipofiz tümörü,2,Hipofiz tümörü,evet,2.1e-05,0.000292,0.999687
1244,1245,brain_tumor_figshare/1245.mat,111785,5,2,Hipofiz tümörü,2,Hipofiz tümörü,evet,2e-06,2e-06,0.999995
1245,1246,brain_tumor_figshare/1246.mat,112074,1,2,Hipofiz tümörü,0,Meningiom,hayır,0.591427,0.002306,0.406267
1246,1247,brain_tumor_figshare/1247.mat,112074,1,2,Hipofiz tümörü,0,Meningiom,hayır,0.873917,0.000271,0.125812
1247,1248,brain_tumor_figshare/1248.mat,112074,1,2,Hipofiz tümörü,2,Hipofiz tümörü,evet,0.039122,0.008034,0.952844
1248,1249,brain_tumor_figshare/1249.mat,112074,1,2,Hipofiz tümörü,0,Meningiom,hayır,0.959989,0.000115,0.039896
1249,1250,brain_tumor_figshare/1250.mat,112074,1,2,Hipofiz tümörü,0,Meningiom,hayır,0.995447,2.8e-05,0.004524
1250,1251,brain_tumor_figshare/1251.mat,112649,5,2,Hipofiz tümörü,2,Hipofiz tümörü,evet,3e-06,3.3e-05,0.999964
1251,1252,brain_tumor_figshare/1252.mat,112649,5,2,Hipofiz tümörü,2,Hipofiz tümörü,evet,1e-06,9e-06,0.999989
1252,1253,brain_tumor_figshare/1253.mat,112649,5,2,Hipofiz tümörü,2,Hipofiz tümörü,evet,1e-06,0.000391,0.999608
1253,1254,brain_tumor_figshare/1254.mat,112649,5,2,Hipofiz tümörü,2,Hipofiz tümörü,evet,0.0,2e-06,0.999997
1254,1255,brain_tumor_figshare/1255.mat,112649,5,2,Hipofiz tümörü,2,Hipofiz tümörü,evet,1e-06,1.1e-05,0.999988
1255,1256,brain_tumor_figshare/1256.mat,112746,1,2,Hipofiz tümörü,2,Hipofiz tümörü,evet,0.0,0.0,1.0
1256,1257,brain_tumor_figshare/1257.mat,112746,1,2,Hipofiz tümörü,2,Hipofiz tümörü,evet,0.0,0.0,1.0
1257,1258,brain_tumor_figshare/1258.mat,112746,1,2,Hipofiz tümörü,2,Hipofiz tümörü,evet,0.0,3e-06,0.999997
1258,1259,brain_tumor_figshare/1259.mat,112746,1,2,Hipofiz tümörü,2,Hipofiz tümörü,evet,0.0,0.0,1.0
1259,1260,brain_tumor_figshare/1260.mat,112746,1,2,Hipofiz tümörü,2,Hipofiz tümörü,evet,0.0,0.0,0.999999
1260,1261,brain_tumor_figshare/1261.mat,112847,5,2,Hipofiz tümörü,2,Hipofiz tümörü,evet,0.0,1e-06,0.999999
1261,1262,brain_tumor_figshare/1262.mat,112847,5,2,Hipofiz tümörü,2,Hipofiz tümörü,evet,1.1e-05,1.4e-05,0.999975
1262,1263,brain_tumor_figshare/1263.mat,112847,5,2,Hipofiz tümörü,2,Hipofiz tümörü,evet,3e-06,1.7e-05,0.99998
1263,1264,brain_tumor_figshare/1264.mat,112847,5,2,Hipofiz tümörü,2,Hipofiz tümörü,evet,1e-06,1e-06,0.999998
1264,1265,brain_tumor_figshare/1265.mat,112847,5,2,Hipofiz tümörü,2,Hipofiz tümörü,evet,1e-06,2e-06,0.999996
1265,1266,brain_tumor_figshare/1266.mat,113274,3,2,Hipofiz tümörü,2,Hipofiz tümörü,evet,9e-06,0.002363,0.997627
1266,1267,brain_tumor_figshare/1267.mat,113274,3,2,Hipofiz tümörü,2,Hipofiz tümörü,evet,6e-06,7.8e-05,0.999916
1267,1268,brain_tumor_figshare/1268.mat,113274,3,2,Hipofiz tümörü,2,Hipofiz tümörü,evet,1e-06,2.1e-05,0.999978
1268,1269,brain_tumor_figshare/1269.mat,113274,3,2,Hipofiz tümörü,2,Hipofiz tümörü,evet,0.0,7.7e-05,0.999923
1269,1270,brain_tumor_figshare/1270.mat,113741,3,2,Hipofiz tümörü,2,Hipofiz tümörü,evet,1e-06,1e-06,0.999998
1270,1271,brain_tumor_figshare/1271.mat,113741,3,2,Hipofiz tümörü,2,Hipofiz tümörü,evet,5e-06,5e-06,0.99999
1271,1272,brain_tumor_figshare/1272.mat,113741,3,2,Hipofiz tümörü,2,Hipofiz tümörü,evet,1e-06,4e-06,0.999995
1272,1273,brain_tumor_figshare/1273.mat,114040,4,2,Hipofiz tümörü,2,Hipofiz tümörü,evet,0.000546,0.000291,0.999163
1273,1274,brain_tumor_figshare/1274.mat,114040,4,2,Hipofiz tümörü,2,Hipofiz tümörü,evet,0.000183,0.001084,0.998733
1274,1275,brain_tumor_figshare/1275.mat,114040,4,2,Hipofiz tümörü,2,Hipofiz tümörü,evet,0.000531,0.00043,0.999039
1275,1276,brain_tumor_figshare/1276.mat,114361,4,2,Hipofiz tümörü,2,Hipofiz tümörü,evet,0.001072,7.4e-05,0.998854
1276,1277,brain_tumor_figshare/1277.mat,114361,4,2,Hipofiz tümörü,2,Hipofiz tümörü,evet,0.010068,4.4e-05,0.989888
1277,1278,brain_tumor_figshare/1278.mat,114361,4,2,Hipofiz tümörü,2,Hipofiz tümörü,evet,0.001063,7.5e-05,0.998862
1278,1279,brain_tumor_figshare/1279.mat,114094,1,2,Hipofiz tümörü,2,Hipofiz tümörü,evet,3.1e-05,7e-06,0.999962
1279,1280,brain_tumor_figshare/1280.mat,114094,1,2,Hipofiz tümörü,2,Hipofiz tümörü,evet,0.000223,1.3e-05,0.999763
1280,1281,brain_tumor_figshare/1281.mat,114094,1,2,Hipofiz tümörü,2,Hipofiz tümörü,evet,0.000538,3e-06,0.99946
1281,1282,brain_tumor_figshare/1282.mat,114094,1,2,Hipofiz tümörü,2,Hipofiz tümörü,evet,0.002607,2.6e-05,0.997367
1282,1283,brain_tumor_figshare/1283.mat,101029,1,2,Hipofiz tümörü,2,Hipofiz tümörü,evet,3.4e-05,3.3e-05,0.999933
1283,1284,brain_tumor_figshare/1284.mat,101029,1,2,Hipofiz tümörü,2,Hipofiz tümörü,evet,1.2e-05,6e-06,0.999982
1284,1285,brain_tumor_figshare/1285.mat,101145,2,2,Hipofiz tümörü,2,Hipofiz tümörü,evet,4e-06,0.0,0.999995
1285,1286,brain_tumor_figshare/1286.mat,101145,2,2,Hipofiz tümörü,2,Hipofiz tümörü,evet,6e-06,1e-06,0.999993
1286,1287,brain_tumor_figshare/1287.mat,101145,2,2,Hipofiz tümörü,2,Hipofiz tümörü,evet,9e-06,0.0,0.999991
1287,1288,brain_tumor_figshare/1288.mat,101145,2,2,Hipofiz tümörü,2,Hipofiz tümörü,evet,5e-06,0.0,0.999995
1288,1289,brain_tumor_figshare/1289.mat,101305,3,2,Hipofiz tümörü,2,Hipofiz tümörü,evet,5.4e-05,4e-06,0.999941
1289,1290,brain_tumor_figshare/1290.mat,101305,3,2,Hipofiz tümörü,2,Hipofiz tümörü,evet,2.2e-05,1e-06,0.999977
1290,1291,brain_tumor_figshare/1291.mat,101305,3,2,Hipofiz tümörü,2,Hipofiz tümörü,evet,3.9e-05,8e-06,0.999952
1291,1292,brain_tumor_figshare/1292.mat,101305,3,2,Hipofiz tümörü,2,Hipofiz tümörü,evet,0.000157,5e-06,0.999837
1292,1293,brain_tumor_figshare/1293.mat,101724,2,2,Hipofiz tümörü,2,Hipofiz tümörü,evet,0.000273,3.5e-05,0.999691
1293,1294,brain_tumor_figshare/1294.mat,101724,2,2,Hipofiz tümörü,2,Hipofiz tümörü,evet,0.000597,2.9e-05,0.999373
1294,1295,brain_tumor_figshare/1295.mat,102648,2,2,Hipofiz tümörü,2,Hipofiz tümörü,evet,0.001566,0.00819,0.990244
1295,1296,brain_tumor_figshare/1296.mat,102648,2,2,Hipofiz tümörü,2,Hipofiz tümörü,evet,0.010925,0.038787,0.950288
1296,1297,brain_tumor_figshare/1297.mat,102648,2,2,Hipofiz tümörü,2,Hipofiz tümörü,evet,0.000843,0.004974,0.994183
1297,1298,brain_tumor_figshare/1298.mat,102648,2,2,Hipofiz tümörü,2,Hipofiz tümörü,evet,0.001405,0.001321,0.997274
1298,1299,brain_tumor_figshare/1299.mat,102648,2,2,Hipofiz tümörü,2,Hipofiz tümörü,evet,0.000121,0.001093,0.998787
1299,1300,brain_tumor_figshare/1300.mat,102648,2,2,Hipofiz tümörü,2,Hipofiz tümörü,evet,0.001937,0.058054,0.940009
1300,1301,brain_tumor_figshare/1301.mat,103046,2,2,Hipofiz tümörü,2,Hipofiz tümörü,evet,0.0,0.0,1.0
1301,1302,brain_tumor_figshare/1302.mat,103046,2,2,Hipofiz tümörü,2,Hipofiz tümörü,evet,0.0,0.0,1.0
1302,1303,brain_tumor_figshare/1303.mat,103046,2,2,Hipofiz tümörü,2,Hipofiz tümörü,evet,2.1e-05,0.0,0.999979
1303,1304,brain_tumor_figshare/1304.mat,103257,4,2,Hipofiz tümörü,2,Hipofiz tümörü,evet,0.002142,2.9e-05,0.997829
1304,1305,brain_tumor_figshare/1305.mat,103257,4,2,Hipofiz tümörü,2,Hipofiz tümörü,evet,0.000595,5e-06,0.999401
1305,1306,brain_tumor_figshare/1306.mat,103257,4,2,Hipofiz tümörü,2,Hipofiz tümörü,evet,0.003186,9e-06,0.996805
1306,1307,brain_tumor_figshare/1307.mat,103257,4,2,Hipofiz tümörü,2,Hipofiz tümörü,evet,0.001382,2.3e-05,0.998595
1307,1308,brain_tumor_figshare/1308.mat,103257,4,2,Hipofiz tümörü,2,Hipofiz tümörü,evet,0.008708,0.000127,0.991165
1308,1309,brain_tumor_figshare/1309.mat,103257,4,2,Hipofiz tümörü,2,Hipofiz tümörü,evet,0.016439,0.001244,0.982317
1309,1310,brain_tumor_figshare/1310.mat,103478,5,2,Hipofiz tümörü,2,Hipofiz tümörü,evet,1.4e-05,6e-06,0.99998
1310,1311,brain_tumor_figshare/1311.mat,103478,5,2,Hipofiz tümörü,2,Hipofiz tümörü,evet,8.5e-05,3e-06,0.999913
1311,1312,brain_tumor_figshare/1312.mat,103478,5,2,Hipofiz tümörü,2,Hipofiz tümörü,evet,2e-06,0.0,0.999998
1312,1313,brain_tumor_figshare/1313.mat,103478,5,2,Hipofiz tümörü,2,Hipofiz tümörü,evet,7.9e-05,0.0,0.999921
1313,1314,brain_tumor_figshare/1314.mat,103478,5,2,Hipofiz tümörü,2,Hipofiz tümörü,evet,2e-06,1e-06,0.999997
1314,1315,brain_tumor_figshare/1315.mat,103478,5,2,Hipofiz tümörü,2,Hipofiz tümörü,evet,3.6e-05,3e-06,0.999961
1315,1316,brain_tumor_figshare/1316.mat,103478,5,2,Hipofiz tümörü,2,Hipofiz tümörü,evet,3.6e-05,0.002643,0.997321
1316,1317,brain_tumor_figshare/1317.mat,103582,3,2,Hipofiz tümörü,2,Hipofiz tümörü,evet,1.8e-05,0.0,0.999981
1317,1318,brain_tumor_figshare/1318.mat,103582,3,2,Hipofiz tümörü,2,Hipofiz tümörü,evet,0.000231,8e-06,0.999762
1318,1319,brain_tumor_figshare/1319.mat,103582,3,2,Hipofiz tümörü,2,Hipofiz tümörü,evet,0.00232,2.4e-05,0.997656
1319,1320,brain_tumor_figshare/1320.mat,103582,3,2,Hipofiz tümörü,2,Hipofiz tümörü,evet,3.7e-05,0.0,0.999963
1320,1321,brain_tumor_figshare/1321.mat,103582,3,2,Hipofiz tümörü,2,Hipofiz tümörü,evet,0.000981,8e-06,0.999011
1321,1322,brain_tumor_figshare/1322.mat,103582,3,2,Hipofiz tümörü,2,Hipofiz tümörü,evet,5.6e-05,2e-06,0.999942
1322,1323,brain_tumor_figshare/1323.mat,103670,5,2,Hipofiz tümörü,2,Hipofiz tümörü,evet,0.0,0.0,1.0
1323,1324,brain_tumor_figshare/1324.mat,103670,5,2,Hipofiz tümörü,2,Hipofiz tümörü,evet,0.0,0.0,1.0
1324,1325,brain_tumor_figshare/1325.mat,103670,5,2,Hipofiz tümörü,2,Hipofiz tümörü,evet,0.0,0.0,0.999999
1325,1326,brain_tumor_figshare/1326.mat,103671,1,2,Hipofiz tümörü,2,Hipofiz tümörü,evet,9e-06,4e-06,0.999986
1326,1327,brain_tumor_figshare/1327.mat,103671,1,2,Hipofiz tümörü,2,Hipofiz tümörü,evet,4e-05,8e-06,0.999952
1327,1328,brain_tumor_figshare/1328.mat,103671,1,2,Hipofiz tümörü,2,Hipofiz tümörü,evet,0.000182,8.3e-05,0.999734
1328,1329,brain_tumor_figshare/1329.mat,103671,1,2,Hipofiz tümörü,2,Hipofiz tümörü,evet,0.000198,0.00135,0.998452
1329,1330,brain_tumor_figshare/1330.mat,103731,4,2,Hipofiz tümörü,2,Hipofiz tümörü,evet,0.000731,8e-06,0.999261
1330,1331,brain_tumor_figshare/1331.mat,103731,4,2,Hipofiz tümörü,2,Hipofiz tümörü,evet,0.000168,4e-06,0.999828
1331,1332,brain_tumor_figshare/1332.mat,103731,4,2,Hipofiz tümörü,2,Hipofiz tümörü,evet,8.1e-05,1e-06,0.999919
1332,1333,brain_tumor_figshare/1333.mat,103731,4,2,Hipofiz tümörü,2,Hipofiz tümörü,evet,0.000577,1e-06,0.999422
1333,1334,brain_tumor_figshare/1334.mat,103731,4,2,Hipofiz tümörü,2,Hipofiz tümörü,evet,0.006197,1.1e-05,0.993792
1334,1335,brain_tumor_figshare/1335.mat,103731,4,2,Hipofiz tümörü,2,Hipofiz tümörü,evet,0.030973,0.000103,0.968924
1335,1336,brain_tumor_figshare/1336.mat,103731,4,2,Hipofiz tümörü,2,Hipofiz tümörü,evet,0.040212,0.000152,0.959636
1336,1337,brain_tumor_figshare/1337.mat,103731,4,2,Hipofiz tümörü,2,Hipofiz tümörü,evet,0.078875,0.006336,0.914789
1337,1338,brain_tumor_figshare/1338.mat,103731,4,2,Hipofiz tümörü,2,Hipofiz tümörü,evet,0.019565,0.005557,0.974879
1338,1339,brain_tumor_figshare/1339.mat,103731,4,2,Hipofiz tümörü,2,Hipofiz tümörü,evet,0.008498,0.004294,0.987208
1339,1340,brain_tumor_figshare/1340.mat,103837,2,2,Hipofiz tümörü,2,Hipofiz tümörü,evet,0.000117,0.0,0.999883
1340,1341,brain_tumor_figshare/1341.mat,103837,2,2,Hipofiz tümörü,2,Hipofiz tümörü,evet,0.00077,1e-06,0.999229
1341,1342,brain_tumor_figshare/1342.mat,103837,2,2,Hipofiz tümörü,2,Hipofiz tümörü,evet,0.000409,0.0,0.999591
1342,1343,brain_tumor_figshare/1343.mat,103837,2,2,Hipofiz tümörü,2,Hipofiz tümörü,evet,0.000136,1e-06,0.999863
1343,1344,brain_tumor_figshare/1344.mat,103837,2,2,Hipofiz tümörü,2,Hipofiz tümörü,evet,6e-06,0.0,0.999994
1344,1345,brain_tumor_figshare/1345.mat,103837,2,2,Hipofiz tümörü,2,Hipofiz tümörü,evet,2.2e-05,1e-06,0.999977
1345,1346,brain_tumor_figshare/1346.mat,103837,2,2,Hipofiz tümörü,2,Hipofiz tümörü,evet,0.00148,2e-05,0.998501
1346,1347,brain_tumor_figshare/1347.mat,103837,2,2,Hipofiz tümörü,2,Hipofiz tümörü,evet,0.000325,2.1e-05,0.999654
1347,1348,brain_tumor_figshare/1348.mat,104019,4,2,Hipofiz tümörü,2,Hipofiz tümörü,evet,0.001352,6.5e-05,0.998583
1348,1349,brain_tumor_figshare/1349.mat,104019,4,2,Hipofiz tümörü,2,Hipofiz tümörü,evet,0.000195,1.6e-05,0.999788
1349,1350,brain_tumor_figshare/1350.mat,104019,4,2,Hipofiz tümörü,2,Hipofiz tümörü,evet,0.000469,3.1e-05,0.9995
1350,1351,brain_tumor_figshare/1351.mat,104019,4,2,Hipofiz tümörü,2,Hipofiz tümörü,evet,0.00037,1.7e-05,0.999613
1351,1352,brain_tumor_figshare/1352.mat,104558,2,2,Hipofiz tümörü,2,Hipofiz tümörü,evet,7.3e-05,2.9e-05,0.999898
1352,1353,brain_tumor_figshare/1353.mat,104558,2,2,Hipofiz tümörü,2,Hipofiz tümörü,evet,1e-06,1e-06,0.999998
1353,1354,brain_tumor_figshare/1354.mat,104558,2,2,Hipofiz tümörü,2,Hipofiz tümörü,evet,1e-05,0.0,0.99999
1354,1355,brain_tumor_figshare/1355.mat,104558,2,2,Hipofiz tümörü,2,Hipofiz tümörü,evet,7.1e-05,1.8e-05,0.999911
1355,1356,brain_tumor_figshare/1356.mat,104558,2,2,Hipofiz tümörü,2,Hipofiz tümörü,evet,0.002089,1.2e-05,0.997899
1356,1357,brain_tumor_figshare/1357.mat,104558,2,2,Hipofiz tümörü,2,Hipofiz tümörü,evet,0.108261,0.000166,0.891574
1357,1358,brain_tumor_figshare/1358.mat,104558,2,2,Hipofiz tümörü,0,Meningiom,hayır,0.538874,0.000336,0.46079
1358,1359,brain_tumor_figshare/1359.mat,104558,2,2,Hipofiz tümörü,2,Hipofiz tümörü,evet,0.131281,0.000533,0.868186
1359,1360,brain_tumor_figshare/1360.mat,104684,3,2,Hipofiz tümörü,2,Hipofiz tümörü,evet,0.001044,1e-06,0.998955
1360,1361,brain_tumor_figshare/1361.mat,104684,3,2,Hipofiz tümörü,2,Hipofiz tümörü,evet,4.7e-05,0.0,0.999952
1361,1362,brain_tumor_figshare/1362.mat,104684,3,2,Hipofiz tümörü,2,Hipofiz tümörü,evet,3e-05,0.0,0.99997
1362,1363,brain_tumor_figshare/1363.mat,104684,3,2,Hipofiz tümörü,2,Hipofiz tümörü,evet,1.6e-05,0.0,0.999984
1363,1364,brain_tumor_figshare/1364.mat,104684,3,2,Hipofiz tümörü,2,Hipofiz tümörü,evet,3e-06,0.0,0.999997
1364,1365,brain_tumor_figshare/1365.mat,104684,3,2,Hipofiz tümörü,2,Hipofiz tümörü,evet,3.4e-05,0.0,0.999966
1365,1366,brain_tumor_figshare/1366.mat,104684,3,2,Hipofiz tümörü,2,Hipofiz tümörü,evet,0.00274,4.7e-05,0.997213
1366,1367,brain_tumor_figshare/1367.mat,104684,3,2,Hipofiz tümörü,2,Hipofiz tümörü,evet,0.00139,3.3e-05,0.998577
1367,1368,brain_tumor_figshare/1368.mat,104684,3,2,Hipofiz tümörü,2,Hipofiz tümörü,evet,0.027031,0.000829,0.97214
1368,1369,brain_tumor_figshare/1369.mat,104912,5,2,Hipofiz tümörü,2,Hipofiz tümörü,evet,4.9e-05,1e-06,0.99995
1369,1370,brain_tumor_figshare/1370.mat,104912,5,2,Hipofiz tümörü,2,Hipofiz tümörü,evet,3e-06,0.0,0.999997
1370,1371,brain_tumor_figshare/1371.mat,104912,5,2,Hipofiz tümörü,2,Hipofiz tümörü,evet,3e-06,0.0,0.999997
1371,1372,brain_tumor_figshare/1372.mat,104912,5,2,Hipofiz tümörü,2,Hipofiz tümörü,evet,1e-06,0.0,0.999999
1372,1373,brain_tumor_figshare/1373.mat,104912,5,2,Hipofiz tümörü,2,Hipofiz tümörü,evet,1e-06,0.0,0.999999
1373,1374,brain_tumor_figshare/1374.mat,105187,1,2,Hipofiz tümörü,2,Hipofiz tümörü,evet,0.0,0.0,0.999999
1374,1375,brain_tumor_figshare/1375.mat,105187,1,2,Hipofiz tümörü,2,Hipofiz tümörü,evet,1.3e-05,9e-06,0.999978
1375,1376,brain_tumor_figshare/1376.mat,105187,1,2,Hipofiz tümörü,2,Hipofiz tümörü,evet,1e-06,1e-06,0.999998
1376,1377,brain_tumor_figshare/1377.mat,105187,1,2,Hipofiz tümörü,2,Hipofiz tümörü,evet,2e-06,1e-06,0.999997
1377,1378,brain_tumor_figshare/1378.mat,105475,1,2,Hipofiz tümörü,2,Hipofiz tümörü,evet,4e-06,0.0,0.999996
1378,1379,brain_tumor_figshare/1379.mat,105475,1,2,Hipofiz tümörü,2,Hipofiz tümörü,evet,5e-06,1e-06,0.999994
1379,1380,brain_tumor_figshare/1380.mat,105538,4,2,Hipofiz tümörü,2,Hipofiz tümörü,evet,0.008733,0.000361,0.990906
1380,1381,brain_tumor_figshare/1381.mat,105538,4,2,Hipofiz tümörü,2,Hipofiz tümörü,evet,0.027776,7.8e-05,0.972146
1381,1382,brain_tumor_figshare/1382.mat,105538,4,2,Hipofiz tümörü,2,Hipofiz tümörü,evet,0.097891,9e-06,0.9021
1382,1383,brain_tumor_figshare/1383.mat,105638,4,2,Hipofiz tümörü,2,Hipofiz tümörü,evet,0.003986,0.000307,0.995707
1383,1384,brain_tumor_figshare/1384.mat,105638,4,2,Hipofiz tümörü,2,Hipofiz tümörü,evet,0.007703,4.1e-05,0.992257
1384,1385,brain_tumor_figshare/1385.mat,105638,4,2,Hipofiz tümörü,2,Hipofiz tümörü,evet,0.023401,7.2e-05,0.976527
1385,1386,brain_tumor_figshare/1386.mat,97416,4,2,Hipofiz tümörü,2,Hipofiz tümörü,evet,0.001281,6.2e-05,0.998658
1386,1387,brain_tumor_figshare/1387.mat,97416,4,2,Hipofiz tümörü,2,Hipofiz tümörü,evet,0.004019,0.000165,0.995816
1387,1388,brain_tumor_figshare/1388.mat,97416,4,2,Hipofiz tümörü,2,Hipofiz tümörü,evet,0.058058,0.00015,0.941792
1388,1389,brain_tumor_figshare/1389.mat,97416,4,2,Hipofiz tümörü,2,Hipofiz tümörü,evet,0.013209,6.2e-05,0.986729
1389,1390,brain_tumor_figshare/1390.mat,97416,4,2,Hipofiz tümörü,2,Hipofiz tümörü,evet,0.039088,1e-05,0.960902
1390,1391,brain_tumor_figshare/1391.mat,97416,4,2,Hipofiz tümörü,2,Hipofiz tümörü,evet,0.00258,2.3e-05,0.997398
1391,1392,brain_tumor_figshare/1392.mat,97416,4,2,Hipofiz tümörü,2,Hipofiz tümörü,evet,0.000112,1e-06,0.999887
1392,1393,brain_tumor_figshare/1393.mat,97416,4,2,Hipofiz tümörü,2,Hipofiz tümörü,evet,0.000151,4e-06,0.999845
1393,1394,brain_tumor_figshare/1394.mat,97416,4,2,Hipofiz tümörü,2,Hipofiz tümörü,evet,0.000116,2.9e-05,0.999855
1394,1395,brain_tumor_figshare/1395.mat,97461,3,2,Hipofiz tümörü,2,Hipofiz tümörü,evet,1.8e-05,8e-06,0.999974
1395,1396,brain_tumor_figshare/1396.mat,97461,3,2,Hipofiz tümörü,2,Hipofiz tümörü,evet,2.8e-05,3e-06,0.999968
1396,1397,brain_tumor_figshare/1397.mat,97461,3,2,Hipofiz tümörü,2,Hipofiz tümörü,evet,3e-06,0.0,0.999997
1397,1398,brain_tumor_figshare/1398.mat,97461,3,2,Hipofiz tümörü,2,Hipofiz tümörü,evet,2e-06,1e-06,0.999997
1398,1399,brain_tumor_figshare/1399.mat,97461,3,2,Hipofiz tümörü,2,Hipofiz tümörü,evet,1.1e-05,1.1e-05,0.999979
1399,1400,brain_tumor_figshare/1400.mat,97461,3,2,Hipofiz tümörü,2,Hipofiz tümörü,evet,7e-06,6e-06,0.999987
1400,1401,brain_tumor_figshare/1401.mat,97461,3,2,Hipofiz tümörü,2,Hipofiz tümörü,evet,1e-06,3e-06,0.999995
1401,1402,brain_tumor_figshare/1402.mat,97461,3,2,Hipofiz tümörü,2,Hipofiz tümörü,evet,0.0,0.0,1.0
1402,1403,brain_tumor_figshare/1403.mat,97461,3,2,Hipofiz tümörü,2,Hipofiz tümörü,evet,0.0,6e-06,0.999993
1403,1404,brain_tumor_figshare/1404.mat,97481,2,2,Hipofiz tümörü,2,Hipofiz tümörü,evet,0.000399,8.3e-05,0.999518
1404,1405,brain_tumor_figshare/1405.mat,97481,2,2,Hipofiz tümörü,2,Hipofiz tümörü,evet,4e-06,9e-06,0.999988
1405,1406,brain_tumor_figshare/1406.mat,97481,2,2,Hipofiz tümörü,2,Hipofiz tümörü,evet,5e-06,1e-06,0.999993
1406,1407,brain_tumor_figshare/1407.mat,97481,2,2,Hipofiz tümörü,2,Hipofiz tümörü,evet,3e-06,3e-06,0.999995
1407,1408,brain_tumor_figshare/1408.mat,97599,2,2,Hipofiz tümörü,2,Hipofiz tümörü,evet,0.001046,8.7e-05,0.998867
1408,1409,brain_tumor_figshare/1409.mat,97599,2,2,Hipofiz tümörü,2,Hipofiz tümörü,evet,0.001877,0.000138,0.997986
1409,1410,brain_tumor_figshare/1410.mat,97890,1,2,Hipofiz tümörü,2,Hipofiz tümörü,evet,2e-06,1e-06,0.999997
1410,1411,brain_tumor_figshare/1411.mat,97890,1,2,Hipofiz tümörü,2,Hipofiz tümörü,evet,2e-06,1e-06,0.999997
1411,1412,brain_tumor_figshare/1412.mat,97890,1,2,Hipofiz tümörü,2,Hipofiz tümörü,evet,1.3e-05,0.000101,0.999886
1412,1413,brain_tumor_figshare/1413.mat,97890,1,2,Hipofiz tümörü,2,Hipofiz tümörü,evet,2.7e-05,0.000514,0.999459
1413,1414,brain_tumor_figshare/1414.mat,98472,3,2,Hipofiz tümörü,2,Hipofiz tümörü,evet,4e-06,0.0,0.999996
1414,1415,brain_tumor_figshare/1415.mat,98472,3,2,Hipofiz tümörü,2,Hipofiz tümörü,evet,2.4e-05,1e-06,0.999975
1415,1416,brain_tumor_figshare/1416.mat,98472,3,2,Hipofiz tümörü,2,Hipofiz tümörü,evet,0.000434,1.7e-05,0.999549
1416,1417,brain_tumor_figshare/1417.mat,98472,3,2,Hipofiz tümörü,2,Hipofiz tümörü,evet,9e-06,2e-06,0.99999
1417,1418,brain_tumor_figshare/1418.mat,98472,3,2,Hipofiz tümörü,2,Hipofiz tümörü,evet,0.000142,5e-06,0.999854
1418,1419,brain_tumor_figshare/1419.mat,98472,3,2,Hipofiz tümörü,2,Hipofiz tümörü,evet,0.000248,3e-06,0.999749
1419,1420,brain_tumor_figshare/1420.mat,98472,3,2,Hipofiz tümörü,2,Hipofiz tümörü,evet,0.000294,2.5e-05,0.999681
1420,1421,brain_tumor_figshare/1421.mat,98652,3,2,Hipofiz tümörü,2,Hipofiz tümörü,evet,1.2e-05,1e-06,0.999987
1421,1422,brain_tumor_figshare/1422.mat,98652,3,2,Hipofiz tümörü,2,Hipofiz tümörü,evet,5e-06,1e-06,0.999995
1422,1423,brain_tumor_figshare/1423.mat,98652,3,2,Hipofiz tümörü,2,Hipofiz tümörü,evet,0.000306,7e-06,0.999687
1423,1424,brain_tumor_figshare/1424.mat,98871,4,2,Hipofiz tümörü,2,Hipofiz tümörü,evet,0.00011,4e-06,0.999886
1424,1425,brain_tumor_figshare/1425.mat,98871,4,2,Hipofiz tümörü,2,Hipofiz tümörü,evet,4.4e-05,3e-06,0.999953
1425,1426,brain_tumor_figshare/1426.mat,98871,4,2,Hipofiz tümörü,2,Hipofiz tümörü,evet,0.000247,1e-06,0.999753
1426,1427,brain_tumor_figshare/1427.mat,98871,4,2,Hipofiz tümörü,2,Hipofiz tümörü,evet,0.001046,2e-06,0.998952
1427,1428,brain_tumor_figshare/1428.mat,98871,4,2,Hipofiz tümörü,2,Hipofiz tümörü,evet,0.000261,6.4e-05,0.999675
1428,1429,brain_tumor_figshare/1429.mat,98871,4,2,Hipofiz tümörü,2,Hipofiz tümörü,evet,0.000101,3.3e-05,0.999866
1429,1430,brain_tumor_figshare/1430.mat,98874,1,2,Hipofiz tümörü,2,Hipofiz tümörü,evet,9e-06,3e-06,0.999988
1430,1431,brain_tumor_figshare/1431.mat,98874,1,2,Hipofiz tümörü,2,Hipofiz tümörü,evet,2e-06,0.0,0.999998
1431,1432,brain_tumor_figshare/1432.mat,98874,1,2,Hipofiz tümörü,2,Hipofiz tümörü,evet,1e-05,2e-06,0.999988
1432,1433,brain_tumor_figshare/1433.mat,98874,1,2,Hipofiz tümörü,2,Hipofiz tümörü,evet,5.6e-05,0.000188,0.999755
1433,1434,brain_tumor_figshare/1434.mat,98874,1,2,Hipofiz tümörü,2,Hipofiz tümörü,evet,5.4e-05,9.3e-05,0.999853
1434,1435,brain_tumor_figshare/1435.mat,98992,5,2,Hipofiz tümörü,2,Hipofiz tümörü,evet,0.000164,1e-06,0.999834
1435,1436,brain_tumor_figshare/1436.mat,98992,5,2,Hipofiz tümörü,2,Hipofiz tümörü,evet,3.9e-05,2e-06,0.99996
1436,1437,brain_tumor_figshare/1437.mat,98992,5,2,Hipofiz tümörü,2,Hipofiz tümörü,evet,6e-06,2e-06,0.999992
1437,1438,brain_tumor_figshare/1438.mat,98992,5,2,Hipofiz tümörü,2,Hipofiz tümörü,evet,1.7e-05,3e-06,0.99998
1438,1439,brain_tumor_figshare/1439.mat,98992,5,2,Hipofiz tümörü,2,Hipofiz tümörü,evet,8.6e-05,4.9e-05,0.999865
1439,1440,brain_tumor_figshare/1440.mat,98992,5,2,Hipofiz tümörü,2,Hipofiz tümörü,evet,0.002062,0.000422,0.997516
1440,1441,brain_tumor_figshare/1441.mat,98992,5,2,Hipofiz tümörü,2,Hipofiz tümörü,evet,0.000239,0.000256,0.999505
1441,1442,brain_tumor_figshare/1442.mat,98995,4,2,Hipofiz tümörü,2,Hipofiz tümörü,evet,0.000349,0.0,0.99965
1442,1443,brain_tumor_figshare/1443.mat,98995,4,2,Hipofiz tümörü,2,Hipofiz tümörü,evet,0.00871,2e-06,0.991288
1443,1444,brain_tumor_figshare/1444.mat,98995,4,2,Hipofiz tümörü,2,Hipofiz tümörü,evet,0.013174,5e-06,0.98682
1444,1445,brain_tumor_figshare/1445.mat,98995,4,2,Hipofiz tümörü,2,Hipofiz tümörü,evet,0.053105,3.6e-05,0.946858
1445,1446,brain_tumor_figshare/1446.mat,98995,4,2,Hipofiz tümörü,2,Hipofiz tümörü,evet,0.003762,2.3e-05,0.996215
1446,1447,brain_tumor_figshare/1447.mat,99223,1,2,Hipofiz tümörü,2,Hipofiz tümörü,evet,0.000465,0.001261,0.998274
1447,1448,brain_tumor_figshare/1448.mat,99223,1,2,Hipofiz tümörü,2,Hipofiz tümörü,evet,0.000198,0.000158,0.999644
1448,1449,brain_tumor_figshare/1449.mat,99223,1,2,Hipofiz tümörü,2,Hipofiz tümörü,evet,1.6e-05,3e-06,0.999981
1449,1450,brain_tumor_figshare/1450.mat,99223,1,2,Hipofiz tümörü,2,Hipofiz tümörü,evet,1e-06,1e-06,0.999998
1450,1451,brain_tumor_figshare/1451.mat,99223,1,2,Hipofiz tümörü,2,Hipofiz tümörü,evet,1e-06,0.0,0.999999
1451,1452,brain_tumor_figshare/1452.mat,99223,1,2,Hipofiz tümörü,2,Hipofiz tümörü,evet,9e-06,4e-06,0.999988
1452,1453,brain_tumor_figshare/1453.mat,99223,1,2,Hipofiz tümörü,2,Hipofiz tümörü,evet,1.7e-05,6e-05,0.999923
1453,1454,brain_tumor_figshare/1454.mat,99223,1,2,Hipofiz tümörü,2,Hipofiz tümörü,evet,4.6e-05,0.000212,0.999742
1454,1455,brain_tumor_figshare/1455.mat,99223,1,2,Hipofiz tümörü,2,Hipofiz tümörü,evet,5e-06,1.6e-05,0.999979
1455,1456,brain_tumor_figshare/1456.mat,101017,2,2,Hipofiz tümörü,2,Hipofiz tümörü,evet,4e-06,9.3e-05,0.999903
1456,1457,brain_tumor_figshare/1457.mat,101017,2,2,Hipofiz tümörü,2,Hipofiz tümörü,evet,1e-06,3e-06,0.999996
1457,1458,brain_tumor_figshare/1458.mat,101017,2,2,Hipofiz tümörü,2,Hipofiz tümörü,evet,2e-06,4e-06,0.999994
1458,1459,brain_tumor_figshare/1459.mat,101017,2,2,Hipofiz tümörü,2,Hipofiz tümörü,evet,2e-06,2e-06,0.999996
1459,1460,brain_tumor_figshare/1460.mat,101017,2,2,Hipofiz tümörü,2,Hipofiz tümörü,evet,2e-06,4e-06,0.999994
1460,1461,brain_tumor_figshare/1461.mat,101017,2,2,Hipofiz tümörü,2,Hipofiz tümörü,evet,3.4e-05,1.2e-05,0.999954
1461,1462,brain_tumor_figshare/1462.mat,101029,1,2,Hipofiz tümörü,2,Hipofiz tümörü,evet,0.0,0.0,1.0
1462,1463,brain_tumor_figshare/1463.mat,101029,1,2,Hipofiz tümörü,2,Hipofiz tümörü,evet,0.0,0.0,1.0
1463,1464,brain_tumor_figshare/1464.mat,101029,1,2,Hipofiz tümörü,2,Hipofiz tümörü,evet,0.0,0.0,1.0
1464,1465,brain_tumor_figshare/1465.mat,101029,1,2,Hipofiz tümörü,2,Hipofiz tümörü,evet,0.0,0.0,1.0
1465,1466,brain_tumor_figshare/1466.mat,101029,1,2,Hipofiz tümörü,2,Hipofiz tümörü,evet,0.0,0.0,1.0
1466,1467,brain_tumor_figshare/1467.mat,101029,1,2,Hipofiz tümörü,2,Hipofiz tümörü,evet,0.0,0.0,1.0
1467,1468,brain_tumor_figshare/1468.mat,101145,2,2,Hipofiz tümörü,2,Hipofiz tümörü,evet,0.000117,0.0,0.999882
1468,1469,brain_tumor_figshare/1469.mat,101145,2,2,Hipofiz tümörü,2,Hipofiz tümörü,evet,0.000188,4e-06,0.999808
1469,1470,brain_tumor_figshare/1470.mat,101145,2,2,Hipofiz tümörü,2,Hipofiz tümörü,evet,0.000452,1.2e-05,0.999536
1470,1471,brain_tumor_figshare/1471.mat,101145,2,2,Hipofiz tümörü,2,Hipofiz tümörü,evet,0.00018,5e-06,0.999815
1471,1472,brain_tumor_figshare/1472.mat,101305,3,2,Hipofiz tümörü,2,Hipofiz tümörü,evet,2e-06,2e-06,0.999996
1472,1473,brain_tumor_figshare/1473.mat,101305,3,2,Hipofiz tümörü,2,Hipofiz tümörü,evet,1e-06,2.4e-05,0.999975
1473,1474,brain_tumor_figshare/1474.mat,101305,3,2,Hipofiz tümörü,2,Hipofiz tümörü,evet,7e-06,5.8e-05,0.999935
1474,1475,brain_tumor_figshare/1475.mat,101305,3,2,Hipofiz tümörü,2,Hipofiz tümörü,evet,1e-06,7e-06,0.999992
1475,1476,brain_tumor_figshare/1476.mat,101305,3,2,Hipofiz tümörü,2,Hipofiz tümörü,evet,1e-06,5e-06,0.999995
1476,1477,brain_tumor_figshare/1477.mat,101305,3,2,Hipofiz tümörü,2,Hipofiz tümörü,evet,0.0,1.6e-05,0.999983
1477,1478,brain_tumor_figshare/1478.mat,101305,3,2,Hipofiz tümörü,2,Hipofiz tümörü,evet,1e-06,2e-05,0.99998
1478,1479,brain_tumor_figshare/1479.mat,101305,3,2,Hipofiz tümörü,2,Hipofiz tümörü,evet,1e-06,2.3e-05,0.999976
1479,1480,brain_tumor_figshare/1480.mat,101724,2,2,Hipofiz tümörü,2,Hipofiz tümörü,evet,4.4e-05,3e-06,0.999952
1480,1481,brain_tumor_figshare/1481.mat,101724,2,2,Hipofiz tümörü,2,Hipofiz tümörü,evet,2.7e-05,2e-05,0.999953
1481,1482,brain_tumor_figshare/1482.mat,101724,2,2,Hipofiz tümörü,2,Hipofiz tümörü,evet,3.5e-05,5.7e-05,0.999909
1482,1483,brain_tumor_figshare/1483.mat,102648,2,2,Hipofiz tümörü,2,Hipofiz tümörü,evet,9e-06,0.000329,0.999662
1483,1484,brain_tumor_figshare/1484.mat,102648,2,2,Hipofiz tümörü,2,Hipofiz tümörü,evet,6e-06,0.00029,0.999703
1484,1485,brain_tumor_figshare/1485.mat,102648,2,2,Hipofiz tümörü,2,Hipofiz tümörü,evet,2.3e-05,0.00044,0.999537
1485,1486,brain_tumor_figshare/1486.mat,102648,2,2,Hipofiz tümörü,2,Hipofiz tümörü,evet,2.9e-05,0.000441,0.99953
1486,1487,brain_tumor_figshare/1487.mat,102669,5,2,Hipofiz tümörü,2,Hipofiz tümörü,evet,7e-06,2e-06,0.999992
1487,1488,brain_tumor_figshare/1488.mat,102669,5,2,Hipofiz tümörü,2,Hipofiz tümörü,evet,1e-06,3e-06,0.999996
1488,1489,brain_tumor_figshare/1489.mat,103046,2,2,Hipofiz tümörü,2,Hipofiz tümörü,evet,1e-06,0.0,0.999999
1489,1490,brain_tumor_figshare/1490.mat,103046,2,2,Hipofiz tümörü,2,Hipofiz tümörü,evet,1e-06,0.0,0.999999
1490,1491,brain_tumor_figshare/1491.mat,103046,2,2,Hipofiz tümörü,2,Hipofiz tümörü,evet,1e-06,0.0,0.999999
1491,1492,brain_tumor_figshare/1492.mat,103046,2,2,Hipofiz tümörü,2,Hipofiz tümörü,evet,1e-06,0.0,0.999999
1492,1493,brain_tumor_figshare/1493.mat,103257,4,2,Hipofiz tümörü,2,Hipofiz tümörü,evet,0.000756,0.000273,0.998971
1493,1494,brain_tumor_figshare/1494.mat,103257,4,2,Hipofiz tümörü,2,Hipofiz tümörü,evet,0.000453,3.2e-05,0.999515
1494,1495,brain_tumor_figshare/1495.mat,103257,4,2,Hipofiz tümörü,2,Hipofiz tümörü,evet,0.001231,6.2e-05,0.998707
1495,1496,brain_tumor_figshare/1496.mat,103257,4,2,Hipofiz tümörü,2,Hipofiz tümörü,evet,0.001494,0.000152,0.998354
1496,1497,brain_tumor_figshare/1497.mat,103257,4,2,Hipofiz tümörü,2,Hipofiz tümörü,evet,0.003335,0.000481,0.996184
1497,1498,brain_tumor_figshare/1498.mat,103478,5,2,Hipofiz tümörü,2,Hipofiz tümörü,evet,9e-06,5.2e-05,0.99994
1498,1499,brain_tumor_figshare/1499.mat,103478,5,2,Hipofiz tümörü,2,Hipofiz tümörü,evet,5e-05,3.4e-05,0.999916
1499,1500,brain_tumor_figshare/1500.mat,103478,5,2,Hipofiz tümörü,2,Hipofiz tümörü,evet,2e-06,6e-06,0.999992
1500,1501,brain_tumor_figshare/1501.mat,103478,5,2,Hipofiz tümörü,2,Hipofiz tümörü,evet,1e-06,3e-06,0.999997
1501,1502,brain_tumor_figshare/1502.mat,103478,5,2,Hipofiz tümörü,2,Hipofiz tümörü,evet,5e-06,3e-06,0.999992
1502,1503,brain_tumor_figshare/1503.mat,103478,5,2,Hipofiz tümörü,2,Hipofiz tümörü,evet,2.4e-05,1.4e-05,0.999962
1503,1504,brain_tumor_figshare/1504.mat,103478,5,2,Hipofiz tümörü,2,Hipofiz tümörü,evet,2e-06,3e-06,0.999995
1504,1505,brain_tumor_figshare/1505.mat,103478,5,2,Hipofiz tümörü,2,Hipofiz tümörü,evet,5e-06,1.2e-05,0.999983
1505,1506,brain_tumor_figshare/1506.mat,103582,3,2,Hipofiz tümörü,2,Hipofiz tümörü,evet,0.000362,2e-06,0.999636
1506,1507,brain_tumor_figshare/1507.mat,103582,3,2,Hipofiz tümörü,2,Hipofiz tümörü,evet,0.000173,4e-06,0.999823
1507,1508,brain_tumor_figshare/1508.mat,103582,3,2,Hipofiz tümörü,2,Hipofiz tümörü,evet,0.003054,3e-06,0.996943
1508,1509,brain_tumor_figshare/1509.mat,103582,3,2,Hipofiz tümörü,2,Hipofiz tümörü,evet,0.00279,4e-06,0.997207
1509,1510,brain_tumor_figshare/1510.mat,103582,3,2,Hipofiz tümörü,2,Hipofiz tümörü,evet,0.009739,1e-05,0.990251
1510,1511,brain_tumor_figshare/1511.mat,103670,5,2,Hipofiz tümörü,2,Hipofiz tümörü,evet,3e-06,9.3e-05,0.999904
1511,1512,brain_tumor_figshare/1512.mat,103670,5,2,Hipofiz tümörü,2,Hipofiz tümörü,evet,0.0,1e-06,0.999999
1512,1513,brain_tumor_figshare/1513.mat,103670,5,2,Hipofiz tümörü,2,Hipofiz tümörü,evet,0.0,0.0,1.0
1513,1514,brain_tumor_figshare/1514.mat,103670,5,2,Hipofiz tümörü,2,Hipofiz tümörü,evet,0.0,1e-06,0.999999
1514,1515,brain_tumor_figshare/1515.mat,103671,1,2,Hipofiz tümörü,2,Hipofiz tümörü,evet,2e-06,1.1e-05,0.999987
1515,1516,brain_tumor_figshare/1516.mat,103671,1,2,Hipofiz tümörü,2,Hipofiz tümörü,evet,1.7e-05,3.5e-05,0.999948
1516,1517,brain_tumor_figshare/1517.mat,103671,1,2,Hipofiz tümörü,2,Hipofiz tümörü,evet,1e-06,1e-06,0.999999
1517,1518,brain_tumor_figshare/1518.mat,103671,1,2,Hipofiz tümörü,2,Hipofiz tümörü,evet,0.0,0.0,0.999999
1518,1519,brain_tumor_figshare/1519.mat,103671,1,2,Hipofiz tümörü,2,Hipofiz tümörü,evet,8e-06,2e-06,0.99999
1519,1520,brain_tumor_figshare/1520.mat,103671,1,2,Hipofiz tümörü,2,Hipofiz tümörü,evet,8e-06,4e-06,0.999988
1520,1521,brain_tumor_figshare/1521.mat,103731,4,2,Hipofiz tümörü,2,Hipofiz tümörü,evet,0.013786,0.000146,0.986068
1521,1522,brain_tumor_figshare/1522.mat,103731,4,2,Hipofiz tümörü,2,Hipofiz tümörü,evet,0.000533,1.4e-05,0.999453
1522,1523,brain_tumor_figshare/1523.mat,103731,4,2,Hipofiz tümörü,2,Hipofiz tümörü,evet,0.001203,2.3e-05,0.998774
1523,1524,brain_tumor_figshare/1524.mat,103731,4,2,Hipofiz tümörü,2,Hipofiz tümörü,evet,0.003249,2.9e-05,0.996722
1524,1525,brain_tumor_figshare/1525.mat,103731,4,2,Hipofiz tümörü,2,Hipofiz tümörü,evet,0.005913,7.3e-05,0.994014
1525,1526,brain_tumor_figshare/1526.mat,103731,4,2,Hipofiz tümörü,2,Hipofiz tümörü,evet,0.013502,0.000144,0.986354
1526,1527,brain_tumor_figshare/1527.mat,103731,4,2,Hipofiz tümörü,2,Hipofiz tümörü,evet,0.047998,0.004393,0.947608
1527,1528,brain_tumor_figshare/1528.mat,103837,2,2,Hipofiz tümörü,2,Hipofiz tümörü,evet,0.000204,3.3e-05,0.999764
1528,1529,brain_tumor_figshare/1529.mat,103837,2,2,Hipofiz tümörü,2,Hipofiz tümörü,evet,0.000452,2.4e-05,0.999524
1529,1530,brain_tumor_figshare/1530.mat,103837,2,2,Hipofiz tümörü,2,Hipofiz tümörü,evet,0.00097,5.6e-05,0.998973
1530,1531,brain_tumor_figshare/1531.mat,103837,2,2,Hipofiz tümörü,2,Hipofiz tümörü,evet,0.000181,0.000142,0.999677
1531,1532,brain_tumor_figshare/1532.mat,103837,2,2,Hipofiz tümörü,2,Hipofiz tümörü,evet,0.001117,0.000427,0.998455
1532,1533,brain_tumor_figshare/1533.mat,104019,4,2,Hipofiz tümörü,2,Hipofiz tümörü,evet,0.000796,3.7e-05,0.999167
1533,1534,brain_tumor_figshare/1534.mat,104019,4,2,Hipofiz tümörü,2,Hipofiz tümörü,evet,0.000411,2.9e-05,0.99956
1534,1535,brain_tumor_figshare/1535.mat,104019,4,2,Hipofiz tümörü,2,Hipofiz tümörü,evet,0.000698,5.6e-05,0.999246
1535,1536,brain_tumor_figshare/1536.mat,104019,4,2,Hipofiz tümörü,2,Hipofiz tümörü,evet,0.002199,0.000125,0.997676
1536,1537,brain_tumor_figshare/1537.mat,104019,4,2,Hipofiz tümörü,2,Hipofiz tümörü,evet,0.00065,6e-05,0.99929
1537,1538,brain_tumor_figshare/1538.mat,104558,2,2,Hipofiz tümörü,2,Hipofiz tümörü,evet,0.001903,9e-06,0.998089
1538,1539,brain_tumor_figshare/1539.mat,104558,2,2,Hipofiz tümörü,2,Hipofiz tümörü,evet,0.002882,0.000181,0.996937
1539,1540,brain_tumor_figshare/1540.mat,104558,2,2,Hipofiz tümörü,2,Hipofiz tümörü,evet,0.001605,0.000289,0.998105
1540,1541,brain_tumor_figshare/1541.mat,104558,2,2,Hipofiz tümörü,2,Hipofiz tümörü,evet,0.030832,0.001732,0.967436
1541,1542,brain_tumor_figshare/1542.mat,104558,2,2,Hipofiz tümörü,2,Hipofiz tümörü,evet,0.116624,0.001068,0.882307
1542,1543,brain_tumor_figshare/1543.mat,104558,2,2,Hipofiz tümörü,2,Hipofiz tümörü,evet,0.166718,0.002003,0.83128
1543,1544,brain_tumor_figshare/1544.mat,104558,2,2,Hipofiz tümörü,0,Meningiom,hayır,0.605979,0.006873,0.387148
1544,1545,brain_tumor_figshare/1545.mat,104684,3,2,Hipofiz tümörü,2,Hipofiz tümörü,evet,0.00015,5.4e-05,0.999796
1545,1546,brain_tumor_figshare/1546.mat,104684,3,2,Hipofiz tümörü,2,Hipofiz tümörü,evet,0.001187,2.3e-05,0.99879
1546,1547,brain_tumor_figshare/1547.mat,104684,3,2,Hipofiz tümörü,2,Hipofiz tümörü,evet,0.005938,5.5e-05,0.994008
1547,1548,brain_tumor_figshare/1548.mat,104684,3,2,Hipofiz tümörü,2,Hipofiz tümörü,evet,0.002871,3.1e-05,0.997098
1548,1549,brain_tumor_figshare/1549.mat,104684,3,2,Hipofiz tümörü,2,Hipofiz tümörü,evet,0.000227,2e-06,0.999771
1549,1550,brain_tumor_figshare/1550.mat,104684,3,2,Hipofiz tümörü,2,Hipofiz tümörü,evet,1e-05,1e-06,0.999989
1550,1551,brain_tumor_figshare/1551.mat,104684,3,2,Hipofiz tümörü,2,Hipofiz tümörü,evet,0.000337,0.000168,0.999495
1551,1552,brain_tumor_figshare/1552.mat,104912,5,2,Hipofiz tümörü,2,Hipofiz tümörü,evet,3.6e-05,0.002011,0.997953
1552,1553,brain_tumor_figshare/1553.mat,104912,5,2,Hipofiz tümörü,2,Hipofiz tümörü,evet,1.5e-05,0.00044,0.999545
1553,1554,brain_tumor_figshare/1554.mat,104912,5,2,Hipofiz tümörü,2,Hipofiz tümörü,evet,6e-06,9.8e-05,0.999896
1554,1555,brain_tumor_figshare/1555.mat,104912,5,2,Hipofiz tümörü,2,Hipofiz tümörü,evet,8.1e-05,0.000183,0.999736
1555,1556,brain_tumor_figshare/1556.mat,104912,5,2,Hipofiz tümörü,2,Hipofiz tümörü,evet,2e-06,7e-06,0.999991
1556,1557,brain_tumor_figshare/1557.mat,105187,1,2,Hipofiz tümörü,2,Hipofiz tümörü,evet,0.0,0.0,1.0
1557,1558,brain_tumor_figshare/1558.mat,105187,1,2,Hipofiz tümörü,2,Hipofiz tümörü,evet,4e-06,5e-06,0.999992
1558,1559,brain_tumor_figshare/1559.mat,105187,1,2,Hipofiz tümörü,2,Hipofiz tümörü,evet,0.0,0.0,1.0
1559,1560,brain_tumor_figshare/1560.mat,105187,1,2,Hipofiz tümörü,2,Hipofiz tümörü,evet,8e-06,0.000114,0.999878
1560,1561,brain_tumor_figshare/1561.mat,105187,1,2,Hipofiz tümörü,2,Hipofiz tümörü,evet,1e-05,7.9e-05,0.999911
1561,1562,brain_tumor_figshare/1562.mat,105187,1,2,Hipofiz tümörü,2,Hipofiz tümörü,evet,4.3e-05,0.000237,0.99972
1562,1563,brain_tumor_figshare/1563.mat,105475,1,2,Hipofiz tümörü,2,Hipofiz tümörü,evet,1e-06,0.0,0.999999
1563,1564,brain_tumor_figshare/1564.mat,105475,1,2,Hipofiz tümörü,2,Hipofiz tümörü,evet,3e-06,1e-05,0.999986
1564,1565,brain_tumor_figshare/1565.mat,105475,1,2,Hipofiz tümörü,2,Hipofiz tümörü,evet,2e-06,1e-05,0.999987
1565,1566,brain_tumor_figshare/1566.mat,105538,4,2,Hipofiz tümörü,2,Hipofiz tümörü,evet,0.013576,0.000723,0.985702
1566,1567,brain_tumor_figshare/1567.mat,105538,4,2,Hipofiz tümörü,2,Hipofiz tümörü,evet,0.000908,8.3e-05,0.999009
1567,1568,brain_tumor_figshare/1568.mat,105638,4,2,Hipofiz tümörü,2,Hipofiz tümörü,evet,0.000618,9.8e-05,0.999284
1568,1569,brain_tumor_figshare/1569.mat,105638,4,2,Hipofiz tümörü,2,Hipofiz tümörü,evet,9.3e-05,4e-06,0.999903
1569,1570,brain_tumor_figshare/1570.mat,105638,4,2,Hipofiz tümörü,2,Hipofiz tümörü,evet,4.4e-05,4e-06,0.999952
1570,1571,brain_tumor_figshare/1571.mat,105638,4,2,Hipofiz tümörü,2,Hipofiz tümörü,evet,0.000117,1.1e-05,0.999872
1571,1572,brain_tumor_figshare/1572.mat,105638,4,2,Hipofiz tümörü,2,Hipofiz tümörü,evet,0.000843,0.000199,0.998958
1572,1573,brain_tumor_figshare/1573.mat,97416,4,2,Hipofiz tümörü,2,Hipofiz tümörü,evet,0.003616,0.003763,0.992622
1573,1574,brain_tumor_figshare/1574.mat,97416,4,2,Hipofiz tümörü,2,Hipofiz tümörü,evet,0.073528,0.002007,0.924466
1574,1575,brain_tumor_figshare/1575.mat,97416,4,2,Hipofiz tümörü,2,Hipofiz tümörü,evet,0.006496,0.001867,0.991637
1575,1576,brain_tumor_figshare/1576.mat,97416,4,2,Hipofiz tümörü,2,Hipofiz tümörü,evet,0.001687,0.000698,0.997615
1576,1577,brain_tumor_figshare/1577.mat,97416,4,2,Hipofiz tümörü,2,Hipofiz tümörü,evet,0.000594,6e-05,0.999345
1577,1578,brain_tumor_figshare/1578.mat,97416,4,2,Hipofiz tümörü,2,Hipofiz tümörü,evet,0.001425,0.000111,0.998464
1578,1579,brain_tumor_figshare/1579.mat,97416,4,2,Hipofiz tümörü,2,Hipofiz tümörü,evet,0.001017,0.000168,0.998815
1579,1580,brain_tumor_figshare/1580.mat,97416,4,2,Hipofiz tümörü,2,Hipofiz tümörü,evet,0.00152,0.000296,0.998184
1580,1581,brain_tumor_figshare/1581.mat,97461,3,2,Hipofiz tümörü,2,Hipofiz tümörü,evet,1.3e-05,1e-06,0.999986
1581,1582,brain_tumor_figshare/1582.mat,97461,3,2,Hipofiz tümörü,2,Hipofiz tümörü,evet,9e-06,5e-06,0.999986
1582,1583,brain_tumor_figshare/1583.mat,97461,3,2,Hipofiz tümörü,2,Hipofiz tümörü,evet,1e-06,0.0,0.999999
1583,1584,brain_tumor_figshare/1584.mat,97461,3,2,Hipofiz tümörü,2,Hipofiz tümörü,evet,0.0,0.0,1.0
1584,1585,brain_tumor_figshare/1585.mat,97461,3,2,Hipofiz tümörü,2,Hipofiz tümörü,evet,0.0,0.0,0.999999
1585,1586,brain_tumor_figshare/1586.mat,97461,3,2,Hipofiz tümörü,2,Hipofiz tümörü,evet,1e-06,0.0,0.999999
1586,1587,brain_tumor_figshare/1587.mat,97461,3,2,Hipofiz tümörü,2,Hipofiz tümörü,evet,6e-06,0.0,0.999994
1587,1588,brain_tumor_figshare/1588.mat,97461,3,2,Hipofiz tümörü,2,Hipofiz tümörü,evet,0.0,0.0,0.999999
1588,1589,brain_tumor_figshare/1589.mat,97481,2,2,Hipofiz tümörü,2,Hipofiz tümörü,evet,0.0,0.0,1.0
1589,1590,brain_tumor_figshare/1590.mat,97481,2,2,Hipofiz tümörü,2,Hipofiz tümörü,evet,2e-06,1e-06,0.999997
1590,1591,brain_tumor_figshare/1591.mat,97481,2,2,Hipofiz tümörü,2,Hipofiz tümörü,evet,6e-06,2e-06,0.999992
1591,1592,brain_tumor_figshare/1592.mat,97481,2,2,Hipofiz tümörü,2,Hipofiz tümörü,evet,1e-06,1e-06,0.999999
1592,1593,brain_tumor_figshare/1593.mat,97481,2,2,Hipofiz tümörü,2,Hipofiz tümörü,evet,2e-06,0.0,0.999998
1593,1594,brain_tumor_figshare/1594.mat,97599,2,2,Hipofiz tümörü,2,Hipofiz tümörü,evet,1e-06,5e-06,0.999994
1594,1595,brain_tumor_figshare/1595.mat,97599,2,2,Hipofiz tümörü,2,Hipofiz tümörü,evet,5e-06,5e-06,0.999991
1595,1596,brain_tumor_figshare/1596.mat,97890,1,2,Hipofiz tümörü,2,Hipofiz tümörü,evet,0.0,0.0,0.999999
1596,1597,brain_tumor_figshare/1597.mat,97890,1,2,Hipofiz tümörü,2,Hipofiz tümörü,evet,0.0,0.0,1.0
1597,1598,brain_tumor_figshare/1598.mat,97890,1,2,Hipofiz tümörü,2,Hipofiz tümörü,evet,0.0,0.0,1.0
1598,1599,brain_tumor_figshare/1599.mat,97890,1,2,Hipofiz tümörü,2,Hipofiz tümörü,evet,1e-06,1e-06,0.999998
1599,1600,brain_tumor_figshare/1600.mat,98472,3,2,Hipofiz tümörü,2,Hipofiz tümörü,evet,1.4e-05,3e-06,0.999983
1600,1601,brain_tumor_figshare/1601.mat,98472,3,2,Hipofiz tümörü,2,Hipofiz tümörü,evet,4.5e-05,4e-06,0.999951
1601,1602,brain_tumor_figshare/1602.mat,98472,3,2,Hipofiz tümörü,2,Hipofiz tümörü,evet,1.9e-05,3e-06,0.999978
1602,1603,brain_tumor_figshare/1603.mat,98472,3,2,Hipofiz tümörü,2,Hipofiz tümörü,evet,1.6e-05,2e-06,0.999983
1603,1604,brain_tumor_figshare/1604.mat,98472,3,2,Hipofiz tümörü,2,Hipofiz tümörü,evet,4e-06,8e-06,0.999988
1604,1605,brain_tumor_figshare/1605.mat,98652,3,2,Hipofiz tümörü,2,Hipofiz tümörü,evet,1e-06,2e-06,0.999998
1605,1606,brain_tumor_figshare/1606.mat,98652,3,2,Hipofiz tümörü,2,Hipofiz tümörü,evet,1e-06,2e-06,0.999997
1606,1607,brain_tumor_figshare/1607.mat,98652,3,2,Hipofiz tümörü,2,Hipofiz tümörü,evet,3e-06,3e-06,0.999994
1607,1608,brain_tumor_figshare/1608.mat,98652,3,2,Hipofiz tümörü,2,Hipofiz tümörü,evet,4.3e-05,8e-06,0.999949
1608,1609,brain_tumor_figshare/1609.mat,98871,4,2,Hipofiz tümörü,2,Hipofiz tümörü,evet,0.001153,0.000118,0.998729
1609,1610,brain_tumor_figshare/1610.mat,98871,4,2,Hipofiz tümörü,2,Hipofiz tümörü,evet,0.000721,0.000162,0.999117
1610,1611,brain_tumor_figshare/1611.mat,98871,4,2,Hipofiz tümörü,2,Hipofiz tümörü,evet,0.000909,6.6e-05,0.999025
1611,1612,brain_tumor_figshare/1612.mat,98871,4,2,Hipofiz tümörü,2,Hipofiz tümörü,evet,0.001384,2.5e-05,0.998591
1612,1613,brain_tumor_figshare/1613.mat,98871,4,2,Hipofiz tümörü,2,Hipofiz tümörü,evet,0.000468,3.9e-05,0.999492
1613,1614,brain_tumor_figshare/1614.mat,98871,4,2,Hipofiz tümörü,2,Hipofiz tümörü,evet,0.00032,7e-06,0.999673
1614,1615,brain_tumor_figshare/1615.mat,98871,4,2,Hipofiz tümörü,2,Hipofiz tümörü,evet,0.001031,2e-06,0.998967
1615,1616,brain_tumor_figshare/1616.mat,98874,1,2,Hipofiz tümörü,2,Hipofiz tümörü,evet,0.006392,0.001852,0.991756
1616,1617,brain_tumor_figshare/1617.mat,98874,1,2,Hipofiz tümörü,2,Hipofiz tümörü,evet,0.000246,3.2e-05,0.999722
1617,1618,brain_tumor_figshare/1618.mat,98874,1,2,Hipofiz tümörü,2,Hipofiz tümörü,evet,7e-06,3e-06,0.99999
1618,1619,brain_tumor_figshare/1619.mat,98874,1,2,Hipofiz tümörü,2,Hipofiz tümörü,evet,4.7e-05,7.1e-05,0.999882
1619,1620,brain_tumor_figshare/1620.mat,98874,1,2,Hipofiz tümörü,2,Hipofiz tümörü,evet,7e-06,2e-06,0.999991
1620,1621,brain_tumor_figshare/1621.mat,98992,5,2,Hipofiz tümörü,2,Hipofiz tümörü,evet,0.001037,2.5e-05,0.998937
1621,1622,brain_tumor_figshare/1622.mat,98992,5,2,Hipofiz tümörü,2,Hipofiz tümörü,evet,4.1e-05,5e-06,0.999954
1622,1623,brain_tumor_figshare/1623.mat,98992,5,2,Hipofiz tümörü,2,Hipofiz tümörü,evet,4.3e-05,7e-06,0.99995
1623,1624,brain_tumor_figshare/1624.mat,98992,5,2,Hipofiz tümörü,2,Hipofiz tümörü,evet,5.9e-05,1.4e-05,0.999927
1624,1625,brain_tumor_figshare/1625.mat,98992,5,2,Hipofiz tümörü,2,Hipofiz tümörü,evet,0.000165,3.4e-05,0.999802
1625,1626,brain_tumor_figshare/1626.mat,98992,5,2,Hipofiz tümörü,2,Hipofiz tümörü,evet,2.7e-05,5e-06,0.999968
1626,1627,brain_tumor_figshare/1627.mat,98992,5,2,Hipofiz tümörü,2,Hipofiz tümörü,evet,1.6e-05,5e-06,0.99998
1627,1628,brain_tumor_figshare/1628.mat,98995,4,2,Hipofiz tümörü,2,Hipofiz tümörü,evet,0.000228,5e-05,0.999721
1628,1629,brain_tumor_figshare/1629.mat,98995,4,2,Hipofiz tümörü,2,Hipofiz tümörü,evet,0.000304,2.1e-05,0.999675
1629,1630,brain_tumor_figshare/1630.mat,98995,4,2,Hipofiz tümörü,2,Hipofiz tümörü,evet,0.000378,2.5e-05,0.999597
1630,1631,brain_tumor_figshare/1631.mat,98995,4,2,Hipofiz tümörü,2,Hipofiz tümörü,evet,0.000647,1e-05,0.999344
1631,1632,brain_tumor_figshare/1632.mat,98995,4,2,Hipofiz tümörü,2,Hipofiz tümörü,evet,0.000395,1.4e-05,0.999591
1632,1633,brain_tumor_figshare/1633.mat,98995,4,2,Hipofiz tümörü,2,Hipofiz tümörü,evet,0.000207,7e-06,0.999786
1633,1634,brain_tumor_figshare/1634.mat,99223,1,2,Hipofiz tümörü,2,Hipofiz tümörü,evet,2.3e-05,9e-06,0.999968
1634,1635,brain_tumor_figshare/1635.mat,99223,1,2,Hipofiz tümörü,2,Hipofiz tümörü,evet,2e-06,2e-06,0.999996
1635,1636,brain_tumor_figshare/1636.mat,99223,1,2,Hipofiz tümörü,2,Hipofiz tümörü,evet,3e-06,0.0,0.999997
1636,1637,brain_tumor_figshare/1637.mat,99223,1,2,Hipofiz tümörü,2,Hipofiz tümörü,evet,1e-06,0.0,0.999998
1637,1638,brain_tumor_figshare/1638.mat,99223,1,2,Hipofiz tümörü,2,Hipofiz tümörü,evet,0.0,0.0,1.0
1638,1639,brain_tumor_figshare/1639.mat,99223,1,2,Hipofiz tümörü,2,Hipofiz tümörü,evet,1e-06,0.0,0.999999
1639,1640,brain_tumor_figshare/1640.mat,101017,2,2,Hipofiz tümörü,2,Hipofiz tümörü,evet,1e-06,0.0,0.999999
1640,1641,brain_tumor_figshare/1641.mat,101017,2,2,Hipofiz tümörü,2,Hipofiz tümörü,evet,6.5e-05,0.0,0.999935
1641,1642,brain_tumor_figshare/1642.mat,101017,2,2,Hipofiz tümörü,2,Hipofiz tümörü,evet,2.2e-05,0.0,0.999977
1642,1643,brain_tumor_figshare/1643.mat,101017,2,2,Hipofiz tümörü,2,Hipofiz tümörü,evet,8.6e-05,2e-06,0.999912
1643,1644,brain_tumor_figshare/1644.mat,101029,1,2,Hipofiz tümörü,2,Hipofiz tümörü,evet,0.0,0.0,1.0
1644,1645,brain_tumor_figshare/1645.mat,101029,1,2,Hipofiz tümörü,2,Hipofiz tümörü,evet,0.0,0.0,1.0
1645,1646,brain_tumor_figshare/1646.mat,101029,1,2,Hipofiz tümörü,2,Hipofiz tümörü,evet,0.0,0.0,1.0
1646,1647,brain_tumor_figshare/1647.mat,101029,1,2,Hipofiz tümörü,2,Hipofiz tümörü,evet,0.0,0.0,1.0
1647,1648,brain_tumor_figshare/1648.mat,101029,1,2,Hipofiz tümörü,2,Hipofiz tümörü,evet,0.0,0.0,0.999999
1648,1649,brain_tumor_figshare/1649.mat,101029,1,2,Hipofiz tümörü,2,Hipofiz tümörü,evet,0.0,0.0,0.999999
1649,1650,brain_tumor_figshare/1650.mat,101029,1,2,Hipofiz tümörü,2,Hipofiz tümörü,evet,0.0,0.0,1.0
1650,1651,brain_tumor_figshare/1651.mat,101145,2,2,Hipofiz tümörü,2,Hipofiz tümörü,evet,0.001381,7.1e-05,0.998549
1651,1652,brain_tumor_figshare/1652.mat,101145,2,2,Hipofiz tümörü,2,Hipofiz tümörü,evet,8.1e-05,3e-06,0.999917
1652,1653,brain_tumor_figshare/1653.mat,101145,2,2,Hipofiz tümörü,2,Hipofiz tümörü,evet,2.1e-05,1.4e-05,0.999965
1653,1654,brain_tumor_figshare/1654.mat,101145,2,2,Hipofiz tümörü,2,Hipofiz tümörü,evet,3.7e-05,2e-06,0.999961
1654,1655,brain_tumor_figshare/1655.mat,101305,3,2,Hipofiz tümörü,2,Hipofiz tümörü,evet,2e-06,3e-06,0.999995
1655,1656,brain_tumor_figshare/1656.mat,101305,3,2,Hipofiz tümörü,2,Hipofiz tümörü,evet,1e-06,1e-06,0.999998
1656,1657,brain_tumor_figshare/1657.mat,101305,3,2,Hipofiz tümörü,2,Hipofiz tümörü,evet,4e-06,1.1e-05,0.999986
1657,1658,brain_tumor_figshare/1658.mat,101305,3,2,Hipofiz tümörü,2,Hipofiz tümörü,evet,2e-06,3e-06,0.999995
1658,1659,brain_tumor_figshare/1659.mat,101724,2,2,Hipofiz tümörü,2,Hipofiz tümörü,evet,1.8e-05,3e-05,0.999952
1659,1660,brain_tumor_figshare/1660.mat,101724,2,2,Hipofiz tümörü,2,Hipofiz tümörü,evet,0.000234,6e-06,0.99976
1660,1661,brain_tumor_figshare/1661.mat,101724,2,2,Hipofiz tümörü,2,Hipofiz tümörü,evet,0.00024,4e-05,0.999721
1661,1662,brain_tumor_figshare/1662.mat,101724,2,2,Hipofiz tümörü,2,Hipofiz tümörü,evet,0.00046,8e-06,0.999532
1662,1663,brain_tumor_figshare/1663.mat,101724,2,2,Hipofiz tümörü,2,Hipofiz tümörü,evet,3.5e-05,5e-06,0.99996
1663,1664,brain_tumor_figshare/1664.mat,101724,2,2,Hipofiz tümörü,2,Hipofiz tümörü,evet,6.7e-05,8e-06,0.999925
1664,1665,brain_tumor_figshare/1665.mat,102648,2,2,Hipofiz tümörü,1,Gliom,hayır,0.000545,0.5902,0.409255
1665,1666,brain_tumor_figshare/1666.mat,102648,2,2,Hipofiz tümörü,1,Gliom,hayır,0.000465,0.818896,0.180639
1666,1667,brain_tumor_figshare/1667.mat,102648,2,2,Hipofiz tümörü,1,Gliom,hayır,0.001248,0.842807,0.155945
1667,1668,brain_tumor_figshare/1668.mat,102648,2,2,Hipofiz tümörü,2,Hipofiz tümörü,evet,0.001492,0.135134,0.863373
1668,1669,brain_tumor_figshare/1669.mat,102648,2,2,Hipofiz tümörü,1,Gliom,hayır,0.009469,0.871469,0.119062
1669,1670,brain_tumor_figshare/1670.mat,102648,2,2,Hipofiz tümörü,2,Hipofiz tümörü,evet,0.002658,0.019199,0.978143
1670,1671,brain_tumor_figshare/1671.mat,102648,2,2,Hipofiz tümörü,2,Hipofiz tümörü,evet,0.001587,0.068216,0.930197
1671,1672,brain_tumor_figshare/1672.mat,102669,5,2,Hipofiz tümörü,2,Hipofiz tümörü,evet,9e-06,2e-06,0.999989
1672,1673,brain_tumor_figshare/1673.mat,103046,2,2,Hipofiz tümörü,2,Hipofiz tümörü,evet,1e-06,0.0,0.999999
1673,1674,brain_tumor_figshare/1674.mat,103046,2,2,Hipofiz tümörü,2,Hipofiz tümörü,evet,3e-06,0.0,0.999997
1674,1675,brain_tumor_figshare/1675.mat,103046,2,2,Hipofiz tümörü,2,Hipofiz tümörü,evet,9e-06,0.0,0.99999
1675,1676,brain_tumor_figshare/1676.mat,103046,2,2,Hipofiz tümörü,2,Hipofiz tümörü,evet,8e-06,0.0,0.999992
1676,1677,brain_tumor_figshare/1677.mat,103257,4,2,Hipofiz tümörü,2,Hipofiz tümörü,evet,0.000557,0.000249,0.999194
1677,1678,brain_tumor_figshare/1678.mat,103257,4,2,Hipofiz tümörü,2,Hipofiz tümörü,evet,0.001062,0.000222,0.998716
1678,1679,brain_tumor_figshare/1679.mat,103257,4,2,Hipofiz tümörü,2,Hipofiz tümörü,evet,0.000593,0.000148,0.999259
1679,1680,brain_tumor_figshare/1680.mat,103257,4,2,Hipofiz tümörü,2,Hipofiz tümörü,evet,0.000584,0.00044,0.998976
1680,1681,brain_tumor_figshare/1681.mat,103257,4,2,Hipofiz tümörü,2,Hipofiz tümörü,evet,9.6e-05,0.000102,0.999802
1681,1682,brain_tumor_figshare/1682.mat,103257,4,2,Hipofiz tümörü,2,Hipofiz tümörü,evet,0.000192,3.4e-05,0.999774
1682,1683,brain_tumor_figshare/1683.mat,103257,4,2,Hipofiz tümörü,2,Hipofiz tümörü,evet,0.003881,0.000364,0.995756
1683,1684,brain_tumor_figshare/1684.mat,103478,5,2,Hipofiz tümörü,2,Hipofiz tümörü,evet,7e-06,9e-06,0.999985
1684,1685,brain_tumor_figshare/1685.mat,103478,5,2,Hipofiz tümörü,2,Hipofiz tümörü,evet,1e-06,1e-06,0.999998
1685,1686,brain_tumor_figshare/1686.mat,103478,5,2,Hipofiz tümörü,2,Hipofiz tümörü,evet,5e-06,7e-06,0.999988
1686,1687,brain_tumor_figshare/1687.mat,103478,5,2,Hipofiz tümörü,2,Hipofiz tümörü,evet,5.9e-05,0.004953,0.994988
1687,1688,brain_tumor_figshare/1688.mat,103478,5,2,Hipofiz tümörü,2,Hipofiz tümörü,evet,0.000108,0.000253,0.999639
1688,1689,brain_tumor_figshare/1689.mat,103478,5,2,Hipofiz tümörü,2,Hipofiz tümörü,evet,1.1e-05,0.00012,0.999869
1689,1690,brain_tumor_figshare/1690.mat,103478,5,2,Hipofiz tümörü,2,Hipofiz tümörü,evet,1.8e-05,4e-05,0.999942
1690,1691,brain_tumor_figshare/1691.mat,103478,5,2,Hipofiz tümörü,2,Hipofiz tümörü,evet,0.0,1.1e-05,0.999989
1691,1692,brain_tumor_figshare/1692.mat,103582,3,2,Hipofiz tümörü,2,Hipofiz tümörü,evet,0.0,0.0,1.0
1692,1693,brain_tumor_figshare/1693.mat,103582,3,2,Hipofiz tümörü,2,Hipofiz tümörü,evet,0.0,0.0,0.999999
1693,1694,brain_tumor_figshare/1694.mat,103582,3,2,Hipofiz tümörü,2,Hipofiz tümörü,evet,0.0,0.0,1.0
1694,1695,brain_tumor_figshare/1695.mat,103582,3,2,Hipofiz tümörü,2,Hipofiz tümörü,evet,2e-06,3e-06,0.999995
1695,1696,brain_tumor_figshare/1696.mat,103582,3,2,Hipofiz tümörü,2,Hipofiz tümörü,evet,0.0,1e-06,0.999999
1696,1697,brain_tumor_figshare/1697.mat,103582,3,2,Hipofiz tümörü,2,Hipofiz tümörü,evet,0.0,0.0,1.0
1697,1698,brain_tumor_figshare/1698.mat,103582,3,2,Hipofiz tümörü,2,Hipofiz tümörü,evet,0.0,1e-06,0.999998
1698,1699,brain_tumor_figshare/1699.mat,103582,3,2,Hipofiz tümörü,2,Hipofiz tümörü,evet,0.001043,8e-06,0.998948
1699,1700,brain_tumor_figshare/1700.mat,103670,5,2,Hipofiz tümörü,2,Hipofiz tümörü,evet,0.0,0.0,0.999999
1700,1701,brain_tumor_figshare/1701.mat,103670,5,2,Hipofiz tümörü,2,Hipofiz tümörü,evet,0.0,1e-06,0.999998
1701,1702,brain_tumor_figshare/1702.mat,103670,5,2,Hipofiz tümörü,2,Hipofiz tümörü,evet,0.0,0.0,1.0
1702,1703,brain_tumor_figshare/1703.mat,103670,5,2,Hipofiz tümörü,2,Hipofiz tümörü,evet,0.0,0.0,1.0
1703,1704,brain_tumor_figshare/1704.mat,103671,1,2,Hipofiz tümörü,2,Hipofiz tümörü,evet,0.0,0.0,1.0
1704,1705,brain_tumor_figshare/1705.mat,103671,1,2,Hipofiz tümörü,2,Hipofiz tümörü,evet,2e-06,1e-06,0.999997
1705,1706,brain_tumor_figshare/1706.mat,103671,1,2,Hipofiz tümörü,2,Hipofiz tümörü,evet,3.2e-05,3e-06,0.999965
1706,1707,brain_tumor_figshare/1707.mat,103671,1,2,Hipofiz tümörü,2,Hipofiz tümörü,evet,1e-06,1e-06,0.999998
1707,1708,brain_tumor_figshare/1708.mat,103671,1,2,Hipofiz tümörü,2,Hipofiz tümörü,evet,3.8e-05,7e-06,0.999955
1708,1709,brain_tumor_figshare/1709.mat,103731,4,2,Hipofiz tümörü,2,Hipofiz tümörü,evet,0.000147,0.000128,0.999725
1709,1710,brain_tumor_figshare/1710.mat,103731,4,2,Hipofiz tümörü,2,Hipofiz tümörü,evet,0.000217,7e-05,0.999713
1710,1711,brain_tumor_figshare/1711.mat,103731,4,2,Hipofiz tümörü,2,Hipofiz tümörü,evet,0.000338,4e-05,0.999621
1711,1712,brain_tumor_figshare/1712.mat,103731,4,2,Hipofiz tümörü,2,Hipofiz tümörü,evet,0.001763,0.000452,0.997786
1712,1713,brain_tumor_figshare/1713.mat,103731,4,2,Hipofiz tümörü,2,Hipofiz tümörü,evet,0.000424,0.003211,0.996365
1713,1714,brain_tumor_figshare/1714.mat,103837,2,2,Hipofiz tümörü,2,Hipofiz tümörü,evet,2e-05,4e-06,0.999976
1714,1715,brain_tumor_figshare/1715.mat,103837,2,2,Hipofiz tümörü,2,Hipofiz tümörü,evet,4.5e-05,2e-06,0.999953
1715,1716,brain_tumor_figshare/1716.mat,103837,2,2,Hipofiz tümörü,2,Hipofiz tümörü,evet,0.000498,8e-06,0.999494
1716,1717,brain_tumor_figshare/1717.mat,103837,2,2,Hipofiz tümörü,2,Hipofiz tümörü,evet,0.000396,2e-06,0.999602
1717,1718,brain_tumor_figshare/1718.mat,103837,2,2,Hipofiz tümörü,2,Hipofiz tümörü,evet,0.001833,2.2e-05,0.998145
1718,1719,brain_tumor_figshare/1719.mat,103837,2,2,Hipofiz tümörü,2,Hipofiz tümörü,evet,0.001199,2e-06,0.998799
1719,1720,brain_tumor_figshare/1720.mat,103837,2,2,Hipofiz tümörü,2,Hipofiz tümörü,evet,8e-06,1e-06,0.99999
1720,1721,brain_tumor_figshare/1721.mat,104019,4,2,Hipofiz tümörü,2,Hipofiz tümörü,evet,7.1e-05,7.6e-05,0.999853
1721,1722,brain_tumor_figshare/1722.mat,104019,4,2,Hipofiz tümörü,2,Hipofiz tümörü,evet,0.00018,8.2e-05,0.999738
1722,1723,brain_tumor_figshare/1723.mat,104019,4,2,Hipofiz tümörü,2,Hipofiz tümörü,evet,7.1e-05,5.8e-05,0.999871
1723,1724,brain_tumor_figshare/1724.mat,104019,4,2,Hipofiz tümörü,2,Hipofiz tümörü,evet,9.2e-05,3.7e-05,0.999871
1724,1725,brain_tumor_figshare/1725.mat,104558,2,2,Hipofiz tümörü,2,Hipofiz tümörü,evet,0.003641,0.004603,0.991756
1725,1726,brain_tumor_figshare/1726.mat,104558,2,2,Hipofiz tümörü,2,Hipofiz tümörü,evet,0.136292,0.018386,0.845322
1726,1727,brain_tumor_figshare/1727.mat,104558,2,2,Hipofiz tümörü,2,Hipofiz tümörü,evet,0.143542,0.009437,0.847021
1727,1728,brain_tumor_figshare/1728.mat,104558,2,2,Hipofiz tümörü,2,Hipofiz tümörü,evet,0.007086,0.000108,0.992806
1728,1729,brain_tumor_figshare/1729.mat,104558,2,2,Hipofiz tümörü,2,Hipofiz tümörü,evet,0.003842,6e-06,0.996153
1729,1730,brain_tumor_figshare/1730.mat,104558,2,2,Hipofiz tümörü,2,Hipofiz tümörü,evet,0.005467,6.7e-05,0.994466
1730,1731,brain_tumor_figshare/1731.mat,104558,2,2,Hipofiz tümörü,2,Hipofiz tümörü,evet,0.021185,0.000408,0.978407
1731,1732,brain_tumor_figshare/1732.mat,104558,2,2,Hipofiz tümörü,2,Hipofiz tümörü,evet,0.020927,0.273479,0.705594
1732,1733,brain_tumor_figshare/1733.mat,104558,2,2,Hipofiz tümörü,1,Gliom,hayır,0.002515,0.908625,0.08886
1733,1734,brain_tumor_figshare/1734.mat,104684,3,2,Hipofiz tümörü,2,Hipofiz tümörü,evet,0.0,2e-06,0.999997
1734,1735,brain_tumor_figshare/1735.mat,104684,3,2,Hipofiz tümörü,2,Hipofiz tümörü,evet,2e-06,6e-06,0.999992
1735,1736,brain_tumor_figshare/1736.mat,104684,3,2,Hipofiz tümörü,2,Hipofiz tümörü,evet,9.9e-05,0.000114,0.999787
1736,1737,brain_tumor_figshare/1737.mat,104684,3,2,Hipofiz tümörü,2,Hipofiz tümörü,evet,2e-06,1e-06,0.999997
1737,1738,brain_tumor_figshare/1738.mat,104684,3,2,Hipofiz tümörü,2,Hipofiz tümörü,evet,1e-06,9e-06,0.99999
1738,1739,brain_tumor_figshare/1739.mat,104684,3,2,Hipofiz tümörü,2,Hipofiz tümörü,evet,0.0,2e-06,0.999998
1739,1740,brain_tumor_figshare/1740.mat,104684,3,2,Hipofiz tümörü,2,Hipofiz tümörü,evet,1e-06,3.2e-05,0.999967
1740,1741,brain_tumor_figshare/1741.mat,104912,5,2,Hipofiz tümörü,2,Hipofiz tümörü,evet,1e-06,3.7e-05,0.999962
1741,1742,brain_tumor_figshare/1742.mat,104912,5,2,Hipofiz tümörü,2,Hipofiz tümörü,evet,2e-06,3.6e-05,0.999962
1742,1743,brain_tumor_figshare/1743.mat,104912,5,2,Hipofiz tümörü,2,Hipofiz tümörü,evet,3e-06,4.6e-05,0.999951
1743,1744,brain_tumor_figshare/1744.mat,104912,5,2,Hipofiz tümörü,2,Hipofiz tümörü,evet,2e-06,2.1e-05,0.999977
1744,1745,brain_tumor_figshare/1745.mat,104912,5,2,Hipofiz tümörü,2,Hipofiz tümörü,evet,3e-06,6.1e-05,0.999936
1745,1746,brain_tumor_figshare/1746.mat,104912,5,2,Hipofiz tümörü,2,Hipofiz tümörü,evet,1.5e-05,0.00014,0.999844
1746,1747,brain_tumor_figshare/1747.mat,104912,5,2,Hipofiz tümörü,2,Hipofiz tümörü,evet,2e-06,4.6e-05,0.999952
1747,1748,brain_tumor_figshare/1748.mat,105187,1,2,Hipofiz tümörü,2,Hipofiz tümörü,evet,2.1e-05,2.8e-05,0.999951
1748,1749,brain_tumor_figshare/1749.mat,105187,1,2,Hipofiz tümörü,2,Hipofiz tümörü,evet,6e-06,4e-06,0.99999
1749,1750,brain_tumor_figshare/1750.mat,105187,1,2,Hipofiz tümörü,2,Hipofiz tümörü,evet,1.9e-05,2e-06,0.999979
1750,1751,brain_tumor_figshare/1751.mat,105187,1,2,Hipofiz tümörü,2,Hipofiz tümörü,evet,1e-06,1e-06,0.999998
1751,1752,brain_tumor_figshare/1752.mat,105187,1,2,Hipofiz tümörü,2,Hipofiz tümörü,evet,3e-06,3e-06,0.999994
1752,1753,brain_tumor_figshare/1753.mat,105187,1,2,Hipofiz tümörü,2,Hipofiz tümörü,evet,6e-06,1.7e-05,0.999977
1753,1754,brain_tumor_figshare/1754.mat,105475,1,2,Hipofiz tümörü,2,Hipofiz tümörü,evet,0.0,0.0,1.0
1754,1755,brain_tumor_figshare/1755.mat,105475,1,2,Hipofiz tümörü,2,Hipofiz tümörü,evet,3.1e-05,3.3e-05,0.999935
1755,1756,brain_tumor_figshare/1756.mat,105475,1,2,Hipofiz tümörü,2,Hipofiz tümörü,evet,7e-06,5e-06,0.999988
1756,1757,brain_tumor_figshare/1757.mat,105475,1,2,Hipofiz tümörü,2,Hipofiz tümörü,evet,7e-06,8e-06,0.999985
1757,1758,brain_tumor_figshare/1758.mat,105475,1,2,Hipofiz tümörü,2,Hipofiz tümörü,evet,0.0,0.0,1.0
1758,1759,brain_tumor_figshare/1759.mat,105538,4,2,Hipofiz tümörü,0,Meningiom,hayır,0.929086,0.002061,0.068853
1759,1760,brain_tumor_figshare/1760.mat,105538,4,2,Hipofiz tümörü,0,Meningiom,hayır,0.993249,8.5e-05,0.006666
1760,1761,brain_tumor_figshare/1761.mat,105638,4,2,Hipofiz tümörü,2,Hipofiz tümörü,evet,0.000138,0.000544,0.999317
1761,1762,brain_tumor_figshare/1762.mat,105638,4,2,Hipofiz tümörü,2,Hipofiz tümörü,evet,6.4e-05,9.8e-05,0.999838
1762,1763,brain_tumor_figshare/1763.mat,105638,4,2,Hipofiz tümörü,2,Hipofiz tümörü,evet,5.3e-05,2.9e-05,0.999918
1763,1764,brain_tumor_figshare/1764.mat,105638,4,2,Hipofiz tümörü,2,Hipofiz tümörü,evet,0.000352,0.000473,0.999175
1764,1765,brain_tumor_figshare/1765.mat,105638,4,2,Hipofiz tümörü,2,Hipofiz tümörü,evet,0.000599,0.001001,0.998401
1765,1766,brain_tumor_figshare/1766.mat,97416,4,2,Hipofiz tümörü,2,Hipofiz tümörü,evet,0.000648,0.000117,0.999234
1766,1767,brain_tumor_figshare/1767.mat,97416,4,2,Hipofiz tümörü,2,Hipofiz tümörü,evet,0.000298,9.7e-05,0.999604
1767,1768,brain_tumor_figshare/1768.mat,97416,4,2,Hipofiz tümörü,2,Hipofiz tümörü,evet,7.5e-05,4e-06,0.999921
1768,1769,brain_tumor_figshare/1769.mat,97416,4,2,Hipofiz tümörü,2,Hipofiz tümörü,evet,8.9e-05,2e-06,0.999909
1769,1770,brain_tumor_figshare/1770.mat,97416,4,2,Hipofiz tümörü,2,Hipofiz tümörü,evet,0.000955,0.000205,0.99884
1770,1771,brain_tumor_figshare/1771.mat,97416,4,2,Hipofiz tümörü,2,Hipofiz tümörü,evet,0.001232,0.001675,0.997093
1771,1772,brain_tumor_figshare/1772.mat,97416,4,2,Hipofiz tümörü,2,Hipofiz tümörü,evet,0.005962,0.007718,0.986321
1772,1773,brain_tumor_figshare/1773.mat,97461,3,2,Hipofiz tümörü,2,Hipofiz tümörü,evet,3e-06,0.0,0.999997
1773,1774,brain_tumor_figshare/1774.mat,97461,3,2,Hipofiz tümörü,2,Hipofiz tümörü,evet,9e-06,2e-06,0.999989
1774,1775,brain_tumor_figshare/1775.mat,97461,3,2,Hipofiz tümörü,2,Hipofiz tümörü,evet,9.7e-05,9.3e-05,0.99981
1775,1776,brain_tumor_figshare/1776.mat,97461,3,2,Hipofiz tümörü,2,Hipofiz tümörü,evet,1.1e-05,1.4e-05,0.999975
1776,1777,brain_tumor_figshare/1777.mat,97461,3,2,Hipofiz tümörü,2,Hipofiz tümörü,evet,1e-06,4e-06,0.999995
1777,1778,brain_tumor_figshare/1778.mat,97461,3,2,Hipofiz tümörü,2,Hipofiz tümörü,evet,1e-06,3e-06,0.999995
1778,1779,brain_tumor_figshare/1779.mat,97461,3,2,Hipofiz tümörü,2,Hipofiz tümörü,evet,3e-06,0.0,0.999996
1779,1780,brain_tumor_figshare/1780.mat,97461,3,2,Hipofiz tümörü,2,Hipofiz tümörü,evet,2e-06,0.0,0.999998
1780,1781,brain_tumor_figshare/1781.mat,97481,2,2,Hipofiz tümörü,2,Hipofiz tümörü,evet,6.5e-05,1.1e-05,0.999924
1781,1782,brain_tumor_figshare/1782.mat,97481,2,2,Hipofiz tümörü,2,Hipofiz tümörü,evet,9e-06,1e-06,0.99999
1782,1783,brain_tumor_figshare/1783.mat,97481,2,2,Hipofiz tümörü,2,Hipofiz tümörü,evet,4e-06,0.0,0.999995
1783,1784,brain_tumor_figshare/1784.mat,97481,2,2,Hipofiz tümörü,2,Hipofiz tümörü,evet,1.8e-05,1e-06,0.999981
1784,1785,brain_tumor_figshare/1785.mat,97481,2,2,Hipofiz tümörü,2,Hipofiz tümörü,evet,4e-06,3.4e-05,0.999962
1785,1786,brain_tumor_figshare/1786.mat,97599,2,2,Hipofiz tümörü,2,Hipofiz tümörü,evet,0.003899,1.1e-05,0.99609
1786,1787,brain_tumor_figshare/1787.mat,97599,2,2,Hipofiz tümörü,2,Hipofiz tümörü,evet,0.000572,9e-06,0.999418
1787,1788,brain_tumor_figshare/1788.mat,97599,2,2,Hipofiz tümörü,2,Hipofiz tümörü,evet,6.5e-05,2e-06,0.999933
1788,1789,brain_tumor_figshare/1789.mat,97890,1,2,Hipofiz tümörü,2,Hipofiz tümörü,evet,2e-06,1e-06,0.999997
1789,1790,brain_tumor_figshare/1790.mat,97890,1,2,Hipofiz tümörü,2,Hipofiz tümörü,evet,2e-06,0.0,0.999998
1790,1791,brain_tumor_figshare/1791.mat,97890,1,2,Hipofiz tümörü,2,Hipofiz tümörü,evet,1e-06,0.0,0.999999
1791,1792,brain_tumor_figshare/1792.mat,97890,1,2,Hipofiz tümörü,2,Hipofiz tümörü,evet,2e-06,3e-06,0.999996
1792,1793,brain_tumor_figshare/1793.mat,97890,1,2,Hipofiz tümörü,2,Hipofiz tümörü,evet,1e-06,0.0,0.999998
1793,1794,brain_tumor_figshare/1794.mat,97890,1,2,Hipofiz tümörü,2,Hipofiz tümörü,evet,3e-06,1e-06,0.999997
1794,1795,brain_tumor_figshare/1795.mat,98472,3,2,Hipofiz tümörü,2,Hipofiz tümörü,evet,2.6e-05,3.9e-05,0.999934
1795,1796,brain_tumor_figshare/1796.mat,98472,3,2,Hipofiz tümörü,2,Hipofiz tümörü,evet,6.3e-05,1.4e-05,0.999922
1796,1797,brain_tumor_figshare/1797.mat,98472,3,2,Hipofiz tümörü,2,Hipofiz tümörü,evet,0.000365,3.4e-05,0.9996
1797,1798,brain_tumor_figshare/1798.mat,98472,3,2,Hipofiz tümörü,2,Hipofiz tümörü,evet,1e-05,1e-06,0.999988
1798,1799,brain_tumor_figshare/1799.mat,98472,3,2,Hipofiz tümörü,2,Hipofiz tümörü,evet,2e-06,0.0,0.999998
1799,1800,brain_tumor_figshare/1800.mat,98472,3,2,Hipofiz tümörü,2,Hipofiz tümörü,evet,1e-06,1e-06,0.999998
1800,1801,brain_tumor_figshare/1801.mat,98652,3,2,Hipofiz tümörü,2,Hipofiz tümörü,evet,4e-06,7e-06,0.999989
1801,1802,brain_tumor_figshare/1802.mat,98652,3,2,Hipofiz tümörü,2,Hipofiz tümörü,evet,4e-06,6e-06,0.99999
1802,1803,brain_tumor_figshare/1803.mat,98652,3,2,Hipofiz tümörü,2,Hipofiz tümörü,evet,3.5e-05,3.2e-05,0.999933
1803,1804,brain_tumor_figshare/1804.mat,98652,3,2,Hipofiz tümörü,2,Hipofiz tümörü,evet,4.5e-05,1.6e-05,0.999939
1804,1805,brain_tumor_figshare/1805.mat,98652,3,2,Hipofiz tümörü,2,Hipofiz tümörü,evet,0.005555,0.002042,0.992403
1805,1806,brain_tumor_figshare/1806.mat,98871,4,2,Hipofiz tümörü,2,Hipofiz tümörü,evet,0.00343,0.001187,0.995383
1806,1807,brain_tumor_figshare/1807.mat,98871,4,2,Hipofiz tümörü,2,Hipofiz tümörü,evet,0.001128,0.000351,0.99852
1807,1808,brain_tumor_figshare/1808.mat,98871,4,2,Hipofiz tümörü,2,Hipofiz tümörü,evet,0.000246,0.000715,0.999039
1808,1809,brain_tumor_figshare/1809.mat,98871,4,2,Hipofiz tümörü,2,Hipofiz tümörü,evet,0.002794,0.004711,0.992494
1809,1810,brain_tumor_figshare/1810.mat,98871,4,2,Hipofiz tümörü,2,Hipofiz tümörü,evet,0.005148,0.031328,0.963523
1810,1811,brain_tumor_figshare/1811.mat,98871,4,2,Hipofiz tümörü,2,Hipofiz tümörü,evet,0.000772,0.003294,0.995934
1811,1812,brain_tumor_figshare/1812.mat,98871,4,2,Hipofiz tümörü,2,Hipofiz tümörü,evet,0.001513,0.001514,0.996972
1812,1813,brain_tumor_figshare/1813.mat,98874,1,2,Hipofiz tümörü,2,Hipofiz tümörü,evet,2.4e-05,1e-06,0.999976
1813,1814,brain_tumor_figshare/1814.mat,98874,1,2,Hipofiz tümörü,2,Hipofiz tümörü,evet,3e-06,0.0,0.999997
1814,1815,brain_tumor_figshare/1815.mat,98874,1,2,Hipofiz tümörü,2,Hipofiz tümörü,evet,0.000284,4e-06,0.999712
1815,1816,brain_tumor_figshare/1816.mat,98874,1,2,Hipofiz tümörü,2,Hipofiz tümörü,evet,0.092411,0.001384,0.906205
1816,1817,brain_tumor_figshare/1817.mat,98874,1,2,Hipofiz tümörü,2,Hipofiz tümörü,evet,6.8e-05,1e-06,0.999931
1817,1818,brain_tumor_figshare/1818.mat,98874,1,2,Hipofiz tümörü,2,Hipofiz tümörü,evet,4.1e-05,2e-06,0.999957
1818,1819,brain_tumor_figshare/1819.mat,98992,5,2,Hipofiz tümörü,2,Hipofiz tümörü,evet,0.010148,8e-06,0.989843
1819,1820,brain_tumor_figshare/1820.mat,98992,5,2,Hipofiz tümörü,2,Hipofiz tümörü,evet,0.000783,1e-06,0.999216
1820,1821,brain_tumor_figshare/1821.mat,98992,5,2,Hipofiz tümörü,2,Hipofiz tümörü,evet,0.069532,0.001179,0.929288
1821,1822,brain_tumor_figshare/1822.mat,98992,5,2,Hipofiz tümörü,2,Hipofiz tümörü,evet,3.7e-05,2e-06,0.99996
1822,1823,brain_tumor_figshare/1823.mat,98992,5,2,Hipofiz tümörü,2,Hipofiz tümörü,evet,2.7e-05,4e-06,0.999968
1823,1824,brain_tumor_figshare/1824.mat,98992,5,2,Hipofiz tümörü,2,Hipofiz tümörü,evet,0.000542,3.3e-05,0.999425
1824,1825,brain_tumor_figshare/1825.mat,98992,5,2,Hipofiz tümörü,2,Hipofiz tümörü,evet,1.5e-05,1e-06,0.999984
1825,1826,brain_tumor_figshare/1826.mat,98992,5,2,Hipofiz tümörü,2,Hipofiz tümörü,evet,5.8e-05,1e-05,0.999932
1826,1827,brain_tumor_figshare/1827.mat,98992,5,2,Hipofiz tümörü,2,Hipofiz tümörü,evet,1.1e-05,2e-06,0.999987
1827,1828,brain_tumor_figshare/1828.mat,98992,5,2,Hipofiz tümörü,2,Hipofiz tümörü,evet,7e-06,1e-06,0.999991
1828,1829,brain_tumor_figshare/1829.mat,98992,5,2,Hipofiz tümörü,2,Hipofiz tümörü,evet,8.8e-05,7e-06,0.999905
1829,1830,brain_tumor_figshare/1830.mat,98995,4,2,Hipofiz tümörü,2,Hipofiz tümörü,evet,0.001723,0.001346,0.996932
1830,1831,brain_tumor_figshare/1831.mat,98995,4,2,Hipofiz tümörü,2,Hipofiz tümörü,evet,0.00929,0.000307,0.990403
1831,1832,brain_tumor_figshare/1832.mat,98995,4,2,Hipofiz tümörü,2,Hipofiz tümörü,evet,0.002687,4.9e-05,0.997264
1832,1833,brain_tumor_figshare/1833.mat,98995,4,2,Hipofiz tümörü,2,Hipofiz tümörü,evet,0.069066,0.000132,0.930801
1833,1834,brain_tumor_figshare/1834.mat,98995,4,2,Hipofiz tümörü,2,Hipofiz tümörü,evet,0.004835,2.1e-05,0.995144
1834,1835,brain_tumor_figshare/1835.mat,99223,1,2,Hipofiz tümörü,2,Hipofiz tümörü,evet,2e-06,1e-06,0.999997
1835,1836,brain_tumor_figshare/1836.mat,99223,1,2,Hipofiz tümörü,2,Hipofiz tümörü,evet,0.0,0.0,1.0
1836,1837,brain_tumor_figshare/1837.mat,99223,1,2,Hipofiz tümörü,2,Hipofiz tümörü,evet,0.0,3e-06,0.999997
1837,1838,brain_tumor_figshare/1838.mat,99223,1,2,Hipofiz tümörü,2,Hipofiz tümörü,evet,0.0,0.0,1.0
1838,1839,brain_tumor_figshare/1839.mat,99223,1,2,Hipofiz tümörü,2,Hipofiz tümörü,evet,0.0,0.0,1.0
1839,1840,brain_tumor_figshare/1840.mat,99223,1,2,Hipofiz tümörü,2,Hipofiz tümörü,evet,2e-06,1e-06,0.999997
1840,1841,brain_tumor_figshare/1841.mat,MR048294,1,1,Gliom,1,Gliom,evet,5.3e-05,0.99964,0.000307
1841,1842,brain_tumor_figshare/1842.mat,MR048294,1,1,Gliom,1,Gliom,evet,4.8e-05,0.999643,0.000309
1842,1843,brain_tumor_figshare/1843.mat,MR048294,1,1,Gliom,1,Gliom,evet,5e-06,0.999978,1.8e-05
1843,1844,brain_tumor_figshare/1844.mat,MR048294,1,1,Gliom,1,Gliom,evet,1.5e-05,0.999924,6.1e-05
1844,1845,brain_tumor_figshare/1845.mat,MR048294,1,1,Gliom,1,Gliom,evet,1.8e-05,0.999911,7.2e-05
1845,1846,brain_tumor_figshare/1846.mat,MR048294,1,1,Gliom,1,Gliom,evet,1.4e-05,0.999961,2.5e-05
1846,1847,brain_tumor_figshare/1847.mat,MR048294,1,1,Gliom,1,Gliom,evet,7e-06,0.99998,1.3e-05
1847,1848,brain_tumor_figshare/1848.mat,MR048294,1,1,Gliom,1,Gliom,evet,2e-05,0.99996,2e-05
1848,1849,brain_tumor_figshare/1849.mat,MR048297,1,1,Gliom,1,Gliom,evet,1e-05,0.999969,2.1e-05
1849,1850,brain_tumor_figshare/1850.mat,MR048297,1,1,Gliom,1,Gliom,evet,1.9e-05,0.999927,5.4e-05
1850,1851,brain_tumor_figshare/1851.mat,MR048297,1,1,Gliom,1,Gliom,evet,2.4e-05,0.999952,2.4e-05
1851,1852,brain_tumor_figshare/1852.mat,MR048297,1,1,Gliom,1,Gliom,evet,1.3e-05,0.999968,1.9e-05
1852,1853,brain_tumor_figshare/1853.mat,MR048294B,5,1,Gliom,1,Gliom,evet,1.2e-05,0.9999,8.7e-05
1853,1854,brain_tumor_figshare/1854.mat,MR048621B,5,1,Gliom,1,Gliom,evet,0.004478,0.989873,0.005649
1854,1855,brain_tumor_figshare/1855.mat,MR048621B,5,1,Gliom,1,Gliom,evet,0.000388,0.998384,0.001229
1855,1856,brain_tumor_figshare/1856.mat,MR048621B,5,1,Gliom,1,Gliom,evet,3.9e-05,0.99982,0.000141
1856,1857,brain_tumor_figshare/1857.mat,MR048621B,5,1,Gliom,1,Gliom,evet,0.000135,0.999553,0.000312
1857,1858,brain_tumor_figshare/1858.mat,MR048621B,5,1,Gliom,1,Gliom,evet,8.8e-05,0.999471,0.000441
1858,1859,brain_tumor_figshare/1859.mat,MR048621B,5,1,Gliom,1,Gliom,evet,5.9e-05,0.999502,0.000439
1859,1860,brain_tumor_figshare/1860.mat,MR048621B,5,1,Gliom,1,Gliom,evet,0.000249,0.999282,0.000469
1860,1861,brain_tumor_figshare/1861.mat,MR048621B,5,1,Gliom,1,Gliom,evet,0.001545,0.997985,0.00047
1861,1862,brain_tumor_figshare/1862.mat,MR048944,5,1,Gliom,1,Gliom,evet,0.030368,0.961508,0.008124
1862,1863,brain_tumor_figshare/1863.mat,MR048944,5,1,Gliom,1,Gliom,evet,0.062222,0.927637,0.010141
1863,1864,brain_tumor_figshare/1864.mat,MR048944,5,1,Gliom,1,Gliom,evet,0.008761,0.989114,0.002125
1864,1865,brain_tumor_figshare/1865.mat,MR048944,5,1,Gliom,1,Gliom,evet,0.013138,0.985904,0.000957
1865,1866,brain_tumor_figshare/1866.mat,MR048944,5,1,Gliom,1,Gliom,evet,0.077885,0.920999,0.001116
1866,1867,brain_tumor_figshare/1867.mat,MR048944,5,1,Gliom,0,Meningiom,hayır,0.999472,0.000326,0.000203
1867,1868,brain_tumor_figshare/1868.mat,MR048944,5,1,Gliom,0,Meningiom,hayır,0.998312,0.001222,0.000465
1868,1869,brain_tumor_figshare/1869.mat,MR048944,5,1,Gliom,0,Meningiom,hayır,0.998312,0.000909,0.00078
1869,1870,brain_tumor_figshare/1870.mat,MR048994,2,1,Gliom,1,Gliom,evet,1.7e-05,0.999963,2.1e-05
1870,1871,brain_tumor_figshare/1871.mat,MR048994,2,1,Gliom,1,Gliom,evet,4e-05,0.999919,4.1e-05
1871,1872,brain_tumor_figshare/1872.mat,MR048994,2,1,Gliom,1,Gliom,evet,0.000263,0.999709,2.8e-05
1872,1873,brain_tumor_figshare/1873.mat,MR048994,2,1,Gliom,1,Gliom,evet,0.000388,0.999588,2.3e-05
1873,1874,brain_tumor_figshare/1874.mat,MR048994,2,1,Gliom,1,Gliom,evet,0.001405,0.998517,7.7e-05
1874,1875,brain_tumor_figshare/1875.mat,MR048994,2,1,Gliom,1,Gliom,evet,0.002025,0.997913,6.2e-05
1875,1876,brain_tumor_figshare/1876.mat,MR048994,2,1,Gliom,1,Gliom,evet,0.221363,0.778109,0.000528
1876,1877,brain_tumor_figshare/1877.mat,MR048994,2,1,Gliom,1,Gliom,evet,0.004244,0.995632,0.000125
1877,1878,brain_tumor_figshare/1878.mat,MR048994,2,1,Gliom,1,Gliom,evet,0.189604,0.809606,0.00079
1878,1879,brain_tumor_figshare/1879.mat,MR049104,1,1,Gliom,1,Gliom,evet,1.2e-05,0.999581,0.000407
1879,1880,brain_tumor_figshare/1880.mat,MR049104,1,1,Gliom,1,Gliom,evet,2e-05,0.999878,0.000101
1880,1881,brain_tumor_figshare/1881.mat,MR049142,5,1,Gliom,1,Gliom,evet,0.000628,0.99914,0.000232
1881,1882,brain_tumor_figshare/1882.mat,MR049142,5,1,Gliom,1,Gliom,evet,0.00325,0.996492,0.000258
1882,1883,brain_tumor_figshare/1883.mat,MR049142,5,1,Gliom,1,Gliom,evet,0.123458,0.874801,0.001741
1883,1884,brain_tumor_figshare/1884.mat,MR049142,5,1,Gliom,1,Gliom,evet,0.034351,0.963926,0.001722
1884,1885,brain_tumor_figshare/1885.mat,MR048994B,4,1,Gliom,1,Gliom,evet,0.000238,0.999617,0.000145
1885,1886,brain_tumor_figshare/1886.mat,MR048994B,4,1,Gliom,1,Gliom,evet,0.000688,0.999131,0.000181
1886,1887,brain_tumor_figshare/1887.mat,MR048994B,4,1,Gliom,1,Gliom,evet,0.000274,0.999689,3.7e-05
1887,1888,brain_tumor_figshare/1888.mat,MR048994B,4,1,Gliom,1,Gliom,evet,0.00049,0.999444,6.7e-05
1888,1889,brain_tumor_figshare/1889.mat,MR048994B,4,1,Gliom,1,Gliom,evet,0.001118,0.998749,0.000133
1889,1890,brain_tumor_figshare/1890.mat,MR048994B,4,1,Gliom,1,Gliom,evet,0.00101,0.998918,7.3e-05
1890,1891,brain_tumor_figshare/1891.mat,MR048994B,4,1,Gliom,1,Gliom,evet,0.007974,0.991697,0.000329
1891,1892,brain_tumor_figshare/1892.mat,MR048994B,4,1,Gliom,1,Gliom,evet,0.002611,0.997271,0.000118
1892,1893,brain_tumor_figshare/1893.mat,MR048944B,5,1,Gliom,1,Gliom,evet,1.7e-05,0.999904,7.9e-05
1893,1894,brain_tumor_figshare/1894.mat,MR048944B,5,1,Gliom,1,Gliom,evet,1.7e-05,0.999879,0.000104
1894,1895,brain_tumor_figshare/1895.mat,MR048944B,5,1,Gliom,1,Gliom,evet,0.000187,0.999704,0.000109
1895,1896,brain_tumor_figshare/1896.mat,MR048944B,5,1,Gliom,1,Gliom,evet,0.000139,0.99977,9.2e-05
1896,1897,brain_tumor_figshare/1897.mat,MR048944B,5,1,Gliom,1,Gliom,evet,0.000418,0.999436,0.000147
1897,1898,brain_tumor_figshare/1898.mat,MR048944B,5,1,Gliom,1,Gliom,evet,0.000566,0.999376,5.7e-05
1898,1899,brain_tumor_figshare/1899.mat,MR049358,3,1,Gliom,1,Gliom,evet,0.007759,0.99176,0.00048
1899,1900,brain_tumor_figshare/1900.mat,MR049358,3,1,Gliom,1,Gliom,evet,0.004333,0.993902,0.001765
1900,1901,brain_tumor_figshare/1901.mat,MR049358,3,1,Gliom,1,Gliom,evet,0.001833,0.997828,0.00034
1901,1902,brain_tumor_figshare/1902.mat,MR049358,3,1,Gliom,1,Gliom,evet,4.2e-05,0.999908,5e-05
1902,1903,brain_tumor_figshare/1903.mat,MR049358,3,1,Gliom,1,Gliom,evet,2.6e-05,0.999914,5.9e-05
1903,1904,brain_tumor_figshare/1904.mat,MR049358,3,1,Gliom,1,Gliom,evet,0.000113,0.999814,7.2e-05
1904,1905,brain_tumor_figshare/1905.mat,MR049358,3,1,Gliom,1,Gliom,evet,0.000349,0.999518,0.000133
1905,1906,brain_tumor_figshare/1906.mat,MR049358,3,1,Gliom,1,Gliom,evet,6.5e-05,0.999872,6.3e-05
1906,1907,brain_tumor_figshare/1907.mat,MR049358,3,1,Gliom,1,Gliom,evet,7.3e-05,0.999862,6.5e-05
1907,1908,brain_tumor_figshare/1908.mat,MR049358,3,1,Gliom,1,Gliom,evet,0.000164,0.999733,0.000102
1908,1909,brain_tumor_figshare/1909.mat,MR049104B,3,1,Gliom,1,Gliom,evet,0.000292,0.997679,0.002029
1909,1910,brain_tumor_figshare/1910.mat,MR049104B,3,1,Gliom,1,Gliom,evet,0.000391,0.999028,0.000581
1910,1911,brain_tumor_figshare/1911.mat,MR049104B,3,1,Gliom,1,Gliom,evet,0.000119,0.995479,0.004402
1911,1912,brain_tumor_figshare/1912.mat,MR049104B,3,1,Gliom,1,Gliom,evet,7e-06,0.999959,3.5e-05
1912,1913,brain_tumor_figshare/1913.mat,MR049104B,3,1,Gliom,1,Gliom,evet,3.7e-05,0.999918,4.5e-05
1913,1914,brain_tumor_figshare/1914.mat,MR049453,2,1,Gliom,1,Gliom,evet,9.1e-05,0.999783,0.000126
1914,1915,brain_tumor_figshare/1915.mat,MR049453,2,1,Gliom,1,Gliom,evet,6.3e-05,0.999879,5.8e-05
1915,1916,brain_tumor_figshare/1916.mat,MR049453,2,1,Gliom,1,Gliom,evet,0.000223,0.999712,6.5e-05
1916,1917,brain_tumor_figshare/1917.mat,MR049453,2,1,Gliom,1,Gliom,evet,2.8e-05,0.999957,1.6e-05
1917,1918,brain_tumor_figshare/1918.mat,MR049453,2,1,Gliom,1,Gliom,evet,3.7e-05,0.999949,1.4e-05
1918,1919,brain_tumor_figshare/1919.mat,MR049453,2,1,Gliom,1,Gliom,evet,3e-05,0.999954,1.7e-05
1919,1920,brain_tumor_figshare/1920.mat,MR049453,2,1,Gliom,1,Gliom,evet,2.7e-05,0.999957,1.6e-05
1920,1921,brain_tumor_figshare/1921.mat,MR024780G,1,1,Gliom,1,Gliom,evet,0.001528,0.992164,0.006308
1921,1922,brain_tumor_figshare/1922.mat,MR024780G,1,1,Gliom,1,Gliom,evet,5.5e-05,0.999401,0.000543
1922,1923,brain_tumor_figshare/1923.mat,MR024780G,1,1,Gliom,1,Gliom,evet,1.4e-05,0.999952,3.4e-05
1923,1924,brain_tumor_figshare/1924.mat,MR024780G,1,1,Gliom,1,Gliom,evet,1.5e-05,0.999944,4.1e-05
1924,1925,brain_tumor_figshare/1925.mat,MR024780G,1,1,Gliom,1,Gliom,evet,1.9e-05,0.999873,0.000108
1925,1926,brain_tumor_figshare/1926.mat,MR024780G,1,1,Gliom,1,Gliom,evet,1.9e-05,0.999921,6e-05
1926,1927,brain_tumor_figshare/1927.mat,MR024780G,1,1,Gliom,1,Gliom,evet,1.5e-05,0.999955,3.1e-05
1927,1928,brain_tumor_figshare/1928.mat,MR024780G,1,1,Gliom,1,Gliom,evet,3.3e-05,0.99995,1.7e-05
1928,1929,brain_tumor_figshare/1929.mat,MR024780G,1,1,Gliom,1,Gliom,evet,5e-06,0.999907,8.8e-05
1929,1930,brain_tumor_figshare/1930.mat,MR024780G,1,1,Gliom,1,Gliom,evet,4e-06,0.999922,7.4e-05
1930,1931,brain_tumor_figshare/1931.mat,MR024780G,1,1,Gliom,1,Gliom,evet,4e-06,0.999974,2.3e-05
1931,1932,brain_tumor_figshare/1932.mat,MR024780G,1,1,Gliom,1,Gliom,evet,6e-06,0.999966,2.8e-05
1932,1933,brain_tumor_figshare/1933.mat,MR024780G,1,1,Gliom,1,Gliom,evet,1.3e-05,0.999786,0.0002
1933,1934,brain_tumor_figshare/1934.mat,MR024780G,1,1,Gliom,1,Gliom,evet,9e-06,0.99992,7.1e-05
1934,1935,brain_tumor_figshare/1935.mat,MR024780G,1,1,Gliom,1,Gliom,evet,2.3e-05,0.999925,5.2e-05
1935,1936,brain_tumor_figshare/1936.mat,MR024780G,1,1,Gliom,1,Gliom,evet,2.5e-05,0.999898,7.7e-05
1936,1937,brain_tumor_figshare/1937.mat,MR049453B,1,1,Gliom,1,Gliom,evet,3.5e-05,0.999784,0.000181
1937,1938,brain_tumor_figshare/1938.mat,MR049453B,1,1,Gliom,1,Gliom,evet,1.2e-05,0.999978,1e-05
1938,1939,brain_tumor_figshare/1939.mat,MR049453B,1,1,Gliom,1,Gliom,evet,3e-06,0.999991,5e-06
1939,1940,brain_tumor_figshare/1940.mat,MR049453B,1,1,Gliom,1,Gliom,evet,4e-06,0.999989,7e-06
1940,1941,brain_tumor_figshare/1941.mat,MR049453B,1,1,Gliom,1,Gliom,evet,9e-06,0.999982,9e-06
1941,1942,brain_tumor_figshare/1942.mat,MR049453B,1,1,Gliom,1,Gliom,evet,5e-06,0.999991,5e-06
1942,1943,brain_tumor_figshare/1943.mat,MR049453B,1,1,Gliom,1,Gliom,evet,1.6e-05,0.999973,1.1e-05
1943,1944,brain_tumor_figshare/1944.mat,MR049453B,1,1,Gliom,1,Gliom,evet,4.5e-05,0.999947,9e-06
1944,1945,brain_tumor_figshare/1945.mat,MR048294B,5,1,Gliom,1,Gliom,evet,2.1e-05,0.999934,4.5e-05
1945,1946,brain_tumor_figshare/1946.mat,MR048294B,5,1,Gliom,1,Gliom,evet,2.9e-05,0.999912,6e-05
1946,1947,brain_tumor_figshare/1947.mat,MR048294B,5,1,Gliom,1,Gliom,evet,8.7e-05,0.999858,5.5e-05
1947,1948,brain_tumor_figshare/1948.mat,MR048621B,5,1,Gliom,1,Gliom,evet,0.030002,0.966813,0.003184
1948,1949,brain_tumor_figshare/1949.mat,MR048621B,5,1,Gliom,1,Gliom,evet,0.003176,0.995686,0.001139
1949,1950,brain_tumor_figshare/1950.mat,MR050135B,2,1,Gliom,1,Gliom,evet,4.7e-05,0.999685,0.000268
1950,1951,brain_tumor_figshare/1951.mat,MR050135B,2,1,Gliom,1,Gliom,evet,1e-05,0.999955,3.6e-05
1951,1952,brain_tumor_figshare/1952.mat,MR050135B,2,1,Gliom,1,Gliom,evet,8.8e-05,0.999815,9.7e-05
1952,1953,brain_tumor_figshare/1953.mat,MR050135B,2,1,Gliom,1,Gliom,evet,0.000105,0.999842,5.3e-05
1953,1954,brain_tumor_figshare/1954.mat,MR050135B,2,1,Gliom,1,Gliom,evet,0.000186,0.999768,4.6e-05
1954,1955,brain_tumor_figshare/1955.mat,MR050135B,2,1,Gliom,1,Gliom,evet,0.000895,0.999064,4.1e-05
1955,1956,brain_tumor_figshare/1956.mat,MR050135B,2,1,Gliom,1,Gliom,evet,7e-06,0.999965,2.9e-05
1956,1957,brain_tumor_figshare/1957.mat,MR050135B,2,1,Gliom,1,Gliom,evet,8e-06,0.999914,7.8e-05
1957,1958,brain_tumor_figshare/1958.mat,MR050135B,2,1,Gliom,1,Gliom,evet,2.4e-05,0.999886,9.1e-05
1958,1959,brain_tumor_figshare/1959.mat,MR050135B,2,1,Gliom,1,Gliom,evet,1.8e-05,0.999838,0.000144
1959,1960,brain_tumor_figshare/1960.mat,MR050135B,2,1,Gliom,1,Gliom,evet,9e-06,0.999959,3.2e-05
1960,1961,brain_tumor_figshare/1961.mat,MR050135B,2,1,Gliom,1,Gliom,evet,1.5e-05,0.999973,1.2e-05
1961,1962,brain_tumor_figshare/1962.mat,MR050135B,2,1,Gliom,1,Gliom,evet,1e-05,0.999972,1.8e-05
1962,1963,brain_tumor_figshare/1963.mat,MR050135B,2,1,Gliom,1,Gliom,evet,1.6e-05,0.999948,3.6e-05
1963,1964,brain_tumor_figshare/1964.mat,MR050687,1,1,Gliom,1,Gliom,evet,0.028778,0.970718,0.000503
1964,1965,brain_tumor_figshare/1965.mat,MR050687,1,1,Gliom,1,Gliom,evet,0.092827,0.906557,0.000616
1965,1966,brain_tumor_figshare/1966.mat,MR050687,1,1,Gliom,1,Gliom,evet,0.257298,0.741708,0.000994
1966,1967,brain_tumor_figshare/1967.mat,MR050687,1,1,Gliom,1,Gliom,evet,0.152324,0.847277,0.000399
1967,1968,brain_tumor_figshare/1968.mat,MR050687,1,1,Gliom,0,Meningiom,hayır,0.853793,0.145579,0.000628
1968,1969,brain_tumor_figshare/1969.mat,MR050687,1,1,Gliom,0,Meningiom,hayır,0.924665,0.074967,0.000368
1969,1970,brain_tumor_figshare/1970.mat,MR050687,1,1,Gliom,1,Gliom,evet,0.006377,0.99348,0.000144
1970,1971,brain_tumor_figshare/1971.mat,MR050687,1,1,Gliom,1,Gliom,evet,0.012681,0.987168,0.000151
1971,1972,brain_tumor_figshare/1972.mat,MR050687,1,1,Gliom,1,Gliom,evet,0.003259,0.996625,0.000116
1972,1973,brain_tumor_figshare/1973.mat,MR050687,1,1,Gliom,1,Gliom,evet,0.096449,0.90283,0.000721
1973,1974,brain_tumor_figshare/1974.mat,MR050791B,4,1,Gliom,1,Gliom,evet,0.060698,0.920694,0.018608
1974,1975,brain_tumor_figshare/1975.mat,MR050791B,4,1,Gliom,1,Gliom,evet,0.026201,0.971752,0.002046
1975,1976,brain_tumor_figshare/1976.mat,MR050791B,4,1,Gliom,1,Gliom,evet,0.128331,0.870801,0.000869
1976,1977,brain_tumor_figshare/1977.mat,MR050791B,4,1,Gliom,1,Gliom,evet,0.009574,0.99017,0.000257
1977,1978,brain_tumor_figshare/1978.mat,MR050791B,4,1,Gliom,1,Gliom,evet,0.015668,0.983916,0.000416
1978,1979,brain_tumor_figshare/1979.mat,MR050791B,4,1,Gliom,1,Gliom,evet,0.00652,0.993038,0.000442
1979,1980,brain_tumor_figshare/1980.mat,MR050791B,4,1,Gliom,1,Gliom,evet,0.002041,0.997649,0.000309
1980,1981,brain_tumor_figshare/1981.mat,MR050791B,4,1,Gliom,1,Gliom,evet,0.005069,0.993859,0.001072
1981,1982,brain_tumor_figshare/1982.mat,MR050791B,4,1,Gliom,1,Gliom,evet,0.201633,0.785489,0.012879
1982,1983,brain_tumor_figshare/1983.mat,MR050791B,4,1,Gliom,1,Gliom,evet,0.22941,0.752696,0.017894
1983,1984,brain_tumor_figshare/1984.mat,MR049019C,4,1,Gliom,1,Gliom,evet,0.000823,0.999036,0.00014
1984,1985,brain_tumor_figshare/1985.mat,MR049019C,4,1,Gliom,1,Gliom,evet,0.0016,0.998305,9.4e-05
1985,1986,brain_tumor_figshare/1986.mat,MR049019C,4,1,Gliom,1,Gliom,evet,0.001144,0.998806,5e-05
1986,1987,brain_tumor_figshare/1987.mat,MR026175C,4,1,Gliom,1,Gliom,evet,0.001955,0.997674,0.000371
1987,1988,brain_tumor_figshare/1988.mat,MR026175C,4,1,Gliom,1,Gliom,evet,0.000234,0.999597,0.000169
1988,1989,brain_tumor_figshare/1989.mat,MR026175C,4,1,Gliom,1,Gliom,evet,0.0008,0.998981,0.000218
1989,1990,brain_tumor_figshare/1990.mat,MR026175C,4,1,Gliom,1,Gliom,evet,0.000313,0.999545,0.000143
1990,1991,brain_tumor_figshare/1991.mat,MR026175C,4,1,Gliom,1,Gliom,evet,0.000376,0.999446,0.000178
1991,1992,brain_tumor_figshare/1992.mat,MR026175C,4,1,Gliom,1,Gliom,evet,0.000543,0.999188,0.000269
1992,1993,brain_tumor_figshare/1993.mat,MR026175C,4,1,Gliom,1,Gliom,evet,0.000685,0.999092,0.000224
1993,1994,brain_tumor_figshare/1994.mat,MR026175C,4,1,Gliom,1,Gliom,evet,0.000563,0.999135,0.000303
1994,1995,brain_tumor_figshare/1995.mat,MR026175C,4,1,Gliom,1,Gliom,evet,0.000711,0.998994,0.000295
1995,1996,brain_tumor_figshare/1996.mat,MR026175C,4,1,Gliom,1,Gliom,evet,0.000705,0.99861,0.000685
1996,1997,brain_tumor_figshare/1997.mat,MR026175C,4,1,Gliom,1,Gliom,evet,0.000793,0.998402,0.000805
1997,1998,brain_tumor_figshare/1998.mat,MR051461,2,1,Gliom,1,Gliom,evet,0.000123,0.999847,3e-05
1998,1999,brain_tumor_figshare/1999.mat,MR051461,2,1,Gliom,1,Gliom,evet,0.000148,0.99982,3.2e-05
1999,2000,brain_tumor_figshare/2000.mat,MR051461,2,1,Gliom,1,Gliom,evet,2.7e-05,0.999936,3.7e-05
2000,2001,brain_tumor_figshare/2001.mat,MR051461,2,1,Gliom,1,Gliom,evet,6.1e-05,0.999904,3.5e-05
2001,2002,brain_tumor_figshare/2002.mat,MR051461,2,1,Gliom,1,Gliom,evet,2.2e-05,0.999947,3.1e-05
2002,2003,brain_tumor_figshare/2003.mat,MR051461,2,1,Gliom,1,Gliom,evet,2.3e-05,0.999949,2.8e-05
2003,2004,brain_tumor_figshare/2004.mat,MR051461,2,1,Gliom,1,Gliom,evet,2.8e-05,0.999951,2.1e-05
2004,2005,brain_tumor_figshare/2005.mat,MR051586,5,1,Gliom,1,Gliom,evet,0.000122,0.999843,3.5e-05
2005,2006,brain_tumor_figshare/2006.mat,MR051586,5,1,Gliom,1,Gliom,evet,0.000191,0.999769,4e-05
2006,2007,brain_tumor_figshare/2007.mat,MR051586,5,1,Gliom,1,Gliom,evet,0.000196,0.999763,4.2e-05
2007,2008,brain_tumor_figshare/2008.mat,MR051586,5,1,Gliom,1,Gliom,evet,0.000448,0.999467,8.5e-05
2008,2009,brain_tumor_figshare/2009.mat,MR051586,5,1,Gliom,1,Gliom,evet,0.001342,0.998566,9.1e-05
2009,2010,brain_tumor_figshare/2010.mat,MR051586,5,1,Gliom,1,Gliom,evet,0.003693,0.996167,0.00014
2010,2011,brain_tumor_figshare/2011.mat,MR051586,5,1,Gliom,1,Gliom,evet,0.001528,0.998372,0.0001
2011,2012,brain_tumor_figshare/2012.mat,MR051461B,4,1,Gliom,1,Gliom,evet,0.005586,0.993758,0.000656
2012,2013,brain_tumor_figshare/2013.mat,MR051461B,4,1,Gliom,1,Gliom,evet,0.004327,0.994927,0.000746
2013,2014,brain_tumor_figshare/2014.mat,MR051461B,4,1,Gliom,1,Gliom,evet,0.101763,0.896804,0.001433
2014,2015,brain_tumor_figshare/2015.mat,MR051461B,4,1,Gliom,1,Gliom,evet,0.013888,0.984621,0.00149
2015,2016,brain_tumor_figshare/2016.mat,MR051461B,4,1,Gliom,1,Gliom,evet,0.147678,0.851671,0.000651
2016,2017,brain_tumor_figshare/2017.mat,MR051644,4,1,Gliom,1,Gliom,evet,0.032776,0.959531,0.007693
2017,2018,brain_tumor_figshare/2018.mat,MR051644,4,1,Gliom,1,Gliom,evet,0.000558,0.999008,0.000435
2018,2019,brain_tumor_figshare/2019.mat,MR051644,4,1,Gliom,1,Gliom,evet,0.108853,0.876034,0.015113
2019,2020,brain_tumor_figshare/2020.mat,MR051644,4,1,Gliom,1,Gliom,evet,0.109679,0.865441,0.024881
2020,2021,brain_tumor_figshare/2021.mat,MR051644,4,1,Gliom,1,Gliom,evet,0.051383,0.940258,0.008359
2021,2022,brain_tumor_figshare/2022.mat,MR051644,4,1,Gliom,1,Gliom,evet,0.006743,0.99315,0.000108
2022,2023,brain_tumor_figshare/2023.mat,MR051644,4,1,Gliom,1,Gliom,evet,0.001194,0.998753,5.3e-05
2023,2024,brain_tumor_figshare/2024.mat,MR051644,4,1,Gliom,1,Gliom,evet,0.000193,0.999705,0.000102
2024,2025,brain_tumor_figshare/2025.mat,MR051644,4,1,Gliom,1,Gliom,evet,0.002235,0.996386,0.001379
2025,2026,brain_tumor_figshare/2026.mat,MR051644,4,1,Gliom,1,Gliom,evet,0.009698,0.985287,0.005015
2026,2027,brain_tumor_figshare/2027.mat,MR051644,4,1,Gliom,1,Gliom,evet,0.010418,0.988688,0.000893
2027,2028,brain_tumor_figshare/2028.mat,MR051644,4,1,Gliom,1,Gliom,evet,0.012735,0.985376,0.001889
2028,2029,brain_tumor_figshare/2029.mat,MR051644,4,1,Gliom,1,Gliom,evet,0.007136,0.976229,0.016635
2029,2030,brain_tumor_figshare/2030.mat,MR051644,4,1,Gliom,1,Gliom,evet,0.008744,0.978538,0.012717
2030,2031,brain_tumor_figshare/2031.mat,MR051644,4,1,Gliom,1,Gliom,evet,0.008356,0.986744,0.0049
2031,2032,brain_tumor_figshare/2032.mat,MR051651,1,1,Gliom,1,Gliom,evet,0.000158,0.999745,9.7e-05
2032,2033,brain_tumor_figshare/2033.mat,MR051651,1,1,Gliom,1,Gliom,evet,0.000236,0.999657,0.000107
2033,2034,brain_tumor_figshare/2034.mat,MR051651,1,1,Gliom,1,Gliom,evet,0.006156,0.99354,0.000305
2034,2035,brain_tumor_figshare/2035.mat,MR051651,1,1,Gliom,1,Gliom,evet,0.069403,0.929448,0.001149
2035,2036,brain_tumor_figshare/2036.mat,MR051651,1,1,Gliom,1,Gliom,evet,0.011781,0.987913,0.000306
2036,2037,brain_tumor_figshare/2037.mat,MR051651,1,1,Gliom,1,Gliom,evet,0.037917,0.961687,0.000396
2037,2038,brain_tumor_figshare/2038.mat,MR051796,4,1,Gliom,1,Gliom,evet,0.000421,0.999494,8.5e-05
2038,2039,brain_tumor_figshare/2039.mat,MR051796,4,1,Gliom,1,Gliom,evet,0.000564,0.999367,6.9e-05
2039,2040,brain_tumor_figshare/2040.mat,MR051796,4,1,Gliom,1,Gliom,evet,0.000874,0.999024,0.000101
2040,2041,brain_tumor_figshare/2041.mat,MR051796,4,1,Gliom,1,Gliom,evet,0.00084,0.99907,9e-05
2041,2042,brain_tumor_figshare/2042.mat,MR051796,4,1,Gliom,1,Gliom,evet,0.000792,0.999141,6.7e-05
2042,2043,brain_tumor_figshare/2043.mat,MR051796,4,1,Gliom,1,Gliom,evet,0.001143,0.998814,4.4e-05
2043,2044,brain_tumor_figshare/2044.mat,MR051796,4,1,Gliom,0,Meningiom,hayır,0.697262,0.283774,0.018964
2044,2045,brain_tumor_figshare/2045.mat,MR051651B,3,1,Gliom,1,Gliom,evet,3.3e-05,0.999945,2.2e-05
2045,2046,brain_tumor_figshare/2046.mat,MR051651B,3,1,Gliom,1,Gliom,evet,0.000101,0.999817,8.2e-05
2046,2047,brain_tumor_figshare/2047.mat,MR051651B,3,1,Gliom,1,Gliom,evet,6.1e-05,0.999905,3.5e-05
2047,2048,brain_tumor_figshare/2048.mat,MR051651B,3,1,Gliom,1,Gliom,evet,0.000198,0.999779,2.3e-05
2048,2049,brain_tumor_figshare/2049.mat,MR051651B,3,1,Gliom,1,Gliom,evet,0.000169,0.999811,2e-05
2049,2050,brain_tumor_figshare/2050.mat,MR051651B,3,1,Gliom,1,Gliom,evet,2.6e-05,0.999958,1.6e-05
2050,2051,brain_tumor_figshare/2051.mat,MR051644B,3,1,Gliom,1,Gliom,evet,4e-06,0.999974,2.1e-05
2051,2052,brain_tumor_figshare/2052.mat,MR051644B,3,1,Gliom,1,Gliom,evet,6e-06,0.999978,1.6e-05
2052,2053,brain_tumor_figshare/2053.mat,MR051644B,3,1,Gliom,1,Gliom,evet,2.4e-05,0.999954,2.2e-05
2053,2054,brain_tumor_figshare/2054.mat,MR051644B,3,1,Gliom,1,Gliom,evet,7.7e-05,0.99989,3.2e-05
2054,2055,brain_tumor_figshare/2055.mat,MR051644B,3,1,Gliom,1,Gliom,evet,1e-05,0.999957,3.3e-05
2055,2056,brain_tumor_figshare/2056.mat,MR051644B,3,1,Gliom,1,Gliom,evet,4e-06,0.999989,7e-06
2056,2057,brain_tumor_figshare/2057.mat,MR051644B,3,1,Gliom,1,Gliom,evet,1.6e-05,0.999964,2e-05
2057,2058,brain_tumor_figshare/2058.mat,MR051796B,5,1,Gliom,1,Gliom,evet,6.9e-05,0.998456,0.001475
2058,2059,brain_tumor_figshare/2059.mat,MR051796B,5,1,Gliom,1,Gliom,evet,0.000112,0.999555,0.000333
2059,2060,brain_tumor_figshare/2060.mat,MR051796B,5,1,Gliom,1,Gliom,evet,5e-06,0.999958,3.7e-05
2060,2061,brain_tumor_figshare/2061.mat,MR052550,1,1,Gliom,1,Gliom,evet,0.000112,0.999843,4.5e-05
2061,2062,brain_tumor_figshare/2062.mat,MR052550,1,1,Gliom,1,Gliom,evet,4e-06,0.999993,4e-06
2062,2063,brain_tumor_figshare/2063.mat,MR052550,1,1,Gliom,1,Gliom,evet,1.3e-05,0.999958,2.9e-05
2063,2064,brain_tumor_figshare/2064.mat,MR052550,1,1,Gliom,1,Gliom,evet,1.3e-05,0.999965,2.2e-05
2064,2065,brain_tumor_figshare/2065.mat,MR051644C,4,1,Gliom,1,Gliom,evet,0.00136,0.998355,0.000285
2065,2066,brain_tumor_figshare/2066.mat,MR051644C,4,1,Gliom,1,Gliom,evet,0.000213,0.999746,4.1e-05
2066,2067,brain_tumor_figshare/2067.mat,MR051644C,4,1,Gliom,1,Gliom,evet,0.001707,0.998159,0.000134
2067,2068,brain_tumor_figshare/2068.mat,MR051644C,4,1,Gliom,1,Gliom,evet,0.000894,0.999038,6.8e-05
2068,2069,brain_tumor_figshare/2069.mat,MR051644C,4,1,Gliom,1,Gliom,evet,0.000342,0.999567,9.1e-05
2069,2070,brain_tumor_figshare/2070.mat,MR051644C,4,1,Gliom,1,Gliom,evet,0.000587,0.999278,0.000135
2070,2071,brain_tumor_figshare/2071.mat,MR051644C,4,1,Gliom,1,Gliom,evet,0.001158,0.998596,0.000246
2071,2072,brain_tumor_figshare/2072.mat,MR051644C,4,1,Gliom,1,Gliom,evet,0.00111,0.998665,0.000225
2072,2073,brain_tumor_figshare/2073.mat,MR051644C,4,1,Gliom,1,Gliom,evet,0.000937,0.998683,0.00038
2073,2074,brain_tumor_figshare/2074.mat,MR051644C,4,1,Gliom,1,Gliom,evet,0.000312,0.999597,9.1e-05
2074,2075,brain_tumor_figshare/2075.mat,MR051644C,4,1,Gliom,1,Gliom,evet,0.000842,0.999004,0.000153
2075,2076,brain_tumor_figshare/2076.mat,MR051644C,4,1,Gliom,1,Gliom,evet,0.000502,0.999349,0.000148
2076,2077,brain_tumor_figshare/2077.mat,MR049942B,3,1,Gliom,1,Gliom,evet,1.1e-05,0.999968,2.1e-05
2077,2078,brain_tumor_figshare/2078.mat,MR049942B,3,1,Gliom,1,Gliom,evet,1.5e-05,0.99997,1.5e-05
2078,2079,brain_tumor_figshare/2079.mat,MR049942B,3,1,Gliom,1,Gliom,evet,7e-06,0.999971,2.2e-05
2079,2080,brain_tumor_figshare/2080.mat,MR052585B,5,1,Gliom,1,Gliom,evet,3.5e-05,0.999881,8.4e-05
2080,2081,brain_tumor_figshare/2081.mat,MR052585B,5,1,Gliom,1,Gliom,evet,0.000141,0.999623,0.000237
2081,2082,brain_tumor_figshare/2082.mat,MR052585B,5,1,Gliom,1,Gliom,evet,0.000103,0.999757,0.00014
2082,2083,brain_tumor_figshare/2083.mat,MR047953C,4,1,Gliom,1,Gliom,evet,0.000121,0.999625,0.000254
2083,2084,brain_tumor_figshare/2084.mat,MR047953C,4,1,Gliom,1,Gliom,evet,0.001494,0.982857,0.015649
2084,2085,brain_tumor_figshare/2085.mat,MR047953C,4,1,Gliom,1,Gliom,evet,0.000476,0.997195,0.002329
2085,2086,brain_tumor_figshare/2086.mat,MR047953C,4,1,Gliom,1,Gliom,evet,0.001067,0.996862,0.002071
2086,2087,brain_tumor_figshare/2087.mat,MR053110B,1,1,Gliom,1,Gliom,evet,0.000453,0.99839,0.001157
2087,2088,brain_tumor_figshare/2088.mat,MR053110B,1,1,Gliom,1,Gliom,evet,9.3e-05,0.999857,5e-05
2088,2089,brain_tumor_figshare/2089.mat,MR053110B,1,1,Gliom,1,Gliom,evet,6.1e-05,0.999899,4.1e-05
2089,2090,brain_tumor_figshare/2090.mat,MR053110B,1,1,Gliom,1,Gliom,evet,1.2e-05,0.999977,1.1e-05
2090,2091,brain_tumor_figshare/2091.mat,MR053110B,1,1,Gliom,1,Gliom,evet,1.5e-05,0.999973,1.2e-05
2091,2092,brain_tumor_figshare/2092.mat,MR053110B,1,1,Gliom,1,Gliom,evet,1.9e-05,0.999959,2.2e-05
2092,2093,brain_tumor_figshare/2093.mat,MR034694,2,1,Gliom,1,Gliom,evet,4e-06,0.999948,4.8e-05
2093,2094,brain_tumor_figshare/2094.mat,MR034694,2,1,Gliom,1,Gliom,evet,1.6e-05,0.999941,4.2e-05
2094,2095,brain_tumor_figshare/2095.mat,MR034694,2,1,Gliom,1,Gliom,evet,1e-05,0.999966,2.4e-05
2095,2096,brain_tumor_figshare/2096.mat,MR034694,2,1,Gliom,1,Gliom,evet,2.8e-05,0.999925,4.7e-05
2096,2097,brain_tumor_figshare/2097.mat,MR054683,4,1,Gliom,1,Gliom,evet,0.001388,0.996784,0.001828
2097,2098,brain_tumor_figshare/2098.mat,MR054683,4,1,Gliom,1,Gliom,evet,0.000134,0.99977,9.6e-05
2098,2099,brain_tumor_figshare/2099.mat,MR054683,4,1,Gliom,1,Gliom,evet,0.000138,0.999509,0.000353
2099,2100,brain_tumor_figshare/2100.mat,MR054875,1,1,Gliom,1,Gliom,evet,1.1e-05,0.999959,3e-05
2100,2101,brain_tumor_figshare/2101.mat,MR054875,1,1,Gliom,1,Gliom,evet,4e-06,0.999983,1.3e-05
2101,2102,brain_tumor_figshare/2102.mat,MR054875,1,1,Gliom,1,Gliom,evet,2.8e-05,0.999763,0.000209
2102,2103,brain_tumor_figshare/2103.mat,MR054875,1,1,Gliom,1,Gliom,evet,3e-05,0.999511,0.000459
2103,2104,brain_tumor_figshare/2104.mat,MR050687C,5,1,Gliom,1,Gliom,evet,0.000172,0.999521,0.000307
2104,2105,brain_tumor_figshare/2105.mat,MR050687C,5,1,Gliom,1,Gliom,evet,0.000228,0.999593,0.000178
2105,2106,brain_tumor_figshare/2106.mat,MR050687C,5,1,Gliom,1,Gliom,evet,7.9e-05,0.999589,0.000332
2106,2107,brain_tumor_figshare/2107.mat,MR050687C,5,1,Gliom,1,Gliom,evet,7.8e-05,0.999544,0.000378
2107,2108,brain_tumor_figshare/2108.mat,MR050687C,5,1,Gliom,1,Gliom,evet,4.9e-05,0.999734,0.000217
2108,2109,brain_tumor_figshare/2109.mat,MR056144,5,1,Gliom,1,Gliom,evet,2.9e-05,0.999934,3.6e-05
2109,2110,brain_tumor_figshare/2110.mat,MR056144,5,1,Gliom,1,Gliom,evet,6.6e-05,0.999891,4.2e-05
2110,2111,brain_tumor_figshare/2111.mat,MR056144,5,1,Gliom,1,Gliom,evet,5e-05,0.999925,2.4e-05
2111,2112,brain_tumor_figshare/2112.mat,MR034997,3,1,Gliom,1,Gliom,evet,0.000375,0.999606,1.9e-05
2112,2113,brain_tumor_figshare/2113.mat,MR034997,3,1,Gliom,1,Gliom,evet,0.000139,0.999848,1.3e-05
2113,2114,brain_tumor_figshare/2114.mat,MR034997,3,1,Gliom,1,Gliom,evet,0.00022,0.999739,4.1e-05
2114,2115,brain_tumor_figshare/2115.mat,MR034997,3,1,Gliom,1,Gliom,evet,0.000346,0.999604,5e-05
2115,2116,brain_tumor_figshare/2116.mat,MR034997,3,1,Gliom,1,Gliom,evet,6.3e-05,0.999918,2e-05
2116,2117,brain_tumor_figshare/2117.mat,MR034997,3,1,Gliom,1,Gliom,evet,0.000104,0.999879,1.7e-05
2117,2118,brain_tumor_figshare/2118.mat,MR034997,3,1,Gliom,1,Gliom,evet,0.000107,0.999875,1.7e-05
2118,2119,brain_tumor_figshare/2119.mat,MR029209E,5,1,Gliom,1,Gliom,evet,7.2e-05,0.999814,0.000114
2119,2120,brain_tumor_figshare/2120.mat,MR029209E,5,1,Gliom,1,Gliom,evet,0.000138,0.999575,0.000287
2120,2121,brain_tumor_figshare/2121.mat,MR029209E,5,1,Gliom,1,Gliom,evet,0.000216,0.999476,0.000308
2121,2122,brain_tumor_figshare/2122.mat,MR029209E,5,1,Gliom,1,Gliom,evet,0.000219,0.999616,0.000165
2122,2123,brain_tumor_figshare/2123.mat,MR029209E,5,1,Gliom,1,Gliom,evet,8.2e-05,0.999864,5.4e-05
2123,2124,brain_tumor_figshare/2124.mat,MR029209E,5,1,Gliom,1,Gliom,evet,8.5e-05,0.999842,7.3e-05
2124,2125,brain_tumor_figshare/2125.mat,MR029209E,5,1,Gliom,1,Gliom,evet,3.7e-05,0.999923,4e-05
2125,2126,brain_tumor_figshare/2126.mat,MR029209E,5,1,Gliom,1,Gliom,evet,0.000269,0.999591,0.00014
2126,2127,brain_tumor_figshare/2127.mat,MR029209E,5,1,Gliom,1,Gliom,evet,0.000506,0.999391,0.000102
2127,2128,brain_tumor_figshare/2128.mat,MR053110E,1,1,Gliom,1,Gliom,evet,0.00565,0.91233,0.08202
2128,2129,brain_tumor_figshare/2129.mat,MR053110E,1,1,Gliom,1,Gliom,evet,0.000386,0.998322,0.001292
2129,2130,brain_tumor_figshare/2130.mat,MR053110E,1,1,Gliom,1,Gliom,evet,1.9e-05,0.999927,5.3e-05
2130,2131,brain_tumor_figshare/2131.mat,MR053110E,1,1,Gliom,1,Gliom,evet,3.8e-05,0.999766,0.000196
2131,2132,brain_tumor_figshare/2132.mat,MR053110E,1,1,Gliom,1,Gliom,evet,0.000219,0.999396,0.000385
2132,2133,brain_tumor_figshare/2133.mat,MR053110E,1,1,Gliom,1,Gliom,evet,4.8e-05,0.999876,7.6e-05
2133,2134,brain_tumor_figshare/2134.mat,MR049019G,3,1,Gliom,1,Gliom,evet,1.9e-05,0.999926,5.5e-05
2134,2135,brain_tumor_figshare/2135.mat,MR049019G,3,1,Gliom,1,Gliom,evet,8.9e-05,0.999851,6e-05
2135,2136,brain_tumor_figshare/2136.mat,MR049019G,3,1,Gliom,1,Gliom,evet,8.5e-05,0.999832,8.3e-05
2136,2137,brain_tumor_figshare/2137.mat,MR049019G,3,1,Gliom,1,Gliom,evet,0.000118,0.999808,7.4e-05
2137,2138,brain_tumor_figshare/2138.mat,MR049019G,3,1,Gliom,1,Gliom,evet,0.000102,0.999848,5.1e-05
2138,2139,brain_tumor_figshare/2139.mat,MR049019G,3,1,Gliom,1,Gliom,evet,8.4e-05,0.999892,2.4e-05
2139,2140,brain_tumor_figshare/2140.mat,MR049019G,3,1,Gliom,1,Gliom,evet,0.000803,0.999097,0.0001
2140,2141,brain_tumor_figshare/2141.mat,MR031409B,2,1,Gliom,1,Gliom,evet,3.2e-05,0.999943,2.6e-05
2141,2142,brain_tumor_figshare/2142.mat,MR031409B,2,1,Gliom,1,Gliom,evet,0.000189,0.999757,5.4e-05
2142,2143,brain_tumor_figshare/2143.mat,MR031409B,2,1,Gliom,1,Gliom,evet,0.002052,0.997876,7.2e-05
2143,2144,brain_tumor_figshare/2144.mat,MR024780D,1,1,Gliom,1,Gliom,evet,3.4e-05,0.999919,4.7e-05
2144,2145,brain_tumor_figshare/2145.mat,MR024780D,1,1,Gliom,1,Gliom,evet,3.3e-05,0.999896,7.2e-05
2145,2146,brain_tumor_figshare/2146.mat,MR038469,3,1,Gliom,1,Gliom,evet,0.127207,0.872371,0.000422
2146,2147,brain_tumor_figshare/2147.mat,MR038469,3,1,Gliom,1,Gliom,evet,0.01078,0.988643,0.000577
2147,2148,brain_tumor_figshare/2148.mat,MR038469,3,1,Gliom,1,Gliom,evet,0.002814,0.997069,0.000117
2148,2149,brain_tumor_figshare/2149.mat,MR038469,3,1,Gliom,1,Gliom,evet,0.024422,0.974538,0.00104
2149,2150,brain_tumor_figshare/2150.mat,MR038469,3,1,Gliom,1,Gliom,evet,0.000162,0.999819,1.9e-05
2150,2151,brain_tumor_figshare/2151.mat,MR038469,3,1,Gliom,1,Gliom,evet,9e-05,0.999886,2.4e-05
2151,2152,brain_tumor_figshare/2152.mat,MR038469,3,1,Gliom,1,Gliom,evet,0.000248,0.999691,6.2e-05
2152,2153,brain_tumor_figshare/2153.mat,MR032322C,2,1,Gliom,1,Gliom,evet,4.3e-05,0.99988,7.7e-05
2153,2154,brain_tumor_figshare/2154.mat,MR032322C,2,1,Gliom,1,Gliom,evet,1.5e-05,0.999953,3.2e-05
2154,2155,brain_tumor_figshare/2155.mat,MR032322C,2,1,Gliom,1,Gliom,evet,2e-05,0.999908,7.2e-05
2155,2156,brain_tumor_figshare/2156.mat,MR032322C,2,1,Gliom,1,Gliom,evet,1e-06,0.999995,4e-06
2156,2157,brain_tumor_figshare/2157.mat,MR032322C,2,1,Gliom,1,Gliom,evet,9e-06,0.999972,1.9e-05
2157,2158,brain_tumor_figshare/2158.mat,MR032322C,2,1,Gliom,1,Gliom,evet,2.7e-05,0.99992,5.3e-05
2158,2159,brain_tumor_figshare/2159.mat,MR032322C,2,1,Gliom,1,Gliom,evet,1.5e-05,0.999947,3.8e-05
2159,2160,brain_tumor_figshare/2160.mat,MR032322C,2,1,Gliom,1,Gliom,evet,1.1e-05,0.999947,4.2e-05
2160,2161,brain_tumor_figshare/2161.mat,MR032322C,2,1,Gliom,1,Gliom,evet,9e-06,0.999975,1.6e-05
2161,2162,brain_tumor_figshare/2162.mat,MR032322C,2,1,Gliom,1,Gliom,evet,2.1e-05,0.999954,2.4e-05
2162,2163,brain_tumor_figshare/2163.mat,MR032322C,2,1,Gliom,1,Gliom,evet,2e-05,0.99995,3e-05
2163,2164,brain_tumor_figshare/2164.mat,MR032322C,2,1,Gliom,1,Gliom,evet,8e-06,0.999969,2.3e-05
2164,2165,brain_tumor_figshare/2165.mat,MR032322C,2,1,Gliom,1,Gliom,evet,9e-06,0.999968,2.3e-05
2165,2166,brain_tumor_figshare/2166.mat,MR037458B,2,1,Gliom,1,Gliom,evet,0.216977,0.747236,0.035787
2166,2167,brain_tumor_figshare/2167.mat,MR037458B,2,1,Gliom,1,Gliom,evet,0.197556,0.783349,0.019095
2167,2168,brain_tumor_figshare/2168.mat,MR037458B,2,1,Gliom,1,Gliom,evet,0.4365,0.554768,0.008733
2168,2169,brain_tumor_figshare/2169.mat,MR037458B,2,1,Gliom,0,Meningiom,hayır,0.500026,0.496854,0.00312
2169,2170,brain_tumor_figshare/2170.mat,MR037458B,2,1,Gliom,0,Meningiom,hayır,0.991892,0.007922,0.000186
2170,2171,brain_tumor_figshare/2171.mat,MR037458B,2,1,Gliom,0,Meningiom,hayır,0.786078,0.213696,0.000225
2171,2172,brain_tumor_figshare/2172.mat,MR037458B,2,1,Gliom,0,Meningiom,hayır,0.99779,0.002181,2.9e-05
2172,2173,brain_tumor_figshare/2173.mat,MR037458B,2,1,Gliom,0,Meningiom,hayır,0.998354,0.001627,1.9e-05
2173,2174,brain_tumor_figshare/2174.mat,MR039473,4,1,Gliom,1,Gliom,evet,0.004427,0.994749,0.000824
2174,2175,brain_tumor_figshare/2175.mat,MR039473,4,1,Gliom,1,Gliom,evet,0.009549,0.989796,0.000655
2175,2176,brain_tumor_figshare/2176.mat,MR039473,4,1,Gliom,1,Gliom,evet,0.016185,0.982848,0.000966
2176,2177,brain_tumor_figshare/2177.mat,MR039473,4,1,Gliom,1,Gliom,evet,0.004773,0.994671,0.000556
2177,2178,brain_tumor_figshare/2178.mat,MR039473,4,1,Gliom,1,Gliom,evet,0.025263,0.973846,0.000891
2178,2179,brain_tumor_figshare/2179.mat,MR039473B,2,1,Gliom,1,Gliom,evet,5.6e-05,0.999855,9e-05
2179,2180,brain_tumor_figshare/2180.mat,MR039473B,2,1,Gliom,1,Gliom,evet,1.2e-05,0.999963,2.4e-05
2180,2181,brain_tumor_figshare/2181.mat,MR039473B,2,1,Gliom,1,Gliom,evet,4e-06,0.999959,3.6e-05
2181,2182,brain_tumor_figshare/2182.mat,MR039473B,2,1,Gliom,1,Gliom,evet,1.5e-05,0.999936,4.9e-05
2182,2183,brain_tumor_figshare/2183.mat,MR039473B,2,1,Gliom,1,Gliom,evet,4.6e-05,0.999859,9.5e-05
2183,2184,brain_tumor_figshare/2184.mat,MR039473B,2,1,Gliom,1,Gliom,evet,0.000811,0.998922,0.000267
2184,2185,brain_tumor_figshare/2185.mat,MR039473B,2,1,Gliom,1,Gliom,evet,0.000142,0.99979,6.8e-05
2185,2186,brain_tumor_figshare/2186.mat,MR037458C,4,1,Gliom,1,Gliom,evet,0.014513,0.981663,0.003825
2186,2187,brain_tumor_figshare/2187.mat,MR037458C,4,1,Gliom,1,Gliom,evet,0.005209,0.993859,0.000932
2187,2188,brain_tumor_figshare/2188.mat,MR037458C,4,1,Gliom,1,Gliom,evet,0.139855,0.854191,0.005953
2188,2189,brain_tumor_figshare/2189.mat,MR037458C,4,1,Gliom,1,Gliom,evet,0.001833,0.997876,0.000291
2189,2190,brain_tumor_figshare/2190.mat,MR037458C,4,1,Gliom,1,Gliom,evet,0.001186,0.998721,9.4e-05
2190,2191,brain_tumor_figshare/2191.mat,MR037458C,4,1,Gliom,1,Gliom,evet,0.001002,0.998864,0.000135
2191,2192,brain_tumor_figshare/2192.mat,MR037458C,4,1,Gliom,1,Gliom,evet,0.020624,0.978787,0.000589
2192,2193,brain_tumor_figshare/2193.mat,MR037458C,4,1,Gliom,1,Gliom,evet,0.000803,0.999144,5.2e-05
2193,2194,brain_tumor_figshare/2194.mat,MR037458C,4,1,Gliom,1,Gliom,evet,0.002036,0.99788,8.4e-05
2194,2195,brain_tumor_figshare/2195.mat,MR037458C,4,1,Gliom,1,Gliom,evet,0.00069,0.999266,4.4e-05
2195,2196,brain_tumor_figshare/2196.mat,MR040240,5,1,Gliom,1,Gliom,evet,0.000298,0.998247,0.001455
2196,2197,brain_tumor_figshare/2197.mat,MR040240,5,1,Gliom,1,Gliom,evet,0.000517,0.997256,0.002226
2197,2198,brain_tumor_figshare/2198.mat,MR040240,5,1,Gliom,1,Gliom,evet,0.000108,0.999741,0.000151
2198,2199,brain_tumor_figshare/2199.mat,MR040240,5,1,Gliom,1,Gliom,evet,2.2e-05,0.999922,5.6e-05
2199,2200,brain_tumor_figshare/2200.mat,MR040240,5,1,Gliom,1,Gliom,evet,0.000482,0.999328,0.000189
2200,2201,brain_tumor_figshare/2201.mat,MR040240,5,1,Gliom,1,Gliom,evet,0.000263,0.999628,0.000109
2201,2202,brain_tumor_figshare/2202.mat,MR040240,5,1,Gliom,1,Gliom,evet,0.003415,0.996242,0.000344
2202,2203,brain_tumor_figshare/2203.mat,MR040240,5,1,Gliom,1,Gliom,evet,0.000456,0.999282,0.000261
2203,2204,brain_tumor_figshare/2204.mat,MR040240,5,1,Gliom,1,Gliom,evet,0.003642,0.996101,0.000256
2204,2205,brain_tumor_figshare/2205.mat,MR040240,5,1,Gliom,1,Gliom,evet,0.001579,0.998168,0.000253
2205,2206,brain_tumor_figshare/2206.mat,MR040240B,3,1,Gliom,1,Gliom,evet,7.6e-05,0.999782,0.000142
2206,2207,brain_tumor_figshare/2207.mat,MR040240B,3,1,Gliom,1,Gliom,evet,8.1e-05,0.999887,3.2e-05
2207,2208,brain_tumor_figshare/2208.mat,MR040240B,3,1,Gliom,1,Gliom,evet,2.6e-05,0.99996,1.4e-05
2208,2209,brain_tumor_figshare/2209.mat,MR040240B,3,1,Gliom,1,Gliom,evet,2.7e-05,0.999942,3e-05
2209,2210,brain_tumor_figshare/2210.mat,MR040240B,3,1,Gliom,1,Gliom,evet,1.6e-05,0.999972,1.2e-05
2210,2211,brain_tumor_figshare/2211.mat,MR040240B,3,1,Gliom,1,Gliom,evet,0.000121,0.999833,4.6e-05
2211,2212,brain_tumor_figshare/2212.mat,MR040240B,3,1,Gliom,1,Gliom,evet,2.6e-05,0.999942,3.2e-05
2212,2213,brain_tumor_figshare/2213.mat,MR040240B,3,1,Gliom,1,Gliom,evet,3.8e-05,0.999898,6.3e-05
2213,2214,brain_tumor_figshare/2214.mat,MR040240B,3,1,Gliom,1,Gliom,evet,0.000213,0.999746,4e-05
2214,2215,brain_tumor_figshare/2215.mat,MR040240B,3,1,Gliom,1,Gliom,evet,0.000239,0.999687,7.5e-05
2215,2216,brain_tumor_figshare/2216.mat,MR029209G,5,1,Gliom,1,Gliom,evet,5.3e-05,0.99982,0.000127
2216,2217,brain_tumor_figshare/2217.mat,MR029209G,5,1,Gliom,1,Gliom,evet,3e-05,0.99992,5e-05
2217,2218,brain_tumor_figshare/2218.mat,MR029209G,5,1,Gliom,1,Gliom,evet,4.1e-05,0.999895,6.3e-05
2218,2219,brain_tumor_figshare/2219.mat,MR029209G,5,1,Gliom,1,Gliom,evet,3.3e-05,0.999885,8.2e-05
2219,2220,brain_tumor_figshare/2220.mat,MR029209G,5,1,Gliom,1,Gliom,evet,2.3e-05,0.99992,5.7e-05
2220,2221,brain_tumor_figshare/2221.mat,MR029209G,5,1,Gliom,1,Gliom,evet,0.000356,0.999459,0.000185
2221,2222,brain_tumor_figshare/2222.mat,MR029209G,5,1,Gliom,1,Gliom,evet,0.00266,0.997015,0.000326
2222,2223,brain_tumor_figshare/2223.mat,MR029209G,5,1,Gliom,1,Gliom,evet,0.002929,0.996943,0.000128
2223,2224,brain_tumor_figshare/2224.mat,MR036496B,3,1,Gliom,1,Gliom,evet,0.003107,0.996661,0.000233
2224,2225,brain_tumor_figshare/2225.mat,MR036496B,3,1,Gliom,1,Gliom,evet,0.00248,0.997394,0.000127
2225,2226,brain_tumor_figshare/2226.mat,MR036496B,3,1,Gliom,1,Gliom,evet,0.00164,0.998267,9.2e-05
2226,2227,brain_tumor_figshare/2227.mat,MR036496B,3,1,Gliom,1,Gliom,evet,0.001181,0.998755,6.3e-05
2227,2228,brain_tumor_figshare/2228.mat,MR036496B,3,1,Gliom,1,Gliom,evet,5.7e-05,0.999925,1.8e-05
2228,2229,brain_tumor_figshare/2229.mat,MR036496B,3,1,Gliom,1,Gliom,evet,0.00024,0.999736,2.4e-05
2229,2230,brain_tumor_figshare/2230.mat,MR033420,5,1,Gliom,1,Gliom,evet,5e-06,0.999927,6.8e-05
2230,2231,brain_tumor_figshare/2231.mat,MR033420,5,1,Gliom,1,Gliom,evet,6.1e-05,0.999786,0.000153
2231,2232,brain_tumor_figshare/2232.mat,MR033420,5,1,Gliom,1,Gliom,evet,4.9e-05,0.999681,0.00027
2232,2233,brain_tumor_figshare/2233.mat,MR033420,5,1,Gliom,1,Gliom,evet,1.4e-05,0.999943,4.2e-05
2233,2234,brain_tumor_figshare/2234.mat,MR033420,5,1,Gliom,1,Gliom,evet,1.1e-05,0.999952,3.7e-05
2234,2235,brain_tumor_figshare/2235.mat,MR033420,5,1,Gliom,1,Gliom,evet,3e-06,0.999985,1.2e-05
2235,2236,brain_tumor_figshare/2236.mat,MR033420,5,1,Gliom,1,Gliom,evet,4e-06,0.999984,1.1e-05
2236,2237,brain_tumor_figshare/2237.mat,MR024780B,1,1,Gliom,1,Gliom,evet,3.9e-05,0.999862,9.9e-05
2237,2238,brain_tumor_figshare/2238.mat,MR024780B,1,1,Gliom,1,Gliom,evet,6.3e-05,0.999808,0.000129
2238,2239,brain_tumor_figshare/2239.mat,MR024780B,1,1,Gliom,1,Gliom,evet,3.4e-05,0.999874,9.2e-05
2239,2240,brain_tumor_figshare/2240.mat,MR024780B,1,1,Gliom,1,Gliom,evet,0.000106,0.999619,0.000275
2240,2241,brain_tumor_figshare/2241.mat,MR033389B,4,1,Gliom,1,Gliom,evet,0.00024,0.999699,6.1e-05
2241,2242,brain_tumor_figshare/2242.mat,MR048994,2,1,Gliom,1,Gliom,evet,5.5e-05,0.999886,5.9e-05
2242,2243,brain_tumor_figshare/2243.mat,MR048994,2,1,Gliom,1,Gliom,evet,0.291222,0.708027,0.000751
2243,2244,brain_tumor_figshare/2244.mat,MR049104,1,1,Gliom,1,Gliom,evet,1.3e-05,0.999956,3e-05
2244,2245,brain_tumor_figshare/2245.mat,MR049104,1,1,Gliom,1,Gliom,evet,4.2e-05,0.999915,4.2e-05
2245,2246,brain_tumor_figshare/2246.mat,MR049104,1,1,Gliom,1,Gliom,evet,3.3e-05,0.999855,0.000113
2246,2247,brain_tumor_figshare/2247.mat,MR049142,5,1,Gliom,1,Gliom,evet,0.0071,0.989375,0.003525
2247,2248,brain_tumor_figshare/2248.mat,MR049142,5,1,Gliom,1,Gliom,evet,0.002759,0.996635,0.000606
2248,2249,brain_tumor_figshare/2249.mat,MR049142,5,1,Gliom,1,Gliom,evet,0.001168,0.996727,0.002105
2249,2250,brain_tumor_figshare/2250.mat,MR048994B,4,1,Gliom,1,Gliom,evet,7.2e-05,0.999892,3.6e-05
2250,2251,brain_tumor_figshare/2251.mat,MR048994B,4,1,Gliom,1,Gliom,evet,6.4e-05,0.99991,2.7e-05
2251,2252,brain_tumor_figshare/2252.mat,MR048994B,4,1,Gliom,1,Gliom,evet,0.000213,0.999707,8e-05
2252,2253,brain_tumor_figshare/2253.mat,MR048994B,4,1,Gliom,1,Gliom,evet,7.5e-05,0.999901,2.5e-05
2253,2254,brain_tumor_figshare/2254.mat,MR048944B,5,1,Gliom,1,Gliom,evet,4.1e-05,0.999916,4.3e-05
2254,2255,brain_tumor_figshare/2255.mat,MR048944B,5,1,Gliom,1,Gliom,evet,1.1e-05,0.999973,1.6e-05
2255,2256,brain_tumor_figshare/2256.mat,MR048944B,5,1,Gliom,1,Gliom,evet,1e-05,0.999951,3.9e-05
2256,2257,brain_tumor_figshare/2257.mat,MR048944B,5,1,Gliom,1,Gliom,evet,1.1e-05,0.999896,9.2e-05
2257,2258,brain_tumor_figshare/2258.mat,MR048944B,5,1,Gliom,1,Gliom,evet,9e-06,0.999924,6.7e-05
2258,2259,brain_tumor_figshare/2259.mat,MR048944B,5,1,Gliom,1,Gliom,evet,1.4e-05,0.999897,9e-05
2259,2260,brain_tumor_figshare/2260.mat,MR048944B,5,1,Gliom,1,Gliom,evet,1e-05,0.999925,6.5e-05
2260,2261,brain_tumor_figshare/2261.mat,MR049358,3,1,Gliom,1,Gliom,evet,3e-06,0.99999,8e-06
2261,2262,brain_tumor_figshare/2262.mat,MR049358,3,1,Gliom,1,Gliom,evet,4.1e-05,0.999904,5.5e-05
2262,2263,brain_tumor_figshare/2263.mat,MR049358,3,1,Gliom,1,Gliom,evet,9e-06,0.999962,2.9e-05
2263,2264,brain_tumor_figshare/2264.mat,MR049358,3,1,Gliom,1,Gliom,evet,6e-06,0.999971,2.2e-05
2264,2265,brain_tumor_figshare/2265.mat,MR049358,3,1,Gliom,1,Gliom,evet,1e-05,0.999934,5.6e-05
2265,2266,brain_tumor_figshare/2266.mat,MR049358,3,1,Gliom,1,Gliom,evet,2.1e-05,0.999499,0.00048
2266,2267,brain_tumor_figshare/2267.mat,MR049358,3,1,Gliom,1,Gliom,evet,4.1e-05,0.998795,0.001164
2267,2268,brain_tumor_figshare/2268.mat,MR049358,3,1,Gliom,1,Gliom,evet,6.4e-05,0.999831,0.000105
2268,2269,brain_tumor_figshare/2269.mat,MR049358,3,1,Gliom,1,Gliom,evet,0.000207,0.999539,0.000254
2269,2270,brain_tumor_figshare/2270.mat,MR049453,2,1,Gliom,1,Gliom,evet,5.1e-05,0.999912,3.7e-05
2270,2271,brain_tumor_figshare/2271.mat,MR049453,2,1,Gliom,1,Gliom,evet,1.1e-05,0.999964,2.5e-05
2271,2272,brain_tumor_figshare/2272.mat,MR049453,2,1,Gliom,1,Gliom,evet,8e-06,0.999965,2.7e-05
2272,2273,brain_tumor_figshare/2273.mat,MR049453,2,1,Gliom,1,Gliom,evet,1.4e-05,0.999949,3.8e-05
2273,2274,brain_tumor_figshare/2274.mat,MR049453,2,1,Gliom,1,Gliom,evet,1.5e-05,0.999951,3.4e-05
2274,2275,brain_tumor_figshare/2275.mat,MR049453,2,1,Gliom,1,Gliom,evet,3.5e-05,0.999584,0.000381
2275,2276,brain_tumor_figshare/2276.mat,MR049453,2,1,Gliom,1,Gliom,evet,4.2e-05,0.999762,0.000196
2276,2277,brain_tumor_figshare/2277.mat,MR049453,2,1,Gliom,1,Gliom,evet,0.000119,0.999551,0.00033
2277,2278,brain_tumor_figshare/2278.mat,MR049453,2,1,Gliom,1,Gliom,evet,0.000267,0.999307,0.000426
2278,2279,brain_tumor_figshare/2279.mat,MR024780G,1,1,Gliom,1,Gliom,evet,0.000187,0.999753,6.1e-05
2279,2280,brain_tumor_figshare/2280.mat,MR024780G,1,1,Gliom,1,Gliom,evet,2.5e-05,0.999931,4.4e-05
2280,2281,brain_tumor_figshare/2281.mat,MR024780G,1,1,Gliom,1,Gliom,evet,1.7e-05,0.999947,3.6e-05
2281,2282,brain_tumor_figshare/2282.mat,MR024780G,1,1,Gliom,1,Gliom,evet,5e-06,0.999982,1.3e-05
2282,2283,brain_tumor_figshare/2283.mat,MR024780G,1,1,Gliom,1,Gliom,evet,3.1e-05,0.999934,3.5e-05
2283,2284,brain_tumor_figshare/2284.mat,MR024780G,1,1,Gliom,1,Gliom,evet,5.4e-05,0.999895,5.1e-05
2284,2285,brain_tumor_figshare/2285.mat,MR024780G,1,1,Gliom,1,Gliom,evet,2.6e-05,0.999905,6.9e-05
2285,2286,brain_tumor_figshare/2286.mat,MR049453B,1,1,Gliom,1,Gliom,evet,4.5e-05,0.99995,5e-06
2286,2287,brain_tumor_figshare/2287.mat,MR049453B,1,1,Gliom,1,Gliom,evet,0.001341,0.998621,3.8e-05
2287,2288,brain_tumor_figshare/2288.mat,MR049453B,1,1,Gliom,1,Gliom,evet,1.1e-05,0.999891,9.8e-05
2288,2289,brain_tumor_figshare/2289.mat,MR049453B,1,1,Gliom,1,Gliom,evet,1.7e-05,0.999913,7e-05
2289,2290,brain_tumor_figshare/2290.mat,MR049453B,1,1,Gliom,1,Gliom,evet,3.8e-05,0.999875,8.7e-05
2290,2291,brain_tumor_figshare/2291.mat,MR049453B,1,1,Gliom,1,Gliom,evet,5.8e-05,0.999762,0.00018
2291,2292,brain_tumor_figshare/2292.mat,MR049453B,1,1,Gliom,1,Gliom,evet,0.000267,0.999674,5.9e-05
2292,2293,brain_tumor_figshare/2293.mat,MR049453B,1,1,Gliom,1,Gliom,evet,0.000105,0.999855,4e-05
2293,2294,brain_tumor_figshare/2294.mat,MR049453B,1,1,Gliom,1,Gliom,evet,0.000726,0.999032,0.000241
2294,2295,brain_tumor_figshare/2295.mat,MR049453B,1,1,Gliom,1,Gliom,evet,0.003835,0.995413,0.000752
2295,2296,brain_tumor_figshare/2296.mat,MR049453B,1,1,Gliom,1,Gliom,evet,0.00026,0.99898,0.00076
2296,2297,brain_tumor_figshare/2297.mat,MR049453B,1,1,Gliom,1,Gliom,evet,0.000128,0.999528,0.000344
2297,2298,brain_tumor_figshare/2298.mat,MR049453B,1,1,Gliom,1,Gliom,evet,8e-06,0.999933,5.9e-05
2298,2299,brain_tumor_figshare/2299.mat,MR049453B,1,1,Gliom,1,Gliom,evet,3.4e-05,0.999831,0.000135
2299,2300,brain_tumor_figshare/2300.mat,MR050135B,2,1,Gliom,1,Gliom,evet,0.000235,0.999724,4.1e-05
2300,2301,brain_tumor_figshare/2301.mat,MR050135B,2,1,Gliom,1,Gliom,evet,0.000191,0.999748,6.2e-05
2301,2302,brain_tumor_figshare/2302.mat,MR050135B,2,1,Gliom,1,Gliom,evet,4.8e-05,0.999905,4.7e-05
2302,2303,brain_tumor_figshare/2303.mat,MR050135B,2,1,Gliom,1,Gliom,evet,0.000161,0.999735,0.000104
2303,2304,brain_tumor_figshare/2304.mat,MR050135B,2,1,Gliom,1,Gliom,evet,0.000141,0.999698,0.000161
2304,2305,brain_tumor_figshare/2305.mat,MR050135B,2,1,Gliom,1,Gliom,evet,0.000141,0.999558,0.000301
2305,2306,brain_tumor_figshare/2306.mat,MR050135B,2,1,Gliom,1,Gliom,evet,3.7e-05,0.999854,0.000109
2306,2307,brain_tumor_figshare/2307.mat,MR050135B,2,1,Gliom,1,Gliom,evet,1.6e-05,0.999657,0.000327
2307,2308,brain_tumor_figshare/2308.mat,MR050135B,2,1,Gliom,1,Gliom,evet,4.3e-05,0.9998,0.000157
2308,2309,brain_tumor_figshare/2309.mat,MR050135B,2,1,Gliom,1,Gliom,evet,0.000337,0.999501,0.000162
2309,2310,brain_tumor_figshare/2310.mat,MR050135B,2,1,Gliom,1,Gliom,evet,0.00054,0.99936,0.0001
2310,2311,brain_tumor_figshare/2311.mat,MR050687,1,1,Gliom,1,Gliom,evet,0.003339,0.9966,6.1e-05
2311,2312,brain_tumor_figshare/2312.mat,MR050687,1,1,Gliom,1,Gliom,evet,8.7e-05,0.999899,1.4e-05
2312,2313,brain_tumor_figshare/2313.mat,MR050687,1,1,Gliom,1,Gliom,evet,8.3e-05,0.999903,1.5e-05
2313,2314,brain_tumor_figshare/2314.mat,MR050687,1,1,Gliom,1,Gliom,evet,0.000144,0.999835,2.1e-05
2314,2315,brain_tumor_figshare/2315.mat,MR050687,1,1,Gliom,1,Gliom,evet,0.000172,0.999777,5e-05
2315,2316,brain_tumor_figshare/2316.mat,MR050687,1,1,Gliom,1,Gliom,evet,7.7e-05,0.999897,2.5e-05
2316,2317,brain_tumor_figshare/2317.mat,MR050791B,4,1,Gliom,0,Meningiom,hayır,0.514342,0.484203,0.001455
2317,2318,brain_tumor_figshare/2318.mat,MR050791B,4,1,Gliom,0,Meningiom,hayır,0.600839,0.39881,0.000351
2318,2319,brain_tumor_figshare/2319.mat,MR050791B,4,1,Gliom,0,Meningiom,hayır,0.504911,0.494797,0.000292
2319,2320,brain_tumor_figshare/2320.mat,MR050791B,4,1,Gliom,1,Gliom,evet,0.031889,0.967408,0.000703
2320,2321,brain_tumor_figshare/2321.mat,MR049019C,4,1,Gliom,1,Gliom,evet,0.001024,0.998261,0.000715
2321,2322,brain_tumor_figshare/2322.mat,MR049019C,4,1,Gliom,1,Gliom,evet,0.001731,0.997461,0.000808
2322,2323,brain_tumor_figshare/2323.mat,MR049019C,4,1,Gliom,1,Gliom,evet,0.002267,0.995298,0.002436
2323,2324,brain_tumor_figshare/2324.mat,MR049019C,4,1,Gliom,1,Gliom,evet,0.001613,0.99453,0.003857
2324,2325,brain_tumor_figshare/2325.mat,MR049019C,4,1,Gliom,1,Gliom,evet,0.005434,0.982277,0.012289
2325,2326,brain_tumor_figshare/2326.mat,MR026175C,4,1,Gliom,1,Gliom,evet,0.000422,0.999512,6.6e-05
2326,2327,brain_tumor_figshare/2327.mat,MR026175C,4,1,Gliom,1,Gliom,evet,0.000258,0.999681,6e-05
2327,2328,brain_tumor_figshare/2328.mat,MR026175C,4,1,Gliom,1,Gliom,evet,0.000458,0.999435,0.000107
2328,2329,brain_tumor_figshare/2329.mat,MR026175C,4,1,Gliom,1,Gliom,evet,0.000604,0.999326,7e-05
2329,2330,brain_tumor_figshare/2330.mat,MR026175C,4,1,Gliom,1,Gliom,evet,0.000802,0.999084,0.000114
2330,2331,brain_tumor_figshare/2331.mat,MR026175C,4,1,Gliom,1,Gliom,evet,0.001783,0.99811,0.000106
2331,2332,brain_tumor_figshare/2332.mat,MR026175C,4,1,Gliom,1,Gliom,evet,0.001085,0.998817,9.8e-05
2332,2333,brain_tumor_figshare/2333.mat,MR051461,2,1,Gliom,1,Gliom,evet,0.000499,0.999402,9.9e-05
2333,2334,brain_tumor_figshare/2334.mat,MR051461,2,1,Gliom,1,Gliom,evet,4.3e-05,0.999908,4.9e-05
2334,2335,brain_tumor_figshare/2335.mat,MR051461,2,1,Gliom,1,Gliom,evet,8e-05,0.999831,8.9e-05
2335,2336,brain_tumor_figshare/2336.mat,MR051461,2,1,Gliom,1,Gliom,evet,2.1e-05,0.999864,0.000115
2336,2337,brain_tumor_figshare/2337.mat,MR051461,2,1,Gliom,1,Gliom,evet,8.2e-05,0.999638,0.00028
2337,2338,brain_tumor_figshare/2338.mat,MR051461,2,1,Gliom,1,Gliom,evet,1.2e-05,0.999929,5.9e-05
2338,2339,brain_tumor_figshare/2339.mat,MR051461,2,1,Gliom,1,Gliom,evet,1.8e-05,0.999932,5e-05
2339,2340,brain_tumor_figshare/2340.mat,MR051461,2,1,Gliom,1,Gliom,evet,2.6e-05,0.999903,7.1e-05
2340,2341,brain_tumor_figshare/2341.mat,MR051461,2,1,Gliom,1,Gliom,evet,2.2e-05,0.999949,2.9e-05
2341,2342,brain_tumor_figshare/2342.mat,MR051586,5,1,Gliom,1,Gliom,evet,9.8e-05,0.999872,3e-05
2342,2343,brain_tumor_figshare/2343.mat,MR051586,5,1,Gliom,1,Gliom,evet,0.000297,0.999665,3.8e-05
2343,2344,brain_tumor_figshare/2344.mat,MR033389B,4,1,Gliom,1,Gliom,evet,0.000382,0.999529,9e-05
2344,2345,brain_tumor_figshare/2345.mat,MR033389B,4,1,Gliom,1,Gliom,evet,0.000504,0.999419,7.7e-05
2345,2346,brain_tumor_figshare/2346.mat,MR033389B,4,1,Gliom,1,Gliom,evet,0.00068,0.99927,5e-05
2346,2347,brain_tumor_figshare/2347.mat,MR033389B,4,1,Gliom,1,Gliom,evet,0.001311,0.998586,0.000103
2347,2348,brain_tumor_figshare/2348.mat,MR033389B,4,1,Gliom,1,Gliom,evet,0.001244,0.998679,7.7e-05
2348,2349,brain_tumor_figshare/2349.mat,MR024780E,4,1,Gliom,1,Gliom,evet,0.001349,0.998511,0.00014
2349,2350,brain_tumor_figshare/2350.mat,MR026175E,2,1,Gliom,1,Gliom,evet,6.2e-05,0.999892,4.6e-05
2350,2351,brain_tumor_figshare/2351.mat,MR026175E,2,1,Gliom,1,Gliom,evet,7.4e-05,0.999886,4e-05
2351,2352,brain_tumor_figshare/2352.mat,MR026175E,2,1,Gliom,1,Gliom,evet,6e-06,0.999972,2.1e-05
2352,2353,brain_tumor_figshare/2353.mat,MR026175E,2,1,Gliom,1,Gliom,evet,9e-06,0.999959,3.2e-05
2353,2354,brain_tumor_figshare/2354.mat,MR026175E,2,1,Gliom,1,Gliom,evet,3.8e-05,0.999923,4e-05
2354,2355,brain_tumor_figshare/2355.mat,MR026175E,2,1,Gliom,1,Gliom,evet,1.3e-05,0.999915,7.3e-05
2355,2356,brain_tumor_figshare/2356.mat,MR026175E,2,1,Gliom,1,Gliom,evet,1e-05,0.999947,4.3e-05
2356,2357,brain_tumor_figshare/2357.mat,MR026175E,2,1,Gliom,1,Gliom,evet,1.2e-05,0.999967,2.1e-05
2357,2358,brain_tumor_figshare/2358.mat,MR026175E,2,1,Gliom,1,Gliom,evet,1e-05,0.999979,1.1e-05
2358,2359,brain_tumor_figshare/2359.mat,MR026175E,2,1,Gliom,1,Gliom,evet,4e-06,0.999966,3e-05
2359,2360,brain_tumor_figshare/2360.mat,MR026175E,2,1,Gliom,1,Gliom,evet,7e-06,0.999941,5.2e-05
2360,2361,brain_tumor_figshare/2361.mat,MR026175E,2,1,Gliom,1,Gliom,evet,4e-06,0.999966,3.1e-05
2361,2362,brain_tumor_figshare/2362.mat,MR040240C,2,1,Gliom,1,Gliom,evet,2.1e-05,0.999956,2.3e-05
2362,2363,brain_tumor_figshare/2363.mat,MR040240C,2,1,Gliom,1,Gliom,evet,0.003701,0.99314,0.00316
2363,2364,brain_tumor_figshare/2364.mat,MR040240C,2,1,Gliom,1,Gliom,evet,0.000785,0.999083,0.000131
2364,2365,brain_tumor_figshare/2365.mat,MR040240C,2,1,Gliom,1,Gliom,evet,1.9e-05,0.999948,3.3e-05
2365,2366,brain_tumor_figshare/2366.mat,MR040240C,2,1,Gliom,1,Gliom,evet,1.2e-05,0.99997,1.7e-05
2366,2367,brain_tumor_figshare/2367.mat,MR040240C,2,1,Gliom,1,Gliom,evet,2.3e-05,0.999925,5.3e-05
2367,2368,brain_tumor_figshare/2368.mat,MR040240C,2,1,Gliom,1,Gliom,evet,0.000515,0.999397,8.8e-05
2368,2369,brain_tumor_figshare/2369.mat,MR040240C,2,1,Gliom,1,Gliom,evet,0.000176,0.999769,5.4e-05
2369,2370,brain_tumor_figshare/2370.mat,MR040240C,2,1,Gliom,1,Gliom,evet,0.000115,0.999703,0.000182
2370,2371,brain_tumor_figshare/2371.mat,MR040240C,2,1,Gliom,1,Gliom,evet,2.7e-05,0.999945,2.8e-05
2371,2372,brain_tumor_figshare/2372.mat,MR040240C,2,1,Gliom,1,Gliom,evet,7.3e-05,0.999846,8.1e-05
2372,2373,brain_tumor_figshare/2373.mat,MR040240D,4,1,Gliom,1,Gliom,evet,0.002212,0.997153,0.000635
2373,2374,brain_tumor_figshare/2374.mat,MR040240D,4,1,Gliom,1,Gliom,evet,0.000686,0.999158,0.000156
2374,2375,brain_tumor_figshare/2375.mat,MR040240D,4,1,Gliom,1,Gliom,evet,0.000974,0.99894,8.6e-05
2375,2376,brain_tumor_figshare/2376.mat,MR040240D,4,1,Gliom,1,Gliom,evet,0.000317,0.999653,3e-05
2376,2377,brain_tumor_figshare/2377.mat,MR040240D,4,1,Gliom,1,Gliom,evet,0.000721,0.999225,5.4e-05
2377,2378,brain_tumor_figshare/2378.mat,MR040240D,4,1,Gliom,1,Gliom,evet,0.000206,0.999768,2.5e-05
2378,2379,brain_tumor_figshare/2379.mat,MR040240D,4,1,Gliom,1,Gliom,evet,0.000527,0.999419,5.4e-05
2379,2380,brain_tumor_figshare/2380.mat,MR040240D,4,1,Gliom,1,Gliom,evet,0.000407,0.999562,3.2e-05
2380,2381,brain_tumor_figshare/2381.mat,MR040240D,4,1,Gliom,1,Gliom,evet,0.000339,0.999632,2.9e-05
2381,2382,brain_tumor_figshare/2382.mat,MR040240D,4,1,Gliom,1,Gliom,evet,0.000324,0.999647,2.9e-05
2382,2383,brain_tumor_figshare/2383.mat,MR040240D,4,1,Gliom,1,Gliom,evet,0.001843,0.99803,0.000127
2383,2384,brain_tumor_figshare/2384.mat,MR017260F,2,1,Gliom,1,Gliom,evet,7.1e-05,0.999908,2.1e-05
2384,2385,brain_tumor_figshare/2385.mat,MR017260F,2,1,Gliom,1,Gliom,evet,7.7e-05,0.999854,6.9e-05
2385,2386,brain_tumor_figshare/2386.mat,MR017260F,2,1,Gliom,1,Gliom,evet,8.2e-05,0.999882,3.5e-05
2386,2387,brain_tumor_figshare/2387.mat,MR017260F,2,1,Gliom,1,Gliom,evet,3.8e-05,0.999932,3e-05
2387,2388,brain_tumor_figshare/2388.mat,MR017260F,2,1,Gliom,1,Gliom,evet,3.9e-05,0.999946,1.5e-05
2388,2389,brain_tumor_figshare/2389.mat,MR017260F,2,1,Gliom,1,Gliom,evet,0.000124,0.999841,3.5e-05
2389,2390,brain_tumor_figshare/2390.mat,MR017260F,2,1,Gliom,1,Gliom,evet,3.4e-05,0.999956,1e-05
2390,2391,brain_tumor_figshare/2391.mat,MR017260F,2,1,Gliom,1,Gliom,evet,0.000285,0.999699,1.7e-05
2391,2392,brain_tumor_figshare/2392.mat,MR017260F,2,1,Gliom,1,Gliom,evet,0.000251,0.999709,4.1e-05
2392,2393,brain_tumor_figshare/2393.mat,MR017260F,2,1,Gliom,1,Gliom,evet,0.000832,0.999081,8.7e-05
2393,2394,brain_tumor_figshare/2394.mat,MR029209I,4,1,Gliom,1,Gliom,evet,0.000597,0.999257,0.000146
2394,2395,brain_tumor_figshare/2395.mat,MR029209I,4,1,Gliom,1,Gliom,evet,0.000414,0.99946,0.000126
2395,2396,brain_tumor_figshare/2396.mat,MR029209I,4,1,Gliom,1,Gliom,evet,0.000299,0.999613,8.8e-05
2396,2397,brain_tumor_figshare/2397.mat,MR029209I,4,1,Gliom,1,Gliom,evet,0.000294,0.999524,0.000182
2397,2398,brain_tumor_figshare/2398.mat,MR029209I,4,1,Gliom,1,Gliom,evet,0.0001,0.999863,3.7e-05
2398,2399,brain_tumor_figshare/2399.mat,MR029209I,4,1,Gliom,1,Gliom,evet,6.7e-05,0.99992,1.3e-05
2399,2400,brain_tumor_figshare/2400.mat,MR029209I,4,1,Gliom,1,Gliom,evet,7.8e-05,0.999901,2.1e-05
2400,2401,brain_tumor_figshare/2401.mat,MR029209I,4,1,Gliom,1,Gliom,evet,0.000908,0.999041,5.1e-05
2401,2402,brain_tumor_figshare/2402.mat,MR029209I,4,1,Gliom,1,Gliom,evet,0.001925,0.997963,0.000112
2402,2403,brain_tumor_figshare/2403.mat,MR048294,1,1,Gliom,1,Gliom,evet,5e-06,0.999986,9e-06
2403,2404,brain_tumor_figshare/2404.mat,MR048294,1,1,Gliom,1,Gliom,evet,2.3e-05,0.999949,2.8e-05
2404,2405,brain_tumor_figshare/2405.mat,MR048294,1,1,Gliom,1,Gliom,evet,4.2e-05,0.999883,7.4e-05
2405,2406,brain_tumor_figshare/2406.mat,MR048294,1,1,Gliom,1,Gliom,evet,7.5e-05,0.99985,7.5e-05
2406,2407,brain_tumor_figshare/2407.mat,MR048294,1,1,Gliom,1,Gliom,evet,0.000183,0.999674,0.000143
2407,2408,brain_tumor_figshare/2408.mat,MR048294,1,1,Gliom,1,Gliom,evet,4e-05,0.99982,0.00014
2408,2409,brain_tumor_figshare/2409.mat,MR048294,1,1,Gliom,1,Gliom,evet,9.8e-05,0.999686,0.000216
2409,2410,brain_tumor_figshare/2410.mat,MR048297,1,1,Gliom,1,Gliom,evet,1.1e-05,0.999977,1.2e-05
2410,2411,brain_tumor_figshare/2411.mat,MR048297,1,1,Gliom,1,Gliom,evet,0.00021,0.999708,8.2e-05
2411,2412,brain_tumor_figshare/2412.mat,MR048297,1,1,Gliom,1,Gliom,evet,0.000265,0.999569,0.000165
2412,2413,brain_tumor_figshare/2413.mat,MR048297,1,1,Gliom,1,Gliom,evet,0.000916,0.998665,0.000419
2413,2414,brain_tumor_figshare/2414.mat,MR048297,1,1,Gliom,1,Gliom,evet,0.00021,0.999611,0.00018
2414,2415,brain_tumor_figshare/2415.mat,MR048294B,5,1,Gliom,1,Gliom,evet,0.000228,0.999705,6.7e-05
2415,2416,brain_tumor_figshare/2416.mat,MR048294B,5,1,Gliom,1,Gliom,evet,1.5e-05,0.999954,3.1e-05
2416,2417,brain_tumor_figshare/2417.mat,MR048294B,5,1,Gliom,1,Gliom,evet,4.2e-05,0.999875,8.2e-05
2417,2418,brain_tumor_figshare/2418.mat,MR048294B,5,1,Gliom,1,Gliom,evet,2.5e-05,0.999948,2.7e-05
2418,2419,brain_tumor_figshare/2419.mat,MR048294B,5,1,Gliom,1,Gliom,evet,8.6e-05,0.99983,8.4e-05
2419,2420,brain_tumor_figshare/2420.mat,MR048621B,5,1,Gliom,1,Gliom,evet,6e-06,0.999971,2.3e-05
2420,2421,brain_tumor_figshare/2421.mat,MR048621B,5,1,Gliom,1,Gliom,evet,7e-06,0.999962,3.1e-05
2421,2422,brain_tumor_figshare/2422.mat,MR048621B,5,1,Gliom,1,Gliom,evet,8e-06,0.999933,6e-05
2422,2423,brain_tumor_figshare/2423.mat,MR048621B,5,1,Gliom,1,Gliom,evet,4e-06,0.999974,2.3e-05
2423,2424,brain_tumor_figshare/2424.mat,MR048621B,5,1,Gliom,1,Gliom,evet,4e-06,0.999979,1.7e-05
2424,2425,brain_tumor_figshare/2425.mat,MR048621B,5,1,Gliom,1,Gliom,evet,2.4e-05,0.999937,3.9e-05
2425,2426,brain_tumor_figshare/2426.mat,MR048944,5,1,Gliom,1,Gliom,evet,1.6e-05,0.999964,2.1e-05
2426,2427,brain_tumor_figshare/2427.mat,MR048944,5,1,Gliom,1,Gliom,evet,0.000156,0.999801,4.3e-05
2427,2428,brain_tumor_figshare/2428.mat,MR048944,5,1,Gliom,1,Gliom,evet,0.008577,0.991049,0.000374
2428,2429,brain_tumor_figshare/2429.mat,MR048944,5,1,Gliom,1,Gliom,evet,0.000157,0.999811,3.2e-05
2429,2430,brain_tumor_figshare/2430.mat,MR048944,5,1,Gliom,1,Gliom,evet,3.7e-05,0.999909,5.5e-05
2430,2431,brain_tumor_figshare/2431.mat,MR048944,5,1,Gliom,1,Gliom,evet,2.1e-05,0.999957,2.2e-05
2431,2432,brain_tumor_figshare/2432.mat,MR048944,5,1,Gliom,1,Gliom,evet,3.2e-05,0.999925,4.2e-05
2432,2433,brain_tumor_figshare/2433.mat,MR048944,5,1,Gliom,1,Gliom,evet,6.1e-05,0.999879,6e-05
2433,2434,brain_tumor_figshare/2434.mat,MR048944,5,1,Gliom,1,Gliom,evet,1.7e-05,0.999952,3.1e-05
2434,2435,brain_tumor_figshare/2435.mat,MR048994,2,1,Gliom,1,Gliom,evet,0.000145,0.99983,2.5e-05
2435,2436,brain_tumor_figshare/2436.mat,MR048994,2,1,Gliom,1,Gliom,evet,0.00037,0.999564,6.7e-05
2436,2437,brain_tumor_figshare/2437.mat,MR048994,2,1,Gliom,1,Gliom,evet,7.6e-05,0.999883,4.1e-05
2437,2438,brain_tumor_figshare/2438.mat,MR048994,2,1,Gliom,1,Gliom,evet,2.2e-05,0.999932,4.6e-05
2438,2439,brain_tumor_figshare/2439.mat,MR048994,2,1,Gliom,1,Gliom,evet,0.000195,0.999742,6.3e-05
2439,2440,brain_tumor_figshare/2440.mat,MR048994,2,1,Gliom,1,Gliom,evet,1.2e-05,0.999965,2.3e-05
2440,2441,brain_tumor_figshare/2441.mat,MR048994,2,1,Gliom,1,Gliom,evet,8.7e-05,0.999881,3.2e-05
2441,2442,brain_tumor_figshare/2442.mat,MR037458C,4,1,Gliom,1,Gliom,evet,0.011187,0.988608,0.000205
2442,2443,brain_tumor_figshare/2443.mat,MR040240,5,1,Gliom,1,Gliom,evet,0.000441,0.999437,0.000122
2443,2444,brain_tumor_figshare/2444.mat,MR040240,5,1,Gliom,1,Gliom,evet,6.4e-05,0.999867,7e-05
2444,2445,brain_tumor_figshare/2445.mat,MR040240,5,1,Gliom,1,Gliom,evet,0.001311,0.998523,0.000166
2445,2446,brain_tumor_figshare/2446.mat,MR040240,5,1,Gliom,1,Gliom,evet,8.7e-05,0.999769,0.000144
2446,2447,brain_tumor_figshare/2447.mat,MR040240,5,1,Gliom,1,Gliom,evet,0.001852,0.997372,0.000776
2447,2448,brain_tumor_figshare/2448.mat,MR040240,5,1,Gliom,1,Gliom,evet,0.000675,0.997684,0.001641
2448,2449,brain_tumor_figshare/2449.mat,MR040240,5,1,Gliom,1,Gliom,evet,4.6e-05,0.999789,0.000164
2449,2450,brain_tumor_figshare/2450.mat,MR040240,5,1,Gliom,1,Gliom,evet,1.6e-05,0.999906,7.8e-05
2450,2451,brain_tumor_figshare/2451.mat,MR040240,5,1,Gliom,1,Gliom,evet,3.7e-05,0.999819,0.000144
2451,2452,brain_tumor_figshare/2452.mat,MR040240,5,1,Gliom,1,Gliom,evet,0.00033,0.99947,0.0002
2452,2453,brain_tumor_figshare/2453.mat,MR040240B,3,1,Gliom,1,Gliom,evet,7e-06,0.999965,2.7e-05
2453,2454,brain_tumor_figshare/2454.mat,MR040240B,3,1,Gliom,1,Gliom,evet,2.6e-05,0.999899,7.6e-05
2454,2455,brain_tumor_figshare/2455.mat,MR040240B,3,1,Gliom,1,Gliom,evet,7e-06,0.999974,1.9e-05
2455,2456,brain_tumor_figshare/2456.mat,MR040240B,3,1,Gliom,1,Gliom,evet,3e-06,0.999982,1.5e-05
2456,2457,brain_tumor_figshare/2457.mat,MR040240B,3,1,Gliom,1,Gliom,evet,5e-06,0.999971,2.4e-05
2457,2458,brain_tumor_figshare/2458.mat,MR040240B,3,1,Gliom,1,Gliom,evet,2.1e-05,0.999901,7.7e-05
2458,2459,brain_tumor_figshare/2459.mat,MR040240B,3,1,Gliom,1,Gliom,evet,1.3e-05,0.999935,5.3e-05
2459,2460,brain_tumor_figshare/2460.mat,MR040240B,3,1,Gliom,1,Gliom,evet,8e-06,0.999961,3.1e-05
2460,2461,brain_tumor_figshare/2461.mat,MR040240B,3,1,Gliom,1,Gliom,evet,2.9e-05,0.999639,0.000333
2461,2462,brain_tumor_figshare/2462.mat,MR040240B,3,1,Gliom,1,Gliom,evet,7.2e-05,0.999786,0.000142
2462,2463,brain_tumor_figshare/2463.mat,MR029209G,5,1,Gliom,1,Gliom,evet,0.00111,0.998368,0.000523
2463,2464,brain_tumor_figshare/2464.mat,MR029209G,5,1,Gliom,1,Gliom,evet,0.000397,0.999525,7.8e-05
2464,2465,brain_tumor_figshare/2465.mat,MR029209G,5,1,Gliom,1,Gliom,evet,0.000189,0.99975,6.1e-05
2465,2466,brain_tumor_figshare/2466.mat,MR029209G,5,1,Gliom,1,Gliom,evet,5.8e-05,0.999911,3.1e-05
2466,2467,brain_tumor_figshare/2467.mat,MR029209G,5,1,Gliom,1,Gliom,evet,0.000333,0.999638,2.9e-05
2467,2468,brain_tumor_figshare/2468.mat,MR029209G,5,1,Gliom,1,Gliom,evet,0.000544,0.999413,4.3e-05
2468,2469,brain_tumor_figshare/2469.mat,MR029209G,5,1,Gliom,1,Gliom,evet,0.081644,0.91794,0.000416
2469,2470,brain_tumor_figshare/2470.mat,MR036496B,3,1,Gliom,1,Gliom,evet,1e-05,0.999975,1.5e-05
2470,2471,brain_tumor_figshare/2471.mat,MR036496B,3,1,Gliom,1,Gliom,evet,1.2e-05,0.999976,1.2e-05
2471,2472,brain_tumor_figshare/2472.mat,MR036496B,3,1,Gliom,1,Gliom,evet,0.000388,0.999573,3.9e-05
2472,2473,brain_tumor_figshare/2473.mat,MR036496B,3,1,Gliom,1,Gliom,evet,0.013413,0.986119,0.000468
2473,2474,brain_tumor_figshare/2474.mat,MR036496B,3,1,Gliom,1,Gliom,evet,0.025701,0.974153,0.000146
2474,2475,brain_tumor_figshare/2475.mat,MR036496B,3,1,Gliom,1,Gliom,evet,4.3e-05,0.999942,1.4e-05
2475,2476,brain_tumor_figshare/2476.mat,MR033420,5,1,Gliom,1,Gliom,evet,0.000692,0.998916,0.000392
2476,2477,brain_tumor_figshare/2477.mat,MR033420,5,1,Gliom,1,Gliom,evet,0.000858,0.998976,0.000166
2477,2478,brain_tumor_figshare/2478.mat,MR033420,5,1,Gliom,1,Gliom,evet,2e-06,0.999984,1.4e-05
2478,2479,brain_tumor_figshare/2479.mat,MR033420,5,1,Gliom,1,Gliom,evet,0.004676,0.995146,0.000177
2479,2480,brain_tumor_figshare/2480.mat,MR033420,5,1,Gliom,1,Gliom,evet,0.000319,0.999603,7.8e-05
2480,2481,brain_tumor_figshare/2481.mat,MR033420,5,1,Gliom,1,Gliom,evet,0.000154,0.99973,0.000115
2481,2482,brain_tumor_figshare/2482.mat,MR033420,5,1,Gliom,1,Gliom,evet,0.000137,0.999756,0.000107
2482,2483,brain_tumor_figshare/2483.mat,MR033420,5,1,Gliom,1,Gliom,evet,9.8e-05,0.999833,6.9e-05
2483,2484,brain_tumor_figshare/2484.mat,MR033420,5,1,Gliom,1,Gliom,evet,2e-06,0.999994,4e-06
2484,2485,brain_tumor_figshare/2485.mat,MR033420,5,1,Gliom,1,Gliom,evet,4e-06,0.999984,1.2e-05
2485,2486,brain_tumor_figshare/2486.mat,MR033420,5,1,Gliom,1,Gliom,evet,3e-06,0.999984,1.4e-05
2486,2487,brain_tumor_figshare/2487.mat,MR033389B,4,1,Gliom,1,Gliom,evet,0.001017,0.998907,7.6e-05
2487,2488,brain_tumor_figshare/2488.mat,MR033389B,4,1,Gliom,1,Gliom,evet,9e-05,0.999887,2.3e-05
2488,2489,brain_tumor_figshare/2489.mat,MR033389B,4,1,Gliom,1,Gliom,evet,0.000222,0.99972,5.8e-05
2489,2490,brain_tumor_figshare/2490.mat,MR033389B,4,1,Gliom,1,Gliom,evet,0.000107,0.99985,4.3e-05
2490,2491,brain_tumor_figshare/2491.mat,MR033389B,4,1,Gliom,1,Gliom,evet,0.000251,0.999682,6.7e-05
2491,2492,brain_tumor_figshare/2492.mat,MR033389B,4,1,Gliom,1,Gliom,evet,0.000899,0.998899,0.000201
2492,2493,brain_tumor_figshare/2493.mat,MR033389B,4,1,Gliom,1,Gliom,evet,0.002848,0.996132,0.001021
2493,2494,brain_tumor_figshare/2494.mat,MR033389B,4,1,Gliom,1,Gliom,evet,0.001448,0.99773,0.000822
2494,2495,brain_tumor_figshare/2495.mat,MR033389B,4,1,Gliom,1,Gliom,evet,0.001909,0.996657,0.001434
2495,2496,brain_tumor_figshare/2496.mat,MR024780E,4,1,Gliom,1,Gliom,evet,8.1e-05,0.999905,1.4e-05
2496,2497,brain_tumor_figshare/2497.mat,MR024780E,4,1,Gliom,1,Gliom,evet,9e-05,0.999886,2.4e-05
2497,2498,brain_tumor_figshare/2498.mat,MR024780E,4,1,Gliom,1,Gliom,evet,0.000101,0.99988,1.9e-05
2498,2499,brain_tumor_figshare/2499.mat,MR026175E,2,1,Gliom,1,Gliom,evet,0.000629,0.999228,0.000144
2499,2500,brain_tumor_figshare/2500.mat,MR026175E,2,1,Gliom,1,Gliom,evet,0.000476,0.999438,8.6e-05
2500,2501,brain_tumor_figshare/2501.mat,MR026175E,2,1,Gliom,1,Gliom,evet,0.001162,0.998609,0.000229
2501,2502,brain_tumor_figshare/2502.mat,MR026175E,2,1,Gliom,1,Gliom,evet,0.00021,0.99971,8e-05
2502,2503,brain_tumor_figshare/2503.mat,MR026175E,2,1,Gliom,1,Gliom,evet,0.001639,0.998233,0.000128
2503,2504,brain_tumor_figshare/2504.mat,MR026175E,2,1,Gliom,1,Gliom,evet,0.000432,0.999428,0.00014
2504,2505,brain_tumor_figshare/2505.mat,MR026175E,2,1,Gliom,1,Gliom,evet,3.5e-05,0.999938,2.6e-05
2505,2506,brain_tumor_figshare/2506.mat,MR026175E,2,1,Gliom,1,Gliom,evet,2.3e-05,0.999962,1.5e-05
2506,2507,brain_tumor_figshare/2507.mat,MR026175E,2,1,Gliom,1,Gliom,evet,0.000228,0.999692,8e-05
2507,2508,brain_tumor_figshare/2508.mat,MR026175E,2,1,Gliom,1,Gliom,evet,0.000112,0.999855,3.3e-05
2508,2509,brain_tumor_figshare/2509.mat,MR040240C,2,1,Gliom,1,Gliom,evet,7.7e-05,0.999829,9.4e-05
2509,2510,brain_tumor_figshare/2510.mat,MR040240C,2,1,Gliom,1,Gliom,evet,8e-05,0.999849,7.1e-05
2510,2511,brain_tumor_figshare/2511.mat,MR040240C,2,1,Gliom,1,Gliom,evet,0.000118,0.999847,3.5e-05
2511,2512,brain_tumor_figshare/2512.mat,MR040240C,2,1,Gliom,1,Gliom,evet,8.1e-05,0.999895,2.5e-05
2512,2513,brain_tumor_figshare/2513.mat,MR040240C,2,1,Gliom,1,Gliom,evet,4.9e-05,0.999921,2.9e-05
2513,2514,brain_tumor_figshare/2514.mat,MR040240C,2,1,Gliom,1,Gliom,evet,6e-05,0.999891,4.9e-05
2514,2515,brain_tumor_figshare/2515.mat,MR040240C,2,1,Gliom,1,Gliom,evet,0.01954,0.98021,0.00025
2515,2516,brain_tumor_figshare/2516.mat,MR040240C,2,1,Gliom,1,Gliom,evet,0.000114,0.999823,6.3e-05
2516,2517,brain_tumor_figshare/2517.mat,MR040240C,2,1,Gliom,1,Gliom,evet,2e-05,0.999963,1.7e-05
2517,2518,brain_tumor_figshare/2518.mat,MR040240C,2,1,Gliom,1,Gliom,evet,7.1e-05,0.999877,5.2e-05
2518,2519,brain_tumor_figshare/2519.mat,MR040240C,2,1,Gliom,1,Gliom,evet,5e-05,0.999852,9.9e-05
2519,2520,brain_tumor_figshare/2520.mat,MR040240C,2,1,Gliom,1,Gliom,evet,7e-06,0.999979,1.3e-05
2520,2521,brain_tumor_figshare/2521.mat,MR040240C,2,1,Gliom,1,Gliom,evet,4.8e-05,0.999937,1.5e-05
2521,2522,brain_tumor_figshare/2522.mat,MR040240C,2,1,Gliom,1,Gliom,evet,0.000115,0.999872,1.3e-05
2522,2523,brain_tumor_figshare/2523.mat,MR040240C,2,1,Gliom,1,Gliom,evet,9.2e-05,0.99989,1.8e-05
2523,2524,brain_tumor_figshare/2524.mat,MR017260F,2,1,Gliom,1,Gliom,evet,0.1096,0.890153,0.000248
2524,2525,brain_tumor_figshare/2525.mat,MR017260F,2,1,Gliom,1,Gliom,evet,0.003555,0.996372,7.3e-05
2525,2526,brain_tumor_figshare/2526.mat,MR017260F,2,1,Gliom,1,Gliom,evet,0.004209,0.995695,9.6e-05
2526,2527,brain_tumor_figshare/2527.mat,MR017260F,2,1,Gliom,1,Gliom,evet,5.2e-05,0.99989,5.9e-05
2527,2528,brain_tumor_figshare/2528.mat,MR017260F,2,1,Gliom,1,Gliom,evet,8e-06,0.999974,1.8e-05
2528,2529,brain_tumor_figshare/2529.mat,MR017260F,2,1,Gliom,1,Gliom,evet,1.1e-05,0.99997,1.8e-05
2529,2530,brain_tumor_figshare/2530.mat,MR029209I,4,1,Gliom,1,Gliom,evet,0.000189,0.999752,5.8e-05
2530,2531,brain_tumor_figshare/2531.mat,MR029209I,4,1,Gliom,1,Gliom,evet,0.000201,0.999756,4.3e-05
2531,2532,brain_tumor_figshare/2532.mat,MR029209I,4,1,Gliom,1,Gliom,evet,6.6e-05,0.999926,8e-06
2532,2533,brain_tumor_figshare/2533.mat,MR029209I,4,1,Gliom,1,Gliom,evet,0.000245,0.999729,2.6e-05
2533,2534,brain_tumor_figshare/2534.mat,MR029209I,4,1,Gliom,1,Gliom,evet,2.3e-05,0.999968,9e-06
2534,2535,brain_tumor_figshare/2535.mat,MR029209I,4,1,Gliom,1,Gliom,evet,4.4e-05,0.999947,9e-06
2535,2536,brain_tumor_figshare/2536.mat,MR029209I,4,1,Gliom,1,Gliom,evet,0.000106,0.999884,1.1e-05
2536,2537,brain_tumor_figshare/2537.mat,MR029209I,4,1,Gliom,1,Gliom,evet,0.000234,0.999758,8e-06
2537,2538,brain_tumor_figshare/2538.mat,MR029209I,4,1,Gliom,1,Gliom,evet,0.000598,0.999395,7e-06
2538,2539,brain_tumor_figshare/2539.mat,MR029209I,4,1,Gliom,1,Gliom,evet,0.00305,0.996929,2.1e-05
2539,2540,brain_tumor_figshare/2540.mat,MR048294,1,1,Gliom,1,Gliom,evet,0.000381,0.999554,6.5e-05
2540,2541,brain_tumor_figshare/2541.mat,MR048294,1,1,Gliom,1,Gliom,evet,0.000245,0.999675,7.9e-05
2541,2542,brain_tumor_figshare/2542.mat,MR048294,1,1,Gliom,1,Gliom,evet,0.002748,0.997099,0.000153
2542,2543,brain_tumor_figshare/2543.mat,MR048294,1,1,Gliom,1,Gliom,evet,0.005347,0.994504,0.000149
2543,2544,brain_tumor_figshare/2544.mat,MR048294,1,1,Gliom,1,Gliom,evet,0.010305,0.989586,0.000109
2544,2545,brain_tumor_figshare/2545.mat,MR048294,1,1,Gliom,1,Gliom,evet,0.003148,0.99663,0.000223
2545,2546,brain_tumor_figshare/2546.mat,MR051586,5,1,Gliom,1,Gliom,evet,0.000447,0.999494,5.9e-05
2546,2547,brain_tumor_figshare/2547.mat,MR051586,5,1,Gliom,1,Gliom,evet,0.000382,0.999556,6.2e-05
2547,2548,brain_tumor_figshare/2548.mat,MR051586,5,1,Gliom,1,Gliom,evet,0.000559,0.99937,7.2e-05
2548,2549,brain_tumor_figshare/2549.mat,MR051586,5,1,Gliom,1,Gliom,evet,6e-05,0.99991,2.9e-05
2549,2550,brain_tumor_figshare/2550.mat,MR051461B,4,1,Gliom,1,Gliom,evet,0.006137,0.993351,0.000513
2550,2551,brain_tumor_figshare/2551.mat,MR051461B,4,1,Gliom,1,Gliom,evet,0.008395,0.991476,0.00013
2551,2552,brain_tumor_figshare/2552.mat,MR051461B,4,1,Gliom,1,Gliom,evet,0.008106,0.99171,0.000184
2552,2553,brain_tumor_figshare/2553.mat,MR051461B,4,1,Gliom,1,Gliom,evet,0.07917,0.920305,0.000524
2553,2554,brain_tumor_figshare/2554.mat,MR051644,4,1,Gliom,1,Gliom,evet,0.000187,0.999763,4.9e-05
2554,2555,brain_tumor_figshare/2555.mat,MR051644,4,1,Gliom,1,Gliom,evet,0.000415,0.999523,6.2e-05
2555,2556,brain_tumor_figshare/2556.mat,MR051644,4,1,Gliom,1,Gliom,evet,0.000937,0.99905,1.3e-05
2556,2557,brain_tumor_figshare/2557.mat,MR051644,4,1,Gliom,1,Gliom,evet,0.000552,0.999435,1.3e-05
2557,2558,brain_tumor_figshare/2558.mat,MR051644,4,1,Gliom,1,Gliom,evet,0.000467,0.999367,0.000166
2558,2559,brain_tumor_figshare/2559.mat,MR051644,4,1,Gliom,1,Gliom,evet,0.000344,0.999607,4.9e-05
2559,2560,brain_tumor_figshare/2560.mat,MR051644,4,1,Gliom,1,Gliom,evet,0.000398,0.999571,3.2e-05
2560,2561,brain_tumor_figshare/2561.mat,MR051644,4,1,Gliom,1,Gliom,evet,0.000332,0.999644,2.4e-05
2561,2562,brain_tumor_figshare/2562.mat,MR051644,4,1,Gliom,1,Gliom,evet,0.000366,0.999606,2.7e-05
2562,2563,brain_tumor_figshare/2563.mat,MR051644,4,1,Gliom,1,Gliom,evet,9.9e-05,0.999892,8e-06
2563,2564,brain_tumor_figshare/2564.mat,MR051644,4,1,Gliom,1,Gliom,evet,8.3e-05,0.999911,5e-06
2564,2565,brain_tumor_figshare/2565.mat,MR051644,4,1,Gliom,1,Gliom,evet,0.000129,0.999867,4e-06
2565,2566,brain_tumor_figshare/2566.mat,MR051651,1,1,Gliom,1,Gliom,evet,0.000469,0.999523,8e-06
2566,2567,brain_tumor_figshare/2567.mat,MR051651,1,1,Gliom,1,Gliom,evet,0.000323,0.999666,1.1e-05
2567,2568,brain_tumor_figshare/2568.mat,MR051651,1,1,Gliom,1,Gliom,evet,0.007216,0.992746,3.8e-05
2568,2569,brain_tumor_figshare/2569.mat,MR051651,1,1,Gliom,1,Gliom,evet,0.000772,0.999191,3.7e-05
2569,2570,brain_tumor_figshare/2570.mat,MR051651,1,1,Gliom,1,Gliom,evet,0.000766,0.999153,8.1e-05
2570,2571,brain_tumor_figshare/2571.mat,MR051651,1,1,Gliom,1,Gliom,evet,0.000175,0.999783,4.2e-05
2571,2572,brain_tumor_figshare/2572.mat,MR051651,1,1,Gliom,1,Gliom,evet,0.001334,0.998427,0.000239
2572,2573,brain_tumor_figshare/2573.mat,MR051796,4,1,Gliom,1,Gliom,evet,0.001702,0.998163,0.000135
2573,2574,brain_tumor_figshare/2574.mat,MR051796,4,1,Gliom,1,Gliom,evet,0.001226,0.998204,0.00057
2574,2575,brain_tumor_figshare/2575.mat,MR051796,4,1,Gliom,1,Gliom,evet,0.001589,0.998168,0.000243
2575,2576,brain_tumor_figshare/2576.mat,MR051796,4,1,Gliom,1,Gliom,evet,0.001691,0.997964,0.000346
2576,2577,brain_tumor_figshare/2577.mat,MR051796,4,1,Gliom,1,Gliom,evet,0.001108,0.998655,0.000237
2577,2578,brain_tumor_figshare/2578.mat,MR051796,4,1,Gliom,1,Gliom,evet,0.002644,0.996678,0.000678
2578,2579,brain_tumor_figshare/2579.mat,MR051651B,3,1,Gliom,1,Gliom,evet,0.003761,0.996152,8.7e-05
2579,2580,brain_tumor_figshare/2580.mat,MR051651B,3,1,Gliom,1,Gliom,evet,0.000323,0.999625,5.2e-05
2580,2581,brain_tumor_figshare/2581.mat,MR051651B,3,1,Gliom,1,Gliom,evet,0.004263,0.995516,0.000221
2581,2582,brain_tumor_figshare/2582.mat,MR051651B,3,1,Gliom,1,Gliom,evet,0.002829,0.996913,0.000258
2582,2583,brain_tumor_figshare/2583.mat,MR051651B,3,1,Gliom,1,Gliom,evet,0.000477,0.998677,0.000846
2583,2584,brain_tumor_figshare/2584.mat,MR051651B,3,1,Gliom,1,Gliom,evet,0.000194,0.999607,0.000199
2584,2585,brain_tumor_figshare/2585.mat,MR051651B,3,1,Gliom,1,Gliom,evet,1.9e-05,0.999908,7.3e-05
2585,2586,brain_tumor_figshare/2586.mat,MR051796B,5,1,Gliom,1,Gliom,evet,4.2e-05,0.999907,5.1e-05
2586,2587,brain_tumor_figshare/2587.mat,MR051796B,5,1,Gliom,1,Gliom,evet,2.8e-05,0.999865,0.000107
2587,2588,brain_tumor_figshare/2588.mat,MR051796B,5,1,Gliom,1,Gliom,evet,4.7e-05,0.99981,0.000143
2588,2589,brain_tumor_figshare/2589.mat,MR052550,1,1,Gliom,1,Gliom,evet,4.9e-05,0.999707,0.000244
2589,2590,brain_tumor_figshare/2590.mat,MR052550,1,1,Gliom,1,Gliom,evet,3.3e-05,0.999828,0.000139
2590,2591,brain_tumor_figshare/2591.mat,MR052550,1,1,Gliom,1,Gliom,evet,0.000101,0.99967,0.000229
2591,2592,brain_tumor_figshare/2592.mat,MR052550,1,1,Gliom,1,Gliom,evet,3.3e-05,0.999876,9e-05
2592,2593,brain_tumor_figshare/2593.mat,MR052550,1,1,Gliom,1,Gliom,evet,2.5e-05,0.999933,4.2e-05
2593,2594,brain_tumor_figshare/2594.mat,MR052550,1,1,Gliom,1,Gliom,evet,2.7e-05,0.999944,2.8e-05
2594,2595,brain_tumor_figshare/2595.mat,MR051644C,4,1,Gliom,1,Gliom,evet,0.000433,0.999529,3.8e-05
2595,2596,brain_tumor_figshare/2596.mat,MR051644C,4,1,Gliom,1,Gliom,evet,0.000222,0.999761,1.7e-05
2596,2597,brain_tumor_figshare/2597.mat,MR051644C,4,1,Gliom,1,Gliom,evet,0.000167,0.999712,0.000121
2597,2598,brain_tumor_figshare/2598.mat,MR051644C,4,1,Gliom,1,Gliom,evet,0.000237,0.999568,0.000195
2598,2599,brain_tumor_figshare/2599.mat,MR051644C,4,1,Gliom,1,Gliom,evet,0.000128,0.999806,6.6e-05
2599,2600,brain_tumor_figshare/2600.mat,MR051644C,4,1,Gliom,1,Gliom,evet,0.000358,0.99963,1.2e-05
2600,2601,brain_tumor_figshare/2601.mat,MR051644C,4,1,Gliom,1,Gliom,evet,0.000176,0.999813,1.1e-05
2601,2602,brain_tumor_figshare/2602.mat,MR051644C,4,1,Gliom,1,Gliom,evet,0.000103,0.999874,2.3e-05
2602,2603,brain_tumor_figshare/2603.mat,MR051644C,4,1,Gliom,1,Gliom,evet,0.000387,0.999529,8.4e-05
2603,2604,brain_tumor_figshare/2604.mat,MR051644C,4,1,Gliom,1,Gliom,evet,0.000106,0.999865,2.9e-05
2604,2605,brain_tumor_figshare/2605.mat,MR051644C,4,1,Gliom,1,Gliom,evet,0.000136,0.999817,4.7e-05
2605,2606,brain_tumor_figshare/2606.mat,MR051644C,4,1,Gliom,1,Gliom,evet,0.000106,0.999852,4.3e-05
2606,2607,brain_tumor_figshare/2607.mat,MR051644C,4,1,Gliom,1,Gliom,evet,3.1e-05,0.999941,2.9e-05
2607,2608,brain_tumor_figshare/2608.mat,MR049942B,3,1,Gliom,1,Gliom,evet,2.6e-05,0.999574,0.0004
2608,2609,brain_tumor_figshare/2609.mat,MR049942B,3,1,Gliom,1,Gliom,evet,8.2e-05,0.999703,0.000215
2609,2610,brain_tumor_figshare/2610.mat,MR049942B,3,1,Gliom,1,Gliom,evet,9.8e-05,0.994635,0.005267
2610,2611,brain_tumor_figshare/2611.mat,MR049942B,3,1,Gliom,1,Gliom,evet,5.5e-05,0.999011,0.000933
2611,2612,brain_tumor_figshare/2612.mat,MR047953C,4,1,Gliom,1,Gliom,evet,0.000135,0.999619,0.000246
2612,2613,brain_tumor_figshare/2613.mat,MR047953C,4,1,Gliom,1,Gliom,evet,0.004755,0.986322,0.008923
2613,2614,brain_tumor_figshare/2614.mat,MR047953C,4,1,Gliom,1,Gliom,evet,0.014175,0.946583,0.039243
2614,2615,brain_tumor_figshare/2615.mat,MR047953C,4,1,Gliom,2,Hipofiz tümörü,hayır,0.010475,0.450371,0.539154
2615,2616,brain_tumor_figshare/2616.mat,MR047953C,4,1,Gliom,2,Hipofiz tümörü,hayır,0.005946,0.442045,0.552009
2616,2617,brain_tumor_figshare/2617.mat,MR053110B,1,1,Gliom,1,Gliom,evet,9.3e-05,0.999632,0.000274
2617,2618,brain_tumor_figshare/2618.mat,MR053110B,1,1,Gliom,1,Gliom,evet,5.4e-05,0.999825,0.000121
2618,2619,brain_tumor_figshare/2619.mat,MR053110B,1,1,Gliom,1,Gliom,evet,8.6e-05,0.999676,0.000238
2619,2620,brain_tumor_figshare/2620.mat,MR053110B,1,1,Gliom,1,Gliom,evet,5.7e-05,0.999809,0.000134
2620,2621,brain_tumor_figshare/2621.mat,MR053110B,1,1,Gliom,1,Gliom,evet,7.3e-05,0.999873,5.4e-05
2621,2622,brain_tumor_figshare/2622.mat,MR053110B,1,1,Gliom,1,Gliom,evet,2.9e-05,0.999899,7.2e-05
2622,2623,brain_tumor_figshare/2623.mat,MR053110B,1,1,Gliom,1,Gliom,evet,6.6e-05,0.999852,8.2e-05
2623,2624,brain_tumor_figshare/2624.mat,MR034694,2,1,Gliom,1,Gliom,evet,4.7e-05,0.999902,5.1e-05
2624,2625,brain_tumor_figshare/2625.mat,MR034694,2,1,Gliom,1,Gliom,evet,5e-06,0.999941,5.4e-05
2625,2626,brain_tumor_figshare/2626.mat,MR034694,2,1,Gliom,1,Gliom,evet,3e-05,0.999939,3e-05
2626,2627,brain_tumor_figshare/2627.mat,MR034694,2,1,Gliom,1,Gliom,evet,4.6e-05,0.999927,2.8e-05
2627,2628,brain_tumor_figshare/2628.mat,MR034694,2,1,Gliom,1,Gliom,evet,3.3e-05,0.999959,8e-06
2628,2629,brain_tumor_figshare/2629.mat,MR034694,2,1,Gliom,1,Gliom,evet,4e-06,0.999989,7e-06
2629,2630,brain_tumor_figshare/2630.mat,MR034694,2,1,Gliom,1,Gliom,evet,1e-05,0.999984,6e-06
2630,2631,brain_tumor_figshare/2631.mat,MR054683,4,1,Gliom,1,Gliom,evet,0.0006,0.998637,0.000763
2631,2632,brain_tumor_figshare/2632.mat,MR054683,4,1,Gliom,1,Gliom,evet,0.001696,0.997615,0.000689
2632,2633,brain_tumor_figshare/2633.mat,MR054683,4,1,Gliom,1,Gliom,evet,0.001837,0.997586,0.000576
2633,2634,brain_tumor_figshare/2634.mat,MR050687C,5,1,Gliom,1,Gliom,evet,2.5e-05,0.999928,4.8e-05
2634,2635,brain_tumor_figshare/2635.mat,MR050687C,5,1,Gliom,1,Gliom,evet,1.3e-05,0.999957,3e-05
2635,2636,brain_tumor_figshare/2636.mat,MR050687C,5,1,Gliom,1,Gliom,evet,1.1e-05,0.999965,2.4e-05
2636,2637,brain_tumor_figshare/2637.mat,MR050687C,5,1,Gliom,1,Gliom,evet,2.4e-05,0.999934,4.3e-05
2637,2638,brain_tumor_figshare/2638.mat,MR050687C,5,1,Gliom,1,Gliom,evet,6e-06,0.999967,2.7e-05
2638,2639,brain_tumor_figshare/2639.mat,MR050687C,5,1,Gliom,1,Gliom,evet,3.4e-05,0.999893,7.3e-05
2639,2640,brain_tumor_figshare/2640.mat,MR050687C,5,1,Gliom,1,Gliom,evet,8.4e-05,0.99968,0.000236
2640,2641,brain_tumor_figshare/2641.mat,MR049242C,5,1,Gliom,1,Gliom,evet,7e-06,0.999976,1.7e-05
2641,2642,brain_tumor_figshare/2642.mat,MR049242C,5,1,Gliom,1,Gliom,evet,7e-06,0.999979,1.4e-05
2642,2643,brain_tumor_figshare/2643.mat,MR049242C,5,1,Gliom,1,Gliom,evet,9e-06,0.999972,1.9e-05
2643,2644,brain_tumor_figshare/2644.mat,MR049242C,5,1,Gliom,1,Gliom,evet,9e-06,0.999977,1.4e-05
2644,2645,brain_tumor_figshare/2645.mat,MR049242C,5,1,Gliom,1,Gliom,evet,3e-06,0.999988,9e-06
2645,2646,brain_tumor_figshare/2646.mat,MR053241C,2,1,Gliom,1,Gliom,evet,0.001284,0.998683,3.3e-05
2646,2647,brain_tumor_figshare/2647.mat,MR053241C,2,1,Gliom,1,Gliom,evet,1.9e-05,0.999972,1e-05
2647,2648,brain_tumor_figshare/2648.mat,MR053241C,2,1,Gliom,1,Gliom,evet,0.000117,0.999857,2.6e-05
2648,2649,brain_tumor_figshare/2649.mat,MR053241C,2,1,Gliom,1,Gliom,evet,0.000119,0.999849,3.3e-05
2649,2650,brain_tumor_figshare/2650.mat,MR034997,3,1,Gliom,1,Gliom,evet,7e-06,0.999982,1.1e-05
2650,2651,brain_tumor_figshare/2651.mat,MR034997,3,1,Gliom,1,Gliom,evet,1.2e-05,0.999979,9e-06
2651,2652,brain_tumor_figshare/2652.mat,MR034997,3,1,Gliom,1,Gliom,evet,1.8e-05,0.999959,2.3e-05
2652,2653,brain_tumor_figshare/2653.mat,MR034997,3,1,Gliom,1,Gliom,evet,3.4e-05,0.999923,4.3e-05
2653,2654,brain_tumor_figshare/2654.mat,MR034997,3,1,Gliom,1,Gliom,evet,2.5e-05,0.999948,2.7e-05
2654,2655,brain_tumor_figshare/2655.mat,MR034997,3,1,Gliom,1,Gliom,evet,2.9e-05,0.999948,2.3e-05
2655,2656,brain_tumor_figshare/2656.mat,MR034997,3,1,Gliom,1,Gliom,evet,4.3e-05,0.99994,1.7e-05
2656,2657,brain_tumor_figshare/2657.mat,MR029209E,5,1,Gliom,1,Gliom,evet,2.8e-05,0.999951,2.1e-05
2657,2658,brain_tumor_figshare/2658.mat,MR029209E,5,1,Gliom,1,Gliom,evet,0.000225,0.999738,3.8e-05
2658,2659,brain_tumor_figshare/2659.mat,MR029209E,5,1,Gliom,1,Gliom,evet,0.002163,0.997679,0.000158
2659,2660,brain_tumor_figshare/2660.mat,MR029209E,5,1,Gliom,1,Gliom,evet,0.000466,0.999475,5.9e-05
2660,2661,brain_tumor_figshare/2661.mat,MR029209E,5,1,Gliom,1,Gliom,evet,0.003661,0.996244,9.5e-05
2661,2662,brain_tumor_figshare/2662.mat,MR029209E,5,1,Gliom,1,Gliom,evet,0.001668,0.998267,6.5e-05
2662,2663,brain_tumor_figshare/2663.mat,MR029209E,5,1,Gliom,1,Gliom,evet,0.006944,0.992942,0.000114
2663,2664,brain_tumor_figshare/2664.mat,MR053110E,1,1,Gliom,1,Gliom,evet,0.000124,0.999835,4.1e-05
2664,2665,brain_tumor_figshare/2665.mat,MR053110E,1,1,Gliom,1,Gliom,evet,0.000161,0.999753,8.6e-05
2665,2666,brain_tumor_figshare/2666.mat,MR053110E,1,1,Gliom,1,Gliom,evet,5.7e-05,0.999915,2.8e-05
2666,2667,brain_tumor_figshare/2667.mat,MR053110E,1,1,Gliom,1,Gliom,evet,0.000675,0.999258,6.7e-05
2667,2668,brain_tumor_figshare/2668.mat,MR053110E,1,1,Gliom,1,Gliom,evet,0.00033,0.999503,0.000168
2668,2669,brain_tumor_figshare/2669.mat,MR053110E,1,1,Gliom,1,Gliom,evet,8.4e-05,0.999831,8.5e-05
2669,2670,brain_tumor_figshare/2670.mat,MR053110E,1,1,Gliom,1,Gliom,evet,0.000173,0.999767,6e-05
2670,2671,brain_tumor_figshare/2671.mat,MR053110E,1,1,Gliom,1,Gliom,evet,0.00014,0.999798,6.2e-05
2671,2672,brain_tumor_figshare/2672.mat,MR053110E,1,1,Gliom,1,Gliom,evet,6.3e-05,0.999915,2.3e-05
2672,2673,brain_tumor_figshare/2673.mat,MR053110E,1,1,Gliom,1,Gliom,evet,1.1e-05,0.999973,1.5e-05
2673,2674,brain_tumor_figshare/2674.mat,MR053110E,1,1,Gliom,1,Gliom,evet,5.8e-05,0.999916,2.5e-05
2674,2675,brain_tumor_figshare/2675.mat,MR049019G,3,1,Gliom,1,Gliom,evet,9.8e-05,0.999739,0.000163
2675,2676,brain_tumor_figshare/2676.mat,MR049019G,3,1,Gliom,1,Gliom,evet,5e-05,0.999886,6.5e-05
2676,2677,brain_tumor_figshare/2677.mat,MR049019G,3,1,Gliom,1,Gliom,evet,2.4e-05,0.999808,0.000168
2677,2678,brain_tumor_figshare/2678.mat,MR031409B,2,1,Gliom,1,Gliom,evet,4.6e-05,0.999871,8.3e-05
2678,2679,brain_tumor_figshare/2679.mat,MR031409B,2,1,Gliom,1,Gliom,evet,2.6e-05,0.99992,5.4e-05
2679,2680,brain_tumor_figshare/2680.mat,MR024780D,1,1,Gliom,1,Gliom,evet,1.1e-05,0.999958,3.1e-05
2680,2681,brain_tumor_figshare/2681.mat,MR024780D,1,1,Gliom,1,Gliom,evet,1.5e-05,0.999961,2.4e-05
2681,2682,brain_tumor_figshare/2682.mat,MR038469,3,1,Gliom,1,Gliom,evet,2.1e-05,0.998549,0.001429
2682,2683,brain_tumor_figshare/2683.mat,MR038469,3,1,Gliom,1,Gliom,evet,6.3e-05,0.999426,0.000511
2683,2684,brain_tumor_figshare/2684.mat,MR038469,3,1,Gliom,1,Gliom,evet,2.2e-05,0.999708,0.00027
2684,2685,brain_tumor_figshare/2685.mat,MR038469,3,1,Gliom,1,Gliom,evet,3.5e-05,0.999832,0.000133
2685,2686,brain_tumor_figshare/2686.mat,MR038469,3,1,Gliom,1,Gliom,evet,4.6e-05,0.999916,3.8e-05
2686,2687,brain_tumor_figshare/2687.mat,MR038469,3,1,Gliom,1,Gliom,evet,7.2e-05,0.999888,4e-05
2687,2688,brain_tumor_figshare/2688.mat,MR032322C,2,1,Gliom,1,Gliom,evet,5.3e-05,0.999322,0.000625
2688,2689,brain_tumor_figshare/2689.mat,MR032322C,2,1,Gliom,1,Gliom,evet,5e-06,0.999992,3e-06
2689,2690,brain_tumor_figshare/2690.mat,MR032322C,2,1,Gliom,1,Gliom,evet,6e-06,0.999992,3e-06
2690,2691,brain_tumor_figshare/2691.mat,MR032322C,2,1,Gliom,1,Gliom,evet,2.6e-05,0.99997,3e-06
2691,2692,brain_tumor_figshare/2692.mat,MR032322C,2,1,Gliom,1,Gliom,evet,0.000317,0.999669,1.4e-05
2692,2693,brain_tumor_figshare/2693.mat,MR032322C,2,1,Gliom,0,Meningiom,hayır,0.987584,0.01232,9.5e-05
2693,2694,brain_tumor_figshare/2694.mat,MR032322C,2,1,Gliom,1,Gliom,evet,1.7e-05,0.999919,6.4e-05
2694,2695,brain_tumor_figshare/2695.mat,MR032322C,2,1,Gliom,1,Gliom,evet,1.1e-05,0.999956,3.3e-05
2695,2696,brain_tumor_figshare/2696.mat,MR032322C,2,1,Gliom,1,Gliom,evet,3e-05,0.99994,2.9e-05
2696,2697,brain_tumor_figshare/2697.mat,MR032322C,2,1,Gliom,1,Gliom,evet,1.2e-05,0.999969,1.9e-05
2697,2698,brain_tumor_figshare/2698.mat,MR032322C,2,1,Gliom,1,Gliom,evet,7e-06,0.999987,6e-06
2698,2699,brain_tumor_figshare/2699.mat,MR032322C,2,1,Gliom,1,Gliom,evet,9e-06,0.999981,1e-05
2699,2700,brain_tumor_figshare/2700.mat,MR032322C,2,1,Gliom,1,Gliom,evet,3.6e-05,0.99995,1.4e-05
2700,2701,brain_tumor_figshare/2701.mat,MR032322C,2,1,Gliom,1,Gliom,evet,1.3e-05,0.999973,1.4e-05
2701,2702,brain_tumor_figshare/2702.mat,MR037458B,2,1,Gliom,0,Meningiom,hayır,0.999965,3.1e-05,4e-06
2702,2703,brain_tumor_figshare/2703.mat,MR037458B,2,1,Gliom,0,Meningiom,hayır,0.984212,0.015758,2.9e-05
2703,2704,brain_tumor_figshare/2704.mat,MR037458B,2,1,Gliom,0,Meningiom,hayır,0.593174,0.40669,0.000136
2704,2705,brain_tumor_figshare/2705.mat,MR037458B,2,1,Gliom,1,Gliom,evet,0.014576,0.984644,0.00078
2705,2706,brain_tumor_figshare/2706.mat,MR037458B,2,1,Gliom,1,Gliom,evet,0.0966,0.903204,0.000196
2706,2707,brain_tumor_figshare/2707.mat,MR037458B,2,1,Gliom,0,Meningiom,hayır,0.813549,0.186372,7.9e-05
2707,2708,brain_tumor_figshare/2708.mat,MR037458B,2,1,Gliom,0,Meningiom,hayır,0.908367,0.091424,0.00021
2708,2709,brain_tumor_figshare/2709.mat,MR037458B,2,1,Gliom,1,Gliom,evet,0.024,0.975946,5.4e-05
2709,2710,brain_tumor_figshare/2710.mat,MR039473,4,1,Gliom,1,Gliom,evet,0.000845,0.999083,7.1e-05
2710,2711,brain_tumor_figshare/2711.mat,MR039473,4,1,Gliom,1,Gliom,evet,0.001798,0.998128,7.4e-05
2711,2712,brain_tumor_figshare/2712.mat,MR039473,4,1,Gliom,1,Gliom,evet,0.000193,0.999795,1.1e-05
2712,2713,brain_tumor_figshare/2713.mat,MR039473,4,1,Gliom,1,Gliom,evet,0.054957,0.944496,0.000546
2713,2714,brain_tumor_figshare/2714.mat,MR039473B,2,1,Gliom,1,Gliom,evet,8.9e-05,0.999856,5.5e-05
2714,2715,brain_tumor_figshare/2715.mat,MR039473B,2,1,Gliom,1,Gliom,evet,2e-05,0.99996,2e-05
2715,2716,brain_tumor_figshare/2716.mat,MR039473B,2,1,Gliom,1,Gliom,evet,5e-06,0.999973,2.2e-05
2716,2717,brain_tumor_figshare/2717.mat,MR039473B,2,1,Gliom,1,Gliom,evet,8e-06,0.999973,1.9e-05
2717,2718,brain_tumor_figshare/2718.mat,MR039473B,2,1,Gliom,1,Gliom,evet,1.5e-05,0.999952,3.3e-05
2718,2719,brain_tumor_figshare/2719.mat,MR039473B,2,1,Gliom,1,Gliom,evet,3.5e-05,0.999934,3.1e-05
2719,2720,brain_tumor_figshare/2720.mat,MR039473B,2,1,Gliom,1,Gliom,evet,1.2e-05,0.999956,3.2e-05
2720,2721,brain_tumor_figshare/2721.mat,MR039473B,2,1,Gliom,1,Gliom,evet,2.8e-05,0.999943,2.9e-05
2721,2722,brain_tumor_figshare/2722.mat,MR039473B,2,1,Gliom,1,Gliom,evet,5e-05,0.999809,0.000141
2722,2723,brain_tumor_figshare/2723.mat,MR037458C,4,1,Gliom,1,Gliom,evet,0.005476,0.994236,0.000288
2723,2724,brain_tumor_figshare/2724.mat,MR037458C,4,1,Gliom,1,Gliom,evet,0.003062,0.996731,0.000208
2724,2725,brain_tumor_figshare/2725.mat,MR037458C,4,1,Gliom,1,Gliom,evet,0.02836,0.971165,0.000475
2725,2726,brain_tumor_figshare/2726.mat,MR037458C,4,1,Gliom,1,Gliom,evet,0.004808,0.994948,0.000244
2726,2727,brain_tumor_figshare/2727.mat,MR037458C,4,1,Gliom,1,Gliom,evet,0.028194,0.971353,0.000453
2727,2728,brain_tumor_figshare/2728.mat,MR037458C,4,1,Gliom,1,Gliom,evet,0.012924,0.986308,0.000768
2728,2729,brain_tumor_figshare/2729.mat,MR037458C,4,1,Gliom,1,Gliom,evet,0.063569,0.934429,0.002002
2729,2730,brain_tumor_figshare/2730.mat,MR037458C,4,1,Gliom,1,Gliom,evet,0.033091,0.965645,0.001264
2730,2731,brain_tumor_figshare/2731.mat,MR029209E,5,1,Gliom,1,Gliom,evet,0.000239,0.99966,0.000101
2731,2732,brain_tumor_figshare/2732.mat,MR029209E,5,1,Gliom,1,Gliom,evet,0.000213,0.999512,0.000274
2732,2733,brain_tumor_figshare/2733.mat,MR029209E,5,1,Gliom,1,Gliom,evet,2.4e-05,0.999906,7e-05
2733,2734,brain_tumor_figshare/2734.mat,MR029209E,5,1,Gliom,1,Gliom,evet,6e-06,0.999977,1.7e-05
2734,2735,brain_tumor_figshare/2735.mat,MR029209E,5,1,Gliom,1,Gliom,evet,2e-06,0.99998,1.8e-05
2735,2736,brain_tumor_figshare/2736.mat,MR029209E,5,1,Gliom,1,Gliom,evet,2.1e-05,0.999959,2e-05
2736,2737,brain_tumor_figshare/2737.mat,MR029209E,5,1,Gliom,1,Gliom,evet,4.3e-05,0.999887,7e-05
2737,2738,brain_tumor_figshare/2738.mat,MR053110E,1,1,Gliom,1,Gliom,evet,2.8e-05,0.999966,7e-06
2738,2739,brain_tumor_figshare/2739.mat,MR053110E,1,1,Gliom,1,Gliom,evet,9.9e-05,0.999887,1.4e-05
2739,2740,brain_tumor_figshare/2740.mat,MR053110E,1,1,Gliom,1,Gliom,evet,2.8e-05,0.999963,9e-06
2740,2741,brain_tumor_figshare/2741.mat,MR053110E,1,1,Gliom,1,Gliom,evet,8.7e-05,0.999904,9e-06
2741,2742,brain_tumor_figshare/2742.mat,MR053110E,1,1,Gliom,1,Gliom,evet,0.000434,0.999534,3.2e-05
2742,2743,brain_tumor_figshare/2743.mat,MR049019G,3,1,Gliom,1,Gliom,evet,0.000124,0.998918,0.000958
2743,2744,brain_tumor_figshare/2744.mat,MR049019G,3,1,Gliom,1,Gliom,evet,4.3e-05,0.999821,0.000136
2744,2745,brain_tumor_figshare/2745.mat,MR049019G,3,1,Gliom,1,Gliom,evet,1.5e-05,0.9999,8.5e-05
2745,2746,brain_tumor_figshare/2746.mat,MR049019G,3,1,Gliom,1,Gliom,evet,3.5e-05,0.999865,0.0001
2746,2747,brain_tumor_figshare/2747.mat,MR049019G,3,1,Gliom,1,Gliom,evet,0.000471,0.99818,0.001349
2747,2748,brain_tumor_figshare/2748.mat,MR031409B,2,1,Gliom,1,Gliom,evet,0.000153,0.999832,1.5e-05
2748,2749,brain_tumor_figshare/2749.mat,MR031409B,2,1,Gliom,1,Gliom,evet,0.000553,0.999401,4.5e-05
2749,2750,brain_tumor_figshare/2750.mat,MR024780D,1,1,Gliom,1,Gliom,evet,0.000258,0.999694,4.8e-05
2750,2751,brain_tumor_figshare/2751.mat,MR024780D,1,1,Gliom,1,Gliom,evet,0.002796,0.996851,0.000353
2751,2752,brain_tumor_figshare/2752.mat,MR024780D,1,1,Gliom,1,Gliom,evet,0.00193,0.997768,0.000301
2752,2753,brain_tumor_figshare/2753.mat,MR038469,3,1,Gliom,1,Gliom,evet,0.003998,0.961072,0.03493
2753,2754,brain_tumor_figshare/2754.mat,MR038469,3,1,Gliom,1,Gliom,evet,0.003311,0.994369,0.00232
2754,2755,brain_tumor_figshare/2755.mat,MR038469,3,1,Gliom,1,Gliom,evet,0.001181,0.998534,0.000285
2755,2756,brain_tumor_figshare/2756.mat,MR038469,3,1,Gliom,1,Gliom,evet,0.010768,0.981227,0.008005
2756,2757,brain_tumor_figshare/2757.mat,MR038469,3,1,Gliom,1,Gliom,evet,0.000897,0.999003,0.0001
2757,2758,brain_tumor_figshare/2758.mat,MR032322C,2,1,Gliom,1,Gliom,evet,0.000111,0.99982,6.8e-05
2758,2759,brain_tumor_figshare/2759.mat,MR032322C,2,1,Gliom,1,Gliom,evet,8.7e-05,0.999811,0.000102
2759,2760,brain_tumor_figshare/2760.mat,MR032322C,2,1,Gliom,1,Gliom,evet,4.1e-05,0.999827,0.000132
2760,2761,brain_tumor_figshare/2761.mat,MR032322C,2,1,Gliom,1,Gliom,evet,4.4e-05,0.999799,0.000157
2761,2762,brain_tumor_figshare/2762.mat,MR032322C,2,1,Gliom,1,Gliom,evet,5.3e-05,0.999844,0.000103
2762,2763,brain_tumor_figshare/2763.mat,MR032322C,2,1,Gliom,1,Gliom,evet,7e-06,0.999979,1.5e-05
2763,2764,brain_tumor_figshare/2764.mat,MR032322C,2,1,Gliom,1,Gliom,evet,9e-06,0.999964,2.7e-05
2764,2765,brain_tumor_figshare/2765.mat,MR032322C,2,1,Gliom,1,Gliom,evet,1.1e-05,0.999876,0.000113
2765,2766,brain_tumor_figshare/2766.mat,MR032322C,2,1,Gliom,1,Gliom,evet,1.4e-05,0.999817,0.000169
2766,2767,brain_tumor_figshare/2767.mat,MR032322C,2,1,Gliom,1,Gliom,evet,8e-06,0.999955,3.7e-05
2767,2768,brain_tumor_figshare/2768.mat,MR032322C,2,1,Gliom,1,Gliom,evet,8e-06,0.999981,1e-05
2768,2769,brain_tumor_figshare/2769.mat,MR037458B,2,1,Gliom,1,Gliom,evet,0.156463,0.842878,0.000659
2769,2770,brain_tumor_figshare/2770.mat,MR037458B,2,1,Gliom,1,Gliom,evet,0.000357,0.999587,5.6e-05
2770,2771,brain_tumor_figshare/2771.mat,MR037458B,2,1,Gliom,1,Gliom,evet,0.000848,0.999131,2.1e-05
2771,2772,brain_tumor_figshare/2772.mat,MR037458B,2,1,Gliom,1,Gliom,evet,0.000748,0.999228,2.3e-05
2772,2773,brain_tumor_figshare/2773.mat,MR037458B,2,1,Gliom,1,Gliom,evet,0.005495,0.994436,6.9e-05
2773,2774,brain_tumor_figshare/2774.mat,MR039473,4,1,Gliom,1,Gliom,evet,0.000165,0.999819,1.6e-05
2774,2775,brain_tumor_figshare/2775.mat,MR039473,4,1,Gliom,1,Gliom,evet,0.006828,0.992933,0.000239
2775,2776,brain_tumor_figshare/2776.mat,MR039473,4,1,Gliom,1,Gliom,evet,0.007604,0.991383,0.001013
2776,2777,brain_tumor_figshare/2777.mat,MR039473,4,1,Gliom,1,Gliom,evet,0.004842,0.993712,0.001445
2777,2778,brain_tumor_figshare/2778.mat,MR039473,4,1,Gliom,1,Gliom,evet,0.000429,0.999363,0.000208
2778,2779,brain_tumor_figshare/2779.mat,MR039473,4,1,Gliom,1,Gliom,evet,0.00027,0.999316,0.000414
2779,2780,brain_tumor_figshare/2780.mat,MR039473B,2,1,Gliom,1,Gliom,evet,3.7e-05,0.999947,1.7e-05
2780,2781,brain_tumor_figshare/2781.mat,MR039473B,2,1,Gliom,1,Gliom,evet,9.2e-05,0.999876,3.3e-05
2781,2782,brain_tumor_figshare/2782.mat,MR039473B,2,1,Gliom,1,Gliom,evet,0.000128,0.999832,3.9e-05
2782,2783,brain_tumor_figshare/2783.mat,MR039473B,2,1,Gliom,1,Gliom,evet,0.000115,0.99984,4.5e-05
2783,2784,brain_tumor_figshare/2784.mat,MR039473B,2,1,Gliom,1,Gliom,evet,0.001394,0.998414,0.000192
2784,2785,brain_tumor_figshare/2785.mat,MR039473B,2,1,Gliom,1,Gliom,evet,0.000542,0.999324,0.000134
2785,2786,brain_tumor_figshare/2786.mat,MR039473B,2,1,Gliom,1,Gliom,evet,0.000126,0.999823,5.1e-05
2786,2787,brain_tumor_figshare/2787.mat,MR040240,5,1,Gliom,1,Gliom,evet,9.8e-05,0.999737,0.000165
2787,2788,brain_tumor_figshare/2788.mat,MR040240,5,1,Gliom,1,Gliom,evet,0.008262,0.98841,0.003328
2788,2789,brain_tumor_figshare/2789.mat,MR040240,5,1,Gliom,1,Gliom,evet,0.000338,0.999462,0.0002
2789,2790,brain_tumor_figshare/2790.mat,MR040240,5,1,Gliom,1,Gliom,evet,0.000428,0.999439,0.000133
2790,2791,brain_tumor_figshare/2791.mat,MR040240,5,1,Gliom,1,Gliom,evet,0.000155,0.999777,6.8e-05
2791,2792,brain_tumor_figshare/2792.mat,MR040240,5,1,Gliom,1,Gliom,evet,0.004765,0.992489,0.002746
2792,2793,brain_tumor_figshare/2793.mat,MR040240,5,1,Gliom,1,Gliom,evet,0.01219,0.985228,0.002582
2793,2794,brain_tumor_figshare/2794.mat,MR040240,5,1,Gliom,1,Gliom,evet,0.005867,0.993505,0.000628
2794,2795,brain_tumor_figshare/2795.mat,MR040240B,3,1,Gliom,1,Gliom,evet,8e-06,0.999965,2.7e-05
2795,2796,brain_tumor_figshare/2796.mat,MR040240B,3,1,Gliom,1,Gliom,evet,7e-06,0.999939,5.4e-05
2796,2797,brain_tumor_figshare/2797.mat,MR040240B,3,1,Gliom,1,Gliom,evet,4e-06,0.999982,1.5e-05
2797,2798,brain_tumor_figshare/2798.mat,MR040240B,3,1,Gliom,1,Gliom,evet,8e-06,0.999896,9.6e-05
2798,2799,brain_tumor_figshare/2799.mat,MR040240B,3,1,Gliom,1,Gliom,evet,7e-06,0.999943,4.9e-05
2799,2800,brain_tumor_figshare/2800.mat,MR029209G,5,1,Gliom,1,Gliom,evet,2.7e-05,0.999915,5.8e-05
2800,2801,brain_tumor_figshare/2801.mat,MR029209G,5,1,Gliom,1,Gliom,evet,5.3e-05,0.999826,0.000122
2801,2802,brain_tumor_figshare/2802.mat,MR029209G,5,1,Gliom,1,Gliom,evet,1.9e-05,0.999948,3.3e-05
2802,2803,brain_tumor_figshare/2803.mat,MR029209G,5,1,Gliom,1,Gliom,evet,2.5e-05,0.99995,2.5e-05
2803,2804,brain_tumor_figshare/2804.mat,MR029209G,5,1,Gliom,1,Gliom,evet,1.8e-05,0.99989,9.2e-05
2804,2805,brain_tumor_figshare/2805.mat,MR036496B,3,1,Gliom,1,Gliom,evet,2.9e-05,0.999944,2.7e-05
2805,2806,brain_tumor_figshare/2806.mat,MR036496B,3,1,Gliom,1,Gliom,evet,2.8e-05,0.999956,1.5e-05
2806,2807,brain_tumor_figshare/2807.mat,MR036496B,3,1,Gliom,1,Gliom,evet,0.00022,0.999739,4e-05
2807,2808,brain_tumor_figshare/2808.mat,MR036496B,3,1,Gliom,1,Gliom,evet,0.000319,0.999641,4e-05
2808,2809,brain_tumor_figshare/2809.mat,MR033420,5,1,Gliom,1,Gliom,evet,0.000105,0.999863,3.2e-05
2809,2810,brain_tumor_figshare/2810.mat,MR033420,5,1,Gliom,1,Gliom,evet,3.1e-05,0.999952,1.7e-05
2810,2811,brain_tumor_figshare/2811.mat,MR033420,5,1,Gliom,1,Gliom,evet,2.8e-05,0.99995,2.3e-05
2811,2812,brain_tumor_figshare/2812.mat,MR033420,5,1,Gliom,1,Gliom,evet,1.3e-05,0.999979,8e-06
2812,2813,brain_tumor_figshare/2813.mat,MR033420,5,1,Gliom,1,Gliom,evet,2e-06,0.999995,3e-06
2813,2814,brain_tumor_figshare/2814.mat,MR033420,5,1,Gliom,1,Gliom,evet,2.4e-05,0.999958,1.8e-05
2814,2815,brain_tumor_figshare/2815.mat,MR033420,5,1,Gliom,1,Gliom,evet,1e-06,0.999996,3e-06
2815,2816,brain_tumor_figshare/2816.mat,MR033420,5,1,Gliom,1,Gliom,evet,5e-06,0.999981,1.4e-05
2816,2817,brain_tumor_figshare/2817.mat,MR024780B,1,1,Gliom,1,Gliom,evet,0.000304,0.999622,7.3e-05
2817,2818,brain_tumor_figshare/2818.mat,MR024780B,1,1,Gliom,1,Gliom,evet,0.007538,0.991002,0.00146
2818,2819,brain_tumor_figshare/2819.mat,MR024780B,1,1,Gliom,1,Gliom,evet,0.00073,0.999196,7.4e-05
2819,2820,brain_tumor_figshare/2820.mat,MR024780B,1,1,Gliom,1,Gliom,evet,0.001614,0.998309,7.7e-05
2820,2821,brain_tumor_figshare/2821.mat,MR033389B,4,1,Gliom,1,Gliom,evet,0.021908,0.97496,0.003133
2821,2822,brain_tumor_figshare/2822.mat,MR048294,1,1,Gliom,1,Gliom,evet,3.2e-05,0.999927,4.1e-05
2822,2823,brain_tumor_figshare/2823.mat,MR048297,1,1,Gliom,1,Gliom,evet,0.001866,0.998008,0.000126
2823,2824,brain_tumor_figshare/2824.mat,MR048297,1,1,Gliom,1,Gliom,evet,0.000574,0.999369,5.6e-05
2824,2825,brain_tumor_figshare/2825.mat,MR048297,1,1,Gliom,1,Gliom,evet,0.003608,0.996217,0.000176
2825,2826,brain_tumor_figshare/2826.mat,MR048297,1,1,Gliom,1,Gliom,evet,0.008195,0.991252,0.000553
2826,2827,brain_tumor_figshare/2827.mat,MR048297,1,1,Gliom,1,Gliom,evet,0.006065,0.993275,0.00066
2827,2828,brain_tumor_figshare/2828.mat,MR048297,1,1,Gliom,1,Gliom,evet,0.004099,0.995594,0.000307
2828,2829,brain_tumor_figshare/2829.mat,MR048297,1,1,Gliom,1,Gliom,evet,0.031846,0.967208,0.000946
2829,2830,brain_tumor_figshare/2830.mat,MR048297,1,1,Gliom,1,Gliom,evet,0.0011,0.998453,0.000447
2830,2831,brain_tumor_figshare/2831.mat,MR048294B,5,1,Gliom,1,Gliom,evet,0.00056,0.998568,0.000871
2831,2832,brain_tumor_figshare/2832.mat,MR048294B,5,1,Gliom,1,Gliom,evet,0.000107,0.999738,0.000155
2832,2833,brain_tumor_figshare/2833.mat,MR048294B,5,1,Gliom,1,Gliom,evet,2.6e-05,0.999909,6.5e-05
2833,2834,brain_tumor_figshare/2834.mat,MR048294B,5,1,Gliom,1,Gliom,evet,1.2e-05,0.999917,7e-05
2834,2835,brain_tumor_figshare/2835.mat,MR048294B,5,1,Gliom,1,Gliom,evet,3e-06,0.999896,0.000101
2835,2836,brain_tumor_figshare/2836.mat,MR048294B,5,1,Gliom,1,Gliom,evet,2e-06,0.999759,0.000239
2836,2837,brain_tumor_figshare/2837.mat,MR048621B,5,1,Gliom,1,Gliom,evet,2.1e-05,0.999966,1.3e-05
2837,2838,brain_tumor_figshare/2838.mat,MR048621B,5,1,Gliom,1,Gliom,evet,3e-05,0.999962,8e-06
2838,2839,brain_tumor_figshare/2839.mat,MR048621B,5,1,Gliom,1,Gliom,evet,2.5e-05,0.99997,5e-06
2839,2840,brain_tumor_figshare/2840.mat,MR048944,5,1,Gliom,1,Gliom,evet,2.2e-05,0.999958,2e-05
2840,2841,brain_tumor_figshare/2841.mat,MR048944,5,1,Gliom,1,Gliom,evet,1.7e-05,0.999965,1.8e-05
2841,2842,brain_tumor_figshare/2842.mat,MR048944,5,1,Gliom,1,Gliom,evet,5.6e-05,0.99993,1.4e-05
2842,2843,brain_tumor_figshare/2843.mat,MR048944,5,1,Gliom,1,Gliom,evet,3.6e-05,0.999934,3e-05
2843,2844,brain_tumor_figshare/2844.mat,MR048944,5,1,Gliom,1,Gliom,evet,9e-06,0.999954,3.6e-05
2844,2845,brain_tumor_figshare/2845.mat,MR048944,5,1,Gliom,1,Gliom,evet,2e-05,0.999927,5.2e-05
2845,2846,brain_tumor_figshare/2846.mat,MR048994,2,1,Gliom,1,Gliom,evet,0.000276,0.999584,0.000141
2846,2847,brain_tumor_figshare/2847.mat,MR048994,2,1,Gliom,1,Gliom,evet,0.002634,0.997244,0.000122
2847,2848,brain_tumor_figshare/2848.mat,MR048994,2,1,Gliom,1,Gliom,evet,0.011514,0.988435,5.2e-05
2848,2849,brain_tumor_figshare/2849.mat,MR048994,2,1,Gliom,1,Gliom,evet,0.000422,0.999566,1.2e-05
2849,2850,brain_tumor_figshare/2850.mat,MR048994,2,1,Gliom,1,Gliom,evet,0.000794,0.999194,1.2e-05
2850,2851,brain_tumor_figshare/2851.mat,MR048994,2,1,Gliom,1,Gliom,evet,0.001739,0.998239,2.2e-05
2851,2852,brain_tumor_figshare/2852.mat,MR048994,2,1,Gliom,1,Gliom,evet,0.000381,0.99958,3.9e-05
2852,2853,brain_tumor_figshare/2853.mat,MR048994,2,1,Gliom,1,Gliom,evet,0.000659,0.999317,2.4e-05
2853,2854,brain_tumor_figshare/2854.mat,MR049104,1,1,Gliom,1,Gliom,evet,6.1e-05,0.999198,0.000742
2854,2855,brain_tumor_figshare/2855.mat,MR049104,1,1,Gliom,1,Gliom,evet,1.6e-05,0.999752,0.000232
2855,2856,brain_tumor_figshare/2856.mat,MR049104,1,1,Gliom,1,Gliom,evet,0.000164,0.999097,0.000739
2856,2857,brain_tumor_figshare/2857.mat,MR049104,1,1,Gliom,1,Gliom,evet,5.3e-05,0.999584,0.000363
2857,2858,brain_tumor_figshare/2858.mat,MR049142,5,1,Gliom,1,Gliom,evet,0.00913,0.986081,0.004789
2858,2859,brain_tumor_figshare/2859.mat,MR049142,5,1,Gliom,1,Gliom,evet,0.000696,0.999079,0.000226
2859,2860,brain_tumor_figshare/2860.mat,MR049142,5,1,Gliom,1,Gliom,evet,0.036677,0.961733,0.00159
2860,2861,brain_tumor_figshare/2861.mat,MR048994B,4,1,Gliom,1,Gliom,evet,4.4e-05,0.999823,0.000133
2861,2862,brain_tumor_figshare/2862.mat,MR048994B,4,1,Gliom,1,Gliom,evet,4.7e-05,0.999608,0.000345
2862,2863,brain_tumor_figshare/2863.mat,MR048994B,4,1,Gliom,1,Gliom,evet,2.3e-05,0.99994,3.7e-05
2863,2864,brain_tumor_figshare/2864.mat,MR048994B,4,1,Gliom,1,Gliom,evet,8.4e-05,0.999877,3.9e-05
2864,2865,brain_tumor_figshare/2865.mat,MR048994B,4,1,Gliom,1,Gliom,evet,0.000314,0.999606,8e-05
2865,2866,brain_tumor_figshare/2866.mat,MR049358,3,1,Gliom,1,Gliom,evet,4.5e-05,0.999919,3.6e-05
2866,2867,brain_tumor_figshare/2867.mat,MR049358,3,1,Gliom,1,Gliom,evet,2e-05,0.999952,2.9e-05
2867,2868,brain_tumor_figshare/2868.mat,MR049358,3,1,Gliom,1,Gliom,evet,2.4e-05,0.999945,3.1e-05
2868,2869,brain_tumor_figshare/2869.mat,MR049358,3,1,Gliom,1,Gliom,evet,5e-06,0.999983,1.2e-05
2869,2870,brain_tumor_figshare/2870.mat,MR049358,3,1,Gliom,1,Gliom,evet,4.3e-05,0.999928,2.9e-05
2870,2871,brain_tumor_figshare/2871.mat,MR049358,3,1,Gliom,1,Gliom,evet,4.9e-05,0.999899,5.2e-05
2871,2872,brain_tumor_figshare/2872.mat,MR049358,3,1,Gliom,1,Gliom,evet,3.6e-05,0.999906,5.7e-05
2872,2873,brain_tumor_figshare/2873.mat,MR049104B,3,1,Gliom,1,Gliom,evet,0.000272,0.99902,0.000708
2873,2874,brain_tumor_figshare/2874.mat,MR049104B,3,1,Gliom,1,Gliom,evet,0.000302,0.999492,0.000206
2874,2875,brain_tumor_figshare/2875.mat,MR049104B,3,1,Gliom,1,Gliom,evet,5.9e-05,0.999516,0.000425
2875,2876,brain_tumor_figshare/2876.mat,MR049453,2,1,Gliom,1,Gliom,evet,7.6e-05,0.999865,6e-05
2876,2877,brain_tumor_figshare/2877.mat,MR049453,2,1,Gliom,1,Gliom,evet,2.4e-05,0.999958,1.8e-05
2877,2878,brain_tumor_figshare/2878.mat,MR049453,2,1,Gliom,1,Gliom,evet,2.7e-05,0.999959,1.4e-05
2878,2879,brain_tumor_figshare/2879.mat,MR049453,2,1,Gliom,1,Gliom,evet,1.2e-05,0.999975,1.4e-05
2879,2880,brain_tumor_figshare/2880.mat,MR049453,2,1,Gliom,1,Gliom,evet,3e-06,0.999991,6e-06
2880,2881,brain_tumor_figshare/2881.mat,MR049453,2,1,Gliom,1,Gliom,evet,2e-06,0.99999,8e-06
2881,2882,brain_tumor_figshare/2882.mat,MR049453,2,1,Gliom,1,Gliom,evet,6e-06,0.999981,1.3e-05
2882,2883,brain_tumor_figshare/2883.mat,MR049453,2,1,Gliom,1,Gliom,evet,5.5e-05,0.99983,0.000114
2883,2884,brain_tumor_figshare/2884.mat,MR049453,2,1,Gliom,1,Gliom,evet,0.363279,0.636305,0.000416
2884,2885,brain_tumor_figshare/2885.mat,MR024780G,1,1,Gliom,1,Gliom,evet,7e-06,0.999984,9e-06
2885,2886,brain_tumor_figshare/2886.mat,MR024780G,1,1,Gliom,1,Gliom,evet,7.8e-05,0.999892,3e-05
2886,2887,brain_tumor_figshare/2887.mat,MR024780G,1,1,Gliom,1,Gliom,evet,3.9e-05,0.999933,2.8e-05
2887,2888,brain_tumor_figshare/2888.mat,MR024780G,1,1,Gliom,1,Gliom,evet,0.000143,0.999815,4.2e-05
2888,2889,brain_tumor_figshare/2889.mat,MR024780G,1,1,Gliom,1,Gliom,evet,0.000125,0.999845,3e-05
2889,2890,brain_tumor_figshare/2890.mat,MR024780G,1,1,Gliom,1,Gliom,evet,4.5e-05,0.999946,8e-06
2890,2891,brain_tumor_figshare/2891.mat,MR050135B,2,1,Gliom,1,Gliom,evet,0.000876,0.999061,6.4e-05
2891,2892,brain_tumor_figshare/2892.mat,MR050135B,2,1,Gliom,1,Gliom,evet,0.002617,0.996986,0.000398
2892,2893,brain_tumor_figshare/2893.mat,MR050135B,2,1,Gliom,1,Gliom,evet,2.3e-05,0.999946,3.1e-05
2893,2894,brain_tumor_figshare/2894.mat,MR050135B,2,1,Gliom,1,Gliom,evet,1.7e-05,0.999971,1.1e-05
2894,2895,brain_tumor_figshare/2895.mat,MR050135B,2,1,Gliom,1,Gliom,evet,2.4e-05,0.999918,5.8e-05
2895,2896,brain_tumor_figshare/2896.mat,MR050135B,2,1,Gliom,1,Gliom,evet,5.5e-05,0.999572,0.000373
2896,2897,brain_tumor_figshare/2897.mat,MR050135B,2,1,Gliom,1,Gliom,evet,0.000172,0.99966,0.000168
2897,2898,brain_tumor_figshare/2898.mat,MR050135B,2,1,Gliom,1,Gliom,evet,9.3e-05,0.999765,0.000141
2898,2899,brain_tumor_figshare/2899.mat,MR050135B,2,1,Gliom,1,Gliom,evet,0.000186,0.999484,0.000329
2899,2900,brain_tumor_figshare/2900.mat,MR050687,1,1,Gliom,1,Gliom,evet,0.000265,0.999717,1.8e-05
2900,2901,brain_tumor_figshare/2901.mat,MR050687,1,1,Gliom,1,Gliom,evet,3.7e-05,0.999953,1e-05
2901,2902,brain_tumor_figshare/2902.mat,MR050687,1,1,Gliom,1,Gliom,evet,0.000437,0.999532,3.1e-05
2902,2903,brain_tumor_figshare/2903.mat,MR050687,1,1,Gliom,1,Gliom,evet,6.3e-05,0.999923,1.4e-05
2903,2904,brain_tumor_figshare/2904.mat,MR050687,1,1,Gliom,1,Gliom,evet,0.000148,0.999801,5.1e-05
2904,2905,brain_tumor_figshare/2905.mat,MR050687,1,1,Gliom,1,Gliom,evet,4.8e-05,0.999906,4.5e-05
2905,2906,brain_tumor_figshare/2906.mat,MR050791B,4,1,Gliom,1,Gliom,evet,0.006042,0.993482,0.000476
2906,2907,brain_tumor_figshare/2907.mat,MR050791B,4,1,Gliom,1,Gliom,evet,0.007228,0.992659,0.000113
2907,2908,brain_tumor_figshare/2908.mat,MR050791B,4,1,Gliom,1,Gliom,evet,0.037832,0.961757,0.000411
2908,2909,brain_tumor_figshare/2909.mat,MR050791B,4,1,Gliom,0,Meningiom,hayır,0.659643,0.340189,0.000168
2909,2910,brain_tumor_figshare/2910.mat,MR050791B,4,1,Gliom,0,Meningiom,hayır,0.558812,0.440898,0.00029
2910,2911,brain_tumor_figshare/2911.mat,MR050791B,4,1,Gliom,0,Meningiom,hayır,0.76664,0.233253,0.000106
2911,2912,brain_tumor_figshare/2912.mat,MR050791B,4,1,Gliom,1,Gliom,evet,0.18786,0.812074,6.6e-05
2912,2913,brain_tumor_figshare/2913.mat,MR050791B,4,1,Gliom,1,Gliom,evet,0.067722,0.932016,0.000261
2913,2914,brain_tumor_figshare/2914.mat,MR049019C,4,1,Gliom,1,Gliom,evet,0.000403,0.998924,0.000673
2914,2915,brain_tumor_figshare/2915.mat,MR049019C,4,1,Gliom,1,Gliom,evet,0.001903,0.997142,0.000955
2915,2916,brain_tumor_figshare/2916.mat,MR049019C,4,1,Gliom,1,Gliom,evet,0.000317,0.999115,0.000568
2916,2917,brain_tumor_figshare/2917.mat,MR049019C,4,1,Gliom,1,Gliom,evet,0.000678,0.996763,0.002559
2917,2918,brain_tumor_figshare/2918.mat,MR051461,2,1,Gliom,1,Gliom,evet,3.6e-05,0.999942,2.1e-05
2918,2919,brain_tumor_figshare/2919.mat,MR051461,2,1,Gliom,1,Gliom,evet,9e-05,0.999853,5.7e-05
2919,2920,brain_tumor_figshare/2920.mat,MR051461,2,1,Gliom,1,Gliom,evet,7.3e-05,0.999893,3.4e-05
2920,2921,brain_tumor_figshare/2921.mat,MR051461,2,1,Gliom,1,Gliom,evet,0.000338,0.999603,5.9e-05
2921,2922,brain_tumor_figshare/2922.mat,MR051461,2,1,Gliom,1,Gliom,evet,0.000105,0.999861,3.4e-05
2922,2923,brain_tumor_figshare/2923.mat,MR051461,2,1,Gliom,1,Gliom,evet,0.000157,0.999808,3.5e-05
2923,2924,brain_tumor_figshare/2924.mat,MR051461,2,1,Gliom,1,Gliom,evet,0.00015,0.999825,2.5e-05
2924,2925,brain_tumor_figshare/2925.mat,MR051586,5,1,Gliom,1,Gliom,evet,0.002281,0.99028,0.007439
2925,2926,brain_tumor_figshare/2926.mat,MR051586,5,1,Gliom,1,Gliom,evet,6.6e-05,0.999905,2.9e-05
2926,2927,brain_tumor_figshare/2927.mat,MR051586,5,1,Gliom,1,Gliom,evet,6.7e-05,0.999897,3.7e-05
2927,2928,brain_tumor_figshare/2928.mat,MR051586,5,1,Gliom,1,Gliom,evet,0.000296,0.999625,7.9e-05
2928,2929,brain_tumor_figshare/2929.mat,MR051586,5,1,Gliom,1,Gliom,evet,0.000536,0.999251,0.000213
2929,2930,brain_tumor_figshare/2930.mat,MR051586,5,1,Gliom,1,Gliom,evet,0.00149,0.998006,0.000505
2930,2931,brain_tumor_figshare/2931.mat,MR051586,5,1,Gliom,1,Gliom,evet,4.3e-05,0.999829,0.000128
2931,2932,brain_tumor_figshare/2932.mat,MR051586,5,1,Gliom,1,Gliom,evet,0.000226,0.99973,4.4e-05
2932,2933,brain_tumor_figshare/2933.mat,MR051586,5,1,Gliom,1,Gliom,evet,3.3e-05,0.999933,3.4e-05
2933,2934,brain_tumor_figshare/2934.mat,MR051644,4,1,Gliom,1,Gliom,evet,6.1e-05,0.999926,1.3e-05
2934,2935,brain_tumor_figshare/2935.mat,MR051644,4,1,Gliom,1,Gliom,evet,0.000118,0.999847,3.5e-05
2935,2936,brain_tumor_figshare/2936.mat,MR051644,4,1,Gliom,1,Gliom,evet,0.001595,0.998155,0.00025
2936,2937,brain_tumor_figshare/2937.mat,MR051644,4,1,Gliom,1,Gliom,evet,0.000103,0.999881,1.6e-05
2937,2938,brain_tumor_figshare/2938.mat,MR051644,4,1,Gliom,1,Gliom,evet,9e-05,0.999903,6e-06
2938,2939,brain_tumor_figshare/2939.mat,MR051644,4,1,Gliom,1,Gliom,evet,4.3e-05,0.999954,3e-06
2939,2940,brain_tumor_figshare/2940.mat,MR051644,4,1,Gliom,1,Gliom,evet,0.000186,0.999806,8e-06
2940,2941,brain_tumor_figshare/2941.mat,MR051644,4,1,Gliom,1,Gliom,evet,0.000414,0.999565,2.1e-05
2941,2942,brain_tumor_figshare/2942.mat,MR051644,4,1,Gliom,1,Gliom,evet,0.000318,0.999669,1.3e-05
2942,2943,brain_tumor_figshare/2943.mat,MR051644,4,1,Gliom,1,Gliom,evet,0.00022,0.999767,1.3e-05
2943,2944,brain_tumor_figshare/2944.mat,MR051651,1,1,Gliom,1,Gliom,evet,6.9e-05,0.999866,6.5e-05
2944,2945,brain_tumor_figshare/2945.mat,MR051651,1,1,Gliom,1,Gliom,evet,4.6e-05,0.999913,4e-05
2945,2946,brain_tumor_figshare/2946.mat,MR051651,1,1,Gliom,1,Gliom,evet,0.000278,0.999669,5.3e-05
2946,2947,brain_tumor_figshare/2947.mat,MR051651,1,1,Gliom,1,Gliom,evet,0.002707,0.99692,0.000373
2947,2948,brain_tumor_figshare/2948.mat,MR051796,4,1,Gliom,1,Gliom,evet,0.000204,0.998354,0.001442
2948,2949,brain_tumor_figshare/2949.mat,MR051796,4,1,Gliom,1,Gliom,evet,1.5e-05,0.999943,4.2e-05
2949,2950,brain_tumor_figshare/2950.mat,MR051796,4,1,Gliom,1,Gliom,evet,9.2e-05,0.999859,4.9e-05
2950,2951,brain_tumor_figshare/2951.mat,MR051796,4,1,Gliom,1,Gliom,evet,0.000169,0.999798,3.2e-05
2951,2952,brain_tumor_figshare/2952.mat,MR051796,4,1,Gliom,1,Gliom,evet,0.000107,0.999861,3.1e-05
2952,2953,brain_tumor_figshare/2953.mat,MR051796,4,1,Gliom,1,Gliom,evet,0.000329,0.999463,0.000208
2953,2954,brain_tumor_figshare/2954.mat,MR051796,4,1,Gliom,1,Gliom,evet,0.001219,0.998316,0.000465
2954,2955,brain_tumor_figshare/2955.mat,MR051651B,3,1,Gliom,0,Meningiom,hayır,0.617394,0.379428,0.003179
2955,2956,brain_tumor_figshare/2956.mat,MR051651B,3,1,Gliom,1,Gliom,evet,0.054894,0.943157,0.001949
2956,2957,brain_tumor_figshare/2957.mat,MR051651B,3,1,Gliom,1,Gliom,evet,0.002715,0.997085,0.0002
2957,2958,brain_tumor_figshare/2958.mat,MR051651B,3,1,Gliom,1,Gliom,evet,0.001215,0.998623,0.000162
2958,2959,brain_tumor_figshare/2959.mat,MR051651B,3,1,Gliom,1,Gliom,evet,0.000299,0.999649,5.2e-05
2959,2960,brain_tumor_figshare/2960.mat,MR051651B,3,1,Gliom,1,Gliom,evet,2.8e-05,0.999956,1.6e-05
2960,2961,brain_tumor_figshare/2961.mat,MR051644B,3,1,Gliom,1,Gliom,evet,2e-06,0.999966,3.2e-05
2961,2962,brain_tumor_figshare/2962.mat,MR051644B,3,1,Gliom,1,Gliom,evet,6e-06,0.999881,0.000113
2962,2963,brain_tumor_figshare/2963.mat,MR051644B,3,1,Gliom,1,Gliom,evet,1.4e-05,0.999892,9.3e-05
2963,2964,brain_tumor_figshare/2964.mat,MR051644B,3,1,Gliom,1,Gliom,evet,4e-06,0.999922,7.4e-05
2964,2965,brain_tumor_figshare/2965.mat,MR051644B,3,1,Gliom,1,Gliom,evet,1.1e-05,0.99993,5.9e-05
2965,2966,brain_tumor_figshare/2966.mat,MR051644B,3,1,Gliom,1,Gliom,evet,1.2e-05,0.999816,0.000173
2966,2967,brain_tumor_figshare/2967.mat,MR051644B,3,1,Gliom,1,Gliom,evet,9.1e-05,0.999857,5.1e-05
2967,2968,brain_tumor_figshare/2968.mat,MR051644B,3,1,Gliom,1,Gliom,evet,0.000781,0.998974,0.000245
2968,2969,brain_tumor_figshare/2969.mat,MR051644B,3,1,Gliom,1,Gliom,evet,4.2e-05,0.999927,3.2e-05
2969,2970,brain_tumor_figshare/2970.mat,MR051796B,5,1,Gliom,1,Gliom,evet,0.000104,0.999643,0.000252
2970,2971,brain_tumor_figshare/2971.mat,MR051796B,5,1,Gliom,1,Gliom,evet,5.9e-05,0.999767,0.000174
2971,2972,brain_tumor_figshare/2972.mat,MR051796B,5,1,Gliom,1,Gliom,evet,7.1e-05,0.999718,0.000211
2972,2973,brain_tumor_figshare/2973.mat,MR051796B,5,1,Gliom,1,Gliom,evet,0.000213,0.999346,0.000441
2973,2974,brain_tumor_figshare/2974.mat,MR051796B,5,1,Gliom,1,Gliom,evet,0.002001,0.988931,0.009067
2974,2975,brain_tumor_figshare/2975.mat,MR052550,1,1,Gliom,1,Gliom,evet,8.1e-05,0.99981,0.000109
2975,2976,brain_tumor_figshare/2976.mat,MR052550,1,1,Gliom,1,Gliom,evet,5.9e-05,0.9999,4.2e-05
2976,2977,brain_tumor_figshare/2977.mat,MR052550,1,1,Gliom,1,Gliom,evet,3.1e-05,0.999843,0.000126
2977,2978,brain_tumor_figshare/2978.mat,MR052550,1,1,Gliom,1,Gliom,evet,5e-05,0.999852,9.8e-05
2978,2979,brain_tumor_figshare/2979.mat,MR052550,1,1,Gliom,1,Gliom,evet,6.1e-05,0.999902,3.6e-05
2979,2980,brain_tumor_figshare/2980.mat,MR052550,1,1,Gliom,1,Gliom,evet,8.9e-05,0.999885,2.6e-05
2980,2981,brain_tumor_figshare/2981.mat,MR052550,1,1,Gliom,1,Gliom,evet,7.7e-05,0.99989,3.3e-05
2981,2982,brain_tumor_figshare/2982.mat,MR052550,1,1,Gliom,1,Gliom,evet,9.9e-05,0.999799,0.000102
2982,2983,brain_tumor_figshare/2983.mat,MR051644C,4,1,Gliom,1,Gliom,evet,9.2e-05,0.999866,4.2e-05
2983,2984,brain_tumor_figshare/2984.mat,MR051644C,4,1,Gliom,1,Gliom,evet,3.2e-05,0.999908,6e-05
2984,2985,brain_tumor_figshare/2985.mat,MR051644C,4,1,Gliom,1,Gliom,evet,1.9e-05,0.999914,6.7e-05
2985,2986,brain_tumor_figshare/2986.mat,MR051644C,4,1,Gliom,1,Gliom,evet,8.5e-05,0.999839,7.6e-05
2986,2987,brain_tumor_figshare/2987.mat,MR051644C,4,1,Gliom,1,Gliom,evet,3e-05,0.999944,2.7e-05
2987,2988,brain_tumor_figshare/2988.mat,MR051644C,4,1,Gliom,1,Gliom,evet,8e-06,0.999986,6e-06
2988,2989,brain_tumor_figshare/2989.mat,MR051644C,4,1,Gliom,1,Gliom,evet,4.3e-05,0.999952,5e-06
2989,2990,brain_tumor_figshare/2990.mat,MR051644C,4,1,Gliom,1,Gliom,evet,0.000762,0.999203,3.5e-05
2990,2991,brain_tumor_figshare/2991.mat,MR051644C,4,1,Gliom,1,Gliom,evet,0.000404,0.999567,2.9e-05
2991,2992,brain_tumor_figshare/2992.mat,MR051644C,4,1,Gliom,1,Gliom,evet,0.000337,0.999629,3.4e-05
2992,2993,brain_tumor_figshare/2993.mat,MR049942B,3,1,Gliom,1,Gliom,evet,1.4e-05,0.999604,0.000382
2993,2994,brain_tumor_figshare/2994.mat,MR049942B,3,1,Gliom,1,Gliom,evet,3e-06,0.999637,0.00036
2994,2995,brain_tumor_figshare/2995.mat,MR049942B,3,1,Gliom,1,Gliom,evet,1e-05,0.999181,0.000809
2995,2996,brain_tumor_figshare/2996.mat,MR052585B,5,1,Gliom,1,Gliom,evet,2.3e-05,0.99984,0.000137
2996,2997,brain_tumor_figshare/2997.mat,MR052585B,5,1,Gliom,1,Gliom,evet,1.4e-05,0.999851,0.000135
2997,2998,brain_tumor_figshare/2998.mat,MR052585B,5,1,Gliom,1,Gliom,evet,2e-06,0.999988,1e-05
2998,2999,brain_tumor_figshare/2999.mat,MR053110B,1,1,Gliom,1,Gliom,evet,4.1e-05,0.999872,8.6e-05
2999,3000,brain_tumor_figshare/3000.mat,MR053110B,1,1,Gliom,1,Gliom,evet,8e-06,0.999964,2.8e-05
3000,3001,brain_tumor_figshare/3001.mat,MR053110B,1,1,Gliom,1,Gliom,evet,6e-05,0.999881,5.9e-05
3001,3002,brain_tumor_figshare/3002.mat,MR053110B,1,1,Gliom,1,Gliom,evet,4e-06,0.999991,5e-06
3002,3003,brain_tumor_figshare/3003.mat,MR053110B,1,1,Gliom,1,Gliom,evet,1e-05,0.999984,6e-06
3003,3004,brain_tumor_figshare/3004.mat,MR053110B,1,1,Gliom,1,Gliom,evet,0.00154,0.998316,0.000144
3004,3005,brain_tumor_figshare/3005.mat,MR034694,2,1,Gliom,1,Gliom,evet,3.8e-05,0.999745,0.000216
3005,3006,brain_tumor_figshare/3006.mat,MR034694,2,1,Gliom,1,Gliom,evet,0.000521,0.999294,0.000185
3006,3007,brain_tumor_figshare/3007.mat,MR034694,2,1,Gliom,1,Gliom,evet,9e-05,0.999873,3.7e-05
3007,3008,brain_tumor_figshare/3008.mat,MR034694,2,1,Gliom,1,Gliom,evet,7.7e-05,0.999657,0.000266
3008,3009,brain_tumor_figshare/3009.mat,MR054875,1,1,Gliom,1,Gliom,evet,0.000177,0.99402,0.005803
3009,3010,brain_tumor_figshare/3010.mat,MR054875,1,1,Gliom,1,Gliom,evet,0.000961,0.980943,0.018095
3010,3011,brain_tumor_figshare/3011.mat,MR054875,1,1,Gliom,1,Gliom,evet,0.000313,0.977046,0.022641
3011,3012,brain_tumor_figshare/3012.mat,MR054875,1,1,Gliom,1,Gliom,evet,0.000406,0.998929,0.000665
3012,3013,brain_tumor_figshare/3013.mat,MR054875,1,1,Gliom,1,Gliom,evet,0.000118,0.999726,0.000156
3013,3014,brain_tumor_figshare/3014.mat,MR050687C,5,1,Gliom,1,Gliom,evet,0.000104,0.999848,4.8e-05
3014,3015,brain_tumor_figshare/3015.mat,MR050687C,5,1,Gliom,1,Gliom,evet,2.7e-05,0.999867,0.000105
3015,3016,brain_tumor_figshare/3016.mat,MR050687C,5,1,Gliom,1,Gliom,evet,6.6e-05,0.999145,0.000789
3016,3017,brain_tumor_figshare/3017.mat,MR050687C,5,1,Gliom,1,Gliom,evet,2e-06,0.999987,1e-05
3017,3018,brain_tumor_figshare/3018.mat,MR050687C,5,1,Gliom,1,Gliom,evet,2e-06,0.999988,1e-05
3018,3019,brain_tumor_figshare/3019.mat,MR050687C,5,1,Gliom,1,Gliom,evet,3.3e-05,0.999542,0.000425
3019,3020,brain_tumor_figshare/3020.mat,MR056144,5,1,Gliom,1,Gliom,evet,0.001245,0.898686,0.100069
3020,3021,brain_tumor_figshare/3021.mat,MR056144,5,1,Gliom,1,Gliom,evet,0.0004,0.952991,0.046609
3021,3022,brain_tumor_figshare/3022.mat,MR034997,3,1,Gliom,1,Gliom,evet,6e-05,0.999918,2.2e-05
3022,3023,brain_tumor_figshare/3023.mat,MR034997,3,1,Gliom,1,Gliom,evet,5.9e-05,0.999924,1.7e-05
3023,3024,brain_tumor_figshare/3024.mat,MR034997,3,1,Gliom,1,Gliom,evet,0.001692,0.998207,0.000101
3024,3025,brain_tumor_figshare/3025.mat,MR034997,3,1,Gliom,1,Gliom,evet,0.000652,0.999242,0.000106
3025,3026,brain_tumor_figshare/3026.mat,MR034997,3,1,Gliom,1,Gliom,evet,0.0002,0.99968,0.000119
3026,3027,brain_tumor_figshare/3027.mat,MR034997,3,1,Gliom,1,Gliom,evet,6.9e-05,0.999851,8e-05
3027,3028,brain_tumor_figshare/3028.mat,MR034997,3,1,Gliom,1,Gliom,evet,5.7e-05,0.999642,0.000301
3028,3029,brain_tumor_figshare/3029.mat,MR029209E,5,1,Gliom,1,Gliom,evet,0.000478,0.999373,0.000149
3029,3030,brain_tumor_figshare/3030.mat,53669,5,0,Meningiom,0,Meningiom,evet,0.997379,0.002496,0.000125
3030,3031,brain_tumor_figshare/3031.mat,MR033389B,4,1,Gliom,1,Gliom,evet,0.00109,0.998652,0.000258
3031,3032,brain_tumor_figshare/3032.mat,MR033389B,4,1,Gliom,1,Gliom,evet,0.001301,0.99813,0.000569
3032,3033,brain_tumor_figshare/3033.mat,MR033389B,4,1,Gliom,1,Gliom,evet,0.000481,0.999353,0.000166
3033,3034,brain_tumor_figshare/3034.mat,MR033389B,4,1,Gliom,1,Gliom,evet,0.000119,0.999769,0.000112
3034,3035,brain_tumor_figshare/3035.mat,MR033389B,4,1,Gliom,1,Gliom,evet,0.000146,0.999362,0.000491
3035,3036,brain_tumor_figshare/3036.mat,MR033389B,4,1,Gliom,1,Gliom,evet,0.000929,0.997732,0.001338
3036,3037,brain_tumor_figshare/3037.mat,MR033389B,4,1,Gliom,1,Gliom,evet,0.001085,0.998443,0.000472
3037,3038,brain_tumor_figshare/3038.mat,MR033389B,4,1,Gliom,1,Gliom,evet,0.001522,0.997845,0.000633
3038,3039,brain_tumor_figshare/3039.mat,MR024780E,4,1,Gliom,1,Gliom,evet,0.001512,0.998413,7.5e-05
3039,3040,brain_tumor_figshare/3040.mat,MR024780E,4,1,Gliom,1,Gliom,evet,0.000517,0.999458,2.4e-05
3040,3041,brain_tumor_figshare/3041.mat,MR024780E,4,1,Gliom,1,Gliom,evet,0.00032,0.999658,2.2e-05
3041,3042,brain_tumor_figshare/3042.mat,MR040240C,2,1,Gliom,1,Gliom,evet,0.002761,0.996549,0.00069
3042,3043,brain_tumor_figshare/3043.mat,MR040240C,2,1,Gliom,1,Gliom,evet,0.00433,0.994766,0.000904
3043,3044,brain_tumor_figshare/3044.mat,MR040240C,2,1,Gliom,1,Gliom,evet,8.3e-05,0.999887,3e-05
3044,3045,brain_tumor_figshare/3045.mat,MR040240C,2,1,Gliom,1,Gliom,evet,0.000617,0.99908,0.000303
3045,3046,brain_tumor_figshare/3046.mat,MR040240C,2,1,Gliom,1,Gliom,evet,0.002602,0.995991,0.001407
3046,3047,brain_tumor_figshare/3047.mat,MR040240D,4,1,Gliom,1,Gliom,evet,7e-05,0.99988,4.9e-05
3047,3048,brain_tumor_figshare/3048.mat,MR040240D,4,1,Gliom,1,Gliom,evet,7.4e-05,0.999852,7.3e-05
3048,3049,brain_tumor_figshare/3049.mat,MR017260F,2,1,Gliom,1,Gliom,evet,0.000422,0.999451,0.000127
3049,3050,brain_tumor_figshare/3050.mat,MR017260F,2,1,Gliom,1,Gliom,evet,0.000279,0.999683,3.8e-05
3050,3051,brain_tumor_figshare/3051.mat,MR017260F,2,1,Gliom,1,Gliom,evet,5.1e-05,0.999942,7e-06
3051,3052,brain_tumor_figshare/3052.mat,MR017260F,2,1,Gliom,1,Gliom,evet,3.4e-05,0.999956,1e-05
3052,3053,brain_tumor_figshare/3053.mat,MR017260F,2,1,Gliom,1,Gliom,evet,5e-05,0.999943,7e-06
3053,3054,brain_tumor_figshare/3054.mat,MR017260F,2,1,Gliom,1,Gliom,evet,1.9e-05,0.999972,9e-06
3054,3055,brain_tumor_figshare/3055.mat,MR017260F,2,1,Gliom,1,Gliom,evet,7.8e-05,0.999888,3.4e-05
3055,3056,brain_tumor_figshare/3056.mat,MR029209I,4,1,Gliom,1,Gliom,evet,0.001401,0.998371,0.000228
3056,3057,brain_tumor_figshare/3057.mat,MR029209I,4,1,Gliom,1,Gliom,evet,0.000502,0.999416,8.2e-05
3057,3058,brain_tumor_figshare/3058.mat,MR029209I,4,1,Gliom,1,Gliom,evet,4.1e-05,0.999949,1e-05
3058,3059,brain_tumor_figshare/3059.mat,MR029209I,4,1,Gliom,1,Gliom,evet,0.00024,0.999724,3.6e-05
3059,3060,brain_tumor_figshare/3060.mat,MR029209I,4,1,Gliom,1,Gliom,evet,4.1e-05,0.999947,1.3e-05
3060,3061,brain_tumor_figshare/3061.mat,MR029209I,4,1,Gliom,1,Gliom,evet,7.3e-05,0.999907,2e-05
3061,3062,brain_tumor_figshare/3062.mat,MR029209I,4,1,Gliom,1,Gliom,evet,0.001141,0.998804,5.4e-05
3062,3063,brain_tumor_figshare/3063.mat,95969,2,0,Meningiom,1,Gliom,hayır,0.252977,0.746602,0.000422
3063,3064,brain_tumor_figshare/3064.mat,88510,1,0,Meningiom,1,Gliom,hayır,0.057131,0.942101,0.000768
