satir,goruntu_no,dosya,hasta,kat,gercek_etiket_no,gercek_etiket,tahmin_no,tahmin,dogru_mu,olasilik_Meningiom,olasilik_Gliom,olasilik_Hipofiz tümörü
0,1,brain_tumor_figshare/1.mat,100360,5,0,Meningiom,0,Meningiom,evet,0.773322,0.163275,0.063404
1,2,brain_tumor_figshare/2.mat,100360,5,0,Meningiom,0,Meningiom,evet,0.626376,0.2374,0.136223
2,3,brain_tumor_figshare/3.mat,100360,5,0,Meningiom,0,Meningiom,evet,0.560802,0.222701,0.216497
3,4,brain_tumor_figshare/4.mat,100360,5,0,Meningiom,0,Meningiom,evet,0.770102,0.162282,0.067616
4,5,brain_tumor_figshare/5.mat,100360,5,0,Meningiom,0,Meningiom,evet,0.606175,0.364495,0.02933
5,6,brain_tumor_figshare/6.mat,100572,3,0,Meningiom,2,Hipofiz tümörü,hayır,0.039996,0.025489,0.934515
6,7,brain_tumor_figshare/7.mat,100572,3,0,Meningiom,2,Hipofiz tümörü,hayır,0.019437,0.00071,0.979853
7,8,brain_tumor_figshare/8.mat,100572,3,0,Meningiom,2,Hipofiz tümörü,hayır,0.211324,0.006358,0.782318
8,9,brain_tumor_figshare/9.mat,101016,4,0,Meningiom,0,Meningiom,evet,0.612122,0.347477,0.040401
9,10,brain_tumor_figshare/10.mat,101016,4,0,Meningiom,1,Gliom,hayır,0.398873,0.575774,0.025352
10,11,brain_tumor_figshare/11.mat,101016,4,0,Meningiom,1,Gliom,hayır,0.425399,0.526196,0.048406
11,12,brain_tumor_figshare/12.mat,101016,4,0,Meningiom,0,Meningiom,evet,0.763846,0.20138,0.034774
12,13,brain_tumor_figshare/13.mat,101016,4,0,Meningiom,0,Meningiom,evet,0.739563,0.237724,0.022712
13,14,brain_tumor_figshare/14.mat,101016,4,0,Meningiom,0,Meningiom,evet,0.776662,0.197109,0.02623
14,15,brain_tumor_figshare/15.mat,101016,4,0,Meningiom,0,Meningiom,evet,0.759367,0.20282,0.037813
15,16,brain_tumor_figshare/16.mat,101127,4,0,Meningiom,0,Meningiom,evet,0.526855,0.019349,0.453795
16,17,brain_tumor_figshare/17.mat,101127,4,0,Meningiom,2,Hipofiz tümörü,hayır,0.426561,0.049802,0.523637
17,18,brain_tumor_figshare/18.mat,101127,4,0,Meningiom,2,Hipofiz tümörü,hayır,0.36969,0.23452,0.39579
18,19,brain_tumor_figshare/19.mat,101127,4,0,Meningiom,2,Hipofiz tümörü,hayır,0.398537,0.08424,0.517223
19,20,brain_tumor_figshare/20.mat,101797,5,0,Meningiom,0,Meningiom,evet,0.597769,0.396552,0.005679
20,21,brain_tumor_figshare/21.mat,101797,5,0,Meningiom,0,Meningiom,evet,0.909088,0.069165,0.021747
21,22,brain_tumor_figshare/22.mat,101797,5,0,Meningiom,0,Meningiom,evet,0.840097,0.141871,0.018033
22,23,brain_tumor_figshare/23.mat,101797,5,0,Meningiom,0,Meningiom,evet,0.9433,0.054596,0.002104
23,24,brain_tumor_figshare/24.mat,102420,1,0,Meningiom,0,Meningiom,evet,0.719645,0.094156,0.186199
24,25,brain_tumor_figshare/25.mat,102420,1,0,Meningiom,0,Meningiom,evet,0.77058,0.107136,0.122284
25,26,brain_tumor_figshare/26.mat,102446,3,0,Meningiom,1,Gliom,hayır,0.229985,0.740953,0.029063
26,27,brain_tumor_figshare/27.mat,102675,1,0,Meningiom,0,Meningiom,evet,0.885174,0.059863,0.054963
27,28,brain_tumor_figshare/28.mat,102714,5,0,Meningiom,0,Meningiom,evet,0.734263,0.124959,0.140778
28,29,brain_tumor_figshare/29.mat,102714,5,0,Meningiom,2,Hipofiz tümörü,hayır,0.226561,0.000913,0.772526
29,30,brain_tumor_figshare/30.mat,102714,5,0,Meningiom,0,Meningiom,evet,0.669396,0.00044,0.330165
30,31,brain_tumor_figshare/31.mat,102714,5,0,Meningiom,0,Meningiom,evet,0.849065,0.005448,0.145487
31,32,brain_tumor_figshare/32.mat,102929,2,0,Meningiom,0,Meningiom,evet,0.980584,0.00034,0.019076
32,33,brain_tumor_figshare/33.mat,102929,2,0,Meningiom,0,Meningiom,evet,0.905313,0.003573,0.091114
33,34,brain_tumor_figshare/34.mat,102935,1,0,Meningiom,0,Meningiom,evet,0.813903,0.107141,0.078956
34,35,brain_tumor_figshare/35.mat,102985,4,0,Meningiom,0,Meningiom,evet,0.606717,0.281703,0.11158
35,36,brain_tumor_figshare/36.mat,103673,5,0,Meningiom,2,Hipofiz tümörü,hayır,0.000625,0.0,0.999375
36,37,brain_tumor_figshare/37.mat,103673,5,0,Meningiom,2,Hipofiz tümörü,hayır,0.003555,2e-06,0.996443
37,38,brain_tumor_figshare/38.mat,103673,5,0,Meningiom,2,Hipofiz tümörü,hayır,0.005812,1.2e-05,0.994175
38,39,brain_tumor_figshare/39.mat,103673,5,0,Meningiom,2,Hipofiz tümörü,hayır,0.006593,5e-06,0.993402
39,40,brain_tumor_figshare/40.mat,103673,5,0,Meningiom,2,Hipofiz tümörü,hayır,0.030034,0.000124,0.969841
40,41,brain_tumor_figshare/41.mat,103673,5,0,Meningiom,2,Hipofiz tümörü,hayır,0.013554,0.000233,0.986213
41,42,brain_tumor_figshare/42.mat,103925,4,0,Meningiom,2,Hipofiz tümörü,hayır,0.128303,0.416841,0.454856
42,43,brain_tumor_figshare/43.mat,103925,4,0,Meningiom,2,Hipofiz tümörü,hayır,0.145836,0.157737,0.696428
43,44,brain_tumor_figshare/44.mat,103925,4,0,Meningiom,2,Hipofiz tümörü,hayır,0.177996,0.011396,0.810608
44,45,brain_tumor_figshare/45.mat,104167,3,0,Meningiom,0,Meningiom,evet,0.926205,0.006617,0.067177
45,46,brain_tumor_figshare/46.mat,104167,3,0,Meningiom,0,Meningiom,evet,0.638551,0.019371,0.342078
46,47,brain_tumor_figshare/47.mat,104167,3,0,Meningiom,0,Meningiom,evet,0.937336,0.045378,0.017286
47,48,brain_tumor_figshare/48.mat,104167,3,0,Meningiom,0,Meningiom,evet,0.543516,0.032324,0.42416
48,49,brain_tumor_figshare/49.mat,104281,3,0,Meningiom,0,Meningiom,evet,0.623692,0.368488,0.00782
49,50,brain_tumor_figshare/50.mat,104281,3,0,Meningiom,0,Meningiom,evet,0.728981,0.240606,0.030412
50,51,brain_tumor_figshare/51.mat,104281,3,0,Meningiom,0,Meningiom,evet,0.904285,0.091188,0.004527
51,52,brain_tumor_figshare/52.mat,104281,3,0,Meningiom,0,Meningiom,evet,0.687028,0.311002,0.001971
52,53,brain_tumor_figshare/53.mat,104281,3,0,Meningiom,0,Meningiom,evet,0.831318,0.158147,0.010535
53,54,brain_tumor_figshare/54.mat,104281,3,0,Meningiom,0,Meningiom,evet,0.733763,0.258569,0.007669
54,55,brain_tumor_figshare/55.mat,104281,3,0,Meningiom,0,Meningiom,evet,0.854133,0.142851,0.003016
55,56,brain_tumor_figshare/56.mat,105374,4,0,Meningiom,1,Gliom,hayır,0.342406,0.417109,0.240484
56,57,brain_tumor_figshare/57.mat,105374,4,0,Meningiom,0,Meningiom,evet,0.546087,0.077185,0.376729
57,58,brain_tumor_figshare/58.mat,105555,5,0,Meningiom,0,Meningiom,evet,0.910173,0.086197,0.00363
58,59,brain_tumor_figshare/59.mat,58392,3,2,Hipofiz tümörü,2,Hipofiz tümörü,evet,0.097911,0.00198,0.900109
59,60,brain_tumor_figshare/60.mat,105937,1,0,Meningiom,0,Meningiom,evet,0.761309,0.163376,0.075315
60,61,brain_tumor_figshare/61.mat,105937,1,0,Meningiom,1,Gliom,hayır,0.436141,0.487005,0.076854
61,62,brain_tumor_figshare/62.mat,106284,2,0,Meningiom,0,Meningiom,evet,0.811696,0.006937,0.181367
62,63,brain_tumor_figshare/63.mat,106284,2,0,Meningiom,1,Gliom,hayır,0.247146,0.622525,0.130329
63,64,brain_tumor_figshare/64.mat,106284,2,0,Meningiom,0,Meningiom,evet,0.784992,0.083819,0.131189
64,65,brain_tumor_figshare/65.mat,106284,2,0,Meningiom,0,Meningiom,evet,0.671906,0.159317,0.168777
65,66,brain_tumor_figshare/66.mat,106284,2,0,Meningiom,0,Meningiom,evet,0.549358,0.411178,0.039464
66,67,brain_tumor_figshare/67.mat,106442,1,0,Meningiom,0,Meningiom,evet,0.894192,0.074593,0.031215
67,68,brain_tumor_figshare/68.mat,106442,1,0,Meningiom,0,Meningiom,evet,0.850669,0.126246,0.023085
68,69,brain_tumor_figshare/69.mat,106442,1,0,Meningiom,0,Meningiom,evet,0.922047,0.051335,0.026617
69,70,brain_tumor_figshare/70.mat,106442,1,0,Meningiom,0,Meningiom,evet,0.726051,0.211191,0.062758
70,71,brain_tumor_figshare/71.mat,106534,4,0,Meningiom,0,Meningiom,evet,0.932955,0.016497,0.050548
71,72,brain_tumor_figshare/72.mat,106534,4,0,Meningiom,0,Meningiom,evet,0.949095,0.022366,0.02854
72,73,brain_tumor_figshare/73.mat,106665,3,0,Meningiom,0,Meningiom,evet,0.679845,0.083739,0.236415
73,74,brain_tumor_figshare/74.mat,106665,3,0,Meningiom,2,Hipofiz tümörü,hayır,0.458563,0.051526,0.489911
74,75,brain_tumor_figshare/75.mat,106665,3,0,Meningiom,0,Meningiom,evet,0.759995,0.013808,0.226197
75,76,brain_tumor_figshare/76.mat,106665,3,0,Meningiom,0,Meningiom,evet,0.727452,0.237612,0.034936
76,77,brain_tumor_figshare/77.mat,106665,3,0,Meningiom,0,Meningiom,evet,0.861323,0.132659,0.006018
77,78,brain_tumor_figshare/78.mat,106665,3,0,Meningiom,0,Meningiom,evet,0.84358,0.126757,0.029663
78,79,brain_tumor_figshare/79.mat,106665,3,0,Meningiom,0,Meningiom,evet,0.879088,0.116773,0.004139
79,80,brain_tumor_figshare/80.mat,106720,1,0,Meningiom,0,Meningiom,evet,0.869386,0.027082,0.103532
80,81,brain_tumor_figshare/81.mat,106720,1,0,Meningiom,0,Meningiom,evet,0.803539,0.106845,0.089615
81,82,brain_tumor_figshare/82.mat,106720,1,0,Meningiom,0,Meningiom,evet,0.971096,0.017009,0.011895
82,83,brain_tumor_figshare/83.mat,106720,1,0,Meningiom,0,Meningiom,evet,0.866923,0.077878,0.055199
83,84,brain_tumor_figshare/84.mat,106720,1,0,Meningiom,0,Meningiom,evet,0.78731,0.107789,0.104901
84,85,brain_tumor_figshare/85.mat,106720,1,0,Meningiom,0,Meningiom,evet,0.785855,0.04571,0.168435
85,86,brain_tumor_figshare/86.mat,106720,1,0,Meningiom,0,Meningiom,evet,0.671381,0.08689,0.241729
86,87,brain_tumor_figshare/87.mat,106914,2,0,Meningiom,0,Meningiom,evet,0.92143,0.065981,0.012589
87,88,brain_tumor_figshare/88.mat,106914,2,0,Meningiom,0,Meningiom,evet,0.905138,0.012411,0.082451
88,89,brain_tumor_figshare/89.mat,106914,2,0,Meningiom,0,Meningiom,evet,0.649777,0.103979,0.246244
89,90,brain_tumor_figshare/90.mat,106914,2,0,Meningiom,0,Meningiom,evet,0.922872,0.034024,0.043104
90,91,brain_tumor_figshare/91.mat,107190,5,0,Meningiom,0,Meningiom,evet,0.663444,0.335385,0.001171
91,92,brain_tumor_figshare/92.mat,107190,5,0,Meningiom,0,Meningiom,evet,0.696401,0.302375,0.001224
92,93,brain_tumor_figshare/93.mat,107248,5,0,Meningiom,1,Gliom,hayır,0.074952,0.90157,0.023478
93,94,brain_tumor_figshare/94.mat,107248,5,0,Meningiom,2,Hipofiz tümörü,hayır,0.168056,0.041809,0.790135
94,95,brain_tumor_figshare/95.mat,107248,5,0,Meningiom,2,Hipofiz tümörü,hayır,0.116339,4.8e-05,0.883613
95,96,brain_tumor_figshare/96.mat,107248,5,0,Meningiom,2,Hipofiz tümörü,hayır,0.304504,0.002629,0.692867
96,97,brain_tumor_figshare/97.mat,107248,5,0,Meningiom,0,Meningiom,evet,0.689683,0.021279,0.289038
97,98,brain_tumor_figshare/98.mat,107248,5,0,Meningiom,0,Meningiom,evet,0.650418,0.019053,0.330529
98,99,brain_tumor_figshare/99.mat,107494,4,0,Meningiom,2,Hipofiz tümörü,hayır,0.267865,0.249481,0.482654
99,100,brain_tumor_figshare/100.mat,107494,4,0,Meningiom,0,Meningiom,evet,0.414765,0.18188,0.403355
100,101,brain_tumor_figshare/101.mat,107494,4,0,Meningiom,2,Hipofiz tümörü,hayır,0.063647,0.007474,0.928879
101,102,brain_tumor_figshare/102.mat,107494,4,0,Meningiom,2,Hipofiz tümörü,hayır,0.334131,0.018742,0.647127
102,103,brain_tumor_figshare/103.mat,107494,4,0,Meningiom,2,Hipofiz tümörü,hayır,0.240123,0.141039,0.618837
103,104,brain_tumor_figshare/104.mat,108514,5,0,Meningiom,1,Gliom,hayır,0.192901,0.777206,0.029892
104,105,brain_tumor_figshare/105.mat,108514,5,0,Meningiom,0,Meningiom,evet,0.953268,0.040273,0.00646
105,106,brain_tumor_figshare/106.mat,108514,5,0,Meningiom,0,Meningiom,evet,0.952975,0.025687,0.021339
106,107,brain_tumor_figshare/107.mat,108514,5,0,Meningiom,0,Meningiom,evet,0.870888,0.127945,0.001167
107,108,brain_tumor_figshare/108.mat,108514,5,0,Meningiom,0,Meningiom,evet,0.976609,0.020347,0.003044
108,109,brain_tumor_figshare/109.mat,108514,5,0,Meningiom,0,Meningiom,evet,0.989255,0.005349,0.005396
109,110,brain_tumor_figshare/110.mat,108514,5,0,Meningiom,0,Meningiom,evet,0.989071,0.004344,0.006586
110,111,brain_tumor_figshare/111.mat,108550,5,0,Meningiom,2,Hipofiz tümörü,hayır,0.286172,0.000964,0.712864
111,112,brain_tumor_figshare/112.mat,108550,5,0,Meningiom,2,Hipofiz tümörü,hayır,0.159715,0.003524,0.836761
112,113,brain_tumor_figshare/113.mat,108590,3,0,Meningiom,0,Meningiom,evet,0.937054,0.030921,0.032025
113,114,brain_tumor_figshare/114.mat,108590,3,0,Meningiom,0,Meningiom,evet,0.945324,0.048294,0.006382
114,115,brain_tumor_figshare/115.mat,108945,4,0,Meningiom,0,Meningiom,evet,0.63754,0.322926,0.039534
115,116,brain_tumor_figshare/116.mat,108945,4,0,Meningiom,1,Gliom,hayır,0.438371,0.546241,0.015388
116,117,brain_tumor_figshare/117.mat,108945,4,0,Meningiom,0,Meningiom,evet,0.580548,0.402577,0.016875
117,118,brain_tumor_figshare/118.mat,108945,4,0,Meningiom,0,Meningiom,evet,0.670265,0.297777,0.031958
118,119,brain_tumor_figshare/119.mat,109411,3,0,Meningiom,0,Meningiom,evet,0.571439,0.19915,0.229412
119,120,brain_tumor_figshare/120.mat,109968,3,0,Meningiom,1,Gliom,hayır,0.157895,0.830102,0.012003
120,121,brain_tumor_figshare/121.mat,109968,3,0,Meningiom,1,Gliom,hayır,0.151631,0.488738,0.359631
121,122,brain_tumor_figshare/122.mat,109968,3,0,Meningiom,1,Gliom,hayır,0.264942,0.39585,0.339209
122,123,brain_tumor_figshare/123.mat,109968,3,0,Meningiom,0,Meningiom,evet,0.561098,0.011582,0.42732
123,124,brain_tumor_figshare/124.mat,110116,5,0,Meningiom,2,Hipofiz tümörü,hayır,0.103032,1e-06,0.896967
124,125,brain_tumor_figshare/125.mat,111077,2,0,Meningiom,0,Meningiom,evet,0.759397,0.02797,0.212634
125,126,brain_tumor_figshare/126.mat,111077,2,0,Meningiom,0,Meningiom,evet,0.671825,0.211028,0.117146
126,127,brain_tumor_figshare/127.mat,111077,2,0,Meningiom,0,Meningiom,evet,0.812719,0.181468,0.005813
127,128,brain_tumor_figshare/128.mat,111366,3,0,Meningiom,0,Meningiom,evet,0.938719,0.05104,0.010241
128,129,brain_tumor_figshare/129.mat,111366,3,0,Meningiom,0,Meningiom,evet,0.487381,0.145156,0.367463
129,130,brain_tumor_figshare/130.mat,111366,3,0,Meningiom,0,Meningiom,evet,0.562033,0.004795,0.433172
130,131,brain_tumor_figshare/131.mat,111366,3,0,Meningiom,2,Hipofiz tümörü,hayır,0.366346,0.236186,0.397468
131,132,brain_tumor_figshare/132.mat,111532,1,0,Meningiom,0,Meningiom,evet,0.781713,0.184844,0.033443
132,133,brain_tumor_figshare/133.mat,111532,1,0,Meningiom,0,Meningiom,evet,0.819967,0.147869,0.032164
133,134,brain_tumor_figshare/134.mat,111532,1,0,Meningiom,0,Meningiom,evet,0.819006,0.15686,0.024134
134,135,brain_tumor_figshare/135.mat,112002,2,0,Meningiom,0,Meningiom,evet,0.518513,0.383041,0.098446
135,136,brain_tumor_figshare/136.mat,112002,2,0,Meningiom,0,Meningiom,evet,0.679189,0.213382,0.107429
136,137,brain_tumor_figshare/137.mat,112002,2,0,Meningiom,1,Gliom,hayır,0.045808,0.925035,0.029158
137,138,brain_tumor_figshare/138.mat,112002,2,0,Meningiom,1,Gliom,hayır,0.283708,0.484581,0.231711
138,139,brain_tumor_figshare/139.mat,112062,4,0,Meningiom,0,Meningiom,evet,0.896892,0.079484,0.023624
139,140,brain_tumor_figshare/140.mat,112062,4,0,Meningiom,0,Meningiom,evet,0.909008,0.072624,0.018368
140,141,brain_tumor_figshare/141.mat,112062,4,0,Meningiom,0,Meningiom,evet,0.896561,0.094202,0.009237
141,142,brain_tumor_figshare/142.mat,112252,1,0,Meningiom,0,Meningiom,evet,0.556516,0.414107,0.029377
142,143,brain_tumor_figshare/143.mat,112252,1,0,Meningiom,0,Meningiom,evet,0.549856,0.445059,0.005086
143,144,brain_tumor_figshare/144.mat,112552,2,0,Meningiom,1,Gliom,hayır,0.205636,0.63216,0.162204
144,145,brain_tumor_figshare/145.mat,112552,2,0,Meningiom,0,Meningiom,evet,0.516467,0.430095,0.053438
145,146,brain_tumor_figshare/146.mat,112552,2,0,Meningiom,1,Gliom,hayır,0.112187,0.835578,0.052235
146,147,brain_tumor_figshare/147.mat,112552,2,0,Meningiom,1,Gliom,hayır,0.188864,0.795978,0.015158
147,148,brain_tumor_figshare/148.mat,112552,2,0,Meningiom,1,Gliom,hayır,0.225075,0.72218,0.052745
148,149,brain_tumor_figshare/149.mat,112552,2,0,Meningiom,0,Meningiom,evet,0.549526,0.38392,0.066554
149,150,brain_tumor_figshare/150.mat,112552,2,0,Meningiom,1,Gliom,hayır,0.476175,0.520277,0.003548
150,151,brain_tumor_figshare/151.mat,112648,3,0,Meningiom,0,Meningiom,evet,0.593115,0.386356,0.020529
151,152,brain_tumor_figshare/152.mat,112648,3,0,Meningiom,2,Hipofiz tümörü,hayır,0.422362,0.051622,0.526016
152,153,brain_tumor_figshare/153.mat,112648,3,0,Meningiom,0,Meningiom,evet,0.4297,0.251768,0.318532
153,154,brain_tumor_figshare/154.mat,113435,5,0,Meningiom,0,Meningiom,evet,0.761867,0.235243,0.002889
154,155,brain_tumor_figshare/155.mat,113435,5,0,Meningiom,0,Meningiom,evet,0.882565,0.112425,0.00501
155,156,brain_tumor_figshare/156.mat,113435,5,0,Meningiom,1,Gliom,hayır,0.30229,0.696977,0.000732
156,157,brain_tumor_figshare/157.mat,113435,5,0,Meningiom,1,Gliom,hayır,0.497929,0.500648,0.001423
157,158,brain_tumor_figshare/158.mat,113435,5,0,Meningiom,0,Meningiom,evet,0.967219,0.029561,0.00322
158,159,brain_tumor_figshare/159.mat,113435,5,0,Meningiom,0,Meningiom,evet,0.812735,0.186894,0.000371
159,160,brain_tumor_figshare/160.mat,113554,5,0,Meningiom,0,Meningiom,evet,0.790759,0.209054,0.000187
160,161,brain_tumor_figshare/161.mat,113554,5,0,Meningiom,0,Meningiom,evet,0.89756,0.099828,0.002612
161,162,brain_tumor_figshare/162.mat,113554,5,0,Meningiom,0,Meningiom,evet,0.90394,0.095617,0.000443
162,163,brain_tumor_figshare/163.mat,113805,2,0,Meningiom,0,Meningiom,evet,0.944662,0.050054,0.005284
163,164,brain_tumor_figshare/164.mat,114018,2,0,Meningiom,1,Gliom,hayır,0.393478,0.452371,0.15415
164,165,brain_tumor_figshare/165.mat,114018,2,0,Meningiom,2,Hipofiz tümörü,hayır,0.364885,0.00417,0.630946
165,166,brain_tumor_figshare/166.mat,114018,2,0,Meningiom,2,Hipofiz tümörü,hayır,0.341972,5e-06,0.658023
166,167,brain_tumor_figshare/167.mat,114018,2,0,Meningiom,0,Meningiom,evet,0.778005,0.001781,0.220214
167,168,brain_tumor_figshare/168.mat,114018,2,0,Meningiom,0,Meningiom,evet,0.893983,0.000272,0.105745
168,169,brain_tumor_figshare/169.mat,114359,2,0,Meningiom,1,Gliom,hayır,0.01302,0.986769,0.000211
169,170,brain_tumor_figshare/170.mat,114359,2,0,Meningiom,1,Gliom,hayır,0.013787,0.981609,0.004604
170,171,brain_tumor_figshare/171.mat,114359,2,0,Meningiom,1,Gliom,hayır,0.149601,0.844139,0.006261
171,172,brain_tumor_figshare/172.mat,114359,2,0,Meningiom,1,Gliom,hayır,0.306183,0.686814,0.007003
172,173,brain_tumor_figshare/173.mat,114359,2,0,Meningiom,0,Meningiom,evet,0.801793,0.185233,0.012975
173,174,brain_tumor_figshare/174.mat,114359,2,0,Meningiom,0,Meningiom,evet,0.729847,0.256481,0.013672
174,175,brain_tumor_figshare/175.mat,97607,1,0,Meningiom,0,Meningiom,evet,0.802593,0.174964,0.022444
175,176,brain_tumor_figshare/176.mat,97607,1,0,Meningiom,0,Meningiom,evet,0.929786,0.037089,0.033125
176,177,brain_tumor_figshare/177.mat,97607,1,0,Meningiom,0,Meningiom,evet,0.9295,0.041973,0.028527
177,178,brain_tumor_figshare/178.mat,97607,1,0,Meningiom,0,Meningiom,evet,0.769124,0.145857,0.085019
178,179,brain_tumor_figshare/179.mat,97607,1,0,Meningiom,0,Meningiom,evet,0.768177,0.205979,0.025844
179,180,brain_tumor_figshare/180.mat,97737,1,0,Meningiom,0,Meningiom,evet,0.957603,0.030423,0.011974
180,181,brain_tumor_figshare/181.mat,97737,1,0,Meningiom,0,Meningiom,evet,0.834415,0.099265,0.06632
181,182,brain_tumor_figshare/182.mat,97737,1,0,Meningiom,0,Meningiom,evet,0.880745,0.051269,0.067986
182,183,brain_tumor_figshare/183.mat,97737,1,0,Meningiom,0,Meningiom,evet,0.763949,0.173036,0.063016
183,184,brain_tumor_figshare/184.mat,97875,4,0,Meningiom,1,Gliom,hayır,0.466448,0.469843,0.063709
184,185,brain_tumor_figshare/185.mat,97875,4,0,Meningiom,2,Hipofiz tümörü,hayır,0.430462,0.080602,0.488935
185,186,brain_tumor_figshare/186.mat,97875,4,0,Meningiom,2,Hipofiz tümörü,hayır,0.439248,0.030796,0.529957
186,187,brain_tumor_figshare/187.mat,97943,3,0,Meningiom,1,Gliom,hayır,0.221688,0.754181,0.024131
187,188,brain_tumor_figshare/188.mat,97943,3,0,Meningiom,1,Gliom,hayır,0.364215,0.494583,0.141202
188,189,brain_tumor_figshare/189.mat,97943,3,0,Meningiom,1,Gliom,hayır,0.233115,0.536954,0.229931
189,190,brain_tumor_figshare/190.mat,97943,3,0,Meningiom,0,Meningiom,evet,0.741194,0.208981,0.049824
190,191,brain_tumor_figshare/191.mat,97943,3,0,Meningiom,0,Meningiom,evet,0.740147,0.164012,0.095842
191,192,brain_tumor_figshare/192.mat,98241,2,0,Meningiom,0,Meningiom,evet,0.681939,0.314471,0.00359
192,193,brain_tumor_figshare/193.mat,98241,2,0,Meningiom,0,Meningiom,evet,0.741951,0.177971,0.080078
193,194,brain_tumor_figshare/194.mat,98241,2,0,Meningiom,0,Meningiom,evet,0.838008,0.090758,0.071234
194,195,brain_tumor_figshare/195.mat,98241,2,0,Meningiom,0,Meningiom,evet,0.932952,0.02642,0.040628
195,196,brain_tumor_figshare/196.mat,98241,2,0,Meningiom,0,Meningiom,evet,0.938671,0.053834,0.007495
196,197,brain_tumor_figshare/197.mat,98241,2,0,Meningiom,0,Meningiom,evet,0.982067,0.016901,0.001032
197,198,brain_tumor_figshare/198.mat,99017,1,0,Meningiom,2,Hipofiz tümörü,hayır,0.405075,0.051754,0.543171
198,199,brain_tumor_figshare/199.mat,99017,1,0,Meningiom,0,Meningiom,evet,0.735448,0.030335,0.234217
199,200,brain_tumor_figshare/200.mat,99089,5,0,Meningiom,0,Meningiom,evet,0.968697,0.013508,0.017795
200,201,brain_tumor_figshare/201.mat,99089,5,0,Meningiom,0,Meningiom,evet,0.980926,0.006377,0.012697
201,202,brain_tumor_figshare/202.mat,99089,5,0,Meningiom,0,Meningiom,evet,0.952299,0.044439,0.003261
202,203,brain_tumor_figshare/203.mat,99288,2,0,Meningiom,0,Meningiom,evet,0.919663,0.067944,0.012393
203,204,brain_tumor_figshare/204.mat,99308,2,0,Meningiom,1,Gliom,hayır,0.387575,0.594151,0.018274
204,205,brain_tumor_figshare/205.mat,99308,2,0,Meningiom,0,Meningiom,evet,0.490653,0.31446,0.194887
205,206,brain_tumor_figshare/206.mat,99308,2,0,Meningiom,0,Meningiom,evet,0.719892,0.023839,0.256269
206,207,brain_tumor_figshare/207.mat,99308,2,0,Meningiom,0,Meningiom,evet,0.929183,0.051003,0.019813
207,208,brain_tumor_figshare/208.mat,99308,2,0,Meningiom,0,Meningiom,evet,0.991236,0.007588,0.001176
208,209,brain_tumor_figshare/209.mat,100820,3,1,Gliom,1,Gliom,evet,0.346198,0.557584,0.096218
209,210,brain_tumor_figshare/210.mat,100820,3,1,Gliom,0,Meningiom,hayır,0.899435,0.087611,0.012953
210,211,brain_tumor_figshare/211.mat,100360,5,0,Meningiom,1,Gliom,hayır,0.389879,0.609158,0.000964
211,212,brain_tumor_figshare/212.mat,100360,5,0,Meningiom,1,Gliom,hayır,0.11566,0.872244,0.012097
212,213,brain_tumor_figshare/213.mat,100360,5,0,Meningiom,0,Meningiom,evet,0.826866,0.064105,0.109029
213,214,brain_tumor_figshare/214.mat,100360,5,0,Meningiom,0,Meningiom,evet,0.940126,0.01856,0.041314
214,215,brain_tumor_figshare/215.mat,100360,5,0,Meningiom,1,Gliom,hayır,0.296192,0.698879,0.004929
215,216,brain_tumor_figshare/216.mat,100360,5,0,Meningiom,0,Meningiom,evet,0.88645,0.061705,0.051845
216,217,brain_tumor_figshare/217.mat,100360,5,0,Meningiom,0,Meningiom,evet,0.914751,0.081535,0.003714
217,218,brain_tumor_figshare/218.mat,100572,3,0,Meningiom,0,Meningiom,evet,0.918364,0.075402,0.006233
218,219,brain_tumor_figshare/219.mat,100572,3,0,Meningiom,0,Meningiom,evet,0.958331,0.003498,0.038171
219,220,brain_tumor_figshare/220.mat,100572,3,0,Meningiom,0,Meningiom,evet,0.835512,0.028302,0.136186
220,221,brain_tumor_figshare/221.mat,101016,4,0,Meningiom,0,Meningiom,evet,0.743648,0.054869,0.201483
221,222,brain_tumor_figshare/222.mat,101016,4,0,Meningiom,0,Meningiom,evet,0.525109,0.43656,0.03833
222,223,brain_tumor_figshare/223.mat,101016,4,0,Meningiom,1,Gliom,hayır,0.217595,0.772967,0.009437
223,224,brain_tumor_figshare/224.mat,101016,4,0,Meningiom,0,Meningiom,evet,0.753681,0.240499,0.00582
224,225,brain_tumor_figshare/225.mat,101016,4,0,Meningiom,1,Gliom,hayır,0.299915,0.686989,0.013096
225,226,brain_tumor_figshare/226.mat,101016,4,0,Meningiom,1,Gliom,hayır,0.293987,0.697287,0.008726
226,227,brain_tumor_figshare/227.mat,101127,4,0,Meningiom,0,Meningiom,evet,0.53386,0.29961,0.16653
227,228,brain_tumor_figshare/228.mat,101127,4,0,Meningiom,0,Meningiom,evet,0.726745,0.055224,0.218031
228,229,brain_tumor_figshare/229.mat,101127,4,0,Meningiom,0,Meningiom,evet,0.568632,0.007215,0.424153
229,230,brain_tumor_figshare/230.mat,101127,4,0,Meningiom,0,Meningiom,evet,0.781769,0.133967,0.084265
230,231,brain_tumor_figshare/231.mat,101797,5,0,Meningiom,0,Meningiom,evet,0.894143,0.096893,0.008964
231,232,brain_tumor_figshare/232.mat,101797,5,0,Meningiom,0,Meningiom,evet,0.867007,0.001181,0.131812
232,233,brain_tumor_figshare/233.mat,101797,5,0,Meningiom,0,Meningiom,evet,0.894787,0.065828,0.039385
233,234,brain_tumor_figshare/234.mat,101797,5,0,Meningiom,0,Meningiom,evet,0.913242,0.069598,0.01716
234,235,brain_tumor_figshare/235.mat,101797,5,0,Meningiom,0,Meningiom,evet,0.946671,0.049019,0.00431
235,236,brain_tumor_figshare/236.mat,102420,1,0,Meningiom,0,Meningiom,evet,0.867383,0.068562,0.064055
236,237,brain_tumor_figshare/237.mat,102420,1,0,Meningiom,1,Gliom,hayır,0.341135,0.600155,0.05871
237,238,brain_tumor_figshare/238.mat,102420,1,0,Meningiom,1,Gliom,hayır,0.471178,0.475232,0.05359
238,239,brain_tumor_figshare/239.mat,102446,3,0,Meningiom,0,Meningiom,evet,0.685378,0.25407,0.060551
239,240,brain_tumor_figshare/240.mat,102675,1,0,Meningiom,0,Meningiom,evet,0.512245,0.472873,0.014882
240,241,brain_tumor_figshare/241.mat,102675,1,0,Meningiom,1,Gliom,hayır,0.340494,0.603017,0.056489
241,242,brain_tumor_figshare/242.mat,102714,5,0,Meningiom,0,Meningiom,evet,0.756343,0.010393,0.233263
242,243,brain_tumor_figshare/243.mat,102714,5,0,Meningiom,0,Meningiom,evet,0.975833,0.020922,0.003245
243,244,brain_tumor_figshare/244.mat,102714,5,0,Meningiom,0,Meningiom,evet,0.968527,0.03088,0.000593
244,245,brain_tumor_figshare/245.mat,102714,5,0,Meningiom,0,Meningiom,evet,0.759104,0.238497,0.002399
245,246,brain_tumor_figshare/246.mat,102929,2,0,Meningiom,2,Hipofiz tümörü,hayır,0.161984,0.000119,0.837897
246,247,brain_tumor_figshare/247.mat,102929,2,0,Meningiom,0,Meningiom,evet,0.616234,0.000578,0.383188
247,248,brain_tumor_figshare/248.mat,102929,2,0,Meningiom,2,Hipofiz tümörü,hayır,0.348438,0.001489,0.650074
248,249,brain_tumor_figshare/249.mat,102929,2,0,Meningiom,0,Meningiom,evet,0.88136,0.001721,0.11692
249,250,brain_tumor_figshare/250.mat,102929,2,0,Meningiom,0,Meningiom,evet,0.933154,0.004573,0.062273
250,251,brain_tumor_figshare/251.mat,102929,2,0,Meningiom,0,Meningiom,evet,0.587404,0.002163,0.410434
251,252,brain_tumor_figshare/252.mat,102935,1,0,Meningiom,0,Meningiom,evet,0.639106,0.341187,0.019707
252,253,brain_tumor_figshare/253.mat,102985,4,0,Meningiom,0,Meningiom,evet,0.84032,0.134637,0.025043
253,254,brain_tumor_figshare/254.mat,103673,5,0,Meningiom,2,Hipofiz tümörü,hayır,0.191467,0.002974,0.805559
254,255,brain_tumor_figshare/255.mat,103673,5,0,Meningiom,2,Hipofiz tümörü,hayır,0.006146,1.1e-05,0.993843
255,256,brain_tumor_figshare/256.mat,103673,5,0,Meningiom,2,Hipofiz tümörü,hayır,0.023576,3e-05,0.976394
256,257,brain_tumor_figshare/257.mat,103673,5,0,Meningiom,2,Hipofiz tümörü,hayır,0.029252,0.000147,0.970601
257,258,brain_tumor_figshare/258.mat,103673,5,0,Meningiom,2,Hipofiz tümörü,hayır,0.028211,1.8e-05,0.971771
258,259,brain_tumor_figshare/259.mat,103673,5,0,Meningiom,2,Hipofiz tümörü,hayır,0.002661,1e-06,0.997338
259,260,brain_tumor_figshare/260.mat,103673,5,0,Meningiom,2,Hipofiz tümörü,hayır,0.008449,6.6e-05,0.991485
260,261,brain_tumor_figshare/261.mat,103925,4,0,Meningiom,0,Meningiom,evet,0.667398,0.06473,0.267872
261,262,brain_tumor_figshare/262.mat,103925,4,0,Meningiom,2,Hipofiz tümörü,hayır,0.396972,0.114649,0.488379
262,263,brain_tumor_figshare/263.mat,103925,4,0,Meningiom,0,Meningiom,evet,0.616881,0.076825,0.306294
263,264,brain_tumor_figshare/264.mat,103925,4,0,Meningiom,0,Meningiom,evet,0.720967,0.080872,0.198161
264,265,brain_tumor_figshare/265.mat,103925,4,0,Meningiom,0,Meningiom,evet,0.512363,0.307813,0.179825
265,266,brain_tumor_figshare/266.mat,103925,4,0,Meningiom,0,Meningiom,evet,0.746543,0.133396,0.120061
266,267,brain_tumor_figshare/267.mat,103925,4,0,Meningiom,0,Meningiom,evet,0.44314,0.122775,0.434085
267,268,brain_tumor_figshare/268.mat,103925,4,0,Meningiom,0,Meningiom,evet,0.518864,0.249698,0.231438
268,269,brain_tumor_figshare/269.mat,104167,3,0,Meningiom,0,Meningiom,evet,0.804035,0.193861,0.002103
269,270,brain_tumor_figshare/270.mat,104167,3,0,Meningiom,0,Meningiom,evet,0.845,0.142429,0.012572
270,271,brain_tumor_figshare/271.mat,104167,3,0,Meningiom,0,Meningiom,evet,0.880584,0.094214,0.025203
271,272,brain_tumor_figshare/272.mat,104167,3,0,Meningiom,0,Meningiom,evet,0.953176,0.04185,0.004975
272,273,brain_tumor_figshare/273.mat,104167,3,0,Meningiom,0,Meningiom,evet,0.742257,0.230427,0.027316
273,274,brain_tumor_figshare/274.mat,104167,3,0,Meningiom,0,Meningiom,evet,0.849228,0.117433,0.033339
274,275,brain_tumor_figshare/275.mat,104281,3,0,Meningiom,0,Meningiom,evet,0.897839,0.092643,0.009518
275,276,brain_tumor_figshare/276.mat,104281,3,0,Meningiom,0,Meningiom,evet,0.957756,0.037415,0.004829
276,277,brain_tumor_figshare/277.mat,104281,3,0,Meningiom,0,Meningiom,evet,0.951772,0.028087,0.020141
277,278,brain_tumor_figshare/278.mat,104281,3,0,Meningiom,0,Meningiom,evet,0.735294,0.259929,0.004777
278,279,brain_tumor_figshare/279.mat,104281,3,0,Meningiom,0,Meningiom,evet,0.981337,0.015324,0.003338
279,280,brain_tumor_figshare/280.mat,104281,3,0,Meningiom,0,Meningiom,evet,0.991957,0.003897,0.004146
280,281,brain_tumor_figshare/281.mat,105374,4,0,Meningiom,0,Meningiom,evet,0.72231,0.223155,0.054536
281,282,brain_tumor_figshare/282.mat,105374,4,0,Meningiom,0,Meningiom,evet,0.673376,0.207056,0.119568
282,283,brain_tumor_figshare/283.mat,105555,5,0,Meningiom,0,Meningiom,evet,0.936834,0.010412,0.052753
283,284,brain_tumor_figshare/284.mat,105555,5,0,Meningiom,0,Meningiom,evet,0.893728,0.006587,0.099685
284,285,brain_tumor_figshare/285.mat,105555,5,0,Meningiom,0,Meningiom,evet,0.942795,0.01349,0.043715
285,286,brain_tumor_figshare/286.mat,105937,1,0,Meningiom,0,Meningiom,evet,0.727916,0.014546,0.257538
286,287,brain_tumor_figshare/287.mat,105937,1,0,Meningiom,0,Meningiom,evet,0.784588,0.00478,0.210632
287,288,brain_tumor_figshare/288.mat,105937,1,0,Meningiom,2,Hipofiz tümörü,hayır,0.444972,0.008687,0.546341
288,289,brain_tumor_figshare/289.mat,105937,1,0,Meningiom,0,Meningiom,evet,0.518018,0.025494,0.456488
289,290,brain_tumor_figshare/290.mat,106284,2,0,Meningiom,0,Meningiom,evet,0.648032,0.342461,0.009508
290,291,brain_tumor_figshare/291.mat,106284,2,0,Meningiom,1,Gliom,hayır,0.101066,0.868809,0.030124
291,292,brain_tumor_figshare/292.mat,106284,2,0,Meningiom,1,Gliom,hayır,0.136074,0.844019,0.019907
292,293,brain_tumor_figshare/293.mat,106284,2,0,Meningiom,1,Gliom,hayır,0.347045,0.397512,0.255443
293,294,brain_tumor_figshare/294.mat,106442,1,0,Meningiom,0,Meningiom,evet,0.912875,0.063218,0.023906
294,295,brain_tumor_figshare/295.mat,106442,1,0,Meningiom,0,Meningiom,evet,0.759487,0.215053,0.02546
295,296,brain_tumor_figshare/296.mat,106442,1,0,Meningiom,0,Meningiom,evet,0.541456,0.454657,0.003887
296,297,brain_tumor_figshare/297.mat,106534,4,0,Meningiom,0,Meningiom,evet,0.962908,0.025485,0.011608
297,298,brain_tumor_figshare/298.mat,106534,4,0,Meningiom,0,Meningiom,evet,0.959581,0.024357,0.016062
298,299,brain_tumor_figshare/299.mat,106665,3,0,Meningiom,1,Gliom,hayır,0.26688,0.704175,0.028945
299,300,brain_tumor_figshare/300.mat,106665,3,0,Meningiom,0,Meningiom,evet,0.734599,0.26343,0.001971
300,301,brain_tumor_figshare/301.mat,106665,3,0,Meningiom,0,Meningiom,evet,0.711928,0.283893,0.004179
301,302,brain_tumor_figshare/302.mat,106665,3,0,Meningiom,0,Meningiom,evet,0.913819,0.079856,0.006325
302,303,brain_tumor_figshare/303.mat,106665,3,0,Meningiom,0,Meningiom,evet,0.960068,0.026344,0.013588
303,304,brain_tumor_figshare/304.mat,106720,1,0,Meningiom,0,Meningiom,evet,0.580701,0.016703,0.402595
304,305,brain_tumor_figshare/305.mat,106720,1,0,Meningiom,0,Meningiom,evet,0.538042,0.032634,0.429323
305,306,brain_tumor_figshare/306.mat,106720,1,0,Meningiom,0,Meningiom,evet,0.542301,0.078524,0.379175
306,307,brain_tumor_figshare/307.mat,106720,1,0,Meningiom,0,Meningiom,evet,0.733565,0.042213,0.224223
307,308,brain_tumor_figshare/308.mat,106720,1,0,Meningiom,0,Meningiom,evet,0.872161,0.068159,0.05968
308,309,brain_tumor_figshare/309.mat,106720,1,0,Meningiom,0,Meningiom,evet,0.639575,0.254533,0.105891
309,310,brain_tumor_figshare/310.mat,106720,1,0,Meningiom,0,Meningiom,evet,0.512295,0.359536,0.12817
310,311,brain_tumor_figshare/311.mat,106914,2,0,Meningiom,0,Meningiom,evet,0.850388,0.001305,0.148307
311,312,brain_tumor_figshare/312.mat,106914,2,0,Meningiom,0,Meningiom,evet,0.863681,6.2e-05,0.136257
312,313,brain_tumor_figshare/313.mat,106914,2,0,Meningiom,0,Meningiom,evet,0.973449,0.020397,0.006153
313,314,brain_tumor_figshare/314.mat,106914,2,0,Meningiom,0,Meningiom,evet,0.966772,0.026607,0.006621
314,315,brain_tumor_figshare/315.mat,107190,5,0,Meningiom,0,Meningiom,evet,0.798537,0.19978,0.001683
315,316,brain_tumor_figshare/316.mat,107248,5,0,Meningiom,0,Meningiom,evet,0.709624,0.096064,0.194311
316,317,brain_tumor_figshare/317.mat,107248,5,0,Meningiom,0,Meningiom,evet,0.523369,0.454487,0.022144
317,318,brain_tumor_figshare/318.mat,107248,5,0,Meningiom,1,Gliom,hayır,0.207022,0.462069,0.330909
318,319,brain_tumor_figshare/319.mat,107248,5,0,Meningiom,1,Gliom,hayır,0.324562,0.665604,0.009834
319,320,brain_tumor_figshare/320.mat,107494,4,0,Meningiom,1,Gliom,hayır,0.388585,0.595892,0.015523
320,321,brain_tumor_figshare/321.mat,107494,4,0,Meningiom,1,Gliom,hayır,0.458478,0.519788,0.021734
321,322,brain_tumor_figshare/322.mat,107494,4,0,Meningiom,0,Meningiom,evet,0.482348,0.362732,0.154919
322,323,brain_tumor_figshare/323.mat,107494,4,0,Meningiom,0,Meningiom,evet,0.725498,0.122883,0.151618
323,324,brain_tumor_figshare/324.mat,107494,4,0,Meningiom,0,Meningiom,evet,0.651419,0.261612,0.086969
324,325,brain_tumor_figshare/325.mat,107494,4,0,Meningiom,0,Meningiom,evet,0.740783,0.180754,0.078463
325,326,brain_tumor_figshare/326.mat,108514,5,0,Meningiom,1,Gliom,hayır,0.329795,0.658412,0.011794
326,327,brain_tumor_figshare/327.mat,108514,5,0,Meningiom,1,Gliom,hayır,0.199486,0.795117,0.005398
327,328,brain_tumor_figshare/328.mat,108514,5,0,Meningiom,0,Meningiom,evet,0.973774,0.025,0.001226
328,329,brain_tumor_figshare/329.mat,108514,5,0,Meningiom,0,Meningiom,evet,0.764166,0.22799,0.007844
329,330,brain_tumor_figshare/330.mat,108514,5,0,Meningiom,0,Meningiom,evet,0.600929,0.399002,6.9e-05
330,331,brain_tumor_figshare/331.mat,108514,5,0,Meningiom,0,Meningiom,evet,0.980288,0.018813,0.000899
331,332,brain_tumor_figshare/332.mat,108550,5,0,Meningiom,0,Meningiom,evet,0.76414,0.23575,0.000109
332,333,brain_tumor_figshare/333.mat,108550,5,0,Meningiom,0,Meningiom,evet,0.919879,0.078986,0.001135
333,334,brain_tumor_figshare/334.mat,108590,3,0,Meningiom,0,Meningiom,evet,0.960469,0.020919,0.018611
334,335,brain_tumor_figshare/335.mat,108590,3,0,Meningiom,0,Meningiom,evet,0.918952,0.061609,0.019439
335,336,brain_tumor_figshare/336.mat,108945,4,0,Meningiom,0,Meningiom,evet,0.691085,0.253925,0.05499
336,337,brain_tumor_figshare/337.mat,108945,4,0,Meningiom,1,Gliom,hayır,0.472775,0.4821,0.045125
337,338,brain_tumor_figshare/338.mat,108945,4,0,Meningiom,1,Gliom,hayır,0.421448,0.560759,0.017793
338,339,brain_tumor_figshare/339.mat,108945,4,0,Meningiom,0,Meningiom,evet,0.55688,0.414198,0.028922
339,340,brain_tumor_figshare/340.mat,109411,3,0,Meningiom,0,Meningiom,evet,0.949641,0.043296,0.007063
340,341,brain_tumor_figshare/341.mat,109968,3,0,Meningiom,0,Meningiom,evet,0.984712,0.014724,0.000564
341,342,brain_tumor_figshare/342.mat,109968,3,0,Meningiom,0,Meningiom,evet,0.768547,0.226746,0.004707
342,343,brain_tumor_figshare/343.mat,109968,3,0,Meningiom,0,Meningiom,evet,0.828604,0.156284,0.015112
343,344,brain_tumor_figshare/344.mat,109968,3,0,Meningiom,0,Meningiom,evet,0.729672,0.269655,0.000673
344,345,brain_tumor_figshare/345.mat,110116,5,0,Meningiom,2,Hipofiz tümörü,hayır,0.436044,0.000228,0.563728
345,346,brain_tumor_figshare/346.mat,110116,5,0,Meningiom,2,Hipofiz tümörü,hayır,0.261109,0.000225,0.738665
346,347,brain_tumor_figshare/347.mat,110116,5,0,Meningiom,2,Hipofiz tümörü,hayır,0.096337,8.9e-05,0.903574
347,348,brain_tumor_figshare/348.mat,110116,5,0,Meningiom,2,Hipofiz tümörü,hayır,0.29542,0.001572,0.703008
348,349,brain_tumor_figshare/349.mat,111077,2,0,Meningiom,0,Meningiom,evet,0.877076,0.107028,0.015896
349,350,brain_tumor_figshare/350.mat,111077,2,0,Meningiom,0,Meningiom,evet,0.965837,0.012361,0.021803
350,351,brain_tumor_figshare/351.mat,111077,2,0,Meningiom,0,Meningiom,evet,0.546928,0.003131,0.449941
351,352,brain_tumor_figshare/352.mat,111077,2,0,Meningiom,0,Meningiom,evet,0.731618,0.132584,0.135798
352,353,brain_tumor_figshare/353.mat,111366,3,0,Meningiom,0,Meningiom,evet,0.860374,0.119915,0.019711
353,354,brain_tumor_figshare/354.mat,111366,3,0,Meningiom,0,Meningiom,evet,0.846708,0.037794,0.115499
354,355,brain_tumor_figshare/355.mat,111366,3,0,Meningiom,0,Meningiom,evet,0.958787,0.005977,0.035237
355,356,brain_tumor_figshare/356.mat,111366,3,0,Meningiom,0,Meningiom,evet,0.98102,0.013798,0.005182
356,357,brain_tumor_figshare/357.mat,111532,1,0,Meningiom,1,Gliom,hayır,0.334077,0.337845,0.328078
357,358,brain_tumor_figshare/358.mat,111532,1,0,Meningiom,1,Gliom,hayır,0.337223,0.361172,0.301606
358,359,brain_tumor_figshare/359.mat,111532,1,0,Meningiom,1,Gliom,hayır,0.215976,0.655695,0.128328
359,360,brain_tumor_figshare/360.mat,111532,1,0,Meningiom,0,Meningiom,evet,0.706257,0.219082,0.074661
360,361,brain_tumor_figshare/361.mat,111532,1,0,Meningiom,0,Meningiom,evet,0.490993,0.420444,0.088563
361,362,brain_tumor_figshare/362.mat,112002,2,0,Meningiom,1,Gliom,hayır,0.220938,0.775069,0.003992
362,363,brain_tumor_figshare/363.mat,112002,2,0,Meningiom,1,Gliom,hayır,0.1492,0.85054,0.00026
363,364,brain_tumor_figshare/364.mat,112002,2,0,Meningiom,1,Gliom,hayır,0.322438,0.663485,0.014077
364,365,brain_tumor_figshare/365.mat,112002,2,0,Meningiom,1,Gliom,hayır,0.017508,0.978633,0.003859
365,366,brain_tumor_figshare/366.mat,112062,4,0,Meningiom,0,Meningiom,evet,0.898716,0.056046,0.045237
366,367,brain_tumor_figshare/367.mat,112062,4,0,Meningiom,0,Meningiom,evet,0.961704,0.015889,0.022406
367,368,brain_tumor_figshare/368.mat,112062,4,0,Meningiom,0,Meningiom,evet,0.770082,0.209225,0.020693
368,369,brain_tumor_figshare/369.mat,112062,4,0,Meningiom,1,Gliom,hayır,0.439028,0.55207,0.008902
369,370,brain_tumor_figshare/370.mat,112252,1,0,Meningiom,0,Meningiom,evet,0.817145,0.061861,0.120995
370,371,brain_tumor_figshare/371.mat,112252,1,0,Meningiom,0,Meningiom,evet,0.878025,0.037867,0.084109
371,372,brain_tumor_figshare/372.mat,112552,2,0,Meningiom,1,Gliom,hayır,0.359688,0.541817,0.098495
372,373,brain_tumor_figshare/373.mat,112552,2,0,Meningiom,1,Gliom,hayır,0.132388,0.835685,0.031927
373,374,brain_tumor_figshare/374.mat,112552,2,0,Meningiom,0,Meningiom,evet,0.774162,0.176222,0.049616
374,375,brain_tumor_figshare/375.mat,112552,2,0,Meningiom,1,Gliom,hayır,0.361501,0.369451,0.269048
375,376,brain_tumor_figshare/376.mat,112552,2,0,Meningiom,0,Meningiom,evet,0.427138,0.280201,0.292661
376,377,brain_tumor_figshare/377.mat,112552,2,0,Meningiom,0,Meningiom,evet,0.538478,0.258469,0.203053
377,378,brain_tumor_figshare/378.mat,112552,2,0,Meningiom,0,Meningiom,evet,0.808087,0.10611,0.085803
378,379,brain_tumor_figshare/379.mat,112648,3,0,Meningiom,1,Gliom,hayır,0.232987,0.765865,0.001148
379,380,brain_tumor_figshare/380.mat,112648,3,0,Meningiom,0,Meningiom,evet,0.74879,0.250264,0.000946
380,381,brain_tumor_figshare/381.mat,112648,3,0,Meningiom,0,Meningiom,evet,0.942885,0.021714,0.0354
381,382,brain_tumor_figshare/382.mat,113435,5,0,Meningiom,1,Gliom,hayır,0.071357,0.927681,0.000962
382,383,brain_tumor_figshare/383.mat,113435,5,0,Meningiom,1,Gliom,hayır,0.273761,0.717823,0.008416
383,384,brain_tumor_figshare/384.mat,113435,5,0,Meningiom,1,Gliom,hayır,0.2655,0.694632,0.039868
384,385,brain_tumor_figshare/385.mat,113435,5,0,Meningiom,0,Meningiom,evet,0.501324,0.426834,0.071843
385,386,brain_tumor_figshare/386.mat,113435,5,0,Meningiom,1,Gliom,hayır,0.058331,0.93985,0.001818
386,387,brain_tumor_figshare/387.mat,113435,5,0,Meningiom,1,Gliom,hayır,0.098133,0.886892,0.014975
387,388,brain_tumor_figshare/388.mat,113435,5,0,Meningiom,1,Gliom,hayır,0.084286,0.88378,0.031935
388,389,brain_tumor_figshare/389.mat,113435,5,0,Meningiom,1,Gliom,hayır,0.386008,0.588742,0.02525
389,390,brain_tumor_figshare/390.mat,113554,5,0,Meningiom,0,Meningiom,evet,0.727124,0.256142,0.016734
390,391,brain_tumor_figshare/391.mat,113554,5,0,Meningiom,0,Meningiom,evet,0.553661,0.440204,0.006135
391,392,brain_tumor_figshare/392.mat,113554,5,0,Meningiom,1,Gliom,hayır,0.252236,0.746672,0.001092
392,393,brain_tumor_figshare/393.mat,113805,2,0,Meningiom,1,Gliom,hayır,0.418773,0.58031,0.000917
393,394,brain_tumor_figshare/394.mat,113805,2,0,Meningiom,0,Meningiom,evet,0.845861,0.148942,0.005198
394,395,brain_tumor_figshare/395.mat,114018,2,0,Meningiom,0,Meningiom,evet,0.691026,0.049615,0.259359
395,396,brain_tumor_figshare/396.mat,114018,2,0,Meningiom,0,Meningiom,evet,0.653157,0.003271,0.343572
396,397,brain_tumor_figshare/397.mat,114018,2,0,Meningiom,2,Hipofiz tümörü,hayır,0.193813,0.00046,0.805727
397,398,brain_tumor_figshare/398.mat,114018,2,0,Meningiom,0,Meningiom,evet,0.574027,0.039036,0.386937
398,399,brain_tumor_figshare/399.mat,114359,2,0,Meningiom,1,Gliom,hayır,0.345009,0.654157,0.000834
399,400,brain_tumor_figshare/400.mat,114359,2,0,Meningiom,1,Gliom,hayır,0.33907,0.65043,0.010501
400,401,brain_tumor_figshare/401.mat,114359,2,0,Meningiom,1,Gliom,hayır,0.104632,0.882383,0.012985
401,402,brain_tumor_figshare/402.mat,114359,2,0,Meningiom,0,Meningiom,evet,0.69529,0.223851,0.080859
402,403,brain_tumor_figshare/403.mat,114359,2,0,Meningiom,0,Meningiom,evet,0.640045,0.29644,0.063515
403,404,brain_tumor_figshare/404.mat,114359,2,0,Meningiom,0,Meningiom,evet,0.911274,0.068892,0.019834
404,405,brain_tumor_figshare/405.mat,97607,1,0,Meningiom,0,Meningiom,evet,0.810127,0.038563,0.15131
405,406,brain_tumor_figshare/406.mat,97607,1,0,Meningiom,0,Meningiom,evet,0.745271,0.220651,0.034078
406,407,brain_tumor_figshare/407.mat,97607,1,0,Meningiom,0,Meningiom,evet,0.966663,0.01641,0.016927
407,408,brain_tumor_figshare/408.mat,97737,1,0,Meningiom,1,Gliom,hayır,0.462193,0.497271,0.040536
408,409,brain_tumor_figshare/409.mat,97737,1,0,Meningiom,0,Meningiom,evet,0.739687,0.182956,0.077357
409,410,brain_tumor_figshare/410.mat,97737,1,0,Meningiom,0,Meningiom,evet,0.903012,0.053373,0.043615
410,411,brain_tumor_figshare/411.mat,97737,1,0,Meningiom,0,Meningiom,evet,0.869816,0.08911,0.041074
411,412,brain_tumor_figshare/412.mat,97737,1,0,Meningiom,0,Meningiom,evet,0.844233,0.10369,0.052077
412,413,brain_tumor_figshare/413.mat,97737,1,0,Meningiom,0,Meningiom,evet,0.943038,0.014283,0.042679
413,414,brain_tumor_figshare/414.mat,97875,4,0,Meningiom,0,Meningiom,evet,0.851128,0.045359,0.103513
414,415,brain_tumor_figshare/415.mat,97875,4,0,Meningiom,0,Meningiom,evet,0.638642,0.068815,0.292543
415,416,brain_tumor_figshare/416.mat,97875,4,0,Meningiom,0,Meningiom,evet,0.764847,0.067321,0.167832
416,417,brain_tumor_figshare/417.mat,97875,4,0,Meningiom,0,Meningiom,evet,0.807635,0.015652,0.176712
417,418,brain_tumor_figshare/418.mat,97943,3,0,Meningiom,0,Meningiom,evet,0.969948,0.002882,0.02717
418,419,brain_tumor_figshare/419.mat,97943,3,0,Meningiom,0,Meningiom,evet,0.840148,0.004589,0.155263
419,420,brain_tumor_figshare/420.mat,97943,3,0,Meningiom,0,Meningiom,evet,0.998183,0.001435,0.000382
420,421,brain_tumor_figshare/421.mat,97943,3,0,Meningiom,0,Meningiom,evet,0.972192,0.027542,0.000266
421,422,brain_tumor_figshare/422.mat,97943,3,0,Meningiom,0,Meningiom,evet,0.968427,0.031555,1.8e-05
422,423,brain_tumor_figshare/423.mat,98241,2,0,Meningiom,0,Meningiom,evet,0.515419,0.028866,0.455715
423,424,brain_tumor_figshare/424.mat,98241,2,0,Meningiom,0,Meningiom,evet,0.559097,0.004284,0.436619
424,425,brain_tumor_figshare/425.mat,98241,2,0,Meningiom,0,Meningiom,evet,0.52759,0.355501,0.116909
425,426,brain_tumor_figshare/426.mat,98241,2,0,Meningiom,0,Meningiom,evet,0.725174,0.120937,0.153888
426,427,brain_tumor_figshare/427.mat,98241,2,0,Meningiom,0,Meningiom,evet,0.714964,0.031119,0.253917
427,428,brain_tumor_figshare/428.mat,98241,2,0,Meningiom,0,Meningiom,evet,0.707669,0.058589,0.233742
428,429,brain_tumor_figshare/429.mat,98241,2,0,Meningiom,0,Meningiom,evet,0.877786,0.029376,0.092838
429,430,brain_tumor_figshare/430.mat,99017,1,0,Meningiom,0,Meningiom,evet,0.787034,0.076967,0.135999
430,431,brain_tumor_figshare/431.mat,99017,1,0,Meningiom,0,Meningiom,evet,0.911843,0.038668,0.049489
431,432,brain_tumor_figshare/432.mat,99089,5,0,Meningiom,0,Meningiom,evet,0.834915,0.007348,0.157737
432,433,brain_tumor_figshare/433.mat,99089,5,0,Meningiom,0,Meningiom,evet,0.938292,0.027369,0.034338
433,434,brain_tumor_figshare/434.mat,99089,5,0,Meningiom,0,Meningiom,evet,0.91451,0.058632,0.026858
434,435,brain_tumor_figshare/435.mat,99089,5,0,Meningiom,0,Meningiom,evet,0.726685,0.203378,0.069937
435,436,brain_tumor_figshare/436.mat,99089,5,0,Meningiom,0,Meningiom,evet,0.958104,0.011908,0.029988
436,437,brain_tumor_figshare/437.mat,99288,2,0,Meningiom,0,Meningiom,evet,0.985428,0.011337,0.003235
437,438,brain_tumor_figshare/438.mat,99308,2,0,Meningiom,0,Meningiom,evet,0.674902,0.323969,0.001129
438,439,brain_tumor_figshare/439.mat,99308,2,0,Meningiom,1,Gliom,hayır,0.029979,0.969744,0.000277
439,440,brain_tumor_figshare/440.mat,99308,2,0,Meningiom,0,Meningiom,evet,0.979242,0.020183,0.000575
440,441,brain_tumor_figshare/441.mat,99308,2,0,Meningiom,0,Meningiom,evet,0.973981,0.021508,0.00451
441,442,brain_tumor_figshare/442.mat,100360,5,0,Meningiom,0,Meningiom,evet,0.965993,0.033744,0.000263
442,443,brain_tumor_figshare/443.mat,100360,5,0,Meningiom,0,Meningiom,evet,0.609438,0.386592,0.00397
443,444,brain_tumor_figshare/444.mat,100360,5,0,Meningiom,0,Meningiom,evet,0.953121,0.041722,0.005157
444,445,brain_tumor_figshare/445.mat,100360,5,0,Meningiom,0,Meningiom,evet,0.934032,0.055655,0.010313
445,446,brain_tumor_figshare/446.mat,100360,5,0,Meningiom,0,Meningiom,evet,0.911588,0.021739,0.066673
446,447,brain_tumor_figshare/447.mat,100360,5,0,Meningiom,2,Hipofiz tümörü,hayır,0.401227,0.00639,0.592383
447,448,brain_tumor_figshare/448.mat,100572,3,0,Meningiom,2,Hipofiz tümörü,hayır,0.302784,0.021509,0.675707
448,449,brain_tumor_figshare/449.mat,100572,3,0,Meningiom,2,Hipofiz tümörü,hayır,0.136359,0.002323,0.861318
449,450,brain_tumor_figshare/450.mat,100639,3,0,Meningiom,0,Meningiom,evet,0.942446,0.05624,0.001314
450,451,brain_tumor_figshare/451.mat,100639,3,0,Meningiom,0,Meningiom,evet,0.855174,0.001451,0.143375
451,452,brain_tumor_figshare/452.mat,100920,4,0,Meningiom,0,Meningiom,evet,0.738866,0.219987,0.041147
452,453,brain_tumor_figshare/453.mat,100920,4,0,Meningiom,0,Meningiom,evet,0.87794,0.049997,0.072063
453,454,brain_tumor_figshare/454.mat,100920,4,0,Meningiom,1,Gliom,hayır,0.360082,0.405292,0.234626
454,455,brain_tumor_figshare/455.mat,101016,4,0,Meningiom,2,Hipofiz tümörü,hayır,0.307858,0.103129,0.589013
455,456,brain_tumor_figshare/456.mat,101016,4,0,Meningiom,0,Meningiom,evet,0.6479,0.124425,0.227675
456,457,brain_tumor_figshare/457.mat,101016,4,0,Meningiom,0,Meningiom,evet,0.822959,0.022339,0.154702
457,458,brain_tumor_figshare/458.mat,101016,4,0,Meningiom,0,Meningiom,evet,0.648244,0.268384,0.083371
458,459,brain_tumor_figshare/459.mat,101082,4,0,Meningiom,0,Meningiom,evet,0.634834,0.241972,0.123194
459,460,brain_tumor_figshare/460.mat,101082,4,0,Meningiom,0,Meningiom,evet,0.761206,0.14257,0.096224
460,461,brain_tumor_figshare/461.mat,101127,4,0,Meningiom,2,Hipofiz tümörü,hayır,0.389738,0.040937,0.569325
461,462,brain_tumor_figshare/462.mat,101127,4,0,Meningiom,2,Hipofiz tümörü,hayır,0.138106,0.021993,0.839901
462,463,brain_tumor_figshare/463.mat,101127,4,0,Meningiom,2,Hipofiz tümörü,hayır,0.319901,0.032758,0.647341
463,464,brain_tumor_figshare/464.mat,101127,4,0,Meningiom,0,Meningiom,evet,0.453062,0.115715,0.431223
464,465,brain_tumor_figshare/465.mat,101797,5,0,Meningiom,0,Meningiom,evet,0.929973,0.033771,0.036256
465,466,brain_tumor_figshare/466.mat,101797,5,0,Meningiom,0,Meningiom,evet,0.939073,0.04482,0.016106
466,467,brain_tumor_figshare/467.mat,101797,5,0,Meningiom,0,Meningiom,evet,0.907953,0.066978,0.025069
467,468,brain_tumor_figshare/468.mat,101797,5,0,Meningiom,0,Meningiom,evet,0.864845,0.039914,0.095241
468,469,brain_tumor_figshare/469.mat,101797,5,0,Meningiom,0,Meningiom,evet,0.994072,0.002855,0.003072
469,470,brain_tumor_figshare/470.mat,101797,5,0,Meningiom,0,Meningiom,evet,0.837297,0.161614,0.001089
470,471,brain_tumor_figshare/471.mat,101801,3,0,Meningiom,0,Meningiom,evet,0.842501,0.004265,0.153234
471,472,brain_tumor_figshare/472.mat,101801,3,0,Meningiom,0,Meningiom,evet,0.530477,0.21855,0.250973
472,473,brain_tumor_figshare/473.mat,101801,3,0,Meningiom,0,Meningiom,evet,0.811095,0.080828,0.108077
473,474,brain_tumor_figshare/474.mat,102420,1,0,Meningiom,0,Meningiom,evet,0.607208,0.292816,0.099976
474,475,brain_tumor_figshare/475.mat,102420,1,0,Meningiom,0,Meningiom,evet,0.632315,0.212692,0.154993
475,476,brain_tumor_figshare/476.mat,102446,3,0,Meningiom,0,Meningiom,evet,0.976145,0.017055,0.0068
476,477,brain_tumor_figshare/477.mat,102446,3,0,Meningiom,0,Meningiom,evet,0.940059,0.04731,0.012631
477,478,brain_tumor_figshare/478.mat,102675,1,0,Meningiom,0,Meningiom,evet,0.95172,0.037266,0.011014
478,479,brain_tumor_figshare/479.mat,102675,1,0,Meningiom,0,Meningiom,evet,0.802183,0.125786,0.072031
479,480,brain_tumor_figshare/480.mat,102714,5,0,Meningiom,0,Meningiom,evet,0.62769,0.365987,0.006323
480,481,brain_tumor_figshare/481.mat,102714,5,0,Meningiom,0,Meningiom,evet,0.868136,0.118285,0.013579
481,482,brain_tumor_figshare/482.mat,102714,5,0,Meningiom,2,Hipofiz tümörü,hayır,0.392948,0.005062,0.60199
482,483,brain_tumor_figshare/483.mat,102714,5,0,Meningiom,0,Meningiom,evet,0.616493,0.320682,0.062825
483,484,brain_tumor_figshare/484.mat,102714,5,0,Meningiom,0,Meningiom,evet,0.681006,0.051259,0.267735
484,485,brain_tumor_figshare/485.mat,102818,2,0,Meningiom,0,Meningiom,evet,0.625152,0.363947,0.010901
485,486,brain_tumor_figshare/486.mat,102818,2,0,Meningiom,0,Meningiom,evet,0.561472,0.433225,0.005303
486,487,brain_tumor_figshare/487.mat,102818,2,0,Meningiom,0,Meningiom,evet,0.707247,0.077553,0.2152
487,488,brain_tumor_figshare/488.mat,102818,2,0,Meningiom,2,Hipofiz tümörü,hayır,0.185372,0.014966,0.799661
488,489,brain_tumor_figshare/489.mat,102935,1,0,Meningiom,0,Meningiom,evet,0.783731,0.092973,0.123296
489,490,brain_tumor_figshare/490.mat,102960,3,0,Meningiom,1,Gliom,hayır,0.084787,0.912735,0.002478
490,491,brain_tumor_figshare/491.mat,102960,3,0,Meningiom,1,Gliom,hayır,0.467536,0.530852,0.001613
491,492,brain_tumor_figshare/492.mat,102960,3,0,Meningiom,1,Gliom,hayır,0.293559,0.671688,0.034753
492,493,brain_tumor_figshare/493.mat,102960,3,0,Meningiom,0,Meningiom,evet,0.700663,0.002754,0.296583
493,494,brain_tumor_figshare/494.mat,102960,3,0,Meningiom,0,Meningiom,evet,0.739879,0.236244,0.023877
494,495,brain_tumor_figshare/495.mat,102985,4,0,Meningiom,0,Meningiom,evet,0.467919,0.167288,0.364793
495,496,brain_tumor_figshare/496.mat,103673,5,0,Meningiom,2,Hipofiz tümörü,hayır,0.000849,7.3e-05,0.999079
496,497,brain_tumor_figshare/497.mat,103673,5,0,Meningiom,2,Hipofiz tümörü,hayır,4.6e-05,1e-06,0.999953
497,498,brain_tumor_figshare/498.mat,103673,5,0,Meningiom,2,Hipofiz tümörü,hayır,0.00355,0.00114,0.99531
498,499,brain_tumor_figshare/499.mat,103673,5,0,Meningiom,2,Hipofiz tümörü,hayır,0.006449,0.003194,0.990357
499,500,brain_tumor_figshare/500.mat,103673,5,0,Meningiom,2,Hipofiz tümörü,hayır,0.00476,0.001058,0.994182
500,501,brain_tumor_figshare/501.mat,103925,4,0,Meningiom,2,Hipofiz tümörü,hayır,0.31095,0.10462,0.58443
501,502,brain_tumor_figshare/502.mat,103925,4,0,Meningiom,0,Meningiom,evet,0.452149,0.327542,0.220308
502,503,brain_tumor_figshare/503.mat,103925,4,0,Meningiom,0,Meningiom,evet,0.405241,0.223609,0.37115
503,504,brain_tumor_figshare/504.mat,103925,4,0,Meningiom,2,Hipofiz tümörü,hayır,0.348273,0.21528,0.436447
504,505,brain_tumor_figshare/505.mat,104167,3,0,Meningiom,0,Meningiom,evet,0.936206,0.063397,0.000398
505,506,brain_tumor_figshare/506.mat,104167,3,0,Meningiom,0,Meningiom,evet,0.963111,0.025493,0.011396
506,507,brain_tumor_figshare/507.mat,104167,3,0,Meningiom,0,Meningiom,evet,0.934052,0.063173,0.002775
507,508,brain_tumor_figshare/508.mat,104167,3,0,Meningiom,0,Meningiom,evet,0.648716,0.348493,0.002791
508,509,brain_tumor_figshare/509.mat,104167,3,0,Meningiom,0,Meningiom,evet,0.903754,0.079005,0.017242
509,510,brain_tumor_figshare/510.mat,104281,3,0,Meningiom,0,Meningiom,evet,0.932089,0.062233,0.005678
510,511,brain_tumor_figshare/511.mat,104281,3,0,Meningiom,0,Meningiom,evet,0.943287,0.055554,0.001159
511,512,brain_tumor_figshare/512.mat,104281,3,0,Meningiom,0,Meningiom,evet,0.934127,0.061502,0.004371
512,513,brain_tumor_figshare/513.mat,104281,3,0,Meningiom,0,Meningiom,evet,0.913081,0.077392,0.009526
513,514,brain_tumor_figshare/514.mat,104695,4,0,Meningiom,1,Gliom,hayır,0.225045,0.738556,0.036399
514,515,brain_tumor_figshare/515.mat,104695,4,0,Meningiom,1,Gliom,hayır,0.268278,0.703694,0.028028
515,516,brain_tumor_figshare/516.mat,104695,4,0,Meningiom,1,Gliom,hayır,0.400145,0.555958,0.043897
516,517,brain_tumor_figshare/517.mat,105374,4,0,Meningiom,0,Meningiom,evet,0.976216,0.014561,0.009224
517,518,brain_tumor_figshare/518.mat,105555,5,0,Meningiom,1,Gliom,hayır,0.469288,0.512171,0.018541
518,519,brain_tumor_figshare/519.mat,105555,5,0,Meningiom,0,Meningiom,evet,0.981328,0.003766,0.014906
519,520,brain_tumor_figshare/520.mat,105937,1,0,Meningiom,2,Hipofiz tümörü,hayır,0.4673,0.012215,0.520484
520,521,brain_tumor_figshare/521.mat,105937,1,0,Meningiom,2,Hipofiz tümörü,hayır,0.270933,0.016692,0.712375
521,522,brain_tumor_figshare/522.mat,105937,1,0,Meningiom,0,Meningiom,evet,0.577845,0.314367,0.107788
522,523,brain_tumor_figshare/523.mat,106284,2,0,Meningiom,2,Hipofiz tümörü,hayır,0.114946,0.002019,0.883034
523,524,brain_tumor_figshare/524.mat,106284,2,0,Meningiom,0,Meningiom,evet,0.550818,0.096089,0.353093
524,525,brain_tumor_figshare/525.mat,106284,2,0,Meningiom,0,Meningiom,evet,0.803897,0.096735,0.099368
525,526,brain_tumor_figshare/526.mat,106284,2,0,Meningiom,0,Meningiom,evet,0.723717,0.021532,0.254751
526,527,brain_tumor_figshare/527.mat,106442,1,0,Meningiom,0,Meningiom,evet,0.736365,0.250478,0.013157
527,528,brain_tumor_figshare/528.mat,106442,1,0,Meningiom,0,Meningiom,evet,0.561506,0.406663,0.031831
528,529,brain_tumor_figshare/529.mat,106442,1,0,Meningiom,0,Meningiom,evet,0.47832,0.419613,0.102067
529,530,brain_tumor_figshare/530.mat,106534,4,0,Meningiom,0,Meningiom,evet,0.785986,0.02693,0.187085
530,531,brain_tumor_figshare/531.mat,106534,4,0,Meningiom,0,Meningiom,evet,0.875555,0.100045,0.0244
531,532,brain_tumor_figshare/532.mat,106592,4,0,Meningiom,0,Meningiom,evet,0.905225,0.078744,0.016031
532,533,brain_tumor_figshare/533.mat,106665,3,0,Meningiom,1,Gliom,hayır,0.133257,0.86629,0.000453
533,534,brain_tumor_figshare/534.mat,106665,3,0,Meningiom,0,Meningiom,evet,0.971149,0.028753,9.7e-05
534,535,brain_tumor_figshare/535.mat,106665,3,0,Meningiom,0,Meningiom,evet,0.842773,0.156571,0.000655
535,536,brain_tumor_figshare/536.mat,106665,3,0,Meningiom,0,Meningiom,evet,0.850835,0.088088,0.061077
536,537,brain_tumor_figshare/537.mat,106665,3,0,Meningiom,0,Meningiom,evet,0.941458,0.004379,0.054162
537,538,brain_tumor_figshare/538.mat,106665,3,0,Meningiom,0,Meningiom,evet,0.943282,0.052306,0.004411
538,539,brain_tumor_figshare/539.mat,106665,3,0,Meningiom,0,Meningiom,evet,0.772323,0.080158,0.147519
539,540,brain_tumor_figshare/540.mat,106720,1,0,Meningiom,1,Gliom,hayır,0.213492,0.770686,0.015821
540,541,brain_tumor_figshare/541.mat,106720,1,0,Meningiom,0,Meningiom,evet,0.812044,0.183602,0.004354
541,542,brain_tumor_figshare/542.mat,106720,1,0,Meningiom,0,Meningiom,evet,0.650889,0.299938,0.049173
542,543,brain_tumor_figshare/543.mat,106914,2,0,Meningiom,0,Meningiom,evet,0.915693,0.029305,0.055002
543,544,brain_tumor_figshare/544.mat,106914,2,0,Meningiom,0,Meningiom,evet,0.94043,0.003561,0.05601
544,545,brain_tumor_figshare/545.mat,106914,2,0,Meningiom,0,Meningiom,evet,0.954823,0.025849,0.019328
545,546,brain_tumor_figshare/546.mat,106914,2,0,Meningiom,0,Meningiom,evet,0.987235,0.010667,0.002098
546,547,brain_tumor_figshare/547.mat,106914,2,0,Meningiom,0,Meningiom,evet,0.951913,0.043513,0.004573
547,548,brain_tumor_figshare/548.mat,106914,2,0,Meningiom,0,Meningiom,evet,0.993283,0.005397,0.00132
548,549,brain_tumor_figshare/549.mat,106914,2,0,Meningiom,0,Meningiom,evet,0.940462,0.018191,0.041347
549,550,brain_tumor_figshare/550.mat,107190,5,0,Meningiom,0,Meningiom,evet,0.720827,0.156019,0.123154
550,551,brain_tumor_figshare/551.mat,107248,5,0,Meningiom,0,Meningiom,evet,0.617888,0.089455,0.292657
551,552,brain_tumor_figshare/552.mat,107248,5,0,Meningiom,2,Hipofiz tümörü,hayır,0.124287,0.003984,0.87173
552,553,brain_tumor_figshare/553.mat,107248,5,0,Meningiom,0,Meningiom,evet,0.690077,0.022595,0.287327
553,554,brain_tumor_figshare/554.mat,107248,5,0,Meningiom,0,Meningiom,evet,0.814578,0.128083,0.057338
554,555,brain_tumor_figshare/555.mat,107248,5,0,Meningiom,0,Meningiom,evet,0.820951,0.079891,0.099158
555,556,brain_tumor_figshare/556.mat,107494,4,0,Meningiom,0,Meningiom,evet,0.802786,0.109308,0.087907
556,557,brain_tumor_figshare/557.mat,107494,4,0,Meningiom,1,Gliom,hayır,0.408528,0.490128,0.101344
557,558,brain_tumor_figshare/558.mat,107494,4,0,Meningiom,0,Meningiom,evet,0.627531,0.107013,0.265456
558,559,brain_tumor_figshare/559.mat,107494,4,0,Meningiom,2,Hipofiz tümörü,hayır,0.264467,0.201545,0.533987
559,560,brain_tumor_figshare/560.mat,107946,2,0,Meningiom,1,Gliom,hayır,0.029528,0.970326,0.000146
560,561,brain_tumor_figshare/561.mat,107946,2,0,Meningiom,1,Gliom,hayır,0.041258,0.958622,0.00012
561,562,brain_tumor_figshare/562.mat,107946,2,0,Meningiom,1,Gliom,hayır,0.004223,0.99576,1.6e-05
562,563,brain_tumor_figshare/563.mat,107946,2,0,Meningiom,1,Gliom,hayır,0.011265,0.987154,0.001582
563,564,brain_tumor_figshare/564.mat,108514,5,0,Meningiom,1,Gliom,hayır,0.160927,0.838968,0.000105
564,565,brain_tumor_figshare/565.mat,108514,5,0,Meningiom,0,Meningiom,evet,0.784265,0.213475,0.002259
565,566,brain_tumor_figshare/566.mat,108514,5,0,Meningiom,0,Meningiom,evet,0.94218,0.05619,0.00163
566,567,brain_tumor_figshare/567.mat,108514,5,0,Meningiom,0,Meningiom,evet,0.989447,0.006637,0.003916
567,568,brain_tumor_figshare/568.mat,108514,5,0,Meningiom,0,Meningiom,evet,0.879811,0.101474,0.018715
568,569,brain_tumor_figshare/569.mat,108550,5,0,Meningiom,0,Meningiom,evet,0.918638,0.059354,0.022008
569,570,brain_tumor_figshare/570.mat,108550,5,0,Meningiom,0,Meningiom,evet,0.530039,0.458935,0.011026
570,571,brain_tumor_figshare/571.mat,108590,3,0,Meningiom,1,Gliom,hayır,0.402841,0.540566,0.056593
571,572,brain_tumor_figshare/572.mat,108590,3,0,Meningiom,0,Meningiom,evet,0.625774,0.299085,0.075142
572,573,brain_tumor_figshare/573.mat,108945,4,0,Meningiom,1,Gliom,hayır,0.29332,0.699026,0.007653
573,574,brain_tumor_figshare/574.mat,108945,4,0,Meningiom,1,Gliom,hayır,0.468297,0.504633,0.02707
574,575,brain_tumor_figshare/575.mat,108945,4,0,Meningiom,0,Meningiom,evet,0.635775,0.200115,0.16411
575,576,brain_tumor_figshare/576.mat,108945,4,0,Meningiom,0,Meningiom,evet,0.439162,0.401267,0.159571
576,577,brain_tumor_figshare/577.mat,109350,5,0,Meningiom,0,Meningiom,evet,0.921922,0.066386,0.011692
577,578,brain_tumor_figshare/578.mat,109350,5,0,Meningiom,0,Meningiom,evet,0.955943,0.03243,0.011627
578,579,brain_tumor_figshare/579.mat,109411,3,0,Meningiom,0,Meningiom,evet,0.939197,0.054405,0.006398
579,580,brain_tumor_figshare/580.mat,109968,3,0,Meningiom,0,Meningiom,evet,0.990386,0.009569,4.5e-05
580,581,brain_tumor_figshare/581.mat,109968,3,0,Meningiom,0,Meningiom,evet,0.677188,0.322518,0.000295
581,582,brain_tumor_figshare/582.mat,109968,3,0,Meningiom,0,Meningiom,evet,0.816576,0.179754,0.00367
582,583,brain_tumor_figshare/583.mat,109968,3,0,Meningiom,0,Meningiom,evet,0.93042,0.056205,0.013375
583,584,brain_tumor_figshare/584.mat,110808,1,0,Meningiom,0,Meningiom,evet,0.888049,0.097112,0.01484
584,585,brain_tumor_figshare/585.mat,110808,1,0,Meningiom,0,Meningiom,evet,0.934767,0.064084,0.001149
585,586,brain_tumor_figshare/586.mat,111077,2,0,Meningiom,0,Meningiom,evet,0.959095,0.029824,0.011081
586,587,brain_tumor_figshare/587.mat,111077,2,0,Meningiom,0,Meningiom,evet,0.997742,0.002127,0.000131
587,588,brain_tumor_figshare/588.mat,111077,2,0,Meningiom,0,Meningiom,evet,0.999303,0.0003,0.000397
588,589,brain_tumor_figshare/589.mat,111366,3,0,Meningiom,0,Meningiom,evet,0.993749,0.005191,0.001059
589,590,brain_tumor_figshare/590.mat,111366,3,0,Meningiom,0,Meningiom,evet,0.992161,0.007782,5.6e-05
590,591,brain_tumor_figshare/591.mat,111366,3,0,Meningiom,0,Meningiom,evet,0.946173,0.053286,0.000542
591,592,brain_tumor_figshare/592.mat,111366,3,0,Meningiom,0,Meningiom,evet,0.941186,0.055282,0.003532
592,593,brain_tumor_figshare/593.mat,111532,1,0,Meningiom,1,Gliom,hayır,0.035447,0.958447,0.006106
593,594,brain_tumor_figshare/594.mat,111532,1,0,Meningiom,1,Gliom,hayır,0.362959,0.594767,0.042275
594,595,brain_tumor_figshare/595.mat,111532,1,0,Meningiom,0,Meningiom,evet,0.517138,0.332432,0.150431
595,596,brain_tumor_figshare/596.mat,111696,1,0,Meningiom,0,Meningiom,evet,0.68218,0.016594,0.301226
596,597,brain_tumor_figshare/597.mat,111710,4,0,Meningiom,0,Meningiom,evet,0.519378,0.466008,0.014615
597,598,brain_tumor_figshare/598.mat,111710,4,0,Meningiom,0,Meningiom,evet,0.554542,0.432614,0.012845
598,599,brain_tumor_figshare/599.mat,112002,2,0,Meningiom,1,Gliom,hayır,0.17479,0.77549,0.049721
599,600,brain_tumor_figshare/600.mat,112002,2,0,Meningiom,0,Meningiom,evet,0.602295,0.359781,0.037925
600,601,brain_tumor_figshare/601.mat,112002,2,0,Meningiom,0,Meningiom,evet,0.874058,0.031965,0.093977
601,602,brain_tumor_figshare/602.mat,112002,2,0,Meningiom,0,Meningiom,evet,0.7109,0.143916,0.145183
602,603,brain_tumor_figshare/603.mat,112062,4,0,Meningiom,0,Meningiom,evet,0.65468,0.338749,0.00657
603,604,brain_tumor_figshare/604.mat,112062,4,0,Meningiom,0,Meningiom,evet,0.619329,0.352727,0.027945
604,605,brain_tumor_figshare/605.mat,112062,4,0,Meningiom,0,Meningiom,evet,0.82663,0.068184,0.105186
605,606,brain_tumor_figshare/606.mat,112252,1,0,Meningiom,0,Meningiom,evet,0.780378,0.066322,0.1533
606,607,brain_tumor_figshare/607.mat,112252,1,0,Meningiom,2,Hipofiz tümörü,hayır,0.485269,0.020239,0.494492
607,608,brain_tumor_figshare/608.mat,112552,2,0,Meningiom,0,Meningiom,evet,0.725799,0.269408,0.004793
608,609,brain_tumor_figshare/609.mat,112552,2,0,Meningiom,0,Meningiom,evet,0.664432,0.225196,0.110373
609,610,brain_tumor_figshare/610.mat,112552,2,0,Meningiom,1,Gliom,hayır,0.066489,0.919571,0.01394
610,611,brain_tumor_figshare/611.mat,112552,2,0,Meningiom,1,Gliom,hayır,0.123398,0.866646,0.009956
611,612,brain_tumor_figshare/612.mat,112552,2,0,Meningiom,0,Meningiom,evet,0.878233,0.102619,0.019147
612,613,brain_tumor_figshare/613.mat,112552,2,0,Meningiom,0,Meningiom,evet,0.532304,0.450973,0.016723
613,614,brain_tumor_figshare/614.mat,112552,2,0,Meningiom,0,Meningiom,evet,0.50279,0.489229,0.007981
614,615,brain_tumor_figshare/615.mat,112648,3,0,Meningiom,0,Meningiom,evet,0.94224,0.055639,0.002121
615,616,brain_tumor_figshare/616.mat,112648,3,0,Meningiom,0,Meningiom,evet,0.905677,0.081809,0.012514
616,617,brain_tumor_figshare/617.mat,112648,3,0,Meningiom,0,Meningiom,evet,0.795947,0.20229,0.001763
617,618,brain_tumor_figshare/618.mat,112648,3,0,Meningiom,0,Meningiom,evet,0.753643,0.244639,0.001717
618,619,brain_tumor_figshare/619.mat,112650,3,0,Meningiom,1,Gliom,hayır,0.331477,0.666232,0.002291
619,620,brain_tumor_figshare/620.mat,112650,3,0,Meningiom,0,Meningiom,evet,0.754227,0.242464,0.003308
620,621,brain_tumor_figshare/621.mat,113098,1,0,Meningiom,0,Meningiom,evet,0.79464,0.1168,0.08856
621,622,brain_tumor_figshare/622.mat,113098,1,0,Meningiom,1,Gliom,hayır,0.383846,0.50539,0.110763
622,623,brain_tumor_figshare/623.mat,113098,1,0,Meningiom,0,Meningiom,evet,0.747366,0.121749,0.130886
623,624,brain_tumor_figshare/624.mat,113098,1,0,Meningiom,0,Meningiom,evet,0.734564,0.210435,0.055001
624,625,brain_tumor_figshare/625.mat,113435,5,0,Meningiom,0,Meningiom,evet,0.658341,0.294979,0.04668
625,626,brain_tumor_figshare/626.mat,113435,5,0,Meningiom,0,Meningiom,evet,0.639753,0.296815,0.063431
626,627,brain_tumor_figshare/627.mat,113435,5,0,Meningiom,2,Hipofiz tümörü,hayır,0.394296,0.139439,0.466265
627,628,brain_tumor_figshare/628.mat,113435,5,0,Meningiom,2,Hipofiz tümörü,hayır,0.409926,0.013245,0.576829
628,629,brain_tumor_figshare/629.mat,113435,5,0,Meningiom,1,Gliom,hayır,0.337653,0.604827,0.05752
629,630,brain_tumor_figshare/630.mat,113435,5,0,Meningiom,0,Meningiom,evet,0.577916,0.173787,0.248297
630,631,brain_tumor_figshare/631.mat,113554,5,0,Meningiom,0,Meningiom,evet,0.963404,0.025403,0.011192
631,632,brain_tumor_figshare/632.mat,113554,5,0,Meningiom,0,Meningiom,evet,0.935686,0.000202,0.064112
632,633,brain_tumor_figshare/633.mat,113554,5,0,Meningiom,0,Meningiom,evet,0.66467,0.271897,0.063433
633,634,brain_tumor_figshare/634.mat,113554,5,0,Meningiom,0,Meningiom,evet,0.611126,0.34105,0.047823
634,635,brain_tumor_figshare/635.mat,113614,4,0,Meningiom,0,Meningiom,evet,0.663109,0.328159,0.008732
635,636,brain_tumor_figshare/636.mat,113614,4,0,Meningiom,1,Gliom,hayır,0.421008,0.557969,0.021022
636,637,brain_tumor_figshare/637.mat,113614,4,0,Meningiom,1,Gliom,hayır,0.442103,0.552359,0.005537
637,638,brain_tumor_figshare/638.mat,113614,4,0,Meningiom,0,Meningiom,evet,0.775463,0.219154,0.005383
638,639,brain_tumor_figshare/639.mat,113805,2,0,Meningiom,0,Meningiom,evet,0.960153,0.028346,0.011501
639,640,brain_tumor_figshare/640.mat,113971,5,0,Meningiom,0,Meningiom,evet,0.849277,0.135503,0.015221
640,641,brain_tumor_figshare/641.mat,113971,5,0,Meningiom,1,Gliom,hayır,0.218039,0.71976,0.062201
641,642,brain_tumor_figshare/642.mat,114018,2,0,Meningiom,0,Meningiom,evet,0.891939,0.027218,0.080843
642,643,brain_tumor_figshare/643.mat,114018,2,0,Meningiom,0,Meningiom,evet,0.909106,0.008592,0.082302
643,644,brain_tumor_figshare/644.mat,114018,2,0,Meningiom,0,Meningiom,evet,0.514976,0.046393,0.438632
644,645,brain_tumor_figshare/645.mat,114018,2,0,Meningiom,2,Hipofiz tümörü,hayır,0.443088,0.003109,0.553803
645,646,brain_tumor_figshare/646.mat,114018,2,0,Meningiom,0,Meningiom,evet,0.577675,0.010394,0.411931
646,647,brain_tumor_figshare/647.mat,114018,2,0,Meningiom,2,Hipofiz tümörü,hayır,0.309578,0.003195,0.687227
647,648,brain_tumor_figshare/648.mat,114359,2,0,Meningiom,0,Meningiom,evet,0.740454,0.258903,0.000642
648,649,brain_tumor_figshare/649.mat,114359,2,0,Meningiom,1,Gliom,hayır,0.36824,0.631094,0.000666
649,650,brain_tumor_figshare/650.mat,114359,2,0,Meningiom,1,Gliom,hayır,0.238488,0.761404,0.000108
650,651,brain_tumor_figshare/651.mat,114359,2,0,Meningiom,0,Meningiom,evet,0.554324,0.444523,0.001153
651,652,brain_tumor_figshare/652.mat,114359,2,0,Meningiom,1,Gliom,hayır,0.157849,0.841733,0.000418
652,653,brain_tumor_figshare/653.mat,114359,2,0,Meningiom,0,Meningiom,evet,0.966073,0.031747,0.002181
653,654,brain_tumor_figshare/654.mat,114359,2,0,Meningiom,1,Gliom,hayır,0.100102,0.899174,0.000724
654,655,brain_tumor_figshare/655.mat,114417,2,0,Meningiom,1,Gliom,hayır,0.035464,0.956451,0.008086
655,656,brain_tumor_figshare/656.mat,114417,2,0,Meningiom,1,Gliom,hayır,0.198751,0.791917,0.009331
656,657,brain_tumor_figshare/657.mat,114417,2,0,Meningiom,1,Gliom,hayır,0.15118,0.756582,0.092237
657,658,brain_tumor_figshare/658.mat,114417,2,0,Meningiom,0,Meningiom,evet,0.683336,0.089729,0.226935
658,659,brain_tumor_figshare/659.mat,97374,3,0,Meningiom,1,Gliom,hayır,0.314462,0.636951,0.048588
659,660,brain_tumor_figshare/660.mat,97374,3,0,Meningiom,0,Meningiom,evet,0.921487,0.038888,0.039625
660,661,brain_tumor_figshare/661.mat,97374,3,0,Meningiom,0,Meningiom,evet,0.955764,0.039785,0.004451
661,662,brain_tumor_figshare/662.mat,97374,3,0,Meningiom,1,Gliom,hayır,0.101581,0.886907,0.011512
662,663,brain_tumor_figshare/663.mat,97374,3,0,Meningiom,0,Meningiom,evet,0.938254,0.060751,0.000994
663,664,brain_tumor_figshare/664.mat,97607,1,0,Meningiom,1,Gliom,hayır,0.239689,0.726883,0.033428
664,665,brain_tumor_figshare/665.mat,97607,1,0,Meningiom,1,Gliom,hayır,0.2739,0.561098,0.165002
665,666,brain_tumor_figshare/666.mat,97607,1,0,Meningiom,1,Gliom,hayır,0.348032,0.479755,0.172214
666,667,brain_tumor_figshare/667.mat,97607,1,0,Meningiom,2,Hipofiz tümörü,hayır,0.383812,0.181423,0.434765
667,668,brain_tumor_figshare/668.mat,97737,1,0,Meningiom,0,Meningiom,evet,0.723031,0.208398,0.068571
668,669,brain_tumor_figshare/669.mat,97737,1,0,Meningiom,0,Meningiom,evet,0.649502,0.195107,0.155392
669,670,brain_tumor_figshare/670.mat,97737,1,0,Meningiom,0,Meningiom,evet,0.603565,0.132409,0.264026
670,671,brain_tumor_figshare/671.mat,97737,1,0,Meningiom,2,Hipofiz tümörü,hayır,0.364079,0.051666,0.584255
671,672,brain_tumor_figshare/672.mat,97737,1,0,Meningiom,0,Meningiom,evet,0.530387,0.079655,0.389958
672,673,brain_tumor_figshare/673.mat,97793,3,0,Meningiom,0,Meningiom,evet,0.98741,0.01115,0.00144
673,674,brain_tumor_figshare/674.mat,97875,4,0,Meningiom,1,Gliom,hayır,0.408023,0.505054,0.086924
674,675,brain_tumor_figshare/675.mat,97943,3,0,Meningiom,0,Meningiom,evet,0.862875,0.136562,0.000562
675,676,brain_tumor_figshare/676.mat,97943,3,0,Meningiom,0,Meningiom,evet,0.980074,0.019708,0.000217
676,677,brain_tumor_figshare/677.mat,97943,3,0,Meningiom,0,Meningiom,evet,0.995831,0.002073,0.002096
677,678,brain_tumor_figshare/678.mat,97943,3,0,Meningiom,0,Meningiom,evet,0.897445,0.079236,0.023319
678,679,brain_tumor_figshare/679.mat,97943,3,0,Meningiom,0,Meningiom,evet,0.673703,0.024745,0.301552
679,680,brain_tumor_figshare/680.mat,98241,2,0,Meningiom,0,Meningiom,evet,0.832184,0.163138,0.004678
680,681,brain_tumor_figshare/681.mat,98241,2,0,Meningiom,0,Meningiom,evet,0.970774,0.018361,0.010866
681,682,brain_tumor_figshare/682.mat,98241,2,0,Meningiom,0,Meningiom,evet,0.738641,0.13201,0.129349
682,683,brain_tumor_figshare/683.mat,98241,2,0,Meningiom,0,Meningiom,evet,0.922542,0.07409,0.003368
683,684,brain_tumor_figshare/684.mat,98241,2,0,Meningiom,0,Meningiom,evet,0.585523,0.311988,0.10249
684,685,brain_tumor_figshare/685.mat,98241,2,0,Meningiom,0,Meningiom,evet,0.760261,0.031616,0.208123
685,686,brain_tumor_figshare/686.mat,99017,1,0,Meningiom,0,Meningiom,evet,0.943647,0.044853,0.011501
686,687,brain_tumor_figshare/687.mat,99017,1,0,Meningiom,0,Meningiom,evet,0.906424,0.048291,0.045285
687,688,brain_tumor_figshare/688.mat,99089,5,0,Meningiom,0,Meningiom,evet,0.828659,0.046256,0.125085
688,689,brain_tumor_figshare/689.mat,99089,5,0,Meningiom,0,Meningiom,evet,0.800477,0.005675,0.193848
689,690,brain_tumor_figshare/690.mat,99089,5,0,Meningiom,0,Meningiom,evet,0.661807,0.244452,0.09374
690,691,brain_tumor_figshare/691.mat,99089,5,0,Meningiom,1,Gliom,hayır,0.286284,0.711543,0.002173
691,692,brain_tumor_figshare/692.mat,99089,5,0,Meningiom,1,Gliom,hayır,0.04045,0.959328,0.000222
692,693,brain_tumor_figshare/693.mat,99162,1,0,Meningiom,0,Meningiom,evet,0.660255,0.28406,0.055685
693,694,brain_tumor_figshare/694.mat,99162,1,0,Meningiom,0,Meningiom,evet,0.838435,0.10958,0.051986
694,695,brain_tumor_figshare/695.mat,99162,1,0,Meningiom,2,Hipofiz tümörü,hayır,0.230269,0.010878,0.758853
695,696,brain_tumor_figshare/696.mat,99288,2,0,Meningiom,0,Meningiom,evet,0.792028,0.114468,0.093504
696,697,brain_tumor_figshare/697.mat,99308,2,0,Meningiom,0,Meningiom,evet,0.943919,0.003447,0.052634
697,698,brain_tumor_figshare/698.mat,99308,2,0,Meningiom,0,Meningiom,evet,0.688032,0.268253,0.043715
698,699,brain_tumor_figshare/699.mat,99308,2,0,Meningiom,1,Gliom,hayır,0.460695,0.537103,0.002202
699,700,brain_tumor_figshare/700.mat,99308,2,0,Meningiom,1,Gliom,hayır,0.201549,0.798162,0.000289
700,701,brain_tumor_figshare/701.mat,99308,2,0,Meningiom,0,Meningiom,evet,0.83117,0.137695,0.031135
701,702,brain_tumor_figshare/702.mat,99308,2,0,Meningiom,0,Meningiom,evet,0.88075,0.116481,0.002769
702,703,brain_tumor_figshare/703.mat,99815,4,0,Meningiom,0,Meningiom,evet,0.752663,0.20108,0.046257
703,704,brain_tumor_figshare/704.mat,99815,4,0,Meningiom,0,Meningiom,evet,0.866636,0.084006,0.049358
704,705,brain_tumor_figshare/705.mat,99815,4,0,Meningiom,0,Meningiom,evet,0.908885,0.082768,0.008347
705,706,brain_tumor_figshare/706.mat,99815,4,0,Meningiom,0,Meningiom,evet,0.828663,0.1489,0.022437
706,707,brain_tumor_figshare/707.mat,99815,4,0,Meningiom,1,Gliom,hayır,0.226278,0.761022,0.0127
707,708,brain_tumor_figshare/708.mat,99815,4,0,Meningiom,0,Meningiom,evet,0.571078,0.424412,0.004511
708,709,brain_tumor_figshare/709.mat,105936,5,2,Hipofiz tümörü,2,Hipofiz tümörü,evet,0.000249,0.0,0.999751
709,710,brain_tumor_figshare/710.mat,105936,5,2,Hipofiz tümörü,2,Hipofiz tümörü,evet,1.7e-05,0.0,0.999983
710,711,brain_tumor_figshare/711.mat,105936,5,2,Hipofiz tümörü,2,Hipofiz tümörü,evet,7e-06,0.0,0.999993
711,712,brain_tumor_figshare/712.mat,106062,3,2,Hipofiz tümörü,2,Hipofiz tümörü,evet,0.005235,2.5e-05,0.99474
712,713,brain_tumor_figshare/713.mat,106062,3,2,Hipofiz tümörü,2,Hipofiz tümörü,evet,0.01051,0.000105,0.989385
713,714,brain_tumor_figshare/714.mat,106062,3,2,Hipofiz tümörü,2,Hipofiz tümörü,evet,0.139704,0.00172,0.858576
714,715,brain_tumor_figshare/715.mat,100820,3,1,Gliom,0,Meningiom,hayır,0.94062,0.056346,0.003034
715,716,brain_tumor_figshare/716.mat,100820,3,1,Gliom,0,Meningiom,hayır,0.706433,0.273279,0.020288
716,717,brain_tumor_figshare/717.mat,100820,3,1,Gliom,1,Gliom,evet,0.296396,0.693167,0.010437
717,718,brain_tumor_figshare/718.mat,101020,3,1,Gliom,0,Meningiom,hayır,0.570207,0.419952,0.00984
718,719,brain_tumor_figshare/719.mat,101020,3,1,Gliom,1,Gliom,evet,0.395736,0.596457,0.007807
719,720,brain_tumor_figshare/720.mat,101020,3,1,Gliom,0,Meningiom,hayır,0.584635,0.407574,0.00779
720,721,brain_tumor_figshare/721.mat,101020,3,1,Gliom,1,Gliom,evet,0.425682,0.5725,0.001817
721,722,brain_tumor_figshare/722.mat,102075,5,1,Gliom,1,Gliom,evet,0.344447,0.645532,0.010021
722,723,brain_tumor_figshare/723.mat,102075,5,1,Gliom,1,Gliom,evet,0.34717,0.501449,0.151381
723,724,brain_tumor_figshare/724.mat,102075,5,1,Gliom,1,Gliom,evet,0.26859,0.549029,0.182381
724,725,brain_tumor_figshare/725.mat,103148,1,1,Gliom,0,Meningiom,hayır,0.820442,0.048385,0.131173
725,726,brain_tumor_figshare/726.mat,103148,1,1,Gliom,0,Meningiom,hayır,0.467208,0.408199,0.124593
726,727,brain_tumor_figshare/727.mat,103148,1,1,Gliom,1,Gliom,evet,0.348946,0.60356,0.047494
727,728,brain_tumor_figshare/728.mat,103148,1,1,Gliom,1,Gliom,evet,0.041581,0.949619,0.0088
728,729,brain_tumor_figshare/729.mat,106494,5,1,Gliom,1,Gliom,evet,0.145787,0.743088,0.111125
729,730,brain_tumor_figshare/730.mat,106494,5,1,Gliom,1,Gliom,evet,0.171077,0.821931,0.006992
730,731,brain_tumor_figshare/731.mat,106494,5,1,Gliom,1,Gliom,evet,0.059101,0.931764,0.009135
731,732,brain_tumor_figshare/732.mat,106494,5,1,Gliom,0,Meningiom,hayır,0.736752,0.198204,0.065044
732,733,brain_tumor_figshare/733.mat,106494,5,1,Gliom,0,Meningiom,hayır,0.56526,0.404424,0.030316
733,734,brain_tumor_figshare/734.mat,106494,5,1,Gliom,0,Meningiom,hayır,0.945125,0.011249,0.043627
734,735,brain_tumor_figshare/735.mat,107747,5,1,Gliom,1,Gliom,evet,0.439737,0.55959,0.000673
735,736,brain_tumor_figshare/736.mat,107747,5,1,Gliom,0,Meningiom,hayır,0.960531,0.039038,0.000431
736,737,brain_tumor_figshare/737.mat,107747,5,1,Gliom,0,Meningiom,hayır,0.499974,0.494814,0.005212
737,738,brain_tumor_figshare/738.mat,107747,5,1,Gliom,0,Meningiom,hayır,0.560047,0.438435,0.001518
738,739,brain_tumor_figshare/739.mat,107747,5,1,Gliom,0,Meningiom,hayır,0.865695,0.133545,0.00076
739,740,brain_tumor_figshare/740.mat,112105,4,1,Gliom,1,Gliom,evet,0.040698,0.946694,0.012608
740,741,brain_tumor_figshare/741.mat,112105,4,1,Gliom,2,Hipofiz tümörü,hayır,0.138161,0.424831,0.437008
741,742,brain_tumor_figshare/742.mat,112105,4,1,Gliom,1,Gliom,evet,0.095572,0.646854,0.257574
742,743,brain_tumor_figshare/743.mat,112105,4,1,Gliom,0,Meningiom,hayır,0.407615,0.282846,0.309539
743,744,brain_tumor_figshare/744.mat,112105,4,1,Gliom,0,Meningiom,hayır,0.36516,0.361012,0.273829
744,745,brain_tumor_figshare/745.mat,112105,4,1,Gliom,1,Gliom,evet,0.294088,0.598363,0.107549
745,746,brain_tumor_figshare/746.mat,112105,4,1,Gliom,0,Meningiom,hayır,0.757652,0.159032,0.083315
746,747,brain_tumor_figshare/747.mat,100820,3,1,Gliom,0,Meningiom,hayır,0.982366,0.016061,0.001573
747,748,brain_tumor_figshare/748.mat,100820,3,1,Gliom,0,Meningiom,hayır,0.560386,0.431626,0.007988
748,749,brain_tumor_figshare/749.mat,100820,3,1,Gliom,0,Meningiom,hayır,0.884011,0.103418,0.012571
749,750,brain_tumor_figshare/750.mat,100820,3,1,Gliom,0,Meningiom,hayır,0.866165,0.123068,0.010768
750,751,brain_tumor_figshare/751.mat,100820,3,1,Gliom,0,Meningiom,hayır,0.834867,0.163663,0.00147
751,752,brain_tumor_figshare/752.mat,100820,3,1,Gliom,0,Meningiom,hayır,0.665828,0.324152,0.010021
752,753,brain_tumor_figshare/753.mat,101020,3,1,Gliom,0,Meningiom,hayır,0.661982,0.305065,0.032953
753,754,brain_tumor_figshare/754.mat,101020,3,1,Gliom,1,Gliom,evet,0.481597,0.518061,0.000341
754,755,brain_tumor_figshare/755.mat,101020,3,1,Gliom,1,Gliom,evet,0.011111,0.98865,0.000239
755,756,brain_tumor_figshare/756.mat,101020,3,1,Gliom,1,Gliom,evet,0.235088,0.76468,0.000231
756,757,brain_tumor_figshare/757.mat,101020,3,1,Gliom,1,Gliom,evet,0.373174,0.625028,0.001798
757,758,brain_tumor_figshare/758.mat,101020,3,1,Gliom,1,Gliom,evet,0.435413,0.550492,0.014095
758,759,brain_tumor_figshare/759.mat,101020,3,1,Gliom,1,Gliom,evet,0.210772,0.788491,0.000737
759,760,brain_tumor_figshare/760.mat,101020,3,1,Gliom,0,Meningiom,hayır,0.569974,0.428699,0.001327
760,761,brain_tumor_figshare/761.mat,102075,5,1,Gliom,0,Meningiom,hayır,0.835845,0.086958,0.077197
761,762,brain_tumor_figshare/762.mat,102075,5,1,Gliom,1,Gliom,evet,0.326913,0.671328,0.001759
762,763,brain_tumor_figshare/763.mat,102075,5,1,Gliom,1,Gliom,evet,0.409063,0.583424,0.007513
763,764,brain_tumor_figshare/764.mat,103148,1,1,Gliom,0,Meningiom,hayır,0.503297,0.44328,0.053423
764,765,brain_tumor_figshare/765.mat,103148,1,1,Gliom,0,Meningiom,hayır,0.693072,0.259091,0.047837
765,766,brain_tumor_figshare/766.mat,103148,1,1,Gliom,0,Meningiom,hayır,0.660248,0.315524,0.024229
766,767,brain_tumor_figshare/767.mat,103148,1,1,Gliom,1,Gliom,evet,0.292814,0.62784,0.079346
767,768,brain_tumor_figshare/768.mat,106494,5,1,Gliom,1,Gliom,evet,0.042154,0.957688,0.000158
768,769,brain_tumor_figshare/769.mat,106494,5,1,Gliom,1,Gliom,evet,0.182261,0.817568,0.00017
769,770,brain_tumor_figshare/770.mat,106494,5,1,Gliom,1,Gliom,evet,0.363181,0.636169,0.00065
770,771,brain_tumor_figshare/771.mat,106494,5,1,Gliom,0,Meningiom,hayır,0.956047,0.038426,0.005528
771,772,brain_tumor_figshare/772.mat,106494,5,1,Gliom,1,Gliom,evet,0.06619,0.933782,2.8e-05
772,773,brain_tumor_figshare/773.mat,107747,5,1,Gliom,2,Hipofiz tümörü,hayır,0.175883,0.070208,0.753909
773,774,brain_tumor_figshare/774.mat,107747,5,1,Gliom,1,Gliom,evet,0.141555,0.845219,0.013226
774,775,brain_tumor_figshare/775.mat,107747,5,1,Gliom,1,Gliom,evet,0.038318,0.949204,0.012478
775,776,brain_tumor_figshare/776.mat,107747,5,1,Gliom,1,Gliom,evet,0.127603,0.826025,0.046372
776,777,brain_tumor_figshare/777.mat,107747,5,1,Gliom,0,Meningiom,hayır,0.504259,0.478617,0.017124
777,778,brain_tumor_figshare/778.mat,107747,5,1,Gliom,0,Meningiom,hayır,0.96404,0.023309,0.012651
778,779,brain_tumor_figshare/779.mat,112027,3,1,Gliom,1,Gliom,evet,0.059642,0.940064,0.000294
779,780,brain_tumor_figshare/780.mat,112027,3,1,Gliom,1,Gliom,evet,0.386019,0.605007,0.008974
780,781,brain_tumor_figshare/781.mat,112105,4,1,Gliom,1,Gliom,evet,0.487726,0.489707,0.022567
781,782,brain_tumor_figshare/782.mat,112105,4,1,Gliom,1,Gliom,evet,0.338629,0.656171,0.0052
782,783,brain_tumor_figshare/783.mat,112105,4,1,Gliom,0,Meningiom,hayır,0.482227,0.470578,0.047195
783,784,brain_tumor_figshare/784.mat,112105,4,1,Gliom,0,Meningiom,hayır,0.755756,0.176889,0.067355
784,785,brain_tumor_figshare/785.mat,112105,4,1,Gliom,0,Meningiom,hayır,0.689729,0.150049,0.160222
785,786,brain_tumor_figshare/786.mat,112105,4,1,Gliom,1,Gliom,evet,0.084845,0.906852,0.008303
786,787,brain_tumor_figshare/787.mat,112105,4,1,Gliom,1,Gliom,evet,0.273699,0.711097,0.015204
787,788,brain_tumor_figshare/788.mat,112105,4,1,Gliom,1,Gliom,evet,0.342326,0.614882,0.042792
788,789,brain_tumor_figshare/789.mat,112105,4,1,Gliom,1,Gliom,evet,0.426119,0.546335,0.027546
789,790,brain_tumor_figshare/790.mat,112105,4,1,Gliom,1,Gliom,evet,0.252493,0.708163,0.039345
790,791,brain_tumor_figshare/791.mat,112105,4,1,Gliom,0,Meningiom,hayır,0.782061,0.150288,0.067651
791,792,brain_tumor_figshare/792.mat,88670,4,1,Gliom,0,Meningiom,hayır,0.720913,0.239981,0.039107
792,793,brain_tumor_figshare/793.mat,88670,4,1,Gliom,0,Meningiom,hayır,0.614048,0.263824,0.122128
793,794,brain_tumor_figshare/794.mat,88670,4,1,Gliom,0,Meningiom,hayır,0.72923,0.219671,0.051099
794,795,brain_tumor_figshare/795.mat,88670,4,1,Gliom,1,Gliom,evet,0.310358,0.669976,0.019666
795,796,brain_tumor_figshare/796.mat,88670,4,1,Gliom,0,Meningiom,hayır,0.556428,0.428202,0.01537
796,797,brain_tumor_figshare/797.mat,88670,4,1,Gliom,1,Gliom,evet,0.438451,0.52799,0.03356
797,798,brain_tumor_figshare/798.mat,88670,4,1,Gliom,0,Meningiom,hayır,0.554344,0.240276,0.20538
798,799,brain_tumor_figshare/799.mat,90284,2,1,Gliom,0,Meningiom,hayır,0.540023,0.329226,0.130751
799,800,brain_tumor_figshare/800.mat,90284,2,1,Gliom,1,Gliom,evet,0.032726,0.963736,0.003539
800,801,brain_tumor_figshare/801.mat,90284,2,1,Gliom,1,Gliom,evet,0.107272,0.891424,0.001304
801,802,brain_tumor_figshare/802.mat,90284,2,1,Gliom,1,Gliom,evet,0.35677,0.454651,0.188578
802,803,brain_tumor_figshare/803.mat,90284,2,1,Gliom,1,Gliom,evet,0.113154,0.642378,0.244468
803,804,brain_tumor_figshare/804.mat,90284,2,1,Gliom,2,Hipofiz tümörü,hayır,0.378904,0.057502,0.563593
804,805,brain_tumor_figshare/805.mat,90284,2,1,Gliom,0,Meningiom,hayır,0.75869,0.036698,0.204612
805,806,brain_tumor_figshare/806.mat,90284,2,1,Gliom,0,Meningiom,hayır,0.763641,0.203119,0.03324
806,807,brain_tumor_figshare/807.mat,92897,3,1,Gliom,0,Meningiom,hayır,0.981001,0.01661,0.002389
807,808,brain_tumor_figshare/808.mat,92897,3,1,Gliom,0,Meningiom,hayır,0.841927,0.138287,0.019786
808,809,brain_tumor_figshare/809.mat,93825,1,1,Gliom,1,Gliom,evet,0.174792,0.808557,0.016651
809,810,brain_tumor_figshare/810.mat,93825,1,1,Gliom,0,Meningiom,hayır,0.56646,0.391211,0.042329
810,811,brain_tumor_figshare/811.mat,93825,1,1,Gliom,0,Meningiom,hayır,0.693654,0.288008,0.018339
811,812,brain_tumor_figshare/812.mat,97609,2,1,Gliom,1,Gliom,evet,0.414651,0.584962,0.000387
812,813,brain_tumor_figshare/813.mat,97609,2,1,Gliom,1,Gliom,evet,0.290878,0.703926,0.005196
813,814,brain_tumor_figshare/814.mat,97609,2,1,Gliom,0,Meningiom,hayır,0.746419,0.251627,0.001954
814,815,brain_tumor_figshare/815.mat,97609,2,1,Gliom,1,Gliom,evet,0.060312,0.937714,0.001974
815,816,brain_tumor_figshare/816.mat,97609,2,1,Gliom,1,Gliom,evet,0.16273,0.833891,0.003379
816,817,brain_tumor_figshare/817.mat,97609,2,1,Gliom,1,Gliom,evet,0.210148,0.788556,0.001296
817,818,brain_tumor_figshare/818.mat,100416,3,1,Gliom,1,Gliom,evet,0.09004,0.909757,0.000203
818,819,brain_tumor_figshare/819.mat,100416,3,1,Gliom,1,Gliom,evet,0.129318,0.87062,6.3e-05
819,820,brain_tumor_figshare/820.mat,100416,3,1,Gliom,1,Gliom,evet,0.060731,0.938963,0.000306
820,821,brain_tumor_figshare/821.mat,100416,3,1,Gliom,1,Gliom,evet,0.442389,0.557431,0.000179
821,822,brain_tumor_figshare/822.mat,100820,3,1,Gliom,0,Meningiom,hayır,0.739529,0.246079,0.014392
822,823,brain_tumor_figshare/823.mat,100820,3,1,Gliom,1,Gliom,evet,0.256944,0.736029,0.007027
823,824,brain_tumor_figshare/824.mat,100820,3,1,Gliom,1,Gliom,evet,0.406519,0.589839,0.003642
824,825,brain_tumor_figshare/825.mat,100820,3,1,Gliom,1,Gliom,evet,0.078805,0.919296,0.001899
825,826,brain_tumor_figshare/826.mat,100820,3,1,Gliom,1,Gliom,evet,0.362032,0.547141,0.090827
826,827,brain_tumor_figshare/827.mat,100820,3,1,Gliom,1,Gliom,evet,0.236142,0.628589,0.135269
827,828,brain_tumor_figshare/828.mat,101020,3,1,Gliom,0,Meningiom,hayır,0.959527,0.038155,0.002317
828,829,brain_tumor_figshare/829.mat,101020,3,1,Gliom,1,Gliom,evet,0.271031,0.722676,0.006293
829,830,brain_tumor_figshare/830.mat,101020,3,1,Gliom,1,Gliom,evet,0.063047,0.936685,0.000268
830,831,brain_tumor_figshare/831.mat,101020,3,1,Gliom,0,Meningiom,hayır,0.655861,0.333935,0.010203
831,832,brain_tumor_figshare/832.mat,101020,3,1,Gliom,0,Meningiom,hayır,0.67205,0.327426,0.000524
832,833,brain_tumor_figshare/833.mat,101020,3,1,Gliom,1,Gliom,evet,0.236415,0.763258,0.000327
833,834,brain_tumor_figshare/834.mat,101384,1,1,Gliom,0,Meningiom,hayır,0.505807,0.433712,0.060482
834,835,brain_tumor_figshare/835.mat,101384,1,1,Gliom,0,Meningiom,hayır,0.684124,0.275442,0.040434
835,836,brain_tumor_figshare/836.mat,101384,1,1,Gliom,1,Gliom,evet,0.106644,0.887693,0.005662
836,837,brain_tumor_figshare/837.mat,102075,5,1,Gliom,1,Gliom,evet,0.314491,0.684534,0.000975
837,838,brain_tumor_figshare/838.mat,102075,5,1,Gliom,0,Meningiom,hayır,0.982425,0.003368,0.014207
838,839,brain_tumor_figshare/839.mat,102075,5,1,Gliom,0,Meningiom,hayır,0.551805,0.447234,0.00096
839,840,brain_tumor_figshare/840.mat,103148,1,1,Gliom,0,Meningiom,hayır,0.754636,0.233811,0.011552
840,841,brain_tumor_figshare/841.mat,103148,1,1,Gliom,0,Meningiom,hayır,0.759766,0.223731,0.016503
841,842,brain_tumor_figshare/842.mat,103148,1,1,Gliom,0,Meningiom,hayır,0.781749,0.177254,0.040997
842,843,brain_tumor_figshare/843.mat,103148,1,1,Gliom,0,Meningiom,hayır,0.672938,0.186308,0.140754
843,844,brain_tumor_figshare/844.mat,105653,2,1,Gliom,0,Meningiom,hayır,0.728834,0.127526,0.14364
844,845,brain_tumor_figshare/845.mat,105653,2,1,Gliom,2,Hipofiz tümörü,hayır,0.295232,0.00037,0.704398
845,846,brain_tumor_figshare/846.mat,106494,5,1,Gliom,0,Meningiom,hayır,0.837873,0.125309,0.036818
846,847,brain_tumor_figshare/847.mat,106494,5,1,Gliom,0,Meningiom,hayır,0.937019,0.022511,0.04047
847,848,brain_tumor_figshare/848.mat,106494,5,1,Gliom,1,Gliom,evet,0.454873,0.540882,0.004245
848,849,brain_tumor_figshare/849.mat,106494,5,1,Gliom,1,Gliom,evet,0.211614,0.787322,0.001064
849,850,brain_tumor_figshare/850.mat,106494,5,1,Gliom,0,Meningiom,hayır,0.974292,0.011625,0.014083
850,851,brain_tumor_figshare/851.mat,106494,5,1,Gliom,0,Meningiom,hayır,0.970037,0.009605,0.020359
851,852,brain_tumor_figshare/852.mat,106494,5,1,Gliom,0,Meningiom,hayır,0.90346,0.043155,0.053386
852,853,brain_tumor_figshare/853.mat,107747,5,1,Gliom,1,Gliom,evet,0.436847,0.548238,0.014915
853,854,brain_tumor_figshare/854.mat,107747,5,1,Gliom,1,Gliom,evet,0.090549,0.845106,0.064345
854,855,brain_tumor_figshare/855.mat,107747,5,1,Gliom,1,Gliom,evet,0.040513,0.940538,0.018949
855,856,brain_tumor_figshare/856.mat,107747,5,1,Gliom,1,Gliom,evet,0.129,0.704794,0.166206
856,857,brain_tumor_figshare/857.mat,108479,1,1,Gliom,0,Meningiom,hayır,0.468311,0.116136,0.415553
857,858,brain_tumor_figshare/858.mat,108479,1,1,Gliom,0,Meningiom,hayır,0.402508,0.221221,0.376271
858,859,brain_tumor_figshare/859.mat,112105,4,1,Gliom,1,Gliom,evet,0.245486,0.729379,0.025135
859,860,brain_tumor_figshare/860.mat,112105,4,1,Gliom,1,Gliom,evet,0.430668,0.56194,0.007392
860,861,brain_tumor_figshare/861.mat,112105,4,1,Gliom,0,Meningiom,hayır,0.759745,0.193179,0.047076
861,862,brain_tumor_figshare/862.mat,112105,4,1,Gliom,0,Meningiom,hayır,0.588428,0.366403,0.045169
862,863,brain_tumor_figshare/863.mat,112105,4,1,Gliom,0,Meningiom,hayır,0.58922,0.330382,0.080398
863,864,brain_tumor_figshare/864.mat,112105,4,1,Gliom,0,Meningiom,hayır,0.534805,0.229501,0.235694
864,865,brain_tumor_figshare/865.mat,88670,4,1,Gliom,1,Gliom,evet,0.205926,0.793521,0.000553
865,866,brain_tumor_figshare/866.mat,88670,4,1,Gliom,1,Gliom,evet,0.424732,0.571755,0.003512
866,867,brain_tumor_figshare/867.mat,88670,4,1,Gliom,1,Gliom,evet,0.434547,0.554829,0.010623
867,868,brain_tumor_figshare/868.mat,88670,4,1,Gliom,1,Gliom,evet,0.12042,0.872704,0.006876
868,869,brain_tumor_figshare/869.mat,88670,4,1,Gliom,1,Gliom,evet,0.421022,0.558386,0.020592
869,870,brain_tumor_figshare/870.mat,90284,2,1,Gliom,0,Meningiom,hayır,0.508188,0.453887,0.037924
870,871,brain_tumor_figshare/871.mat,90284,2,1,Gliom,1,Gliom,evet,0.297039,0.644702,0.058259
871,872,brain_tumor_figshare/872.mat,90284,2,1,Gliom,1,Gliom,evet,0.10195,0.886192,0.011858
872,873,brain_tumor_figshare/873.mat,90284,2,1,Gliom,0,Meningiom,hayır,0.546815,0.362655,0.09053
873,874,brain_tumor_figshare/874.mat,90284,2,1,Gliom,2,Hipofiz tümörü,hayır,0.128181,0.122782,0.749036
874,875,brain_tumor_figshare/875.mat,90284,2,1,Gliom,2,Hipofiz tümörü,hayır,0.339914,0.015223,0.644863
875,876,brain_tumor_figshare/876.mat,90284,2,1,Gliom,2,Hipofiz tümörü,hayır,0.133499,0.290398,0.576103
876,877,brain_tumor_figshare/877.mat,90284,2,1,Gliom,1,Gliom,evet,0.091942,0.896589,0.011469
877,878,brain_tumor_figshare/878.mat,90284,2,1,Gliom,1,Gliom,evet,0.034721,0.964223,0.001056
878,879,brain_tumor_figshare/879.mat,90284,2,1,Gliom,1,Gliom,evet,0.336273,0.653183,0.010544
879,880,brain_tumor_figshare/880.mat,90284,2,1,Gliom,0,Meningiom,hayır,0.795837,0.099629,0.104534
880,881,brain_tumor_figshare/881.mat,92897,3,1,Gliom,0,Meningiom,hayır,0.803344,0.152174,0.044482
881,882,brain_tumor_figshare/882.mat,92897,3,1,Gliom,0,Meningiom,hayır,0.934566,0.033575,0.031858
882,883,brain_tumor_figshare/883.mat,93329,3,1,Gliom,1,Gliom,evet,0.458142,0.525977,0.01588
883,884,brain_tumor_figshare/884.mat,93329,3,1,Gliom,0,Meningiom,hayır,0.644137,0.340181,0.015682
884,885,brain_tumor_figshare/885.mat,93329,3,1,Gliom,0,Meningiom,hayır,0.704087,0.281255,0.014658
885,886,brain_tumor_figshare/886.mat,93329,3,1,Gliom,0,Meningiom,hayır,0.602453,0.316632,0.080914
886,887,brain_tumor_figshare/887.mat,93329,3,1,Gliom,0,Meningiom,hayır,0.51406,0.449727,0.036214
887,888,brain_tumor_figshare/888.mat,93825,1,1,Gliom,0,Meningiom,hayır,0.666792,0.223161,0.110047
888,889,brain_tumor_figshare/889.mat,93825,1,1,Gliom,1,Gliom,evet,0.228986,0.746133,0.02488
889,890,brain_tumor_figshare/890.mat,93825,1,1,Gliom,1,Gliom,evet,0.047271,0.947304,0.005425
890,891,brain_tumor_figshare/891.mat,93825,1,1,Gliom,1,Gliom,evet,0.182209,0.79405,0.023742
891,892,brain_tumor_figshare/892.mat,94731,3,1,Gliom,0,Meningiom,hayır,0.818706,0.104164,0.07713
892,893,brain_tumor_figshare/893.mat,94731,3,1,Gliom,0,Meningiom,hayır,0.675463,0.320004,0.004533
893,894,brain_tumor_figshare/894.mat,94731,3,1,Gliom,0,Meningiom,hayır,0.791622,0.207635,0.000743
894,895,brain_tumor_figshare/895.mat,95142,2,1,Gliom,0,Meningiom,hayır,0.765315,0.053645,0.18104
895,896,brain_tumor_figshare/896.mat,95142,2,1,Gliom,2,Hipofiz tümörü,hayır,0.256953,0.073324,0.669723
896,897,brain_tumor_figshare/897.mat,95142,2,1,Gliom,2,Hipofiz tümörü,hayır,0.396692,0.02643,0.576878
897,898,brain_tumor_figshare/898.mat,95142,2,1,Gliom,2,Hipofiz tümörü,hayır,0.056164,0.037561,0.906276
898,899,brain_tumor_figshare/899.mat,95142,2,1,Gliom,2,Hipofiz tümörü,hayır,0.376629,0.184085,0.439286
899,900,brain_tumor_figshare/900.mat,95142,2,1,Gliom,1,Gliom,evet,0.010989,0.985933,0.003078
900,901,brain_tumor_figshare/901.mat,95142,2,1,Gliom,1,Gliom,evet,0.289526,0.708721,0.001753
901,902,brain_tumor_figshare/902.mat,95142,2,1,Gliom,0,Meningiom,hayır,0.697944,0.2303,0.071757
902,903,brain_tumor_figshare/903.mat,95142,2,1,Gliom,0,Meningiom,hayır,0.750631,0.242112,0.007257
903,904,brain_tumor_figshare/904.mat,96587,3,1,Gliom,0,Meningiom,hayır,0.845559,0.149227,0.005214
904,905,brain_tumor_figshare/905.mat,96587,3,1,Gliom,1,Gliom,evet,0.118691,0.881078,0.000231
905,906,brain_tumor_figshare/906.mat,96587,3,1,Gliom,1,Gliom,evet,0.145814,0.853937,0.000249
906,907,brain_tumor_figshare/907.mat,96587,3,1,Gliom,0,Meningiom,hayır,0.822169,0.17221,0.005621
907,908,brain_tumor_figshare/908.mat,97609,2,1,Gliom,1,Gliom,evet,0.033036,0.966805,0.000159
908,909,brain_tumor_figshare/909.mat,97609,2,1,Gliom,1,Gliom,evet,0.023381,0.976496,0.000122
909,910,brain_tumor_figshare/910.mat,97609,2,1,Gliom,1,Gliom,evet,0.006119,0.993802,7.9e-05
910,911,brain_tumor_figshare/911.mat,97609,2,1,Gliom,1,Gliom,evet,0.140695,0.822887,0.036418
911,912,brain_tumor_figshare/912.mat,98889,2,1,Gliom,1,Gliom,evet,0.358882,0.640625,0.000493
912,913,brain_tumor_figshare/913.mat,98889,2,1,Gliom,1,Gliom,evet,0.08404,0.915863,9.7e-05
913,914,brain_tumor_figshare/914.mat,98889,2,1,Gliom,1,Gliom,evet,0.082357,0.916759,0.000883
914,915,brain_tumor_figshare/915.mat,98889,2,1,Gliom,1,Gliom,evet,0.018734,0.981135,0.000131
915,916,brain_tumor_figshare/916.mat,98889,2,1,Gliom,1,Gliom,evet,0.00322,0.99674,4e-05
916,917,brain_tumor_figshare/917.mat,98889,2,1,Gliom,1,Gliom,evet,0.059583,0.938038,0.002379
917,918,brain_tumor_figshare/918.mat,105936,5,2,Hipofiz tümörü,2,Hipofiz tümörü,evet,0.006376,6.6e-05,0.993558
918,919,brain_tumor_figshare/919.mat,105936,5,2,Hipofiz tümörü,2,Hipofiz tümörü,evet,0.039143,0.000316,0.96054
919,920,brain_tumor_figshare/920.mat,105936,5,2,Hipofiz tümörü,2,Hipofiz tümörü,evet,0.003854,1.1e-05,0.996135
920,921,brain_tumor_figshare/921.mat,105936,5,2,Hipofiz tümörü,2,Hipofiz tümörü,evet,0.000422,1e-06,0.999577
921,922,brain_tumor_figshare/922.mat,106062,3,2,Hipofiz tümörü,2,Hipofiz tümörü,evet,0.04503,0.000199,0.954771
922,923,brain_tumor_figshare/923.mat,106062,3,2,Hipofiz tümörü,2,Hipofiz tümörü,evet,0.431879,0.000711,0.56741
923,924,brain_tumor_figshare/924.mat,106062,3,2,Hipofiz tümörü,2,Hipofiz tümörü,evet,0.039646,0.001522,0.958833
924,925,brain_tumor_figshare/925.mat,106062,3,2,Hipofiz tümörü,2,Hipofiz tümörü,evet,0.035936,0.000226,0.963838
925,926,brain_tumor_figshare/926.mat,107495,3,2,Hipofiz tümörü,2,Hipofiz tümörü,evet,0.003843,1e-06,0.996157
926,927,brain_tumor_figshare/927.mat,107495,3,2,Hipofiz tümörü,2,Hipofiz tümörü,evet,0.000657,6e-06,0.999337
927,928,brain_tumor_figshare/928.mat,107495,3,2,Hipofiz tümörü,2,Hipofiz tümörü,evet,0.005368,2.8e-05,0.994604
928,929,brain_tumor_figshare/929.mat,107495,3,2,Hipofiz tümörü,2,Hipofiz tümörü,evet,0.000493,7e-06,0.9995
929,930,brain_tumor_figshare/930.mat,107495,3,2,Hipofiz tümörü,2,Hipofiz tümörü,evet,0.01122,6e-06,0.988774
930,931,brain_tumor_figshare/931.mat,107495,3,2,Hipofiz tümörü,2,Hipofiz tümörü,evet,0.002747,6.8e-05,0.997185
931,932,brain_tumor_figshare/932.mat,107495,3,2,Hipofiz tümörü,2,Hipofiz tümörü,evet,0.001213,2e-06,0.998785
932,933,brain_tumor_figshare/933.mat,107429,1,2,Hipofiz tümörü,2,Hipofiz tümörü,evet,0.101523,0.163798,0.73468
933,934,brain_tumor_figshare/934.mat,107429,1,2,Hipofiz tümörü,2,Hipofiz tümörü,evet,0.088371,0.019523,0.892106
934,935,brain_tumor_figshare/935.mat,107429,1,2,Hipofiz tümörü,2,Hipofiz tümörü,evet,0.302356,0.011352,0.686292
935,936,brain_tumor_figshare/936.mat,107429,1,2,Hipofiz tümörü,2,Hipofiz tümörü,evet,0.255885,0.024226,0.719889
936,937,brain_tumor_figshare/937.mat,107429,1,2,Hipofiz tümörü,2,Hipofiz tümörü,evet,0.25814,0.00909,0.732769
937,938,brain_tumor_figshare/938.mat,107429,1,2,Hipofiz tümörü,2,Hipofiz tümörü,evet,0.238934,0.068858,0.692208
938,939,brain_tumor_figshare/939.mat,107505,5,2,Hipofiz tümörü,2,Hipofiz tümörü,evet,0.000285,5e-06,0.99971
939,940,brain_tumor_figshare/940.mat,107505,5,2,Hipofiz tümörü,2,Hipofiz tümörü,evet,0.001099,3.5e-05,0.998866
940,941,brain_tumor_figshare/941.mat,107505,5,2,Hipofiz tümörü,2,Hipofiz tümörü,evet,0.000575,1e-06,0.999424
941,942,brain_tumor_figshare/942.mat,107505,5,2,Hipofiz tümörü,2,Hipofiz tümörü,evet,0.002006,4.1e-05,0.997953
942,943,brain_tumor_figshare/943.mat,107505,5,2,Hipofiz tümörü,2,Hipofiz tümörü,evet,0.000828,9e-05,0.999082
943,944,brain_tumor_figshare/944.mat,107505,5,2,Hipofiz tümörü,2,Hipofiz tümörü,evet,0.004393,3e-06,0.995604
944,945,brain_tumor_figshare/945.mat,107505,5,2,Hipofiz tümörü,2,Hipofiz tümörü,evet,0.002357,7.7e-05,0.997565
945,946,brain_tumor_figshare/946.mat,107743,5,2,Hipofiz tümörü,2,Hipofiz tümörü,evet,0.000139,0.0,0.99986
946,947,brain_tumor_figshare/947.mat,107743,5,2,Hipofiz tümörü,2,Hipofiz tümörü,evet,0.000135,0.0,0.999865
947,948,brain_tumor_figshare/948.mat,107743,5,2,Hipofiz tümörü,2,Hipofiz tümörü,evet,0.000178,0.0,0.999822
948,949,brain_tumor_figshare/949.mat,107743,5,2,Hipofiz tümörü,2,Hipofiz tümörü,evet,8.7e-05,0.0,0.999913
949,950,brain_tumor_figshare/950.mat,108858,1,2,Hipofiz tümörü,2,Hipofiz tümörü,evet,0.137631,0.00121,0.861158
950,951,brain_tumor_figshare/951.mat,108858,1,2,Hipofiz tümörü,2,Hipofiz tümörü,evet,0.158898,0.001917,0.839185
951,952,brain_tumor_figshare/952.mat,108858,1,2,Hipofiz tümörü,2,Hipofiz tümörü,evet,0.138519,0.00025,0.86123
952,953,brain_tumor_figshare/953.mat,108858,1,2,Hipofiz tümörü,2,Hipofiz tümörü,evet,0.123387,0.001714,0.874899
953,954,brain_tumor_figshare/954.mat,108858,1,2,Hipofiz tümörü,2,Hipofiz tümörü,evet,0.18708,0.000929,0.811992
954,955,brain_tumor_figshare/955.mat,108931,4,2,Hipofiz tümörü,2,Hipofiz tümörü,evet,0.002712,1.2e-05,0.997275
955,956,brain_tumor_figshare/956.mat,108931,4,2,Hipofiz tümörü,2,Hipofiz tümörü,evet,0.00121,3e-06,0.998788
956,957,brain_tumor_figshare/957.mat,108931,4,2,Hipofiz tümörü,2,Hipofiz tümörü,evet,0.002073,4e-06,0.997923
957,958,brain_tumor_figshare/958.mat,109471,3,2,Hipofiz tümörü,2,Hipofiz tümörü,evet,0.005923,1.9e-05,0.994057
958,959,brain_tumor_figshare/959.mat,109471,3,2,Hipofiz tümörü,2,Hipofiz tümörü,evet,0.260905,0.000743,0.738353
959,960,brain_tumor_figshare/960.mat,109471,3,2,Hipofiz tümörü,2,Hipofiz tümörü,evet,0.302585,0.000752,0.696664
960,961,brain_tumor_figshare/961.mat,109471,3,2,Hipofiz tümörü,2,Hipofiz tümörü,evet,0.1578,0.000447,0.841753
961,962,brain_tumor_figshare/962.mat,109769,2,2,Hipofiz tümörü,2,Hipofiz tümörü,evet,0.011185,8e-06,0.988806
962,963,brain_tumor_figshare/963.mat,109769,2,2,Hipofiz tümörü,2,Hipofiz tümörü,evet,0.014976,8e-06,0.985016
963,964,brain_tumor_figshare/964.mat,109769,2,2,Hipofiz tümörü,2,Hipofiz tümörü,evet,0.004496,1.3e-05,0.995491
964,965,brain_tumor_figshare/965.mat,109769,2,2,Hipofiz tümörü,2,Hipofiz tümörü,evet,0.036723,0.000303,0.962974
965,966,brain_tumor_figshare/966.mat,109898,3,2,Hipofiz tümörü,2,Hipofiz tümörü,evet,0.001717,5e-06,0.998278
966,967,brain_tumor_figshare/967.mat,109898,3,2,Hipofiz tümörü,2,Hipofiz tümörü,evet,0.001078,1.1e-05,0.998911
967,968,brain_tumor_figshare/968.mat,109898,3,2,Hipofiz tümörü,2,Hipofiz tümörü,evet,0.001902,1e-06,0.998097
968,969,brain_tumor_figshare/969.mat,109898,3,2,Hipofiz tümörü,2,Hipofiz tümörü,evet,0.006627,4e-06,0.993369
969,970,brain_tumor_figshare/970.mat,109898,3,2,Hipofiz tümörü,2,Hipofiz tümörü,evet,0.126763,0.001204,0.872033
970,971,brain_tumor_figshare/971.mat,109898,3,2,Hipofiz tümörü,2,Hipofiz tümörü,evet,0.176932,6.3e-05,0.823006
971,972,brain_tumor_figshare/972.mat,110518,2,2,Hipofiz tümörü,0,Meningiom,hayır,0.934137,0.038674,0.02719
972,973,brain_tumor_figshare/973.mat,110518,2,2,Hipofiz tümörü,0,Meningiom,hayır,0.925909,0.005815,0.068276
973,974,brain_tumor_figshare/974.mat,110537,5,2,Hipofiz tümörü,2,Hipofiz tümörü,evet,0.038071,6e-06,0.961923
974,975,brain_tumor_figshare/975.mat,110537,5,2,Hipofiz tümörü,2,Hipofiz tümörü,evet,0.013697,7e-05,0.986233
975,976,brain_tumor_figshare/976.mat,110993,4,2,Hipofiz tümörü,2,Hipofiz tümörü,evet,0.086086,0.001139,0.912775
976,977,brain_tumor_figshare/977.mat,110993,4,2,Hipofiz tümörü,2,Hipofiz tümörü,evet,0.034844,0.000272,0.964884
977,978,brain_tumor_figshare/978.mat,110993,4,2,Hipofiz tümörü,2,Hipofiz tümörü,evet,0.02966,0.00061,0.969731
978,979,brain_tumor_figshare/979.mat,110993,4,2,Hipofiz tümörü,2,Hipofiz tümörü,evet,0.019428,0.000386,0.980186
979,980,brain_tumor_figshare/980.mat,111075,2,2,Hipofiz tümörü,2,Hipofiz tümörü,evet,0.122718,0.231927,0.645355
980,981,brain_tumor_figshare/981.mat,111075,2,2,Hipofiz tümörü,2,Hipofiz tümörü,evet,0.019025,0.020277,0.960698
981,982,brain_tumor_figshare/982.mat,111075,2,2,Hipofiz tümörü,2,Hipofiz tümörü,evet,0.035228,0.002222,0.962551
982,983,brain_tumor_figshare/983.mat,111075,2,2,Hipofiz tümörü,2,Hipofiz tümörü,evet,0.005419,6e-05,0.994521
983,984,brain_tumor_figshare/984.mat,111075,2,2,Hipofiz tümörü,2,Hipofiz tümörü,evet,0.002479,6.4e-05,0.997457
984,985,brain_tumor_figshare/985.mat,111075,2,2,Hipofiz tümörü,2,Hipofiz tümörü,evet,0.002769,0.000117,0.997115
985,986,brain_tumor_figshare/986.mat,111125,5,2,Hipofiz tümörü,2,Hipofiz tümörü,evet,0.003512,7.4e-05,0.996414
986,987,brain_tumor_figshare/987.mat,111125,5,2,Hipofiz tümörü,2,Hipofiz tümörü,evet,0.011575,0.003714,0.984711
987,988,brain_tumor_figshare/988.mat,111125,5,2,Hipofiz tümörü,2,Hipofiz tümörü,evet,0.002446,0.000148,0.997406
988,989,brain_tumor_figshare/989.mat,111125,5,2,Hipofiz tümörü,2,Hipofiz tümörü,evet,0.000584,4.9e-05,0.999367
989,990,brain_tumor_figshare/990.mat,111785,5,2,Hipofiz tümörü,2,Hipofiz tümörü,evet,0.00478,4.5e-05,0.995174
990,991,brain_tumor_figshare/991.mat,111785,5,2,Hipofiz tümörü,2,Hipofiz tümörü,evet,0.027195,9e-06,0.972796
991,992,brain_tumor_figshare/992.mat,111785,5,2,Hipofiz tümörü,2,Hipofiz tümörü,evet,0.030459,0.000394,0.969148
992,993,brain_tumor_figshare/993.mat,111785,5,2,Hipofiz tümörü,2,Hipofiz tümörü,evet,0.022727,0.00036,0.976913
993,994,brain_tumor_figshare/994.mat,112074,1,2,Hipofiz tümörü,0,Meningiom,hayır,0.485026,0.234129,0.280844
994,995,brain_tumor_figshare/995.mat,112074,1,2,Hipofiz tümörü,2,Hipofiz tümörü,evet,0.367716,0.022378,0.609906
995,996,brain_tumor_figshare/996.mat,112074,1,2,Hipofiz tümörü,0,Meningiom,hayır,0.58237,0.021979,0.39565
996,997,brain_tumor_figshare/997.mat,112074,1,2,Hipofiz tümörü,0,Meningiom,hayır,0.661242,0.008868,0.32989
997,998,brain_tumor_figshare/998.mat,112649,5,2,Hipofiz tümörü,2,Hipofiz tümörü,evet,0.00481,2.1e-05,0.995169
998,999,brain_tumor_figshare/999.mat,112649,5,2,Hipofiz tümörü,2,Hipofiz tümörü,evet,0.007973,0.000146,0.991881
999,1000,brain_tumor_figshare/1000.mat,112649,5,2,Hipofiz tümörü,2,Hipofiz tümörü,evet,0.000704,4.3e-05,0.999253
1000,1001,brain_tumor_figshare/1001.mat,112649,5,2,Hipofiz tümörü,2,Hipofiz tümörü,evet,0.000648,1e-06,0.999351
1001,1002,brain_tumor_figshare/1002.mat,112649,5,2,Hipofiz tümörü,2,Hipofiz tümörü,evet,0.009918,4e-06,0.990078
1002,1003,brain_tumor_figshare/1003.mat,112746,1,2,Hipofiz tümörü,2,Hipofiz tümörü,evet,0.245343,0.309373,0.445284
1003,1004,brain_tumor_figshare/1004.mat,112746,1,2,Hipofiz tümörü,2,Hipofiz tümörü,evet,0.189157,0.01394,0.796904
1004,1005,brain_tumor_figshare/1005.mat,112746,1,2,Hipofiz tümörü,2,Hipofiz tümörü,evet,0.138349,0.013109,0.848542
1005,1006,brain_tumor_figshare/1006.mat,112847,5,2,Hipofiz tümörü,2,Hipofiz tümörü,evet,0.122074,0.019319,0.858607
1006,1007,brain_tumor_figshare/1007.mat,112847,5,2,Hipofiz tümörü,2,Hipofiz tümörü,evet,0.069247,0.00187,0.928883
1007,1008,brain_tumor_figshare/1008.mat,112847,5,2,Hipofiz tümörü,2,Hipofiz tümörü,evet,0.03354,8.5e-05,0.966374
1008,1009,brain_tumor_figshare/1009.mat,112847,5,2,Hipofiz tümörü,2,Hipofiz tümörü,evet,0.072939,2.4e-05,0.927037
1009,1010,brain_tumor_figshare/1010.mat,113274,3,2,Hipofiz tümörü,2,Hipofiz tümörü,evet,0.003608,6.4e-05,0.996327
1010,1011,brain_tumor_figshare/1011.mat,113274,3,2,Hipofiz tümörü,2,Hipofiz tümörü,evet,0.047865,0.000119,0.952016
1011,1012,brain_tumor_figshare/1012.mat,113274,3,2,Hipofiz tümörü,2,Hipofiz tümörü,evet,0.001774,2e-06,0.998224
1012,1013,brain_tumor_figshare/1013.mat,113741,3,2,Hipofiz tümörü,2,Hipofiz tümörü,evet,0.001353,3.1e-05,0.998616
1013,1014,brain_tumor_figshare/1014.mat,113741,3,2,Hipofiz tümörü,2,Hipofiz tümörü,evet,0.000565,1.6e-05,0.99942
1014,1015,brain_tumor_figshare/1015.mat,114040,4,2,Hipofiz tümörü,2,Hipofiz tümörü,evet,0.017251,0.001386,0.981363
1015,1016,brain_tumor_figshare/1016.mat,114040,4,2,Hipofiz tümörü,2,Hipofiz tümörü,evet,0.006574,0.000723,0.992703
1016,1017,brain_tumor_figshare/1017.mat,114040,4,2,Hipofiz tümörü,2,Hipofiz tümörü,evet,0.00396,0.00056,0.99548
1017,1018,brain_tumor_figshare/1018.mat,114361,4,2,Hipofiz tümörü,2,Hipofiz tümörü,evet,0.11539,0.069037,0.815573
1018,1019,brain_tumor_figshare/1019.mat,114361,4,2,Hipofiz tümörü,2,Hipofiz tümörü,evet,0.048333,0.010599,0.941068
1019,1020,brain_tumor_figshare/1020.mat,114361,4,2,Hipofiz tümörü,2,Hipofiz tümörü,evet,0.026325,0.016437,0.957238
1020,1021,brain_tumor_figshare/1021.mat,114094,1,2,Hipofiz tümörü,0,Meningiom,hayır,0.629316,0.100234,0.270449
1021,1022,brain_tumor_figshare/1022.mat,114094,1,2,Hipofiz tümörü,2,Hipofiz tümörü,evet,0.303188,0.080454,0.616358
1022,1023,brain_tumor_figshare/1023.mat,114094,1,2,Hipofiz tümörü,2,Hipofiz tümörü,evet,0.231828,0.005055,0.763116
1023,1024,brain_tumor_figshare/1024.mat,114094,1,2,Hipofiz tümörü,2,Hipofiz tümörü,evet,0.290552,0.000842,0.708606
1024,1025,brain_tumor_figshare/1025.mat,101017,2,2,Hipofiz tümörü,2,Hipofiz tümörü,evet,0.000549,5e-06,0.999446
1025,1026,brain_tumor_figshare/1026.mat,101017,2,2,Hipofiz tümörü,2,Hipofiz tümörü,evet,0.000259,6e-06,0.999736
1026,1027,brain_tumor_figshare/1027.mat,101017,2,2,Hipofiz tümörü,2,Hipofiz tümörü,evet,0.003701,9e-05,0.996209
1027,1028,brain_tumor_figshare/1028.mat,101017,2,2,Hipofiz tümörü,2,Hipofiz tümörü,evet,0.001314,6.2e-05,0.998625
1028,1029,brain_tumor_figshare/1029.mat,101017,2,2,Hipofiz tümörü,2,Hipofiz tümörü,evet,0.010281,0.000373,0.989346
1029,1030,brain_tumor_figshare/1030.mat,101029,1,2,Hipofiz tümörü,2,Hipofiz tümörü,evet,0.076682,0.171594,0.751724
1030,1031,brain_tumor_figshare/1031.mat,101029,1,2,Hipofiz tümörü,2,Hipofiz tümörü,evet,0.251278,0.170357,0.578365
1031,1032,brain_tumor_figshare/1032.mat,101029,1,2,Hipofiz tümörü,2,Hipofiz tümörü,evet,0.148723,0.076368,0.774909
1032,1033,brain_tumor_figshare/1033.mat,101029,1,2,Hipofiz tümörü,2,Hipofiz tümörü,evet,0.053106,0.022928,0.923967
1033,1034,brain_tumor_figshare/1034.mat,105936,5,2,Hipofiz tümörü,2,Hipofiz tümörü,evet,0.000191,2e-06,0.999806
1034,1035,brain_tumor_figshare/1035.mat,106062,3,2,Hipofiz tümörü,2,Hipofiz tümörü,evet,0.109258,0.005228,0.885513
1035,1036,brain_tumor_figshare/1036.mat,106062,3,2,Hipofiz tümörü,2,Hipofiz tümörü,evet,0.058944,0.021677,0.919379
1036,1037,brain_tumor_figshare/1037.mat,106062,3,2,Hipofiz tümörü,2,Hipofiz tümörü,evet,0.03767,0.001485,0.960845
1037,1038,brain_tumor_figshare/1038.mat,106062,3,2,Hipofiz tümörü,2,Hipofiz tümörü,evet,0.015528,0.000353,0.984119
1038,1039,brain_tumor_figshare/1039.mat,106062,3,2,Hipofiz tümörü,2,Hipofiz tümörü,evet,0.264973,0.003934,0.731093
1039,1040,brain_tumor_figshare/1040.mat,106062,3,2,Hipofiz tümörü,2,Hipofiz tümörü,evet,0.190625,0.002466,0.806909
1040,1041,brain_tumor_figshare/1041.mat,106062,3,2,Hipofiz tümörü,2,Hipofiz tümörü,evet,0.162961,0.003156,0.833883
1041,1042,brain_tumor_figshare/1042.mat,107495,3,2,Hipofiz tümörü,2,Hipofiz tümörü,evet,0.004078,2.9e-05,0.995892
1042,1043,brain_tumor_figshare/1043.mat,107495,3,2,Hipofiz tümörü,2,Hipofiz tümörü,evet,0.030952,0.000803,0.968246
1043,1044,brain_tumor_figshare/1044.mat,107495,3,2,Hipofiz tümörü,2,Hipofiz tümörü,evet,0.003415,5e-06,0.99658
1044,1045,brain_tumor_figshare/1045.mat,107495,3,2,Hipofiz tümörü,2,Hipofiz tümörü,evet,0.034149,2.6e-05,0.965824
1045,1046,brain_tumor_figshare/1046.mat,107495,3,2,Hipofiz tümörü,2,Hipofiz tümörü,evet,0.001412,0.0,0.998588
1046,1047,brain_tumor_figshare/1047.mat,107429,1,2,Hipofiz tümörü,2,Hipofiz tümörü,evet,0.072092,0.00024,0.927669
1047,1048,brain_tumor_figshare/1048.mat,107429,1,2,Hipofiz tümörü,2,Hipofiz tümörü,evet,0.040279,0.000499,0.959222
1048,1049,brain_tumor_figshare/1049.mat,107429,1,2,Hipofiz tümörü,2,Hipofiz tümörü,evet,0.060503,0.007214,0.932283
1049,1050,brain_tumor_figshare/1050.mat,107429,1,2,Hipofiz tümörü,2,Hipofiz tümörü,evet,0.053178,0.001287,0.945535
1050,1051,brain_tumor_figshare/1051.mat,107429,1,2,Hipofiz tümörü,2,Hipofiz tümörü,evet,0.081714,0.001604,0.916682
1051,1052,brain_tumor_figshare/1052.mat,107429,1,2,Hipofiz tümörü,2,Hipofiz tümörü,evet,0.239352,0.001264,0.759384
1052,1053,brain_tumor_figshare/1053.mat,107429,1,2,Hipofiz tümörü,2,Hipofiz tümörü,evet,0.177404,0.009097,0.813499
1053,1054,brain_tumor_figshare/1054.mat,107505,5,2,Hipofiz tümörü,2,Hipofiz tümörü,evet,0.00157,1e-06,0.998428
1054,1055,brain_tumor_figshare/1055.mat,107505,5,2,Hipofiz tümörü,2,Hipofiz tümörü,evet,0.006443,1.2e-05,0.993545
1055,1056,brain_tumor_figshare/1056.mat,107505,5,2,Hipofiz tümörü,2,Hipofiz tümörü,evet,0.000326,1e-06,0.999674
1056,1057,brain_tumor_figshare/1057.mat,107505,5,2,Hipofiz tümörü,2,Hipofiz tümörü,evet,0.005371,0.000711,0.993918
1057,1058,brain_tumor_figshare/1058.mat,107505,5,2,Hipofiz tümörü,2,Hipofiz tümörü,evet,0.064178,0.091963,0.843859
1058,1059,brain_tumor_figshare/1059.mat,107743,5,2,Hipofiz tümörü,2,Hipofiz tümörü,evet,0.005978,1e-05,0.994011
1059,1060,brain_tumor_figshare/1060.mat,107743,5,2,Hipofiz tümörü,2,Hipofiz tümörü,evet,0.01946,6.3e-05,0.980477
1060,1061,brain_tumor_figshare/1061.mat,107743,5,2,Hipofiz tümörü,2,Hipofiz tümörü,evet,0.058039,0.000151,0.94181
1061,1062,brain_tumor_figshare/1062.mat,107743,5,2,Hipofiz tümörü,2,Hipofiz tümörü,evet,0.304733,0.00013,0.695138
1062,1063,brain_tumor_figshare/1063.mat,107743,5,2,Hipofiz tümörü,2,Hipofiz tümörü,evet,0.005734,7e-06,0.994259
1063,1064,brain_tumor_figshare/1064.mat,107743,5,2,Hipofiz tümörü,2,Hipofiz tümörü,evet,0.084632,0.000319,0.915049
1064,1065,brain_tumor_figshare/1065.mat,108858,1,2,Hipofiz tümörü,2,Hipofiz tümörü,evet,0.142152,0.015213,0.842635
1065,1066,brain_tumor_figshare/1066.mat,108858,1,2,Hipofiz tümörü,2,Hipofiz tümörü,evet,0.080176,0.011984,0.90784
1066,1067,brain_tumor_figshare/1067.mat,108858,1,2,Hipofiz tümörü,2,Hipofiz tümörü,evet,0.339509,0.063942,0.596549
1067,1068,brain_tumor_figshare/1068.mat,108858,1,2,Hipofiz tümörü,2,Hipofiz tümörü,evet,0.189973,0.00712,0.802908
1068,1069,brain_tumor_figshare/1069.mat,108858,1,2,Hipofiz tümörü,2,Hipofiz tümörü,evet,0.174931,0.006991,0.818077
1069,1070,brain_tumor_figshare/1070.mat,108931,4,2,Hipofiz tümörü,2,Hipofiz tümörü,evet,0.000318,1e-06,0.999681
1070,1071,brain_tumor_figshare/1071.mat,108931,4,2,Hipofiz tümörü,2,Hipofiz tümörü,evet,0.000404,1.4e-05,0.999582
1071,1072,brain_tumor_figshare/1072.mat,108931,4,2,Hipofiz tümörü,2,Hipofiz tümörü,evet,0.000381,2e-06,0.999617
1072,1073,brain_tumor_figshare/1073.mat,108931,4,2,Hipofiz tümörü,2,Hipofiz tümörü,evet,0.002506,0.000462,0.997032
1073,1074,brain_tumor_figshare/1074.mat,108931,4,2,Hipofiz tümörü,2,Hipofiz tümörü,evet,0.005281,0.000185,0.994534
1074,1075,brain_tumor_figshare/1075.mat,108931,4,2,Hipofiz tümörü,2,Hipofiz tümörü,evet,0.035643,0.001905,0.962452
1075,1076,brain_tumor_figshare/1076.mat,108931,4,2,Hipofiz tümörü,2,Hipofiz tümörü,evet,0.034399,0.002871,0.962731
1076,1077,brain_tumor_figshare/1077.mat,109471,3,2,Hipofiz tümörü,2,Hipofiz tümörü,evet,0.124487,0.000397,0.875115
1077,1078,brain_tumor_figshare/1078.mat,109471,3,2,Hipofiz tümörü,2,Hipofiz tümörü,evet,0.02865,0.000147,0.971203
1078,1079,brain_tumor_figshare/1079.mat,109471,3,2,Hipofiz tümörü,2,Hipofiz tümörü,evet,0.010149,0.000425,0.989426
1079,1080,brain_tumor_figshare/1080.mat,109471,3,2,Hipofiz tümörü,2,Hipofiz tümörü,evet,0.020313,5e-05,0.979638
1080,1081,brain_tumor_figshare/1081.mat,109471,3,2,Hipofiz tümörü,2,Hipofiz tümörü,evet,0.01792,2.3e-05,0.982057
1081,1082,brain_tumor_figshare/1082.mat,109471,3,2,Hipofiz tümörü,2,Hipofiz tümörü,evet,0.045572,0.001446,0.952982
1082,1083,brain_tumor_figshare/1083.mat,109769,2,2,Hipofiz tümörü,2,Hipofiz tümörü,evet,0.037514,2.5e-05,0.962461
1083,1084,brain_tumor_figshare/1084.mat,109769,2,2,Hipofiz tümörü,2,Hipofiz tümörü,evet,0.150995,0.000167,0.848838
1084,1085,brain_tumor_figshare/1085.mat,109769,2,2,Hipofiz tümörü,2,Hipofiz tümörü,evet,0.319329,8e-05,0.680591
1085,1086,brain_tumor_figshare/1086.mat,109769,2,2,Hipofiz tümörü,2,Hipofiz tümörü,evet,0.283124,6e-06,0.71687
1086,1087,brain_tumor_figshare/1087.mat,109769,2,2,Hipofiz tümörü,2,Hipofiz tümörü,evet,0.015571,9.5e-05,0.984334
1087,1088,brain_tumor_figshare/1088.mat,109898,3,2,Hipofiz tümörü,2,Hipofiz tümörü,evet,0.313584,0.001081,0.685335
1088,1089,brain_tumor_figshare/1089.mat,109898,3,2,Hipofiz tümörü,2,Hipofiz tümörü,evet,0.37217,0.000624,0.627206
1089,1090,brain_tumor_figshare/1090.mat,109898,3,2,Hipofiz tümörü,0,Meningiom,hayır,0.685674,0.000674,0.313652
1090,1091,brain_tumor_figshare/1091.mat,109898,3,2,Hipofiz tümörü,2,Hipofiz tümörü,evet,0.310123,0.000183,0.689694
1091,1092,brain_tumor_figshare/1092.mat,109898,3,2,Hipofiz tümörü,2,Hipofiz tümörü,evet,0.126312,0.001404,0.872284
1092,1093,brain_tumor_figshare/1093.mat,109898,3,2,Hipofiz tümörü,2,Hipofiz tümörü,evet,0.068665,0.000465,0.930869
1093,1094,brain_tumor_figshare/1094.mat,110518,2,2,Hipofiz tümörü,2,Hipofiz tümörü,evet,0.001245,5.2e-05,0.998703
1094,1095,brain_tumor_figshare/1095.mat,110518,2,2,Hipofiz tümörü,2,Hipofiz tümörü,evet,0.035246,0.001317,0.963437
1095,1096,brain_tumor_figshare/1096.mat,110518,2,2,Hipofiz tümörü,2,Hipofiz tümörü,evet,0.011086,7.9e-05,0.988835
1096,1097,brain_tumor_figshare/1097.mat,110518,2,2,Hipofiz tümörü,2,Hipofiz tümörü,evet,0.003952,1e-06,0.996046
1097,1098,brain_tumor_figshare/1098.mat,110518,2,2,Hipofiz tümörü,2,Hipofiz tümörü,evet,0.015596,0.0,0.984403
1098,1099,brain_tumor_figshare/1099.mat,110518,2,2,Hipofiz tümörü,2,Hipofiz tümörü,evet,0.005712,5e-06,0.994283
1099,1100,brain_tumor_figshare/1100.mat,110537,5,2,Hipofiz tümörü,2,Hipofiz tümörü,evet,0.001107,6e-06,0.998887
1100,1101,brain_tumor_figshare/1101.mat,110537,5,2,Hipofiz tümörü,2,Hipofiz tümörü,evet,0.023152,4e-05,0.976808
1101,1102,brain_tumor_figshare/1102.mat,110537,5,2,Hipofiz tümörü,2,Hipofiz tümörü,evet,0.005232,0.000197,0.994571
1102,1103,brain_tumor_figshare/1103.mat,110537,5,2,Hipofiz tümörü,2,Hipofiz tümörü,evet,0.032514,1.1e-05,0.967475
1103,1104,brain_tumor_figshare/1104.mat,110537,5,2,Hipofiz tümörü,2,Hipofiz tümörü,evet,0.003149,9e-06,0.996842
1104,1105,brain_tumor_figshare/1105.mat,110537,5,2,Hipofiz tümörü,2,Hipofiz tümörü,evet,0.281799,0.000261,0.71794
1105,1106,brain_tumor_figshare/1106.mat,110537,5,2,Hipofiz tümörü,2,Hipofiz tümörü,evet,0.433162,0.001644,0.565194
1106,1107,brain_tumor_figshare/1107.mat,110993,4,2,Hipofiz tümörü,2,Hipofiz tümörü,evet,0.026794,0.000137,0.973069
1107,1108,brain_tumor_figshare/1108.mat,110993,4,2,Hipofiz tümörü,2,Hipofiz tümörü,evet,0.038854,0.000531,0.960615
1108,1109,brain_tumor_figshare/1109.mat,110993,4,2,Hipofiz tümörü,2,Hipofiz tümörü,evet,0.172532,0.01112,0.816348
1109,1110,brain_tumor_figshare/1110.mat,110993,4,2,Hipofiz tümörü,2,Hipofiz tümörü,evet,0.008419,0.000105,0.991475
1110,1111,brain_tumor_figshare/1111.mat,110993,4,2,Hipofiz tümörü,2,Hipofiz tümörü,evet,0.021571,0.000351,0.978078
1111,1112,brain_tumor_figshare/1112.mat,111075,2,2,Hipofiz tümörü,2,Hipofiz tümörü,evet,0.097327,0.001569,0.901105
1112,1113,brain_tumor_figshare/1113.mat,111075,2,2,Hipofiz tümörü,2,Hipofiz tümörü,evet,0.047622,0.001054,0.951325
1113,1114,brain_tumor_figshare/1114.mat,111075,2,2,Hipofiz tümörü,2,Hipofiz tümörü,evet,0.014129,5.5e-05,0.985817
1114,1115,brain_tumor_figshare/1115.mat,111075,2,2,Hipofiz tümörü,2,Hipofiz tümörü,evet,0.009567,0.000271,0.990162
1115,1116,brain_tumor_figshare/1116.mat,111075,2,2,Hipofiz tümörü,2,Hipofiz tümörü,evet,0.011611,0.000243,0.988146
1116,1117,brain_tumor_figshare/1117.mat,111075,2,2,Hipofiz tümörü,2,Hipofiz tümörü,evet,0.008173,0.001737,0.99009
1117,1118,brain_tumor_figshare/1118.mat,111125,5,2,Hipofiz tümörü,2,Hipofiz tümörü,evet,0.00056,1e-05,0.99943
1118,1119,brain_tumor_figshare/1119.mat,111125,5,2,Hipofiz tümörü,2,Hipofiz tümörü,evet,0.000237,1e-06,0.999762
1119,1120,brain_tumor_figshare/1120.mat,111125,5,2,Hipofiz tümörü,2,Hipofiz tümörü,evet,3.3e-05,0.0,0.999967
1120,1121,brain_tumor_figshare/1121.mat,111125,5,2,Hipofiz tümörü,2,Hipofiz tümörü,evet,0.000137,0.0,0.999863
1121,1122,brain_tumor_figshare/1122.mat,111125,5,2,Hipofiz tümörü,2,Hipofiz tümörü,evet,0.000463,0.0,0.999537
1122,1123,brain_tumor_figshare/1123.mat,111125,5,2,Hipofiz tümörü,2,Hipofiz tümörü,evet,0.00041,1e-06,0.999589
1123,1124,brain_tumor_figshare/1124.mat,111785,5,2,Hipofiz tümörü,2,Hipofiz tümörü,evet,0.057462,0.004429,0.938109
1124,1125,brain_tumor_figshare/1125.mat,111785,5,2,Hipofiz tümörü,2,Hipofiz tümörü,evet,0.181039,0.005099,0.813862
1125,1126,brain_tumor_figshare/1126.mat,111785,5,2,Hipofiz tümörü,2,Hipofiz tümörü,evet,0.074321,0.003841,0.921839
1126,1127,brain_tumor_figshare/1127.mat,111785,5,2,Hipofiz tümörü,2,Hipofiz tümörü,evet,0.004041,0.001115,0.994844
1127,1128,brain_tumor_figshare/1128.mat,111785,5,2,Hipofiz tümörü,2,Hipofiz tümörü,evet,0.112008,0.008347,0.879645
1128,1129,brain_tumor_figshare/1129.mat,112074,1,2,Hipofiz tümörü,2,Hipofiz tümörü,evet,0.306583,0.042801,0.650616
1129,1130,brain_tumor_figshare/1130.mat,112074,1,2,Hipofiz tümörü,2,Hipofiz tümörü,evet,0.229878,0.138124,0.631999
1130,1131,brain_tumor_figshare/1131.mat,112074,1,2,Hipofiz tümörü,2,Hipofiz tümörü,evet,0.285494,0.033405,0.681101
1131,1132,brain_tumor_figshare/1132.mat,112074,1,2,Hipofiz tümörü,0,Meningiom,hayır,0.420398,0.241269,0.338333
1132,1133,brain_tumor_figshare/1133.mat,112074,1,2,Hipofiz tümörü,1,Gliom,hayır,0.340164,0.462823,0.197014
1133,1134,brain_tumor_figshare/1134.mat,112649,5,2,Hipofiz tümörü,2,Hipofiz tümörü,evet,0.000239,3.8e-05,0.999723
1134,1135,brain_tumor_figshare/1135.mat,112649,5,2,Hipofiz tümörü,2,Hipofiz tümörü,evet,0.000753,0.000103,0.999144
1135,1136,brain_tumor_figshare/1136.mat,112649,5,2,Hipofiz tümörü,2,Hipofiz tümörü,evet,0.002527,2.6e-05,0.997448
1136,1137,brain_tumor_figshare/1137.mat,112649,5,2,Hipofiz tümörü,2,Hipofiz tümörü,evet,0.004174,0.000197,0.995629
1137,1138,brain_tumor_figshare/1138.mat,112649,5,2,Hipofiz tümörü,2,Hipofiz tümörü,evet,0.001567,0.000406,0.998028
1138,1139,brain_tumor_figshare/1139.mat,112649,5,2,Hipofiz tümörü,2,Hipofiz tümörü,evet,0.013767,0.000292,0.985941
1139,1140,brain_tumor_figshare/1140.mat,112746,1,2,Hipofiz tümörü,2,Hipofiz tümörü,evet,0.217001,0.015686,0.767313
1140,1141,brain_tumor_figshare/1141.mat,112746,1,2,Hipofiz tümörü,2,Hipofiz tümörü,evet,0.095311,0.009113,0.895576
1141,1142,brain_tumor_figshare/1142.mat,112746,1,2,Hipofiz tümörü,2,Hipofiz tümörü,evet,0.056524,0.005101,0.938375
1142,1143,brain_tumor_figshare/1143.mat,112746,1,2,Hipofiz tümörü,2,Hipofiz tümörü,evet,0.03649,0.005141,0.958369
1143,1144,brain_tumor_figshare/1144.mat,112847,5,2,Hipofiz tümörü,2,Hipofiz tümörü,evet,0.01727,0.001613,0.981117
1144,1145,brain_tumor_figshare/1145.mat,112847,5,2,Hipofiz tümörü,2,Hipofiz tümörü,evet,0.157656,0.010313,0.832031
1145,1146,brain_tumor_figshare/1146.mat,112847,5,2,Hipofiz tümörü,2,Hipofiz tümörü,evet,0.067834,0.012127,0.920039
1146,1147,brain_tumor_figshare/1147.mat,112847,5,2,Hipofiz tümörü,2,Hipofiz tümörü,evet,0.018967,0.000148,0.980885
1147,1148,brain_tumor_figshare/1148.mat,113274,3,2,Hipofiz tümörü,2,Hipofiz tümörü,evet,0.003792,5e-06,0.996203
1148,1149,brain_tumor_figshare/1149.mat,113274,3,2,Hipofiz tümörü,2,Hipofiz tümörü,evet,0.002151,1e-06,0.997848
1149,1150,brain_tumor_figshare/1150.mat,113274,3,2,Hipofiz tümörü,2,Hipofiz tümörü,evet,0.003603,3.4e-05,0.996364
1150,1151,brain_tumor_figshare/1151.mat,113741,3,2,Hipofiz tümörü,2,Hipofiz tümörü,evet,0.022384,0.000166,0.97745
1151,1152,brain_tumor_figshare/1152.mat,113741,3,2,Hipofiz tümörü,2,Hipofiz tümörü,evet,0.041276,0.000299,0.958425
1152,1153,brain_tumor_figshare/1153.mat,113741,3,2,Hipofiz tümörü,2,Hipofiz tümörü,evet,0.08991,0.001667,0.908423
1153,1154,brain_tumor_figshare/1154.mat,114040,4,2,Hipofiz tümörü,2,Hipofiz tümörü,evet,0.047915,0.003471,0.948613
1154,1155,brain_tumor_figshare/1155.mat,114040,4,2,Hipofiz tümörü,2,Hipofiz tümörü,evet,0.048103,0.038835,0.913062
1155,1156,brain_tumor_figshare/1156.mat,114040,4,2,Hipofiz tümörü,2,Hipofiz tümörü,evet,0.12164,0.050828,0.827532
1156,1157,brain_tumor_figshare/1157.mat,114361,4,2,Hipofiz tümörü,2,Hipofiz tümörü,evet,0.036872,0.001956,0.961172
1157,1158,brain_tumor_figshare/1158.mat,114361,4,2,Hipofiz tümörü,2,Hipofiz tümörü,evet,0.003394,0.000142,0.996464
1158,1159,brain_tumor_figshare/1159.mat,114361,4,2,Hipofiz tümörü,2,Hipofiz tümörü,evet,0.004193,0.000114,0.995693
1159,1160,brain_tumor_figshare/1160.mat,114361,4,2,Hipofiz tümörü,2,Hipofiz tümörü,evet,0.001812,0.000395,0.997793
1160,1161,brain_tumor_figshare/1161.mat,114094,1,2,Hipofiz tümörü,2,Hipofiz tümörü,evet,0.204986,0.060633,0.734381
1161,1162,brain_tumor_figshare/1162.mat,114094,1,2,Hipofiz tümörü,2,Hipofiz tümörü,evet,0.396625,0.094703,0.508672
1162,1163,brain_tumor_figshare/1163.mat,114094,1,2,Hipofiz tümörü,2,Hipofiz tümörü,evet,0.133105,0.030751,0.836144
1163,1164,brain_tumor_figshare/1164.mat,114094,1,2,Hipofiz tümörü,2,Hipofiz tümörü,evet,0.040363,0.007648,0.95199
1164,1165,brain_tumor_figshare/1165.mat,114094,1,2,Hipofiz tümörü,2,Hipofiz tümörü,evet,0.053846,0.007862,0.938292
1165,1166,brain_tumor_figshare/1166.mat,105936,5,2,Hipofiz tümörü,2,Hipofiz tümörü,evet,0.00132,0.00019,0.99849
1166,1167,brain_tumor_figshare/1167.mat,105936,5,2,Hipofiz tümörü,2,Hipofiz tümörü,evet,0.000947,6.5e-05,0.998987
1167,1168,brain_tumor_figshare/1168.mat,105936,5,2,Hipofiz tümörü,2,Hipofiz tümörü,evet,0.000298,5.5e-05,0.999647
1168,1169,brain_tumor_figshare/1169.mat,106062,3,2,Hipofiz tümörü,2,Hipofiz tümörü,evet,0.373604,0.004868,0.621529
1169,1170,brain_tumor_figshare/1170.mat,106062,3,2,Hipofiz tümörü,2,Hipofiz tümörü,evet,0.002089,3.4e-05,0.997878
1170,1171,brain_tumor_figshare/1171.mat,106062,3,2,Hipofiz tümörü,2,Hipofiz tümörü,evet,0.037032,0.002554,0.960414
1171,1172,brain_tumor_figshare/1172.mat,106062,3,2,Hipofiz tümörü,2,Hipofiz tümörü,evet,0.027763,0.138327,0.83391
1172,1173,brain_tumor_figshare/1173.mat,106062,3,2,Hipofiz tümörü,2,Hipofiz tümörü,evet,0.043168,0.007415,0.949417
1173,1174,brain_tumor_figshare/1174.mat,106062,3,2,Hipofiz tümörü,2,Hipofiz tümörü,evet,0.077393,0.001041,0.921566
1174,1175,brain_tumor_figshare/1175.mat,106062,3,2,Hipofiz tümörü,2,Hipofiz tümörü,evet,0.015278,0.006977,0.977745
1175,1176,brain_tumor_figshare/1176.mat,107495,3,2,Hipofiz tümörü,2,Hipofiz tümörü,evet,0.012197,0.013555,0.974248
1176,1177,brain_tumor_figshare/1177.mat,107495,3,2,Hipofiz tümörü,2,Hipofiz tümörü,evet,0.005325,0.000767,0.993907
1177,1178,brain_tumor_figshare/1178.mat,107495,3,2,Hipofiz tümörü,2,Hipofiz tümörü,evet,0.001019,0.000668,0.998313
1178,1179,brain_tumor_figshare/1179.mat,107495,3,2,Hipofiz tümörü,2,Hipofiz tümörü,evet,0.002532,0.001742,0.995725
1179,1180,brain_tumor_figshare/1180.mat,107495,3,2,Hipofiz tümörü,2,Hipofiz tümörü,evet,0.00323,0.000833,0.995937
1180,1181,brain_tumor_figshare/1181.mat,107495,3,2,Hipofiz tümörü,2,Hipofiz tümörü,evet,0.003461,0.00095,0.995589
1181,1182,brain_tumor_figshare/1182.mat,107429,1,2,Hipofiz tümörü,2,Hipofiz tümörü,evet,0.1798,0.02521,0.79499
1182,1183,brain_tumor_figshare/1183.mat,107429,1,2,Hipofiz tümörü,2,Hipofiz tümörü,evet,0.311491,0.003282,0.685228
1183,1184,brain_tumor_figshare/1184.mat,107429,1,2,Hipofiz tümörü,2,Hipofiz tümörü,evet,0.067046,0.002236,0.930718
1184,1185,brain_tumor_figshare/1185.mat,107429,1,2,Hipofiz tümörü,2,Hipofiz tümörü,evet,0.332523,0.02985,0.637627
1185,1186,brain_tumor_figshare/1186.mat,107429,1,2,Hipofiz tümörü,2,Hipofiz tümörü,evet,0.401338,0.0142,0.584463
1186,1187,brain_tumor_figshare/1187.mat,107429,1,2,Hipofiz tümörü,2,Hipofiz tümörü,evet,0.176478,0.001851,0.82167
1187,1188,brain_tumor_figshare/1188.mat,107429,1,2,Hipofiz tümörü,2,Hipofiz tümörü,evet,0.099566,0.007706,0.892728
1188,1189,brain_tumor_figshare/1189.mat,107505,5,2,Hipofiz tümörü,2,Hipofiz tümörü,evet,0.005027,6.9e-05,0.994904
1189,1190,brain_tumor_figshare/1190.mat,107505,5,2,Hipofiz tümörü,2,Hipofiz tümörü,evet,0.002843,0.000334,0.996824
1190,1191,brain_tumor_figshare/1191.mat,107505,5,2,Hipofiz tümörü,2,Hipofiz tümörü,evet,0.001451,0.000237,0.998311
1191,1192,brain_tumor_figshare/1192.mat,107505,5,2,Hipofiz tümörü,2,Hipofiz tümörü,evet,0.001981,0.001149,0.99687
1192,1193,brain_tumor_figshare/1193.mat,107505,5,2,Hipofiz tümörü,2,Hipofiz tümörü,evet,0.004199,0.000215,0.995586
1193,1194,brain_tumor_figshare/1194.mat,107743,5,2,Hipofiz tümörü,2,Hipofiz tümörü,evet,0.044614,0.010704,0.944682
1194,1195,brain_tumor_figshare/1195.mat,107743,5,2,Hipofiz tümörü,2,Hipofiz tümörü,evet,0.003024,0.000122,0.996854
1195,1196,brain_tumor_figshare/1196.mat,107743,5,2,Hipofiz tümörü,2,Hipofiz tümörü,evet,0.00121,0.000398,0.998392
1196,1197,brain_tumor_figshare/1197.mat,107743,5,2,Hipofiz tümörü,2,Hipofiz tümörü,evet,0.004228,0.000133,0.995639
1197,1198,brain_tumor_figshare/1198.mat,108858,1,2,Hipofiz tümörü,2,Hipofiz tümörü,evet,0.106264,0.002318,0.891418
1198,1199,brain_tumor_figshare/1199.mat,108858,1,2,Hipofiz tümörü,2,Hipofiz tümörü,evet,0.250175,0.007365,0.74246
1199,1200,brain_tumor_figshare/1200.mat,108858,1,2,Hipofiz tümörü,2,Hipofiz tümörü,evet,0.086684,0.00588,0.907435
1200,1201,brain_tumor_figshare/1201.mat,108858,1,2,Hipofiz tümörü,2,Hipofiz tümörü,evet,0.17129,0.004641,0.824068
1201,1202,brain_tumor_figshare/1202.mat,108858,1,2,Hipofiz tümörü,2,Hipofiz tümörü,evet,0.309662,0.025228,0.66511
1202,1203,brain_tumor_figshare/1203.mat,108931,4,2,Hipofiz tümörü,2,Hipofiz tümörü,evet,0.001343,1.4e-05,0.998644
1203,1204,brain_tumor_figshare/1204.mat,108931,4,2,Hipofiz tümörü,2,Hipofiz tümörü,evet,0.000646,7e-06,0.999347
1204,1205,brain_tumor_figshare/1205.mat,108931,4,2,Hipofiz tümörü,2,Hipofiz tümörü,evet,0.005232,1.5e-05,0.994753
1205,1206,brain_tumor_figshare/1206.mat,108931,4,2,Hipofiz tümörü,2,Hipofiz tümörü,evet,0.002993,5.3e-05,0.996954
1206,1207,brain_tumor_figshare/1207.mat,108931,4,2,Hipofiz tümörü,2,Hipofiz tümörü,evet,0.00543,6.7e-05,0.994503
1207,1208,brain_tumor_figshare/1208.mat,109471,3,2,Hipofiz tümörü,2,Hipofiz tümörü,evet,0.327911,0.011693,0.660396
1208,1209,brain_tumor_figshare/1209.mat,109471,3,2,Hipofiz tümörü,2,Hipofiz tümörü,evet,0.29032,0.001905,0.707775
1209,1210,brain_tumor_figshare/1210.mat,109471,3,2,Hipofiz tümörü,2,Hipofiz tümörü,evet,0.030917,0.00195,0.967134
1210,1211,brain_tumor_figshare/1211.mat,109471,3,2,Hipofiz tümörü,2,Hipofiz tümörü,evet,0.066701,0.006621,0.926678
1211,1212,brain_tumor_figshare/1212.mat,109471,3,2,Hipofiz tümörü,2,Hipofiz tümörü,evet,0.045602,0.00393,0.950467
1212,1213,brain_tumor_figshare/1213.mat,109471,3,2,Hipofiz tümörü,2,Hipofiz tümörü,evet,0.092429,0.004466,0.903105
1213,1214,brain_tumor_figshare/1214.mat,109769,2,2,Hipofiz tümörü,2,Hipofiz tümörü,evet,0.114733,8.1e-05,0.885185
1214,1215,brain_tumor_figshare/1215.mat,109769,2,2,Hipofiz tümörü,2,Hipofiz tümörü,evet,0.016476,9e-06,0.983515
1215,1216,brain_tumor_figshare/1216.mat,109769,2,2,Hipofiz tümörü,2,Hipofiz tümörü,evet,0.014444,0.000604,0.984953
1216,1217,brain_tumor_figshare/1217.mat,109769,2,2,Hipofiz tümörü,2,Hipofiz tümörü,evet,0.002843,1.1e-05,0.997146
1217,1218,brain_tumor_figshare/1218.mat,109769,2,2,Hipofiz tümörü,2,Hipofiz tümörü,evet,0.08102,3.1e-05,0.91895
1218,1219,brain_tumor_figshare/1219.mat,109898,3,2,Hipofiz tümörü,2,Hipofiz tümörü,evet,0.124339,0.014997,0.860664
1219,1220,brain_tumor_figshare/1220.mat,109898,3,2,Hipofiz tümörü,2,Hipofiz tümörü,evet,0.026021,0.006217,0.967762
1220,1221,brain_tumor_figshare/1221.mat,109898,3,2,Hipofiz tümörü,2,Hipofiz tümörü,evet,0.010061,0.414455,0.575483
1221,1222,brain_tumor_figshare/1222.mat,110518,2,2,Hipofiz tümörü,2,Hipofiz tümörü,evet,0.144895,0.017345,0.83776
1222,1223,brain_tumor_figshare/1223.mat,110518,2,2,Hipofiz tümörü,2,Hipofiz tümörü,evet,0.102552,0.007093,0.890355
1223,1224,brain_tumor_figshare/1224.mat,110518,2,2,Hipofiz tümörü,2,Hipofiz tümörü,evet,0.119863,0.173965,0.706172
1224,1225,brain_tumor_figshare/1225.mat,110518,2,2,Hipofiz tümörü,2,Hipofiz tümörü,evet,0.026259,0.02623,0.947511
1225,1226,brain_tumor_figshare/1226.mat,110537,5,2,Hipofiz tümörü,2,Hipofiz tümörü,evet,0.442102,0.056884,0.501014
1226,1227,brain_tumor_figshare/1227.mat,110537,5,2,Hipofiz tümörü,2,Hipofiz tümörü,evet,0.091944,0.000123,0.907934
1227,1228,brain_tumor_figshare/1228.mat,110537,5,2,Hipofiz tümörü,2,Hipofiz tümörü,evet,0.271989,0.003347,0.724664
1228,1229,brain_tumor_figshare/1229.mat,110537,5,2,Hipofiz tümörü,2,Hipofiz tümörü,evet,0.449232,0.022038,0.52873
1229,1230,brain_tumor_figshare/1230.mat,110993,4,2,Hipofiz tümörü,2,Hipofiz tümörü,evet,0.08016,0.012401,0.907439
1230,1231,brain_tumor_figshare/1231.mat,110993,4,2,Hipofiz tümörü,2,Hipofiz tümörü,evet,0.127937,0.011643,0.860421
1231,1232,brain_tumor_figshare/1232.mat,110993,4,2,Hipofiz tümörü,2,Hipofiz tümörü,evet,0.096009,0.001568,0.902423
1232,1233,brain_tumor_figshare/1233.mat,111075,2,2,Hipofiz tümörü,2,Hipofiz tümörü,evet,0.01513,3.7e-05,0.984833
1233,1234,brain_tumor_figshare/1234.mat,111075,2,2,Hipofiz tümörü,2,Hipofiz tümörü,evet,0.031642,0.000112,0.968247
1234,1235,brain_tumor_figshare/1235.mat,111075,2,2,Hipofiz tümörü,2,Hipofiz tümörü,evet,0.008705,0.000168,0.991127
1235,1236,brain_tumor_figshare/1236.mat,111075,2,2,Hipofiz tümörü,2,Hipofiz tümörü,evet,0.197088,0.009732,0.79318
1236,1237,brain_tumor_figshare/1237.mat,111075,2,2,Hipofiz tümörü,2,Hipofiz tümörü,evet,0.099801,0.003981,0.896218
1237,1238,brain_tumor_figshare/1238.mat,111125,5,2,Hipofiz tümörü,2,Hipofiz tümörü,evet,0.011345,1.8e-05,0.988637
1238,1239,brain_tumor_figshare/1239.mat,111125,5,2,Hipofiz tümörü,2,Hipofiz tümörü,evet,0.003486,0.000267,0.996247
1239,1240,brain_tumor_figshare/1240.mat,111125,5,2,Hipofiz tümörü,2,Hipofiz tümörü,evet,0.045285,0.003557,0.951158
1240,1241,brain_tumor_figshare/1241.mat,111125,5,2,Hipofiz tümörü,2,Hipofiz tümörü,evet,0.171925,0.00283,0.825245
1241,1242,brain_tumor_figshare/1242.mat,111785,5,2,Hipofiz tümörü,2,Hipofiz tümörü,evet,0.002013,0.001148,0.996839
1242,1243,brain_tumor_figshare/1243.mat,111785,5,2,Hipofiz tümörü,2,Hipofiz tümörü,evet,0.006265,0.008662,0.985073
1243,1244,brain_tumor_figshare/1244.mat,111785,5,2,Hipofiz tümörü,2,Hipofiz tümörü,evet,0.002027,0.000101,0.997872
1244,1245,brain_tumor_figshare/1245.mat,111785,5,2,Hipofiz tümörü,2,Hipofiz tümörü,evet,0.000595,9.1e-05,0.999313
1245,1246,brain_tumor_figshare/1246.mat,112074,1,2,Hipofiz tümörü,2,Hipofiz tümörü,evet,0.390801,0.119813,0.489386
1246,1247,brain_tumor_figshare/1247.mat,112074,1,2,Hipofiz tümörü,0,Meningiom,hayır,0.75205,0.006202,0.241749
1247,1248,brain_tumor_figshare/1248.mat,112074,1,2,Hipofiz tümörü,0,Meningiom,hayır,0.684108,0.05317,0.262723
1248,1249,brain_tumor_figshare/1249.mat,112074,1,2,Hipofiz tümörü,2,Hipofiz tümörü,evet,0.322374,0.01059,0.667037
1249,1250,brain_tumor_figshare/1250.mat,112074,1,2,Hipofiz tümörü,0,Meningiom,hayır,0.677523,0.058238,0.264239
1250,1251,brain_tumor_figshare/1251.mat,112649,5,2,Hipofiz tümörü,2,Hipofiz tümörü,evet,0.026126,0.002327,0.971547
1251,1252,brain_tumor_figshare/1252.mat,112649,5,2,Hipofiz tümörü,2,Hipofiz tümörü,evet,0.095248,0.000785,0.903967
1252,1253,brain_tumor_figshare/1253.mat,112649,5,2,Hipofiz tümörü,2,Hipofiz tümörü,evet,0.003881,0.004146,0.991972
1253,1254,brain_tumor_figshare/1254.mat,112649,5,2,Hipofiz tümörü,2,Hipofiz tümörü,evet,0.00863,2.6e-05,0.991344
1254,1255,brain_tumor_figshare/1255.mat,112649,5,2,Hipofiz tümörü,2,Hipofiz tümörü,evet,0.014322,0.000123,0.985554
1255,1256,brain_tumor_figshare/1256.mat,112746,1,2,Hipofiz tümörü,0,Meningiom,hayır,0.497609,0.010994,0.491398
1256,1257,brain_tumor_figshare/1257.mat,112746,1,2,Hipofiz tümörü,2,Hipofiz tümörü,evet,0.180037,0.003242,0.816721
1257,1258,brain_tumor_figshare/1258.mat,112746,1,2,Hipofiz tümörü,2,Hipofiz tümörü,evet,0.306957,0.037551,0.655492
1258,1259,brain_tumor_figshare/1259.mat,112746,1,2,Hipofiz tümörü,2,Hipofiz tümörü,evet,0.186753,0.026467,0.786781
1259,1260,brain_tumor_figshare/1260.mat,112746,1,2,Hipofiz tümörü,2,Hipofiz tümörü,evet,0.08019,0.025835,0.893975
1260,1261,brain_tumor_figshare/1261.mat,112847,5,2,Hipofiz tümörü,2,Hipofiz tümörü,evet,0.028361,0.003599,0.96804
1261,1262,brain_tumor_figshare/1262.mat,112847,5,2,Hipofiz tümörü,2,Hipofiz tümörü,evet,0.002075,0.00495,0.992976
1262,1263,brain_tumor_figshare/1263.mat,112847,5,2,Hipofiz tümörü,2,Hipofiz tümörü,evet,0.027608,0.003423,0.968969
1263,1264,brain_tumor_figshare/1264.mat,112847,5,2,Hipofiz tümörü,2,Hipofiz tümörü,evet,0.013411,0.009499,0.97709
1264,1265,brain_tumor_figshare/1265.mat,112847,5,2,Hipofiz tümörü,2,Hipofiz tümörü,evet,0.113859,0.075902,0.810239
1265,1266,brain_tumor_figshare/1266.mat,113274,3,2,Hipofiz tümörü,2,Hipofiz tümörü,evet,0.125088,0.22445,0.650462
1266,1267,brain_tumor_figshare/1267.mat,113274,3,2,Hipofiz tümörü,2,Hipofiz tümörü,evet,0.461173,0.017674,0.521154
1267,1268,brain_tumor_figshare/1268.mat,113274,3,2,Hipofiz tümörü,2,Hipofiz tümörü,evet,0.121962,0.039183,0.838855
1268,1269,brain_tumor_figshare/1269.mat,113274,3,2,Hipofiz tümörü,0,Meningiom,hayır,0.468033,0.094304,0.437663
1269,1270,brain_tumor_figshare/1270.mat,113741,3,2,Hipofiz tümörü,2,Hipofiz tümörü,evet,0.019977,0.001932,0.978091
1270,1271,brain_tumor_figshare/1271.mat,113741,3,2,Hipofiz tümörü,2,Hipofiz tümörü,evet,0.005782,0.000953,0.993265
1271,1272,brain_tumor_figshare/1272.mat,113741,3,2,Hipofiz tümörü,2,Hipofiz tümörü,evet,0.010712,0.00089,0.988399
1272,1273,brain_tumor_figshare/1273.mat,114040,4,2,Hipofiz tümörü,2,Hipofiz tümörü,evet,0.160365,0.044086,0.79555
1273,1274,brain_tumor_figshare/1274.mat,114040,4,2,Hipofiz tümörü,2,Hipofiz tümörü,evet,0.070927,0.048532,0.880541
1274,1275,brain_tumor_figshare/1275.mat,114040,4,2,Hipofiz tümörü,2,Hipofiz tümörü,evet,0.065787,0.022502,0.91171
1275,1276,brain_tumor_figshare/1276.mat,114361,4,2,Hipofiz tümörü,2,Hipofiz tümörü,evet,0.015478,0.000632,0.98389
1276,1277,brain_tumor_figshare/1277.mat,114361,4,2,Hipofiz tümörü,2,Hipofiz tümörü,evet,0.054645,0.027215,0.91814
1277,1278,brain_tumor_figshare/1278.mat,114361,4,2,Hipofiz tümörü,2,Hipofiz tümörü,evet,0.035268,0.044778,0.919954
1278,1279,brain_tumor_figshare/1279.mat,114094,1,2,Hipofiz tümörü,2,Hipofiz tümörü,evet,0.066513,0.011309,0.922178
1279,1280,brain_tumor_figshare/1280.mat,114094,1,2,Hipofiz tümörü,2,Hipofiz tümörü,evet,0.089615,0.022346,0.888039
1280,1281,brain_tumor_figshare/1281.mat,114094,1,2,Hipofiz tümörü,2,Hipofiz tümörü,evet,0.113599,0.010615,0.875786
1281,1282,brain_tumor_figshare/1282.mat,114094,1,2,Hipofiz tümörü,2,Hipofiz tümörü,evet,0.232798,0.017578,0.749623
1282,1283,brain_tumor_figshare/1283.mat,101029,1,2,Hipofiz tümörü,2,Hipofiz tümörü,evet,0.126627,0.02924,0.844133
1283,1284,brain_tumor_figshare/1284.mat,101029,1,2,Hipofiz tümörü,2,Hipofiz tümörü,evet,0.141948,0.030919,0.827133
1284,1285,brain_tumor_figshare/1285.mat,101145,2,2,Hipofiz tümörü,2,Hipofiz tümörü,evet,0.061323,0.000201,0.938476
1285,1286,brain_tumor_figshare/1286.mat,101145,2,2,Hipofiz tümörü,2,Hipofiz tümörü,evet,0.302871,0.00152,0.695609
1286,1287,brain_tumor_figshare/1287.mat,101145,2,2,Hipofiz tümörü,2,Hipofiz tümörü,evet,0.304844,0.000488,0.694668
1287,1288,brain_tumor_figshare/1288.mat,101145,2,2,Hipofiz tümörü,2,Hipofiz tümörü,evet,0.127551,4e-06,0.872445
1288,1289,brain_tumor_figshare/1289.mat,101305,3,2,Hipofiz tümörü,2,Hipofiz tümörü,evet,0.004149,0.002068,0.993783
1289,1290,brain_tumor_figshare/1290.mat,101305,3,2,Hipofiz tümörü,2,Hipofiz tümörü,evet,0.002482,0.000352,0.997165
1290,1291,brain_tumor_figshare/1291.mat,101305,3,2,Hipofiz tümörü,2,Hipofiz tümörü,evet,0.001526,0.000183,0.998291
1291,1292,brain_tumor_figshare/1292.mat,101305,3,2,Hipofiz tümörü,2,Hipofiz tümörü,evet,0.004835,2.1e-05,0.995144
1292,1293,brain_tumor_figshare/1293.mat,101724,2,2,Hipofiz tümörü,2,Hipofiz tümörü,evet,0.120943,0.000322,0.878735
1293,1294,brain_tumor_figshare/1294.mat,101724,2,2,Hipofiz tümörü,2,Hipofiz tümörü,evet,0.107395,3.9e-05,0.892566
1294,1295,brain_tumor_figshare/1295.mat,102648,2,2,Hipofiz tümörü,1,Gliom,hayır,0.041276,0.943638,0.015086
1295,1296,brain_tumor_figshare/1296.mat,102648,2,2,Hipofiz tümörü,1,Gliom,hayır,0.078698,0.801811,0.119491
1296,1297,brain_tumor_figshare/1297.mat,102648,2,2,Hipofiz tümörü,1,Gliom,hayır,0.006389,0.990258,0.003353
1297,1298,brain_tumor_figshare/1298.mat,102648,2,2,Hipofiz tümörü,1,Gliom,hayır,0.070757,0.906203,0.023041
1298,1299,brain_tumor_figshare/1299.mat,102648,2,2,Hipofiz tümörü,2,Hipofiz tümörü,evet,0.110739,0.088489,0.800772
1299,1300,brain_tumor_figshare/1300.mat,102648,2,2,Hipofiz tümörü,1,Gliom,hayır,0.009918,0.958962,0.03112
1300,1301,brain_tumor_figshare/1301.mat,103046,2,2,Hipofiz tümörü,2,Hipofiz tümörü,evet,0.054919,0.000297,0.944784
1301,1302,brain_tumor_figshare/1302.mat,103046,2,2,Hipofiz tümörü,2,Hipofiz tümörü,evet,0.024997,1.9e-05,0.974985
1302,1303,brain_tumor_figshare/1303.mat,103046,2,2,Hipofiz tümörü,2,Hipofiz tümörü,evet,0.003245,0.0,0.996755
1303,1304,brain_tumor_figshare/1304.mat,103257,4,2,Hipofiz tümörü,2,Hipofiz tümörü,evet,0.007088,5.2e-05,0.992861
1304,1305,brain_tumor_figshare/1305.mat,103257,4,2,Hipofiz tümörü,2,Hipofiz tümörü,evet,0.002385,2e-05,0.997596
1305,1306,brain_tumor_figshare/1306.mat,103257,4,2,Hipofiz tümörü,2,Hipofiz tümörü,evet,0.00879,0.000358,0.990852
1306,1307,brain_tumor_figshare/1307.mat,103257,4,2,Hipofiz tümörü,2,Hipofiz tümörü,evet,0.026901,0.001003,0.972096
1307,1308,brain_tumor_figshare/1308.mat,103257,4,2,Hipofiz tümörü,2,Hipofiz tümörü,evet,0.102094,0.013242,0.884664
1308,1309,brain_tumor_figshare/1309.mat,103257,4,2,Hipofiz tümörü,2,Hipofiz tümörü,evet,0.036134,0.000326,0.963541
1309,1310,brain_tumor_figshare/1310.mat,103478,5,2,Hipofiz tümörü,0,Meningiom,hayır,0.799292,0.054727,0.145981
1310,1311,brain_tumor_figshare/1311.mat,103478,5,2,Hipofiz tümörü,2,Hipofiz tümörü,evet,0.101326,0.001041,0.897633
1311,1312,brain_tumor_figshare/1312.mat,103478,5,2,Hipofiz tümörü,2,Hipofiz tümörü,evet,0.302522,0.001613,0.695865
1312,1313,brain_tumor_figshare/1313.mat,103478,5,2,Hipofiz tümörü,0,Meningiom,hayır,0.5815,0.063465,0.355035
1313,1314,brain_tumor_figshare/1314.mat,103478,5,2,Hipofiz tümörü,2,Hipofiz tümörü,evet,0.146994,0.001134,0.851872
1314,1315,brain_tumor_figshare/1315.mat,103478,5,2,Hipofiz tümörü,0,Meningiom,hayır,0.588338,0.037975,0.373687
1315,1316,brain_tumor_figshare/1316.mat,103478,5,2,Hipofiz tümörü,2,Hipofiz tümörü,evet,0.094288,0.088594,0.817118
1316,1317,brain_tumor_figshare/1317.mat,103582,3,2,Hipofiz tümörü,2,Hipofiz tümörü,evet,0.018328,0.000477,0.981195
1317,1318,brain_tumor_figshare/1318.mat,103582,3,2,Hipofiz tümörü,2,Hipofiz tümörü,evet,0.096836,0.002978,0.900186
1318,1319,brain_tumor_figshare/1319.mat,103582,3,2,Hipofiz tümörü,2,Hipofiz tümörü,evet,0.014309,3e-05,0.98566
1319,1320,brain_tumor_figshare/1320.mat,103582,3,2,Hipofiz tümörü,2,Hipofiz tümörü,evet,0.004892,0.000104,0.995004
1320,1321,brain_tumor_figshare/1321.mat,103582,3,2,Hipofiz tümörü,2,Hipofiz tümörü,evet,0.012995,2.7e-05,0.986978
1321,1322,brain_tumor_figshare/1322.mat,103582,3,2,Hipofiz tümörü,2,Hipofiz tümörü,evet,0.007618,0.000311,0.992071
1322,1323,brain_tumor_figshare/1323.mat,103670,5,2,Hipofiz tümörü,2,Hipofiz tümörü,evet,0.000119,0.0,0.99988
1323,1324,brain_tumor_figshare/1324.mat,103670,5,2,Hipofiz tümörü,2,Hipofiz tümörü,evet,0.006971,7e-06,0.993022
1324,1325,brain_tumor_figshare/1325.mat,103670,5,2,Hipofiz tümörü,2,Hipofiz tümörü,evet,0.00671,2e-06,0.993288
1325,1326,brain_tumor_figshare/1326.mat,103671,1,2,Hipofiz tümörü,2,Hipofiz tümörü,evet,0.288021,0.048905,0.663073
1326,1327,brain_tumor_figshare/1327.mat,103671,1,2,Hipofiz tümörü,0,Meningiom,hayır,0.476596,0.143366,0.380038
1327,1328,brain_tumor_figshare/1328.mat,103671,1,2,Hipofiz tümörü,0,Meningiom,hayır,0.653807,0.091159,0.255034
1328,1329,brain_tumor_figshare/1329.mat,103671,1,2,Hipofiz tümörü,2,Hipofiz tümörü,evet,0.404347,0.126889,0.468764
1329,1330,brain_tumor_figshare/1330.mat,103731,4,2,Hipofiz tümörü,2,Hipofiz tümörü,evet,0.017899,0.016126,0.965975
1330,1331,brain_tumor_figshare/1331.mat,103731,4,2,Hipofiz tümörü,2,Hipofiz tümörü,evet,0.017293,0.000809,0.981898
1331,1332,brain_tumor_figshare/1332.mat,103731,4,2,Hipofiz tümörü,2,Hipofiz tümörü,evet,0.003456,0.000805,0.995739
1332,1333,brain_tumor_figshare/1333.mat,103731,4,2,Hipofiz tümörü,2,Hipofiz tümörü,evet,0.003597,0.000325,0.996078
1333,1334,brain_tumor_figshare/1334.mat,103731,4,2,Hipofiz tümörü,2,Hipofiz tümörü,evet,0.019586,0.005043,0.975371
1334,1335,brain_tumor_figshare/1335.mat,103731,4,2,Hipofiz tümörü,2,Hipofiz tümörü,evet,0.011566,0.001371,0.987063
1335,1336,brain_tumor_figshare/1336.mat,103731,4,2,Hipofiz tümörü,2,Hipofiz tümörü,evet,0.009552,0.001736,0.988712
1336,1337,brain_tumor_figshare/1337.mat,103731,4,2,Hipofiz tümörü,2,Hipofiz tümörü,evet,0.005698,0.00118,0.993122
1337,1338,brain_tumor_figshare/1338.mat,103731,4,2,Hipofiz tümörü,2,Hipofiz tümörü,evet,0.005186,0.00133,0.993484
1338,1339,brain_tumor_figshare/1339.mat,103731,4,2,Hipofiz tümörü,2,Hipofiz tümörü,evet,0.001532,0.000687,0.997781
1339,1340,brain_tumor_figshare/1340.mat,103837,2,2,Hipofiz tümörü,2,Hipofiz tümörü,evet,0.014609,3e-06,0.985388
1340,1341,brain_tumor_figshare/1341.mat,103837,2,2,Hipofiz tümörü,2,Hipofiz tümörü,evet,0.050134,2.3e-05,0.949843
1341,1342,brain_tumor_figshare/1342.mat,103837,2,2,Hipofiz tümörü,2,Hipofiz tümörü,evet,0.021677,5.8e-05,0.978265
1342,1343,brain_tumor_figshare/1343.mat,103837,2,2,Hipofiz tümörü,2,Hipofiz tümörü,evet,0.057023,0.000237,0.94274
1343,1344,brain_tumor_figshare/1344.mat,103837,2,2,Hipofiz tümörü,2,Hipofiz tümörü,evet,0.087883,0.000316,0.911801
1344,1345,brain_tumor_figshare/1345.mat,103837,2,2,Hipofiz tümörü,2,Hipofiz tümörü,evet,0.407257,0.000866,0.591878
1345,1346,brain_tumor_figshare/1346.mat,103837,2,2,Hipofiz tümörü,2,Hipofiz tümörü,evet,0.317088,7.3e-05,0.682839
1346,1347,brain_tumor_figshare/1347.mat,103837,2,2,Hipofiz tümörü,2,Hipofiz tümörü,evet,0.134573,4e-06,0.865423
1347,1348,brain_tumor_figshare/1348.mat,104019,4,2,Hipofiz tümörü,2,Hipofiz tümörü,evet,0.083332,0.00203,0.914637
1348,1349,brain_tumor_figshare/1349.mat,104019,4,2,Hipofiz tümörü,2,Hipofiz tümörü,evet,0.00687,0.00027,0.99286
1349,1350,brain_tumor_figshare/1350.mat,104019,4,2,Hipofiz tümörü,2,Hipofiz tümörü,evet,0.021309,0.00186,0.976831
1350,1351,brain_tumor_figshare/1351.mat,104019,4,2,Hipofiz tümörü,2,Hipofiz tümörü,evet,0.011125,0.000722,0.988153
1351,1352,brain_tumor_figshare/1352.mat,104558,2,2,Hipofiz tümörü,2,Hipofiz tümörü,evet,0.352267,0.120144,0.52759
1352,1353,brain_tumor_figshare/1353.mat,104558,2,2,Hipofiz tümörü,1,Gliom,hayır,0.084043,0.532059,0.383898
1353,1354,brain_tumor_figshare/1354.mat,104558,2,2,Hipofiz tümörü,2,Hipofiz tümörü,evet,0.072263,0.010442,0.917295
1354,1355,brain_tumor_figshare/1355.mat,104558,2,2,Hipofiz tümörü,2,Hipofiz tümörü,evet,0.150685,0.000683,0.848632
1355,1356,brain_tumor_figshare/1356.mat,104558,2,2,Hipofiz tümörü,2,Hipofiz tümörü,evet,0.289253,0.000669,0.710078
1356,1357,brain_tumor_figshare/1357.mat,104558,2,2,Hipofiz tümörü,2,Hipofiz tümörü,evet,0.092935,0.000239,0.906826
1357,1358,brain_tumor_figshare/1358.mat,104558,2,2,Hipofiz tümörü,2,Hipofiz tümörü,evet,0.044077,0.000267,0.955655
1358,1359,brain_tumor_figshare/1359.mat,104558,2,2,Hipofiz tümörü,2,Hipofiz tümörü,evet,0.010891,0.000201,0.988908
1359,1360,brain_tumor_figshare/1360.mat,104684,3,2,Hipofiz tümörü,2,Hipofiz tümörü,evet,8.8e-05,0.0,0.999912
1360,1361,brain_tumor_figshare/1361.mat,104684,3,2,Hipofiz tümörü,2,Hipofiz tümörü,evet,8.7e-05,0.0,0.999912
1361,1362,brain_tumor_figshare/1362.mat,104684,3,2,Hipofiz tümörü,2,Hipofiz tümörü,evet,7.9e-05,1e-06,0.99992
1362,1363,brain_tumor_figshare/1363.mat,104684,3,2,Hipofiz tümörü,2,Hipofiz tümörü,evet,0.009226,0.002379,0.988394
1363,1364,brain_tumor_figshare/1364.mat,104684,3,2,Hipofiz tümörü,2,Hipofiz tümörü,evet,0.00822,0.000645,0.991136
1364,1365,brain_tumor_figshare/1365.mat,104684,3,2,Hipofiz tümörü,2,Hipofiz tümörü,evet,0.000662,2e-06,0.999336
1365,1366,brain_tumor_figshare/1366.mat,104684,3,2,Hipofiz tümörü,2,Hipofiz tümörü,evet,0.002627,0.000513,0.99686
1366,1367,brain_tumor_figshare/1367.mat,104684,3,2,Hipofiz tümörü,2,Hipofiz tümörü,evet,0.002641,0.000539,0.99682
1367,1368,brain_tumor_figshare/1368.mat,104684,3,2,Hipofiz tümörü,2,Hipofiz tümörü,evet,0.005091,1.1e-05,0.994898
1368,1369,brain_tumor_figshare/1369.mat,104912,5,2,Hipofiz tümörü,2,Hipofiz tümörü,evet,0.008432,0.0,0.991568
1369,1370,brain_tumor_figshare/1370.mat,104912,5,2,Hipofiz tümörü,2,Hipofiz tümörü,evet,0.000673,0.0,0.999327
1370,1371,brain_tumor_figshare/1371.mat,104912,5,2,Hipofiz tümörü,2,Hipofiz tümörü,evet,6.4e-05,0.0,0.999936
1371,1372,brain_tumor_figshare/1372.mat,104912,5,2,Hipofiz tümörü,2,Hipofiz tümörü,evet,0.000335,0.0,0.999665
1372,1373,brain_tumor_figshare/1373.mat,104912,5,2,Hipofiz tümörü,2,Hipofiz tümörü,evet,5.1e-05,0.0,0.999949
1373,1374,brain_tumor_figshare/1374.mat,105187,1,2,Hipofiz tümörü,2,Hipofiz tümörü,evet,0.061147,0.002322,0.936531
1374,1375,brain_tumor_figshare/1375.mat,105187,1,2,Hipofiz tümörü,2,Hipofiz tümörü,evet,0.093339,0.005132,0.901529
1375,1376,brain_tumor_figshare/1376.mat,105187,1,2,Hipofiz tümörü,2,Hipofiz tümörü,evet,0.192821,0.057319,0.74986
1376,1377,brain_tumor_figshare/1377.mat,105187,1,2,Hipofiz tümörü,2,Hipofiz tümörü,evet,0.251091,0.040941,0.707968
1377,1378,brain_tumor_figshare/1378.mat,105475,1,2,Hipofiz tümörü,2,Hipofiz tümörü,evet,0.280822,0.001117,0.718062
1378,1379,brain_tumor_figshare/1379.mat,105475,1,2,Hipofiz tümörü,2,Hipofiz tümörü,evet,0.148721,0.14846,0.702819
1379,1380,brain_tumor_figshare/1380.mat,105538,4,2,Hipofiz tümörü,0,Meningiom,hayır,0.679177,0.194763,0.126059
1380,1381,brain_tumor_figshare/1381.mat,105538,4,2,Hipofiz tümörü,0,Meningiom,hayır,0.700158,0.035273,0.264569
1381,1382,brain_tumor_figshare/1382.mat,105538,4,2,Hipofiz tümörü,0,Meningiom,hayır,0.695587,0.125215,0.179198
1382,1383,brain_tumor_figshare/1383.mat,105638,4,2,Hipofiz tümörü,2,Hipofiz tümörü,evet,0.002347,5.2e-05,0.997601
1383,1384,brain_tumor_figshare/1384.mat,105638,4,2,Hipofiz tümörü,2,Hipofiz tümörü,evet,0.003056,0.000198,0.996746
1384,1385,brain_tumor_figshare/1385.mat,105638,4,2,Hipofiz tümörü,2,Hipofiz tümörü,evet,0.003485,1.4e-05,0.996501
1385,1386,brain_tumor_figshare/1386.mat,97416,4,2,Hipofiz tümörü,2,Hipofiz tümörü,evet,0.082423,0.006217,0.91136
1386,1387,brain_tumor_figshare/1387.mat,97416,4,2,Hipofiz tümörü,2,Hipofiz tümörü,evet,0.091849,0.023626,0.884525
1387,1388,brain_tumor_figshare/1388.mat,97416,4,2,Hipofiz tümörü,2,Hipofiz tümörü,evet,0.126254,0.015289,0.858457
1388,1389,brain_tumor_figshare/1389.mat,97416,4,2,Hipofiz tümörü,2,Hipofiz tümörü,evet,0.226601,0.008512,0.764887
1389,1390,brain_tumor_figshare/1390.mat,97416,4,2,Hipofiz tümörü,2,Hipofiz tümörü,evet,0.106158,0.00355,0.890291
1390,1391,brain_tumor_figshare/1391.mat,97416,4,2,Hipofiz tümörü,2,Hipofiz tümörü,evet,0.24045,0.024615,0.734935
1391,1392,brain_tumor_figshare/1392.mat,97416,4,2,Hipofiz tümörü,2,Hipofiz tümörü,evet,0.089544,0.007459,0.902997
1392,1393,brain_tumor_figshare/1393.mat,97416,4,2,Hipofiz tümörü,2,Hipofiz tümörü,evet,0.105099,0.013096,0.881805
1393,1394,brain_tumor_figshare/1394.mat,97416,4,2,Hipofiz tümörü,2,Hipofiz tümörü,evet,0.050871,0.011766,0.937363
1394,1395,brain_tumor_figshare/1395.mat,97461,3,2,Hipofiz tümörü,2,Hipofiz tümörü,evet,0.045807,0.047193,0.907
1395,1396,brain_tumor_figshare/1396.mat,97461,3,2,Hipofiz tümörü,2,Hipofiz tümörü,evet,0.025959,0.014134,0.959907
1396,1397,brain_tumor_figshare/1397.mat,97461,3,2,Hipofiz tümörü,2,Hipofiz tümörü,evet,0.003363,3e-06,0.996635
1397,1398,brain_tumor_figshare/1398.mat,97461,3,2,Hipofiz tümörü,2,Hipofiz tümörü,evet,0.001482,7.1e-05,0.998448
1398,1399,brain_tumor_figshare/1399.mat,97461,3,2,Hipofiz tümörü,2,Hipofiz tümörü,evet,0.017549,0.000204,0.982247
1399,1400,brain_tumor_figshare/1400.mat,97461,3,2,Hipofiz tümörü,2,Hipofiz tümörü,evet,0.082311,5.2e-05,0.917638
1400,1401,brain_tumor_figshare/1401.mat,97461,3,2,Hipofiz tümörü,2,Hipofiz tümörü,evet,0.021138,9.7e-05,0.978765
1401,1402,brain_tumor_figshare/1402.mat,97461,3,2,Hipofiz tümörü,2,Hipofiz tümörü,evet,0.023017,0.000583,0.9764
1402,1403,brain_tumor_figshare/1403.mat,97461,3,2,Hipofiz tümörü,2,Hipofiz tümörü,evet,0.004335,0.000286,0.995379
1403,1404,brain_tumor_figshare/1404.mat,97481,2,2,Hipofiz tümörü,2,Hipofiz tümörü,evet,0.322865,0.19167,0.485465
1404,1405,brain_tumor_figshare/1405.mat,97481,2,2,Hipofiz tümörü,2,Hipofiz tümörü,evet,0.280244,0.007653,0.712102
1405,1406,brain_tumor_figshare/1406.mat,97481,2,2,Hipofiz tümörü,2,Hipofiz tümörü,evet,0.117629,0.003733,0.878638
1406,1407,brain_tumor_figshare/1407.mat,97481,2,2,Hipofiz tümörü,2,Hipofiz tümörü,evet,0.006065,9.5e-05,0.99384
1407,1408,brain_tumor_figshare/1408.mat,97599,2,2,Hipofiz tümörü,0,Meningiom,hayır,0.655104,0.291371,0.053525
1408,1409,brain_tumor_figshare/1409.mat,97599,2,2,Hipofiz tümörü,2,Hipofiz tümörü,evet,0.208101,0.000551,0.791348
1409,1410,brain_tumor_figshare/1410.mat,97890,1,2,Hipofiz tümörü,2,Hipofiz tümörü,evet,0.292372,0.054376,0.653253
1410,1411,brain_tumor_figshare/1411.mat,97890,1,2,Hipofiz tümörü,2,Hipofiz tümörü,evet,0.153028,0.001001,0.845971
1411,1412,brain_tumor_figshare/1412.mat,97890,1,2,Hipofiz tümörü,2,Hipofiz tümörü,evet,0.081515,0.051286,0.867199
1412,1413,brain_tumor_figshare/1413.mat,97890,1,2,Hipofiz tümörü,2,Hipofiz tümörü,evet,0.048413,0.017952,0.933635
1413,1414,brain_tumor_figshare/1414.mat,98472,3,2,Hipofiz tümörü,2,Hipofiz tümörü,evet,0.001181,0.0,0.998819
1414,1415,brain_tumor_figshare/1415.mat,98472,3,2,Hipofiz tümörü,2,Hipofiz tümörü,evet,0.001683,4e-06,0.998313
1415,1416,brain_tumor_figshare/1416.mat,98472,3,2,Hipofiz tümörü,2,Hipofiz tümörü,evet,0.001938,1.4e-05,0.998047
1416,1417,brain_tumor_figshare/1417.mat,98472,3,2,Hipofiz tümörü,2,Hipofiz tümörü,evet,0.034678,4.8e-05,0.965275
1417,1418,brain_tumor_figshare/1418.mat,98472,3,2,Hipofiz tümörü,2,Hipofiz tümörü,evet,0.018322,1.7e-05,0.981661
1418,1419,brain_tumor_figshare/1419.mat,98472,3,2,Hipofiz tümörü,2,Hipofiz tümörü,evet,0.025232,4.1e-05,0.974727
1419,1420,brain_tumor_figshare/1420.mat,98472,3,2,Hipofiz tümörü,2,Hipofiz tümörü,evet,0.042786,0.000106,0.957108
1420,1421,brain_tumor_figshare/1421.mat,98652,3,2,Hipofiz tümörü,2,Hipofiz tümörü,evet,0.013606,6e-05,0.986334
1421,1422,brain_tumor_figshare/1422.mat,98652,3,2,Hipofiz tümörü,2,Hipofiz tümörü,evet,0.007805,0.000204,0.991991
1422,1423,brain_tumor_figshare/1423.mat,98652,3,2,Hipofiz tümörü,2,Hipofiz tümörü,evet,0.078523,0.000263,0.921214
1423,1424,brain_tumor_figshare/1424.mat,98871,4,2,Hipofiz tümörü,2,Hipofiz tümörü,evet,0.035557,0.002273,0.96217
1424,1425,brain_tumor_figshare/1425.mat,98871,4,2,Hipofiz tümörü,2,Hipofiz tümörü,evet,0.048481,0.005101,0.946418
1425,1426,brain_tumor_figshare/1426.mat,98871,4,2,Hipofiz tümörü,2,Hipofiz tümörü,evet,0.069736,0.009489,0.920775
1426,1427,brain_tumor_figshare/1427.mat,98871,4,2,Hipofiz tümörü,2,Hipofiz tümörü,evet,0.075038,0.001096,0.923865
1427,1428,brain_tumor_figshare/1428.mat,98871,4,2,Hipofiz tümörü,2,Hipofiz tümörü,evet,0.056474,0.007341,0.936185
1428,1429,brain_tumor_figshare/1429.mat,98871,4,2,Hipofiz tümörü,2,Hipofiz tümörü,evet,0.048355,0.004454,0.947191
1429,1430,brain_tumor_figshare/1430.mat,98874,1,2,Hipofiz tümörü,2,Hipofiz tümörü,evet,0.274419,0.016228,0.709352
1430,1431,brain_tumor_figshare/1431.mat,98874,1,2,Hipofiz tümörü,2,Hipofiz tümörü,evet,0.125606,0.000912,0.873482
1431,1432,brain_tumor_figshare/1432.mat,98874,1,2,Hipofiz tümörü,2,Hipofiz tümörü,evet,0.098544,0.003349,0.898107
1432,1433,brain_tumor_figshare/1433.mat,98874,1,2,Hipofiz tümörü,2,Hipofiz tümörü,evet,0.190848,0.005908,0.803244
1433,1434,brain_tumor_figshare/1434.mat,98874,1,2,Hipofiz tümörü,2,Hipofiz tümörü,evet,0.080401,0.009296,0.910304
1434,1435,brain_tumor_figshare/1435.mat,98992,5,2,Hipofiz tümörü,2,Hipofiz tümörü,evet,0.43099,0.023119,0.545891
1435,1436,brain_tumor_figshare/1436.mat,98992,5,2,Hipofiz tümörü,2,Hipofiz tümörü,evet,0.204358,0.000876,0.794766
1436,1437,brain_tumor_figshare/1437.mat,98992,5,2,Hipofiz tümörü,0,Meningiom,hayır,0.501581,0.16693,0.331489
1437,1438,brain_tumor_figshare/1438.mat,98992,5,2,Hipofiz tümörü,2,Hipofiz tümörü,evet,0.043181,0.00111,0.955709
1438,1439,brain_tumor_figshare/1439.mat,98992,5,2,Hipofiz tümörü,2,Hipofiz tümörü,evet,0.218983,0.363573,0.417444
1439,1440,brain_tumor_figshare/1440.mat,98992,5,2,Hipofiz tümörü,1,Gliom,hayır,0.142639,0.636309,0.221053
1440,1441,brain_tumor_figshare/1441.mat,98992,5,2,Hipofiz tümörü,1,Gliom,hayır,0.346649,0.371254,0.282097
1441,1442,brain_tumor_figshare/1442.mat,98995,4,2,Hipofiz tümörü,2,Hipofiz tümörü,evet,0.006427,0.000617,0.992956
1442,1443,brain_tumor_figshare/1443.mat,98995,4,2,Hipofiz tümörü,2,Hipofiz tümörü,evet,0.025321,0.002296,0.972383
1443,1444,brain_tumor_figshare/1444.mat,98995,4,2,Hipofiz tümörü,2,Hipofiz tümörü,evet,0.01246,0.000377,0.987164
1444,1445,brain_tumor_figshare/1445.mat,98995,4,2,Hipofiz tümörü,2,Hipofiz tümörü,evet,0.022015,0.002424,0.975561
1445,1446,brain_tumor_figshare/1446.mat,98995,4,2,Hipofiz tümörü,2,Hipofiz tümörü,evet,0.033744,0.000187,0.966069
1446,1447,brain_tumor_figshare/1447.mat,99223,1,2,Hipofiz tümörü,0,Meningiom,hayır,0.572,0.242548,0.185453
1447,1448,brain_tumor_figshare/1448.mat,99223,1,2,Hipofiz tümörü,0,Meningiom,hayır,0.484927,0.212372,0.302701
1448,1449,brain_tumor_figshare/1449.mat,99223,1,2,Hipofiz tümörü,2,Hipofiz tümörü,evet,0.348453,0.183738,0.467809
1449,1450,brain_tumor_figshare/1450.mat,99223,1,2,Hipofiz tümörü,2,Hipofiz tümörü,evet,0.293031,0.054627,0.652342
1450,1451,brain_tumor_figshare/1451.mat,99223,1,2,Hipofiz tümörü,2,Hipofiz tümörü,evet,0.161266,0.155555,0.683179
1451,1452,brain_tumor_figshare/1452.mat,99223,1,2,Hipofiz tümörü,2,Hipofiz tümörü,evet,0.08513,0.03991,0.87496
1452,1453,brain_tumor_figshare/1453.mat,99223,1,2,Hipofiz tümörü,2,Hipofiz tümörü,evet,0.067851,0.06496,0.867189
1453,1454,brain_tumor_figshare/1454.mat,99223,1,2,Hipofiz tümörü,2,Hipofiz tümörü,evet,0.104256,0.034712,0.861032
1454,1455,brain_tumor_figshare/1455.mat,99223,1,2,Hipofiz tümörü,2,Hipofiz tümörü,evet,0.016752,0.027046,0.956202
1455,1456,brain_tumor_figshare/1456.mat,101017,2,2,Hipofiz tümörü,2,Hipofiz tümörü,evet,0.083127,0.000219,0.916654
1456,1457,brain_tumor_figshare/1457.mat,101017,2,2,Hipofiz tümörü,2,Hipofiz tümörü,evet,0.112749,0.000306,0.886945
1457,1458,brain_tumor_figshare/1458.mat,101017,2,2,Hipofiz tümörü,2,Hipofiz tümörü,evet,0.024177,0.000251,0.975572
1458,1459,brain_tumor_figshare/1459.mat,101017,2,2,Hipofiz tümörü,2,Hipofiz tümörü,evet,0.025401,0.00036,0.97424
1459,1460,brain_tumor_figshare/1460.mat,101017,2,2,Hipofiz tümörü,2,Hipofiz tümörü,evet,0.166255,0.000164,0.833581
1460,1461,brain_tumor_figshare/1461.mat,101017,2,2,Hipofiz tümörü,2,Hipofiz tümörü,evet,0.119739,9.1e-05,0.88017
1461,1462,brain_tumor_figshare/1462.mat,101029,1,2,Hipofiz tümörü,2,Hipofiz tümörü,evet,0.010206,0.000527,0.989267
1462,1463,brain_tumor_figshare/1463.mat,101029,1,2,Hipofiz tümörü,2,Hipofiz tümörü,evet,0.002868,7.6e-05,0.997057
1463,1464,brain_tumor_figshare/1464.mat,101029,1,2,Hipofiz tümörü,2,Hipofiz tümörü,evet,0.004996,8.7e-05,0.994917
1464,1465,brain_tumor_figshare/1465.mat,101029,1,2,Hipofiz tümörü,2,Hipofiz tümörü,evet,0.002019,5.6e-05,0.997924
1465,1466,brain_tumor_figshare/1466.mat,101029,1,2,Hipofiz tümörü,2,Hipofiz tümörü,evet,0.006082,0.000787,0.993132
1466,1467,brain_tumor_figshare/1467.mat,101029,1,2,Hipofiz tümörü,2,Hipofiz tümörü,evet,0.017859,0.000329,0.981812
1467,1468,brain_tumor_figshare/1468.mat,101145,2,2,Hipofiz tümörü,2,Hipofiz tümörü,evet,0.027166,0.000873,0.97196
1468,1469,brain_tumor_figshare/1469.mat,101145,2,2,Hipofiz tümörü,2,Hipofiz tümörü,evet,0.020733,4.2e-05,0.979225
1469,1470,brain_tumor_figshare/1470.mat,101145,2,2,Hipofiz tümörü,2,Hipofiz tümörü,evet,0.011326,1.7e-05,0.988657
1470,1471,brain_tumor_figshare/1471.mat,101145,2,2,Hipofiz tümörü,2,Hipofiz tümörü,evet,0.020487,1.3e-05,0.9795
1471,1472,brain_tumor_figshare/1472.mat,101305,3,2,Hipofiz tümörü,2,Hipofiz tümörü,evet,0.002027,1.1e-05,0.997962
1472,1473,brain_tumor_figshare/1473.mat,101305,3,2,Hipofiz tümörü,2,Hipofiz tümörü,evet,0.003847,7e-06,0.996146
1473,1474,brain_tumor_figshare/1474.mat,101305,3,2,Hipofiz tümörü,2,Hipofiz tümörü,evet,0.003046,0.000136,0.996817
1474,1475,brain_tumor_figshare/1475.mat,101305,3,2,Hipofiz tümörü,2,Hipofiz tümörü,evet,0.006012,2.5e-05,0.993963
1475,1476,brain_tumor_figshare/1476.mat,101305,3,2,Hipofiz tümörü,2,Hipofiz tümörü,evet,0.00369,0.000557,0.995753
1476,1477,brain_tumor_figshare/1477.mat,101305,3,2,Hipofiz tümörü,2,Hipofiz tümörü,evet,0.001196,1.4e-05,0.998789
1477,1478,brain_tumor_figshare/1478.mat,101305,3,2,Hipofiz tümörü,2,Hipofiz tümörü,evet,2e-05,1e-06,0.999979
1478,1479,brain_tumor_figshare/1479.mat,101305,3,2,Hipofiz tümörü,2,Hipofiz tümörü,evet,0.001248,0.000207,0.998545
1479,1480,brain_tumor_figshare/1480.mat,101724,2,2,Hipofiz tümörü,2,Hipofiz tümörü,evet,0.034187,1.4e-05,0.965799
1480,1481,brain_tumor_figshare/1481.mat,101724,2,2,Hipofiz tümörü,2,Hipofiz tümörü,evet,0.009622,2.1e-05,0.990357
1481,1482,brain_tumor_figshare/1482.mat,101724,2,2,Hipofiz tümörü,2,Hipofiz tümörü,evet,0.004013,4.7e-05,0.99594
1482,1483,brain_tumor_figshare/1483.mat,102648,2,2,Hipofiz tümörü,2,Hipofiz tümörü,evet,0.003943,0.175214,0.820843
1483,1484,brain_tumor_figshare/1484.mat,102648,2,2,Hipofiz tümörü,2,Hipofiz tümörü,evet,0.006596,0.011805,0.9816
1484,1485,brain_tumor_figshare/1485.mat,102648,2,2,Hipofiz tümörü,2,Hipofiz tümörü,evet,0.01114,0.004343,0.984517
1485,1486,brain_tumor_figshare/1486.mat,102648,2,2,Hipofiz tümörü,2,Hipofiz tümörü,evet,0.010157,0.002837,0.987005
1486,1487,brain_tumor_figshare/1487.mat,102669,5,2,Hipofiz tümörü,2,Hipofiz tümörü,evet,0.002118,0.000291,0.997591
1487,1488,brain_tumor_figshare/1488.mat,102669,5,2,Hipofiz tümörü,2,Hipofiz tümörü,evet,0.000327,6e-06,0.999667
1488,1489,brain_tumor_figshare/1489.mat,103046,2,2,Hipofiz tümörü,2,Hipofiz tümörü,evet,0.002239,2.1e-05,0.99774
1489,1490,brain_tumor_figshare/1490.mat,103046,2,2,Hipofiz tümörü,2,Hipofiz tümörü,evet,0.004669,1.7e-05,0.995314
1490,1491,brain_tumor_figshare/1491.mat,103046,2,2,Hipofiz tümörü,2,Hipofiz tümörü,evet,0.024444,1.9e-05,0.975537
1491,1492,brain_tumor_figshare/1492.mat,103046,2,2,Hipofiz tümörü,2,Hipofiz tümörü,evet,0.009475,6e-06,0.99052
1492,1493,brain_tumor_figshare/1493.mat,103257,4,2,Hipofiz tümörü,2,Hipofiz tümörü,evet,0.004738,1.2e-05,0.99525
1493,1494,brain_tumor_figshare/1494.mat,103257,4,2,Hipofiz tümörü,2,Hipofiz tümörü,evet,0.001501,3e-06,0.998497
1494,1495,brain_tumor_figshare/1495.mat,103257,4,2,Hipofiz tümörü,2,Hipofiz tümörü,evet,0.013287,7e-05,0.986643
1495,1496,brain_tumor_figshare/1496.mat,103257,4,2,Hipofiz tümörü,2,Hipofiz tümörü,evet,0.030368,0.000197,0.969434
1496,1497,brain_tumor_figshare/1497.mat,103257,4,2,Hipofiz tümörü,2,Hipofiz tümörü,evet,0.014022,0.000313,0.985665
1497,1498,brain_tumor_figshare/1498.mat,103478,5,2,Hipofiz tümörü,0,Meningiom,hayır,0.649951,0.040087,0.309961
1498,1499,brain_tumor_figshare/1499.mat,103478,5,2,Hipofiz tümörü,2,Hipofiz tümörü,evet,0.252773,0.001232,0.745995
1499,1500,brain_tumor_figshare/1500.mat,103478,5,2,Hipofiz tümörü,2,Hipofiz tümörü,evet,0.009494,9.9e-05,0.990407
1500,1501,brain_tumor_figshare/1501.mat,103478,5,2,Hipofiz tümörü,2,Hipofiz tümörü,evet,0.002277,2e-06,0.997721
1501,1502,brain_tumor_figshare/1502.mat,103478,5,2,Hipofiz tümörü,2,Hipofiz tümörü,evet,0.031674,0.000732,0.967594
1502,1503,brain_tumor_figshare/1503.mat,103478,5,2,Hipofiz tümörü,2,Hipofiz tümörü,evet,0.035753,0.000644,0.963603
1503,1504,brain_tumor_figshare/1504.mat,103478,5,2,Hipofiz tümörü,2,Hipofiz tümörü,evet,0.004666,9e-06,0.995325
1504,1505,brain_tumor_figshare/1505.mat,103478,5,2,Hipofiz tümörü,2,Hipofiz tümörü,evet,0.013049,5.6e-05,0.986894
1505,1506,brain_tumor_figshare/1506.mat,103582,3,2,Hipofiz tümörü,2,Hipofiz tümörü,evet,0.032094,7e-06,0.967899
1506,1507,brain_tumor_figshare/1507.mat,103582,3,2,Hipofiz tümörü,2,Hipofiz tümörü,evet,0.141629,3e-05,0.858341
1507,1508,brain_tumor_figshare/1508.mat,103582,3,2,Hipofiz tümörü,2,Hipofiz tümörü,evet,0.00935,3.6e-05,0.990614
1508,1509,brain_tumor_figshare/1509.mat,103582,3,2,Hipofiz tümörü,2,Hipofiz tümörü,evet,0.163249,0.000125,0.836626
1509,1510,brain_tumor_figshare/1510.mat,103582,3,2,Hipofiz tümörü,2,Hipofiz tümörü,evet,0.278932,0.001274,0.719794
1510,1511,brain_tumor_figshare/1511.mat,103670,5,2,Hipofiz tümörü,2,Hipofiz tümörü,evet,0.003819,8.6e-05,0.996095
1511,1512,brain_tumor_figshare/1512.mat,103670,5,2,Hipofiz tümörü,2,Hipofiz tümörü,evet,0.002827,0.0,0.997172
1512,1513,brain_tumor_figshare/1513.mat,103670,5,2,Hipofiz tümörü,2,Hipofiz tümörü,evet,0.018212,1e-05,0.981778
1513,1514,brain_tumor_figshare/1514.mat,103670,5,2,Hipofiz tümörü,2,Hipofiz tümörü,evet,0.009545,5e-06,0.99045
1514,1515,brain_tumor_figshare/1515.mat,103671,1,2,Hipofiz tümörü,2,Hipofiz tümörü,evet,0.02916,0.002802,0.968039
1515,1516,brain_tumor_figshare/1516.mat,103671,1,2,Hipofiz tümörü,2,Hipofiz tümörü,evet,0.024897,0.000239,0.974863
1516,1517,brain_tumor_figshare/1517.mat,103671,1,2,Hipofiz tümörü,2,Hipofiz tümörü,evet,0.020675,0.000498,0.978827
1517,1518,brain_tumor_figshare/1518.mat,103671,1,2,Hipofiz tümörü,2,Hipofiz tümörü,evet,0.001954,0.00026,0.997786
1518,1519,brain_tumor_figshare/1519.mat,103671,1,2,Hipofiz tümörü,2,Hipofiz tümörü,evet,0.005541,0.000262,0.994196
1519,1520,brain_tumor_figshare/1520.mat,103671,1,2,Hipofiz tümörü,2,Hipofiz tümörü,evet,0.006138,0.000431,0.993431
1520,1521,brain_tumor_figshare/1521.mat,103731,4,2,Hipofiz tümörü,2,Hipofiz tümörü,evet,0.011401,0.000336,0.988263
1521,1522,brain_tumor_figshare/1522.mat,103731,4,2,Hipofiz tümörü,2,Hipofiz tümörü,evet,0.016447,0.001013,0.98254
1522,1523,brain_tumor_figshare/1523.mat,103731,4,2,Hipofiz tümörü,2,Hipofiz tümörü,evet,0.028256,0.001544,0.970201
1523,1524,brain_tumor_figshare/1524.mat,103731,4,2,Hipofiz tümörü,2,Hipofiz tümörü,evet,0.047565,0.008807,0.943628
1524,1525,brain_tumor_figshare/1525.mat,103731,4,2,Hipofiz tümörü,2,Hipofiz tümörü,evet,0.018967,0.001794,0.979239
1525,1526,brain_tumor_figshare/1526.mat,103731,4,2,Hipofiz tümörü,2,Hipofiz tümörü,evet,0.025422,0.001076,0.973502
1526,1527,brain_tumor_figshare/1527.mat,103731,4,2,Hipofiz tümörü,2,Hipofiz tümörü,evet,0.046816,0.001697,0.951486
1527,1528,brain_tumor_figshare/1528.mat,103837,2,2,Hipofiz tümörü,2,Hipofiz tümörü,evet,0.339864,0.002069,0.658067
1528,1529,brain_tumor_figshare/1529.mat,103837,2,2,Hipofiz tümörü,2,Hipofiz tümörü,evet,0.106511,6.8e-05,0.893421
1529,1530,brain_tumor_figshare/1530.mat,103837,2,2,Hipofiz tümörü,2,Hipofiz tümörü,evet,0.151635,8.2e-05,0.848283
1530,1531,brain_tumor_figshare/1531.mat,103837,2,2,Hipofiz tümörü,2,Hipofiz tümörü,evet,0.086817,6.6e-05,0.913117
1531,1532,brain_tumor_figshare/1532.mat,103837,2,2,Hipofiz tümörü,2,Hipofiz tümörü,evet,0.071143,7e-06,0.92885
1532,1533,brain_tumor_figshare/1533.mat,104019,4,2,Hipofiz tümörü,2,Hipofiz tümörü,evet,0.002702,1.8e-05,0.99728
1533,1534,brain_tumor_figshare/1534.mat,104019,4,2,Hipofiz tümörü,2,Hipofiz tümörü,evet,0.002064,2.7e-05,0.997909
1534,1535,brain_tumor_figshare/1535.mat,104019,4,2,Hipofiz tümörü,2,Hipofiz tümörü,evet,0.002073,4.2e-05,0.997885
1535,1536,brain_tumor_figshare/1536.mat,104019,4,2,Hipofiz tümörü,2,Hipofiz tümörü,evet,0.002944,4.6e-05,0.997009
1536,1537,brain_tumor_figshare/1537.mat,104019,4,2,Hipofiz tümörü,2,Hipofiz tümörü,evet,0.006147,0.000229,0.993624
1537,1538,brain_tumor_figshare/1538.mat,104558,2,2,Hipofiz tümörü,2,Hipofiz tümörü,evet,0.078516,6.6e-05,0.921418
1538,1539,brain_tumor_figshare/1539.mat,104558,2,2,Hipofiz tümörü,2,Hipofiz tümörü,evet,0.234879,0.000791,0.76433
1539,1540,brain_tumor_figshare/1540.mat,104558,2,2,Hipofiz tümörü,2,Hipofiz tümörü,evet,0.388416,0.000408,0.611176
1540,1541,brain_tumor_figshare/1541.mat,104558,2,2,Hipofiz tümörü,2,Hipofiz tümörü,evet,0.033547,5.1e-05,0.966403
1541,1542,brain_tumor_figshare/1542.mat,104558,2,2,Hipofiz tümörü,2,Hipofiz tümörü,evet,0.019416,4e-06,0.98058
1542,1543,brain_tumor_figshare/1543.mat,104558,2,2,Hipofiz tümörü,2,Hipofiz tümörü,evet,0.058607,0.001205,0.940188
1543,1544,brain_tumor_figshare/1544.mat,104558,2,2,Hipofiz tümörü,2,Hipofiz tümörü,evet,0.071573,0.004956,0.923472
1544,1545,brain_tumor_figshare/1545.mat,104684,3,2,Hipofiz tümörü,2,Hipofiz tümörü,evet,0.030086,0.001513,0.968401
1545,1546,brain_tumor_figshare/1546.mat,104684,3,2,Hipofiz tümörü,2,Hipofiz tümörü,evet,0.01069,3.7e-05,0.989272
1546,1547,brain_tumor_figshare/1547.mat,104684,3,2,Hipofiz tümörü,2,Hipofiz tümörü,evet,0.032013,2.2e-05,0.967966
1547,1548,brain_tumor_figshare/1548.mat,104684,3,2,Hipofiz tümörü,2,Hipofiz tümörü,evet,0.063255,0.000146,0.936599
1548,1549,brain_tumor_figshare/1549.mat,104684,3,2,Hipofiz tümörü,2,Hipofiz tümörü,evet,0.306149,0.000504,0.693347
1549,1550,brain_tumor_figshare/1550.mat,104684,3,2,Hipofiz tümörü,2,Hipofiz tümörü,evet,0.338258,0.003949,0.657793
1550,1551,brain_tumor_figshare/1551.mat,104684,3,2,Hipofiz tümörü,2,Hipofiz tümörü,evet,0.272192,0.000604,0.727204
1551,1552,brain_tumor_figshare/1552.mat,104912,5,2,Hipofiz tümörü,2,Hipofiz tümörü,evet,0.006558,0.000349,0.993093
1552,1553,brain_tumor_figshare/1553.mat,104912,5,2,Hipofiz tümörü,2,Hipofiz tümörü,evet,0.001382,1e-05,0.998608
1553,1554,brain_tumor_figshare/1554.mat,104912,5,2,Hipofiz tümörü,2,Hipofiz tümörü,evet,0.000843,0.0,0.999157
1554,1555,brain_tumor_figshare/1555.mat,104912,5,2,Hipofiz tümörü,2,Hipofiz tümörü,evet,0.010215,2.9e-05,0.989756
1555,1556,brain_tumor_figshare/1556.mat,104912,5,2,Hipofiz tümörü,2,Hipofiz tümörü,evet,0.024284,4.2e-05,0.975674
1556,1557,brain_tumor_figshare/1557.mat,105187,1,2,Hipofiz tümörü,2,Hipofiz tümörü,evet,0.002175,0.000852,0.996973
1557,1558,brain_tumor_figshare/1558.mat,105187,1,2,Hipofiz tümörü,2,Hipofiz tümörü,evet,0.032577,0.000575,0.966848
1558,1559,brain_tumor_figshare/1559.mat,105187,1,2,Hipofiz tümörü,2,Hipofiz tümörü,evet,0.004276,7.6e-05,0.995648
1559,1560,brain_tumor_figshare/1560.mat,105187,1,2,Hipofiz tümörü,2,Hipofiz tümörü,evet,0.032985,0.001647,0.965368
1560,1561,brain_tumor_figshare/1561.mat,105187,1,2,Hipofiz tümörü,2,Hipofiz tümörü,evet,0.009445,0.001275,0.98928
1561,1562,brain_tumor_figshare/1562.mat,105187,1,2,Hipofiz tümörü,2,Hipofiz tümörü,evet,0.013153,0.001414,0.985433
1562,1563,brain_tumor_figshare/1563.mat,105475,1,2,Hipofiz tümörü,2,Hipofiz tümörü,evet,0.032331,0.001498,0.966172
1563,1564,brain_tumor_figshare/1564.mat,105475,1,2,Hipofiz tümörü,2,Hipofiz tümörü,evet,0.043077,0.000828,0.956095
1564,1565,brain_tumor_figshare/1565.mat,105475,1,2,Hipofiz tümörü,2,Hipofiz tümörü,evet,0.16654,0.001161,0.832299
1565,1566,brain_tumor_figshare/1566.mat,105538,4,2,Hipofiz tümörü,0,Meningiom,hayır,0.79745,0.033183,0.169367
1566,1567,brain_tumor_figshare/1567.mat,105538,4,2,Hipofiz tümörü,0,Meningiom,hayır,0.870373,0.052299,0.077328
1567,1568,brain_tumor_figshare/1568.mat,105638,4,2,Hipofiz tümörü,2,Hipofiz tümörü,evet,0.009083,0.000687,0.99023
1568,1569,brain_tumor_figshare/1569.mat,105638,4,2,Hipofiz tümörü,2,Hipofiz tümörü,evet,0.006992,0.000259,0.99275
1569,1570,brain_tumor_figshare/1570.mat,105638,4,2,Hipofiz tümörü,2,Hipofiz tümörü,evet,0.02228,0.000718,0.977002
1570,1571,brain_tumor_figshare/1571.mat,105638,4,2,Hipofiz tümörü,2,Hipofiz tümörü,evet,0.014289,0.001169,0.984542
1571,1572,brain_tumor_figshare/1572.mat,105638,4,2,Hipofiz tümörü,2,Hipofiz tümörü,evet,0.019989,0.001558,0.978453
1572,1573,brain_tumor_figshare/1573.mat,97416,4,2,Hipofiz tümörü,2,Hipofiz tümörü,evet,0.347532,0.048861,0.603608
1573,1574,brain_tumor_figshare/1574.mat,97416,4,2,Hipofiz tümörü,2,Hipofiz tümörü,evet,0.121633,0.004378,0.873989
1574,1575,brain_tumor_figshare/1575.mat,97416,4,2,Hipofiz tümörü,2,Hipofiz tümörü,evet,0.089304,0.000562,0.910133
1575,1576,brain_tumor_figshare/1576.mat,97416,4,2,Hipofiz tümörü,2,Hipofiz tümörü,evet,0.006563,6.1e-05,0.993376
1576,1577,brain_tumor_figshare/1577.mat,97416,4,2,Hipofiz tümörü,2,Hipofiz tümörü,evet,0.004857,8e-06,0.995135
1577,1578,brain_tumor_figshare/1578.mat,97416,4,2,Hipofiz tümörü,2,Hipofiz tümörü,evet,0.024133,3.7e-05,0.97583
1578,1579,brain_tumor_figshare/1579.mat,97416,4,2,Hipofiz tümörü,2,Hipofiz tümörü,evet,0.012385,3.7e-05,0.987577
1579,1580,brain_tumor_figshare/1580.mat,97416,4,2,Hipofiz tümörü,2,Hipofiz tümörü,evet,0.065277,0.000597,0.934126
1580,1581,brain_tumor_figshare/1581.mat,97461,3,2,Hipofiz tümörü,2,Hipofiz tümörü,evet,0.111341,0.000112,0.888547
1581,1582,brain_tumor_figshare/1582.mat,97461,3,2,Hipofiz tümörü,2,Hipofiz tümörü,evet,0.004534,2e-06,0.995465
1582,1583,brain_tumor_figshare/1583.mat,97461,3,2,Hipofiz tümörü,2,Hipofiz tümörü,evet,0.001379,2e-06,0.998619
1583,1584,brain_tumor_figshare/1584.mat,97461,3,2,Hipofiz tümörü,2,Hipofiz tümörü,evet,0.002556,3e-05,0.997414
1584,1585,brain_tumor_figshare/1585.mat,97461,3,2,Hipofiz tümörü,2,Hipofiz tümörü,evet,0.028772,0.00021,0.971018
1585,1586,brain_tumor_figshare/1586.mat,97461,3,2,Hipofiz tümörü,2,Hipofiz tümörü,evet,0.022557,0.00448,0.972963
1586,1587,brain_tumor_figshare/1587.mat,97461,3,2,Hipofiz tümörü,2,Hipofiz tümörü,evet,0.044677,0.010339,0.944984
1587,1588,brain_tumor_figshare/1588.mat,97461,3,2,Hipofiz tümörü,2,Hipofiz tümörü,evet,0.00548,0.00024,0.99428
1588,1589,brain_tumor_figshare/1589.mat,97481,2,2,Hipofiz tümörü,2,Hipofiz tümörü,evet,0.014801,7e-06,0.985193
1589,1590,brain_tumor_figshare/1590.mat,97481,2,2,Hipofiz tümörü,2,Hipofiz tümörü,evet,0.018984,0.0,0.981015
1590,1591,brain_tumor_figshare/1591.mat,97481,2,2,Hipofiz tümörü,2,Hipofiz tümörü,evet,0.000663,0.0,0.999337
1591,1592,brain_tumor_figshare/1592.mat,97481,2,2,Hipofiz tümörü,2,Hipofiz tümörü,evet,0.001082,0.0,0.998917
1592,1593,brain_tumor_figshare/1593.mat,97481,2,2,Hipofiz tümörü,2,Hipofiz tümörü,evet,0.005671,0.0,0.994329
1593,1594,brain_tumor_figshare/1594.mat,97599,2,2,Hipofiz tümörü,2,Hipofiz tümörü,evet,0.000972,1.6e-05,0.999012
1594,1595,brain_tumor_figshare/1595.mat,97599,2,2,Hipofiz tümörü,2,Hipofiz tümörü,evet,0.01002,5e-06,0.989975
1595,1596,brain_tumor_figshare/1596.mat,97890,1,2,Hipofiz tümörü,2,Hipofiz tümörü,evet,0.135561,0.001956,0.862484
1596,1597,brain_tumor_figshare/1597.mat,97890,1,2,Hipofiz tümörü,2,Hipofiz tümörü,evet,0.206022,0.004166,0.789812
1597,1598,brain_tumor_figshare/1598.mat,97890,1,2,Hipofiz tümörü,2,Hipofiz tümörü,evet,0.064192,0.002565,0.933243
1598,1599,brain_tumor_figshare/1599.mat,97890,1,2,Hipofiz tümörü,2,Hipofiz tümörü,evet,0.045376,0.001135,0.953489
1599,1600,brain_tumor_figshare/1600.mat,98472,3,2,Hipofiz tümörü,2,Hipofiz tümörü,evet,0.077522,0.00011,0.922368
1600,1601,brain_tumor_figshare/1601.mat,98472,3,2,Hipofiz tümörü,2,Hipofiz tümörü,evet,0.025452,1.5e-05,0.974533
1601,1602,brain_tumor_figshare/1602.mat,98472,3,2,Hipofiz tümörü,2,Hipofiz tümörü,evet,0.102447,4e-05,0.897513
1602,1603,brain_tumor_figshare/1603.mat,98472,3,2,Hipofiz tümörü,2,Hipofiz tümörü,evet,0.026259,1.9e-05,0.973721
1603,1604,brain_tumor_figshare/1604.mat,98472,3,2,Hipofiz tümörü,2,Hipofiz tümörü,evet,0.097236,0.000205,0.902558
1604,1605,brain_tumor_figshare/1605.mat,98652,3,2,Hipofiz tümörü,2,Hipofiz tümörü,evet,0.066499,0.000563,0.932937
1605,1606,brain_tumor_figshare/1606.mat,98652,3,2,Hipofiz tümörü,2,Hipofiz tümörü,evet,0.02543,0.000263,0.974307
1606,1607,brain_tumor_figshare/1607.mat,98652,3,2,Hipofiz tümörü,2,Hipofiz tümörü,evet,0.017219,0.00039,0.982391
1607,1608,brain_tumor_figshare/1608.mat,98652,3,2,Hipofiz tümörü,2,Hipofiz tümörü,evet,0.102542,7.1e-05,0.897388
1608,1609,brain_tumor_figshare/1609.mat,98871,4,2,Hipofiz tümörü,2,Hipofiz tümörü,evet,0.023791,0.002527,0.973682
1609,1610,brain_tumor_figshare/1610.mat,98871,4,2,Hipofiz tümörü,2,Hipofiz tümörü,evet,0.00877,8e-05,0.99115
1610,1611,brain_tumor_figshare/1611.mat,98871,4,2,Hipofiz tümörü,2,Hipofiz tümörü,evet,0.002642,1.9e-05,0.997339
1611,1612,brain_tumor_figshare/1612.mat,98871,4,2,Hipofiz tümörü,2,Hipofiz tümörü,evet,0.003463,0.000285,0.996253
1612,1613,brain_tumor_figshare/1613.mat,98871,4,2,Hipofiz tümörü,2,Hipofiz tümörü,evet,0.032866,0.001387,0.965746
1613,1614,brain_tumor_figshare/1614.mat,98871,4,2,Hipofiz tümörü,2,Hipofiz tümörü,evet,0.050882,0.001625,0.947493
1614,1615,brain_tumor_figshare/1615.mat,98871,4,2,Hipofiz tümörü,2,Hipofiz tümörü,evet,0.048121,0.00563,0.946249
1615,1616,brain_tumor_figshare/1616.mat,98874,1,2,Hipofiz tümörü,2,Hipofiz tümörü,evet,0.153451,0.051675,0.794873
1616,1617,brain_tumor_figshare/1617.mat,98874,1,2,Hipofiz tümörü,2,Hipofiz tümörü,evet,0.040018,0.000889,0.959093
1617,1618,brain_tumor_figshare/1618.mat,98874,1,2,Hipofiz tümörü,2,Hipofiz tümörü,evet,0.167682,0.004535,0.827783
1618,1619,brain_tumor_figshare/1619.mat,98874,1,2,Hipofiz tümörü,2,Hipofiz tümörü,evet,0.316351,0.005191,0.678458
1619,1620,brain_tumor_figshare/1620.mat,98874,1,2,Hipofiz tümörü,2,Hipofiz tümörü,evet,0.116951,0.005591,0.877458
1620,1621,brain_tumor_figshare/1621.mat,98992,5,2,Hipofiz tümörü,2,Hipofiz tümörü,evet,0.093961,0.000406,0.905633
1621,1622,brain_tumor_figshare/1622.mat,98992,5,2,Hipofiz tümörü,2,Hipofiz tümörü,evet,0.057759,0.000128,0.942114
1622,1623,brain_tumor_figshare/1623.mat,98992,5,2,Hipofiz tümörü,2,Hipofiz tümörü,evet,0.032941,0.00011,0.966949
1623,1624,brain_tumor_figshare/1624.mat,98992,5,2,Hipofiz tümörü,2,Hipofiz tümörü,evet,0.007069,2.1e-05,0.99291
1624,1625,brain_tumor_figshare/1625.mat,98992,5,2,Hipofiz tümörü,2,Hipofiz tümörü,evet,0.033849,0.000105,0.966046
1625,1626,brain_tumor_figshare/1626.mat,98992,5,2,Hipofiz tümörü,2,Hipofiz tümörü,evet,0.003081,0.000339,0.99658
1626,1627,brain_tumor_figshare/1627.mat,98992,5,2,Hipofiz tümörü,2,Hipofiz tümörü,evet,0.098199,0.006068,0.895733
1627,1628,brain_tumor_figshare/1628.mat,98995,4,2,Hipofiz tümörü,2,Hipofiz tümörü,evet,0.040835,0.000618,0.958546
1628,1629,brain_tumor_figshare/1629.mat,98995,4,2,Hipofiz tümörü,2,Hipofiz tümörü,evet,0.037847,0.000502,0.961651
1629,1630,brain_tumor_figshare/1630.mat,98995,4,2,Hipofiz tümörü,2,Hipofiz tümörü,evet,0.042518,0.005708,0.951775
1630,1631,brain_tumor_figshare/1631.mat,98995,4,2,Hipofiz tümörü,2,Hipofiz tümörü,evet,0.030202,0.000334,0.969464
1631,1632,brain_tumor_figshare/1632.mat,98995,4,2,Hipofiz tümörü,2,Hipofiz tümörü,evet,0.012148,0.00059,0.987262
1632,1633,brain_tumor_figshare/1633.mat,98995,4,2,Hipofiz tümörü,2,Hipofiz tümörü,evet,0.010537,4.3e-05,0.989421
1633,1634,brain_tumor_figshare/1634.mat,99223,1,2,Hipofiz tümörü,2,Hipofiz tümörü,evet,0.059126,0.000843,0.940031
1634,1635,brain_tumor_figshare/1635.mat,99223,1,2,Hipofiz tümörü,2,Hipofiz tümörü,evet,0.124847,0.000912,0.874241
1635,1636,brain_tumor_figshare/1636.mat,99223,1,2,Hipofiz tümörü,2,Hipofiz tümörü,evet,0.091237,0.000299,0.908464
1636,1637,brain_tumor_figshare/1637.mat,99223,1,2,Hipofiz tümörü,2,Hipofiz tümörü,evet,0.083943,0.000239,0.915818
1637,1638,brain_tumor_figshare/1638.mat,99223,1,2,Hipofiz tümörü,2,Hipofiz tümörü,evet,0.057334,0.000309,0.942357
1638,1639,brain_tumor_figshare/1639.mat,99223,1,2,Hipofiz tümörü,2,Hipofiz tümörü,evet,0.086652,0.004424,0.908924
1639,1640,brain_tumor_figshare/1640.mat,101017,2,2,Hipofiz tümörü,2,Hipofiz tümörü,evet,0.024566,0.00018,0.975254
1640,1641,brain_tumor_figshare/1641.mat,101017,2,2,Hipofiz tümörü,2,Hipofiz tümörü,evet,0.001518,7e-06,0.998476
1641,1642,brain_tumor_figshare/1642.mat,101017,2,2,Hipofiz tümörü,2,Hipofiz tümörü,evet,0.008999,7.2e-05,0.990929
1642,1643,brain_tumor_figshare/1643.mat,101017,2,2,Hipofiz tümörü,2,Hipofiz tümörü,evet,0.013016,5.9e-05,0.986925
1643,1644,brain_tumor_figshare/1644.mat,101029,1,2,Hipofiz tümörü,2,Hipofiz tümörü,evet,0.040968,0.104549,0.854482
1644,1645,brain_tumor_figshare/1645.mat,101029,1,2,Hipofiz tümörü,2,Hipofiz tümörü,evet,0.024731,0.025327,0.949942
1645,1646,brain_tumor_figshare/1646.mat,101029,1,2,Hipofiz tümörü,2,Hipofiz tümörü,evet,0.086189,0.01129,0.902521
1646,1647,brain_tumor_figshare/1647.mat,101029,1,2,Hipofiz tümörü,2,Hipofiz tümörü,evet,0.027071,0.004537,0.968392
1647,1648,brain_tumor_figshare/1648.mat,101029,1,2,Hipofiz tümörü,2,Hipofiz tümörü,evet,0.041801,0.02917,0.929029
1648,1649,brain_tumor_figshare/1649.mat,101029,1,2,Hipofiz tümörü,2,Hipofiz tümörü,evet,0.09225,0.034181,0.873569
1649,1650,brain_tumor_figshare/1650.mat,101029,1,2,Hipofiz tümörü,2,Hipofiz tümörü,evet,0.092168,0.007721,0.900111
1650,1651,brain_tumor_figshare/1651.mat,101145,2,2,Hipofiz tümörü,2,Hipofiz tümörü,evet,0.041564,0.001707,0.95673
1651,1652,brain_tumor_figshare/1652.mat,101145,2,2,Hipofiz tümörü,2,Hipofiz tümörü,evet,0.029621,0.000541,0.969838
1652,1653,brain_tumor_figshare/1653.mat,101145,2,2,Hipofiz tümörü,2,Hipofiz tümörü,evet,0.007426,2.6e-05,0.992548
1653,1654,brain_tumor_figshare/1654.mat,101145,2,2,Hipofiz tümörü,2,Hipofiz tümörü,evet,0.016187,2e-05,0.983794
1654,1655,brain_tumor_figshare/1655.mat,101305,3,2,Hipofiz tümörü,2,Hipofiz tümörü,evet,0.150746,0.003268,0.845986
1655,1656,brain_tumor_figshare/1656.mat,101305,3,2,Hipofiz tümörü,2,Hipofiz tümörü,evet,0.297716,0.00229,0.699993
1656,1657,brain_tumor_figshare/1657.mat,101305,3,2,Hipofiz tümörü,2,Hipofiz tümörü,evet,0.13608,0.002614,0.861307
1657,1658,brain_tumor_figshare/1658.mat,101305,3,2,Hipofiz tümörü,2,Hipofiz tümörü,evet,0.004734,0.000525,0.994741
1658,1659,brain_tumor_figshare/1659.mat,101724,2,2,Hipofiz tümörü,2,Hipofiz tümörü,evet,0.052456,0.002273,0.945272
1659,1660,brain_tumor_figshare/1660.mat,101724,2,2,Hipofiz tümörü,2,Hipofiz tümörü,evet,0.007184,2e-05,0.992795
1660,1661,brain_tumor_figshare/1661.mat,101724,2,2,Hipofiz tümörü,2,Hipofiz tümörü,evet,0.189763,0.000423,0.809814
1661,1662,brain_tumor_figshare/1662.mat,101724,2,2,Hipofiz tümörü,2,Hipofiz tümörü,evet,0.29886,0.005637,0.695503
1662,1663,brain_tumor_figshare/1663.mat,101724,2,2,Hipofiz tümörü,2,Hipofiz tümörü,evet,0.220688,0.000994,0.778319
1663,1664,brain_tumor_figshare/1664.mat,101724,2,2,Hipofiz tümörü,2,Hipofiz tümörü,evet,0.101347,0.003462,0.895191
1664,1665,brain_tumor_figshare/1665.mat,102648,2,2,Hipofiz tümörü,2,Hipofiz tümörü,evet,0.124345,0.019349,0.856306
1665,1666,brain_tumor_figshare/1666.mat,102648,2,2,Hipofiz tümörü,2,Hipofiz tümörü,evet,0.056345,0.004933,0.938723
1666,1667,brain_tumor_figshare/1667.mat,102648,2,2,Hipofiz tümörü,2,Hipofiz tümörü,evet,0.470965,0.05067,0.478365
1667,1668,brain_tumor_figshare/1668.mat,102648,2,2,Hipofiz tümörü,2,Hipofiz tümörü,evet,0.18439,0.125336,0.690274
1668,1669,brain_tumor_figshare/1669.mat,102648,2,2,Hipofiz tümörü,2,Hipofiz tümörü,evet,0.185539,0.108089,0.706372
1669,1670,brain_tumor_figshare/1670.mat,102648,2,2,Hipofiz tümörü,2,Hipofiz tümörü,evet,0.284393,0.017463,0.698144
1670,1671,brain_tumor_figshare/1671.mat,102648,2,2,Hipofiz tümörü,2,Hipofiz tümörü,evet,0.179482,0.006374,0.814144
1671,1672,brain_tumor_figshare/1672.mat,102669,5,2,Hipofiz tümörü,2,Hipofiz tümörü,evet,0.051381,0.000767,0.947852
1672,1673,brain_tumor_figshare/1673.mat,103046,2,2,Hipofiz tümörü,2,Hipofiz tümörü,evet,0.010092,3.1e-05,0.989877
1673,1674,brain_tumor_figshare/1674.mat,103046,2,2,Hipofiz tümörü,2,Hipofiz tümörü,evet,0.021645,0.002464,0.975891
1674,1675,brain_tumor_figshare/1675.mat,103046,2,2,Hipofiz tümörü,2,Hipofiz tümörü,evet,0.002023,5.5e-05,0.997922
1675,1676,brain_tumor_figshare/1676.mat,103046,2,2,Hipofiz tümörü,2,Hipofiz tümörü,evet,0.000606,5e-06,0.999388
1676,1677,brain_tumor_figshare/1677.mat,103257,4,2,Hipofiz tümörü,2,Hipofiz tümörü,evet,0.177376,0.184173,0.63845
1677,1678,brain_tumor_figshare/1678.mat,103257,4,2,Hipofiz tümörü,2,Hipofiz tümörü,evet,0.118539,0.050953,0.830508
1678,1679,brain_tumor_figshare/1679.mat,103257,4,2,Hipofiz tümörü,2,Hipofiz tümörü,evet,0.133406,0.061348,0.805245
1679,1680,brain_tumor_figshare/1680.mat,103257,4,2,Hipofiz tümörü,2,Hipofiz tümörü,evet,0.03791,0.016476,0.945614
1680,1681,brain_tumor_figshare/1681.mat,103257,4,2,Hipofiz tümörü,2,Hipofiz tümörü,evet,0.089374,0.026874,0.883752
1681,1682,brain_tumor_figshare/1682.mat,103257,4,2,Hipofiz tümörü,2,Hipofiz tümörü,evet,0.117486,0.005966,0.876549
1682,1683,brain_tumor_figshare/1683.mat,103257,4,2,Hipofiz tümörü,2,Hipofiz tümörü,evet,0.161955,0.001516,0.836529
1683,1684,brain_tumor_figshare/1684.mat,103478,5,2,Hipofiz tümörü,2,Hipofiz tümörü,evet,0.132676,0.004137,0.863187
1684,1685,brain_tumor_figshare/1685.mat,103478,5,2,Hipofiz tümörü,2,Hipofiz tümörü,evet,0.016117,0.004094,0.979789
1685,1686,brain_tumor_figshare/1686.mat,103478,5,2,Hipofiz tümörü,2,Hipofiz tümörü,evet,0.011587,0.002896,0.985518
1686,1687,brain_tumor_figshare/1687.mat,103478,5,2,Hipofiz tümörü,1,Gliom,hayır,0.007359,0.958836,0.033805
1687,1688,brain_tumor_figshare/1688.mat,103478,5,2,Hipofiz tümörü,2,Hipofiz tümörü,evet,0.09774,0.003281,0.898979
1688,1689,brain_tumor_figshare/1689.mat,103478,5,2,Hipofiz tümörü,2,Hipofiz tümörü,evet,0.018689,0.001213,0.980098
1689,1690,brain_tumor_figshare/1690.mat,103478,5,2,Hipofiz tümörü,2,Hipofiz tümörü,evet,0.017587,0.002568,0.979845
1690,1691,brain_tumor_figshare/1691.mat,103478,5,2,Hipofiz tümörü,2,Hipofiz tümörü,evet,0.012405,9.3e-05,0.987502
1691,1692,brain_tumor_figshare/1692.mat,103582,3,2,Hipofiz tümörü,2,Hipofiz tümörü,evet,0.012742,0.018011,0.969247
1692,1693,brain_tumor_figshare/1693.mat,103582,3,2,Hipofiz tümörü,2,Hipofiz tümörü,evet,0.032779,0.005762,0.961459
1693,1694,brain_tumor_figshare/1694.mat,103582,3,2,Hipofiz tümörü,2,Hipofiz tümörü,evet,0.003525,0.003291,0.993184
1694,1695,brain_tumor_figshare/1695.mat,103582,3,2,Hipofiz tümörü,2,Hipofiz tümörü,evet,0.023092,0.015038,0.961871
1695,1696,brain_tumor_figshare/1696.mat,103582,3,2,Hipofiz tümörü,2,Hipofiz tümörü,evet,0.055799,0.00527,0.938931
1696,1697,brain_tumor_figshare/1697.mat,103582,3,2,Hipofiz tümörü,2,Hipofiz tümörü,evet,0.027663,0.001715,0.970622
1697,1698,brain_tumor_figshare/1698.mat,103582,3,2,Hipofiz tümörü,2,Hipofiz tümörü,evet,0.053448,0.00322,0.943333
1698,1699,brain_tumor_figshare/1699.mat,103582,3,2,Hipofiz tümörü,2,Hipofiz tümörü,evet,0.131713,0.005324,0.862963
1699,1700,brain_tumor_figshare/1700.mat,103670,5,2,Hipofiz tümörü,2,Hipofiz tümörü,evet,0.00106,0.001164,0.997776
1700,1701,brain_tumor_figshare/1701.mat,103670,5,2,Hipofiz tümörü,2,Hipofiz tümörü,evet,0.00514,0.003746,0.991114
1701,1702,brain_tumor_figshare/1702.mat,103670,5,2,Hipofiz tümörü,2,Hipofiz tümörü,evet,0.001967,0.000432,0.997601
1702,1703,brain_tumor_figshare/1703.mat,103670,5,2,Hipofiz tümörü,2,Hipofiz tümörü,evet,0.050837,0.038917,0.910246
1703,1704,brain_tumor_figshare/1704.mat,103671,1,2,Hipofiz tümörü,0,Meningiom,hayır,0.508683,0.028502,0.462815
1704,1705,brain_tumor_figshare/1705.mat,103671,1,2,Hipofiz tümörü,2,Hipofiz tümörü,evet,0.240177,0.034583,0.72524
1705,1706,brain_tumor_figshare/1706.mat,103671,1,2,Hipofiz tümörü,2,Hipofiz tümörü,evet,0.173021,0.03085,0.796128
1706,1707,brain_tumor_figshare/1707.mat,103671,1,2,Hipofiz tümörü,2,Hipofiz tümörü,evet,0.108694,0.022083,0.869223
1707,1708,brain_tumor_figshare/1708.mat,103671,1,2,Hipofiz tümörü,2,Hipofiz tümörü,evet,0.247502,0.01303,0.739468
1708,1709,brain_tumor_figshare/1709.mat,103731,4,2,Hipofiz tümörü,2,Hipofiz tümörü,evet,0.006485,0.001825,0.99169
1709,1710,brain_tumor_figshare/1710.mat,103731,4,2,Hipofiz tümörü,2,Hipofiz tümörü,evet,0.030433,0.025526,0.944041
1710,1711,brain_tumor_figshare/1711.mat,103731,4,2,Hipofiz tümörü,2,Hipofiz tümörü,evet,0.056144,0.025269,0.918588
1711,1712,brain_tumor_figshare/1712.mat,103731,4,2,Hipofiz tümörü,2,Hipofiz tümörü,evet,0.028493,0.00323,0.968277
1712,1713,brain_tumor_figshare/1713.mat,103731,4,2,Hipofiz tümörü,2,Hipofiz tümörü,evet,0.0479,0.020535,0.931565
1713,1714,brain_tumor_figshare/1714.mat,103837,2,2,Hipofiz tümörü,2,Hipofiz tümörü,evet,0.025996,0.000115,0.973889
1714,1715,brain_tumor_figshare/1715.mat,103837,2,2,Hipofiz tümörü,2,Hipofiz tümörü,evet,0.118571,0.001475,0.879954
1715,1716,brain_tumor_figshare/1716.mat,103837,2,2,Hipofiz tümörü,2,Hipofiz tümörü,evet,0.112122,0.000119,0.887759
1716,1717,brain_tumor_figshare/1717.mat,103837,2,2,Hipofiz tümörü,0,Meningiom,hayır,0.58111,5.8e-05,0.418832
1717,1718,brain_tumor_figshare/1718.mat,103837,2,2,Hipofiz tümörü,2,Hipofiz tümörü,evet,0.048179,0.001395,0.950426
1718,1719,brain_tumor_figshare/1719.mat,103837,2,2,Hipofiz tümörü,0,Meningiom,hayır,0.670454,1.9e-05,0.329527
1719,1720,brain_tumor_figshare/1720.mat,103837,2,2,Hipofiz tümörü,2,Hipofiz tümörü,evet,0.158851,0.000138,0.841011
1720,1721,brain_tumor_figshare/1721.mat,104019,4,2,Hipofiz tümörü,2,Hipofiz tümörü,evet,0.153715,0.007325,0.83896
1721,1722,brain_tumor_figshare/1722.mat,104019,4,2,Hipofiz tümörü,2,Hipofiz tümörü,evet,0.059785,0.006163,0.934051
1722,1723,brain_tumor_figshare/1723.mat,104019,4,2,Hipofiz tümörü,2,Hipofiz tümörü,evet,0.013365,0.002871,0.983764
1723,1724,brain_tumor_figshare/1724.mat,104019,4,2,Hipofiz tümörü,2,Hipofiz tümörü,evet,0.010709,0.008819,0.980471
1724,1725,brain_tumor_figshare/1725.mat,104558,2,2,Hipofiz tümörü,2,Hipofiz tümörü,evet,0.053332,0.011997,0.934671
1725,1726,brain_tumor_figshare/1726.mat,104558,2,2,Hipofiz tümörü,2,Hipofiz tümörü,evet,0.030575,0.001558,0.967868
1726,1727,brain_tumor_figshare/1727.mat,104558,2,2,Hipofiz tümörü,2,Hipofiz tümörü,evet,0.077927,0.004295,0.917778
1727,1728,brain_tumor_figshare/1728.mat,104558,2,2,Hipofiz tümörü,2,Hipofiz tümörü,evet,0.012377,0.000852,0.986772
1728,1729,brain_tumor_figshare/1729.mat,104558,2,2,Hipofiz tümörü,2,Hipofiz tümörü,evet,0.006076,7e-06,0.993917
1729,1730,brain_tumor_figshare/1730.mat,104558,2,2,Hipofiz tümörü,2,Hipofiz tümörü,evet,0.008164,7.9e-05,0.991758
1730,1731,brain_tumor_figshare/1731.mat,104558,2,2,Hipofiz tümörü,2,Hipofiz tümörü,evet,0.086877,0.00181,0.911314
1731,1732,brain_tumor_figshare/1732.mat,104558,2,2,Hipofiz tümörü,2,Hipofiz tümörü,evet,0.145659,0.207178,0.647163
1732,1733,brain_tumor_figshare/1733.mat,104558,2,2,Hipofiz tümörü,1,Gliom,hayır,0.298345,0.552447,0.149208
1733,1734,brain_tumor_figshare/1734.mat,104684,3,2,Hipofiz tümörü,2,Hipofiz tümörü,evet,0.009938,0.001915,0.988146
1734,1735,brain_tumor_figshare/1735.mat,104684,3,2,Hipofiz tümörü,2,Hipofiz tümörü,evet,0.000675,0.000235,0.999089
1735,1736,brain_tumor_figshare/1736.mat,104684,3,2,Hipofiz tümörü,2,Hipofiz tümörü,evet,0.004556,0.001681,0.993764
1736,1737,brain_tumor_figshare/1737.mat,104684,3,2,Hipofiz tümörü,2,Hipofiz tümörü,evet,0.041696,0.016516,0.941789
1737,1738,brain_tumor_figshare/1738.mat,104684,3,2,Hipofiz tümörü,2,Hipofiz tümörü,evet,0.00378,0.001651,0.994569
1738,1739,brain_tumor_figshare/1739.mat,104684,3,2,Hipofiz tümörü,2,Hipofiz tümörü,evet,0.005088,0.000283,0.994629
1739,1740,brain_tumor_figshare/1740.mat,104684,3,2,Hipofiz tümörü,2,Hipofiz tümörü,evet,0.013499,0.004673,0.981828
1740,1741,brain_tumor_figshare/1741.mat,104912,5,2,Hipofiz tümörü,2,Hipofiz tümörü,evet,0.008286,0.006861,0.984853
1741,1742,brain_tumor_figshare/1742.mat,104912,5,2,Hipofiz tümörü,2,Hipofiz tümörü,evet,0.001577,0.000426,0.997997
1742,1743,brain_tumor_figshare/1743.mat,104912,5,2,Hipofiz tümörü,2,Hipofiz tümörü,evet,0.008998,0.000975,0.990027
1743,1744,brain_tumor_figshare/1744.mat,104912,5,2,Hipofiz tümörü,2,Hipofiz tümörü,evet,0.007933,0.011649,0.980418
1744,1745,brain_tumor_figshare/1745.mat,104912,5,2,Hipofiz tümörü,2,Hipofiz tümörü,evet,0.004102,0.000297,0.995601
1745,1746,brain_tumor_figshare/1746.mat,104912,5,2,Hipofiz tümörü,2,Hipofiz tümörü,evet,0.000894,1.9e-05,0.999087
1746,1747,brain_tumor_figshare/1747.mat,104912,5,2,Hipofiz tümörü,2,Hipofiz tümörü,evet,0.004641,0.001098,0.99426
1747,1748,brain_tumor_figshare/1748.mat,105187,1,2,Hipofiz tümörü,2,Hipofiz tümörü,evet,0.204813,0.011866,0.783321
1748,1749,brain_tumor_figshare/1749.mat,105187,1,2,Hipofiz tümörü,2,Hipofiz tümörü,evet,0.312479,0.01443,0.673091
1749,1750,brain_tumor_figshare/1750.mat,105187,1,2,Hipofiz tümörü,2,Hipofiz tümörü,evet,0.430368,0.072427,0.497204
1750,1751,brain_tumor_figshare/1751.mat,105187,1,2,Hipofiz tümörü,2,Hipofiz tümörü,evet,0.24924,0.106132,0.644628
1751,1752,brain_tumor_figshare/1752.mat,105187,1,2,Hipofiz tümörü,2,Hipofiz tümörü,evet,0.321628,0.075459,0.602913
1752,1753,brain_tumor_figshare/1753.mat,105187,1,2,Hipofiz tümörü,2,Hipofiz tümörü,evet,0.180487,0.080275,0.739237
1753,1754,brain_tumor_figshare/1754.mat,105475,1,2,Hipofiz tümörü,2,Hipofiz tümörü,evet,0.257473,0.257946,0.484582
1754,1755,brain_tumor_figshare/1755.mat,105475,1,2,Hipofiz tümörü,2,Hipofiz tümörü,evet,0.101904,0.022527,0.875569
1755,1756,brain_tumor_figshare/1756.mat,105475,1,2,Hipofiz tümörü,2,Hipofiz tümörü,evet,0.388559,0.155879,0.455561
1756,1757,brain_tumor_figshare/1757.mat,105475,1,2,Hipofiz tümörü,2,Hipofiz tümörü,evet,0.314111,0.081764,0.604125
1757,1758,brain_tumor_figshare/1758.mat,105475,1,2,Hipofiz tümörü,2,Hipofiz tümörü,evet,0.12676,0.037485,0.835755
1758,1759,brain_tumor_figshare/1759.mat,105538,4,2,Hipofiz tümörü,2,Hipofiz tümörü,evet,0.185075,0.020964,0.793962
1759,1760,brain_tumor_figshare/1760.mat,105538,4,2,Hipofiz tümörü,1,Gliom,hayır,0.250186,0.507504,0.24231
1760,1761,brain_tumor_figshare/1761.mat,105638,4,2,Hipofiz tümörü,2,Hipofiz tümörü,evet,0.017194,0.005254,0.977552
1761,1762,brain_tumor_figshare/1762.mat,105638,4,2,Hipofiz tümörü,2,Hipofiz tümörü,evet,0.031789,0.000632,0.967578
1762,1763,brain_tumor_figshare/1763.mat,105638,4,2,Hipofiz tümörü,2,Hipofiz tümörü,evet,0.028912,0.002071,0.969017
1763,1764,brain_tumor_figshare/1764.mat,105638,4,2,Hipofiz tümörü,2,Hipofiz tümörü,evet,0.040567,0.085243,0.87419
1764,1765,brain_tumor_figshare/1765.mat,105638,4,2,Hipofiz tümörü,2,Hipofiz tümörü,evet,0.100919,0.031529,0.867552
1765,1766,brain_tumor_figshare/1766.mat,97416,4,2,Hipofiz tümörü,2,Hipofiz tümörü,evet,0.271864,0.026724,0.701412
1766,1767,brain_tumor_figshare/1767.mat,97416,4,2,Hipofiz tümörü,2,Hipofiz tümörü,evet,0.15846,0.057324,0.784216
1767,1768,brain_tumor_figshare/1768.mat,97416,4,2,Hipofiz tümörü,2,Hipofiz tümörü,evet,0.057172,0.010215,0.932613
1768,1769,brain_tumor_figshare/1769.mat,97416,4,2,Hipofiz tümörü,2,Hipofiz tümörü,evet,0.077137,0.001578,0.921285
1769,1770,brain_tumor_figshare/1770.mat,97416,4,2,Hipofiz tümörü,2,Hipofiz tümörü,evet,0.068852,0.003514,0.927635
1770,1771,brain_tumor_figshare/1771.mat,97416,4,2,Hipofiz tümörü,2,Hipofiz tümörü,evet,0.234172,0.015768,0.75006
1771,1772,brain_tumor_figshare/1772.mat,97416,4,2,Hipofiz tümörü,2,Hipofiz tümörü,evet,0.441905,0.0082,0.549895
1772,1773,brain_tumor_figshare/1773.mat,97461,3,2,Hipofiz tümörü,2,Hipofiz tümörü,evet,0.071976,0.026404,0.90162
1773,1774,brain_tumor_figshare/1774.mat,97461,3,2,Hipofiz tümörü,2,Hipofiz tümörü,evet,0.00549,0.000106,0.994404
1774,1775,brain_tumor_figshare/1775.mat,97461,3,2,Hipofiz tümörü,2,Hipofiz tümörü,evet,0.013876,0.001813,0.984311
1775,1776,brain_tumor_figshare/1776.mat,97461,3,2,Hipofiz tümörü,2,Hipofiz tümörü,evet,0.196206,0.014464,0.78933
1776,1777,brain_tumor_figshare/1777.mat,97461,3,2,Hipofiz tümörü,2,Hipofiz tümörü,evet,0.029393,0.00013,0.970477
1777,1778,brain_tumor_figshare/1778.mat,97461,3,2,Hipofiz tümörü,2,Hipofiz tümörü,evet,0.16354,0.00149,0.83497
1778,1779,brain_tumor_figshare/1779.mat,97461,3,2,Hipofiz tümörü,2,Hipofiz tümörü,evet,0.097948,0.004907,0.897145
1779,1780,brain_tumor_figshare/1780.mat,97461,3,2,Hipofiz tümörü,2,Hipofiz tümörü,evet,0.05725,0.010652,0.932098
1780,1781,brain_tumor_figshare/1781.mat,97481,2,2,Hipofiz tümörü,2,Hipofiz tümörü,evet,0.023714,2.5e-05,0.976261
1781,1782,brain_tumor_figshare/1782.mat,97481,2,2,Hipofiz tümörü,2,Hipofiz tümörü,evet,0.01807,1.7e-05,0.981914
1782,1783,brain_tumor_figshare/1783.mat,97481,2,2,Hipofiz tümörü,2,Hipofiz tümörü,evet,0.003886,6e-06,0.996108
1783,1784,brain_tumor_figshare/1784.mat,97481,2,2,Hipofiz tümörü,2,Hipofiz tümörü,evet,0.010427,0.000111,0.989462
1784,1785,brain_tumor_figshare/1785.mat,97481,2,2,Hipofiz tümörü,2,Hipofiz tümörü,evet,0.002712,6.3e-05,0.997225
1785,1786,brain_tumor_figshare/1786.mat,97599,2,2,Hipofiz tümörü,2,Hipofiz tümörü,evet,0.064914,1.2e-05,0.935074
1786,1787,brain_tumor_figshare/1787.mat,97599,2,2,Hipofiz tümörü,2,Hipofiz tümörü,evet,0.055599,1.9e-05,0.944382
1787,1788,brain_tumor_figshare/1788.mat,97599,2,2,Hipofiz tümörü,2,Hipofiz tümörü,evet,0.03554,0.000125,0.964334
1788,1789,brain_tumor_figshare/1789.mat,97890,1,2,Hipofiz tümörü,2,Hipofiz tümörü,evet,0.090981,0.032915,0.876104
1789,1790,brain_tumor_figshare/1790.mat,97890,1,2,Hipofiz tümörü,2,Hipofiz tümörü,evet,0.39496,0.013977,0.591063
1790,1791,brain_tumor_figshare/1791.mat,97890,1,2,Hipofiz tümörü,2,Hipofiz tümörü,evet,0.167735,0.002732,0.829533
1791,1792,brain_tumor_figshare/1792.mat,97890,1,2,Hipofiz tümörü,2,Hipofiz tümörü,evet,0.351561,0.014603,0.633835
1792,1793,brain_tumor_figshare/1793.mat,97890,1,2,Hipofiz tümörü,2,Hipofiz tümörü,evet,0.385196,0.038665,0.576139
1793,1794,brain_tumor_figshare/1794.mat,97890,1,2,Hipofiz tümörü,2,Hipofiz tümörü,evet,0.102201,0.018762,0.879037
1794,1795,brain_tumor_figshare/1795.mat,98472,3,2,Hipofiz tümörü,2,Hipofiz tümörü,evet,0.054256,0.002156,0.943588
1795,1796,brain_tumor_figshare/1796.mat,98472,3,2,Hipofiz tümörü,2,Hipofiz tümörü,evet,0.133706,0.001949,0.864345
1796,1797,brain_tumor_figshare/1797.mat,98472,3,2,Hipofiz tümörü,2,Hipofiz tümörü,evet,0.039911,0.029878,0.930211
1797,1798,brain_tumor_figshare/1798.mat,98472,3,2,Hipofiz tümörü,2,Hipofiz tümörü,evet,0.165681,0.011053,0.823266
1798,1799,brain_tumor_figshare/1799.mat,98472,3,2,Hipofiz tümörü,2,Hipofiz tümörü,evet,0.130531,0.00039,0.869079
1799,1800,brain_tumor_figshare/1800.mat,98472,3,2,Hipofiz tümörü,2,Hipofiz tümörü,evet,0.255633,0.004272,0.740095
1800,1801,brain_tumor_figshare/1801.mat,98652,3,2,Hipofiz tümörü,2,Hipofiz tümörü,evet,0.006868,0.001414,0.991719
1801,1802,brain_tumor_figshare/1802.mat,98652,3,2,Hipofiz tümörü,2,Hipofiz tümörü,evet,0.001368,7.3e-05,0.998559
1802,1803,brain_tumor_figshare/1803.mat,98652,3,2,Hipofiz tümörü,2,Hipofiz tümörü,evet,0.005022,0.004437,0.990541
1803,1804,brain_tumor_figshare/1804.mat,98652,3,2,Hipofiz tümörü,2,Hipofiz tümörü,evet,0.000251,4e-05,0.999709
1804,1805,brain_tumor_figshare/1805.mat,98652,3,2,Hipofiz tümörü,2,Hipofiz tümörü,evet,0.000913,0.002566,0.99652
1805,1806,brain_tumor_figshare/1806.mat,98871,4,2,Hipofiz tümörü,2,Hipofiz tümörü,evet,0.473881,0.025853,0.500266
1806,1807,brain_tumor_figshare/1807.mat,98871,4,2,Hipofiz tümörü,2,Hipofiz tümörü,evet,0.320281,0.058445,0.621274
1807,1808,brain_tumor_figshare/1808.mat,98871,4,2,Hipofiz tümörü,2,Hipofiz tümörü,evet,0.126584,0.034679,0.838737
1808,1809,brain_tumor_figshare/1809.mat,98871,4,2,Hipofiz tümörü,2,Hipofiz tümörü,evet,0.098434,0.198225,0.703342
1809,1810,brain_tumor_figshare/1810.mat,98871,4,2,Hipofiz tümörü,1,Gliom,hayır,0.066176,0.477911,0.455913
1810,1811,brain_tumor_figshare/1811.mat,98871,4,2,Hipofiz tümörü,2,Hipofiz tümörü,evet,0.159549,0.066429,0.774022
1811,1812,brain_tumor_figshare/1812.mat,98871,4,2,Hipofiz tümörü,2,Hipofiz tümörü,evet,0.151379,0.013877,0.834745
1812,1813,brain_tumor_figshare/1813.mat,98874,1,2,Hipofiz tümörü,0,Meningiom,hayır,0.520192,0.118657,0.36115
1813,1814,brain_tumor_figshare/1814.mat,98874,1,2,Hipofiz tümörü,2,Hipofiz tümörü,evet,0.392098,0.014288,0.593614
1814,1815,brain_tumor_figshare/1815.mat,98874,1,2,Hipofiz tümörü,0,Meningiom,hayır,0.498722,0.017359,0.483919
1815,1816,brain_tumor_figshare/1816.mat,98874,1,2,Hipofiz tümörü,0,Meningiom,hayır,0.594488,0.07799,0.327522
1816,1817,brain_tumor_figshare/1817.mat,98874,1,2,Hipofiz tümörü,2,Hipofiz tümörü,evet,0.430197,0.028098,0.541705
1817,1818,brain_tumor_figshare/1818.mat,98874,1,2,Hipofiz tümörü,2,Hipofiz tümörü,evet,0.201436,0.041634,0.75693
1818,1819,brain_tumor_figshare/1819.mat,98992,5,2,Hipofiz tümörü,0,Meningiom,hayır,0.678804,0.106323,0.214873
1819,1820,brain_tumor_figshare/1820.mat,98992,5,2,Hipofiz tümörü,2,Hipofiz tümörü,evet,0.370312,0.001163,0.628526
1820,1821,brain_tumor_figshare/1821.mat,98992,5,2,Hipofiz tümörü,0,Meningiom,hayır,0.653561,0.007449,0.338991
1821,1822,brain_tumor_figshare/1822.mat,98992,5,2,Hipofiz tümörü,0,Meningiom,hayır,0.53975,0.131366,0.328884
1822,1823,brain_tumor_figshare/1823.mat,98992,5,2,Hipofiz tümörü,2,Hipofiz tümörü,evet,0.352947,0.041464,0.605589
1823,1824,brain_tumor_figshare/1824.mat,98992,5,2,Hipofiz tümörü,2,Hipofiz tümörü,evet,0.024911,0.002771,0.972318
1824,1825,brain_tumor_figshare/1825.mat,98992,5,2,Hipofiz tümörü,2,Hipofiz tümörü,evet,0.012607,0.001921,0.985472
1825,1826,brain_tumor_figshare/1826.mat,98992,5,2,Hipofiz tümörü,2,Hipofiz tümörü,evet,0.174694,0.04202,0.783287
1826,1827,brain_tumor_figshare/1827.mat,98992,5,2,Hipofiz tümörü,2,Hipofiz tümörü,evet,0.146403,0.029987,0.823609
1827,1828,brain_tumor_figshare/1828.mat,98992,5,2,Hipofiz tümörü,2,Hipofiz tümörü,evet,0.067995,0.008938,0.923068
1828,1829,brain_tumor_figshare/1829.mat,98992,5,2,Hipofiz tümörü,0,Meningiom,hayır,0.520722,0.12,0.359278
1829,1830,brain_tumor_figshare/1830.mat,98995,4,2,Hipofiz tümörü,2,Hipofiz tümörü,evet,0.018888,0.009082,0.97203
1830,1831,brain_tumor_figshare/1831.mat,98995,4,2,Hipofiz tümörü,2,Hipofiz tümörü,evet,0.01292,0.000969,0.986111
1831,1832,brain_tumor_figshare/1832.mat,98995,4,2,Hipofiz tümörü,2,Hipofiz tümörü,evet,0.006928,0.003661,0.989411
1832,1833,brain_tumor_figshare/1833.mat,98995,4,2,Hipofiz tümörü,2,Hipofiz tümörü,evet,0.06675,0.015824,0.917426
1833,1834,brain_tumor_figshare/1834.mat,98995,4,2,Hipofiz tümörü,2,Hipofiz tümörü,evet,0.041382,0.004546,0.954072
1834,1835,brain_tumor_figshare/1835.mat,99223,1,2,Hipofiz tümörü,2,Hipofiz tümörü,evet,0.107245,0.00464,0.888115
1835,1836,brain_tumor_figshare/1836.mat,99223,1,2,Hipofiz tümörü,2,Hipofiz tümörü,evet,0.039786,0.00234,0.957874
1836,1837,brain_tumor_figshare/1837.mat,99223,1,2,Hipofiz tümörü,2,Hipofiz tümörü,evet,0.213003,0.045315,0.741682
1837,1838,brain_tumor_figshare/1838.mat,99223,1,2,Hipofiz tümörü,2,Hipofiz tümörü,evet,0.153182,0.016313,0.830505
1838,1839,brain_tumor_figshare/1839.mat,99223,1,2,Hipofiz tümörü,2,Hipofiz tümörü,evet,0.158871,0.001016,0.840113
1839,1840,brain_tumor_figshare/1840.mat,99223,1,2,Hipofiz tümörü,2,Hipofiz tümörü,evet,0.131411,0.002509,0.86608
1840,1841,brain_tumor_figshare/1841.mat,MR048294,1,1,Gliom,1,Gliom,evet,0.060697,0.915899,0.023404
1841,1842,brain_tumor_figshare/1842.mat,MR048294,1,1,Gliom,1,Gliom,evet,0.005567,0.971024,0.023409
1842,1843,brain_tumor_figshare/1843.mat,MR048294,1,1,Gliom,1,Gliom,evet,0.000975,0.996493,0.002533
1843,1844,brain_tumor_figshare/1844.mat,MR048294,1,1,Gliom,1,Gliom,evet,0.0017,0.995271,0.003029
1844,1845,brain_tumor_figshare/1845.mat,MR048294,1,1,Gliom,1,Gliom,evet,0.001857,0.995562,0.002581
1845,1846,brain_tumor_figshare/1846.mat,MR048294,1,1,Gliom,1,Gliom,evet,0.00424,0.988518,0.007242
1846,1847,brain_tumor_figshare/1847.mat,MR048294,1,1,Gliom,1,Gliom,evet,0.014384,0.978628,0.006988
1847,1848,brain_tumor_figshare/1848.mat,MR048294,1,1,Gliom,1,Gliom,evet,0.006062,0.990731,0.003207
1848,1849,brain_tumor_figshare/1849.mat,MR048297,1,1,Gliom,1,Gliom,evet,0.007616,0.987774,0.004611
1849,1850,brain_tumor_figshare/1850.mat,MR048297,1,1,Gliom,1,Gliom,evet,0.01556,0.968207,0.016233
1850,1851,brain_tumor_figshare/1851.mat,MR048297,1,1,Gliom,1,Gliom,evet,0.010249,0.979343,0.010407
1851,1852,brain_tumor_figshare/1852.mat,MR048297,1,1,Gliom,1,Gliom,evet,0.004872,0.993457,0.001671
1852,1853,brain_tumor_figshare/1853.mat,MR048294B,5,1,Gliom,1,Gliom,evet,9e-06,0.999989,2e-06
1853,1854,brain_tumor_figshare/1854.mat,MR048621B,5,1,Gliom,1,Gliom,evet,0.06281,0.914985,0.022204
1854,1855,brain_tumor_figshare/1855.mat,MR048621B,5,1,Gliom,1,Gliom,evet,0.087039,0.883805,0.029156
1855,1856,brain_tumor_figshare/1856.mat,MR048621B,5,1,Gliom,1,Gliom,evet,0.007113,0.983291,0.009597
1856,1857,brain_tumor_figshare/1857.mat,MR048621B,5,1,Gliom,1,Gliom,evet,0.020847,0.977494,0.001658
1857,1858,brain_tumor_figshare/1858.mat,MR048621B,5,1,Gliom,1,Gliom,evet,0.056572,0.936698,0.006731
1858,1859,brain_tumor_figshare/1859.mat,MR048621B,5,1,Gliom,1,Gliom,evet,0.375614,0.562254,0.062133
1859,1860,brain_tumor_figshare/1860.mat,MR048621B,5,1,Gliom,0,Meningiom,hayır,0.898178,0.042231,0.059591
1860,1861,brain_tumor_figshare/1861.mat,MR048621B,5,1,Gliom,0,Meningiom,hayır,0.692735,0.298652,0.008613
1861,1862,brain_tumor_figshare/1862.mat,MR048944,5,1,Gliom,1,Gliom,evet,0.140608,0.837257,0.022135
1862,1863,brain_tumor_figshare/1863.mat,MR048944,5,1,Gliom,1,Gliom,evet,0.367098,0.611525,0.021377
1863,1864,brain_tumor_figshare/1864.mat,MR048944,5,1,Gliom,0,Meningiom,hayır,0.816754,0.147751,0.035495
1864,1865,brain_tumor_figshare/1865.mat,MR048944,5,1,Gliom,1,Gliom,evet,0.411605,0.577321,0.011074
1865,1866,brain_tumor_figshare/1866.mat,MR048944,5,1,Gliom,0,Meningiom,hayır,0.824582,0.17296,0.002459
1866,1867,brain_tumor_figshare/1867.mat,MR048944,5,1,Gliom,0,Meningiom,hayır,0.994211,0.001516,0.004272
1867,1868,brain_tumor_figshare/1868.mat,MR048944,5,1,Gliom,0,Meningiom,hayır,0.978878,0.014284,0.006838
1868,1869,brain_tumor_figshare/1869.mat,MR048944,5,1,Gliom,0,Meningiom,hayır,0.955914,0.040732,0.003353
1869,1870,brain_tumor_figshare/1870.mat,MR048994,2,1,Gliom,1,Gliom,evet,0.001328,0.998599,7.3e-05
1870,1871,brain_tumor_figshare/1871.mat,MR048994,2,1,Gliom,1,Gliom,evet,0.001188,0.998785,2.7e-05
1871,1872,brain_tumor_figshare/1872.mat,MR048994,2,1,Gliom,1,Gliom,evet,0.002485,0.997488,2.7e-05
1872,1873,brain_tumor_figshare/1873.mat,MR048994,2,1,Gliom,1,Gliom,evet,0.025895,0.973932,0.000174
1873,1874,brain_tumor_figshare/1874.mat,MR048994,2,1,Gliom,1,Gliom,evet,0.019782,0.979911,0.000307
1874,1875,brain_tumor_figshare/1875.mat,MR048994,2,1,Gliom,1,Gliom,evet,0.015723,0.981994,0.002284
1875,1876,brain_tumor_figshare/1876.mat,MR048994,2,1,Gliom,1,Gliom,evet,0.080497,0.914336,0.005168
1876,1877,brain_tumor_figshare/1877.mat,MR048994,2,1,Gliom,1,Gliom,evet,0.056568,0.942788,0.000643
1877,1878,brain_tumor_figshare/1878.mat,MR048994,2,1,Gliom,1,Gliom,evet,0.347032,0.652811,0.000157
1878,1879,brain_tumor_figshare/1879.mat,MR049104,1,1,Gliom,1,Gliom,evet,0.00385,0.99398,0.002171
1879,1880,brain_tumor_figshare/1880.mat,MR049104,1,1,Gliom,1,Gliom,evet,0.000675,0.999119,0.000206
1880,1881,brain_tumor_figshare/1881.mat,MR049142,5,1,Gliom,0,Meningiom,hayır,0.734495,0.245979,0.019526
1881,1882,brain_tumor_figshare/1882.mat,MR049142,5,1,Gliom,0,Meningiom,hayır,0.714542,0.245339,0.040119
1882,1883,brain_tumor_figshare/1883.mat,MR049142,5,1,Gliom,0,Meningiom,hayır,0.7569,0.217114,0.025986
1883,1884,brain_tumor_figshare/1884.mat,MR049142,5,1,Gliom,0,Meningiom,hayır,0.754585,0.194689,0.050726
1884,1885,brain_tumor_figshare/1885.mat,MR048994B,4,1,Gliom,1,Gliom,evet,0.003061,0.994397,0.002542
1885,1886,brain_tumor_figshare/1886.mat,MR048994B,4,1,Gliom,1,Gliom,evet,0.001077,0.997676,0.001247
1886,1887,brain_tumor_figshare/1887.mat,MR048994B,4,1,Gliom,1,Gliom,evet,0.001027,0.998269,0.000704
1887,1888,brain_tumor_figshare/1888.mat,MR048994B,4,1,Gliom,1,Gliom,evet,0.019017,0.972116,0.008867
1888,1889,brain_tumor_figshare/1889.mat,MR048994B,4,1,Gliom,1,Gliom,evet,0.00836,0.990884,0.000756
1889,1890,brain_tumor_figshare/1890.mat,MR048994B,4,1,Gliom,1,Gliom,evet,0.026515,0.971243,0.002242
1890,1891,brain_tumor_figshare/1891.mat,MR048994B,4,1,Gliom,1,Gliom,evet,0.030117,0.967676,0.002207
1891,1892,brain_tumor_figshare/1892.mat,MR048994B,4,1,Gliom,1,Gliom,evet,0.138749,0.845037,0.016214
1892,1893,brain_tumor_figshare/1893.mat,MR048944B,5,1,Gliom,1,Gliom,evet,0.00212,0.86548,0.1324
1893,1894,brain_tumor_figshare/1894.mat,MR048944B,5,1,Gliom,1,Gliom,evet,0.000561,0.995459,0.003981
1894,1895,brain_tumor_figshare/1895.mat,MR048944B,5,1,Gliom,1,Gliom,evet,0.000691,0.99875,0.000559
1895,1896,brain_tumor_figshare/1896.mat,MR048944B,5,1,Gliom,1,Gliom,evet,0.002801,0.996496,0.000703
1896,1897,brain_tumor_figshare/1897.mat,MR048944B,5,1,Gliom,1,Gliom,evet,0.00395,0.995358,0.000691
1897,1898,brain_tumor_figshare/1898.mat,MR048944B,5,1,Gliom,1,Gliom,evet,0.010189,0.986838,0.002973
1898,1899,brain_tumor_figshare/1899.mat,MR049358,3,1,Gliom,0,Meningiom,hayır,0.522572,0.368377,0.10905
1899,1900,brain_tumor_figshare/1900.mat,MR049358,3,1,Gliom,2,Hipofiz tümörü,hayır,0.08414,0.059548,0.856312
1900,1901,brain_tumor_figshare/1901.mat,MR049358,3,1,Gliom,1,Gliom,evet,0.06061,0.634665,0.304725
1901,1902,brain_tumor_figshare/1902.mat,MR049358,3,1,Gliom,1,Gliom,evet,0.000345,0.999113,0.000541
1902,1903,brain_tumor_figshare/1903.mat,MR049358,3,1,Gliom,1,Gliom,evet,6.3e-05,0.999079,0.000858
1903,1904,brain_tumor_figshare/1904.mat,MR049358,3,1,Gliom,1,Gliom,evet,3e-05,0.999453,0.000517
1904,1905,brain_tumor_figshare/1905.mat,MR049358,3,1,Gliom,1,Gliom,evet,0.001805,0.939979,0.058216
1905,1906,brain_tumor_figshare/1906.mat,MR049358,3,1,Gliom,1,Gliom,evet,2.1e-05,0.999657,0.000323
1906,1907,brain_tumor_figshare/1907.mat,MR049358,3,1,Gliom,1,Gliom,evet,0.000248,0.998433,0.001318
1907,1908,brain_tumor_figshare/1908.mat,MR049358,3,1,Gliom,1,Gliom,evet,0.001001,0.997263,0.001736
1908,1909,brain_tumor_figshare/1909.mat,MR049104B,3,1,Gliom,1,Gliom,evet,0.002286,0.980615,0.017098
1909,1910,brain_tumor_figshare/1910.mat,MR049104B,3,1,Gliom,1,Gliom,evet,1.5e-05,0.999891,9.5e-05
1910,1911,brain_tumor_figshare/1911.mat,MR049104B,3,1,Gliom,1,Gliom,evet,1.1e-05,0.99922,0.000769
1911,1912,brain_tumor_figshare/1912.mat,MR049104B,3,1,Gliom,1,Gliom,evet,1e-06,0.999996,3e-06
1912,1913,brain_tumor_figshare/1913.mat,MR049104B,3,1,Gliom,1,Gliom,evet,3.3e-05,0.999295,0.000672
1913,1914,brain_tumor_figshare/1914.mat,MR049453,2,1,Gliom,1,Gliom,evet,3.3e-05,0.999693,0.000274
1914,1915,brain_tumor_figshare/1915.mat,MR049453,2,1,Gliom,1,Gliom,evet,0.000618,0.989937,0.009446
1915,1916,brain_tumor_figshare/1916.mat,MR049453,2,1,Gliom,1,Gliom,evet,0.000455,0.997539,0.002005
1916,1917,brain_tumor_figshare/1917.mat,MR049453,2,1,Gliom,1,Gliom,evet,0.000288,0.999596,0.000116
1917,1918,brain_tumor_figshare/1918.mat,MR049453,2,1,Gliom,1,Gliom,evet,0.000306,0.999377,0.000317
1918,1919,brain_tumor_figshare/1919.mat,MR049453,2,1,Gliom,1,Gliom,evet,0.000184,0.999792,2.3e-05
1919,1920,brain_tumor_figshare/1920.mat,MR049453,2,1,Gliom,1,Gliom,evet,0.000609,0.999248,0.000142
1920,1921,brain_tumor_figshare/1921.mat,MR024780G,1,1,Gliom,1,Gliom,evet,0.159252,0.755268,0.08548
1921,1922,brain_tumor_figshare/1922.mat,MR024780G,1,1,Gliom,1,Gliom,evet,0.005573,0.992574,0.001853
1922,1923,brain_tumor_figshare/1923.mat,MR024780G,1,1,Gliom,1,Gliom,evet,0.003834,0.981046,0.01512
1923,1924,brain_tumor_figshare/1924.mat,MR024780G,1,1,Gliom,1,Gliom,evet,0.005381,0.979953,0.014666
1924,1925,brain_tumor_figshare/1925.mat,MR024780G,1,1,Gliom,1,Gliom,evet,0.014291,0.931,0.054708
1925,1926,brain_tumor_figshare/1926.mat,MR024780G,1,1,Gliom,1,Gliom,evet,0.017592,0.951797,0.03061
1926,1927,brain_tumor_figshare/1927.mat,MR024780G,1,1,Gliom,1,Gliom,evet,0.024819,0.951007,0.024174
1927,1928,brain_tumor_figshare/1928.mat,MR024780G,1,1,Gliom,1,Gliom,evet,0.026062,0.949048,0.024889
1928,1929,brain_tumor_figshare/1929.mat,MR024780G,1,1,Gliom,1,Gliom,evet,0.003523,0.995565,0.000912
1929,1930,brain_tumor_figshare/1930.mat,MR024780G,1,1,Gliom,1,Gliom,evet,0.005677,0.973555,0.020769
1930,1931,brain_tumor_figshare/1931.mat,MR024780G,1,1,Gliom,1,Gliom,evet,0.001207,0.988786,0.010007
1931,1932,brain_tumor_figshare/1932.mat,MR024780G,1,1,Gliom,1,Gliom,evet,0.003169,0.977723,0.019107
1932,1933,brain_tumor_figshare/1933.mat,MR024780G,1,1,Gliom,1,Gliom,evet,0.001363,0.983553,0.015084
1933,1934,brain_tumor_figshare/1934.mat,MR024780G,1,1,Gliom,1,Gliom,evet,0.002366,0.988516,0.009118
1934,1935,brain_tumor_figshare/1935.mat,MR024780G,1,1,Gliom,1,Gliom,evet,0.003064,0.989892,0.007044
1935,1936,brain_tumor_figshare/1936.mat,MR024780G,1,1,Gliom,1,Gliom,evet,0.007982,0.978556,0.013462
1936,1937,brain_tumor_figshare/1937.mat,MR049453B,1,1,Gliom,1,Gliom,evet,0.003728,0.971867,0.024404
1937,1938,brain_tumor_figshare/1938.mat,MR049453B,1,1,Gliom,1,Gliom,evet,0.008209,0.981626,0.010165
1938,1939,brain_tumor_figshare/1939.mat,MR049453B,1,1,Gliom,1,Gliom,evet,0.005306,0.987664,0.00703
1939,1940,brain_tumor_figshare/1940.mat,MR049453B,1,1,Gliom,1,Gliom,evet,0.001876,0.990854,0.00727
1940,1941,brain_tumor_figshare/1941.mat,MR049453B,1,1,Gliom,1,Gliom,evet,0.002313,0.992699,0.004988
1941,1942,brain_tumor_figshare/1942.mat,MR049453B,1,1,Gliom,1,Gliom,evet,0.001486,0.995148,0.003367
1942,1943,brain_tumor_figshare/1943.mat,MR049453B,1,1,Gliom,1,Gliom,evet,0.00705,0.982241,0.010709
1943,1944,brain_tumor_figshare/1944.mat,MR049453B,1,1,Gliom,1,Gliom,evet,0.008385,0.984595,0.00702
1944,1945,brain_tumor_figshare/1945.mat,MR048294B,5,1,Gliom,1,Gliom,evet,0.000429,0.999164,0.000407
1945,1946,brain_tumor_figshare/1946.mat,MR048294B,5,1,Gliom,1,Gliom,evet,0.000428,0.998808,0.000764
1946,1947,brain_tumor_figshare/1947.mat,MR048294B,5,1,Gliom,1,Gliom,evet,0.000845,0.997699,0.001456
1947,1948,brain_tumor_figshare/1948.mat,MR048621B,5,1,Gliom,0,Meningiom,hayır,0.736831,0.079832,0.183337
1948,1949,brain_tumor_figshare/1949.mat,MR048621B,5,1,Gliom,1,Gliom,evet,0.203006,0.773857,0.023137
1949,1950,brain_tumor_figshare/1950.mat,MR050135B,2,1,Gliom,1,Gliom,evet,0.009271,0.969245,0.021483
1950,1951,brain_tumor_figshare/1951.mat,MR050135B,2,1,Gliom,1,Gliom,evet,0.00018,0.997748,0.002072
1951,1952,brain_tumor_figshare/1952.mat,MR050135B,2,1,Gliom,1,Gliom,evet,0.001349,0.989342,0.009308
1952,1953,brain_tumor_figshare/1953.mat,MR050135B,2,1,Gliom,1,Gliom,evet,0.006999,0.986851,0.006149
1953,1954,brain_tumor_figshare/1954.mat,MR050135B,2,1,Gliom,1,Gliom,evet,0.009483,0.977813,0.012704
1954,1955,brain_tumor_figshare/1955.mat,MR050135B,2,1,Gliom,1,Gliom,evet,0.049699,0.942408,0.007893
1955,1956,brain_tumor_figshare/1956.mat,MR050135B,2,1,Gliom,1,Gliom,evet,9.1e-05,0.999534,0.000375
1956,1957,brain_tumor_figshare/1957.mat,MR050135B,2,1,Gliom,1,Gliom,evet,6.8e-05,0.999662,0.000269
1957,1958,brain_tumor_figshare/1958.mat,MR050135B,2,1,Gliom,1,Gliom,evet,0.000392,0.996412,0.003197
1958,1959,brain_tumor_figshare/1959.mat,MR050135B,2,1,Gliom,1,Gliom,evet,0.000649,0.993006,0.006345
1959,1960,brain_tumor_figshare/1960.mat,MR050135B,2,1,Gliom,1,Gliom,evet,0.001619,0.990622,0.007759
1960,1961,brain_tumor_figshare/1961.mat,MR050135B,2,1,Gliom,1,Gliom,evet,0.000408,0.995835,0.003757
1961,1962,brain_tumor_figshare/1962.mat,MR050135B,2,1,Gliom,1,Gliom,evet,0.001092,0.997664,0.001244
1962,1963,brain_tumor_figshare/1963.mat,MR050135B,2,1,Gliom,1,Gliom,evet,0.001032,0.996317,0.002651
1963,1964,brain_tumor_figshare/1964.mat,MR050687,1,1,Gliom,1,Gliom,evet,0.114309,0.796701,0.08899
1964,1965,brain_tumor_figshare/1965.mat,MR050687,1,1,Gliom,1,Gliom,evet,0.412868,0.47993,0.107202
1965,1966,brain_tumor_figshare/1966.mat,MR050687,1,1,Gliom,1,Gliom,evet,0.109474,0.799878,0.090648
1966,1967,brain_tumor_figshare/1967.mat,MR050687,1,1,Gliom,1,Gliom,evet,0.028596,0.954653,0.016751
1967,1968,brain_tumor_figshare/1968.mat,MR050687,1,1,Gliom,1,Gliom,evet,0.28166,0.646424,0.071916
1968,1969,brain_tumor_figshare/1969.mat,MR050687,1,1,Gliom,1,Gliom,evet,0.17049,0.796071,0.033438
1969,1970,brain_tumor_figshare/1970.mat,MR050687,1,1,Gliom,1,Gliom,evet,0.434647,0.494074,0.071279
1970,1971,brain_tumor_figshare/1971.mat,MR050687,1,1,Gliom,1,Gliom,evet,0.403353,0.551138,0.04551
1971,1972,brain_tumor_figshare/1972.mat,MR050687,1,1,Gliom,1,Gliom,evet,0.149593,0.836622,0.013785
1972,1973,brain_tumor_figshare/1973.mat,MR050687,1,1,Gliom,0,Meningiom,hayır,0.901122,0.087749,0.011129
1973,1974,brain_tumor_figshare/1974.mat,MR050791B,4,1,Gliom,1,Gliom,evet,0.246371,0.648376,0.105253
1974,1975,brain_tumor_figshare/1975.mat,MR050791B,4,1,Gliom,1,Gliom,evet,0.380575,0.529365,0.09006
1975,1976,brain_tumor_figshare/1976.mat,MR050791B,4,1,Gliom,0,Meningiom,hayır,0.49638,0.351365,0.152255
1976,1977,brain_tumor_figshare/1977.mat,MR050791B,4,1,Gliom,1,Gliom,evet,0.08971,0.866006,0.044283
1977,1978,brain_tumor_figshare/1978.mat,MR050791B,4,1,Gliom,1,Gliom,evet,0.031871,0.961163,0.006966
1978,1979,brain_tumor_figshare/1979.mat,MR050791B,4,1,Gliom,1,Gliom,evet,0.035472,0.954879,0.009649
1979,1980,brain_tumor_figshare/1980.mat,MR050791B,4,1,Gliom,1,Gliom,evet,0.008227,0.987201,0.004572
1980,1981,brain_tumor_figshare/1981.mat,MR050791B,4,1,Gliom,1,Gliom,evet,0.13858,0.765327,0.096093
1981,1982,brain_tumor_figshare/1982.mat,MR050791B,4,1,Gliom,1,Gliom,evet,0.066759,0.905083,0.028158
1982,1983,brain_tumor_figshare/1983.mat,MR050791B,4,1,Gliom,1,Gliom,evet,0.013989,0.983046,0.002966
1983,1984,brain_tumor_figshare/1984.mat,MR049019C,4,1,Gliom,1,Gliom,evet,0.208488,0.409669,0.381843
1984,1985,brain_tumor_figshare/1985.mat,MR049019C,4,1,Gliom,1,Gliom,evet,0.18615,0.604448,0.209402
1985,1986,brain_tumor_figshare/1986.mat,MR049019C,4,1,Gliom,0,Meningiom,hayır,0.470246,0.434312,0.095441
1986,1987,brain_tumor_figshare/1987.mat,MR026175C,4,1,Gliom,2,Hipofiz tümörü,hayır,0.022832,0.406268,0.5709
1987,1988,brain_tumor_figshare/1988.mat,MR026175C,4,1,Gliom,1,Gliom,evet,0.003468,0.992178,0.004355
1988,1989,brain_tumor_figshare/1989.mat,MR026175C,4,1,Gliom,1,Gliom,evet,0.017342,0.962945,0.019712
1989,1990,brain_tumor_figshare/1990.mat,MR026175C,4,1,Gliom,1,Gliom,evet,0.000393,0.999407,0.0002
1990,1991,brain_tumor_figshare/1991.mat,MR026175C,4,1,Gliom,1,Gliom,evet,0.000728,0.997149,0.002123
1991,1992,brain_tumor_figshare/1992.mat,MR026175C,4,1,Gliom,1,Gliom,evet,0.001033,0.99682,0.002147
1992,1993,brain_tumor_figshare/1993.mat,MR026175C,4,1,Gliom,1,Gliom,evet,0.002663,0.99343,0.003907
1993,1994,brain_tumor_figshare/1994.mat,MR026175C,4,1,Gliom,1,Gliom,evet,0.007704,0.976981,0.015315
1994,1995,brain_tumor_figshare/1995.mat,MR026175C,4,1,Gliom,1,Gliom,evet,0.001049,0.996889,0.002063
1995,1996,brain_tumor_figshare/1996.mat,MR026175C,4,1,Gliom,1,Gliom,evet,0.004448,0.991083,0.004469
1996,1997,brain_tumor_figshare/1997.mat,MR026175C,4,1,Gliom,1,Gliom,evet,0.004378,0.99274,0.002883
1997,1998,brain_tumor_figshare/1998.mat,MR051461,2,1,Gliom,1,Gliom,evet,0.000111,0.999866,2.3e-05
1998,1999,brain_tumor_figshare/1999.mat,MR051461,2,1,Gliom,1,Gliom,evet,0.000261,0.999532,0.000207
1999,2000,brain_tumor_figshare/2000.mat,MR051461,2,1,Gliom,1,Gliom,evet,0.000646,0.99821,0.001144
2000,2001,brain_tumor_figshare/2001.mat,MR051461,2,1,Gliom,1,Gliom,evet,0.000256,0.999145,0.000599
2001,2002,brain_tumor_figshare/2002.mat,MR051461,2,1,Gliom,1,Gliom,evet,0.000335,0.999422,0.000243
2002,2003,brain_tumor_figshare/2003.mat,MR051461,2,1,Gliom,1,Gliom,evet,0.003194,0.996475,0.000331
2003,2004,brain_tumor_figshare/2004.mat,MR051461,2,1,Gliom,1,Gliom,evet,0.003463,0.996472,6.5e-05
2004,2005,brain_tumor_figshare/2005.mat,MR051586,5,1,Gliom,1,Gliom,evet,0.000107,0.999558,0.000335
2005,2006,brain_tumor_figshare/2006.mat,MR051586,5,1,Gliom,1,Gliom,evet,0.001678,0.998179,0.000143
2006,2007,brain_tumor_figshare/2007.mat,MR051586,5,1,Gliom,1,Gliom,evet,0.004641,0.994793,0.000566
2007,2008,brain_tumor_figshare/2008.mat,MR051586,5,1,Gliom,1,Gliom,evet,0.000918,0.99902,6.2e-05
2008,2009,brain_tumor_figshare/2009.mat,MR051586,5,1,Gliom,1,Gliom,evet,0.000364,0.999571,6.5e-05
2009,2010,brain_tumor_figshare/2010.mat,MR051586,5,1,Gliom,1,Gliom,evet,0.000373,0.999585,4.2e-05
2010,2011,brain_tumor_figshare/2011.mat,MR051586,5,1,Gliom,1,Gliom,evet,0.000782,0.998911,0.000307
2011,2012,brain_tumor_figshare/2012.mat,MR051461B,4,1,Gliom,1,Gliom,evet,0.390737,0.572055,0.037209
2012,2013,brain_tumor_figshare/2013.mat,MR051461B,4,1,Gliom,1,Gliom,evet,0.34019,0.623016,0.036794
2013,2014,brain_tumor_figshare/2014.mat,MR051461B,4,1,Gliom,1,Gliom,evet,0.27785,0.710701,0.011449
2014,2015,brain_tumor_figshare/2015.mat,MR051461B,4,1,Gliom,1,Gliom,evet,0.363847,0.614774,0.021378
2015,2016,brain_tumor_figshare/2016.mat,MR051461B,4,1,Gliom,1,Gliom,evet,0.220868,0.764056,0.015075
2016,2017,brain_tumor_figshare/2017.mat,MR051644,4,1,Gliom,1,Gliom,evet,0.263808,0.67733,0.058862
2017,2018,brain_tumor_figshare/2018.mat,MR051644,4,1,Gliom,0,Meningiom,hayır,0.46719,0.402929,0.12988
2018,2019,brain_tumor_figshare/2019.mat,MR051644,4,1,Gliom,1,Gliom,evet,0.089534,0.857549,0.052917
2019,2020,brain_tumor_figshare/2020.mat,MR051644,4,1,Gliom,1,Gliom,evet,0.142655,0.842583,0.014762
2020,2021,brain_tumor_figshare/2021.mat,MR051644,4,1,Gliom,1,Gliom,evet,0.322206,0.654448,0.023346
2021,2022,brain_tumor_figshare/2022.mat,MR051644,4,1,Gliom,1,Gliom,evet,0.438196,0.493975,0.067829
2022,2023,brain_tumor_figshare/2023.mat,MR051644,4,1,Gliom,1,Gliom,evet,0.136406,0.841985,0.02161
2023,2024,brain_tumor_figshare/2024.mat,MR051644,4,1,Gliom,1,Gliom,evet,0.221117,0.680696,0.098187
2024,2025,brain_tumor_figshare/2025.mat,MR051644,4,1,Gliom,2,Hipofiz tümörü,hayır,0.364181,0.250028,0.385791
2025,2026,brain_tumor_figshare/2026.mat,MR051644,4,1,Gliom,0,Meningiom,hayır,0.47842,0.118827,0.402752
2026,2027,brain_tumor_figshare/2027.mat,MR051644,4,1,Gliom,1,Gliom,evet,0.057128,0.908268,0.034604
2027,2028,brain_tumor_figshare/2028.mat,MR051644,4,1,Gliom,1,Gliom,evet,0.205614,0.616015,0.17837
2028,2029,brain_tumor_figshare/2029.mat,MR051644,4,1,Gliom,1,Gliom,evet,0.02275,0.96209,0.01516
2029,2030,brain_tumor_figshare/2030.mat,MR051644,4,1,Gliom,1,Gliom,evet,0.125811,0.794344,0.079845
2030,2031,brain_tumor_figshare/2031.mat,MR051644,4,1,Gliom,1,Gliom,evet,0.017802,0.970772,0.011425
2031,2032,brain_tumor_figshare/2032.mat,MR051651,1,1,Gliom,1,Gliom,evet,0.129207,0.808836,0.061957
2032,2033,brain_tumor_figshare/2033.mat,MR051651,1,1,Gliom,1,Gliom,evet,0.210224,0.760397,0.029379
2033,2034,brain_tumor_figshare/2034.mat,MR051651,1,1,Gliom,1,Gliom,evet,0.371395,0.617367,0.011238
2034,2035,brain_tumor_figshare/2035.mat,MR051651,1,1,Gliom,1,Gliom,evet,0.373635,0.601674,0.024691
2035,2036,brain_tumor_figshare/2036.mat,MR051651,1,1,Gliom,0,Meningiom,hayır,0.648154,0.325883,0.025963
2036,2037,brain_tumor_figshare/2037.mat,MR051651,1,1,Gliom,0,Meningiom,hayır,0.654057,0.333972,0.011972
2037,2038,brain_tumor_figshare/2038.mat,MR051796,4,1,Gliom,1,Gliom,evet,0.009351,0.987439,0.00321
2038,2039,brain_tumor_figshare/2039.mat,MR051796,4,1,Gliom,1,Gliom,evet,0.00552,0.990626,0.003854
2039,2040,brain_tumor_figshare/2040.mat,MR051796,4,1,Gliom,1,Gliom,evet,0.022925,0.949443,0.027632
2040,2041,brain_tumor_figshare/2041.mat,MR051796,4,1,Gliom,1,Gliom,evet,0.052978,0.931701,0.01532
2041,2042,brain_tumor_figshare/2042.mat,MR051796,4,1,Gliom,1,Gliom,evet,0.213779,0.734486,0.051735
2042,2043,brain_tumor_figshare/2043.mat,MR051796,4,1,Gliom,1,Gliom,evet,0.354849,0.601738,0.043413
2043,2044,brain_tumor_figshare/2044.mat,MR051796,4,1,Gliom,0,Meningiom,hayır,0.708106,0.272125,0.019768
2044,2045,brain_tumor_figshare/2045.mat,MR051651B,3,1,Gliom,1,Gliom,evet,0.006677,0.989394,0.003929
2045,2046,brain_tumor_figshare/2046.mat,MR051651B,3,1,Gliom,1,Gliom,evet,0.010032,0.987436,0.002532
2046,2047,brain_tumor_figshare/2047.mat,MR051651B,3,1,Gliom,1,Gliom,evet,0.433388,0.565313,0.001299
2047,2048,brain_tumor_figshare/2048.mat,MR051651B,3,1,Gliom,1,Gliom,evet,0.168804,0.830478,0.000718
2048,2049,brain_tumor_figshare/2049.mat,MR051651B,3,1,Gliom,1,Gliom,evet,0.020896,0.9791,4e-06
2049,2050,brain_tumor_figshare/2050.mat,MR051651B,3,1,Gliom,1,Gliom,evet,0.028653,0.971309,3.8e-05
2050,2051,brain_tumor_figshare/2051.mat,MR051644B,3,1,Gliom,1,Gliom,evet,0.00059,0.99912,0.00029
2051,2052,brain_tumor_figshare/2052.mat,MR051644B,3,1,Gliom,1,Gliom,evet,0.000358,0.999419,0.000224
2052,2053,brain_tumor_figshare/2053.mat,MR051644B,3,1,Gliom,1,Gliom,evet,0.003207,0.995586,0.001207
2053,2054,brain_tumor_figshare/2054.mat,MR051644B,3,1,Gliom,1,Gliom,evet,0.002872,0.996347,0.000781
2054,2055,brain_tumor_figshare/2055.mat,MR051644B,3,1,Gliom,1,Gliom,evet,0.004809,0.994625,0.000567
2055,2056,brain_tumor_figshare/2056.mat,MR051644B,3,1,Gliom,1,Gliom,evet,0.000263,0.999659,7.8e-05
2056,2057,brain_tumor_figshare/2057.mat,MR051644B,3,1,Gliom,1,Gliom,evet,0.006003,0.993856,0.00014
2057,2058,brain_tumor_figshare/2058.mat,MR051796B,5,1,Gliom,1,Gliom,evet,0.002061,0.996267,0.001673
2058,2059,brain_tumor_figshare/2059.mat,MR051796B,5,1,Gliom,1,Gliom,evet,0.008368,0.989962,0.001669
2059,2060,brain_tumor_figshare/2060.mat,MR051796B,5,1,Gliom,1,Gliom,evet,0.001318,0.993682,0.005001
2060,2061,brain_tumor_figshare/2061.mat,MR052550,1,1,Gliom,1,Gliom,evet,0.006307,0.991738,0.001955
2061,2062,brain_tumor_figshare/2062.mat,MR052550,1,1,Gliom,1,Gliom,evet,0.01385,0.9833,0.00285
2062,2063,brain_tumor_figshare/2063.mat,MR052550,1,1,Gliom,1,Gliom,evet,0.001366,0.99834,0.000294
2063,2064,brain_tumor_figshare/2064.mat,MR052550,1,1,Gliom,1,Gliom,evet,0.000687,0.998582,0.00073
2064,2065,brain_tumor_figshare/2065.mat,MR051644C,4,1,Gliom,1,Gliom,evet,0.183098,0.634541,0.18236
2065,2066,brain_tumor_figshare/2066.mat,MR051644C,4,1,Gliom,1,Gliom,evet,0.003169,0.991591,0.00524
2066,2067,brain_tumor_figshare/2067.mat,MR051644C,4,1,Gliom,1,Gliom,evet,0.008098,0.989838,0.002064
2067,2068,brain_tumor_figshare/2068.mat,MR051644C,4,1,Gliom,1,Gliom,evet,0.007707,0.991043,0.00125
2068,2069,brain_tumor_figshare/2069.mat,MR051644C,4,1,Gliom,1,Gliom,evet,0.00426,0.981574,0.014166
2069,2070,brain_tumor_figshare/2070.mat,MR051644C,4,1,Gliom,1,Gliom,evet,0.001054,0.996075,0.002871
2070,2071,brain_tumor_figshare/2071.mat,MR051644C,4,1,Gliom,1,Gliom,evet,0.001221,0.995735,0.003044
2071,2072,brain_tumor_figshare/2072.mat,MR051644C,4,1,Gliom,1,Gliom,evet,0.002815,0.996083,0.001102
2072,2073,brain_tumor_figshare/2073.mat,MR051644C,4,1,Gliom,1,Gliom,evet,0.003152,0.99617,0.000678
2073,2074,brain_tumor_figshare/2074.mat,MR051644C,4,1,Gliom,1,Gliom,evet,0.014904,0.982687,0.00241
2074,2075,brain_tumor_figshare/2075.mat,MR051644C,4,1,Gliom,1,Gliom,evet,0.019509,0.976186,0.004306
2075,2076,brain_tumor_figshare/2076.mat,MR051644C,4,1,Gliom,1,Gliom,evet,0.013648,0.983299,0.003053
2076,2077,brain_tumor_figshare/2077.mat,MR049942B,3,1,Gliom,1,Gliom,evet,0.005021,0.993426,0.001553
2077,2078,brain_tumor_figshare/2078.mat,MR049942B,3,1,Gliom,1,Gliom,evet,1.8e-05,0.999966,1.6e-05
2078,2079,brain_tumor_figshare/2079.mat,MR049942B,3,1,Gliom,1,Gliom,evet,0.000154,0.9993,0.000546
2079,2080,brain_tumor_figshare/2080.mat,MR052585B,5,1,Gliom,1,Gliom,evet,9.7e-05,0.999834,6.9e-05
2080,2081,brain_tumor_figshare/2081.mat,MR052585B,5,1,Gliom,1,Gliom,evet,8e-05,0.999615,0.000305
2081,2082,brain_tumor_figshare/2082.mat,MR052585B,5,1,Gliom,1,Gliom,evet,0.000216,0.999691,9.3e-05
2082,2083,brain_tumor_figshare/2083.mat,MR047953C,4,1,Gliom,1,Gliom,evet,0.00502,0.988733,0.006247
2083,2084,brain_tumor_figshare/2084.mat,MR047953C,4,1,Gliom,1,Gliom,evet,0.001294,0.994897,0.003809
2084,2085,brain_tumor_figshare/2085.mat,MR047953C,4,1,Gliom,1,Gliom,evet,0.003224,0.975121,0.021655
2085,2086,brain_tumor_figshare/2086.mat,MR047953C,4,1,Gliom,1,Gliom,evet,0.003836,0.976168,0.019996
2086,2087,brain_tumor_figshare/2087.mat,MR053110B,1,1,Gliom,1,Gliom,evet,0.04679,0.92668,0.02653
2087,2088,brain_tumor_figshare/2088.mat,MR053110B,1,1,Gliom,1,Gliom,evet,0.020753,0.967088,0.012159
2088,2089,brain_tumor_figshare/2089.mat,MR053110B,1,1,Gliom,1,Gliom,evet,0.016383,0.976413,0.007204
2089,2090,brain_tumor_figshare/2090.mat,MR053110B,1,1,Gliom,1,Gliom,evet,0.00638,0.988171,0.005449
2090,2091,brain_tumor_figshare/2091.mat,MR053110B,1,1,Gliom,1,Gliom,evet,0.002627,0.994108,0.003265
2091,2092,brain_tumor_figshare/2092.mat,MR053110B,1,1,Gliom,1,Gliom,evet,0.005315,0.991179,0.003506
2092,2093,brain_tumor_figshare/2093.mat,MR034694,2,1,Gliom,1,Gliom,evet,2.6e-05,0.999795,0.000179
2093,2094,brain_tumor_figshare/2094.mat,MR034694,2,1,Gliom,1,Gliom,evet,2e-05,0.99993,4.9e-05
2094,2095,brain_tumor_figshare/2095.mat,MR034694,2,1,Gliom,1,Gliom,evet,0.000169,0.999539,0.000293
2095,2096,brain_tumor_figshare/2096.mat,MR034694,2,1,Gliom,1,Gliom,evet,8e-05,0.999867,5.3e-05
2096,2097,brain_tumor_figshare/2097.mat,MR054683,4,1,Gliom,1,Gliom,evet,0.027169,0.798489,0.174343
2097,2098,brain_tumor_figshare/2098.mat,MR054683,4,1,Gliom,2,Hipofiz tümörü,hayır,0.068119,0.408479,0.523402
2098,2099,brain_tumor_figshare/2099.mat,MR054683,4,1,Gliom,1,Gliom,evet,0.027707,0.7566,0.215693
2099,2100,brain_tumor_figshare/2100.mat,MR054875,1,1,Gliom,1,Gliom,evet,0.016655,0.97641,0.006935
2100,2101,brain_tumor_figshare/2101.mat,MR054875,1,1,Gliom,1,Gliom,evet,0.001244,0.996973,0.001783
2101,2102,brain_tumor_figshare/2102.mat,MR054875,1,1,Gliom,1,Gliom,evet,0.000634,0.998551,0.000815
2102,2103,brain_tumor_figshare/2103.mat,MR054875,1,1,Gliom,1,Gliom,evet,0.001145,0.996978,0.001878
2103,2104,brain_tumor_figshare/2104.mat,MR050687C,5,1,Gliom,1,Gliom,evet,0.001776,0.99772,0.000504
2104,2105,brain_tumor_figshare/2105.mat,MR050687C,5,1,Gliom,1,Gliom,evet,0.000295,0.998989,0.000716
2105,2106,brain_tumor_figshare/2106.mat,MR050687C,5,1,Gliom,1,Gliom,evet,3.8e-05,0.999747,0.000215
2106,2107,brain_tumor_figshare/2107.mat,MR050687C,5,1,Gliom,1,Gliom,evet,0.000901,0.986477,0.012621
2107,2108,brain_tumor_figshare/2108.mat,MR050687C,5,1,Gliom,1,Gliom,evet,0.000468,0.997919,0.001613
2108,2109,brain_tumor_figshare/2109.mat,MR056144,5,1,Gliom,1,Gliom,evet,0.008054,0.973196,0.018751
2109,2110,brain_tumor_figshare/2110.mat,MR056144,5,1,Gliom,1,Gliom,evet,0.006601,0.986352,0.007047
2110,2111,brain_tumor_figshare/2111.mat,MR056144,5,1,Gliom,1,Gliom,evet,0.029299,0.952501,0.018199
2111,2112,brain_tumor_figshare/2112.mat,MR034997,3,1,Gliom,1,Gliom,evet,0.001164,0.998675,0.000161
2112,2113,brain_tumor_figshare/2113.mat,MR034997,3,1,Gliom,1,Gliom,evet,0.00015,0.999665,0.000185
2113,2114,brain_tumor_figshare/2114.mat,MR034997,3,1,Gliom,1,Gliom,evet,9.4e-05,0.999844,6.1e-05
2114,2115,brain_tumor_figshare/2115.mat,MR034997,3,1,Gliom,1,Gliom,evet,0.000106,0.999671,0.000223
2115,2116,brain_tumor_figshare/2116.mat,MR034997,3,1,Gliom,1,Gliom,evet,0.000573,0.998464,0.000963
2116,2117,brain_tumor_figshare/2117.mat,MR034997,3,1,Gliom,1,Gliom,evet,0.004874,0.994416,0.00071
2117,2118,brain_tumor_figshare/2118.mat,MR034997,3,1,Gliom,1,Gliom,evet,0.000894,0.998536,0.00057
2118,2119,brain_tumor_figshare/2119.mat,MR029209E,5,1,Gliom,1,Gliom,evet,0.000167,0.997507,0.002325
2119,2120,brain_tumor_figshare/2120.mat,MR029209E,5,1,Gliom,1,Gliom,evet,9.8e-05,0.999391,0.000511
2120,2121,brain_tumor_figshare/2121.mat,MR029209E,5,1,Gliom,1,Gliom,evet,0.000166,0.999216,0.000618
2121,2122,brain_tumor_figshare/2122.mat,MR029209E,5,1,Gliom,1,Gliom,evet,0.00014,0.99942,0.000439
2122,2123,brain_tumor_figshare/2123.mat,MR029209E,5,1,Gliom,1,Gliom,evet,5.4e-05,0.999935,1.1e-05
2123,2124,brain_tumor_figshare/2124.mat,MR029209E,5,1,Gliom,1,Gliom,evet,0.000611,0.999345,4.4e-05
2124,2125,brain_tumor_figshare/2125.mat,MR029209E,5,1,Gliom,1,Gliom,evet,0.000355,0.999606,3.8e-05
2125,2126,brain_tumor_figshare/2126.mat,MR029209E,5,1,Gliom,1,Gliom,evet,0.003693,0.995587,0.000721
2126,2127,brain_tumor_figshare/2127.mat,MR029209E,5,1,Gliom,1,Gliom,evet,0.006313,0.99309,0.000597
2127,2128,brain_tumor_figshare/2128.mat,MR053110E,1,1,Gliom,1,Gliom,evet,0.114772,0.77492,0.110308
2128,2129,brain_tumor_figshare/2129.mat,MR053110E,1,1,Gliom,1,Gliom,evet,0.03647,0.913425,0.050105
2129,2130,brain_tumor_figshare/2130.mat,MR053110E,1,1,Gliom,1,Gliom,evet,0.054887,0.900291,0.044821
2130,2131,brain_tumor_figshare/2131.mat,MR053110E,1,1,Gliom,1,Gliom,evet,0.062109,0.763527,0.174364
2131,2132,brain_tumor_figshare/2132.mat,MR053110E,1,1,Gliom,1,Gliom,evet,0.00962,0.937478,0.052902
2132,2133,brain_tumor_figshare/2133.mat,MR053110E,1,1,Gliom,1,Gliom,evet,0.008236,0.970476,0.021288
2133,2134,brain_tumor_figshare/2134.mat,MR049019G,3,1,Gliom,1,Gliom,evet,0.000133,0.999774,9.3e-05
2134,2135,brain_tumor_figshare/2135.mat,MR049019G,3,1,Gliom,1,Gliom,evet,0.0006,0.999238,0.000162
2135,2136,brain_tumor_figshare/2136.mat,MR049019G,3,1,Gliom,1,Gliom,evet,0.00077,0.998374,0.000856
2136,2137,brain_tumor_figshare/2137.mat,MR049019G,3,1,Gliom,1,Gliom,evet,0.002715,0.995318,0.001967
2137,2138,brain_tumor_figshare/2138.mat,MR049019G,3,1,Gliom,1,Gliom,evet,0.005923,0.992126,0.001952
2138,2139,brain_tumor_figshare/2139.mat,MR049019G,3,1,Gliom,1,Gliom,evet,0.002364,0.997561,7.5e-05
2139,2140,brain_tumor_figshare/2140.mat,MR049019G,3,1,Gliom,1,Gliom,evet,0.005875,0.994119,7e-06
2140,2141,brain_tumor_figshare/2141.mat,MR031409B,2,1,Gliom,1,Gliom,evet,0.003454,0.996349,0.000197
2141,2142,brain_tumor_figshare/2142.mat,MR031409B,2,1,Gliom,1,Gliom,evet,0.025514,0.973931,0.000555
2142,2143,brain_tumor_figshare/2143.mat,MR031409B,2,1,Gliom,1,Gliom,evet,0.063336,0.936609,5.5e-05
2143,2144,brain_tumor_figshare/2144.mat,MR024780D,1,1,Gliom,1,Gliom,evet,0.009397,0.983352,0.007251
2144,2145,brain_tumor_figshare/2145.mat,MR024780D,1,1,Gliom,1,Gliom,evet,0.007526,0.979138,0.013336
2145,2146,brain_tumor_figshare/2146.mat,MR038469,3,1,Gliom,1,Gliom,evet,0.034879,0.964559,0.000562
2146,2147,brain_tumor_figshare/2147.mat,MR038469,3,1,Gliom,1,Gliom,evet,0.01151,0.969287,0.019203
2147,2148,brain_tumor_figshare/2148.mat,MR038469,3,1,Gliom,1,Gliom,evet,0.031608,0.936109,0.032283
2148,2149,brain_tumor_figshare/2149.mat,MR038469,3,1,Gliom,1,Gliom,evet,0.02005,0.960325,0.019626
2149,2150,brain_tumor_figshare/2150.mat,MR038469,3,1,Gliom,1,Gliom,evet,0.000529,0.998045,0.001426
2150,2151,brain_tumor_figshare/2151.mat,MR038469,3,1,Gliom,1,Gliom,evet,0.000105,0.999386,0.000509
2151,2152,brain_tumor_figshare/2152.mat,MR038469,3,1,Gliom,1,Gliom,evet,0.002747,0.942857,0.054396
2152,2153,brain_tumor_figshare/2153.mat,MR032322C,2,1,Gliom,1,Gliom,evet,3e-06,0.999997,0.0
2153,2154,brain_tumor_figshare/2154.mat,MR032322C,2,1,Gliom,1,Gliom,evet,0.003226,0.996564,0.00021
2154,2155,brain_tumor_figshare/2155.mat,MR032322C,2,1,Gliom,1,Gliom,evet,0.000968,0.997783,0.001249
2155,2156,brain_tumor_figshare/2156.mat,MR032322C,2,1,Gliom,1,Gliom,evet,0.000168,0.999736,9.6e-05
2156,2157,brain_tumor_figshare/2157.mat,MR032322C,2,1,Gliom,1,Gliom,evet,0.001427,0.998201,0.000372
2157,2158,brain_tumor_figshare/2158.mat,MR032322C,2,1,Gliom,1,Gliom,evet,5.3e-05,0.999928,1.9e-05
2158,2159,brain_tumor_figshare/2159.mat,MR032322C,2,1,Gliom,1,Gliom,evet,6.9e-05,0.999706,0.000225
2159,2160,brain_tumor_figshare/2160.mat,MR032322C,2,1,Gliom,1,Gliom,evet,0.000151,0.999718,0.000131
2160,2161,brain_tumor_figshare/2161.mat,MR032322C,2,1,Gliom,1,Gliom,evet,2.8e-05,0.999903,6.8e-05
2161,2162,brain_tumor_figshare/2162.mat,MR032322C,2,1,Gliom,1,Gliom,evet,0.000139,0.999847,1.4e-05
2162,2163,brain_tumor_figshare/2163.mat,MR032322C,2,1,Gliom,1,Gliom,evet,0.000512,0.999231,0.000257
2163,2164,brain_tumor_figshare/2164.mat,MR032322C,2,1,Gliom,1,Gliom,evet,0.001306,0.993728,0.004966
2164,2165,brain_tumor_figshare/2165.mat,MR032322C,2,1,Gliom,1,Gliom,evet,0.00442,0.993269,0.002311
2165,2166,brain_tumor_figshare/2166.mat,MR037458B,2,1,Gliom,0,Meningiom,hayır,0.672856,0.141064,0.18608
2166,2167,brain_tumor_figshare/2167.mat,MR037458B,2,1,Gliom,1,Gliom,evet,0.199128,0.686314,0.114558
2167,2168,brain_tumor_figshare/2168.mat,MR037458B,2,1,Gliom,1,Gliom,evet,0.243415,0.680712,0.075873
2168,2169,brain_tumor_figshare/2169.mat,MR037458B,2,1,Gliom,1,Gliom,evet,0.332182,0.62803,0.039788
2169,2170,brain_tumor_figshare/2170.mat,MR037458B,2,1,Gliom,1,Gliom,evet,0.190769,0.762414,0.046817
2170,2171,brain_tumor_figshare/2171.mat,MR037458B,2,1,Gliom,1,Gliom,evet,0.337993,0.631621,0.030386
2171,2172,brain_tumor_figshare/2172.mat,MR037458B,2,1,Gliom,0,Meningiom,hayır,0.543411,0.446915,0.009674
2172,2173,brain_tumor_figshare/2173.mat,MR037458B,2,1,Gliom,1,Gliom,evet,0.134721,0.863525,0.001754
2173,2174,brain_tumor_figshare/2174.mat,MR039473,4,1,Gliom,1,Gliom,evet,0.046298,0.602538,0.351164
2174,2175,brain_tumor_figshare/2175.mat,MR039473,4,1,Gliom,1,Gliom,evet,0.039834,0.599478,0.360688
2175,2176,brain_tumor_figshare/2176.mat,MR039473,4,1,Gliom,1,Gliom,evet,0.027297,0.860135,0.112568
2176,2177,brain_tumor_figshare/2177.mat,MR039473,4,1,Gliom,1,Gliom,evet,0.014516,0.96529,0.020195
2177,2178,brain_tumor_figshare/2178.mat,MR039473,4,1,Gliom,1,Gliom,evet,0.003917,0.994404,0.001679
2178,2179,brain_tumor_figshare/2179.mat,MR039473B,2,1,Gliom,2,Hipofiz tümörü,hayır,0.342553,0.151085,0.506362
2179,2180,brain_tumor_figshare/2180.mat,MR039473B,2,1,Gliom,1,Gliom,evet,0.003432,0.982951,0.013617
2180,2181,brain_tumor_figshare/2181.mat,MR039473B,2,1,Gliom,1,Gliom,evet,0.000542,0.981801,0.017657
2181,2182,brain_tumor_figshare/2182.mat,MR039473B,2,1,Gliom,1,Gliom,evet,0.000177,0.996272,0.003551
2182,2183,brain_tumor_figshare/2183.mat,MR039473B,2,1,Gliom,1,Gliom,evet,0.001614,0.993988,0.004398
2183,2184,brain_tumor_figshare/2184.mat,MR039473B,2,1,Gliom,1,Gliom,evet,0.000703,0.99253,0.006767
2184,2185,brain_tumor_figshare/2185.mat,MR039473B,2,1,Gliom,1,Gliom,evet,0.004312,0.98209,0.013597
2185,2186,brain_tumor_figshare/2186.mat,MR037458C,4,1,Gliom,1,Gliom,evet,0.103977,0.842013,0.054009
2186,2187,brain_tumor_figshare/2187.mat,MR037458C,4,1,Gliom,1,Gliom,evet,0.082237,0.766994,0.150769
2187,2188,brain_tumor_figshare/2188.mat,MR037458C,4,1,Gliom,1,Gliom,evet,0.148744,0.643464,0.207792
2188,2189,brain_tumor_figshare/2189.mat,MR037458C,4,1,Gliom,1,Gliom,evet,0.000922,0.998446,0.000632
2189,2190,brain_tumor_figshare/2190.mat,MR037458C,4,1,Gliom,1,Gliom,evet,0.006255,0.991514,0.002231
2190,2191,brain_tumor_figshare/2191.mat,MR037458C,4,1,Gliom,1,Gliom,evet,0.013669,0.979747,0.006584
2191,2192,brain_tumor_figshare/2192.mat,MR037458C,4,1,Gliom,1,Gliom,evet,0.052757,0.919488,0.027755
2192,2193,brain_tumor_figshare/2193.mat,MR037458C,4,1,Gliom,1,Gliom,evet,0.02391,0.974126,0.001964
2193,2194,brain_tumor_figshare/2194.mat,MR037458C,4,1,Gliom,1,Gliom,evet,0.094752,0.880608,0.02464
2194,2195,brain_tumor_figshare/2195.mat,MR037458C,4,1,Gliom,1,Gliom,evet,0.117409,0.857728,0.024863
2195,2196,brain_tumor_figshare/2196.mat,MR040240,5,1,Gliom,1,Gliom,evet,0.035607,0.93628,0.028113
2196,2197,brain_tumor_figshare/2197.mat,MR040240,5,1,Gliom,1,Gliom,evet,0.004037,0.946399,0.049564
2197,2198,brain_tumor_figshare/2198.mat,MR040240,5,1,Gliom,1,Gliom,evet,0.000164,0.999586,0.00025
2198,2199,brain_tumor_figshare/2199.mat,MR040240,5,1,Gliom,1,Gliom,evet,0.000322,0.999263,0.000415
2199,2200,brain_tumor_figshare/2200.mat,MR040240,5,1,Gliom,1,Gliom,evet,0.000405,0.998604,0.000991
2200,2201,brain_tumor_figshare/2201.mat,MR040240,5,1,Gliom,1,Gliom,evet,0.001881,0.993516,0.004603
2201,2202,brain_tumor_figshare/2202.mat,MR040240,5,1,Gliom,1,Gliom,evet,0.003604,0.995397,0.000999
2202,2203,brain_tumor_figshare/2203.mat,MR040240,5,1,Gliom,1,Gliom,evet,0.011199,0.984819,0.003982
2203,2204,brain_tumor_figshare/2204.mat,MR040240,5,1,Gliom,1,Gliom,evet,0.091891,0.898551,0.009559
2204,2205,brain_tumor_figshare/2205.mat,MR040240,5,1,Gliom,1,Gliom,evet,0.046054,0.947889,0.006057
2205,2206,brain_tumor_figshare/2206.mat,MR040240B,3,1,Gliom,1,Gliom,evet,0.001492,0.997436,0.001072
2206,2207,brain_tumor_figshare/2207.mat,MR040240B,3,1,Gliom,1,Gliom,evet,0.007115,0.966957,0.025928
2207,2208,brain_tumor_figshare/2208.mat,MR040240B,3,1,Gliom,1,Gliom,evet,0.000601,0.999133,0.000267
2208,2209,brain_tumor_figshare/2209.mat,MR040240B,3,1,Gliom,1,Gliom,evet,0.000273,0.997477,0.002249
2209,2210,brain_tumor_figshare/2210.mat,MR040240B,3,1,Gliom,1,Gliom,evet,0.00022,0.99943,0.00035
2210,2211,brain_tumor_figshare/2211.mat,MR040240B,3,1,Gliom,1,Gliom,evet,5.2e-05,0.999628,0.00032
2211,2212,brain_tumor_figshare/2212.mat,MR040240B,3,1,Gliom,1,Gliom,evet,0.000179,0.999181,0.000641
2212,2213,brain_tumor_figshare/2213.mat,MR040240B,3,1,Gliom,1,Gliom,evet,0.002163,0.977394,0.020444
2213,2214,brain_tumor_figshare/2214.mat,MR040240B,3,1,Gliom,1,Gliom,evet,0.007579,0.975912,0.016509
2214,2215,brain_tumor_figshare/2215.mat,MR040240B,3,1,Gliom,1,Gliom,evet,0.010256,0.951355,0.038389
2215,2216,brain_tumor_figshare/2216.mat,MR029209G,5,1,Gliom,1,Gliom,evet,0.000904,0.99431,0.004786
2216,2217,brain_tumor_figshare/2217.mat,MR029209G,5,1,Gliom,1,Gliom,evet,0.000119,0.999641,0.00024
2217,2218,brain_tumor_figshare/2218.mat,MR029209G,5,1,Gliom,1,Gliom,evet,0.000532,0.998867,0.000601
2218,2219,brain_tumor_figshare/2219.mat,MR029209G,5,1,Gliom,1,Gliom,evet,0.000645,0.999299,5.6e-05
2219,2220,brain_tumor_figshare/2220.mat,MR029209G,5,1,Gliom,1,Gliom,evet,0.00101,0.998891,9.9e-05
2220,2221,brain_tumor_figshare/2221.mat,MR029209G,5,1,Gliom,1,Gliom,evet,0.004837,0.993379,0.001784
2221,2222,brain_tumor_figshare/2222.mat,MR029209G,5,1,Gliom,1,Gliom,evet,0.012834,0.984686,0.002481
2222,2223,brain_tumor_figshare/2223.mat,MR029209G,5,1,Gliom,1,Gliom,evet,0.027171,0.972576,0.000252
2223,2224,brain_tumor_figshare/2224.mat,MR036496B,3,1,Gliom,1,Gliom,evet,0.000385,0.999569,4.6e-05
2224,2225,brain_tumor_figshare/2225.mat,MR036496B,3,1,Gliom,1,Gliom,evet,0.002043,0.997769,0.000188
2225,2226,brain_tumor_figshare/2226.mat,MR036496B,3,1,Gliom,1,Gliom,evet,0.00147,0.998399,0.000131
2226,2227,brain_tumor_figshare/2227.mat,MR036496B,3,1,Gliom,1,Gliom,evet,0.007238,0.988655,0.004106
2227,2228,brain_tumor_figshare/2228.mat,MR036496B,3,1,Gliom,1,Gliom,evet,0.002535,0.997304,0.00016
2228,2229,brain_tumor_figshare/2229.mat,MR036496B,3,1,Gliom,1,Gliom,evet,0.032235,0.967298,0.000468
2229,2230,brain_tumor_figshare/2230.mat,MR033420,5,1,Gliom,1,Gliom,evet,1.8e-05,0.999851,0.000131
2230,2231,brain_tumor_figshare/2231.mat,MR033420,5,1,Gliom,1,Gliom,evet,9.6e-05,0.998098,0.001806
2231,2232,brain_tumor_figshare/2232.mat,MR033420,5,1,Gliom,1,Gliom,evet,0.000803,0.996479,0.002718
2232,2233,brain_tumor_figshare/2233.mat,MR033420,5,1,Gliom,1,Gliom,evet,0.0011,0.997968,0.000932
2233,2234,brain_tumor_figshare/2234.mat,MR033420,5,1,Gliom,1,Gliom,evet,0.000841,0.986898,0.012261
2234,2235,brain_tumor_figshare/2235.mat,MR033420,5,1,Gliom,1,Gliom,evet,0.003741,0.98665,0.009609
2235,2236,brain_tumor_figshare/2236.mat,MR033420,5,1,Gliom,1,Gliom,evet,0.000403,0.999358,0.00024
2236,2237,brain_tumor_figshare/2237.mat,MR024780B,1,1,Gliom,1,Gliom,evet,0.051143,0.894758,0.054099
2237,2238,brain_tumor_figshare/2238.mat,MR024780B,1,1,Gliom,1,Gliom,evet,0.006498,0.989683,0.003819
2238,2239,brain_tumor_figshare/2239.mat,MR024780B,1,1,Gliom,1,Gliom,evet,0.011209,0.976613,0.012178
2239,2240,brain_tumor_figshare/2240.mat,MR024780B,1,1,Gliom,1,Gliom,evet,0.031749,0.923037,0.045213
2240,2241,brain_tumor_figshare/2241.mat,MR033389B,4,1,Gliom,1,Gliom,evet,0.00096,0.99889,0.00015
2241,2242,brain_tumor_figshare/2242.mat,MR048994,2,1,Gliom,1,Gliom,evet,0.040346,0.959416,0.000238
2242,2243,brain_tumor_figshare/2243.mat,MR048994,2,1,Gliom,1,Gliom,evet,0.087902,0.910956,0.001142
2243,2244,brain_tumor_figshare/2244.mat,MR049104,1,1,Gliom,1,Gliom,evet,0.007505,0.991838,0.000658
2244,2245,brain_tumor_figshare/2245.mat,MR049104,1,1,Gliom,1,Gliom,evet,0.017821,0.98043,0.001749
2245,2246,brain_tumor_figshare/2246.mat,MR049104,1,1,Gliom,1,Gliom,evet,0.006439,0.993,0.000562
2246,2247,brain_tumor_figshare/2247.mat,MR049142,5,1,Gliom,0,Meningiom,hayır,0.543028,0.128194,0.328778
2247,2248,brain_tumor_figshare/2248.mat,MR049142,5,1,Gliom,2,Hipofiz tümörü,hayır,0.332691,0.021312,0.645997
2248,2249,brain_tumor_figshare/2249.mat,MR049142,5,1,Gliom,2,Hipofiz tümörü,hayır,0.170732,0.075597,0.753671
2249,2250,brain_tumor_figshare/2250.mat,MR048994B,4,1,Gliom,1,Gliom,evet,0.014013,0.982863,0.003124
2250,2251,brain_tumor_figshare/2251.mat,MR048994B,4,1,Gliom,1,Gliom,evet,0.000999,0.99828,0.000722
2251,2252,brain_tumor_figshare/2252.mat,MR048994B,4,1,Gliom,1,Gliom,evet,0.005749,0.993375,0.000877
2252,2253,brain_tumor_figshare/2253.mat,MR048994B,4,1,Gliom,1,Gliom,evet,0.002486,0.997105,0.00041
2253,2254,brain_tumor_figshare/2254.mat,MR048944B,5,1,Gliom,1,Gliom,evet,6e-05,0.999007,0.000933
2254,2255,brain_tumor_figshare/2255.mat,MR048944B,5,1,Gliom,1,Gliom,evet,3.9e-05,0.999949,1.2e-05
2255,2256,brain_tumor_figshare/2256.mat,MR048944B,5,1,Gliom,1,Gliom,evet,0.000241,0.998114,0.001646
2256,2257,brain_tumor_figshare/2257.mat,MR048944B,5,1,Gliom,1,Gliom,evet,0.002287,0.996394,0.001319
2257,2258,brain_tumor_figshare/2258.mat,MR048944B,5,1,Gliom,1,Gliom,evet,0.002952,0.993935,0.003113
2258,2259,brain_tumor_figshare/2259.mat,MR048944B,5,1,Gliom,1,Gliom,evet,0.008296,0.989195,0.002509
2259,2260,brain_tumor_figshare/2260.mat,MR048944B,5,1,Gliom,1,Gliom,evet,0.003893,0.994132,0.001975
2260,2261,brain_tumor_figshare/2261.mat,MR049358,3,1,Gliom,1,Gliom,evet,0.001968,0.997999,3.3e-05
2261,2262,brain_tumor_figshare/2262.mat,MR049358,3,1,Gliom,1,Gliom,evet,0.029596,0.969982,0.000422
2262,2263,brain_tumor_figshare/2263.mat,MR049358,3,1,Gliom,1,Gliom,evet,0.034896,0.963955,0.001149
2263,2264,brain_tumor_figshare/2264.mat,MR049358,3,1,Gliom,1,Gliom,evet,0.03776,0.956785,0.005455
2264,2265,brain_tumor_figshare/2265.mat,MR049358,3,1,Gliom,1,Gliom,evet,0.031929,0.940977,0.027094
2265,2266,brain_tumor_figshare/2266.mat,MR049358,3,1,Gliom,1,Gliom,evet,0.018344,0.979549,0.002107
2266,2267,brain_tumor_figshare/2267.mat,MR049358,3,1,Gliom,1,Gliom,evet,0.021458,0.973045,0.005498
2267,2268,brain_tumor_figshare/2268.mat,MR049358,3,1,Gliom,1,Gliom,evet,0.007418,0.990829,0.001752
2268,2269,brain_tumor_figshare/2269.mat,MR049358,3,1,Gliom,1,Gliom,evet,0.084704,0.912483,0.002813
2269,2270,brain_tumor_figshare/2270.mat,MR049453,2,1,Gliom,1,Gliom,evet,0.001608,0.995766,0.002626
2270,2271,brain_tumor_figshare/2271.mat,MR049453,2,1,Gliom,1,Gliom,evet,0.017283,0.979557,0.00316
2271,2272,brain_tumor_figshare/2272.mat,MR049453,2,1,Gliom,1,Gliom,evet,0.008334,0.990836,0.00083
2272,2273,brain_tumor_figshare/2273.mat,MR049453,2,1,Gliom,1,Gliom,evet,0.000481,0.999458,6.1e-05
2273,2274,brain_tumor_figshare/2274.mat,MR049453,2,1,Gliom,1,Gliom,evet,0.000296,0.999618,8.7e-05
2274,2275,brain_tumor_figshare/2275.mat,MR049453,2,1,Gliom,1,Gliom,evet,0.000106,0.999857,3.7e-05
2275,2276,brain_tumor_figshare/2276.mat,MR049453,2,1,Gliom,1,Gliom,evet,0.003407,0.996298,0.000294
2276,2277,brain_tumor_figshare/2277.mat,MR049453,2,1,Gliom,1,Gliom,evet,0.01029,0.986063,0.003648
2277,2278,brain_tumor_figshare/2278.mat,MR049453,2,1,Gliom,1,Gliom,evet,0.069224,0.930256,0.000521
2278,2279,brain_tumor_figshare/2279.mat,MR024780G,1,1,Gliom,1,Gliom,evet,0.007085,0.991336,0.001579
2279,2280,brain_tumor_figshare/2280.mat,MR024780G,1,1,Gliom,1,Gliom,evet,0.007938,0.990686,0.001377
2280,2281,brain_tumor_figshare/2281.mat,MR024780G,1,1,Gliom,1,Gliom,evet,0.009931,0.988971,0.001098
2281,2282,brain_tumor_figshare/2282.mat,MR024780G,1,1,Gliom,1,Gliom,evet,0.006322,0.993403,0.000275
2282,2283,brain_tumor_figshare/2283.mat,MR024780G,1,1,Gliom,1,Gliom,evet,0.030852,0.966926,0.002222
2283,2284,brain_tumor_figshare/2284.mat,MR024780G,1,1,Gliom,1,Gliom,evet,0.030785,0.966061,0.003153
2284,2285,brain_tumor_figshare/2285.mat,MR024780G,1,1,Gliom,1,Gliom,evet,0.023271,0.971058,0.005671
2285,2286,brain_tumor_figshare/2286.mat,MR049453B,1,1,Gliom,1,Gliom,evet,0.042036,0.956446,0.001518
2286,2287,brain_tumor_figshare/2287.mat,MR049453B,1,1,Gliom,1,Gliom,evet,0.166096,0.828626,0.005278
2287,2288,brain_tumor_figshare/2288.mat,MR049453B,1,1,Gliom,1,Gliom,evet,0.044334,0.93068,0.024986
2288,2289,brain_tumor_figshare/2289.mat,MR049453B,1,1,Gliom,1,Gliom,evet,0.029125,0.93895,0.031925
2289,2290,brain_tumor_figshare/2290.mat,MR049453B,1,1,Gliom,1,Gliom,evet,0.022454,0.961084,0.016462
2290,2291,brain_tumor_figshare/2291.mat,MR049453B,1,1,Gliom,1,Gliom,evet,0.024612,0.889104,0.086284
2291,2292,brain_tumor_figshare/2292.mat,MR049453B,1,1,Gliom,1,Gliom,evet,0.124574,0.8668,0.008626
2292,2293,brain_tumor_figshare/2293.mat,MR049453B,1,1,Gliom,1,Gliom,evet,0.075457,0.910271,0.014273
2293,2294,brain_tumor_figshare/2294.mat,MR049453B,1,1,Gliom,1,Gliom,evet,0.054508,0.924255,0.021237
2294,2295,brain_tumor_figshare/2295.mat,MR049453B,1,1,Gliom,1,Gliom,evet,0.052922,0.910649,0.036429
2295,2296,brain_tumor_figshare/2296.mat,MR049453B,1,1,Gliom,1,Gliom,evet,0.013695,0.980199,0.006106
2296,2297,brain_tumor_figshare/2297.mat,MR049453B,1,1,Gliom,1,Gliom,evet,0.0065,0.987517,0.005983
2297,2298,brain_tumor_figshare/2298.mat,MR049453B,1,1,Gliom,1,Gliom,evet,0.017815,0.958897,0.023288
2298,2299,brain_tumor_figshare/2299.mat,MR049453B,1,1,Gliom,1,Gliom,evet,0.018298,0.976517,0.005186
2299,2300,brain_tumor_figshare/2300.mat,MR050135B,2,1,Gliom,1,Gliom,evet,0.033703,0.96611,0.000187
2300,2301,brain_tumor_figshare/2301.mat,MR050135B,2,1,Gliom,1,Gliom,evet,0.00561,0.994313,7.8e-05
2301,2302,brain_tumor_figshare/2302.mat,MR050135B,2,1,Gliom,1,Gliom,evet,0.000181,0.999804,1.5e-05
2302,2303,brain_tumor_figshare/2303.mat,MR050135B,2,1,Gliom,1,Gliom,evet,0.048292,0.949777,0.00193
2303,2304,brain_tumor_figshare/2304.mat,MR050135B,2,1,Gliom,1,Gliom,evet,0.004614,0.994869,0.000516
2304,2305,brain_tumor_figshare/2305.mat,MR050135B,2,1,Gliom,1,Gliom,evet,0.004204,0.984456,0.011339
2305,2306,brain_tumor_figshare/2306.mat,MR050135B,2,1,Gliom,1,Gliom,evet,0.01033,0.958687,0.030984
2306,2307,brain_tumor_figshare/2307.mat,MR050135B,2,1,Gliom,1,Gliom,evet,0.001194,0.995254,0.003552
2307,2308,brain_tumor_figshare/2308.mat,MR050135B,2,1,Gliom,1,Gliom,evet,0.00864,0.982634,0.008726
2308,2309,brain_tumor_figshare/2309.mat,MR050135B,2,1,Gliom,1,Gliom,evet,0.061992,0.907609,0.030399
2309,2310,brain_tumor_figshare/2310.mat,MR050135B,2,1,Gliom,1,Gliom,evet,0.003086,0.996149,0.000765
2310,2311,brain_tumor_figshare/2311.mat,MR050687,1,1,Gliom,1,Gliom,evet,0.065797,0.91567,0.018533
2311,2312,brain_tumor_figshare/2312.mat,MR050687,1,1,Gliom,1,Gliom,evet,0.009558,0.989933,0.00051
2312,2313,brain_tumor_figshare/2313.mat,MR050687,1,1,Gliom,1,Gliom,evet,0.013995,0.985012,0.000993
2313,2314,brain_tumor_figshare/2314.mat,MR050687,1,1,Gliom,1,Gliom,evet,0.075615,0.922124,0.002261
2314,2315,brain_tumor_figshare/2315.mat,MR050687,1,1,Gliom,1,Gliom,evet,0.106251,0.887022,0.006727
2315,2316,brain_tumor_figshare/2316.mat,MR050687,1,1,Gliom,1,Gliom,evet,0.210549,0.779357,0.010093
2316,2317,brain_tumor_figshare/2317.mat,MR050791B,4,1,Gliom,1,Gliom,evet,0.060447,0.933486,0.006067
2317,2318,brain_tumor_figshare/2318.mat,MR050791B,4,1,Gliom,1,Gliom,evet,0.043339,0.941822,0.01484
2318,2319,brain_tumor_figshare/2319.mat,MR050791B,4,1,Gliom,1,Gliom,evet,0.138182,0.835983,0.025835
2319,2320,brain_tumor_figshare/2320.mat,MR050791B,4,1,Gliom,1,Gliom,evet,0.030215,0.966037,0.003748
2320,2321,brain_tumor_figshare/2321.mat,MR049019C,4,1,Gliom,1,Gliom,evet,0.141286,0.492573,0.366141
2321,2322,brain_tumor_figshare/2322.mat,MR049019C,4,1,Gliom,1,Gliom,evet,0.167282,0.690911,0.141807
2322,2323,brain_tumor_figshare/2323.mat,MR049019C,4,1,Gliom,1,Gliom,evet,0.044211,0.81169,0.144099
2323,2324,brain_tumor_figshare/2324.mat,MR049019C,4,1,Gliom,1,Gliom,evet,0.010827,0.973565,0.015608
2324,2325,brain_tumor_figshare/2325.mat,MR049019C,4,1,Gliom,1,Gliom,evet,0.10198,0.732274,0.165745
2325,2326,brain_tumor_figshare/2326.mat,MR026175C,4,1,Gliom,1,Gliom,evet,0.017932,0.981471,0.000597
2326,2327,brain_tumor_figshare/2327.mat,MR026175C,4,1,Gliom,1,Gliom,evet,0.025302,0.973827,0.000871
2327,2328,brain_tumor_figshare/2328.mat,MR026175C,4,1,Gliom,1,Gliom,evet,0.056493,0.930321,0.013186
2328,2329,brain_tumor_figshare/2329.mat,MR026175C,4,1,Gliom,1,Gliom,evet,0.005938,0.993622,0.00044
2329,2330,brain_tumor_figshare/2330.mat,MR026175C,4,1,Gliom,1,Gliom,evet,0.02925,0.966665,0.004084
2330,2331,brain_tumor_figshare/2331.mat,MR026175C,4,1,Gliom,1,Gliom,evet,0.007853,0.982963,0.009184
2331,2332,brain_tumor_figshare/2332.mat,MR026175C,4,1,Gliom,1,Gliom,evet,0.003543,0.987107,0.00935
2332,2333,brain_tumor_figshare/2333.mat,MR051461,2,1,Gliom,1,Gliom,evet,0.043499,0.956389,0.000111
2333,2334,brain_tumor_figshare/2334.mat,MR051461,2,1,Gliom,1,Gliom,evet,0.013405,0.986513,8.2e-05
2334,2335,brain_tumor_figshare/2335.mat,MR051461,2,1,Gliom,1,Gliom,evet,0.004342,0.995595,6.3e-05
2335,2336,brain_tumor_figshare/2336.mat,MR051461,2,1,Gliom,1,Gliom,evet,0.002659,0.997079,0.000262
2336,2337,brain_tumor_figshare/2337.mat,MR051461,2,1,Gliom,1,Gliom,evet,0.006592,0.989518,0.00389
2337,2338,brain_tumor_figshare/2338.mat,MR051461,2,1,Gliom,1,Gliom,evet,0.000442,0.998922,0.000636
2338,2339,brain_tumor_figshare/2339.mat,MR051461,2,1,Gliom,1,Gliom,evet,0.000569,0.99811,0.001321
2339,2340,brain_tumor_figshare/2340.mat,MR051461,2,1,Gliom,1,Gliom,evet,0.000185,0.999793,2.2e-05
2340,2341,brain_tumor_figshare/2341.mat,MR051461,2,1,Gliom,1,Gliom,evet,0.000259,0.999728,1.3e-05
2341,2342,brain_tumor_figshare/2342.mat,MR051586,5,1,Gliom,1,Gliom,evet,0.001791,0.998184,2.6e-05
2342,2343,brain_tumor_figshare/2343.mat,MR051586,5,1,Gliom,1,Gliom,evet,0.007513,0.991605,0.000882
2343,2344,brain_tumor_figshare/2344.mat,MR033389B,4,1,Gliom,1,Gliom,evet,0.0062,0.992163,0.001637
2344,2345,brain_tumor_figshare/2345.mat,MR033389B,4,1,Gliom,1,Gliom,evet,0.001528,0.998238,0.000234
2345,2346,brain_tumor_figshare/2346.mat,MR033389B,4,1,Gliom,1,Gliom,evet,0.003314,0.996292,0.000394
2346,2347,brain_tumor_figshare/2347.mat,MR033389B,4,1,Gliom,1,Gliom,evet,0.011526,0.988053,0.00042
2347,2348,brain_tumor_figshare/2348.mat,MR033389B,4,1,Gliom,1,Gliom,evet,0.014622,0.984529,0.000849
2348,2349,brain_tumor_figshare/2349.mat,MR024780E,4,1,Gliom,1,Gliom,evet,0.011537,0.981271,0.007192
2349,2350,brain_tumor_figshare/2350.mat,MR026175E,2,1,Gliom,1,Gliom,evet,0.018419,0.962306,0.019274
2350,2351,brain_tumor_figshare/2351.mat,MR026175E,2,1,Gliom,1,Gliom,evet,0.010689,0.981474,0.007837
2351,2352,brain_tumor_figshare/2352.mat,MR026175E,2,1,Gliom,1,Gliom,evet,0.000365,0.999396,0.000239
2352,2353,brain_tumor_figshare/2353.mat,MR026175E,2,1,Gliom,1,Gliom,evet,0.001105,0.998762,0.000133
2353,2354,brain_tumor_figshare/2354.mat,MR026175E,2,1,Gliom,1,Gliom,evet,0.000291,0.999581,0.000129
2354,2355,brain_tumor_figshare/2355.mat,MR026175E,2,1,Gliom,1,Gliom,evet,1.7e-05,0.999927,5.6e-05
2355,2356,brain_tumor_figshare/2356.mat,MR026175E,2,1,Gliom,1,Gliom,evet,8e-05,0.999866,5.4e-05
2356,2357,brain_tumor_figshare/2357.mat,MR026175E,2,1,Gliom,1,Gliom,evet,3.6e-05,0.999939,2.5e-05
2357,2358,brain_tumor_figshare/2358.mat,MR026175E,2,1,Gliom,1,Gliom,evet,0.00021,0.999731,5.9e-05
2358,2359,brain_tumor_figshare/2359.mat,MR026175E,2,1,Gliom,1,Gliom,evet,6e-05,0.999718,0.000222
2359,2360,brain_tumor_figshare/2360.mat,MR026175E,2,1,Gliom,1,Gliom,evet,0.000276,0.999549,0.000175
2360,2361,brain_tumor_figshare/2361.mat,MR026175E,2,1,Gliom,1,Gliom,evet,3.6e-05,0.999945,1.9e-05
2361,2362,brain_tumor_figshare/2362.mat,MR040240C,2,1,Gliom,1,Gliom,evet,0.03476,0.878341,0.086899
2362,2363,brain_tumor_figshare/2363.mat,MR040240C,2,1,Gliom,1,Gliom,evet,0.009235,0.975135,0.01563
2363,2364,brain_tumor_figshare/2364.mat,MR040240C,2,1,Gliom,1,Gliom,evet,0.046895,0.919158,0.033947
2364,2365,brain_tumor_figshare/2365.mat,MR040240C,2,1,Gliom,1,Gliom,evet,0.0004,0.998722,0.000877
2365,2366,brain_tumor_figshare/2366.mat,MR040240C,2,1,Gliom,1,Gliom,evet,0.000624,0.990919,0.008457
2366,2367,brain_tumor_figshare/2367.mat,MR040240C,2,1,Gliom,1,Gliom,evet,8.9e-05,0.986552,0.013359
2367,2368,brain_tumor_figshare/2368.mat,MR040240C,2,1,Gliom,1,Gliom,evet,5.7e-05,0.998758,0.001186
2368,2369,brain_tumor_figshare/2369.mat,MR040240C,2,1,Gliom,1,Gliom,evet,0.007059,0.840749,0.152192
2369,2370,brain_tumor_figshare/2370.mat,MR040240C,2,1,Gliom,1,Gliom,evet,0.001159,0.990954,0.007887
2370,2371,brain_tumor_figshare/2371.mat,MR040240C,2,1,Gliom,1,Gliom,evet,0.05881,0.764845,0.176344
2371,2372,brain_tumor_figshare/2372.mat,MR040240C,2,1,Gliom,1,Gliom,evet,0.010457,0.981477,0.008066
2372,2373,brain_tumor_figshare/2373.mat,MR040240D,4,1,Gliom,1,Gliom,evet,0.191296,0.696111,0.112593
2373,2374,brain_tumor_figshare/2374.mat,MR040240D,4,1,Gliom,1,Gliom,evet,0.018916,0.956529,0.024554
2374,2375,brain_tumor_figshare/2375.mat,MR040240D,4,1,Gliom,1,Gliom,evet,0.022001,0.959324,0.018675
2375,2376,brain_tumor_figshare/2376.mat,MR040240D,4,1,Gliom,1,Gliom,evet,0.001529,0.9967,0.001772
2376,2377,brain_tumor_figshare/2377.mat,MR040240D,4,1,Gliom,1,Gliom,evet,0.000569,0.998689,0.000742
2377,2378,brain_tumor_figshare/2378.mat,MR040240D,4,1,Gliom,1,Gliom,evet,0.000951,0.997143,0.001906
2378,2379,brain_tumor_figshare/2379.mat,MR040240D,4,1,Gliom,1,Gliom,evet,0.006816,0.982342,0.010842
2379,2380,brain_tumor_figshare/2380.mat,MR040240D,4,1,Gliom,1,Gliom,evet,0.010958,0.981025,0.008017
2380,2381,brain_tumor_figshare/2381.mat,MR040240D,4,1,Gliom,1,Gliom,evet,0.016296,0.965644,0.01806
2381,2382,brain_tumor_figshare/2382.mat,MR040240D,4,1,Gliom,1,Gliom,evet,0.009955,0.984873,0.005173
2382,2383,brain_tumor_figshare/2383.mat,MR040240D,4,1,Gliom,1,Gliom,evet,0.03494,0.936995,0.028065
2383,2384,brain_tumor_figshare/2384.mat,MR017260F,2,1,Gliom,1,Gliom,evet,0.003474,0.99354,0.002986
2384,2385,brain_tumor_figshare/2385.mat,MR017260F,2,1,Gliom,1,Gliom,evet,0.001902,0.982849,0.015249
2385,2386,brain_tumor_figshare/2386.mat,MR017260F,2,1,Gliom,1,Gliom,evet,0.000526,0.996325,0.003148
2386,2387,brain_tumor_figshare/2387.mat,MR017260F,2,1,Gliom,1,Gliom,evet,0.000253,0.9996,0.000147
2387,2388,brain_tumor_figshare/2388.mat,MR017260F,2,1,Gliom,1,Gliom,evet,0.003976,0.993101,0.002922
2388,2389,brain_tumor_figshare/2389.mat,MR017260F,2,1,Gliom,1,Gliom,evet,0.000605,0.998351,0.001044
2389,2390,brain_tumor_figshare/2390.mat,MR017260F,2,1,Gliom,1,Gliom,evet,0.000246,0.999662,9.1e-05
2390,2391,brain_tumor_figshare/2391.mat,MR017260F,2,1,Gliom,1,Gliom,evet,0.000514,0.999126,0.00036
2391,2392,brain_tumor_figshare/2392.mat,MR017260F,2,1,Gliom,1,Gliom,evet,0.003249,0.992122,0.004629
2392,2393,brain_tumor_figshare/2393.mat,MR017260F,2,1,Gliom,1,Gliom,evet,0.003376,0.996142,0.000482
2393,2394,brain_tumor_figshare/2394.mat,MR029209I,4,1,Gliom,1,Gliom,evet,0.003183,0.993352,0.003465
2394,2395,brain_tumor_figshare/2395.mat,MR029209I,4,1,Gliom,1,Gliom,evet,0.005758,0.991457,0.002784
2395,2396,brain_tumor_figshare/2396.mat,MR029209I,4,1,Gliom,1,Gliom,evet,0.009524,0.983443,0.007033
2396,2397,brain_tumor_figshare/2397.mat,MR029209I,4,1,Gliom,1,Gliom,evet,0.021163,0.962489,0.016348
2397,2398,brain_tumor_figshare/2398.mat,MR029209I,4,1,Gliom,1,Gliom,evet,0.010719,0.984109,0.005173
2398,2399,brain_tumor_figshare/2399.mat,MR029209I,4,1,Gliom,1,Gliom,evet,0.016206,0.966896,0.016898
2399,2400,brain_tumor_figshare/2400.mat,MR029209I,4,1,Gliom,1,Gliom,evet,0.022851,0.973901,0.003248
2400,2401,brain_tumor_figshare/2401.mat,MR029209I,4,1,Gliom,1,Gliom,evet,0.075312,0.910334,0.014354
2401,2402,brain_tumor_figshare/2402.mat,MR029209I,4,1,Gliom,1,Gliom,evet,0.132319,0.860404,0.007278
2402,2403,brain_tumor_figshare/2403.mat,MR048294,1,1,Gliom,1,Gliom,evet,0.006101,0.972964,0.020935
2403,2404,brain_tumor_figshare/2404.mat,MR048294,1,1,Gliom,1,Gliom,evet,0.011264,0.973967,0.01477
2404,2405,brain_tumor_figshare/2405.mat,MR048294,1,1,Gliom,1,Gliom,evet,0.067874,0.901297,0.030828
2405,2406,brain_tumor_figshare/2406.mat,MR048294,1,1,Gliom,1,Gliom,evet,0.025077,0.957569,0.017354
2406,2407,brain_tumor_figshare/2407.mat,MR048294,1,1,Gliom,1,Gliom,evet,0.067407,0.91,0.022593
2407,2408,brain_tumor_figshare/2408.mat,MR048294,1,1,Gliom,1,Gliom,evet,0.015044,0.970621,0.014335
2408,2409,brain_tumor_figshare/2409.mat,MR048294,1,1,Gliom,1,Gliom,evet,0.08052,0.823415,0.096065
2409,2410,brain_tumor_figshare/2410.mat,MR048297,1,1,Gliom,1,Gliom,evet,0.019457,0.969103,0.011441
2410,2411,brain_tumor_figshare/2411.mat,MR048297,1,1,Gliom,1,Gliom,evet,0.02302,0.969536,0.007443
2411,2412,brain_tumor_figshare/2412.mat,MR048297,1,1,Gliom,1,Gliom,evet,0.02714,0.963786,0.009074
2412,2413,brain_tumor_figshare/2413.mat,MR048297,1,1,Gliom,1,Gliom,evet,0.026348,0.95022,0.023432
2413,2414,brain_tumor_figshare/2414.mat,MR048297,1,1,Gliom,1,Gliom,evet,0.00735,0.976103,0.016547
2414,2415,brain_tumor_figshare/2415.mat,MR048294B,5,1,Gliom,1,Gliom,evet,0.001391,0.996778,0.00183
2415,2416,brain_tumor_figshare/2416.mat,MR048294B,5,1,Gliom,1,Gliom,evet,0.002606,0.991546,0.005848
2416,2417,brain_tumor_figshare/2417.mat,MR048294B,5,1,Gliom,1,Gliom,evet,0.001916,0.995321,0.002763
2417,2418,brain_tumor_figshare/2418.mat,MR048294B,5,1,Gliom,1,Gliom,evet,0.00058,0.99286,0.006561
2418,2419,brain_tumor_figshare/2419.mat,MR048294B,5,1,Gliom,1,Gliom,evet,0.004046,0.868345,0.12761
2419,2420,brain_tumor_figshare/2420.mat,MR048621B,5,1,Gliom,1,Gliom,evet,0.010801,0.988758,0.000441
2420,2421,brain_tumor_figshare/2421.mat,MR048621B,5,1,Gliom,1,Gliom,evet,0.001657,0.998332,1.1e-05
2421,2422,brain_tumor_figshare/2422.mat,MR048621B,5,1,Gliom,1,Gliom,evet,0.010417,0.988795,0.000787
2422,2423,brain_tumor_figshare/2423.mat,MR048621B,5,1,Gliom,1,Gliom,evet,0.009701,0.990063,0.000235
2423,2424,brain_tumor_figshare/2424.mat,MR048621B,5,1,Gliom,1,Gliom,evet,0.00206,0.997853,8.6e-05
2424,2425,brain_tumor_figshare/2425.mat,MR048621B,5,1,Gliom,1,Gliom,evet,0.000614,0.999353,3.3e-05
2425,2426,brain_tumor_figshare/2426.mat,MR048944,5,1,Gliom,1,Gliom,evet,0.000374,0.999615,1.1e-05
2426,2427,brain_tumor_figshare/2427.mat,MR048944,5,1,Gliom,1,Gliom,evet,0.010569,0.98871,0.000721
2427,2428,brain_tumor_figshare/2428.mat,MR048944,5,1,Gliom,1,Gliom,evet,0.002281,0.997696,2.2e-05
2428,2429,brain_tumor_figshare/2429.mat,MR048944,5,1,Gliom,1,Gliom,evet,0.021225,0.978574,0.000201
2429,2430,brain_tumor_figshare/2430.mat,MR048944,5,1,Gliom,1,Gliom,evet,0.000721,0.999165,0.000115
2430,2431,brain_tumor_figshare/2431.mat,MR048944,5,1,Gliom,1,Gliom,evet,0.003701,0.99629,9e-06
2431,2432,brain_tumor_figshare/2432.mat,MR048944,5,1,Gliom,1,Gliom,evet,0.001191,0.998805,4e-06
2432,2433,brain_tumor_figshare/2433.mat,MR048944,5,1,Gliom,1,Gliom,evet,0.000338,0.999656,6e-06
2433,2434,brain_tumor_figshare/2434.mat,MR048944,5,1,Gliom,1,Gliom,evet,0.000185,0.999806,8e-06
2434,2435,brain_tumor_figshare/2435.mat,MR048994,2,1,Gliom,1,Gliom,evet,0.188463,0.811492,4.6e-05
2435,2436,brain_tumor_figshare/2436.mat,MR048994,2,1,Gliom,1,Gliom,evet,0.076375,0.923546,8e-05
2436,2437,brain_tumor_figshare/2437.mat,MR048994,2,1,Gliom,1,Gliom,evet,0.036861,0.963077,6.2e-05
2437,2438,brain_tumor_figshare/2438.mat,MR048994,2,1,Gliom,1,Gliom,evet,0.002905,0.997086,9e-06
2438,2439,brain_tumor_figshare/2439.mat,MR048994,2,1,Gliom,1,Gliom,evet,0.003125,0.99684,3.5e-05
2439,2440,brain_tumor_figshare/2440.mat,MR048994,2,1,Gliom,1,Gliom,evet,0.000539,0.999461,0.0
2440,2441,brain_tumor_figshare/2441.mat,MR048994,2,1,Gliom,1,Gliom,evet,0.013456,0.98649,5.3e-05
2441,2442,brain_tumor_figshare/2442.mat,MR037458C,4,1,Gliom,1,Gliom,evet,0.024858,0.974127,0.001014
2442,2443,brain_tumor_figshare/2443.mat,MR040240,5,1,Gliom,1,Gliom,evet,0.001132,0.998855,1.3e-05
2443,2444,brain_tumor_figshare/2444.mat,MR040240,5,1,Gliom,1,Gliom,evet,0.040979,0.958829,0.000191
2444,2445,brain_tumor_figshare/2445.mat,MR040240,5,1,Gliom,1,Gliom,evet,0.017804,0.982159,3.7e-05
2445,2446,brain_tumor_figshare/2446.mat,MR040240,5,1,Gliom,1,Gliom,evet,0.026414,0.971153,0.002433
2446,2447,brain_tumor_figshare/2447.mat,MR040240,5,1,Gliom,1,Gliom,evet,0.007472,0.990266,0.002262
2447,2448,brain_tumor_figshare/2448.mat,MR040240,5,1,Gliom,1,Gliom,evet,0.007539,0.9895,0.002961
2448,2449,brain_tumor_figshare/2449.mat,MR040240,5,1,Gliom,1,Gliom,evet,0.009239,0.989111,0.00165
2449,2450,brain_tumor_figshare/2450.mat,MR040240,5,1,Gliom,1,Gliom,evet,0.031433,0.965047,0.003521
2450,2451,brain_tumor_figshare/2451.mat,MR040240,5,1,Gliom,1,Gliom,evet,0.000355,0.999591,5.4e-05
2451,2452,brain_tumor_figshare/2452.mat,MR040240,5,1,Gliom,0,Meningiom,hayır,0.570112,0.401311,0.028578
2452,2453,brain_tumor_figshare/2453.mat,MR040240B,3,1,Gliom,1,Gliom,evet,0.000905,0.997378,0.001717
2453,2454,brain_tumor_figshare/2454.mat,MR040240B,3,1,Gliom,1,Gliom,evet,0.003115,0.996589,0.000296
2454,2455,brain_tumor_figshare/2455.mat,MR040240B,3,1,Gliom,1,Gliom,evet,0.01353,0.978887,0.007583
2455,2456,brain_tumor_figshare/2456.mat,MR040240B,3,1,Gliom,1,Gliom,evet,0.044383,0.71069,0.244926
2456,2457,brain_tumor_figshare/2457.mat,MR040240B,3,1,Gliom,1,Gliom,evet,0.012754,0.940461,0.046786
2457,2458,brain_tumor_figshare/2458.mat,MR040240B,3,1,Gliom,1,Gliom,evet,0.005382,0.985956,0.008662
2458,2459,brain_tumor_figshare/2459.mat,MR040240B,3,1,Gliom,1,Gliom,evet,0.000918,0.998989,9.3e-05
2459,2460,brain_tumor_figshare/2460.mat,MR040240B,3,1,Gliom,1,Gliom,evet,0.000949,0.996261,0.00279
2460,2461,brain_tumor_figshare/2461.mat,MR040240B,3,1,Gliom,1,Gliom,evet,0.001167,0.998672,0.000161
2461,2462,brain_tumor_figshare/2462.mat,MR040240B,3,1,Gliom,1,Gliom,evet,0.002053,0.99786,8.7e-05
2462,2463,brain_tumor_figshare/2463.mat,MR029209G,5,1,Gliom,1,Gliom,evet,0.005449,0.994483,6.8e-05
2463,2464,brain_tumor_figshare/2464.mat,MR029209G,5,1,Gliom,1,Gliom,evet,0.010743,0.988786,0.000471
2464,2465,brain_tumor_figshare/2465.mat,MR029209G,5,1,Gliom,1,Gliom,evet,0.004188,0.995642,0.000171
2465,2466,brain_tumor_figshare/2466.mat,MR029209G,5,1,Gliom,1,Gliom,evet,0.001017,0.998979,3e-06
2466,2467,brain_tumor_figshare/2467.mat,MR029209G,5,1,Gliom,1,Gliom,evet,0.005635,0.994338,2.7e-05
2467,2468,brain_tumor_figshare/2468.mat,MR029209G,5,1,Gliom,1,Gliom,evet,0.083813,0.91588,0.000307
2468,2469,brain_tumor_figshare/2469.mat,MR029209G,5,1,Gliom,1,Gliom,evet,0.078014,0.921034,0.000952
2469,2470,brain_tumor_figshare/2470.mat,MR036496B,3,1,Gliom,1,Gliom,evet,0.001955,0.998023,2.2e-05
2470,2471,brain_tumor_figshare/2471.mat,MR036496B,3,1,Gliom,1,Gliom,evet,0.002842,0.997123,3.6e-05
2471,2472,brain_tumor_figshare/2472.mat,MR036496B,3,1,Gliom,1,Gliom,evet,0.003471,0.996275,0.000254
2472,2473,brain_tumor_figshare/2473.mat,MR036496B,3,1,Gliom,1,Gliom,evet,0.020121,0.977972,0.001907
2473,2474,brain_tumor_figshare/2474.mat,MR036496B,3,1,Gliom,1,Gliom,evet,0.028763,0.970072,0.001165
2474,2475,brain_tumor_figshare/2475.mat,MR036496B,3,1,Gliom,1,Gliom,evet,0.000183,0.9998,1.7e-05
2475,2476,brain_tumor_figshare/2476.mat,MR033420,5,1,Gliom,1,Gliom,evet,0.023564,0.976399,3.7e-05
2476,2477,brain_tumor_figshare/2477.mat,MR033420,5,1,Gliom,1,Gliom,evet,0.004813,0.995179,7e-06
2477,2478,brain_tumor_figshare/2478.mat,MR033420,5,1,Gliom,1,Gliom,evet,0.000973,0.998285,0.000741
2478,2479,brain_tumor_figshare/2479.mat,MR033420,5,1,Gliom,1,Gliom,evet,0.003202,0.996775,2.2e-05
2479,2480,brain_tumor_figshare/2480.mat,MR033420,5,1,Gliom,1,Gliom,evet,0.053592,0.946217,0.000191
2480,2481,brain_tumor_figshare/2481.mat,MR033420,5,1,Gliom,1,Gliom,evet,0.088671,0.903057,0.008272
2481,2482,brain_tumor_figshare/2482.mat,MR033420,5,1,Gliom,1,Gliom,evet,0.053095,0.946782,0.000122
2482,2483,brain_tumor_figshare/2483.mat,MR033420,5,1,Gliom,1,Gliom,evet,0.012145,0.987227,0.000629
2483,2484,brain_tumor_figshare/2484.mat,MR033420,5,1,Gliom,1,Gliom,evet,0.001287,0.998551,0.000163
2484,2485,brain_tumor_figshare/2485.mat,MR033420,5,1,Gliom,1,Gliom,evet,0.000171,0.999815,1.5e-05
2485,2486,brain_tumor_figshare/2486.mat,MR033420,5,1,Gliom,1,Gliom,evet,0.001391,0.998484,0.000125
2486,2487,brain_tumor_figshare/2487.mat,MR033389B,4,1,Gliom,1,Gliom,evet,0.001147,0.9987,0.000153
2487,2488,brain_tumor_figshare/2488.mat,MR033389B,4,1,Gliom,1,Gliom,evet,0.000934,0.998785,0.000281
2488,2489,brain_tumor_figshare/2489.mat,MR033389B,4,1,Gliom,1,Gliom,evet,0.008745,0.989592,0.001664
2489,2490,brain_tumor_figshare/2490.mat,MR033389B,4,1,Gliom,1,Gliom,evet,0.008013,0.990713,0.001275
2490,2491,brain_tumor_figshare/2491.mat,MR033389B,4,1,Gliom,1,Gliom,evet,0.013438,0.985284,0.001278
2491,2492,brain_tumor_figshare/2492.mat,MR033389B,4,1,Gliom,1,Gliom,evet,0.025152,0.972111,0.002737
2492,2493,brain_tumor_figshare/2493.mat,MR033389B,4,1,Gliom,1,Gliom,evet,0.008444,0.989484,0.002072
2493,2494,brain_tumor_figshare/2494.mat,MR033389B,4,1,Gliom,1,Gliom,evet,0.041274,0.927426,0.031301
2494,2495,brain_tumor_figshare/2495.mat,MR033389B,4,1,Gliom,1,Gliom,evet,0.006414,0.990873,0.002713
2495,2496,brain_tumor_figshare/2496.mat,MR024780E,4,1,Gliom,1,Gliom,evet,0.002235,0.993253,0.004511
2496,2497,brain_tumor_figshare/2497.mat,MR024780E,4,1,Gliom,1,Gliom,evet,0.000479,0.998743,0.000778
2497,2498,brain_tumor_figshare/2498.mat,MR024780E,4,1,Gliom,1,Gliom,evet,0.002051,0.994292,0.003656
2498,2499,brain_tumor_figshare/2499.mat,MR026175E,2,1,Gliom,1,Gliom,evet,0.105073,0.894379,0.000548
2499,2500,brain_tumor_figshare/2500.mat,MR026175E,2,1,Gliom,1,Gliom,evet,0.128868,0.870883,0.000249
2500,2501,brain_tumor_figshare/2501.mat,MR026175E,2,1,Gliom,1,Gliom,evet,0.033061,0.966918,2.1e-05
2501,2502,brain_tumor_figshare/2502.mat,MR026175E,2,1,Gliom,1,Gliom,evet,0.011383,0.988602,1.5e-05
2502,2503,brain_tumor_figshare/2503.mat,MR026175E,2,1,Gliom,1,Gliom,evet,0.013183,0.986744,7.3e-05
2503,2504,brain_tumor_figshare/2504.mat,MR026175E,2,1,Gliom,1,Gliom,evet,0.014445,0.983545,0.002011
2504,2505,brain_tumor_figshare/2505.mat,MR026175E,2,1,Gliom,1,Gliom,evet,0.005059,0.98608,0.008861
2505,2506,brain_tumor_figshare/2506.mat,MR026175E,2,1,Gliom,1,Gliom,evet,0.000401,0.999567,3.2e-05
2506,2507,brain_tumor_figshare/2507.mat,MR026175E,2,1,Gliom,1,Gliom,evet,6.6e-05,0.999932,1e-06
2507,2508,brain_tumor_figshare/2508.mat,MR026175E,2,1,Gliom,1,Gliom,evet,0.000237,0.999715,4.8e-05
2508,2509,brain_tumor_figshare/2509.mat,MR040240C,2,1,Gliom,1,Gliom,evet,0.003804,0.977476,0.01872
2509,2510,brain_tumor_figshare/2510.mat,MR040240C,2,1,Gliom,1,Gliom,evet,0.178416,0.649438,0.172146
2510,2511,brain_tumor_figshare/2511.mat,MR040240C,2,1,Gliom,0,Meningiom,hayır,0.47633,0.111604,0.412066
2511,2512,brain_tumor_figshare/2512.mat,MR040240C,2,1,Gliom,1,Gliom,evet,0.082759,0.916148,0.001094
2512,2513,brain_tumor_figshare/2513.mat,MR040240C,2,1,Gliom,1,Gliom,evet,0.290162,0.701433,0.008405
2513,2514,brain_tumor_figshare/2514.mat,MR040240C,2,1,Gliom,1,Gliom,evet,0.132954,0.864045,0.003001
2514,2515,brain_tumor_figshare/2515.mat,MR040240C,2,1,Gliom,1,Gliom,evet,0.455121,0.543298,0.001581
2515,2516,brain_tumor_figshare/2516.mat,MR040240C,2,1,Gliom,1,Gliom,evet,0.068461,0.919434,0.012105
2516,2517,brain_tumor_figshare/2517.mat,MR040240C,2,1,Gliom,2,Hipofiz tümörü,hayır,0.273549,0.212612,0.513839
2517,2518,brain_tumor_figshare/2518.mat,MR040240C,2,1,Gliom,1,Gliom,evet,0.052384,0.935195,0.012421
2518,2519,brain_tumor_figshare/2519.mat,MR040240C,2,1,Gliom,1,Gliom,evet,0.130194,0.778229,0.091577
2519,2520,brain_tumor_figshare/2520.mat,MR040240C,2,1,Gliom,1,Gliom,evet,0.063488,0.872503,0.064009
2520,2521,brain_tumor_figshare/2521.mat,MR040240C,2,1,Gliom,1,Gliom,evet,0.051263,0.945119,0.003618
2521,2522,brain_tumor_figshare/2522.mat,MR040240C,2,1,Gliom,1,Gliom,evet,0.404969,0.59037,0.004662
2522,2523,brain_tumor_figshare/2523.mat,MR040240C,2,1,Gliom,1,Gliom,evet,0.192931,0.791825,0.015244
2523,2524,brain_tumor_figshare/2524.mat,MR017260F,2,1,Gliom,1,Gliom,evet,0.107375,0.892274,0.000351
2524,2525,brain_tumor_figshare/2525.mat,MR017260F,2,1,Gliom,1,Gliom,evet,0.013585,0.9864,1.6e-05
2525,2526,brain_tumor_figshare/2526.mat,MR017260F,2,1,Gliom,1,Gliom,evet,0.004475,0.995523,2e-06
2526,2527,brain_tumor_figshare/2527.mat,MR017260F,2,1,Gliom,1,Gliom,evet,0.000729,0.999268,3e-06
2527,2528,brain_tumor_figshare/2528.mat,MR017260F,2,1,Gliom,1,Gliom,evet,0.000509,0.999487,4e-06
2528,2529,brain_tumor_figshare/2529.mat,MR017260F,2,1,Gliom,1,Gliom,evet,0.00439,0.995028,0.000582
2529,2530,brain_tumor_figshare/2530.mat,MR029209I,4,1,Gliom,1,Gliom,evet,0.024489,0.970779,0.004731
2530,2531,brain_tumor_figshare/2531.mat,MR029209I,4,1,Gliom,1,Gliom,evet,0.100017,0.873526,0.026457
2531,2532,brain_tumor_figshare/2532.mat,MR029209I,4,1,Gliom,1,Gliom,evet,0.034676,0.94542,0.019904
2532,2533,brain_tumor_figshare/2533.mat,MR029209I,4,1,Gliom,1,Gliom,evet,0.06212,0.915376,0.022504
2533,2534,brain_tumor_figshare/2534.mat,MR029209I,4,1,Gliom,1,Gliom,evet,0.021935,0.974883,0.003181
2534,2535,brain_tumor_figshare/2535.mat,MR029209I,4,1,Gliom,1,Gliom,evet,0.039636,0.953557,0.006807
2535,2536,brain_tumor_figshare/2536.mat,MR029209I,4,1,Gliom,1,Gliom,evet,0.037657,0.946862,0.015482
2536,2537,brain_tumor_figshare/2537.mat,MR029209I,4,1,Gliom,1,Gliom,evet,0.01406,0.979043,0.006897
2537,2538,brain_tumor_figshare/2538.mat,MR029209I,4,1,Gliom,1,Gliom,evet,0.078221,0.881057,0.040721
2538,2539,brain_tumor_figshare/2539.mat,MR029209I,4,1,Gliom,1,Gliom,evet,0.364726,0.581612,0.053662
2539,2540,brain_tumor_figshare/2540.mat,MR048294,1,1,Gliom,1,Gliom,evet,0.294926,0.690972,0.014102
2540,2541,brain_tumor_figshare/2541.mat,MR048294,1,1,Gliom,1,Gliom,evet,0.084867,0.901469,0.013664
2541,2542,brain_tumor_figshare/2542.mat,MR048294,1,1,Gliom,1,Gliom,evet,0.153685,0.795779,0.050536
2542,2543,brain_tumor_figshare/2543.mat,MR048294,1,1,Gliom,1,Gliom,evet,0.027111,0.967455,0.005434
2543,2544,brain_tumor_figshare/2544.mat,MR048294,1,1,Gliom,1,Gliom,evet,0.094611,0.873351,0.032038
2544,2545,brain_tumor_figshare/2545.mat,MR048294,1,1,Gliom,1,Gliom,evet,0.183239,0.782647,0.034114
2545,2546,brain_tumor_figshare/2546.mat,MR051586,5,1,Gliom,1,Gliom,evet,0.111229,0.887316,0.001455
2546,2547,brain_tumor_figshare/2547.mat,MR051586,5,1,Gliom,1,Gliom,evet,0.077289,0.921019,0.001693
2547,2548,brain_tumor_figshare/2548.mat,MR051586,5,1,Gliom,1,Gliom,evet,0.027299,0.971708,0.000993
2548,2549,brain_tumor_figshare/2549.mat,MR051586,5,1,Gliom,1,Gliom,evet,0.003183,0.996811,6e-06
2549,2550,brain_tumor_figshare/2550.mat,MR051461B,4,1,Gliom,1,Gliom,evet,0.243808,0.628616,0.127576
2550,2551,brain_tumor_figshare/2551.mat,MR051461B,4,1,Gliom,0,Meningiom,hayır,0.741846,0.146285,0.111869
2551,2552,brain_tumor_figshare/2552.mat,MR051461B,4,1,Gliom,1,Gliom,evet,0.435916,0.516389,0.047695
2552,2553,brain_tumor_figshare/2553.mat,MR051461B,4,1,Gliom,0,Meningiom,hayır,0.602762,0.283399,0.11384
2553,2554,brain_tumor_figshare/2554.mat,MR051644,4,1,Gliom,1,Gliom,evet,0.036894,0.960962,0.002144
2554,2555,brain_tumor_figshare/2555.mat,MR051644,4,1,Gliom,1,Gliom,evet,0.017858,0.980428,0.001714
2555,2556,brain_tumor_figshare/2556.mat,MR051644,4,1,Gliom,1,Gliom,evet,0.00313,0.996436,0.000434
2556,2557,brain_tumor_figshare/2557.mat,MR051644,4,1,Gliom,1,Gliom,evet,0.07373,0.917975,0.008295
2557,2558,brain_tumor_figshare/2558.mat,MR051644,4,1,Gliom,1,Gliom,evet,0.101739,0.873775,0.024486
2558,2559,brain_tumor_figshare/2559.mat,MR051644,4,1,Gliom,1,Gliom,evet,0.007674,0.990988,0.001338
2559,2560,brain_tumor_figshare/2560.mat,MR051644,4,1,Gliom,1,Gliom,evet,0.011383,0.98681,0.001807
2560,2561,brain_tumor_figshare/2561.mat,MR051644,4,1,Gliom,1,Gliom,evet,0.003316,0.996,0.000684
2561,2562,brain_tumor_figshare/2562.mat,MR051644,4,1,Gliom,1,Gliom,evet,0.004075,0.994738,0.001187
2562,2563,brain_tumor_figshare/2563.mat,MR051644,4,1,Gliom,1,Gliom,evet,0.00598,0.992764,0.001256
2563,2564,brain_tumor_figshare/2564.mat,MR051644,4,1,Gliom,1,Gliom,evet,0.005875,0.991977,0.002148
2564,2565,brain_tumor_figshare/2565.mat,MR051644,4,1,Gliom,1,Gliom,evet,0.003531,0.992877,0.003592
2565,2566,brain_tumor_figshare/2566.mat,MR051651,1,1,Gliom,1,Gliom,evet,0.0765,0.919399,0.004101
2566,2567,brain_tumor_figshare/2567.mat,MR051651,1,1,Gliom,1,Gliom,evet,0.009216,0.990054,0.00073
2567,2568,brain_tumor_figshare/2568.mat,MR051651,1,1,Gliom,1,Gliom,evet,0.003103,0.996582,0.000314
2568,2569,brain_tumor_figshare/2569.mat,MR051651,1,1,Gliom,1,Gliom,evet,0.079433,0.911308,0.009259
2569,2570,brain_tumor_figshare/2570.mat,MR051651,1,1,Gliom,1,Gliom,evet,0.005501,0.991853,0.002646
2570,2571,brain_tumor_figshare/2571.mat,MR051651,1,1,Gliom,1,Gliom,evet,0.001106,0.997814,0.001081
2571,2572,brain_tumor_figshare/2572.mat,MR051651,1,1,Gliom,1,Gliom,evet,0.010262,0.974235,0.015503
2572,2573,brain_tumor_figshare/2573.mat,MR051796,4,1,Gliom,1,Gliom,evet,0.08583,0.854051,0.060119
2573,2574,brain_tumor_figshare/2574.mat,MR051796,4,1,Gliom,1,Gliom,evet,0.028195,0.929055,0.04275
2574,2575,brain_tumor_figshare/2575.mat,MR051796,4,1,Gliom,1,Gliom,evet,0.074735,0.826204,0.099061
2575,2576,brain_tumor_figshare/2576.mat,MR051796,4,1,Gliom,1,Gliom,evet,0.093939,0.823191,0.082871
2576,2577,brain_tumor_figshare/2577.mat,MR051796,4,1,Gliom,1,Gliom,evet,0.368494,0.542797,0.088709
2577,2578,brain_tumor_figshare/2578.mat,MR051796,4,1,Gliom,1,Gliom,evet,0.199171,0.790074,0.010754
2578,2579,brain_tumor_figshare/2579.mat,MR051651B,3,1,Gliom,1,Gliom,evet,0.100914,0.898985,0.000101
2579,2580,brain_tumor_figshare/2580.mat,MR051651B,3,1,Gliom,1,Gliom,evet,0.074492,0.92519,0.000318
2580,2581,brain_tumor_figshare/2581.mat,MR051651B,3,1,Gliom,1,Gliom,evet,0.132318,0.865729,0.001953
2581,2582,brain_tumor_figshare/2582.mat,MR051651B,3,1,Gliom,1,Gliom,evet,0.040567,0.957023,0.00241
2582,2583,brain_tumor_figshare/2583.mat,MR051651B,3,1,Gliom,1,Gliom,evet,0.121152,0.849841,0.029007
2583,2584,brain_tumor_figshare/2584.mat,MR051651B,3,1,Gliom,1,Gliom,evet,0.145028,0.801786,0.053186
2584,2585,brain_tumor_figshare/2585.mat,MR051651B,3,1,Gliom,1,Gliom,evet,0.435013,0.547817,0.01717
2585,2586,brain_tumor_figshare/2586.mat,MR051796B,5,1,Gliom,1,Gliom,evet,0.000474,0.999515,1.1e-05
2586,2587,brain_tumor_figshare/2587.mat,MR051796B,5,1,Gliom,1,Gliom,evet,0.004427,0.994946,0.000627
2587,2588,brain_tumor_figshare/2588.mat,MR051796B,5,1,Gliom,1,Gliom,evet,0.002114,0.996935,0.000951
2588,2589,brain_tumor_figshare/2589.mat,MR052550,1,1,Gliom,1,Gliom,evet,0.005194,0.99386,0.000946
2589,2590,brain_tumor_figshare/2590.mat,MR052550,1,1,Gliom,1,Gliom,evet,0.003249,0.995618,0.001133
2590,2591,brain_tumor_figshare/2591.mat,MR052550,1,1,Gliom,1,Gliom,evet,0.001807,0.997954,0.000239
2591,2592,brain_tumor_figshare/2592.mat,MR052550,1,1,Gliom,1,Gliom,evet,0.002448,0.997086,0.000466
2592,2593,brain_tumor_figshare/2593.mat,MR052550,1,1,Gliom,1,Gliom,evet,0.004197,0.995427,0.000376
2593,2594,brain_tumor_figshare/2594.mat,MR052550,1,1,Gliom,1,Gliom,evet,0.005613,0.994235,0.000152
2594,2595,brain_tumor_figshare/2595.mat,MR051644C,4,1,Gliom,1,Gliom,evet,0.012597,0.984786,0.002616
2595,2596,brain_tumor_figshare/2596.mat,MR051644C,4,1,Gliom,1,Gliom,evet,0.004395,0.994145,0.001461
2596,2597,brain_tumor_figshare/2597.mat,MR051644C,4,1,Gliom,1,Gliom,evet,0.010861,0.967227,0.021913
2597,2598,brain_tumor_figshare/2598.mat,MR051644C,4,1,Gliom,1,Gliom,evet,0.019898,0.963196,0.016907
2598,2599,brain_tumor_figshare/2599.mat,MR051644C,4,1,Gliom,1,Gliom,evet,0.006681,0.991137,0.002182
2599,2600,brain_tumor_figshare/2600.mat,MR051644C,4,1,Gliom,1,Gliom,evet,0.017768,0.971289,0.010944
2600,2601,brain_tumor_figshare/2601.mat,MR051644C,4,1,Gliom,1,Gliom,evet,0.011172,0.984062,0.004766
2601,2602,brain_tumor_figshare/2602.mat,MR051644C,4,1,Gliom,1,Gliom,evet,0.01653,0.978233,0.005238
2602,2603,brain_tumor_figshare/2603.mat,MR051644C,4,1,Gliom,1,Gliom,evet,0.030254,0.965826,0.003921
2603,2604,brain_tumor_figshare/2604.mat,MR051644C,4,1,Gliom,1,Gliom,evet,0.011797,0.983819,0.004384
2604,2605,brain_tumor_figshare/2605.mat,MR051644C,4,1,Gliom,1,Gliom,evet,0.003111,0.99653,0.000359
2605,2606,brain_tumor_figshare/2606.mat,MR051644C,4,1,Gliom,1,Gliom,evet,0.00387,0.995513,0.000616
2606,2607,brain_tumor_figshare/2607.mat,MR051644C,4,1,Gliom,1,Gliom,evet,0.014351,0.971545,0.014105
2607,2608,brain_tumor_figshare/2608.mat,MR049942B,3,1,Gliom,1,Gliom,evet,4.7e-05,0.999469,0.000483
2608,2609,brain_tumor_figshare/2609.mat,MR049942B,3,1,Gliom,1,Gliom,evet,0.000309,0.999399,0.000293
2609,2610,brain_tumor_figshare/2610.mat,MR049942B,3,1,Gliom,1,Gliom,evet,0.001162,0.998569,0.000269
2610,2611,brain_tumor_figshare/2611.mat,MR049942B,3,1,Gliom,1,Gliom,evet,0.000501,0.999003,0.000496
2611,2612,brain_tumor_figshare/2612.mat,MR047953C,4,1,Gliom,1,Gliom,evet,0.01529,0.973578,0.011132
2612,2613,brain_tumor_figshare/2613.mat,MR047953C,4,1,Gliom,1,Gliom,evet,0.041678,0.944042,0.01428
2613,2614,brain_tumor_figshare/2614.mat,MR047953C,4,1,Gliom,1,Gliom,evet,0.090169,0.883573,0.026258
2614,2615,brain_tumor_figshare/2615.mat,MR047953C,4,1,Gliom,1,Gliom,evet,0.10641,0.848836,0.044755
2615,2616,brain_tumor_figshare/2616.mat,MR047953C,4,1,Gliom,1,Gliom,evet,0.008379,0.964599,0.027022
2616,2617,brain_tumor_figshare/2617.mat,MR053110B,1,1,Gliom,1,Gliom,evet,0.005621,0.98721,0.007169
2617,2618,brain_tumor_figshare/2618.mat,MR053110B,1,1,Gliom,1,Gliom,evet,0.0137,0.958194,0.028106
2618,2619,brain_tumor_figshare/2619.mat,MR053110B,1,1,Gliom,1,Gliom,evet,0.008767,0.983716,0.007517
2619,2620,brain_tumor_figshare/2620.mat,MR053110B,1,1,Gliom,1,Gliom,evet,0.019421,0.977774,0.002805
2620,2621,brain_tumor_figshare/2621.mat,MR053110B,1,1,Gliom,1,Gliom,evet,0.011457,0.980215,0.008328
2621,2622,brain_tumor_figshare/2622.mat,MR053110B,1,1,Gliom,1,Gliom,evet,0.014041,0.975202,0.010758
2622,2623,brain_tumor_figshare/2623.mat,MR053110B,1,1,Gliom,1,Gliom,evet,0.009522,0.987565,0.002913
2623,2624,brain_tumor_figshare/2624.mat,MR034694,2,1,Gliom,1,Gliom,evet,0.000224,0.999546,0.000231
2624,2625,brain_tumor_figshare/2625.mat,MR034694,2,1,Gliom,1,Gliom,evet,0.003928,0.980732,0.015339
2625,2626,brain_tumor_figshare/2626.mat,MR034694,2,1,Gliom,1,Gliom,evet,0.001087,0.998543,0.00037
2626,2627,brain_tumor_figshare/2627.mat,MR034694,2,1,Gliom,1,Gliom,evet,0.000439,0.999438,0.000123
2627,2628,brain_tumor_figshare/2628.mat,MR034694,2,1,Gliom,1,Gliom,evet,0.000189,0.999761,5e-05
2628,2629,brain_tumor_figshare/2629.mat,MR034694,2,1,Gliom,1,Gliom,evet,0.001869,0.998099,3.2e-05
2629,2630,brain_tumor_figshare/2630.mat,MR034694,2,1,Gliom,1,Gliom,evet,0.000842,0.999154,4e-06
2630,2631,brain_tumor_figshare/2631.mat,MR054683,4,1,Gliom,1,Gliom,evet,0.13322,0.786059,0.08072
2631,2632,brain_tumor_figshare/2632.mat,MR054683,4,1,Gliom,1,Gliom,evet,0.134916,0.692247,0.172836
2632,2633,brain_tumor_figshare/2633.mat,MR054683,4,1,Gliom,1,Gliom,evet,0.018104,0.973561,0.008335
2633,2634,brain_tumor_figshare/2634.mat,MR050687C,5,1,Gliom,1,Gliom,evet,0.000873,0.998833,0.000294
2634,2635,brain_tumor_figshare/2635.mat,MR050687C,5,1,Gliom,1,Gliom,evet,0.001547,0.997806,0.000647
2635,2636,brain_tumor_figshare/2636.mat,MR050687C,5,1,Gliom,1,Gliom,evet,0.000638,0.998545,0.000817
2636,2637,brain_tumor_figshare/2637.mat,MR050687C,5,1,Gliom,1,Gliom,evet,0.000277,0.999596,0.000127
2637,2638,brain_tumor_figshare/2638.mat,MR050687C,5,1,Gliom,1,Gliom,evet,0.038601,0.949581,0.011818
2638,2639,brain_tumor_figshare/2639.mat,MR050687C,5,1,Gliom,1,Gliom,evet,0.108113,0.87498,0.016906
2639,2640,brain_tumor_figshare/2640.mat,MR050687C,5,1,Gliom,1,Gliom,evet,0.166655,0.522112,0.311233
2640,2641,brain_tumor_figshare/2641.mat,MR049242C,5,1,Gliom,1,Gliom,evet,0.020884,0.978671,0.000445
2641,2642,brain_tumor_figshare/2642.mat,MR049242C,5,1,Gliom,1,Gliom,evet,0.004182,0.993301,0.002517
2642,2643,brain_tumor_figshare/2643.mat,MR049242C,5,1,Gliom,1,Gliom,evet,0.003562,0.98752,0.008919
2643,2644,brain_tumor_figshare/2644.mat,MR049242C,5,1,Gliom,1,Gliom,evet,0.005495,0.984061,0.010444
2644,2645,brain_tumor_figshare/2645.mat,MR049242C,5,1,Gliom,1,Gliom,evet,0.000932,0.99897,9.8e-05
2645,2646,brain_tumor_figshare/2646.mat,MR053241C,2,1,Gliom,1,Gliom,evet,0.010465,0.989502,3.3e-05
2646,2647,brain_tumor_figshare/2647.mat,MR053241C,2,1,Gliom,1,Gliom,evet,0.017519,0.982325,0.000156
2647,2648,brain_tumor_figshare/2648.mat,MR053241C,2,1,Gliom,1,Gliom,evet,0.000313,0.999687,0.0
2648,2649,brain_tumor_figshare/2649.mat,MR053241C,2,1,Gliom,1,Gliom,evet,0.002552,0.997415,3.3e-05
2649,2650,brain_tumor_figshare/2650.mat,MR034997,3,1,Gliom,1,Gliom,evet,0.013903,0.9805,0.005596
2650,2651,brain_tumor_figshare/2651.mat,MR034997,3,1,Gliom,1,Gliom,evet,0.019868,0.979034,0.001098
2651,2652,brain_tumor_figshare/2652.mat,MR034997,3,1,Gliom,1,Gliom,evet,0.003563,0.995329,0.001108
2652,2653,brain_tumor_figshare/2653.mat,MR034997,3,1,Gliom,1,Gliom,evet,0.001012,0.992018,0.00697
2653,2654,brain_tumor_figshare/2654.mat,MR034997,3,1,Gliom,1,Gliom,evet,0.010279,0.989083,0.000638
2654,2655,brain_tumor_figshare/2655.mat,MR034997,3,1,Gliom,1,Gliom,evet,0.0086,0.991129,0.000271
2655,2656,brain_tumor_figshare/2656.mat,MR034997,3,1,Gliom,1,Gliom,evet,0.03296,0.965876,0.001164
2656,2657,brain_tumor_figshare/2657.mat,MR029209E,5,1,Gliom,1,Gliom,evet,0.001146,0.998771,8.4e-05
2657,2658,brain_tumor_figshare/2658.mat,MR029209E,5,1,Gliom,1,Gliom,evet,0.006353,0.992509,0.001138
2658,2659,brain_tumor_figshare/2659.mat,MR029209E,5,1,Gliom,1,Gliom,evet,0.002184,0.997119,0.000697
2659,2660,brain_tumor_figshare/2660.mat,MR029209E,5,1,Gliom,1,Gliom,evet,0.001243,0.998748,1e-05
2660,2661,brain_tumor_figshare/2661.mat,MR029209E,5,1,Gliom,1,Gliom,evet,0.002988,0.996909,0.000103
2661,2662,brain_tumor_figshare/2662.mat,MR029209E,5,1,Gliom,1,Gliom,evet,0.020318,0.979394,0.000288
2662,2663,brain_tumor_figshare/2663.mat,MR029209E,5,1,Gliom,0,Meningiom,hayır,0.614154,0.385261,0.000585
2663,2664,brain_tumor_figshare/2664.mat,MR053110E,1,1,Gliom,1,Gliom,evet,0.115579,0.866556,0.017865
2664,2665,brain_tumor_figshare/2665.mat,MR053110E,1,1,Gliom,1,Gliom,evet,0.139131,0.772342,0.088526
2665,2666,brain_tumor_figshare/2666.mat,MR053110E,1,1,Gliom,1,Gliom,evet,0.12066,0.868761,0.01058
2666,2667,brain_tumor_figshare/2667.mat,MR053110E,1,1,Gliom,1,Gliom,evet,0.169044,0.762854,0.068102
2667,2668,brain_tumor_figshare/2668.mat,MR053110E,1,1,Gliom,1,Gliom,evet,0.303932,0.598622,0.097446
2668,2669,brain_tumor_figshare/2669.mat,MR053110E,1,1,Gliom,1,Gliom,evet,0.132854,0.805399,0.061748
2669,2670,brain_tumor_figshare/2670.mat,MR053110E,1,1,Gliom,1,Gliom,evet,0.054138,0.913177,0.032685
2670,2671,brain_tumor_figshare/2671.mat,MR053110E,1,1,Gliom,1,Gliom,evet,0.025223,0.959713,0.015064
2671,2672,brain_tumor_figshare/2672.mat,MR053110E,1,1,Gliom,1,Gliom,evet,0.194,0.713026,0.092974
2672,2673,brain_tumor_figshare/2673.mat,MR053110E,1,1,Gliom,1,Gliom,evet,0.064203,0.925593,0.010205
2673,2674,brain_tumor_figshare/2674.mat,MR053110E,1,1,Gliom,1,Gliom,evet,0.266593,0.697078,0.036328
2674,2675,brain_tumor_figshare/2675.mat,MR049019G,3,1,Gliom,1,Gliom,evet,0.000605,0.999313,8.3e-05
2675,2676,brain_tumor_figshare/2676.mat,MR049019G,3,1,Gliom,1,Gliom,evet,0.000339,0.999621,4e-05
2676,2677,brain_tumor_figshare/2677.mat,MR049019G,3,1,Gliom,1,Gliom,evet,0.004376,0.94282,0.052804
2677,2678,brain_tumor_figshare/2678.mat,MR031409B,2,1,Gliom,1,Gliom,evet,0.014515,0.983912,0.001573
2678,2679,brain_tumor_figshare/2679.mat,MR031409B,2,1,Gliom,1,Gliom,evet,0.025774,0.962962,0.011264
2679,2680,brain_tumor_figshare/2680.mat,MR024780D,1,1,Gliom,1,Gliom,evet,0.006577,0.987184,0.006238
2680,2681,brain_tumor_figshare/2681.mat,MR024780D,1,1,Gliom,1,Gliom,evet,0.01679,0.968703,0.014507
2681,2682,brain_tumor_figshare/2682.mat,MR038469,3,1,Gliom,2,Hipofiz tümörü,hayır,0.04508,0.168178,0.786742
2682,2683,brain_tumor_figshare/2683.mat,MR038469,3,1,Gliom,1,Gliom,evet,0.116099,0.839478,0.044423
2683,2684,brain_tumor_figshare/2684.mat,MR038469,3,1,Gliom,1,Gliom,evet,0.017159,0.981895,0.000946
2684,2685,brain_tumor_figshare/2685.mat,MR038469,3,1,Gliom,1,Gliom,evet,0.00026,0.999318,0.000423
2685,2686,brain_tumor_figshare/2686.mat,MR038469,3,1,Gliom,1,Gliom,evet,0.000105,0.999879,1.6e-05
2686,2687,brain_tumor_figshare/2687.mat,MR038469,3,1,Gliom,1,Gliom,evet,0.017044,0.979698,0.003258
2687,2688,brain_tumor_figshare/2688.mat,MR032322C,2,1,Gliom,1,Gliom,evet,0.000212,0.99974,4.7e-05
2688,2689,brain_tumor_figshare/2689.mat,MR032322C,2,1,Gliom,1,Gliom,evet,0.001024,0.998967,8e-06
2689,2690,brain_tumor_figshare/2690.mat,MR032322C,2,1,Gliom,1,Gliom,evet,0.004762,0.995224,1.4e-05
2690,2691,brain_tumor_figshare/2691.mat,MR032322C,2,1,Gliom,1,Gliom,evet,0.0617,0.938025,0.000274
2691,2692,brain_tumor_figshare/2692.mat,MR032322C,2,1,Gliom,1,Gliom,evet,0.051215,0.948779,6e-06
2692,2693,brain_tumor_figshare/2693.mat,MR032322C,2,1,Gliom,1,Gliom,evet,0.157887,0.842106,7e-06
2693,2694,brain_tumor_figshare/2694.mat,MR032322C,2,1,Gliom,1,Gliom,evet,0.000783,0.998272,0.000945
2694,2695,brain_tumor_figshare/2695.mat,MR032322C,2,1,Gliom,1,Gliom,evet,0.001267,0.99767,0.001063
2695,2696,brain_tumor_figshare/2696.mat,MR032322C,2,1,Gliom,1,Gliom,evet,0.000954,0.998923,0.000123
2696,2697,brain_tumor_figshare/2697.mat,MR032322C,2,1,Gliom,1,Gliom,evet,0.000942,0.998291,0.000767
2697,2698,brain_tumor_figshare/2698.mat,MR032322C,2,1,Gliom,1,Gliom,evet,0.000221,0.999769,1e-05
2698,2699,brain_tumor_figshare/2699.mat,MR032322C,2,1,Gliom,1,Gliom,evet,0.011662,0.988281,5.7e-05
2699,2700,brain_tumor_figshare/2700.mat,MR032322C,2,1,Gliom,1,Gliom,evet,0.003268,0.996718,1.4e-05
2700,2701,brain_tumor_figshare/2701.mat,MR032322C,2,1,Gliom,1,Gliom,evet,0.003506,0.996493,2e-06
2701,2702,brain_tumor_figshare/2702.mat,MR037458B,2,1,Gliom,1,Gliom,evet,0.417931,0.576058,0.006011
2702,2703,brain_tumor_figshare/2703.mat,MR037458B,2,1,Gliom,0,Meningiom,hayır,0.505747,0.493159,0.001095
2703,2704,brain_tumor_figshare/2704.mat,MR037458B,2,1,Gliom,1,Gliom,evet,0.125082,0.874147,0.000771
2704,2705,brain_tumor_figshare/2705.mat,MR037458B,2,1,Gliom,0,Meningiom,hayır,0.869098,0.11303,0.017873
2705,2706,brain_tumor_figshare/2706.mat,MR037458B,2,1,Gliom,0,Meningiom,hayır,0.97334,0.024897,0.001764
2706,2707,brain_tumor_figshare/2707.mat,MR037458B,2,1,Gliom,0,Meningiom,hayır,0.950342,0.04928,0.000377
2707,2708,brain_tumor_figshare/2708.mat,MR037458B,2,1,Gliom,0,Meningiom,hayır,0.956332,0.038243,0.005425
2708,2709,brain_tumor_figshare/2709.mat,MR037458B,2,1,Gliom,0,Meningiom,hayır,0.981034,0.017954,0.001012
2709,2710,brain_tumor_figshare/2710.mat,MR039473,4,1,Gliom,1,Gliom,evet,0.004338,0.995059,0.000603
2710,2711,brain_tumor_figshare/2711.mat,MR039473,4,1,Gliom,1,Gliom,evet,0.03262,0.960367,0.007013
2711,2712,brain_tumor_figshare/2712.mat,MR039473,4,1,Gliom,1,Gliom,evet,0.005592,0.993573,0.000835
2712,2713,brain_tumor_figshare/2713.mat,MR039473,4,1,Gliom,1,Gliom,evet,0.300142,0.685633,0.014225
2713,2714,brain_tumor_figshare/2714.mat,MR039473B,2,1,Gliom,1,Gliom,evet,0.002509,0.997278,0.000213
2714,2715,brain_tumor_figshare/2715.mat,MR039473B,2,1,Gliom,1,Gliom,evet,0.000528,0.999465,7e-06
2715,2716,brain_tumor_figshare/2716.mat,MR039473B,2,1,Gliom,1,Gliom,evet,0.001303,0.998119,0.000578
2716,2717,brain_tumor_figshare/2717.mat,MR039473B,2,1,Gliom,1,Gliom,evet,0.012806,0.987109,8.5e-05
2717,2718,brain_tumor_figshare/2718.mat,MR039473B,2,1,Gliom,1,Gliom,evet,0.000708,0.999259,3.3e-05
2718,2719,brain_tumor_figshare/2719.mat,MR039473B,2,1,Gliom,1,Gliom,evet,4e-05,0.999953,7e-06
2719,2720,brain_tumor_figshare/2720.mat,MR039473B,2,1,Gliom,1,Gliom,evet,0.000304,0.998851,0.000845
2720,2721,brain_tumor_figshare/2721.mat,MR039473B,2,1,Gliom,1,Gliom,evet,0.000173,0.999808,1.9e-05
2721,2722,brain_tumor_figshare/2722.mat,MR039473B,2,1,Gliom,1,Gliom,evet,0.000756,0.998247,0.000997
2722,2723,brain_tumor_figshare/2723.mat,MR037458C,4,1,Gliom,1,Gliom,evet,0.016037,0.972354,0.011609
2723,2724,brain_tumor_figshare/2724.mat,MR037458C,4,1,Gliom,1,Gliom,evet,0.018495,0.975647,0.005857
2724,2725,brain_tumor_figshare/2725.mat,MR037458C,4,1,Gliom,1,Gliom,evet,0.018734,0.93548,0.045786
2725,2726,brain_tumor_figshare/2726.mat,MR037458C,4,1,Gliom,1,Gliom,evet,0.016239,0.979215,0.004545
2726,2727,brain_tumor_figshare/2727.mat,MR037458C,4,1,Gliom,1,Gliom,evet,0.016819,0.976824,0.006357
2727,2728,brain_tumor_figshare/2728.mat,MR037458C,4,1,Gliom,1,Gliom,evet,0.012475,0.981135,0.00639
2728,2729,brain_tumor_figshare/2729.mat,MR037458C,4,1,Gliom,1,Gliom,evet,0.022834,0.950186,0.02698
2729,2730,brain_tumor_figshare/2730.mat,MR037458C,4,1,Gliom,1,Gliom,evet,0.034058,0.945299,0.020643
2730,2731,brain_tumor_figshare/2731.mat,MR029209E,5,1,Gliom,1,Gliom,evet,0.021748,0.978149,0.000102
2731,2732,brain_tumor_figshare/2732.mat,MR029209E,5,1,Gliom,1,Gliom,evet,0.006902,0.991789,0.001309
2732,2733,brain_tumor_figshare/2733.mat,MR029209E,5,1,Gliom,1,Gliom,evet,0.000694,0.999293,1.3e-05
2733,2734,brain_tumor_figshare/2734.mat,MR029209E,5,1,Gliom,1,Gliom,evet,0.003832,0.996022,0.000146
2734,2735,brain_tumor_figshare/2735.mat,MR029209E,5,1,Gliom,1,Gliom,evet,0.001712,0.99826,2.8e-05
2735,2736,brain_tumor_figshare/2736.mat,MR029209E,5,1,Gliom,1,Gliom,evet,0.000286,0.999701,1.3e-05
2736,2737,brain_tumor_figshare/2737.mat,MR029209E,5,1,Gliom,1,Gliom,evet,0.012971,0.986534,0.000495
2737,2738,brain_tumor_figshare/2738.mat,MR053110E,1,1,Gliom,1,Gliom,evet,0.061527,0.929356,0.009117
2738,2739,brain_tumor_figshare/2739.mat,MR053110E,1,1,Gliom,1,Gliom,evet,0.043969,0.944474,0.011556
2739,2740,brain_tumor_figshare/2740.mat,MR053110E,1,1,Gliom,1,Gliom,evet,0.026505,0.970906,0.002589
2740,2741,brain_tumor_figshare/2741.mat,MR053110E,1,1,Gliom,1,Gliom,evet,0.148552,0.84132,0.010128
2741,2742,brain_tumor_figshare/2742.mat,MR053110E,1,1,Gliom,1,Gliom,evet,0.10037,0.895065,0.004565
2742,2743,brain_tumor_figshare/2743.mat,MR049019G,3,1,Gliom,1,Gliom,evet,0.000919,0.998926,0.000155
2743,2744,brain_tumor_figshare/2744.mat,MR049019G,3,1,Gliom,1,Gliom,evet,0.000958,0.997952,0.00109
2744,2745,brain_tumor_figshare/2745.mat,MR049019G,3,1,Gliom,1,Gliom,evet,0.000289,0.998673,0.001038
2745,2746,brain_tumor_figshare/2746.mat,MR049019G,3,1,Gliom,1,Gliom,evet,0.113181,0.820952,0.065867
2746,2747,brain_tumor_figshare/2747.mat,MR049019G,3,1,Gliom,1,Gliom,evet,0.034367,0.815615,0.150018
2747,2748,brain_tumor_figshare/2748.mat,MR031409B,2,1,Gliom,1,Gliom,evet,0.009261,0.965527,0.025211
2748,2749,brain_tumor_figshare/2749.mat,MR031409B,2,1,Gliom,1,Gliom,evet,0.098465,0.823738,0.077797
2749,2750,brain_tumor_figshare/2750.mat,MR024780D,1,1,Gliom,1,Gliom,evet,0.11697,0.813678,0.069352
2750,2751,brain_tumor_figshare/2751.mat,MR024780D,1,1,Gliom,1,Gliom,evet,0.20083,0.755714,0.043456
2751,2752,brain_tumor_figshare/2752.mat,MR024780D,1,1,Gliom,1,Gliom,evet,0.041575,0.951374,0.007051
2752,2753,brain_tumor_figshare/2753.mat,MR038469,3,1,Gliom,1,Gliom,evet,0.134639,0.823939,0.041422
2753,2754,brain_tumor_figshare/2754.mat,MR038469,3,1,Gliom,1,Gliom,evet,0.007833,0.989905,0.002262
2754,2755,brain_tumor_figshare/2755.mat,MR038469,3,1,Gliom,1,Gliom,evet,0.141538,0.816838,0.041623
2755,2756,brain_tumor_figshare/2756.mat,MR038469,3,1,Gliom,1,Gliom,evet,0.038671,0.932759,0.02857
2756,2757,brain_tumor_figshare/2757.mat,MR038469,3,1,Gliom,1,Gliom,evet,0.027874,0.971413,0.000713
2757,2758,brain_tumor_figshare/2758.mat,MR032322C,2,1,Gliom,1,Gliom,evet,0.000646,0.999353,2e-06
2758,2759,brain_tumor_figshare/2759.mat,MR032322C,2,1,Gliom,1,Gliom,evet,0.009526,0.98877,0.001704
2759,2760,brain_tumor_figshare/2760.mat,MR032322C,2,1,Gliom,1,Gliom,evet,0.104256,0.89044,0.005304
2760,2761,brain_tumor_figshare/2761.mat,MR032322C,2,1,Gliom,1,Gliom,evet,0.012993,0.982937,0.00407
2761,2762,brain_tumor_figshare/2762.mat,MR032322C,2,1,Gliom,1,Gliom,evet,0.038958,0.959265,0.001776
2762,2763,brain_tumor_figshare/2763.mat,MR032322C,2,1,Gliom,1,Gliom,evet,0.023317,0.973375,0.003308
2763,2764,brain_tumor_figshare/2764.mat,MR032322C,2,1,Gliom,1,Gliom,evet,0.074166,0.568022,0.357812
2764,2765,brain_tumor_figshare/2765.mat,MR032322C,2,1,Gliom,1,Gliom,evet,0.006898,0.984294,0.008808
2765,2766,brain_tumor_figshare/2766.mat,MR032322C,2,1,Gliom,1,Gliom,evet,0.006393,0.988848,0.004758
2766,2767,brain_tumor_figshare/2767.mat,MR032322C,2,1,Gliom,1,Gliom,evet,0.006073,0.989881,0.004045
2767,2768,brain_tumor_figshare/2768.mat,MR032322C,2,1,Gliom,1,Gliom,evet,0.416756,0.47573,0.107514
2768,2769,brain_tumor_figshare/2769.mat,MR037458B,2,1,Gliom,1,Gliom,evet,0.234927,0.761915,0.003158
2769,2770,brain_tumor_figshare/2770.mat,MR037458B,2,1,Gliom,1,Gliom,evet,0.187439,0.812368,0.000193
2770,2771,brain_tumor_figshare/2771.mat,MR037458B,2,1,Gliom,1,Gliom,evet,0.162757,0.837133,0.000111
2771,2772,brain_tumor_figshare/2772.mat,MR037458B,2,1,Gliom,1,Gliom,evet,0.404206,0.593452,0.002341
2772,2773,brain_tumor_figshare/2773.mat,MR037458B,2,1,Gliom,0,Meningiom,hayır,0.898791,0.095701,0.005508
2773,2774,brain_tumor_figshare/2774.mat,MR039473,4,1,Gliom,1,Gliom,evet,0.165984,0.444598,0.389418
2774,2775,brain_tumor_figshare/2775.mat,MR039473,4,1,Gliom,1,Gliom,evet,0.048845,0.877277,0.073879
2775,2776,brain_tumor_figshare/2776.mat,MR039473,4,1,Gliom,1,Gliom,evet,0.051465,0.871467,0.077068
2776,2777,brain_tumor_figshare/2777.mat,MR039473,4,1,Gliom,1,Gliom,evet,0.041762,0.8208,0.137438
2777,2778,brain_tumor_figshare/2778.mat,MR039473,4,1,Gliom,1,Gliom,evet,0.024055,0.951388,0.024557
2778,2779,brain_tumor_figshare/2779.mat,MR039473,4,1,Gliom,1,Gliom,evet,0.144556,0.543894,0.31155
2779,2780,brain_tumor_figshare/2780.mat,MR039473B,2,1,Gliom,1,Gliom,evet,0.003885,0.995691,0.000424
2780,2781,brain_tumor_figshare/2781.mat,MR039473B,2,1,Gliom,1,Gliom,evet,0.00033,0.998759,0.000911
2781,2782,brain_tumor_figshare/2782.mat,MR039473B,2,1,Gliom,1,Gliom,evet,0.001441,0.985234,0.013324
2782,2783,brain_tumor_figshare/2783.mat,MR039473B,2,1,Gliom,1,Gliom,evet,0.002419,0.956344,0.041237
2783,2784,brain_tumor_figshare/2784.mat,MR039473B,2,1,Gliom,1,Gliom,evet,0.001426,0.997765,0.000809
2784,2785,brain_tumor_figshare/2785.mat,MR039473B,2,1,Gliom,1,Gliom,evet,0.003138,0.982358,0.014504
2785,2786,brain_tumor_figshare/2786.mat,MR039473B,2,1,Gliom,1,Gliom,evet,0.004809,0.941604,0.053586
2786,2787,brain_tumor_figshare/2787.mat,MR040240,5,1,Gliom,1,Gliom,evet,0.065413,0.823557,0.11103
2787,2788,brain_tumor_figshare/2788.mat,MR040240,5,1,Gliom,1,Gliom,evet,0.228407,0.717666,0.053927
2788,2789,brain_tumor_figshare/2789.mat,MR040240,5,1,Gliom,0,Meningiom,hayır,0.486053,0.330936,0.183011
2789,2790,brain_tumor_figshare/2790.mat,MR040240,5,1,Gliom,1,Gliom,evet,0.138116,0.858621,0.003263
2790,2791,brain_tumor_figshare/2791.mat,MR040240,5,1,Gliom,0,Meningiom,hayır,0.605201,0.390201,0.004598
2791,2792,brain_tumor_figshare/2792.mat,MR040240,5,1,Gliom,1,Gliom,evet,0.283922,0.714518,0.001559
2792,2793,brain_tumor_figshare/2793.mat,MR040240,5,1,Gliom,1,Gliom,evet,0.135016,0.861713,0.003271
2793,2794,brain_tumor_figshare/2794.mat,MR040240,5,1,Gliom,1,Gliom,evet,0.044058,0.955736,0.000206
2794,2795,brain_tumor_figshare/2795.mat,MR040240B,3,1,Gliom,1,Gliom,evet,0.000734,0.998938,0.000328
2795,2796,brain_tumor_figshare/2796.mat,MR040240B,3,1,Gliom,1,Gliom,evet,0.003521,0.996381,9.8e-05
2796,2797,brain_tumor_figshare/2797.mat,MR040240B,3,1,Gliom,1,Gliom,evet,0.003514,0.996435,5e-05
2797,2798,brain_tumor_figshare/2798.mat,MR040240B,3,1,Gliom,1,Gliom,evet,0.007304,0.992686,9e-06
2798,2799,brain_tumor_figshare/2799.mat,MR040240B,3,1,Gliom,1,Gliom,evet,0.011062,0.988697,0.000241
2799,2800,brain_tumor_figshare/2800.mat,MR029209G,5,1,Gliom,1,Gliom,evet,0.002795,0.997185,2e-05
2800,2801,brain_tumor_figshare/2801.mat,MR029209G,5,1,Gliom,1,Gliom,evet,0.148027,0.850909,0.001064
2801,2802,brain_tumor_figshare/2802.mat,MR029209G,5,1,Gliom,1,Gliom,evet,0.000116,0.999882,1e-06
2802,2803,brain_tumor_figshare/2803.mat,MR029209G,5,1,Gliom,1,Gliom,evet,0.000133,0.999865,2e-06
2803,2804,brain_tumor_figshare/2804.mat,MR029209G,5,1,Gliom,1,Gliom,evet,0.001154,0.998823,2.3e-05
2804,2805,brain_tumor_figshare/2805.mat,MR036496B,3,1,Gliom,1,Gliom,evet,0.006739,0.992935,0.000326
2805,2806,brain_tumor_figshare/2806.mat,MR036496B,3,1,Gliom,1,Gliom,evet,0.063536,0.935927,0.000536
2806,2807,brain_tumor_figshare/2807.mat,MR036496B,3,1,Gliom,1,Gliom,evet,0.001876,0.998117,7e-06
2807,2808,brain_tumor_figshare/2808.mat,MR036496B,3,1,Gliom,1,Gliom,evet,0.004155,0.995746,9.9e-05
2808,2809,brain_tumor_figshare/2809.mat,MR033420,5,1,Gliom,1,Gliom,evet,0.038719,0.960319,0.000962
2809,2810,brain_tumor_figshare/2810.mat,MR033420,5,1,Gliom,1,Gliom,evet,0.000278,0.999719,3e-06
2810,2811,brain_tumor_figshare/2811.mat,MR033420,5,1,Gliom,1,Gliom,evet,0.000926,0.999035,3.9e-05
2811,2812,brain_tumor_figshare/2812.mat,MR033420,5,1,Gliom,1,Gliom,evet,8.7e-05,0.999905,8e-06
2812,2813,brain_tumor_figshare/2813.mat,MR033420,5,1,Gliom,1,Gliom,evet,0.004657,0.995194,0.000149
2813,2814,brain_tumor_figshare/2814.mat,MR033420,5,1,Gliom,1,Gliom,evet,0.032007,0.967347,0.000646
2814,2815,brain_tumor_figshare/2815.mat,MR033420,5,1,Gliom,1,Gliom,evet,0.010036,0.989477,0.000487
2815,2816,brain_tumor_figshare/2816.mat,MR033420,5,1,Gliom,1,Gliom,evet,0.097087,0.896039,0.006874
2816,2817,brain_tumor_figshare/2817.mat,MR024780B,1,1,Gliom,1,Gliom,evet,0.074276,0.888827,0.036897
2817,2818,brain_tumor_figshare/2818.mat,MR024780B,1,1,Gliom,1,Gliom,evet,0.021307,0.973654,0.00504
2818,2819,brain_tumor_figshare/2819.mat,MR024780B,1,1,Gliom,1,Gliom,evet,0.075201,0.91502,0.009779
2819,2820,brain_tumor_figshare/2820.mat,MR024780B,1,1,Gliom,1,Gliom,evet,0.045186,0.952374,0.002441
2820,2821,brain_tumor_figshare/2821.mat,MR033389B,4,1,Gliom,1,Gliom,evet,0.007743,0.991543,0.000713
2821,2822,brain_tumor_figshare/2822.mat,MR048294,1,1,Gliom,1,Gliom,evet,0.027084,0.948883,0.024033
2822,2823,brain_tumor_figshare/2823.mat,MR048297,1,1,Gliom,1,Gliom,evet,0.095596,0.901716,0.002689
2823,2824,brain_tumor_figshare/2824.mat,MR048297,1,1,Gliom,1,Gliom,evet,0.176119,0.807327,0.016553
2824,2825,brain_tumor_figshare/2825.mat,MR048297,1,1,Gliom,1,Gliom,evet,0.010287,0.982026,0.007687
2825,2826,brain_tumor_figshare/2826.mat,MR048297,1,1,Gliom,1,Gliom,evet,0.082164,0.908269,0.009567
2826,2827,brain_tumor_figshare/2827.mat,MR048297,1,1,Gliom,1,Gliom,evet,0.034486,0.954032,0.011483
2827,2828,brain_tumor_figshare/2828.mat,MR048297,1,1,Gliom,1,Gliom,evet,0.018955,0.974942,0.006103
2828,2829,brain_tumor_figshare/2829.mat,MR048297,1,1,Gliom,1,Gliom,evet,0.038324,0.954413,0.007263
2829,2830,brain_tumor_figshare/2830.mat,MR048297,1,1,Gliom,1,Gliom,evet,0.009275,0.987385,0.00334
2830,2831,brain_tumor_figshare/2831.mat,MR048294B,5,1,Gliom,0,Meningiom,hayır,0.747909,0.245203,0.006888
2831,2832,brain_tumor_figshare/2832.mat,MR048294B,5,1,Gliom,1,Gliom,evet,0.025501,0.974435,6.4e-05
2832,2833,brain_tumor_figshare/2833.mat,MR048294B,5,1,Gliom,1,Gliom,evet,0.025121,0.963164,0.011715
2833,2834,brain_tumor_figshare/2834.mat,MR048294B,5,1,Gliom,1,Gliom,evet,0.004177,0.994424,0.001399
2834,2835,brain_tumor_figshare/2835.mat,MR048294B,5,1,Gliom,1,Gliom,evet,0.039276,0.918949,0.041776
2835,2836,brain_tumor_figshare/2836.mat,MR048294B,5,1,Gliom,1,Gliom,evet,0.000999,0.996586,0.002416
2836,2837,brain_tumor_figshare/2837.mat,MR048621B,5,1,Gliom,1,Gliom,evet,0.04691,0.949078,0.004011
2837,2838,brain_tumor_figshare/2838.mat,MR048621B,5,1,Gliom,1,Gliom,evet,0.008296,0.991446,0.000259
2838,2839,brain_tumor_figshare/2839.mat,MR048621B,5,1,Gliom,1,Gliom,evet,0.035404,0.964218,0.000378
2839,2840,brain_tumor_figshare/2840.mat,MR048944,5,1,Gliom,1,Gliom,evet,0.02032,0.979618,6.2e-05
2840,2841,brain_tumor_figshare/2841.mat,MR048944,5,1,Gliom,1,Gliom,evet,0.001963,0.997792,0.000245
2841,2842,brain_tumor_figshare/2842.mat,MR048944,5,1,Gliom,1,Gliom,evet,0.000437,0.999547,1.5e-05
2842,2843,brain_tumor_figshare/2843.mat,MR048944,5,1,Gliom,1,Gliom,evet,0.028162,0.970434,0.001403
2843,2844,brain_tumor_figshare/2844.mat,MR048944,5,1,Gliom,1,Gliom,evet,0.027684,0.971766,0.000549
2844,2845,brain_tumor_figshare/2845.mat,MR048944,5,1,Gliom,1,Gliom,evet,0.000333,0.99965,1.7e-05
2845,2846,brain_tumor_figshare/2846.mat,MR048994,2,1,Gliom,0,Meningiom,hayır,0.510842,0.455825,0.033333
2846,2847,brain_tumor_figshare/2847.mat,MR048994,2,1,Gliom,1,Gliom,evet,0.398248,0.581807,0.019945
2847,2848,brain_tumor_figshare/2848.mat,MR048994,2,1,Gliom,0,Meningiom,hayır,0.811188,0.179203,0.009609
2848,2849,brain_tumor_figshare/2849.mat,MR048994,2,1,Gliom,1,Gliom,evet,0.036055,0.961879,0.002067
2849,2850,brain_tumor_figshare/2850.mat,MR048994,2,1,Gliom,1,Gliom,evet,0.06027,0.939559,0.000171
2850,2851,brain_tumor_figshare/2851.mat,MR048994,2,1,Gliom,1,Gliom,evet,0.044734,0.955249,1.8e-05
2851,2852,brain_tumor_figshare/2852.mat,MR048994,2,1,Gliom,1,Gliom,evet,0.07021,0.929616,0.000174
2852,2853,brain_tumor_figshare/2853.mat,MR048994,2,1,Gliom,0,Meningiom,hayır,0.688776,0.31051,0.000715
2853,2854,brain_tumor_figshare/2854.mat,MR049104,1,1,Gliom,1,Gliom,evet,0.059575,0.872431,0.067994
2854,2855,brain_tumor_figshare/2855.mat,MR049104,1,1,Gliom,1,Gliom,evet,0.026038,0.935581,0.038381
2855,2856,brain_tumor_figshare/2856.mat,MR049104,1,1,Gliom,1,Gliom,evet,0.116782,0.773193,0.110025
2856,2857,brain_tumor_figshare/2857.mat,MR049104,1,1,Gliom,1,Gliom,evet,0.058208,0.919463,0.022329
2857,2858,brain_tumor_figshare/2858.mat,MR049142,5,1,Gliom,0,Meningiom,hayır,0.805464,0.035828,0.158708
2858,2859,brain_tumor_figshare/2859.mat,MR049142,5,1,Gliom,0,Meningiom,hayır,0.565917,0.415446,0.018637
2859,2860,brain_tumor_figshare/2860.mat,MR049142,5,1,Gliom,1,Gliom,evet,0.028559,0.969503,0.001939
2860,2861,brain_tumor_figshare/2861.mat,MR048994B,4,1,Gliom,1,Gliom,evet,0.020874,0.973556,0.00557
2861,2862,brain_tumor_figshare/2862.mat,MR048994B,4,1,Gliom,1,Gliom,evet,0.008402,0.978979,0.012619
2862,2863,brain_tumor_figshare/2863.mat,MR048994B,4,1,Gliom,1,Gliom,evet,0.044886,0.946229,0.008885
2863,2864,brain_tumor_figshare/2864.mat,MR048994B,4,1,Gliom,1,Gliom,evet,0.054715,0.912863,0.032421
2864,2865,brain_tumor_figshare/2865.mat,MR048994B,4,1,Gliom,1,Gliom,evet,0.015801,0.981588,0.002611
2865,2866,brain_tumor_figshare/2866.mat,MR049358,3,1,Gliom,1,Gliom,evet,0.009996,0.989693,0.000311
2866,2867,brain_tumor_figshare/2867.mat,MR049358,3,1,Gliom,1,Gliom,evet,0.184959,0.814131,0.00091
2867,2868,brain_tumor_figshare/2868.mat,MR049358,3,1,Gliom,1,Gliom,evet,0.04121,0.957236,0.001555
2868,2869,brain_tumor_figshare/2869.mat,MR049358,3,1,Gliom,1,Gliom,evet,0.291171,0.693569,0.01526
2869,2870,brain_tumor_figshare/2870.mat,MR049358,3,1,Gliom,1,Gliom,evet,0.001219,0.998752,2.9e-05
2870,2871,brain_tumor_figshare/2871.mat,MR049358,3,1,Gliom,1,Gliom,evet,0.002325,0.997517,0.000159
2871,2872,brain_tumor_figshare/2872.mat,MR049358,3,1,Gliom,1,Gliom,evet,0.001083,0.998351,0.000565
2872,2873,brain_tumor_figshare/2873.mat,MR049104B,3,1,Gliom,1,Gliom,evet,0.077955,0.867525,0.054521
2873,2874,brain_tumor_figshare/2874.mat,MR049104B,3,1,Gliom,1,Gliom,evet,0.010006,0.927465,0.062529
2874,2875,brain_tumor_figshare/2875.mat,MR049104B,3,1,Gliom,1,Gliom,evet,0.002965,0.992639,0.004396
2875,2876,brain_tumor_figshare/2876.mat,MR049453,2,1,Gliom,1,Gliom,evet,0.16742,0.743772,0.088808
2876,2877,brain_tumor_figshare/2877.mat,MR049453,2,1,Gliom,1,Gliom,evet,0.097637,0.718558,0.183805
2877,2878,brain_tumor_figshare/2878.mat,MR049453,2,1,Gliom,1,Gliom,evet,0.001212,0.997722,0.001066
2878,2879,brain_tumor_figshare/2879.mat,MR049453,2,1,Gliom,1,Gliom,evet,0.000985,0.998915,0.000101
2879,2880,brain_tumor_figshare/2880.mat,MR049453,2,1,Gliom,1,Gliom,evet,0.001448,0.997521,0.001031
2880,2881,brain_tumor_figshare/2881.mat,MR049453,2,1,Gliom,1,Gliom,evet,0.000701,0.998792,0.000507
2881,2882,brain_tumor_figshare/2882.mat,MR049453,2,1,Gliom,1,Gliom,evet,0.000523,0.998864,0.000613
2882,2883,brain_tumor_figshare/2883.mat,MR049453,2,1,Gliom,1,Gliom,evet,0.008227,0.988899,0.002874
2883,2884,brain_tumor_figshare/2884.mat,MR049453,2,1,Gliom,1,Gliom,evet,0.00781,0.992163,2.8e-05
2884,2885,brain_tumor_figshare/2885.mat,MR024780G,1,1,Gliom,1,Gliom,evet,0.025418,0.964209,0.010373
2885,2886,brain_tumor_figshare/2886.mat,MR024780G,1,1,Gliom,1,Gliom,evet,0.023472,0.963873,0.012656
2886,2887,brain_tumor_figshare/2887.mat,MR024780G,1,1,Gliom,1,Gliom,evet,0.009273,0.988382,0.002344
2887,2888,brain_tumor_figshare/2888.mat,MR024780G,1,1,Gliom,1,Gliom,evet,0.188886,0.790195,0.020919
2888,2889,brain_tumor_figshare/2889.mat,MR024780G,1,1,Gliom,1,Gliom,evet,0.283826,0.706055,0.01012
2889,2890,brain_tumor_figshare/2890.mat,MR024780G,1,1,Gliom,1,Gliom,evet,0.206292,0.791201,0.002507
2890,2891,brain_tumor_figshare/2891.mat,MR050135B,2,1,Gliom,1,Gliom,evet,0.011753,0.987791,0.000456
2891,2892,brain_tumor_figshare/2892.mat,MR050135B,2,1,Gliom,1,Gliom,evet,0.004097,0.99574,0.000163
2892,2893,brain_tumor_figshare/2893.mat,MR050135B,2,1,Gliom,1,Gliom,evet,0.006052,0.993711,0.000237
2893,2894,brain_tumor_figshare/2894.mat,MR050135B,2,1,Gliom,1,Gliom,evet,0.010124,0.989734,0.000141
2894,2895,brain_tumor_figshare/2895.mat,MR050135B,2,1,Gliom,1,Gliom,evet,0.023506,0.976078,0.000416
2895,2896,brain_tumor_figshare/2896.mat,MR050135B,2,1,Gliom,1,Gliom,evet,0.021934,0.966103,0.011963
2896,2897,brain_tumor_figshare/2897.mat,MR050135B,2,1,Gliom,1,Gliom,evet,0.032281,0.958077,0.009641
2897,2898,brain_tumor_figshare/2898.mat,MR050135B,2,1,Gliom,1,Gliom,evet,0.041937,0.944908,0.013155
2898,2899,brain_tumor_figshare/2899.mat,MR050135B,2,1,Gliom,1,Gliom,evet,0.058752,0.889213,0.052035
2899,2900,brain_tumor_figshare/2900.mat,MR050687,1,1,Gliom,1,Gliom,evet,0.251095,0.741927,0.006978
2900,2901,brain_tumor_figshare/2901.mat,MR050687,1,1,Gliom,1,Gliom,evet,0.18367,0.798349,0.017981
2901,2902,brain_tumor_figshare/2902.mat,MR050687,1,1,Gliom,0,Meningiom,hayır,0.677691,0.296363,0.025946
2902,2903,brain_tumor_figshare/2903.mat,MR050687,1,1,Gliom,1,Gliom,evet,0.158553,0.797034,0.044414
2903,2904,brain_tumor_figshare/2904.mat,MR050687,1,1,Gliom,1,Gliom,evet,0.069978,0.916872,0.013151
2904,2905,brain_tumor_figshare/2905.mat,MR050687,1,1,Gliom,1,Gliom,evet,0.141782,0.81039,0.047828
2905,2906,brain_tumor_figshare/2906.mat,MR050791B,4,1,Gliom,0,Meningiom,hayır,0.776039,0.219146,0.004815
2906,2907,brain_tumor_figshare/2907.mat,MR050791B,4,1,Gliom,1,Gliom,evet,0.17046,0.827521,0.00202
2907,2908,brain_tumor_figshare/2908.mat,MR050791B,4,1,Gliom,1,Gliom,evet,0.303495,0.695407,0.001098
2908,2909,brain_tumor_figshare/2909.mat,MR050791B,4,1,Gliom,0,Meningiom,hayır,0.498686,0.492991,0.008323
2909,2910,brain_tumor_figshare/2910.mat,MR050791B,4,1,Gliom,1,Gliom,evet,0.292108,0.703356,0.004536
2910,2911,brain_tumor_figshare/2911.mat,MR050791B,4,1,Gliom,1,Gliom,evet,0.156831,0.835989,0.007181
2911,2912,brain_tumor_figshare/2912.mat,MR050791B,4,1,Gliom,1,Gliom,evet,0.303618,0.665542,0.03084
2912,2913,brain_tumor_figshare/2913.mat,MR050791B,4,1,Gliom,1,Gliom,evet,0.172751,0.777299,0.04995
2913,2914,brain_tumor_figshare/2914.mat,MR049019C,4,1,Gliom,1,Gliom,evet,0.1196,0.850958,0.029442
2914,2915,brain_tumor_figshare/2915.mat,MR049019C,4,1,Gliom,1,Gliom,evet,0.023172,0.965987,0.01084
2915,2916,brain_tumor_figshare/2916.mat,MR049019C,4,1,Gliom,1,Gliom,evet,0.068984,0.907819,0.023198
2916,2917,brain_tumor_figshare/2917.mat,MR049019C,4,1,Gliom,1,Gliom,evet,0.057567,0.883832,0.058601
2917,2918,brain_tumor_figshare/2918.mat,MR051461,2,1,Gliom,1,Gliom,evet,0.004938,0.995006,5.6e-05
2918,2919,brain_tumor_figshare/2919.mat,MR051461,2,1,Gliom,1,Gliom,evet,0.006413,0.993481,0.000106
2919,2920,brain_tumor_figshare/2920.mat,MR051461,2,1,Gliom,1,Gliom,evet,0.000996,0.998984,2e-05
2920,2921,brain_tumor_figshare/2921.mat,MR051461,2,1,Gliom,1,Gliom,evet,0.00046,0.999532,8e-06
2921,2922,brain_tumor_figshare/2922.mat,MR051461,2,1,Gliom,1,Gliom,evet,0.001685,0.998304,1.2e-05
2922,2923,brain_tumor_figshare/2923.mat,MR051461,2,1,Gliom,1,Gliom,evet,0.001039,0.998954,7e-06
2923,2924,brain_tumor_figshare/2924.mat,MR051461,2,1,Gliom,1,Gliom,evet,0.011259,0.988565,0.000175
2924,2925,brain_tumor_figshare/2925.mat,MR051586,5,1,Gliom,1,Gliom,evet,0.046261,0.950962,0.002777
2925,2926,brain_tumor_figshare/2926.mat,MR051586,5,1,Gliom,1,Gliom,evet,0.0539,0.942832,0.003269
2926,2927,brain_tumor_figshare/2927.mat,MR051586,5,1,Gliom,1,Gliom,evet,0.146139,0.851904,0.001957
2927,2928,brain_tumor_figshare/2928.mat,MR051586,5,1,Gliom,1,Gliom,evet,0.104969,0.893504,0.001527
2928,2929,brain_tumor_figshare/2929.mat,MR051586,5,1,Gliom,1,Gliom,evet,0.365982,0.628239,0.005779
2929,2930,brain_tumor_figshare/2930.mat,MR051586,5,1,Gliom,1,Gliom,evet,0.066913,0.928912,0.004175
2930,2931,brain_tumor_figshare/2931.mat,MR051586,5,1,Gliom,1,Gliom,evet,0.000524,0.999459,1.7e-05
2931,2932,brain_tumor_figshare/2932.mat,MR051586,5,1,Gliom,1,Gliom,evet,0.00751,0.991284,0.001206
2932,2933,brain_tumor_figshare/2933.mat,MR051586,5,1,Gliom,1,Gliom,evet,0.018762,0.868559,0.11268
2933,2934,brain_tumor_figshare/2934.mat,MR051644,4,1,Gliom,1,Gliom,evet,0.027747,0.966354,0.0059
2934,2935,brain_tumor_figshare/2935.mat,MR051644,4,1,Gliom,1,Gliom,evet,0.050881,0.895039,0.05408
2935,2936,brain_tumor_figshare/2936.mat,MR051644,4,1,Gliom,1,Gliom,evet,0.027353,0.959831,0.012816
2936,2937,brain_tumor_figshare/2937.mat,MR051644,4,1,Gliom,1,Gliom,evet,0.028874,0.958822,0.012303
2937,2938,brain_tumor_figshare/2938.mat,MR051644,4,1,Gliom,1,Gliom,evet,0.078899,0.848745,0.072355
2938,2939,brain_tumor_figshare/2939.mat,MR051644,4,1,Gliom,1,Gliom,evet,0.010654,0.984267,0.005079
2939,2940,brain_tumor_figshare/2940.mat,MR051644,4,1,Gliom,1,Gliom,evet,0.00425,0.994953,0.000797
2940,2941,brain_tumor_figshare/2941.mat,MR051644,4,1,Gliom,1,Gliom,evet,0.008875,0.989983,0.001141
2941,2942,brain_tumor_figshare/2942.mat,MR051644,4,1,Gliom,1,Gliom,evet,0.033811,0.957104,0.009084
2942,2943,brain_tumor_figshare/2943.mat,MR051644,4,1,Gliom,1,Gliom,evet,0.003588,0.995975,0.000437
2943,2944,brain_tumor_figshare/2944.mat,MR051651,1,1,Gliom,1,Gliom,evet,0.139906,0.799392,0.060702
2944,2945,brain_tumor_figshare/2945.mat,MR051651,1,1,Gliom,1,Gliom,evet,0.009041,0.989318,0.001641
2945,2946,brain_tumor_figshare/2946.mat,MR051651,1,1,Gliom,1,Gliom,evet,0.030252,0.969445,0.000303
2946,2947,brain_tumor_figshare/2947.mat,MR051651,1,1,Gliom,1,Gliom,evet,0.011124,0.987947,0.000929
2947,2948,brain_tumor_figshare/2948.mat,MR051796,4,1,Gliom,2,Hipofiz tümörü,hayır,0.085875,0.339637,0.574488
2948,2949,brain_tumor_figshare/2949.mat,MR051796,4,1,Gliom,1,Gliom,evet,0.086638,0.730144,0.183219
2949,2950,brain_tumor_figshare/2950.mat,MR051796,4,1,Gliom,1,Gliom,evet,0.048002,0.70071,0.251288
2950,2951,brain_tumor_figshare/2951.mat,MR051796,4,1,Gliom,1,Gliom,evet,0.105724,0.756585,0.137691
2951,2952,brain_tumor_figshare/2952.mat,MR051796,4,1,Gliom,1,Gliom,evet,0.084964,0.705933,0.209103
2952,2953,brain_tumor_figshare/2953.mat,MR051796,4,1,Gliom,1,Gliom,evet,0.16732,0.750308,0.082372
2953,2954,brain_tumor_figshare/2954.mat,MR051796,4,1,Gliom,1,Gliom,evet,0.21598,0.757224,0.026796
2954,2955,brain_tumor_figshare/2955.mat,MR051651B,3,1,Gliom,1,Gliom,evet,0.419231,0.560879,0.019889
2955,2956,brain_tumor_figshare/2956.mat,MR051651B,3,1,Gliom,1,Gliom,evet,0.123783,0.842352,0.033865
2956,2957,brain_tumor_figshare/2957.mat,MR051651B,3,1,Gliom,1,Gliom,evet,0.007999,0.987915,0.004086
2957,2958,brain_tumor_figshare/2958.mat,MR051651B,3,1,Gliom,1,Gliom,evet,0.037364,0.95935,0.003286
2958,2959,brain_tumor_figshare/2959.mat,MR051651B,3,1,Gliom,1,Gliom,evet,0.005956,0.993961,8.3e-05
2959,2960,brain_tumor_figshare/2960.mat,MR051651B,3,1,Gliom,1,Gliom,evet,0.063549,0.93618,0.000271
2960,2961,brain_tumor_figshare/2961.mat,MR051644B,3,1,Gliom,1,Gliom,evet,0.002371,0.997104,0.000525
2961,2962,brain_tumor_figshare/2962.mat,MR051644B,3,1,Gliom,1,Gliom,evet,0.001782,0.995094,0.003124
2962,2963,brain_tumor_figshare/2963.mat,MR051644B,3,1,Gliom,1,Gliom,evet,0.000264,0.990396,0.009339
2963,2964,brain_tumor_figshare/2964.mat,MR051644B,3,1,Gliom,1,Gliom,evet,0.001257,0.998466,0.000277
2964,2965,brain_tumor_figshare/2965.mat,MR051644B,3,1,Gliom,1,Gliom,evet,0.002895,0.965824,0.031281
2965,2966,brain_tumor_figshare/2966.mat,MR051644B,3,1,Gliom,1,Gliom,evet,0.013007,0.544441,0.442552
2966,2967,brain_tumor_figshare/2967.mat,MR051644B,3,1,Gliom,1,Gliom,evet,0.015095,0.939639,0.045266
2967,2968,brain_tumor_figshare/2968.mat,MR051644B,3,1,Gliom,1,Gliom,evet,0.002131,0.995714,0.002156
2968,2969,brain_tumor_figshare/2969.mat,MR051644B,3,1,Gliom,1,Gliom,evet,0.024399,0.955618,0.019983
2969,2970,brain_tumor_figshare/2970.mat,MR051796B,5,1,Gliom,1,Gliom,evet,0.00627,0.990037,0.003693
2970,2971,brain_tumor_figshare/2971.mat,MR051796B,5,1,Gliom,1,Gliom,evet,0.010494,0.985268,0.004238
2971,2972,brain_tumor_figshare/2972.mat,MR051796B,5,1,Gliom,1,Gliom,evet,0.001518,0.997287,0.001196
2972,2973,brain_tumor_figshare/2973.mat,MR051796B,5,1,Gliom,1,Gliom,evet,0.261628,0.721989,0.016382
2973,2974,brain_tumor_figshare/2974.mat,MR051796B,5,1,Gliom,1,Gliom,evet,0.004044,0.995781,0.000175
2974,2975,brain_tumor_figshare/2975.mat,MR052550,1,1,Gliom,1,Gliom,evet,0.023464,0.970266,0.006269
2975,2976,brain_tumor_figshare/2976.mat,MR052550,1,1,Gliom,1,Gliom,evet,0.029179,0.956682,0.014139
2976,2977,brain_tumor_figshare/2977.mat,MR052550,1,1,Gliom,1,Gliom,evet,0.003964,0.992977,0.003059
2977,2978,brain_tumor_figshare/2978.mat,MR052550,1,1,Gliom,1,Gliom,evet,0.005251,0.991824,0.002925
2978,2979,brain_tumor_figshare/2979.mat,MR052550,1,1,Gliom,1,Gliom,evet,0.009161,0.983107,0.007732
2979,2980,brain_tumor_figshare/2980.mat,MR052550,1,1,Gliom,1,Gliom,evet,0.023865,0.966239,0.009896
2980,2981,brain_tumor_figshare/2981.mat,MR052550,1,1,Gliom,1,Gliom,evet,0.003751,0.995089,0.001161
2981,2982,brain_tumor_figshare/2982.mat,MR052550,1,1,Gliom,1,Gliom,evet,0.011736,0.968797,0.019466
2982,2983,brain_tumor_figshare/2983.mat,MR051644C,4,1,Gliom,1,Gliom,evet,0.038763,0.940685,0.020552
2983,2984,brain_tumor_figshare/2984.mat,MR051644C,4,1,Gliom,1,Gliom,evet,0.068435,0.812408,0.119157
2984,2985,brain_tumor_figshare/2985.mat,MR051644C,4,1,Gliom,1,Gliom,evet,0.143865,0.748548,0.107587
2985,2986,brain_tumor_figshare/2986.mat,MR051644C,4,1,Gliom,1,Gliom,evet,0.124577,0.717613,0.15781
2986,2987,brain_tumor_figshare/2987.mat,MR051644C,4,1,Gliom,1,Gliom,evet,0.065156,0.86705,0.067794
2987,2988,brain_tumor_figshare/2988.mat,MR051644C,4,1,Gliom,1,Gliom,evet,0.010602,0.981587,0.007811
2988,2989,brain_tumor_figshare/2989.mat,MR051644C,4,1,Gliom,1,Gliom,evet,0.0364,0.953416,0.010184
2989,2990,brain_tumor_figshare/2990.mat,MR051644C,4,1,Gliom,1,Gliom,evet,0.012794,0.984417,0.002789
2990,2991,brain_tumor_figshare/2991.mat,MR051644C,4,1,Gliom,1,Gliom,evet,0.002677,0.996199,0.001124
2991,2992,brain_tumor_figshare/2992.mat,MR051644C,4,1,Gliom,1,Gliom,evet,0.002785,0.996247,0.000968
2992,2993,brain_tumor_figshare/2993.mat,MR049942B,3,1,Gliom,1,Gliom,evet,0.000473,0.985022,0.014506
2993,2994,brain_tumor_figshare/2994.mat,MR049942B,3,1,Gliom,1,Gliom,evet,0.004972,0.963695,0.031333
2994,2995,brain_tumor_figshare/2995.mat,MR049942B,3,1,Gliom,1,Gliom,evet,0.005927,0.807705,0.186368
2995,2996,brain_tumor_figshare/2996.mat,MR052585B,5,1,Gliom,1,Gliom,evet,0.010228,0.987406,0.002365
2996,2997,brain_tumor_figshare/2997.mat,MR052585B,5,1,Gliom,1,Gliom,evet,0.008054,0.973137,0.018809
2997,2998,brain_tumor_figshare/2998.mat,MR052585B,5,1,Gliom,1,Gliom,evet,0.016926,0.979382,0.003692
2998,2999,brain_tumor_figshare/2999.mat,MR053110B,1,1,Gliom,1,Gliom,evet,0.002106,0.997295,0.000599
2999,3000,brain_tumor_figshare/3000.mat,MR053110B,1,1,Gliom,1,Gliom,evet,0.001193,0.998533,0.000274
3000,3001,brain_tumor_figshare/3001.mat,MR053110B,1,1,Gliom,1,Gliom,evet,0.019652,0.977594,0.002754
3001,3002,brain_tumor_figshare/3002.mat,MR053110B,1,1,Gliom,1,Gliom,evet,0.02406,0.949472,0.026468
3002,3003,brain_tumor_figshare/3003.mat,MR053110B,1,1,Gliom,1,Gliom,evet,0.172891,0.812176,0.014934
3003,3004,brain_tumor_figshare/3004.mat,MR053110B,1,1,Gliom,1,Gliom,evet,0.449771,0.537258,0.012971
3004,3005,brain_tumor_figshare/3005.mat,MR034694,2,1,Gliom,2,Hipofiz tümörü,hayır,0.007504,0.038538,0.953958
3005,3006,brain_tumor_figshare/3006.mat,MR034694,2,1,Gliom,1,Gliom,evet,0.012234,0.675294,0.312472
3006,3007,brain_tumor_figshare/3007.mat,MR034694,2,1,Gliom,1,Gliom,evet,0.072313,0.865359,0.062328
3007,3008,brain_tumor_figshare/3008.mat,MR034694,2,1,Gliom,1,Gliom,evet,0.027779,0.951714,0.020507
3008,3009,brain_tumor_figshare/3009.mat,MR054875,1,1,Gliom,1,Gliom,evet,0.076776,0.785225,0.137999
3009,3010,brain_tumor_figshare/3010.mat,MR054875,1,1,Gliom,1,Gliom,evet,0.037601,0.937395,0.025004
3010,3011,brain_tumor_figshare/3011.mat,MR054875,1,1,Gliom,1,Gliom,evet,0.158983,0.640333,0.200683
3011,3012,brain_tumor_figshare/3012.mat,MR054875,1,1,Gliom,1,Gliom,evet,0.194111,0.734903,0.070986
3012,3013,brain_tumor_figshare/3013.mat,MR054875,1,1,Gliom,1,Gliom,evet,0.065735,0.913309,0.020955
3013,3014,brain_tumor_figshare/3014.mat,MR050687C,5,1,Gliom,1,Gliom,evet,0.020766,0.979132,0.000102
3014,3015,brain_tumor_figshare/3015.mat,MR050687C,5,1,Gliom,1,Gliom,evet,0.12753,0.828686,0.043784
3015,3016,brain_tumor_figshare/3016.mat,MR050687C,5,1,Gliom,1,Gliom,evet,0.175233,0.767788,0.056979
3016,3017,brain_tumor_figshare/3017.mat,MR050687C,5,1,Gliom,1,Gliom,evet,0.229048,0.683059,0.087892
3017,3018,brain_tumor_figshare/3018.mat,MR050687C,5,1,Gliom,1,Gliom,evet,0.009915,0.98995,0.000135
3018,3019,brain_tumor_figshare/3019.mat,MR050687C,5,1,Gliom,1,Gliom,evet,0.020678,0.978695,0.000627
3019,3020,brain_tumor_figshare/3020.mat,MR056144,5,1,Gliom,1,Gliom,evet,0.043324,0.945059,0.011617
3020,3021,brain_tumor_figshare/3021.mat,MR056144,5,1,Gliom,1,Gliom,evet,0.149176,0.697857,0.152967
3021,3022,brain_tumor_figshare/3022.mat,MR034997,3,1,Gliom,1,Gliom,evet,0.027585,0.970028,0.002387
3022,3023,brain_tumor_figshare/3023.mat,MR034997,3,1,Gliom,1,Gliom,evet,0.006554,0.992809,0.000637
3023,3024,brain_tumor_figshare/3024.mat,MR034997,3,1,Gliom,1,Gliom,evet,0.014479,0.985069,0.000452
3024,3025,brain_tumor_figshare/3025.mat,MR034997,3,1,Gliom,1,Gliom,evet,0.003433,0.996318,0.000249
3025,3026,brain_tumor_figshare/3026.mat,MR034997,3,1,Gliom,1,Gliom,evet,0.00739,0.991935,0.000675
3026,3027,brain_tumor_figshare/3027.mat,MR034997,3,1,Gliom,1,Gliom,evet,0.088779,0.900315,0.010906
3027,3028,brain_tumor_figshare/3028.mat,MR034997,3,1,Gliom,1,Gliom,evet,0.000225,0.999463,0.000313
3028,3029,brain_tumor_figshare/3029.mat,MR029209E,5,1,Gliom,1,Gliom,evet,0.14084,0.858801,0.000359
3029,3030,brain_tumor_figshare/3030.mat,53669,5,0,Meningiom,0,Meningiom,evet,0.880469,0.034311,0.085221
3030,3031,brain_tumor_figshare/3031.mat,MR033389B,4,1,Gliom,1,Gliom,evet,0.084722,0.912292,0.002986
3031,3032,brain_tumor_figshare/3032.mat,MR033389B,4,1,Gliom,1,Gliom,evet,0.018181,0.980741,0.001078
3032,3033,brain_tumor_figshare/3033.mat,MR033389B,4,1,Gliom,1,Gliom,evet,0.062653,0.92682,0.010527
3033,3034,brain_tumor_figshare/3034.mat,MR033389B,4,1,Gliom,1,Gliom,evet,0.020077,0.960917,0.019006
3034,3035,brain_tumor_figshare/3035.mat,MR033389B,4,1,Gliom,1,Gliom,evet,0.015159,0.934267,0.050574
3035,3036,brain_tumor_figshare/3036.mat,MR033389B,4,1,Gliom,1,Gliom,evet,0.051712,0.882488,0.0658
3036,3037,brain_tumor_figshare/3037.mat,MR033389B,4,1,Gliom,1,Gliom,evet,0.018955,0.961907,0.019139
3037,3038,brain_tumor_figshare/3038.mat,MR033389B,4,1,Gliom,1,Gliom,evet,0.030514,0.963804,0.005682
3038,3039,brain_tumor_figshare/3039.mat,MR024780E,4,1,Gliom,1,Gliom,evet,0.257686,0.599032,0.143282
3039,3040,brain_tumor_figshare/3040.mat,MR024780E,4,1,Gliom,1,Gliom,evet,0.055104,0.939685,0.005211
3040,3041,brain_tumor_figshare/3041.mat,MR024780E,4,1,Gliom,1,Gliom,evet,0.005224,0.994346,0.00043
3041,3042,brain_tumor_figshare/3042.mat,MR040240C,2,1,Gliom,1,Gliom,evet,0.088316,0.853088,0.058596
3042,3043,brain_tumor_figshare/3043.mat,MR040240C,2,1,Gliom,1,Gliom,evet,0.189353,0.703864,0.106783
3043,3044,brain_tumor_figshare/3044.mat,MR040240C,2,1,Gliom,1,Gliom,evet,0.115682,0.880064,0.004253
3044,3045,brain_tumor_figshare/3045.mat,MR040240C,2,1,Gliom,1,Gliom,evet,0.102286,0.884257,0.013457
3045,3046,brain_tumor_figshare/3046.mat,MR040240C,2,1,Gliom,0,Meningiom,hayır,0.753408,0.089024,0.157568
3046,3047,brain_tumor_figshare/3047.mat,MR040240D,4,1,Gliom,1,Gliom,evet,0.010463,0.984448,0.005089
3047,3048,brain_tumor_figshare/3048.mat,MR040240D,4,1,Gliom,1,Gliom,evet,0.014587,0.971852,0.013561
3048,3049,brain_tumor_figshare/3049.mat,MR017260F,2,1,Gliom,1,Gliom,evet,0.092559,0.90238,0.005061
3049,3050,brain_tumor_figshare/3050.mat,MR017260F,2,1,Gliom,1,Gliom,evet,0.089558,0.908991,0.001451
3050,3051,brain_tumor_figshare/3051.mat,MR017260F,2,1,Gliom,1,Gliom,evet,0.004271,0.99572,9e-06
3051,3052,brain_tumor_figshare/3052.mat,MR017260F,2,1,Gliom,1,Gliom,evet,0.013421,0.986495,8.5e-05
3052,3053,brain_tumor_figshare/3053.mat,MR017260F,2,1,Gliom,1,Gliom,evet,0.005478,0.994449,7.3e-05
3053,3054,brain_tumor_figshare/3054.mat,MR017260F,2,1,Gliom,1,Gliom,evet,0.008084,0.989319,0.002597
3054,3055,brain_tumor_figshare/3055.mat,MR017260F,2,1,Gliom,1,Gliom,evet,0.027954,0.969691,0.002355
3055,3056,brain_tumor_figshare/3056.mat,MR029209I,4,1,Gliom,1,Gliom,evet,0.098346,0.899046,0.002608
3056,3057,brain_tumor_figshare/3057.mat,MR029209I,4,1,Gliom,1,Gliom,evet,0.012522,0.984589,0.002888
3057,3058,brain_tumor_figshare/3058.mat,MR029209I,4,1,Gliom,1,Gliom,evet,0.005538,0.993988,0.000474
3058,3059,brain_tumor_figshare/3059.mat,MR029209I,4,1,Gliom,1,Gliom,evet,0.048573,0.950479,0.000947
3059,3060,brain_tumor_figshare/3060.mat,MR029209I,4,1,Gliom,1,Gliom,evet,0.009717,0.989588,0.000695
3060,3061,brain_tumor_figshare/3061.mat,MR029209I,4,1,Gliom,1,Gliom,evet,0.002915,0.996969,0.000115
3061,3062,brain_tumor_figshare/3062.mat,MR029209I,4,1,Gliom,1,Gliom,evet,0.311759,0.558471,0.129769
3062,3063,brain_tumor_figshare/3063.mat,95969,2,0,Meningiom,1,Gliom,hayır,0.213328,0.780228,0.006444
3063,3064,brain_tumor_figshare/3064.mat,88510,1,0,Meningiom,0,Meningiom,evet,0.655084,0.232879,0.112037
