satir,goruntu_no,dosya,hasta,kat,gercek_etiket_no,gercek_etiket,tahmin_no,tahmin,dogru_mu,olasilik_Meningiom,olasilik_Gliom,olasilik_Hipofiz tümörü
0,1,brain_tumor_figshare/1.mat,100360,5,0,Meningiom,2,Hipofiz tümörü,hayır,0.223847,0.251428,0.524725
1,2,brain_tumor_figshare/2.mat,100360,5,0,Meningiom,0,Meningiom,evet,0.956292,0.043042,0.000666
2,3,brain_tumor_figshare/3.mat,100360,5,0,Meningiom,0,Meningiom,evet,0.983067,0.016741,0.000192
3,4,brain_tumor_figshare/4.mat,100360,5,0,Meningiom,0,Meningiom,evet,0.954321,0.044315,0.001364
4,5,brain_tumor_figshare/5.mat,100360,5,0,Meningiom,1,Gliom,hayır,0.01112,0.988838,4.2e-05
5,6,brain_tumor_figshare/6.mat,100572,3,0,Meningiom,2,Hipofiz tümörü,hayır,0.169763,0.080717,0.74952
6,7,brain_tumor_figshare/7.mat,100572,3,0,Meningiom,2,Hipofiz tümörü,hayır,0.120784,0.03369,0.845527
7,8,brain_tumor_figshare/8.mat,100572,3,0,Meningiom,1,Gliom,hayır,0.303837,0.671539,0.024624
8,9,brain_tumor_figshare/9.mat,101016,4,0,Meningiom,1,Gliom,hayır,0.039408,0.928371,0.032222
9,10,brain_tumor_figshare/10.mat,101016,4,0,Meningiom,0,Meningiom,evet,0.938742,0.042627,0.018631
10,11,brain_tumor_figshare/11.mat,101016,4,0,Meningiom,0,Meningiom,evet,0.994754,0.000226,0.00502
11,12,brain_tumor_figshare/12.mat,101016,4,0,Meningiom,0,Meningiom,evet,0.999858,1e-06,0.00014
12,13,brain_tumor_figshare/13.mat,101016,4,0,Meningiom,0,Meningiom,evet,0.999922,1e-06,7.8e-05
13,14,brain_tumor_figshare/14.mat,101016,4,0,Meningiom,0,Meningiom,evet,0.999657,0.000199,0.000144
14,15,brain_tumor_figshare/15.mat,101016,4,0,Meningiom,0,Meningiom,evet,0.99699,0.00246,0.00055
15,16,brain_tumor_figshare/16.mat,101127,4,0,Meningiom,2,Hipofiz tümörü,hayır,0.005081,0.007283,0.987636
16,17,brain_tumor_figshare/17.mat,101127,4,0,Meningiom,2,Hipofiz tümörü,hayır,0.497824,0.000389,0.501787
17,18,brain_tumor_figshare/18.mat,101127,4,0,Meningiom,0,Meningiom,evet,0.789877,0.008029,0.202094
18,19,brain_tumor_figshare/19.mat,101127,4,0,Meningiom,1,Gliom,hayır,0.139949,0.601365,0.258686
19,20,brain_tumor_figshare/20.mat,101797,5,0,Meningiom,0,Meningiom,evet,0.913161,0.075858,0.010981
20,21,brain_tumor_figshare/21.mat,101797,5,0,Meningiom,0,Meningiom,evet,0.980746,0.014858,0.004396
21,22,brain_tumor_figshare/22.mat,101797,5,0,Meningiom,0,Meningiom,evet,0.963672,0.03428,0.002048
22,23,brain_tumor_figshare/23.mat,101797,5,0,Meningiom,0,Meningiom,evet,0.99791,0.001556,0.000533
23,24,brain_tumor_figshare/24.mat,102420,1,0,Meningiom,0,Meningiom,evet,0.702041,0.203715,0.094244
24,25,brain_tumor_figshare/25.mat,102420,1,0,Meningiom,1,Gliom,hayır,0.025949,0.973664,0.000387
25,26,brain_tumor_figshare/26.mat,102446,3,0,Meningiom,1,Gliom,hayır,0.420408,0.535402,0.04419
26,27,brain_tumor_figshare/27.mat,102675,1,0,Meningiom,0,Meningiom,evet,0.614188,0.385796,1.6e-05
27,28,brain_tumor_figshare/28.mat,102714,5,0,Meningiom,0,Meningiom,evet,0.866876,0.116696,0.016428
28,29,brain_tumor_figshare/29.mat,102714,5,0,Meningiom,0,Meningiom,evet,0.998863,0.000902,0.000235
29,30,brain_tumor_figshare/30.mat,102714,5,0,Meningiom,0,Meningiom,evet,0.999839,1.3e-05,0.000148
30,31,brain_tumor_figshare/31.mat,102714,5,0,Meningiom,0,Meningiom,evet,0.997255,0.001753,0.000992
31,32,brain_tumor_figshare/32.mat,102929,2,0,Meningiom,0,Meningiom,evet,0.737209,0.260135,0.002657
32,33,brain_tumor_figshare/33.mat,102929,2,0,Meningiom,0,Meningiom,evet,0.553179,0.428468,0.018352
33,34,brain_tumor_figshare/34.mat,102935,1,0,Meningiom,1,Gliom,hayır,0.262365,0.736373,0.001262
34,35,brain_tumor_figshare/35.mat,102985,4,0,Meningiom,1,Gliom,hayır,0.257716,0.732867,0.009417
35,36,brain_tumor_figshare/36.mat,103673,5,0,Meningiom,2,Hipofiz tümörü,hayır,0.332211,0.0,0.667788
36,37,brain_tumor_figshare/37.mat,103673,5,0,Meningiom,2,Hipofiz tümörü,hayır,0.103765,1e-06,0.896234
37,38,brain_tumor_figshare/38.mat,103673,5,0,Meningiom,2,Hipofiz tümörü,hayır,0.291607,3.4e-05,0.708359
38,39,brain_tumor_figshare/39.mat,103673,5,0,Meningiom,2,Hipofiz tümörü,hayır,0.16596,9.3e-05,0.833947
39,40,brain_tumor_figshare/40.mat,103673,5,0,Meningiom,2,Hipofiz tümörü,hayır,0.122774,1.5e-05,0.877212
40,41,brain_tumor_figshare/41.mat,103673,5,0,Meningiom,2,Hipofiz tümörü,hayır,0.030331,0.002396,0.967273
41,42,brain_tumor_figshare/42.mat,103925,4,0,Meningiom,0,Meningiom,evet,0.686645,0.145488,0.167866
42,43,brain_tumor_figshare/43.mat,103925,4,0,Meningiom,0,Meningiom,evet,0.825279,0.004191,0.17053
43,44,brain_tumor_figshare/44.mat,103925,4,0,Meningiom,0,Meningiom,evet,0.415668,0.184451,0.39988
44,45,brain_tumor_figshare/45.mat,104167,3,0,Meningiom,1,Gliom,hayır,0.15978,0.840217,3e-06
45,46,brain_tumor_figshare/46.mat,104167,3,0,Meningiom,0,Meningiom,evet,0.802518,0.197427,5.5e-05
46,47,brain_tumor_figshare/47.mat,104167,3,0,Meningiom,1,Gliom,hayır,0.463822,0.536105,7.3e-05
47,48,brain_tumor_figshare/48.mat,104167,3,0,Meningiom,0,Meningiom,evet,0.861071,0.138448,0.000481
48,49,brain_tumor_figshare/49.mat,104281,3,0,Meningiom,0,Meningiom,evet,0.862036,0.096639,0.041326
49,50,brain_tumor_figshare/50.mat,104281,3,0,Meningiom,0,Meningiom,evet,0.809428,0.071931,0.118641
50,51,brain_tumor_figshare/51.mat,104281,3,0,Meningiom,0,Meningiom,evet,0.963781,0.030859,0.00536
51,52,brain_tumor_figshare/52.mat,104281,3,0,Meningiom,0,Meningiom,evet,0.992655,0.005807,0.001539
52,53,brain_tumor_figshare/53.mat,104281,3,0,Meningiom,0,Meningiom,evet,0.971846,0.028079,7.5e-05
53,54,brain_tumor_figshare/54.mat,104281,3,0,Meningiom,0,Meningiom,evet,0.989312,0.010615,7.4e-05
54,55,brain_tumor_figshare/55.mat,104281,3,0,Meningiom,0,Meningiom,evet,0.874083,0.125666,0.00025
55,56,brain_tumor_figshare/56.mat,105374,4,0,Meningiom,0,Meningiom,evet,0.992001,0.004135,0.003864
56,57,brain_tumor_figshare/57.mat,105374,4,0,Meningiom,1,Gliom,hayır,0.002737,0.910257,0.087006
57,58,brain_tumor_figshare/58.mat,105555,5,0,Meningiom,0,Meningiom,evet,0.99881,0.000724,0.000465
58,59,brain_tumor_figshare/59.mat,58392,3,2,Hipofiz tümörü,2,Hipofiz tümörü,evet,0.000951,0.003451,0.995598
59,60,brain_tumor_figshare/60.mat,105937,1,0,Meningiom,0,Meningiom,evet,0.995555,0.004445,0.0
60,61,brain_tumor_figshare/61.mat,105937,1,0,Meningiom,0,Meningiom,evet,0.999617,0.000382,0.0
61,62,brain_tumor_figshare/62.mat,106284,2,0,Meningiom,0,Meningiom,evet,0.989408,0.010207,0.000385
62,63,brain_tumor_figshare/63.mat,106284,2,0,Meningiom,0,Meningiom,evet,0.983704,0.016053,0.000243
63,64,brain_tumor_figshare/64.mat,106284,2,0,Meningiom,0,Meningiom,evet,0.997157,0.000543,0.002301
64,65,brain_tumor_figshare/65.mat,106284,2,0,Meningiom,0,Meningiom,evet,0.989208,0.001004,0.009788
65,66,brain_tumor_figshare/66.mat,106284,2,0,Meningiom,0,Meningiom,evet,0.999641,4.5e-05,0.000314
66,67,brain_tumor_figshare/67.mat,106442,1,0,Meningiom,0,Meningiom,evet,0.99347,0.005656,0.000874
67,68,brain_tumor_figshare/68.mat,106442,1,0,Meningiom,0,Meningiom,evet,0.996909,0.000481,0.002611
68,69,brain_tumor_figshare/69.mat,106442,1,0,Meningiom,0,Meningiom,evet,0.991475,0.008478,4.7e-05
69,70,brain_tumor_figshare/70.mat,106442,1,0,Meningiom,0,Meningiom,evet,0.9227,0.077126,0.000174
70,71,brain_tumor_figshare/71.mat,106534,4,0,Meningiom,0,Meningiom,evet,0.799999,0.197965,0.002036
71,72,brain_tumor_figshare/72.mat,106534,4,0,Meningiom,1,Gliom,hayır,0.3015,0.698284,0.000216
72,73,brain_tumor_figshare/73.mat,106665,3,0,Meningiom,1,Gliom,hayır,0.214047,0.677663,0.10829
73,74,brain_tumor_figshare/74.mat,106665,3,0,Meningiom,0,Meningiom,evet,0.570682,0.420127,0.009191
74,75,brain_tumor_figshare/75.mat,106665,3,0,Meningiom,0,Meningiom,evet,0.590994,0.408675,0.000331
75,76,brain_tumor_figshare/76.mat,106665,3,0,Meningiom,1,Gliom,hayır,0.18398,0.81588,0.00014
76,77,brain_tumor_figshare/77.mat,106665,3,0,Meningiom,0,Meningiom,evet,0.866524,0.133472,4e-06
77,78,brain_tumor_figshare/78.mat,106665,3,0,Meningiom,0,Meningiom,evet,0.909551,0.090448,0.0
78,79,brain_tumor_figshare/79.mat,106665,3,0,Meningiom,0,Meningiom,evet,0.990985,0.009011,5e-06
79,80,brain_tumor_figshare/80.mat,106720,1,0,Meningiom,1,Gliom,hayır,0.095096,0.847962,0.056942
80,81,brain_tumor_figshare/81.mat,106720,1,0,Meningiom,2,Hipofiz tümörü,hayır,0.15334,0.382037,0.464623
81,82,brain_tumor_figshare/82.mat,106720,1,0,Meningiom,2,Hipofiz tümörü,hayır,0.34672,0.296709,0.356571
82,83,brain_tumor_figshare/83.mat,106720,1,0,Meningiom,1,Gliom,hayır,0.237799,0.54078,0.221421
83,84,brain_tumor_figshare/84.mat,106720,1,0,Meningiom,0,Meningiom,evet,0.949515,0.048995,0.001491
84,85,brain_tumor_figshare/85.mat,106720,1,0,Meningiom,0,Meningiom,evet,0.979334,0.020565,0.000101
85,86,brain_tumor_figshare/86.mat,106720,1,0,Meningiom,1,Gliom,hayır,0.476674,0.523279,4.8e-05
86,87,brain_tumor_figshare/87.mat,106914,2,0,Meningiom,0,Meningiom,evet,0.8148,0.184747,0.000453
87,88,brain_tumor_figshare/88.mat,106914,2,0,Meningiom,1,Gliom,hayır,0.32059,0.678544,0.000866
88,89,brain_tumor_figshare/89.mat,106914,2,0,Meningiom,1,Gliom,hayır,0.454707,0.538563,0.00673
89,90,brain_tumor_figshare/90.mat,106914,2,0,Meningiom,1,Gliom,hayır,0.170161,0.82896,0.000879
90,91,brain_tumor_figshare/91.mat,107190,5,0,Meningiom,2,Hipofiz tümörü,hayır,0.295616,0.008424,0.695961
91,92,brain_tumor_figshare/92.mat,107190,5,0,Meningiom,0,Meningiom,evet,0.748151,0.249055,0.002794
92,93,brain_tumor_figshare/93.mat,107248,5,0,Meningiom,1,Gliom,hayır,0.375361,0.387442,0.237197
93,94,brain_tumor_figshare/94.mat,107248,5,0,Meningiom,1,Gliom,hayır,0.017193,0.896934,0.085873
94,95,brain_tumor_figshare/95.mat,107248,5,0,Meningiom,2,Hipofiz tümörü,hayır,0.098266,0.010695,0.891038
95,96,brain_tumor_figshare/96.mat,107248,5,0,Meningiom,2,Hipofiz tümörü,hayır,0.233777,0.004691,0.761533
96,97,brain_tumor_figshare/97.mat,107248,5,0,Meningiom,2,Hipofiz tümörü,hayır,0.45259,0.021227,0.526183
97,98,brain_tumor_figshare/98.mat,107248,5,0,Meningiom,1,Gliom,hayır,0.388935,0.425687,0.185378
98,99,brain_tumor_figshare/99.mat,107494,4,0,Meningiom,1,Gliom,hayır,0.114909,0.744775,0.140316
99,100,brain_tumor_figshare/100.mat,107494,4,0,Meningiom,1,Gliom,hayır,0.294724,0.423724,0.281551
100,101,brain_tumor_figshare/101.mat,107494,4,0,Meningiom,2,Hipofiz tümörü,hayır,0.364035,0.187598,0.448367
101,102,brain_tumor_figshare/102.mat,107494,4,0,Meningiom,1,Gliom,hayır,0.285648,0.655636,0.058716
102,103,brain_tumor_figshare/103.mat,107494,4,0,Meningiom,0,Meningiom,evet,0.498896,0.309919,0.191185
103,104,brain_tumor_figshare/104.mat,108514,5,0,Meningiom,1,Gliom,hayır,0.01626,0.982188,0.001552
104,105,brain_tumor_figshare/105.mat,108514,5,0,Meningiom,1,Gliom,hayır,0.044867,0.94168,0.013453
105,106,brain_tumor_figshare/106.mat,108514,5,0,Meningiom,0,Meningiom,evet,0.951466,0.048346,0.000188
106,107,brain_tumor_figshare/107.mat,108514,5,0,Meningiom,1,Gliom,hayır,0.166185,0.833681,0.000134
107,108,brain_tumor_figshare/108.mat,108514,5,0,Meningiom,1,Gliom,hayır,0.375529,0.624288,0.000184
108,109,brain_tumor_figshare/109.mat,108514,5,0,Meningiom,1,Gliom,hayır,0.319467,0.678336,0.002197
109,110,brain_tumor_figshare/110.mat,108514,5,0,Meningiom,1,Gliom,hayır,0.028603,0.971205,0.000192
110,111,brain_tumor_figshare/111.mat,108550,5,0,Meningiom,2,Hipofiz tümörü,hayır,0.399731,0.016527,0.583742
111,112,brain_tumor_figshare/112.mat,108550,5,0,Meningiom,0,Meningiom,evet,0.566517,0.385909,0.047573
112,113,brain_tumor_figshare/113.mat,108590,3,0,Meningiom,0,Meningiom,evet,0.780101,0.219541,0.000358
113,114,brain_tumor_figshare/114.mat,108590,3,0,Meningiom,0,Meningiom,evet,0.992725,0.006241,0.001035
114,115,brain_tumor_figshare/115.mat,108945,4,0,Meningiom,0,Meningiom,evet,0.728795,0.237445,0.03376
115,116,brain_tumor_figshare/116.mat,108945,4,0,Meningiom,0,Meningiom,evet,0.799131,0.1524,0.048469
116,117,brain_tumor_figshare/117.mat,108945,4,0,Meningiom,1,Gliom,hayır,0.047163,0.937807,0.01503
117,118,brain_tumor_figshare/118.mat,108945,4,0,Meningiom,0,Meningiom,evet,0.984775,0.014407,0.000818
118,119,brain_tumor_figshare/119.mat,109411,3,0,Meningiom,1,Gliom,hayır,0.439928,0.559017,0.001055
119,120,brain_tumor_figshare/120.mat,109968,3,0,Meningiom,1,Gliom,hayır,0.143631,0.792164,0.064205
120,121,brain_tumor_figshare/121.mat,109968,3,0,Meningiom,0,Meningiom,evet,0.754579,0.206171,0.03925
121,122,brain_tumor_figshare/122.mat,109968,3,0,Meningiom,0,Meningiom,evet,0.855535,0.135304,0.009161
122,123,brain_tumor_figshare/123.mat,109968,3,0,Meningiom,0,Meningiom,evet,0.742304,0.23784,0.019856
123,124,brain_tumor_figshare/124.mat,110116,5,0,Meningiom,1,Gliom,hayır,0.000339,0.797171,0.20249
124,125,brain_tumor_figshare/125.mat,111077,2,0,Meningiom,1,Gliom,hayır,0.011849,0.972042,0.016109
125,126,brain_tumor_figshare/126.mat,111077,2,0,Meningiom,1,Gliom,hayır,0.35888,0.639524,0.001595
126,127,brain_tumor_figshare/127.mat,111077,2,0,Meningiom,1,Gliom,hayır,0.337655,0.661766,0.000578
127,128,brain_tumor_figshare/128.mat,111366,3,0,Meningiom,0,Meningiom,evet,0.768794,0.050682,0.180524
128,129,brain_tumor_figshare/129.mat,111366,3,0,Meningiom,1,Gliom,hayır,0.270987,0.52757,0.201443
129,130,brain_tumor_figshare/130.mat,111366,3,0,Meningiom,1,Gliom,hayır,0.474694,0.497641,0.027665
130,131,brain_tumor_figshare/131.mat,111366,3,0,Meningiom,0,Meningiom,evet,0.655917,0.236718,0.107365
131,132,brain_tumor_figshare/132.mat,111532,1,0,Meningiom,1,Gliom,hayır,0.219278,0.780535,0.000187
132,133,brain_tumor_figshare/133.mat,111532,1,0,Meningiom,0,Meningiom,evet,0.99513,0.004716,0.000154
133,134,brain_tumor_figshare/134.mat,111532,1,0,Meningiom,0,Meningiom,evet,0.953579,0.046331,9e-05
134,135,brain_tumor_figshare/135.mat,112002,2,0,Meningiom,1,Gliom,hayır,0.49538,0.504579,4.1e-05
135,136,brain_tumor_figshare/136.mat,112002,2,0,Meningiom,0,Meningiom,evet,0.890978,0.109022,0.0
136,137,brain_tumor_figshare/137.mat,112002,2,0,Meningiom,1,Gliom,hayır,0.037673,0.962274,5.4e-05
137,138,brain_tumor_figshare/138.mat,112002,2,0,Meningiom,1,Gliom,hayır,0.128633,0.871265,0.000102
138,139,brain_tumor_figshare/139.mat,112062,4,0,Meningiom,0,Meningiom,evet,0.990907,0.009005,8.8e-05
139,140,brain_tumor_figshare/140.mat,112062,4,0,Meningiom,0,Meningiom,evet,0.996402,0.00312,0.000478
140,141,brain_tumor_figshare/141.mat,112062,4,0,Meningiom,0,Meningiom,evet,0.99111,0.00643,0.002459
141,142,brain_tumor_figshare/142.mat,112252,1,0,Meningiom,0,Meningiom,evet,0.999733,0.000267,0.0
142,143,brain_tumor_figshare/143.mat,112252,1,0,Meningiom,0,Meningiom,evet,0.999987,0.0,1.3e-05
143,144,brain_tumor_figshare/144.mat,112552,2,0,Meningiom,0,Meningiom,evet,0.730864,0.263121,0.006015
144,145,brain_tumor_figshare/145.mat,112552,2,0,Meningiom,1,Gliom,hayır,0.132845,0.866859,0.000296
145,146,brain_tumor_figshare/146.mat,112552,2,0,Meningiom,1,Gliom,hayır,0.05814,0.941741,0.000119
146,147,brain_tumor_figshare/147.mat,112552,2,0,Meningiom,1,Gliom,hayır,0.480316,0.516624,0.00306
147,148,brain_tumor_figshare/148.mat,112552,2,0,Meningiom,1,Gliom,hayır,0.347571,0.652171,0.000258
148,149,brain_tumor_figshare/149.mat,112552,2,0,Meningiom,1,Gliom,hayır,0.361842,0.637653,0.000505
149,150,brain_tumor_figshare/150.mat,112552,2,0,Meningiom,0,Meningiom,evet,0.694421,0.305283,0.000296
150,151,brain_tumor_figshare/151.mat,112648,3,0,Meningiom,0,Meningiom,evet,0.968457,0.030163,0.00138
151,152,brain_tumor_figshare/152.mat,112648,3,0,Meningiom,2,Hipofiz tümörü,hayır,0.148343,0.154141,0.697517
152,153,brain_tumor_figshare/153.mat,112648,3,0,Meningiom,0,Meningiom,evet,0.797685,0.186515,0.0158
153,154,brain_tumor_figshare/154.mat,113435,5,0,Meningiom,1,Gliom,hayır,0.04022,0.958972,0.000808
154,155,brain_tumor_figshare/155.mat,113435,5,0,Meningiom,0,Meningiom,evet,0.651101,0.348352,0.000547
155,156,brain_tumor_figshare/156.mat,113435,5,0,Meningiom,1,Gliom,hayır,0.44128,0.558506,0.000214
156,157,brain_tumor_figshare/157.mat,113435,5,0,Meningiom,0,Meningiom,evet,0.805222,0.194644,0.000134
157,158,brain_tumor_figshare/158.mat,113435,5,0,Meningiom,0,Meningiom,evet,0.868384,0.131576,4e-05
158,159,brain_tumor_figshare/159.mat,113435,5,0,Meningiom,0,Meningiom,evet,0.93819,0.061693,0.000117
159,160,brain_tumor_figshare/160.mat,113554,5,0,Meningiom,0,Meningiom,evet,0.997533,0.001532,0.000936
160,161,brain_tumor_figshare/161.mat,113554,5,0,Meningiom,0,Meningiom,evet,0.999474,3e-05,0.000495
161,162,brain_tumor_figshare/162.mat,113554,5,0,Meningiom,0,Meningiom,evet,0.970922,0.006123,0.022955
162,163,brain_tumor_figshare/163.mat,113805,2,0,Meningiom,1,Gliom,hayır,0.28742,0.712554,2.6e-05
163,164,brain_tumor_figshare/164.mat,114018,2,0,Meningiom,2,Hipofiz tümörü,hayır,0.093358,0.010948,0.895694
164,165,brain_tumor_figshare/165.mat,114018,2,0,Meningiom,0,Meningiom,evet,0.540817,0.120109,0.339073
165,166,brain_tumor_figshare/166.mat,114018,2,0,Meningiom,0,Meningiom,evet,0.961402,0.000887,0.037711
166,167,brain_tumor_figshare/167.mat,114018,2,0,Meningiom,0,Meningiom,evet,0.957144,0.001434,0.041422
167,168,brain_tumor_figshare/168.mat,114018,2,0,Meningiom,0,Meningiom,evet,0.897099,0.003681,0.09922
168,169,brain_tumor_figshare/169.mat,114359,2,0,Meningiom,1,Gliom,hayır,0.443416,0.556339,0.000245
169,170,brain_tumor_figshare/170.mat,114359,2,0,Meningiom,0,Meningiom,evet,0.513913,0.485988,9.9e-05
170,171,brain_tumor_figshare/171.mat,114359,2,0,Meningiom,1,Gliom,hayır,0.467431,0.530376,0.002193
171,172,brain_tumor_figshare/172.mat,114359,2,0,Meningiom,1,Gliom,hayır,0.233868,0.765753,0.000378
172,173,brain_tumor_figshare/173.mat,114359,2,0,Meningiom,0,Meningiom,evet,0.808177,0.191682,0.000141
173,174,brain_tumor_figshare/174.mat,114359,2,0,Meningiom,0,Meningiom,evet,0.810508,0.189438,5.4e-05
174,175,brain_tumor_figshare/175.mat,97607,1,0,Meningiom,0,Meningiom,evet,0.98401,0.015892,9.8e-05
175,176,brain_tumor_figshare/176.mat,97607,1,0,Meningiom,0,Meningiom,evet,0.999809,0.00019,1e-06
176,177,brain_tumor_figshare/177.mat,97607,1,0,Meningiom,0,Meningiom,evet,0.999938,6.1e-05,0.0
177,178,brain_tumor_figshare/178.mat,97607,1,0,Meningiom,0,Meningiom,evet,0.999944,5.2e-05,3e-06
178,179,brain_tumor_figshare/179.mat,97607,1,0,Meningiom,0,Meningiom,evet,0.999194,0.00078,2.6e-05
179,180,brain_tumor_figshare/180.mat,97737,1,0,Meningiom,0,Meningiom,evet,0.99859,0.001406,4e-06
180,181,brain_tumor_figshare/181.mat,97737,1,0,Meningiom,0,Meningiom,evet,0.999663,0.000337,0.0
181,182,brain_tumor_figshare/182.mat,97737,1,0,Meningiom,0,Meningiom,evet,0.999967,3.2e-05,1e-06
182,183,brain_tumor_figshare/183.mat,97737,1,0,Meningiom,0,Meningiom,evet,0.998257,0.001733,1e-05
183,184,brain_tumor_figshare/184.mat,97875,4,0,Meningiom,0,Meningiom,evet,0.920484,0.007767,0.071749
184,185,brain_tumor_figshare/185.mat,97875,4,0,Meningiom,0,Meningiom,evet,0.966437,0.002652,0.030911
185,186,brain_tumor_figshare/186.mat,97875,4,0,Meningiom,1,Gliom,hayır,0.250238,0.737023,0.012739
186,187,brain_tumor_figshare/187.mat,97943,3,0,Meningiom,0,Meningiom,evet,0.998575,0.000806,0.000619
187,188,brain_tumor_figshare/188.mat,97943,3,0,Meningiom,0,Meningiom,evet,0.732214,0.264227,0.003559
188,189,brain_tumor_figshare/189.mat,97943,3,0,Meningiom,0,Meningiom,evet,0.927907,0.045086,0.027007
189,190,brain_tumor_figshare/190.mat,97943,3,0,Meningiom,0,Meningiom,evet,0.464924,0.411428,0.123648
190,191,brain_tumor_figshare/191.mat,97943,3,0,Meningiom,0,Meningiom,evet,0.642191,0.229778,0.128031
191,192,brain_tumor_figshare/192.mat,98241,2,0,Meningiom,0,Meningiom,evet,0.676362,0.312579,0.011059
192,193,brain_tumor_figshare/193.mat,98241,2,0,Meningiom,0,Meningiom,evet,0.615781,0.383735,0.000483
193,194,brain_tumor_figshare/194.mat,98241,2,0,Meningiom,0,Meningiom,evet,0.793368,0.206622,1e-05
194,195,brain_tumor_figshare/195.mat,98241,2,0,Meningiom,1,Gliom,hayır,0.062515,0.937485,0.0
195,196,brain_tumor_figshare/196.mat,98241,2,0,Meningiom,0,Meningiom,evet,0.962187,0.037812,1e-06
196,197,brain_tumor_figshare/197.mat,98241,2,0,Meningiom,0,Meningiom,evet,0.960389,0.039542,6.8e-05
197,198,brain_tumor_figshare/198.mat,99017,1,0,Meningiom,0,Meningiom,evet,0.979639,0.008375,0.011986
198,199,brain_tumor_figshare/199.mat,99017,1,0,Meningiom,0,Meningiom,evet,0.963094,0.011256,0.02565
199,200,brain_tumor_figshare/200.mat,99089,5,0,Meningiom,0,Meningiom,evet,0.846152,0.152135,0.001712
200,201,brain_tumor_figshare/201.mat,99089,5,0,Meningiom,0,Meningiom,evet,0.894351,0.105624,2.5e-05
201,202,brain_tumor_figshare/202.mat,99089,5,0,Meningiom,0,Meningiom,evet,0.995637,0.002058,0.002306
202,203,brain_tumor_figshare/203.mat,99288,2,0,Meningiom,1,Gliom,hayır,0.270663,0.725123,0.004214
203,204,brain_tumor_figshare/204.mat,99308,2,0,Meningiom,1,Gliom,hayır,0.243584,0.752779,0.003637
204,205,brain_tumor_figshare/205.mat,99308,2,0,Meningiom,1,Gliom,hayır,0.278479,0.720242,0.001279
205,206,brain_tumor_figshare/206.mat,99308,2,0,Meningiom,0,Meningiom,evet,0.963055,0.036867,7.8e-05
206,207,brain_tumor_figshare/207.mat,99308,2,0,Meningiom,0,Meningiom,evet,0.642622,0.357364,1.4e-05
207,208,brain_tumor_figshare/208.mat,99308,2,0,Meningiom,0,Meningiom,evet,0.780907,0.218444,0.000649
208,209,brain_tumor_figshare/209.mat,100820,3,1,Gliom,1,Gliom,evet,0.000146,0.99984,1.4e-05
209,210,brain_tumor_figshare/210.mat,100820,3,1,Gliom,1,Gliom,evet,0.000538,0.999459,3e-06
210,211,brain_tumor_figshare/211.mat,100360,5,0,Meningiom,1,Gliom,hayır,0.009649,0.990225,0.000126
211,212,brain_tumor_figshare/212.mat,100360,5,0,Meningiom,0,Meningiom,evet,0.789882,0.210027,9.1e-05
212,213,brain_tumor_figshare/213.mat,100360,5,0,Meningiom,0,Meningiom,evet,0.964553,0.035039,0.000407
213,214,brain_tumor_figshare/214.mat,100360,5,0,Meningiom,0,Meningiom,evet,0.95466,0.043647,0.001693
214,215,brain_tumor_figshare/215.mat,100360,5,0,Meningiom,1,Gliom,hayır,0.031998,0.950083,0.017919
215,216,brain_tumor_figshare/216.mat,100360,5,0,Meningiom,1,Gliom,hayır,0.001223,0.998661,0.000115
216,217,brain_tumor_figshare/217.mat,100360,5,0,Meningiom,1,Gliom,hayır,0.013344,0.970424,0.016233
217,218,brain_tumor_figshare/218.mat,100572,3,0,Meningiom,2,Hipofiz tümörü,hayır,0.09698,0.354714,0.548305
218,219,brain_tumor_figshare/219.mat,100572,3,0,Meningiom,0,Meningiom,evet,0.971817,0.012313,0.01587
219,220,brain_tumor_figshare/220.mat,100572,3,0,Meningiom,2,Hipofiz tümörü,hayır,0.331695,0.135197,0.533107
220,221,brain_tumor_figshare/221.mat,101016,4,0,Meningiom,0,Meningiom,evet,0.986814,0.011597,0.001589
221,222,brain_tumor_figshare/222.mat,101016,4,0,Meningiom,0,Meningiom,evet,0.998334,0.000652,0.001015
222,223,brain_tumor_figshare/223.mat,101016,4,0,Meningiom,0,Meningiom,evet,0.993198,0.003862,0.00294
223,224,brain_tumor_figshare/224.mat,101016,4,0,Meningiom,0,Meningiom,evet,0.989905,0.009196,0.000899
224,225,brain_tumor_figshare/225.mat,101016,4,0,Meningiom,0,Meningiom,evet,0.989945,0.007062,0.002993
225,226,brain_tumor_figshare/226.mat,101016,4,0,Meningiom,0,Meningiom,evet,0.982945,0.011913,0.005142
226,227,brain_tumor_figshare/227.mat,101127,4,0,Meningiom,0,Meningiom,evet,0.864512,0.090812,0.044676
227,228,brain_tumor_figshare/228.mat,101127,4,0,Meningiom,1,Gliom,hayır,0.024327,0.975085,0.000588
228,229,brain_tumor_figshare/229.mat,101127,4,0,Meningiom,0,Meningiom,evet,0.582547,0.182136,0.235316
229,230,brain_tumor_figshare/230.mat,101127,4,0,Meningiom,2,Hipofiz tümörü,hayır,0.010534,1.9e-05,0.989448
230,231,brain_tumor_figshare/231.mat,101797,5,0,Meningiom,0,Meningiom,evet,0.811746,0.178773,0.009481
231,232,brain_tumor_figshare/232.mat,101797,5,0,Meningiom,0,Meningiom,evet,0.929769,0.062446,0.007785
232,233,brain_tumor_figshare/233.mat,101797,5,0,Meningiom,0,Meningiom,evet,0.880637,0.118388,0.000975
233,234,brain_tumor_figshare/234.mat,101797,5,0,Meningiom,0,Meningiom,evet,0.914542,0.077328,0.008131
234,235,brain_tumor_figshare/235.mat,101797,5,0,Meningiom,0,Meningiom,evet,0.966811,0.014206,0.018983
235,236,brain_tumor_figshare/236.mat,102420,1,0,Meningiom,0,Meningiom,evet,0.992878,0.002314,0.004808
236,237,brain_tumor_figshare/237.mat,102420,1,0,Meningiom,0,Meningiom,evet,0.999364,0.00043,0.000206
237,238,brain_tumor_figshare/238.mat,102420,1,0,Meningiom,0,Meningiom,evet,0.986697,0.007909,0.005393
238,239,brain_tumor_figshare/239.mat,102446,3,0,Meningiom,0,Meningiom,evet,0.415894,0.345178,0.238928
239,240,brain_tumor_figshare/240.mat,102675,1,0,Meningiom,1,Gliom,hayır,0.199545,0.800269,0.000186
240,241,brain_tumor_figshare/241.mat,102675,1,0,Meningiom,0,Meningiom,evet,0.656549,0.342581,0.00087
241,242,brain_tumor_figshare/242.mat,102714,5,0,Meningiom,0,Meningiom,evet,0.99953,0.000281,0.000189
242,243,brain_tumor_figshare/243.mat,102714,5,0,Meningiom,0,Meningiom,evet,0.999726,1.2e-05,0.000262
243,244,brain_tumor_figshare/244.mat,102714,5,0,Meningiom,0,Meningiom,evet,0.999978,1.2e-05,1e-05
244,245,brain_tumor_figshare/245.mat,102714,5,0,Meningiom,0,Meningiom,evet,0.997954,0.001946,0.0001
245,246,brain_tumor_figshare/246.mat,102929,2,0,Meningiom,0,Meningiom,evet,0.846106,0.000573,0.153321
246,247,brain_tumor_figshare/247.mat,102929,2,0,Meningiom,2,Hipofiz tümörü,hayır,0.077505,0.002177,0.920318
247,248,brain_tumor_figshare/248.mat,102929,2,0,Meningiom,2,Hipofiz tümörü,hayır,0.081942,0.00056,0.917497
248,249,brain_tumor_figshare/249.mat,102929,2,0,Meningiom,2,Hipofiz tümörü,hayır,0.095001,0.01644,0.888559
249,250,brain_tumor_figshare/250.mat,102929,2,0,Meningiom,2,Hipofiz tümörü,hayır,0.035907,0.002427,0.961666
250,251,brain_tumor_figshare/251.mat,102929,2,0,Meningiom,2,Hipofiz tümörü,hayır,0.339446,0.00572,0.654834
251,252,brain_tumor_figshare/252.mat,102935,1,0,Meningiom,0,Meningiom,evet,0.857333,0.142464,0.000203
252,253,brain_tumor_figshare/253.mat,102985,4,0,Meningiom,1,Gliom,hayır,0.031219,0.852545,0.116236
253,254,brain_tumor_figshare/254.mat,103673,5,0,Meningiom,2,Hipofiz tümörü,hayır,0.039719,1e-06,0.96028
254,255,brain_tumor_figshare/255.mat,103673,5,0,Meningiom,2,Hipofiz tümörü,hayır,0.001074,1e-06,0.998924
255,256,brain_tumor_figshare/256.mat,103673,5,0,Meningiom,2,Hipofiz tümörü,hayır,0.054286,1e-06,0.945714
256,257,brain_tumor_figshare/257.mat,103673,5,0,Meningiom,2,Hipofiz tümörü,hayır,0.135425,0.0,0.864574
257,258,brain_tumor_figshare/258.mat,103673,5,0,Meningiom,2,Hipofiz tümörü,hayır,0.248008,0.0,0.751992
258,259,brain_tumor_figshare/259.mat,103673,5,0,Meningiom,2,Hipofiz tümörü,hayır,0.166257,0.0,0.833743
259,260,brain_tumor_figshare/260.mat,103673,5,0,Meningiom,2,Hipofiz tümörü,hayır,0.029022,9e-06,0.970969
260,261,brain_tumor_figshare/261.mat,103925,4,0,Meningiom,2,Hipofiz tümörü,hayır,0.126056,0.045249,0.828694
261,262,brain_tumor_figshare/262.mat,103925,4,0,Meningiom,2,Hipofiz tümörü,hayır,0.19709,0.100229,0.702681
262,263,brain_tumor_figshare/263.mat,103925,4,0,Meningiom,0,Meningiom,evet,0.787506,0.136436,0.076058
263,264,brain_tumor_figshare/264.mat,103925,4,0,Meningiom,0,Meningiom,evet,0.998187,0.001213,0.000601
264,265,brain_tumor_figshare/265.mat,103925,4,0,Meningiom,1,Gliom,hayır,0.011893,0.982978,0.005129
265,266,brain_tumor_figshare/266.mat,103925,4,0,Meningiom,1,Gliom,hayır,0.174507,0.663371,0.162122
266,267,brain_tumor_figshare/267.mat,103925,4,0,Meningiom,1,Gliom,hayır,0.000355,0.989607,0.010038
267,268,brain_tumor_figshare/268.mat,103925,4,0,Meningiom,1,Gliom,hayır,0.001449,0.969857,0.028695
268,269,brain_tumor_figshare/269.mat,104167,3,0,Meningiom,0,Meningiom,evet,0.990839,0.009126,3.5e-05
269,270,brain_tumor_figshare/270.mat,104167,3,0,Meningiom,0,Meningiom,evet,0.928134,0.071709,0.000158
270,271,brain_tumor_figshare/271.mat,104167,3,0,Meningiom,0,Meningiom,evet,0.652671,0.347321,8e-06
271,272,brain_tumor_figshare/272.mat,104167,3,0,Meningiom,0,Meningiom,evet,0.923933,0.076037,3e-05
272,273,brain_tumor_figshare/273.mat,104167,3,0,Meningiom,0,Meningiom,evet,0.97527,0.024707,2.3e-05
273,274,brain_tumor_figshare/274.mat,104167,3,0,Meningiom,0,Meningiom,evet,0.949126,0.050438,0.000435
274,275,brain_tumor_figshare/275.mat,104281,3,0,Meningiom,0,Meningiom,evet,0.963058,0.03596,0.000982
275,276,brain_tumor_figshare/276.mat,104281,3,0,Meningiom,1,Gliom,hayır,0.470723,0.527295,0.001982
276,277,brain_tumor_figshare/277.mat,104281,3,0,Meningiom,1,Gliom,hayır,0.267754,0.725663,0.006583
277,278,brain_tumor_figshare/278.mat,104281,3,0,Meningiom,1,Gliom,hayır,0.365707,0.596037,0.038256
278,279,brain_tumor_figshare/279.mat,104281,3,0,Meningiom,0,Meningiom,evet,0.913026,0.085725,0.001249
279,280,brain_tumor_figshare/280.mat,104281,3,0,Meningiom,1,Gliom,hayır,0.20816,0.780848,0.010992
280,281,brain_tumor_figshare/281.mat,105374,4,0,Meningiom,0,Meningiom,evet,0.998813,5.2e-05,0.001136
281,282,brain_tumor_figshare/282.mat,105374,4,0,Meningiom,0,Meningiom,evet,0.998093,0.000641,0.001267
282,283,brain_tumor_figshare/283.mat,105555,5,0,Meningiom,0,Meningiom,evet,0.964535,0.03492,0.000545
283,284,brain_tumor_figshare/284.mat,105555,5,0,Meningiom,0,Meningiom,evet,0.984497,0.014992,0.000511
284,285,brain_tumor_figshare/285.mat,105555,5,0,Meningiom,0,Meningiom,evet,0.812544,0.029747,0.157709
285,286,brain_tumor_figshare/286.mat,105937,1,0,Meningiom,1,Gliom,hayır,0.454719,0.545279,2e-06
286,287,brain_tumor_figshare/287.mat,105937,1,0,Meningiom,0,Meningiom,evet,0.825644,0.174027,0.000329
287,288,brain_tumor_figshare/288.mat,105937,1,0,Meningiom,1,Gliom,hayır,0.173513,0.825255,0.001232
288,289,brain_tumor_figshare/289.mat,105937,1,0,Meningiom,1,Gliom,hayır,0.171664,0.813873,0.014463
289,290,brain_tumor_figshare/290.mat,106284,2,0,Meningiom,0,Meningiom,evet,0.906164,0.084665,0.009171
290,291,brain_tumor_figshare/291.mat,106284,2,0,Meningiom,0,Meningiom,evet,0.95953,0.004906,0.035565
291,292,brain_tumor_figshare/292.mat,106284,2,0,Meningiom,0,Meningiom,evet,0.999691,0.000158,0.00015
292,293,brain_tumor_figshare/293.mat,106284,2,0,Meningiom,0,Meningiom,evet,0.99716,0.001439,0.001401
293,294,brain_tumor_figshare/294.mat,106442,1,0,Meningiom,0,Meningiom,evet,0.998612,0.001259,0.000129
294,295,brain_tumor_figshare/295.mat,106442,1,0,Meningiom,0,Meningiom,evet,0.998191,0.001456,0.000353
295,296,brain_tumor_figshare/296.mat,106442,1,0,Meningiom,0,Meningiom,evet,0.996997,0.001661,0.001343
296,297,brain_tumor_figshare/297.mat,106534,4,0,Meningiom,0,Meningiom,evet,0.967216,0.032267,0.000517
297,298,brain_tumor_figshare/298.mat,106534,4,0,Meningiom,1,Gliom,hayır,0.42433,0.567036,0.008634
298,299,brain_tumor_figshare/299.mat,106665,3,0,Meningiom,0,Meningiom,evet,0.980669,0.019317,1.4e-05
299,300,brain_tumor_figshare/300.mat,106665,3,0,Meningiom,0,Meningiom,evet,0.998557,0.00144,2e-06
300,301,brain_tumor_figshare/301.mat,106665,3,0,Meningiom,0,Meningiom,evet,0.965866,0.034133,1e-06
301,302,brain_tumor_figshare/302.mat,106665,3,0,Meningiom,0,Meningiom,evet,0.986691,0.013306,3e-06
302,303,brain_tumor_figshare/303.mat,106665,3,0,Meningiom,0,Meningiom,evet,0.581954,0.418037,8e-06
303,304,brain_tumor_figshare/304.mat,106720,1,0,Meningiom,0,Meningiom,evet,0.857571,0.141135,0.001294
304,305,brain_tumor_figshare/305.mat,106720,1,0,Meningiom,0,Meningiom,evet,0.963957,0.03455,0.001492
305,306,brain_tumor_figshare/306.mat,106720,1,0,Meningiom,0,Meningiom,evet,0.870083,0.078349,0.051569
306,307,brain_tumor_figshare/307.mat,106720,1,0,Meningiom,0,Meningiom,evet,0.776875,0.026456,0.19667
307,308,brain_tumor_figshare/308.mat,106720,1,0,Meningiom,0,Meningiom,evet,0.818335,0.006025,0.17564
308,309,brain_tumor_figshare/309.mat,106720,1,0,Meningiom,1,Gliom,hayır,0.000851,0.996723,0.002427
309,310,brain_tumor_figshare/310.mat,106720,1,0,Meningiom,1,Gliom,hayır,0.116754,0.88206,0.001186
310,311,brain_tumor_figshare/311.mat,106914,2,0,Meningiom,0,Meningiom,evet,0.926697,0.064088,0.009215
311,312,brain_tumor_figshare/312.mat,106914,2,0,Meningiom,0,Meningiom,evet,0.892934,0.103604,0.003462
312,313,brain_tumor_figshare/313.mat,106914,2,0,Meningiom,0,Meningiom,evet,0.979343,0.019319,0.001337
313,314,brain_tumor_figshare/314.mat,106914,2,0,Meningiom,0,Meningiom,evet,0.54239,0.4405,0.017111
314,315,brain_tumor_figshare/315.mat,107190,5,0,Meningiom,0,Meningiom,evet,0.869968,0.128201,0.001831
315,316,brain_tumor_figshare/316.mat,107248,5,0,Meningiom,2,Hipofiz tümörü,hayır,0.025057,0.017005,0.957938
316,317,brain_tumor_figshare/317.mat,107248,5,0,Meningiom,2,Hipofiz tümörü,hayır,0.150099,0.003361,0.84654
317,318,brain_tumor_figshare/318.mat,107248,5,0,Meningiom,0,Meningiom,evet,0.821043,0.005302,0.173655
318,319,brain_tumor_figshare/319.mat,107248,5,0,Meningiom,2,Hipofiz tümörü,hayır,0.432597,0.012604,0.554799
319,320,brain_tumor_figshare/320.mat,107494,4,0,Meningiom,0,Meningiom,evet,0.557685,0.431939,0.010377
320,321,brain_tumor_figshare/321.mat,107494,4,0,Meningiom,1,Gliom,hayır,0.246425,0.743682,0.009893
321,322,brain_tumor_figshare/322.mat,107494,4,0,Meningiom,1,Gliom,hayır,0.198222,0.713465,0.088313
322,323,brain_tumor_figshare/323.mat,107494,4,0,Meningiom,0,Meningiom,evet,0.763164,0.057374,0.179463
323,324,brain_tumor_figshare/324.mat,107494,4,0,Meningiom,0,Meningiom,evet,0.88872,0.086977,0.024304
324,325,brain_tumor_figshare/325.mat,107494,4,0,Meningiom,0,Meningiom,evet,0.832719,0.156187,0.011094
325,326,brain_tumor_figshare/326.mat,108514,5,0,Meningiom,1,Gliom,hayır,0.093089,0.904711,0.0022
326,327,brain_tumor_figshare/327.mat,108514,5,0,Meningiom,0,Meningiom,evet,0.879303,0.106626,0.014071
327,328,brain_tumor_figshare/328.mat,108514,5,0,Meningiom,1,Gliom,hayır,0.434769,0.558182,0.007049
328,329,brain_tumor_figshare/329.mat,108514,5,0,Meningiom,1,Gliom,hayır,0.385002,0.504513,0.110485
329,330,brain_tumor_figshare/330.mat,108514,5,0,Meningiom,1,Gliom,hayır,0.082099,0.915089,0.002811
330,331,brain_tumor_figshare/331.mat,108514,5,0,Meningiom,0,Meningiom,evet,0.629478,0.369867,0.000654
331,332,brain_tumor_figshare/332.mat,108550,5,0,Meningiom,1,Gliom,hayır,0.000353,0.99951,0.000138
332,333,brain_tumor_figshare/333.mat,108550,5,0,Meningiom,0,Meningiom,evet,0.998261,0.001119,0.000621
333,334,brain_tumor_figshare/334.mat,108590,3,0,Meningiom,0,Meningiom,evet,0.999732,0.000264,3e-06
334,335,brain_tumor_figshare/335.mat,108590,3,0,Meningiom,0,Meningiom,evet,0.998884,0.001045,7.1e-05
335,336,brain_tumor_figshare/336.mat,108945,4,0,Meningiom,0,Meningiom,evet,0.999658,0.000147,0.000195
336,337,brain_tumor_figshare/337.mat,108945,4,0,Meningiom,0,Meningiom,evet,0.998859,0.001025,0.000116
337,338,brain_tumor_figshare/338.mat,108945,4,0,Meningiom,0,Meningiom,evet,0.78118,0.214741,0.004079
338,339,brain_tumor_figshare/339.mat,108945,4,0,Meningiom,0,Meningiom,evet,0.652797,0.346137,0.001065
339,340,brain_tumor_figshare/340.mat,109411,3,0,Meningiom,1,Gliom,hayır,0.336792,0.663137,7.2e-05
340,341,brain_tumor_figshare/341.mat,109968,3,0,Meningiom,1,Gliom,hayır,0.066352,0.635378,0.298271
341,342,brain_tumor_figshare/342.mat,109968,3,0,Meningiom,0,Meningiom,evet,0.683624,0.230592,0.085784
342,343,brain_tumor_figshare/343.mat,109968,3,0,Meningiom,1,Gliom,hayır,0.456549,0.530005,0.013446
343,344,brain_tumor_figshare/344.mat,109968,3,0,Meningiom,0,Meningiom,evet,0.529422,0.464752,0.005826
344,345,brain_tumor_figshare/345.mat,110116,5,0,Meningiom,1,Gliom,hayır,0.000825,0.527067,0.472108
345,346,brain_tumor_figshare/346.mat,110116,5,0,Meningiom,2,Hipofiz tümörü,hayır,0.005796,0.078511,0.915693
346,347,brain_tumor_figshare/347.mat,110116,5,0,Meningiom,2,Hipofiz tümörü,hayır,0.00899,0.002986,0.988024
347,348,brain_tumor_figshare/348.mat,110116,5,0,Meningiom,2,Hipofiz tümörü,hayır,0.047221,0.018073,0.934706
348,349,brain_tumor_figshare/349.mat,111077,2,0,Meningiom,1,Gliom,hayır,0.447935,0.47918,0.072884
349,350,brain_tumor_figshare/350.mat,111077,2,0,Meningiom,0,Meningiom,evet,0.762727,0.178119,0.059154
350,351,brain_tumor_figshare/351.mat,111077,2,0,Meningiom,1,Gliom,hayır,0.197483,0.685388,0.117129
351,352,brain_tumor_figshare/352.mat,111077,2,0,Meningiom,1,Gliom,hayır,0.092842,0.852321,0.054837
352,353,brain_tumor_figshare/353.mat,111366,3,0,Meningiom,1,Gliom,hayır,0.251816,0.720636,0.027548
353,354,brain_tumor_figshare/354.mat,111366,3,0,Meningiom,1,Gliom,hayır,0.346827,0.536067,0.117107
354,355,brain_tumor_figshare/355.mat,111366,3,0,Meningiom,0,Meningiom,evet,0.644994,0.098613,0.256393
355,356,brain_tumor_figshare/356.mat,111366,3,0,Meningiom,2,Hipofiz tümörü,hayır,0.314031,0.06653,0.619438
356,357,brain_tumor_figshare/357.mat,111532,1,0,Meningiom,0,Meningiom,evet,0.981842,0.01805,0.000108
357,358,brain_tumor_figshare/358.mat,111532,1,0,Meningiom,0,Meningiom,evet,0.95512,0.044583,0.000297
358,359,brain_tumor_figshare/359.mat,111532,1,0,Meningiom,0,Meningiom,evet,0.514662,0.48322,0.002118
359,360,brain_tumor_figshare/360.mat,111532,1,0,Meningiom,0,Meningiom,evet,0.855132,0.144785,8.4e-05
360,361,brain_tumor_figshare/361.mat,111532,1,0,Meningiom,1,Gliom,hayır,0.467909,0.532042,4.9e-05
361,362,brain_tumor_figshare/362.mat,112002,2,0,Meningiom,0,Meningiom,evet,0.930016,0.069984,0.0
362,363,brain_tumor_figshare/363.mat,112002,2,0,Meningiom,1,Gliom,hayır,0.221223,0.778769,8e-06
363,364,brain_tumor_figshare/364.mat,112002,2,0,Meningiom,0,Meningiom,evet,0.948778,0.04986,0.001362
364,365,brain_tumor_figshare/365.mat,112002,2,0,Meningiom,0,Meningiom,evet,0.966431,0.032121,0.001449
365,366,brain_tumor_figshare/366.mat,112062,4,0,Meningiom,0,Meningiom,evet,0.854684,0.096679,0.048637
366,367,brain_tumor_figshare/367.mat,112062,4,0,Meningiom,0,Meningiom,evet,0.959094,0.014777,0.026129
367,368,brain_tumor_figshare/368.mat,112062,4,0,Meningiom,0,Meningiom,evet,0.983389,0.005877,0.010735
368,369,brain_tumor_figshare/369.mat,112062,4,0,Meningiom,0,Meningiom,evet,0.928403,0.043164,0.028432
369,370,brain_tumor_figshare/370.mat,112252,1,0,Meningiom,0,Meningiom,evet,0.972868,0.026975,0.000157
370,371,brain_tumor_figshare/371.mat,112252,1,0,Meningiom,0,Meningiom,evet,0.994583,0.004022,0.001395
371,372,brain_tumor_figshare/372.mat,112552,2,0,Meningiom,1,Gliom,hayır,0.210588,0.784511,0.004901
372,373,brain_tumor_figshare/373.mat,112552,2,0,Meningiom,0,Meningiom,evet,0.678038,0.156954,0.165009
373,374,brain_tumor_figshare/374.mat,112552,2,0,Meningiom,0,Meningiom,evet,0.965028,0.03414,0.000832
374,375,brain_tumor_figshare/375.mat,112552,2,0,Meningiom,0,Meningiom,evet,0.992504,0.007475,2.1e-05
375,376,brain_tumor_figshare/376.mat,112552,2,0,Meningiom,0,Meningiom,evet,0.939457,0.057903,0.00264
376,377,brain_tumor_figshare/377.mat,112552,2,0,Meningiom,0,Meningiom,evet,0.860168,0.118142,0.02169
377,378,brain_tumor_figshare/378.mat,112552,2,0,Meningiom,0,Meningiom,evet,0.917962,0.075504,0.006534
378,379,brain_tumor_figshare/379.mat,112648,3,0,Meningiom,0,Meningiom,evet,0.958593,0.000527,0.04088
379,380,brain_tumor_figshare/380.mat,112648,3,0,Meningiom,0,Meningiom,evet,0.833149,0.027137,0.139714
380,381,brain_tumor_figshare/381.mat,112648,3,0,Meningiom,0,Meningiom,evet,0.99959,0.000103,0.000307
381,382,brain_tumor_figshare/382.mat,113435,5,0,Meningiom,0,Meningiom,evet,0.911635,0.088129,0.000236
382,383,brain_tumor_figshare/383.mat,113435,5,0,Meningiom,1,Gliom,hayır,0.368235,0.629027,0.002738
383,384,brain_tumor_figshare/384.mat,113435,5,0,Meningiom,0,Meningiom,evet,0.79617,0.202593,0.001237
384,385,brain_tumor_figshare/385.mat,113435,5,0,Meningiom,1,Gliom,hayır,0.158122,0.841515,0.000363
385,386,brain_tumor_figshare/386.mat,113435,5,0,Meningiom,1,Gliom,hayır,0.256937,0.742991,7.1e-05
386,387,brain_tumor_figshare/387.mat,113435,5,0,Meningiom,1,Gliom,hayır,0.454675,0.545088,0.000237
387,388,brain_tumor_figshare/388.mat,113435,5,0,Meningiom,0,Meningiom,evet,0.56418,0.434466,0.001354
388,389,brain_tumor_figshare/389.mat,113435,5,0,Meningiom,1,Gliom,hayır,0.25331,0.745225,0.001465
389,390,brain_tumor_figshare/390.mat,113554,5,0,Meningiom,0,Meningiom,evet,0.99389,0.003324,0.002786
390,391,brain_tumor_figshare/391.mat,113554,5,0,Meningiom,0,Meningiom,evet,0.97615,0.000403,0.023447
391,392,brain_tumor_figshare/392.mat,113554,5,0,Meningiom,0,Meningiom,evet,0.993493,0.000192,0.006315
392,393,brain_tumor_figshare/393.mat,113805,2,0,Meningiom,1,Gliom,hayır,0.035562,0.958014,0.006424
393,394,brain_tumor_figshare/394.mat,113805,2,0,Meningiom,1,Gliom,hayır,0.220929,0.777714,0.001358
394,395,brain_tumor_figshare/395.mat,114018,2,0,Meningiom,2,Hipofiz tümörü,hayır,0.071794,0.173048,0.755159
395,396,brain_tumor_figshare/396.mat,114018,2,0,Meningiom,2,Hipofiz tümörü,hayır,0.12697,0.058837,0.814192
396,397,brain_tumor_figshare/397.mat,114018,2,0,Meningiom,2,Hipofiz tümörü,hayır,0.318552,0.045758,0.63569
397,398,brain_tumor_figshare/398.mat,114018,2,0,Meningiom,2,Hipofiz tümörü,hayır,0.491218,0.008014,0.500768
398,399,brain_tumor_figshare/399.mat,114359,2,0,Meningiom,0,Meningiom,evet,0.929175,0.069118,0.001706
399,400,brain_tumor_figshare/400.mat,114359,2,0,Meningiom,0,Meningiom,evet,0.926272,0.072904,0.000824
400,401,brain_tumor_figshare/401.mat,114359,2,0,Meningiom,0,Meningiom,evet,0.982291,0.017008,0.000701
401,402,brain_tumor_figshare/402.mat,114359,2,0,Meningiom,0,Meningiom,evet,0.944052,0.055291,0.000657
402,403,brain_tumor_figshare/403.mat,114359,2,0,Meningiom,0,Meningiom,evet,0.823308,0.176577,0.000114
403,404,brain_tumor_figshare/404.mat,114359,2,0,Meningiom,0,Meningiom,evet,0.677512,0.322478,1e-05
404,405,brain_tumor_figshare/405.mat,97607,1,0,Meningiom,0,Meningiom,evet,0.998033,0.001777,0.00019
405,406,brain_tumor_figshare/406.mat,97607,1,0,Meningiom,0,Meningiom,evet,0.998624,0.00126,0.000116
406,407,brain_tumor_figshare/407.mat,97607,1,0,Meningiom,0,Meningiom,evet,0.991211,0.008361,0.000427
407,408,brain_tumor_figshare/408.mat,97737,1,0,Meningiom,0,Meningiom,evet,0.898936,0.096177,0.004887
408,409,brain_tumor_figshare/409.mat,97737,1,0,Meningiom,0,Meningiom,evet,0.996395,0.003147,0.000457
409,410,brain_tumor_figshare/410.mat,97737,1,0,Meningiom,0,Meningiom,evet,0.982311,0.016332,0.001357
410,411,brain_tumor_figshare/411.mat,97737,1,0,Meningiom,0,Meningiom,evet,0.99731,0.002415,0.000275
411,412,brain_tumor_figshare/412.mat,97737,1,0,Meningiom,0,Meningiom,evet,0.998276,0.001562,0.000161
412,413,brain_tumor_figshare/413.mat,97737,1,0,Meningiom,0,Meningiom,evet,0.995118,0.004616,0.000266
413,414,brain_tumor_figshare/414.mat,97875,4,0,Meningiom,0,Meningiom,evet,0.989333,0.001913,0.008754
414,415,brain_tumor_figshare/415.mat,97875,4,0,Meningiom,0,Meningiom,evet,0.760132,0.159551,0.080317
415,416,brain_tumor_figshare/416.mat,97875,4,0,Meningiom,0,Meningiom,evet,0.995067,0.003184,0.001749
416,417,brain_tumor_figshare/417.mat,97875,4,0,Meningiom,0,Meningiom,evet,0.962049,0.018381,0.01957
417,418,brain_tumor_figshare/418.mat,97943,3,0,Meningiom,0,Meningiom,evet,0.970384,0.028269,0.001347
418,419,brain_tumor_figshare/419.mat,97943,3,0,Meningiom,0,Meningiom,evet,0.997585,0.001649,0.000766
419,420,brain_tumor_figshare/420.mat,97943,3,0,Meningiom,0,Meningiom,evet,0.782722,0.212365,0.004914
420,421,brain_tumor_figshare/421.mat,97943,3,0,Meningiom,0,Meningiom,evet,0.991269,0.008504,0.000227
421,422,brain_tumor_figshare/422.mat,97943,3,0,Meningiom,0,Meningiom,evet,0.515842,0.472243,0.011915
422,423,brain_tumor_figshare/423.mat,98241,2,0,Meningiom,0,Meningiom,evet,0.714021,0.285898,8.1e-05
423,424,brain_tumor_figshare/424.mat,98241,2,0,Meningiom,0,Meningiom,evet,0.830096,0.169904,0.0
424,425,brain_tumor_figshare/425.mat,98241,2,0,Meningiom,0,Meningiom,evet,0.821337,0.178643,2e-05
425,426,brain_tumor_figshare/426.mat,98241,2,0,Meningiom,0,Meningiom,evet,0.612168,0.387763,6.9e-05
426,427,brain_tumor_figshare/427.mat,98241,2,0,Meningiom,0,Meningiom,evet,0.728694,0.271188,0.000118
427,428,brain_tumor_figshare/428.mat,98241,2,0,Meningiom,0,Meningiom,evet,0.976984,0.022753,0.000263
428,429,brain_tumor_figshare/429.mat,98241,2,0,Meningiom,0,Meningiom,evet,0.85064,0.149061,0.000299
429,430,brain_tumor_figshare/430.mat,99017,1,0,Meningiom,0,Meningiom,evet,0.981565,0.012434,0.006001
430,431,brain_tumor_figshare/431.mat,99017,1,0,Meningiom,0,Meningiom,evet,0.965799,0.033069,0.001132
431,432,brain_tumor_figshare/432.mat,99089,5,0,Meningiom,0,Meningiom,evet,0.996908,0.000326,0.002766
432,433,brain_tumor_figshare/433.mat,99089,5,0,Meningiom,0,Meningiom,evet,0.995109,0.001458,0.003434
433,434,brain_tumor_figshare/434.mat,99089,5,0,Meningiom,0,Meningiom,evet,0.998084,0.000477,0.001439
434,435,brain_tumor_figshare/435.mat,99089,5,0,Meningiom,0,Meningiom,evet,0.980764,0.016852,0.002384
435,436,brain_tumor_figshare/436.mat,99089,5,0,Meningiom,0,Meningiom,evet,0.969573,0.022838,0.007588
436,437,brain_tumor_figshare/437.mat,99288,2,0,Meningiom,1,Gliom,hayır,0.40931,0.584662,0.006028
437,438,brain_tumor_figshare/438.mat,99308,2,0,Meningiom,0,Meningiom,evet,0.768292,0.22767,0.004038
438,439,brain_tumor_figshare/439.mat,99308,2,0,Meningiom,0,Meningiom,evet,0.949054,0.050325,0.000621
439,440,brain_tumor_figshare/440.mat,99308,2,0,Meningiom,0,Meningiom,evet,0.395861,0.343848,0.260291
440,441,brain_tumor_figshare/441.mat,99308,2,0,Meningiom,0,Meningiom,evet,0.627808,0.278524,0.093668
441,442,brain_tumor_figshare/442.mat,100360,5,0,Meningiom,0,Meningiom,evet,0.890253,0.092006,0.01774
442,443,brain_tumor_figshare/443.mat,100360,5,0,Meningiom,1,Gliom,hayır,0.189815,0.78251,0.027675
443,444,brain_tumor_figshare/444.mat,100360,5,0,Meningiom,0,Meningiom,evet,0.599249,0.277389,0.123362
444,445,brain_tumor_figshare/445.mat,100360,5,0,Meningiom,1,Gliom,hayır,0.044651,0.637323,0.318026
445,446,brain_tumor_figshare/446.mat,100360,5,0,Meningiom,2,Hipofiz tümörü,hayır,0.290148,0.158163,0.551689
446,447,brain_tumor_figshare/447.mat,100360,5,0,Meningiom,1,Gliom,hayır,0.070865,0.612801,0.316334
447,448,brain_tumor_figshare/448.mat,100572,3,0,Meningiom,1,Gliom,hayır,0.1297,0.769847,0.100453
448,449,brain_tumor_figshare/449.mat,100572,3,0,Meningiom,2,Hipofiz tümörü,hayır,0.003035,0.016877,0.980088
449,450,brain_tumor_figshare/450.mat,100639,3,0,Meningiom,0,Meningiom,evet,0.627401,0.349818,0.022781
450,451,brain_tumor_figshare/451.mat,100639,3,0,Meningiom,0,Meningiom,evet,0.756798,0.070484,0.172718
451,452,brain_tumor_figshare/452.mat,100920,4,0,Meningiom,0,Meningiom,evet,0.560608,0.406906,0.032485
452,453,brain_tumor_figshare/453.mat,100920,4,0,Meningiom,0,Meningiom,evet,0.803576,0.127128,0.069296
453,454,brain_tumor_figshare/454.mat,100920,4,0,Meningiom,0,Meningiom,evet,0.553489,0.395963,0.050548
454,455,brain_tumor_figshare/455.mat,101016,4,0,Meningiom,0,Meningiom,evet,0.738609,0.011738,0.249653
455,456,brain_tumor_figshare/456.mat,101016,4,0,Meningiom,0,Meningiom,evet,0.975773,0.002016,0.022211
456,457,brain_tumor_figshare/457.mat,101016,4,0,Meningiom,0,Meningiom,evet,0.986582,0.000567,0.012852
457,458,brain_tumor_figshare/458.mat,101016,4,0,Meningiom,0,Meningiom,evet,0.82676,0.014265,0.158975
458,459,brain_tumor_figshare/459.mat,101082,4,0,Meningiom,0,Meningiom,evet,0.939759,0.055237,0.005004
459,460,brain_tumor_figshare/460.mat,101082,4,0,Meningiom,0,Meningiom,evet,0.947788,0.044813,0.007399
460,461,brain_tumor_figshare/461.mat,101127,4,0,Meningiom,1,Gliom,hayır,0.169404,0.512774,0.317822
461,462,brain_tumor_figshare/462.mat,101127,4,0,Meningiom,0,Meningiom,evet,0.929634,0.066401,0.003965
462,463,brain_tumor_figshare/463.mat,101127,4,0,Meningiom,2,Hipofiz tümörü,hayır,0.425694,0.061361,0.512945
463,464,brain_tumor_figshare/464.mat,101127,4,0,Meningiom,0,Meningiom,evet,0.79311,0.010855,0.196035
464,465,brain_tumor_figshare/465.mat,101797,5,0,Meningiom,0,Meningiom,evet,0.979582,0.016938,0.00348
465,466,brain_tumor_figshare/466.mat,101797,5,0,Meningiom,0,Meningiom,evet,0.993457,0.000358,0.006185
466,467,brain_tumor_figshare/467.mat,101797,5,0,Meningiom,0,Meningiom,evet,0.962631,0.004596,0.032774
467,468,brain_tumor_figshare/468.mat,101797,5,0,Meningiom,0,Meningiom,evet,0.975404,0.001885,0.02271
468,469,brain_tumor_figshare/469.mat,101797,5,0,Meningiom,0,Meningiom,evet,0.970864,0.008718,0.020418
469,470,brain_tumor_figshare/470.mat,101797,5,0,Meningiom,0,Meningiom,evet,0.954424,0.007434,0.038142
470,471,brain_tumor_figshare/471.mat,101801,3,0,Meningiom,0,Meningiom,evet,0.92805,0.018066,0.053883
471,472,brain_tumor_figshare/472.mat,101801,3,0,Meningiom,0,Meningiom,evet,0.80392,0.021915,0.174164
472,473,brain_tumor_figshare/473.mat,101801,3,0,Meningiom,0,Meningiom,evet,0.609309,0.008672,0.382019
473,474,brain_tumor_figshare/474.mat,102420,1,0,Meningiom,0,Meningiom,evet,0.853299,0.047574,0.099127
474,475,brain_tumor_figshare/475.mat,102420,1,0,Meningiom,0,Meningiom,evet,0.984288,0.000197,0.015515
475,476,brain_tumor_figshare/476.mat,102446,3,0,Meningiom,0,Meningiom,evet,0.558917,0.417238,0.023846
476,477,brain_tumor_figshare/477.mat,102446,3,0,Meningiom,1,Gliom,hayır,0.238996,0.750125,0.010879
477,478,brain_tumor_figshare/478.mat,102675,1,0,Meningiom,1,Gliom,hayır,0.152631,0.840145,0.007224
478,479,brain_tumor_figshare/479.mat,102675,1,0,Meningiom,0,Meningiom,evet,0.828611,0.163312,0.008077
479,480,brain_tumor_figshare/480.mat,102714,5,0,Meningiom,0,Meningiom,evet,0.983221,0.003665,0.013114
480,481,brain_tumor_figshare/481.mat,102714,5,0,Meningiom,0,Meningiom,evet,0.991029,0.001098,0.007873
481,482,brain_tumor_figshare/482.mat,102714,5,0,Meningiom,0,Meningiom,evet,0.939053,0.046736,0.014212
482,483,brain_tumor_figshare/483.mat,102714,5,0,Meningiom,0,Meningiom,evet,0.961636,0.027018,0.011347
483,484,brain_tumor_figshare/484.mat,102714,5,0,Meningiom,1,Gliom,hayır,0.343068,0.606959,0.049973
484,485,brain_tumor_figshare/485.mat,102818,2,0,Meningiom,0,Meningiom,evet,0.878582,0.015596,0.105822
485,486,brain_tumor_figshare/486.mat,102818,2,0,Meningiom,0,Meningiom,evet,0.624722,0.002437,0.372841
486,487,brain_tumor_figshare/487.mat,102818,2,0,Meningiom,0,Meningiom,evet,0.802789,0.003734,0.193477
487,488,brain_tumor_figshare/488.mat,102818,2,0,Meningiom,0,Meningiom,evet,0.575031,0.040106,0.384864
488,489,brain_tumor_figshare/489.mat,102935,1,0,Meningiom,0,Meningiom,evet,0.774796,0.13079,0.094414
489,490,brain_tumor_figshare/490.mat,102960,3,0,Meningiom,1,Gliom,hayır,0.014666,0.84304,0.142294
490,491,brain_tumor_figshare/491.mat,102960,3,0,Meningiom,0,Meningiom,evet,0.583218,0.194509,0.222273
491,492,brain_tumor_figshare/492.mat,102960,3,0,Meningiom,1,Gliom,hayır,0.021455,0.695597,0.282948
492,493,brain_tumor_figshare/493.mat,102960,3,0,Meningiom,2,Hipofiz tümörü,hayır,0.015572,0.005425,0.979002
493,494,brain_tumor_figshare/494.mat,102960,3,0,Meningiom,2,Hipofiz tümörü,hayır,0.360852,0.109929,0.529219
494,495,brain_tumor_figshare/495.mat,102985,4,0,Meningiom,0,Meningiom,evet,0.844824,0.068109,0.087067
495,496,brain_tumor_figshare/496.mat,103673,5,0,Meningiom,2,Hipofiz tümörü,hayır,0.155023,3.1e-05,0.844946
496,497,brain_tumor_figshare/497.mat,103673,5,0,Meningiom,2,Hipofiz tümörü,hayır,0.015259,2e-06,0.984739
497,498,brain_tumor_figshare/498.mat,103673,5,0,Meningiom,2,Hipofiz tümörü,hayır,0.103778,2.9e-05,0.896193
498,499,brain_tumor_figshare/499.mat,103673,5,0,Meningiom,2,Hipofiz tümörü,hayır,0.286789,0.000586,0.712625
499,500,brain_tumor_figshare/500.mat,103673,5,0,Meningiom,2,Hipofiz tümörü,hayır,0.002236,2e-05,0.997744
500,501,brain_tumor_figshare/501.mat,103925,4,0,Meningiom,0,Meningiom,evet,0.739797,0.062293,0.19791
501,502,brain_tumor_figshare/502.mat,103925,4,0,Meningiom,0,Meningiom,evet,0.848412,0.147169,0.00442
502,503,brain_tumor_figshare/503.mat,103925,4,0,Meningiom,0,Meningiom,evet,0.504006,0.481403,0.014591
503,504,brain_tumor_figshare/504.mat,103925,4,0,Meningiom,1,Gliom,hayır,0.406423,0.425788,0.167789
504,505,brain_tumor_figshare/505.mat,104167,3,0,Meningiom,0,Meningiom,evet,0.752931,6.4e-05,0.247005
505,506,brain_tumor_figshare/506.mat,104167,3,0,Meningiom,0,Meningiom,evet,0.985005,0.011019,0.003976
506,507,brain_tumor_figshare/507.mat,104167,3,0,Meningiom,0,Meningiom,evet,0.993445,0.006532,2.3e-05
507,508,brain_tumor_figshare/508.mat,104167,3,0,Meningiom,0,Meningiom,evet,0.992447,0.006681,0.000872
508,509,brain_tumor_figshare/509.mat,104167,3,0,Meningiom,0,Meningiom,evet,0.776803,0.20127,0.021927
509,510,brain_tumor_figshare/510.mat,104281,3,0,Meningiom,0,Meningiom,evet,0.997961,0.002013,2.6e-05
510,511,brain_tumor_figshare/511.mat,104281,3,0,Meningiom,0,Meningiom,evet,0.890752,0.108727,0.000521
511,512,brain_tumor_figshare/512.mat,104281,3,0,Meningiom,0,Meningiom,evet,0.992246,0.00723,0.000524
512,513,brain_tumor_figshare/513.mat,104281,3,0,Meningiom,0,Meningiom,evet,0.855917,0.118498,0.025586
513,514,brain_tumor_figshare/514.mat,104695,4,0,Meningiom,0,Meningiom,evet,0.814302,0.088463,0.097234
514,515,brain_tumor_figshare/515.mat,104695,4,0,Meningiom,0,Meningiom,evet,0.91667,0.00935,0.07398
515,516,brain_tumor_figshare/516.mat,104695,4,0,Meningiom,0,Meningiom,evet,0.826983,0.07666,0.096357
516,517,brain_tumor_figshare/517.mat,105374,4,0,Meningiom,2,Hipofiz tümörü,hayır,0.035808,0.001566,0.962625
517,518,brain_tumor_figshare/518.mat,105555,5,0,Meningiom,0,Meningiom,evet,0.863477,0.001268,0.135255
518,519,brain_tumor_figshare/519.mat,105555,5,0,Meningiom,2,Hipofiz tümörü,hayır,0.451028,0.094712,0.454261
519,520,brain_tumor_figshare/520.mat,105937,1,0,Meningiom,0,Meningiom,evet,0.948953,0.029804,0.021243
520,521,brain_tumor_figshare/521.mat,105937,1,0,Meningiom,0,Meningiom,evet,0.98333,0.015491,0.001179
521,522,brain_tumor_figshare/522.mat,105937,1,0,Meningiom,0,Meningiom,evet,0.929844,0.057489,0.012666
522,523,brain_tumor_figshare/523.mat,106284,2,0,Meningiom,0,Meningiom,evet,0.441363,0.304979,0.253658
523,524,brain_tumor_figshare/524.mat,106284,2,0,Meningiom,2,Hipofiz tümörü,hayır,0.282074,0.328321,0.389605
524,525,brain_tumor_figshare/525.mat,106284,2,0,Meningiom,1,Gliom,hayır,0.069504,0.74837,0.182126
525,526,brain_tumor_figshare/526.mat,106284,2,0,Meningiom,1,Gliom,hayır,0.102217,0.858636,0.039147
526,527,brain_tumor_figshare/527.mat,106442,1,0,Meningiom,0,Meningiom,evet,0.997505,0.002246,0.000249
527,528,brain_tumor_figshare/528.mat,106442,1,0,Meningiom,0,Meningiom,evet,0.911503,0.021299,0.067198
528,529,brain_tumor_figshare/529.mat,106442,1,0,Meningiom,1,Gliom,hayır,0.19096,0.574056,0.234984
529,530,brain_tumor_figshare/530.mat,106534,4,0,Meningiom,0,Meningiom,evet,0.621743,0.323623,0.054634
530,531,brain_tumor_figshare/531.mat,106534,4,0,Meningiom,0,Meningiom,evet,0.548542,0.433482,0.017975
531,532,brain_tumor_figshare/532.mat,106592,4,0,Meningiom,1,Gliom,hayır,0.305659,0.675553,0.018788
532,533,brain_tumor_figshare/533.mat,106665,3,0,Meningiom,0,Meningiom,evet,0.955811,0.027899,0.01629
533,534,brain_tumor_figshare/534.mat,106665,3,0,Meningiom,0,Meningiom,evet,0.98564,0.014228,0.000133
534,535,brain_tumor_figshare/535.mat,106665,3,0,Meningiom,0,Meningiom,evet,0.993751,0.006238,1.1e-05
535,536,brain_tumor_figshare/536.mat,106665,3,0,Meningiom,0,Meningiom,evet,0.996468,0.00343,0.000102
536,537,brain_tumor_figshare/537.mat,106665,3,0,Meningiom,0,Meningiom,evet,0.998564,0.001293,0.000143
537,538,brain_tumor_figshare/538.mat,106665,3,0,Meningiom,0,Meningiom,evet,0.978277,0.01852,0.003203
538,539,brain_tumor_figshare/539.mat,106665,3,0,Meningiom,0,Meningiom,evet,0.760766,0.108403,0.130831
539,540,brain_tumor_figshare/540.mat,106720,1,0,Meningiom,0,Meningiom,evet,0.990847,3.3e-05,0.00912
540,541,brain_tumor_figshare/541.mat,106720,1,0,Meningiom,0,Meningiom,evet,0.511972,0.488018,1e-05
541,542,brain_tumor_figshare/542.mat,106720,1,0,Meningiom,0,Meningiom,evet,0.525623,0.474197,0.00018
542,543,brain_tumor_figshare/543.mat,106914,2,0,Meningiom,0,Meningiom,evet,0.545854,0.282575,0.171571
543,544,brain_tumor_figshare/544.mat,106914,2,0,Meningiom,0,Meningiom,evet,0.810128,0.100968,0.088904
544,545,brain_tumor_figshare/545.mat,106914,2,0,Meningiom,0,Meningiom,evet,0.797555,0.117473,0.084973
545,546,brain_tumor_figshare/546.mat,106914,2,0,Meningiom,0,Meningiom,evet,0.741476,0.158234,0.10029
546,547,brain_tumor_figshare/547.mat,106914,2,0,Meningiom,0,Meningiom,evet,0.519792,0.440067,0.040141
547,548,brain_tumor_figshare/548.mat,106914,2,0,Meningiom,0,Meningiom,evet,0.875049,0.09963,0.025321
548,549,brain_tumor_figshare/549.mat,106914,2,0,Meningiom,0,Meningiom,evet,0.604287,0.390213,0.005499
549,550,brain_tumor_figshare/550.mat,107190,5,0,Meningiom,0,Meningiom,evet,0.924848,0.007395,0.067756
550,551,brain_tumor_figshare/551.mat,107248,5,0,Meningiom,0,Meningiom,evet,0.549253,0.100333,0.350414
551,552,brain_tumor_figshare/552.mat,107248,5,0,Meningiom,2,Hipofiz tümörü,hayır,0.425474,0.068082,0.506444
552,553,brain_tumor_figshare/553.mat,107248,5,0,Meningiom,2,Hipofiz tümörü,hayır,0.200481,0.105148,0.694371
553,554,brain_tumor_figshare/554.mat,107248,5,0,Meningiom,0,Meningiom,evet,0.822589,0.068106,0.109305
554,555,brain_tumor_figshare/555.mat,107248,5,0,Meningiom,0,Meningiom,evet,0.989499,0.00228,0.008221
555,556,brain_tumor_figshare/556.mat,107494,4,0,Meningiom,2,Hipofiz tümörü,hayır,0.024177,0.454785,0.521038
556,557,brain_tumor_figshare/557.mat,107494,4,0,Meningiom,1,Gliom,hayır,0.219719,0.727607,0.052675
557,558,brain_tumor_figshare/558.mat,107494,4,0,Meningiom,2,Hipofiz tümörü,hayır,0.021385,0.022779,0.955837
558,559,brain_tumor_figshare/559.mat,107494,4,0,Meningiom,2,Hipofiz tümörü,hayır,0.011021,0.00152,0.987458
559,560,brain_tumor_figshare/560.mat,107946,2,0,Meningiom,1,Gliom,hayır,0.004349,0.993889,0.001762
560,561,brain_tumor_figshare/561.mat,107946,2,0,Meningiom,1,Gliom,hayır,0.000292,0.997679,0.002029
561,562,brain_tumor_figshare/562.mat,107946,2,0,Meningiom,0,Meningiom,evet,0.506158,0.462604,0.031238
562,563,brain_tumor_figshare/563.mat,107946,2,0,Meningiom,0,Meningiom,evet,0.383068,0.315164,0.301768
563,564,brain_tumor_figshare/564.mat,108514,5,0,Meningiom,0,Meningiom,evet,0.567165,0.431864,0.000971
564,565,brain_tumor_figshare/565.mat,108514,5,0,Meningiom,0,Meningiom,evet,0.958892,0.041075,3.2e-05
565,566,brain_tumor_figshare/566.mat,108514,5,0,Meningiom,0,Meningiom,evet,0.997336,0.00264,2.4e-05
566,567,brain_tumor_figshare/567.mat,108514,5,0,Meningiom,0,Meningiom,evet,0.998779,0.001219,3e-06
567,568,brain_tumor_figshare/568.mat,108514,5,0,Meningiom,1,Gliom,hayır,0.090625,0.908911,0.000464
568,569,brain_tumor_figshare/569.mat,108550,5,0,Meningiom,0,Meningiom,evet,0.715566,0.044865,0.239569
569,570,brain_tumor_figshare/570.mat,108550,5,0,Meningiom,1,Gliom,hayır,0.441682,0.498526,0.059791
570,571,brain_tumor_figshare/571.mat,108590,3,0,Meningiom,0,Meningiom,evet,0.946073,0.00011,0.053816
571,572,brain_tumor_figshare/572.mat,108590,3,0,Meningiom,0,Meningiom,evet,0.911499,0.002031,0.086469
572,573,brain_tumor_figshare/573.mat,108945,4,0,Meningiom,0,Meningiom,evet,0.986314,0.009714,0.003972
573,574,brain_tumor_figshare/574.mat,108945,4,0,Meningiom,0,Meningiom,evet,0.967796,0.018804,0.013399
574,575,brain_tumor_figshare/575.mat,108945,4,0,Meningiom,0,Meningiom,evet,0.983058,0.00472,0.012223
575,576,brain_tumor_figshare/576.mat,108945,4,0,Meningiom,0,Meningiom,evet,0.720148,0.2356,0.044253
576,577,brain_tumor_figshare/577.mat,109350,5,0,Meningiom,1,Gliom,hayır,0.10841,0.886362,0.005228
577,578,brain_tumor_figshare/578.mat,109350,5,0,Meningiom,1,Gliom,hayır,0.252543,0.726497,0.02096
578,579,brain_tumor_figshare/579.mat,109411,3,0,Meningiom,1,Gliom,hayır,0.373407,0.496104,0.130489
579,580,brain_tumor_figshare/580.mat,109968,3,0,Meningiom,0,Meningiom,evet,0.975873,0.020703,0.003424
580,581,brain_tumor_figshare/581.mat,109968,3,0,Meningiom,1,Gliom,hayır,0.06457,0.826214,0.109215
581,582,brain_tumor_figshare/582.mat,109968,3,0,Meningiom,1,Gliom,hayır,0.013421,0.97811,0.008469
582,583,brain_tumor_figshare/583.mat,109968,3,0,Meningiom,0,Meningiom,evet,0.890044,0.021776,0.08818
583,584,brain_tumor_figshare/584.mat,110808,1,0,Meningiom,0,Meningiom,evet,0.939251,0.060429,0.000319
584,585,brain_tumor_figshare/585.mat,110808,1,0,Meningiom,0,Meningiom,evet,0.981652,0.018284,6.5e-05
585,586,brain_tumor_figshare/586.mat,111077,2,0,Meningiom,0,Meningiom,evet,0.708515,0.277741,0.013744
586,587,brain_tumor_figshare/587.mat,111077,2,0,Meningiom,1,Gliom,hayır,0.306898,0.691454,0.001648
587,588,brain_tumor_figshare/588.mat,111077,2,0,Meningiom,0,Meningiom,evet,0.895841,0.103712,0.000447
588,589,brain_tumor_figshare/589.mat,111366,3,0,Meningiom,1,Gliom,hayır,0.114465,0.452999,0.432536
589,590,brain_tumor_figshare/590.mat,111366,3,0,Meningiom,2,Hipofiz tümörü,hayır,0.335002,0.310428,0.354569
590,591,brain_tumor_figshare/591.mat,111366,3,0,Meningiom,0,Meningiom,evet,0.817291,0.135988,0.046721
591,592,brain_tumor_figshare/592.mat,111366,3,0,Meningiom,0,Meningiom,evet,0.876988,0.099211,0.023801
592,593,brain_tumor_figshare/593.mat,111532,1,0,Meningiom,0,Meningiom,evet,0.788546,0.21141,4.4e-05
593,594,brain_tumor_figshare/594.mat,111532,1,0,Meningiom,0,Meningiom,evet,0.962781,0.037189,3e-05
594,595,brain_tumor_figshare/595.mat,111532,1,0,Meningiom,0,Meningiom,evet,0.992142,0.007854,3e-06
595,596,brain_tumor_figshare/596.mat,111696,1,0,Meningiom,2,Hipofiz tümörü,hayır,0.225084,0.029316,0.7456
596,597,brain_tumor_figshare/597.mat,111710,4,0,Meningiom,1,Gliom,hayır,0.317039,0.454245,0.228716
597,598,brain_tumor_figshare/598.mat,111710,4,0,Meningiom,0,Meningiom,evet,0.938349,0.019021,0.04263
598,599,brain_tumor_figshare/599.mat,112002,2,0,Meningiom,1,Gliom,hayır,0.338417,0.630995,0.030588
599,600,brain_tumor_figshare/600.mat,112002,2,0,Meningiom,1,Gliom,hayır,0.004681,0.994845,0.000473
600,601,brain_tumor_figshare/601.mat,112002,2,0,Meningiom,1,Gliom,hayır,0.063642,0.923484,0.012874
601,602,brain_tumor_figshare/602.mat,112002,2,0,Meningiom,0,Meningiom,evet,0.996217,0.002616,0.001167
602,603,brain_tumor_figshare/603.mat,112062,4,0,Meningiom,0,Meningiom,evet,0.670897,0.322823,0.00628
603,604,brain_tumor_figshare/604.mat,112062,4,0,Meningiom,0,Meningiom,evet,0.911912,0.087673,0.000416
604,605,brain_tumor_figshare/605.mat,112062,4,0,Meningiom,0,Meningiom,evet,0.926526,0.06753,0.005944
605,606,brain_tumor_figshare/606.mat,112252,1,0,Meningiom,0,Meningiom,evet,0.950151,0.019583,0.030267
606,607,brain_tumor_figshare/607.mat,112252,1,0,Meningiom,0,Meningiom,evet,0.983246,0.00787,0.008884
607,608,brain_tumor_figshare/608.mat,112552,2,0,Meningiom,0,Meningiom,evet,0.811911,0.18339,0.0047
608,609,brain_tumor_figshare/609.mat,112552,2,0,Meningiom,0,Meningiom,evet,0.888997,0.110889,0.000114
609,610,brain_tumor_figshare/610.mat,112552,2,0,Meningiom,0,Meningiom,evet,0.998185,0.001815,0.0
610,611,brain_tumor_figshare/611.mat,112552,2,0,Meningiom,0,Meningiom,evet,0.929245,0.069053,0.001703
611,612,brain_tumor_figshare/612.mat,112552,2,0,Meningiom,0,Meningiom,evet,0.953544,0.046456,0.0
612,613,brain_tumor_figshare/613.mat,112552,2,0,Meningiom,0,Meningiom,evet,0.708547,0.286559,0.004894
613,614,brain_tumor_figshare/614.mat,112552,2,0,Meningiom,0,Meningiom,evet,0.907124,0.08753,0.005345
614,615,brain_tumor_figshare/615.mat,112648,3,0,Meningiom,2,Hipofiz tümörü,hayır,0.299385,0.023182,0.677432
615,616,brain_tumor_figshare/616.mat,112648,3,0,Meningiom,0,Meningiom,evet,0.823338,0.031764,0.144898
616,617,brain_tumor_figshare/617.mat,112648,3,0,Meningiom,0,Meningiom,evet,0.932104,0.004251,0.063645
617,618,brain_tumor_figshare/618.mat,112648,3,0,Meningiom,0,Meningiom,evet,0.706846,0.051971,0.241183
618,619,brain_tumor_figshare/619.mat,112650,3,0,Meningiom,2,Hipofiz tümörü,hayır,0.296001,0.025491,0.678509
619,620,brain_tumor_figshare/620.mat,112650,3,0,Meningiom,0,Meningiom,evet,0.876508,0.007011,0.116481
620,621,brain_tumor_figshare/621.mat,113098,1,0,Meningiom,2,Hipofiz tümörü,hayır,0.055802,0.020384,0.923814
621,622,brain_tumor_figshare/622.mat,113098,1,0,Meningiom,2,Hipofiz tümörü,hayır,0.351227,0.10867,0.540103
622,623,brain_tumor_figshare/623.mat,113098,1,0,Meningiom,2,Hipofiz tümörü,hayır,0.400222,0.061569,0.538209
623,624,brain_tumor_figshare/624.mat,113098,1,0,Meningiom,2,Hipofiz tümörü,hayır,0.333377,0.105869,0.560754
624,625,brain_tumor_figshare/625.mat,113435,5,0,Meningiom,1,Gliom,hayır,0.339759,0.660098,0.000142
625,626,brain_tumor_figshare/626.mat,113435,5,0,Meningiom,0,Meningiom,evet,0.573257,0.426131,0.000613
626,627,brain_tumor_figshare/627.mat,113435,5,0,Meningiom,0,Meningiom,evet,0.646239,0.344828,0.008932
627,628,brain_tumor_figshare/628.mat,113435,5,0,Meningiom,0,Meningiom,evet,0.789833,0.208394,0.001773
628,629,brain_tumor_figshare/629.mat,113435,5,0,Meningiom,0,Meningiom,evet,0.531175,0.410132,0.058693
629,630,brain_tumor_figshare/630.mat,113435,5,0,Meningiom,1,Gliom,hayır,0.300525,0.625635,0.07384
630,631,brain_tumor_figshare/631.mat,113554,5,0,Meningiom,0,Meningiom,evet,0.951114,0.024457,0.024429
631,632,brain_tumor_figshare/632.mat,113554,5,0,Meningiom,0,Meningiom,evet,0.942767,0.000251,0.056982
632,633,brain_tumor_figshare/633.mat,113554,5,0,Meningiom,0,Meningiom,evet,0.997126,1e-06,0.002873
633,634,brain_tumor_figshare/634.mat,113554,5,0,Meningiom,0,Meningiom,evet,0.950594,0.000283,0.049123
634,635,brain_tumor_figshare/635.mat,113614,4,0,Meningiom,0,Meningiom,evet,0.947765,0.047694,0.004541
635,636,brain_tumor_figshare/636.mat,113614,4,0,Meningiom,0,Meningiom,evet,0.460231,0.101008,0.438761
636,637,brain_tumor_figshare/637.mat,113614,4,0,Meningiom,0,Meningiom,evet,0.95497,0.033544,0.011486
637,638,brain_tumor_figshare/638.mat,113614,4,0,Meningiom,0,Meningiom,evet,0.819035,0.180821,0.000144
638,639,brain_tumor_figshare/639.mat,113805,2,0,Meningiom,1,Gliom,hayır,0.2578,0.725632,0.016568
639,640,brain_tumor_figshare/640.mat,113971,5,0,Meningiom,0,Meningiom,evet,0.871114,0.033538,0.095348
640,641,brain_tumor_figshare/641.mat,113971,5,0,Meningiom,0,Meningiom,evet,0.952377,0.001965,0.045658
641,642,brain_tumor_figshare/642.mat,114018,2,0,Meningiom,1,Gliom,hayır,0.41462,0.516933,0.068448
642,643,brain_tumor_figshare/643.mat,114018,2,0,Meningiom,0,Meningiom,evet,0.478348,0.317258,0.204395
643,644,brain_tumor_figshare/644.mat,114018,2,0,Meningiom,2,Hipofiz tümörü,hayır,0.337184,0.172563,0.490253
644,645,brain_tumor_figshare/645.mat,114018,2,0,Meningiom,2,Hipofiz tümörü,hayır,0.242819,0.315428,0.441753
645,646,brain_tumor_figshare/646.mat,114018,2,0,Meningiom,2,Hipofiz tümörü,hayır,0.055312,0.039454,0.905234
646,647,brain_tumor_figshare/647.mat,114018,2,0,Meningiom,2,Hipofiz tümörü,hayır,0.065505,0.002836,0.931659
647,648,brain_tumor_figshare/648.mat,114359,2,0,Meningiom,1,Gliom,hayır,0.323225,0.676736,3.9e-05
648,649,brain_tumor_figshare/649.mat,114359,2,0,Meningiom,0,Meningiom,evet,0.634703,0.36528,1.7e-05
649,650,brain_tumor_figshare/650.mat,114359,2,0,Meningiom,0,Meningiom,evet,0.74439,0.255435,0.000175
650,651,brain_tumor_figshare/651.mat,114359,2,0,Meningiom,0,Meningiom,evet,0.61887,0.380347,0.000783
651,652,brain_tumor_figshare/652.mat,114359,2,0,Meningiom,1,Gliom,hayır,0.424799,0.574795,0.000407
652,653,brain_tumor_figshare/653.mat,114359,2,0,Meningiom,0,Meningiom,evet,0.689501,0.293653,0.016846
653,654,brain_tumor_figshare/654.mat,114359,2,0,Meningiom,0,Meningiom,evet,0.676755,0.184146,0.1391
654,655,brain_tumor_figshare/655.mat,114417,2,0,Meningiom,0,Meningiom,evet,0.712505,0.03994,0.247554
655,656,brain_tumor_figshare/656.mat,114417,2,0,Meningiom,0,Meningiom,evet,0.82766,0.061162,0.111178
656,657,brain_tumor_figshare/657.mat,114417,2,0,Meningiom,0,Meningiom,evet,0.613847,0.366048,0.020105
657,658,brain_tumor_figshare/658.mat,114417,2,0,Meningiom,1,Gliom,hayır,0.385586,0.569776,0.044638
658,659,brain_tumor_figshare/659.mat,97374,3,0,Meningiom,0,Meningiom,evet,0.788763,0.019307,0.19193
659,660,brain_tumor_figshare/660.mat,97374,3,0,Meningiom,0,Meningiom,evet,0.506824,0.101532,0.391644
660,661,brain_tumor_figshare/661.mat,97374,3,0,Meningiom,0,Meningiom,evet,0.779923,0.074384,0.145693
661,662,brain_tumor_figshare/662.mat,97374,3,0,Meningiom,0,Meningiom,evet,0.736613,0.121976,0.141411
662,663,brain_tumor_figshare/663.mat,97374,3,0,Meningiom,0,Meningiom,evet,0.874842,0.05374,0.071418
663,664,brain_tumor_figshare/664.mat,97607,1,0,Meningiom,0,Meningiom,evet,0.972392,0.025954,0.001654
664,665,brain_tumor_figshare/665.mat,97607,1,0,Meningiom,0,Meningiom,evet,0.998529,0.000937,0.000534
665,666,brain_tumor_figshare/666.mat,97607,1,0,Meningiom,0,Meningiom,evet,0.987549,0.006658,0.005793
666,667,brain_tumor_figshare/667.mat,97607,1,0,Meningiom,0,Meningiom,evet,0.917482,0.055496,0.027022
667,668,brain_tumor_figshare/668.mat,97737,1,0,Meningiom,0,Meningiom,evet,0.982123,0.016713,0.001164
668,669,brain_tumor_figshare/669.mat,97737,1,0,Meningiom,0,Meningiom,evet,0.99169,0.004638,0.003671
669,670,brain_tumor_figshare/670.mat,97737,1,0,Meningiom,0,Meningiom,evet,0.98338,0.013994,0.002626
670,671,brain_tumor_figshare/671.mat,97737,1,0,Meningiom,0,Meningiom,evet,0.994472,0.005178,0.00035
671,672,brain_tumor_figshare/672.mat,97737,1,0,Meningiom,0,Meningiom,evet,0.959192,0.017187,0.023621
672,673,brain_tumor_figshare/673.mat,97793,3,0,Meningiom,0,Meningiom,evet,0.588007,0.005539,0.406454
673,674,brain_tumor_figshare/674.mat,97875,4,0,Meningiom,2,Hipofiz tümörü,hayır,0.10757,0.115297,0.777132
674,675,brain_tumor_figshare/675.mat,97943,3,0,Meningiom,1,Gliom,hayır,0.117186,0.880491,0.002322
675,676,brain_tumor_figshare/676.mat,97943,3,0,Meningiom,0,Meningiom,evet,0.757524,0.17811,0.064367
676,677,brain_tumor_figshare/677.mat,97943,3,0,Meningiom,0,Meningiom,evet,0.912891,0.085497,0.001612
677,678,brain_tumor_figshare/678.mat,97943,3,0,Meningiom,0,Meningiom,evet,0.89518,0.080179,0.02464
678,679,brain_tumor_figshare/679.mat,97943,3,0,Meningiom,0,Meningiom,evet,0.945689,0.00174,0.052571
679,680,brain_tumor_figshare/680.mat,98241,2,0,Meningiom,1,Gliom,hayır,0.446177,0.552656,0.001167
680,681,brain_tumor_figshare/681.mat,98241,2,0,Meningiom,0,Meningiom,evet,0.806557,0.193404,3.9e-05
681,682,brain_tumor_figshare/682.mat,98241,2,0,Meningiom,1,Gliom,hayır,0.431733,0.561139,0.007127
682,683,brain_tumor_figshare/683.mat,98241,2,0,Meningiom,0,Meningiom,evet,0.836568,0.162482,0.00095
683,684,brain_tumor_figshare/684.mat,98241,2,0,Meningiom,0,Meningiom,evet,0.969561,0.03043,9e-06
684,685,brain_tumor_figshare/685.mat,98241,2,0,Meningiom,0,Meningiom,evet,0.840354,0.159626,2e-05
685,686,brain_tumor_figshare/686.mat,99017,1,0,Meningiom,0,Meningiom,evet,0.795848,0.092416,0.111736
686,687,brain_tumor_figshare/687.mat,99017,1,0,Meningiom,1,Gliom,hayır,0.365097,0.582336,0.052567
687,688,brain_tumor_figshare/688.mat,99089,5,0,Meningiom,0,Meningiom,evet,0.902534,0.008646,0.08882
688,689,brain_tumor_figshare/689.mat,99089,5,0,Meningiom,0,Meningiom,evet,0.984191,0.014925,0.000884
689,690,brain_tumor_figshare/690.mat,99089,5,0,Meningiom,0,Meningiom,evet,0.991613,0.007914,0.000473
690,691,brain_tumor_figshare/691.mat,99089,5,0,Meningiom,0,Meningiom,evet,0.996755,0.002919,0.000327
691,692,brain_tumor_figshare/692.mat,99089,5,0,Meningiom,0,Meningiom,evet,0.985159,0.008083,0.006758
692,693,brain_tumor_figshare/693.mat,99162,1,0,Meningiom,0,Meningiom,evet,0.99587,0.002438,0.001692
693,694,brain_tumor_figshare/694.mat,99162,1,0,Meningiom,0,Meningiom,evet,0.687223,0.303227,0.00955
694,695,brain_tumor_figshare/695.mat,99162,1,0,Meningiom,0,Meningiom,evet,0.931868,0.04142,0.026711
695,696,brain_tumor_figshare/696.mat,99288,2,0,Meningiom,2,Hipofiz tümörü,hayır,0.308333,0.173317,0.51835
696,697,brain_tumor_figshare/697.mat,99308,2,0,Meningiom,0,Meningiom,evet,0.991225,0.008372,0.000403
697,698,brain_tumor_figshare/698.mat,99308,2,0,Meningiom,0,Meningiom,evet,0.836135,0.150882,0.012983
698,699,brain_tumor_figshare/699.mat,99308,2,0,Meningiom,0,Meningiom,evet,0.962735,0.032265,0.005
699,700,brain_tumor_figshare/700.mat,99308,2,0,Meningiom,1,Gliom,hayır,0.256256,0.732418,0.011326
700,701,brain_tumor_figshare/701.mat,99308,2,0,Meningiom,1,Gliom,hayır,0.234911,0.765023,6.6e-05
701,702,brain_tumor_figshare/702.mat,99308,2,0,Meningiom,1,Gliom,hayır,0.363756,0.636234,1e-05
702,703,brain_tumor_figshare/703.mat,99815,4,0,Meningiom,0,Meningiom,evet,0.901072,0.080462,0.018466
703,704,brain_tumor_figshare/704.mat,99815,4,0,Meningiom,0,Meningiom,evet,0.986231,0.006608,0.007162
704,705,brain_tumor_figshare/705.mat,99815,4,0,Meningiom,0,Meningiom,evet,0.994326,0.000928,0.004746
705,706,brain_tumor_figshare/706.mat,99815,4,0,Meningiom,0,Meningiom,evet,0.998035,0.001903,6.2e-05
706,707,brain_tumor_figshare/707.mat,99815,4,0,Meningiom,0,Meningiom,evet,0.995839,0.00412,4.2e-05
707,708,brain_tumor_figshare/708.mat,99815,4,0,Meningiom,0,Meningiom,evet,0.994823,0.005172,5e-06
708,709,brain_tumor_figshare/709.mat,105936,5,2,Hipofiz tümörü,2,Hipofiz tümörü,evet,4.2e-05,0.001484,0.998475
709,710,brain_tumor_figshare/710.mat,105936,5,2,Hipofiz tümörü,2,Hipofiz tümörü,evet,4.8e-05,0.003702,0.996249
710,711,brain_tumor_figshare/711.mat,105936,5,2,Hipofiz tümörü,1,Gliom,hayır,4e-06,0.650309,0.349687
711,712,brain_tumor_figshare/712.mat,106062,3,2,Hipofiz tümörü,2,Hipofiz tümörü,evet,1.1e-05,1e-06,0.999988
712,713,brain_tumor_figshare/713.mat,106062,3,2,Hipofiz tümörü,2,Hipofiz tümörü,evet,0.000901,0.000143,0.998955
713,714,brain_tumor_figshare/714.mat,106062,3,2,Hipofiz tümörü,2,Hipofiz tümörü,evet,0.000894,0.000593,0.998512
714,715,brain_tumor_figshare/715.mat,100820,3,1,Gliom,1,Gliom,evet,0.000674,0.999325,0.0
715,716,brain_tumor_figshare/716.mat,100820,3,1,Gliom,1,Gliom,evet,0.127179,0.869809,0.003012
716,717,brain_tumor_figshare/717.mat,100820,3,1,Gliom,1,Gliom,evet,0.093675,0.905798,0.000527
717,718,brain_tumor_figshare/718.mat,101020,3,1,Gliom,1,Gliom,evet,0.177494,0.765399,0.057107
718,719,brain_tumor_figshare/719.mat,101020,3,1,Gliom,0,Meningiom,hayır,0.775033,0.216663,0.008304
719,720,brain_tumor_figshare/720.mat,101020,3,1,Gliom,1,Gliom,evet,0.000424,0.995805,0.003771
720,721,brain_tumor_figshare/721.mat,101020,3,1,Gliom,1,Gliom,evet,0.268989,0.727018,0.003994
721,722,brain_tumor_figshare/722.mat,102075,5,1,Gliom,1,Gliom,evet,0.108892,0.883469,0.007639
722,723,brain_tumor_figshare/723.mat,102075,5,1,Gliom,1,Gliom,evet,0.000695,0.997947,0.001359
723,724,brain_tumor_figshare/724.mat,102075,5,1,Gliom,1,Gliom,evet,0.001675,0.997448,0.000876
724,725,brain_tumor_figshare/725.mat,103148,1,1,Gliom,1,Gliom,evet,0.051302,0.9402,0.008498
725,726,brain_tumor_figshare/726.mat,103148,1,1,Gliom,1,Gliom,evet,0.14985,0.828358,0.021792
726,727,brain_tumor_figshare/727.mat,103148,1,1,Gliom,1,Gliom,evet,0.108778,0.876531,0.014691
727,728,brain_tumor_figshare/728.mat,103148,1,1,Gliom,1,Gliom,evet,0.063081,0.906656,0.030263
728,729,brain_tumor_figshare/729.mat,106494,5,1,Gliom,1,Gliom,evet,0.053373,0.944636,0.00199
729,730,brain_tumor_figshare/730.mat,106494,5,1,Gliom,1,Gliom,evet,0.000464,0.999358,0.000177
730,731,brain_tumor_figshare/731.mat,106494,5,1,Gliom,1,Gliom,evet,0.00607,0.993703,0.000227
731,732,brain_tumor_figshare/732.mat,106494,5,1,Gliom,1,Gliom,evet,0.000878,0.999096,2.6e-05
732,733,brain_tumor_figshare/733.mat,106494,5,1,Gliom,1,Gliom,evet,0.040121,0.959322,0.000557
733,734,brain_tumor_figshare/734.mat,106494,5,1,Gliom,1,Gliom,evet,0.008971,0.989447,0.001582
734,735,brain_tumor_figshare/735.mat,107747,5,1,Gliom,1,Gliom,evet,0.054549,0.945285,0.000166
735,736,brain_tumor_figshare/736.mat,107747,5,1,Gliom,1,Gliom,evet,0.018728,0.981267,6e-06
736,737,brain_tumor_figshare/737.mat,107747,5,1,Gliom,1,Gliom,evet,0.065412,0.934588,0.0
737,738,brain_tumor_figshare/738.mat,107747,5,1,Gliom,1,Gliom,evet,0.03241,0.967589,0.0
738,739,brain_tumor_figshare/739.mat,107747,5,1,Gliom,1,Gliom,evet,0.008903,0.991096,1e-06
739,740,brain_tumor_figshare/740.mat,112105,4,1,Gliom,1,Gliom,evet,0.002796,0.996801,0.000403
740,741,brain_tumor_figshare/741.mat,112105,4,1,Gliom,1,Gliom,evet,0.010417,0.989356,0.000226
741,742,brain_tumor_figshare/742.mat,112105,4,1,Gliom,1,Gliom,evet,0.030111,0.96981,8e-05
742,743,brain_tumor_figshare/743.mat,112105,4,1,Gliom,1,Gliom,evet,0.03951,0.958532,0.001958
743,744,brain_tumor_figshare/744.mat,112105,4,1,Gliom,1,Gliom,evet,0.322995,0.673991,0.003014
744,745,brain_tumor_figshare/745.mat,112105,4,1,Gliom,1,Gliom,evet,0.342022,0.623762,0.034216
745,746,brain_tumor_figshare/746.mat,112105,4,1,Gliom,1,Gliom,evet,0.001889,0.997638,0.000473
746,747,brain_tumor_figshare/747.mat,100820,3,1,Gliom,1,Gliom,evet,0.015984,0.980666,0.003349
747,748,brain_tumor_figshare/748.mat,100820,3,1,Gliom,1,Gliom,evet,0.001697,0.998279,2.4e-05
748,749,brain_tumor_figshare/749.mat,100820,3,1,Gliom,1,Gliom,evet,0.003718,0.996281,1e-06
749,750,brain_tumor_figshare/750.mat,100820,3,1,Gliom,1,Gliom,evet,0.002426,0.997574,0.0
750,751,brain_tumor_figshare/751.mat,100820,3,1,Gliom,1,Gliom,evet,0.002127,0.997856,1.7e-05
751,752,brain_tumor_figshare/752.mat,100820,3,1,Gliom,1,Gliom,evet,0.008906,0.990756,0.000337
752,753,brain_tumor_figshare/753.mat,101020,3,1,Gliom,0,Meningiom,hayır,0.501435,0.489063,0.009502
753,754,brain_tumor_figshare/754.mat,101020,3,1,Gliom,1,Gliom,evet,0.008799,0.983692,0.007509
754,755,brain_tumor_figshare/755.mat,101020,3,1,Gliom,1,Gliom,evet,0.002887,0.995745,0.001368
755,756,brain_tumor_figshare/756.mat,101020,3,1,Gliom,1,Gliom,evet,0.218171,0.741753,0.040076
756,757,brain_tumor_figshare/757.mat,101020,3,1,Gliom,1,Gliom,evet,0.285021,0.690471,0.024508
757,758,brain_tumor_figshare/758.mat,101020,3,1,Gliom,1,Gliom,evet,0.0661,0.895916,0.037984
758,759,brain_tumor_figshare/759.mat,101020,3,1,Gliom,1,Gliom,evet,0.025672,0.961886,0.012442
759,760,brain_tumor_figshare/760.mat,101020,3,1,Gliom,1,Gliom,evet,0.235276,0.445232,0.319491
760,761,brain_tumor_figshare/761.mat,102075,5,1,Gliom,1,Gliom,evet,0.008313,0.951494,0.040194
761,762,brain_tumor_figshare/762.mat,102075,5,1,Gliom,1,Gliom,evet,0.001831,0.985512,0.012658
762,763,brain_tumor_figshare/763.mat,102075,5,1,Gliom,1,Gliom,evet,0.002324,0.986414,0.011262
763,764,brain_tumor_figshare/764.mat,103148,1,1,Gliom,1,Gliom,evet,0.408085,0.590873,0.001042
764,765,brain_tumor_figshare/765.mat,103148,1,1,Gliom,1,Gliom,evet,0.148452,0.851155,0.000392
765,766,brain_tumor_figshare/766.mat,103148,1,1,Gliom,1,Gliom,evet,0.324721,0.664653,0.010626
766,767,brain_tumor_figshare/767.mat,103148,1,1,Gliom,1,Gliom,evet,0.149061,0.833403,0.017536
767,768,brain_tumor_figshare/768.mat,106494,5,1,Gliom,1,Gliom,evet,0.001015,0.998486,0.000498
768,769,brain_tumor_figshare/769.mat,106494,5,1,Gliom,1,Gliom,evet,8.6e-05,0.99986,5.4e-05
769,770,brain_tumor_figshare/770.mat,106494,5,1,Gliom,1,Gliom,evet,0.000401,0.995557,0.004042
770,771,brain_tumor_figshare/771.mat,106494,5,1,Gliom,1,Gliom,evet,0.000462,0.999481,5.6e-05
771,772,brain_tumor_figshare/772.mat,106494,5,1,Gliom,0,Meningiom,hayır,0.623799,0.357863,0.018338
772,773,brain_tumor_figshare/773.mat,107747,5,1,Gliom,0,Meningiom,hayır,0.688601,0.309757,0.001642
773,774,brain_tumor_figshare/774.mat,107747,5,1,Gliom,1,Gliom,evet,0.07352,0.921945,0.004535
774,775,brain_tumor_figshare/775.mat,107747,5,1,Gliom,1,Gliom,evet,0.134933,0.837284,0.027783
775,776,brain_tumor_figshare/776.mat,107747,5,1,Gliom,1,Gliom,evet,0.174607,0.771213,0.05418
776,777,brain_tumor_figshare/777.mat,107747,5,1,Gliom,1,Gliom,evet,0.065077,0.923627,0.011296
777,778,brain_tumor_figshare/778.mat,107747,5,1,Gliom,1,Gliom,evet,0.162228,0.828311,0.009461
778,779,brain_tumor_figshare/779.mat,112027,3,1,Gliom,1,Gliom,evet,0.096537,0.670221,0.233241
779,780,brain_tumor_figshare/780.mat,112027,3,1,Gliom,0,Meningiom,hayır,0.666382,0.254478,0.07914
780,781,brain_tumor_figshare/781.mat,112105,4,1,Gliom,1,Gliom,evet,0.348414,0.650991,0.000595
781,782,brain_tumor_figshare/782.mat,112105,4,1,Gliom,1,Gliom,evet,0.229771,0.76981,0.000418
782,783,brain_tumor_figshare/783.mat,112105,4,1,Gliom,1,Gliom,evet,0.010759,0.9868,0.002441
783,784,brain_tumor_figshare/784.mat,112105,4,1,Gliom,1,Gliom,evet,0.226539,0.773406,5.5e-05
784,785,brain_tumor_figshare/785.mat,112105,4,1,Gliom,1,Gliom,evet,0.014242,0.985115,0.000643
785,786,brain_tumor_figshare/786.mat,112105,4,1,Gliom,1,Gliom,evet,0.261512,0.733079,0.005409
786,787,brain_tumor_figshare/787.mat,112105,4,1,Gliom,1,Gliom,evet,0.23201,0.767573,0.000417
787,788,brain_tumor_figshare/788.mat,112105,4,1,Gliom,0,Meningiom,hayır,0.84919,0.150803,7e-06
788,789,brain_tumor_figshare/789.mat,112105,4,1,Gliom,0,Meningiom,hayır,0.66034,0.339629,3e-05
789,790,brain_tumor_figshare/790.mat,112105,4,1,Gliom,1,Gliom,evet,0.099346,0.897259,0.003395
790,791,brain_tumor_figshare/791.mat,112105,4,1,Gliom,1,Gliom,evet,0.183509,0.813865,0.002626
791,792,brain_tumor_figshare/792.mat,88670,4,1,Gliom,1,Gliom,evet,0.044502,0.955466,3.2e-05
792,793,brain_tumor_figshare/793.mat,88670,4,1,Gliom,1,Gliom,evet,0.063701,0.934999,0.0013
793,794,brain_tumor_figshare/794.mat,88670,4,1,Gliom,1,Gliom,evet,0.014913,0.98453,0.000557
794,795,brain_tumor_figshare/795.mat,88670,4,1,Gliom,1,Gliom,evet,0.115187,0.855432,0.029381
795,796,brain_tumor_figshare/796.mat,88670,4,1,Gliom,1,Gliom,evet,0.036642,0.963159,0.000199
796,797,brain_tumor_figshare/797.mat,88670,4,1,Gliom,1,Gliom,evet,0.027524,0.97233,0.000146
797,798,brain_tumor_figshare/798.mat,88670,4,1,Gliom,1,Gliom,evet,0.053494,0.94049,0.006017
798,799,brain_tumor_figshare/799.mat,90284,2,1,Gliom,1,Gliom,evet,0.16878,0.825291,0.00593
799,800,brain_tumor_figshare/800.mat,90284,2,1,Gliom,1,Gliom,evet,0.022866,0.975043,0.002092
800,801,brain_tumor_figshare/801.mat,90284,2,1,Gliom,1,Gliom,evet,0.061361,0.938632,7e-06
801,802,brain_tumor_figshare/802.mat,90284,2,1,Gliom,1,Gliom,evet,0.367923,0.629679,0.002398
802,803,brain_tumor_figshare/803.mat,90284,2,1,Gliom,1,Gliom,evet,0.009258,0.956385,0.034357
803,804,brain_tumor_figshare/804.mat,90284,2,1,Gliom,1,Gliom,evet,0.180868,0.791403,0.02773
804,805,brain_tumor_figshare/805.mat,90284,2,1,Gliom,1,Gliom,evet,0.410509,0.563018,0.026474
805,806,brain_tumor_figshare/806.mat,90284,2,1,Gliom,0,Meningiom,hayır,0.511481,0.485642,0.002877
806,807,brain_tumor_figshare/807.mat,92897,3,1,Gliom,1,Gliom,evet,0.02999,0.970007,3e-06
807,808,brain_tumor_figshare/808.mat,92897,3,1,Gliom,1,Gliom,evet,0.01767,0.980761,0.001569
808,809,brain_tumor_figshare/809.mat,93825,1,1,Gliom,1,Gliom,evet,0.119047,0.880932,2.1e-05
809,810,brain_tumor_figshare/810.mat,93825,1,1,Gliom,1,Gliom,evet,0.049309,0.950613,7.7e-05
810,811,brain_tumor_figshare/811.mat,93825,1,1,Gliom,1,Gliom,evet,0.014264,0.985702,3.5e-05
811,812,brain_tumor_figshare/812.mat,97609,2,1,Gliom,1,Gliom,evet,0.092853,0.907147,0.0
812,813,brain_tumor_figshare/813.mat,97609,2,1,Gliom,1,Gliom,evet,0.313375,0.686625,1e-06
813,814,brain_tumor_figshare/814.mat,97609,2,1,Gliom,1,Gliom,evet,0.00618,0.99382,0.0
814,815,brain_tumor_figshare/815.mat,97609,2,1,Gliom,1,Gliom,evet,0.000357,0.999643,0.0
815,816,brain_tumor_figshare/816.mat,97609,2,1,Gliom,1,Gliom,evet,0.03135,0.96865,0.0
816,817,brain_tumor_figshare/817.mat,97609,2,1,Gliom,1,Gliom,evet,0.002494,0.997501,4e-06
817,818,brain_tumor_figshare/818.mat,100416,3,1,Gliom,2,Hipofiz tümörü,hayır,0.337186,0.115077,0.547736
818,819,brain_tumor_figshare/819.mat,100416,3,1,Gliom,1,Gliom,evet,0.004905,0.995078,1.6e-05
819,820,brain_tumor_figshare/820.mat,100416,3,1,Gliom,1,Gliom,evet,0.02855,0.971359,9.1e-05
820,821,brain_tumor_figshare/821.mat,100416,3,1,Gliom,1,Gliom,evet,0.339834,0.641621,0.018545
821,822,brain_tumor_figshare/822.mat,100820,3,1,Gliom,1,Gliom,evet,0.24598,0.744973,0.009047
822,823,brain_tumor_figshare/823.mat,100820,3,1,Gliom,1,Gliom,evet,0.082767,0.815907,0.101326
823,824,brain_tumor_figshare/824.mat,100820,3,1,Gliom,1,Gliom,evet,2.9e-05,0.999949,2.2e-05
824,825,brain_tumor_figshare/825.mat,100820,3,1,Gliom,0,Meningiom,hayır,0.538495,0.402791,0.058714
825,826,brain_tumor_figshare/826.mat,100820,3,1,Gliom,0,Meningiom,hayır,0.963811,0.007269,0.02892
826,827,brain_tumor_figshare/827.mat,100820,3,1,Gliom,0,Meningiom,hayır,0.973037,0.002406,0.024557
827,828,brain_tumor_figshare/828.mat,101020,3,1,Gliom,0,Meningiom,hayır,0.987208,0.012066,0.000726
828,829,brain_tumor_figshare/829.mat,101020,3,1,Gliom,1,Gliom,evet,0.403749,0.594046,0.002205
829,830,brain_tumor_figshare/830.mat,101020,3,1,Gliom,1,Gliom,evet,0.00283,0.997027,0.000143
830,831,brain_tumor_figshare/831.mat,101020,3,1,Gliom,1,Gliom,evet,0.132621,0.867111,0.000268
831,832,brain_tumor_figshare/832.mat,101020,3,1,Gliom,1,Gliom,evet,0.057154,0.935448,0.007398
832,833,brain_tumor_figshare/833.mat,101020,3,1,Gliom,1,Gliom,evet,0.006078,0.90861,0.085312
833,834,brain_tumor_figshare/834.mat,101384,1,1,Gliom,1,Gliom,evet,0.024453,0.974781,0.000766
834,835,brain_tumor_figshare/835.mat,101384,1,1,Gliom,1,Gliom,evet,0.008523,0.991233,0.000244
835,836,brain_tumor_figshare/836.mat,101384,1,1,Gliom,1,Gliom,evet,0.028846,0.971104,5.1e-05
836,837,brain_tumor_figshare/837.mat,102075,5,1,Gliom,1,Gliom,evet,0.016365,0.983632,3e-06
837,838,brain_tumor_figshare/838.mat,102075,5,1,Gliom,1,Gliom,evet,0.000945,0.999053,2e-06
838,839,brain_tumor_figshare/839.mat,102075,5,1,Gliom,1,Gliom,evet,0.004969,0.995017,1.3e-05
839,840,brain_tumor_figshare/840.mat,103148,1,1,Gliom,1,Gliom,evet,0.001237,0.995251,0.003512
840,841,brain_tumor_figshare/841.mat,103148,1,1,Gliom,1,Gliom,evet,0.118104,0.874483,0.007413
841,842,brain_tumor_figshare/842.mat,103148,1,1,Gliom,0,Meningiom,hayır,0.784741,0.204351,0.010908
842,843,brain_tumor_figshare/843.mat,103148,1,1,Gliom,0,Meningiom,hayır,0.877367,0.091254,0.031379
843,844,brain_tumor_figshare/844.mat,105653,2,1,Gliom,1,Gliom,evet,0.00377,0.923226,0.073004
844,845,brain_tumor_figshare/845.mat,105653,2,1,Gliom,1,Gliom,evet,0.004802,0.747028,0.24817
845,846,brain_tumor_figshare/846.mat,106494,5,1,Gliom,0,Meningiom,hayır,0.862071,0.13787,5.9e-05
846,847,brain_tumor_figshare/847.mat,106494,5,1,Gliom,1,Gliom,evet,0.057065,0.939222,0.003712
847,848,brain_tumor_figshare/848.mat,106494,5,1,Gliom,1,Gliom,evet,0.000168,0.999743,8.9e-05
848,849,brain_tumor_figshare/849.mat,106494,5,1,Gliom,1,Gliom,evet,0.01206,0.971219,0.016722
849,850,brain_tumor_figshare/850.mat,106494,5,1,Gliom,1,Gliom,evet,0.288194,0.705192,0.006615
850,851,brain_tumor_figshare/851.mat,106494,5,1,Gliom,1,Gliom,evet,0.440809,0.483677,0.075514
851,852,brain_tumor_figshare/852.mat,106494,5,1,Gliom,2,Hipofiz tümörü,hayır,0.400445,0.01974,0.579815
852,853,brain_tumor_figshare/853.mat,107747,5,1,Gliom,1,Gliom,evet,0.149363,0.835402,0.015235
853,854,brain_tumor_figshare/854.mat,107747,5,1,Gliom,1,Gliom,evet,0.106945,0.847894,0.045161
854,855,brain_tumor_figshare/855.mat,107747,5,1,Gliom,1,Gliom,evet,0.197535,0.723972,0.078493
855,856,brain_tumor_figshare/856.mat,107747,5,1,Gliom,1,Gliom,evet,0.021145,0.974503,0.004351
856,857,brain_tumor_figshare/857.mat,108479,1,1,Gliom,1,Gliom,evet,0.013559,0.969645,0.016796
857,858,brain_tumor_figshare/858.mat,108479,1,1,Gliom,1,Gliom,evet,0.003375,0.935916,0.060708
858,859,brain_tumor_figshare/859.mat,112105,4,1,Gliom,1,Gliom,evet,0.091012,0.903795,0.005193
859,860,brain_tumor_figshare/860.mat,112105,4,1,Gliom,1,Gliom,evet,0.015973,0.984006,2.1e-05
860,861,brain_tumor_figshare/861.mat,112105,4,1,Gliom,1,Gliom,evet,0.020599,0.977721,0.00168
861,862,brain_tumor_figshare/862.mat,112105,4,1,Gliom,1,Gliom,evet,0.069178,0.920147,0.010676
862,863,brain_tumor_figshare/863.mat,112105,4,1,Gliom,1,Gliom,evet,0.032713,0.839945,0.127342
863,864,brain_tumor_figshare/864.mat,112105,4,1,Gliom,1,Gliom,evet,0.044903,0.92919,0.025907
864,865,brain_tumor_figshare/865.mat,88670,4,1,Gliom,0,Meningiom,hayır,0.397402,0.368923,0.233675
865,866,brain_tumor_figshare/866.mat,88670,4,1,Gliom,0,Meningiom,hayır,0.89863,0.081139,0.020231
866,867,brain_tumor_figshare/867.mat,88670,4,1,Gliom,0,Meningiom,hayır,0.610342,0.380504,0.009155
867,868,brain_tumor_figshare/868.mat,88670,4,1,Gliom,1,Gliom,evet,0.228521,0.767734,0.003745
868,869,brain_tumor_figshare/869.mat,88670,4,1,Gliom,0,Meningiom,hayır,0.94542,0.054522,5.8e-05
869,870,brain_tumor_figshare/870.mat,90284,2,1,Gliom,1,Gliom,evet,0.077323,0.84515,0.077527
870,871,brain_tumor_figshare/871.mat,90284,2,1,Gliom,1,Gliom,evet,0.080463,0.707927,0.21161
871,872,brain_tumor_figshare/872.mat,90284,2,1,Gliom,0,Meningiom,hayır,0.914101,0.069798,0.016102
872,873,brain_tumor_figshare/873.mat,90284,2,1,Gliom,1,Gliom,evet,0.084468,0.5069,0.408632
873,874,brain_tumor_figshare/874.mat,90284,2,1,Gliom,2,Hipofiz tümörü,hayır,0.020582,0.242165,0.737253
874,875,brain_tumor_figshare/875.mat,90284,2,1,Gliom,2,Hipofiz tümörü,hayır,0.0773,0.315755,0.606945
875,876,brain_tumor_figshare/876.mat,90284,2,1,Gliom,1,Gliom,evet,0.060676,0.835171,0.104153
876,877,brain_tumor_figshare/877.mat,90284,2,1,Gliom,1,Gliom,evet,0.024058,0.959689,0.016253
877,878,brain_tumor_figshare/878.mat,90284,2,1,Gliom,1,Gliom,evet,0.019716,0.966516,0.013768
878,879,brain_tumor_figshare/879.mat,90284,2,1,Gliom,1,Gliom,evet,0.074735,0.92455,0.000714
879,880,brain_tumor_figshare/880.mat,90284,2,1,Gliom,0,Meningiom,hayır,0.821334,0.177347,0.001319
880,881,brain_tumor_figshare/881.mat,92897,3,1,Gliom,1,Gliom,evet,0.003565,0.991539,0.004896
881,882,brain_tumor_figshare/882.mat,92897,3,1,Gliom,1,Gliom,evet,0.044316,0.955684,0.0
882,883,brain_tumor_figshare/883.mat,93329,3,1,Gliom,1,Gliom,evet,0.212952,0.786846,0.000202
883,884,brain_tumor_figshare/884.mat,93329,3,1,Gliom,1,Gliom,evet,0.362969,0.636759,0.000272
884,885,brain_tumor_figshare/885.mat,93329,3,1,Gliom,1,Gliom,evet,0.035866,0.964125,9e-06
885,886,brain_tumor_figshare/886.mat,93329,3,1,Gliom,0,Meningiom,hayır,0.97589,0.024079,3e-05
886,887,brain_tumor_figshare/887.mat,93329,3,1,Gliom,1,Gliom,evet,0.145264,0.854688,4.8e-05
887,888,brain_tumor_figshare/888.mat,93825,1,1,Gliom,1,Gliom,evet,0.067627,0.926573,0.0058
888,889,brain_tumor_figshare/889.mat,93825,1,1,Gliom,1,Gliom,evet,0.071482,0.858511,0.070007
889,890,brain_tumor_figshare/890.mat,93825,1,1,Gliom,1,Gliom,evet,0.027459,0.944407,0.028134
890,891,brain_tumor_figshare/891.mat,93825,1,1,Gliom,1,Gliom,evet,0.072507,0.926725,0.000768
891,892,brain_tumor_figshare/892.mat,94731,3,1,Gliom,2,Hipofiz tümörü,hayır,0.227091,0.182785,0.590124
892,893,brain_tumor_figshare/893.mat,94731,3,1,Gliom,1,Gliom,evet,0.151906,0.514708,0.333386
893,894,brain_tumor_figshare/894.mat,94731,3,1,Gliom,1,Gliom,evet,0.128227,0.856709,0.015064
894,895,brain_tumor_figshare/895.mat,95142,2,1,Gliom,2,Hipofiz tümörü,hayır,0.042121,0.111366,0.846514
895,896,brain_tumor_figshare/896.mat,95142,2,1,Gliom,2,Hipofiz tümörü,hayır,0.033758,0.030699,0.935542
896,897,brain_tumor_figshare/897.mat,95142,2,1,Gliom,2,Hipofiz tümörü,hayır,0.133484,0.207008,0.659508
897,898,brain_tumor_figshare/898.mat,95142,2,1,Gliom,1,Gliom,evet,0.072512,0.927488,0.0
898,899,brain_tumor_figshare/899.mat,95142,2,1,Gliom,1,Gliom,evet,0.007381,0.970886,0.021734
899,900,brain_tumor_figshare/900.mat,95142,2,1,Gliom,1,Gliom,evet,0.000485,0.999515,1e-06
900,901,brain_tumor_figshare/901.mat,95142,2,1,Gliom,1,Gliom,evet,0.002953,0.997047,0.0
901,902,brain_tumor_figshare/902.mat,95142,2,1,Gliom,1,Gliom,evet,0.008178,0.991822,0.0
902,903,brain_tumor_figshare/903.mat,95142,2,1,Gliom,1,Gliom,evet,0.014521,0.98544,3.9e-05
903,904,brain_tumor_figshare/904.mat,96587,3,1,Gliom,1,Gliom,evet,0.070455,0.929512,3.3e-05
904,905,brain_tumor_figshare/905.mat,96587,3,1,Gliom,1,Gliom,evet,0.053678,0.945494,0.000827
905,906,brain_tumor_figshare/906.mat,96587,3,1,Gliom,1,Gliom,evet,0.010685,0.98921,0.000105
906,907,brain_tumor_figshare/907.mat,96587,3,1,Gliom,1,Gliom,evet,0.008171,0.991635,0.000194
907,908,brain_tumor_figshare/908.mat,97609,2,1,Gliom,1,Gliom,evet,0.265793,0.703894,0.030313
908,909,brain_tumor_figshare/909.mat,97609,2,1,Gliom,1,Gliom,evet,0.001107,0.998893,0.0
909,910,brain_tumor_figshare/910.mat,97609,2,1,Gliom,1,Gliom,evet,0.315284,0.684323,0.000392
910,911,brain_tumor_figshare/911.mat,97609,2,1,Gliom,1,Gliom,evet,0.023206,0.97659,0.000204
911,912,brain_tumor_figshare/912.mat,98889,2,1,Gliom,1,Gliom,evet,0.233534,0.758211,0.008254
912,913,brain_tumor_figshare/913.mat,98889,2,1,Gliom,1,Gliom,evet,0.207371,0.655017,0.137613
913,914,brain_tumor_figshare/914.mat,98889,2,1,Gliom,1,Gliom,evet,0.046541,0.952824,0.000636
914,915,brain_tumor_figshare/915.mat,98889,2,1,Gliom,1,Gliom,evet,0.263813,0.73376,0.002427
915,916,brain_tumor_figshare/916.mat,98889,2,1,Gliom,1,Gliom,evet,0.011616,0.983512,0.004871
916,917,brain_tumor_figshare/917.mat,98889,2,1,Gliom,1,Gliom,evet,0.091392,0.816695,0.091913
917,918,brain_tumor_figshare/918.mat,105936,5,2,Hipofiz tümörü,2,Hipofiz tümörü,evet,7.8e-05,0.000226,0.999696
918,919,brain_tumor_figshare/919.mat,105936,5,2,Hipofiz tümörü,2,Hipofiz tümörü,evet,0.001203,6.3e-05,0.998734
919,920,brain_tumor_figshare/920.mat,105936,5,2,Hipofiz tümörü,2,Hipofiz tümörü,evet,2e-06,0.05608,0.943918
920,921,brain_tumor_figshare/921.mat,105936,5,2,Hipofiz tümörü,2,Hipofiz tümörü,evet,0.003938,0.05483,0.941232
921,922,brain_tumor_figshare/922.mat,106062,3,2,Hipofiz tümörü,2,Hipofiz tümörü,evet,0.007133,0.000291,0.992577
922,923,brain_tumor_figshare/923.mat,106062,3,2,Hipofiz tümörü,2,Hipofiz tümörü,evet,0.051021,0.00033,0.94865
923,924,brain_tumor_figshare/924.mat,106062,3,2,Hipofiz tümörü,2,Hipofiz tümörü,evet,0.027438,0.014737,0.957825
924,925,brain_tumor_figshare/925.mat,106062,3,2,Hipofiz tümörü,2,Hipofiz tümörü,evet,0.196161,0.003348,0.800491
925,926,brain_tumor_figshare/926.mat,107495,3,2,Hipofiz tümörü,2,Hipofiz tümörü,evet,0.002208,3.9e-05,0.997753
926,927,brain_tumor_figshare/927.mat,107495,3,2,Hipofiz tümörü,2,Hipofiz tümörü,evet,0.118113,2.6e-05,0.881861
927,928,brain_tumor_figshare/928.mat,107495,3,2,Hipofiz tümörü,0,Meningiom,hayır,0.707591,0.001407,0.291001
928,929,brain_tumor_figshare/929.mat,107495,3,2,Hipofiz tümörü,2,Hipofiz tümörü,evet,0.020457,8.2e-05,0.979461
929,930,brain_tumor_figshare/930.mat,107495,3,2,Hipofiz tümörü,2,Hipofiz tümörü,evet,0.225667,0.000397,0.773936
930,931,brain_tumor_figshare/931.mat,107495,3,2,Hipofiz tümörü,2,Hipofiz tümörü,evet,0.440801,0.013576,0.545622
931,932,brain_tumor_figshare/932.mat,107495,3,2,Hipofiz tümörü,0,Meningiom,hayır,0.553424,0.016271,0.430305
932,933,brain_tumor_figshare/933.mat,107429,1,2,Hipofiz tümörü,2,Hipofiz tümörü,evet,0.001223,5e-06,0.998771
933,934,brain_tumor_figshare/934.mat,107429,1,2,Hipofiz tümörü,2,Hipofiz tümörü,evet,0.003393,0.000118,0.996489
934,935,brain_tumor_figshare/935.mat,107429,1,2,Hipofiz tümörü,2,Hipofiz tümörü,evet,0.051128,0.001516,0.947356
935,936,brain_tumor_figshare/936.mat,107429,1,2,Hipofiz tümörü,2,Hipofiz tümörü,evet,0.123534,9e-06,0.876457
936,937,brain_tumor_figshare/937.mat,107429,1,2,Hipofiz tümörü,2,Hipofiz tümörü,evet,0.116054,0.000182,0.883764
937,938,brain_tumor_figshare/938.mat,107429,1,2,Hipofiz tümörü,2,Hipofiz tümörü,evet,0.347052,0.014903,0.638045
938,939,brain_tumor_figshare/939.mat,107505,5,2,Hipofiz tümörü,2,Hipofiz tümörü,evet,0.000116,4.5e-05,0.99984
939,940,brain_tumor_figshare/940.mat,107505,5,2,Hipofiz tümörü,2,Hipofiz tümörü,evet,0.000116,4.1e-05,0.999843
940,941,brain_tumor_figshare/941.mat,107505,5,2,Hipofiz tümörü,2,Hipofiz tümörü,evet,0.002467,0.000835,0.996698
941,942,brain_tumor_figshare/942.mat,107505,5,2,Hipofiz tümörü,2,Hipofiz tümörü,evet,0.001058,0.00581,0.993132
942,943,brain_tumor_figshare/943.mat,107505,5,2,Hipofiz tümörü,2,Hipofiz tümörü,evet,0.00014,0.000138,0.999722
943,944,brain_tumor_figshare/944.mat,107505,5,2,Hipofiz tümörü,2,Hipofiz tümörü,evet,4.7e-05,1e-05,0.999944
944,945,brain_tumor_figshare/945.mat,107505,5,2,Hipofiz tümörü,2,Hipofiz tümörü,evet,0.001688,0.000241,0.99807
945,946,brain_tumor_figshare/946.mat,107743,5,2,Hipofiz tümörü,2,Hipofiz tümörü,evet,6.6e-05,0.000212,0.999722
946,947,brain_tumor_figshare/947.mat,107743,5,2,Hipofiz tümörü,2,Hipofiz tümörü,evet,0.030949,6.3e-05,0.968989
947,948,brain_tumor_figshare/948.mat,107743,5,2,Hipofiz tümörü,2,Hipofiz tümörü,evet,0.001217,4.6e-05,0.998737
948,949,brain_tumor_figshare/949.mat,107743,5,2,Hipofiz tümörü,2,Hipofiz tümörü,evet,0.009259,0.131969,0.858772
949,950,brain_tumor_figshare/950.mat,108858,1,2,Hipofiz tümörü,2,Hipofiz tümörü,evet,7e-06,2e-06,0.999992
950,951,brain_tumor_figshare/951.mat,108858,1,2,Hipofiz tümörü,2,Hipofiz tümörü,evet,5.6e-05,0.001053,0.998891
951,952,brain_tumor_figshare/952.mat,108858,1,2,Hipofiz tümörü,2,Hipofiz tümörü,evet,0.000628,0.00242,0.996952
952,953,brain_tumor_figshare/953.mat,108858,1,2,Hipofiz tümörü,2,Hipofiz tümörü,evet,0.001211,0.000555,0.998234
953,954,brain_tumor_figshare/954.mat,108858,1,2,Hipofiz tümörü,2,Hipofiz tümörü,evet,0.011061,0.004055,0.984884
954,955,brain_tumor_figshare/955.mat,108931,4,2,Hipofiz tümörü,2,Hipofiz tümörü,evet,0.008474,0.000479,0.991048
955,956,brain_tumor_figshare/956.mat,108931,4,2,Hipofiz tümörü,2,Hipofiz tümörü,evet,0.000864,3e-06,0.999133
956,957,brain_tumor_figshare/957.mat,108931,4,2,Hipofiz tümörü,2,Hipofiz tümörü,evet,0.000799,0.0008,0.9984
957,958,brain_tumor_figshare/958.mat,109471,3,2,Hipofiz tümörü,2,Hipofiz tümörü,evet,0.000438,0.000418,0.999144
958,959,brain_tumor_figshare/959.mat,109471,3,2,Hipofiz tümörü,2,Hipofiz tümörü,evet,0.000442,0.000555,0.999002
959,960,brain_tumor_figshare/960.mat,109471,3,2,Hipofiz tümörü,2,Hipofiz tümörü,evet,0.015161,0.00635,0.978489
960,961,brain_tumor_figshare/961.mat,109471,3,2,Hipofiz tümörü,2,Hipofiz tümörü,evet,0.047607,0.036775,0.915618
961,962,brain_tumor_figshare/962.mat,109769,2,2,Hipofiz tümörü,2,Hipofiz tümörü,evet,0.000288,2e-05,0.999692
962,963,brain_tumor_figshare/963.mat,109769,2,2,Hipofiz tümörü,2,Hipofiz tümörü,evet,0.000105,7e-06,0.999888
963,964,brain_tumor_figshare/964.mat,109769,2,2,Hipofiz tümörü,2,Hipofiz tümörü,evet,0.002071,0.000212,0.997717
964,965,brain_tumor_figshare/965.mat,109769,2,2,Hipofiz tümörü,2,Hipofiz tümörü,evet,0.040389,0.000169,0.959442
965,966,brain_tumor_figshare/966.mat,109898,3,2,Hipofiz tümörü,2,Hipofiz tümörü,evet,0.004378,6.5e-05,0.995557
966,967,brain_tumor_figshare/967.mat,109898,3,2,Hipofiz tümörü,2,Hipofiz tümörü,evet,0.001305,6.7e-05,0.998628
967,968,brain_tumor_figshare/968.mat,109898,3,2,Hipofiz tümörü,2,Hipofiz tümörü,evet,0.01066,0.001009,0.988331
968,969,brain_tumor_figshare/969.mat,109898,3,2,Hipofiz tümörü,2,Hipofiz tümörü,evet,0.001004,0.000296,0.998699
969,970,brain_tumor_figshare/970.mat,109898,3,2,Hipofiz tümörü,2,Hipofiz tümörü,evet,0.023857,0.000946,0.975197
970,971,brain_tumor_figshare/971.mat,109898,3,2,Hipofiz tümörü,2,Hipofiz tümörü,evet,0.012254,0.000294,0.987452
971,972,brain_tumor_figshare/972.mat,110518,2,2,Hipofiz tümörü,0,Meningiom,hayır,0.748352,0.009885,0.241762
972,973,brain_tumor_figshare/973.mat,110518,2,2,Hipofiz tümörü,0,Meningiom,hayır,0.463256,0.346442,0.190302
973,974,brain_tumor_figshare/974.mat,110537,5,2,Hipofiz tümörü,2,Hipofiz tümörü,evet,0.016418,0.001769,0.981813
974,975,brain_tumor_figshare/975.mat,110537,5,2,Hipofiz tümörü,0,Meningiom,hayır,0.721914,0.00396,0.274127
975,976,brain_tumor_figshare/976.mat,110993,4,2,Hipofiz tümörü,2,Hipofiz tümörü,evet,0.000153,0.0,0.999846
976,977,brain_tumor_figshare/977.mat,110993,4,2,Hipofiz tümörü,2,Hipofiz tümörü,evet,2e-06,2e-06,0.999996
977,978,brain_tumor_figshare/978.mat,110993,4,2,Hipofiz tümörü,2,Hipofiz tümörü,evet,0.000394,9e-06,0.999597
978,979,brain_tumor_figshare/979.mat,110993,4,2,Hipofiz tümörü,2,Hipofiz tümörü,evet,2.9e-05,7e-06,0.999964
979,980,brain_tumor_figshare/980.mat,111075,2,2,Hipofiz tümörü,2,Hipofiz tümörü,evet,1e-06,1.4e-05,0.999985
980,981,brain_tumor_figshare/981.mat,111075,2,2,Hipofiz tümörü,2,Hipofiz tümörü,evet,2e-06,8.5e-05,0.999913
981,982,brain_tumor_figshare/982.mat,111075,2,2,Hipofiz tümörü,2,Hipofiz tümörü,evet,2e-06,1e-06,0.999997
982,983,brain_tumor_figshare/983.mat,111075,2,2,Hipofiz tümörü,2,Hipofiz tümörü,evet,1e-06,1e-06,0.999998
983,984,brain_tumor_figshare/984.mat,111075,2,2,Hipofiz tümörü,2,Hipofiz tümörü,evet,2.8e-05,4e-06,0.999968
984,985,brain_tumor_figshare/985.mat,111075,2,2,Hipofiz tümörü,2,Hipofiz tümörü,evet,0.000127,0.003004,0.996869
985,986,brain_tumor_figshare/986.mat,111125,5,2,Hipofiz tümörü,2,Hipofiz tümörü,evet,0.006595,0.000699,0.992706
986,987,brain_tumor_figshare/987.mat,111125,5,2,Hipofiz tümörü,2,Hipofiz tümörü,evet,0.016982,0.000178,0.98284
987,988,brain_tumor_figshare/988.mat,111125,5,2,Hipofiz tümörü,1,Gliom,hayır,0.000421,0.916531,0.083048
988,989,brain_tumor_figshare/989.mat,111125,5,2,Hipofiz tümörü,2,Hipofiz tümörü,evet,0.005139,0.055625,0.939236
989,990,brain_tumor_figshare/990.mat,111785,5,2,Hipofiz tümörü,2,Hipofiz tümörü,evet,0.001091,7e-05,0.998839
990,991,brain_tumor_figshare/991.mat,111785,5,2,Hipofiz tümörü,2,Hipofiz tümörü,evet,0.002522,0.000443,0.997035
991,992,brain_tumor_figshare/992.mat,111785,5,2,Hipofiz tümörü,2,Hipofiz tümörü,evet,0.002671,1.5e-05,0.997314
992,993,brain_tumor_figshare/993.mat,111785,5,2,Hipofiz tümörü,2,Hipofiz tümörü,evet,0.03289,1.7e-05,0.967092
993,994,brain_tumor_figshare/994.mat,112074,1,2,Hipofiz tümörü,0,Meningiom,hayır,0.671146,0.000734,0.32812
994,995,brain_tumor_figshare/995.mat,112074,1,2,Hipofiz tümörü,2,Hipofiz tümörü,evet,0.390347,0.005111,0.604542
995,996,brain_tumor_figshare/996.mat,112074,1,2,Hipofiz tümörü,0,Meningiom,hayır,0.881872,5.5e-05,0.118073
996,997,brain_tumor_figshare/997.mat,112074,1,2,Hipofiz tümörü,0,Meningiom,hayır,0.910265,0.003354,0.086381
997,998,brain_tumor_figshare/998.mat,112649,5,2,Hipofiz tümörü,2,Hipofiz tümörü,evet,0.001417,2.2e-05,0.998562
998,999,brain_tumor_figshare/999.mat,112649,5,2,Hipofiz tümörü,2,Hipofiz tümörü,evet,5.1e-05,1e-06,0.999948
999,1000,brain_tumor_figshare/1000.mat,112649,5,2,Hipofiz tümörü,2,Hipofiz tümörü,evet,3e-06,0.0,0.999997
1000,1001,brain_tumor_figshare/1001.mat,112649,5,2,Hipofiz tümörü,2,Hipofiz tümörü,evet,0.000257,4e-06,0.999739
1001,1002,brain_tumor_figshare/1002.mat,112649,5,2,Hipofiz tümörü,2,Hipofiz tümörü,evet,0.004851,1.3e-05,0.995137
1002,1003,brain_tumor_figshare/1003.mat,112746,1,2,Hipofiz tümörü,2,Hipofiz tümörü,evet,0.00549,0.000498,0.994012
1003,1004,brain_tumor_figshare/1004.mat,112746,1,2,Hipofiz tümörü,0,Meningiom,hayır,0.586475,0.000195,0.41333
1004,1005,brain_tumor_figshare/1005.mat,112746,1,2,Hipofiz tümörü,2,Hipofiz tümörü,evet,0.326901,0.000514,0.672586
1005,1006,brain_tumor_figshare/1006.mat,112847,5,2,Hipofiz tümörü,2,Hipofiz tümörü,evet,0.000982,1.5e-05,0.999003
1006,1007,brain_tumor_figshare/1007.mat,112847,5,2,Hipofiz tümörü,2,Hipofiz tümörü,evet,0.000556,2e-06,0.999442
1007,1008,brain_tumor_figshare/1008.mat,112847,5,2,Hipofiz tümörü,2,Hipofiz tümörü,evet,0.005068,0.000104,0.994828
1008,1009,brain_tumor_figshare/1009.mat,112847,5,2,Hipofiz tümörü,2,Hipofiz tümörü,evet,0.009574,4.8e-05,0.990378
1009,1010,brain_tumor_figshare/1010.mat,113274,3,2,Hipofiz tümörü,2,Hipofiz tümörü,evet,1.9e-05,0.0,0.999981
1010,1011,brain_tumor_figshare/1011.mat,113274,3,2,Hipofiz tümörü,2,Hipofiz tümörü,evet,0.0,0.0,1.0
1011,1012,brain_tumor_figshare/1012.mat,113274,3,2,Hipofiz tümörü,2,Hipofiz tümörü,evet,4.4e-05,1e-06,0.999955
1012,1013,brain_tumor_figshare/1013.mat,113741,3,2,Hipofiz tümörü,2,Hipofiz tümörü,evet,4.6e-05,4e-06,0.99995
1013,1014,brain_tumor_figshare/1014.mat,113741,3,2,Hipofiz tümörü,2,Hipofiz tümörü,evet,0.002553,0.000188,0.997259
1014,1015,brain_tumor_figshare/1015.mat,114040,4,2,Hipofiz tümörü,2,Hipofiz tümörü,evet,2e-06,0.0,0.999998
1015,1016,brain_tumor_figshare/1016.mat,114040,4,2,Hipofiz tümörü,2,Hipofiz tümörü,evet,0.002556,0.001603,0.99584
1016,1017,brain_tumor_figshare/1017.mat,114040,4,2,Hipofiz tümörü,2,Hipofiz tümörü,evet,0.002357,0.000139,0.997504
1017,1018,brain_tumor_figshare/1018.mat,114361,4,2,Hipofiz tümörü,2,Hipofiz tümörü,evet,0.123338,0.014652,0.86201
1018,1019,brain_tumor_figshare/1019.mat,114361,4,2,Hipofiz tümörü,2,Hipofiz tümörü,evet,0.355088,0.006609,0.638303
1019,1020,brain_tumor_figshare/1020.mat,114361,4,2,Hipofiz tümörü,0,Meningiom,hayır,0.710252,0.008929,0.280819
1020,1021,brain_tumor_figshare/1021.mat,114094,1,2,Hipofiz tümörü,2,Hipofiz tümörü,evet,0.067937,0.000556,0.931507
1021,1022,brain_tumor_figshare/1022.mat,114094,1,2,Hipofiz tümörü,2,Hipofiz tümörü,evet,0.078725,0.000156,0.92112
1022,1023,brain_tumor_figshare/1023.mat,114094,1,2,Hipofiz tümörü,2,Hipofiz tümörü,evet,0.070888,0.000733,0.928379
1023,1024,brain_tumor_figshare/1024.mat,114094,1,2,Hipofiz tümörü,2,Hipofiz tümörü,evet,0.002285,5.8e-05,0.997657
1024,1025,brain_tumor_figshare/1025.mat,101017,2,2,Hipofiz tümörü,2,Hipofiz tümörü,evet,0.00014,1.5e-05,0.999844
1025,1026,brain_tumor_figshare/1026.mat,101017,2,2,Hipofiz tümörü,2,Hipofiz tümörü,evet,0.000858,0.00205,0.997092
1026,1027,brain_tumor_figshare/1027.mat,101017,2,2,Hipofiz tümörü,2,Hipofiz tümörü,evet,0.000154,0.002462,0.997384
1027,1028,brain_tumor_figshare/1028.mat,101017,2,2,Hipofiz tümörü,2,Hipofiz tümörü,evet,1.2e-05,3.4e-05,0.999954
1028,1029,brain_tumor_figshare/1029.mat,101017,2,2,Hipofiz tümörü,2,Hipofiz tümörü,evet,0.000488,0.000759,0.998753
1029,1030,brain_tumor_figshare/1030.mat,101029,1,2,Hipofiz tümörü,2,Hipofiz tümörü,evet,0.000168,1.6e-05,0.999815
1030,1031,brain_tumor_figshare/1031.mat,101029,1,2,Hipofiz tümörü,2,Hipofiz tümörü,evet,0.191569,0.000123,0.808308
1031,1032,brain_tumor_figshare/1032.mat,101029,1,2,Hipofiz tümörü,2,Hipofiz tümörü,evet,0.000177,0.000108,0.999714
1032,1033,brain_tumor_figshare/1033.mat,101029,1,2,Hipofiz tümörü,2,Hipofiz tümörü,evet,0.001725,0.000279,0.997996
1033,1034,brain_tumor_figshare/1034.mat,105936,5,2,Hipofiz tümörü,2,Hipofiz tümörü,evet,0.014385,0.036925,0.94869
1034,1035,brain_tumor_figshare/1035.mat,106062,3,2,Hipofiz tümörü,2,Hipofiz tümörü,evet,6.5e-05,0.00016,0.999775
1035,1036,brain_tumor_figshare/1036.mat,106062,3,2,Hipofiz tümörü,2,Hipofiz tümörü,evet,0.000283,0.000226,0.99949
1036,1037,brain_tumor_figshare/1037.mat,106062,3,2,Hipofiz tümörü,2,Hipofiz tümörü,evet,1e-06,4e-06,0.999995
1037,1038,brain_tumor_figshare/1038.mat,106062,3,2,Hipofiz tümörü,2,Hipofiz tümörü,evet,0.000278,2e-06,0.99972
1038,1039,brain_tumor_figshare/1039.mat,106062,3,2,Hipofiz tümörü,2,Hipofiz tümörü,evet,0.002033,1.4e-05,0.997953
1039,1040,brain_tumor_figshare/1040.mat,106062,3,2,Hipofiz tümörü,2,Hipofiz tümörü,evet,0.057078,0.001333,0.94159
1040,1041,brain_tumor_figshare/1041.mat,106062,3,2,Hipofiz tümörü,2,Hipofiz tümörü,evet,0.381291,0.004882,0.613828
1041,1042,brain_tumor_figshare/1042.mat,107495,3,2,Hipofiz tümörü,2,Hipofiz tümörü,evet,0.015027,0.000355,0.984618
1042,1043,brain_tumor_figshare/1043.mat,107495,3,2,Hipofiz tümörü,2,Hipofiz tümörü,evet,0.000608,7.6e-05,0.999316
1043,1044,brain_tumor_figshare/1044.mat,107495,3,2,Hipofiz tümörü,2,Hipofiz tümörü,evet,0.000427,4.8e-05,0.999526
1044,1045,brain_tumor_figshare/1045.mat,107495,3,2,Hipofiz tümörü,2,Hipofiz tümörü,evet,4.6e-05,8.2e-05,0.999872
1045,1046,brain_tumor_figshare/1046.mat,107495,3,2,Hipofiz tümörü,2,Hipofiz tümörü,evet,5.6e-05,0.000341,0.999603
1046,1047,brain_tumor_figshare/1047.mat,107429,1,2,Hipofiz tümörü,2,Hipofiz tümörü,evet,0.026856,0.000505,0.972639
1047,1048,brain_tumor_figshare/1048.mat,107429,1,2,Hipofiz tümörü,2,Hipofiz tümörü,evet,0.005336,5.6e-05,0.994609
1048,1049,brain_tumor_figshare/1049.mat,107429,1,2,Hipofiz tümörü,2,Hipofiz tümörü,evet,0.001099,1.1e-05,0.99889
1049,1050,brain_tumor_figshare/1050.mat,107429,1,2,Hipofiz tümörü,2,Hipofiz tümörü,evet,0.001614,0.001937,0.996449
1050,1051,brain_tumor_figshare/1051.mat,107429,1,2,Hipofiz tümörü,2,Hipofiz tümörü,evet,0.033416,0.000457,0.966127
1051,1052,brain_tumor_figshare/1052.mat,107429,1,2,Hipofiz tümörü,2,Hipofiz tümörü,evet,0.015365,0.010538,0.974097
1052,1053,brain_tumor_figshare/1053.mat,107429,1,2,Hipofiz tümörü,2,Hipofiz tümörü,evet,0.031937,0.000929,0.967133
1053,1054,brain_tumor_figshare/1054.mat,107505,5,2,Hipofiz tümörü,2,Hipofiz tümörü,evet,0.000311,0.002129,0.99756
1054,1055,brain_tumor_figshare/1055.mat,107505,5,2,Hipofiz tümörü,2,Hipofiz tümörü,evet,0.001347,0.00763,0.991023
1055,1056,brain_tumor_figshare/1056.mat,107505,5,2,Hipofiz tümörü,2,Hipofiz tümörü,evet,0.002574,0.005115,0.992312
1056,1057,brain_tumor_figshare/1057.mat,107505,5,2,Hipofiz tümörü,2,Hipofiz tümörü,evet,0.002057,0.001929,0.996014
1057,1058,brain_tumor_figshare/1058.mat,107505,5,2,Hipofiz tümörü,2,Hipofiz tümörü,evet,0.152613,0.001708,0.845679
1058,1059,brain_tumor_figshare/1059.mat,107743,5,2,Hipofiz tümörü,2,Hipofiz tümörü,evet,1.6e-05,0.003455,0.996529
1059,1060,brain_tumor_figshare/1060.mat,107743,5,2,Hipofiz tümörü,2,Hipofiz tümörü,evet,0.000575,0.000494,0.998931
1060,1061,brain_tumor_figshare/1061.mat,107743,5,2,Hipofiz tümörü,2,Hipofiz tümörü,evet,0.014523,1.5e-05,0.985462
1061,1062,brain_tumor_figshare/1062.mat,107743,5,2,Hipofiz tümörü,2,Hipofiz tümörü,evet,0.010722,0.000776,0.988502
1062,1063,brain_tumor_figshare/1063.mat,107743,5,2,Hipofiz tümörü,2,Hipofiz tümörü,evet,0.000101,0.007811,0.992088
1063,1064,brain_tumor_figshare/1064.mat,107743,5,2,Hipofiz tümörü,2,Hipofiz tümörü,evet,0.001519,0.00882,0.989661
1064,1065,brain_tumor_figshare/1065.mat,108858,1,2,Hipofiz tümörü,2,Hipofiz tümörü,evet,0.006846,1.2e-05,0.993142
1065,1066,brain_tumor_figshare/1066.mat,108858,1,2,Hipofiz tümörü,2,Hipofiz tümörü,evet,0.00048,0.000252,0.999268
1066,1067,brain_tumor_figshare/1067.mat,108858,1,2,Hipofiz tümörü,2,Hipofiz tümörü,evet,0.007278,0.236304,0.756419
1067,1068,brain_tumor_figshare/1068.mat,108858,1,2,Hipofiz tümörü,2,Hipofiz tümörü,evet,0.216145,0.048396,0.735459
1068,1069,brain_tumor_figshare/1069.mat,108858,1,2,Hipofiz tümörü,2,Hipofiz tümörü,evet,0.17237,0.059821,0.767809
1069,1070,brain_tumor_figshare/1070.mat,108931,4,2,Hipofiz tümörü,2,Hipofiz tümörü,evet,0.001458,0.000586,0.997956
1070,1071,brain_tumor_figshare/1071.mat,108931,4,2,Hipofiz tümörü,2,Hipofiz tümörü,evet,0.010605,0.0002,0.989195
1071,1072,brain_tumor_figshare/1072.mat,108931,4,2,Hipofiz tümörü,2,Hipofiz tümörü,evet,0.016118,0.085252,0.89863
1072,1073,brain_tumor_figshare/1073.mat,108931,4,2,Hipofiz tümörü,2,Hipofiz tümörü,evet,1.8e-05,0.266198,0.733784
1073,1074,brain_tumor_figshare/1074.mat,108931,4,2,Hipofiz tümörü,1,Gliom,hayır,0.000125,0.795634,0.204241
1074,1075,brain_tumor_figshare/1075.mat,108931,4,2,Hipofiz tümörü,1,Gliom,hayır,0.005241,0.936391,0.058369
1075,1076,brain_tumor_figshare/1076.mat,108931,4,2,Hipofiz tümörü,1,Gliom,hayır,0.0,0.998853,0.001147
1076,1077,brain_tumor_figshare/1077.mat,109471,3,2,Hipofiz tümörü,2,Hipofiz tümörü,evet,0.060858,0.010989,0.928153
1077,1078,brain_tumor_figshare/1078.mat,109471,3,2,Hipofiz tümörü,2,Hipofiz tümörü,evet,6e-06,3e-06,0.99999
1078,1079,brain_tumor_figshare/1079.mat,109471,3,2,Hipofiz tümörü,2,Hipofiz tümörü,evet,2e-06,3.5e-05,0.999963
1079,1080,brain_tumor_figshare/1080.mat,109471,3,2,Hipofiz tümörü,2,Hipofiz tümörü,evet,0.000162,1.1e-05,0.999827
1080,1081,brain_tumor_figshare/1081.mat,109471,3,2,Hipofiz tümörü,2,Hipofiz tümörü,evet,0.0,4e-06,0.999996
1081,1082,brain_tumor_figshare/1082.mat,109471,3,2,Hipofiz tümörü,2,Hipofiz tümörü,evet,0.053962,0.015048,0.93099
1082,1083,brain_tumor_figshare/1083.mat,109769,2,2,Hipofiz tümörü,2,Hipofiz tümörü,evet,2e-06,4e-06,0.999993
1083,1084,brain_tumor_figshare/1084.mat,109769,2,2,Hipofiz tümörü,2,Hipofiz tümörü,evet,6e-06,6e-06,0.999988
1084,1085,brain_tumor_figshare/1085.mat,109769,2,2,Hipofiz tümörü,2,Hipofiz tümörü,evet,0.00024,0.013895,0.985865
1085,1086,brain_tumor_figshare/1086.mat,109769,2,2,Hipofiz tümörü,2,Hipofiz tümörü,evet,7.8e-05,0.002138,0.997784
1086,1087,brain_tumor_figshare/1087.mat,109769,2,2,Hipofiz tümörü,2,Hipofiz tümörü,evet,0.060335,0.025708,0.913957
1087,1088,brain_tumor_figshare/1088.mat,109898,3,2,Hipofiz tümörü,1,Gliom,hayır,2e-06,0.999562,0.000436
1088,1089,brain_tumor_figshare/1089.mat,109898,3,2,Hipofiz tümörü,1,Gliom,hayır,0.003112,0.814205,0.182683
1089,1090,brain_tumor_figshare/1090.mat,109898,3,2,Hipofiz tümörü,2,Hipofiz tümörü,evet,0.011481,0.003867,0.984652
1090,1091,brain_tumor_figshare/1091.mat,109898,3,2,Hipofiz tümörü,2,Hipofiz tümörü,evet,0.002315,0.001827,0.995859
1091,1092,brain_tumor_figshare/1092.mat,109898,3,2,Hipofiz tümörü,2,Hipofiz tümörü,evet,0.035753,0.022415,0.941832
1092,1093,brain_tumor_figshare/1093.mat,109898,3,2,Hipofiz tümörü,2,Hipofiz tümörü,evet,0.286329,0.023038,0.690633
1093,1094,brain_tumor_figshare/1094.mat,110518,2,2,Hipofiz tümörü,1,Gliom,hayır,0.003485,0.688614,0.3079
1094,1095,brain_tumor_figshare/1095.mat,110518,2,2,Hipofiz tümörü,2,Hipofiz tümörü,evet,0.032217,0.08711,0.880673
1095,1096,brain_tumor_figshare/1096.mat,110518,2,2,Hipofiz tümörü,2,Hipofiz tümörü,evet,0.068833,0.018454,0.912713
1096,1097,brain_tumor_figshare/1097.mat,110518,2,2,Hipofiz tümörü,2,Hipofiz tümörü,evet,0.305756,0.010743,0.683501
1097,1098,brain_tumor_figshare/1098.mat,110518,2,2,Hipofiz tümörü,2,Hipofiz tümörü,evet,0.037778,0.002468,0.959753
1098,1099,brain_tumor_figshare/1099.mat,110518,2,2,Hipofiz tümörü,2,Hipofiz tümörü,evet,0.000609,0.093846,0.905546
1099,1100,brain_tumor_figshare/1100.mat,110537,5,2,Hipofiz tümörü,2,Hipofiz tümörü,evet,0.00012,0.003506,0.996374
1100,1101,brain_tumor_figshare/1101.mat,110537,5,2,Hipofiz tümörü,2,Hipofiz tümörü,evet,0.000219,0.025779,0.974002
1101,1102,brain_tumor_figshare/1102.mat,110537,5,2,Hipofiz tümörü,2,Hipofiz tümörü,evet,4.3e-05,0.07302,0.926937
1102,1103,brain_tumor_figshare/1103.mat,110537,5,2,Hipofiz tümörü,2,Hipofiz tümörü,evet,0.001131,0.115278,0.88359
1103,1104,brain_tumor_figshare/1104.mat,110537,5,2,Hipofiz tümörü,2,Hipofiz tümörü,evet,0.000468,0.174069,0.825463
1104,1105,brain_tumor_figshare/1105.mat,110537,5,2,Hipofiz tümörü,2,Hipofiz tümörü,evet,0.000839,0.294308,0.704853
1105,1106,brain_tumor_figshare/1106.mat,110537,5,2,Hipofiz tümörü,2,Hipofiz tümörü,evet,0.000129,0.061971,0.937899
1106,1107,brain_tumor_figshare/1107.mat,110993,4,2,Hipofiz tümörü,2,Hipofiz tümörü,evet,0.000355,0.005542,0.994103
1107,1108,brain_tumor_figshare/1108.mat,110993,4,2,Hipofiz tümörü,2,Hipofiz tümörü,evet,0.001758,0.001014,0.997228
1108,1109,brain_tumor_figshare/1109.mat,110993,4,2,Hipofiz tümörü,2,Hipofiz tümörü,evet,0.040749,0.013573,0.945678
1109,1110,brain_tumor_figshare/1110.mat,110993,4,2,Hipofiz tümörü,2,Hipofiz tümörü,evet,0.401384,0.004891,0.593725
1110,1111,brain_tumor_figshare/1111.mat,110993,4,2,Hipofiz tümörü,2,Hipofiz tümörü,evet,0.177412,0.023267,0.799322
1111,1112,brain_tumor_figshare/1112.mat,111075,2,2,Hipofiz tümörü,2,Hipofiz tümörü,evet,0.003814,0.009612,0.986575
1112,1113,brain_tumor_figshare/1113.mat,111075,2,2,Hipofiz tümörü,2,Hipofiz tümörü,evet,0.119021,0.010149,0.870829
1113,1114,brain_tumor_figshare/1114.mat,111075,2,2,Hipofiz tümörü,2,Hipofiz tümörü,evet,0.11553,0.004393,0.880077
1114,1115,brain_tumor_figshare/1115.mat,111075,2,2,Hipofiz tümörü,2,Hipofiz tümörü,evet,0.058916,0.027093,0.913992
1115,1116,brain_tumor_figshare/1116.mat,111075,2,2,Hipofiz tümörü,2,Hipofiz tümörü,evet,0.002313,0.018792,0.978895
1116,1117,brain_tumor_figshare/1117.mat,111075,2,2,Hipofiz tümörü,2,Hipofiz tümörü,evet,0.020972,0.028096,0.950933
1117,1118,brain_tumor_figshare/1118.mat,111125,5,2,Hipofiz tümörü,2,Hipofiz tümörü,evet,5e-06,0.000113,0.999882
1118,1119,brain_tumor_figshare/1119.mat,111125,5,2,Hipofiz tümörü,2,Hipofiz tümörü,evet,0.000106,2.4e-05,0.999871
1119,1120,brain_tumor_figshare/1120.mat,111125,5,2,Hipofiz tümörü,2,Hipofiz tümörü,evet,6e-06,0.000579,0.999415
1120,1121,brain_tumor_figshare/1121.mat,111125,5,2,Hipofiz tümörü,2,Hipofiz tümörü,evet,0.000172,4e-05,0.999788
1121,1122,brain_tumor_figshare/1122.mat,111125,5,2,Hipofiz tümörü,2,Hipofiz tümörü,evet,0.003383,2e-06,0.996615
1122,1123,brain_tumor_figshare/1123.mat,111125,5,2,Hipofiz tümörü,2,Hipofiz tümörü,evet,0.001541,1.4e-05,0.998445
1123,1124,brain_tumor_figshare/1124.mat,111785,5,2,Hipofiz tümörü,2,Hipofiz tümörü,evet,0.0051,0.000536,0.994364
1124,1125,brain_tumor_figshare/1125.mat,111785,5,2,Hipofiz tümörü,2,Hipofiz tümörü,evet,0.000974,0.00014,0.998885
1125,1126,brain_tumor_figshare/1126.mat,111785,5,2,Hipofiz tümörü,2,Hipofiz tümörü,evet,0.000143,1.7e-05,0.99984
1126,1127,brain_tumor_figshare/1127.mat,111785,5,2,Hipofiz tümörü,2,Hipofiz tümörü,evet,0.00214,0.001173,0.996687
1127,1128,brain_tumor_figshare/1128.mat,111785,5,2,Hipofiz tümörü,2,Hipofiz tümörü,evet,0.014149,0.030308,0.955543
1128,1129,brain_tumor_figshare/1129.mat,112074,1,2,Hipofiz tümörü,0,Meningiom,hayır,0.930678,0.036889,0.032432
1129,1130,brain_tumor_figshare/1130.mat,112074,1,2,Hipofiz tümörü,0,Meningiom,hayır,0.64371,0.248398,0.107893
1130,1131,brain_tumor_figshare/1131.mat,112074,1,2,Hipofiz tümörü,0,Meningiom,hayır,0.97571,0.023665,0.000624
1131,1132,brain_tumor_figshare/1132.mat,112074,1,2,Hipofiz tümörü,0,Meningiom,hayır,0.960186,0.032957,0.006857
1132,1133,brain_tumor_figshare/1133.mat,112074,1,2,Hipofiz tümörü,1,Gliom,hayır,0.188097,0.527511,0.284391
1133,1134,brain_tumor_figshare/1134.mat,112649,5,2,Hipofiz tümörü,2,Hipofiz tümörü,evet,0.004419,7e-06,0.995574
1134,1135,brain_tumor_figshare/1135.mat,112649,5,2,Hipofiz tümörü,2,Hipofiz tümörü,evet,0.000196,0.0,0.999804
1135,1136,brain_tumor_figshare/1136.mat,112649,5,2,Hipofiz tümörü,2,Hipofiz tümörü,evet,0.001514,1e-06,0.998485
1136,1137,brain_tumor_figshare/1137.mat,112649,5,2,Hipofiz tümörü,2,Hipofiz tümörü,evet,0.010062,1.2e-05,0.989926
1137,1138,brain_tumor_figshare/1138.mat,112649,5,2,Hipofiz tümörü,2,Hipofiz tümörü,evet,0.000112,4e-06,0.999884
1138,1139,brain_tumor_figshare/1139.mat,112649,5,2,Hipofiz tümörü,2,Hipofiz tümörü,evet,0.000345,0.001523,0.998131
1139,1140,brain_tumor_figshare/1140.mat,112746,1,2,Hipofiz tümörü,2,Hipofiz tümörü,evet,2.9e-05,9.9e-05,0.999872
1140,1141,brain_tumor_figshare/1141.mat,112746,1,2,Hipofiz tümörü,2,Hipofiz tümörü,evet,0.00053,3.2e-05,0.999438
1141,1142,brain_tumor_figshare/1142.mat,112746,1,2,Hipofiz tümörü,2,Hipofiz tümörü,evet,0.003273,0.000148,0.996579
1142,1143,brain_tumor_figshare/1143.mat,112746,1,2,Hipofiz tümörü,2,Hipofiz tümörü,evet,0.030069,0.000419,0.969512
1143,1144,brain_tumor_figshare/1144.mat,112847,5,2,Hipofiz tümörü,2,Hipofiz tümörü,evet,0.001555,2e-06,0.998443
1144,1145,brain_tumor_figshare/1145.mat,112847,5,2,Hipofiz tümörü,2,Hipofiz tümörü,evet,0.000434,0.0,0.999566
1145,1146,brain_tumor_figshare/1146.mat,112847,5,2,Hipofiz tümörü,2,Hipofiz tümörü,evet,0.005003,0.00015,0.994847
1146,1147,brain_tumor_figshare/1147.mat,112847,5,2,Hipofiz tümörü,2,Hipofiz tümörü,evet,0.346123,0.000229,0.653649
1147,1148,brain_tumor_figshare/1148.mat,113274,3,2,Hipofiz tümörü,2,Hipofiz tümörü,evet,0.00019,0.011843,0.987967
1148,1149,brain_tumor_figshare/1149.mat,113274,3,2,Hipofiz tümörü,2,Hipofiz tümörü,evet,0.000328,7e-06,0.999665
1149,1150,brain_tumor_figshare/1150.mat,113274,3,2,Hipofiz tümörü,2,Hipofiz tümörü,evet,0.001726,8e-06,0.998267
1150,1151,brain_tumor_figshare/1151.mat,113741,3,2,Hipofiz tümörü,2,Hipofiz tümörü,evet,7.4e-05,0.001738,0.998188
1151,1152,brain_tumor_figshare/1152.mat,113741,3,2,Hipofiz tümörü,2,Hipofiz tümörü,evet,0.007547,6.9e-05,0.992384
1152,1153,brain_tumor_figshare/1153.mat,113741,3,2,Hipofiz tümörü,2,Hipofiz tümörü,evet,0.001249,0.142889,0.855862
1153,1154,brain_tumor_figshare/1154.mat,114040,4,2,Hipofiz tümörü,2,Hipofiz tümörü,evet,0.102953,0.001741,0.895306
1154,1155,brain_tumor_figshare/1155.mat,114040,4,2,Hipofiz tümörü,2,Hipofiz tümörü,evet,0.051714,0.000819,0.947467
1155,1156,brain_tumor_figshare/1156.mat,114040,4,2,Hipofiz tümörü,2,Hipofiz tümörü,evet,0.011328,0.073049,0.915623
1156,1157,brain_tumor_figshare/1157.mat,114361,4,2,Hipofiz tümörü,2,Hipofiz tümörü,evet,0.00086,0.000101,0.999039
1157,1158,brain_tumor_figshare/1158.mat,114361,4,2,Hipofiz tümörü,2,Hipofiz tümörü,evet,4.5e-05,2.4e-05,0.99993
1158,1159,brain_tumor_figshare/1159.mat,114361,4,2,Hipofiz tümörü,2,Hipofiz tümörü,evet,0.032962,0.003766,0.963272
1159,1160,brain_tumor_figshare/1160.mat,114361,4,2,Hipofiz tümörü,2,Hipofiz tümörü,evet,0.01782,0.071856,0.910324
1160,1161,brain_tumor_figshare/1161.mat,114094,1,2,Hipofiz tümörü,2,Hipofiz tümörü,evet,1e-06,0.0,0.999999
1161,1162,brain_tumor_figshare/1162.mat,114094,1,2,Hipofiz tümörü,2,Hipofiz tümörü,evet,0.038429,2e-06,0.961569
1162,1163,brain_tumor_figshare/1163.mat,114094,1,2,Hipofiz tümörü,2,Hipofiz tümörü,evet,0.000826,1e-06,0.999174
1163,1164,brain_tumor_figshare/1164.mat,114094,1,2,Hipofiz tümörü,2,Hipofiz tümörü,evet,0.000719,0.000439,0.998842
1164,1165,brain_tumor_figshare/1165.mat,114094,1,2,Hipofiz tümörü,2,Hipofiz tümörü,evet,0.00251,0.000417,0.997073
1165,1166,brain_tumor_figshare/1166.mat,105936,5,2,Hipofiz tümörü,2,Hipofiz tümörü,evet,0.003146,0.003073,0.993782
1166,1167,brain_tumor_figshare/1167.mat,105936,5,2,Hipofiz tümörü,2,Hipofiz tümörü,evet,0.001868,0.000165,0.997968
1167,1168,brain_tumor_figshare/1168.mat,105936,5,2,Hipofiz tümörü,2,Hipofiz tümörü,evet,0.009931,0.00049,0.989579
1168,1169,brain_tumor_figshare/1169.mat,106062,3,2,Hipofiz tümörü,2,Hipofiz tümörü,evet,0.000543,9.5e-05,0.999362
1169,1170,brain_tumor_figshare/1170.mat,106062,3,2,Hipofiz tümörü,2,Hipofiz tümörü,evet,0.014723,0.000306,0.984971
1170,1171,brain_tumor_figshare/1171.mat,106062,3,2,Hipofiz tümörü,2,Hipofiz tümörü,evet,0.008212,7.4e-05,0.991714
1171,1172,brain_tumor_figshare/1172.mat,106062,3,2,Hipofiz tümörü,2,Hipofiz tümörü,evet,0.007027,6.2e-05,0.992911
1172,1173,brain_tumor_figshare/1173.mat,106062,3,2,Hipofiz tümörü,2,Hipofiz tümörü,evet,0.007318,6.4e-05,0.992617
1173,1174,brain_tumor_figshare/1174.mat,106062,3,2,Hipofiz tümörü,2,Hipofiz tümörü,evet,0.004673,0.000105,0.995221
1174,1175,brain_tumor_figshare/1175.mat,106062,3,2,Hipofiz tümörü,2,Hipofiz tümörü,evet,0.126809,0.010433,0.862759
1175,1176,brain_tumor_figshare/1176.mat,107495,3,2,Hipofiz tümörü,2,Hipofiz tümörü,evet,0.001371,0.00753,0.991099
1176,1177,brain_tumor_figshare/1177.mat,107495,3,2,Hipofiz tümörü,2,Hipofiz tümörü,evet,0.033279,0.001801,0.96492
1177,1178,brain_tumor_figshare/1178.mat,107495,3,2,Hipofiz tümörü,2,Hipofiz tümörü,evet,0.010635,0.002726,0.986639
1178,1179,brain_tumor_figshare/1179.mat,107495,3,2,Hipofiz tümörü,2,Hipofiz tümörü,evet,0.000823,0.001141,0.998036
1179,1180,brain_tumor_figshare/1180.mat,107495,3,2,Hipofiz tümörü,2,Hipofiz tümörü,evet,0.002724,0.000535,0.996741
1180,1181,brain_tumor_figshare/1181.mat,107495,3,2,Hipofiz tümörü,2,Hipofiz tümörü,evet,0.023643,0.000315,0.976043
1181,1182,brain_tumor_figshare/1182.mat,107429,1,2,Hipofiz tümörü,0,Meningiom,hayır,0.521367,0.049843,0.428789
1182,1183,brain_tumor_figshare/1183.mat,107429,1,2,Hipofiz tümörü,2,Hipofiz tümörü,evet,0.008365,0.000241,0.991394
1183,1184,brain_tumor_figshare/1184.mat,107429,1,2,Hipofiz tümörü,2,Hipofiz tümörü,evet,0.005694,0.000286,0.994021
1184,1185,brain_tumor_figshare/1185.mat,107429,1,2,Hipofiz tümörü,2,Hipofiz tümörü,evet,0.009873,3.2e-05,0.990095
1185,1186,brain_tumor_figshare/1186.mat,107429,1,2,Hipofiz tümörü,2,Hipofiz tümörü,evet,0.038631,0.000141,0.961228
1186,1187,brain_tumor_figshare/1187.mat,107429,1,2,Hipofiz tümörü,2,Hipofiz tümörü,evet,0.033082,0.00194,0.964978
1187,1188,brain_tumor_figshare/1188.mat,107429,1,2,Hipofiz tümörü,2,Hipofiz tümörü,evet,0.000317,0.002486,0.997197
1188,1189,brain_tumor_figshare/1189.mat,107505,5,2,Hipofiz tümörü,2,Hipofiz tümörü,evet,0.028341,0.002048,0.969611
1189,1190,brain_tumor_figshare/1190.mat,107505,5,2,Hipofiz tümörü,2,Hipofiz tümörü,evet,0.0006,0.015715,0.983685
1190,1191,brain_tumor_figshare/1191.mat,107505,5,2,Hipofiz tümörü,2,Hipofiz tümörü,evet,9.2e-05,0.004339,0.995568
1191,1192,brain_tumor_figshare/1192.mat,107505,5,2,Hipofiz tümörü,2,Hipofiz tümörü,evet,0.001767,0.007682,0.99055
1192,1193,brain_tumor_figshare/1193.mat,107505,5,2,Hipofiz tümörü,2,Hipofiz tümörü,evet,0.013602,0.113045,0.873353
1193,1194,brain_tumor_figshare/1194.mat,107743,5,2,Hipofiz tümörü,2,Hipofiz tümörü,evet,0.002047,0.000374,0.997578
1194,1195,brain_tumor_figshare/1195.mat,107743,5,2,Hipofiz tümörü,2,Hipofiz tümörü,evet,0.013276,0.015376,0.971348
1195,1196,brain_tumor_figshare/1196.mat,107743,5,2,Hipofiz tümörü,2,Hipofiz tümörü,evet,0.020769,0.018679,0.960552
1196,1197,brain_tumor_figshare/1197.mat,107743,5,2,Hipofiz tümörü,2,Hipofiz tümörü,evet,0.007599,0.004095,0.988306
1197,1198,brain_tumor_figshare/1198.mat,108858,1,2,Hipofiz tümörü,2,Hipofiz tümörü,evet,0.070797,0.000252,0.928952
1198,1199,brain_tumor_figshare/1199.mat,108858,1,2,Hipofiz tümörü,2,Hipofiz tümörü,evet,0.000487,0.000289,0.999224
1199,1200,brain_tumor_figshare/1200.mat,108858,1,2,Hipofiz tümörü,2,Hipofiz tümörü,evet,7.5e-05,2.4e-05,0.999902
1200,1201,brain_tumor_figshare/1201.mat,108858,1,2,Hipofiz tümörü,2,Hipofiz tümörü,evet,0.002072,6.1e-05,0.997866
1201,1202,brain_tumor_figshare/1202.mat,108858,1,2,Hipofiz tümörü,2,Hipofiz tümörü,evet,0.00626,0.000421,0.993319
1202,1203,brain_tumor_figshare/1203.mat,108931,4,2,Hipofiz tümörü,2,Hipofiz tümörü,evet,5e-06,0.0,0.999995
1203,1204,brain_tumor_figshare/1204.mat,108931,4,2,Hipofiz tümörü,2,Hipofiz tümörü,evet,0.001313,3.4e-05,0.998654
1204,1205,brain_tumor_figshare/1205.mat,108931,4,2,Hipofiz tümörü,2,Hipofiz tümörü,evet,0.003711,3.2e-05,0.996257
1205,1206,brain_tumor_figshare/1206.mat,108931,4,2,Hipofiz tümörü,2,Hipofiz tümörü,evet,0.000808,1.3e-05,0.999179
1206,1207,brain_tumor_figshare/1207.mat,108931,4,2,Hipofiz tümörü,2,Hipofiz tümörü,evet,2.3e-05,0.0,0.999977
1207,1208,brain_tumor_figshare/1208.mat,109471,3,2,Hipofiz tümörü,2,Hipofiz tümörü,evet,0.037055,0.171569,0.791377
1208,1209,brain_tumor_figshare/1209.mat,109471,3,2,Hipofiz tümörü,2,Hipofiz tümörü,evet,0.001719,0.002936,0.995345
1209,1210,brain_tumor_figshare/1210.mat,109471,3,2,Hipofiz tümörü,2,Hipofiz tümörü,evet,0.000673,0.019662,0.979665
1210,1211,brain_tumor_figshare/1211.mat,109471,3,2,Hipofiz tümörü,2,Hipofiz tümörü,evet,0.000425,0.003378,0.996197
1211,1212,brain_tumor_figshare/1212.mat,109471,3,2,Hipofiz tümörü,2,Hipofiz tümörü,evet,0.004799,0.002058,0.993143
1212,1213,brain_tumor_figshare/1213.mat,109471,3,2,Hipofiz tümörü,2,Hipofiz tümörü,evet,0.001357,0.002884,0.995759
1213,1214,brain_tumor_figshare/1214.mat,109769,2,2,Hipofiz tümörü,2,Hipofiz tümörü,evet,7e-05,0.000315,0.999615
1214,1215,brain_tumor_figshare/1215.mat,109769,2,2,Hipofiz tümörü,2,Hipofiz tümörü,evet,0.000224,0.000616,0.99916
1215,1216,brain_tumor_figshare/1216.mat,109769,2,2,Hipofiz tümörü,2,Hipofiz tümörü,evet,0.000704,6.4e-05,0.999232
1216,1217,brain_tumor_figshare/1217.mat,109769,2,2,Hipofiz tümörü,2,Hipofiz tümörü,evet,0.000126,0.001584,0.99829
1217,1218,brain_tumor_figshare/1218.mat,109769,2,2,Hipofiz tümörü,2,Hipofiz tümörü,evet,0.000837,0.000888,0.998275
1218,1219,brain_tumor_figshare/1219.mat,109898,3,2,Hipofiz tümörü,2,Hipofiz tümörü,evet,0.026104,4.8e-05,0.973848
1219,1220,brain_tumor_figshare/1220.mat,109898,3,2,Hipofiz tümörü,2,Hipofiz tümörü,evet,0.004385,7e-05,0.995545
1220,1221,brain_tumor_figshare/1221.mat,109898,3,2,Hipofiz tümörü,2,Hipofiz tümörü,evet,0.002338,0.000496,0.997165
1221,1222,brain_tumor_figshare/1222.mat,110518,2,2,Hipofiz tümörü,2,Hipofiz tümörü,evet,0.026537,0.108901,0.864562
1222,1223,brain_tumor_figshare/1223.mat,110518,2,2,Hipofiz tümörü,2,Hipofiz tümörü,evet,0.018289,0.144004,0.837708
1223,1224,brain_tumor_figshare/1224.mat,110518,2,2,Hipofiz tümörü,2,Hipofiz tümörü,evet,0.026782,0.007484,0.965734
1224,1225,brain_tumor_figshare/1225.mat,110518,2,2,Hipofiz tümörü,2,Hipofiz tümörü,evet,0.001305,0.03259,0.966105
1225,1226,brain_tumor_figshare/1226.mat,110537,5,2,Hipofiz tümörü,2,Hipofiz tümörü,evet,0.001563,0.004279,0.994157
1226,1227,brain_tumor_figshare/1227.mat,110537,5,2,Hipofiz tümörü,2,Hipofiz tümörü,evet,0.000239,0.00019,0.999571
1227,1228,brain_tumor_figshare/1228.mat,110537,5,2,Hipofiz tümörü,2,Hipofiz tümörü,evet,0.000543,0.00551,0.993948
1228,1229,brain_tumor_figshare/1229.mat,110537,5,2,Hipofiz tümörü,2,Hipofiz tümörü,evet,0.000335,0.004987,0.994678
1229,1230,brain_tumor_figshare/1230.mat,110993,4,2,Hipofiz tümörü,2,Hipofiz tümörü,evet,0.004106,0.417866,0.578028
1230,1231,brain_tumor_figshare/1231.mat,110993,4,2,Hipofiz tümörü,2,Hipofiz tümörü,evet,0.009503,0.004932,0.985564
1231,1232,brain_tumor_figshare/1232.mat,110993,4,2,Hipofiz tümörü,2,Hipofiz tümörü,evet,0.079046,0.037329,0.883625
1232,1233,brain_tumor_figshare/1233.mat,111075,2,2,Hipofiz tümörü,2,Hipofiz tümörü,evet,0.012487,0.001751,0.985762
1233,1234,brain_tumor_figshare/1234.mat,111075,2,2,Hipofiz tümörü,2,Hipofiz tümörü,evet,0.008946,0.001124,0.98993
1234,1235,brain_tumor_figshare/1235.mat,111075,2,2,Hipofiz tümörü,2,Hipofiz tümörü,evet,0.050173,0.009016,0.940811
1235,1236,brain_tumor_figshare/1236.mat,111075,2,2,Hipofiz tümörü,2,Hipofiz tümörü,evet,0.007792,0.014292,0.977916
1236,1237,brain_tumor_figshare/1237.mat,111075,2,2,Hipofiz tümörü,2,Hipofiz tümörü,evet,0.005197,0.004442,0.990361
1237,1238,brain_tumor_figshare/1238.mat,111125,5,2,Hipofiz tümörü,2,Hipofiz tümörü,evet,0.000701,0.002326,0.996973
1238,1239,brain_tumor_figshare/1239.mat,111125,5,2,Hipofiz tümörü,2,Hipofiz tümörü,evet,0.001852,0.001745,0.996403
1239,1240,brain_tumor_figshare/1240.mat,111125,5,2,Hipofiz tümörü,2,Hipofiz tümörü,evet,9.4e-05,0.000486,0.99942
1240,1241,brain_tumor_figshare/1241.mat,111125,5,2,Hipofiz tümörü,2,Hipofiz tümörü,evet,0.000173,0.00243,0.997397
1241,1242,brain_tumor_figshare/1242.mat,111785,5,2,Hipofiz tümörü,2,Hipofiz tümörü,evet,0.000518,5e-06,0.999477
1242,1243,brain_tumor_figshare/1243.mat,111785,5,2,Hipofiz tümörü,2,Hipofiz tümörü,evet,0.00773,0.000335,0.991935
1243,1244,brain_tumor_figshare/1244.mat,111785,5,2,Hipofiz tümörü,2,Hipofiz tümörü,evet,0.001921,4.4e-05,0.998034
1244,1245,brain_tumor_figshare/1245.mat,111785,5,2,Hipofiz tümörü,2,Hipofiz tümörü,evet,0.001159,0.000101,0.998739
1245,1246,brain_tumor_figshare/1246.mat,112074,1,2,Hipofiz tümörü,2,Hipofiz tümörü,evet,0.081206,0.002729,0.916066
1246,1247,brain_tumor_figshare/1247.mat,112074,1,2,Hipofiz tümörü,2,Hipofiz tümörü,evet,0.415415,0.000648,0.583937
1247,1248,brain_tumor_figshare/1248.mat,112074,1,2,Hipofiz tümörü,2,Hipofiz tümörü,evet,0.052006,0.004703,0.943291
1248,1249,brain_tumor_figshare/1249.mat,112074,1,2,Hipofiz tümörü,2,Hipofiz tümörü,evet,0.054015,0.000486,0.945499
1249,1250,brain_tumor_figshare/1250.mat,112074,1,2,Hipofiz tümörü,2,Hipofiz tümörü,evet,0.118306,0.00015,0.881544
1250,1251,brain_tumor_figshare/1251.mat,112649,5,2,Hipofiz tümörü,2,Hipofiz tümörü,evet,0.007092,0.000157,0.99275
1251,1252,brain_tumor_figshare/1252.mat,112649,5,2,Hipofiz tümörü,2,Hipofiz tümörü,evet,0.003967,2.6e-05,0.996007
1252,1253,brain_tumor_figshare/1253.mat,112649,5,2,Hipofiz tümörü,2,Hipofiz tümörü,evet,0.002022,7e-05,0.997908
1253,1254,brain_tumor_figshare/1254.mat,112649,5,2,Hipofiz tümörü,2,Hipofiz tümörü,evet,0.009338,0.000607,0.990055
1254,1255,brain_tumor_figshare/1255.mat,112649,5,2,Hipofiz tümörü,2,Hipofiz tümörü,evet,0.005685,0.0005,0.993815
1255,1256,brain_tumor_figshare/1256.mat,112746,1,2,Hipofiz tümörü,2,Hipofiz tümörü,evet,0.065654,0.01879,0.915556
1256,1257,brain_tumor_figshare/1257.mat,112746,1,2,Hipofiz tümörü,2,Hipofiz tümörü,evet,0.025859,0.000691,0.97345
1257,1258,brain_tumor_figshare/1258.mat,112746,1,2,Hipofiz tümörü,2,Hipofiz tümörü,evet,0.279185,0.000395,0.72042
1258,1259,brain_tumor_figshare/1259.mat,112746,1,2,Hipofiz tümörü,2,Hipofiz tümörü,evet,0.076231,0.000964,0.922804
1259,1260,brain_tumor_figshare/1260.mat,112746,1,2,Hipofiz tümörü,2,Hipofiz tümörü,evet,0.060204,0.001439,0.938357
1260,1261,brain_tumor_figshare/1261.mat,112847,5,2,Hipofiz tümörü,2,Hipofiz tümörü,evet,0.090255,0.000489,0.909256
1261,1262,brain_tumor_figshare/1262.mat,112847,5,2,Hipofiz tümörü,2,Hipofiz tümörü,evet,0.057186,0.001475,0.941339
1262,1263,brain_tumor_figshare/1263.mat,112847,5,2,Hipofiz tümörü,2,Hipofiz tümörü,evet,0.01485,9.1e-05,0.985059
1263,1264,brain_tumor_figshare/1264.mat,112847,5,2,Hipofiz tümörü,2,Hipofiz tümörü,evet,0.007072,8.6e-05,0.992841
1264,1265,brain_tumor_figshare/1265.mat,112847,5,2,Hipofiz tümörü,2,Hipofiz tümörü,evet,0.014306,0.000151,0.985543
1265,1266,brain_tumor_figshare/1266.mat,113274,3,2,Hipofiz tümörü,2,Hipofiz tümörü,evet,0.000635,0.004515,0.99485
1266,1267,brain_tumor_figshare/1267.mat,113274,3,2,Hipofiz tümörü,2,Hipofiz tümörü,evet,0.001117,0.00017,0.998713
1267,1268,brain_tumor_figshare/1268.mat,113274,3,2,Hipofiz tümörü,2,Hipofiz tümörü,evet,0.003354,0.000866,0.995781
1268,1269,brain_tumor_figshare/1269.mat,113274,3,2,Hipofiz tümörü,2,Hipofiz tümörü,evet,0.005782,0.000944,0.993275
1269,1270,brain_tumor_figshare/1270.mat,113741,3,2,Hipofiz tümörü,2,Hipofiz tümörü,evet,0.000186,0.001548,0.998266
1270,1271,brain_tumor_figshare/1271.mat,113741,3,2,Hipofiz tümörü,2,Hipofiz tümörü,evet,0.000118,0.001062,0.99882
1271,1272,brain_tumor_figshare/1272.mat,113741,3,2,Hipofiz tümörü,2,Hipofiz tümörü,evet,0.000134,0.028587,0.971279
1272,1273,brain_tumor_figshare/1273.mat,114040,4,2,Hipofiz tümörü,2,Hipofiz tümörü,evet,0.151164,0.081686,0.76715
1273,1274,brain_tumor_figshare/1274.mat,114040,4,2,Hipofiz tümörü,2,Hipofiz tümörü,evet,0.350067,0.013185,0.636748
1274,1275,brain_tumor_figshare/1275.mat,114040,4,2,Hipofiz tümörü,2,Hipofiz tümörü,evet,0.0033,9e-06,0.996691
1275,1276,brain_tumor_figshare/1276.mat,114361,4,2,Hipofiz tümörü,2,Hipofiz tümörü,evet,0.052262,0.001567,0.946172
1276,1277,brain_tumor_figshare/1277.mat,114361,4,2,Hipofiz tümörü,2,Hipofiz tümörü,evet,0.06911,0.000191,0.930699
1277,1278,brain_tumor_figshare/1278.mat,114361,4,2,Hipofiz tümörü,2,Hipofiz tümörü,evet,0.01209,3e-05,0.98788
1278,1279,brain_tumor_figshare/1279.mat,114094,1,2,Hipofiz tümörü,2,Hipofiz tümörü,evet,0.023508,0.043933,0.93256
1279,1280,brain_tumor_figshare/1280.mat,114094,1,2,Hipofiz tümörü,2,Hipofiz tümörü,evet,0.038991,0.070856,0.890153
1280,1281,brain_tumor_figshare/1281.mat,114094,1,2,Hipofiz tümörü,2,Hipofiz tümörü,evet,0.030652,0.008525,0.960822
1281,1282,brain_tumor_figshare/1282.mat,114094,1,2,Hipofiz tümörü,2,Hipofiz tümörü,evet,0.137103,0.147002,0.715895
1282,1283,brain_tumor_figshare/1283.mat,101029,1,2,Hipofiz tümörü,2,Hipofiz tümörü,evet,0.001026,1.2e-05,0.998963
1283,1284,brain_tumor_figshare/1284.mat,101029,1,2,Hipofiz tümörü,2,Hipofiz tümörü,evet,0.010077,0.000964,0.98896
1284,1285,brain_tumor_figshare/1285.mat,101145,2,2,Hipofiz tümörü,2,Hipofiz tümörü,evet,0.000299,3e-06,0.999698
1285,1286,brain_tumor_figshare/1286.mat,101145,2,2,Hipofiz tümörü,2,Hipofiz tümörü,evet,0.057421,0.000461,0.942119
1286,1287,brain_tumor_figshare/1287.mat,101145,2,2,Hipofiz tümörü,2,Hipofiz tümörü,evet,0.000362,0.000803,0.998835
1287,1288,brain_tumor_figshare/1288.mat,101145,2,2,Hipofiz tümörü,2,Hipofiz tümörü,evet,0.001087,0.026491,0.972421
1288,1289,brain_tumor_figshare/1289.mat,101305,3,2,Hipofiz tümörü,2,Hipofiz tümörü,evet,0.02593,5e-06,0.974065
1289,1290,brain_tumor_figshare/1290.mat,101305,3,2,Hipofiz tümörü,2,Hipofiz tümörü,evet,0.003671,1e-06,0.996327
1290,1291,brain_tumor_figshare/1291.mat,101305,3,2,Hipofiz tümörü,2,Hipofiz tümörü,evet,3.4e-05,0.0,0.999966
1291,1292,brain_tumor_figshare/1292.mat,101305,3,2,Hipofiz tümörü,2,Hipofiz tümörü,evet,0.00034,0.000191,0.999469
1292,1293,brain_tumor_figshare/1293.mat,101724,2,2,Hipofiz tümörü,2,Hipofiz tümörü,evet,0.017979,0.003732,0.978288
1293,1294,brain_tumor_figshare/1294.mat,101724,2,2,Hipofiz tümörü,2,Hipofiz tümörü,evet,0.024671,0.006444,0.968885
1294,1295,brain_tumor_figshare/1295.mat,102648,2,2,Hipofiz tümörü,2,Hipofiz tümörü,evet,0.000686,0.011693,0.987622
1295,1296,brain_tumor_figshare/1296.mat,102648,2,2,Hipofiz tümörü,2,Hipofiz tümörü,evet,0.002032,0.018295,0.979674
1296,1297,brain_tumor_figshare/1297.mat,102648,2,2,Hipofiz tümörü,2,Hipofiz tümörü,evet,3e-06,0.000889,0.999107
1297,1298,brain_tumor_figshare/1298.mat,102648,2,2,Hipofiz tümörü,2,Hipofiz tümörü,evet,7.1e-05,0.044623,0.955306
1298,1299,brain_tumor_figshare/1299.mat,102648,2,2,Hipofiz tümörü,2,Hipofiz tümörü,evet,0.010898,0.010993,0.978109
1299,1300,brain_tumor_figshare/1300.mat,102648,2,2,Hipofiz tümörü,2,Hipofiz tümörü,evet,0.010679,0.041493,0.947828
1300,1301,brain_tumor_figshare/1301.mat,103046,2,2,Hipofiz tümörü,2,Hipofiz tümörü,evet,0.000159,1e-06,0.99984
1301,1302,brain_tumor_figshare/1302.mat,103046,2,2,Hipofiz tümörü,2,Hipofiz tümörü,evet,0.000104,0.0,0.999896
1302,1303,brain_tumor_figshare/1303.mat,103046,2,2,Hipofiz tümörü,2,Hipofiz tümörü,evet,0.000494,2e-06,0.999504
1303,1304,brain_tumor_figshare/1304.mat,103257,4,2,Hipofiz tümörü,2,Hipofiz tümörü,evet,4.6e-05,7.4e-05,0.999881
1304,1305,brain_tumor_figshare/1305.mat,103257,4,2,Hipofiz tümörü,2,Hipofiz tümörü,evet,0.00398,2.6e-05,0.995994
1305,1306,brain_tumor_figshare/1306.mat,103257,4,2,Hipofiz tümörü,2,Hipofiz tümörü,evet,0.000128,5e-06,0.999867
1306,1307,brain_tumor_figshare/1307.mat,103257,4,2,Hipofiz tümörü,2,Hipofiz tümörü,evet,0.00184,0.000251,0.997909
1307,1308,brain_tumor_figshare/1308.mat,103257,4,2,Hipofiz tümörü,2,Hipofiz tümörü,evet,0.009353,0.000281,0.990366
1308,1309,brain_tumor_figshare/1309.mat,103257,4,2,Hipofiz tümörü,2,Hipofiz tümörü,evet,0.049779,0.004313,0.945908
1309,1310,brain_tumor_figshare/1310.mat,103478,5,2,Hipofiz tümörü,2,Hipofiz tümörü,evet,0.029237,0.002578,0.968185
1310,1311,brain_tumor_figshare/1311.mat,103478,5,2,Hipofiz tümörü,2,Hipofiz tümörü,evet,0.00649,0.000231,0.993279
1311,1312,brain_tumor_figshare/1312.mat,103478,5,2,Hipofiz tümörü,2,Hipofiz tümörü,evet,0.000923,0.003227,0.99585
1312,1313,brain_tumor_figshare/1313.mat,103478,5,2,Hipofiz tümörü,2,Hipofiz tümörü,evet,0.055621,0.000227,0.944152
1313,1314,brain_tumor_figshare/1314.mat,103478,5,2,Hipofiz tümörü,2,Hipofiz tümörü,evet,0.03839,0.004334,0.957277
1314,1315,brain_tumor_figshare/1315.mat,103478,5,2,Hipofiz tümörü,2,Hipofiz tümörü,evet,0.066033,0.000889,0.933079
1315,1316,brain_tumor_figshare/1316.mat,103478,5,2,Hipofiz tümörü,1,Gliom,hayır,0.162021,0.667559,0.170421
1316,1317,brain_tumor_figshare/1317.mat,103582,3,2,Hipofiz tümörü,2,Hipofiz tümörü,evet,0.006916,0.000198,0.992886
1317,1318,brain_tumor_figshare/1318.mat,103582,3,2,Hipofiz tümörü,2,Hipofiz tümörü,evet,0.007644,0.000587,0.991769
1318,1319,brain_tumor_figshare/1319.mat,103582,3,2,Hipofiz tümörü,2,Hipofiz tümörü,evet,0.008553,0.005588,0.985858
1319,1320,brain_tumor_figshare/1320.mat,103582,3,2,Hipofiz tümörü,2,Hipofiz tümörü,evet,0.09108,0.01252,0.8964
1320,1321,brain_tumor_figshare/1321.mat,103582,3,2,Hipofiz tümörü,0,Meningiom,hayır,0.922035,0.043559,0.034406
1321,1322,brain_tumor_figshare/1322.mat,103582,3,2,Hipofiz tümörü,0,Meningiom,hayır,0.494231,0.192155,0.313614
1322,1323,brain_tumor_figshare/1323.mat,103670,5,2,Hipofiz tümörü,2,Hipofiz tümörü,evet,0.001251,0.000305,0.998444
1323,1324,brain_tumor_figshare/1324.mat,103670,5,2,Hipofiz tümörü,2,Hipofiz tümörü,evet,0.008623,0.001455,0.989921
1324,1325,brain_tumor_figshare/1325.mat,103670,5,2,Hipofiz tümörü,2,Hipofiz tümörü,evet,0.016059,0.03433,0.949611
1325,1326,brain_tumor_figshare/1326.mat,103671,1,2,Hipofiz tümörü,2,Hipofiz tümörü,evet,0.098973,0.00026,0.900766
1326,1327,brain_tumor_figshare/1327.mat,103671,1,2,Hipofiz tümörü,2,Hipofiz tümörü,evet,0.170873,0.000668,0.828459
1327,1328,brain_tumor_figshare/1328.mat,103671,1,2,Hipofiz tümörü,0,Meningiom,hayır,0.983427,0.000123,0.01645
1328,1329,brain_tumor_figshare/1329.mat,103671,1,2,Hipofiz tümörü,2,Hipofiz tümörü,evet,0.452978,0.000466,0.546555
1329,1330,brain_tumor_figshare/1330.mat,103731,4,2,Hipofiz tümörü,2,Hipofiz tümörü,evet,0.200176,0.002066,0.797758
1330,1331,brain_tumor_figshare/1331.mat,103731,4,2,Hipofiz tümörü,2,Hipofiz tümörü,evet,0.004196,0.000823,0.99498
1331,1332,brain_tumor_figshare/1332.mat,103731,4,2,Hipofiz tümörü,2,Hipofiz tümörü,evet,0.000725,0.006326,0.99295
1332,1333,brain_tumor_figshare/1333.mat,103731,4,2,Hipofiz tümörü,2,Hipofiz tümörü,evet,0.000204,0.000134,0.999662
1333,1334,brain_tumor_figshare/1334.mat,103731,4,2,Hipofiz tümörü,2,Hipofiz tümörü,evet,0.001846,8.4e-05,0.998069
1334,1335,brain_tumor_figshare/1335.mat,103731,4,2,Hipofiz tümörü,2,Hipofiz tümörü,evet,0.00157,0.003249,0.99518
1335,1336,brain_tumor_figshare/1336.mat,103731,4,2,Hipofiz tümörü,2,Hipofiz tümörü,evet,0.025894,0.00246,0.971646
1336,1337,brain_tumor_figshare/1337.mat,103731,4,2,Hipofiz tümörü,2,Hipofiz tümörü,evet,0.024045,0.414934,0.561021
1337,1338,brain_tumor_figshare/1338.mat,103731,4,2,Hipofiz tümörü,1,Gliom,hayır,0.005786,0.973373,0.020841
1338,1339,brain_tumor_figshare/1339.mat,103731,4,2,Hipofiz tümörü,0,Meningiom,hayır,0.414048,0.382296,0.203657
1339,1340,brain_tumor_figshare/1340.mat,103837,2,2,Hipofiz tümörü,2,Hipofiz tümörü,evet,1.8e-05,1.7e-05,0.999966
1340,1341,brain_tumor_figshare/1341.mat,103837,2,2,Hipofiz tümörü,2,Hipofiz tümörü,evet,0.000199,3e-06,0.999798
1341,1342,brain_tumor_figshare/1342.mat,103837,2,2,Hipofiz tümörü,2,Hipofiz tümörü,evet,0.000269,3.2e-05,0.999699
1342,1343,brain_tumor_figshare/1343.mat,103837,2,2,Hipofiz tümörü,2,Hipofiz tümörü,evet,0.000111,4.1e-05,0.999848
1343,1344,brain_tumor_figshare/1344.mat,103837,2,2,Hipofiz tümörü,2,Hipofiz tümörü,evet,0.000205,1.6e-05,0.999779
1344,1345,brain_tumor_figshare/1345.mat,103837,2,2,Hipofiz tümörü,2,Hipofiz tümörü,evet,0.000112,1.1e-05,0.999877
1345,1346,brain_tumor_figshare/1346.mat,103837,2,2,Hipofiz tümörü,2,Hipofiz tümörü,evet,0.000995,0.000767,0.998238
1346,1347,brain_tumor_figshare/1347.mat,103837,2,2,Hipofiz tümörü,2,Hipofiz tümörü,evet,0.002596,0.005384,0.99202
1347,1348,brain_tumor_figshare/1348.mat,104019,4,2,Hipofiz tümörü,2,Hipofiz tümörü,evet,0.001202,2.3e-05,0.998775
1348,1349,brain_tumor_figshare/1349.mat,104019,4,2,Hipofiz tümörü,2,Hipofiz tümörü,evet,0.046587,0.040454,0.912959
1349,1350,brain_tumor_figshare/1350.mat,104019,4,2,Hipofiz tümörü,2,Hipofiz tümörü,evet,0.07126,0.279699,0.649041
1350,1351,brain_tumor_figshare/1351.mat,104019,4,2,Hipofiz tümörü,2,Hipofiz tümörü,evet,0.074815,0.310305,0.614881
1351,1352,brain_tumor_figshare/1352.mat,104558,2,2,Hipofiz tümörü,2,Hipofiz tümörü,evet,0.07576,0.018298,0.905942
1352,1353,brain_tumor_figshare/1353.mat,104558,2,2,Hipofiz tümörü,2,Hipofiz tümörü,evet,0.017327,0.005412,0.977262
1353,1354,brain_tumor_figshare/1354.mat,104558,2,2,Hipofiz tümörü,2,Hipofiz tümörü,evet,9.4e-05,0.000127,0.999779
1354,1355,brain_tumor_figshare/1355.mat,104558,2,2,Hipofiz tümörü,2,Hipofiz tümörü,evet,0.000727,0.001356,0.997916
1355,1356,brain_tumor_figshare/1356.mat,104558,2,2,Hipofiz tümörü,2,Hipofiz tümörü,evet,0.000346,0.000136,0.999518
1356,1357,brain_tumor_figshare/1357.mat,104558,2,2,Hipofiz tümörü,2,Hipofiz tümörü,evet,0.000256,0.000164,0.99958
1357,1358,brain_tumor_figshare/1358.mat,104558,2,2,Hipofiz tümörü,2,Hipofiz tümörü,evet,0.007684,0.001057,0.99126
1358,1359,brain_tumor_figshare/1359.mat,104558,2,2,Hipofiz tümörü,2,Hipofiz tümörü,evet,0.021613,0.00915,0.969237
1359,1360,brain_tumor_figshare/1360.mat,104684,3,2,Hipofiz tümörü,0,Meningiom,hayır,0.4748,0.252551,0.272649
1360,1361,brain_tumor_figshare/1361.mat,104684,3,2,Hipofiz tümörü,2,Hipofiz tümörü,evet,0.034754,0.444642,0.520605
1361,1362,brain_tumor_figshare/1362.mat,104684,3,2,Hipofiz tümörü,2,Hipofiz tümörü,evet,0.285002,0.249066,0.465931
1362,1363,brain_tumor_figshare/1363.mat,104684,3,2,Hipofiz tümörü,0,Meningiom,hayır,0.49535,0.114944,0.389706
1363,1364,brain_tumor_figshare/1364.mat,104684,3,2,Hipofiz tümörü,0,Meningiom,hayır,0.603603,0.009236,0.387161
1364,1365,brain_tumor_figshare/1365.mat,104684,3,2,Hipofiz tümörü,2,Hipofiz tümörü,evet,0.056178,0.008673,0.935149
1365,1366,brain_tumor_figshare/1366.mat,104684,3,2,Hipofiz tümörü,2,Hipofiz tümörü,evet,0.040229,0.001817,0.957954
1366,1367,brain_tumor_figshare/1367.mat,104684,3,2,Hipofiz tümörü,2,Hipofiz tümörü,evet,0.387197,0.003536,0.609267
1367,1368,brain_tumor_figshare/1368.mat,104684,3,2,Hipofiz tümörü,2,Hipofiz tümörü,evet,0.152735,0.025109,0.822156
1368,1369,brain_tumor_figshare/1369.mat,104912,5,2,Hipofiz tümörü,2,Hipofiz tümörü,evet,2.8e-05,3.1e-05,0.99994
1369,1370,brain_tumor_figshare/1370.mat,104912,5,2,Hipofiz tümörü,2,Hipofiz tümörü,evet,0.000622,8.2e-05,0.999295
1370,1371,brain_tumor_figshare/1371.mat,104912,5,2,Hipofiz tümörü,2,Hipofiz tümörü,evet,0.000679,0.000878,0.998444
1371,1372,brain_tumor_figshare/1372.mat,104912,5,2,Hipofiz tümörü,2,Hipofiz tümörü,evet,0.002721,0.000179,0.9971
1372,1373,brain_tumor_figshare/1373.mat,104912,5,2,Hipofiz tümörü,2,Hipofiz tümörü,evet,0.002536,0.000813,0.996651
1373,1374,brain_tumor_figshare/1374.mat,105187,1,2,Hipofiz tümörü,2,Hipofiz tümörü,evet,0.000118,0.0,0.999882
1374,1375,brain_tumor_figshare/1375.mat,105187,1,2,Hipofiz tümörü,2,Hipofiz tümörü,evet,0.0022,1e-05,0.99779
1375,1376,brain_tumor_figshare/1376.mat,105187,1,2,Hipofiz tümörü,2,Hipofiz tümörü,evet,0.07508,0.000111,0.924809
1376,1377,brain_tumor_figshare/1377.mat,105187,1,2,Hipofiz tümörü,2,Hipofiz tümörü,evet,0.005563,0.001004,0.993433
1377,1378,brain_tumor_figshare/1378.mat,105475,1,2,Hipofiz tümörü,2,Hipofiz tümörü,evet,0.00651,0.0,0.99349
1378,1379,brain_tumor_figshare/1379.mat,105475,1,2,Hipofiz tümörü,2,Hipofiz tümörü,evet,0.066687,0.000735,0.932578
1379,1380,brain_tumor_figshare/1380.mat,105538,4,2,Hipofiz tümörü,1,Gliom,hayır,0.006088,0.985877,0.008035
1380,1381,brain_tumor_figshare/1381.mat,105538,4,2,Hipofiz tümörü,2,Hipofiz tümörü,evet,1.8e-05,0.0,0.999982
1381,1382,brain_tumor_figshare/1382.mat,105538,4,2,Hipofiz tümörü,2,Hipofiz tümörü,evet,0.187601,0.043985,0.768414
1382,1383,brain_tumor_figshare/1383.mat,105638,4,2,Hipofiz tümörü,2,Hipofiz tümörü,evet,0.000201,5.4e-05,0.999745
1383,1384,brain_tumor_figshare/1384.mat,105638,4,2,Hipofiz tümörü,2,Hipofiz tümörü,evet,1.7e-05,2.1e-05,0.999962
1384,1385,brain_tumor_figshare/1385.mat,105638,4,2,Hipofiz tümörü,2,Hipofiz tümörü,evet,0.000436,4e-06,0.999561
1385,1386,brain_tumor_figshare/1386.mat,97416,4,2,Hipofiz tümörü,2,Hipofiz tümörü,evet,0.445477,0.000312,0.554211
1386,1387,brain_tumor_figshare/1387.mat,97416,4,2,Hipofiz tümörü,2,Hipofiz tümörü,evet,0.292982,0.01282,0.694199
1387,1388,brain_tumor_figshare/1388.mat,97416,4,2,Hipofiz tümörü,2,Hipofiz tümörü,evet,0.019048,0.00445,0.976502
1388,1389,brain_tumor_figshare/1389.mat,97416,4,2,Hipofiz tümörü,2,Hipofiz tümörü,evet,0.136483,0.002089,0.861428
1389,1390,brain_tumor_figshare/1390.mat,97416,4,2,Hipofiz tümörü,0,Meningiom,hayır,0.684673,0.005491,0.309836
1390,1391,brain_tumor_figshare/1391.mat,97416,4,2,Hipofiz tümörü,2,Hipofiz tümörü,evet,0.149475,0.011075,0.839449
1391,1392,brain_tumor_figshare/1392.mat,97416,4,2,Hipofiz tümörü,0,Meningiom,hayır,0.455223,0.105304,0.439472
1392,1393,brain_tumor_figshare/1393.mat,97416,4,2,Hipofiz tümörü,0,Meningiom,hayır,0.563537,0.087437,0.349026
1393,1394,brain_tumor_figshare/1394.mat,97416,4,2,Hipofiz tümörü,0,Meningiom,hayır,0.52412,0.335432,0.140448
1394,1395,brain_tumor_figshare/1395.mat,97461,3,2,Hipofiz tümörü,0,Meningiom,hayır,0.745008,0.045234,0.209758
1395,1396,brain_tumor_figshare/1396.mat,97461,3,2,Hipofiz tümörü,2,Hipofiz tümörü,evet,0.017715,0.018674,0.963612
1396,1397,brain_tumor_figshare/1397.mat,97461,3,2,Hipofiz tümörü,2,Hipofiz tümörü,evet,0.000636,2e-05,0.999345
1397,1398,brain_tumor_figshare/1398.mat,97461,3,2,Hipofiz tümörü,2,Hipofiz tümörü,evet,0.00017,3e-06,0.999827
1398,1399,brain_tumor_figshare/1399.mat,97461,3,2,Hipofiz tümörü,2,Hipofiz tümörü,evet,0.000154,3.9e-05,0.999807
1399,1400,brain_tumor_figshare/1400.mat,97461,3,2,Hipofiz tümörü,2,Hipofiz tümörü,evet,0.00019,0.000188,0.999621
1400,1401,brain_tumor_figshare/1401.mat,97461,3,2,Hipofiz tümörü,2,Hipofiz tümörü,evet,7e-05,0.000737,0.999193
1401,1402,brain_tumor_figshare/1402.mat,97461,3,2,Hipofiz tümörü,2,Hipofiz tümörü,evet,0.003692,0.027622,0.968686
1402,1403,brain_tumor_figshare/1403.mat,97461,3,2,Hipofiz tümörü,2,Hipofiz tümörü,evet,0.052232,0.063725,0.884043
1403,1404,brain_tumor_figshare/1404.mat,97481,2,2,Hipofiz tümörü,0,Meningiom,hayır,0.85976,0.000488,0.139752
1404,1405,brain_tumor_figshare/1405.mat,97481,2,2,Hipofiz tümörü,0,Meningiom,hayır,0.967918,0.000394,0.031688
1405,1406,brain_tumor_figshare/1406.mat,97481,2,2,Hipofiz tümörü,2,Hipofiz tümörü,evet,0.322068,6.7e-05,0.677865
1406,1407,brain_tumor_figshare/1407.mat,97481,2,2,Hipofiz tümörü,0,Meningiom,hayır,0.797649,0.017458,0.184893
1407,1408,brain_tumor_figshare/1408.mat,97599,2,2,Hipofiz tümörü,2,Hipofiz tümörü,evet,0.255,0.013145,0.731855
1408,1409,brain_tumor_figshare/1409.mat,97599,2,2,Hipofiz tümörü,2,Hipofiz tümörü,evet,0.188044,0.002909,0.809047
1409,1410,brain_tumor_figshare/1410.mat,97890,1,2,Hipofiz tümörü,2,Hipofiz tümörü,evet,0.006079,1.8e-05,0.993903
1410,1411,brain_tumor_figshare/1411.mat,97890,1,2,Hipofiz tümörü,2,Hipofiz tümörü,evet,0.129999,2.8e-05,0.869973
1411,1412,brain_tumor_figshare/1412.mat,97890,1,2,Hipofiz tümörü,0,Meningiom,hayır,0.870991,8e-05,0.128928
1412,1413,brain_tumor_figshare/1413.mat,97890,1,2,Hipofiz tümörü,2,Hipofiz tümörü,evet,0.01847,0.284269,0.697261
1413,1414,brain_tumor_figshare/1414.mat,98472,3,2,Hipofiz tümörü,2,Hipofiz tümörü,evet,0.111485,6e-06,0.888509
1414,1415,brain_tumor_figshare/1415.mat,98472,3,2,Hipofiz tümörü,2,Hipofiz tümörü,evet,0.002378,2e-06,0.99762
1415,1416,brain_tumor_figshare/1416.mat,98472,3,2,Hipofiz tümörü,2,Hipofiz tümörü,evet,0.037282,0.000156,0.962562
1416,1417,brain_tumor_figshare/1417.mat,98472,3,2,Hipofiz tümörü,2,Hipofiz tümörü,evet,0.002051,5e-06,0.997945
1417,1418,brain_tumor_figshare/1418.mat,98472,3,2,Hipofiz tümörü,2,Hipofiz tümörü,evet,0.175747,5.3e-05,0.8242
1418,1419,brain_tumor_figshare/1419.mat,98472,3,2,Hipofiz tümörü,2,Hipofiz tümörü,evet,0.133807,0.001015,0.865178
1419,1420,brain_tumor_figshare/1420.mat,98472,3,2,Hipofiz tümörü,2,Hipofiz tümörü,evet,0.270381,0.034532,0.695088
1420,1421,brain_tumor_figshare/1421.mat,98652,3,2,Hipofiz tümörü,2,Hipofiz tümörü,evet,0.005726,8.3e-05,0.994191
1421,1422,brain_tumor_figshare/1422.mat,98652,3,2,Hipofiz tümörü,2,Hipofiz tümörü,evet,0.041317,0.000117,0.958566
1422,1423,brain_tumor_figshare/1423.mat,98652,3,2,Hipofiz tümörü,2,Hipofiz tümörü,evet,0.026127,0.001304,0.972569
1423,1424,brain_tumor_figshare/1424.mat,98871,4,2,Hipofiz tümörü,2,Hipofiz tümörü,evet,1.8e-05,0.0,0.999982
1424,1425,brain_tumor_figshare/1425.mat,98871,4,2,Hipofiz tümörü,2,Hipofiz tümörü,evet,0.002341,1.9e-05,0.99764
1425,1426,brain_tumor_figshare/1426.mat,98871,4,2,Hipofiz tümörü,2,Hipofiz tümörü,evet,0.013476,5e-06,0.986519
1426,1427,brain_tumor_figshare/1427.mat,98871,4,2,Hipofiz tümörü,2,Hipofiz tümörü,evet,0.008077,0.0,0.991923
1427,1428,brain_tumor_figshare/1428.mat,98871,4,2,Hipofiz tümörü,0,Meningiom,hayır,0.54309,0.000163,0.456747
1428,1429,brain_tumor_figshare/1429.mat,98871,4,2,Hipofiz tümörü,0,Meningiom,hayır,0.541178,0.025566,0.433256
1429,1430,brain_tumor_figshare/1430.mat,98874,1,2,Hipofiz tümörü,2,Hipofiz tümörü,evet,0.03201,0.000765,0.967225
1430,1431,brain_tumor_figshare/1431.mat,98874,1,2,Hipofiz tümörü,0,Meningiom,hayır,0.561763,0.040197,0.398041
1431,1432,brain_tumor_figshare/1432.mat,98874,1,2,Hipofiz tümörü,0,Meningiom,hayır,0.876563,0.004044,0.119393
1432,1433,brain_tumor_figshare/1433.mat,98874,1,2,Hipofiz tümörü,0,Meningiom,hayır,0.688181,0.016508,0.295311
1433,1434,brain_tumor_figshare/1434.mat,98874,1,2,Hipofiz tümörü,1,Gliom,hayır,0.133171,0.828755,0.038073
1434,1435,brain_tumor_figshare/1435.mat,98992,5,2,Hipofiz tümörü,2,Hipofiz tümörü,evet,0.021126,0.00164,0.977233
1435,1436,brain_tumor_figshare/1436.mat,98992,5,2,Hipofiz tümörü,2,Hipofiz tümörü,evet,0.201636,0.003259,0.795105
1436,1437,brain_tumor_figshare/1437.mat,98992,5,2,Hipofiz tümörü,2,Hipofiz tümörü,evet,0.021628,0.020924,0.957448
1437,1438,brain_tumor_figshare/1438.mat,98992,5,2,Hipofiz tümörü,2,Hipofiz tümörü,evet,0.088318,0.010894,0.900787
1438,1439,brain_tumor_figshare/1439.mat,98992,5,2,Hipofiz tümörü,1,Gliom,hayır,0.006113,0.860917,0.132971
1439,1440,brain_tumor_figshare/1440.mat,98992,5,2,Hipofiz tümörü,1,Gliom,hayır,0.005312,0.967755,0.026933
1440,1441,brain_tumor_figshare/1441.mat,98992,5,2,Hipofiz tümörü,1,Gliom,hayır,0.033729,0.927579,0.038692
1441,1442,brain_tumor_figshare/1442.mat,98995,4,2,Hipofiz tümörü,2,Hipofiz tümörü,evet,2e-06,0.0,0.999998
1442,1443,brain_tumor_figshare/1443.mat,98995,4,2,Hipofiz tümörü,2,Hipofiz tümörü,evet,0.000532,1e-06,0.999467
1443,1444,brain_tumor_figshare/1444.mat,98995,4,2,Hipofiz tümörü,2,Hipofiz tümörü,evet,0.000596,1.5e-05,0.999389
1444,1445,brain_tumor_figshare/1445.mat,98995,4,2,Hipofiz tümörü,2,Hipofiz tümörü,evet,0.002872,0.0,0.997128
1445,1446,brain_tumor_figshare/1446.mat,98995,4,2,Hipofiz tümörü,2,Hipofiz tümörü,evet,0.004149,0.0001,0.995751
1446,1447,brain_tumor_figshare/1447.mat,99223,1,2,Hipofiz tümörü,1,Gliom,hayır,0.206108,0.590347,0.203545
1447,1448,brain_tumor_figshare/1448.mat,99223,1,2,Hipofiz tümörü,2,Hipofiz tümörü,evet,0.404303,1.4e-05,0.595683
1448,1449,brain_tumor_figshare/1449.mat,99223,1,2,Hipofiz tümörü,0,Meningiom,hayır,0.531779,7.7e-05,0.468145
1449,1450,brain_tumor_figshare/1450.mat,99223,1,2,Hipofiz tümörü,2,Hipofiz tümörü,evet,0.020535,5e-06,0.979459
1450,1451,brain_tumor_figshare/1451.mat,99223,1,2,Hipofiz tümörü,2,Hipofiz tümörü,evet,7.6e-05,0.0,0.999924
1451,1452,brain_tumor_figshare/1452.mat,99223,1,2,Hipofiz tümörü,2,Hipofiz tümörü,evet,0.000251,2e-06,0.999747
1452,1453,brain_tumor_figshare/1453.mat,99223,1,2,Hipofiz tümörü,2,Hipofiz tümörü,evet,0.496765,3.2e-05,0.503204
1453,1454,brain_tumor_figshare/1454.mat,99223,1,2,Hipofiz tümörü,0,Meningiom,hayır,0.638877,6.9e-05,0.361054
1454,1455,brain_tumor_figshare/1455.mat,99223,1,2,Hipofiz tümörü,2,Hipofiz tümörü,evet,0.062186,0.104142,0.833672
1455,1456,brain_tumor_figshare/1456.mat,101017,2,2,Hipofiz tümörü,2,Hipofiz tümörü,evet,4.6e-05,0.000473,0.999482
1456,1457,brain_tumor_figshare/1457.mat,101017,2,2,Hipofiz tümörü,2,Hipofiz tümörü,evet,0.00016,0.000459,0.999381
1457,1458,brain_tumor_figshare/1458.mat,101017,2,2,Hipofiz tümörü,2,Hipofiz tümörü,evet,2.7e-05,0.000687,0.999286
1458,1459,brain_tumor_figshare/1459.mat,101017,2,2,Hipofiz tümörü,2,Hipofiz tümörü,evet,0.004754,0.059765,0.935481
1459,1460,brain_tumor_figshare/1460.mat,101017,2,2,Hipofiz tümörü,2,Hipofiz tümörü,evet,0.001094,0.009878,0.989029
1460,1461,brain_tumor_figshare/1461.mat,101017,2,2,Hipofiz tümörü,2,Hipofiz tümörü,evet,5.2e-05,0.229159,0.770789
1461,1462,brain_tumor_figshare/1462.mat,101029,1,2,Hipofiz tümörü,2,Hipofiz tümörü,evet,0.017228,0.000234,0.982538
1462,1463,brain_tumor_figshare/1463.mat,101029,1,2,Hipofiz tümörü,2,Hipofiz tümörü,evet,0.004735,0.003041,0.992224
1463,1464,brain_tumor_figshare/1464.mat,101029,1,2,Hipofiz tümörü,1,Gliom,hayır,0.001495,0.907749,0.090756
1464,1465,brain_tumor_figshare/1465.mat,101029,1,2,Hipofiz tümörü,2,Hipofiz tümörü,evet,0.416082,0.048516,0.535403
1465,1466,brain_tumor_figshare/1466.mat,101029,1,2,Hipofiz tümörü,1,Gliom,hayır,0.033561,0.797892,0.168547
1466,1467,brain_tumor_figshare/1467.mat,101029,1,2,Hipofiz tümörü,1,Gliom,hayır,0.040344,0.920344,0.039312
1467,1468,brain_tumor_figshare/1468.mat,101145,2,2,Hipofiz tümörü,2,Hipofiz tümörü,evet,0.000408,0.007339,0.992254
1468,1469,brain_tumor_figshare/1469.mat,101145,2,2,Hipofiz tümörü,2,Hipofiz tümörü,evet,0.000806,1.7e-05,0.999177
1469,1470,brain_tumor_figshare/1470.mat,101145,2,2,Hipofiz tümörü,2,Hipofiz tümörü,evet,2.9e-05,1e-06,0.999971
1470,1471,brain_tumor_figshare/1471.mat,101145,2,2,Hipofiz tümörü,2,Hipofiz tümörü,evet,4.9e-05,6e-06,0.999945
1471,1472,brain_tumor_figshare/1472.mat,101305,3,2,Hipofiz tümörü,2,Hipofiz tümörü,evet,0.000328,2e-06,0.99967
1472,1473,brain_tumor_figshare/1473.mat,101305,3,2,Hipofiz tümörü,2,Hipofiz tümörü,evet,0.000324,3e-06,0.999673
1473,1474,brain_tumor_figshare/1474.mat,101305,3,2,Hipofiz tümörü,2,Hipofiz tümörü,evet,0.000189,7e-06,0.999805
1474,1475,brain_tumor_figshare/1475.mat,101305,3,2,Hipofiz tümörü,2,Hipofiz tümörü,evet,4.7e-05,8e-06,0.999945
1475,1476,brain_tumor_figshare/1476.mat,101305,3,2,Hipofiz tümörü,2,Hipofiz tümörü,evet,0.000405,2.9e-05,0.999566
1476,1477,brain_tumor_figshare/1477.mat,101305,3,2,Hipofiz tümörü,2,Hipofiz tümörü,evet,0.005961,0.000298,0.993741
1477,1478,brain_tumor_figshare/1478.mat,101305,3,2,Hipofiz tümörü,2,Hipofiz tümörü,evet,0.006442,0.011966,0.981592
1478,1479,brain_tumor_figshare/1479.mat,101305,3,2,Hipofiz tümörü,2,Hipofiz tümörü,evet,3.3e-05,0.004197,0.99577
1479,1480,brain_tumor_figshare/1480.mat,101724,2,2,Hipofiz tümörü,2,Hipofiz tümörü,evet,0.000118,3e-06,0.999878
1480,1481,brain_tumor_figshare/1481.mat,101724,2,2,Hipofiz tümörü,2,Hipofiz tümörü,evet,1.5e-05,2.2e-05,0.999963
1481,1482,brain_tumor_figshare/1482.mat,101724,2,2,Hipofiz tümörü,2,Hipofiz tümörü,evet,0.000407,0.00255,0.997043
1482,1483,brain_tumor_figshare/1483.mat,102648,2,2,Hipofiz tümörü,2,Hipofiz tümörü,evet,0.0,0.00028,0.99972
1483,1484,brain_tumor_figshare/1484.mat,102648,2,2,Hipofiz tümörü,2,Hipofiz tümörü,evet,1.2e-05,0.00013,0.999858
1484,1485,brain_tumor_figshare/1485.mat,102648,2,2,Hipofiz tümörü,2,Hipofiz tümörü,evet,0.0,1.2e-05,0.999988
1485,1486,brain_tumor_figshare/1486.mat,102648,2,2,Hipofiz tümörü,2,Hipofiz tümörü,evet,3e-06,3e-06,0.999994
1486,1487,brain_tumor_figshare/1487.mat,102669,5,2,Hipofiz tümörü,2,Hipofiz tümörü,evet,0.003081,0.000638,0.996281
1487,1488,brain_tumor_figshare/1488.mat,102669,5,2,Hipofiz tümörü,2,Hipofiz tümörü,evet,4.1e-05,0.0019,0.998059
1488,1489,brain_tumor_figshare/1489.mat,103046,2,2,Hipofiz tümörü,2,Hipofiz tümörü,evet,0.003155,8.1e-05,0.996763
1489,1490,brain_tumor_figshare/1490.mat,103046,2,2,Hipofiz tümörü,2,Hipofiz tümörü,evet,0.001586,1.6e-05,0.998398
1490,1491,brain_tumor_figshare/1491.mat,103046,2,2,Hipofiz tümörü,2,Hipofiz tümörü,evet,0.001198,0.000107,0.998695
1491,1492,brain_tumor_figshare/1492.mat,103046,2,2,Hipofiz tümörü,2,Hipofiz tümörü,evet,0.066593,0.000978,0.932429
1492,1493,brain_tumor_figshare/1493.mat,103257,4,2,Hipofiz tümörü,2,Hipofiz tümörü,evet,0.001105,0.000244,0.998651
1493,1494,brain_tumor_figshare/1494.mat,103257,4,2,Hipofiz tümörü,2,Hipofiz tümörü,evet,2.8e-05,0.0,0.999971
1494,1495,brain_tumor_figshare/1495.mat,103257,4,2,Hipofiz tümörü,2,Hipofiz tümörü,evet,0.0,4e-06,0.999996
1495,1496,brain_tumor_figshare/1496.mat,103257,4,2,Hipofiz tümörü,2,Hipofiz tümörü,evet,5e-06,0.000343,0.999652
1496,1497,brain_tumor_figshare/1497.mat,103257,4,2,Hipofiz tümörü,2,Hipofiz tümörü,evet,4e-06,0.00195,0.998045
1497,1498,brain_tumor_figshare/1498.mat,103478,5,2,Hipofiz tümörü,2,Hipofiz tümörü,evet,0.001346,0.005505,0.993149
1498,1499,brain_tumor_figshare/1499.mat,103478,5,2,Hipofiz tümörü,2,Hipofiz tümörü,evet,0.000164,9.3e-05,0.999743
1499,1500,brain_tumor_figshare/1500.mat,103478,5,2,Hipofiz tümörü,2,Hipofiz tümörü,evet,3.5e-05,8e-06,0.999957
1500,1501,brain_tumor_figshare/1501.mat,103478,5,2,Hipofiz tümörü,2,Hipofiz tümörü,evet,0.000563,1.7e-05,0.999419
1501,1502,brain_tumor_figshare/1502.mat,103478,5,2,Hipofiz tümörü,2,Hipofiz tümörü,evet,0.000167,0.000686,0.999147
1502,1503,brain_tumor_figshare/1503.mat,103478,5,2,Hipofiz tümörü,2,Hipofiz tümörü,evet,0.000576,0.001761,0.997663
1503,1504,brain_tumor_figshare/1504.mat,103478,5,2,Hipofiz tümörü,2,Hipofiz tümörü,evet,0.001766,0.064579,0.933655
1504,1505,brain_tumor_figshare/1505.mat,103478,5,2,Hipofiz tümörü,2,Hipofiz tümörü,evet,0.000193,0.402727,0.597079
1505,1506,brain_tumor_figshare/1506.mat,103582,3,2,Hipofiz tümörü,2,Hipofiz tümörü,evet,0.003928,0.002057,0.994015
1506,1507,brain_tumor_figshare/1507.mat,103582,3,2,Hipofiz tümörü,2,Hipofiz tümörü,evet,0.028142,0.000217,0.971642
1507,1508,brain_tumor_figshare/1508.mat,103582,3,2,Hipofiz tümörü,0,Meningiom,hayır,0.502713,0.000775,0.496511
1508,1509,brain_tumor_figshare/1509.mat,103582,3,2,Hipofiz tümörü,0,Meningiom,hayır,0.513251,0.006487,0.480262
1509,1510,brain_tumor_figshare/1510.mat,103582,3,2,Hipofiz tümörü,2,Hipofiz tümörü,evet,0.075504,0.006908,0.917589
1510,1511,brain_tumor_figshare/1511.mat,103670,5,2,Hipofiz tümörü,2,Hipofiz tümörü,evet,0.00023,2.5e-05,0.999746
1511,1512,brain_tumor_figshare/1512.mat,103670,5,2,Hipofiz tümörü,2,Hipofiz tümörü,evet,3.4e-05,0.0,0.999966
1512,1513,brain_tumor_figshare/1513.mat,103670,5,2,Hipofiz tümörü,2,Hipofiz tümörü,evet,0.003033,2.1e-05,0.996946
1513,1514,brain_tumor_figshare/1514.mat,103670,5,2,Hipofiz tümörü,2,Hipofiz tümörü,evet,6.6e-05,0.010278,0.989657
1514,1515,brain_tumor_figshare/1515.mat,103671,1,2,Hipofiz tümörü,2,Hipofiz tümörü,evet,0.2394,0.119451,0.641149
1515,1516,brain_tumor_figshare/1516.mat,103671,1,2,Hipofiz tümörü,2,Hipofiz tümörü,evet,0.021861,0.000127,0.978012
1516,1517,brain_tumor_figshare/1517.mat,103671,1,2,Hipofiz tümörü,2,Hipofiz tümörü,evet,0.017683,0.000386,0.98193
1517,1518,brain_tumor_figshare/1518.mat,103671,1,2,Hipofiz tümörü,2,Hipofiz tümörü,evet,0.007549,0.001437,0.991014
1518,1519,brain_tumor_figshare/1519.mat,103671,1,2,Hipofiz tümörü,2,Hipofiz tümörü,evet,0.006,0.00057,0.99343
1519,1520,brain_tumor_figshare/1520.mat,103671,1,2,Hipofiz tümörü,2,Hipofiz tümörü,evet,0.096778,0.003579,0.899643
1520,1521,brain_tumor_figshare/1521.mat,103731,4,2,Hipofiz tümörü,2,Hipofiz tümörü,evet,0.005751,0.00251,0.991738
1521,1522,brain_tumor_figshare/1522.mat,103731,4,2,Hipofiz tümörü,2,Hipofiz tümörü,evet,0.000501,0.00808,0.991419
1522,1523,brain_tumor_figshare/1523.mat,103731,4,2,Hipofiz tümörü,2,Hipofiz tümörü,evet,0.00167,0.02132,0.97701
1523,1524,brain_tumor_figshare/1524.mat,103731,4,2,Hipofiz tümörü,1,Gliom,hayır,0.035264,0.739019,0.225717
1524,1525,brain_tumor_figshare/1525.mat,103731,4,2,Hipofiz tümörü,2,Hipofiz tümörü,evet,0.030981,0.269706,0.699313
1525,1526,brain_tumor_figshare/1526.mat,103731,4,2,Hipofiz tümörü,1,Gliom,hayır,0.025468,0.841221,0.133311
1526,1527,brain_tumor_figshare/1527.mat,103731,4,2,Hipofiz tümörü,2,Hipofiz tümörü,evet,0.217419,0.216976,0.565605
1527,1528,brain_tumor_figshare/1528.mat,103837,2,2,Hipofiz tümörü,2,Hipofiz tümörü,evet,0.003318,0.001202,0.99548
1528,1529,brain_tumor_figshare/1529.mat,103837,2,2,Hipofiz tümörü,2,Hipofiz tümörü,evet,0.006694,0.002517,0.990789
1529,1530,brain_tumor_figshare/1530.mat,103837,2,2,Hipofiz tümörü,2,Hipofiz tümörü,evet,0.003853,0.01038,0.985767
1530,1531,brain_tumor_figshare/1531.mat,103837,2,2,Hipofiz tümörü,2,Hipofiz tümörü,evet,0.01293,0.035753,0.951316
1531,1532,brain_tumor_figshare/1532.mat,103837,2,2,Hipofiz tümörü,2,Hipofiz tümörü,evet,0.003915,0.023839,0.972246
1532,1533,brain_tumor_figshare/1533.mat,104019,4,2,Hipofiz tümörü,2,Hipofiz tümörü,evet,2.3e-05,7.3e-05,0.999904
1533,1534,brain_tumor_figshare/1534.mat,104019,4,2,Hipofiz tümörü,2,Hipofiz tümörü,evet,0.001548,0.0,0.998452
1534,1535,brain_tumor_figshare/1535.mat,104019,4,2,Hipofiz tümörü,2,Hipofiz tümörü,evet,3.7e-05,2e-06,0.999961
1535,1536,brain_tumor_figshare/1536.mat,104019,4,2,Hipofiz tümörü,2,Hipofiz tümörü,evet,0.000806,0.000189,0.999005
1536,1537,brain_tumor_figshare/1537.mat,104019,4,2,Hipofiz tümörü,2,Hipofiz tümörü,evet,2.3e-05,0.000844,0.999133
1537,1538,brain_tumor_figshare/1538.mat,104558,2,2,Hipofiz tümörü,2,Hipofiz tümörü,evet,0.003269,0.00676,0.989972
1538,1539,brain_tumor_figshare/1539.mat,104558,2,2,Hipofiz tümörü,2,Hipofiz tümörü,evet,0.017326,0.013613,0.969061
1539,1540,brain_tumor_figshare/1540.mat,104558,2,2,Hipofiz tümörü,2,Hipofiz tümörü,evet,0.001155,0.008256,0.990589
1540,1541,brain_tumor_figshare/1541.mat,104558,2,2,Hipofiz tümörü,2,Hipofiz tümörü,evet,0.031525,0.073251,0.895224
1541,1542,brain_tumor_figshare/1542.mat,104558,2,2,Hipofiz tümörü,2,Hipofiz tümörü,evet,0.007555,0.007375,0.98507
1542,1543,brain_tumor_figshare/1543.mat,104558,2,2,Hipofiz tümörü,2,Hipofiz tümörü,evet,0.009223,0.012722,0.978055
1543,1544,brain_tumor_figshare/1544.mat,104558,2,2,Hipofiz tümörü,2,Hipofiz tümörü,evet,0.005559,0.061507,0.932935
1544,1545,brain_tumor_figshare/1545.mat,104684,3,2,Hipofiz tümörü,2,Hipofiz tümörü,evet,0.010724,0.000843,0.988434
1545,1546,brain_tumor_figshare/1546.mat,104684,3,2,Hipofiz tümörü,2,Hipofiz tümörü,evet,0.008139,0.004702,0.987159
1546,1547,brain_tumor_figshare/1547.mat,104684,3,2,Hipofiz tümörü,2,Hipofiz tümörü,evet,0.004262,0.000895,0.994842
1547,1548,brain_tumor_figshare/1548.mat,104684,3,2,Hipofiz tümörü,2,Hipofiz tümörü,evet,0.024809,0.000246,0.974945
1548,1549,brain_tumor_figshare/1549.mat,104684,3,2,Hipofiz tümörü,0,Meningiom,hayır,0.970377,0.003014,0.026609
1549,1550,brain_tumor_figshare/1550.mat,104684,3,2,Hipofiz tümörü,2,Hipofiz tümörü,evet,0.448591,0.000137,0.551273
1550,1551,brain_tumor_figshare/1551.mat,104684,3,2,Hipofiz tümörü,2,Hipofiz tümörü,evet,0.005615,0.02145,0.972935
1551,1552,brain_tumor_figshare/1552.mat,104912,5,2,Hipofiz tümörü,2,Hipofiz tümörü,evet,0.000727,0.000551,0.998723
1552,1553,brain_tumor_figshare/1553.mat,104912,5,2,Hipofiz tümörü,2,Hipofiz tümörü,evet,0.000398,0.000992,0.99861
1553,1554,brain_tumor_figshare/1554.mat,104912,5,2,Hipofiz tümörü,2,Hipofiz tümörü,evet,0.015791,7.9e-05,0.984131
1554,1555,brain_tumor_figshare/1555.mat,104912,5,2,Hipofiz tümörü,2,Hipofiz tümörü,evet,0.000892,6.7e-05,0.999041
1555,1556,brain_tumor_figshare/1556.mat,104912,5,2,Hipofiz tümörü,2,Hipofiz tümörü,evet,0.003825,0.000318,0.995856
1556,1557,brain_tumor_figshare/1557.mat,105187,1,2,Hipofiz tümörü,2,Hipofiz tümörü,evet,0.001476,0.094699,0.903825
1557,1558,brain_tumor_figshare/1558.mat,105187,1,2,Hipofiz tümörü,2,Hipofiz tümörü,evet,0.009493,0.001518,0.98899
1558,1559,brain_tumor_figshare/1559.mat,105187,1,2,Hipofiz tümörü,2,Hipofiz tümörü,evet,0.096691,0.001506,0.901803
1559,1560,brain_tumor_figshare/1560.mat,105187,1,2,Hipofiz tümörü,2,Hipofiz tümörü,evet,0.445821,0.001431,0.552748
1560,1561,brain_tumor_figshare/1561.mat,105187,1,2,Hipofiz tümörü,2,Hipofiz tümörü,evet,0.029042,0.00529,0.965668
1561,1562,brain_tumor_figshare/1562.mat,105187,1,2,Hipofiz tümörü,2,Hipofiz tümörü,evet,0.060583,0.01032,0.929097
1562,1563,brain_tumor_figshare/1563.mat,105475,1,2,Hipofiz tümörü,2,Hipofiz tümörü,evet,0.000809,0.000128,0.999063
1563,1564,brain_tumor_figshare/1564.mat,105475,1,2,Hipofiz tümörü,2,Hipofiz tümörü,evet,0.000368,0.000616,0.999016
1564,1565,brain_tumor_figshare/1565.mat,105475,1,2,Hipofiz tümörü,2,Hipofiz tümörü,evet,1.3e-05,1e-06,0.999986
1565,1566,brain_tumor_figshare/1566.mat,105538,4,2,Hipofiz tümörü,2,Hipofiz tümörü,evet,0.006026,0.001962,0.992011
1566,1567,brain_tumor_figshare/1567.mat,105538,4,2,Hipofiz tümörü,2,Hipofiz tümörü,evet,0.233388,0.004098,0.762514
1567,1568,brain_tumor_figshare/1568.mat,105638,4,2,Hipofiz tümörü,2,Hipofiz tümörü,evet,0.000185,1.4e-05,0.999801
1568,1569,brain_tumor_figshare/1569.mat,105638,4,2,Hipofiz tümörü,2,Hipofiz tümörü,evet,1.3e-05,1e-05,0.999976
1569,1570,brain_tumor_figshare/1570.mat,105638,4,2,Hipofiz tümörü,2,Hipofiz tümörü,evet,0.017775,1e-05,0.982216
1570,1571,brain_tumor_figshare/1571.mat,105638,4,2,Hipofiz tümörü,2,Hipofiz tümörü,evet,0.003307,0.009706,0.986987
1571,1572,brain_tumor_figshare/1572.mat,105638,4,2,Hipofiz tümörü,2,Hipofiz tümörü,evet,0.157809,0.000376,0.841815
1572,1573,brain_tumor_figshare/1573.mat,97416,4,2,Hipofiz tümörü,2,Hipofiz tümörü,evet,0.003805,0.000749,0.995446
1573,1574,brain_tumor_figshare/1574.mat,97416,4,2,Hipofiz tümörü,2,Hipofiz tümörü,evet,5.4e-05,0.000666,0.99928
1574,1575,brain_tumor_figshare/1575.mat,97416,4,2,Hipofiz tümörü,2,Hipofiz tümörü,evet,0.0,6e-06,0.999994
1575,1576,brain_tumor_figshare/1576.mat,97416,4,2,Hipofiz tümörü,2,Hipofiz tümörü,evet,0.0,0.0,0.999999
1576,1577,brain_tumor_figshare/1577.mat,97416,4,2,Hipofiz tümörü,2,Hipofiz tümörü,evet,0.0,2e-06,0.999997
1577,1578,brain_tumor_figshare/1578.mat,97416,4,2,Hipofiz tümörü,2,Hipofiz tümörü,evet,2e-06,1e-06,0.999997
1578,1579,brain_tumor_figshare/1579.mat,97416,4,2,Hipofiz tümörü,2,Hipofiz tümörü,evet,1e-06,0.0,0.999999
1579,1580,brain_tumor_figshare/1580.mat,97416,4,2,Hipofiz tümörü,2,Hipofiz tümörü,evet,2e-06,0.008416,0.991582
1580,1581,brain_tumor_figshare/1581.mat,97461,3,2,Hipofiz tümörü,2,Hipofiz tümörü,evet,0.033725,0.001362,0.964913
1581,1582,brain_tumor_figshare/1582.mat,97461,3,2,Hipofiz tümörü,2,Hipofiz tümörü,evet,0.136011,0.184424,0.679565
1582,1583,brain_tumor_figshare/1583.mat,97461,3,2,Hipofiz tümörü,2,Hipofiz tümörü,evet,0.00055,0.001077,0.998373
1583,1584,brain_tumor_figshare/1584.mat,97461,3,2,Hipofiz tümörü,2,Hipofiz tümörü,evet,0.003772,0.102634,0.893595
1584,1585,brain_tumor_figshare/1585.mat,97461,3,2,Hipofiz tümörü,2,Hipofiz tümörü,evet,0.020646,0.007217,0.972138
1585,1586,brain_tumor_figshare/1586.mat,97461,3,2,Hipofiz tümörü,2,Hipofiz tümörü,evet,0.004223,0.080118,0.915659
1586,1587,brain_tumor_figshare/1587.mat,97461,3,2,Hipofiz tümörü,2,Hipofiz tümörü,evet,0.002315,0.00712,0.990565
1587,1588,brain_tumor_figshare/1588.mat,97461,3,2,Hipofiz tümörü,2,Hipofiz tümörü,evet,0.014443,0.015033,0.970524
1588,1589,brain_tumor_figshare/1589.mat,97481,2,2,Hipofiz tümörü,2,Hipofiz tümörü,evet,0.060914,0.017348,0.921738
1589,1590,brain_tumor_figshare/1590.mat,97481,2,2,Hipofiz tümörü,2,Hipofiz tümörü,evet,0.016746,0.0002,0.983055
1590,1591,brain_tumor_figshare/1591.mat,97481,2,2,Hipofiz tümörü,2,Hipofiz tümörü,evet,0.01671,0.000275,0.983014
1591,1592,brain_tumor_figshare/1592.mat,97481,2,2,Hipofiz tümörü,0,Meningiom,hayır,0.840849,0.003897,0.155254
1592,1593,brain_tumor_figshare/1593.mat,97481,2,2,Hipofiz tümörü,2,Hipofiz tümörü,evet,0.117363,0.002312,0.880325
1593,1594,brain_tumor_figshare/1594.mat,97599,2,2,Hipofiz tümörü,2,Hipofiz tümörü,evet,0.000242,0.000844,0.998914
1594,1595,brain_tumor_figshare/1595.mat,97599,2,2,Hipofiz tümörü,2,Hipofiz tümörü,evet,0.000687,0.000202,0.999111
1595,1596,brain_tumor_figshare/1596.mat,97890,1,2,Hipofiz tümörü,2,Hipofiz tümörü,evet,0.017288,0.000292,0.98242
1596,1597,brain_tumor_figshare/1597.mat,97890,1,2,Hipofiz tümörü,2,Hipofiz tümörü,evet,0.06037,0.000162,0.939468
1597,1598,brain_tumor_figshare/1598.mat,97890,1,2,Hipofiz tümörü,2,Hipofiz tümörü,evet,0.022462,0.000236,0.977302
1598,1599,brain_tumor_figshare/1599.mat,97890,1,2,Hipofiz tümörü,2,Hipofiz tümörü,evet,0.011861,0.078991,0.909148
1599,1600,brain_tumor_figshare/1600.mat,98472,3,2,Hipofiz tümörü,2,Hipofiz tümörü,evet,0.000419,7.1e-05,0.99951
1600,1601,brain_tumor_figshare/1601.mat,98472,3,2,Hipofiz tümörü,2,Hipofiz tümörü,evet,3e-05,0.0,0.99997
1601,1602,brain_tumor_figshare/1602.mat,98472,3,2,Hipofiz tümörü,2,Hipofiz tümörü,evet,9.2e-05,0.0,0.999907
1602,1603,brain_tumor_figshare/1603.mat,98472,3,2,Hipofiz tümörü,2,Hipofiz tümörü,evet,0.000278,2e-06,0.99972
1603,1604,brain_tumor_figshare/1604.mat,98472,3,2,Hipofiz tümörü,2,Hipofiz tümörü,evet,0.021576,0.000893,0.977531
1604,1605,brain_tumor_figshare/1605.mat,98652,3,2,Hipofiz tümörü,2,Hipofiz tümörü,evet,0.000548,2.4e-05,0.999428
1605,1606,brain_tumor_figshare/1606.mat,98652,3,2,Hipofiz tümörü,2,Hipofiz tümörü,evet,0.000443,4e-06,0.999553
1606,1607,brain_tumor_figshare/1607.mat,98652,3,2,Hipofiz tümörü,2,Hipofiz tümörü,evet,0.02091,0.007924,0.971166
1607,1608,brain_tumor_figshare/1608.mat,98652,3,2,Hipofiz tümörü,2,Hipofiz tümörü,evet,0.004074,0.008039,0.987887
1608,1609,brain_tumor_figshare/1609.mat,98871,4,2,Hipofiz tümörü,2,Hipofiz tümörü,evet,0.000398,0.000638,0.998964
1609,1610,brain_tumor_figshare/1610.mat,98871,4,2,Hipofiz tümörü,2,Hipofiz tümörü,evet,0.001848,0.000247,0.997905
1610,1611,brain_tumor_figshare/1611.mat,98871,4,2,Hipofiz tümörü,2,Hipofiz tümörü,evet,0.000483,2.7e-05,0.99949
1611,1612,brain_tumor_figshare/1612.mat,98871,4,2,Hipofiz tümörü,2,Hipofiz tümörü,evet,0.0046,6.9e-05,0.99533
1612,1613,brain_tumor_figshare/1613.mat,98871,4,2,Hipofiz tümörü,2,Hipofiz tümörü,evet,0.016565,0.000794,0.982641
1613,1614,brain_tumor_figshare/1614.mat,98871,4,2,Hipofiz tümörü,2,Hipofiz tümörü,evet,0.028001,0.004306,0.967692
1614,1615,brain_tumor_figshare/1615.mat,98871,4,2,Hipofiz tümörü,2,Hipofiz tümörü,evet,0.01432,0.436748,0.548933
1615,1616,brain_tumor_figshare/1616.mat,98874,1,2,Hipofiz tümörü,0,Meningiom,hayır,0.951485,0.006431,0.042084
1616,1617,brain_tumor_figshare/1617.mat,98874,1,2,Hipofiz tümörü,0,Meningiom,hayır,0.772789,0.005975,0.221235
1617,1618,brain_tumor_figshare/1618.mat,98874,1,2,Hipofiz tümörü,2,Hipofiz tümörü,evet,0.002713,0.000645,0.996643
1618,1619,brain_tumor_figshare/1619.mat,98874,1,2,Hipofiz tümörü,2,Hipofiz tümörü,evet,0.026407,0.000134,0.973459
1619,1620,brain_tumor_figshare/1620.mat,98874,1,2,Hipofiz tümörü,2,Hipofiz tümörü,evet,0.00184,0.000559,0.997601
1620,1621,brain_tumor_figshare/1621.mat,98992,5,2,Hipofiz tümörü,2,Hipofiz tümörü,evet,0.000812,0.00926,0.989928
1621,1622,brain_tumor_figshare/1622.mat,98992,5,2,Hipofiz tümörü,2,Hipofiz tümörü,evet,0.00474,0.003577,0.991683
1622,1623,brain_tumor_figshare/1623.mat,98992,5,2,Hipofiz tümörü,2,Hipofiz tümörü,evet,0.002332,0.020236,0.977432
1623,1624,brain_tumor_figshare/1624.mat,98992,5,2,Hipofiz tümörü,2,Hipofiz tümörü,evet,0.000773,0.221257,0.77797
1624,1625,brain_tumor_figshare/1625.mat,98992,5,2,Hipofiz tümörü,2,Hipofiz tümörü,evet,0.001807,0.173471,0.824721
1625,1626,brain_tumor_figshare/1626.mat,98992,5,2,Hipofiz tümörü,2,Hipofiz tümörü,evet,0.031981,0.183796,0.784223
1626,1627,brain_tumor_figshare/1627.mat,98992,5,2,Hipofiz tümörü,2,Hipofiz tümörü,evet,0.033998,0.411947,0.554055
1627,1628,brain_tumor_figshare/1628.mat,98995,4,2,Hipofiz tümörü,2,Hipofiz tümörü,evet,0.000335,0.018119,0.981545
1628,1629,brain_tumor_figshare/1629.mat,98995,4,2,Hipofiz tümörü,2,Hipofiz tümörü,evet,0.000174,3.6e-05,0.99979
1629,1630,brain_tumor_figshare/1630.mat,98995,4,2,Hipofiz tümörü,2,Hipofiz tümörü,evet,1e-05,5e-06,0.999985
1630,1631,brain_tumor_figshare/1631.mat,98995,4,2,Hipofiz tümörü,2,Hipofiz tümörü,evet,0.001446,1.9e-05,0.998535
1631,1632,brain_tumor_figshare/1632.mat,98995,4,2,Hipofiz tümörü,1,Gliom,hayır,0.050586,0.616821,0.332594
1632,1633,brain_tumor_figshare/1633.mat,98995,4,2,Hipofiz tümörü,2,Hipofiz tümörü,evet,0.02528,0.009771,0.964949
1633,1634,brain_tumor_figshare/1634.mat,99223,1,2,Hipofiz tümörü,2,Hipofiz tümörü,evet,0.004198,0.010272,0.98553
1634,1635,brain_tumor_figshare/1635.mat,99223,1,2,Hipofiz tümörü,2,Hipofiz tümörü,evet,1.2e-05,2.1e-05,0.999967
1635,1636,brain_tumor_figshare/1636.mat,99223,1,2,Hipofiz tümörü,2,Hipofiz tümörü,evet,0.0,0.0,1.0
1636,1637,brain_tumor_figshare/1637.mat,99223,1,2,Hipofiz tümörü,2,Hipofiz tümörü,evet,0.000188,2e-06,0.99981
1637,1638,brain_tumor_figshare/1638.mat,99223,1,2,Hipofiz tümörü,2,Hipofiz tümörü,evet,0.00181,1e-06,0.998189
1638,1639,brain_tumor_figshare/1639.mat,99223,1,2,Hipofiz tümörü,2,Hipofiz tümörü,evet,0.003863,0.000877,0.995261
1639,1640,brain_tumor_figshare/1640.mat,101017,2,2,Hipofiz tümörü,2,Hipofiz tümörü,evet,0.000144,0.00169,0.998166
1640,1641,brain_tumor_figshare/1641.mat,101017,2,2,Hipofiz tümörü,2,Hipofiz tümörü,evet,0.000239,0.000139,0.999622
1641,1642,brain_tumor_figshare/1642.mat,101017,2,2,Hipofiz tümörü,2,Hipofiz tümörü,evet,0.000796,0.000201,0.999003
1642,1643,brain_tumor_figshare/1643.mat,101017,2,2,Hipofiz tümörü,2,Hipofiz tümörü,evet,0.000188,0.000478,0.999334
1643,1644,brain_tumor_figshare/1644.mat,101029,1,2,Hipofiz tümörü,2,Hipofiz tümörü,evet,0.008082,0.025703,0.966215
1644,1645,brain_tumor_figshare/1645.mat,101029,1,2,Hipofiz tümörü,2,Hipofiz tümörü,evet,0.004236,0.003139,0.992625
1645,1646,brain_tumor_figshare/1646.mat,101029,1,2,Hipofiz tümörü,2,Hipofiz tümörü,evet,0.001324,0.000601,0.998075
1646,1647,brain_tumor_figshare/1647.mat,101029,1,2,Hipofiz tümörü,2,Hipofiz tümörü,evet,0.001398,0.000155,0.998448
1647,1648,brain_tumor_figshare/1648.mat,101029,1,2,Hipofiz tümörü,2,Hipofiz tümörü,evet,0.008685,0.001753,0.989561
1648,1649,brain_tumor_figshare/1649.mat,101029,1,2,Hipofiz tümörü,2,Hipofiz tümörü,evet,0.00124,0.000262,0.998498
1649,1650,brain_tumor_figshare/1650.mat,101029,1,2,Hipofiz tümörü,2,Hipofiz tümörü,evet,0.003621,0.002539,0.99384
1650,1651,brain_tumor_figshare/1651.mat,101145,2,2,Hipofiz tümörü,2,Hipofiz tümörü,evet,0.059489,0.299364,0.641147
1651,1652,brain_tumor_figshare/1652.mat,101145,2,2,Hipofiz tümörü,2,Hipofiz tümörü,evet,0.190799,0.083548,0.725653
1652,1653,brain_tumor_figshare/1653.mat,101145,2,2,Hipofiz tümörü,2,Hipofiz tümörü,evet,0.095435,0.033838,0.870727
1653,1654,brain_tumor_figshare/1654.mat,101145,2,2,Hipofiz tümörü,2,Hipofiz tümörü,evet,0.022887,0.009182,0.967931
1654,1655,brain_tumor_figshare/1655.mat,101305,3,2,Hipofiz tümörü,2,Hipofiz tümörü,evet,0.000249,0.001892,0.99786
1655,1656,brain_tumor_figshare/1656.mat,101305,3,2,Hipofiz tümörü,2,Hipofiz tümörü,evet,0.000716,5.9e-05,0.999226
1656,1657,brain_tumor_figshare/1657.mat,101305,3,2,Hipofiz tümörü,2,Hipofiz tümörü,evet,0.001901,6.4e-05,0.998035
1657,1658,brain_tumor_figshare/1658.mat,101305,3,2,Hipofiz tümörü,2,Hipofiz tümörü,evet,0.003895,0.00204,0.994065
1658,1659,brain_tumor_figshare/1659.mat,101724,2,2,Hipofiz tümörü,2,Hipofiz tümörü,evet,0.005295,0.000428,0.994277
1659,1660,brain_tumor_figshare/1660.mat,101724,2,2,Hipofiz tümörü,2,Hipofiz tümörü,evet,0.000356,1.5e-05,0.999629
1660,1661,brain_tumor_figshare/1661.mat,101724,2,2,Hipofiz tümörü,2,Hipofiz tümörü,evet,0.002282,4.6e-05,0.997672
1661,1662,brain_tumor_figshare/1662.mat,101724,2,2,Hipofiz tümörü,2,Hipofiz tümörü,evet,0.001869,0.000111,0.99802
1662,1663,brain_tumor_figshare/1663.mat,101724,2,2,Hipofiz tümörü,2,Hipofiz tümörü,evet,0.003072,0.000885,0.996044
1663,1664,brain_tumor_figshare/1664.mat,101724,2,2,Hipofiz tümörü,2,Hipofiz tümörü,evet,0.003081,0.000978,0.99594
1664,1665,brain_tumor_figshare/1665.mat,102648,2,2,Hipofiz tümörü,2,Hipofiz tümörü,evet,0.00176,0.001536,0.996704
1665,1666,brain_tumor_figshare/1666.mat,102648,2,2,Hipofiz tümörü,2,Hipofiz tümörü,evet,6.8e-05,1.8e-05,0.999914
1666,1667,brain_tumor_figshare/1667.mat,102648,2,2,Hipofiz tümörü,2,Hipofiz tümörü,evet,2e-05,8e-06,0.999973
1667,1668,brain_tumor_figshare/1668.mat,102648,2,2,Hipofiz tümörü,2,Hipofiz tümörü,evet,4.8e-05,6.3e-05,0.999889
1668,1669,brain_tumor_figshare/1669.mat,102648,2,2,Hipofiz tümörü,2,Hipofiz tümörü,evet,9.3e-05,0.001273,0.998635
1669,1670,brain_tumor_figshare/1670.mat,102648,2,2,Hipofiz tümörü,2,Hipofiz tümörü,evet,3e-06,0.00154,0.998456
1670,1671,brain_tumor_figshare/1671.mat,102648,2,2,Hipofiz tümörü,2,Hipofiz tümörü,evet,0.0,8e-05,0.999919
1671,1672,brain_tumor_figshare/1672.mat,102669,5,2,Hipofiz tümörü,2,Hipofiz tümörü,evet,0.01688,0.071896,0.911224
1672,1673,brain_tumor_figshare/1673.mat,103046,2,2,Hipofiz tümörü,2,Hipofiz tümörü,evet,0.001494,0.000493,0.998013
1673,1674,brain_tumor_figshare/1674.mat,103046,2,2,Hipofiz tümörü,2,Hipofiz tümörü,evet,0.005562,0.001004,0.993434
1674,1675,brain_tumor_figshare/1675.mat,103046,2,2,Hipofiz tümörü,2,Hipofiz tümörü,evet,0.257934,0.005804,0.736262
1675,1676,brain_tumor_figshare/1676.mat,103046,2,2,Hipofiz tümörü,2,Hipofiz tümörü,evet,0.036774,0.000176,0.96305
1676,1677,brain_tumor_figshare/1677.mat,103257,4,2,Hipofiz tümörü,2,Hipofiz tümörü,evet,0.000186,2.1e-05,0.999792
1677,1678,brain_tumor_figshare/1678.mat,103257,4,2,Hipofiz tümörü,2,Hipofiz tümörü,evet,0.001805,0.000133,0.998062
1678,1679,brain_tumor_figshare/1679.mat,103257,4,2,Hipofiz tümörü,2,Hipofiz tümörü,evet,0.007378,0.002964,0.989657
1679,1680,brain_tumor_figshare/1680.mat,103257,4,2,Hipofiz tümörü,2,Hipofiz tümörü,evet,0.010188,0.002087,0.987724
1680,1681,brain_tumor_figshare/1681.mat,103257,4,2,Hipofiz tümörü,2,Hipofiz tümörü,evet,0.001203,0.000344,0.998453
1681,1682,brain_tumor_figshare/1682.mat,103257,4,2,Hipofiz tümörü,2,Hipofiz tümörü,evet,0.010144,0.004993,0.984863
1682,1683,brain_tumor_figshare/1683.mat,103257,4,2,Hipofiz tümörü,2,Hipofiz tümörü,evet,0.003469,0.004063,0.992468
1683,1684,brain_tumor_figshare/1684.mat,103478,5,2,Hipofiz tümörü,2,Hipofiz tümörü,evet,0.029706,0.017261,0.953033
1684,1685,brain_tumor_figshare/1685.mat,103478,5,2,Hipofiz tümörü,2,Hipofiz tümörü,evet,0.002196,0.010381,0.987423
1685,1686,brain_tumor_figshare/1686.mat,103478,5,2,Hipofiz tümörü,2,Hipofiz tümörü,evet,0.018405,0.003355,0.97824
1686,1687,brain_tumor_figshare/1687.mat,103478,5,2,Hipofiz tümörü,2,Hipofiz tümörü,evet,0.0322,0.046501,0.921299
1687,1688,brain_tumor_figshare/1688.mat,103478,5,2,Hipofiz tümörü,2,Hipofiz tümörü,evet,0.01155,0.015373,0.973077
1688,1689,brain_tumor_figshare/1689.mat,103478,5,2,Hipofiz tümörü,2,Hipofiz tümörü,evet,0.006899,0.019399,0.973702
1689,1690,brain_tumor_figshare/1690.mat,103478,5,2,Hipofiz tümörü,2,Hipofiz tümörü,evet,0.087047,0.013263,0.89969
1690,1691,brain_tumor_figshare/1691.mat,103478,5,2,Hipofiz tümörü,2,Hipofiz tümörü,evet,0.021273,0.014354,0.964373
1691,1692,brain_tumor_figshare/1692.mat,103582,3,2,Hipofiz tümörü,2,Hipofiz tümörü,evet,0.011861,0.008642,0.979497
1692,1693,brain_tumor_figshare/1693.mat,103582,3,2,Hipofiz tümörü,2,Hipofiz tümörü,evet,0.002531,0.000793,0.996676
1693,1694,brain_tumor_figshare/1694.mat,103582,3,2,Hipofiz tümörü,2,Hipofiz tümörü,evet,0.015249,0.004094,0.980657
1694,1695,brain_tumor_figshare/1695.mat,103582,3,2,Hipofiz tümörü,2,Hipofiz tümörü,evet,0.099253,0.02201,0.878738
1695,1696,brain_tumor_figshare/1696.mat,103582,3,2,Hipofiz tümörü,2,Hipofiz tümörü,evet,0.030678,0.002941,0.966381
1696,1697,brain_tumor_figshare/1697.mat,103582,3,2,Hipofiz tümörü,2,Hipofiz tümörü,evet,0.070896,0.044866,0.884238
1697,1698,brain_tumor_figshare/1698.mat,103582,3,2,Hipofiz tümörü,2,Hipofiz tümörü,evet,0.255295,0.032612,0.712093
1698,1699,brain_tumor_figshare/1699.mat,103582,3,2,Hipofiz tümörü,2,Hipofiz tümörü,evet,0.048209,0.109303,0.842488
1699,1700,brain_tumor_figshare/1700.mat,103670,5,2,Hipofiz tümörü,2,Hipofiz tümörü,evet,0.0009,2.4e-05,0.999076
1700,1701,brain_tumor_figshare/1701.mat,103670,5,2,Hipofiz tümörü,2,Hipofiz tümörü,evet,0.000139,9e-06,0.999852
1701,1702,brain_tumor_figshare/1702.mat,103670,5,2,Hipofiz tümörü,2,Hipofiz tümörü,evet,6.9e-05,2.3e-05,0.999908
1702,1703,brain_tumor_figshare/1703.mat,103670,5,2,Hipofiz tümörü,2,Hipofiz tümörü,evet,0.000146,0.004135,0.995719
1703,1704,brain_tumor_figshare/1704.mat,103671,1,2,Hipofiz tümörü,2,Hipofiz tümörü,evet,0.001153,0.000742,0.998105
1704,1705,brain_tumor_figshare/1705.mat,103671,1,2,Hipofiz tümörü,2,Hipofiz tümörü,evet,0.001452,6.4e-05,0.998484
1705,1706,brain_tumor_figshare/1706.mat,103671,1,2,Hipofiz tümörü,2,Hipofiz tümörü,evet,0.014374,0.000205,0.985421
1706,1707,brain_tumor_figshare/1707.mat,103671,1,2,Hipofiz tümörü,2,Hipofiz tümörü,evet,0.040172,0.000971,0.958857
1707,1708,brain_tumor_figshare/1708.mat,103671,1,2,Hipofiz tümörü,2,Hipofiz tümörü,evet,0.012392,0.012161,0.975447
1708,1709,brain_tumor_figshare/1709.mat,103731,4,2,Hipofiz tümörü,2,Hipofiz tümörü,evet,0.014228,0.453756,0.532016
1709,1710,brain_tumor_figshare/1710.mat,103731,4,2,Hipofiz tümörü,2,Hipofiz tümörü,evet,0.028542,0.318959,0.6525
1710,1711,brain_tumor_figshare/1711.mat,103731,4,2,Hipofiz tümörü,2,Hipofiz tümörü,evet,0.027123,0.356794,0.616082
1711,1712,brain_tumor_figshare/1712.mat,103731,4,2,Hipofiz tümörü,2,Hipofiz tümörü,evet,0.006271,0.204225,0.789504
1712,1713,brain_tumor_figshare/1713.mat,103731,4,2,Hipofiz tümörü,2,Hipofiz tümörü,evet,0.006041,0.047606,0.946353
1713,1714,brain_tumor_figshare/1714.mat,103837,2,2,Hipofiz tümörü,2,Hipofiz tümörü,evet,0.030297,0.009659,0.960044
1714,1715,brain_tumor_figshare/1715.mat,103837,2,2,Hipofiz tümörü,2,Hipofiz tümörü,evet,0.001989,0.000817,0.997194
1715,1716,brain_tumor_figshare/1716.mat,103837,2,2,Hipofiz tümörü,2,Hipofiz tümörü,evet,0.000795,0.000987,0.998217
1716,1717,brain_tumor_figshare/1717.mat,103837,2,2,Hipofiz tümörü,2,Hipofiz tümörü,evet,0.003766,0.001047,0.995187
1717,1718,brain_tumor_figshare/1718.mat,103837,2,2,Hipofiz tümörü,2,Hipofiz tümörü,evet,0.005722,0.020912,0.973365
1718,1719,brain_tumor_figshare/1719.mat,103837,2,2,Hipofiz tümörü,2,Hipofiz tümörü,evet,0.006335,0.024533,0.969133
1719,1720,brain_tumor_figshare/1720.mat,103837,2,2,Hipofiz tümörü,2,Hipofiz tümörü,evet,0.000654,0.004187,0.995159
1720,1721,brain_tumor_figshare/1721.mat,104019,4,2,Hipofiz tümörü,2,Hipofiz tümörü,evet,0.004767,0.002308,0.992926
1721,1722,brain_tumor_figshare/1722.mat,104019,4,2,Hipofiz tümörü,2,Hipofiz tümörü,evet,0.004824,0.000755,0.99442
1722,1723,brain_tumor_figshare/1723.mat,104019,4,2,Hipofiz tümörü,2,Hipofiz tümörü,evet,0.001796,0.000361,0.997843
1723,1724,brain_tumor_figshare/1724.mat,104019,4,2,Hipofiz tümörü,2,Hipofiz tümörü,evet,0.019612,0.010655,0.969733
1724,1725,brain_tumor_figshare/1725.mat,104558,2,2,Hipofiz tümörü,1,Gliom,hayır,0.002348,0.524002,0.47365
1725,1726,brain_tumor_figshare/1726.mat,104558,2,2,Hipofiz tümörü,2,Hipofiz tümörü,evet,0.000671,0.025257,0.974072
1726,1727,brain_tumor_figshare/1727.mat,104558,2,2,Hipofiz tümörü,2,Hipofiz tümörü,evet,0.000937,0.005926,0.993137
1727,1728,brain_tumor_figshare/1728.mat,104558,2,2,Hipofiz tümörü,2,Hipofiz tümörü,evet,0.001951,0.159742,0.838308
1728,1729,brain_tumor_figshare/1729.mat,104558,2,2,Hipofiz tümörü,2,Hipofiz tümörü,evet,0.006236,0.052175,0.941589
1729,1730,brain_tumor_figshare/1730.mat,104558,2,2,Hipofiz tümörü,2,Hipofiz tümörü,evet,0.003453,0.021289,0.975258
1730,1731,brain_tumor_figshare/1731.mat,104558,2,2,Hipofiz tümörü,2,Hipofiz tümörü,evet,0.001777,0.039944,0.95828
1731,1732,brain_tumor_figshare/1732.mat,104558,2,2,Hipofiz tümörü,2,Hipofiz tümörü,evet,0.031903,0.106235,0.861863
1732,1733,brain_tumor_figshare/1733.mat,104558,2,2,Hipofiz tümörü,2,Hipofiz tümörü,evet,0.122524,0.092664,0.784812
1733,1734,brain_tumor_figshare/1734.mat,104684,3,2,Hipofiz tümörü,2,Hipofiz tümörü,evet,0.019224,0.001959,0.978817
1734,1735,brain_tumor_figshare/1735.mat,104684,3,2,Hipofiz tümörü,2,Hipofiz tümörü,evet,0.047285,0.023868,0.928847
1735,1736,brain_tumor_figshare/1736.mat,104684,3,2,Hipofiz tümörü,2,Hipofiz tümörü,evet,0.034011,0.050006,0.915983
1736,1737,brain_tumor_figshare/1737.mat,104684,3,2,Hipofiz tümörü,2,Hipofiz tümörü,evet,0.009325,0.028622,0.962053
1737,1738,brain_tumor_figshare/1738.mat,104684,3,2,Hipofiz tümörü,2,Hipofiz tümörü,evet,0.011394,0.027212,0.961394
1738,1739,brain_tumor_figshare/1739.mat,104684,3,2,Hipofiz tümörü,2,Hipofiz tümörü,evet,0.0376,0.024629,0.937772
1739,1740,brain_tumor_figshare/1740.mat,104684,3,2,Hipofiz tümörü,2,Hipofiz tümörü,evet,0.01359,0.009457,0.976954
1740,1741,brain_tumor_figshare/1741.mat,104912,5,2,Hipofiz tümörü,2,Hipofiz tümörü,evet,0.009807,0.000561,0.989633
1741,1742,brain_tumor_figshare/1742.mat,104912,5,2,Hipofiz tümörü,2,Hipofiz tümörü,evet,0.178683,0.037861,0.783455
1742,1743,brain_tumor_figshare/1743.mat,104912,5,2,Hipofiz tümörü,2,Hipofiz tümörü,evet,0.158583,0.001096,0.840321
1743,1744,brain_tumor_figshare/1744.mat,104912,5,2,Hipofiz tümörü,0,Meningiom,hayır,0.631625,0.04046,0.327916
1744,1745,brain_tumor_figshare/1745.mat,104912,5,2,Hipofiz tümörü,2,Hipofiz tümörü,evet,0.377477,0.00868,0.613843
1745,1746,brain_tumor_figshare/1746.mat,104912,5,2,Hipofiz tümörü,2,Hipofiz tümörü,evet,0.400488,0.00955,0.589962
1746,1747,brain_tumor_figshare/1747.mat,104912,5,2,Hipofiz tümörü,2,Hipofiz tümörü,evet,0.01945,0.122604,0.857946
1747,1748,brain_tumor_figshare/1748.mat,105187,1,2,Hipofiz tümörü,2,Hipofiz tümörü,evet,0.033865,0.000333,0.965802
1748,1749,brain_tumor_figshare/1749.mat,105187,1,2,Hipofiz tümörü,2,Hipofiz tümörü,evet,0.354514,0.007516,0.63797
1749,1750,brain_tumor_figshare/1750.mat,105187,1,2,Hipofiz tümörü,2,Hipofiz tümörü,evet,0.219452,0.000717,0.779831
1750,1751,brain_tumor_figshare/1751.mat,105187,1,2,Hipofiz tümörü,2,Hipofiz tümörü,evet,0.218342,0.002427,0.779231
1751,1752,brain_tumor_figshare/1752.mat,105187,1,2,Hipofiz tümörü,2,Hipofiz tümörü,evet,0.131088,0.001707,0.867205
1752,1753,brain_tumor_figshare/1753.mat,105187,1,2,Hipofiz tümörü,2,Hipofiz tümörü,evet,0.099303,0.036079,0.864618
1753,1754,brain_tumor_figshare/1754.mat,105475,1,2,Hipofiz tümörü,2,Hipofiz tümörü,evet,0.00139,0.00048,0.998131
1754,1755,brain_tumor_figshare/1755.mat,105475,1,2,Hipofiz tümörü,2,Hipofiz tümörü,evet,0.003863,0.001241,0.994897
1755,1756,brain_tumor_figshare/1756.mat,105475,1,2,Hipofiz tümörü,2,Hipofiz tümörü,evet,0.001351,0.004838,0.99381
1756,1757,brain_tumor_figshare/1757.mat,105475,1,2,Hipofiz tümörü,2,Hipofiz tümörü,evet,0.002819,0.000677,0.996504
1757,1758,brain_tumor_figshare/1758.mat,105475,1,2,Hipofiz tümörü,2,Hipofiz tümörü,evet,0.009534,0.008359,0.982107
1758,1759,brain_tumor_figshare/1759.mat,105538,4,2,Hipofiz tümörü,2,Hipofiz tümörü,evet,0.015428,0.04589,0.938682
1759,1760,brain_tumor_figshare/1760.mat,105538,4,2,Hipofiz tümörü,2,Hipofiz tümörü,evet,0.093166,0.009084,0.897749
1760,1761,brain_tumor_figshare/1761.mat,105638,4,2,Hipofiz tümörü,2,Hipofiz tümörü,evet,0.002147,0.002459,0.995394
1761,1762,brain_tumor_figshare/1762.mat,105638,4,2,Hipofiz tümörü,2,Hipofiz tümörü,evet,0.002022,0.000423,0.997555
1762,1763,brain_tumor_figshare/1763.mat,105638,4,2,Hipofiz tümörü,2,Hipofiz tümörü,evet,0.002269,0.000392,0.997339
1763,1764,brain_tumor_figshare/1764.mat,105638,4,2,Hipofiz tümörü,2,Hipofiz tümörü,evet,0.000237,2e-05,0.999743
1764,1765,brain_tumor_figshare/1765.mat,105638,4,2,Hipofiz tümörü,2,Hipofiz tümörü,evet,2.6e-05,4.3e-05,0.999931
1765,1766,brain_tumor_figshare/1766.mat,97416,4,2,Hipofiz tümörü,2,Hipofiz tümörü,evet,8.6e-05,0.012403,0.987511
1766,1767,brain_tumor_figshare/1767.mat,97416,4,2,Hipofiz tümörü,2,Hipofiz tümörü,evet,0.146935,0.001004,0.852061
1767,1768,brain_tumor_figshare/1768.mat,97416,4,2,Hipofiz tümörü,2,Hipofiz tümörü,evet,0.044538,0.003714,0.951748
1768,1769,brain_tumor_figshare/1769.mat,97416,4,2,Hipofiz tümörü,2,Hipofiz tümörü,evet,0.005011,0.010756,0.984233
1769,1770,brain_tumor_figshare/1770.mat,97416,4,2,Hipofiz tümörü,2,Hipofiz tümörü,evet,0.014194,0.014391,0.971415
1770,1771,brain_tumor_figshare/1771.mat,97416,4,2,Hipofiz tümörü,2,Hipofiz tümörü,evet,0.443604,0.021825,0.534571
1771,1772,brain_tumor_figshare/1772.mat,97416,4,2,Hipofiz tümörü,2,Hipofiz tümörü,evet,0.245235,0.07286,0.681905
1772,1773,brain_tumor_figshare/1773.mat,97461,3,2,Hipofiz tümörü,2,Hipofiz tümörü,evet,0.000166,0.000548,0.999286
1773,1774,brain_tumor_figshare/1774.mat,97461,3,2,Hipofiz tümörü,2,Hipofiz tümörü,evet,0.000501,0.067389,0.93211
1774,1775,brain_tumor_figshare/1775.mat,97461,3,2,Hipofiz tümörü,2,Hipofiz tümörü,evet,9.1e-05,0.152359,0.84755
1775,1776,brain_tumor_figshare/1776.mat,97461,3,2,Hipofiz tümörü,2,Hipofiz tümörü,evet,1.5e-05,0.012576,0.98741
1776,1777,brain_tumor_figshare/1777.mat,97461,3,2,Hipofiz tümörü,2,Hipofiz tümörü,evet,0.0,0.020165,0.979834
1777,1778,brain_tumor_figshare/1778.mat,97461,3,2,Hipofiz tümörü,2,Hipofiz tümörü,evet,0.000771,0.305738,0.693492
1778,1779,brain_tumor_figshare/1779.mat,97461,3,2,Hipofiz tümörü,2,Hipofiz tümörü,evet,0.000205,0.006314,0.993481
1779,1780,brain_tumor_figshare/1780.mat,97461,3,2,Hipofiz tümörü,2,Hipofiz tümörü,evet,6.3e-05,0.000138,0.999799
1780,1781,brain_tumor_figshare/1781.mat,97481,2,2,Hipofiz tümörü,2,Hipofiz tümörü,evet,0.001247,0.001746,0.997007
1781,1782,brain_tumor_figshare/1782.mat,97481,2,2,Hipofiz tümörü,2,Hipofiz tümörü,evet,0.000393,0.000687,0.99892
1782,1783,brain_tumor_figshare/1783.mat,97481,2,2,Hipofiz tümörü,2,Hipofiz tümörü,evet,0.000597,0.00063,0.998773
1783,1784,brain_tumor_figshare/1784.mat,97481,2,2,Hipofiz tümörü,2,Hipofiz tümörü,evet,2.9e-05,0.00026,0.999711
1784,1785,brain_tumor_figshare/1785.mat,97481,2,2,Hipofiz tümörü,2,Hipofiz tümörü,evet,0.000269,0.003843,0.995888
1785,1786,brain_tumor_figshare/1786.mat,97599,2,2,Hipofiz tümörü,2,Hipofiz tümörü,evet,0.027837,0.012291,0.959872
1786,1787,brain_tumor_figshare/1787.mat,97599,2,2,Hipofiz tümörü,2,Hipofiz tümörü,evet,0.033205,0.006021,0.960774
1787,1788,brain_tumor_figshare/1788.mat,97599,2,2,Hipofiz tümörü,2,Hipofiz tümörü,evet,0.037118,0.001925,0.960957
1788,1789,brain_tumor_figshare/1789.mat,97890,1,2,Hipofiz tümörü,2,Hipofiz tümörü,evet,0.001584,0.045836,0.95258
1789,1790,brain_tumor_figshare/1790.mat,97890,1,2,Hipofiz tümörü,2,Hipofiz tümörü,evet,0.020227,0.005382,0.974391
1790,1791,brain_tumor_figshare/1791.mat,97890,1,2,Hipofiz tümörü,2,Hipofiz tümörü,evet,0.157401,0.005725,0.836874
1791,1792,brain_tumor_figshare/1792.mat,97890,1,2,Hipofiz tümörü,2,Hipofiz tümörü,evet,0.076462,0.152083,0.771455
1792,1793,brain_tumor_figshare/1793.mat,97890,1,2,Hipofiz tümörü,2,Hipofiz tümörü,evet,0.03776,0.067897,0.894343
1793,1794,brain_tumor_figshare/1794.mat,97890,1,2,Hipofiz tümörü,2,Hipofiz tümörü,evet,0.025501,0.074074,0.900425
1794,1795,brain_tumor_figshare/1795.mat,98472,3,2,Hipofiz tümörü,2,Hipofiz tümörü,evet,0.008598,0.002027,0.989374
1795,1796,brain_tumor_figshare/1796.mat,98472,3,2,Hipofiz tümörü,2,Hipofiz tümörü,evet,0.000213,5.5e-05,0.999732
1796,1797,brain_tumor_figshare/1797.mat,98472,3,2,Hipofiz tümörü,2,Hipofiz tümörü,evet,0.00029,5e-06,0.999704
1797,1798,brain_tumor_figshare/1798.mat,98472,3,2,Hipofiz tümörü,2,Hipofiz tümörü,evet,0.000403,3e-05,0.999567
1798,1799,brain_tumor_figshare/1799.mat,98472,3,2,Hipofiz tümörü,2,Hipofiz tümörü,evet,0.000156,2.9e-05,0.999815
1799,1800,brain_tumor_figshare/1800.mat,98472,3,2,Hipofiz tümörü,2,Hipofiz tümörü,evet,0.000136,2.4e-05,0.99984
1800,1801,brain_tumor_figshare/1801.mat,98652,3,2,Hipofiz tümörü,2,Hipofiz tümörü,evet,0.000174,1.1e-05,0.999816
1801,1802,brain_tumor_figshare/1802.mat,98652,3,2,Hipofiz tümörü,2,Hipofiz tümörü,evet,0.000139,3e-06,0.999859
1802,1803,brain_tumor_figshare/1803.mat,98652,3,2,Hipofiz tümörü,2,Hipofiz tümörü,evet,0.000882,1.3e-05,0.999105
1803,1804,brain_tumor_figshare/1804.mat,98652,3,2,Hipofiz tümörü,2,Hipofiz tümörü,evet,0.004093,0.001123,0.994784
1804,1805,brain_tumor_figshare/1805.mat,98652,3,2,Hipofiz tümörü,2,Hipofiz tümörü,evet,0.002591,2.9e-05,0.99738
1805,1806,brain_tumor_figshare/1806.mat,98871,4,2,Hipofiz tümörü,2,Hipofiz tümörü,evet,0.220605,0.189127,0.590268
1806,1807,brain_tumor_figshare/1807.mat,98871,4,2,Hipofiz tümörü,2,Hipofiz tümörü,evet,0.058712,0.437362,0.503926
1807,1808,brain_tumor_figshare/1808.mat,98871,4,2,Hipofiz tümörü,0,Meningiom,hayır,0.896918,0.057464,0.045617
1808,1809,brain_tumor_figshare/1809.mat,98871,4,2,Hipofiz tümörü,0,Meningiom,hayır,0.766328,0.0219,0.211772
1809,1810,brain_tumor_figshare/1810.mat,98871,4,2,Hipofiz tümörü,0,Meningiom,hayır,0.759636,0.01265,0.227714
1810,1811,brain_tumor_figshare/1811.mat,98871,4,2,Hipofiz tümörü,0,Meningiom,hayır,0.736113,0.096814,0.167073
1811,1812,brain_tumor_figshare/1812.mat,98871,4,2,Hipofiz tümörü,1,Gliom,hayır,0.252217,0.440166,0.307618
1812,1813,brain_tumor_figshare/1813.mat,98874,1,2,Hipofiz tümörü,2,Hipofiz tümörü,evet,0.016205,0.011374,0.972421
1813,1814,brain_tumor_figshare/1814.mat,98874,1,2,Hipofiz tümörü,2,Hipofiz tümörü,evet,0.01502,0.001684,0.983297
1814,1815,brain_tumor_figshare/1815.mat,98874,1,2,Hipofiz tümörü,2,Hipofiz tümörü,evet,0.001656,0.000766,0.997578
1815,1816,brain_tumor_figshare/1816.mat,98874,1,2,Hipofiz tümörü,2,Hipofiz tümörü,evet,0.012882,0.000248,0.98687
1816,1817,brain_tumor_figshare/1817.mat,98874,1,2,Hipofiz tümörü,2,Hipofiz tümörü,evet,0.005596,0.002538,0.991867
1817,1818,brain_tumor_figshare/1818.mat,98874,1,2,Hipofiz tümörü,2,Hipofiz tümörü,evet,0.021154,0.006243,0.972603
1818,1819,brain_tumor_figshare/1819.mat,98992,5,2,Hipofiz tümörü,2,Hipofiz tümörü,evet,0.053159,0.299979,0.646862
1819,1820,brain_tumor_figshare/1820.mat,98992,5,2,Hipofiz tümörü,1,Gliom,hayır,0.301427,0.512498,0.186076
1820,1821,brain_tumor_figshare/1821.mat,98992,5,2,Hipofiz tümörü,1,Gliom,hayır,0.010167,0.543335,0.446498
1821,1822,brain_tumor_figshare/1822.mat,98992,5,2,Hipofiz tümörü,2,Hipofiz tümörü,evet,0.214454,0.153488,0.632058
1822,1823,brain_tumor_figshare/1823.mat,98992,5,2,Hipofiz tümörü,1,Gliom,hayır,0.004738,0.891367,0.103895
1823,1824,brain_tumor_figshare/1824.mat,98992,5,2,Hipofiz tümörü,1,Gliom,hayır,0.00124,0.663013,0.335746
1824,1825,brain_tumor_figshare/1825.mat,98992,5,2,Hipofiz tümörü,2,Hipofiz tümörü,evet,0.003134,0.318367,0.678499
1825,1826,brain_tumor_figshare/1826.mat,98992,5,2,Hipofiz tümörü,2,Hipofiz tümörü,evet,0.014449,0.162268,0.823284
1826,1827,brain_tumor_figshare/1827.mat,98992,5,2,Hipofiz tümörü,1,Gliom,hayır,0.023008,0.547768,0.429223
1827,1828,brain_tumor_figshare/1828.mat,98992,5,2,Hipofiz tümörü,2,Hipofiz tümörü,evet,0.004079,0.252156,0.743765
1828,1829,brain_tumor_figshare/1829.mat,98992,5,2,Hipofiz tümörü,1,Gliom,hayır,0.00169,0.596816,0.401495
1829,1830,brain_tumor_figshare/1830.mat,98995,4,2,Hipofiz tümörü,2,Hipofiz tümörü,evet,0.005214,0.015944,0.978842
1830,1831,brain_tumor_figshare/1831.mat,98995,4,2,Hipofiz tümörü,2,Hipofiz tümörü,evet,0.00886,0.001035,0.990105
1831,1832,brain_tumor_figshare/1832.mat,98995,4,2,Hipofiz tümörü,2,Hipofiz tümörü,evet,0.008974,0.00018,0.990845
1832,1833,brain_tumor_figshare/1833.mat,98995,4,2,Hipofiz tümörü,2,Hipofiz tümörü,evet,0.001308,2e-05,0.998672
1833,1834,brain_tumor_figshare/1834.mat,98995,4,2,Hipofiz tümörü,2,Hipofiz tümörü,evet,0.004169,0.000425,0.995405
1834,1835,brain_tumor_figshare/1835.mat,99223,1,2,Hipofiz tümörü,2,Hipofiz tümörü,evet,3.8e-05,0.000293,0.999668
1835,1836,brain_tumor_figshare/1836.mat,99223,1,2,Hipofiz tümörü,2,Hipofiz tümörü,evet,0.000101,0.000262,0.999637
1836,1837,brain_tumor_figshare/1837.mat,99223,1,2,Hipofiz tümörü,2,Hipofiz tümörü,evet,6e-06,3e-06,0.999991
1837,1838,brain_tumor_figshare/1838.mat,99223,1,2,Hipofiz tümörü,2,Hipofiz tümörü,evet,7e-06,7e-06,0.999986
1838,1839,brain_tumor_figshare/1839.mat,99223,1,2,Hipofiz tümörü,2,Hipofiz tümörü,evet,0.000318,3e-06,0.999679
1839,1840,brain_tumor_figshare/1840.mat,99223,1,2,Hipofiz tümörü,2,Hipofiz tümörü,evet,0.001372,0.005188,0.99344
1840,1841,brain_tumor_figshare/1841.mat,MR048294,1,1,Gliom,1,Gliom,evet,0.014513,0.984413,0.001074
1841,1842,brain_tumor_figshare/1842.mat,MR048294,1,1,Gliom,1,Gliom,evet,0.025102,0.974894,4e-06
1842,1843,brain_tumor_figshare/1843.mat,MR048294,1,1,Gliom,1,Gliom,evet,0.14047,0.85624,0.00329
1843,1844,brain_tumor_figshare/1844.mat,MR048294,1,1,Gliom,1,Gliom,evet,0.24142,0.744271,0.014308
1844,1845,brain_tumor_figshare/1845.mat,MR048294,1,1,Gliom,1,Gliom,evet,0.483693,0.512705,0.003602
1845,1846,brain_tumor_figshare/1846.mat,MR048294,1,1,Gliom,1,Gliom,evet,0.218557,0.775986,0.005457
1846,1847,brain_tumor_figshare/1847.mat,MR048294,1,1,Gliom,1,Gliom,evet,0.02608,0.973845,7.6e-05
1847,1848,brain_tumor_figshare/1848.mat,MR048294,1,1,Gliom,1,Gliom,evet,0.045041,0.954924,3.5e-05
1848,1849,brain_tumor_figshare/1849.mat,MR048297,1,1,Gliom,1,Gliom,evet,0.05471,0.89627,0.04902
1849,1850,brain_tumor_figshare/1850.mat,MR048297,1,1,Gliom,0,Meningiom,hayır,0.95202,0.033791,0.014189
1850,1851,brain_tumor_figshare/1851.mat,MR048297,1,1,Gliom,0,Meningiom,hayır,0.553848,0.427121,0.019032
1851,1852,brain_tumor_figshare/1852.mat,MR048297,1,1,Gliom,1,Gliom,evet,0.337397,0.660215,0.002388
1852,1853,brain_tumor_figshare/1853.mat,MR048294B,5,1,Gliom,1,Gliom,evet,0.004339,0.992877,0.002783
1853,1854,brain_tumor_figshare/1854.mat,MR048621B,5,1,Gliom,1,Gliom,evet,0.015123,0.983888,0.000989
1854,1855,brain_tumor_figshare/1855.mat,MR048621B,5,1,Gliom,1,Gliom,evet,0.128437,0.871272,0.000291
1855,1856,brain_tumor_figshare/1856.mat,MR048621B,5,1,Gliom,1,Gliom,evet,0.000884,0.998715,0.000401
1856,1857,brain_tumor_figshare/1857.mat,MR048621B,5,1,Gliom,1,Gliom,evet,0.000639,0.998904,0.000456
1857,1858,brain_tumor_figshare/1858.mat,MR048621B,5,1,Gliom,1,Gliom,evet,0.001178,0.998711,0.000111
1858,1859,brain_tumor_figshare/1859.mat,MR048621B,5,1,Gliom,1,Gliom,evet,0.004843,0.994213,0.000944
1859,1860,brain_tumor_figshare/1860.mat,MR048621B,5,1,Gliom,1,Gliom,evet,0.003621,0.995704,0.000675
1860,1861,brain_tumor_figshare/1861.mat,MR048621B,5,1,Gliom,1,Gliom,evet,0.014923,0.98468,0.000398
1861,1862,brain_tumor_figshare/1862.mat,MR048944,5,1,Gliom,1,Gliom,evet,0.04656,0.94972,0.00372
1862,1863,brain_tumor_figshare/1863.mat,MR048944,5,1,Gliom,1,Gliom,evet,0.02784,0.969264,0.002897
1863,1864,brain_tumor_figshare/1864.mat,MR048944,5,1,Gliom,1,Gliom,evet,0.001058,0.997171,0.001771
1864,1865,brain_tumor_figshare/1865.mat,MR048944,5,1,Gliom,1,Gliom,evet,0.000389,0.99954,7.1e-05
1865,1866,brain_tumor_figshare/1866.mat,MR048944,5,1,Gliom,1,Gliom,evet,0.000387,0.999612,1e-06
1866,1867,brain_tumor_figshare/1867.mat,MR048944,5,1,Gliom,1,Gliom,evet,9.9e-05,0.999886,1.5e-05
1867,1868,brain_tumor_figshare/1868.mat,MR048944,5,1,Gliom,1,Gliom,evet,8e-05,0.999916,4e-06
1868,1869,brain_tumor_figshare/1869.mat,MR048944,5,1,Gliom,1,Gliom,evet,0.031799,0.968171,3e-05
1869,1870,brain_tumor_figshare/1870.mat,MR048994,2,1,Gliom,1,Gliom,evet,0.012495,0.985557,0.001948
1870,1871,brain_tumor_figshare/1871.mat,MR048994,2,1,Gliom,1,Gliom,evet,0.005237,0.994218,0.000545
1871,1872,brain_tumor_figshare/1872.mat,MR048994,2,1,Gliom,1,Gliom,evet,0.004548,0.995421,3.1e-05
1872,1873,brain_tumor_figshare/1873.mat,MR048994,2,1,Gliom,1,Gliom,evet,0.003232,0.996747,2.1e-05
1873,1874,brain_tumor_figshare/1874.mat,MR048994,2,1,Gliom,1,Gliom,evet,0.011529,0.988456,1.5e-05
1874,1875,brain_tumor_figshare/1875.mat,MR048994,2,1,Gliom,1,Gliom,evet,0.01727,0.982728,2e-06
1875,1876,brain_tumor_figshare/1876.mat,MR048994,2,1,Gliom,1,Gliom,evet,0.198991,0.800982,2.7e-05
1876,1877,brain_tumor_figshare/1877.mat,MR048994,2,1,Gliom,0,Meningiom,hayır,0.793955,0.205703,0.000342
1877,1878,brain_tumor_figshare/1878.mat,MR048994,2,1,Gliom,1,Gliom,evet,0.001619,0.998373,8e-06
1878,1879,brain_tumor_figshare/1879.mat,MR049104,1,1,Gliom,1,Gliom,evet,0.056199,0.938356,0.005445
1879,1880,brain_tumor_figshare/1880.mat,MR049104,1,1,Gliom,1,Gliom,evet,0.015668,0.984016,0.000316
1880,1881,brain_tumor_figshare/1881.mat,MR049142,5,1,Gliom,1,Gliom,evet,0.040805,0.959149,4.7e-05
1881,1882,brain_tumor_figshare/1882.mat,MR049142,5,1,Gliom,1,Gliom,evet,0.01139,0.988588,2.3e-05
1882,1883,brain_tumor_figshare/1883.mat,MR049142,5,1,Gliom,1,Gliom,evet,0.003027,0.996959,1.4e-05
1883,1884,brain_tumor_figshare/1884.mat,MR049142,5,1,Gliom,1,Gliom,evet,0.101833,0.896057,0.00211
1884,1885,brain_tumor_figshare/1885.mat,MR048994B,4,1,Gliom,1,Gliom,evet,0.022849,0.976631,0.00052
1885,1886,brain_tumor_figshare/1886.mat,MR048994B,4,1,Gliom,1,Gliom,evet,0.006647,0.993108,0.000245
1886,1887,brain_tumor_figshare/1887.mat,MR048994B,4,1,Gliom,1,Gliom,evet,0.026311,0.97187,0.001819
1887,1888,brain_tumor_figshare/1888.mat,MR048994B,4,1,Gliom,1,Gliom,evet,0.078193,0.919734,0.002072
1888,1889,brain_tumor_figshare/1889.mat,MR048994B,4,1,Gliom,0,Meningiom,hayır,0.567918,0.305015,0.127067
1889,1890,brain_tumor_figshare/1890.mat,MR048994B,4,1,Gliom,2,Hipofiz tümörü,hayır,0.322333,0.133179,0.544487
1890,1891,brain_tumor_figshare/1891.mat,MR048994B,4,1,Gliom,0,Meningiom,hayır,0.812876,0.15263,0.034494
1891,1892,brain_tumor_figshare/1892.mat,MR048994B,4,1,Gliom,1,Gliom,evet,0.128579,0.856417,0.015004
1892,1893,brain_tumor_figshare/1893.mat,MR048944B,5,1,Gliom,1,Gliom,evet,0.006778,0.989428,0.003794
1893,1894,brain_tumor_figshare/1894.mat,MR048944B,5,1,Gliom,1,Gliom,evet,0.003005,0.99595,0.001045
1894,1895,brain_tumor_figshare/1895.mat,MR048944B,5,1,Gliom,1,Gliom,evet,0.006047,0.99311,0.000843
1895,1896,brain_tumor_figshare/1896.mat,MR048944B,5,1,Gliom,1,Gliom,evet,0.087282,0.911702,0.001017
1896,1897,brain_tumor_figshare/1897.mat,MR048944B,5,1,Gliom,1,Gliom,evet,0.029327,0.970421,0.000252
1897,1898,brain_tumor_figshare/1898.mat,MR048944B,5,1,Gliom,1,Gliom,evet,0.190545,0.809335,0.00012
1898,1899,brain_tumor_figshare/1899.mat,MR049358,3,1,Gliom,0,Meningiom,hayır,0.520331,0.467387,0.012282
1899,1900,brain_tumor_figshare/1900.mat,MR049358,3,1,Gliom,1,Gliom,evet,0.414255,0.582712,0.003033
1900,1901,brain_tumor_figshare/1901.mat,MR049358,3,1,Gliom,1,Gliom,evet,0.046286,0.953447,0.000267
1901,1902,brain_tumor_figshare/1902.mat,MR049358,3,1,Gliom,1,Gliom,evet,1.3e-05,0.999802,0.000186
1902,1903,brain_tumor_figshare/1903.mat,MR049358,3,1,Gliom,1,Gliom,evet,1e-06,0.999951,4.8e-05
1903,1904,brain_tumor_figshare/1904.mat,MR049358,3,1,Gliom,1,Gliom,evet,0.009514,0.990168,0.000317
1904,1905,brain_tumor_figshare/1905.mat,MR049358,3,1,Gliom,1,Gliom,evet,0.010431,0.989562,6e-06
1905,1906,brain_tumor_figshare/1906.mat,MR049358,3,1,Gliom,1,Gliom,evet,0.004806,0.994514,0.000679
1906,1907,brain_tumor_figshare/1907.mat,MR049358,3,1,Gliom,1,Gliom,evet,0.008489,0.991029,0.000482
1907,1908,brain_tumor_figshare/1908.mat,MR049358,3,1,Gliom,1,Gliom,evet,0.143498,0.85232,0.004182
1908,1909,brain_tumor_figshare/1909.mat,MR049104B,3,1,Gliom,1,Gliom,evet,0.100332,0.569485,0.330182
1909,1910,brain_tumor_figshare/1910.mat,MR049104B,3,1,Gliom,1,Gliom,evet,0.041098,0.91413,0.044772
1910,1911,brain_tumor_figshare/1911.mat,MR049104B,3,1,Gliom,1,Gliom,evet,0.012868,0.974237,0.012895
1911,1912,brain_tumor_figshare/1912.mat,MR049104B,3,1,Gliom,1,Gliom,evet,0.025212,0.972163,0.002625
1912,1913,brain_tumor_figshare/1913.mat,MR049104B,3,1,Gliom,1,Gliom,evet,0.021052,0.956349,0.022599
1913,1914,brain_tumor_figshare/1914.mat,MR049453,2,1,Gliom,1,Gliom,evet,0.015434,0.98059,0.003976
1914,1915,brain_tumor_figshare/1915.mat,MR049453,2,1,Gliom,1,Gliom,evet,0.004127,0.973933,0.02194
1915,1916,brain_tumor_figshare/1916.mat,MR049453,2,1,Gliom,1,Gliom,evet,0.00998,0.989638,0.000383
1916,1917,brain_tumor_figshare/1917.mat,MR049453,2,1,Gliom,1,Gliom,evet,0.025768,0.97361,0.000622
1917,1918,brain_tumor_figshare/1918.mat,MR049453,2,1,Gliom,1,Gliom,evet,0.000876,0.999091,3.3e-05
1918,1919,brain_tumor_figshare/1919.mat,MR049453,2,1,Gliom,1,Gliom,evet,0.002204,0.99777,2.6e-05
1919,1920,brain_tumor_figshare/1920.mat,MR049453,2,1,Gliom,1,Gliom,evet,0.000506,0.999491,3e-06
1920,1921,brain_tumor_figshare/1921.mat,MR024780G,1,1,Gliom,1,Gliom,evet,0.017626,0.981474,0.0009
1921,1922,brain_tumor_figshare/1922.mat,MR024780G,1,1,Gliom,1,Gliom,evet,0.000108,0.999489,0.000403
1922,1923,brain_tumor_figshare/1923.mat,MR024780G,1,1,Gliom,2,Hipofiz tümörü,hayır,0.035075,0.091904,0.873022
1923,1924,brain_tumor_figshare/1924.mat,MR024780G,1,1,Gliom,1,Gliom,evet,0.001304,0.582708,0.415987
1924,1925,brain_tumor_figshare/1925.mat,MR024780G,1,1,Gliom,1,Gliom,evet,2.9e-05,0.999553,0.000418
1925,1926,brain_tumor_figshare/1926.mat,MR024780G,1,1,Gliom,1,Gliom,evet,0.002356,0.96488,0.032764
1926,1927,brain_tumor_figshare/1927.mat,MR024780G,1,1,Gliom,1,Gliom,evet,0.010685,0.917989,0.071325
1927,1928,brain_tumor_figshare/1928.mat,MR024780G,1,1,Gliom,1,Gliom,evet,0.000516,0.997713,0.001771
1928,1929,brain_tumor_figshare/1929.mat,MR024780G,1,1,Gliom,1,Gliom,evet,0.011543,0.82033,0.168127
1929,1930,brain_tumor_figshare/1930.mat,MR024780G,1,1,Gliom,2,Hipofiz tümörü,hayır,0.419654,0.012905,0.567441
1930,1931,brain_tumor_figshare/1931.mat,MR024780G,1,1,Gliom,1,Gliom,evet,0.003067,0.994637,0.002295
1931,1932,brain_tumor_figshare/1932.mat,MR024780G,1,1,Gliom,1,Gliom,evet,0.007589,0.986436,0.005975
1932,1933,brain_tumor_figshare/1933.mat,MR024780G,1,1,Gliom,1,Gliom,evet,0.000124,0.819735,0.180141
1933,1934,brain_tumor_figshare/1934.mat,MR024780G,1,1,Gliom,1,Gliom,evet,0.001113,0.998608,0.000279
1934,1935,brain_tumor_figshare/1935.mat,MR024780G,1,1,Gliom,2,Hipofiz tümörü,hayır,0.006787,0.000546,0.992668
1935,1936,brain_tumor_figshare/1936.mat,MR024780G,1,1,Gliom,1,Gliom,evet,0.056654,0.714042,0.229304
1936,1937,brain_tumor_figshare/1937.mat,MR049453B,1,1,Gliom,2,Hipofiz tümörü,hayır,0.020504,0.069383,0.910113
1937,1938,brain_tumor_figshare/1938.mat,MR049453B,1,1,Gliom,0,Meningiom,hayır,0.93422,0.006206,0.059573
1938,1939,brain_tumor_figshare/1939.mat,MR049453B,1,1,Gliom,1,Gliom,evet,0.043898,0.956078,2.5e-05
1939,1940,brain_tumor_figshare/1940.mat,MR049453B,1,1,Gliom,1,Gliom,evet,0.006803,0.993192,5e-06
1940,1941,brain_tumor_figshare/1941.mat,MR049453B,1,1,Gliom,1,Gliom,evet,0.013498,0.986065,0.000436
1941,1942,brain_tumor_figshare/1942.mat,MR049453B,1,1,Gliom,1,Gliom,evet,0.378734,0.621228,3.8e-05
1942,1943,brain_tumor_figshare/1943.mat,MR049453B,1,1,Gliom,1,Gliom,evet,0.003544,0.996446,1e-05
1943,1944,brain_tumor_figshare/1944.mat,MR049453B,1,1,Gliom,1,Gliom,evet,0.00205,0.984571,0.013378
1944,1945,brain_tumor_figshare/1945.mat,MR048294B,5,1,Gliom,1,Gliom,evet,0.000709,0.998239,0.001052
1945,1946,brain_tumor_figshare/1946.mat,MR048294B,5,1,Gliom,1,Gliom,evet,0.000979,0.998989,3.3e-05
1946,1947,brain_tumor_figshare/1947.mat,MR048294B,5,1,Gliom,1,Gliom,evet,0.033776,0.963377,0.002846
1947,1948,brain_tumor_figshare/1948.mat,MR048621B,5,1,Gliom,1,Gliom,evet,0.001837,0.998141,2.2e-05
1948,1949,brain_tumor_figshare/1949.mat,MR048621B,5,1,Gliom,1,Gliom,evet,2e-05,0.999862,0.000117
1949,1950,brain_tumor_figshare/1950.mat,MR050135B,2,1,Gliom,1,Gliom,evet,0.198605,0.568292,0.233102
1950,1951,brain_tumor_figshare/1951.mat,MR050135B,2,1,Gliom,1,Gliom,evet,0.037443,0.804349,0.158208
1951,1952,brain_tumor_figshare/1952.mat,MR050135B,2,1,Gliom,1,Gliom,evet,0.015913,0.984061,2.6e-05
1952,1953,brain_tumor_figshare/1953.mat,MR050135B,2,1,Gliom,1,Gliom,evet,0.323528,0.676396,7.7e-05
1953,1954,brain_tumor_figshare/1954.mat,MR050135B,2,1,Gliom,1,Gliom,evet,0.281754,0.717535,0.000711
1954,1955,brain_tumor_figshare/1955.mat,MR050135B,2,1,Gliom,1,Gliom,evet,0.006123,0.992827,0.00105
1955,1956,brain_tumor_figshare/1956.mat,MR050135B,2,1,Gliom,1,Gliom,evet,0.025162,0.9472,0.027639
1956,1957,brain_tumor_figshare/1957.mat,MR050135B,2,1,Gliom,0,Meningiom,hayır,0.569882,0.372136,0.057983
1957,1958,brain_tumor_figshare/1958.mat,MR050135B,2,1,Gliom,1,Gliom,evet,0.108615,0.821981,0.069404
1958,1959,brain_tumor_figshare/1959.mat,MR050135B,2,1,Gliom,1,Gliom,evet,0.051443,0.919304,0.029253
1959,1960,brain_tumor_figshare/1960.mat,MR050135B,2,1,Gliom,1,Gliom,evet,0.008667,0.991217,0.000117
1960,1961,brain_tumor_figshare/1961.mat,MR050135B,2,1,Gliom,1,Gliom,evet,0.092384,0.907586,3e-05
1961,1962,brain_tumor_figshare/1962.mat,MR050135B,2,1,Gliom,1,Gliom,evet,0.015928,0.984064,8e-06
1962,1963,brain_tumor_figshare/1963.mat,MR050135B,2,1,Gliom,1,Gliom,evet,0.217178,0.782805,1.8e-05
1963,1964,brain_tumor_figshare/1964.mat,MR050687,1,1,Gliom,1,Gliom,evet,0.257789,0.720746,0.021465
1964,1965,brain_tumor_figshare/1965.mat,MR050687,1,1,Gliom,1,Gliom,evet,0.144075,0.855465,0.00046
1965,1966,brain_tumor_figshare/1966.mat,MR050687,1,1,Gliom,1,Gliom,evet,0.001555,0.998277,0.000168
1966,1967,brain_tumor_figshare/1967.mat,MR050687,1,1,Gliom,1,Gliom,evet,0.031059,0.956361,0.01258
1967,1968,brain_tumor_figshare/1968.mat,MR050687,1,1,Gliom,1,Gliom,evet,0.007731,0.970507,0.021762
1968,1969,brain_tumor_figshare/1969.mat,MR050687,1,1,Gliom,1,Gliom,evet,0.029886,0.953933,0.016182
1969,1970,brain_tumor_figshare/1970.mat,MR050687,1,1,Gliom,1,Gliom,evet,0.036729,0.962944,0.000326
1970,1971,brain_tumor_figshare/1971.mat,MR050687,1,1,Gliom,1,Gliom,evet,0.13439,0.859901,0.005709
1971,1972,brain_tumor_figshare/1972.mat,MR050687,1,1,Gliom,1,Gliom,evet,0.028254,0.970773,0.000973
1972,1973,brain_tumor_figshare/1973.mat,MR050687,1,1,Gliom,1,Gliom,evet,0.054028,0.9451,0.000872
1973,1974,brain_tumor_figshare/1974.mat,MR050791B,4,1,Gliom,1,Gliom,evet,0.011149,0.987826,0.001025
1974,1975,brain_tumor_figshare/1975.mat,MR050791B,4,1,Gliom,1,Gliom,evet,0.011094,0.988273,0.000633
1975,1976,brain_tumor_figshare/1976.mat,MR050791B,4,1,Gliom,1,Gliom,evet,0.03078,0.967754,0.001466
1976,1977,brain_tumor_figshare/1977.mat,MR050791B,4,1,Gliom,1,Gliom,evet,0.056267,0.938576,0.005156
1977,1978,brain_tumor_figshare/1978.mat,MR050791B,4,1,Gliom,1,Gliom,evet,0.054207,0.93755,0.008243
1978,1979,brain_tumor_figshare/1979.mat,MR050791B,4,1,Gliom,1,Gliom,evet,0.00262,0.990267,0.007113
1979,1980,brain_tumor_figshare/1980.mat,MR050791B,4,1,Gliom,1,Gliom,evet,0.002359,0.996272,0.001369
1980,1981,brain_tumor_figshare/1981.mat,MR050791B,4,1,Gliom,1,Gliom,evet,0.010706,0.988633,0.000661
1981,1982,brain_tumor_figshare/1982.mat,MR050791B,4,1,Gliom,1,Gliom,evet,7.6e-05,0.999802,0.000122
1982,1983,brain_tumor_figshare/1983.mat,MR050791B,4,1,Gliom,1,Gliom,evet,0.003762,0.996214,2.4e-05
1983,1984,brain_tumor_figshare/1984.mat,MR049019C,4,1,Gliom,1,Gliom,evet,0.462689,0.536395,0.000916
1984,1985,brain_tumor_figshare/1985.mat,MR049019C,4,1,Gliom,1,Gliom,evet,0.101863,0.897144,0.000993
1985,1986,brain_tumor_figshare/1986.mat,MR049019C,4,1,Gliom,1,Gliom,evet,0.033835,0.965685,0.00048
1986,1987,brain_tumor_figshare/1987.mat,MR026175C,4,1,Gliom,1,Gliom,evet,0.003141,0.908097,0.088762
1987,1988,brain_tumor_figshare/1988.mat,MR026175C,4,1,Gliom,1,Gliom,evet,0.002633,0.995883,0.001484
1988,1989,brain_tumor_figshare/1989.mat,MR026175C,4,1,Gliom,1,Gliom,evet,0.491549,0.508424,2.7e-05
1989,1990,brain_tumor_figshare/1990.mat,MR026175C,4,1,Gliom,1,Gliom,evet,0.018741,0.981234,2.5e-05
1990,1991,brain_tumor_figshare/1991.mat,MR026175C,4,1,Gliom,1,Gliom,evet,0.005368,0.994593,3.9e-05
1991,1992,brain_tumor_figshare/1992.mat,MR026175C,4,1,Gliom,1,Gliom,evet,0.008269,0.99126,0.00047
1992,1993,brain_tumor_figshare/1993.mat,MR026175C,4,1,Gliom,1,Gliom,evet,0.388737,0.609502,0.001761
1993,1994,brain_tumor_figshare/1994.mat,MR026175C,4,1,Gliom,1,Gliom,evet,0.005581,0.987264,0.007155
1994,1995,brain_tumor_figshare/1995.mat,MR026175C,4,1,Gliom,1,Gliom,evet,0.152465,0.84675,0.000785
1995,1996,brain_tumor_figshare/1996.mat,MR026175C,4,1,Gliom,1,Gliom,evet,0.05093,0.942684,0.006386
1996,1997,brain_tumor_figshare/1997.mat,MR026175C,4,1,Gliom,1,Gliom,evet,0.105586,0.894406,8e-06
1997,1998,brain_tumor_figshare/1998.mat,MR051461,2,1,Gliom,1,Gliom,evet,0.006646,0.992389,0.000965
1998,1999,brain_tumor_figshare/1999.mat,MR051461,2,1,Gliom,1,Gliom,evet,0.002457,0.997296,0.000247
1999,2000,brain_tumor_figshare/2000.mat,MR051461,2,1,Gliom,1,Gliom,evet,0.005142,0.994852,7e-06
2000,2001,brain_tumor_figshare/2001.mat,MR051461,2,1,Gliom,1,Gliom,evet,0.027031,0.972962,7e-06
2001,2002,brain_tumor_figshare/2002.mat,MR051461,2,1,Gliom,1,Gliom,evet,0.049725,0.950269,7e-06
2002,2003,brain_tumor_figshare/2003.mat,MR051461,2,1,Gliom,1,Gliom,evet,0.026079,0.973894,2.7e-05
2003,2004,brain_tumor_figshare/2004.mat,MR051461,2,1,Gliom,1,Gliom,evet,0.010469,0.989385,0.000147
2004,2005,brain_tumor_figshare/2005.mat,MR051586,5,1,Gliom,1,Gliom,evet,0.111948,0.888018,3.4e-05
2005,2006,brain_tumor_figshare/2006.mat,MR051586,5,1,Gliom,1,Gliom,evet,0.140311,0.803076,0.056613
2006,2007,brain_tumor_figshare/2007.mat,MR051586,5,1,Gliom,1,Gliom,evet,0.401512,0.595453,0.003035
2007,2008,brain_tumor_figshare/2008.mat,MR051586,5,1,Gliom,0,Meningiom,hayır,0.601216,0.354222,0.044562
2008,2009,brain_tumor_figshare/2009.mat,MR051586,5,1,Gliom,1,Gliom,evet,0.287246,0.712398,0.000356
2009,2010,brain_tumor_figshare/2010.mat,MR051586,5,1,Gliom,1,Gliom,evet,0.216659,0.782517,0.000824
2010,2011,brain_tumor_figshare/2011.mat,MR051586,5,1,Gliom,1,Gliom,evet,0.017048,0.982945,7e-06
2011,2012,brain_tumor_figshare/2012.mat,MR051461B,4,1,Gliom,1,Gliom,evet,0.011041,0.953183,0.035775
2012,2013,brain_tumor_figshare/2013.mat,MR051461B,4,1,Gliom,1,Gliom,evet,0.0007,0.984443,0.014857
2013,2014,brain_tumor_figshare/2014.mat,MR051461B,4,1,Gliom,1,Gliom,evet,0.017591,0.971774,0.010635
2014,2015,brain_tumor_figshare/2015.mat,MR051461B,4,1,Gliom,1,Gliom,evet,0.002389,0.974948,0.022664
2015,2016,brain_tumor_figshare/2016.mat,MR051461B,4,1,Gliom,1,Gliom,evet,0.00135,0.95513,0.04352
2016,2017,brain_tumor_figshare/2017.mat,MR051644,4,1,Gliom,1,Gliom,evet,0.015749,0.983976,0.000275
2017,2018,brain_tumor_figshare/2018.mat,MR051644,4,1,Gliom,1,Gliom,evet,0.022184,0.972807,0.005009
2018,2019,brain_tumor_figshare/2019.mat,MR051644,4,1,Gliom,2,Hipofiz tümörü,hayır,0.337962,0.094709,0.567329
2019,2020,brain_tumor_figshare/2020.mat,MR051644,4,1,Gliom,2,Hipofiz tümörü,hayır,0.204266,0.232605,0.563129
2020,2021,brain_tumor_figshare/2021.mat,MR051644,4,1,Gliom,0,Meningiom,hayır,0.92436,0.033528,0.042111
2021,2022,brain_tumor_figshare/2022.mat,MR051644,4,1,Gliom,1,Gliom,evet,9.7e-05,0.999727,0.000176
2022,2023,brain_tumor_figshare/2023.mat,MR051644,4,1,Gliom,1,Gliom,evet,0.028846,0.970818,0.000335
2023,2024,brain_tumor_figshare/2024.mat,MR051644,4,1,Gliom,1,Gliom,evet,0.000354,0.998291,0.001355
2024,2025,brain_tumor_figshare/2025.mat,MR051644,4,1,Gliom,1,Gliom,evet,4e-05,0.999739,0.000221
2025,2026,brain_tumor_figshare/2026.mat,MR051644,4,1,Gliom,1,Gliom,evet,0.000174,0.999695,0.000132
2026,2027,brain_tumor_figshare/2027.mat,MR051644,4,1,Gliom,1,Gliom,evet,2.8e-05,0.99993,4.2e-05
2027,2028,brain_tumor_figshare/2028.mat,MR051644,4,1,Gliom,1,Gliom,evet,1.7e-05,0.999893,9e-05
2028,2029,brain_tumor_figshare/2029.mat,MR051644,4,1,Gliom,1,Gliom,evet,0.384513,0.580646,0.034841
2029,2030,brain_tumor_figshare/2030.mat,MR051644,4,1,Gliom,1,Gliom,evet,0.26682,0.66523,0.067949
2030,2031,brain_tumor_figshare/2031.mat,MR051644,4,1,Gliom,0,Meningiom,hayır,0.451669,0.295571,0.25276
2031,2032,brain_tumor_figshare/2032.mat,MR051651,1,1,Gliom,1,Gliom,evet,0.021001,0.97818,0.00082
2032,2033,brain_tumor_figshare/2033.mat,MR051651,1,1,Gliom,1,Gliom,evet,0.023944,0.976053,3e-06
2033,2034,brain_tumor_figshare/2034.mat,MR051651,1,1,Gliom,1,Gliom,evet,0.048544,0.951444,1.2e-05
2034,2035,brain_tumor_figshare/2035.mat,MR051651,1,1,Gliom,1,Gliom,evet,0.00742,0.992251,0.00033
2035,2036,brain_tumor_figshare/2036.mat,MR051651,1,1,Gliom,1,Gliom,evet,0.016793,0.983173,3.4e-05
2036,2037,brain_tumor_figshare/2037.mat,MR051651,1,1,Gliom,1,Gliom,evet,0.03904,0.959153,0.001807
2037,2038,brain_tumor_figshare/2038.mat,MR051796,4,1,Gliom,1,Gliom,evet,0.014031,0.983435,0.002534
2038,2039,brain_tumor_figshare/2039.mat,MR051796,4,1,Gliom,1,Gliom,evet,0.006667,0.991938,0.001395
2039,2040,brain_tumor_figshare/2040.mat,MR051796,4,1,Gliom,1,Gliom,evet,0.053576,0.945784,0.000641
2040,2041,brain_tumor_figshare/2041.mat,MR051796,4,1,Gliom,1,Gliom,evet,0.332457,0.664052,0.003491
2041,2042,brain_tumor_figshare/2042.mat,MR051796,4,1,Gliom,1,Gliom,evet,0.018195,0.981772,3.3e-05
2042,2043,brain_tumor_figshare/2043.mat,MR051796,4,1,Gliom,1,Gliom,evet,0.001931,0.998027,4.2e-05
2043,2044,brain_tumor_figshare/2044.mat,MR051796,4,1,Gliom,1,Gliom,evet,0.246582,0.730618,0.022799
2044,2045,brain_tumor_figshare/2045.mat,MR051651B,3,1,Gliom,1,Gliom,evet,0.008342,0.984145,0.007513
2045,2046,brain_tumor_figshare/2046.mat,MR051651B,3,1,Gliom,1,Gliom,evet,0.020729,0.979229,4.2e-05
2046,2047,brain_tumor_figshare/2047.mat,MR051651B,3,1,Gliom,1,Gliom,evet,0.007501,0.99247,2.9e-05
2047,2048,brain_tumor_figshare/2048.mat,MR051651B,3,1,Gliom,1,Gliom,evet,0.006439,0.993393,0.000168
2048,2049,brain_tumor_figshare/2049.mat,MR051651B,3,1,Gliom,1,Gliom,evet,0.000843,0.996236,0.002922
2049,2050,brain_tumor_figshare/2050.mat,MR051651B,3,1,Gliom,1,Gliom,evet,0.0015,0.982046,0.016454
2050,2051,brain_tumor_figshare/2051.mat,MR051644B,3,1,Gliom,1,Gliom,evet,0.011558,0.979852,0.00859
2051,2052,brain_tumor_figshare/2052.mat,MR051644B,3,1,Gliom,1,Gliom,evet,0.01813,0.974887,0.006982
2052,2053,brain_tumor_figshare/2053.mat,MR051644B,3,1,Gliom,1,Gliom,evet,0.020943,0.9748,0.004257
2053,2054,brain_tumor_figshare/2054.mat,MR051644B,3,1,Gliom,1,Gliom,evet,0.010853,0.988574,0.000572
2054,2055,brain_tumor_figshare/2055.mat,MR051644B,3,1,Gliom,1,Gliom,evet,0.014655,0.985334,1.1e-05
2055,2056,brain_tumor_figshare/2056.mat,MR051644B,3,1,Gliom,0,Meningiom,hayır,0.980972,0.019028,0.0
2056,2057,brain_tumor_figshare/2057.mat,MR051644B,3,1,Gliom,1,Gliom,evet,0.163517,0.835731,0.000752
2057,2058,brain_tumor_figshare/2058.mat,MR051796B,5,1,Gliom,1,Gliom,evet,0.021239,0.876944,0.101817
2058,2059,brain_tumor_figshare/2059.mat,MR051796B,5,1,Gliom,1,Gliom,evet,5.4e-05,0.999805,0.000141
2059,2060,brain_tumor_figshare/2060.mat,MR051796B,5,1,Gliom,1,Gliom,evet,0.003249,0.99507,0.001681
2060,2061,brain_tumor_figshare/2061.mat,MR052550,1,1,Gliom,1,Gliom,evet,0.122475,0.87607,0.001455
2061,2062,brain_tumor_figshare/2062.mat,MR052550,1,1,Gliom,1,Gliom,evet,0.083626,0.911564,0.00481
2062,2063,brain_tumor_figshare/2063.mat,MR052550,1,1,Gliom,1,Gliom,evet,0.031852,0.967135,0.001013
2063,2064,brain_tumor_figshare/2064.mat,MR052550,1,1,Gliom,1,Gliom,evet,0.041918,0.954457,0.003625
2064,2065,brain_tumor_figshare/2065.mat,MR051644C,4,1,Gliom,1,Gliom,evet,0.010472,0.988747,0.000781
2065,2066,brain_tumor_figshare/2066.mat,MR051644C,4,1,Gliom,1,Gliom,evet,0.002554,0.997162,0.000284
2066,2067,brain_tumor_figshare/2067.mat,MR051644C,4,1,Gliom,1,Gliom,evet,0.002212,0.997667,0.000122
2067,2068,brain_tumor_figshare/2068.mat,MR051644C,4,1,Gliom,1,Gliom,evet,0.020308,0.979496,0.000197
2068,2069,brain_tumor_figshare/2069.mat,MR051644C,4,1,Gliom,1,Gliom,evet,0.012272,0.987386,0.000342
2069,2070,brain_tumor_figshare/2070.mat,MR051644C,4,1,Gliom,1,Gliom,evet,0.005558,0.994149,0.000293
2070,2071,brain_tumor_figshare/2071.mat,MR051644C,4,1,Gliom,1,Gliom,evet,0.002791,0.997037,0.000172
2071,2072,brain_tumor_figshare/2072.mat,MR051644C,4,1,Gliom,1,Gliom,evet,0.000569,0.99938,5.1e-05
2072,2073,brain_tumor_figshare/2073.mat,MR051644C,4,1,Gliom,1,Gliom,evet,0.073769,0.926024,0.000208
2073,2074,brain_tumor_figshare/2074.mat,MR051644C,4,1,Gliom,1,Gliom,evet,0.014286,0.985708,6e-06
2074,2075,brain_tumor_figshare/2075.mat,MR051644C,4,1,Gliom,1,Gliom,evet,0.05576,0.944236,4e-06
2075,2076,brain_tumor_figshare/2076.mat,MR051644C,4,1,Gliom,1,Gliom,evet,0.040693,0.959279,2.8e-05
2076,2077,brain_tumor_figshare/2077.mat,MR049942B,3,1,Gliom,1,Gliom,evet,0.00763,0.980479,0.011892
2077,2078,brain_tumor_figshare/2078.mat,MR049942B,3,1,Gliom,1,Gliom,evet,0.35519,0.618211,0.0266
2078,2079,brain_tumor_figshare/2079.mat,MR049942B,3,1,Gliom,1,Gliom,evet,0.000559,0.999419,2.2e-05
2079,2080,brain_tumor_figshare/2080.mat,MR052585B,5,1,Gliom,1,Gliom,evet,0.00983,0.990041,0.00013
2080,2081,brain_tumor_figshare/2081.mat,MR052585B,5,1,Gliom,1,Gliom,evet,0.006577,0.993179,0.000243
2081,2082,brain_tumor_figshare/2082.mat,MR052585B,5,1,Gliom,1,Gliom,evet,0.005542,0.99409,0.000368
2082,2083,brain_tumor_figshare/2083.mat,MR047953C,4,1,Gliom,1,Gliom,evet,0.004201,0.995375,0.000424
2083,2084,brain_tumor_figshare/2084.mat,MR047953C,4,1,Gliom,1,Gliom,evet,0.008077,0.985151,0.006772
2084,2085,brain_tumor_figshare/2085.mat,MR047953C,4,1,Gliom,1,Gliom,evet,0.454988,0.541618,0.003394
2085,2086,brain_tumor_figshare/2086.mat,MR047953C,4,1,Gliom,1,Gliom,evet,0.005465,0.99403,0.000505
2086,2087,brain_tumor_figshare/2087.mat,MR053110B,1,1,Gliom,1,Gliom,evet,0.002945,0.991697,0.005358
2087,2088,brain_tumor_figshare/2088.mat,MR053110B,1,1,Gliom,1,Gliom,evet,0.0048,0.977535,0.017665
2088,2089,brain_tumor_figshare/2089.mat,MR053110B,1,1,Gliom,2,Hipofiz tümörü,hayır,0.315451,0.074462,0.610086
2089,2090,brain_tumor_figshare/2090.mat,MR053110B,1,1,Gliom,1,Gliom,evet,0.088732,0.885563,0.025704
2090,2091,brain_tumor_figshare/2091.mat,MR053110B,1,1,Gliom,1,Gliom,evet,0.021408,0.628261,0.350331
2091,2092,brain_tumor_figshare/2092.mat,MR053110B,1,1,Gliom,1,Gliom,evet,0.00147,0.998469,6.1e-05
2092,2093,brain_tumor_figshare/2093.mat,MR034694,2,1,Gliom,1,Gliom,evet,0.005412,0.994168,0.000419
2093,2094,brain_tumor_figshare/2094.mat,MR034694,2,1,Gliom,1,Gliom,evet,0.001757,0.998034,0.000209
2094,2095,brain_tumor_figshare/2095.mat,MR034694,2,1,Gliom,1,Gliom,evet,0.014169,0.985778,5.3e-05
2095,2096,brain_tumor_figshare/2096.mat,MR034694,2,1,Gliom,1,Gliom,evet,0.016731,0.983126,0.000143
2096,2097,brain_tumor_figshare/2097.mat,MR054683,4,1,Gliom,1,Gliom,evet,0.000609,0.98826,0.011131
2097,2098,brain_tumor_figshare/2098.mat,MR054683,4,1,Gliom,1,Gliom,evet,0.043873,0.941403,0.014724
2098,2099,brain_tumor_figshare/2099.mat,MR054683,4,1,Gliom,1,Gliom,evet,0.003793,0.992638,0.003568
2099,2100,brain_tumor_figshare/2100.mat,MR054875,1,1,Gliom,1,Gliom,evet,0.280363,0.455539,0.264098
2100,2101,brain_tumor_figshare/2101.mat,MR054875,1,1,Gliom,1,Gliom,evet,0.00616,0.993745,9.5e-05
2101,2102,brain_tumor_figshare/2102.mat,MR054875,1,1,Gliom,1,Gliom,evet,0.454432,0.534222,0.011346
2102,2103,brain_tumor_figshare/2103.mat,MR054875,1,1,Gliom,1,Gliom,evet,0.027343,0.97205,0.000607
2103,2104,brain_tumor_figshare/2104.mat,MR050687C,5,1,Gliom,0,Meningiom,hayır,0.488367,0.365347,0.146286
2104,2105,brain_tumor_figshare/2105.mat,MR050687C,5,1,Gliom,1,Gliom,evet,0.022045,0.97338,0.004574
2105,2106,brain_tumor_figshare/2106.mat,MR050687C,5,1,Gliom,1,Gliom,evet,0.000222,0.999451,0.000327
2106,2107,brain_tumor_figshare/2107.mat,MR050687C,5,1,Gliom,1,Gliom,evet,0.000328,0.996658,0.003014
2107,2108,brain_tumor_figshare/2108.mat,MR050687C,5,1,Gliom,1,Gliom,evet,0.000272,0.998765,0.000963
2108,2109,brain_tumor_figshare/2109.mat,MR056144,5,1,Gliom,1,Gliom,evet,0.002329,0.99763,4.1e-05
2109,2110,brain_tumor_figshare/2110.mat,MR056144,5,1,Gliom,1,Gliom,evet,0.001566,0.998411,2.2e-05
2110,2111,brain_tumor_figshare/2111.mat,MR056144,5,1,Gliom,1,Gliom,evet,0.000861,0.999113,2.6e-05
2111,2112,brain_tumor_figshare/2112.mat,MR034997,3,1,Gliom,1,Gliom,evet,0.030126,0.954526,0.015348
2112,2113,brain_tumor_figshare/2113.mat,MR034997,3,1,Gliom,1,Gliom,evet,0.016614,0.953698,0.029688
2113,2114,brain_tumor_figshare/2114.mat,MR034997,3,1,Gliom,1,Gliom,evet,0.214849,0.732684,0.052467
2114,2115,brain_tumor_figshare/2115.mat,MR034997,3,1,Gliom,1,Gliom,evet,0.222428,0.735902,0.041669
2115,2116,brain_tumor_figshare/2116.mat,MR034997,3,1,Gliom,1,Gliom,evet,0.150766,0.824981,0.024253
2116,2117,brain_tumor_figshare/2117.mat,MR034997,3,1,Gliom,1,Gliom,evet,0.036333,0.923621,0.040046
2117,2118,brain_tumor_figshare/2118.mat,MR034997,3,1,Gliom,1,Gliom,evet,0.419684,0.470084,0.110232
2118,2119,brain_tumor_figshare/2119.mat,MR029209E,5,1,Gliom,1,Gliom,evet,0.001226,0.998573,0.000201
2119,2120,brain_tumor_figshare/2120.mat,MR029209E,5,1,Gliom,1,Gliom,evet,0.000122,0.999818,6e-05
2120,2121,brain_tumor_figshare/2121.mat,MR029209E,5,1,Gliom,1,Gliom,evet,0.001034,0.993015,0.005951
2121,2122,brain_tumor_figshare/2122.mat,MR029209E,5,1,Gliom,2,Hipofiz tümörü,hayır,0.000693,0.147788,0.851519
2122,2123,brain_tumor_figshare/2123.mat,MR029209E,5,1,Gliom,1,Gliom,evet,0.00133,0.649517,0.349152
2123,2124,brain_tumor_figshare/2124.mat,MR029209E,5,1,Gliom,1,Gliom,evet,0.000132,0.94461,0.055257
2124,2125,brain_tumor_figshare/2125.mat,MR029209E,5,1,Gliom,1,Gliom,evet,0.004378,0.975905,0.019716
2125,2126,brain_tumor_figshare/2126.mat,MR029209E,5,1,Gliom,1,Gliom,evet,0.011515,0.964943,0.023543
2126,2127,brain_tumor_figshare/2127.mat,MR029209E,5,1,Gliom,1,Gliom,evet,0.027667,0.965351,0.006982
2127,2128,brain_tumor_figshare/2128.mat,MR053110E,1,1,Gliom,1,Gliom,evet,0.021082,0.975733,0.003185
2128,2129,brain_tumor_figshare/2129.mat,MR053110E,1,1,Gliom,1,Gliom,evet,0.000551,0.992254,0.007195
2129,2130,brain_tumor_figshare/2130.mat,MR053110E,1,1,Gliom,1,Gliom,evet,0.013286,0.778336,0.208378
2130,2131,brain_tumor_figshare/2131.mat,MR053110E,1,1,Gliom,2,Hipofiz tümörü,hayır,0.107217,0.173081,0.719703
2131,2132,brain_tumor_figshare/2132.mat,MR053110E,1,1,Gliom,0,Meningiom,hayır,0.949953,0.044229,0.005818
2132,2133,brain_tumor_figshare/2133.mat,MR053110E,1,1,Gliom,2,Hipofiz tümörü,hayır,0.223512,0.002984,0.773504
2133,2134,brain_tumor_figshare/2134.mat,MR049019G,3,1,Gliom,1,Gliom,evet,0.001131,0.998016,0.000853
2134,2135,brain_tumor_figshare/2135.mat,MR049019G,3,1,Gliom,1,Gliom,evet,0.258555,0.741394,5.1e-05
2135,2136,brain_tumor_figshare/2136.mat,MR049019G,3,1,Gliom,1,Gliom,evet,0.007146,0.99175,0.001105
2136,2137,brain_tumor_figshare/2137.mat,MR049019G,3,1,Gliom,1,Gliom,evet,0.001928,0.997985,8.7e-05
2137,2138,brain_tumor_figshare/2138.mat,MR049019G,3,1,Gliom,1,Gliom,evet,0.001797,0.998202,1e-06
2138,2139,brain_tumor_figshare/2139.mat,MR049019G,3,1,Gliom,1,Gliom,evet,0.119924,0.879942,0.000134
2139,2140,brain_tumor_figshare/2140.mat,MR049019G,3,1,Gliom,1,Gliom,evet,0.005829,0.994102,6.9e-05
2140,2141,brain_tumor_figshare/2141.mat,MR031409B,2,1,Gliom,1,Gliom,evet,0.007621,0.992167,0.000212
2141,2142,brain_tumor_figshare/2142.mat,MR031409B,2,1,Gliom,1,Gliom,evet,0.002729,0.996877,0.000395
2142,2143,brain_tumor_figshare/2143.mat,MR031409B,2,1,Gliom,1,Gliom,evet,0.001422,0.998577,0.0
2143,2144,brain_tumor_figshare/2144.mat,MR024780D,1,1,Gliom,1,Gliom,evet,0.024468,0.973162,0.00237
2144,2145,brain_tumor_figshare/2145.mat,MR024780D,1,1,Gliom,1,Gliom,evet,0.052645,0.945327,0.002028
2145,2146,brain_tumor_figshare/2146.mat,MR038469,3,1,Gliom,1,Gliom,evet,0.14439,0.850049,0.005561
2146,2147,brain_tumor_figshare/2147.mat,MR038469,3,1,Gliom,1,Gliom,evet,0.371719,0.613589,0.014692
2147,2148,brain_tumor_figshare/2148.mat,MR038469,3,1,Gliom,1,Gliom,evet,0.120155,0.876666,0.003179
2148,2149,brain_tumor_figshare/2149.mat,MR038469,3,1,Gliom,1,Gliom,evet,0.252741,0.724032,0.023227
2149,2150,brain_tumor_figshare/2150.mat,MR038469,3,1,Gliom,1,Gliom,evet,0.006526,0.98956,0.003914
2150,2151,brain_tumor_figshare/2151.mat,MR038469,3,1,Gliom,1,Gliom,evet,0.012869,0.970394,0.016738
2151,2152,brain_tumor_figshare/2152.mat,MR038469,3,1,Gliom,1,Gliom,evet,0.002709,0.993651,0.00364
2152,2153,brain_tumor_figshare/2153.mat,MR032322C,2,1,Gliom,1,Gliom,evet,0.001479,0.997114,0.001407
2153,2154,brain_tumor_figshare/2154.mat,MR032322C,2,1,Gliom,1,Gliom,evet,0.001361,0.996532,0.002108
2154,2155,brain_tumor_figshare/2155.mat,MR032322C,2,1,Gliom,1,Gliom,evet,0.005679,0.994076,0.000246
2155,2156,brain_tumor_figshare/2156.mat,MR032322C,2,1,Gliom,1,Gliom,evet,0.001513,0.998422,6.5e-05
2156,2157,brain_tumor_figshare/2157.mat,MR032322C,2,1,Gliom,1,Gliom,evet,0.009859,0.990113,2.8e-05
2157,2158,brain_tumor_figshare/2158.mat,MR032322C,2,1,Gliom,1,Gliom,evet,0.001778,0.997405,0.000816
2158,2159,brain_tumor_figshare/2159.mat,MR032322C,2,1,Gliom,1,Gliom,evet,0.001275,0.997519,0.001207
2159,2160,brain_tumor_figshare/2160.mat,MR032322C,2,1,Gliom,1,Gliom,evet,0.000363,0.99839,0.001246
2160,2161,brain_tumor_figshare/2161.mat,MR032322C,2,1,Gliom,1,Gliom,evet,0.001796,0.992687,0.005517
2161,2162,brain_tumor_figshare/2162.mat,MR032322C,2,1,Gliom,1,Gliom,evet,0.006024,0.993975,1e-06
2162,2163,brain_tumor_figshare/2163.mat,MR032322C,2,1,Gliom,1,Gliom,evet,0.055793,0.944065,0.000142
2163,2164,brain_tumor_figshare/2164.mat,MR032322C,2,1,Gliom,1,Gliom,evet,0.022495,0.977503,2e-06
2164,2165,brain_tumor_figshare/2165.mat,MR032322C,2,1,Gliom,1,Gliom,evet,0.0,0.999996,4e-06
2165,2166,brain_tumor_figshare/2166.mat,MR037458B,2,1,Gliom,1,Gliom,evet,0.127063,0.735302,0.137635
2166,2167,brain_tumor_figshare/2167.mat,MR037458B,2,1,Gliom,1,Gliom,evet,0.000966,0.982717,0.016317
2167,2168,brain_tumor_figshare/2168.mat,MR037458B,2,1,Gliom,0,Meningiom,hayır,0.851158,0.099285,0.049557
2168,2169,brain_tumor_figshare/2169.mat,MR037458B,2,1,Gliom,1,Gliom,evet,0.039501,0.944155,0.016344
2169,2170,brain_tumor_figshare/2170.mat,MR037458B,2,1,Gliom,0,Meningiom,hayır,0.552761,0.42301,0.024229
2170,2171,brain_tumor_figshare/2171.mat,MR037458B,2,1,Gliom,1,Gliom,evet,0.004198,0.995163,0.000639
2171,2172,brain_tumor_figshare/2172.mat,MR037458B,2,1,Gliom,1,Gliom,evet,0.008959,0.990575,0.000466
2172,2173,brain_tumor_figshare/2173.mat,MR037458B,2,1,Gliom,1,Gliom,evet,0.003112,0.996851,3.7e-05
2173,2174,brain_tumor_figshare/2174.mat,MR039473,4,1,Gliom,1,Gliom,evet,0.096004,0.893793,0.010203
2174,2175,brain_tumor_figshare/2175.mat,MR039473,4,1,Gliom,1,Gliom,evet,0.044615,0.94608,0.009306
2175,2176,brain_tumor_figshare/2176.mat,MR039473,4,1,Gliom,1,Gliom,evet,0.034779,0.952441,0.01278
2176,2177,brain_tumor_figshare/2177.mat,MR039473,4,1,Gliom,1,Gliom,evet,0.018782,0.971468,0.00975
2177,2178,brain_tumor_figshare/2178.mat,MR039473,4,1,Gliom,1,Gliom,evet,0.018208,0.937566,0.044226
2178,2179,brain_tumor_figshare/2179.mat,MR039473B,2,1,Gliom,2,Hipofiz tümörü,hayır,0.017314,0.026031,0.956656
2179,2180,brain_tumor_figshare/2180.mat,MR039473B,2,1,Gliom,1,Gliom,evet,0.010749,0.76783,0.221421
2180,2181,brain_tumor_figshare/2181.mat,MR039473B,2,1,Gliom,1,Gliom,evet,0.002345,0.953371,0.044284
2181,2182,brain_tumor_figshare/2182.mat,MR039473B,2,1,Gliom,1,Gliom,evet,0.006,0.95807,0.035929
2182,2183,brain_tumor_figshare/2183.mat,MR039473B,2,1,Gliom,1,Gliom,evet,0.003929,0.879796,0.116276
2183,2184,brain_tumor_figshare/2184.mat,MR039473B,2,1,Gliom,1,Gliom,evet,0.015088,0.611364,0.373548
2184,2185,brain_tumor_figshare/2185.mat,MR039473B,2,1,Gliom,1,Gliom,evet,0.00317,0.996327,0.000503
2185,2186,brain_tumor_figshare/2186.mat,MR037458C,4,1,Gliom,1,Gliom,evet,0.270452,0.641316,0.088232
2186,2187,brain_tumor_figshare/2187.mat,MR037458C,4,1,Gliom,0,Meningiom,hayır,0.51682,0.452439,0.030741
2187,2188,brain_tumor_figshare/2188.mat,MR037458C,4,1,Gliom,1,Gliom,evet,0.149554,0.834592,0.015854
2188,2189,brain_tumor_figshare/2189.mat,MR037458C,4,1,Gliom,1,Gliom,evet,0.088239,0.90872,0.003041
2189,2190,brain_tumor_figshare/2190.mat,MR037458C,4,1,Gliom,1,Gliom,evet,0.193225,0.80323,0.003545
2190,2191,brain_tumor_figshare/2191.mat,MR037458C,4,1,Gliom,1,Gliom,evet,0.041689,0.949905,0.008407
2191,2192,brain_tumor_figshare/2192.mat,MR037458C,4,1,Gliom,1,Gliom,evet,0.007564,0.991865,0.000571
2192,2193,brain_tumor_figshare/2193.mat,MR037458C,4,1,Gliom,0,Meningiom,hayır,0.766611,0.23291,0.000479
2193,2194,brain_tumor_figshare/2194.mat,MR037458C,4,1,Gliom,0,Meningiom,hayır,0.729876,0.269346,0.000778
2194,2195,brain_tumor_figshare/2195.mat,MR037458C,4,1,Gliom,0,Meningiom,hayır,0.693348,0.30202,0.004632
2195,2196,brain_tumor_figshare/2196.mat,MR040240,5,1,Gliom,0,Meningiom,hayır,0.698025,0.300872,0.001103
2196,2197,brain_tumor_figshare/2197.mat,MR040240,5,1,Gliom,1,Gliom,evet,0.24258,0.756744,0.000676
2197,2198,brain_tumor_figshare/2198.mat,MR040240,5,1,Gliom,1,Gliom,evet,0.025064,0.97259,0.002346
2198,2199,brain_tumor_figshare/2199.mat,MR040240,5,1,Gliom,1,Gliom,evet,0.057424,0.939288,0.003288
2199,2200,brain_tumor_figshare/2200.mat,MR040240,5,1,Gliom,1,Gliom,evet,0.088682,0.903994,0.007324
2200,2201,brain_tumor_figshare/2201.mat,MR040240,5,1,Gliom,1,Gliom,evet,0.075729,0.919891,0.00438
2201,2202,brain_tumor_figshare/2202.mat,MR040240,5,1,Gliom,1,Gliom,evet,0.04328,0.94978,0.00694
2202,2203,brain_tumor_figshare/2203.mat,MR040240,5,1,Gliom,1,Gliom,evet,0.037209,0.961884,0.000907
2203,2204,brain_tumor_figshare/2204.mat,MR040240,5,1,Gliom,1,Gliom,evet,0.007092,0.992721,0.000187
2204,2205,brain_tumor_figshare/2205.mat,MR040240,5,1,Gliom,1,Gliom,evet,0.024955,0.974965,8e-05
2205,2206,brain_tumor_figshare/2206.mat,MR040240B,3,1,Gliom,1,Gliom,evet,2.5e-05,0.999964,1.2e-05
2206,2207,brain_tumor_figshare/2207.mat,MR040240B,3,1,Gliom,1,Gliom,evet,1.4e-05,0.99998,6e-06
2207,2208,brain_tumor_figshare/2208.mat,MR040240B,3,1,Gliom,1,Gliom,evet,0.008442,0.989973,0.001585
2208,2209,brain_tumor_figshare/2209.mat,MR040240B,3,1,Gliom,1,Gliom,evet,0.00256,0.995584,0.001856
2209,2210,brain_tumor_figshare/2210.mat,MR040240B,3,1,Gliom,1,Gliom,evet,0.002356,0.996703,0.000942
2210,2211,brain_tumor_figshare/2211.mat,MR040240B,3,1,Gliom,1,Gliom,evet,0.104028,0.87697,0.019002
2211,2212,brain_tumor_figshare/2212.mat,MR040240B,3,1,Gliom,1,Gliom,evet,0.107262,0.88537,0.007369
2212,2213,brain_tumor_figshare/2213.mat,MR040240B,3,1,Gliom,1,Gliom,evet,0.003572,0.993901,0.002527
2213,2214,brain_tumor_figshare/2214.mat,MR040240B,3,1,Gliom,1,Gliom,evet,0.064262,0.890329,0.045409
2214,2215,brain_tumor_figshare/2215.mat,MR040240B,3,1,Gliom,1,Gliom,evet,0.008783,0.9838,0.007418
2215,2216,brain_tumor_figshare/2216.mat,MR029209G,5,1,Gliom,1,Gliom,evet,0.000605,0.998812,0.000584
2216,2217,brain_tumor_figshare/2217.mat,MR029209G,5,1,Gliom,1,Gliom,evet,0.000917,0.997747,0.001336
2217,2218,brain_tumor_figshare/2218.mat,MR029209G,5,1,Gliom,1,Gliom,evet,0.01017,0.988142,0.001688
2218,2219,brain_tumor_figshare/2219.mat,MR029209G,5,1,Gliom,1,Gliom,evet,0.004266,0.99369,0.002044
2219,2220,brain_tumor_figshare/2220.mat,MR029209G,5,1,Gliom,1,Gliom,evet,0.014436,0.983371,0.002193
2220,2221,brain_tumor_figshare/2221.mat,MR029209G,5,1,Gliom,1,Gliom,evet,0.410713,0.449189,0.140098
2221,2222,brain_tumor_figshare/2222.mat,MR029209G,5,1,Gliom,1,Gliom,evet,0.004766,0.994016,0.001218
2222,2223,brain_tumor_figshare/2223.mat,MR029209G,5,1,Gliom,1,Gliom,evet,0.007333,0.992441,0.000227
2223,2224,brain_tumor_figshare/2224.mat,MR036496B,3,1,Gliom,1,Gliom,evet,0.006766,0.991371,0.001864
2224,2225,brain_tumor_figshare/2225.mat,MR036496B,3,1,Gliom,1,Gliom,evet,0.074514,0.925327,0.000159
2225,2226,brain_tumor_figshare/2226.mat,MR036496B,3,1,Gliom,1,Gliom,evet,0.213055,0.784053,0.002892
2226,2227,brain_tumor_figshare/2227.mat,MR036496B,3,1,Gliom,1,Gliom,evet,0.191984,0.8079,0.000116
2227,2228,brain_tumor_figshare/2228.mat,MR036496B,3,1,Gliom,1,Gliom,evet,0.027065,0.972877,5.7e-05
2228,2229,brain_tumor_figshare/2229.mat,MR036496B,3,1,Gliom,1,Gliom,evet,0.042079,0.955499,0.002421
2229,2230,brain_tumor_figshare/2230.mat,MR033420,5,1,Gliom,1,Gliom,evet,0.004034,0.99438,0.001586
2230,2231,brain_tumor_figshare/2231.mat,MR033420,5,1,Gliom,1,Gliom,evet,0.003475,0.993344,0.00318
2231,2232,brain_tumor_figshare/2232.mat,MR033420,5,1,Gliom,1,Gliom,evet,1e-06,0.999915,8.4e-05
2232,2233,brain_tumor_figshare/2233.mat,MR033420,5,1,Gliom,1,Gliom,evet,3.1e-05,0.999916,5.3e-05
2233,2234,brain_tumor_figshare/2234.mat,MR033420,5,1,Gliom,1,Gliom,evet,0.010901,0.9866,0.002499
2234,2235,brain_tumor_figshare/2235.mat,MR033420,5,1,Gliom,1,Gliom,evet,0.000337,0.99886,0.000802
2235,2236,brain_tumor_figshare/2236.mat,MR033420,5,1,Gliom,1,Gliom,evet,0.00526,0.994057,0.000683
2236,2237,brain_tumor_figshare/2237.mat,MR024780B,1,1,Gliom,1,Gliom,evet,0.24345,0.748895,0.007655
2237,2238,brain_tumor_figshare/2238.mat,MR024780B,1,1,Gliom,1,Gliom,evet,0.007951,0.990115,0.001934
2238,2239,brain_tumor_figshare/2239.mat,MR024780B,1,1,Gliom,1,Gliom,evet,0.014547,0.985436,1.6e-05
2239,2240,brain_tumor_figshare/2240.mat,MR024780B,1,1,Gliom,1,Gliom,evet,0.183353,0.816647,1e-06
2240,2241,brain_tumor_figshare/2241.mat,MR033389B,4,1,Gliom,1,Gliom,evet,0.433935,0.564461,0.001605
2241,2242,brain_tumor_figshare/2242.mat,MR048994,2,1,Gliom,1,Gliom,evet,0.082122,0.917876,2e-06
2242,2243,brain_tumor_figshare/2243.mat,MR048994,2,1,Gliom,1,Gliom,evet,0.286167,0.713463,0.00037
2243,2244,brain_tumor_figshare/2244.mat,MR049104,1,1,Gliom,1,Gliom,evet,0.091572,0.887996,0.020432
2244,2245,brain_tumor_figshare/2245.mat,MR049104,1,1,Gliom,1,Gliom,evet,0.128663,0.854368,0.016969
2245,2246,brain_tumor_figshare/2246.mat,MR049104,1,1,Gliom,1,Gliom,evet,0.102803,0.894795,0.002402
2246,2247,brain_tumor_figshare/2247.mat,MR049142,5,1,Gliom,1,Gliom,evet,0.013329,0.986665,6e-06
2247,2248,brain_tumor_figshare/2248.mat,MR049142,5,1,Gliom,1,Gliom,evet,0.131497,0.868445,5.7e-05
2248,2249,brain_tumor_figshare/2249.mat,MR049142,5,1,Gliom,1,Gliom,evet,0.228584,0.771376,4e-05
2249,2250,brain_tumor_figshare/2250.mat,MR048994B,4,1,Gliom,1,Gliom,evet,0.076834,0.922775,0.000392
2250,2251,brain_tumor_figshare/2251.mat,MR048994B,4,1,Gliom,1,Gliom,evet,0.081538,0.918366,9.5e-05
2251,2252,brain_tumor_figshare/2252.mat,MR048994B,4,1,Gliom,1,Gliom,evet,0.062954,0.937032,1.5e-05
2252,2253,brain_tumor_figshare/2253.mat,MR048994B,4,1,Gliom,1,Gliom,evet,0.053083,0.946646,0.00027
2253,2254,brain_tumor_figshare/2254.mat,MR048944B,5,1,Gliom,1,Gliom,evet,0.009199,0.988345,0.002456
2254,2255,brain_tumor_figshare/2255.mat,MR048944B,5,1,Gliom,1,Gliom,evet,0.00389,0.994023,0.002088
2255,2256,brain_tumor_figshare/2256.mat,MR048944B,5,1,Gliom,1,Gliom,evet,0.001534,0.997382,0.001084
2256,2257,brain_tumor_figshare/2257.mat,MR048944B,5,1,Gliom,1,Gliom,evet,0.002173,0.993899,0.003928
2257,2258,brain_tumor_figshare/2258.mat,MR048944B,5,1,Gliom,1,Gliom,evet,0.004141,0.990973,0.004886
2258,2259,brain_tumor_figshare/2259.mat,MR048944B,5,1,Gliom,1,Gliom,evet,0.007375,0.977866,0.01476
2259,2260,brain_tumor_figshare/2260.mat,MR048944B,5,1,Gliom,0,Meningiom,hayır,0.658053,0.291854,0.050093
2260,2261,brain_tumor_figshare/2261.mat,MR049358,3,1,Gliom,1,Gliom,evet,0.007962,0.988636,0.003402
2261,2262,brain_tumor_figshare/2262.mat,MR049358,3,1,Gliom,1,Gliom,evet,0.010353,0.988326,0.001321
2262,2263,brain_tumor_figshare/2263.mat,MR049358,3,1,Gliom,1,Gliom,evet,0.432514,0.560788,0.006698
2263,2264,brain_tumor_figshare/2264.mat,MR049358,3,1,Gliom,1,Gliom,evet,0.004079,0.995367,0.000554
2264,2265,brain_tumor_figshare/2265.mat,MR049358,3,1,Gliom,1,Gliom,evet,4.6e-05,0.99979,0.000165
2265,2266,brain_tumor_figshare/2266.mat,MR049358,3,1,Gliom,1,Gliom,evet,0.001927,0.997201,0.000872
2266,2267,brain_tumor_figshare/2267.mat,MR049358,3,1,Gliom,1,Gliom,evet,0.000818,0.994596,0.004586
2267,2268,brain_tumor_figshare/2268.mat,MR049358,3,1,Gliom,1,Gliom,evet,0.059832,0.936838,0.00333
2268,2269,brain_tumor_figshare/2269.mat,MR049358,3,1,Gliom,1,Gliom,evet,0.13397,0.609599,0.256431
2269,2270,brain_tumor_figshare/2270.mat,MR049453,2,1,Gliom,1,Gliom,evet,0.017306,0.974454,0.008239
2270,2271,brain_tumor_figshare/2271.mat,MR049453,2,1,Gliom,1,Gliom,evet,0.014321,0.984251,0.001428
2271,2272,brain_tumor_figshare/2272.mat,MR049453,2,1,Gliom,1,Gliom,evet,0.055289,0.944623,8.9e-05
2272,2273,brain_tumor_figshare/2273.mat,MR049453,2,1,Gliom,1,Gliom,evet,0.034345,0.965654,2e-06
2273,2274,brain_tumor_figshare/2274.mat,MR049453,2,1,Gliom,1,Gliom,evet,0.012706,0.987294,0.0
2274,2275,brain_tumor_figshare/2275.mat,MR049453,2,1,Gliom,1,Gliom,evet,0.032628,0.967342,2.9e-05
2275,2276,brain_tumor_figshare/2276.mat,MR049453,2,1,Gliom,1,Gliom,evet,0.023728,0.976211,6.1e-05
2276,2277,brain_tumor_figshare/2277.mat,MR049453,2,1,Gliom,1,Gliom,evet,0.048763,0.951094,0.000143
2277,2278,brain_tumor_figshare/2278.mat,MR049453,2,1,Gliom,1,Gliom,evet,0.348206,0.648802,0.002992
2278,2279,brain_tumor_figshare/2279.mat,MR024780G,1,1,Gliom,1,Gliom,evet,0.03494,0.965028,3.2e-05
2279,2280,brain_tumor_figshare/2280.mat,MR024780G,1,1,Gliom,1,Gliom,evet,0.069616,0.929306,0.001078
2280,2281,brain_tumor_figshare/2281.mat,MR024780G,1,1,Gliom,1,Gliom,evet,0.001991,0.995848,0.002162
2281,2282,brain_tumor_figshare/2282.mat,MR024780G,1,1,Gliom,1,Gliom,evet,0.032164,0.965133,0.002703
2282,2283,brain_tumor_figshare/2283.mat,MR024780G,1,1,Gliom,1,Gliom,evet,0.003325,0.995007,0.001668
2283,2284,brain_tumor_figshare/2284.mat,MR024780G,1,1,Gliom,1,Gliom,evet,0.004683,0.994057,0.00126
2284,2285,brain_tumor_figshare/2285.mat,MR024780G,1,1,Gliom,1,Gliom,evet,0.008739,0.980944,0.010317
2285,2286,brain_tumor_figshare/2286.mat,MR049453B,1,1,Gliom,1,Gliom,evet,0.098772,0.897889,0.003339
2286,2287,brain_tumor_figshare/2287.mat,MR049453B,1,1,Gliom,1,Gliom,evet,0.036199,0.961748,0.002053
2287,2288,brain_tumor_figshare/2288.mat,MR049453B,1,1,Gliom,1,Gliom,evet,0.064247,0.934129,0.001624
2288,2289,brain_tumor_figshare/2289.mat,MR049453B,1,1,Gliom,1,Gliom,evet,0.009374,0.990588,3.8e-05
2289,2290,brain_tumor_figshare/2290.mat,MR049453B,1,1,Gliom,1,Gliom,evet,0.007908,0.986686,0.005406
2290,2291,brain_tumor_figshare/2291.mat,MR049453B,1,1,Gliom,1,Gliom,evet,0.048266,0.917293,0.03444
2291,2292,brain_tumor_figshare/2292.mat,MR049453B,1,1,Gliom,1,Gliom,evet,0.365635,0.632524,0.001841
2292,2293,brain_tumor_figshare/2293.mat,MR049453B,1,1,Gliom,0,Meningiom,hayır,0.690998,0.30135,0.007652
2293,2294,brain_tumor_figshare/2294.mat,MR049453B,1,1,Gliom,1,Gliom,evet,0.081153,0.918076,0.000771
2294,2295,brain_tumor_figshare/2295.mat,MR049453B,1,1,Gliom,1,Gliom,evet,0.372856,0.627094,5e-05
2295,2296,brain_tumor_figshare/2296.mat,MR049453B,1,1,Gliom,1,Gliom,evet,0.000999,0.997648,0.001353
2296,2297,brain_tumor_figshare/2297.mat,MR049453B,1,1,Gliom,1,Gliom,evet,0.006949,0.992768,0.000283
2297,2298,brain_tumor_figshare/2298.mat,MR049453B,1,1,Gliom,1,Gliom,evet,0.072328,0.926994,0.000677
2298,2299,brain_tumor_figshare/2299.mat,MR049453B,1,1,Gliom,1,Gliom,evet,0.028113,0.95633,0.015557
2299,2300,brain_tumor_figshare/2300.mat,MR050135B,2,1,Gliom,1,Gliom,evet,0.090003,0.90905,0.000947
2300,2301,brain_tumor_figshare/2301.mat,MR050135B,2,1,Gliom,1,Gliom,evet,0.086818,0.913061,0.000121
2301,2302,brain_tumor_figshare/2302.mat,MR050135B,2,1,Gliom,1,Gliom,evet,0.082439,0.907652,0.009909
2302,2303,brain_tumor_figshare/2303.mat,MR050135B,2,1,Gliom,1,Gliom,evet,0.234824,0.76515,2.6e-05
2303,2304,brain_tumor_figshare/2304.mat,MR050135B,2,1,Gliom,1,Gliom,evet,0.067619,0.932055,0.000326
2304,2305,brain_tumor_figshare/2305.mat,MR050135B,2,1,Gliom,1,Gliom,evet,0.070673,0.929225,0.000102
2305,2306,brain_tumor_figshare/2306.mat,MR050135B,2,1,Gliom,1,Gliom,evet,0.342076,0.657406,0.000519
2306,2307,brain_tumor_figshare/2307.mat,MR050135B,2,1,Gliom,0,Meningiom,hayır,0.539127,0.45755,0.003324
2307,2308,brain_tumor_figshare/2308.mat,MR050135B,2,1,Gliom,0,Meningiom,hayır,0.797574,0.194569,0.007857
2308,2309,brain_tumor_figshare/2309.mat,MR050135B,2,1,Gliom,1,Gliom,evet,0.340238,0.651388,0.008375
2309,2310,brain_tumor_figshare/2310.mat,MR050135B,2,1,Gliom,1,Gliom,evet,0.004808,0.994587,0.000605
2310,2311,brain_tumor_figshare/2311.mat,MR050687,1,1,Gliom,0,Meningiom,hayır,0.414362,0.233179,0.352459
2311,2312,brain_tumor_figshare/2312.mat,MR050687,1,1,Gliom,0,Meningiom,hayır,0.469276,0.465671,0.065053
2312,2313,brain_tumor_figshare/2313.mat,MR050687,1,1,Gliom,1,Gliom,evet,0.320223,0.672494,0.007283
2313,2314,brain_tumor_figshare/2314.mat,MR050687,1,1,Gliom,0,Meningiom,hayır,0.510041,0.48511,0.004849
2314,2315,brain_tumor_figshare/2315.mat,MR050687,1,1,Gliom,0,Meningiom,hayır,0.940902,0.058426,0.000672
2315,2316,brain_tumor_figshare/2316.mat,MR050687,1,1,Gliom,0,Meningiom,hayır,0.675313,0.285024,0.039664
2316,2317,brain_tumor_figshare/2317.mat,MR050791B,4,1,Gliom,1,Gliom,evet,9e-06,0.999965,2.5e-05
2317,2318,brain_tumor_figshare/2318.mat,MR050791B,4,1,Gliom,1,Gliom,evet,0.000108,0.9987,0.001193
2318,2319,brain_tumor_figshare/2319.mat,MR050791B,4,1,Gliom,1,Gliom,evet,7e-06,0.999406,0.000587
2319,2320,brain_tumor_figshare/2320.mat,MR050791B,4,1,Gliom,1,Gliom,evet,3.9e-05,0.998966,0.000995
2320,2321,brain_tumor_figshare/2321.mat,MR049019C,4,1,Gliom,1,Gliom,evet,0.074025,0.918956,0.007019
2321,2322,brain_tumor_figshare/2322.mat,MR049019C,4,1,Gliom,1,Gliom,evet,0.121297,0.878494,0.000209
2322,2323,brain_tumor_figshare/2323.mat,MR049019C,4,1,Gliom,1,Gliom,evet,0.10002,0.899397,0.000583
2323,2324,brain_tumor_figshare/2324.mat,MR049019C,4,1,Gliom,1,Gliom,evet,0.041701,0.957501,0.000799
2324,2325,brain_tumor_figshare/2325.mat,MR049019C,4,1,Gliom,1,Gliom,evet,0.079373,0.919457,0.001171
2325,2326,brain_tumor_figshare/2326.mat,MR026175C,4,1,Gliom,1,Gliom,evet,0.008884,0.990972,0.000144
2326,2327,brain_tumor_figshare/2327.mat,MR026175C,4,1,Gliom,1,Gliom,evet,0.004289,0.993565,0.002147
2327,2328,brain_tumor_figshare/2328.mat,MR026175C,4,1,Gliom,1,Gliom,evet,0.048142,0.627768,0.324091
2328,2329,brain_tumor_figshare/2329.mat,MR026175C,4,1,Gliom,1,Gliom,evet,0.091153,0.896268,0.012579
2329,2330,brain_tumor_figshare/2330.mat,MR026175C,4,1,Gliom,1,Gliom,evet,0.028386,0.970968,0.000646
2330,2331,brain_tumor_figshare/2331.mat,MR026175C,4,1,Gliom,1,Gliom,evet,0.003899,0.995998,0.000103
2331,2332,brain_tumor_figshare/2332.mat,MR026175C,4,1,Gliom,1,Gliom,evet,0.059122,0.940729,0.000149
2332,2333,brain_tumor_figshare/2333.mat,MR051461,2,1,Gliom,1,Gliom,evet,0.024558,0.975364,7.8e-05
2333,2334,brain_tumor_figshare/2334.mat,MR051461,2,1,Gliom,1,Gliom,evet,0.04547,0.954517,1.2e-05
2334,2335,brain_tumor_figshare/2335.mat,MR051461,2,1,Gliom,1,Gliom,evet,0.073178,0.926821,1e-06
2335,2336,brain_tumor_figshare/2336.mat,MR051461,2,1,Gliom,1,Gliom,evet,0.011345,0.988653,2e-06
2336,2337,brain_tumor_figshare/2337.mat,MR051461,2,1,Gliom,1,Gliom,evet,0.0137,0.986281,1.9e-05
2337,2338,brain_tumor_figshare/2338.mat,MR051461,2,1,Gliom,1,Gliom,evet,0.010473,0.989469,5.8e-05
2338,2339,brain_tumor_figshare/2339.mat,MR051461,2,1,Gliom,1,Gliom,evet,0.010443,0.989472,8.6e-05
2339,2340,brain_tumor_figshare/2340.mat,MR051461,2,1,Gliom,1,Gliom,evet,0.023726,0.976022,0.000252
2340,2341,brain_tumor_figshare/2341.mat,MR051461,2,1,Gliom,1,Gliom,evet,0.001869,0.997491,0.000639
2341,2342,brain_tumor_figshare/2342.mat,MR051586,5,1,Gliom,1,Gliom,evet,0.117256,0.882732,1.2e-05
2342,2343,brain_tumor_figshare/2343.mat,MR051586,5,1,Gliom,1,Gliom,evet,0.001371,0.998627,2e-06
2343,2344,brain_tumor_figshare/2344.mat,MR033389B,4,1,Gliom,0,Meningiom,hayır,0.354828,0.308969,0.336202
2344,2345,brain_tumor_figshare/2345.mat,MR033389B,4,1,Gliom,0,Meningiom,hayır,0.930506,0.056051,0.013443
2345,2346,brain_tumor_figshare/2346.mat,MR033389B,4,1,Gliom,0,Meningiom,hayır,0.993641,0.000524,0.005835
2346,2347,brain_tumor_figshare/2347.mat,MR033389B,4,1,Gliom,1,Gliom,evet,0.019034,0.975113,0.005853
2347,2348,brain_tumor_figshare/2348.mat,MR033389B,4,1,Gliom,2,Hipofiz tümörü,hayır,0.402139,0.004057,0.593804
2348,2349,brain_tumor_figshare/2349.mat,MR024780E,4,1,Gliom,1,Gliom,evet,0.011891,0.984577,0.003532
2349,2350,brain_tumor_figshare/2350.mat,MR026175E,2,1,Gliom,1,Gliom,evet,0.0024,0.994394,0.003206
2350,2351,brain_tumor_figshare/2351.mat,MR026175E,2,1,Gliom,1,Gliom,evet,0.001715,0.995988,0.002297
2351,2352,brain_tumor_figshare/2352.mat,MR026175E,2,1,Gliom,0,Meningiom,hayır,0.539177,0.460393,0.00043
2352,2353,brain_tumor_figshare/2353.mat,MR026175E,2,1,Gliom,0,Meningiom,hayır,0.874347,0.125564,8.9e-05
2353,2354,brain_tumor_figshare/2354.mat,MR026175E,2,1,Gliom,1,Gliom,evet,0.001741,0.997117,0.001142
2354,2355,brain_tumor_figshare/2355.mat,MR026175E,2,1,Gliom,0,Meningiom,hayır,0.708959,0.289202,0.001839
2355,2356,brain_tumor_figshare/2356.mat,MR026175E,2,1,Gliom,1,Gliom,evet,0.322837,0.660946,0.016217
2356,2357,brain_tumor_figshare/2357.mat,MR026175E,2,1,Gliom,0,Meningiom,hayır,0.688561,0.311034,0.000406
2357,2358,brain_tumor_figshare/2358.mat,MR026175E,2,1,Gliom,1,Gliom,evet,0.017992,0.968905,0.013104
2358,2359,brain_tumor_figshare/2359.mat,MR026175E,2,1,Gliom,1,Gliom,evet,0.011141,0.988821,3.9e-05
2359,2360,brain_tumor_figshare/2360.mat,MR026175E,2,1,Gliom,1,Gliom,evet,0.001717,0.994751,0.003533
2360,2361,brain_tumor_figshare/2361.mat,MR026175E,2,1,Gliom,1,Gliom,evet,0.006299,0.993688,1.3e-05
2361,2362,brain_tumor_figshare/2362.mat,MR040240C,2,1,Gliom,1,Gliom,evet,0.003558,0.989309,0.007133
2362,2363,brain_tumor_figshare/2363.mat,MR040240C,2,1,Gliom,1,Gliom,evet,0.001105,0.998876,1.9e-05
2363,2364,brain_tumor_figshare/2364.mat,MR040240C,2,1,Gliom,1,Gliom,evet,0.004907,0.995076,1.7e-05
2364,2365,brain_tumor_figshare/2365.mat,MR040240C,2,1,Gliom,1,Gliom,evet,0.004868,0.975335,0.019798
2365,2366,brain_tumor_figshare/2366.mat,MR040240C,2,1,Gliom,1,Gliom,evet,0.003971,0.995074,0.000956
2366,2367,brain_tumor_figshare/2367.mat,MR040240C,2,1,Gliom,1,Gliom,evet,6e-05,0.99944,0.0005
2367,2368,brain_tumor_figshare/2368.mat,MR040240C,2,1,Gliom,1,Gliom,evet,0.016384,0.682089,0.301526
2368,2369,brain_tumor_figshare/2369.mat,MR040240C,2,1,Gliom,1,Gliom,evet,0.00021,0.998141,0.001649
2369,2370,brain_tumor_figshare/2370.mat,MR040240C,2,1,Gliom,1,Gliom,evet,0.011735,0.983853,0.004413
2370,2371,brain_tumor_figshare/2371.mat,MR040240C,2,1,Gliom,1,Gliom,evet,0.00025,0.99975,0.0
2371,2372,brain_tumor_figshare/2372.mat,MR040240C,2,1,Gliom,1,Gliom,evet,0.004039,0.995295,0.000666
2372,2373,brain_tumor_figshare/2373.mat,MR040240D,4,1,Gliom,1,Gliom,evet,0.01603,0.981533,0.002436
2373,2374,brain_tumor_figshare/2374.mat,MR040240D,4,1,Gliom,1,Gliom,evet,0.006172,0.993033,0.000795
2374,2375,brain_tumor_figshare/2375.mat,MR040240D,4,1,Gliom,1,Gliom,evet,0.002421,0.902787,0.094792
2375,2376,brain_tumor_figshare/2376.mat,MR040240D,4,1,Gliom,1,Gliom,evet,0.001806,0.9974,0.000794
2376,2377,brain_tumor_figshare/2377.mat,MR040240D,4,1,Gliom,1,Gliom,evet,0.063293,0.933895,0.002813
2377,2378,brain_tumor_figshare/2378.mat,MR040240D,4,1,Gliom,1,Gliom,evet,0.044336,0.949709,0.005955
2378,2379,brain_tumor_figshare/2379.mat,MR040240D,4,1,Gliom,1,Gliom,evet,0.431738,0.563246,0.005016
2379,2380,brain_tumor_figshare/2380.mat,MR040240D,4,1,Gliom,1,Gliom,evet,0.000129,0.997973,0.001898
2380,2381,brain_tumor_figshare/2381.mat,MR040240D,4,1,Gliom,1,Gliom,evet,5.8e-05,0.99966,0.000282
2381,2382,brain_tumor_figshare/2382.mat,MR040240D,4,1,Gliom,1,Gliom,evet,7.9e-05,0.999912,9e-06
2382,2383,brain_tumor_figshare/2383.mat,MR040240D,4,1,Gliom,1,Gliom,evet,0.003492,0.988279,0.008229
2383,2384,brain_tumor_figshare/2384.mat,MR017260F,2,1,Gliom,1,Gliom,evet,0.005165,0.994788,4.7e-05
2384,2385,brain_tumor_figshare/2385.mat,MR017260F,2,1,Gliom,1,Gliom,evet,0.280504,0.719495,0.0
2385,2386,brain_tumor_figshare/2386.mat,MR017260F,2,1,Gliom,1,Gliom,evet,0.03121,0.968788,2e-06
2386,2387,brain_tumor_figshare/2387.mat,MR017260F,2,1,Gliom,1,Gliom,evet,0.043279,0.956721,0.0
2387,2388,brain_tumor_figshare/2388.mat,MR017260F,2,1,Gliom,0,Meningiom,hayır,0.66214,0.33786,0.0
2388,2389,brain_tumor_figshare/2389.mat,MR017260F,2,1,Gliom,1,Gliom,evet,0.000356,0.999644,0.0
2389,2390,brain_tumor_figshare/2390.mat,MR017260F,2,1,Gliom,1,Gliom,evet,0.003593,0.996407,0.0
2390,2391,brain_tumor_figshare/2391.mat,MR017260F,2,1,Gliom,1,Gliom,evet,0.423971,0.576028,0.0
2391,2392,brain_tumor_figshare/2392.mat,MR017260F,2,1,Gliom,1,Gliom,evet,0.005087,0.994913,0.0
2392,2393,brain_tumor_figshare/2393.mat,MR017260F,2,1,Gliom,1,Gliom,evet,0.012049,0.987949,2e-06
2393,2394,brain_tumor_figshare/2394.mat,MR029209I,4,1,Gliom,1,Gliom,evet,0.046453,0.94895,0.004597
2394,2395,brain_tumor_figshare/2395.mat,MR029209I,4,1,Gliom,1,Gliom,evet,0.038376,0.935775,0.025849
2395,2396,brain_tumor_figshare/2396.mat,MR029209I,4,1,Gliom,1,Gliom,evet,0.001447,0.998108,0.000445
2396,2397,brain_tumor_figshare/2397.mat,MR029209I,4,1,Gliom,1,Gliom,evet,0.000638,0.986586,0.012776
2397,2398,brain_tumor_figshare/2398.mat,MR029209I,4,1,Gliom,1,Gliom,evet,8e-06,0.999802,0.00019
2398,2399,brain_tumor_figshare/2399.mat,MR029209I,4,1,Gliom,0,Meningiom,hayır,0.808264,0.189518,0.002218
2399,2400,brain_tumor_figshare/2400.mat,MR029209I,4,1,Gliom,1,Gliom,evet,0.000781,0.998995,0.000224
2400,2401,brain_tumor_figshare/2401.mat,MR029209I,4,1,Gliom,1,Gliom,evet,0.332538,0.637903,0.029559
2401,2402,brain_tumor_figshare/2402.mat,MR029209I,4,1,Gliom,1,Gliom,evet,0.076378,0.900808,0.022813
2402,2403,brain_tumor_figshare/2403.mat,MR048294,1,1,Gliom,1,Gliom,evet,0.151802,0.847956,0.000242
2403,2404,brain_tumor_figshare/2404.mat,MR048294,1,1,Gliom,1,Gliom,evet,0.037968,0.960794,0.001237
2404,2405,brain_tumor_figshare/2405.mat,MR048294,1,1,Gliom,1,Gliom,evet,0.245626,0.754179,0.000195
2405,2406,brain_tumor_figshare/2406.mat,MR048294,1,1,Gliom,1,Gliom,evet,0.067188,0.930504,0.002308
2406,2407,brain_tumor_figshare/2407.mat,MR048294,1,1,Gliom,1,Gliom,evet,0.229221,0.770775,4e-06
2407,2408,brain_tumor_figshare/2408.mat,MR048294,1,1,Gliom,0,Meningiom,hayır,0.505589,0.493664,0.000747
2408,2409,brain_tumor_figshare/2409.mat,MR048294,1,1,Gliom,1,Gliom,evet,0.330649,0.664664,0.004687
2409,2410,brain_tumor_figshare/2410.mat,MR048297,1,1,Gliom,1,Gliom,evet,0.028584,0.970492,0.000924
2410,2411,brain_tumor_figshare/2411.mat,MR048297,1,1,Gliom,0,Meningiom,hayır,0.886658,0.111963,0.001379
2411,2412,brain_tumor_figshare/2412.mat,MR048297,1,1,Gliom,1,Gliom,evet,0.402347,0.591908,0.005744
2412,2413,brain_tumor_figshare/2413.mat,MR048297,1,1,Gliom,0,Meningiom,hayır,0.904388,0.09204,0.003572
2413,2414,brain_tumor_figshare/2414.mat,MR048297,1,1,Gliom,0,Meningiom,hayır,0.491111,0.46567,0.043219
2414,2415,brain_tumor_figshare/2415.mat,MR048294B,5,1,Gliom,1,Gliom,evet,0.021665,0.97816,0.000175
2415,2416,brain_tumor_figshare/2416.mat,MR048294B,5,1,Gliom,1,Gliom,evet,0.001059,0.997864,0.001077
2416,2417,brain_tumor_figshare/2417.mat,MR048294B,5,1,Gliom,1,Gliom,evet,6.1e-05,0.999777,0.000162
2417,2418,brain_tumor_figshare/2418.mat,MR048294B,5,1,Gliom,1,Gliom,evet,0.000536,0.997121,0.002342
2418,2419,brain_tumor_figshare/2419.mat,MR048294B,5,1,Gliom,1,Gliom,evet,0.088177,0.888098,0.023726
2419,2420,brain_tumor_figshare/2420.mat,MR048621B,5,1,Gliom,1,Gliom,evet,0.208808,0.790909,0.000283
2420,2421,brain_tumor_figshare/2421.mat,MR048621B,5,1,Gliom,1,Gliom,evet,0.003859,0.996087,5.4e-05
2421,2422,brain_tumor_figshare/2422.mat,MR048621B,5,1,Gliom,1,Gliom,evet,0.00757,0.99227,0.00016
2422,2423,brain_tumor_figshare/2423.mat,MR048621B,5,1,Gliom,1,Gliom,evet,0.000194,0.999771,3.5e-05
2423,2424,brain_tumor_figshare/2424.mat,MR048621B,5,1,Gliom,1,Gliom,evet,0.049179,0.945748,0.005072
2424,2425,brain_tumor_figshare/2425.mat,MR048621B,5,1,Gliom,1,Gliom,evet,0.06927,0.923955,0.006775
2425,2426,brain_tumor_figshare/2426.mat,MR048944,5,1,Gliom,1,Gliom,evet,0.169246,0.826217,0.004537
2426,2427,brain_tumor_figshare/2427.mat,MR048944,5,1,Gliom,1,Gliom,evet,0.012264,0.987615,0.000121
2427,2428,brain_tumor_figshare/2428.mat,MR048944,5,1,Gliom,1,Gliom,evet,0.075889,0.921729,0.002381
2428,2429,brain_tumor_figshare/2429.mat,MR048944,5,1,Gliom,1,Gliom,evet,0.003001,0.996679,0.00032
2429,2430,brain_tumor_figshare/2430.mat,MR048944,5,1,Gliom,1,Gliom,evet,0.00405,0.992074,0.003876
2430,2431,brain_tumor_figshare/2431.mat,MR048944,5,1,Gliom,1,Gliom,evet,0.014093,0.949873,0.036034
2431,2432,brain_tumor_figshare/2432.mat,MR048944,5,1,Gliom,1,Gliom,evet,0.024709,0.972028,0.003263
2432,2433,brain_tumor_figshare/2433.mat,MR048944,5,1,Gliom,1,Gliom,evet,0.022836,0.97592,0.001244
2433,2434,brain_tumor_figshare/2434.mat,MR048944,5,1,Gliom,1,Gliom,evet,0.118036,0.881067,0.000897
2434,2435,brain_tumor_figshare/2435.mat,MR048994,2,1,Gliom,1,Gliom,evet,0.276317,0.723681,3e-06
2435,2436,brain_tumor_figshare/2436.mat,MR048994,2,1,Gliom,1,Gliom,evet,0.238607,0.761391,2e-06
2436,2437,brain_tumor_figshare/2437.mat,MR048994,2,1,Gliom,1,Gliom,evet,0.032755,0.967244,1e-06
2437,2438,brain_tumor_figshare/2438.mat,MR048994,2,1,Gliom,1,Gliom,evet,0.000653,0.999347,0.0
2438,2439,brain_tumor_figshare/2439.mat,MR048994,2,1,Gliom,1,Gliom,evet,0.006083,0.993916,2e-06
2439,2440,brain_tumor_figshare/2440.mat,MR048994,2,1,Gliom,1,Gliom,evet,0.013365,0.986632,3e-06
2440,2441,brain_tumor_figshare/2441.mat,MR048994,2,1,Gliom,1,Gliom,evet,0.016745,0.983254,1e-06
2441,2442,brain_tumor_figshare/2442.mat,MR037458C,4,1,Gliom,0,Meningiom,hayır,0.671382,0.32724,0.001378
2442,2443,brain_tumor_figshare/2443.mat,MR040240,5,1,Gliom,1,Gliom,evet,0.004498,0.995336,0.000166
2443,2444,brain_tumor_figshare/2444.mat,MR040240,5,1,Gliom,1,Gliom,evet,0.017339,0.981558,0.001103
2444,2445,brain_tumor_figshare/2445.mat,MR040240,5,1,Gliom,1,Gliom,evet,0.019963,0.97961,0.000427
2445,2446,brain_tumor_figshare/2446.mat,MR040240,5,1,Gliom,1,Gliom,evet,0.003385,0.99615,0.000466
2446,2447,brain_tumor_figshare/2447.mat,MR040240,5,1,Gliom,1,Gliom,evet,0.028416,0.966662,0.004922
2447,2448,brain_tumor_figshare/2448.mat,MR040240,5,1,Gliom,1,Gliom,evet,0.064698,0.900948,0.034354
2448,2449,brain_tumor_figshare/2449.mat,MR040240,5,1,Gliom,1,Gliom,evet,0.15586,0.834022,0.010119
2449,2450,brain_tumor_figshare/2450.mat,MR040240,5,1,Gliom,1,Gliom,evet,0.001516,0.996094,0.00239
2450,2451,brain_tumor_figshare/2451.mat,MR040240,5,1,Gliom,1,Gliom,evet,0.002161,0.997272,0.000567
2451,2452,brain_tumor_figshare/2452.mat,MR040240,5,1,Gliom,1,Gliom,evet,2.3e-05,0.999944,3.3e-05
2452,2453,brain_tumor_figshare/2453.mat,MR040240B,3,1,Gliom,1,Gliom,evet,0.015937,0.968416,0.015648
2453,2454,brain_tumor_figshare/2454.mat,MR040240B,3,1,Gliom,1,Gliom,evet,0.039917,0.893193,0.06689
2454,2455,brain_tumor_figshare/2455.mat,MR040240B,3,1,Gliom,1,Gliom,evet,0.04182,0.936865,0.021315
2455,2456,brain_tumor_figshare/2456.mat,MR040240B,3,1,Gliom,1,Gliom,evet,0.052735,0.830246,0.117019
2456,2457,brain_tumor_figshare/2457.mat,MR040240B,3,1,Gliom,1,Gliom,evet,0.034965,0.925277,0.039759
2457,2458,brain_tumor_figshare/2458.mat,MR040240B,3,1,Gliom,1,Gliom,evet,0.137204,0.820555,0.042241
2458,2459,brain_tumor_figshare/2459.mat,MR040240B,3,1,Gliom,1,Gliom,evet,0.015065,0.927442,0.057492
2459,2460,brain_tumor_figshare/2460.mat,MR040240B,3,1,Gliom,1,Gliom,evet,0.000478,0.998571,0.000952
2460,2461,brain_tumor_figshare/2461.mat,MR040240B,3,1,Gliom,1,Gliom,evet,0.003512,0.84644,0.150048
2461,2462,brain_tumor_figshare/2462.mat,MR040240B,3,1,Gliom,1,Gliom,evet,0.020218,0.895608,0.084174
2462,2463,brain_tumor_figshare/2463.mat,MR029209G,5,1,Gliom,1,Gliom,evet,0.005209,0.994783,8e-06
2463,2464,brain_tumor_figshare/2464.mat,MR029209G,5,1,Gliom,1,Gliom,evet,0.002203,0.997752,4.5e-05
2464,2465,brain_tumor_figshare/2465.mat,MR029209G,5,1,Gliom,1,Gliom,evet,0.001134,0.998861,5e-06
2465,2466,brain_tumor_figshare/2466.mat,MR029209G,5,1,Gliom,1,Gliom,evet,0.001176,0.998813,1.1e-05
2466,2467,brain_tumor_figshare/2467.mat,MR029209G,5,1,Gliom,1,Gliom,evet,0.00206,0.997639,0.0003
2467,2468,brain_tumor_figshare/2468.mat,MR029209G,5,1,Gliom,1,Gliom,evet,0.000109,0.99989,1e-06
2468,2469,brain_tumor_figshare/2469.mat,MR029209G,5,1,Gliom,1,Gliom,evet,0.000647,0.999226,0.000127
2469,2470,brain_tumor_figshare/2470.mat,MR036496B,3,1,Gliom,1,Gliom,evet,0.003485,0.995679,0.000836
2470,2471,brain_tumor_figshare/2471.mat,MR036496B,3,1,Gliom,1,Gliom,evet,0.00561,0.992083,0.002308
2471,2472,brain_tumor_figshare/2472.mat,MR036496B,3,1,Gliom,1,Gliom,evet,0.139713,0.859726,0.000561
2472,2473,brain_tumor_figshare/2473.mat,MR036496B,3,1,Gliom,1,Gliom,evet,0.051773,0.948226,1e-06
2473,2474,brain_tumor_figshare/2474.mat,MR036496B,3,1,Gliom,1,Gliom,evet,0.312624,0.687374,1e-06
2474,2475,brain_tumor_figshare/2475.mat,MR036496B,3,1,Gliom,1,Gliom,evet,0.221005,0.777442,0.001552
2475,2476,brain_tumor_figshare/2476.mat,MR033420,5,1,Gliom,0,Meningiom,hayır,0.999607,0.000362,3e-05
2476,2477,brain_tumor_figshare/2477.mat,MR033420,5,1,Gliom,0,Meningiom,hayır,0.569015,0.429358,0.001627
2477,2478,brain_tumor_figshare/2478.mat,MR033420,5,1,Gliom,1,Gliom,evet,0.000271,0.996361,0.003369
2478,2479,brain_tumor_figshare/2479.mat,MR033420,5,1,Gliom,1,Gliom,evet,0.028072,0.971023,0.000905
2479,2480,brain_tumor_figshare/2480.mat,MR033420,5,1,Gliom,1,Gliom,evet,0.001001,0.998995,5e-06
2480,2481,brain_tumor_figshare/2481.mat,MR033420,5,1,Gliom,1,Gliom,evet,0.038356,0.961635,9e-06
2481,2482,brain_tumor_figshare/2482.mat,MR033420,5,1,Gliom,1,Gliom,evet,0.158465,0.838812,0.002723
2482,2483,brain_tumor_figshare/2483.mat,MR033420,5,1,Gliom,1,Gliom,evet,0.341712,0.656405,0.001882
2483,2484,brain_tumor_figshare/2484.mat,MR033420,5,1,Gliom,1,Gliom,evet,0.003984,0.995922,9.4e-05
2484,2485,brain_tumor_figshare/2485.mat,MR033420,5,1,Gliom,1,Gliom,evet,0.003165,0.995866,0.000969
2485,2486,brain_tumor_figshare/2486.mat,MR033420,5,1,Gliom,1,Gliom,evet,0.000271,0.999308,0.000421
2486,2487,brain_tumor_figshare/2487.mat,MR033389B,4,1,Gliom,1,Gliom,evet,0.125074,0.867612,0.007314
2487,2488,brain_tumor_figshare/2488.mat,MR033389B,4,1,Gliom,1,Gliom,evet,0.176048,0.823947,5e-06
2488,2489,brain_tumor_figshare/2489.mat,MR033389B,4,1,Gliom,1,Gliom,evet,0.001341,0.998614,4.6e-05
2489,2490,brain_tumor_figshare/2490.mat,MR033389B,4,1,Gliom,1,Gliom,evet,0.009606,0.989866,0.000528
2490,2491,brain_tumor_figshare/2491.mat,MR033389B,4,1,Gliom,1,Gliom,evet,0.038425,0.960315,0.001261
2491,2492,brain_tumor_figshare/2492.mat,MR033389B,4,1,Gliom,1,Gliom,evet,0.256426,0.741454,0.00212
2492,2493,brain_tumor_figshare/2493.mat,MR033389B,4,1,Gliom,1,Gliom,evet,3e-06,0.999985,1.1e-05
2493,2494,brain_tumor_figshare/2494.mat,MR033389B,4,1,Gliom,1,Gliom,evet,0.209906,0.790001,9.4e-05
2494,2495,brain_tumor_figshare/2495.mat,MR033389B,4,1,Gliom,1,Gliom,evet,0.208018,0.791368,0.000613
2495,2496,brain_tumor_figshare/2496.mat,MR024780E,4,1,Gliom,1,Gliom,evet,0.001683,0.997692,0.000625
2496,2497,brain_tumor_figshare/2497.mat,MR024780E,4,1,Gliom,1,Gliom,evet,0.052276,0.945176,0.002548
2497,2498,brain_tumor_figshare/2498.mat,MR024780E,4,1,Gliom,1,Gliom,evet,0.105827,0.888093,0.00608
2498,2499,brain_tumor_figshare/2499.mat,MR026175E,2,1,Gliom,1,Gliom,evet,0.002461,0.997305,0.000233
2499,2500,brain_tumor_figshare/2500.mat,MR026175E,2,1,Gliom,1,Gliom,evet,0.001853,0.998102,4.5e-05
2500,2501,brain_tumor_figshare/2501.mat,MR026175E,2,1,Gliom,1,Gliom,evet,0.000163,0.999752,8.4e-05
2501,2502,brain_tumor_figshare/2502.mat,MR026175E,2,1,Gliom,1,Gliom,evet,0.014818,0.985142,4e-05
2502,2503,brain_tumor_figshare/2503.mat,MR026175E,2,1,Gliom,1,Gliom,evet,0.001237,0.998617,0.000146
2503,2504,brain_tumor_figshare/2504.mat,MR026175E,2,1,Gliom,1,Gliom,evet,0.003285,0.995421,0.001294
2504,2505,brain_tumor_figshare/2505.mat,MR026175E,2,1,Gliom,1,Gliom,evet,0.013247,0.986589,0.000164
2505,2506,brain_tumor_figshare/2506.mat,MR026175E,2,1,Gliom,1,Gliom,evet,0.046239,0.952374,0.001387
2506,2507,brain_tumor_figshare/2507.mat,MR026175E,2,1,Gliom,1,Gliom,evet,0.00972,0.990104,0.000176
2507,2508,brain_tumor_figshare/2508.mat,MR026175E,2,1,Gliom,1,Gliom,evet,0.007586,0.99224,0.000174
2508,2509,brain_tumor_figshare/2509.mat,MR040240C,2,1,Gliom,1,Gliom,evet,0.005913,0.991387,0.0027
2509,2510,brain_tumor_figshare/2510.mat,MR040240C,2,1,Gliom,1,Gliom,evet,0.011365,0.943172,0.045463
2510,2511,brain_tumor_figshare/2511.mat,MR040240C,2,1,Gliom,1,Gliom,evet,0.000852,0.998781,0.000367
2511,2512,brain_tumor_figshare/2512.mat,MR040240C,2,1,Gliom,1,Gliom,evet,0.001557,0.997796,0.000647
2512,2513,brain_tumor_figshare/2513.mat,MR040240C,2,1,Gliom,1,Gliom,evet,0.002491,0.996697,0.000812
2513,2514,brain_tumor_figshare/2514.mat,MR040240C,2,1,Gliom,1,Gliom,evet,0.000317,0.999632,5.1e-05
2514,2515,brain_tumor_figshare/2515.mat,MR040240C,2,1,Gliom,0,Meningiom,hayır,0.693377,0.300906,0.005717
2515,2516,brain_tumor_figshare/2516.mat,MR040240C,2,1,Gliom,1,Gliom,evet,0.002123,0.977172,0.020704
2516,2517,brain_tumor_figshare/2517.mat,MR040240C,2,1,Gliom,1,Gliom,evet,0.024631,0.950168,0.0252
2517,2518,brain_tumor_figshare/2518.mat,MR040240C,2,1,Gliom,1,Gliom,evet,0.003983,0.992897,0.00312
2518,2519,brain_tumor_figshare/2519.mat,MR040240C,2,1,Gliom,1,Gliom,evet,0.017776,0.977972,0.004253
2519,2520,brain_tumor_figshare/2520.mat,MR040240C,2,1,Gliom,1,Gliom,evet,0.027934,0.91762,0.054446
2520,2521,brain_tumor_figshare/2521.mat,MR040240C,2,1,Gliom,1,Gliom,evet,0.001635,0.995147,0.003218
2521,2522,brain_tumor_figshare/2522.mat,MR040240C,2,1,Gliom,1,Gliom,evet,0.000166,0.996604,0.003231
2522,2523,brain_tumor_figshare/2523.mat,MR040240C,2,1,Gliom,1,Gliom,evet,0.001823,0.99706,0.001117
2523,2524,brain_tumor_figshare/2524.mat,MR017260F,2,1,Gliom,1,Gliom,evet,0.422124,0.57183,0.006046
2524,2525,brain_tumor_figshare/2525.mat,MR017260F,2,1,Gliom,0,Meningiom,hayır,0.568616,0.431342,4.2e-05
2525,2526,brain_tumor_figshare/2526.mat,MR017260F,2,1,Gliom,0,Meningiom,hayır,0.799061,0.200895,4.3e-05
2526,2527,brain_tumor_figshare/2527.mat,MR017260F,2,1,Gliom,0,Meningiom,hayır,0.59045,0.408921,0.000629
2527,2528,brain_tumor_figshare/2528.mat,MR017260F,2,1,Gliom,1,Gliom,evet,0.001482,0.998511,7e-06
2528,2529,brain_tumor_figshare/2529.mat,MR017260F,2,1,Gliom,1,Gliom,evet,0.098362,0.901622,1.6e-05
2529,2530,brain_tumor_figshare/2530.mat,MR029209I,4,1,Gliom,1,Gliom,evet,0.186275,0.811026,0.002699
2530,2531,brain_tumor_figshare/2531.mat,MR029209I,4,1,Gliom,1,Gliom,evet,0.235697,0.7542,0.010103
2531,2532,brain_tumor_figshare/2532.mat,MR029209I,4,1,Gliom,1,Gliom,evet,3e-05,0.999382,0.000588
2532,2533,brain_tumor_figshare/2533.mat,MR029209I,4,1,Gliom,0,Meningiom,hayır,0.690627,0.307849,0.001524
2533,2534,brain_tumor_figshare/2534.mat,MR029209I,4,1,Gliom,1,Gliom,evet,0.427423,0.569974,0.002603
2534,2535,brain_tumor_figshare/2535.mat,MR029209I,4,1,Gliom,1,Gliom,evet,0.132679,0.831488,0.035832
2535,2536,brain_tumor_figshare/2536.mat,MR029209I,4,1,Gliom,1,Gliom,evet,1e-06,0.999826,0.000173
2536,2537,brain_tumor_figshare/2537.mat,MR029209I,4,1,Gliom,1,Gliom,evet,0.001014,0.998951,3.6e-05
2537,2538,brain_tumor_figshare/2538.mat,MR029209I,4,1,Gliom,1,Gliom,evet,0.010869,0.98913,1e-06
2538,2539,brain_tumor_figshare/2539.mat,MR029209I,4,1,Gliom,1,Gliom,evet,4.7e-05,0.999905,4.8e-05
2539,2540,brain_tumor_figshare/2540.mat,MR048294,1,1,Gliom,1,Gliom,evet,0.071348,0.928402,0.00025
2540,2541,brain_tumor_figshare/2541.mat,MR048294,1,1,Gliom,0,Meningiom,hayır,0.999275,0.000719,6e-06
2541,2542,brain_tumor_figshare/2542.mat,MR048294,1,1,Gliom,0,Meningiom,hayır,0.931427,0.068473,0.0001
2542,2543,brain_tumor_figshare/2543.mat,MR048294,1,1,Gliom,0,Meningiom,hayır,0.997025,0.00107,0.001905
2543,2544,brain_tumor_figshare/2544.mat,MR048294,1,1,Gliom,1,Gliom,evet,0.361734,0.571184,0.067082
2544,2545,brain_tumor_figshare/2545.mat,MR048294,1,1,Gliom,0,Meningiom,hayır,0.922866,0.042497,0.034637
2545,2546,brain_tumor_figshare/2546.mat,MR051586,5,1,Gliom,0,Meningiom,hayır,0.844355,0.15559,5.5e-05
2546,2547,brain_tumor_figshare/2547.mat,MR051586,5,1,Gliom,1,Gliom,evet,0.154176,0.845158,0.000666
2547,2548,brain_tumor_figshare/2548.mat,MR051586,5,1,Gliom,1,Gliom,evet,0.013205,0.986596,0.0002
2548,2549,brain_tumor_figshare/2549.mat,MR051586,5,1,Gliom,0,Meningiom,hayır,0.873387,0.085561,0.041051
2549,2550,brain_tumor_figshare/2550.mat,MR051461B,4,1,Gliom,1,Gliom,evet,0.339764,0.65811,0.002126
2550,2551,brain_tumor_figshare/2551.mat,MR051461B,4,1,Gliom,1,Gliom,evet,0.098635,0.900262,0.001102
2551,2552,brain_tumor_figshare/2552.mat,MR051461B,4,1,Gliom,1,Gliom,evet,0.008838,0.988413,0.00275
2552,2553,brain_tumor_figshare/2553.mat,MR051461B,4,1,Gliom,1,Gliom,evet,0.022201,0.975404,0.002395
2553,2554,brain_tumor_figshare/2554.mat,MR051644,4,1,Gliom,1,Gliom,evet,0.023413,0.975796,0.000791
2554,2555,brain_tumor_figshare/2555.mat,MR051644,4,1,Gliom,1,Gliom,evet,0.045099,0.954242,0.000659
2555,2556,brain_tumor_figshare/2556.mat,MR051644,4,1,Gliom,1,Gliom,evet,0.000746,0.99708,0.002173
2556,2557,brain_tumor_figshare/2557.mat,MR051644,4,1,Gliom,1,Gliom,evet,0.000836,0.997318,0.001846
2557,2558,brain_tumor_figshare/2558.mat,MR051644,4,1,Gliom,1,Gliom,evet,0.265052,0.732268,0.00268
2558,2559,brain_tumor_figshare/2559.mat,MR051644,4,1,Gliom,1,Gliom,evet,0.249357,0.74771,0.002933
2559,2560,brain_tumor_figshare/2560.mat,MR051644,4,1,Gliom,1,Gliom,evet,0.024999,0.974015,0.000985
2560,2561,brain_tumor_figshare/2561.mat,MR051644,4,1,Gliom,1,Gliom,evet,0.06845,0.916608,0.014943
2561,2562,brain_tumor_figshare/2562.mat,MR051644,4,1,Gliom,1,Gliom,evet,0.002434,0.995294,0.002272
2562,2563,brain_tumor_figshare/2563.mat,MR051644,4,1,Gliom,1,Gliom,evet,0.008801,0.990802,0.000398
2563,2564,brain_tumor_figshare/2564.mat,MR051644,4,1,Gliom,1,Gliom,evet,0.005499,0.994341,0.00016
2564,2565,brain_tumor_figshare/2565.mat,MR051644,4,1,Gliom,1,Gliom,evet,0.011932,0.987677,0.000391
2565,2566,brain_tumor_figshare/2566.mat,MR051651,1,1,Gliom,1,Gliom,evet,0.079811,0.919891,0.000298
2566,2567,brain_tumor_figshare/2567.mat,MR051651,1,1,Gliom,1,Gliom,evet,0.012065,0.987816,0.000119
2567,2568,brain_tumor_figshare/2568.mat,MR051651,1,1,Gliom,1,Gliom,evet,0.095513,0.903403,0.001084
2568,2569,brain_tumor_figshare/2569.mat,MR051651,1,1,Gliom,1,Gliom,evet,0.236724,0.763259,1.7e-05
2569,2570,brain_tumor_figshare/2570.mat,MR051651,1,1,Gliom,1,Gliom,evet,0.001335,0.998608,5.7e-05
2570,2571,brain_tumor_figshare/2571.mat,MR051651,1,1,Gliom,1,Gliom,evet,0.003228,0.996771,2e-06
2571,2572,brain_tumor_figshare/2572.mat,MR051651,1,1,Gliom,1,Gliom,evet,0.00512,0.994873,7e-06
2572,2573,brain_tumor_figshare/2573.mat,MR051796,4,1,Gliom,1,Gliom,evet,0.101101,0.898706,0.000193
2573,2574,brain_tumor_figshare/2574.mat,MR051796,4,1,Gliom,1,Gliom,evet,0.097791,0.901544,0.000665
2574,2575,brain_tumor_figshare/2575.mat,MR051796,4,1,Gliom,1,Gliom,evet,0.006941,0.989729,0.00333
2575,2576,brain_tumor_figshare/2576.mat,MR051796,4,1,Gliom,1,Gliom,evet,0.004236,0.995488,0.000276
2576,2577,brain_tumor_figshare/2577.mat,MR051796,4,1,Gliom,0,Meningiom,hayır,0.760176,0.238681,0.001143
2577,2578,brain_tumor_figshare/2578.mat,MR051796,4,1,Gliom,1,Gliom,evet,0.008904,0.991064,3.2e-05
2578,2579,brain_tumor_figshare/2579.mat,MR051651B,3,1,Gliom,1,Gliom,evet,0.000155,0.997161,0.002684
2579,2580,brain_tumor_figshare/2580.mat,MR051651B,3,1,Gliom,1,Gliom,evet,0.002108,0.997866,2.6e-05
2580,2581,brain_tumor_figshare/2581.mat,MR051651B,3,1,Gliom,1,Gliom,evet,0.014261,0.985716,2.3e-05
2581,2582,brain_tumor_figshare/2582.mat,MR051651B,3,1,Gliom,1,Gliom,evet,0.000332,0.999666,1e-06
2582,2583,brain_tumor_figshare/2583.mat,MR051651B,3,1,Gliom,1,Gliom,evet,7.6e-05,0.999911,1.3e-05
2583,2584,brain_tumor_figshare/2584.mat,MR051651B,3,1,Gliom,1,Gliom,evet,0.002671,0.997202,0.000126
2584,2585,brain_tumor_figshare/2585.mat,MR051651B,3,1,Gliom,1,Gliom,evet,0.034993,0.964349,0.000658
2585,2586,brain_tumor_figshare/2586.mat,MR051796B,5,1,Gliom,1,Gliom,evet,0.008181,0.991155,0.000663
2586,2587,brain_tumor_figshare/2587.mat,MR051796B,5,1,Gliom,1,Gliom,evet,0.050861,0.946792,0.002347
2587,2588,brain_tumor_figshare/2588.mat,MR051796B,5,1,Gliom,1,Gliom,evet,0.012707,0.979898,0.007395
2588,2589,brain_tumor_figshare/2589.mat,MR052550,1,1,Gliom,1,Gliom,evet,0.003097,0.942009,0.054893
2589,2590,brain_tumor_figshare/2590.mat,MR052550,1,1,Gliom,1,Gliom,evet,0.056086,0.859619,0.084295
2590,2591,brain_tumor_figshare/2591.mat,MR052550,1,1,Gliom,1,Gliom,evet,0.002417,0.987005,0.010579
2591,2592,brain_tumor_figshare/2592.mat,MR052550,1,1,Gliom,1,Gliom,evet,0.025089,0.949717,0.025194
2592,2593,brain_tumor_figshare/2593.mat,MR052550,1,1,Gliom,1,Gliom,evet,0.002374,0.996796,0.000831
2593,2594,brain_tumor_figshare/2594.mat,MR052550,1,1,Gliom,1,Gliom,evet,0.008897,0.989188,0.001916
2594,2595,brain_tumor_figshare/2595.mat,MR051644C,4,1,Gliom,1,Gliom,evet,0.000811,0.999148,4.1e-05
2595,2596,brain_tumor_figshare/2596.mat,MR051644C,4,1,Gliom,1,Gliom,evet,0.043572,0.952698,0.00373
2596,2597,brain_tumor_figshare/2597.mat,MR051644C,4,1,Gliom,1,Gliom,evet,0.062737,0.936931,0.000332
2597,2598,brain_tumor_figshare/2598.mat,MR051644C,4,1,Gliom,1,Gliom,evet,0.035486,0.964077,0.000437
2598,2599,brain_tumor_figshare/2599.mat,MR051644C,4,1,Gliom,1,Gliom,evet,0.34434,0.653718,0.001941
2599,2600,brain_tumor_figshare/2600.mat,MR051644C,4,1,Gliom,1,Gliom,evet,0.000746,0.998307,0.000947
2600,2601,brain_tumor_figshare/2601.mat,MR051644C,4,1,Gliom,1,Gliom,evet,0.000619,0.999344,3.7e-05
2601,2602,brain_tumor_figshare/2602.mat,MR051644C,4,1,Gliom,1,Gliom,evet,0.003756,0.995281,0.000963
2602,2603,brain_tumor_figshare/2603.mat,MR051644C,4,1,Gliom,1,Gliom,evet,0.022034,0.977566,0.0004
2603,2604,brain_tumor_figshare/2604.mat,MR051644C,4,1,Gliom,1,Gliom,evet,0.068328,0.930136,0.001536
2604,2605,brain_tumor_figshare/2605.mat,MR051644C,4,1,Gliom,1,Gliom,evet,0.042737,0.956844,0.000419
2605,2606,brain_tumor_figshare/2606.mat,MR051644C,4,1,Gliom,1,Gliom,evet,0.390384,0.60959,2.7e-05
2606,2607,brain_tumor_figshare/2607.mat,MR051644C,4,1,Gliom,1,Gliom,evet,0.0114,0.988585,1.5e-05
2607,2608,brain_tumor_figshare/2608.mat,MR049942B,3,1,Gliom,1,Gliom,evet,0.082691,0.744482,0.172826
2608,2609,brain_tumor_figshare/2609.mat,MR049942B,3,1,Gliom,1,Gliom,evet,0.011912,0.981984,0.006105
2609,2610,brain_tumor_figshare/2610.mat,MR049942B,3,1,Gliom,1,Gliom,evet,0.007823,0.989647,0.002529
2610,2611,brain_tumor_figshare/2611.mat,MR049942B,3,1,Gliom,1,Gliom,evet,0.006463,0.991109,0.002428
2611,2612,brain_tumor_figshare/2612.mat,MR047953C,4,1,Gliom,1,Gliom,evet,0.004368,0.994231,0.001401
2612,2613,brain_tumor_figshare/2613.mat,MR047953C,4,1,Gliom,1,Gliom,evet,0.00072,0.991237,0.008043
2613,2614,brain_tumor_figshare/2614.mat,MR047953C,4,1,Gliom,1,Gliom,evet,0.013588,0.970712,0.015701
2614,2615,brain_tumor_figshare/2615.mat,MR047953C,4,1,Gliom,1,Gliom,evet,0.155451,0.756457,0.088092
2615,2616,brain_tumor_figshare/2616.mat,MR047953C,4,1,Gliom,1,Gliom,evet,0.017538,0.958279,0.024183
2616,2617,brain_tumor_figshare/2617.mat,MR053110B,1,1,Gliom,0,Meningiom,hayır,0.594995,0.059101,0.345904
2617,2618,brain_tumor_figshare/2618.mat,MR053110B,1,1,Gliom,2,Hipofiz tümörü,hayır,0.10823,0.00333,0.88844
2618,2619,brain_tumor_figshare/2619.mat,MR053110B,1,1,Gliom,2,Hipofiz tümörü,hayır,0.117051,0.179697,0.703252
2619,2620,brain_tumor_figshare/2620.mat,MR053110B,1,1,Gliom,2,Hipofiz tümörü,hayır,0.000366,0.00063,0.999004
2620,2621,brain_tumor_figshare/2621.mat,MR053110B,1,1,Gliom,0,Meningiom,hayır,0.590908,0.397295,0.011797
2621,2622,brain_tumor_figshare/2622.mat,MR053110B,1,1,Gliom,2,Hipofiz tümörü,hayır,0.005382,0.055309,0.93931
2622,2623,brain_tumor_figshare/2623.mat,MR053110B,1,1,Gliom,1,Gliom,evet,0.001251,0.997877,0.000872
2623,2624,brain_tumor_figshare/2624.mat,MR034694,2,1,Gliom,1,Gliom,evet,0.07078,0.901212,0.028009
2624,2625,brain_tumor_figshare/2625.mat,MR034694,2,1,Gliom,1,Gliom,evet,0.230244,0.76501,0.004746
2625,2626,brain_tumor_figshare/2626.mat,MR034694,2,1,Gliom,1,Gliom,evet,0.438769,0.536868,0.024363
2626,2627,brain_tumor_figshare/2627.mat,MR034694,2,1,Gliom,1,Gliom,evet,0.300462,0.684544,0.014994
2627,2628,brain_tumor_figshare/2628.mat,MR034694,2,1,Gliom,1,Gliom,evet,0.005117,0.983304,0.011579
2628,2629,brain_tumor_figshare/2629.mat,MR034694,2,1,Gliom,1,Gliom,evet,0.004296,0.9895,0.006205
2629,2630,brain_tumor_figshare/2630.mat,MR034694,2,1,Gliom,1,Gliom,evet,0.036189,0.955831,0.00798
2630,2631,brain_tumor_figshare/2631.mat,MR054683,4,1,Gliom,1,Gliom,evet,0.002907,0.992103,0.00499
2631,2632,brain_tumor_figshare/2632.mat,MR054683,4,1,Gliom,1,Gliom,evet,0.011541,0.978994,0.009465
2632,2633,brain_tumor_figshare/2633.mat,MR054683,4,1,Gliom,1,Gliom,evet,0.006784,0.991341,0.001874
2633,2634,brain_tumor_figshare/2634.mat,MR050687C,5,1,Gliom,1,Gliom,evet,0.001777,0.924862,0.073361
2634,2635,brain_tumor_figshare/2635.mat,MR050687C,5,1,Gliom,1,Gliom,evet,9e-06,0.999904,8.7e-05
2635,2636,brain_tumor_figshare/2636.mat,MR050687C,5,1,Gliom,1,Gliom,evet,0.000158,0.997326,0.002516
2636,2637,brain_tumor_figshare/2637.mat,MR050687C,5,1,Gliom,1,Gliom,evet,0.004053,0.989599,0.006348
2637,2638,brain_tumor_figshare/2638.mat,MR050687C,5,1,Gliom,1,Gliom,evet,5.2e-05,0.903122,0.096827
2638,2639,brain_tumor_figshare/2639.mat,MR050687C,5,1,Gliom,1,Gliom,evet,0.013688,0.927032,0.05928
2639,2640,brain_tumor_figshare/2640.mat,MR050687C,5,1,Gliom,1,Gliom,evet,1.2e-05,0.564295,0.435693
2640,2641,brain_tumor_figshare/2641.mat,MR049242C,5,1,Gliom,1,Gliom,evet,0.006028,0.992038,0.001934
2641,2642,brain_tumor_figshare/2642.mat,MR049242C,5,1,Gliom,1,Gliom,evet,0.00583,0.993296,0.000874
2642,2643,brain_tumor_figshare/2643.mat,MR049242C,5,1,Gliom,1,Gliom,evet,0.007939,0.990139,0.001922
2643,2644,brain_tumor_figshare/2644.mat,MR049242C,5,1,Gliom,1,Gliom,evet,0.003652,0.994329,0.00202
2644,2645,brain_tumor_figshare/2645.mat,MR049242C,5,1,Gliom,1,Gliom,evet,0.002658,0.996906,0.000437
2645,2646,brain_tumor_figshare/2646.mat,MR053241C,2,1,Gliom,1,Gliom,evet,0.22613,0.654008,0.119863
2646,2647,brain_tumor_figshare/2647.mat,MR053241C,2,1,Gliom,1,Gliom,evet,0.03742,0.933457,0.029123
2647,2648,brain_tumor_figshare/2648.mat,MR053241C,2,1,Gliom,1,Gliom,evet,0.016682,0.952045,0.031273
2648,2649,brain_tumor_figshare/2649.mat,MR053241C,2,1,Gliom,1,Gliom,evet,0.013868,0.948827,0.037305
2649,2650,brain_tumor_figshare/2650.mat,MR034997,3,1,Gliom,1,Gliom,evet,0.246428,0.745941,0.007631
2650,2651,brain_tumor_figshare/2651.mat,MR034997,3,1,Gliom,1,Gliom,evet,5.5e-05,0.999702,0.000243
2651,2652,brain_tumor_figshare/2652.mat,MR034997,3,1,Gliom,1,Gliom,evet,0.017349,0.979625,0.003027
2652,2653,brain_tumor_figshare/2653.mat,MR034997,3,1,Gliom,1,Gliom,evet,0.07038,0.847632,0.081988
2653,2654,brain_tumor_figshare/2654.mat,MR034997,3,1,Gliom,1,Gliom,evet,0.025418,0.974461,0.00012
2654,2655,brain_tumor_figshare/2655.mat,MR034997,3,1,Gliom,1,Gliom,evet,0.007649,0.990231,0.00212
2655,2656,brain_tumor_figshare/2656.mat,MR034997,3,1,Gliom,1,Gliom,evet,0.162144,0.833192,0.004665
2656,2657,brain_tumor_figshare/2657.mat,MR029209E,5,1,Gliom,2,Hipofiz tümörü,hayır,0.008376,0.000392,0.991232
2657,2658,brain_tumor_figshare/2658.mat,MR029209E,5,1,Gliom,2,Hipofiz tümörü,hayır,0.300455,0.019012,0.680533
2658,2659,brain_tumor_figshare/2659.mat,MR029209E,5,1,Gliom,1,Gliom,evet,0.001847,0.998089,6.4e-05
2659,2660,brain_tumor_figshare/2660.mat,MR029209E,5,1,Gliom,1,Gliom,evet,0.000102,0.999898,0.0
2660,2661,brain_tumor_figshare/2661.mat,MR029209E,5,1,Gliom,1,Gliom,evet,0.001003,0.998994,4e-06
2661,2662,brain_tumor_figshare/2662.mat,MR029209E,5,1,Gliom,1,Gliom,evet,0.000138,0.999492,0.00037
2662,2663,brain_tumor_figshare/2663.mat,MR029209E,5,1,Gliom,1,Gliom,evet,0.000619,0.999374,7e-06
2663,2664,brain_tumor_figshare/2664.mat,MR053110E,1,1,Gliom,1,Gliom,evet,0.001791,0.998173,3.6e-05
2664,2665,brain_tumor_figshare/2665.mat,MR053110E,1,1,Gliom,1,Gliom,evet,0.003311,0.996145,0.000544
2665,2666,brain_tumor_figshare/2666.mat,MR053110E,1,1,Gliom,1,Gliom,evet,0.215209,0.770007,0.014784
2666,2667,brain_tumor_figshare/2667.mat,MR053110E,1,1,Gliom,1,Gliom,evet,0.084879,0.904403,0.010718
2667,2668,brain_tumor_figshare/2668.mat,MR053110E,1,1,Gliom,1,Gliom,evet,0.010786,0.978928,0.010286
2668,2669,brain_tumor_figshare/2669.mat,MR053110E,1,1,Gliom,1,Gliom,evet,0.004868,0.993948,0.001184
2669,2670,brain_tumor_figshare/2670.mat,MR053110E,1,1,Gliom,1,Gliom,evet,0.043003,0.688403,0.268594
2670,2671,brain_tumor_figshare/2671.mat,MR053110E,1,1,Gliom,1,Gliom,evet,0.038517,0.541768,0.419716
2671,2672,brain_tumor_figshare/2672.mat,MR053110E,1,1,Gliom,1,Gliom,evet,0.027677,0.971666,0.000658
2672,2673,brain_tumor_figshare/2673.mat,MR053110E,1,1,Gliom,1,Gliom,evet,0.002242,0.997638,0.00012
2673,2674,brain_tumor_figshare/2674.mat,MR053110E,1,1,Gliom,1,Gliom,evet,0.000605,0.998936,0.000459
2674,2675,brain_tumor_figshare/2675.mat,MR049019G,3,1,Gliom,1,Gliom,evet,0.001214,0.998785,1e-06
2675,2676,brain_tumor_figshare/2676.mat,MR049019G,3,1,Gliom,1,Gliom,evet,0.044822,0.954872,0.000306
2676,2677,brain_tumor_figshare/2677.mat,MR049019G,3,1,Gliom,1,Gliom,evet,0.006983,0.993017,0.0
2677,2678,brain_tumor_figshare/2678.mat,MR031409B,2,1,Gliom,1,Gliom,evet,0.000305,0.999695,1e-06
2678,2679,brain_tumor_figshare/2679.mat,MR031409B,2,1,Gliom,1,Gliom,evet,0.000275,0.999713,1.2e-05
2679,2680,brain_tumor_figshare/2680.mat,MR024780D,1,1,Gliom,1,Gliom,evet,0.027096,0.972361,0.000543
2680,2681,brain_tumor_figshare/2681.mat,MR024780D,1,1,Gliom,1,Gliom,evet,0.028546,0.970383,0.00107
2681,2682,brain_tumor_figshare/2682.mat,MR038469,3,1,Gliom,1,Gliom,evet,0.003076,0.992028,0.004896
2682,2683,brain_tumor_figshare/2683.mat,MR038469,3,1,Gliom,1,Gliom,evet,0.000834,0.996051,0.003115
2683,2684,brain_tumor_figshare/2684.mat,MR038469,3,1,Gliom,1,Gliom,evet,1.3e-05,0.999783,0.000204
2684,2685,brain_tumor_figshare/2685.mat,MR038469,3,1,Gliom,1,Gliom,evet,0.000255,0.99952,0.000224
2685,2686,brain_tumor_figshare/2686.mat,MR038469,3,1,Gliom,1,Gliom,evet,0.036455,0.945583,0.017961
2686,2687,brain_tumor_figshare/2687.mat,MR038469,3,1,Gliom,1,Gliom,evet,0.002704,0.993248,0.004048
2687,2688,brain_tumor_figshare/2688.mat,MR032322C,2,1,Gliom,1,Gliom,evet,0.001677,0.997499,0.000824
2688,2689,brain_tumor_figshare/2689.mat,MR032322C,2,1,Gliom,1,Gliom,evet,0.006727,0.99304,0.000232
2689,2690,brain_tumor_figshare/2690.mat,MR032322C,2,1,Gliom,1,Gliom,evet,0.003893,0.996073,3.4e-05
2690,2691,brain_tumor_figshare/2691.mat,MR032322C,2,1,Gliom,1,Gliom,evet,0.000277,0.999719,4e-06
2691,2692,brain_tumor_figshare/2692.mat,MR032322C,2,1,Gliom,1,Gliom,evet,0.081215,0.918274,0.000511
2692,2693,brain_tumor_figshare/2693.mat,MR032322C,2,1,Gliom,1,Gliom,evet,0.050594,0.948242,0.001163
2693,2694,brain_tumor_figshare/2694.mat,MR032322C,2,1,Gliom,1,Gliom,evet,0.00151,0.996096,0.002394
2694,2695,brain_tumor_figshare/2695.mat,MR032322C,2,1,Gliom,1,Gliom,evet,0.001691,0.997231,0.001078
2695,2696,brain_tumor_figshare/2696.mat,MR032322C,2,1,Gliom,1,Gliom,evet,0.007996,0.990829,0.001175
2696,2697,brain_tumor_figshare/2697.mat,MR032322C,2,1,Gliom,1,Gliom,evet,0.000129,0.999823,4.8e-05
2697,2698,brain_tumor_figshare/2698.mat,MR032322C,2,1,Gliom,1,Gliom,evet,0.007808,0.984894,0.007298
2698,2699,brain_tumor_figshare/2699.mat,MR032322C,2,1,Gliom,1,Gliom,evet,0.012172,0.986879,0.000949
2699,2700,brain_tumor_figshare/2700.mat,MR032322C,2,1,Gliom,1,Gliom,evet,0.00189,0.9972,0.00091
2700,2701,brain_tumor_figshare/2701.mat,MR032322C,2,1,Gliom,1,Gliom,evet,0.001514,0.998294,0.000192
2701,2702,brain_tumor_figshare/2702.mat,MR037458B,2,1,Gliom,1,Gliom,evet,0.01369,0.98506,0.001251
2702,2703,brain_tumor_figshare/2703.mat,MR037458B,2,1,Gliom,0,Meningiom,hayır,0.818472,0.174472,0.007056
2703,2704,brain_tumor_figshare/2704.mat,MR037458B,2,1,Gliom,1,Gliom,evet,0.333046,0.619475,0.047479
2704,2705,brain_tumor_figshare/2705.mat,MR037458B,2,1,Gliom,1,Gliom,evet,0.006867,0.992577,0.000556
2705,2706,brain_tumor_figshare/2706.mat,MR037458B,2,1,Gliom,1,Gliom,evet,0.007825,0.991844,0.000331
2706,2707,brain_tumor_figshare/2707.mat,MR037458B,2,1,Gliom,1,Gliom,evet,0.027174,0.970678,0.002148
2707,2708,brain_tumor_figshare/2708.mat,MR037458B,2,1,Gliom,1,Gliom,evet,0.000865,0.9991,3.5e-05
2708,2709,brain_tumor_figshare/2709.mat,MR037458B,2,1,Gliom,1,Gliom,evet,0.000354,0.999622,2.5e-05
2709,2710,brain_tumor_figshare/2710.mat,MR039473,4,1,Gliom,1,Gliom,evet,0.047175,0.949691,0.003134
2710,2711,brain_tumor_figshare/2711.mat,MR039473,4,1,Gliom,1,Gliom,evet,0.057973,0.938561,0.003466
2711,2712,brain_tumor_figshare/2712.mat,MR039473,4,1,Gliom,1,Gliom,evet,0.143615,0.85028,0.006106
2712,2713,brain_tumor_figshare/2713.mat,MR039473,4,1,Gliom,1,Gliom,evet,0.040435,0.958024,0.001541
2713,2714,brain_tumor_figshare/2714.mat,MR039473B,2,1,Gliom,1,Gliom,evet,0.000382,0.999568,5.1e-05
2714,2715,brain_tumor_figshare/2715.mat,MR039473B,2,1,Gliom,1,Gliom,evet,0.002156,0.997805,3.9e-05
2715,2716,brain_tumor_figshare/2716.mat,MR039473B,2,1,Gliom,1,Gliom,evet,0.034142,0.959649,0.006209
2716,2717,brain_tumor_figshare/2717.mat,MR039473B,2,1,Gliom,1,Gliom,evet,0.000323,0.999532,0.000145
2717,2718,brain_tumor_figshare/2718.mat,MR039473B,2,1,Gliom,1,Gliom,evet,0.010531,0.986996,0.002472
2718,2719,brain_tumor_figshare/2719.mat,MR039473B,2,1,Gliom,1,Gliom,evet,0.000297,0.99931,0.000393
2719,2720,brain_tumor_figshare/2720.mat,MR039473B,2,1,Gliom,1,Gliom,evet,0.00227,0.94694,0.05079
2720,2721,brain_tumor_figshare/2721.mat,MR039473B,2,1,Gliom,1,Gliom,evet,0.00117,0.978536,0.020294
2721,2722,brain_tumor_figshare/2722.mat,MR039473B,2,1,Gliom,1,Gliom,evet,0.020568,0.956019,0.023412
2722,2723,brain_tumor_figshare/2723.mat,MR037458C,4,1,Gliom,1,Gliom,evet,0.1827,0.814419,0.002882
2723,2724,brain_tumor_figshare/2724.mat,MR037458C,4,1,Gliom,1,Gliom,evet,0.01222,0.953654,0.034127
2724,2725,brain_tumor_figshare/2725.mat,MR037458C,4,1,Gliom,1,Gliom,evet,0.141804,0.851276,0.00692
2725,2726,brain_tumor_figshare/2726.mat,MR037458C,4,1,Gliom,1,Gliom,evet,0.000154,0.997206,0.002641
2726,2727,brain_tumor_figshare/2727.mat,MR037458C,4,1,Gliom,1,Gliom,evet,0.000114,0.998055,0.001831
2727,2728,brain_tumor_figshare/2728.mat,MR037458C,4,1,Gliom,1,Gliom,evet,0.044674,0.954009,0.001317
2728,2729,brain_tumor_figshare/2729.mat,MR037458C,4,1,Gliom,1,Gliom,evet,0.01377,0.984446,0.001784
2729,2730,brain_tumor_figshare/2730.mat,MR037458C,4,1,Gliom,1,Gliom,evet,0.205487,0.793729,0.000785
2730,2731,brain_tumor_figshare/2731.mat,MR029209E,5,1,Gliom,1,Gliom,evet,2.3e-05,0.999976,1e-06
2731,2732,brain_tumor_figshare/2732.mat,MR029209E,5,1,Gliom,1,Gliom,evet,0.000597,0.999382,2e-05
2732,2733,brain_tumor_figshare/2733.mat,MR029209E,5,1,Gliom,1,Gliom,evet,0.412188,0.586238,0.001574
2733,2734,brain_tumor_figshare/2734.mat,MR029209E,5,1,Gliom,1,Gliom,evet,0.000186,0.999811,3e-06
2734,2735,brain_tumor_figshare/2735.mat,MR029209E,5,1,Gliom,1,Gliom,evet,0.000729,0.999186,8.5e-05
2735,2736,brain_tumor_figshare/2736.mat,MR029209E,5,1,Gliom,1,Gliom,evet,0.001956,0.996175,0.001869
2736,2737,brain_tumor_figshare/2737.mat,MR029209E,5,1,Gliom,1,Gliom,evet,0.001531,0.995287,0.003182
2737,2738,brain_tumor_figshare/2738.mat,MR053110E,1,1,Gliom,1,Gliom,evet,0.075651,0.917968,0.006381
2738,2739,brain_tumor_figshare/2739.mat,MR053110E,1,1,Gliom,1,Gliom,evet,0.025037,0.971183,0.003781
2739,2740,brain_tumor_figshare/2740.mat,MR053110E,1,1,Gliom,1,Gliom,evet,0.001105,0.998777,0.000117
2740,2741,brain_tumor_figshare/2741.mat,MR053110E,1,1,Gliom,1,Gliom,evet,0.000463,0.999465,7.2e-05
2741,2742,brain_tumor_figshare/2742.mat,MR053110E,1,1,Gliom,1,Gliom,evet,0.000202,0.999506,0.000293
2742,2743,brain_tumor_figshare/2743.mat,MR049019G,3,1,Gliom,1,Gliom,evet,0.253908,0.742802,0.003289
2743,2744,brain_tumor_figshare/2744.mat,MR049019G,3,1,Gliom,1,Gliom,evet,0.117285,0.881185,0.001529
2744,2745,brain_tumor_figshare/2745.mat,MR049019G,3,1,Gliom,1,Gliom,evet,0.075711,0.769382,0.154907
2745,2746,brain_tumor_figshare/2746.mat,MR049019G,3,1,Gliom,1,Gliom,evet,0.092244,0.89494,0.012815
2746,2747,brain_tumor_figshare/2747.mat,MR049019G,3,1,Gliom,1,Gliom,evet,0.090635,0.833412,0.075953
2747,2748,brain_tumor_figshare/2748.mat,MR031409B,2,1,Gliom,1,Gliom,evet,0.00196,0.998038,2e-06
2748,2749,brain_tumor_figshare/2749.mat,MR031409B,2,1,Gliom,1,Gliom,evet,0.003075,0.996483,0.000442
2749,2750,brain_tumor_figshare/2750.mat,MR024780D,1,1,Gliom,1,Gliom,evet,0.294232,0.688601,0.017167
2750,2751,brain_tumor_figshare/2751.mat,MR024780D,1,1,Gliom,1,Gliom,evet,0.03389,0.963572,0.002538
2751,2752,brain_tumor_figshare/2752.mat,MR024780D,1,1,Gliom,1,Gliom,evet,0.011417,0.988113,0.00047
2752,2753,brain_tumor_figshare/2753.mat,MR038469,3,1,Gliom,0,Meningiom,hayır,0.426258,0.266964,0.306778
2753,2754,brain_tumor_figshare/2754.mat,MR038469,3,1,Gliom,1,Gliom,evet,0.015897,0.969871,0.014232
2754,2755,brain_tumor_figshare/2755.mat,MR038469,3,1,Gliom,1,Gliom,evet,0.080122,0.75215,0.167728
2755,2756,brain_tumor_figshare/2756.mat,MR038469,3,1,Gliom,1,Gliom,evet,0.073721,0.64857,0.277709
2756,2757,brain_tumor_figshare/2757.mat,MR038469,3,1,Gliom,1,Gliom,evet,0.003111,0.993788,0.003101
2757,2758,brain_tumor_figshare/2758.mat,MR032322C,2,1,Gliom,0,Meningiom,hayır,0.827391,0.169254,0.003355
2758,2759,brain_tumor_figshare/2759.mat,MR032322C,2,1,Gliom,1,Gliom,evet,0.027679,0.91226,0.060061
2759,2760,brain_tumor_figshare/2760.mat,MR032322C,2,1,Gliom,1,Gliom,evet,0.068268,0.920441,0.011291
2760,2761,brain_tumor_figshare/2761.mat,MR032322C,2,1,Gliom,1,Gliom,evet,0.122665,0.784976,0.092359
2761,2762,brain_tumor_figshare/2762.mat,MR032322C,2,1,Gliom,1,Gliom,evet,0.154102,0.845659,0.000239
2762,2763,brain_tumor_figshare/2763.mat,MR032322C,2,1,Gliom,1,Gliom,evet,0.084775,0.904879,0.010346
2763,2764,brain_tumor_figshare/2764.mat,MR032322C,2,1,Gliom,1,Gliom,evet,0.00937,0.971371,0.019259
2764,2765,brain_tumor_figshare/2765.mat,MR032322C,2,1,Gliom,1,Gliom,evet,0.021059,0.828944,0.149997
2765,2766,brain_tumor_figshare/2766.mat,MR032322C,2,1,Gliom,1,Gliom,evet,0.015165,0.92294,0.061895
2766,2767,brain_tumor_figshare/2767.mat,MR032322C,2,1,Gliom,1,Gliom,evet,0.015955,0.930819,0.053226
2767,2768,brain_tumor_figshare/2768.mat,MR032322C,2,1,Gliom,1,Gliom,evet,0.019527,0.98026,0.000213
2768,2769,brain_tumor_figshare/2769.mat,MR037458B,2,1,Gliom,0,Meningiom,hayır,0.615364,0.384634,2e-06
2769,2770,brain_tumor_figshare/2770.mat,MR037458B,2,1,Gliom,0,Meningiom,hayır,0.623298,0.37653,0.000173
2770,2771,brain_tumor_figshare/2771.mat,MR037458B,2,1,Gliom,1,Gliom,evet,0.029167,0.970749,8.4e-05
2771,2772,brain_tumor_figshare/2772.mat,MR037458B,2,1,Gliom,1,Gliom,evet,0.119399,0.850604,0.029997
2772,2773,brain_tumor_figshare/2773.mat,MR037458B,2,1,Gliom,1,Gliom,evet,0.005285,0.989677,0.005038
2773,2774,brain_tumor_figshare/2774.mat,MR039473,4,1,Gliom,1,Gliom,evet,0.001975,0.997571,0.000453
2774,2775,brain_tumor_figshare/2775.mat,MR039473,4,1,Gliom,1,Gliom,evet,0.074693,0.883625,0.041682
2775,2776,brain_tumor_figshare/2776.mat,MR039473,4,1,Gliom,1,Gliom,evet,0.134415,0.787201,0.078385
2776,2777,brain_tumor_figshare/2777.mat,MR039473,4,1,Gliom,1,Gliom,evet,0.159764,0.677332,0.162904
2777,2778,brain_tumor_figshare/2778.mat,MR039473,4,1,Gliom,1,Gliom,evet,0.208424,0.75271,0.038866
2778,2779,brain_tumor_figshare/2779.mat,MR039473,4,1,Gliom,1,Gliom,evet,0.017161,0.908211,0.074628
2779,2780,brain_tumor_figshare/2780.mat,MR039473B,2,1,Gliom,1,Gliom,evet,0.004054,0.994996,0.00095
2780,2781,brain_tumor_figshare/2781.mat,MR039473B,2,1,Gliom,1,Gliom,evet,0.002986,0.994726,0.002288
2781,2782,brain_tumor_figshare/2782.mat,MR039473B,2,1,Gliom,1,Gliom,evet,0.000629,0.996855,0.002516
2782,2783,brain_tumor_figshare/2783.mat,MR039473B,2,1,Gliom,1,Gliom,evet,0.001819,0.987524,0.010657
2783,2784,brain_tumor_figshare/2784.mat,MR039473B,2,1,Gliom,1,Gliom,evet,0.002068,0.996265,0.001667
2784,2785,brain_tumor_figshare/2785.mat,MR039473B,2,1,Gliom,1,Gliom,evet,0.001156,0.982456,0.016387
2785,2786,brain_tumor_figshare/2786.mat,MR039473B,2,1,Gliom,1,Gliom,evet,0.005643,0.892297,0.10206
2786,2787,brain_tumor_figshare/2787.mat,MR040240,5,1,Gliom,1,Gliom,evet,0.074903,0.634152,0.290945
2787,2788,brain_tumor_figshare/2788.mat,MR040240,5,1,Gliom,1,Gliom,evet,0.023731,0.845489,0.13078
2788,2789,brain_tumor_figshare/2789.mat,MR040240,5,1,Gliom,1,Gliom,evet,0.002127,0.852832,0.145041
2789,2790,brain_tumor_figshare/2790.mat,MR040240,5,1,Gliom,1,Gliom,evet,0.003777,0.938464,0.057759
2790,2791,brain_tumor_figshare/2791.mat,MR040240,5,1,Gliom,1,Gliom,evet,0.012537,0.942695,0.044768
2791,2792,brain_tumor_figshare/2792.mat,MR040240,5,1,Gliom,1,Gliom,evet,0.003461,0.930048,0.066491
2792,2793,brain_tumor_figshare/2793.mat,MR040240,5,1,Gliom,2,Hipofiz tümörü,hayır,0.082718,0.287575,0.629708
2793,2794,brain_tumor_figshare/2794.mat,MR040240,5,1,Gliom,1,Gliom,evet,0.065287,0.700731,0.233982
2794,2795,brain_tumor_figshare/2795.mat,MR040240B,3,1,Gliom,1,Gliom,evet,0.015502,0.962442,0.022056
2795,2796,brain_tumor_figshare/2796.mat,MR040240B,3,1,Gliom,1,Gliom,evet,0.053284,0.813199,0.133518
2796,2797,brain_tumor_figshare/2797.mat,MR040240B,3,1,Gliom,1,Gliom,evet,0.064684,0.925134,0.010182
2797,2798,brain_tumor_figshare/2798.mat,MR040240B,3,1,Gliom,1,Gliom,evet,0.004052,0.969983,0.025965
2798,2799,brain_tumor_figshare/2799.mat,MR040240B,3,1,Gliom,1,Gliom,evet,0.021368,0.860513,0.118119
2799,2800,brain_tumor_figshare/2800.mat,MR029209G,5,1,Gliom,1,Gliom,evet,0.002045,0.99748,0.000476
2800,2801,brain_tumor_figshare/2801.mat,MR029209G,5,1,Gliom,1,Gliom,evet,0.000226,0.999652,0.000121
2801,2802,brain_tumor_figshare/2802.mat,MR029209G,5,1,Gliom,1,Gliom,evet,0.00595,0.993303,0.000747
2802,2803,brain_tumor_figshare/2803.mat,MR029209G,5,1,Gliom,1,Gliom,evet,0.008884,0.985048,0.006069
2803,2804,brain_tumor_figshare/2804.mat,MR029209G,5,1,Gliom,1,Gliom,evet,0.002965,0.994923,0.002113
2804,2805,brain_tumor_figshare/2805.mat,MR036496B,3,1,Gliom,1,Gliom,evet,0.003493,0.989183,0.007323
2805,2806,brain_tumor_figshare/2806.mat,MR036496B,3,1,Gliom,1,Gliom,evet,0.035088,0.964912,0.0
2806,2807,brain_tumor_figshare/2807.mat,MR036496B,3,1,Gliom,1,Gliom,evet,0.005011,0.994894,9.5e-05
2807,2808,brain_tumor_figshare/2808.mat,MR036496B,3,1,Gliom,1,Gliom,evet,0.222519,0.773858,0.003624
2808,2809,brain_tumor_figshare/2809.mat,MR033420,5,1,Gliom,1,Gliom,evet,0.016093,0.982892,0.001015
2809,2810,brain_tumor_figshare/2810.mat,MR033420,5,1,Gliom,1,Gliom,evet,0.004833,0.994369,0.000797
2810,2811,brain_tumor_figshare/2811.mat,MR033420,5,1,Gliom,1,Gliom,evet,5.2e-05,0.999885,6.3e-05
2811,2812,brain_tumor_figshare/2812.mat,MR033420,5,1,Gliom,1,Gliom,evet,0.035283,0.964704,1.3e-05
2812,2813,brain_tumor_figshare/2813.mat,MR033420,5,1,Gliom,1,Gliom,evet,0.017813,0.981821,0.000366
2813,2814,brain_tumor_figshare/2814.mat,MR033420,5,1,Gliom,1,Gliom,evet,0.306616,0.693269,0.000115
2814,2815,brain_tumor_figshare/2815.mat,MR033420,5,1,Gliom,1,Gliom,evet,0.22117,0.777781,0.001049
2815,2816,brain_tumor_figshare/2816.mat,MR033420,5,1,Gliom,1,Gliom,evet,0.020543,0.949654,0.029802
2816,2817,brain_tumor_figshare/2817.mat,MR024780B,1,1,Gliom,1,Gliom,evet,0.025917,0.972598,0.001485
2817,2818,brain_tumor_figshare/2818.mat,MR024780B,1,1,Gliom,1,Gliom,evet,0.113843,0.88296,0.003197
2818,2819,brain_tumor_figshare/2819.mat,MR024780B,1,1,Gliom,1,Gliom,evet,0.129141,0.853064,0.017795
2819,2820,brain_tumor_figshare/2820.mat,MR024780B,1,1,Gliom,0,Meningiom,hayır,0.749513,0.24859,0.001897
2820,2821,brain_tumor_figshare/2821.mat,MR033389B,4,1,Gliom,1,Gliom,evet,0.083423,0.908909,0.007669
2821,2822,brain_tumor_figshare/2822.mat,MR048294,1,1,Gliom,0,Meningiom,hayır,0.99781,0.001423,0.000768
2822,2823,brain_tumor_figshare/2823.mat,MR048297,1,1,Gliom,1,Gliom,evet,0.065771,0.932144,0.002085
2823,2824,brain_tumor_figshare/2824.mat,MR048297,1,1,Gliom,1,Gliom,evet,0.043597,0.92082,0.035583
2824,2825,brain_tumor_figshare/2825.mat,MR048297,1,1,Gliom,0,Meningiom,hayır,0.997746,0.002151,0.000104
2825,2826,brain_tumor_figshare/2826.mat,MR048297,1,1,Gliom,0,Meningiom,hayır,0.999909,9e-05,1e-06
2826,2827,brain_tumor_figshare/2827.mat,MR048297,1,1,Gliom,0,Meningiom,hayır,0.99993,4e-05,3e-05
2827,2828,brain_tumor_figshare/2828.mat,MR048297,1,1,Gliom,0,Meningiom,hayır,0.999997,0.0,3e-06
2828,2829,brain_tumor_figshare/2829.mat,MR048297,1,1,Gliom,0,Meningiom,hayır,0.999933,4e-06,6.2e-05
2829,2830,brain_tumor_figshare/2830.mat,MR048297,1,1,Gliom,0,Meningiom,hayır,0.977664,0.012964,0.009372
2830,2831,brain_tumor_figshare/2831.mat,MR048294B,5,1,Gliom,1,Gliom,evet,0.00297,0.996993,3.8e-05
2831,2832,brain_tumor_figshare/2832.mat,MR048294B,5,1,Gliom,1,Gliom,evet,0.0182,0.978745,0.003054
2832,2833,brain_tumor_figshare/2833.mat,MR048294B,5,1,Gliom,1,Gliom,evet,0.00037,0.991659,0.00797
2833,2834,brain_tumor_figshare/2834.mat,MR048294B,5,1,Gliom,1,Gliom,evet,0.001984,0.994844,0.003172
2834,2835,brain_tumor_figshare/2835.mat,MR048294B,5,1,Gliom,1,Gliom,evet,0.000389,0.999354,0.000257
2835,2836,brain_tumor_figshare/2836.mat,MR048294B,5,1,Gliom,1,Gliom,evet,0.012484,0.952055,0.035461
2836,2837,brain_tumor_figshare/2837.mat,MR048621B,5,1,Gliom,1,Gliom,evet,0.03069,0.955883,0.013427
2837,2838,brain_tumor_figshare/2838.mat,MR048621B,5,1,Gliom,1,Gliom,evet,0.034245,0.952239,0.013516
2838,2839,brain_tumor_figshare/2839.mat,MR048621B,5,1,Gliom,1,Gliom,evet,0.017177,0.963255,0.019568
2839,2840,brain_tumor_figshare/2840.mat,MR048944,5,1,Gliom,1,Gliom,evet,0.030567,0.965839,0.003594
2840,2841,brain_tumor_figshare/2841.mat,MR048944,5,1,Gliom,1,Gliom,evet,0.000905,0.998799,0.000296
2841,2842,brain_tumor_figshare/2842.mat,MR048944,5,1,Gliom,1,Gliom,evet,0.000672,0.998032,0.001295
2842,2843,brain_tumor_figshare/2843.mat,MR048944,5,1,Gliom,1,Gliom,evet,0.002083,0.976781,0.021136
2843,2844,brain_tumor_figshare/2844.mat,MR048944,5,1,Gliom,1,Gliom,evet,0.011021,0.978841,0.010139
2844,2845,brain_tumor_figshare/2845.mat,MR048944,5,1,Gliom,1,Gliom,evet,0.107055,0.697679,0.195266
2845,2846,brain_tumor_figshare/2846.mat,MR048994,2,1,Gliom,1,Gliom,evet,0.06415,0.929865,0.005985
2846,2847,brain_tumor_figshare/2847.mat,MR048994,2,1,Gliom,1,Gliom,evet,0.11967,0.871632,0.008698
2847,2848,brain_tumor_figshare/2848.mat,MR048994,2,1,Gliom,1,Gliom,evet,0.108191,0.89164,0.00017
2848,2849,brain_tumor_figshare/2849.mat,MR048994,2,1,Gliom,1,Gliom,evet,0.333354,0.666536,0.000111
2849,2850,brain_tumor_figshare/2850.mat,MR048994,2,1,Gliom,1,Gliom,evet,0.031307,0.96869,3e-06
2850,2851,brain_tumor_figshare/2851.mat,MR048994,2,1,Gliom,1,Gliom,evet,0.039703,0.960247,5e-05
2851,2852,brain_tumor_figshare/2852.mat,MR048994,2,1,Gliom,1,Gliom,evet,0.000904,0.999088,8e-06
2852,2853,brain_tumor_figshare/2853.mat,MR048994,2,1,Gliom,1,Gliom,evet,0.015892,0.984009,9.9e-05
2853,2854,brain_tumor_figshare/2854.mat,MR049104,1,1,Gliom,1,Gliom,evet,0.223623,0.556401,0.219976
2854,2855,brain_tumor_figshare/2855.mat,MR049104,1,1,Gliom,1,Gliom,evet,0.153429,0.721172,0.125399
2855,2856,brain_tumor_figshare/2856.mat,MR049104,1,1,Gliom,1,Gliom,evet,0.081979,0.864123,0.053899
2856,2857,brain_tumor_figshare/2857.mat,MR049104,1,1,Gliom,1,Gliom,evet,0.055608,0.916186,0.028206
2857,2858,brain_tumor_figshare/2858.mat,MR049142,5,1,Gliom,1,Gliom,evet,0.024045,0.968267,0.007688
2858,2859,brain_tumor_figshare/2859.mat,MR049142,5,1,Gliom,1,Gliom,evet,0.006966,0.991663,0.001371
2859,2860,brain_tumor_figshare/2860.mat,MR049142,5,1,Gliom,1,Gliom,evet,0.002986,0.996135,0.000879
2860,2861,brain_tumor_figshare/2861.mat,MR048994B,4,1,Gliom,1,Gliom,evet,0.0327,0.960403,0.006897
2861,2862,brain_tumor_figshare/2862.mat,MR048994B,4,1,Gliom,1,Gliom,evet,0.060421,0.887335,0.052244
2862,2863,brain_tumor_figshare/2863.mat,MR048994B,4,1,Gliom,1,Gliom,evet,0.111677,0.887638,0.000685
2863,2864,brain_tumor_figshare/2864.mat,MR048994B,4,1,Gliom,1,Gliom,evet,0.017543,0.9824,5.6e-05
2864,2865,brain_tumor_figshare/2865.mat,MR048994B,4,1,Gliom,1,Gliom,evet,0.026882,0.971874,0.001244
2865,2866,brain_tumor_figshare/2866.mat,MR049358,3,1,Gliom,1,Gliom,evet,0.253364,0.745878,0.000758
2866,2867,brain_tumor_figshare/2867.mat,MR049358,3,1,Gliom,1,Gliom,evet,0.004329,0.995666,5e-06
2867,2868,brain_tumor_figshare/2868.mat,MR049358,3,1,Gliom,1,Gliom,evet,0.011147,0.986077,0.002776
2868,2869,brain_tumor_figshare/2869.mat,MR049358,3,1,Gliom,1,Gliom,evet,0.037516,0.950527,0.011957
2869,2870,brain_tumor_figshare/2870.mat,MR049358,3,1,Gliom,1,Gliom,evet,0.002431,0.996991,0.000578
2870,2871,brain_tumor_figshare/2871.mat,MR049358,3,1,Gliom,1,Gliom,evet,0.001891,0.997721,0.000388
2871,2872,brain_tumor_figshare/2872.mat,MR049358,3,1,Gliom,1,Gliom,evet,0.018941,0.973014,0.008045
2872,2873,brain_tumor_figshare/2873.mat,MR049104B,3,1,Gliom,1,Gliom,evet,0.133546,0.774837,0.091617
2873,2874,brain_tumor_figshare/2874.mat,MR049104B,3,1,Gliom,1,Gliom,evet,0.002208,0.991429,0.006363
2874,2875,brain_tumor_figshare/2875.mat,MR049104B,3,1,Gliom,1,Gliom,evet,0.027793,0.894567,0.07764
2875,2876,brain_tumor_figshare/2876.mat,MR049453,2,1,Gliom,1,Gliom,evet,0.006211,0.902761,0.091028
2876,2877,brain_tumor_figshare/2877.mat,MR049453,2,1,Gliom,1,Gliom,evet,0.010012,0.854234,0.135754
2877,2878,brain_tumor_figshare/2878.mat,MR049453,2,1,Gliom,1,Gliom,evet,0.008533,0.867858,0.123609
2878,2879,brain_tumor_figshare/2879.mat,MR049453,2,1,Gliom,1,Gliom,evet,0.009652,0.989849,0.000499
2879,2880,brain_tumor_figshare/2880.mat,MR049453,2,1,Gliom,1,Gliom,evet,0.135061,0.854807,0.010132
2880,2881,brain_tumor_figshare/2881.mat,MR049453,2,1,Gliom,1,Gliom,evet,0.033109,0.96057,0.00632
2881,2882,brain_tumor_figshare/2882.mat,MR049453,2,1,Gliom,1,Gliom,evet,0.014889,0.983672,0.00144
2882,2883,brain_tumor_figshare/2883.mat,MR049453,2,1,Gliom,1,Gliom,evet,0.007701,0.991823,0.000476
2883,2884,brain_tumor_figshare/2884.mat,MR049453,2,1,Gliom,1,Gliom,evet,0.417368,0.570482,0.01215
2884,2885,brain_tumor_figshare/2885.mat,MR024780G,1,1,Gliom,1,Gliom,evet,0.046529,0.911879,0.041592
2885,2886,brain_tumor_figshare/2886.mat,MR024780G,1,1,Gliom,1,Gliom,evet,0.056717,0.899422,0.043861
2886,2887,brain_tumor_figshare/2887.mat,MR024780G,1,1,Gliom,1,Gliom,evet,0.003244,0.995186,0.001569
2887,2888,brain_tumor_figshare/2888.mat,MR024780G,1,1,Gliom,1,Gliom,evet,0.000636,0.99929,7.4e-05
2888,2889,brain_tumor_figshare/2889.mat,MR024780G,1,1,Gliom,1,Gliom,evet,8.6e-05,0.999912,2e-06
2889,2890,brain_tumor_figshare/2890.mat,MR024780G,1,1,Gliom,1,Gliom,evet,0.00267,0.99733,0.0
2890,2891,brain_tumor_figshare/2891.mat,MR050135B,2,1,Gliom,1,Gliom,evet,0.058865,0.939894,0.001241
2891,2892,brain_tumor_figshare/2892.mat,MR050135B,2,1,Gliom,1,Gliom,evet,0.074772,0.924413,0.000815
2892,2893,brain_tumor_figshare/2893.mat,MR050135B,2,1,Gliom,1,Gliom,evet,0.066648,0.933129,0.000222
2893,2894,brain_tumor_figshare/2894.mat,MR050135B,2,1,Gliom,1,Gliom,evet,0.09607,0.9039,2.9e-05
2894,2895,brain_tumor_figshare/2895.mat,MR050135B,2,1,Gliom,1,Gliom,evet,0.164669,0.817842,0.017489
2895,2896,brain_tumor_figshare/2896.mat,MR050135B,2,1,Gliom,1,Gliom,evet,0.020605,0.881931,0.097464
2896,2897,brain_tumor_figshare/2897.mat,MR050135B,2,1,Gliom,1,Gliom,evet,0.337504,0.394269,0.268227
2897,2898,brain_tumor_figshare/2898.mat,MR050135B,2,1,Gliom,1,Gliom,evet,0.344497,0.349091,0.306412
2898,2899,brain_tumor_figshare/2899.mat,MR050135B,2,1,Gliom,1,Gliom,evet,0.098259,0.763029,0.138711
2899,2900,brain_tumor_figshare/2900.mat,MR050687,1,1,Gliom,1,Gliom,evet,0.055407,0.913189,0.031404
2900,2901,brain_tumor_figshare/2901.mat,MR050687,1,1,Gliom,1,Gliom,evet,0.047041,0.919986,0.032973
2901,2902,brain_tumor_figshare/2902.mat,MR050687,1,1,Gliom,1,Gliom,evet,0.129287,0.758714,0.111999
2902,2903,brain_tumor_figshare/2903.mat,MR050687,1,1,Gliom,0,Meningiom,hayır,0.848357,0.103563,0.04808
2903,2904,brain_tumor_figshare/2904.mat,MR050687,1,1,Gliom,2,Hipofiz tümörü,hayır,0.230707,0.294922,0.474371
2904,2905,brain_tumor_figshare/2905.mat,MR050687,1,1,Gliom,0,Meningiom,hayır,0.543569,0.296288,0.160143
2905,2906,brain_tumor_figshare/2906.mat,MR050791B,4,1,Gliom,1,Gliom,evet,0.009331,0.990354,0.000314
2906,2907,brain_tumor_figshare/2907.mat,MR050791B,4,1,Gliom,1,Gliom,evet,0.000221,0.999468,0.000311
2907,2908,brain_tumor_figshare/2908.mat,MR050791B,4,1,Gliom,1,Gliom,evet,0.002571,0.997352,7.7e-05
2908,2909,brain_tumor_figshare/2909.mat,MR050791B,4,1,Gliom,1,Gliom,evet,0.003516,0.996374,0.00011
2909,2910,brain_tumor_figshare/2910.mat,MR050791B,4,1,Gliom,1,Gliom,evet,0.001396,0.997652,0.000951
2910,2911,brain_tumor_figshare/2911.mat,MR050791B,4,1,Gliom,1,Gliom,evet,0.00201,0.997922,6.8e-05
2911,2912,brain_tumor_figshare/2912.mat,MR050791B,4,1,Gliom,1,Gliom,evet,0.013375,0.986088,0.000537
2912,2913,brain_tumor_figshare/2913.mat,MR050791B,4,1,Gliom,1,Gliom,evet,0.039047,0.959958,0.000995
2913,2914,brain_tumor_figshare/2914.mat,MR049019C,4,1,Gliom,1,Gliom,evet,0.160001,0.792676,0.047323
2914,2915,brain_tumor_figshare/2915.mat,MR049019C,4,1,Gliom,1,Gliom,evet,0.015698,0.982148,0.002154
2915,2916,brain_tumor_figshare/2916.mat,MR049019C,4,1,Gliom,1,Gliom,evet,0.058215,0.92927,0.012515
2916,2917,brain_tumor_figshare/2917.mat,MR049019C,4,1,Gliom,1,Gliom,evet,0.105296,0.882468,0.012237
2917,2918,brain_tumor_figshare/2918.mat,MR051461,2,1,Gliom,1,Gliom,evet,0.012954,0.987039,8e-06
2918,2919,brain_tumor_figshare/2919.mat,MR051461,2,1,Gliom,1,Gliom,evet,0.017388,0.982597,1.5e-05
2919,2920,brain_tumor_figshare/2920.mat,MR051461,2,1,Gliom,1,Gliom,evet,0.154462,0.844295,0.001243
2920,2921,brain_tumor_figshare/2921.mat,MR051461,2,1,Gliom,1,Gliom,evet,0.074741,0.925236,2.3e-05
2921,2922,brain_tumor_figshare/2922.mat,MR051461,2,1,Gliom,1,Gliom,evet,0.126974,0.87301,1.7e-05
2922,2923,brain_tumor_figshare/2923.mat,MR051461,2,1,Gliom,1,Gliom,evet,0.023083,0.976788,0.000129
2923,2924,brain_tumor_figshare/2924.mat,MR051461,2,1,Gliom,1,Gliom,evet,0.012728,0.986052,0.00122
2924,2925,brain_tumor_figshare/2925.mat,MR051586,5,1,Gliom,1,Gliom,evet,0.002629,0.997371,0.0
2925,2926,brain_tumor_figshare/2926.mat,MR051586,5,1,Gliom,1,Gliom,evet,0.004341,0.995554,0.000105
2926,2927,brain_tumor_figshare/2927.mat,MR051586,5,1,Gliom,0,Meningiom,hayır,0.579539,0.406935,0.013526
2927,2928,brain_tumor_figshare/2928.mat,MR051586,5,1,Gliom,1,Gliom,evet,0.155423,0.844502,7.5e-05
2928,2929,brain_tumor_figshare/2929.mat,MR051586,5,1,Gliom,1,Gliom,evet,0.341101,0.655637,0.003262
2929,2930,brain_tumor_figshare/2930.mat,MR051586,5,1,Gliom,1,Gliom,evet,0.00077,0.999012,0.000218
2930,2931,brain_tumor_figshare/2931.mat,MR051586,5,1,Gliom,1,Gliom,evet,0.185731,0.654162,0.160107
2931,2932,brain_tumor_figshare/2932.mat,MR051586,5,1,Gliom,1,Gliom,evet,0.079814,0.774953,0.145233
2932,2933,brain_tumor_figshare/2933.mat,MR051586,5,1,Gliom,1,Gliom,evet,0.101788,0.873795,0.024417
2933,2934,brain_tumor_figshare/2934.mat,MR051644,4,1,Gliom,1,Gliom,evet,0.033208,0.963984,0.002807
2934,2935,brain_tumor_figshare/2935.mat,MR051644,4,1,Gliom,1,Gliom,evet,0.013196,0.976616,0.010188
2935,2936,brain_tumor_figshare/2936.mat,MR051644,4,1,Gliom,1,Gliom,evet,0.007301,0.969771,0.022928
2936,2937,brain_tumor_figshare/2937.mat,MR051644,4,1,Gliom,1,Gliom,evet,0.046428,0.922302,0.03127
2937,2938,brain_tumor_figshare/2938.mat,MR051644,4,1,Gliom,1,Gliom,evet,0.105653,0.893816,0.000531
2938,2939,brain_tumor_figshare/2939.mat,MR051644,4,1,Gliom,1,Gliom,evet,0.367848,0.628182,0.00397
2939,2940,brain_tumor_figshare/2940.mat,MR051644,4,1,Gliom,1,Gliom,evet,0.042454,0.955299,0.002247
2940,2941,brain_tumor_figshare/2941.mat,MR051644,4,1,Gliom,1,Gliom,evet,0.019796,0.97813,0.002074
2941,2942,brain_tumor_figshare/2942.mat,MR051644,4,1,Gliom,1,Gliom,evet,0.019116,0.977344,0.003539
2942,2943,brain_tumor_figshare/2943.mat,MR051644,4,1,Gliom,0,Meningiom,hayır,0.466401,0.137335,0.396264
2943,2944,brain_tumor_figshare/2944.mat,MR051651,1,1,Gliom,1,Gliom,evet,0.228834,0.770365,0.000801
2944,2945,brain_tumor_figshare/2945.mat,MR051651,1,1,Gliom,1,Gliom,evet,0.365288,0.634346,0.000366
2945,2946,brain_tumor_figshare/2946.mat,MR051651,1,1,Gliom,1,Gliom,evet,0.00022,0.999544,0.000236
2946,2947,brain_tumor_figshare/2947.mat,MR051651,1,1,Gliom,1,Gliom,evet,0.003872,0.995728,0.0004
2947,2948,brain_tumor_figshare/2948.mat,MR051796,4,1,Gliom,1,Gliom,evet,0.026399,0.973565,3.6e-05
2948,2949,brain_tumor_figshare/2949.mat,MR051796,4,1,Gliom,1,Gliom,evet,0.030453,0.968784,0.000763
2949,2950,brain_tumor_figshare/2950.mat,MR051796,4,1,Gliom,1,Gliom,evet,0.056934,0.942838,0.000228
2950,2951,brain_tumor_figshare/2951.mat,MR051796,4,1,Gliom,0,Meningiom,hayır,0.714861,0.285092,4.7e-05
2951,2952,brain_tumor_figshare/2952.mat,MR051796,4,1,Gliom,1,Gliom,evet,0.007631,0.992301,6.7e-05
2952,2953,brain_tumor_figshare/2953.mat,MR051796,4,1,Gliom,1,Gliom,evet,0.06488,0.927718,0.007402
2953,2954,brain_tumor_figshare/2954.mat,MR051796,4,1,Gliom,1,Gliom,evet,0.022163,0.977657,0.000179
2954,2955,brain_tumor_figshare/2955.mat,MR051651B,3,1,Gliom,1,Gliom,evet,0.046692,0.940202,0.013106
2955,2956,brain_tumor_figshare/2956.mat,MR051651B,3,1,Gliom,0,Meningiom,hayır,0.697052,0.288708,0.01424
2956,2957,brain_tumor_figshare/2957.mat,MR051651B,3,1,Gliom,1,Gliom,evet,0.005542,0.994381,7.7e-05
2957,2958,brain_tumor_figshare/2958.mat,MR051651B,3,1,Gliom,1,Gliom,evet,0.002324,0.997314,0.000362
2958,2959,brain_tumor_figshare/2959.mat,MR051651B,3,1,Gliom,1,Gliom,evet,0.000415,0.999485,0.0001
2959,2960,brain_tumor_figshare/2960.mat,MR051651B,3,1,Gliom,1,Gliom,evet,0.004321,0.993834,0.001845
2960,2961,brain_tumor_figshare/2961.mat,MR051644B,3,1,Gliom,1,Gliom,evet,0.021392,0.919528,0.059079
2961,2962,brain_tumor_figshare/2962.mat,MR051644B,3,1,Gliom,1,Gliom,evet,0.008769,0.964688,0.026543
2962,2963,brain_tumor_figshare/2963.mat,MR051644B,3,1,Gliom,1,Gliom,evet,0.047194,0.848468,0.104338
2963,2964,brain_tumor_figshare/2964.mat,MR051644B,3,1,Gliom,1,Gliom,evet,0.008751,0.953373,0.037876
2964,2965,brain_tumor_figshare/2965.mat,MR051644B,3,1,Gliom,1,Gliom,evet,0.07294,0.922479,0.004581
2965,2966,brain_tumor_figshare/2966.mat,MR051644B,3,1,Gliom,1,Gliom,evet,0.013483,0.955223,0.031295
2966,2967,brain_tumor_figshare/2967.mat,MR051644B,3,1,Gliom,1,Gliom,evet,0.021847,0.93218,0.045973
2967,2968,brain_tumor_figshare/2968.mat,MR051644B,3,1,Gliom,2,Hipofiz tümörü,hayır,0.328434,0.244152,0.427414
2968,2969,brain_tumor_figshare/2969.mat,MR051644B,3,1,Gliom,1,Gliom,evet,0.006137,0.897359,0.096504
2969,2970,brain_tumor_figshare/2970.mat,MR051796B,5,1,Gliom,1,Gliom,evet,0.178998,0.725806,0.095196
2970,2971,brain_tumor_figshare/2971.mat,MR051796B,5,1,Gliom,1,Gliom,evet,0.032961,0.963694,0.003345
2971,2972,brain_tumor_figshare/2972.mat,MR051796B,5,1,Gliom,1,Gliom,evet,0.00146,0.99619,0.00235
2972,2973,brain_tumor_figshare/2973.mat,MR051796B,5,1,Gliom,1,Gliom,evet,0.01019,0.982629,0.007181
2973,2974,brain_tumor_figshare/2974.mat,MR051796B,5,1,Gliom,1,Gliom,evet,0.006622,0.981713,0.011665
2974,2975,brain_tumor_figshare/2975.mat,MR052550,1,1,Gliom,1,Gliom,evet,0.115741,0.867206,0.017053
2975,2976,brain_tumor_figshare/2976.mat,MR052550,1,1,Gliom,1,Gliom,evet,0.171733,0.769942,0.058325
2976,2977,brain_tumor_figshare/2977.mat,MR052550,1,1,Gliom,1,Gliom,evet,0.149001,0.761136,0.089862
2977,2978,brain_tumor_figshare/2978.mat,MR052550,1,1,Gliom,1,Gliom,evet,0.263676,0.707708,0.028617
2978,2979,brain_tumor_figshare/2979.mat,MR052550,1,1,Gliom,1,Gliom,evet,0.066525,0.910267,0.023208
2979,2980,brain_tumor_figshare/2980.mat,MR052550,1,1,Gliom,1,Gliom,evet,0.120525,0.809707,0.069768
2980,2981,brain_tumor_figshare/2981.mat,MR052550,1,1,Gliom,0,Meningiom,hayır,0.64426,0.296462,0.059278
2981,2982,brain_tumor_figshare/2982.mat,MR052550,1,1,Gliom,0,Meningiom,hayır,0.637512,0.298412,0.064076
2982,2983,brain_tumor_figshare/2983.mat,MR051644C,4,1,Gliom,1,Gliom,evet,0.02896,0.968574,0.002466
2983,2984,brain_tumor_figshare/2984.mat,MR051644C,4,1,Gliom,1,Gliom,evet,0.004639,0.991232,0.004129
2984,2985,brain_tumor_figshare/2985.mat,MR051644C,4,1,Gliom,1,Gliom,evet,0.059744,0.926849,0.013408
2985,2986,brain_tumor_figshare/2986.mat,MR051644C,4,1,Gliom,1,Gliom,evet,0.037271,0.957695,0.005034
2986,2987,brain_tumor_figshare/2987.mat,MR051644C,4,1,Gliom,1,Gliom,evet,0.006648,0.993329,2.3e-05
2987,2988,brain_tumor_figshare/2988.mat,MR051644C,4,1,Gliom,1,Gliom,evet,0.007468,0.992531,1e-06
2988,2989,brain_tumor_figshare/2989.mat,MR051644C,4,1,Gliom,2,Hipofiz tümörü,hayır,0.118431,0.410135,0.471434
2989,2990,brain_tumor_figshare/2990.mat,MR051644C,4,1,Gliom,1,Gliom,evet,0.011907,0.986398,0.001696
2990,2991,brain_tumor_figshare/2991.mat,MR051644C,4,1,Gliom,1,Gliom,evet,0.00333,0.984551,0.012119
2991,2992,brain_tumor_figshare/2992.mat,MR051644C,4,1,Gliom,1,Gliom,evet,0.003414,0.995193,0.001394
2992,2993,brain_tumor_figshare/2993.mat,MR049942B,3,1,Gliom,1,Gliom,evet,0.035652,0.947929,0.016419
2993,2994,brain_tumor_figshare/2994.mat,MR049942B,3,1,Gliom,1,Gliom,evet,0.006528,0.953844,0.039628
2994,2995,brain_tumor_figshare/2995.mat,MR049942B,3,1,Gliom,1,Gliom,evet,0.055174,0.930115,0.01471
2995,2996,brain_tumor_figshare/2996.mat,MR052585B,5,1,Gliom,1,Gliom,evet,0.013414,0.977691,0.008895
2996,2997,brain_tumor_figshare/2997.mat,MR052585B,5,1,Gliom,1,Gliom,evet,0.003569,0.990115,0.006316
2997,2998,brain_tumor_figshare/2998.mat,MR052585B,5,1,Gliom,1,Gliom,evet,0.000346,0.929693,0.069961
2998,2999,brain_tumor_figshare/2999.mat,MR053110B,1,1,Gliom,1,Gliom,evet,0.001573,0.895086,0.103341
2999,3000,brain_tumor_figshare/3000.mat,MR053110B,1,1,Gliom,2,Hipofiz tümörü,hayır,0.066486,0.429931,0.503583
3000,3001,brain_tumor_figshare/3001.mat,MR053110B,1,1,Gliom,1,Gliom,evet,0.285384,0.471946,0.24267
3001,3002,brain_tumor_figshare/3002.mat,MR053110B,1,1,Gliom,1,Gliom,evet,0.042272,0.518831,0.438897
3002,3003,brain_tumor_figshare/3003.mat,MR053110B,1,1,Gliom,1,Gliom,evet,7.7e-05,0.999915,8e-06
3003,3004,brain_tumor_figshare/3004.mat,MR053110B,1,1,Gliom,1,Gliom,evet,0.001522,0.998475,3e-06
3004,3005,brain_tumor_figshare/3005.mat,MR034694,2,1,Gliom,1,Gliom,evet,0.017465,0.739551,0.242984
3005,3006,brain_tumor_figshare/3006.mat,MR034694,2,1,Gliom,1,Gliom,evet,0.0032,0.975546,0.021255
3006,3007,brain_tumor_figshare/3007.mat,MR034694,2,1,Gliom,1,Gliom,evet,0.011701,0.922286,0.066012
3007,3008,brain_tumor_figshare/3008.mat,MR034694,2,1,Gliom,1,Gliom,evet,0.005645,0.935308,0.059047
3008,3009,brain_tumor_figshare/3009.mat,MR054875,1,1,Gliom,1,Gliom,evet,0.243839,0.479179,0.276982
3009,3010,brain_tumor_figshare/3010.mat,MR054875,1,1,Gliom,1,Gliom,evet,2.7e-05,0.999645,0.000328
3010,3011,brain_tumor_figshare/3011.mat,MR054875,1,1,Gliom,1,Gliom,evet,0.084766,0.912317,0.002917
3011,3012,brain_tumor_figshare/3012.mat,MR054875,1,1,Gliom,1,Gliom,evet,0.006356,0.99335,0.000294
3012,3013,brain_tumor_figshare/3013.mat,MR054875,1,1,Gliom,1,Gliom,evet,0.009759,0.989326,0.000914
3013,3014,brain_tumor_figshare/3014.mat,MR050687C,5,1,Gliom,1,Gliom,evet,1.2e-05,0.999975,1.4e-05
3014,3015,brain_tumor_figshare/3015.mat,MR050687C,5,1,Gliom,1,Gliom,evet,0.001063,0.993747,0.00519
3015,3016,brain_tumor_figshare/3016.mat,MR050687C,5,1,Gliom,1,Gliom,evet,0.03091,0.872929,0.09616
3016,3017,brain_tumor_figshare/3017.mat,MR050687C,5,1,Gliom,1,Gliom,evet,0.004446,0.961757,0.033798
3017,3018,brain_tumor_figshare/3018.mat,MR050687C,5,1,Gliom,1,Gliom,evet,0.000905,0.997414,0.001682
3018,3019,brain_tumor_figshare/3019.mat,MR050687C,5,1,Gliom,1,Gliom,evet,0.000124,0.999004,0.000872
3019,3020,brain_tumor_figshare/3020.mat,MR056144,5,1,Gliom,1,Gliom,evet,0.024434,0.8703,0.105266
3020,3021,brain_tumor_figshare/3021.mat,MR056144,5,1,Gliom,1,Gliom,evet,0.008101,0.936426,0.055473
3021,3022,brain_tumor_figshare/3022.mat,MR034997,3,1,Gliom,0,Meningiom,hayır,0.729175,0.266622,0.004203
3022,3023,brain_tumor_figshare/3023.mat,MR034997,3,1,Gliom,0,Meningiom,hayır,0.589592,0.407722,0.002686
3023,3024,brain_tumor_figshare/3024.mat,MR034997,3,1,Gliom,1,Gliom,evet,0.287375,0.705299,0.007326
3024,3025,brain_tumor_figshare/3025.mat,MR034997,3,1,Gliom,0,Meningiom,hayır,0.777647,0.211897,0.010456
3025,3026,brain_tumor_figshare/3026.mat,MR034997,3,1,Gliom,1,Gliom,evet,0.343389,0.651991,0.00462
3026,3027,brain_tumor_figshare/3027.mat,MR034997,3,1,Gliom,1,Gliom,evet,0.18494,0.797702,0.017358
3027,3028,brain_tumor_figshare/3028.mat,MR034997,3,1,Gliom,1,Gliom,evet,0.402602,0.551123,0.046276
3028,3029,brain_tumor_figshare/3029.mat,MR029209E,5,1,Gliom,1,Gliom,evet,0.017336,0.982031,0.000633
3029,3030,brain_tumor_figshare/3030.mat,53669,5,0,Meningiom,0,Meningiom,evet,0.808452,0.06906,0.122488
3030,3031,brain_tumor_figshare/3031.mat,MR033389B,4,1,Gliom,1,Gliom,evet,0.007862,0.992077,6.2e-05
3031,3032,brain_tumor_figshare/3032.mat,MR033389B,4,1,Gliom,1,Gliom,evet,0.012175,0.987812,1.2e-05
3032,3033,brain_tumor_figshare/3033.mat,MR033389B,4,1,Gliom,1,Gliom,evet,0.00918,0.990384,0.000436
3033,3034,brain_tumor_figshare/3034.mat,MR033389B,4,1,Gliom,1,Gliom,evet,0.043602,0.927699,0.028699
3034,3035,brain_tumor_figshare/3035.mat,MR033389B,4,1,Gliom,1,Gliom,evet,0.294416,0.561714,0.14387
3035,3036,brain_tumor_figshare/3036.mat,MR033389B,4,1,Gliom,1,Gliom,evet,0.141546,0.717397,0.141056
3036,3037,brain_tumor_figshare/3037.mat,MR033389B,4,1,Gliom,0,Meningiom,hayır,0.617174,0.30298,0.079846
3037,3038,brain_tumor_figshare/3038.mat,MR033389B,4,1,Gliom,0,Meningiom,hayır,0.73001,0.238492,0.031499
3038,3039,brain_tumor_figshare/3039.mat,MR024780E,4,1,Gliom,1,Gliom,evet,0.084396,0.914244,0.00136
3039,3040,brain_tumor_figshare/3040.mat,MR024780E,4,1,Gliom,1,Gliom,evet,0.028174,0.970551,0.001275
3040,3041,brain_tumor_figshare/3041.mat,MR024780E,4,1,Gliom,1,Gliom,evet,0.103569,0.886559,0.009872
3041,3042,brain_tumor_figshare/3042.mat,MR040240C,2,1,Gliom,1,Gliom,evet,0.001128,0.993667,0.005205
3042,3043,brain_tumor_figshare/3043.mat,MR040240C,2,1,Gliom,1,Gliom,evet,0.000143,0.99853,0.001327
3043,3044,brain_tumor_figshare/3044.mat,MR040240C,2,1,Gliom,1,Gliom,evet,0.032538,0.946698,0.020764
3044,3045,brain_tumor_figshare/3045.mat,MR040240C,2,1,Gliom,1,Gliom,evet,0.028026,0.970787,0.001187
3045,3046,brain_tumor_figshare/3046.mat,MR040240C,2,1,Gliom,2,Hipofiz tümörü,hayır,0.125072,0.278149,0.59678
3046,3047,brain_tumor_figshare/3047.mat,MR040240D,4,1,Gliom,1,Gliom,evet,0.065293,0.916617,0.01809
3047,3048,brain_tumor_figshare/3048.mat,MR040240D,4,1,Gliom,1,Gliom,evet,0.018467,0.961329,0.020205
3048,3049,brain_tumor_figshare/3049.mat,MR017260F,2,1,Gliom,1,Gliom,evet,0.003162,0.996624,0.000214
3049,3050,brain_tumor_figshare/3050.mat,MR017260F,2,1,Gliom,1,Gliom,evet,0.003239,0.996761,0.0
3050,3051,brain_tumor_figshare/3051.mat,MR017260F,2,1,Gliom,1,Gliom,evet,0.000995,0.998984,2.1e-05
3051,3052,brain_tumor_figshare/3052.mat,MR017260F,2,1,Gliom,1,Gliom,evet,0.034429,0.682149,0.283422
3052,3053,brain_tumor_figshare/3053.mat,MR017260F,2,1,Gliom,1,Gliom,evet,0.003503,0.996476,2.1e-05
3053,3054,brain_tumor_figshare/3054.mat,MR017260F,2,1,Gliom,0,Meningiom,hayır,0.828199,0.090087,0.081714
3054,3055,brain_tumor_figshare/3055.mat,MR017260F,2,1,Gliom,1,Gliom,evet,0.000688,0.99837,0.000942
3055,3056,brain_tumor_figshare/3056.mat,MR029209I,4,1,Gliom,1,Gliom,evet,0.213876,0.785493,0.000632
3056,3057,brain_tumor_figshare/3057.mat,MR029209I,4,1,Gliom,0,Meningiom,hayır,0.582023,0.417888,8.9e-05
3057,3058,brain_tumor_figshare/3058.mat,MR029209I,4,1,Gliom,1,Gliom,evet,0.080866,0.918785,0.000349
3058,3059,brain_tumor_figshare/3059.mat,MR029209I,4,1,Gliom,1,Gliom,evet,0.013132,0.986684,0.000184
3059,3060,brain_tumor_figshare/3060.mat,MR029209I,4,1,Gliom,1,Gliom,evet,0.008674,0.991105,0.000221
3060,3061,brain_tumor_figshare/3061.mat,MR029209I,4,1,Gliom,1,Gliom,evet,0.020648,0.975939,0.003413
3061,3062,brain_tumor_figshare/3062.mat,MR029209I,4,1,Gliom,1,Gliom,evet,0.015998,0.981884,0.002119
3062,3063,brain_tumor_figshare/3063.mat,95969,2,0,Meningiom,0,Meningiom,evet,0.941871,0.056721,0.001408
3063,3064,brain_tumor_figshare/3064.mat,88510,1,0,Meningiom,1,Gliom,hayır,0.276263,0.723737,0.0
