satir,goruntu_no,dosya,hasta,kat,gercek_etiket_no,gercek_etiket,tahmin_no,tahmin,dogru_mu,olasilik_Meningiom,olasilik_Gliom,olasilik_Hipofiz tümörü
0,1,brain_tumor_figshare/1.mat,100360,5,0,Meningiom,0,Meningiom,evet,0.862164,0.109787,0.02805
1,2,brain_tumor_figshare/2.mat,100360,5,0,Meningiom,0,Meningiom,evet,0.863932,0.100522,0.035546
2,3,brain_tumor_figshare/3.mat,100360,5,0,Meningiom,0,Meningiom,evet,0.84952,0.133756,0.016723
3,4,brain_tumor_figshare/4.mat,100360,5,0,Meningiom,0,Meningiom,evet,0.861245,0.112583,0.026172
4,5,brain_tumor_figshare/5.mat,100360,5,0,Meningiom,1,Gliom,hayır,0.268375,0.725217,0.006408
5,6,brain_tumor_figshare/6.mat,100572,3,0,Meningiom,2,Hipofiz tümörü,hayır,0.254019,0.274852,0.471129
6,7,brain_tumor_figshare/7.mat,100572,3,0,Meningiom,2,Hipofiz tümörü,hayır,0.151619,0.037059,0.811322
7,8,brain_tumor_figshare/8.mat,100572,3,0,Meningiom,1,Gliom,hayır,0.149723,0.635741,0.214536
8,9,brain_tumor_figshare/9.mat,101016,4,0,Meningiom,1,Gliom,hayır,0.048915,0.929312,0.021773
9,10,brain_tumor_figshare/10.mat,101016,4,0,Meningiom,0,Meningiom,evet,0.9764,0.007325,0.016275
10,11,brain_tumor_figshare/11.mat,101016,4,0,Meningiom,0,Meningiom,evet,0.993144,0.00283,0.004026
11,12,brain_tumor_figshare/12.mat,101016,4,0,Meningiom,0,Meningiom,evet,0.997556,0.000463,0.001981
12,13,brain_tumor_figshare/13.mat,101016,4,0,Meningiom,0,Meningiom,evet,0.998299,0.000592,0.00111
13,14,brain_tumor_figshare/14.mat,101016,4,0,Meningiom,0,Meningiom,evet,0.995828,0.00211,0.002061
14,15,brain_tumor_figshare/15.mat,101016,4,0,Meningiom,0,Meningiom,evet,0.975351,0.012639,0.01201
15,16,brain_tumor_figshare/16.mat,101127,4,0,Meningiom,0,Meningiom,evet,0.803259,0.057759,0.138982
16,17,brain_tumor_figshare/17.mat,101127,4,0,Meningiom,0,Meningiom,evet,0.975408,0.003845,0.020747
17,18,brain_tumor_figshare/18.mat,101127,4,0,Meningiom,0,Meningiom,evet,0.950397,0.005252,0.044351
18,19,brain_tumor_figshare/19.mat,101127,4,0,Meningiom,1,Gliom,hayır,0.293913,0.641962,0.064125
19,20,brain_tumor_figshare/20.mat,101797,5,0,Meningiom,0,Meningiom,evet,0.904466,0.053297,0.042237
20,21,brain_tumor_figshare/21.mat,101797,5,0,Meningiom,0,Meningiom,evet,0.945866,0.03724,0.016893
21,22,brain_tumor_figshare/22.mat,101797,5,0,Meningiom,0,Meningiom,evet,0.928561,0.03632,0.035119
22,23,brain_tumor_figshare/23.mat,101797,5,0,Meningiom,0,Meningiom,evet,0.947325,0.00178,0.050895
23,24,brain_tumor_figshare/24.mat,102420,1,0,Meningiom,0,Meningiom,evet,0.879053,0.025423,0.095524
24,25,brain_tumor_figshare/25.mat,102420,1,0,Meningiom,1,Gliom,hayır,0.204739,0.768234,0.027027
25,26,brain_tumor_figshare/26.mat,102446,3,0,Meningiom,1,Gliom,hayır,0.202667,0.791349,0.005984
26,27,brain_tumor_figshare/27.mat,102675,1,0,Meningiom,1,Gliom,hayır,0.09603,0.902013,0.001957
27,28,brain_tumor_figshare/28.mat,102714,5,0,Meningiom,0,Meningiom,evet,0.945629,0.013093,0.041278
28,29,brain_tumor_figshare/29.mat,102714,5,0,Meningiom,0,Meningiom,evet,0.831698,0.008025,0.160277
29,30,brain_tumor_figshare/30.mat,102714,5,0,Meningiom,0,Meningiom,evet,0.790873,0.000896,0.208231
30,31,brain_tumor_figshare/31.mat,102714,5,0,Meningiom,0,Meningiom,evet,0.75882,0.005686,0.235494
31,32,brain_tumor_figshare/32.mat,102929,2,0,Meningiom,0,Meningiom,evet,0.964084,0.015003,0.020913
32,33,brain_tumor_figshare/33.mat,102929,2,0,Meningiom,0,Meningiom,evet,0.780297,0.126093,0.09361
33,34,brain_tumor_figshare/34.mat,102935,1,0,Meningiom,1,Gliom,hayır,0.261996,0.72585,0.012153
34,35,brain_tumor_figshare/35.mat,102985,4,0,Meningiom,0,Meningiom,evet,0.800451,0.167217,0.032332
35,36,brain_tumor_figshare/36.mat,103673,5,0,Meningiom,2,Hipofiz tümörü,hayır,0.316593,6e-06,0.683401
36,37,brain_tumor_figshare/37.mat,103673,5,0,Meningiom,2,Hipofiz tümörü,hayır,0.309607,8e-06,0.690385
37,38,brain_tumor_figshare/38.mat,103673,5,0,Meningiom,2,Hipofiz tümörü,hayır,0.243912,8e-06,0.75608
38,39,brain_tumor_figshare/39.mat,103673,5,0,Meningiom,2,Hipofiz tümörü,hayır,0.139391,4.6e-05,0.860563
39,40,brain_tumor_figshare/40.mat,103673,5,0,Meningiom,2,Hipofiz tümörü,hayır,0.120223,6.4e-05,0.879712
40,41,brain_tumor_figshare/41.mat,103673,5,0,Meningiom,2,Hipofiz tümörü,hayır,0.164493,0.000956,0.834551
41,42,brain_tumor_figshare/42.mat,103925,4,0,Meningiom,0,Meningiom,evet,0.68621,0.188786,0.125004
42,43,brain_tumor_figshare/43.mat,103925,4,0,Meningiom,0,Meningiom,evet,0.841421,0.017139,0.14144
43,44,brain_tumor_figshare/44.mat,103925,4,0,Meningiom,2,Hipofiz tümörü,hayır,0.333047,0.167241,0.499713
44,45,brain_tumor_figshare/45.mat,104167,3,0,Meningiom,0,Meningiom,evet,0.580825,0.416805,0.002369
45,46,brain_tumor_figshare/46.mat,104167,3,0,Meningiom,0,Meningiom,evet,0.78352,0.214748,0.001731
46,47,brain_tumor_figshare/47.mat,104167,3,0,Meningiom,0,Meningiom,evet,0.727411,0.27074,0.001849
47,48,brain_tumor_figshare/48.mat,104167,3,0,Meningiom,0,Meningiom,evet,0.86458,0.133863,0.001557
48,49,brain_tumor_figshare/49.mat,104281,3,0,Meningiom,0,Meningiom,evet,0.675674,0.139247,0.185079
49,50,brain_tumor_figshare/50.mat,104281,3,0,Meningiom,0,Meningiom,evet,0.541506,0.244738,0.213756
50,51,brain_tumor_figshare/51.mat,104281,3,0,Meningiom,1,Gliom,hayır,0.312084,0.589292,0.098624
51,52,brain_tumor_figshare/52.mat,104281,3,0,Meningiom,1,Gliom,hayır,0.222527,0.703063,0.07441
52,53,brain_tumor_figshare/53.mat,104281,3,0,Meningiom,0,Meningiom,evet,0.781505,0.188479,0.030016
53,54,brain_tumor_figshare/54.mat,104281,3,0,Meningiom,0,Meningiom,evet,0.865126,0.113126,0.021749
54,55,brain_tumor_figshare/55.mat,104281,3,0,Meningiom,0,Meningiom,evet,0.903507,0.092053,0.004441
55,56,brain_tumor_figshare/56.mat,105374,4,0,Meningiom,0,Meningiom,evet,0.99874,0.00014,0.00112
56,57,brain_tumor_figshare/57.mat,105374,4,0,Meningiom,0,Meningiom,evet,0.893601,0.050617,0.055782
57,58,brain_tumor_figshare/58.mat,105555,5,0,Meningiom,0,Meningiom,evet,0.956185,0.000535,0.043279
58,59,brain_tumor_figshare/59.mat,58392,3,2,Hipofiz tümörü,2,Hipofiz tümörü,evet,0.004777,0.000915,0.994308
59,60,brain_tumor_figshare/60.mat,105937,1,0,Meningiom,0,Meningiom,evet,0.995364,0.003833,0.000803
60,61,brain_tumor_figshare/61.mat,105937,1,0,Meningiom,0,Meningiom,evet,0.997725,0.001028,0.001246
61,62,brain_tumor_figshare/62.mat,106284,2,0,Meningiom,0,Meningiom,evet,0.952593,0.043733,0.003674
62,63,brain_tumor_figshare/63.mat,106284,2,0,Meningiom,0,Meningiom,evet,0.928232,0.068592,0.003177
63,64,brain_tumor_figshare/64.mat,106284,2,0,Meningiom,0,Meningiom,evet,0.993972,0.005373,0.000655
64,65,brain_tumor_figshare/65.mat,106284,2,0,Meningiom,0,Meningiom,evet,0.995822,0.003814,0.000364
65,66,brain_tumor_figshare/66.mat,106284,2,0,Meningiom,0,Meningiom,evet,0.987963,0.01198,5.7e-05
66,67,brain_tumor_figshare/67.mat,106442,1,0,Meningiom,0,Meningiom,evet,0.947797,0.029296,0.022906
67,68,brain_tumor_figshare/68.mat,106442,1,0,Meningiom,0,Meningiom,evet,0.806855,0.184066,0.009079
68,69,brain_tumor_figshare/69.mat,106442,1,0,Meningiom,0,Meningiom,evet,0.922914,0.065905,0.011181
69,70,brain_tumor_figshare/70.mat,106442,1,0,Meningiom,0,Meningiom,evet,0.790502,0.197536,0.011961
70,71,brain_tumor_figshare/71.mat,106534,4,0,Meningiom,0,Meningiom,evet,0.654923,0.327298,0.017778
71,72,brain_tumor_figshare/72.mat,106534,4,0,Meningiom,1,Gliom,hayır,0.365676,0.626879,0.007445
72,73,brain_tumor_figshare/73.mat,106665,3,0,Meningiom,1,Gliom,hayır,0.22188,0.753042,0.025078
73,74,brain_tumor_figshare/74.mat,106665,3,0,Meningiom,1,Gliom,hayır,0.262891,0.721122,0.015986
74,75,brain_tumor_figshare/75.mat,106665,3,0,Meningiom,1,Gliom,hayır,0.361465,0.606289,0.032246
75,76,brain_tumor_figshare/76.mat,106665,3,0,Meningiom,1,Gliom,hayır,0.331843,0.639768,0.028388
76,77,brain_tumor_figshare/77.mat,106665,3,0,Meningiom,0,Meningiom,evet,0.570103,0.422859,0.007038
77,78,brain_tumor_figshare/78.mat,106665,3,0,Meningiom,1,Gliom,hayır,0.397927,0.601923,0.00015
78,79,brain_tumor_figshare/79.mat,106665,3,0,Meningiom,0,Meningiom,evet,0.757355,0.242393,0.000252
79,80,brain_tumor_figshare/80.mat,106720,1,0,Meningiom,0,Meningiom,evet,0.461286,0.334078,0.204637
80,81,brain_tumor_figshare/81.mat,106720,1,0,Meningiom,0,Meningiom,evet,0.629025,0.307267,0.063708
81,82,brain_tumor_figshare/82.mat,106720,1,0,Meningiom,0,Meningiom,evet,0.64452,0.296482,0.058998
82,83,brain_tumor_figshare/83.mat,106720,1,0,Meningiom,0,Meningiom,evet,0.698116,0.269851,0.032033
83,84,brain_tumor_figshare/84.mat,106720,1,0,Meningiom,0,Meningiom,evet,0.865001,0.119876,0.015123
84,85,brain_tumor_figshare/85.mat,106720,1,0,Meningiom,0,Meningiom,evet,0.802318,0.186787,0.010895
85,86,brain_tumor_figshare/86.mat,106720,1,0,Meningiom,0,Meningiom,evet,0.516501,0.481674,0.001825
86,87,brain_tumor_figshare/87.mat,106914,2,0,Meningiom,0,Meningiom,evet,0.781281,0.217768,0.000951
87,88,brain_tumor_figshare/88.mat,106914,2,0,Meningiom,0,Meningiom,evet,0.754251,0.241634,0.004116
88,89,brain_tumor_figshare/89.mat,106914,2,0,Meningiom,0,Meningiom,evet,0.62579,0.346135,0.028074
89,90,brain_tumor_figshare/90.mat,106914,2,0,Meningiom,0,Meningiom,evet,0.671118,0.309464,0.019418
90,91,brain_tumor_figshare/91.mat,107190,5,0,Meningiom,0,Meningiom,evet,0.738647,0.000733,0.260619
91,92,brain_tumor_figshare/92.mat,107190,5,0,Meningiom,0,Meningiom,evet,0.649161,0.261511,0.089327
92,93,brain_tumor_figshare/93.mat,107248,5,0,Meningiom,2,Hipofiz tümörü,hayır,0.370107,0.008851,0.621042
93,94,brain_tumor_figshare/94.mat,107248,5,0,Meningiom,2,Hipofiz tümörü,hayır,0.312288,0.061533,0.62618
94,95,brain_tumor_figshare/95.mat,107248,5,0,Meningiom,2,Hipofiz tümörü,hayır,0.439337,0.019713,0.54095
95,96,brain_tumor_figshare/96.mat,107248,5,0,Meningiom,2,Hipofiz tümörü,hayır,0.327045,0.019119,0.653835
96,97,brain_tumor_figshare/97.mat,107248,5,0,Meningiom,0,Meningiom,evet,0.529865,0.110618,0.359517
97,98,brain_tumor_figshare/98.mat,107248,5,0,Meningiom,1,Gliom,hayır,0.223866,0.651092,0.125042
98,99,brain_tumor_figshare/99.mat,107494,4,0,Meningiom,2,Hipofiz tümörü,hayır,0.477058,0.01582,0.507122
99,100,brain_tumor_figshare/100.mat,107494,4,0,Meningiom,0,Meningiom,evet,0.442629,0.195701,0.36167
100,101,brain_tumor_figshare/101.mat,107494,4,0,Meningiom,2,Hipofiz tümörü,hayır,0.467497,0.044925,0.487579
101,102,brain_tumor_figshare/102.mat,107494,4,0,Meningiom,0,Meningiom,evet,0.560703,0.234721,0.204575
102,103,brain_tumor_figshare/103.mat,107494,4,0,Meningiom,0,Meningiom,evet,0.614657,0.107345,0.277998
103,104,brain_tumor_figshare/104.mat,108514,5,0,Meningiom,1,Gliom,hayır,0.03531,0.957422,0.007267
104,105,brain_tumor_figshare/105.mat,108514,5,0,Meningiom,1,Gliom,hayır,0.069527,0.883737,0.046737
105,106,brain_tumor_figshare/106.mat,108514,5,0,Meningiom,1,Gliom,hayır,0.141659,0.847795,0.010546
106,107,brain_tumor_figshare/107.mat,108514,5,0,Meningiom,1,Gliom,hayır,0.027196,0.964159,0.008645
107,108,brain_tumor_figshare/108.mat,108514,5,0,Meningiom,1,Gliom,hayır,0.299819,0.679488,0.020693
108,109,brain_tumor_figshare/109.mat,108514,5,0,Meningiom,0,Meningiom,evet,0.55274,0.432315,0.014945
109,110,brain_tumor_figshare/110.mat,108514,5,0,Meningiom,1,Gliom,hayır,0.054872,0.943584,0.001544
110,111,brain_tumor_figshare/111.mat,108550,5,0,Meningiom,1,Gliom,hayır,0.0348,0.950744,0.014456
111,112,brain_tumor_figshare/112.mat,108550,5,0,Meningiom,2,Hipofiz tümörü,hayır,0.332097,0.094857,0.573046
112,113,brain_tumor_figshare/113.mat,108590,3,0,Meningiom,0,Meningiom,evet,0.969223,0.030245,0.000533
113,114,brain_tumor_figshare/114.mat,108590,3,0,Meningiom,0,Meningiom,evet,0.990441,0.006592,0.002968
114,115,brain_tumor_figshare/115.mat,108945,4,0,Meningiom,0,Meningiom,evet,0.831168,0.087556,0.081276
115,116,brain_tumor_figshare/116.mat,108945,4,0,Meningiom,0,Meningiom,evet,0.872267,0.057911,0.069823
116,117,brain_tumor_figshare/117.mat,108945,4,0,Meningiom,1,Gliom,hayır,0.128368,0.867761,0.003871
117,118,brain_tumor_figshare/118.mat,108945,4,0,Meningiom,0,Meningiom,evet,0.99508,0.001919,0.003001
118,119,brain_tumor_figshare/119.mat,109411,3,0,Meningiom,1,Gliom,hayır,0.408533,0.518026,0.073441
119,120,brain_tumor_figshare/120.mat,109968,3,0,Meningiom,0,Meningiom,evet,0.725836,0.169199,0.104966
120,121,brain_tumor_figshare/121.mat,109968,3,0,Meningiom,0,Meningiom,evet,0.842641,0.097075,0.060284
121,122,brain_tumor_figshare/122.mat,109968,3,0,Meningiom,0,Meningiom,evet,0.783274,0.161352,0.055374
122,123,brain_tumor_figshare/123.mat,109968,3,0,Meningiom,0,Meningiom,evet,0.572789,0.381334,0.045877
123,124,brain_tumor_figshare/124.mat,110116,5,0,Meningiom,2,Hipofiz tümörü,hayır,0.083186,0.004394,0.91242
124,125,brain_tumor_figshare/125.mat,111077,2,0,Meningiom,0,Meningiom,evet,0.542192,0.307188,0.15062
125,126,brain_tumor_figshare/126.mat,111077,2,0,Meningiom,0,Meningiom,evet,0.529669,0.463187,0.007144
126,127,brain_tumor_figshare/127.mat,111077,2,0,Meningiom,0,Meningiom,evet,0.51258,0.476633,0.010787
127,128,brain_tumor_figshare/128.mat,111366,3,0,Meningiom,0,Meningiom,evet,0.662416,0.336379,0.001205
128,129,brain_tumor_figshare/129.mat,111366,3,0,Meningiom,1,Gliom,hayır,0.457678,0.53891,0.003412
129,130,brain_tumor_figshare/130.mat,111366,3,0,Meningiom,1,Gliom,hayır,0.136542,0.860021,0.003437
130,131,brain_tumor_figshare/131.mat,111366,3,0,Meningiom,0,Meningiom,evet,0.637877,0.331035,0.031088
131,132,brain_tumor_figshare/132.mat,111532,1,0,Meningiom,0,Meningiom,evet,0.936671,0.06064,0.002689
132,133,brain_tumor_figshare/133.mat,111532,1,0,Meningiom,0,Meningiom,evet,0.980255,0.012374,0.007372
133,134,brain_tumor_figshare/134.mat,111532,1,0,Meningiom,0,Meningiom,evet,0.98128,0.007625,0.011095
134,135,brain_tumor_figshare/135.mat,112002,2,0,Meningiom,0,Meningiom,evet,0.624403,0.345346,0.03025
135,136,brain_tumor_figshare/136.mat,112002,2,0,Meningiom,1,Gliom,hayır,0.077884,0.920869,0.001247
136,137,brain_tumor_figshare/137.mat,112002,2,0,Meningiom,1,Gliom,hayır,0.070995,0.928458,0.000547
137,138,brain_tumor_figshare/138.mat,112002,2,0,Meningiom,1,Gliom,hayır,0.234052,0.765903,4.5e-05
138,139,brain_tumor_figshare/139.mat,112062,4,0,Meningiom,0,Meningiom,evet,0.982116,0.016879,0.001004
139,140,brain_tumor_figshare/140.mat,112062,4,0,Meningiom,0,Meningiom,evet,0.987138,0.012196,0.000665
140,141,brain_tumor_figshare/141.mat,112062,4,0,Meningiom,0,Meningiom,evet,0.926828,0.072805,0.000367
141,142,brain_tumor_figshare/142.mat,112252,1,0,Meningiom,0,Meningiom,evet,0.999546,7.9e-05,0.000374
142,143,brain_tumor_figshare/143.mat,112252,1,0,Meningiom,0,Meningiom,evet,0.967439,0.000222,0.032339
143,144,brain_tumor_figshare/144.mat,112552,2,0,Meningiom,0,Meningiom,evet,0.714816,0.266043,0.019141
144,145,brain_tumor_figshare/145.mat,112552,2,0,Meningiom,1,Gliom,hayır,0.409595,0.586903,0.003502
145,146,brain_tumor_figshare/146.mat,112552,2,0,Meningiom,1,Gliom,hayır,0.173605,0.823533,0.002863
146,147,brain_tumor_figshare/147.mat,112552,2,0,Meningiom,1,Gliom,hayır,0.132443,0.861766,0.005791
147,148,brain_tumor_figshare/148.mat,112552,2,0,Meningiom,1,Gliom,hayır,0.48644,0.508789,0.004771
148,149,brain_tumor_figshare/149.mat,112552,2,0,Meningiom,1,Gliom,hayır,0.490144,0.508455,0.001401
149,150,brain_tumor_figshare/150.mat,112552,2,0,Meningiom,1,Gliom,hayır,0.419826,0.579689,0.000485
150,151,brain_tumor_figshare/151.mat,112648,3,0,Meningiom,0,Meningiom,evet,0.947521,0.032627,0.019852
151,152,brain_tumor_figshare/152.mat,112648,3,0,Meningiom,0,Meningiom,evet,0.699576,0.16165,0.138774
152,153,brain_tumor_figshare/153.mat,112648,3,0,Meningiom,0,Meningiom,evet,0.691483,0.163077,0.14544
153,154,brain_tumor_figshare/154.mat,113435,5,0,Meningiom,1,Gliom,hayır,0.368004,0.577316,0.054681
154,155,brain_tumor_figshare/155.mat,113435,5,0,Meningiom,1,Gliom,hayır,0.380541,0.593639,0.02582
155,156,brain_tumor_figshare/156.mat,113435,5,0,Meningiom,0,Meningiom,evet,0.632394,0.34869,0.018916
156,157,brain_tumor_figshare/157.mat,113435,5,0,Meningiom,0,Meningiom,evet,0.566836,0.426703,0.006461
157,158,brain_tumor_figshare/158.mat,113435,5,0,Meningiom,1,Gliom,hayır,0.37145,0.625709,0.002841
158,159,brain_tumor_figshare/159.mat,113435,5,0,Meningiom,1,Gliom,hayır,0.072135,0.927379,0.000486
159,160,brain_tumor_figshare/160.mat,113554,5,0,Meningiom,0,Meningiom,evet,0.970951,0.011753,0.017296
160,161,brain_tumor_figshare/161.mat,113554,5,0,Meningiom,0,Meningiom,evet,0.986075,0.001666,0.012259
161,162,brain_tumor_figshare/162.mat,113554,5,0,Meningiom,0,Meningiom,evet,0.985859,0.002086,0.012056
162,163,brain_tumor_figshare/163.mat,113805,2,0,Meningiom,1,Gliom,hayır,0.190701,0.809258,4.2e-05
163,164,brain_tumor_figshare/164.mat,114018,2,0,Meningiom,2,Hipofiz tümörü,hayır,0.117262,0.010273,0.872465
164,165,brain_tumor_figshare/165.mat,114018,2,0,Meningiom,2,Hipofiz tümörü,hayır,0.360959,0.039458,0.599582
165,166,brain_tumor_figshare/166.mat,114018,2,0,Meningiom,0,Meningiom,evet,0.740886,0.014573,0.244542
166,167,brain_tumor_figshare/167.mat,114018,2,0,Meningiom,2,Hipofiz tümörü,hayır,0.459586,0.00202,0.538394
167,168,brain_tumor_figshare/168.mat,114018,2,0,Meningiom,0,Meningiom,evet,0.750621,0.002735,0.246644
168,169,brain_tumor_figshare/169.mat,114359,2,0,Meningiom,1,Gliom,hayır,0.474912,0.517055,0.008033
169,170,brain_tumor_figshare/170.mat,114359,2,0,Meningiom,0,Meningiom,evet,0.632889,0.366073,0.001038
170,171,brain_tumor_figshare/171.mat,114359,2,0,Meningiom,0,Meningiom,evet,0.591704,0.407827,0.000469
171,172,brain_tumor_figshare/172.mat,114359,2,0,Meningiom,1,Gliom,hayır,0.304894,0.693572,0.001535
172,173,brain_tumor_figshare/173.mat,114359,2,0,Meningiom,0,Meningiom,evet,0.531824,0.467915,0.000261
173,174,brain_tumor_figshare/174.mat,114359,2,0,Meningiom,0,Meningiom,evet,0.940081,0.059882,3.7e-05
174,175,brain_tumor_figshare/175.mat,97607,1,0,Meningiom,0,Meningiom,evet,0.975954,0.021418,0.002628
175,176,brain_tumor_figshare/176.mat,97607,1,0,Meningiom,0,Meningiom,evet,0.995512,0.003464,0.001024
176,177,brain_tumor_figshare/177.mat,97607,1,0,Meningiom,0,Meningiom,evet,0.99526,0.003424,0.001316
177,178,brain_tumor_figshare/178.mat,97607,1,0,Meningiom,0,Meningiom,evet,0.996271,0.002385,0.001344
178,179,brain_tumor_figshare/179.mat,97607,1,0,Meningiom,0,Meningiom,evet,0.988498,0.008861,0.002642
179,180,brain_tumor_figshare/180.mat,97737,1,0,Meningiom,0,Meningiom,evet,0.988937,0.009521,0.001542
180,181,brain_tumor_figshare/181.mat,97737,1,0,Meningiom,0,Meningiom,evet,0.992741,0.005925,0.001334
181,182,brain_tumor_figshare/182.mat,97737,1,0,Meningiom,0,Meningiom,evet,0.991095,0.007151,0.001754
182,183,brain_tumor_figshare/183.mat,97737,1,0,Meningiom,0,Meningiom,evet,0.986661,0.010984,0.002355
183,184,brain_tumor_figshare/184.mat,97875,4,0,Meningiom,0,Meningiom,evet,0.972714,0.009222,0.018064
184,185,brain_tumor_figshare/185.mat,97875,4,0,Meningiom,0,Meningiom,evet,0.980267,0.006769,0.012964
185,186,brain_tumor_figshare/186.mat,97875,4,0,Meningiom,1,Gliom,hayır,0.140871,0.852355,0.006774
186,187,brain_tumor_figshare/187.mat,97943,3,0,Meningiom,0,Meningiom,evet,0.964571,0.002351,0.033078
187,188,brain_tumor_figshare/188.mat,97943,3,0,Meningiom,0,Meningiom,evet,0.79637,0.20049,0.003139
188,189,brain_tumor_figshare/189.mat,97943,3,0,Meningiom,0,Meningiom,evet,0.938198,0.05452,0.007282
189,190,brain_tumor_figshare/190.mat,97943,3,0,Meningiom,0,Meningiom,evet,0.706865,0.258419,0.034716
190,191,brain_tumor_figshare/191.mat,97943,3,0,Meningiom,0,Meningiom,evet,0.783796,0.174216,0.041988
191,192,brain_tumor_figshare/192.mat,98241,2,0,Meningiom,0,Meningiom,evet,0.726114,0.229893,0.043993
192,193,brain_tumor_figshare/193.mat,98241,2,0,Meningiom,0,Meningiom,evet,0.644763,0.335336,0.019901
193,194,brain_tumor_figshare/194.mat,98241,2,0,Meningiom,0,Meningiom,evet,0.925143,0.070152,0.004705
194,195,brain_tumor_figshare/195.mat,98241,2,0,Meningiom,0,Meningiom,evet,0.818629,0.17979,0.001581
195,196,brain_tumor_figshare/196.mat,98241,2,0,Meningiom,0,Meningiom,evet,0.860218,0.139513,0.000269
196,197,brain_tumor_figshare/197.mat,98241,2,0,Meningiom,0,Meningiom,evet,0.921786,0.078124,9e-05
197,198,brain_tumor_figshare/198.mat,99017,1,0,Meningiom,0,Meningiom,evet,0.666234,0.036547,0.297219
198,199,brain_tumor_figshare/199.mat,99017,1,0,Meningiom,0,Meningiom,evet,0.667445,0.035882,0.296673
199,200,brain_tumor_figshare/200.mat,99089,5,0,Meningiom,0,Meningiom,evet,0.514701,0.481791,0.003508
200,201,brain_tumor_figshare/201.mat,99089,5,0,Meningiom,0,Meningiom,evet,0.932996,0.060573,0.006431
201,202,brain_tumor_figshare/202.mat,99089,5,0,Meningiom,0,Meningiom,evet,0.938373,0.045495,0.016132
202,203,brain_tumor_figshare/203.mat,99288,2,0,Meningiom,0,Meningiom,evet,0.559617,0.437146,0.003236
203,204,brain_tumor_figshare/204.mat,99308,2,0,Meningiom,0,Meningiom,evet,0.57816,0.405376,0.016463
204,205,brain_tumor_figshare/205.mat,99308,2,0,Meningiom,0,Meningiom,evet,0.654895,0.33686,0.008245
205,206,brain_tumor_figshare/206.mat,99308,2,0,Meningiom,1,Gliom,hayır,0.091929,0.907757,0.000315
206,207,brain_tumor_figshare/207.mat,99308,2,0,Meningiom,1,Gliom,hayır,0.105157,0.894824,1.9e-05
207,208,brain_tumor_figshare/208.mat,99308,2,0,Meningiom,1,Gliom,hayır,0.081145,0.918821,3.4e-05
208,209,brain_tumor_figshare/209.mat,100820,3,1,Gliom,1,Gliom,evet,0.010152,0.988969,0.00088
209,210,brain_tumor_figshare/210.mat,100820,3,1,Gliom,1,Gliom,evet,0.003951,0.995311,0.000738
210,211,brain_tumor_figshare/211.mat,100360,5,0,Meningiom,0,Meningiom,evet,0.693002,0.274463,0.032535
211,212,brain_tumor_figshare/212.mat,100360,5,0,Meningiom,0,Meningiom,evet,0.783425,0.198545,0.01803
212,213,brain_tumor_figshare/213.mat,100360,5,0,Meningiom,0,Meningiom,evet,0.734026,0.232428,0.033547
213,214,brain_tumor_figshare/214.mat,100360,5,0,Meningiom,0,Meningiom,evet,0.77432,0.185587,0.040093
214,215,brain_tumor_figshare/215.mat,100360,5,0,Meningiom,0,Meningiom,evet,0.626332,0.203704,0.169964
215,216,brain_tumor_figshare/216.mat,100360,5,0,Meningiom,1,Gliom,hayır,0.245052,0.602167,0.152781
216,217,brain_tumor_figshare/217.mat,100360,5,0,Meningiom,1,Gliom,hayır,0.231543,0.504084,0.264372
217,218,brain_tumor_figshare/218.mat,100572,3,0,Meningiom,2,Hipofiz tümörü,hayır,0.194129,0.097794,0.708077
218,219,brain_tumor_figshare/219.mat,100572,3,0,Meningiom,0,Meningiom,evet,0.595968,0.3189,0.085132
219,220,brain_tumor_figshare/220.mat,100572,3,0,Meningiom,0,Meningiom,evet,0.586426,0.123966,0.289608
220,221,brain_tumor_figshare/221.mat,101016,4,0,Meningiom,0,Meningiom,evet,0.994139,0.00487,0.000991
221,222,brain_tumor_figshare/222.mat,101016,4,0,Meningiom,0,Meningiom,evet,0.997487,0.000924,0.001589
222,223,brain_tumor_figshare/223.mat,101016,4,0,Meningiom,0,Meningiom,evet,0.987467,0.003974,0.00856
223,224,brain_tumor_figshare/224.mat,101016,4,0,Meningiom,0,Meningiom,evet,0.968791,0.010053,0.021156
224,225,brain_tumor_figshare/225.mat,101016,4,0,Meningiom,0,Meningiom,evet,0.950241,0.006655,0.043103
225,226,brain_tumor_figshare/226.mat,101016,4,0,Meningiom,0,Meningiom,evet,0.921019,0.022724,0.056256
226,227,brain_tumor_figshare/227.mat,101127,4,0,Meningiom,0,Meningiom,evet,0.79803,0.016213,0.185757
227,228,brain_tumor_figshare/228.mat,101127,4,0,Meningiom,2,Hipofiz tümörü,hayır,0.400438,0.160442,0.43912
228,229,brain_tumor_figshare/229.mat,101127,4,0,Meningiom,0,Meningiom,evet,0.699639,0.019865,0.280496
229,230,brain_tumor_figshare/230.mat,101127,4,0,Meningiom,0,Meningiom,evet,0.728514,0.011334,0.260152
230,231,brain_tumor_figshare/231.mat,101797,5,0,Meningiom,0,Meningiom,evet,0.589475,0.357602,0.052923
231,232,brain_tumor_figshare/232.mat,101797,5,0,Meningiom,0,Meningiom,evet,0.903805,0.048279,0.047916
232,233,brain_tumor_figshare/233.mat,101797,5,0,Meningiom,0,Meningiom,evet,0.793936,0.164121,0.041942
233,234,brain_tumor_figshare/234.mat,101797,5,0,Meningiom,0,Meningiom,evet,0.844746,0.073401,0.081853
234,235,brain_tumor_figshare/235.mat,101797,5,0,Meningiom,0,Meningiom,evet,0.845047,0.043521,0.111432
235,236,brain_tumor_figshare/236.mat,102420,1,0,Meningiom,0,Meningiom,evet,0.958335,0.011004,0.030661
236,237,brain_tumor_figshare/237.mat,102420,1,0,Meningiom,0,Meningiom,evet,0.952655,0.001116,0.046229
237,238,brain_tumor_figshare/238.mat,102420,1,0,Meningiom,0,Meningiom,evet,0.901976,0.004064,0.09396
238,239,brain_tumor_figshare/239.mat,102446,3,0,Meningiom,0,Meningiom,evet,0.608862,0.163426,0.227712
239,240,brain_tumor_figshare/240.mat,102675,1,0,Meningiom,1,Gliom,hayır,0.004426,0.995034,0.00054
240,241,brain_tumor_figshare/241.mat,102675,1,0,Meningiom,0,Meningiom,evet,0.64116,0.337874,0.020966
241,242,brain_tumor_figshare/242.mat,102714,5,0,Meningiom,0,Meningiom,evet,0.942997,0.011463,0.04554
242,243,brain_tumor_figshare/243.mat,102714,5,0,Meningiom,0,Meningiom,evet,0.954768,0.002877,0.042355
243,244,brain_tumor_figshare/244.mat,102714,5,0,Meningiom,0,Meningiom,evet,0.95177,0.000162,0.048068
244,245,brain_tumor_figshare/245.mat,102714,5,0,Meningiom,0,Meningiom,evet,0.960126,0.001656,0.038219
245,246,brain_tumor_figshare/246.mat,102929,2,0,Meningiom,2,Hipofiz tümörü,hayır,0.246246,0.003764,0.74999
246,247,brain_tumor_figshare/247.mat,102929,2,0,Meningiom,2,Hipofiz tümörü,hayır,0.349615,0.001951,0.648434
247,248,brain_tumor_figshare/248.mat,102929,2,0,Meningiom,2,Hipofiz tümörü,hayır,0.08405,0.005928,0.910023
248,249,brain_tumor_figshare/249.mat,102929,2,0,Meningiom,2,Hipofiz tümörü,hayır,0.416976,0.008982,0.574042
249,250,brain_tumor_figshare/250.mat,102929,2,0,Meningiom,2,Hipofiz tümörü,hayır,0.387212,0.017171,0.595617
250,251,brain_tumor_figshare/251.mat,102929,2,0,Meningiom,0,Meningiom,evet,0.817754,0.021064,0.161182
251,252,brain_tumor_figshare/252.mat,102935,1,0,Meningiom,1,Gliom,hayır,0.261678,0.722322,0.016
252,253,brain_tumor_figshare/253.mat,102985,4,0,Meningiom,0,Meningiom,evet,0.755105,0.198603,0.046293
253,254,brain_tumor_figshare/254.mat,103673,5,0,Meningiom,2,Hipofiz tümörü,hayır,0.140456,1e-05,0.859534
254,255,brain_tumor_figshare/255.mat,103673,5,0,Meningiom,2,Hipofiz tümörü,hayır,0.032263,0.000211,0.967527
255,256,brain_tumor_figshare/256.mat,103673,5,0,Meningiom,2,Hipofiz tümörü,hayır,0.025966,3e-06,0.974031
256,257,brain_tumor_figshare/257.mat,103673,5,0,Meningiom,2,Hipofiz tümörü,hayır,0.026232,2e-06,0.973766
257,258,brain_tumor_figshare/258.mat,103673,5,0,Meningiom,2,Hipofiz tümörü,hayır,0.058017,5e-06,0.941978
258,259,brain_tumor_figshare/259.mat,103673,5,0,Meningiom,2,Hipofiz tümörü,hayır,0.159418,1e-06,0.840581
259,260,brain_tumor_figshare/260.mat,103673,5,0,Meningiom,2,Hipofiz tümörü,hayır,0.100379,2e-06,0.899619
260,261,brain_tumor_figshare/261.mat,103925,4,0,Meningiom,0,Meningiom,evet,0.909621,0.013881,0.076498
261,262,brain_tumor_figshare/262.mat,103925,4,0,Meningiom,0,Meningiom,evet,0.844575,0.065549,0.089876
262,263,brain_tumor_figshare/263.mat,103925,4,0,Meningiom,0,Meningiom,evet,0.93561,0.009899,0.054492
263,264,brain_tumor_figshare/264.mat,103925,4,0,Meningiom,0,Meningiom,evet,0.943893,0.018157,0.03795
264,265,brain_tumor_figshare/265.mat,103925,4,0,Meningiom,0,Meningiom,evet,0.782718,0.014473,0.20281
265,266,brain_tumor_figshare/266.mat,103925,4,0,Meningiom,0,Meningiom,evet,0.704248,0.126791,0.168961
266,267,brain_tumor_figshare/267.mat,103925,4,0,Meningiom,2,Hipofiz tümörü,hayır,0.405905,0.053571,0.540524
267,268,brain_tumor_figshare/268.mat,103925,4,0,Meningiom,0,Meningiom,evet,0.415393,0.213131,0.371475
268,269,brain_tumor_figshare/269.mat,104167,3,0,Meningiom,0,Meningiom,evet,0.895951,0.101505,0.002543
269,270,brain_tumor_figshare/270.mat,104167,3,0,Meningiom,0,Meningiom,evet,0.899308,0.098767,0.001925
270,271,brain_tumor_figshare/271.mat,104167,3,0,Meningiom,0,Meningiom,evet,0.952539,0.045094,0.002367
271,272,brain_tumor_figshare/272.mat,104167,3,0,Meningiom,0,Meningiom,evet,0.898893,0.092923,0.008184
272,273,brain_tumor_figshare/273.mat,104167,3,0,Meningiom,0,Meningiom,evet,0.843664,0.128091,0.028244
273,274,brain_tumor_figshare/274.mat,104167,3,0,Meningiom,0,Meningiom,evet,0.776982,0.196499,0.026519
274,275,brain_tumor_figshare/275.mat,104281,3,0,Meningiom,0,Meningiom,evet,0.975071,0.018445,0.006484
275,276,brain_tumor_figshare/276.mat,104281,3,0,Meningiom,0,Meningiom,evet,0.734047,0.260271,0.005682
276,277,brain_tumor_figshare/277.mat,104281,3,0,Meningiom,0,Meningiom,evet,0.545733,0.440912,0.013355
277,278,brain_tumor_figshare/278.mat,104281,3,0,Meningiom,0,Meningiom,evet,0.585513,0.398406,0.016081
278,279,brain_tumor_figshare/279.mat,104281,3,0,Meningiom,0,Meningiom,evet,0.547279,0.416127,0.036594
279,280,brain_tumor_figshare/280.mat,104281,3,0,Meningiom,0,Meningiom,evet,0.529407,0.452988,0.017605
280,281,brain_tumor_figshare/281.mat,105374,4,0,Meningiom,0,Meningiom,evet,0.944305,0.003007,0.052688
281,282,brain_tumor_figshare/282.mat,105374,4,0,Meningiom,0,Meningiom,evet,0.947564,0.00177,0.050666
282,283,brain_tumor_figshare/283.mat,105555,5,0,Meningiom,0,Meningiom,evet,0.763214,0.009048,0.227739
283,284,brain_tumor_figshare/284.mat,105555,5,0,Meningiom,0,Meningiom,evet,0.843711,0.022414,0.133875
284,285,brain_tumor_figshare/285.mat,105555,5,0,Meningiom,0,Meningiom,evet,0.828114,0.070863,0.101022
285,286,brain_tumor_figshare/286.mat,105937,1,0,Meningiom,1,Gliom,hayır,0.401023,0.435657,0.16332
286,287,brain_tumor_figshare/287.mat,105937,1,0,Meningiom,0,Meningiom,evet,0.650308,0.197706,0.151986
287,288,brain_tumor_figshare/288.mat,105937,1,0,Meningiom,0,Meningiom,evet,0.521353,0.237618,0.24103
288,289,brain_tumor_figshare/289.mat,105937,1,0,Meningiom,0,Meningiom,evet,0.418812,0.167335,0.413853
289,290,brain_tumor_figshare/290.mat,106284,2,0,Meningiom,0,Meningiom,evet,0.981416,0.014947,0.003637
290,291,brain_tumor_figshare/291.mat,106284,2,0,Meningiom,0,Meningiom,evet,0.962775,0.004165,0.03306
291,292,brain_tumor_figshare/292.mat,106284,2,0,Meningiom,0,Meningiom,evet,0.970446,0.000763,0.028791
292,293,brain_tumor_figshare/293.mat,106284,2,0,Meningiom,0,Meningiom,evet,0.902372,0.000535,0.097093
293,294,brain_tumor_figshare/294.mat,106442,1,0,Meningiom,0,Meningiom,evet,0.986452,0.0019,0.011648
294,295,brain_tumor_figshare/295.mat,106442,1,0,Meningiom,0,Meningiom,evet,0.985639,0.001595,0.012767
295,296,brain_tumor_figshare/296.mat,106442,1,0,Meningiom,0,Meningiom,evet,0.965653,0.004442,0.029905
296,297,brain_tumor_figshare/297.mat,106534,4,0,Meningiom,0,Meningiom,evet,0.778937,0.168519,0.052544
297,298,brain_tumor_figshare/298.mat,106534,4,0,Meningiom,0,Meningiom,evet,0.618,0.33036,0.05164
298,299,brain_tumor_figshare/299.mat,106665,3,0,Meningiom,0,Meningiom,evet,0.718885,0.261579,0.019537
299,300,brain_tumor_figshare/300.mat,106665,3,0,Meningiom,0,Meningiom,evet,0.872088,0.053895,0.074016
300,301,brain_tumor_figshare/301.mat,106665,3,0,Meningiom,0,Meningiom,evet,0.857391,0.094508,0.048102
301,302,brain_tumor_figshare/302.mat,106665,3,0,Meningiom,0,Meningiom,evet,0.656459,0.272312,0.071229
302,303,brain_tumor_figshare/303.mat,106665,3,0,Meningiom,0,Meningiom,evet,0.655508,0.229757,0.114735
303,304,brain_tumor_figshare/304.mat,106720,1,0,Meningiom,0,Meningiom,evet,0.631059,0.175233,0.193708
304,305,brain_tumor_figshare/305.mat,106720,1,0,Meningiom,0,Meningiom,evet,0.591802,0.145278,0.26292
305,306,brain_tumor_figshare/306.mat,106720,1,0,Meningiom,0,Meningiom,evet,0.634708,0.155989,0.209303
306,307,brain_tumor_figshare/307.mat,106720,1,0,Meningiom,0,Meningiom,evet,0.648928,0.15672,0.194352
307,308,brain_tumor_figshare/308.mat,106720,1,0,Meningiom,0,Meningiom,evet,0.514368,0.315395,0.170238
308,309,brain_tumor_figshare/309.mat,106720,1,0,Meningiom,1,Gliom,hayır,0.375999,0.465687,0.158314
309,310,brain_tumor_figshare/310.mat,106720,1,0,Meningiom,0,Meningiom,evet,0.640538,0.325981,0.033481
310,311,brain_tumor_figshare/311.mat,106914,2,0,Meningiom,0,Meningiom,evet,0.87841,0.089289,0.032301
311,312,brain_tumor_figshare/312.mat,106914,2,0,Meningiom,0,Meningiom,evet,0.9447,0.048043,0.007257
312,313,brain_tumor_figshare/313.mat,106914,2,0,Meningiom,0,Meningiom,evet,0.984855,0.01464,0.000505
313,314,brain_tumor_figshare/314.mat,106914,2,0,Meningiom,1,Gliom,hayır,0.49293,0.503446,0.003624
314,315,brain_tumor_figshare/315.mat,107190,5,0,Meningiom,0,Meningiom,evet,0.4768,0.469037,0.054163
315,316,brain_tumor_figshare/316.mat,107248,5,0,Meningiom,2,Hipofiz tümörü,hayır,0.354289,0.005261,0.64045
316,317,brain_tumor_figshare/317.mat,107248,5,0,Meningiom,2,Hipofiz tümörü,hayır,0.347732,0.008408,0.643859
317,318,brain_tumor_figshare/318.mat,107248,5,0,Meningiom,0,Meningiom,evet,0.602912,0.017615,0.379473
318,319,brain_tumor_figshare/319.mat,107248,5,0,Meningiom,2,Hipofiz tümörü,hayır,0.442446,0.063866,0.493688
319,320,brain_tumor_figshare/320.mat,107494,4,0,Meningiom,0,Meningiom,evet,0.879833,0.107822,0.012345
320,321,brain_tumor_figshare/321.mat,107494,4,0,Meningiom,0,Meningiom,evet,0.868839,0.078122,0.053039
321,322,brain_tumor_figshare/322.mat,107494,4,0,Meningiom,0,Meningiom,evet,0.921567,0.06646,0.011973
322,323,brain_tumor_figshare/323.mat,107494,4,0,Meningiom,0,Meningiom,evet,0.805558,0.110662,0.08378
323,324,brain_tumor_figshare/324.mat,107494,4,0,Meningiom,0,Meningiom,evet,0.82397,0.110216,0.065814
324,325,brain_tumor_figshare/325.mat,107494,4,0,Meningiom,0,Meningiom,evet,0.677039,0.146488,0.176473
325,326,brain_tumor_figshare/326.mat,108514,5,0,Meningiom,1,Gliom,hayır,0.118961,0.865905,0.015134
326,327,brain_tumor_figshare/327.mat,108514,5,0,Meningiom,0,Meningiom,evet,0.581033,0.3538,0.065167
327,328,brain_tumor_figshare/328.mat,108514,5,0,Meningiom,1,Gliom,hayır,0.378161,0.591712,0.030126
328,329,brain_tumor_figshare/329.mat,108514,5,0,Meningiom,1,Gliom,hayır,0.322807,0.634015,0.043178
329,330,brain_tumor_figshare/330.mat,108514,5,0,Meningiom,1,Gliom,hayır,0.170145,0.821645,0.00821
330,331,brain_tumor_figshare/331.mat,108514,5,0,Meningiom,1,Gliom,hayır,0.157649,0.831451,0.010899
331,332,brain_tumor_figshare/332.mat,108550,5,0,Meningiom,0,Meningiom,evet,0.94796,0.030789,0.021251
332,333,brain_tumor_figshare/333.mat,108550,5,0,Meningiom,0,Meningiom,evet,0.983567,0.009199,0.007234
333,334,brain_tumor_figshare/334.mat,108590,3,0,Meningiom,0,Meningiom,evet,0.996457,0.002402,0.001141
334,335,brain_tumor_figshare/335.mat,108590,3,0,Meningiom,0,Meningiom,evet,0.969976,0.014236,0.015788
335,336,brain_tumor_figshare/336.mat,108945,4,0,Meningiom,0,Meningiom,evet,0.990814,0.001623,0.007563
336,337,brain_tumor_figshare/337.mat,108945,4,0,Meningiom,0,Meningiom,evet,0.987169,0.003894,0.008937
337,338,brain_tumor_figshare/338.mat,108945,4,0,Meningiom,0,Meningiom,evet,0.965635,0.011304,0.023061
338,339,brain_tumor_figshare/339.mat,108945,4,0,Meningiom,0,Meningiom,evet,0.865247,0.121764,0.01299
339,340,brain_tumor_figshare/340.mat,109411,3,0,Meningiom,0,Meningiom,evet,0.538093,0.385136,0.076771
340,341,brain_tumor_figshare/341.mat,109968,3,0,Meningiom,1,Gliom,hayır,0.088211,0.870452,0.041338
341,342,brain_tumor_figshare/342.mat,109968,3,0,Meningiom,0,Meningiom,evet,0.90391,0.038846,0.057244
342,343,brain_tumor_figshare/343.mat,109968,3,0,Meningiom,0,Meningiom,evet,0.68573,0.094317,0.219953
343,344,brain_tumor_figshare/344.mat,109968,3,0,Meningiom,0,Meningiom,evet,0.827137,0.068701,0.104162
344,345,brain_tumor_figshare/345.mat,110116,5,0,Meningiom,0,Meningiom,evet,0.614078,0.234144,0.151778
345,346,brain_tumor_figshare/346.mat,110116,5,0,Meningiom,2,Hipofiz tümörü,hayır,0.400405,0.012029,0.587566
346,347,brain_tumor_figshare/347.mat,110116,5,0,Meningiom,2,Hipofiz tümörü,hayır,0.260394,0.002237,0.737368
347,348,brain_tumor_figshare/348.mat,110116,5,0,Meningiom,2,Hipofiz tümörü,hayır,0.07269,0.007106,0.920204
348,349,brain_tumor_figshare/349.mat,111077,2,0,Meningiom,0,Meningiom,evet,0.669002,0.309281,0.021717
349,350,brain_tumor_figshare/350.mat,111077,2,0,Meningiom,0,Meningiom,evet,0.872606,0.085891,0.041503
350,351,brain_tumor_figshare/351.mat,111077,2,0,Meningiom,0,Meningiom,evet,0.845684,0.108877,0.045439
351,352,brain_tumor_figshare/352.mat,111077,2,0,Meningiom,0,Meningiom,evet,0.845458,0.088254,0.066288
352,353,brain_tumor_figshare/353.mat,111366,3,0,Meningiom,1,Gliom,hayır,0.271309,0.714934,0.013756
353,354,brain_tumor_figshare/354.mat,111366,3,0,Meningiom,0,Meningiom,evet,0.512864,0.379062,0.108073
354,355,brain_tumor_figshare/355.mat,111366,3,0,Meningiom,0,Meningiom,evet,0.646953,0.272221,0.080826
355,356,brain_tumor_figshare/356.mat,111366,3,0,Meningiom,0,Meningiom,evet,0.814203,0.118781,0.067016
356,357,brain_tumor_figshare/357.mat,111532,1,0,Meningiom,0,Meningiom,evet,0.979676,0.012396,0.007929
357,358,brain_tumor_figshare/358.mat,111532,1,0,Meningiom,0,Meningiom,evet,0.984376,0.011206,0.004418
358,359,brain_tumor_figshare/359.mat,111532,1,0,Meningiom,1,Gliom,hayır,0.182165,0.792522,0.025313
359,360,brain_tumor_figshare/360.mat,111532,1,0,Meningiom,1,Gliom,hayır,0.16554,0.822709,0.011751
360,361,brain_tumor_figshare/361.mat,111532,1,0,Meningiom,1,Gliom,hayır,0.030292,0.957253,0.012455
361,362,brain_tumor_figshare/362.mat,112002,2,0,Meningiom,1,Gliom,hayır,0.328734,0.671256,1e-05
362,363,brain_tumor_figshare/363.mat,112002,2,0,Meningiom,1,Gliom,hayır,0.070077,0.928269,0.001654
363,364,brain_tumor_figshare/364.mat,112002,2,0,Meningiom,1,Gliom,hayır,0.454449,0.536498,0.009053
364,365,brain_tumor_figshare/365.mat,112002,2,0,Meningiom,0,Meningiom,evet,0.536189,0.416319,0.047491
365,366,brain_tumor_figshare/366.mat,112062,4,0,Meningiom,0,Meningiom,evet,0.49552,0.470466,0.034014
366,367,brain_tumor_figshare/367.mat,112062,4,0,Meningiom,0,Meningiom,evet,0.742353,0.214442,0.043205
367,368,brain_tumor_figshare/368.mat,112062,4,0,Meningiom,0,Meningiom,evet,0.843576,0.139605,0.016819
368,369,brain_tumor_figshare/369.mat,112062,4,0,Meningiom,0,Meningiom,evet,0.570867,0.404976,0.024157
369,370,brain_tumor_figshare/370.mat,112252,1,0,Meningiom,0,Meningiom,evet,0.883624,0.0309,0.085477
370,371,brain_tumor_figshare/371.mat,112252,1,0,Meningiom,0,Meningiom,evet,0.85418,0.008695,0.137125
371,372,brain_tumor_figshare/372.mat,112552,2,0,Meningiom,1,Gliom,hayır,0.215282,0.782979,0.001739
372,373,brain_tumor_figshare/373.mat,112552,2,0,Meningiom,0,Meningiom,evet,0.572856,0.423685,0.003459
373,374,brain_tumor_figshare/374.mat,112552,2,0,Meningiom,0,Meningiom,evet,0.499357,0.497893,0.00275
374,375,brain_tumor_figshare/375.mat,112552,2,0,Meningiom,0,Meningiom,evet,0.89072,0.08567,0.02361
375,376,brain_tumor_figshare/376.mat,112552,2,0,Meningiom,0,Meningiom,evet,0.850881,0.107157,0.041962
376,377,brain_tumor_figshare/377.mat,112552,2,0,Meningiom,0,Meningiom,evet,0.686154,0.299193,0.014653
377,378,brain_tumor_figshare/378.mat,112552,2,0,Meningiom,1,Gliom,hayır,0.365399,0.613915,0.020687
378,379,brain_tumor_figshare/379.mat,112648,3,0,Meningiom,0,Meningiom,evet,0.944077,0.028035,0.027888
379,380,brain_tumor_figshare/380.mat,112648,3,0,Meningiom,0,Meningiom,evet,0.823506,0.014357,0.162137
380,381,brain_tumor_figshare/381.mat,112648,3,0,Meningiom,0,Meningiom,evet,0.949856,0.01034,0.039803
381,382,brain_tumor_figshare/382.mat,113435,5,0,Meningiom,0,Meningiom,evet,0.777909,0.179277,0.042814
382,383,brain_tumor_figshare/383.mat,113435,5,0,Meningiom,0,Meningiom,evet,0.627203,0.325867,0.04693
383,384,brain_tumor_figshare/384.mat,113435,5,0,Meningiom,0,Meningiom,evet,0.487348,0.433577,0.079074
384,385,brain_tumor_figshare/385.mat,113435,5,0,Meningiom,0,Meningiom,evet,0.527035,0.387427,0.085537
385,386,brain_tumor_figshare/386.mat,113435,5,0,Meningiom,1,Gliom,hayır,0.387542,0.528546,0.083912
386,387,brain_tumor_figshare/387.mat,113435,5,0,Meningiom,0,Meningiom,evet,0.498264,0.434971,0.066766
387,388,brain_tumor_figshare/388.mat,113435,5,0,Meningiom,0,Meningiom,evet,0.546499,0.406499,0.047002
388,389,brain_tumor_figshare/389.mat,113435,5,0,Meningiom,1,Gliom,hayır,0.327425,0.641738,0.030837
389,390,brain_tumor_figshare/390.mat,113554,5,0,Meningiom,0,Meningiom,evet,0.653943,0.277975,0.068082
390,391,brain_tumor_figshare/391.mat,113554,5,0,Meningiom,0,Meningiom,evet,0.930962,0.002863,0.066175
391,392,brain_tumor_figshare/392.mat,113554,5,0,Meningiom,0,Meningiom,evet,0.975944,0.006725,0.017331
392,393,brain_tumor_figshare/393.mat,113805,2,0,Meningiom,1,Gliom,hayır,0.002073,0.997902,2.5e-05
393,394,brain_tumor_figshare/394.mat,113805,2,0,Meningiom,1,Gliom,hayır,0.079324,0.917795,0.002881
394,395,brain_tumor_figshare/395.mat,114018,2,0,Meningiom,2,Hipofiz tümörü,hayır,0.190712,0.095763,0.713525
395,396,brain_tumor_figshare/396.mat,114018,2,0,Meningiom,0,Meningiom,evet,0.916844,0.042524,0.040632
396,397,brain_tumor_figshare/397.mat,114018,2,0,Meningiom,0,Meningiom,evet,0.536656,0.027245,0.4361
397,398,brain_tumor_figshare/398.mat,114018,2,0,Meningiom,2,Hipofiz tümörü,hayır,0.477004,0.010695,0.512301
398,399,brain_tumor_figshare/399.mat,114359,2,0,Meningiom,0,Meningiom,evet,0.950966,0.044505,0.004529
399,400,brain_tumor_figshare/400.mat,114359,2,0,Meningiom,0,Meningiom,evet,0.811163,0.187338,0.001499
400,401,brain_tumor_figshare/401.mat,114359,2,0,Meningiom,0,Meningiom,evet,0.916,0.082996,0.001004
401,402,brain_tumor_figshare/402.mat,114359,2,0,Meningiom,0,Meningiom,evet,0.930789,0.068066,0.001144
402,403,brain_tumor_figshare/403.mat,114359,2,0,Meningiom,0,Meningiom,evet,0.913912,0.085574,0.000514
403,404,brain_tumor_figshare/404.mat,114359,2,0,Meningiom,0,Meningiom,evet,0.797465,0.199011,0.003524
404,405,brain_tumor_figshare/405.mat,97607,1,0,Meningiom,0,Meningiom,evet,0.914457,0.012411,0.073132
405,406,brain_tumor_figshare/406.mat,97607,1,0,Meningiom,0,Meningiom,evet,0.957885,0.015449,0.026667
406,407,brain_tumor_figshare/407.mat,97607,1,0,Meningiom,0,Meningiom,evet,0.972619,0.013976,0.013405
407,408,brain_tumor_figshare/408.mat,97737,1,0,Meningiom,0,Meningiom,evet,0.860319,0.015481,0.1242
408,409,brain_tumor_figshare/409.mat,97737,1,0,Meningiom,0,Meningiom,evet,0.841828,0.007652,0.150521
409,410,brain_tumor_figshare/410.mat,97737,1,0,Meningiom,0,Meningiom,evet,0.847046,0.005536,0.147418
410,411,brain_tumor_figshare/411.mat,97737,1,0,Meningiom,0,Meningiom,evet,0.931042,0.004376,0.064582
411,412,brain_tumor_figshare/412.mat,97737,1,0,Meningiom,0,Meningiom,evet,0.95531,0.005022,0.039668
412,413,brain_tumor_figshare/413.mat,97737,1,0,Meningiom,0,Meningiom,evet,0.966477,0.016474,0.017049
413,414,brain_tumor_figshare/414.mat,97875,4,0,Meningiom,0,Meningiom,evet,0.964167,0.008783,0.02705
414,415,brain_tumor_figshare/415.mat,97875,4,0,Meningiom,0,Meningiom,evet,0.960036,0.007304,0.03266
415,416,brain_tumor_figshare/416.mat,97875,4,0,Meningiom,0,Meningiom,evet,0.947011,0.002701,0.050287
416,417,brain_tumor_figshare/417.mat,97875,4,0,Meningiom,0,Meningiom,evet,0.89145,0.004833,0.103717
417,418,brain_tumor_figshare/418.mat,97943,3,0,Meningiom,0,Meningiom,evet,0.958041,0.03369,0.00827
418,419,brain_tumor_figshare/419.mat,97943,3,0,Meningiom,0,Meningiom,evet,0.990274,0.004386,0.00534
419,420,brain_tumor_figshare/420.mat,97943,3,0,Meningiom,0,Meningiom,evet,0.934842,0.057456,0.007702
420,421,brain_tumor_figshare/421.mat,97943,3,0,Meningiom,0,Meningiom,evet,0.977667,0.018928,0.003405
421,422,brain_tumor_figshare/422.mat,97943,3,0,Meningiom,0,Meningiom,evet,0.927107,0.022712,0.050181
422,423,brain_tumor_figshare/423.mat,98241,2,0,Meningiom,1,Gliom,hayır,0.465517,0.517726,0.016757
423,424,brain_tumor_figshare/424.mat,98241,2,0,Meningiom,1,Gliom,hayır,0.329409,0.659339,0.011252
424,425,brain_tumor_figshare/425.mat,98241,2,0,Meningiom,1,Gliom,hayır,0.153962,0.816425,0.029613
425,426,brain_tumor_figshare/426.mat,98241,2,0,Meningiom,1,Gliom,hayır,0.221636,0.683703,0.094661
426,427,brain_tumor_figshare/427.mat,98241,2,0,Meningiom,1,Gliom,hayır,0.109195,0.607556,0.283249
427,428,brain_tumor_figshare/428.mat,98241,2,0,Meningiom,1,Gliom,hayır,0.355248,0.492966,0.151785
428,429,brain_tumor_figshare/429.mat,98241,2,0,Meningiom,1,Gliom,hayır,0.338075,0.579907,0.082018
429,430,brain_tumor_figshare/430.mat,99017,1,0,Meningiom,0,Meningiom,evet,0.83744,0.041348,0.121213
430,431,brain_tumor_figshare/431.mat,99017,1,0,Meningiom,0,Meningiom,evet,0.879249,0.04301,0.077741
431,432,brain_tumor_figshare/432.mat,99089,5,0,Meningiom,0,Meningiom,evet,0.769226,0.013155,0.21762
432,433,brain_tumor_figshare/433.mat,99089,5,0,Meningiom,0,Meningiom,evet,0.602091,0.012306,0.385603
433,434,brain_tumor_figshare/434.mat,99089,5,0,Meningiom,0,Meningiom,evet,0.712294,0.013684,0.274023
434,435,brain_tumor_figshare/435.mat,99089,5,0,Meningiom,2,Hipofiz tümörü,hayır,0.32077,0.028278,0.650952
435,436,brain_tumor_figshare/436.mat,99089,5,0,Meningiom,0,Meningiom,evet,0.527524,0.006042,0.466434
436,437,brain_tumor_figshare/437.mat,99288,2,0,Meningiom,0,Meningiom,evet,0.702235,0.230639,0.067126
437,438,brain_tumor_figshare/438.mat,99308,2,0,Meningiom,0,Meningiom,evet,0.444627,0.438393,0.116981
438,439,brain_tumor_figshare/439.mat,99308,2,0,Meningiom,0,Meningiom,evet,0.508434,0.451988,0.039578
439,440,brain_tumor_figshare/440.mat,99308,2,0,Meningiom,0,Meningiom,evet,0.557637,0.327854,0.114509
440,441,brain_tumor_figshare/441.mat,99308,2,0,Meningiom,0,Meningiom,evet,0.472764,0.470639,0.056597
441,442,brain_tumor_figshare/442.mat,100360,5,0,Meningiom,0,Meningiom,evet,0.83433,0.11897,0.0467
442,443,brain_tumor_figshare/443.mat,100360,5,0,Meningiom,0,Meningiom,evet,0.636593,0.332186,0.031221
443,444,brain_tumor_figshare/444.mat,100360,5,0,Meningiom,1,Gliom,hayır,0.338552,0.5829,0.078549
444,445,brain_tumor_figshare/445.mat,100360,5,0,Meningiom,1,Gliom,hayır,0.328873,0.60199,0.069137
445,446,brain_tumor_figshare/446.mat,100360,5,0,Meningiom,1,Gliom,hayır,0.335093,0.374476,0.290431
446,447,brain_tumor_figshare/447.mat,100360,5,0,Meningiom,1,Gliom,hayır,0.256233,0.453457,0.29031
447,448,brain_tumor_figshare/448.mat,100572,3,0,Meningiom,2,Hipofiz tümörü,hayır,0.00503,0.178042,0.816928
448,449,brain_tumor_figshare/449.mat,100572,3,0,Meningiom,2,Hipofiz tümörü,hayır,0.044326,0.005518,0.950156
449,450,brain_tumor_figshare/450.mat,100639,3,0,Meningiom,0,Meningiom,evet,0.691064,0.150233,0.158703
450,451,brain_tumor_figshare/451.mat,100639,3,0,Meningiom,0,Meningiom,evet,0.704253,0.046749,0.248998
451,452,brain_tumor_figshare/452.mat,100920,4,0,Meningiom,0,Meningiom,evet,0.706336,0.138891,0.154773
452,453,brain_tumor_figshare/453.mat,100920,4,0,Meningiom,0,Meningiom,evet,0.607564,0.290273,0.102163
453,454,brain_tumor_figshare/454.mat,100920,4,0,Meningiom,0,Meningiom,evet,0.580987,0.13522,0.283793
454,455,brain_tumor_figshare/455.mat,101016,4,0,Meningiom,0,Meningiom,evet,0.723517,0.024014,0.252469
455,456,brain_tumor_figshare/456.mat,101016,4,0,Meningiom,0,Meningiom,evet,0.92113,0.009165,0.069705
456,457,brain_tumor_figshare/457.mat,101016,4,0,Meningiom,0,Meningiom,evet,0.882688,0.01258,0.104733
457,458,brain_tumor_figshare/458.mat,101016,4,0,Meningiom,0,Meningiom,evet,0.872303,0.007944,0.119753
458,459,brain_tumor_figshare/459.mat,101082,4,0,Meningiom,0,Meningiom,evet,0.803475,0.036976,0.159549
459,460,brain_tumor_figshare/460.mat,101082,4,0,Meningiom,0,Meningiom,evet,0.850036,0.030756,0.119208
460,461,brain_tumor_figshare/461.mat,101127,4,0,Meningiom,2,Hipofiz tümörü,hayır,0.301048,0.163405,0.535547
461,462,brain_tumor_figshare/462.mat,101127,4,0,Meningiom,2,Hipofiz tümörü,hayır,0.15272,0.213111,0.634169
462,463,brain_tumor_figshare/463.mat,101127,4,0,Meningiom,2,Hipofiz tümörü,hayır,0.387951,0.067567,0.544482
463,464,brain_tumor_figshare/464.mat,101127,4,0,Meningiom,0,Meningiom,evet,0.692249,0.096082,0.211669
464,465,brain_tumor_figshare/465.mat,101797,5,0,Meningiom,0,Meningiom,evet,0.832261,0.042583,0.125156
465,466,brain_tumor_figshare/466.mat,101797,5,0,Meningiom,0,Meningiom,evet,0.871256,0.015187,0.113556
466,467,brain_tumor_figshare/467.mat,101797,5,0,Meningiom,0,Meningiom,evet,0.711721,0.03394,0.254339
467,468,brain_tumor_figshare/468.mat,101797,5,0,Meningiom,0,Meningiom,evet,0.841222,0.011532,0.147246
468,469,brain_tumor_figshare/469.mat,101797,5,0,Meningiom,0,Meningiom,evet,0.844681,0.021245,0.134074
469,470,brain_tumor_figshare/470.mat,101797,5,0,Meningiom,0,Meningiom,evet,0.883943,0.013058,0.102999
470,471,brain_tumor_figshare/471.mat,101801,3,0,Meningiom,0,Meningiom,evet,0.860504,0.037867,0.10163
471,472,brain_tumor_figshare/472.mat,101801,3,0,Meningiom,0,Meningiom,evet,0.59169,0.328857,0.079453
472,473,brain_tumor_figshare/473.mat,101801,3,0,Meningiom,0,Meningiom,evet,0.567385,0.271861,0.160753
473,474,brain_tumor_figshare/474.mat,102420,1,0,Meningiom,0,Meningiom,evet,0.844073,0.03698,0.118947
474,475,brain_tumor_figshare/475.mat,102420,1,0,Meningiom,0,Meningiom,evet,0.895187,0.004142,0.100671
475,476,brain_tumor_figshare/476.mat,102446,3,0,Meningiom,0,Meningiom,evet,0.832286,0.129063,0.038651
476,477,brain_tumor_figshare/477.mat,102446,3,0,Meningiom,1,Gliom,hayır,0.361301,0.61048,0.028219
477,478,brain_tumor_figshare/478.mat,102675,1,0,Meningiom,1,Gliom,hayır,0.108386,0.842266,0.049348
478,479,brain_tumor_figshare/479.mat,102675,1,0,Meningiom,1,Gliom,hayır,0.271675,0.634154,0.094171
479,480,brain_tumor_figshare/480.mat,102714,5,0,Meningiom,0,Meningiom,evet,0.944797,0.024217,0.030986
480,481,brain_tumor_figshare/481.mat,102714,5,0,Meningiom,0,Meningiom,evet,0.855201,0.008552,0.136247
481,482,brain_tumor_figshare/482.mat,102714,5,0,Meningiom,0,Meningiom,evet,0.76677,0.019372,0.213858
482,483,brain_tumor_figshare/483.mat,102714,5,0,Meningiom,0,Meningiom,evet,0.716556,0.02862,0.254824
483,484,brain_tumor_figshare/484.mat,102714,5,0,Meningiom,0,Meningiom,evet,0.579183,0.232667,0.18815
484,485,brain_tumor_figshare/485.mat,102818,2,0,Meningiom,0,Meningiom,evet,0.724987,0.00277,0.272243
485,486,brain_tumor_figshare/486.mat,102818,2,0,Meningiom,2,Hipofiz tümörü,hayır,0.466979,0.003193,0.529828
486,487,brain_tumor_figshare/487.mat,102818,2,0,Meningiom,0,Meningiom,evet,0.519912,0.004446,0.475642
487,488,brain_tumor_figshare/488.mat,102818,2,0,Meningiom,0,Meningiom,evet,0.65638,0.016162,0.327457
488,489,brain_tumor_figshare/489.mat,102935,1,0,Meningiom,1,Gliom,hayır,0.26577,0.443844,0.290386
489,490,brain_tumor_figshare/490.mat,102960,3,0,Meningiom,2,Hipofiz tümörü,hayır,0.29255,0.014195,0.693255
490,491,brain_tumor_figshare/491.mat,102960,3,0,Meningiom,2,Hipofiz tümörü,hayır,0.295891,0.021002,0.683108
491,492,brain_tumor_figshare/492.mat,102960,3,0,Meningiom,2,Hipofiz tümörü,hayır,0.298053,0.104435,0.597511
492,493,brain_tumor_figshare/493.mat,102960,3,0,Meningiom,2,Hipofiz tümörü,hayır,0.20983,0.013647,0.776524
493,494,brain_tumor_figshare/494.mat,102960,3,0,Meningiom,2,Hipofiz tümörü,hayır,0.388644,0.058787,0.552569
494,495,brain_tumor_figshare/495.mat,102985,4,0,Meningiom,0,Meningiom,evet,0.877993,0.063985,0.058022
495,496,brain_tumor_figshare/496.mat,103673,5,0,Meningiom,2,Hipofiz tümörü,hayır,0.067298,3.3e-05,0.93267
496,497,brain_tumor_figshare/497.mat,103673,5,0,Meningiom,2,Hipofiz tümörü,hayır,0.03127,2.5e-05,0.968706
497,498,brain_tumor_figshare/498.mat,103673,5,0,Meningiom,2,Hipofiz tümörü,hayır,0.024673,6.7e-05,0.97526
498,499,brain_tumor_figshare/499.mat,103673,5,0,Meningiom,2,Hipofiz tümörü,hayır,0.035198,6.8e-05,0.964735
499,500,brain_tumor_figshare/500.mat,103673,5,0,Meningiom,2,Hipofiz tümörü,hayır,0.020091,0.00062,0.979289
500,501,brain_tumor_figshare/501.mat,103925,4,0,Meningiom,0,Meningiom,evet,0.67116,0.047116,0.281725
501,502,brain_tumor_figshare/502.mat,103925,4,0,Meningiom,2,Hipofiz tümörü,hayır,0.258323,0.039889,0.701789
502,503,brain_tumor_figshare/503.mat,103925,4,0,Meningiom,0,Meningiom,evet,0.582733,0.059102,0.358164
503,504,brain_tumor_figshare/504.mat,103925,4,0,Meningiom,0,Meningiom,evet,0.831708,0.02363,0.144663
504,505,brain_tumor_figshare/505.mat,104167,3,0,Meningiom,0,Meningiom,evet,0.742728,0.253366,0.003906
505,506,brain_tumor_figshare/506.mat,104167,3,0,Meningiom,0,Meningiom,evet,0.959351,0.039324,0.001325
506,507,brain_tumor_figshare/507.mat,104167,3,0,Meningiom,0,Meningiom,evet,0.980536,0.009375,0.010089
507,508,brain_tumor_figshare/508.mat,104167,3,0,Meningiom,0,Meningiom,evet,0.975224,0.001589,0.023187
508,509,brain_tumor_figshare/509.mat,104167,3,0,Meningiom,0,Meningiom,evet,0.920769,0.008456,0.070776
509,510,brain_tumor_figshare/510.mat,104281,3,0,Meningiom,0,Meningiom,evet,0.935885,0.062477,0.001638
510,511,brain_tumor_figshare/511.mat,104281,3,0,Meningiom,0,Meningiom,evet,0.794158,0.129908,0.075934
511,512,brain_tumor_figshare/512.mat,104281,3,0,Meningiom,0,Meningiom,evet,0.57963,0.329289,0.091081
512,513,brain_tumor_figshare/513.mat,104281,3,0,Meningiom,0,Meningiom,evet,0.560603,0.281945,0.157452
513,514,brain_tumor_figshare/514.mat,104695,4,0,Meningiom,0,Meningiom,evet,0.855969,0.087658,0.056373
514,515,brain_tumor_figshare/515.mat,104695,4,0,Meningiom,0,Meningiom,evet,0.839328,0.147014,0.013658
515,516,brain_tumor_figshare/516.mat,104695,4,0,Meningiom,0,Meningiom,evet,0.708899,0.276397,0.014704
516,517,brain_tumor_figshare/517.mat,105374,4,0,Meningiom,0,Meningiom,evet,0.924249,0.015808,0.059943
517,518,brain_tumor_figshare/518.mat,105555,5,0,Meningiom,2,Hipofiz tümörü,hayır,0.403185,0.000371,0.596444
518,519,brain_tumor_figshare/519.mat,105555,5,0,Meningiom,0,Meningiom,evet,0.585425,0.012965,0.40161
519,520,brain_tumor_figshare/520.mat,105937,1,0,Meningiom,0,Meningiom,evet,0.678414,0.071604,0.249982
520,521,brain_tumor_figshare/521.mat,105937,1,0,Meningiom,0,Meningiom,evet,0.545031,0.073474,0.381495
521,522,brain_tumor_figshare/522.mat,105937,1,0,Meningiom,0,Meningiom,evet,0.57458,0.161541,0.26388
522,523,brain_tumor_figshare/523.mat,106284,2,0,Meningiom,2,Hipofiz tümörü,hayır,0.070466,0.001493,0.92804
523,524,brain_tumor_figshare/524.mat,106284,2,0,Meningiom,2,Hipofiz tümörü,hayır,0.012812,0.000223,0.986966
524,525,brain_tumor_figshare/525.mat,106284,2,0,Meningiom,2,Hipofiz tümörü,hayır,0.014915,0.001071,0.984014
525,526,brain_tumor_figshare/526.mat,106284,2,0,Meningiom,2,Hipofiz tümörü,hayır,0.224369,0.018405,0.757226
526,527,brain_tumor_figshare/527.mat,106442,1,0,Meningiom,0,Meningiom,evet,0.962185,0.001295,0.03652
527,528,brain_tumor_figshare/528.mat,106442,1,0,Meningiom,0,Meningiom,evet,0.791415,0.003087,0.205498
528,529,brain_tumor_figshare/529.mat,106442,1,0,Meningiom,0,Meningiom,evet,0.78539,0.064856,0.149754
529,530,brain_tumor_figshare/530.mat,106534,4,0,Meningiom,1,Gliom,hayır,0.204533,0.477261,0.318206
530,531,brain_tumor_figshare/531.mat,106534,4,0,Meningiom,1,Gliom,hayır,0.123254,0.63743,0.239315
531,532,brain_tumor_figshare/532.mat,106592,4,0,Meningiom,0,Meningiom,evet,0.709108,0.206182,0.08471
532,533,brain_tumor_figshare/533.mat,106665,3,0,Meningiom,0,Meningiom,evet,0.759451,0.021069,0.21948
533,534,brain_tumor_figshare/534.mat,106665,3,0,Meningiom,0,Meningiom,evet,0.76346,0.045432,0.191108
534,535,brain_tumor_figshare/535.mat,106665,3,0,Meningiom,0,Meningiom,evet,0.752382,0.119264,0.128354
535,536,brain_tumor_figshare/536.mat,106665,3,0,Meningiom,0,Meningiom,evet,0.643535,0.059981,0.296484
536,537,brain_tumor_figshare/537.mat,106665,3,0,Meningiom,0,Meningiom,evet,0.557128,0.266766,0.176107
537,538,brain_tumor_figshare/538.mat,106665,3,0,Meningiom,0,Meningiom,evet,0.505175,0.300443,0.194382
538,539,brain_tumor_figshare/539.mat,106665,3,0,Meningiom,0,Meningiom,evet,0.42759,0.320326,0.252083
539,540,brain_tumor_figshare/540.mat,106720,1,0,Meningiom,0,Meningiom,evet,0.973047,0.002345,0.024608
540,541,brain_tumor_figshare/541.mat,106720,1,0,Meningiom,1,Gliom,hayır,0.100077,0.895157,0.004767
541,542,brain_tumor_figshare/542.mat,106720,1,0,Meningiom,1,Gliom,hayır,0.164454,0.817193,0.018353
542,543,brain_tumor_figshare/543.mat,106914,2,0,Meningiom,0,Meningiom,evet,0.461015,0.277597,0.261388
543,544,brain_tumor_figshare/544.mat,106914,2,0,Meningiom,0,Meningiom,evet,0.60117,0.245711,0.153119
544,545,brain_tumor_figshare/545.mat,106914,2,0,Meningiom,0,Meningiom,evet,0.652951,0.286393,0.060656
545,546,brain_tumor_figshare/546.mat,106914,2,0,Meningiom,0,Meningiom,evet,0.818024,0.150819,0.031157
546,547,brain_tumor_figshare/547.mat,106914,2,0,Meningiom,0,Meningiom,evet,0.789985,0.171493,0.038522
547,548,brain_tumor_figshare/548.mat,106914,2,0,Meningiom,0,Meningiom,evet,0.850742,0.113064,0.036194
548,549,brain_tumor_figshare/549.mat,106914,2,0,Meningiom,0,Meningiom,evet,0.825688,0.166448,0.007864
549,550,brain_tumor_figshare/550.mat,107190,5,0,Meningiom,2,Hipofiz tümörü,hayır,0.409227,0.001122,0.589651
550,551,brain_tumor_figshare/551.mat,107248,5,0,Meningiom,2,Hipofiz tümörü,hayır,0.281794,0.003809,0.714397
551,552,brain_tumor_figshare/552.mat,107248,5,0,Meningiom,2,Hipofiz tümörü,hayır,0.220973,0.006572,0.772455
552,553,brain_tumor_figshare/553.mat,107248,5,0,Meningiom,2,Hipofiz tümörü,hayır,0.154691,0.044283,0.801025
553,554,brain_tumor_figshare/554.mat,107248,5,0,Meningiom,2,Hipofiz tümörü,hayır,0.367735,0.01843,0.613836
554,555,brain_tumor_figshare/555.mat,107248,5,0,Meningiom,0,Meningiom,evet,0.666117,0.008131,0.325752
555,556,brain_tumor_figshare/556.mat,107494,4,0,Meningiom,1,Gliom,hayır,0.385146,0.534634,0.080219
556,557,brain_tumor_figshare/557.mat,107494,4,0,Meningiom,0,Meningiom,evet,0.505591,0.380013,0.114396
557,558,brain_tumor_figshare/558.mat,107494,4,0,Meningiom,2,Hipofiz tümörü,hayır,0.436484,0.016408,0.547108
558,559,brain_tumor_figshare/559.mat,107494,4,0,Meningiom,2,Hipofiz tümörü,hayır,0.227792,0.119028,0.65318
559,560,brain_tumor_figshare/560.mat,107946,2,0,Meningiom,1,Gliom,hayır,0.102871,0.896295,0.000835
560,561,brain_tumor_figshare/561.mat,107946,2,0,Meningiom,0,Meningiom,evet,0.394407,0.268057,0.337536
561,562,brain_tumor_figshare/562.mat,107946,2,0,Meningiom,0,Meningiom,evet,0.898485,0.059265,0.04225
562,563,brain_tumor_figshare/563.mat,107946,2,0,Meningiom,0,Meningiom,evet,0.767269,0.0996,0.133131
563,564,brain_tumor_figshare/564.mat,108514,5,0,Meningiom,1,Gliom,hayır,0.131525,0.868047,0.000428
564,565,brain_tumor_figshare/565.mat,108514,5,0,Meningiom,0,Meningiom,evet,0.798801,0.197708,0.003492
565,566,brain_tumor_figshare/566.mat,108514,5,0,Meningiom,0,Meningiom,evet,0.974332,0.009328,0.01634
566,567,brain_tumor_figshare/567.mat,108514,5,0,Meningiom,0,Meningiom,evet,0.837545,0.034942,0.127513
567,568,brain_tumor_figshare/568.mat,108514,5,0,Meningiom,0,Meningiom,evet,0.613864,0.239454,0.146682
568,569,brain_tumor_figshare/569.mat,108550,5,0,Meningiom,0,Meningiom,evet,0.665377,0.010868,0.323755
569,570,brain_tumor_figshare/570.mat,108550,5,0,Meningiom,0,Meningiom,evet,0.430088,0.365621,0.204291
570,571,brain_tumor_figshare/571.mat,108590,3,0,Meningiom,0,Meningiom,evet,0.523744,0.004721,0.471535
571,572,brain_tumor_figshare/572.mat,108590,3,0,Meningiom,0,Meningiom,evet,0.612504,0.057772,0.329724
572,573,brain_tumor_figshare/573.mat,108945,4,0,Meningiom,0,Meningiom,evet,0.935963,0.00328,0.060757
573,574,brain_tumor_figshare/574.mat,108945,4,0,Meningiom,0,Meningiom,evet,0.939022,0.008382,0.052596
574,575,brain_tumor_figshare/575.mat,108945,4,0,Meningiom,0,Meningiom,evet,0.88894,0.027184,0.083877
575,576,brain_tumor_figshare/576.mat,108945,4,0,Meningiom,0,Meningiom,evet,0.678772,0.232117,0.089111
576,577,brain_tumor_figshare/577.mat,109350,5,0,Meningiom,2,Hipofiz tümörü,hayır,0.155466,0.405594,0.43894
577,578,brain_tumor_figshare/578.mat,109350,5,0,Meningiom,2,Hipofiz tümörü,hayır,0.148658,0.119927,0.731415
578,579,brain_tumor_figshare/579.mat,109411,3,0,Meningiom,1,Gliom,hayır,0.357163,0.617065,0.025773
579,580,brain_tumor_figshare/580.mat,109968,3,0,Meningiom,0,Meningiom,evet,0.634087,0.01313,0.352783
580,581,brain_tumor_figshare/581.mat,109968,3,0,Meningiom,0,Meningiom,evet,0.858526,0.086441,0.055033
581,582,brain_tumor_figshare/582.mat,109968,3,0,Meningiom,0,Meningiom,evet,0.442999,0.381606,0.175395
582,583,brain_tumor_figshare/583.mat,109968,3,0,Meningiom,0,Meningiom,evet,0.521366,0.057833,0.4208
583,584,brain_tumor_figshare/584.mat,110808,1,0,Meningiom,0,Meningiom,evet,0.954739,0.001843,0.043417
584,585,brain_tumor_figshare/585.mat,110808,1,0,Meningiom,0,Meningiom,evet,0.896008,0.09538,0.008612
585,586,brain_tumor_figshare/586.mat,111077,2,0,Meningiom,1,Gliom,hayır,0.259037,0.731438,0.009524
586,587,brain_tumor_figshare/587.mat,111077,2,0,Meningiom,1,Gliom,hayır,0.308693,0.687684,0.003623
587,588,brain_tumor_figshare/588.mat,111077,2,0,Meningiom,0,Meningiom,evet,0.742861,0.254267,0.002872
588,589,brain_tumor_figshare/589.mat,111366,3,0,Meningiom,1,Gliom,hayır,0.101498,0.78267,0.115832
589,590,brain_tumor_figshare/590.mat,111366,3,0,Meningiom,1,Gliom,hayır,0.197728,0.547465,0.254807
590,591,brain_tumor_figshare/591.mat,111366,3,0,Meningiom,0,Meningiom,evet,0.457645,0.321546,0.220808
591,592,brain_tumor_figshare/592.mat,111366,3,0,Meningiom,0,Meningiom,evet,0.494083,0.293477,0.21244
592,593,brain_tumor_figshare/593.mat,111532,1,0,Meningiom,1,Gliom,hayır,0.095877,0.764541,0.139582
593,594,brain_tumor_figshare/594.mat,111532,1,0,Meningiom,1,Gliom,hayır,0.057416,0.925446,0.017138
594,595,brain_tumor_figshare/595.mat,111532,1,0,Meningiom,0,Meningiom,evet,0.696343,0.267545,0.036112
595,596,brain_tumor_figshare/596.mat,111696,1,0,Meningiom,2,Hipofiz tümörü,hayır,0.246293,0.103081,0.650627
596,597,brain_tumor_figshare/597.mat,111710,4,0,Meningiom,0,Meningiom,evet,0.544347,0.184941,0.270711
597,598,brain_tumor_figshare/598.mat,111710,4,0,Meningiom,0,Meningiom,evet,0.473779,0.058219,0.468002
598,599,brain_tumor_figshare/599.mat,112002,2,0,Meningiom,2,Hipofiz tümörü,hayır,0.140374,0.020529,0.839097
599,600,brain_tumor_figshare/600.mat,112002,2,0,Meningiom,1,Gliom,hayır,0.102,0.535452,0.362549
600,601,brain_tumor_figshare/601.mat,112002,2,0,Meningiom,2,Hipofiz tümörü,hayır,0.070896,0.425257,0.503848
601,602,brain_tumor_figshare/602.mat,112002,2,0,Meningiom,2,Hipofiz tümörü,hayır,0.201881,0.243108,0.555011
602,603,brain_tumor_figshare/603.mat,112062,4,0,Meningiom,0,Meningiom,evet,0.502375,0.343721,0.153904
603,604,brain_tumor_figshare/604.mat,112062,4,0,Meningiom,0,Meningiom,evet,0.861567,0.106524,0.031909
604,605,brain_tumor_figshare/605.mat,112062,4,0,Meningiom,0,Meningiom,evet,0.671629,0.247203,0.081168
605,606,brain_tumor_figshare/606.mat,112252,1,0,Meningiom,0,Meningiom,evet,0.798698,0.028764,0.172538
606,607,brain_tumor_figshare/607.mat,112252,1,0,Meningiom,0,Meningiom,evet,0.872107,0.016627,0.111266
607,608,brain_tumor_figshare/608.mat,112552,2,0,Meningiom,2,Hipofiz tümörü,hayır,0.233103,0.180665,0.586232
608,609,brain_tumor_figshare/609.mat,112552,2,0,Meningiom,1,Gliom,hayır,0.281918,0.5871,0.130982
609,610,brain_tumor_figshare/610.mat,112552,2,0,Meningiom,1,Gliom,hayır,0.055015,0.790725,0.15426
610,611,brain_tumor_figshare/611.mat,112552,2,0,Meningiom,1,Gliom,hayır,0.111405,0.612696,0.275899
611,612,brain_tumor_figshare/612.mat,112552,2,0,Meningiom,0,Meningiom,evet,0.490572,0.346183,0.163245
612,613,brain_tumor_figshare/613.mat,112552,2,0,Meningiom,0,Meningiom,evet,0.624475,0.307582,0.067943
613,614,brain_tumor_figshare/614.mat,112552,2,0,Meningiom,0,Meningiom,evet,0.84769,0.102345,0.049965
614,615,brain_tumor_figshare/615.mat,112648,3,0,Meningiom,0,Meningiom,evet,0.736256,0.034576,0.229168
615,616,brain_tumor_figshare/616.mat,112648,3,0,Meningiom,0,Meningiom,evet,0.888902,0.057343,0.053755
616,617,brain_tumor_figshare/617.mat,112648,3,0,Meningiom,0,Meningiom,evet,0.891442,0.00089,0.107668
617,618,brain_tumor_figshare/618.mat,112648,3,0,Meningiom,0,Meningiom,evet,0.642693,0.032175,0.325132
618,619,brain_tumor_figshare/619.mat,112650,3,0,Meningiom,0,Meningiom,evet,0.918576,0.006312,0.075111
619,620,brain_tumor_figshare/620.mat,112650,3,0,Meningiom,0,Meningiom,evet,0.916001,0.003573,0.080426
620,621,brain_tumor_figshare/621.mat,113098,1,0,Meningiom,1,Gliom,hayır,0.152916,0.505326,0.341758
621,622,brain_tumor_figshare/622.mat,113098,1,0,Meningiom,2,Hipofiz tümörü,hayır,0.245145,0.243596,0.511259
622,623,brain_tumor_figshare/623.mat,113098,1,0,Meningiom,1,Gliom,hayır,0.294483,0.445016,0.260501
623,624,brain_tumor_figshare/624.mat,113098,1,0,Meningiom,2,Hipofiz tümörü,hayır,0.243577,0.254388,0.502035
624,625,brain_tumor_figshare/625.mat,113435,5,0,Meningiom,1,Gliom,hayır,0.367377,0.606768,0.025855
625,626,brain_tumor_figshare/626.mat,113435,5,0,Meningiom,1,Gliom,hayır,0.466017,0.513457,0.020526
626,627,brain_tumor_figshare/627.mat,113435,5,0,Meningiom,0,Meningiom,evet,0.669347,0.294476,0.036177
627,628,brain_tumor_figshare/628.mat,113435,5,0,Meningiom,0,Meningiom,evet,0.771107,0.147579,0.081314
628,629,brain_tumor_figshare/629.mat,113435,5,0,Meningiom,1,Gliom,hayır,0.399905,0.467303,0.132792
629,630,brain_tumor_figshare/630.mat,113435,5,0,Meningiom,1,Gliom,hayır,0.378459,0.450763,0.170778
630,631,brain_tumor_figshare/631.mat,113554,5,0,Meningiom,0,Meningiom,evet,0.832252,0.05678,0.110968
631,632,brain_tumor_figshare/632.mat,113554,5,0,Meningiom,0,Meningiom,evet,0.851324,0.003835,0.144841
632,633,brain_tumor_figshare/633.mat,113554,5,0,Meningiom,0,Meningiom,evet,0.878195,0.000892,0.120913
633,634,brain_tumor_figshare/634.mat,113554,5,0,Meningiom,0,Meningiom,evet,0.768314,0.002591,0.229095
634,635,brain_tumor_figshare/635.mat,113614,4,0,Meningiom,0,Meningiom,evet,0.890159,0.047403,0.062439
635,636,brain_tumor_figshare/636.mat,113614,4,0,Meningiom,0,Meningiom,evet,0.810525,0.137565,0.05191
636,637,brain_tumor_figshare/637.mat,113614,4,0,Meningiom,0,Meningiom,evet,0.977717,0.012291,0.009993
637,638,brain_tumor_figshare/638.mat,113614,4,0,Meningiom,0,Meningiom,evet,0.857524,0.140229,0.002247
638,639,brain_tumor_figshare/639.mat,113805,2,0,Meningiom,1,Gliom,hayır,0.39203,0.394347,0.213624
639,640,brain_tumor_figshare/640.mat,113971,5,0,Meningiom,2,Hipofiz tümörü,hayır,0.325566,0.013341,0.661092
640,641,brain_tumor_figshare/641.mat,113971,5,0,Meningiom,2,Hipofiz tümörü,hayır,0.362448,0.008958,0.628595
641,642,brain_tumor_figshare/642.mat,114018,2,0,Meningiom,0,Meningiom,evet,0.751599,0.013906,0.234495
642,643,brain_tumor_figshare/643.mat,114018,2,0,Meningiom,0,Meningiom,evet,0.568201,0.039625,0.392174
643,644,brain_tumor_figshare/644.mat,114018,2,0,Meningiom,0,Meningiom,evet,0.576411,0.016066,0.407523
644,645,brain_tumor_figshare/645.mat,114018,2,0,Meningiom,0,Meningiom,evet,0.844452,0.02298,0.132569
645,646,brain_tumor_figshare/646.mat,114018,2,0,Meningiom,0,Meningiom,evet,0.649918,0.011202,0.33888
646,647,brain_tumor_figshare/647.mat,114018,2,0,Meningiom,2,Hipofiz tümörü,hayır,0.292029,0.001115,0.706856
647,648,brain_tumor_figshare/648.mat,114359,2,0,Meningiom,0,Meningiom,evet,0.899095,0.100661,0.000243
648,649,brain_tumor_figshare/649.mat,114359,2,0,Meningiom,0,Meningiom,evet,0.614639,0.379009,0.006351
649,650,brain_tumor_figshare/650.mat,114359,2,0,Meningiom,1,Gliom,hayır,0.280613,0.711163,0.008223
650,651,brain_tumor_figshare/651.mat,114359,2,0,Meningiom,1,Gliom,hayır,0.372624,0.585164,0.042212
651,652,brain_tumor_figshare/652.mat,114359,2,0,Meningiom,0,Meningiom,evet,0.528277,0.413038,0.058685
652,653,brain_tumor_figshare/653.mat,114359,2,0,Meningiom,1,Gliom,hayır,0.24307,0.721215,0.035715
653,654,brain_tumor_figshare/654.mat,114359,2,0,Meningiom,1,Gliom,hayır,0.259,0.663243,0.077758
654,655,brain_tumor_figshare/655.mat,114417,2,0,Meningiom,0,Meningiom,evet,0.788436,0.002139,0.209425
655,656,brain_tumor_figshare/656.mat,114417,2,0,Meningiom,0,Meningiom,evet,0.594394,0.018135,0.387472
656,657,brain_tumor_figshare/657.mat,114417,2,0,Meningiom,0,Meningiom,evet,0.529243,0.049433,0.421324
657,658,brain_tumor_figshare/658.mat,114417,2,0,Meningiom,2,Hipofiz tümörü,hayır,0.070702,0.085259,0.844039
658,659,brain_tumor_figshare/659.mat,97374,3,0,Meningiom,0,Meningiom,evet,0.845153,0.100264,0.054583
659,660,brain_tumor_figshare/660.mat,97374,3,0,Meningiom,0,Meningiom,evet,0.80227,0.154967,0.042763
660,661,brain_tumor_figshare/661.mat,97374,3,0,Meningiom,0,Meningiom,evet,0.856036,0.07552,0.068444
661,662,brain_tumor_figshare/662.mat,97374,3,0,Meningiom,0,Meningiom,evet,0.830154,0.09057,0.079276
662,663,brain_tumor_figshare/663.mat,97374,3,0,Meningiom,0,Meningiom,evet,0.890863,0.04834,0.060797
663,664,brain_tumor_figshare/664.mat,97607,1,0,Meningiom,0,Meningiom,evet,0.883027,0.069743,0.047231
664,665,brain_tumor_figshare/665.mat,97607,1,0,Meningiom,0,Meningiom,evet,0.91107,0.028103,0.060827
665,666,brain_tumor_figshare/666.mat,97607,1,0,Meningiom,0,Meningiom,evet,0.654553,0.079102,0.266345
666,667,brain_tumor_figshare/667.mat,97607,1,0,Meningiom,0,Meningiom,evet,0.669454,0.069566,0.26098
667,668,brain_tumor_figshare/668.mat,97737,1,0,Meningiom,0,Meningiom,evet,0.553557,0.02507,0.421373
668,669,brain_tumor_figshare/669.mat,97737,1,0,Meningiom,0,Meningiom,evet,0.542405,0.009259,0.448336
669,670,brain_tumor_figshare/670.mat,97737,1,0,Meningiom,0,Meningiom,evet,0.548352,0.03612,0.415528
670,671,brain_tumor_figshare/671.mat,97737,1,0,Meningiom,2,Hipofiz tümörü,hayır,0.413209,0.046103,0.540688
671,672,brain_tumor_figshare/672.mat,97737,1,0,Meningiom,2,Hipofiz tümörü,hayır,0.443823,0.00997,0.546206
672,673,brain_tumor_figshare/673.mat,97793,3,0,Meningiom,2,Hipofiz tümörü,hayır,0.291896,0.012238,0.695866
673,674,brain_tumor_figshare/674.mat,97875,4,0,Meningiom,0,Meningiom,evet,0.830762,0.016576,0.152662
674,675,brain_tumor_figshare/675.mat,97943,3,0,Meningiom,0,Meningiom,evet,0.553633,0.32132,0.125047
675,676,brain_tumor_figshare/676.mat,97943,3,0,Meningiom,0,Meningiom,evet,0.738083,0.121047,0.14087
676,677,brain_tumor_figshare/677.mat,97943,3,0,Meningiom,0,Meningiom,evet,0.59086,0.269547,0.139593
677,678,brain_tumor_figshare/678.mat,97943,3,0,Meningiom,0,Meningiom,evet,0.766379,0.177379,0.056242
678,679,brain_tumor_figshare/679.mat,97943,3,0,Meningiom,0,Meningiom,evet,0.949864,0.022443,0.027693
679,680,brain_tumor_figshare/680.mat,98241,2,0,Meningiom,1,Gliom,hayır,0.07114,0.910924,0.017935
680,681,brain_tumor_figshare/681.mat,98241,2,0,Meningiom,1,Gliom,hayır,0.005941,0.992205,0.001854
681,682,brain_tumor_figshare/682.mat,98241,2,0,Meningiom,1,Gliom,hayır,0.004279,0.986937,0.008784
682,683,brain_tumor_figshare/683.mat,98241,2,0,Meningiom,1,Gliom,hayır,0.016218,0.964122,0.019659
683,684,brain_tumor_figshare/684.mat,98241,2,0,Meningiom,0,Meningiom,evet,0.523507,0.22421,0.252283
684,685,brain_tumor_figshare/685.mat,98241,2,0,Meningiom,0,Meningiom,evet,0.613593,0.068498,0.317909
685,686,brain_tumor_figshare/686.mat,99017,1,0,Meningiom,0,Meningiom,evet,0.481261,0.367035,0.151704
686,687,brain_tumor_figshare/687.mat,99017,1,0,Meningiom,0,Meningiom,evet,0.632812,0.268918,0.098269
687,688,brain_tumor_figshare/688.mat,99089,5,0,Meningiom,2,Hipofiz tümörü,hayır,0.441353,0.027494,0.531153
688,689,brain_tumor_figshare/689.mat,99089,5,0,Meningiom,0,Meningiom,evet,0.696869,0.020603,0.282528
689,690,brain_tumor_figshare/690.mat,99089,5,0,Meningiom,0,Meningiom,evet,0.687563,0.010555,0.301882
690,691,brain_tumor_figshare/691.mat,99089,5,0,Meningiom,2,Hipofiz tümörü,hayır,0.493905,0.008965,0.49713
691,692,brain_tumor_figshare/692.mat,99089,5,0,Meningiom,0,Meningiom,evet,0.530949,0.011065,0.457986
692,693,brain_tumor_figshare/693.mat,99162,1,0,Meningiom,0,Meningiom,evet,0.83276,0.011477,0.155764
693,694,brain_tumor_figshare/694.mat,99162,1,0,Meningiom,0,Meningiom,evet,0.557091,0.102735,0.340173
694,695,brain_tumor_figshare/695.mat,99162,1,0,Meningiom,0,Meningiom,evet,0.583022,0.059407,0.357571
695,696,brain_tumor_figshare/696.mat,99288,2,0,Meningiom,1,Gliom,hayır,0.141718,0.489097,0.369185
696,697,brain_tumor_figshare/697.mat,99308,2,0,Meningiom,1,Gliom,hayır,0.218269,0.737053,0.044678
697,698,brain_tumor_figshare/698.mat,99308,2,0,Meningiom,1,Gliom,hayır,0.066489,0.86694,0.066571
698,699,brain_tumor_figshare/699.mat,99308,2,0,Meningiom,1,Gliom,hayır,0.205139,0.713723,0.081139
699,700,brain_tumor_figshare/700.mat,99308,2,0,Meningiom,1,Gliom,hayır,0.024533,0.968505,0.006962
700,701,brain_tumor_figshare/701.mat,99308,2,0,Meningiom,1,Gliom,hayır,0.012428,0.986747,0.000825
701,702,brain_tumor_figshare/702.mat,99308,2,0,Meningiom,1,Gliom,hayır,0.430429,0.567071,0.0025
702,703,brain_tumor_figshare/703.mat,99815,4,0,Meningiom,0,Meningiom,evet,0.871576,0.041651,0.086772
703,704,brain_tumor_figshare/704.mat,99815,4,0,Meningiom,0,Meningiom,evet,0.962545,0.005719,0.031736
704,705,brain_tumor_figshare/705.mat,99815,4,0,Meningiom,0,Meningiom,evet,0.980838,0.001889,0.017274
705,706,brain_tumor_figshare/706.mat,99815,4,0,Meningiom,0,Meningiom,evet,0.990071,0.004261,0.005669
706,707,brain_tumor_figshare/707.mat,99815,4,0,Meningiom,0,Meningiom,evet,0.937886,0.048309,0.013805
707,708,brain_tumor_figshare/708.mat,99815,4,0,Meningiom,0,Meningiom,evet,0.879061,0.114328,0.006611
708,709,brain_tumor_figshare/709.mat,105936,5,2,Hipofiz tümörü,2,Hipofiz tümörü,evet,0.000555,5.4e-05,0.999391
709,710,brain_tumor_figshare/710.mat,105936,5,2,Hipofiz tümörü,2,Hipofiz tümörü,evet,0.00244,0.000615,0.996945
710,711,brain_tumor_figshare/711.mat,105936,5,2,Hipofiz tümörü,2,Hipofiz tümörü,evet,0.019548,0.028061,0.952391
711,712,brain_tumor_figshare/712.mat,106062,3,2,Hipofiz tümörü,2,Hipofiz tümörü,evet,0.000496,0.000175,0.999329
712,713,brain_tumor_figshare/713.mat,106062,3,2,Hipofiz tümörü,2,Hipofiz tümörü,evet,0.00091,0.000171,0.99892
713,714,brain_tumor_figshare/714.mat,106062,3,2,Hipofiz tümörü,2,Hipofiz tümörü,evet,0.002716,0.001087,0.996197
714,715,brain_tumor_figshare/715.mat,100820,3,1,Gliom,1,Gliom,evet,0.024189,0.97001,0.0058
715,716,brain_tumor_figshare/716.mat,100820,3,1,Gliom,1,Gliom,evet,0.061566,0.92452,0.013913
716,717,brain_tumor_figshare/717.mat,100820,3,1,Gliom,1,Gliom,evet,0.095732,0.899777,0.004491
717,718,brain_tumor_figshare/718.mat,101020,3,1,Gliom,1,Gliom,evet,0.15771,0.735051,0.107239
718,719,brain_tumor_figshare/719.mat,101020,3,1,Gliom,0,Meningiom,hayır,0.403202,0.366341,0.230457
719,720,brain_tumor_figshare/720.mat,101020,3,1,Gliom,1,Gliom,evet,0.350181,0.563168,0.08665
720,721,brain_tumor_figshare/721.mat,101020,3,1,Gliom,1,Gliom,evet,0.023389,0.965051,0.011561
721,722,brain_tumor_figshare/722.mat,102075,5,1,Gliom,1,Gliom,evet,0.18352,0.764637,0.051843
722,723,brain_tumor_figshare/723.mat,102075,5,1,Gliom,1,Gliom,evet,0.013939,0.975632,0.010428
723,724,brain_tumor_figshare/724.mat,102075,5,1,Gliom,1,Gliom,evet,0.016651,0.972787,0.010562
724,725,brain_tumor_figshare/725.mat,103148,1,1,Gliom,1,Gliom,evet,0.031036,0.959481,0.009483
725,726,brain_tumor_figshare/726.mat,103148,1,1,Gliom,1,Gliom,evet,0.143443,0.841717,0.014841
726,727,brain_tumor_figshare/727.mat,103148,1,1,Gliom,1,Gliom,evet,0.104958,0.880414,0.014628
727,728,brain_tumor_figshare/728.mat,103148,1,1,Gliom,1,Gliom,evet,0.026429,0.965541,0.00803
728,729,brain_tumor_figshare/729.mat,106494,5,1,Gliom,1,Gliom,evet,0.178012,0.809446,0.012542
729,730,brain_tumor_figshare/730.mat,106494,5,1,Gliom,1,Gliom,evet,0.097183,0.892848,0.00997
730,731,brain_tumor_figshare/731.mat,106494,5,1,Gliom,1,Gliom,evet,0.137928,0.859994,0.002078
731,732,brain_tumor_figshare/732.mat,106494,5,1,Gliom,1,Gliom,evet,0.148756,0.844732,0.006512
732,733,brain_tumor_figshare/733.mat,106494,5,1,Gliom,0,Meningiom,hayır,0.548665,0.434329,0.017006
733,734,brain_tumor_figshare/734.mat,106494,5,1,Gliom,1,Gliom,evet,0.419402,0.552017,0.028581
734,735,brain_tumor_figshare/735.mat,107747,5,1,Gliom,1,Gliom,evet,0.073928,0.917935,0.008137
735,736,brain_tumor_figshare/736.mat,107747,5,1,Gliom,1,Gliom,evet,0.099961,0.896653,0.003385
736,737,brain_tumor_figshare/737.mat,107747,5,1,Gliom,1,Gliom,evet,0.018841,0.980946,0.000213
737,738,brain_tumor_figshare/738.mat,107747,5,1,Gliom,1,Gliom,evet,0.002708,0.997275,1.7e-05
738,739,brain_tumor_figshare/739.mat,107747,5,1,Gliom,1,Gliom,evet,0.00491,0.995015,7.5e-05
739,740,brain_tumor_figshare/740.mat,112105,4,1,Gliom,1,Gliom,evet,0.037986,0.94696,0.015054
740,741,brain_tumor_figshare/741.mat,112105,4,1,Gliom,1,Gliom,evet,0.014245,0.983024,0.002731
741,742,brain_tumor_figshare/742.mat,112105,4,1,Gliom,1,Gliom,evet,0.012982,0.983335,0.003684
742,743,brain_tumor_figshare/743.mat,112105,4,1,Gliom,1,Gliom,evet,0.040668,0.950526,0.008806
743,744,brain_tumor_figshare/744.mat,112105,4,1,Gliom,1,Gliom,evet,0.049016,0.943295,0.007689
744,745,brain_tumor_figshare/745.mat,112105,4,1,Gliom,1,Gliom,evet,0.030738,0.961367,0.007895
745,746,brain_tumor_figshare/746.mat,112105,4,1,Gliom,1,Gliom,evet,0.007394,0.991905,0.000701
746,747,brain_tumor_figshare/747.mat,100820,3,1,Gliom,1,Gliom,evet,0.111375,0.888292,0.000333
747,748,brain_tumor_figshare/748.mat,100820,3,1,Gliom,1,Gliom,evet,0.104039,0.895257,0.000704
748,749,brain_tumor_figshare/749.mat,100820,3,1,Gliom,1,Gliom,evet,0.043406,0.955622,0.000972
749,750,brain_tumor_figshare/750.mat,100820,3,1,Gliom,1,Gliom,evet,0.08928,0.901174,0.009546
750,751,brain_tumor_figshare/751.mat,100820,3,1,Gliom,1,Gliom,evet,0.036327,0.961972,0.001701
751,752,brain_tumor_figshare/752.mat,100820,3,1,Gliom,1,Gliom,evet,0.133966,0.862107,0.003927
752,753,brain_tumor_figshare/753.mat,101020,3,1,Gliom,0,Meningiom,hayır,0.857087,0.10171,0.041203
753,754,brain_tumor_figshare/754.mat,101020,3,1,Gliom,1,Gliom,evet,0.382712,0.454881,0.162407
754,755,brain_tumor_figshare/755.mat,101020,3,1,Gliom,0,Meningiom,hayır,0.600738,0.390375,0.008887
755,756,brain_tumor_figshare/756.mat,101020,3,1,Gliom,0,Meningiom,hayır,0.960284,0.037227,0.002489
756,757,brain_tumor_figshare/757.mat,101020,3,1,Gliom,0,Meningiom,hayır,0.912708,0.077819,0.009473
757,758,brain_tumor_figshare/758.mat,101020,3,1,Gliom,0,Meningiom,hayır,0.646659,0.326232,0.027109
758,759,brain_tumor_figshare/759.mat,101020,3,1,Gliom,1,Gliom,evet,0.017181,0.977543,0.005276
759,760,brain_tumor_figshare/760.mat,101020,3,1,Gliom,1,Gliom,evet,0.364986,0.397617,0.237397
760,761,brain_tumor_figshare/761.mat,102075,5,1,Gliom,1,Gliom,evet,0.04989,0.883308,0.066802
761,762,brain_tumor_figshare/762.mat,102075,5,1,Gliom,1,Gliom,evet,0.112417,0.662532,0.225051
762,763,brain_tumor_figshare/763.mat,102075,5,1,Gliom,1,Gliom,evet,0.08907,0.805421,0.105509
763,764,brain_tumor_figshare/764.mat,103148,1,1,Gliom,1,Gliom,evet,0.364433,0.591973,0.043594
764,765,brain_tumor_figshare/765.mat,103148,1,1,Gliom,0,Meningiom,hayır,0.638353,0.314427,0.04722
765,766,brain_tumor_figshare/766.mat,103148,1,1,Gliom,0,Meningiom,hayır,0.581185,0.190342,0.228473
766,767,brain_tumor_figshare/767.mat,103148,1,1,Gliom,1,Gliom,evet,0.208029,0.670258,0.121713
767,768,brain_tumor_figshare/768.mat,106494,5,1,Gliom,1,Gliom,evet,0.100411,0.84942,0.050169
768,769,brain_tumor_figshare/769.mat,106494,5,1,Gliom,1,Gliom,evet,0.14327,0.810596,0.046134
769,770,brain_tumor_figshare/770.mat,106494,5,1,Gliom,1,Gliom,evet,0.043381,0.951903,0.004716
770,771,brain_tumor_figshare/771.mat,106494,5,1,Gliom,1,Gliom,evet,0.034936,0.96088,0.004184
771,772,brain_tumor_figshare/772.mat,106494,5,1,Gliom,1,Gliom,evet,0.335211,0.604483,0.060306
772,773,brain_tumor_figshare/773.mat,107747,5,1,Gliom,1,Gliom,evet,0.115743,0.878311,0.005946
773,774,brain_tumor_figshare/774.mat,107747,5,1,Gliom,1,Gliom,evet,0.221604,0.570355,0.208041
774,775,brain_tumor_figshare/775.mat,107747,5,1,Gliom,1,Gliom,evet,0.106775,0.863267,0.029958
775,776,brain_tumor_figshare/776.mat,107747,5,1,Gliom,1,Gliom,evet,0.078018,0.884307,0.037675
776,777,brain_tumor_figshare/777.mat,107747,5,1,Gliom,1,Gliom,evet,0.148213,0.803442,0.048345
777,778,brain_tumor_figshare/778.mat,107747,5,1,Gliom,1,Gliom,evet,0.007995,0.990371,0.001633
778,779,brain_tumor_figshare/779.mat,112027,3,1,Gliom,1,Gliom,evet,0.180411,0.7822,0.037389
779,780,brain_tumor_figshare/780.mat,112027,3,1,Gliom,0,Meningiom,hayır,0.876243,0.095716,0.028042
780,781,brain_tumor_figshare/781.mat,112105,4,1,Gliom,1,Gliom,evet,0.007021,0.99288,9.9e-05
781,782,brain_tumor_figshare/782.mat,112105,4,1,Gliom,1,Gliom,evet,0.040598,0.958282,0.001121
782,783,brain_tumor_figshare/783.mat,112105,4,1,Gliom,1,Gliom,evet,0.08364,0.909219,0.007141
783,784,brain_tumor_figshare/784.mat,112105,4,1,Gliom,1,Gliom,evet,0.018655,0.981097,0.000248
784,785,brain_tumor_figshare/785.mat,112105,4,1,Gliom,1,Gliom,evet,0.016005,0.98347,0.000524
785,786,brain_tumor_figshare/786.mat,112105,4,1,Gliom,1,Gliom,evet,0.013904,0.985771,0.000326
786,787,brain_tumor_figshare/787.mat,112105,4,1,Gliom,1,Gliom,evet,0.065278,0.932257,0.002465
787,788,brain_tumor_figshare/788.mat,112105,4,1,Gliom,1,Gliom,evet,0.180116,0.811918,0.007965
788,789,brain_tumor_figshare/789.mat,112105,4,1,Gliom,1,Gliom,evet,0.204578,0.779027,0.016396
789,790,brain_tumor_figshare/790.mat,112105,4,1,Gliom,1,Gliom,evet,0.190518,0.789963,0.019518
790,791,brain_tumor_figshare/791.mat,112105,4,1,Gliom,1,Gliom,evet,0.091149,0.897746,0.011105
791,792,brain_tumor_figshare/792.mat,88670,4,1,Gliom,1,Gliom,evet,0.068576,0.928639,0.002785
792,793,brain_tumor_figshare/793.mat,88670,4,1,Gliom,1,Gliom,evet,0.129576,0.869764,0.000659
793,794,brain_tumor_figshare/794.mat,88670,4,1,Gliom,1,Gliom,evet,0.450546,0.545188,0.004266
794,795,brain_tumor_figshare/795.mat,88670,4,1,Gliom,1,Gliom,evet,0.472232,0.522502,0.005266
795,796,brain_tumor_figshare/796.mat,88670,4,1,Gliom,0,Meningiom,hayır,0.608181,0.374807,0.017012
796,797,brain_tumor_figshare/797.mat,88670,4,1,Gliom,1,Gliom,evet,0.110918,0.878872,0.01021
797,798,brain_tumor_figshare/798.mat,88670,4,1,Gliom,1,Gliom,evet,0.0169,0.976581,0.00652
798,799,brain_tumor_figshare/799.mat,90284,2,1,Gliom,1,Gliom,evet,0.321663,0.472174,0.206162
799,800,brain_tumor_figshare/800.mat,90284,2,1,Gliom,1,Gliom,evet,0.14951,0.794399,0.056091
800,801,brain_tumor_figshare/801.mat,90284,2,1,Gliom,1,Gliom,evet,0.116475,0.838547,0.044978
801,802,brain_tumor_figshare/802.mat,90284,2,1,Gliom,1,Gliom,evet,0.114201,0.821768,0.06403
802,803,brain_tumor_figshare/803.mat,90284,2,1,Gliom,1,Gliom,evet,0.101343,0.863194,0.035463
803,804,brain_tumor_figshare/804.mat,90284,2,1,Gliom,1,Gliom,evet,0.224272,0.734266,0.041463
804,805,brain_tumor_figshare/805.mat,90284,2,1,Gliom,1,Gliom,evet,0.18139,0.800549,0.018061
805,806,brain_tumor_figshare/806.mat,90284,2,1,Gliom,0,Meningiom,hayır,0.506601,0.456738,0.03666
806,807,brain_tumor_figshare/807.mat,92897,3,1,Gliom,1,Gliom,evet,0.098297,0.895792,0.005912
807,808,brain_tumor_figshare/808.mat,92897,3,1,Gliom,1,Gliom,evet,0.049766,0.945283,0.004951
808,809,brain_tumor_figshare/809.mat,93825,1,1,Gliom,1,Gliom,evet,0.012651,0.985907,0.001442
809,810,brain_tumor_figshare/810.mat,93825,1,1,Gliom,1,Gliom,evet,0.005119,0.993308,0.001573
810,811,brain_tumor_figshare/811.mat,93825,1,1,Gliom,1,Gliom,evet,0.002815,0.995993,0.001192
811,812,brain_tumor_figshare/812.mat,97609,2,1,Gliom,1,Gliom,evet,0.004913,0.995083,5e-06
812,813,brain_tumor_figshare/813.mat,97609,2,1,Gliom,1,Gliom,evet,0.004865,0.995128,7e-06
813,814,brain_tumor_figshare/814.mat,97609,2,1,Gliom,1,Gliom,evet,0.008073,0.991908,1.9e-05
814,815,brain_tumor_figshare/815.mat,97609,2,1,Gliom,1,Gliom,evet,0.001695,0.998186,0.00012
815,816,brain_tumor_figshare/816.mat,97609,2,1,Gliom,1,Gliom,evet,0.000651,0.99873,0.00062
816,817,brain_tumor_figshare/817.mat,97609,2,1,Gliom,1,Gliom,evet,0.002299,0.996653,0.001048
817,818,brain_tumor_figshare/818.mat,100416,3,1,Gliom,1,Gliom,evet,0.267015,0.557093,0.175892
818,819,brain_tumor_figshare/819.mat,100416,3,1,Gliom,0,Meningiom,hayır,0.907731,0.025111,0.067159
819,820,brain_tumor_figshare/820.mat,100416,3,1,Gliom,0,Meningiom,hayır,0.908366,0.070942,0.020692
820,821,brain_tumor_figshare/821.mat,100416,3,1,Gliom,0,Meningiom,hayır,0.531086,0.259661,0.209252
821,822,brain_tumor_figshare/822.mat,100820,3,1,Gliom,0,Meningiom,hayır,0.782046,0.207321,0.010633
822,823,brain_tumor_figshare/823.mat,100820,3,1,Gliom,0,Meningiom,hayır,0.632884,0.317489,0.049627
823,824,brain_tumor_figshare/824.mat,100820,3,1,Gliom,1,Gliom,evet,0.212371,0.717774,0.069854
824,825,brain_tumor_figshare/825.mat,100820,3,1,Gliom,0,Meningiom,hayır,0.799498,0.099303,0.101199
825,826,brain_tumor_figshare/826.mat,100820,3,1,Gliom,0,Meningiom,hayır,0.92777,0.005473,0.066757
826,827,brain_tumor_figshare/827.mat,100820,3,1,Gliom,0,Meningiom,hayır,0.967908,0.005234,0.026857
827,828,brain_tumor_figshare/828.mat,101020,3,1,Gliom,0,Meningiom,hayır,0.89177,0.059125,0.049104
828,829,brain_tumor_figshare/829.mat,101020,3,1,Gliom,0,Meningiom,hayır,0.562668,0.413539,0.023793
829,830,brain_tumor_figshare/830.mat,101020,3,1,Gliom,0,Meningiom,hayır,0.709863,0.247867,0.04227
830,831,brain_tumor_figshare/831.mat,101020,3,1,Gliom,0,Meningiom,hayır,0.931462,0.05442,0.014118
831,832,brain_tumor_figshare/832.mat,101020,3,1,Gliom,0,Meningiom,hayır,0.903445,0.016623,0.079932
832,833,brain_tumor_figshare/833.mat,101020,3,1,Gliom,0,Meningiom,hayır,0.420069,0.190563,0.389368
833,834,brain_tumor_figshare/834.mat,101384,1,1,Gliom,1,Gliom,evet,0.011775,0.962767,0.025459
834,835,brain_tumor_figshare/835.mat,101384,1,1,Gliom,1,Gliom,evet,0.004877,0.983268,0.011855
835,836,brain_tumor_figshare/836.mat,101384,1,1,Gliom,1,Gliom,evet,0.01075,0.97498,0.01427
836,837,brain_tumor_figshare/837.mat,102075,5,1,Gliom,1,Gliom,evet,0.037813,0.960406,0.001781
837,838,brain_tumor_figshare/838.mat,102075,5,1,Gliom,1,Gliom,evet,0.005338,0.994437,0.000225
838,839,brain_tumor_figshare/839.mat,102075,5,1,Gliom,1,Gliom,evet,0.010257,0.98837,0.001372
839,840,brain_tumor_figshare/840.mat,103148,1,1,Gliom,1,Gliom,evet,0.015243,0.969358,0.015399
840,841,brain_tumor_figshare/841.mat,103148,1,1,Gliom,1,Gliom,evet,0.406287,0.456618,0.137094
841,842,brain_tumor_figshare/842.mat,103148,1,1,Gliom,0,Meningiom,hayır,0.705116,0.080554,0.21433
842,843,brain_tumor_figshare/843.mat,103148,1,1,Gliom,0,Meningiom,hayır,0.784277,0.0535,0.162223
843,844,brain_tumor_figshare/844.mat,105653,2,1,Gliom,1,Gliom,evet,0.01434,0.906431,0.079229
844,845,brain_tumor_figshare/845.mat,105653,2,1,Gliom,1,Gliom,evet,0.01468,0.68188,0.30344
845,846,brain_tumor_figshare/846.mat,106494,5,1,Gliom,0,Meningiom,hayır,0.97844,0.015299,0.006262
846,847,brain_tumor_figshare/847.mat,106494,5,1,Gliom,2,Hipofiz tümörü,hayır,0.164451,0.194197,0.641352
847,848,brain_tumor_figshare/848.mat,106494,5,1,Gliom,1,Gliom,evet,0.007197,0.99167,0.001133
848,849,brain_tumor_figshare/849.mat,106494,5,1,Gliom,1,Gliom,evet,0.009334,0.987195,0.003471
849,850,brain_tumor_figshare/850.mat,106494,5,1,Gliom,1,Gliom,evet,0.0198,0.977247,0.002953
850,851,brain_tumor_figshare/851.mat,106494,5,1,Gliom,2,Hipofiz tümörü,hayır,0.232242,0.269687,0.498072
851,852,brain_tumor_figshare/852.mat,106494,5,1,Gliom,0,Meningiom,hayır,0.854513,0.006293,0.139194
852,853,brain_tumor_figshare/853.mat,107747,5,1,Gliom,1,Gliom,evet,0.393359,0.466608,0.140033
853,854,brain_tumor_figshare/854.mat,107747,5,1,Gliom,1,Gliom,evet,0.295725,0.521919,0.182357
854,855,brain_tumor_figshare/855.mat,107747,5,1,Gliom,1,Gliom,evet,0.346418,0.43384,0.219742
855,856,brain_tumor_figshare/856.mat,107747,5,1,Gliom,1,Gliom,evet,0.042916,0.882052,0.075032
856,857,brain_tumor_figshare/857.mat,108479,1,1,Gliom,1,Gliom,evet,0.004993,0.9716,0.023406
857,858,brain_tumor_figshare/858.mat,108479,1,1,Gliom,1,Gliom,evet,0.00574,0.97204,0.02222
858,859,brain_tumor_figshare/859.mat,112105,4,1,Gliom,1,Gliom,evet,0.005644,0.99308,0.001276
859,860,brain_tumor_figshare/860.mat,112105,4,1,Gliom,1,Gliom,evet,0.002977,0.996705,0.000318
860,861,brain_tumor_figshare/861.mat,112105,4,1,Gliom,1,Gliom,evet,0.0023,0.997309,0.000391
861,862,brain_tumor_figshare/862.mat,112105,4,1,Gliom,1,Gliom,evet,0.008412,0.990258,0.001329
862,863,brain_tumor_figshare/863.mat,112105,4,1,Gliom,1,Gliom,evet,0.010978,0.983698,0.005324
863,864,brain_tumor_figshare/864.mat,112105,4,1,Gliom,1,Gliom,evet,0.011523,0.981973,0.006504
864,865,brain_tumor_figshare/865.mat,88670,4,1,Gliom,1,Gliom,evet,0.172963,0.793741,0.033295
865,866,brain_tumor_figshare/866.mat,88670,4,1,Gliom,1,Gliom,evet,0.360801,0.515516,0.123683
866,867,brain_tumor_figshare/867.mat,88670,4,1,Gliom,1,Gliom,evet,0.248766,0.665756,0.085478
867,868,brain_tumor_figshare/868.mat,88670,4,1,Gliom,1,Gliom,evet,0.25304,0.701054,0.045905
868,869,brain_tumor_figshare/869.mat,88670,4,1,Gliom,1,Gliom,evet,0.073203,0.886253,0.040544
869,870,brain_tumor_figshare/870.mat,90284,2,1,Gliom,1,Gliom,evet,0.159891,0.444902,0.395208
870,871,brain_tumor_figshare/871.mat,90284,2,1,Gliom,2,Hipofiz tümörü,hayır,0.222563,0.237912,0.539525
871,872,brain_tumor_figshare/872.mat,90284,2,1,Gliom,0,Meningiom,hayır,0.896687,0.010526,0.092787
872,873,brain_tumor_figshare/873.mat,90284,2,1,Gliom,0,Meningiom,hayır,0.655731,0.150389,0.19388
873,874,brain_tumor_figshare/874.mat,90284,2,1,Gliom,2,Hipofiz tümörü,hayır,0.10453,0.089943,0.805527
874,875,brain_tumor_figshare/875.mat,90284,2,1,Gliom,0,Meningiom,hayır,0.364598,0.279189,0.356212
875,876,brain_tumor_figshare/876.mat,90284,2,1,Gliom,1,Gliom,evet,0.070789,0.693965,0.235245
876,877,brain_tumor_figshare/877.mat,90284,2,1,Gliom,1,Gliom,evet,0.067876,0.734402,0.197722
877,878,brain_tumor_figshare/878.mat,90284,2,1,Gliom,1,Gliom,evet,0.021398,0.927342,0.05126
878,879,brain_tumor_figshare/879.mat,90284,2,1,Gliom,1,Gliom,evet,0.030773,0.916048,0.053179
879,880,brain_tumor_figshare/880.mat,90284,2,1,Gliom,0,Meningiom,hayır,0.864742,0.125396,0.009863
880,881,brain_tumor_figshare/881.mat,92897,3,1,Gliom,1,Gliom,evet,0.013273,0.985006,0.001721
881,882,brain_tumor_figshare/882.mat,92897,3,1,Gliom,1,Gliom,evet,0.012071,0.986446,0.001483
882,883,brain_tumor_figshare/883.mat,93329,3,1,Gliom,1,Gliom,evet,0.197253,0.698918,0.103829
883,884,brain_tumor_figshare/884.mat,93329,3,1,Gliom,1,Gliom,evet,0.238704,0.679401,0.081894
884,885,brain_tumor_figshare/885.mat,93329,3,1,Gliom,1,Gliom,evet,0.036133,0.961118,0.002749
885,886,brain_tumor_figshare/886.mat,93329,3,1,Gliom,1,Gliom,evet,0.019789,0.977426,0.002785
886,887,brain_tumor_figshare/887.mat,93329,3,1,Gliom,1,Gliom,evet,0.003697,0.984159,0.012144
887,888,brain_tumor_figshare/888.mat,93825,1,1,Gliom,1,Gliom,evet,0.071708,0.907491,0.0208
888,889,brain_tumor_figshare/889.mat,93825,1,1,Gliom,1,Gliom,evet,0.023359,0.965696,0.010944
889,890,brain_tumor_figshare/890.mat,93825,1,1,Gliom,1,Gliom,evet,0.041694,0.935376,0.02293
890,891,brain_tumor_figshare/891.mat,93825,1,1,Gliom,1,Gliom,evet,0.012217,0.986484,0.001299
891,892,brain_tumor_figshare/892.mat,94731,3,1,Gliom,0,Meningiom,hayır,0.364852,0.363018,0.27213
892,893,brain_tumor_figshare/893.mat,94731,3,1,Gliom,2,Hipofiz tümörü,hayır,0.305876,0.211248,0.482876
893,894,brain_tumor_figshare/894.mat,94731,3,1,Gliom,1,Gliom,evet,0.273542,0.555286,0.171173
894,895,brain_tumor_figshare/895.mat,95142,2,1,Gliom,2,Hipofiz tümörü,hayır,0.459701,0.041061,0.499238
895,896,brain_tumor_figshare/896.mat,95142,2,1,Gliom,2,Hipofiz tümörü,hayır,0.166799,0.015569,0.817633
896,897,brain_tumor_figshare/897.mat,95142,2,1,Gliom,2,Hipofiz tümörü,hayır,0.181903,0.022167,0.79593
897,898,brain_tumor_figshare/898.mat,95142,2,1,Gliom,2,Hipofiz tümörü,hayır,0.186678,0.252993,0.560329
898,899,brain_tumor_figshare/899.mat,95142,2,1,Gliom,2,Hipofiz tümörü,hayır,0.069437,0.072676,0.857887
899,900,brain_tumor_figshare/900.mat,95142,2,1,Gliom,1,Gliom,evet,0.02091,0.937064,0.042026
900,901,brain_tumor_figshare/901.mat,95142,2,1,Gliom,1,Gliom,evet,0.002024,0.980677,0.017299
901,902,brain_tumor_figshare/902.mat,95142,2,1,Gliom,1,Gliom,evet,0.000563,0.99841,0.001027
902,903,brain_tumor_figshare/903.mat,95142,2,1,Gliom,1,Gliom,evet,0.008458,0.989753,0.001789
903,904,brain_tumor_figshare/904.mat,96587,3,1,Gliom,0,Meningiom,hayır,0.551765,0.333681,0.114555
904,905,brain_tumor_figshare/905.mat,96587,3,1,Gliom,1,Gliom,evet,0.219179,0.455066,0.325755
905,906,brain_tumor_figshare/906.mat,96587,3,1,Gliom,1,Gliom,evet,0.041894,0.666406,0.2917
906,907,brain_tumor_figshare/907.mat,96587,3,1,Gliom,1,Gliom,evet,0.068119,0.749961,0.18192
907,908,brain_tumor_figshare/908.mat,97609,2,1,Gliom,1,Gliom,evet,0.00574,0.98937,0.00489
908,909,brain_tumor_figshare/909.mat,97609,2,1,Gliom,1,Gliom,evet,0.009383,0.964046,0.026571
909,910,brain_tumor_figshare/910.mat,97609,2,1,Gliom,1,Gliom,evet,0.011916,0.984361,0.003723
910,911,brain_tumor_figshare/911.mat,97609,2,1,Gliom,1,Gliom,evet,0.01544,0.972044,0.012516
911,912,brain_tumor_figshare/912.mat,98889,2,1,Gliom,0,Meningiom,hayır,0.814922,0.176665,0.008413
912,913,brain_tumor_figshare/913.mat,98889,2,1,Gliom,1,Gliom,evet,0.025213,0.945285,0.029502
913,914,brain_tumor_figshare/914.mat,98889,2,1,Gliom,1,Gliom,evet,0.115514,0.873343,0.011143
914,915,brain_tumor_figshare/915.mat,98889,2,1,Gliom,1,Gliom,evet,0.017531,0.975418,0.007051
915,916,brain_tumor_figshare/916.mat,98889,2,1,Gliom,1,Gliom,evet,0.006192,0.986832,0.006976
916,917,brain_tumor_figshare/917.mat,98889,2,1,Gliom,1,Gliom,evet,0.014819,0.95847,0.026711
917,918,brain_tumor_figshare/918.mat,105936,5,2,Hipofiz tümörü,2,Hipofiz tümörü,evet,0.020224,0.000451,0.979325
918,919,brain_tumor_figshare/919.mat,105936,5,2,Hipofiz tümörü,2,Hipofiz tümörü,evet,0.050339,0.000426,0.949235
919,920,brain_tumor_figshare/920.mat,105936,5,2,Hipofiz tümörü,2,Hipofiz tümörü,evet,0.052726,0.088346,0.858928
920,921,brain_tumor_figshare/921.mat,105936,5,2,Hipofiz tümörü,2,Hipofiz tümörü,evet,0.055713,0.014912,0.929375
921,922,brain_tumor_figshare/922.mat,106062,3,2,Hipofiz tümörü,2,Hipofiz tümörü,evet,0.018431,0.000577,0.980992
922,923,brain_tumor_figshare/923.mat,106062,3,2,Hipofiz tümörü,2,Hipofiz tümörü,evet,0.053218,0.001023,0.945759
923,924,brain_tumor_figshare/924.mat,106062,3,2,Hipofiz tümörü,2,Hipofiz tümörü,evet,0.200511,0.007046,0.792443
924,925,brain_tumor_figshare/925.mat,106062,3,2,Hipofiz tümörü,2,Hipofiz tümörü,evet,0.03814,0.000526,0.961334
925,926,brain_tumor_figshare/926.mat,107495,3,2,Hipofiz tümörü,2,Hipofiz tümörü,evet,0.005256,0.00249,0.992254
926,927,brain_tumor_figshare/927.mat,107495,3,2,Hipofiz tümörü,2,Hipofiz tümörü,evet,0.021664,0.000122,0.978214
927,928,brain_tumor_figshare/928.mat,107495,3,2,Hipofiz tümörü,2,Hipofiz tümörü,evet,0.049299,0.003609,0.947091
928,929,brain_tumor_figshare/929.mat,107495,3,2,Hipofiz tümörü,2,Hipofiz tümörü,evet,0.043215,0.000648,0.956138
929,930,brain_tumor_figshare/930.mat,107495,3,2,Hipofiz tümörü,2,Hipofiz tümörü,evet,0.297959,0.006289,0.695752
930,931,brain_tumor_figshare/931.mat,107495,3,2,Hipofiz tümörü,2,Hipofiz tümörü,evet,0.368659,0.012051,0.61929
931,932,brain_tumor_figshare/932.mat,107495,3,2,Hipofiz tümörü,2,Hipofiz tümörü,evet,0.328693,0.016926,0.654381
932,933,brain_tumor_figshare/933.mat,107429,1,2,Hipofiz tümörü,2,Hipofiz tümörü,evet,0.104231,0.007282,0.888487
933,934,brain_tumor_figshare/934.mat,107429,1,2,Hipofiz tümörü,2,Hipofiz tümörü,evet,0.233616,0.010995,0.755389
934,935,brain_tumor_figshare/935.mat,107429,1,2,Hipofiz tümörü,2,Hipofiz tümörü,evet,0.298498,0.005367,0.696135
935,936,brain_tumor_figshare/936.mat,107429,1,2,Hipofiz tümörü,2,Hipofiz tümörü,evet,0.215375,0.001332,0.783293
936,937,brain_tumor_figshare/937.mat,107429,1,2,Hipofiz tümörü,2,Hipofiz tümörü,evet,0.381805,0.001487,0.616707
937,938,brain_tumor_figshare/938.mat,107429,1,2,Hipofiz tümörü,2,Hipofiz tümörü,evet,0.422026,0.016498,0.561475
938,939,brain_tumor_figshare/939.mat,107505,5,2,Hipofiz tümörü,2,Hipofiz tümörü,evet,0.044737,0.053314,0.901949
939,940,brain_tumor_figshare/940.mat,107505,5,2,Hipofiz tümörü,2,Hipofiz tümörü,evet,0.064711,0.042663,0.892626
940,941,brain_tumor_figshare/941.mat,107505,5,2,Hipofiz tümörü,1,Gliom,hayır,0.030123,0.572466,0.397411
941,942,brain_tumor_figshare/942.mat,107505,5,2,Hipofiz tümörü,1,Gliom,hayır,0.093964,0.458475,0.447561
942,943,brain_tumor_figshare/943.mat,107505,5,2,Hipofiz tümörü,2,Hipofiz tümörü,evet,0.03932,0.003329,0.957351
943,944,brain_tumor_figshare/944.mat,107505,5,2,Hipofiz tümörü,2,Hipofiz tümörü,evet,0.029672,0.000407,0.969921
944,945,brain_tumor_figshare/945.mat,107505,5,2,Hipofiz tümörü,2,Hipofiz tümörü,evet,0.029109,0.000971,0.96992
945,946,brain_tumor_figshare/946.mat,107743,5,2,Hipofiz tümörü,1,Gliom,hayır,0.125437,0.588985,0.285578
946,947,brain_tumor_figshare/947.mat,107743,5,2,Hipofiz tümörü,2,Hipofiz tümörü,evet,0.126803,0.032474,0.840723
947,948,brain_tumor_figshare/948.mat,107743,5,2,Hipofiz tümörü,2,Hipofiz tümörü,evet,0.172742,0.0788,0.748458
948,949,brain_tumor_figshare/949.mat,107743,5,2,Hipofiz tümörü,2,Hipofiz tümörü,evet,0.098613,0.208113,0.693274
949,950,brain_tumor_figshare/950.mat,108858,1,2,Hipofiz tümörü,2,Hipofiz tümörü,evet,0.008091,0.00342,0.988489
950,951,brain_tumor_figshare/951.mat,108858,1,2,Hipofiz tümörü,2,Hipofiz tümörü,evet,0.018972,0.018224,0.962804
951,952,brain_tumor_figshare/952.mat,108858,1,2,Hipofiz tümörü,2,Hipofiz tümörü,evet,0.036294,0.059745,0.903961
952,953,brain_tumor_figshare/953.mat,108858,1,2,Hipofiz tümörü,2,Hipofiz tümörü,evet,0.036956,0.023735,0.939309
953,954,brain_tumor_figshare/954.mat,108858,1,2,Hipofiz tümörü,2,Hipofiz tümörü,evet,0.066927,0.024897,0.908176
954,955,brain_tumor_figshare/955.mat,108931,4,2,Hipofiz tümörü,2,Hipofiz tümörü,evet,0.048022,0.0407,0.911278
955,956,brain_tumor_figshare/956.mat,108931,4,2,Hipofiz tümörü,2,Hipofiz tümörü,evet,0.014142,0.001071,0.984787
956,957,brain_tumor_figshare/957.mat,108931,4,2,Hipofiz tümörü,2,Hipofiz tümörü,evet,0.007941,0.00273,0.989328
957,958,brain_tumor_figshare/958.mat,109471,3,2,Hipofiz tümörü,2,Hipofiz tümörü,evet,0.003155,8.6e-05,0.996759
958,959,brain_tumor_figshare/959.mat,109471,3,2,Hipofiz tümörü,2,Hipofiz tümörü,evet,0.00245,0.000599,0.996951
959,960,brain_tumor_figshare/960.mat,109471,3,2,Hipofiz tümörü,2,Hipofiz tümörü,evet,0.039336,0.003506,0.957157
960,961,brain_tumor_figshare/961.mat,109471,3,2,Hipofiz tümörü,2,Hipofiz tümörü,evet,0.150957,0.047097,0.801946
961,962,brain_tumor_figshare/962.mat,109769,2,2,Hipofiz tümörü,2,Hipofiz tümörü,evet,0.004061,0.004181,0.991758
962,963,brain_tumor_figshare/963.mat,109769,2,2,Hipofiz tümörü,2,Hipofiz tümörü,evet,0.004646,0.157539,0.837815
963,964,brain_tumor_figshare/964.mat,109769,2,2,Hipofiz tümörü,2,Hipofiz tümörü,evet,0.005867,0.00106,0.993073
964,965,brain_tumor_figshare/965.mat,109769,2,2,Hipofiz tümörü,2,Hipofiz tümörü,evet,0.016742,0.001779,0.981479
965,966,brain_tumor_figshare/966.mat,109898,3,2,Hipofiz tümörü,2,Hipofiz tümörü,evet,0.015669,0.000516,0.983815
966,967,brain_tumor_figshare/967.mat,109898,3,2,Hipofiz tümörü,2,Hipofiz tümörü,evet,0.090842,0.018378,0.890779
967,968,brain_tumor_figshare/968.mat,109898,3,2,Hipofiz tümörü,2,Hipofiz tümörü,evet,0.112921,0.005041,0.882037
968,969,brain_tumor_figshare/969.mat,109898,3,2,Hipofiz tümörü,2,Hipofiz tümörü,evet,0.086116,0.048912,0.864972
969,970,brain_tumor_figshare/970.mat,109898,3,2,Hipofiz tümörü,2,Hipofiz tümörü,evet,0.0085,0.002453,0.989047
970,971,brain_tumor_figshare/971.mat,109898,3,2,Hipofiz tümörü,2,Hipofiz tümörü,evet,0.155802,0.003207,0.840991
971,972,brain_tumor_figshare/972.mat,110518,2,2,Hipofiz tümörü,0,Meningiom,hayır,0.881542,0.020144,0.098315
972,973,brain_tumor_figshare/973.mat,110518,2,2,Hipofiz tümörü,0,Meningiom,hayır,0.642466,0.036053,0.321481
973,974,brain_tumor_figshare/974.mat,110537,5,2,Hipofiz tümörü,2,Hipofiz tümörü,evet,0.216544,0.024651,0.758805
974,975,brain_tumor_figshare/975.mat,110537,5,2,Hipofiz tümörü,2,Hipofiz tümörü,evet,0.293326,0.002206,0.704468
975,976,brain_tumor_figshare/976.mat,110993,4,2,Hipofiz tümörü,2,Hipofiz tümörü,evet,0.281464,0.000184,0.718352
976,977,brain_tumor_figshare/977.mat,110993,4,2,Hipofiz tümörü,2,Hipofiz tümörü,evet,0.030239,0.00024,0.969522
977,978,brain_tumor_figshare/978.mat,110993,4,2,Hipofiz tümörü,2,Hipofiz tümörü,evet,0.033649,0.000147,0.966204
978,979,brain_tumor_figshare/979.mat,110993,4,2,Hipofiz tümörü,2,Hipofiz tümörü,evet,0.00986,0.000748,0.989393
979,980,brain_tumor_figshare/980.mat,111075,2,2,Hipofiz tümörü,2,Hipofiz tümörü,evet,0.003669,0.025219,0.971112
980,981,brain_tumor_figshare/981.mat,111075,2,2,Hipofiz tümörü,2,Hipofiz tümörü,evet,0.00137,0.004153,0.994477
981,982,brain_tumor_figshare/982.mat,111075,2,2,Hipofiz tümörü,2,Hipofiz tümörü,evet,0.00024,0.000355,0.999405
982,983,brain_tumor_figshare/983.mat,111075,2,2,Hipofiz tümörü,2,Hipofiz tümörü,evet,0.000267,0.00025,0.999484
983,984,brain_tumor_figshare/984.mat,111075,2,2,Hipofiz tümörü,2,Hipofiz tümörü,evet,0.000531,5.7e-05,0.999412
984,985,brain_tumor_figshare/985.mat,111075,2,2,Hipofiz tümörü,2,Hipofiz tümörü,evet,0.00361,0.020111,0.976279
985,986,brain_tumor_figshare/986.mat,111125,5,2,Hipofiz tümörü,2,Hipofiz tümörü,evet,0.013418,0.000581,0.986001
986,987,brain_tumor_figshare/987.mat,111125,5,2,Hipofiz tümörü,2,Hipofiz tümörü,evet,0.011228,0.000117,0.988655
987,988,brain_tumor_figshare/988.mat,111125,5,2,Hipofiz tümörü,2,Hipofiz tümörü,evet,0.051504,0.004134,0.944362
988,989,brain_tumor_figshare/989.mat,111125,5,2,Hipofiz tümörü,2,Hipofiz tümörü,evet,0.098133,0.160053,0.741814
989,990,brain_tumor_figshare/990.mat,111785,5,2,Hipofiz tümörü,2,Hipofiz tümörü,evet,0.036056,0.00053,0.963415
990,991,brain_tumor_figshare/991.mat,111785,5,2,Hipofiz tümörü,2,Hipofiz tümörü,evet,0.088271,0.000972,0.910758
991,992,brain_tumor_figshare/992.mat,111785,5,2,Hipofiz tümörü,2,Hipofiz tümörü,evet,0.124761,5e-05,0.875189
992,993,brain_tumor_figshare/993.mat,111785,5,2,Hipofiz tümörü,2,Hipofiz tümörü,evet,0.1369,2.9e-05,0.863071
993,994,brain_tumor_figshare/994.mat,112074,1,2,Hipofiz tümörü,0,Meningiom,hayır,0.938056,0.009914,0.05203
994,995,brain_tumor_figshare/995.mat,112074,1,2,Hipofiz tümörü,0,Meningiom,hayır,0.948533,0.006889,0.044578
995,996,brain_tumor_figshare/996.mat,112074,1,2,Hipofiz tümörü,0,Meningiom,hayır,0.742221,0.001092,0.256688
996,997,brain_tumor_figshare/997.mat,112074,1,2,Hipofiz tümörü,0,Meningiom,hayır,0.886384,0.0033,0.110316
997,998,brain_tumor_figshare/998.mat,112649,5,2,Hipofiz tümörü,2,Hipofiz tümörü,evet,0.080304,0.001034,0.918662
998,999,brain_tumor_figshare/999.mat,112649,5,2,Hipofiz tümörü,2,Hipofiz tümörü,evet,0.039665,0.018358,0.941977
999,1000,brain_tumor_figshare/1000.mat,112649,5,2,Hipofiz tümörü,2,Hipofiz tümörü,evet,0.015699,0.000139,0.984162
1000,1001,brain_tumor_figshare/1001.mat,112649,5,2,Hipofiz tümörü,2,Hipofiz tümörü,evet,0.020095,0.000418,0.979486
1001,1002,brain_tumor_figshare/1002.mat,112649,5,2,Hipofiz tümörü,2,Hipofiz tümörü,evet,0.050518,0.000516,0.948966
1002,1003,brain_tumor_figshare/1003.mat,112746,1,2,Hipofiz tümörü,2,Hipofiz tümörü,evet,0.095219,0.000403,0.904378
1003,1004,brain_tumor_figshare/1004.mat,112746,1,2,Hipofiz tümörü,0,Meningiom,hayır,0.731715,0.000468,0.267817
1004,1005,brain_tumor_figshare/1005.mat,112746,1,2,Hipofiz tümörü,0,Meningiom,hayır,0.652951,0.001309,0.34574
1005,1006,brain_tumor_figshare/1006.mat,112847,5,2,Hipofiz tümörü,2,Hipofiz tümörü,evet,0.009969,0.000586,0.989445
1006,1007,brain_tumor_figshare/1007.mat,112847,5,2,Hipofiz tümörü,2,Hipofiz tümörü,evet,0.188744,0.006727,0.804529
1007,1008,brain_tumor_figshare/1008.mat,112847,5,2,Hipofiz tümörü,2,Hipofiz tümörü,evet,0.034562,0.00067,0.964768
1008,1009,brain_tumor_figshare/1009.mat,112847,5,2,Hipofiz tümörü,2,Hipofiz tümörü,evet,0.11348,0.001044,0.885476
1009,1010,brain_tumor_figshare/1010.mat,113274,3,2,Hipofiz tümörü,2,Hipofiz tümörü,evet,0.00366,1.4e-05,0.996325
1010,1011,brain_tumor_figshare/1011.mat,113274,3,2,Hipofiz tümörü,2,Hipofiz tümörü,evet,0.008979,4.8e-05,0.990972
1011,1012,brain_tumor_figshare/1012.mat,113274,3,2,Hipofiz tümörü,2,Hipofiz tümörü,evet,0.00127,1.2e-05,0.998719
1012,1013,brain_tumor_figshare/1013.mat,113741,3,2,Hipofiz tümörü,2,Hipofiz tümörü,evet,0.032392,0.00016,0.967448
1013,1014,brain_tumor_figshare/1014.mat,113741,3,2,Hipofiz tümörü,2,Hipofiz tümörü,evet,0.013983,5.1e-05,0.985966
1014,1015,brain_tumor_figshare/1015.mat,114040,4,2,Hipofiz tümörü,2,Hipofiz tümörü,evet,0.012295,0.005148,0.982557
1015,1016,brain_tumor_figshare/1016.mat,114040,4,2,Hipofiz tümörü,2,Hipofiz tümörü,evet,0.05061,0.416108,0.533282
1016,1017,brain_tumor_figshare/1017.mat,114040,4,2,Hipofiz tümörü,2,Hipofiz tümörü,evet,0.052317,0.01717,0.930514
1017,1018,brain_tumor_figshare/1018.mat,114361,4,2,Hipofiz tümörü,0,Meningiom,hayır,0.607103,0.012368,0.380529
1018,1019,brain_tumor_figshare/1019.mat,114361,4,2,Hipofiz tümörü,0,Meningiom,hayır,0.694547,0.024509,0.280944
1019,1020,brain_tumor_figshare/1020.mat,114361,4,2,Hipofiz tümörü,0,Meningiom,hayır,0.4867,0.026922,0.486378
1020,1021,brain_tumor_figshare/1021.mat,114094,1,2,Hipofiz tümörü,0,Meningiom,hayır,0.542473,0.015905,0.441621
1021,1022,brain_tumor_figshare/1022.mat,114094,1,2,Hipofiz tümörü,2,Hipofiz tümörü,evet,0.269261,0.003308,0.727431
1022,1023,brain_tumor_figshare/1023.mat,114094,1,2,Hipofiz tümörü,2,Hipofiz tümörü,evet,0.291376,0.010621,0.698003
1023,1024,brain_tumor_figshare/1024.mat,114094,1,2,Hipofiz tümörü,2,Hipofiz tümörü,evet,0.108751,0.002849,0.888399
1024,1025,brain_tumor_figshare/1025.mat,101017,2,2,Hipofiz tümörü,2,Hipofiz tümörü,evet,0.000566,0.00022,0.999214
1025,1026,brain_tumor_figshare/1026.mat,101017,2,2,Hipofiz tümörü,2,Hipofiz tümörü,evet,0.019467,0.002475,0.978058
1026,1027,brain_tumor_figshare/1027.mat,101017,2,2,Hipofiz tümörü,2,Hipofiz tümörü,evet,0.010113,0.035983,0.953905
1027,1028,brain_tumor_figshare/1028.mat,101017,2,2,Hipofiz tümörü,2,Hipofiz tümörü,evet,0.034258,0.032278,0.933463
1028,1029,brain_tumor_figshare/1029.mat,101017,2,2,Hipofiz tümörü,2,Hipofiz tümörü,evet,0.000659,0.000469,0.998872
1029,1030,brain_tumor_figshare/1030.mat,101029,1,2,Hipofiz tümörü,2,Hipofiz tümörü,evet,0.007372,0.002489,0.99014
1030,1031,brain_tumor_figshare/1031.mat,101029,1,2,Hipofiz tümörü,2,Hipofiz tümörü,evet,0.027317,0.010114,0.962569
1031,1032,brain_tumor_figshare/1032.mat,101029,1,2,Hipofiz tümörü,2,Hipofiz tümörü,evet,0.012417,0.00423,0.983353
1032,1033,brain_tumor_figshare/1033.mat,101029,1,2,Hipofiz tümörü,2,Hipofiz tümörü,evet,0.008217,0.006779,0.985004
1033,1034,brain_tumor_figshare/1034.mat,105936,5,2,Hipofiz tümörü,2,Hipofiz tümörü,evet,0.043399,0.001492,0.955109
1034,1035,brain_tumor_figshare/1035.mat,106062,3,2,Hipofiz tümörü,2,Hipofiz tümörü,evet,0.111614,0.0112,0.877185
1035,1036,brain_tumor_figshare/1036.mat,106062,3,2,Hipofiz tümörü,2,Hipofiz tümörü,evet,0.020699,0.005581,0.97372
1036,1037,brain_tumor_figshare/1037.mat,106062,3,2,Hipofiz tümörü,2,Hipofiz tümörü,evet,0.024512,0.019139,0.956349
1037,1038,brain_tumor_figshare/1038.mat,106062,3,2,Hipofiz tümörü,2,Hipofiz tümörü,evet,0.018187,0.020822,0.960991
1038,1039,brain_tumor_figshare/1039.mat,106062,3,2,Hipofiz tümörü,2,Hipofiz tümörü,evet,0.040388,0.016541,0.943071
1039,1040,brain_tumor_figshare/1040.mat,106062,3,2,Hipofiz tümörü,2,Hipofiz tümörü,evet,0.049323,0.022808,0.927868
1040,1041,brain_tumor_figshare/1041.mat,106062,3,2,Hipofiz tümörü,2,Hipofiz tümörü,evet,0.250944,0.001704,0.747352
1041,1042,brain_tumor_figshare/1042.mat,107495,3,2,Hipofiz tümörü,2,Hipofiz tümörü,evet,0.310213,0.00025,0.689537
1042,1043,brain_tumor_figshare/1043.mat,107495,3,2,Hipofiz tümörü,2,Hipofiz tümörü,evet,0.053455,0.001673,0.944872
1043,1044,brain_tumor_figshare/1044.mat,107495,3,2,Hipofiz tümörü,2,Hipofiz tümörü,evet,0.013513,0.000541,0.985946
1044,1045,brain_tumor_figshare/1045.mat,107495,3,2,Hipofiz tümörü,2,Hipofiz tümörü,evet,0.004233,0.000164,0.995603
1045,1046,brain_tumor_figshare/1046.mat,107495,3,2,Hipofiz tümörü,2,Hipofiz tümörü,evet,0.001152,0.000349,0.998499
1046,1047,brain_tumor_figshare/1047.mat,107429,1,2,Hipofiz tümörü,2,Hipofiz tümörü,evet,0.064806,0.000882,0.934313
1047,1048,brain_tumor_figshare/1048.mat,107429,1,2,Hipofiz tümörü,2,Hipofiz tümörü,evet,0.051176,0.000187,0.948637
1048,1049,brain_tumor_figshare/1049.mat,107429,1,2,Hipofiz tümörü,2,Hipofiz tümörü,evet,0.023226,0.000592,0.976182
1049,1050,brain_tumor_figshare/1050.mat,107429,1,2,Hipofiz tümörü,2,Hipofiz tümörü,evet,0.05001,0.00052,0.94947
1050,1051,brain_tumor_figshare/1051.mat,107429,1,2,Hipofiz tümörü,2,Hipofiz tümörü,evet,0.037447,0.000712,0.961841
1051,1052,brain_tumor_figshare/1052.mat,107429,1,2,Hipofiz tümörü,2,Hipofiz tümörü,evet,0.05365,0.068675,0.877675
1052,1053,brain_tumor_figshare/1053.mat,107429,1,2,Hipofiz tümörü,2,Hipofiz tümörü,evet,0.163628,0.002552,0.83382
1053,1054,brain_tumor_figshare/1054.mat,107505,5,2,Hipofiz tümörü,2,Hipofiz tümörü,evet,0.042142,0.010441,0.947417
1054,1055,brain_tumor_figshare/1055.mat,107505,5,2,Hipofiz tümörü,2,Hipofiz tümörü,evet,0.018494,0.009146,0.97236
1055,1056,brain_tumor_figshare/1056.mat,107505,5,2,Hipofiz tümörü,2,Hipofiz tümörü,evet,0.015754,0.003733,0.980513
1056,1057,brain_tumor_figshare/1057.mat,107505,5,2,Hipofiz tümörü,2,Hipofiz tümörü,evet,0.021846,0.000911,0.977243
1057,1058,brain_tumor_figshare/1058.mat,107505,5,2,Hipofiz tümörü,2,Hipofiz tümörü,evet,0.034085,0.001731,0.964184
1058,1059,brain_tumor_figshare/1059.mat,107743,5,2,Hipofiz tümörü,2,Hipofiz tümörü,evet,0.004374,0.01033,0.985296
1059,1060,brain_tumor_figshare/1060.mat,107743,5,2,Hipofiz tümörü,2,Hipofiz tümörü,evet,0.008035,0.145082,0.846882
1060,1061,brain_tumor_figshare/1061.mat,107743,5,2,Hipofiz tümörü,2,Hipofiz tümörü,evet,0.043938,0.009809,0.946253
1061,1062,brain_tumor_figshare/1062.mat,107743,5,2,Hipofiz tümörü,2,Hipofiz tümörü,evet,0.017562,0.000532,0.981906
1062,1063,brain_tumor_figshare/1063.mat,107743,5,2,Hipofiz tümörü,2,Hipofiz tümörü,evet,0.043692,0.00212,0.954188
1063,1064,brain_tumor_figshare/1064.mat,107743,5,2,Hipofiz tümörü,2,Hipofiz tümörü,evet,0.009686,0.000144,0.990171
1064,1065,brain_tumor_figshare/1065.mat,108858,1,2,Hipofiz tümörü,2,Hipofiz tümörü,evet,0.017151,0.19231,0.79054
1065,1066,brain_tumor_figshare/1066.mat,108858,1,2,Hipofiz tümörü,2,Hipofiz tümörü,evet,0.017283,0.066646,0.916071
1066,1067,brain_tumor_figshare/1067.mat,108858,1,2,Hipofiz tümörü,2,Hipofiz tümörü,evet,0.111467,0.049085,0.839448
1067,1068,brain_tumor_figshare/1068.mat,108858,1,2,Hipofiz tümörü,2,Hipofiz tümörü,evet,0.068228,0.06056,0.871212
1068,1069,brain_tumor_figshare/1069.mat,108858,1,2,Hipofiz tümörü,2,Hipofiz tümörü,evet,0.054947,0.058409,0.886644
1069,1070,brain_tumor_figshare/1070.mat,108931,4,2,Hipofiz tümörü,2,Hipofiz tümörü,evet,0.005872,0.000129,0.993999
1070,1071,brain_tumor_figshare/1071.mat,108931,4,2,Hipofiz tümörü,2,Hipofiz tümörü,evet,0.034116,0.000429,0.965455
1071,1072,brain_tumor_figshare/1072.mat,108931,4,2,Hipofiz tümörü,2,Hipofiz tümörü,evet,0.001809,0.000413,0.997778
1072,1073,brain_tumor_figshare/1073.mat,108931,4,2,Hipofiz tümörü,2,Hipofiz tümörü,evet,0.004574,0.001681,0.993745
1073,1074,brain_tumor_figshare/1074.mat,108931,4,2,Hipofiz tümörü,2,Hipofiz tümörü,evet,0.045215,0.005109,0.949676
1074,1075,brain_tumor_figshare/1075.mat,108931,4,2,Hipofiz tümörü,2,Hipofiz tümörü,evet,0.065844,0.026633,0.907523
1075,1076,brain_tumor_figshare/1076.mat,108931,4,2,Hipofiz tümörü,2,Hipofiz tümörü,evet,0.075387,0.064128,0.860485
1076,1077,brain_tumor_figshare/1077.mat,109471,3,2,Hipofiz tümörü,2,Hipofiz tümörü,evet,0.195922,0.173728,0.63035
1077,1078,brain_tumor_figshare/1078.mat,109471,3,2,Hipofiz tümörü,2,Hipofiz tümörü,evet,0.052187,0.00772,0.940093
1078,1079,brain_tumor_figshare/1079.mat,109471,3,2,Hipofiz tümörü,2,Hipofiz tümörü,evet,0.003641,0.001556,0.994802
1079,1080,brain_tumor_figshare/1080.mat,109471,3,2,Hipofiz tümörü,2,Hipofiz tümörü,evet,0.015551,0.002904,0.981545
1080,1081,brain_tumor_figshare/1081.mat,109471,3,2,Hipofiz tümörü,2,Hipofiz tümörü,evet,0.010517,0.024461,0.965022
1081,1082,brain_tumor_figshare/1082.mat,109471,3,2,Hipofiz tümörü,2,Hipofiz tümörü,evet,0.227666,0.05476,0.717574
1082,1083,brain_tumor_figshare/1083.mat,109769,2,2,Hipofiz tümörü,2,Hipofiz tümörü,evet,0.00079,9.3e-05,0.999117
1083,1084,brain_tumor_figshare/1084.mat,109769,2,2,Hipofiz tümörü,2,Hipofiz tümörü,evet,0.000108,0.000236,0.999655
1084,1085,brain_tumor_figshare/1085.mat,109769,2,2,Hipofiz tümörü,2,Hipofiz tümörü,evet,0.005276,0.004872,0.989852
1085,1086,brain_tumor_figshare/1086.mat,109769,2,2,Hipofiz tümörü,2,Hipofiz tümörü,evet,0.000997,0.001771,0.997231
1086,1087,brain_tumor_figshare/1087.mat,109769,2,2,Hipofiz tümörü,2,Hipofiz tümörü,evet,0.025267,0.00062,0.974113
1087,1088,brain_tumor_figshare/1088.mat,109898,3,2,Hipofiz tümörü,2,Hipofiz tümörü,evet,0.030229,0.113907,0.855865
1088,1089,brain_tumor_figshare/1089.mat,109898,3,2,Hipofiz tümörü,2,Hipofiz tümörü,evet,0.087032,0.002387,0.910581
1089,1090,brain_tumor_figshare/1090.mat,109898,3,2,Hipofiz tümörü,2,Hipofiz tümörü,evet,0.096791,0.001011,0.902198
1090,1091,brain_tumor_figshare/1091.mat,109898,3,2,Hipofiz tümörü,2,Hipofiz tümörü,evet,0.017155,0.000851,0.981993
1091,1092,brain_tumor_figshare/1092.mat,109898,3,2,Hipofiz tümörü,2,Hipofiz tümörü,evet,0.070028,0.011642,0.91833
1092,1093,brain_tumor_figshare/1093.mat,109898,3,2,Hipofiz tümörü,2,Hipofiz tümörü,evet,0.038679,0.01659,0.944732
1093,1094,brain_tumor_figshare/1094.mat,110518,2,2,Hipofiz tümörü,2,Hipofiz tümörü,evet,0.006631,0.000169,0.9932
1094,1095,brain_tumor_figshare/1095.mat,110518,2,2,Hipofiz tümörü,2,Hipofiz tümörü,evet,0.003152,1.9e-05,0.996829
1095,1096,brain_tumor_figshare/1096.mat,110518,2,2,Hipofiz tümörü,2,Hipofiz tümörü,evet,0.005814,6.7e-05,0.994119
1096,1097,brain_tumor_figshare/1097.mat,110518,2,2,Hipofiz tümörü,2,Hipofiz tümörü,evet,0.037225,0.000148,0.962627
1097,1098,brain_tumor_figshare/1098.mat,110518,2,2,Hipofiz tümörü,2,Hipofiz tümörü,evet,0.003644,4.6e-05,0.99631
1098,1099,brain_tumor_figshare/1099.mat,110518,2,2,Hipofiz tümörü,2,Hipofiz tümörü,evet,0.004841,0.000598,0.994561
1099,1100,brain_tumor_figshare/1100.mat,110537,5,2,Hipofiz tümörü,2,Hipofiz tümörü,evet,0.046805,0.000358,0.952837
1100,1101,brain_tumor_figshare/1101.mat,110537,5,2,Hipofiz tümörü,2,Hipofiz tümörü,evet,0.026618,0.001999,0.971383
1101,1102,brain_tumor_figshare/1102.mat,110537,5,2,Hipofiz tümörü,2,Hipofiz tümörü,evet,0.034165,0.014478,0.951357
1102,1103,brain_tumor_figshare/1103.mat,110537,5,2,Hipofiz tümörü,2,Hipofiz tümörü,evet,0.018007,0.188692,0.7933
1103,1104,brain_tumor_figshare/1104.mat,110537,5,2,Hipofiz tümörü,2,Hipofiz tümörü,evet,0.04874,0.162402,0.788859
1104,1105,brain_tumor_figshare/1105.mat,110537,5,2,Hipofiz tümörü,2,Hipofiz tümörü,evet,0.021628,0.046228,0.932144
1105,1106,brain_tumor_figshare/1106.mat,110537,5,2,Hipofiz tümörü,2,Hipofiz tümörü,evet,0.06835,0.260714,0.670936
1106,1107,brain_tumor_figshare/1107.mat,110993,4,2,Hipofiz tümörü,2,Hipofiz tümörü,evet,0.001886,0.000634,0.99748
1107,1108,brain_tumor_figshare/1108.mat,110993,4,2,Hipofiz tümörü,2,Hipofiz tümörü,evet,0.002721,0.002019,0.99526
1108,1109,brain_tumor_figshare/1109.mat,110993,4,2,Hipofiz tümörü,2,Hipofiz tümörü,evet,0.001106,6.2e-05,0.998832
1109,1110,brain_tumor_figshare/1110.mat,110993,4,2,Hipofiz tümörü,2,Hipofiz tümörü,evet,0.003545,3e-06,0.996452
1110,1111,brain_tumor_figshare/1111.mat,110993,4,2,Hipofiz tümörü,2,Hipofiz tümörü,evet,0.001378,2.5e-05,0.998597
1111,1112,brain_tumor_figshare/1112.mat,111075,2,2,Hipofiz tümörü,0,Meningiom,hayır,0.47295,0.10289,0.42416
1112,1113,brain_tumor_figshare/1113.mat,111075,2,2,Hipofiz tümörü,0,Meningiom,hayır,0.762047,0.056068,0.181886
1113,1114,brain_tumor_figshare/1114.mat,111075,2,2,Hipofiz tümörü,2,Hipofiz tümörü,evet,0.149464,0.072713,0.777823
1114,1115,brain_tumor_figshare/1115.mat,111075,2,2,Hipofiz tümörü,1,Gliom,hayır,0.058329,0.585709,0.355962
1115,1116,brain_tumor_figshare/1116.mat,111075,2,2,Hipofiz tümörü,2,Hipofiz tümörü,evet,0.045031,0.037154,0.917814
1116,1117,brain_tumor_figshare/1117.mat,111075,2,2,Hipofiz tümörü,2,Hipofiz tümörü,evet,0.148225,0.03705,0.814725
1117,1118,brain_tumor_figshare/1118.mat,111125,5,2,Hipofiz tümörü,2,Hipofiz tümörü,evet,0.004074,0.004105,0.991822
1118,1119,brain_tumor_figshare/1119.mat,111125,5,2,Hipofiz tümörü,2,Hipofiz tümörü,evet,0.00621,0.000845,0.992945
1119,1120,brain_tumor_figshare/1120.mat,111125,5,2,Hipofiz tümörü,2,Hipofiz tümörü,evet,0.020526,0.017884,0.96159
1120,1121,brain_tumor_figshare/1121.mat,111125,5,2,Hipofiz tümörü,2,Hipofiz tümörü,evet,0.022009,0.00561,0.972381
1121,1122,brain_tumor_figshare/1122.mat,111125,5,2,Hipofiz tümörü,2,Hipofiz tümörü,evet,0.0172,4e-06,0.982796
1122,1123,brain_tumor_figshare/1123.mat,111125,5,2,Hipofiz tümörü,2,Hipofiz tümörü,evet,0.007086,7e-06,0.992907
1123,1124,brain_tumor_figshare/1124.mat,111785,5,2,Hipofiz tümörü,2,Hipofiz tümörü,evet,0.228978,0.228074,0.542948
1124,1125,brain_tumor_figshare/1125.mat,111785,5,2,Hipofiz tümörü,2,Hipofiz tümörü,evet,0.158204,0.159109,0.682687
1125,1126,brain_tumor_figshare/1126.mat,111785,5,2,Hipofiz tümörü,2,Hipofiz tümörü,evet,0.124764,0.015651,0.859585
1126,1127,brain_tumor_figshare/1127.mat,111785,5,2,Hipofiz tümörü,2,Hipofiz tümörü,evet,0.028893,0.001068,0.970039
1127,1128,brain_tumor_figshare/1128.mat,111785,5,2,Hipofiz tümörü,2,Hipofiz tümörü,evet,0.107412,0.026305,0.866283
1128,1129,brain_tumor_figshare/1129.mat,112074,1,2,Hipofiz tümörü,0,Meningiom,hayır,0.978585,0.002935,0.01848
1129,1130,brain_tumor_figshare/1130.mat,112074,1,2,Hipofiz tümörü,0,Meningiom,hayır,0.806725,0.145462,0.047813
1130,1131,brain_tumor_figshare/1131.mat,112074,1,2,Hipofiz tümörü,0,Meningiom,hayır,0.835566,0.084057,0.080377
1131,1132,brain_tumor_figshare/1132.mat,112074,1,2,Hipofiz tümörü,0,Meningiom,hayır,0.918293,0.011555,0.070152
1132,1133,brain_tumor_figshare/1133.mat,112074,1,2,Hipofiz tümörü,0,Meningiom,hayır,0.459833,0.444629,0.095538
1133,1134,brain_tumor_figshare/1134.mat,112649,5,2,Hipofiz tümörü,2,Hipofiz tümörü,evet,0.055268,2.5e-05,0.944706
1134,1135,brain_tumor_figshare/1135.mat,112649,5,2,Hipofiz tümörü,2,Hipofiz tümörü,evet,0.010459,0.000151,0.98939
1135,1136,brain_tumor_figshare/1136.mat,112649,5,2,Hipofiz tümörü,2,Hipofiz tümörü,evet,0.016813,7.8e-05,0.983109
1136,1137,brain_tumor_figshare/1137.mat,112649,5,2,Hipofiz tümörü,2,Hipofiz tümörü,evet,0.009085,9.8e-05,0.990816
1137,1138,brain_tumor_figshare/1138.mat,112649,5,2,Hipofiz tümörü,2,Hipofiz tümörü,evet,0.068287,0.001533,0.93018
1138,1139,brain_tumor_figshare/1139.mat,112649,5,2,Hipofiz tümörü,2,Hipofiz tümörü,evet,0.056411,0.101153,0.842435
1139,1140,brain_tumor_figshare/1140.mat,112746,1,2,Hipofiz tümörü,2,Hipofiz tümörü,evet,0.008173,0.002202,0.989625
1140,1141,brain_tumor_figshare/1141.mat,112746,1,2,Hipofiz tümörü,2,Hipofiz tümörü,evet,0.047951,0.000215,0.951835
1141,1142,brain_tumor_figshare/1142.mat,112746,1,2,Hipofiz tümörü,2,Hipofiz tümörü,evet,0.027157,6.6e-05,0.972777
1142,1143,brain_tumor_figshare/1143.mat,112746,1,2,Hipofiz tümörü,2,Hipofiz tümörü,evet,0.056073,0.01205,0.931878
1143,1144,brain_tumor_figshare/1144.mat,112847,5,2,Hipofiz tümörü,2,Hipofiz tümörü,evet,0.098855,0.000467,0.900678
1144,1145,brain_tumor_figshare/1145.mat,112847,5,2,Hipofiz tümörü,2,Hipofiz tümörü,evet,0.078037,0.000322,0.921641
1145,1146,brain_tumor_figshare/1146.mat,112847,5,2,Hipofiz tümörü,2,Hipofiz tümörü,evet,0.162934,0.000112,0.836954
1146,1147,brain_tumor_figshare/1147.mat,112847,5,2,Hipofiz tümörü,2,Hipofiz tümörü,evet,0.148979,0.000237,0.850785
1147,1148,brain_tumor_figshare/1148.mat,113274,3,2,Hipofiz tümörü,2,Hipofiz tümörü,evet,0.018637,0.003988,0.977375
1148,1149,brain_tumor_figshare/1149.mat,113274,3,2,Hipofiz tümörü,2,Hipofiz tümörü,evet,0.022429,8e-06,0.977563
1149,1150,brain_tumor_figshare/1150.mat,113274,3,2,Hipofiz tümörü,2,Hipofiz tümörü,evet,0.105654,0.000131,0.894215
1150,1151,brain_tumor_figshare/1151.mat,113741,3,2,Hipofiz tümörü,2,Hipofiz tümörü,evet,0.120466,0.176751,0.702783
1151,1152,brain_tumor_figshare/1152.mat,113741,3,2,Hipofiz tümörü,2,Hipofiz tümörü,evet,0.157598,0.022888,0.819514
1152,1153,brain_tumor_figshare/1153.mat,113741,3,2,Hipofiz tümörü,2,Hipofiz tümörü,evet,0.039401,0.040433,0.920166
1153,1154,brain_tumor_figshare/1154.mat,114040,4,2,Hipofiz tümörü,0,Meningiom,hayır,0.513325,0.102741,0.383934
1154,1155,brain_tumor_figshare/1155.mat,114040,4,2,Hipofiz tümörü,2,Hipofiz tümörü,evet,0.289723,0.333483,0.376794
1155,1156,brain_tumor_figshare/1156.mat,114040,4,2,Hipofiz tümörü,1,Gliom,hayır,0.101066,0.722666,0.176268
1156,1157,brain_tumor_figshare/1157.mat,114361,4,2,Hipofiz tümörü,2,Hipofiz tümörü,evet,0.15875,0.006745,0.834505
1157,1158,brain_tumor_figshare/1158.mat,114361,4,2,Hipofiz tümörü,2,Hipofiz tümörü,evet,0.151051,0.014179,0.83477
1158,1159,brain_tumor_figshare/1159.mat,114361,4,2,Hipofiz tümörü,2,Hipofiz tümörü,evet,0.221484,0.003054,0.775461
1159,1160,brain_tumor_figshare/1160.mat,114361,4,2,Hipofiz tümörü,2,Hipofiz tümörü,evet,0.369347,0.106214,0.524439
1160,1161,brain_tumor_figshare/1161.mat,114094,1,2,Hipofiz tümörü,0,Meningiom,hayır,0.571761,0.000603,0.427635
1161,1162,brain_tumor_figshare/1162.mat,114094,1,2,Hipofiz tümörü,2,Hipofiz tümörü,evet,0.235264,0.000893,0.763844
1162,1163,brain_tumor_figshare/1163.mat,114094,1,2,Hipofiz tümörü,2,Hipofiz tümörü,evet,0.089273,0.000621,0.910106
1163,1164,brain_tumor_figshare/1164.mat,114094,1,2,Hipofiz tümörü,2,Hipofiz tümörü,evet,0.031832,0.015879,0.952289
1164,1165,brain_tumor_figshare/1165.mat,114094,1,2,Hipofiz tümörü,2,Hipofiz tümörü,evet,0.029637,0.027151,0.943212
1165,1166,brain_tumor_figshare/1166.mat,105936,5,2,Hipofiz tümörü,2,Hipofiz tümörü,evet,0.001448,3e-06,0.998548
1166,1167,brain_tumor_figshare/1167.mat,105936,5,2,Hipofiz tümörü,2,Hipofiz tümörü,evet,0.000952,1e-06,0.999047
1167,1168,brain_tumor_figshare/1168.mat,105936,5,2,Hipofiz tümörü,2,Hipofiz tümörü,evet,0.003568,0.0,0.996432
1168,1169,brain_tumor_figshare/1169.mat,106062,3,2,Hipofiz tümörü,2,Hipofiz tümörü,evet,0.006217,0.000329,0.993454
1169,1170,brain_tumor_figshare/1170.mat,106062,3,2,Hipofiz tümörü,2,Hipofiz tümörü,evet,0.003348,0.000113,0.996539
1170,1171,brain_tumor_figshare/1171.mat,106062,3,2,Hipofiz tümörü,2,Hipofiz tümörü,evet,0.0038,8.4e-05,0.996116
1171,1172,brain_tumor_figshare/1172.mat,106062,3,2,Hipofiz tümörü,2,Hipofiz tümörü,evet,0.007105,6.1e-05,0.992834
1172,1173,brain_tumor_figshare/1173.mat,106062,3,2,Hipofiz tümörü,2,Hipofiz tümörü,evet,0.004883,4e-05,0.995076
1173,1174,brain_tumor_figshare/1174.mat,106062,3,2,Hipofiz tümörü,2,Hipofiz tümörü,evet,0.006541,0.000149,0.99331
1174,1175,brain_tumor_figshare/1175.mat,106062,3,2,Hipofiz tümörü,2,Hipofiz tümörü,evet,0.043979,0.00123,0.954791
1175,1176,brain_tumor_figshare/1176.mat,107495,3,2,Hipofiz tümörü,2,Hipofiz tümörü,evet,0.061506,0.000311,0.938183
1176,1177,brain_tumor_figshare/1177.mat,107495,3,2,Hipofiz tümörü,2,Hipofiz tümörü,evet,0.15155,0.000983,0.847467
1177,1178,brain_tumor_figshare/1178.mat,107495,3,2,Hipofiz tümörü,2,Hipofiz tümörü,evet,0.18583,0.013101,0.801069
1178,1179,brain_tumor_figshare/1179.mat,107495,3,2,Hipofiz tümörü,2,Hipofiz tümörü,evet,0.107409,0.00854,0.884051
1179,1180,brain_tumor_figshare/1180.mat,107495,3,2,Hipofiz tümörü,2,Hipofiz tümörü,evet,0.021714,0.002052,0.976234
1180,1181,brain_tumor_figshare/1181.mat,107495,3,2,Hipofiz tümörü,2,Hipofiz tümörü,evet,0.027815,0.000427,0.971758
1181,1182,brain_tumor_figshare/1182.mat,107429,1,2,Hipofiz tümörü,2,Hipofiz tümörü,evet,0.247756,0.024372,0.727872
1182,1183,brain_tumor_figshare/1183.mat,107429,1,2,Hipofiz tümörü,2,Hipofiz tümörü,evet,0.126377,0.000947,0.872676
1183,1184,brain_tumor_figshare/1184.mat,107429,1,2,Hipofiz tümörü,2,Hipofiz tümörü,evet,0.074778,0.000868,0.924354
1184,1185,brain_tumor_figshare/1185.mat,107429,1,2,Hipofiz tümörü,2,Hipofiz tümörü,evet,0.14362,0.000553,0.855827
1185,1186,brain_tumor_figshare/1186.mat,107429,1,2,Hipofiz tümörü,2,Hipofiz tümörü,evet,0.198189,0.000882,0.800929
1186,1187,brain_tumor_figshare/1187.mat,107429,1,2,Hipofiz tümörü,2,Hipofiz tümörü,evet,0.211974,0.005058,0.782968
1187,1188,brain_tumor_figshare/1188.mat,107429,1,2,Hipofiz tümörü,2,Hipofiz tümörü,evet,0.221841,0.024488,0.753671
1188,1189,brain_tumor_figshare/1189.mat,107505,5,2,Hipofiz tümörü,2,Hipofiz tümörü,evet,0.091835,0.002598,0.905567
1189,1190,brain_tumor_figshare/1190.mat,107505,5,2,Hipofiz tümörü,2,Hipofiz tümörü,evet,0.044971,0.014444,0.940585
1190,1191,brain_tumor_figshare/1191.mat,107505,5,2,Hipofiz tümörü,2,Hipofiz tümörü,evet,0.023597,0.012759,0.963644
1191,1192,brain_tumor_figshare/1192.mat,107505,5,2,Hipofiz tümörü,2,Hipofiz tümörü,evet,0.07217,0.03619,0.891641
1192,1193,brain_tumor_figshare/1193.mat,107505,5,2,Hipofiz tümörü,2,Hipofiz tümörü,evet,0.035222,0.005356,0.959422
1193,1194,brain_tumor_figshare/1194.mat,107743,5,2,Hipofiz tümörü,2,Hipofiz tümörü,evet,0.030391,5.3e-05,0.969556
1194,1195,brain_tumor_figshare/1195.mat,107743,5,2,Hipofiz tümörü,2,Hipofiz tümörü,evet,0.01412,0.000924,0.984957
1195,1196,brain_tumor_figshare/1196.mat,107743,5,2,Hipofiz tümörü,2,Hipofiz tümörü,evet,0.022428,0.001404,0.976168
1196,1197,brain_tumor_figshare/1197.mat,107743,5,2,Hipofiz tümörü,2,Hipofiz tümörü,evet,0.02175,0.000661,0.97759
1197,1198,brain_tumor_figshare/1198.mat,108858,1,2,Hipofiz tümörü,2,Hipofiz tümörü,evet,0.049958,0.001223,0.948819
1198,1199,brain_tumor_figshare/1199.mat,108858,1,2,Hipofiz tümörü,2,Hipofiz tümörü,evet,0.012062,0.010372,0.977566
1199,1200,brain_tumor_figshare/1200.mat,108858,1,2,Hipofiz tümörü,2,Hipofiz tümörü,evet,0.010459,0.003427,0.986114
1200,1201,brain_tumor_figshare/1201.mat,108858,1,2,Hipofiz tümörü,2,Hipofiz tümörü,evet,0.015749,0.01431,0.969941
1201,1202,brain_tumor_figshare/1202.mat,108858,1,2,Hipofiz tümörü,2,Hipofiz tümörü,evet,0.019332,0.001107,0.979561
1202,1203,brain_tumor_figshare/1203.mat,108931,4,2,Hipofiz tümörü,2,Hipofiz tümörü,evet,0.002978,9.2e-05,0.99693
1203,1204,brain_tumor_figshare/1204.mat,108931,4,2,Hipofiz tümörü,2,Hipofiz tümörü,evet,0.005651,1.3e-05,0.994336
1204,1205,brain_tumor_figshare/1205.mat,108931,4,2,Hipofiz tümörü,2,Hipofiz tümörü,evet,0.007327,0.000262,0.992411
1205,1206,brain_tumor_figshare/1206.mat,108931,4,2,Hipofiz tümörü,2,Hipofiz tümörü,evet,0.001683,8e-06,0.998308
1206,1207,brain_tumor_figshare/1207.mat,108931,4,2,Hipofiz tümörü,2,Hipofiz tümörü,evet,0.000526,3e-06,0.999471
1207,1208,brain_tumor_figshare/1208.mat,109471,3,2,Hipofiz tümörü,2,Hipofiz tümörü,evet,0.12809,0.043781,0.828129
1208,1209,brain_tumor_figshare/1209.mat,109471,3,2,Hipofiz tümörü,2,Hipofiz tümörü,evet,0.024909,0.006577,0.968514
1209,1210,brain_tumor_figshare/1210.mat,109471,3,2,Hipofiz tümörü,2,Hipofiz tümörü,evet,0.014311,0.003703,0.981985
1210,1211,brain_tumor_figshare/1211.mat,109471,3,2,Hipofiz tümörü,2,Hipofiz tümörü,evet,0.018741,0.002011,0.979247
1211,1212,brain_tumor_figshare/1212.mat,109471,3,2,Hipofiz tümörü,2,Hipofiz tümörü,evet,0.015947,0.005178,0.978875
1212,1213,brain_tumor_figshare/1213.mat,109471,3,2,Hipofiz tümörü,2,Hipofiz tümörü,evet,0.021868,0.002563,0.975569
1213,1214,brain_tumor_figshare/1214.mat,109769,2,2,Hipofiz tümörü,2,Hipofiz tümörü,evet,5.9e-05,0.0,0.999941
1214,1215,brain_tumor_figshare/1215.mat,109769,2,2,Hipofiz tümörü,2,Hipofiz tümörü,evet,6.6e-05,1e-06,0.999933
1215,1216,brain_tumor_figshare/1216.mat,109769,2,2,Hipofiz tümörü,2,Hipofiz tümörü,evet,7.3e-05,0.0,0.999927
1216,1217,brain_tumor_figshare/1217.mat,109769,2,2,Hipofiz tümörü,2,Hipofiz tümörü,evet,0.000428,4.8e-05,0.999524
1217,1218,brain_tumor_figshare/1218.mat,109769,2,2,Hipofiz tümörü,2,Hipofiz tümörü,evet,0.00025,2e-06,0.999748
1218,1219,brain_tumor_figshare/1219.mat,109898,3,2,Hipofiz tümörü,2,Hipofiz tümörü,evet,0.023192,0.000225,0.976582
1219,1220,brain_tumor_figshare/1220.mat,109898,3,2,Hipofiz tümörü,2,Hipofiz tümörü,evet,0.030726,0.00155,0.967724
1220,1221,brain_tumor_figshare/1221.mat,109898,3,2,Hipofiz tümörü,2,Hipofiz tümörü,evet,0.002358,0.00029,0.997353
1221,1222,brain_tumor_figshare/1222.mat,110518,2,2,Hipofiz tümörü,2,Hipofiz tümörü,evet,0.009925,1.6e-05,0.99006
1222,1223,brain_tumor_figshare/1223.mat,110518,2,2,Hipofiz tümörü,2,Hipofiz tümörü,evet,0.030203,0.000117,0.96968
1223,1224,brain_tumor_figshare/1224.mat,110518,2,2,Hipofiz tümörü,2,Hipofiz tümörü,evet,0.004379,2e-06,0.995619
1224,1225,brain_tumor_figshare/1225.mat,110518,2,2,Hipofiz tümörü,2,Hipofiz tümörü,evet,0.004422,6e-05,0.995518
1225,1226,brain_tumor_figshare/1226.mat,110537,5,2,Hipofiz tümörü,2,Hipofiz tümörü,evet,0.031091,0.000887,0.968022
1226,1227,brain_tumor_figshare/1227.mat,110537,5,2,Hipofiz tümörü,2,Hipofiz tümörü,evet,0.031109,0.000165,0.968726
1227,1228,brain_tumor_figshare/1228.mat,110537,5,2,Hipofiz tümörü,2,Hipofiz tümörü,evet,0.01375,0.001068,0.985182
1228,1229,brain_tumor_figshare/1229.mat,110537,5,2,Hipofiz tümörü,2,Hipofiz tümörü,evet,0.013312,0.00232,0.984368
1229,1230,brain_tumor_figshare/1230.mat,110993,4,2,Hipofiz tümörü,2,Hipofiz tümörü,evet,0.007338,0.013649,0.979013
1230,1231,brain_tumor_figshare/1231.mat,110993,4,2,Hipofiz tümörü,2,Hipofiz tümörü,evet,0.007681,0.000982,0.991337
1231,1232,brain_tumor_figshare/1232.mat,110993,4,2,Hipofiz tümörü,2,Hipofiz tümörü,evet,0.026481,0.002822,0.970697
1232,1233,brain_tumor_figshare/1233.mat,111075,2,2,Hipofiz tümörü,2,Hipofiz tümörü,evet,0.035648,0.000295,0.964057
1233,1234,brain_tumor_figshare/1234.mat,111075,2,2,Hipofiz tümörü,2,Hipofiz tümörü,evet,0.038594,6.2e-05,0.961345
1234,1235,brain_tumor_figshare/1235.mat,111075,2,2,Hipofiz tümörü,2,Hipofiz tümörü,evet,0.047451,0.000149,0.9524
1235,1236,brain_tumor_figshare/1236.mat,111075,2,2,Hipofiz tümörü,2,Hipofiz tümörü,evet,0.018075,0.000184,0.981741
1236,1237,brain_tumor_figshare/1237.mat,111075,2,2,Hipofiz tümörü,2,Hipofiz tümörü,evet,0.043016,0.000356,0.956629
1237,1238,brain_tumor_figshare/1238.mat,111125,5,2,Hipofiz tümörü,2,Hipofiz tümörü,evet,0.01407,0.006002,0.979928
1238,1239,brain_tumor_figshare/1239.mat,111125,5,2,Hipofiz tümörü,2,Hipofiz tümörü,evet,0.095544,0.015268,0.889188
1239,1240,brain_tumor_figshare/1240.mat,111125,5,2,Hipofiz tümörü,2,Hipofiz tümörü,evet,0.008674,0.008476,0.98285
1240,1241,brain_tumor_figshare/1241.mat,111125,5,2,Hipofiz tümörü,2,Hipofiz tümörü,evet,0.014959,0.005598,0.979443
1241,1242,brain_tumor_figshare/1242.mat,111785,5,2,Hipofiz tümörü,2,Hipofiz tümörü,evet,0.054929,0.000839,0.944232
1242,1243,brain_tumor_figshare/1243.mat,111785,5,2,Hipofiz tümörü,2,Hipofiz tümörü,evet,0.066776,0.001411,0.931813
1243,1244,brain_tumor_figshare/1244.mat,111785,5,2,Hipofiz tümörü,2,Hipofiz tümörü,evet,0.034879,0.000704,0.964417
1244,1245,brain_tumor_figshare/1245.mat,111785,5,2,Hipofiz tümörü,2,Hipofiz tümörü,evet,0.069429,0.000291,0.93028
1245,1246,brain_tumor_figshare/1246.mat,112074,1,2,Hipofiz tümörü,2,Hipofiz tümörü,evet,0.132107,0.002723,0.86517
1246,1247,brain_tumor_figshare/1247.mat,112074,1,2,Hipofiz tümörü,2,Hipofiz tümörü,evet,0.399986,0.003909,0.596104
1247,1248,brain_tumor_figshare/1248.mat,112074,1,2,Hipofiz tümörü,2,Hipofiz tümörü,evet,0.446127,0.005584,0.548289
1248,1249,brain_tumor_figshare/1249.mat,112074,1,2,Hipofiz tümörü,0,Meningiom,hayır,0.543909,0.011501,0.44459
1249,1250,brain_tumor_figshare/1250.mat,112074,1,2,Hipofiz tümörü,2,Hipofiz tümörü,evet,0.276555,0.007506,0.715939
1250,1251,brain_tumor_figshare/1251.mat,112649,5,2,Hipofiz tümörü,2,Hipofiz tümörü,evet,0.029898,0.000101,0.970001
1251,1252,brain_tumor_figshare/1252.mat,112649,5,2,Hipofiz tümörü,2,Hipofiz tümörü,evet,0.0144,2.9e-05,0.985571
1252,1253,brain_tumor_figshare/1253.mat,112649,5,2,Hipofiz tümörü,2,Hipofiz tümörü,evet,0.015422,1.9e-05,0.984559
1253,1254,brain_tumor_figshare/1254.mat,112649,5,2,Hipofiz tümörü,2,Hipofiz tümörü,evet,0.041637,0.000344,0.958019
1254,1255,brain_tumor_figshare/1255.mat,112649,5,2,Hipofiz tümörü,2,Hipofiz tümörü,evet,0.013738,0.00011,0.986152
1255,1256,brain_tumor_figshare/1256.mat,112746,1,2,Hipofiz tümörü,2,Hipofiz tümörü,evet,0.030513,0.00201,0.967478
1256,1257,brain_tumor_figshare/1257.mat,112746,1,2,Hipofiz tümörü,2,Hipofiz tümörü,evet,0.014338,0.001639,0.984023
1257,1258,brain_tumor_figshare/1258.mat,112746,1,2,Hipofiz tümörü,2,Hipofiz tümörü,evet,0.035688,6.4e-05,0.964249
1258,1259,brain_tumor_figshare/1259.mat,112746,1,2,Hipofiz tümörü,2,Hipofiz tümörü,evet,0.013317,0.000239,0.986443
1259,1260,brain_tumor_figshare/1260.mat,112746,1,2,Hipofiz tümörü,2,Hipofiz tümörü,evet,0.045161,0.00276,0.952079
1260,1261,brain_tumor_figshare/1261.mat,112847,5,2,Hipofiz tümörü,2,Hipofiz tümörü,evet,0.067594,0.00013,0.932276
1261,1262,brain_tumor_figshare/1262.mat,112847,5,2,Hipofiz tümörü,2,Hipofiz tümörü,evet,0.067762,0.00204,0.930198
1262,1263,brain_tumor_figshare/1263.mat,112847,5,2,Hipofiz tümörü,2,Hipofiz tümörü,evet,0.030417,2.6e-05,0.969558
1263,1264,brain_tumor_figshare/1264.mat,112847,5,2,Hipofiz tümörü,2,Hipofiz tümörü,evet,0.054227,0.000108,0.945665
1264,1265,brain_tumor_figshare/1265.mat,112847,5,2,Hipofiz tümörü,2,Hipofiz tümörü,evet,0.049093,0.000348,0.950559
1265,1266,brain_tumor_figshare/1266.mat,113274,3,2,Hipofiz tümörü,2,Hipofiz tümörü,evet,0.2195,0.005144,0.775356
1266,1267,brain_tumor_figshare/1267.mat,113274,3,2,Hipofiz tümörü,2,Hipofiz tümörü,evet,0.233301,0.015507,0.751193
1267,1268,brain_tumor_figshare/1268.mat,113274,3,2,Hipofiz tümörü,0,Meningiom,hayır,0.499841,0.006596,0.493562
1268,1269,brain_tumor_figshare/1269.mat,113274,3,2,Hipofiz tümörü,0,Meningiom,hayır,0.65545,0.004005,0.340545
1269,1270,brain_tumor_figshare/1270.mat,113741,3,2,Hipofiz tümörü,2,Hipofiz tümörü,evet,0.014609,0.000933,0.984458
1270,1271,brain_tumor_figshare/1271.mat,113741,3,2,Hipofiz tümörü,2,Hipofiz tümörü,evet,0.02349,0.00099,0.97552
1271,1272,brain_tumor_figshare/1272.mat,113741,3,2,Hipofiz tümörü,2,Hipofiz tümörü,evet,0.000545,6e-06,0.999449
1272,1273,brain_tumor_figshare/1273.mat,114040,4,2,Hipofiz tümörü,2,Hipofiz tümörü,evet,0.050097,0.398177,0.551726
1273,1274,brain_tumor_figshare/1274.mat,114040,4,2,Hipofiz tümörü,2,Hipofiz tümörü,evet,0.094571,0.103509,0.80192
1274,1275,brain_tumor_figshare/1275.mat,114040,4,2,Hipofiz tümörü,2,Hipofiz tümörü,evet,0.034637,0.010202,0.955161
1275,1276,brain_tumor_figshare/1276.mat,114361,4,2,Hipofiz tümörü,2,Hipofiz tümörü,evet,0.183059,0.158601,0.65834
1276,1277,brain_tumor_figshare/1277.mat,114361,4,2,Hipofiz tümörü,2,Hipofiz tümörü,evet,0.120936,0.023257,0.855807
1277,1278,brain_tumor_figshare/1278.mat,114361,4,2,Hipofiz tümörü,2,Hipofiz tümörü,evet,0.235587,0.071299,0.693115
1278,1279,brain_tumor_figshare/1279.mat,114094,1,2,Hipofiz tümörü,2,Hipofiz tümörü,evet,0.100852,0.080326,0.818822
1279,1280,brain_tumor_figshare/1280.mat,114094,1,2,Hipofiz tümörü,2,Hipofiz tümörü,evet,0.088389,0.272701,0.63891
1280,1281,brain_tumor_figshare/1281.mat,114094,1,2,Hipofiz tümörü,2,Hipofiz tümörü,evet,0.074168,0.075636,0.850196
1281,1282,brain_tumor_figshare/1282.mat,114094,1,2,Hipofiz tümörü,2,Hipofiz tümörü,evet,0.115295,0.007054,0.87765
1282,1283,brain_tumor_figshare/1283.mat,101029,1,2,Hipofiz tümörü,2,Hipofiz tümörü,evet,0.034879,0.010533,0.954589
1283,1284,brain_tumor_figshare/1284.mat,101029,1,2,Hipofiz tümörü,2,Hipofiz tümörü,evet,0.126696,0.016071,0.857233
1284,1285,brain_tumor_figshare/1285.mat,101145,2,2,Hipofiz tümörü,2,Hipofiz tümörü,evet,0.17813,3.2e-05,0.821838
1285,1286,brain_tumor_figshare/1286.mat,101145,2,2,Hipofiz tümörü,2,Hipofiz tümörü,evet,0.181637,4.8e-05,0.818315
1286,1287,brain_tumor_figshare/1287.mat,101145,2,2,Hipofiz tümörü,2,Hipofiz tümörü,evet,0.001831,2.2e-05,0.998147
1287,1288,brain_tumor_figshare/1288.mat,101145,2,2,Hipofiz tümörü,2,Hipofiz tümörü,evet,0.002234,0.001413,0.996354
1288,1289,brain_tumor_figshare/1289.mat,101305,3,2,Hipofiz tümörü,2,Hipofiz tümörü,evet,0.001843,6.2e-05,0.998095
1289,1290,brain_tumor_figshare/1290.mat,101305,3,2,Hipofiz tümörü,2,Hipofiz tümörü,evet,0.003014,4.9e-05,0.996937
1290,1291,brain_tumor_figshare/1291.mat,101305,3,2,Hipofiz tümörü,2,Hipofiz tümörü,evet,0.000872,4e-05,0.999087
1291,1292,brain_tumor_figshare/1292.mat,101305,3,2,Hipofiz tümörü,2,Hipofiz tümörü,evet,0.001132,0.000853,0.998016
1292,1293,brain_tumor_figshare/1293.mat,101724,2,2,Hipofiz tümörü,2,Hipofiz tümörü,evet,0.006609,0.001495,0.991896
1293,1294,brain_tumor_figshare/1294.mat,101724,2,2,Hipofiz tümörü,2,Hipofiz tümörü,evet,0.00598,0.002496,0.991524
1294,1295,brain_tumor_figshare/1295.mat,102648,2,2,Hipofiz tümörü,2,Hipofiz tümörü,evet,0.00051,0.017497,0.981993
1295,1296,brain_tumor_figshare/1296.mat,102648,2,2,Hipofiz tümörü,2,Hipofiz tümörü,evet,0.036001,0.095026,0.868973
1296,1297,brain_tumor_figshare/1297.mat,102648,2,2,Hipofiz tümörü,2,Hipofiz tümörü,evet,0.000301,0.004626,0.995073
1297,1298,brain_tumor_figshare/1298.mat,102648,2,2,Hipofiz tümörü,2,Hipofiz tümörü,evet,0.005179,0.015832,0.978989
1298,1299,brain_tumor_figshare/1299.mat,102648,2,2,Hipofiz tümörü,2,Hipofiz tümörü,evet,0.103233,0.012479,0.884288
1299,1300,brain_tumor_figshare/1300.mat,102648,2,2,Hipofiz tümörü,2,Hipofiz tümörü,evet,0.38951,0.016004,0.594486
1300,1301,brain_tumor_figshare/1301.mat,103046,2,2,Hipofiz tümörü,2,Hipofiz tümörü,evet,0.01038,0.000257,0.989362
1301,1302,brain_tumor_figshare/1302.mat,103046,2,2,Hipofiz tümörü,2,Hipofiz tümörü,evet,0.005011,6.5e-05,0.994923
1302,1303,brain_tumor_figshare/1303.mat,103046,2,2,Hipofiz tümörü,2,Hipofiz tümörü,evet,0.051359,0.000485,0.948156
1303,1304,brain_tumor_figshare/1304.mat,103257,4,2,Hipofiz tümörü,2,Hipofiz tümörü,evet,0.009735,0.039602,0.950663
1304,1305,brain_tumor_figshare/1305.mat,103257,4,2,Hipofiz tümörü,2,Hipofiz tümörü,evet,0.006063,0.002646,0.991291
1305,1306,brain_tumor_figshare/1306.mat,103257,4,2,Hipofiz tümörü,2,Hipofiz tümörü,evet,0.005144,0.001836,0.993019
1306,1307,brain_tumor_figshare/1307.mat,103257,4,2,Hipofiz tümörü,2,Hipofiz tümörü,evet,0.023445,0.002796,0.973759
1307,1308,brain_tumor_figshare/1308.mat,103257,4,2,Hipofiz tümörü,2,Hipofiz tümörü,evet,0.031908,0.002086,0.966006
1308,1309,brain_tumor_figshare/1309.mat,103257,4,2,Hipofiz tümörü,2,Hipofiz tümörü,evet,0.077044,0.009344,0.913612
1309,1310,brain_tumor_figshare/1310.mat,103478,5,2,Hipofiz tümörü,2,Hipofiz tümörü,evet,0.076672,0.052439,0.870889
1310,1311,brain_tumor_figshare/1311.mat,103478,5,2,Hipofiz tümörü,2,Hipofiz tümörü,evet,0.032089,0.003431,0.96448
1311,1312,brain_tumor_figshare/1312.mat,103478,5,2,Hipofiz tümörü,2,Hipofiz tümörü,evet,0.071208,0.004238,0.924554
1312,1313,brain_tumor_figshare/1313.mat,103478,5,2,Hipofiz tümörü,2,Hipofiz tümörü,evet,0.083645,0.000694,0.915661
1313,1314,brain_tumor_figshare/1314.mat,103478,5,2,Hipofiz tümörü,2,Hipofiz tümörü,evet,0.302021,0.008979,0.689
1314,1315,brain_tumor_figshare/1315.mat,103478,5,2,Hipofiz tümörü,2,Hipofiz tümörü,evet,0.272089,0.005126,0.722785
1315,1316,brain_tumor_figshare/1316.mat,103478,5,2,Hipofiz tümörü,2,Hipofiz tümörü,evet,0.204046,0.279794,0.51616
1316,1317,brain_tumor_figshare/1317.mat,103582,3,2,Hipofiz tümörü,2,Hipofiz tümörü,evet,0.006902,0.001082,0.992016
1317,1318,brain_tumor_figshare/1318.mat,103582,3,2,Hipofiz tümörü,2,Hipofiz tümörü,evet,0.073961,0.027039,0.899
1318,1319,brain_tumor_figshare/1319.mat,103582,3,2,Hipofiz tümörü,2,Hipofiz tümörü,evet,0.006851,0.157499,0.83565
1319,1320,brain_tumor_figshare/1320.mat,103582,3,2,Hipofiz tümörü,2,Hipofiz tümörü,evet,0.016913,0.003085,0.980002
1320,1321,brain_tumor_figshare/1321.mat,103582,3,2,Hipofiz tümörü,0,Meningiom,hayır,0.761274,0.009328,0.229398
1321,1322,brain_tumor_figshare/1322.mat,103582,3,2,Hipofiz tümörü,0,Meningiom,hayır,0.546929,0.1464,0.306671
1322,1323,brain_tumor_figshare/1323.mat,103670,5,2,Hipofiz tümörü,2,Hipofiz tümörü,evet,0.006435,5.6e-05,0.993509
1323,1324,brain_tumor_figshare/1324.mat,103670,5,2,Hipofiz tümörü,2,Hipofiz tümörü,evet,0.062302,0.000337,0.937361
1324,1325,brain_tumor_figshare/1325.mat,103670,5,2,Hipofiz tümörü,2,Hipofiz tümörü,evet,0.067551,0.006615,0.925833
1325,1326,brain_tumor_figshare/1326.mat,103671,1,2,Hipofiz tümörü,2,Hipofiz tümörü,evet,0.216774,0.005525,0.777701
1326,1327,brain_tumor_figshare/1327.mat,103671,1,2,Hipofiz tümörü,2,Hipofiz tümörü,evet,0.468325,0.001982,0.529693
1327,1328,brain_tumor_figshare/1328.mat,103671,1,2,Hipofiz tümörü,0,Meningiom,hayır,0.601051,0.00136,0.397588
1328,1329,brain_tumor_figshare/1329.mat,103671,1,2,Hipofiz tümörü,0,Meningiom,hayır,0.579304,0.000496,0.4202
1329,1330,brain_tumor_figshare/1330.mat,103731,4,2,Hipofiz tümörü,2,Hipofiz tümörü,evet,0.047184,0.009512,0.943304
1330,1331,brain_tumor_figshare/1331.mat,103731,4,2,Hipofiz tümörü,2,Hipofiz tümörü,evet,0.182016,0.078554,0.73943
1331,1332,brain_tumor_figshare/1332.mat,103731,4,2,Hipofiz tümörü,2,Hipofiz tümörü,evet,0.131185,0.338399,0.530416
1332,1333,brain_tumor_figshare/1333.mat,103731,4,2,Hipofiz tümörü,2,Hipofiz tümörü,evet,0.033617,0.006052,0.960331
1333,1334,brain_tumor_figshare/1334.mat,103731,4,2,Hipofiz tümörü,2,Hipofiz tümörü,evet,0.024153,0.001247,0.9746
1334,1335,brain_tumor_figshare/1335.mat,103731,4,2,Hipofiz tümörü,2,Hipofiz tümörü,evet,0.129599,0.007506,0.862896
1335,1336,brain_tumor_figshare/1336.mat,103731,4,2,Hipofiz tümörü,2,Hipofiz tümörü,evet,0.048601,0.007546,0.943853
1336,1337,brain_tumor_figshare/1337.mat,103731,4,2,Hipofiz tümörü,2,Hipofiz tümörü,evet,0.043745,0.090003,0.866251
1337,1338,brain_tumor_figshare/1338.mat,103731,4,2,Hipofiz tümörü,1,Gliom,hayır,0.068905,0.477896,0.453198
1338,1339,brain_tumor_figshare/1339.mat,103731,4,2,Hipofiz tümörü,2,Hipofiz tümörü,evet,0.157913,0.120143,0.721944
1339,1340,brain_tumor_figshare/1340.mat,103837,2,2,Hipofiz tümörü,2,Hipofiz tümörü,evet,0.000279,3.6e-05,0.999685
1340,1341,brain_tumor_figshare/1341.mat,103837,2,2,Hipofiz tümörü,2,Hipofiz tümörü,evet,0.000167,1.7e-05,0.999816
1341,1342,brain_tumor_figshare/1342.mat,103837,2,2,Hipofiz tümörü,2,Hipofiz tümörü,evet,0.000124,2.3e-05,0.999853
1342,1343,brain_tumor_figshare/1343.mat,103837,2,2,Hipofiz tümörü,2,Hipofiz tümörü,evet,0.000261,7.4e-05,0.999665
1343,1344,brain_tumor_figshare/1344.mat,103837,2,2,Hipofiz tümörü,2,Hipofiz tümörü,evet,0.003421,0.000298,0.996281
1344,1345,brain_tumor_figshare/1345.mat,103837,2,2,Hipofiz tümörü,2,Hipofiz tümörü,evet,0.003368,0.000139,0.996494
1345,1346,brain_tumor_figshare/1346.mat,103837,2,2,Hipofiz tümörü,2,Hipofiz tümörü,evet,0.009321,0.012561,0.978118
1346,1347,brain_tumor_figshare/1347.mat,103837,2,2,Hipofiz tümörü,2,Hipofiz tümörü,evet,0.008559,0.021921,0.969519
1347,1348,brain_tumor_figshare/1348.mat,104019,4,2,Hipofiz tümörü,2,Hipofiz tümörü,evet,0.057666,0.000902,0.941432
1348,1349,brain_tumor_figshare/1349.mat,104019,4,2,Hipofiz tümörü,2,Hipofiz tümörü,evet,0.043195,0.006392,0.950412
1349,1350,brain_tumor_figshare/1350.mat,104019,4,2,Hipofiz tümörü,2,Hipofiz tümörü,evet,0.182987,0.069048,0.747964
1350,1351,brain_tumor_figshare/1351.mat,104019,4,2,Hipofiz tümörü,2,Hipofiz tümörü,evet,0.05941,0.09879,0.841799
1351,1352,brain_tumor_figshare/1352.mat,104558,2,2,Hipofiz tümörü,2,Hipofiz tümörü,evet,0.055656,0.008937,0.935407
1352,1353,brain_tumor_figshare/1353.mat,104558,2,2,Hipofiz tümörü,2,Hipofiz tümörü,evet,0.003796,0.00312,0.993084
1353,1354,brain_tumor_figshare/1354.mat,104558,2,2,Hipofiz tümörü,2,Hipofiz tümörü,evet,0.003641,0.002167,0.994192
1354,1355,brain_tumor_figshare/1355.mat,104558,2,2,Hipofiz tümörü,2,Hipofiz tümörü,evet,0.002056,0.001162,0.996782
1355,1356,brain_tumor_figshare/1356.mat,104558,2,2,Hipofiz tümörü,2,Hipofiz tümörü,evet,0.006568,0.00074,0.992692
1356,1357,brain_tumor_figshare/1357.mat,104558,2,2,Hipofiz tümörü,2,Hipofiz tümörü,evet,0.00595,0.001733,0.992316
1357,1358,brain_tumor_figshare/1358.mat,104558,2,2,Hipofiz tümörü,2,Hipofiz tümörü,evet,0.07219,0.007599,0.920211
1358,1359,brain_tumor_figshare/1359.mat,104558,2,2,Hipofiz tümörü,2,Hipofiz tümörü,evet,0.177748,0.025277,0.796975
1359,1360,brain_tumor_figshare/1360.mat,104684,3,2,Hipofiz tümörü,2,Hipofiz tümörü,evet,0.036635,0.016213,0.947152
1360,1361,brain_tumor_figshare/1361.mat,104684,3,2,Hipofiz tümörü,2,Hipofiz tümörü,evet,0.188518,0.042313,0.769169
1361,1362,brain_tumor_figshare/1362.mat,104684,3,2,Hipofiz tümörü,2,Hipofiz tümörü,evet,0.080769,0.018281,0.90095
1362,1363,brain_tumor_figshare/1363.mat,104684,3,2,Hipofiz tümörü,2,Hipofiz tümörü,evet,0.071091,0.093139,0.83577
1363,1364,brain_tumor_figshare/1364.mat,104684,3,2,Hipofiz tümörü,2,Hipofiz tümörü,evet,0.017086,0.033659,0.949255
1364,1365,brain_tumor_figshare/1365.mat,104684,3,2,Hipofiz tümörü,2,Hipofiz tümörü,evet,0.014156,0.004864,0.980981
1365,1366,brain_tumor_figshare/1366.mat,104684,3,2,Hipofiz tümörü,2,Hipofiz tümörü,evet,0.028983,0.000612,0.970405
1366,1367,brain_tumor_figshare/1367.mat,104684,3,2,Hipofiz tümörü,2,Hipofiz tümörü,evet,0.177098,0.000811,0.822091
1367,1368,brain_tumor_figshare/1368.mat,104684,3,2,Hipofiz tümörü,2,Hipofiz tümörü,evet,0.104977,0.008185,0.886838
1368,1369,brain_tumor_figshare/1369.mat,104912,5,2,Hipofiz tümörü,1,Gliom,hayır,0.026772,0.491529,0.481699
1369,1370,brain_tumor_figshare/1370.mat,104912,5,2,Hipofiz tümörü,2,Hipofiz tümörü,evet,0.027113,0.001237,0.971649
1370,1371,brain_tumor_figshare/1371.mat,104912,5,2,Hipofiz tümörü,2,Hipofiz tümörü,evet,0.048747,0.027396,0.923857
1371,1372,brain_tumor_figshare/1372.mat,104912,5,2,Hipofiz tümörü,2,Hipofiz tümörü,evet,0.032881,0.000812,0.966306
1372,1373,brain_tumor_figshare/1373.mat,104912,5,2,Hipofiz tümörü,2,Hipofiz tümörü,evet,0.019201,0.000527,0.980272
1373,1374,brain_tumor_figshare/1374.mat,105187,1,2,Hipofiz tümörü,2,Hipofiz tümörü,evet,0.200289,0.023209,0.776503
1374,1375,brain_tumor_figshare/1375.mat,105187,1,2,Hipofiz tümörü,2,Hipofiz tümörü,evet,0.063112,0.001825,0.935062
1375,1376,brain_tumor_figshare/1376.mat,105187,1,2,Hipofiz tümörü,2,Hipofiz tümörü,evet,0.094327,0.000546,0.905127
1376,1377,brain_tumor_figshare/1377.mat,105187,1,2,Hipofiz tümörü,2,Hipofiz tümörü,evet,0.103292,0.003252,0.893456
1377,1378,brain_tumor_figshare/1378.mat,105475,1,2,Hipofiz tümörü,2,Hipofiz tümörü,evet,0.352345,0.001222,0.646434
1378,1379,brain_tumor_figshare/1379.mat,105475,1,2,Hipofiz tümörü,2,Hipofiz tümörü,evet,0.151571,0.001446,0.846984
1379,1380,brain_tumor_figshare/1380.mat,105538,4,2,Hipofiz tümörü,0,Meningiom,hayır,0.625407,0.146103,0.22849
1380,1381,brain_tumor_figshare/1381.mat,105538,4,2,Hipofiz tümörü,0,Meningiom,hayır,0.935646,0.002537,0.061817
1381,1382,brain_tumor_figshare/1382.mat,105538,4,2,Hipofiz tümörü,0,Meningiom,hayır,0.653652,0.00971,0.336638
1382,1383,brain_tumor_figshare/1383.mat,105638,4,2,Hipofiz tümörü,2,Hipofiz tümörü,evet,0.025913,0.004589,0.969498
1383,1384,brain_tumor_figshare/1384.mat,105638,4,2,Hipofiz tümörü,2,Hipofiz tümörü,evet,0.034354,0.008342,0.957304
1384,1385,brain_tumor_figshare/1385.mat,105638,4,2,Hipofiz tümörü,2,Hipofiz tümörü,evet,0.012396,4.3e-05,0.987562
1385,1386,brain_tumor_figshare/1386.mat,97416,4,2,Hipofiz tümörü,2,Hipofiz tümörü,evet,0.288342,0.092413,0.619244
1386,1387,brain_tumor_figshare/1387.mat,97416,4,2,Hipofiz tümörü,1,Gliom,hayır,0.19613,0.759596,0.044274
1387,1388,brain_tumor_figshare/1388.mat,97416,4,2,Hipofiz tümörü,2,Hipofiz tümörü,evet,0.072607,0.151583,0.77581
1388,1389,brain_tumor_figshare/1389.mat,97416,4,2,Hipofiz tümörü,0,Meningiom,hayır,0.672176,0.049961,0.277864
1389,1390,brain_tumor_figshare/1390.mat,97416,4,2,Hipofiz tümörü,2,Hipofiz tümörü,evet,0.345816,0.02192,0.632264
1390,1391,brain_tumor_figshare/1391.mat,97416,4,2,Hipofiz tümörü,2,Hipofiz tümörü,evet,0.279485,0.038491,0.682024
1391,1392,brain_tumor_figshare/1392.mat,97416,4,2,Hipofiz tümörü,0,Meningiom,hayır,0.433076,0.163589,0.403335
1392,1393,brain_tumor_figshare/1393.mat,97416,4,2,Hipofiz tümörü,2,Hipofiz tümörü,evet,0.380413,0.116367,0.50322
1393,1394,brain_tumor_figshare/1394.mat,97416,4,2,Hipofiz tümörü,1,Gliom,hayır,0.216007,0.416073,0.367921
1394,1395,brain_tumor_figshare/1395.mat,97461,3,2,Hipofiz tümörü,2,Hipofiz tümörü,evet,0.268296,0.105417,0.626287
1395,1396,brain_tumor_figshare/1396.mat,97461,3,2,Hipofiz tümörü,2,Hipofiz tümörü,evet,0.056723,0.072262,0.871014
1396,1397,brain_tumor_figshare/1397.mat,97461,3,2,Hipofiz tümörü,2,Hipofiz tümörü,evet,0.000883,4.9e-05,0.999067
1397,1398,brain_tumor_figshare/1398.mat,97461,3,2,Hipofiz tümörü,2,Hipofiz tümörü,evet,0.000171,6.1e-05,0.999768
1398,1399,brain_tumor_figshare/1399.mat,97461,3,2,Hipofiz tümörü,2,Hipofiz tümörü,evet,0.00088,0.001628,0.997492
1399,1400,brain_tumor_figshare/1400.mat,97461,3,2,Hipofiz tümörü,2,Hipofiz tümörü,evet,0.000212,0.003674,0.996114
1400,1401,brain_tumor_figshare/1401.mat,97461,3,2,Hipofiz tümörü,2,Hipofiz tümörü,evet,0.003849,0.003516,0.992635
1401,1402,brain_tumor_figshare/1402.mat,97461,3,2,Hipofiz tümörü,2,Hipofiz tümörü,evet,0.00405,0.005422,0.990529
1402,1403,brain_tumor_figshare/1403.mat,97461,3,2,Hipofiz tümörü,2,Hipofiz tümörü,evet,0.019625,0.177002,0.803373
1403,1404,brain_tumor_figshare/1404.mat,97481,2,2,Hipofiz tümörü,0,Meningiom,hayır,0.866629,0.052478,0.080893
1404,1405,brain_tumor_figshare/1405.mat,97481,2,2,Hipofiz tümörü,0,Meningiom,hayır,0.727756,0.008381,0.263863
1405,1406,brain_tumor_figshare/1406.mat,97481,2,2,Hipofiz tümörü,2,Hipofiz tümörü,evet,0.111648,0.085626,0.802726
1406,1407,brain_tumor_figshare/1407.mat,97481,2,2,Hipofiz tümörü,2,Hipofiz tümörü,evet,0.19925,0.004328,0.796422
1407,1408,brain_tumor_figshare/1408.mat,97599,2,2,Hipofiz tümörü,2,Hipofiz tümörü,evet,0.236282,0.228505,0.535213
1408,1409,brain_tumor_figshare/1409.mat,97599,2,2,Hipofiz tümörü,2,Hipofiz tümörü,evet,0.323387,0.010791,0.665822
1409,1410,brain_tumor_figshare/1410.mat,97890,1,2,Hipofiz tümörü,2,Hipofiz tümörü,evet,0.294066,0.000845,0.705089
1410,1411,brain_tumor_figshare/1411.mat,97890,1,2,Hipofiz tümörü,2,Hipofiz tümörü,evet,0.382225,0.000229,0.617546
1411,1412,brain_tumor_figshare/1412.mat,97890,1,2,Hipofiz tümörü,0,Meningiom,hayır,0.642228,0.000241,0.357531
1412,1413,brain_tumor_figshare/1413.mat,97890,1,2,Hipofiz tümörü,2,Hipofiz tümörü,evet,0.252154,0.26566,0.482186
1413,1414,brain_tumor_figshare/1414.mat,98472,3,2,Hipofiz tümörü,2,Hipofiz tümörü,evet,0.003339,0.000184,0.996477
1414,1415,brain_tumor_figshare/1415.mat,98472,3,2,Hipofiz tümörü,2,Hipofiz tümörü,evet,0.018592,0.000485,0.980923
1415,1416,brain_tumor_figshare/1416.mat,98472,3,2,Hipofiz tümörü,2,Hipofiz tümörü,evet,0.025025,0.000176,0.974799
1416,1417,brain_tumor_figshare/1417.mat,98472,3,2,Hipofiz tümörü,2,Hipofiz tümörü,evet,0.019933,0.000351,0.979715
1417,1418,brain_tumor_figshare/1418.mat,98472,3,2,Hipofiz tümörü,2,Hipofiz tümörü,evet,0.132132,0.000416,0.867452
1418,1419,brain_tumor_figshare/1419.mat,98472,3,2,Hipofiz tümörü,2,Hipofiz tümörü,evet,0.154529,0.001716,0.843756
1419,1420,brain_tumor_figshare/1420.mat,98472,3,2,Hipofiz tümörü,2,Hipofiz tümörü,evet,0.167077,0.007554,0.825369
1420,1421,brain_tumor_figshare/1421.mat,98652,3,2,Hipofiz tümörü,2,Hipofiz tümörü,evet,0.034476,0.003791,0.961733
1421,1422,brain_tumor_figshare/1422.mat,98652,3,2,Hipofiz tümörü,2,Hipofiz tümörü,evet,0.007989,0.000622,0.991389
1422,1423,brain_tumor_figshare/1423.mat,98652,3,2,Hipofiz tümörü,2,Hipofiz tümörü,evet,0.043634,0.001998,0.954368
1423,1424,brain_tumor_figshare/1424.mat,98871,4,2,Hipofiz tümörü,2,Hipofiz tümörü,evet,0.058472,0.003515,0.938014
1424,1425,brain_tumor_figshare/1425.mat,98871,4,2,Hipofiz tümörü,2,Hipofiz tümörü,evet,0.016863,0.014997,0.96814
1425,1426,brain_tumor_figshare/1426.mat,98871,4,2,Hipofiz tümörü,2,Hipofiz tümörü,evet,0.10316,0.008092,0.888749
1426,1427,brain_tumor_figshare/1427.mat,98871,4,2,Hipofiz tümörü,2,Hipofiz tümörü,evet,0.377704,0.009233,0.613062
1427,1428,brain_tumor_figshare/1428.mat,98871,4,2,Hipofiz tümörü,2,Hipofiz tümörü,evet,0.385283,0.002756,0.61196
1428,1429,brain_tumor_figshare/1429.mat,98871,4,2,Hipofiz tümörü,2,Hipofiz tümörü,evet,0.149728,0.009425,0.840847
1429,1430,brain_tumor_figshare/1430.mat,98874,1,2,Hipofiz tümörü,2,Hipofiz tümörü,evet,0.019732,0.009368,0.9709
1430,1431,brain_tumor_figshare/1431.mat,98874,1,2,Hipofiz tümörü,2,Hipofiz tümörü,evet,0.177909,0.007974,0.814117
1431,1432,brain_tumor_figshare/1432.mat,98874,1,2,Hipofiz tümörü,2,Hipofiz tümörü,evet,0.44679,0.000771,0.552439
1432,1433,brain_tumor_figshare/1433.mat,98874,1,2,Hipofiz tümörü,2,Hipofiz tümörü,evet,0.485065,0.009549,0.505386
1433,1434,brain_tumor_figshare/1434.mat,98874,1,2,Hipofiz tümörü,1,Gliom,hayır,0.096106,0.803374,0.10052
1434,1435,brain_tumor_figshare/1435.mat,98992,5,2,Hipofiz tümörü,0,Meningiom,hayır,0.466197,0.122205,0.411598
1435,1436,brain_tumor_figshare/1436.mat,98992,5,2,Hipofiz tümörü,2,Hipofiz tümörü,evet,0.107853,0.014867,0.87728
1436,1437,brain_tumor_figshare/1437.mat,98992,5,2,Hipofiz tümörü,2,Hipofiz tümörü,evet,0.174105,0.028423,0.797473
1437,1438,brain_tumor_figshare/1438.mat,98992,5,2,Hipofiz tümörü,2,Hipofiz tümörü,evet,0.40834,0.013393,0.578267
1438,1439,brain_tumor_figshare/1439.mat,98992,5,2,Hipofiz tümörü,2,Hipofiz tümörü,evet,0.200768,0.316312,0.48292
1439,1440,brain_tumor_figshare/1440.mat,98992,5,2,Hipofiz tümörü,1,Gliom,hayır,0.01698,0.931388,0.051632
1440,1441,brain_tumor_figshare/1441.mat,98992,5,2,Hipofiz tümörü,1,Gliom,hayır,0.075102,0.780106,0.144792
1441,1442,brain_tumor_figshare/1442.mat,98995,4,2,Hipofiz tümörü,2,Hipofiz tümörü,evet,0.05106,0.000183,0.948757
1442,1443,brain_tumor_figshare/1443.mat,98995,4,2,Hipofiz tümörü,2,Hipofiz tümörü,evet,0.038736,0.000341,0.960923
1443,1444,brain_tumor_figshare/1444.mat,98995,4,2,Hipofiz tümörü,2,Hipofiz tümörü,evet,0.031901,0.000139,0.96796
1444,1445,brain_tumor_figshare/1445.mat,98995,4,2,Hipofiz tümörü,2,Hipofiz tümörü,evet,0.218865,0.00027,0.780865
1445,1446,brain_tumor_figshare/1446.mat,98995,4,2,Hipofiz tümörü,2,Hipofiz tümörü,evet,0.237736,0.002716,0.759548
1446,1447,brain_tumor_figshare/1447.mat,99223,1,2,Hipofiz tümörü,0,Meningiom,hayır,0.537634,0.118004,0.344363
1447,1448,brain_tumor_figshare/1448.mat,99223,1,2,Hipofiz tümörü,0,Meningiom,hayır,0.602315,0.000202,0.397483
1448,1449,brain_tumor_figshare/1449.mat,99223,1,2,Hipofiz tümörü,2,Hipofiz tümörü,evet,0.116692,0.00013,0.883178
1449,1450,brain_tumor_figshare/1450.mat,99223,1,2,Hipofiz tümörü,2,Hipofiz tümörü,evet,0.100206,0.000677,0.899117
1450,1451,brain_tumor_figshare/1451.mat,99223,1,2,Hipofiz tümörü,2,Hipofiz tümörü,evet,0.01458,0.000239,0.985181
1451,1452,brain_tumor_figshare/1452.mat,99223,1,2,Hipofiz tümörü,2,Hipofiz tümörü,evet,0.026261,0.000254,0.973485
1452,1453,brain_tumor_figshare/1453.mat,99223,1,2,Hipofiz tümörü,2,Hipofiz tümörü,evet,0.479719,0.000266,0.520015
1453,1454,brain_tumor_figshare/1454.mat,99223,1,2,Hipofiz tümörü,0,Meningiom,hayır,0.638481,0.000247,0.361272
1454,1455,brain_tumor_figshare/1455.mat,99223,1,2,Hipofiz tümörü,2,Hipofiz tümörü,evet,0.242358,0.145497,0.612146
1455,1456,brain_tumor_figshare/1456.mat,101017,2,2,Hipofiz tümörü,2,Hipofiz tümörü,evet,0.00217,4.8e-05,0.997782
1456,1457,brain_tumor_figshare/1457.mat,101017,2,2,Hipofiz tümörü,2,Hipofiz tümörü,evet,0.001349,1.1e-05,0.998641
1457,1458,brain_tumor_figshare/1458.mat,101017,2,2,Hipofiz tümörü,2,Hipofiz tümörü,evet,0.001205,1.5e-05,0.99878
1458,1459,brain_tumor_figshare/1459.mat,101017,2,2,Hipofiz tümörü,2,Hipofiz tümörü,evet,0.00408,4e-05,0.99588
1459,1460,brain_tumor_figshare/1460.mat,101017,2,2,Hipofiz tümörü,2,Hipofiz tümörü,evet,0.037081,0.001248,0.961672
1460,1461,brain_tumor_figshare/1461.mat,101017,2,2,Hipofiz tümörü,2,Hipofiz tümörü,evet,0.006352,0.001107,0.992541
1461,1462,brain_tumor_figshare/1462.mat,101029,1,2,Hipofiz tümörü,2,Hipofiz tümörü,evet,0.001039,2e-06,0.998959
1462,1463,brain_tumor_figshare/1463.mat,101029,1,2,Hipofiz tümörü,2,Hipofiz tümörü,evet,0.00364,0.000222,0.996138
1463,1464,brain_tumor_figshare/1464.mat,101029,1,2,Hipofiz tümörü,2,Hipofiz tümörü,evet,0.005842,0.000248,0.993909
1464,1465,brain_tumor_figshare/1465.mat,101029,1,2,Hipofiz tümörü,2,Hipofiz tümörü,evet,0.024004,0.000484,0.975512
1465,1466,brain_tumor_figshare/1466.mat,101029,1,2,Hipofiz tümörü,2,Hipofiz tümörü,evet,0.011705,0.004104,0.984191
1466,1467,brain_tumor_figshare/1467.mat,101029,1,2,Hipofiz tümörü,2,Hipofiz tümörü,evet,0.004633,0.00029,0.995077
1467,1468,brain_tumor_figshare/1468.mat,101145,2,2,Hipofiz tümörü,2,Hipofiz tümörü,evet,0.166172,0.022363,0.811464
1468,1469,brain_tumor_figshare/1469.mat,101145,2,2,Hipofiz tümörü,2,Hipofiz tümörü,evet,0.103748,0.002187,0.894065
1469,1470,brain_tumor_figshare/1470.mat,101145,2,2,Hipofiz tümörü,2,Hipofiz tümörü,evet,0.021271,0.000257,0.978473
1470,1471,brain_tumor_figshare/1471.mat,101145,2,2,Hipofiz tümörü,2,Hipofiz tümörü,evet,0.092848,0.397012,0.51014
1471,1472,brain_tumor_figshare/1472.mat,101305,3,2,Hipofiz tümörü,2,Hipofiz tümörü,evet,0.00684,7.5e-05,0.993084
1472,1473,brain_tumor_figshare/1473.mat,101305,3,2,Hipofiz tümörü,2,Hipofiz tümörü,evet,0.004885,0.000422,0.994692
1473,1474,brain_tumor_figshare/1474.mat,101305,3,2,Hipofiz tümörü,2,Hipofiz tümörü,evet,0.01982,0.005115,0.975064
1474,1475,brain_tumor_figshare/1475.mat,101305,3,2,Hipofiz tümörü,2,Hipofiz tümörü,evet,0.007028,0.009841,0.983131
1475,1476,brain_tumor_figshare/1476.mat,101305,3,2,Hipofiz tümörü,2,Hipofiz tümörü,evet,0.00143,0.0,0.99857
1476,1477,brain_tumor_figshare/1477.mat,101305,3,2,Hipofiz tümörü,2,Hipofiz tümörü,evet,0.006722,1e-06,0.993277
1477,1478,brain_tumor_figshare/1478.mat,101305,3,2,Hipofiz tümörü,2,Hipofiz tümörü,evet,0.03667,3.7e-05,0.963293
1478,1479,brain_tumor_figshare/1479.mat,101305,3,2,Hipofiz tümörü,2,Hipofiz tümörü,evet,0.000891,1.7e-05,0.999092
1479,1480,brain_tumor_figshare/1480.mat,101724,2,2,Hipofiz tümörü,2,Hipofiz tümörü,evet,0.003594,0.011796,0.98461
1480,1481,brain_tumor_figshare/1481.mat,101724,2,2,Hipofiz tümörü,2,Hipofiz tümörü,evet,0.024105,0.00901,0.966884
1481,1482,brain_tumor_figshare/1482.mat,101724,2,2,Hipofiz tümörü,2,Hipofiz tümörü,evet,0.089945,0.077347,0.832708
1482,1483,brain_tumor_figshare/1483.mat,102648,2,2,Hipofiz tümörü,2,Hipofiz tümörü,evet,1.3e-05,5e-06,0.999982
1483,1484,brain_tumor_figshare/1484.mat,102648,2,2,Hipofiz tümörü,2,Hipofiz tümörü,evet,0.000253,8e-06,0.999739
1484,1485,brain_tumor_figshare/1485.mat,102648,2,2,Hipofiz tümörü,2,Hipofiz tümörü,evet,5.5e-05,0.0,0.999945
1485,1486,brain_tumor_figshare/1486.mat,102648,2,2,Hipofiz tümörü,2,Hipofiz tümörü,evet,0.000106,0.0,0.999894
1486,1487,brain_tumor_figshare/1487.mat,102669,5,2,Hipofiz tümörü,2,Hipofiz tümörü,evet,0.034977,0.000253,0.96477
1487,1488,brain_tumor_figshare/1488.mat,102669,5,2,Hipofiz tümörü,2,Hipofiz tümörü,evet,0.015334,0.001255,0.983411
1488,1489,brain_tumor_figshare/1489.mat,103046,2,2,Hipofiz tümörü,2,Hipofiz tümörü,evet,0.025543,5.4e-05,0.974402
1489,1490,brain_tumor_figshare/1490.mat,103046,2,2,Hipofiz tümörü,2,Hipofiz tümörü,evet,0.017425,0.000101,0.982474
1490,1491,brain_tumor_figshare/1491.mat,103046,2,2,Hipofiz tümörü,2,Hipofiz tümörü,evet,0.127237,0.000528,0.872235
1491,1492,brain_tumor_figshare/1492.mat,103046,2,2,Hipofiz tümörü,2,Hipofiz tümörü,evet,0.168917,0.00189,0.829193
1492,1493,brain_tumor_figshare/1493.mat,103257,4,2,Hipofiz tümörü,2,Hipofiz tümörü,evet,0.021111,0.026444,0.952446
1493,1494,brain_tumor_figshare/1494.mat,103257,4,2,Hipofiz tümörü,2,Hipofiz tümörü,evet,0.003806,0.004947,0.991248
1494,1495,brain_tumor_figshare/1495.mat,103257,4,2,Hipofiz tümörü,2,Hipofiz tümörü,evet,0.003299,0.008136,0.988565
1495,1496,brain_tumor_figshare/1496.mat,103257,4,2,Hipofiz tümörü,2,Hipofiz tümörü,evet,0.004098,0.015898,0.980004
1496,1497,brain_tumor_figshare/1497.mat,103257,4,2,Hipofiz tümörü,2,Hipofiz tümörü,evet,0.006224,0.009428,0.984348
1497,1498,brain_tumor_figshare/1498.mat,103478,5,2,Hipofiz tümörü,2,Hipofiz tümörü,evet,0.014375,0.006476,0.97915
1498,1499,brain_tumor_figshare/1499.mat,103478,5,2,Hipofiz tümörü,2,Hipofiz tümörü,evet,0.034308,0.01093,0.954762
1499,1500,brain_tumor_figshare/1500.mat,103478,5,2,Hipofiz tümörü,2,Hipofiz tümörü,evet,0.008509,0.005614,0.985877
1500,1501,brain_tumor_figshare/1501.mat,103478,5,2,Hipofiz tümörü,2,Hipofiz tümörü,evet,0.022441,0.002249,0.97531
1501,1502,brain_tumor_figshare/1502.mat,103478,5,2,Hipofiz tümörü,2,Hipofiz tümörü,evet,0.00399,0.000459,0.995551
1502,1503,brain_tumor_figshare/1503.mat,103478,5,2,Hipofiz tümörü,2,Hipofiz tümörü,evet,0.00439,0.001818,0.993792
1503,1504,brain_tumor_figshare/1504.mat,103478,5,2,Hipofiz tümörü,2,Hipofiz tümörü,evet,0.008838,0.004075,0.987087
1504,1505,brain_tumor_figshare/1505.mat,103478,5,2,Hipofiz tümörü,2,Hipofiz tümörü,evet,0.009881,0.155158,0.834961
1505,1506,brain_tumor_figshare/1506.mat,103582,3,2,Hipofiz tümörü,2,Hipofiz tümörü,evet,0.120839,0.009434,0.869726
1506,1507,brain_tumor_figshare/1507.mat,103582,3,2,Hipofiz tümörü,0,Meningiom,hayır,0.540562,0.024187,0.435252
1507,1508,brain_tumor_figshare/1508.mat,103582,3,2,Hipofiz tümörü,2,Hipofiz tümörü,evet,0.351406,0.002855,0.645739
1508,1509,brain_tumor_figshare/1509.mat,103582,3,2,Hipofiz tümörü,2,Hipofiz tümörü,evet,0.356383,0.019897,0.62372
1509,1510,brain_tumor_figshare/1510.mat,103582,3,2,Hipofiz tümörü,2,Hipofiz tümörü,evet,0.367194,0.21242,0.420387
1510,1511,brain_tumor_figshare/1511.mat,103670,5,2,Hipofiz tümörü,2,Hipofiz tümörü,evet,0.025957,0.006288,0.967755
1511,1512,brain_tumor_figshare/1512.mat,103670,5,2,Hipofiz tümörü,2,Hipofiz tümörü,evet,0.010676,1.7e-05,0.989306
1512,1513,brain_tumor_figshare/1513.mat,103670,5,2,Hipofiz tümörü,2,Hipofiz tümörü,evet,0.06304,0.000262,0.936698
1513,1514,brain_tumor_figshare/1514.mat,103670,5,2,Hipofiz tümörü,2,Hipofiz tümörü,evet,0.030807,0.166459,0.802733
1514,1515,brain_tumor_figshare/1515.mat,103671,1,2,Hipofiz tümörü,2,Hipofiz tümörü,evet,0.152229,0.061819,0.785952
1515,1516,brain_tumor_figshare/1516.mat,103671,1,2,Hipofiz tümörü,2,Hipofiz tümörü,evet,0.116678,0.003772,0.87955
1516,1517,brain_tumor_figshare/1517.mat,103671,1,2,Hipofiz tümörü,2,Hipofiz tümörü,evet,0.133067,0.00169,0.865243
1517,1518,brain_tumor_figshare/1518.mat,103671,1,2,Hipofiz tümörü,2,Hipofiz tümörü,evet,0.113655,0.001774,0.884571
1518,1519,brain_tumor_figshare/1519.mat,103671,1,2,Hipofiz tümörü,2,Hipofiz tümörü,evet,0.186963,0.017322,0.795714
1519,1520,brain_tumor_figshare/1520.mat,103671,1,2,Hipofiz tümörü,2,Hipofiz tümörü,evet,0.290743,0.011789,0.697468
1520,1521,brain_tumor_figshare/1521.mat,103731,4,2,Hipofiz tümörü,2,Hipofiz tümörü,evet,0.09712,0.112484,0.790396
1521,1522,brain_tumor_figshare/1522.mat,103731,4,2,Hipofiz tümörü,2,Hipofiz tümörü,evet,0.094168,0.108389,0.797443
1522,1523,brain_tumor_figshare/1523.mat,103731,4,2,Hipofiz tümörü,2,Hipofiz tümörü,evet,0.072418,0.173539,0.754043
1523,1524,brain_tumor_figshare/1524.mat,103731,4,2,Hipofiz tümörü,1,Gliom,hayır,0.058145,0.532328,0.409528
1524,1525,brain_tumor_figshare/1525.mat,103731,4,2,Hipofiz tümörü,1,Gliom,hayır,0.096581,0.541083,0.362335
1525,1526,brain_tumor_figshare/1526.mat,103731,4,2,Hipofiz tümörü,1,Gliom,hayır,0.182426,0.468618,0.348956
1526,1527,brain_tumor_figshare/1527.mat,103731,4,2,Hipofiz tümörü,2,Hipofiz tümörü,evet,0.096747,0.27355,0.629703
1527,1528,brain_tumor_figshare/1528.mat,103837,2,2,Hipofiz tümörü,2,Hipofiz tümörü,evet,0.134824,0.020105,0.845071
1528,1529,brain_tumor_figshare/1529.mat,103837,2,2,Hipofiz tümörü,2,Hipofiz tümörü,evet,0.019491,0.025141,0.955368
1529,1530,brain_tumor_figshare/1530.mat,103837,2,2,Hipofiz tümörü,2,Hipofiz tümörü,evet,0.014992,0.036182,0.948825
1530,1531,brain_tumor_figshare/1531.mat,103837,2,2,Hipofiz tümörü,2,Hipofiz tümörü,evet,0.036823,0.090953,0.872224
1531,1532,brain_tumor_figshare/1532.mat,103837,2,2,Hipofiz tümörü,2,Hipofiz tümörü,evet,0.038961,0.054345,0.906694
1532,1533,brain_tumor_figshare/1533.mat,104019,4,2,Hipofiz tümörü,2,Hipofiz tümörü,evet,0.0062,0.000967,0.992834
1533,1534,brain_tumor_figshare/1534.mat,104019,4,2,Hipofiz tümörü,2,Hipofiz tümörü,evet,0.052622,0.00044,0.946938
1534,1535,brain_tumor_figshare/1535.mat,104019,4,2,Hipofiz tümörü,2,Hipofiz tümörü,evet,0.067527,0.000555,0.931918
1535,1536,brain_tumor_figshare/1536.mat,104019,4,2,Hipofiz tümörü,2,Hipofiz tümörü,evet,0.035932,0.000396,0.963672
1536,1537,brain_tumor_figshare/1537.mat,104019,4,2,Hipofiz tümörü,2,Hipofiz tümörü,evet,0.046721,0.003488,0.949791
1537,1538,brain_tumor_figshare/1538.mat,104558,2,2,Hipofiz tümörü,2,Hipofiz tümörü,evet,0.377895,0.038807,0.583298
1538,1539,brain_tumor_figshare/1539.mat,104558,2,2,Hipofiz tümörü,2,Hipofiz tümörü,evet,0.280947,0.107986,0.611067
1539,1540,brain_tumor_figshare/1540.mat,104558,2,2,Hipofiz tümörü,2,Hipofiz tümörü,evet,0.142552,0.082393,0.775055
1540,1541,brain_tumor_figshare/1541.mat,104558,2,2,Hipofiz tümörü,2,Hipofiz tümörü,evet,0.097542,0.017623,0.884835
1541,1542,brain_tumor_figshare/1542.mat,104558,2,2,Hipofiz tümörü,2,Hipofiz tümörü,evet,0.063724,0.018804,0.917472
1542,1543,brain_tumor_figshare/1543.mat,104558,2,2,Hipofiz tümörü,2,Hipofiz tümörü,evet,0.049894,0.000825,0.949282
1543,1544,brain_tumor_figshare/1544.mat,104558,2,2,Hipofiz tümörü,2,Hipofiz tümörü,evet,0.036052,0.00571,0.958237
1544,1545,brain_tumor_figshare/1545.mat,104684,3,2,Hipofiz tümörü,2,Hipofiz tümörü,evet,0.425745,0.007345,0.56691
1545,1546,brain_tumor_figshare/1546.mat,104684,3,2,Hipofiz tümörü,2,Hipofiz tümörü,evet,0.115013,0.042332,0.842655
1546,1547,brain_tumor_figshare/1547.mat,104684,3,2,Hipofiz tümörü,2,Hipofiz tümörü,evet,0.07045,0.026616,0.902934
1547,1548,brain_tumor_figshare/1548.mat,104684,3,2,Hipofiz tümörü,2,Hipofiz tümörü,evet,0.069203,0.015128,0.915669
1548,1549,brain_tumor_figshare/1549.mat,104684,3,2,Hipofiz tümörü,2,Hipofiz tümörü,evet,0.160853,0.028348,0.810799
1549,1550,brain_tumor_figshare/1550.mat,104684,3,2,Hipofiz tümörü,2,Hipofiz tümörü,evet,0.172847,0.017501,0.809652
1550,1551,brain_tumor_figshare/1551.mat,104684,3,2,Hipofiz tümörü,2,Hipofiz tümörü,evet,0.128284,0.010825,0.86089
1551,1552,brain_tumor_figshare/1552.mat,104912,5,2,Hipofiz tümörü,2,Hipofiz tümörü,evet,0.022712,0.032441,0.944847
1552,1553,brain_tumor_figshare/1553.mat,104912,5,2,Hipofiz tümörü,2,Hipofiz tümörü,evet,0.036915,0.023726,0.939359
1553,1554,brain_tumor_figshare/1554.mat,104912,5,2,Hipofiz tümörü,2,Hipofiz tümörü,evet,0.027026,3.4e-05,0.97294
1554,1555,brain_tumor_figshare/1555.mat,104912,5,2,Hipofiz tümörü,2,Hipofiz tümörü,evet,0.064371,0.004068,0.931561
1555,1556,brain_tumor_figshare/1556.mat,104912,5,2,Hipofiz tümörü,2,Hipofiz tümörü,evet,0.097154,0.016775,0.886071
1556,1557,brain_tumor_figshare/1557.mat,105187,1,2,Hipofiz tümörü,2,Hipofiz tümörü,evet,0.006465,0.032111,0.961424
1557,1558,brain_tumor_figshare/1558.mat,105187,1,2,Hipofiz tümörü,2,Hipofiz tümörü,evet,0.025652,0.006012,0.968335
1558,1559,brain_tumor_figshare/1559.mat,105187,1,2,Hipofiz tümörü,2,Hipofiz tümörü,evet,0.053229,0.001068,0.945704
1559,1560,brain_tumor_figshare/1560.mat,105187,1,2,Hipofiz tümörü,2,Hipofiz tümörü,evet,0.060237,0.000307,0.939456
1560,1561,brain_tumor_figshare/1561.mat,105187,1,2,Hipofiz tümörü,2,Hipofiz tümörü,evet,0.087502,0.000601,0.911897
1561,1562,brain_tumor_figshare/1562.mat,105187,1,2,Hipofiz tümörü,2,Hipofiz tümörü,evet,0.033754,0.001418,0.964828
1562,1563,brain_tumor_figshare/1563.mat,105475,1,2,Hipofiz tümörü,2,Hipofiz tümörü,evet,0.035881,0.017491,0.946628
1563,1564,brain_tumor_figshare/1564.mat,105475,1,2,Hipofiz tümörü,2,Hipofiz tümörü,evet,0.197731,0.000539,0.80173
1564,1565,brain_tumor_figshare/1565.mat,105475,1,2,Hipofiz tümörü,2,Hipofiz tümörü,evet,0.097435,0.000734,0.901831
1565,1566,brain_tumor_figshare/1566.mat,105538,4,2,Hipofiz tümörü,2,Hipofiz tümörü,evet,0.233074,0.000291,0.766635
1566,1567,brain_tumor_figshare/1567.mat,105538,4,2,Hipofiz tümörü,0,Meningiom,hayır,0.984624,0.002178,0.013198
1567,1568,brain_tumor_figshare/1568.mat,105638,4,2,Hipofiz tümörü,2,Hipofiz tümörü,evet,0.001454,1e-05,0.998536
1568,1569,brain_tumor_figshare/1569.mat,105638,4,2,Hipofiz tümörü,2,Hipofiz tümörü,evet,0.00673,9.7e-05,0.993173
1569,1570,brain_tumor_figshare/1570.mat,105638,4,2,Hipofiz tümörü,2,Hipofiz tümörü,evet,0.006962,0.000172,0.992866
1570,1571,brain_tumor_figshare/1571.mat,105638,4,2,Hipofiz tümörü,2,Hipofiz tümörü,evet,0.007059,1.6e-05,0.992925
1571,1572,brain_tumor_figshare/1572.mat,105638,4,2,Hipofiz tümörü,2,Hipofiz tümörü,evet,0.040889,0.000539,0.958572
1572,1573,brain_tumor_figshare/1573.mat,97416,4,2,Hipofiz tümörü,2,Hipofiz tümörü,evet,0.139917,0.401687,0.458397
1573,1574,brain_tumor_figshare/1574.mat,97416,4,2,Hipofiz tümörü,2,Hipofiz tümörü,evet,0.007418,0.033347,0.959234
1574,1575,brain_tumor_figshare/1575.mat,97416,4,2,Hipofiz tümörü,2,Hipofiz tümörü,evet,0.035781,0.009098,0.95512
1575,1576,brain_tumor_figshare/1576.mat,97416,4,2,Hipofiz tümörü,2,Hipofiz tümörü,evet,0.019381,0.021406,0.959213
1576,1577,brain_tumor_figshare/1577.mat,97416,4,2,Hipofiz tümörü,2,Hipofiz tümörü,evet,0.029599,0.014185,0.956216
1577,1578,brain_tumor_figshare/1578.mat,97416,4,2,Hipofiz tümörü,2,Hipofiz tümörü,evet,0.006383,0.002735,0.990882
1578,1579,brain_tumor_figshare/1579.mat,97416,4,2,Hipofiz tümörü,2,Hipofiz tümörü,evet,0.004399,0.0002,0.995402
1579,1580,brain_tumor_figshare/1580.mat,97416,4,2,Hipofiz tümörü,2,Hipofiz tümörü,evet,0.000661,0.000357,0.998982
1580,1581,brain_tumor_figshare/1581.mat,97461,3,2,Hipofiz tümörü,2,Hipofiz tümörü,evet,0.0305,0.007127,0.962372
1581,1582,brain_tumor_figshare/1582.mat,97461,3,2,Hipofiz tümörü,2,Hipofiz tümörü,evet,0.050077,0.007798,0.942124
1582,1583,brain_tumor_figshare/1583.mat,97461,3,2,Hipofiz tümörü,2,Hipofiz tümörü,evet,0.157139,0.039108,0.803753
1583,1584,brain_tumor_figshare/1584.mat,97461,3,2,Hipofiz tümörü,2,Hipofiz tümörü,evet,0.008972,0.033882,0.957146
1584,1585,brain_tumor_figshare/1585.mat,97461,3,2,Hipofiz tümörü,2,Hipofiz tümörü,evet,0.006015,0.00527,0.988714
1585,1586,brain_tumor_figshare/1586.mat,97461,3,2,Hipofiz tümörü,2,Hipofiz tümörü,evet,0.013102,0.182907,0.803991
1586,1587,brain_tumor_figshare/1587.mat,97461,3,2,Hipofiz tümörü,2,Hipofiz tümörü,evet,0.025379,0.010974,0.963647
1587,1588,brain_tumor_figshare/1588.mat,97461,3,2,Hipofiz tümörü,2,Hipofiz tümörü,evet,0.006924,0.003092,0.989984
1588,1589,brain_tumor_figshare/1589.mat,97481,2,2,Hipofiz tümörü,2,Hipofiz tümörü,evet,0.467188,0.013787,0.519025
1589,1590,brain_tumor_figshare/1590.mat,97481,2,2,Hipofiz tümörü,2,Hipofiz tümörü,evet,0.042368,0.002867,0.954764
1590,1591,brain_tumor_figshare/1591.mat,97481,2,2,Hipofiz tümörü,2,Hipofiz tümörü,evet,0.213266,0.002319,0.784415
1591,1592,brain_tumor_figshare/1592.mat,97481,2,2,Hipofiz tümörü,2,Hipofiz tümörü,evet,0.070306,0.001542,0.928152
1592,1593,brain_tumor_figshare/1593.mat,97481,2,2,Hipofiz tümörü,0,Meningiom,hayır,0.72394,0.0052,0.27086
1593,1594,brain_tumor_figshare/1594.mat,97599,2,2,Hipofiz tümörü,2,Hipofiz tümörü,evet,0.000573,0.000344,0.999083
1594,1595,brain_tumor_figshare/1595.mat,97599,2,2,Hipofiz tümörü,2,Hipofiz tümörü,evet,0.00113,1.9e-05,0.998851
1595,1596,brain_tumor_figshare/1596.mat,97890,1,2,Hipofiz tümörü,2,Hipofiz tümörü,evet,0.212363,0.002786,0.784851
1596,1597,brain_tumor_figshare/1597.mat,97890,1,2,Hipofiz tümörü,2,Hipofiz tümörü,evet,0.15623,0.00042,0.84335
1597,1598,brain_tumor_figshare/1598.mat,97890,1,2,Hipofiz tümörü,2,Hipofiz tümörü,evet,0.152506,0.00605,0.841444
1598,1599,brain_tumor_figshare/1599.mat,97890,1,2,Hipofiz tümörü,1,Gliom,hayır,0.028763,0.672386,0.298851
1599,1600,brain_tumor_figshare/1600.mat,98472,3,2,Hipofiz tümörü,2,Hipofiz tümörü,evet,0.088771,0.003144,0.908085
1600,1601,brain_tumor_figshare/1601.mat,98472,3,2,Hipofiz tümörü,2,Hipofiz tümörü,evet,0.009777,0.000422,0.989802
1601,1602,brain_tumor_figshare/1602.mat,98472,3,2,Hipofiz tümörü,2,Hipofiz tümörü,evet,0.00386,2.3e-05,0.996116
1602,1603,brain_tumor_figshare/1603.mat,98472,3,2,Hipofiz tümörü,2,Hipofiz tümörü,evet,0.001746,4.5e-05,0.998208
1603,1604,brain_tumor_figshare/1604.mat,98472,3,2,Hipofiz tümörü,2,Hipofiz tümörü,evet,0.072606,0.002022,0.925372
1604,1605,brain_tumor_figshare/1605.mat,98652,3,2,Hipofiz tümörü,2,Hipofiz tümörü,evet,0.014661,1.6e-05,0.985323
1605,1606,brain_tumor_figshare/1606.mat,98652,3,2,Hipofiz tümörü,2,Hipofiz tümörü,evet,0.014765,2.7e-05,0.985208
1606,1607,brain_tumor_figshare/1607.mat,98652,3,2,Hipofiz tümörü,2,Hipofiz tümörü,evet,0.030008,7.3e-05,0.969919
1607,1608,brain_tumor_figshare/1608.mat,98652,3,2,Hipofiz tümörü,2,Hipofiz tümörü,evet,0.025153,2.5e-05,0.974822
1608,1609,brain_tumor_figshare/1609.mat,98871,4,2,Hipofiz tümörü,2,Hipofiz tümörü,evet,0.084639,0.00498,0.910381
1609,1610,brain_tumor_figshare/1610.mat,98871,4,2,Hipofiz tümörü,2,Hipofiz tümörü,evet,0.174997,0.004945,0.820058
1610,1611,brain_tumor_figshare/1611.mat,98871,4,2,Hipofiz tümörü,2,Hipofiz tümörü,evet,0.079008,0.028398,0.892594
1611,1612,brain_tumor_figshare/1612.mat,98871,4,2,Hipofiz tümörü,2,Hipofiz tümörü,evet,0.053224,0.003666,0.94311
1612,1613,brain_tumor_figshare/1613.mat,98871,4,2,Hipofiz tümörü,2,Hipofiz tümörü,evet,0.155402,0.053413,0.791185
1613,1614,brain_tumor_figshare/1614.mat,98871,4,2,Hipofiz tümörü,2,Hipofiz tümörü,evet,0.025777,0.011143,0.96308
1614,1615,brain_tumor_figshare/1615.mat,98871,4,2,Hipofiz tümörü,2,Hipofiz tümörü,evet,0.108494,0.006378,0.885128
1615,1616,brain_tumor_figshare/1616.mat,98874,1,2,Hipofiz tümörü,0,Meningiom,hayır,0.448149,0.122975,0.428876
1616,1617,brain_tumor_figshare/1617.mat,98874,1,2,Hipofiz tümörü,2,Hipofiz tümörü,evet,0.446903,0.010369,0.542728
1617,1618,brain_tumor_figshare/1618.mat,98874,1,2,Hipofiz tümörü,2,Hipofiz tümörü,evet,0.314341,0.024007,0.661653
1618,1619,brain_tumor_figshare/1619.mat,98874,1,2,Hipofiz tümörü,2,Hipofiz tümörü,evet,0.05414,0.009708,0.936152
1619,1620,brain_tumor_figshare/1620.mat,98874,1,2,Hipofiz tümörü,2,Hipofiz tümörü,evet,0.088949,0.004574,0.906477
1620,1621,brain_tumor_figshare/1621.mat,98992,5,2,Hipofiz tümörü,2,Hipofiz tümörü,evet,0.117408,0.029942,0.85265
1621,1622,brain_tumor_figshare/1622.mat,98992,5,2,Hipofiz tümörü,2,Hipofiz tümörü,evet,0.131213,0.002855,0.865932
1622,1623,brain_tumor_figshare/1623.mat,98992,5,2,Hipofiz tümörü,2,Hipofiz tümörü,evet,0.05029,0.023085,0.926624
1623,1624,brain_tumor_figshare/1624.mat,98992,5,2,Hipofiz tümörü,2,Hipofiz tümörü,evet,0.151239,0.07657,0.77219
1624,1625,brain_tumor_figshare/1625.mat,98992,5,2,Hipofiz tümörü,2,Hipofiz tümörü,evet,0.15796,0.058323,0.783717
1625,1626,brain_tumor_figshare/1626.mat,98992,5,2,Hipofiz tümörü,2,Hipofiz tümörü,evet,0.086229,0.012579,0.901192
1626,1627,brain_tumor_figshare/1627.mat,98992,5,2,Hipofiz tümörü,2,Hipofiz tümörü,evet,0.052103,0.040292,0.907606
1627,1628,brain_tumor_figshare/1628.mat,98995,4,2,Hipofiz tümörü,2,Hipofiz tümörü,evet,0.01631,0.059713,0.923977
1628,1629,brain_tumor_figshare/1629.mat,98995,4,2,Hipofiz tümörü,2,Hipofiz tümörü,evet,0.022159,0.002005,0.975837
1629,1630,brain_tumor_figshare/1630.mat,98995,4,2,Hipofiz tümörü,2,Hipofiz tümörü,evet,0.015524,0.00063,0.983846
1630,1631,brain_tumor_figshare/1631.mat,98995,4,2,Hipofiz tümörü,2,Hipofiz tümörü,evet,0.023932,0.000111,0.975957
1631,1632,brain_tumor_figshare/1632.mat,98995,4,2,Hipofiz tümörü,2,Hipofiz tümörü,evet,0.014202,0.005098,0.9807
1632,1633,brain_tumor_figshare/1633.mat,98995,4,2,Hipofiz tümörü,2,Hipofiz tümörü,evet,0.014814,0.0054,0.979786
1633,1634,brain_tumor_figshare/1634.mat,99223,1,2,Hipofiz tümörü,2,Hipofiz tümörü,evet,0.092194,0.054774,0.853032
1634,1635,brain_tumor_figshare/1635.mat,99223,1,2,Hipofiz tümörü,2,Hipofiz tümörü,evet,0.207889,0.008485,0.783626
1635,1636,brain_tumor_figshare/1636.mat,99223,1,2,Hipofiz tümörü,2,Hipofiz tümörü,evet,0.107591,0.001044,0.891366
1636,1637,brain_tumor_figshare/1637.mat,99223,1,2,Hipofiz tümörü,2,Hipofiz tümörü,evet,0.241669,0.001309,0.757021
1637,1638,brain_tumor_figshare/1638.mat,99223,1,2,Hipofiz tümörü,2,Hipofiz tümörü,evet,0.118673,0.007885,0.873443
1638,1639,brain_tumor_figshare/1639.mat,99223,1,2,Hipofiz tümörü,2,Hipofiz tümörü,evet,0.179212,0.005801,0.814988
1639,1640,brain_tumor_figshare/1640.mat,101017,2,2,Hipofiz tümörü,2,Hipofiz tümörü,evet,0.000144,1.3e-05,0.999843
1640,1641,brain_tumor_figshare/1641.mat,101017,2,2,Hipofiz tümörü,2,Hipofiz tümörü,evet,0.000134,6e-06,0.999859
1641,1642,brain_tumor_figshare/1642.mat,101017,2,2,Hipofiz tümörü,2,Hipofiz tümörü,evet,0.000307,1e-06,0.999691
1642,1643,brain_tumor_figshare/1643.mat,101017,2,2,Hipofiz tümörü,2,Hipofiz tümörü,evet,0.00017,1e-06,0.999829
1643,1644,brain_tumor_figshare/1644.mat,101029,1,2,Hipofiz tümörü,2,Hipofiz tümörü,evet,0.006647,0.001419,0.991935
1644,1645,brain_tumor_figshare/1645.mat,101029,1,2,Hipofiz tümörü,2,Hipofiz tümörü,evet,0.002547,0.000144,0.997309
1645,1646,brain_tumor_figshare/1646.mat,101029,1,2,Hipofiz tümörü,2,Hipofiz tümörü,evet,0.002387,0.000264,0.997349
1646,1647,brain_tumor_figshare/1647.mat,101029,1,2,Hipofiz tümörü,2,Hipofiz tümörü,evet,0.002684,0.000237,0.997079
1647,1648,brain_tumor_figshare/1648.mat,101029,1,2,Hipofiz tümörü,2,Hipofiz tümörü,evet,0.002971,0.000255,0.996775
1648,1649,brain_tumor_figshare/1649.mat,101029,1,2,Hipofiz tümörü,2,Hipofiz tümörü,evet,0.004143,0.000413,0.995445
1649,1650,brain_tumor_figshare/1650.mat,101029,1,2,Hipofiz tümörü,2,Hipofiz tümörü,evet,0.005627,0.000953,0.993419
1650,1651,brain_tumor_figshare/1651.mat,101145,2,2,Hipofiz tümörü,2,Hipofiz tümörü,evet,0.136844,0.00533,0.857826
1651,1652,brain_tumor_figshare/1652.mat,101145,2,2,Hipofiz tümörü,2,Hipofiz tümörü,evet,0.403946,0.005892,0.590162
1652,1653,brain_tumor_figshare/1653.mat,101145,2,2,Hipofiz tümörü,2,Hipofiz tümörü,evet,0.141128,0.0079,0.850972
1653,1654,brain_tumor_figshare/1654.mat,101145,2,2,Hipofiz tümörü,2,Hipofiz tümörü,evet,0.051982,0.000543,0.947474
1654,1655,brain_tumor_figshare/1655.mat,101305,3,2,Hipofiz tümörü,2,Hipofiz tümörü,evet,0.001849,0.000339,0.997812
1655,1656,brain_tumor_figshare/1656.mat,101305,3,2,Hipofiz tümörü,2,Hipofiz tümörü,evet,0.002767,0.000369,0.996864
1656,1657,brain_tumor_figshare/1657.mat,101305,3,2,Hipofiz tümörü,2,Hipofiz tümörü,evet,0.003412,0.000628,0.995959
1657,1658,brain_tumor_figshare/1658.mat,101305,3,2,Hipofiz tümörü,2,Hipofiz tümörü,evet,0.020621,0.0004,0.978978
1658,1659,brain_tumor_figshare/1659.mat,101724,2,2,Hipofiz tümörü,2,Hipofiz tümörü,evet,0.006666,0.001207,0.992127
1659,1660,brain_tumor_figshare/1660.mat,101724,2,2,Hipofiz tümörü,2,Hipofiz tümörü,evet,0.006613,0.000533,0.992855
1660,1661,brain_tumor_figshare/1661.mat,101724,2,2,Hipofiz tümörü,2,Hipofiz tümörü,evet,0.017037,0.001678,0.981285
1661,1662,brain_tumor_figshare/1662.mat,101724,2,2,Hipofiz tümörü,2,Hipofiz tümörü,evet,0.003703,0.000508,0.995789
1662,1663,brain_tumor_figshare/1663.mat,101724,2,2,Hipofiz tümörü,2,Hipofiz tümörü,evet,0.013153,0.00167,0.985177
1663,1664,brain_tumor_figshare/1664.mat,101724,2,2,Hipofiz tümörü,2,Hipofiz tümörü,evet,0.004395,0.000992,0.994613
1664,1665,brain_tumor_figshare/1665.mat,102648,2,2,Hipofiz tümörü,2,Hipofiz tümörü,evet,0.002327,2e-06,0.997671
1665,1666,brain_tumor_figshare/1666.mat,102648,2,2,Hipofiz tümörü,2,Hipofiz tümörü,evet,0.001806,1e-06,0.998193
1666,1667,brain_tumor_figshare/1667.mat,102648,2,2,Hipofiz tümörü,2,Hipofiz tümörü,evet,0.003237,7e-06,0.996755
1667,1668,brain_tumor_figshare/1668.mat,102648,2,2,Hipofiz tümörü,2,Hipofiz tümörü,evet,0.003975,2e-06,0.996023
1668,1669,brain_tumor_figshare/1669.mat,102648,2,2,Hipofiz tümörü,2,Hipofiz tümörü,evet,0.000791,3.1e-05,0.999178
1669,1670,brain_tumor_figshare/1670.mat,102648,2,2,Hipofiz tümörü,2,Hipofiz tümörü,evet,0.015941,0.000128,0.983931
1670,1671,brain_tumor_figshare/1671.mat,102648,2,2,Hipofiz tümörü,2,Hipofiz tümörü,evet,0.004597,0.00049,0.994913
1671,1672,brain_tumor_figshare/1672.mat,102669,5,2,Hipofiz tümörü,2,Hipofiz tümörü,evet,0.125165,0.033074,0.841761
1672,1673,brain_tumor_figshare/1673.mat,103046,2,2,Hipofiz tümörü,2,Hipofiz tümörü,evet,0.001047,0.000136,0.998818
1673,1674,brain_tumor_figshare/1674.mat,103046,2,2,Hipofiz tümörü,2,Hipofiz tümörü,evet,0.004366,0.000367,0.995268
1674,1675,brain_tumor_figshare/1675.mat,103046,2,2,Hipofiz tümörü,2,Hipofiz tümörü,evet,0.050771,0.000427,0.948802
1675,1676,brain_tumor_figshare/1676.mat,103046,2,2,Hipofiz tümörü,2,Hipofiz tümörü,evet,0.018032,3e-06,0.981966
1676,1677,brain_tumor_figshare/1677.mat,103257,4,2,Hipofiz tümörü,2,Hipofiz tümörü,evet,0.013385,0.000106,0.98651
1677,1678,brain_tumor_figshare/1678.mat,103257,4,2,Hipofiz tümörü,2,Hipofiz tümörü,evet,0.011428,0.000308,0.988264
1678,1679,brain_tumor_figshare/1679.mat,103257,4,2,Hipofiz tümörü,2,Hipofiz tümörü,evet,0.006921,0.001803,0.991276
1679,1680,brain_tumor_figshare/1680.mat,103257,4,2,Hipofiz tümörü,2,Hipofiz tümörü,evet,0.010692,0.000941,0.988367
1680,1681,brain_tumor_figshare/1681.mat,103257,4,2,Hipofiz tümörü,2,Hipofiz tümörü,evet,0.014422,0.001749,0.983829
1681,1682,brain_tumor_figshare/1682.mat,103257,4,2,Hipofiz tümörü,2,Hipofiz tümörü,evet,0.002328,0.000603,0.997069
1682,1683,brain_tumor_figshare/1683.mat,103257,4,2,Hipofiz tümörü,2,Hipofiz tümörü,evet,0.00452,0.007837,0.987642
1683,1684,brain_tumor_figshare/1684.mat,103478,5,2,Hipofiz tümörü,2,Hipofiz tümörü,evet,0.018229,0.000969,0.980803
1684,1685,brain_tumor_figshare/1685.mat,103478,5,2,Hipofiz tümörü,2,Hipofiz tümörü,evet,0.002867,0.000451,0.996682
1685,1686,brain_tumor_figshare/1686.mat,103478,5,2,Hipofiz tümörü,2,Hipofiz tümörü,evet,0.006035,0.000113,0.993852
1686,1687,brain_tumor_figshare/1687.mat,103478,5,2,Hipofiz tümörü,2,Hipofiz tümörü,evet,0.008958,0.002677,0.988365
1687,1688,brain_tumor_figshare/1688.mat,103478,5,2,Hipofiz tümörü,2,Hipofiz tümörü,evet,0.004141,0.001572,0.994287
1688,1689,brain_tumor_figshare/1689.mat,103478,5,2,Hipofiz tümörü,2,Hipofiz tümörü,evet,0.004477,0.000737,0.994786
1689,1690,brain_tumor_figshare/1690.mat,103478,5,2,Hipofiz tümörü,2,Hipofiz tümörü,evet,0.00509,0.000282,0.994629
1690,1691,brain_tumor_figshare/1691.mat,103478,5,2,Hipofiz tümörü,2,Hipofiz tümörü,evet,0.012672,0.017323,0.970005
1691,1692,brain_tumor_figshare/1692.mat,103582,3,2,Hipofiz tümörü,2,Hipofiz tümörü,evet,0.090045,0.010984,0.89897
1692,1693,brain_tumor_figshare/1693.mat,103582,3,2,Hipofiz tümörü,2,Hipofiz tümörü,evet,0.046195,0.014573,0.939232
1693,1694,brain_tumor_figshare/1694.mat,103582,3,2,Hipofiz tümörü,2,Hipofiz tümörü,evet,0.03395,0.027971,0.938079
1694,1695,brain_tumor_figshare/1695.mat,103582,3,2,Hipofiz tümörü,2,Hipofiz tümörü,evet,0.067087,0.02149,0.911423
1695,1696,brain_tumor_figshare/1696.mat,103582,3,2,Hipofiz tümörü,2,Hipofiz tümörü,evet,0.107056,0.015004,0.877941
1696,1697,brain_tumor_figshare/1697.mat,103582,3,2,Hipofiz tümörü,2,Hipofiz tümörü,evet,0.016887,0.002815,0.980298
1697,1698,brain_tumor_figshare/1698.mat,103582,3,2,Hipofiz tümörü,2,Hipofiz tümörü,evet,0.036535,0.006982,0.956483
1698,1699,brain_tumor_figshare/1699.mat,103582,3,2,Hipofiz tümörü,2,Hipofiz tümörü,evet,0.02481,0.015996,0.959195
1699,1700,brain_tumor_figshare/1700.mat,103670,5,2,Hipofiz tümörü,2,Hipofiz tümörü,evet,0.01024,1.9e-05,0.989741
1700,1701,brain_tumor_figshare/1701.mat,103670,5,2,Hipofiz tümörü,2,Hipofiz tümörü,evet,0.006717,3.5e-05,0.993248
1701,1702,brain_tumor_figshare/1702.mat,103670,5,2,Hipofiz tümörü,2,Hipofiz tümörü,evet,0.012263,0.000261,0.987476
1702,1703,brain_tumor_figshare/1703.mat,103670,5,2,Hipofiz tümörü,2,Hipofiz tümörü,evet,0.050811,0.01953,0.929659
1703,1704,brain_tumor_figshare/1704.mat,103671,1,2,Hipofiz tümörü,2,Hipofiz tümörü,evet,0.012453,0.004014,0.983532
1704,1705,brain_tumor_figshare/1705.mat,103671,1,2,Hipofiz tümörü,2,Hipofiz tümörü,evet,0.067471,0.004392,0.928136
1705,1706,brain_tumor_figshare/1706.mat,103671,1,2,Hipofiz tümörü,2,Hipofiz tümörü,evet,0.074046,0.003453,0.922501
1706,1707,brain_tumor_figshare/1707.mat,103671,1,2,Hipofiz tümörü,2,Hipofiz tümörü,evet,0.140929,0.028427,0.830644
1707,1708,brain_tumor_figshare/1708.mat,103671,1,2,Hipofiz tümörü,2,Hipofiz tümörü,evet,0.167399,0.017254,0.815347
1708,1709,brain_tumor_figshare/1709.mat,103731,4,2,Hipofiz tümörü,2,Hipofiz tümörü,evet,0.019079,0.192822,0.788098
1709,1710,brain_tumor_figshare/1710.mat,103731,4,2,Hipofiz tümörü,2,Hipofiz tümörü,evet,0.025195,0.033926,0.940879
1710,1711,brain_tumor_figshare/1711.mat,103731,4,2,Hipofiz tümörü,2,Hipofiz tümörü,evet,0.02406,0.059704,0.916235
1711,1712,brain_tumor_figshare/1712.mat,103731,4,2,Hipofiz tümörü,2,Hipofiz tümörü,evet,0.020869,0.071447,0.907684
1712,1713,brain_tumor_figshare/1713.mat,103731,4,2,Hipofiz tümörü,2,Hipofiz tümörü,evet,0.061107,0.070458,0.868435
1713,1714,brain_tumor_figshare/1714.mat,103837,2,2,Hipofiz tümörü,2,Hipofiz tümörü,evet,0.003692,0.000998,0.99531
1714,1715,brain_tumor_figshare/1715.mat,103837,2,2,Hipofiz tümörü,2,Hipofiz tümörü,evet,0.000569,1.2e-05,0.999419
1715,1716,brain_tumor_figshare/1716.mat,103837,2,2,Hipofiz tümörü,2,Hipofiz tümörü,evet,0.000897,8.1e-05,0.999021
1716,1717,brain_tumor_figshare/1717.mat,103837,2,2,Hipofiz tümörü,2,Hipofiz tümörü,evet,0.003339,0.00018,0.996481
1717,1718,brain_tumor_figshare/1718.mat,103837,2,2,Hipofiz tümörü,2,Hipofiz tümörü,evet,0.001851,6.1e-05,0.998088
1718,1719,brain_tumor_figshare/1719.mat,103837,2,2,Hipofiz tümörü,2,Hipofiz tümörü,evet,0.006453,0.002182,0.991365
1719,1720,brain_tumor_figshare/1720.mat,103837,2,2,Hipofiz tümörü,2,Hipofiz tümörü,evet,0.000226,0.000118,0.999656
1720,1721,brain_tumor_figshare/1721.mat,104019,4,2,Hipofiz tümörü,2,Hipofiz tümörü,evet,0.039832,0.001732,0.958436
1721,1722,brain_tumor_figshare/1722.mat,104019,4,2,Hipofiz tümörü,2,Hipofiz tümörü,evet,0.047857,0.003113,0.94903
1722,1723,brain_tumor_figshare/1723.mat,104019,4,2,Hipofiz tümörü,2,Hipofiz tümörü,evet,0.01843,0.001057,0.980513
1723,1724,brain_tumor_figshare/1724.mat,104019,4,2,Hipofiz tümörü,2,Hipofiz tümörü,evet,0.050077,0.028705,0.921218
1724,1725,brain_tumor_figshare/1725.mat,104558,2,2,Hipofiz tümörü,2,Hipofiz tümörü,evet,0.022776,0.009763,0.967461
1725,1726,brain_tumor_figshare/1726.mat,104558,2,2,Hipofiz tümörü,2,Hipofiz tümörü,evet,0.003559,0.000604,0.995838
1726,1727,brain_tumor_figshare/1727.mat,104558,2,2,Hipofiz tümörü,2,Hipofiz tümörü,evet,0.000649,0.00023,0.999121
1727,1728,brain_tumor_figshare/1728.mat,104558,2,2,Hipofiz tümörü,2,Hipofiz tümörü,evet,0.000788,0.000593,0.998619
1728,1729,brain_tumor_figshare/1729.mat,104558,2,2,Hipofiz tümörü,2,Hipofiz tümörü,evet,0.000699,0.000451,0.99885
1729,1730,brain_tumor_figshare/1730.mat,104558,2,2,Hipofiz tümörü,2,Hipofiz tümörü,evet,0.000772,0.000326,0.998901
1730,1731,brain_tumor_figshare/1731.mat,104558,2,2,Hipofiz tümörü,2,Hipofiz tümörü,evet,0.001642,0.000656,0.997702
1731,1732,brain_tumor_figshare/1732.mat,104558,2,2,Hipofiz tümörü,2,Hipofiz tümörü,evet,0.063157,0.037801,0.899042
1732,1733,brain_tumor_figshare/1733.mat,104558,2,2,Hipofiz tümörü,2,Hipofiz tümörü,evet,0.053629,0.006961,0.93941
1733,1734,brain_tumor_figshare/1734.mat,104684,3,2,Hipofiz tümörü,2,Hipofiz tümörü,evet,0.019258,0.000731,0.980011
1734,1735,brain_tumor_figshare/1735.mat,104684,3,2,Hipofiz tümörü,2,Hipofiz tümörü,evet,0.007737,0.002388,0.989875
1735,1736,brain_tumor_figshare/1736.mat,104684,3,2,Hipofiz tümörü,2,Hipofiz tümörü,evet,0.008544,0.003169,0.988287
1736,1737,brain_tumor_figshare/1737.mat,104684,3,2,Hipofiz tümörü,2,Hipofiz tümörü,evet,0.005017,0.001397,0.993587
1737,1738,brain_tumor_figshare/1738.mat,104684,3,2,Hipofiz tümörü,2,Hipofiz tümörü,evet,0.004578,0.001133,0.99429
1738,1739,brain_tumor_figshare/1739.mat,104684,3,2,Hipofiz tümörü,2,Hipofiz tümörü,evet,0.005577,0.000331,0.994092
1739,1740,brain_tumor_figshare/1740.mat,104684,3,2,Hipofiz tümörü,2,Hipofiz tümörü,evet,0.005449,0.000196,0.994355
1740,1741,brain_tumor_figshare/1741.mat,104912,5,2,Hipofiz tümörü,2,Hipofiz tümörü,evet,0.056514,0.000459,0.943027
1741,1742,brain_tumor_figshare/1742.mat,104912,5,2,Hipofiz tümörü,2,Hipofiz tümörü,evet,0.353338,0.051765,0.594897
1742,1743,brain_tumor_figshare/1743.mat,104912,5,2,Hipofiz tümörü,2,Hipofiz tümörü,evet,0.238939,0.009742,0.751319
1743,1744,brain_tumor_figshare/1744.mat,104912,5,2,Hipofiz tümörü,2,Hipofiz tümörü,evet,0.439825,0.047934,0.512241
1744,1745,brain_tumor_figshare/1745.mat,104912,5,2,Hipofiz tümörü,2,Hipofiz tümörü,evet,0.356659,0.011163,0.632178
1745,1746,brain_tumor_figshare/1746.mat,104912,5,2,Hipofiz tümörü,2,Hipofiz tümörü,evet,0.29964,0.014201,0.686159
1746,1747,brain_tumor_figshare/1747.mat,104912,5,2,Hipofiz tümörü,2,Hipofiz tümörü,evet,0.085477,0.048784,0.86574
1747,1748,brain_tumor_figshare/1748.mat,105187,1,2,Hipofiz tümörü,2,Hipofiz tümörü,evet,0.030411,0.006182,0.963407
1748,1749,brain_tumor_figshare/1749.mat,105187,1,2,Hipofiz tümörü,2,Hipofiz tümörü,evet,0.080103,0.011031,0.908866
1749,1750,brain_tumor_figshare/1750.mat,105187,1,2,Hipofiz tümörü,2,Hipofiz tümörü,evet,0.101987,0.001125,0.896888
1750,1751,brain_tumor_figshare/1751.mat,105187,1,2,Hipofiz tümörü,2,Hipofiz tümörü,evet,0.120878,0.002136,0.876986
1751,1752,brain_tumor_figshare/1752.mat,105187,1,2,Hipofiz tümörü,2,Hipofiz tümörü,evet,0.131719,0.00226,0.86602
1752,1753,brain_tumor_figshare/1753.mat,105187,1,2,Hipofiz tümörü,2,Hipofiz tümörü,evet,0.067664,0.011838,0.920498
1753,1754,brain_tumor_figshare/1754.mat,105475,1,2,Hipofiz tümörü,2,Hipofiz tümörü,evet,0.122153,0.021458,0.856389
1754,1755,brain_tumor_figshare/1755.mat,105475,1,2,Hipofiz tümörü,2,Hipofiz tümörü,evet,0.078043,0.014779,0.907178
1755,1756,brain_tumor_figshare/1756.mat,105475,1,2,Hipofiz tümörü,2,Hipofiz tümörü,evet,0.126368,0.040107,0.833525
1756,1757,brain_tumor_figshare/1757.mat,105475,1,2,Hipofiz tümörü,2,Hipofiz tümörü,evet,0.081394,0.016174,0.902432
1757,1758,brain_tumor_figshare/1758.mat,105475,1,2,Hipofiz tümörü,2,Hipofiz tümörü,evet,0.079537,0.069925,0.850538
1758,1759,brain_tumor_figshare/1759.mat,105538,4,2,Hipofiz tümörü,0,Meningiom,hayır,0.719054,0.023592,0.257354
1759,1760,brain_tumor_figshare/1760.mat,105538,4,2,Hipofiz tümörü,0,Meningiom,hayır,0.891891,0.008918,0.099191
1760,1761,brain_tumor_figshare/1761.mat,105638,4,2,Hipofiz tümörü,2,Hipofiz tümörü,evet,0.000402,5e-06,0.999594
1761,1762,brain_tumor_figshare/1762.mat,105638,4,2,Hipofiz tümörü,2,Hipofiz tümörü,evet,8.4e-05,1e-06,0.999916
1762,1763,brain_tumor_figshare/1763.mat,105638,4,2,Hipofiz tümörü,2,Hipofiz tümörü,evet,3.2e-05,0.0,0.999968
1763,1764,brain_tumor_figshare/1764.mat,105638,4,2,Hipofiz tümörü,2,Hipofiz tümörü,evet,8.3e-05,0.0,0.999917
1764,1765,brain_tumor_figshare/1765.mat,105638,4,2,Hipofiz tümörü,2,Hipofiz tümörü,evet,0.000107,0.0,0.999893
1765,1766,brain_tumor_figshare/1766.mat,97416,4,2,Hipofiz tümörü,2,Hipofiz tümörü,evet,0.020119,0.026387,0.953494
1766,1767,brain_tumor_figshare/1767.mat,97416,4,2,Hipofiz tümörü,2,Hipofiz tümörü,evet,0.030912,0.006362,0.962726
1767,1768,brain_tumor_figshare/1768.mat,97416,4,2,Hipofiz tümörü,2,Hipofiz tümörü,evet,0.01932,0.012707,0.967973
1768,1769,brain_tumor_figshare/1769.mat,97416,4,2,Hipofiz tümörü,2,Hipofiz tümörü,evet,0.028828,0.025765,0.945406
1769,1770,brain_tumor_figshare/1770.mat,97416,4,2,Hipofiz tümörü,2,Hipofiz tümörü,evet,0.099907,0.087563,0.812531
1770,1771,brain_tumor_figshare/1771.mat,97416,4,2,Hipofiz tümörü,2,Hipofiz tümörü,evet,0.293902,0.086332,0.619766
1771,1772,brain_tumor_figshare/1772.mat,97416,4,2,Hipofiz tümörü,2,Hipofiz tümörü,evet,0.129353,0.035161,0.835486
1772,1773,brain_tumor_figshare/1773.mat,97461,3,2,Hipofiz tümörü,2,Hipofiz tümörü,evet,0.077685,0.358821,0.563494
1773,1774,brain_tumor_figshare/1774.mat,97461,3,2,Hipofiz tümörü,2,Hipofiz tümörü,evet,0.023056,0.40619,0.570754
1774,1775,brain_tumor_figshare/1775.mat,97461,3,2,Hipofiz tümörü,1,Gliom,hayır,0.009915,0.725795,0.26429
1775,1776,brain_tumor_figshare/1776.mat,97461,3,2,Hipofiz tümörü,1,Gliom,hayır,0.003151,0.614671,0.382178
1776,1777,brain_tumor_figshare/1777.mat,97461,3,2,Hipofiz tümörü,1,Gliom,hayır,0.012369,0.65062,0.337011
1777,1778,brain_tumor_figshare/1778.mat,97461,3,2,Hipofiz tümörü,2,Hipofiz tümörü,evet,0.016549,0.199716,0.783735
1778,1779,brain_tumor_figshare/1779.mat,97461,3,2,Hipofiz tümörü,2,Hipofiz tümörü,evet,0.029222,0.287139,0.683639
1779,1780,brain_tumor_figshare/1780.mat,97461,3,2,Hipofiz tümörü,2,Hipofiz tümörü,evet,0.016101,0.013326,0.970573
1780,1781,brain_tumor_figshare/1781.mat,97481,2,2,Hipofiz tümörü,2,Hipofiz tümörü,evet,0.012892,5.4e-05,0.987054
1781,1782,brain_tumor_figshare/1782.mat,97481,2,2,Hipofiz tümörü,2,Hipofiz tümörü,evet,0.000264,0.001406,0.99833
1782,1783,brain_tumor_figshare/1783.mat,97481,2,2,Hipofiz tümörü,2,Hipofiz tümörü,evet,0.000521,2.5e-05,0.999455
1783,1784,brain_tumor_figshare/1784.mat,97481,2,2,Hipofiz tümörü,2,Hipofiz tümörü,evet,0.001103,1.4e-05,0.998883
1784,1785,brain_tumor_figshare/1785.mat,97481,2,2,Hipofiz tümörü,2,Hipofiz tümörü,evet,0.000992,0.000112,0.998895
1785,1786,brain_tumor_figshare/1786.mat,97599,2,2,Hipofiz tümörü,2,Hipofiz tümörü,evet,0.002661,0.000739,0.9966
1786,1787,brain_tumor_figshare/1787.mat,97599,2,2,Hipofiz tümörü,2,Hipofiz tümörü,evet,0.006664,0.001686,0.99165
1787,1788,brain_tumor_figshare/1788.mat,97599,2,2,Hipofiz tümörü,2,Hipofiz tümörü,evet,0.007458,0.000868,0.991674
1788,1789,brain_tumor_figshare/1789.mat,97890,1,2,Hipofiz tümörü,2,Hipofiz tümörü,evet,0.043488,0.040984,0.915528
1789,1790,brain_tumor_figshare/1790.mat,97890,1,2,Hipofiz tümörü,2,Hipofiz tümörü,evet,0.148172,0.006677,0.845151
1790,1791,brain_tumor_figshare/1791.mat,97890,1,2,Hipofiz tümörü,2,Hipofiz tümörü,evet,0.162547,0.005535,0.831918
1791,1792,brain_tumor_figshare/1792.mat,97890,1,2,Hipofiz tümörü,2,Hipofiz tümörü,evet,0.22269,0.043703,0.733607
1792,1793,brain_tumor_figshare/1793.mat,97890,1,2,Hipofiz tümörü,2,Hipofiz tümörü,evet,0.069329,0.015102,0.915569
1793,1794,brain_tumor_figshare/1794.mat,97890,1,2,Hipofiz tümörü,2,Hipofiz tümörü,evet,0.097251,0.051903,0.850845
1794,1795,brain_tumor_figshare/1795.mat,98472,3,2,Hipofiz tümörü,2,Hipofiz tümörü,evet,0.017901,0.000576,0.981523
1795,1796,brain_tumor_figshare/1796.mat,98472,3,2,Hipofiz tümörü,2,Hipofiz tümörü,evet,0.034947,0.000143,0.96491
1796,1797,brain_tumor_figshare/1797.mat,98472,3,2,Hipofiz tümörü,2,Hipofiz tümörü,evet,0.014124,6e-05,0.985815
1797,1798,brain_tumor_figshare/1798.mat,98472,3,2,Hipofiz tümörü,2,Hipofiz tümörü,evet,0.012417,8.6e-05,0.987497
1798,1799,brain_tumor_figshare/1799.mat,98472,3,2,Hipofiz tümörü,2,Hipofiz tümörü,evet,0.025736,0.000264,0.974
1799,1800,brain_tumor_figshare/1800.mat,98472,3,2,Hipofiz tümörü,2,Hipofiz tümörü,evet,0.016401,0.000162,0.983436
1800,1801,brain_tumor_figshare/1801.mat,98652,3,2,Hipofiz tümörü,2,Hipofiz tümörü,evet,0.190461,0.000119,0.809421
1801,1802,brain_tumor_figshare/1802.mat,98652,3,2,Hipofiz tümörü,2,Hipofiz tümörü,evet,0.026327,5e-05,0.973623
1802,1803,brain_tumor_figshare/1803.mat,98652,3,2,Hipofiz tümörü,2,Hipofiz tümörü,evet,0.114566,7e-05,0.885364
1803,1804,brain_tumor_figshare/1804.mat,98652,3,2,Hipofiz tümörü,2,Hipofiz tümörü,evet,0.262433,0.006961,0.730606
1804,1805,brain_tumor_figshare/1805.mat,98652,3,2,Hipofiz tümörü,2,Hipofiz tümörü,evet,0.108423,0.000532,0.891046
1805,1806,brain_tumor_figshare/1806.mat,98871,4,2,Hipofiz tümörü,2,Hipofiz tümörü,evet,0.23347,0.024362,0.742168
1806,1807,brain_tumor_figshare/1807.mat,98871,4,2,Hipofiz tümörü,1,Gliom,hayır,0.123069,0.475744,0.401187
1807,1808,brain_tumor_figshare/1808.mat,98871,4,2,Hipofiz tümörü,1,Gliom,hayır,0.231712,0.600548,0.16774
1808,1809,brain_tumor_figshare/1809.mat,98871,4,2,Hipofiz tümörü,0,Meningiom,hayır,0.493281,0.05822,0.448499
1809,1810,brain_tumor_figshare/1810.mat,98871,4,2,Hipofiz tümörü,0,Meningiom,hayır,0.620696,0.20115,0.178153
1810,1811,brain_tumor_figshare/1811.mat,98871,4,2,Hipofiz tümörü,0,Meningiom,hayır,0.445146,0.125955,0.428899
1811,1812,brain_tumor_figshare/1812.mat,98871,4,2,Hipofiz tümörü,2,Hipofiz tümörü,evet,0.108868,0.187454,0.703678
1812,1813,brain_tumor_figshare/1813.mat,98874,1,2,Hipofiz tümörü,2,Hipofiz tümörü,evet,0.057259,0.02083,0.92191
1813,1814,brain_tumor_figshare/1814.mat,98874,1,2,Hipofiz tümörü,2,Hipofiz tümörü,evet,0.134761,0.00731,0.857929
1814,1815,brain_tumor_figshare/1815.mat,98874,1,2,Hipofiz tümörü,2,Hipofiz tümörü,evet,0.063629,0.003172,0.933198
1815,1816,brain_tumor_figshare/1816.mat,98874,1,2,Hipofiz tümörü,2,Hipofiz tümörü,evet,0.188207,0.001539,0.810253
1816,1817,brain_tumor_figshare/1817.mat,98874,1,2,Hipofiz tümörü,2,Hipofiz tümörü,evet,0.132022,0.004466,0.863512
1817,1818,brain_tumor_figshare/1818.mat,98874,1,2,Hipofiz tümörü,2,Hipofiz tümörü,evet,0.089021,0.044765,0.866214
1818,1819,brain_tumor_figshare/1819.mat,98992,5,2,Hipofiz tümörü,0,Meningiom,hayır,0.478495,0.210006,0.311499
1819,1820,brain_tumor_figshare/1820.mat,98992,5,2,Hipofiz tümörü,2,Hipofiz tümörü,evet,0.241147,0.311511,0.447342
1820,1821,brain_tumor_figshare/1821.mat,98992,5,2,Hipofiz tümörü,1,Gliom,hayır,0.088485,0.677521,0.233994
1821,1822,brain_tumor_figshare/1822.mat,98992,5,2,Hipofiz tümörü,2,Hipofiz tümörü,evet,0.253331,0.054595,0.692074
1822,1823,brain_tumor_figshare/1823.mat,98992,5,2,Hipofiz tümörü,1,Gliom,hayır,0.130754,0.651653,0.217593
1823,1824,brain_tumor_figshare/1824.mat,98992,5,2,Hipofiz tümörü,2,Hipofiz tümörü,evet,0.069109,0.042855,0.888036
1824,1825,brain_tumor_figshare/1825.mat,98992,5,2,Hipofiz tümörü,2,Hipofiz tümörü,evet,0.148123,0.104559,0.747319
1825,1826,brain_tumor_figshare/1826.mat,98992,5,2,Hipofiz tümörü,2,Hipofiz tümörü,evet,0.111756,0.276181,0.612063
1826,1827,brain_tumor_figshare/1827.mat,98992,5,2,Hipofiz tümörü,1,Gliom,hayır,0.103681,0.570978,0.325341
1827,1828,brain_tumor_figshare/1828.mat,98992,5,2,Hipofiz tümörü,2,Hipofiz tümörü,evet,0.091371,0.314435,0.594194
1828,1829,brain_tumor_figshare/1829.mat,98992,5,2,Hipofiz tümörü,1,Gliom,hayır,0.122534,0.472956,0.40451
1829,1830,brain_tumor_figshare/1830.mat,98995,4,2,Hipofiz tümörü,2,Hipofiz tümörü,evet,0.037796,0.009589,0.952615
1830,1831,brain_tumor_figshare/1831.mat,98995,4,2,Hipofiz tümörü,2,Hipofiz tümörü,evet,0.02265,0.004547,0.972803
1831,1832,brain_tumor_figshare/1832.mat,98995,4,2,Hipofiz tümörü,2,Hipofiz tümörü,evet,0.027054,0.002891,0.970055
1832,1833,brain_tumor_figshare/1833.mat,98995,4,2,Hipofiz tümörü,2,Hipofiz tümörü,evet,0.022938,0.001772,0.97529
1833,1834,brain_tumor_figshare/1834.mat,98995,4,2,Hipofiz tümörü,2,Hipofiz tümörü,evet,0.029865,0.002688,0.967447
1834,1835,brain_tumor_figshare/1835.mat,99223,1,2,Hipofiz tümörü,2,Hipofiz tümörü,evet,0.013919,0.003167,0.982913
1835,1836,brain_tumor_figshare/1836.mat,99223,1,2,Hipofiz tümörü,2,Hipofiz tümörü,evet,0.016002,0.001304,0.982694
1836,1837,brain_tumor_figshare/1837.mat,99223,1,2,Hipofiz tümörü,2,Hipofiz tümörü,evet,0.047267,0.001357,0.951376
1837,1838,brain_tumor_figshare/1838.mat,99223,1,2,Hipofiz tümörü,2,Hipofiz tümörü,evet,0.012219,0.000467,0.987314
1838,1839,brain_tumor_figshare/1839.mat,99223,1,2,Hipofiz tümörü,2,Hipofiz tümörü,evet,0.013194,0.000511,0.986295
1839,1840,brain_tumor_figshare/1840.mat,99223,1,2,Hipofiz tümörü,2,Hipofiz tümörü,evet,0.096409,0.002466,0.901125
1840,1841,brain_tumor_figshare/1841.mat,MR048294,1,1,Gliom,1,Gliom,evet,0.016046,0.963804,0.02015
1841,1842,brain_tumor_figshare/1842.mat,MR048294,1,1,Gliom,1,Gliom,evet,0.003515,0.995453,0.001031
1842,1843,brain_tumor_figshare/1843.mat,MR048294,1,1,Gliom,1,Gliom,evet,0.23587,0.679065,0.085065
1843,1844,brain_tumor_figshare/1844.mat,MR048294,1,1,Gliom,0,Meningiom,hayır,0.852174,0.080165,0.067661
1844,1845,brain_tumor_figshare/1845.mat,MR048294,1,1,Gliom,0,Meningiom,hayır,0.640383,0.250036,0.109581
1845,1846,brain_tumor_figshare/1846.mat,MR048294,1,1,Gliom,0,Meningiom,hayır,0.761862,0.139661,0.098476
1846,1847,brain_tumor_figshare/1847.mat,MR048294,1,1,Gliom,0,Meningiom,hayır,0.731307,0.192687,0.076005
1847,1848,brain_tumor_figshare/1848.mat,MR048294,1,1,Gliom,1,Gliom,evet,0.318205,0.630476,0.051319
1848,1849,brain_tumor_figshare/1849.mat,MR048297,1,1,Gliom,1,Gliom,evet,0.421297,0.549449,0.029255
1849,1850,brain_tumor_figshare/1850.mat,MR048297,1,1,Gliom,0,Meningiom,hayır,0.976789,0.017056,0.006154
1850,1851,brain_tumor_figshare/1851.mat,MR048297,1,1,Gliom,0,Meningiom,hayır,0.957035,0.025091,0.017874
1851,1852,brain_tumor_figshare/1852.mat,MR048297,1,1,Gliom,1,Gliom,evet,0.357686,0.630783,0.011531
1852,1853,brain_tumor_figshare/1853.mat,MR048294B,5,1,Gliom,1,Gliom,evet,0.012969,0.973466,0.013565
1853,1854,brain_tumor_figshare/1854.mat,MR048621B,5,1,Gliom,1,Gliom,evet,0.002767,0.996649,0.000585
1854,1855,brain_tumor_figshare/1855.mat,MR048621B,5,1,Gliom,1,Gliom,evet,0.006789,0.991543,0.001668
1855,1856,brain_tumor_figshare/1856.mat,MR048621B,5,1,Gliom,1,Gliom,evet,0.01158,0.986683,0.001737
1856,1857,brain_tumor_figshare/1857.mat,MR048621B,5,1,Gliom,1,Gliom,evet,0.005801,0.992765,0.001434
1857,1858,brain_tumor_figshare/1858.mat,MR048621B,5,1,Gliom,1,Gliom,evet,0.002673,0.996329,0.000998
1858,1859,brain_tumor_figshare/1859.mat,MR048621B,5,1,Gliom,1,Gliom,evet,0.002258,0.997308,0.000434
1859,1860,brain_tumor_figshare/1860.mat,MR048621B,5,1,Gliom,1,Gliom,evet,0.031953,0.962284,0.005763
1860,1861,brain_tumor_figshare/1861.mat,MR048621B,5,1,Gliom,1,Gliom,evet,0.028066,0.968411,0.003523
1861,1862,brain_tumor_figshare/1862.mat,MR048944,5,1,Gliom,1,Gliom,evet,0.091434,0.873569,0.034997
1862,1863,brain_tumor_figshare/1863.mat,MR048944,5,1,Gliom,1,Gliom,evet,0.056942,0.923606,0.019451
1863,1864,brain_tumor_figshare/1864.mat,MR048944,5,1,Gliom,1,Gliom,evet,0.077849,0.897674,0.024477
1864,1865,brain_tumor_figshare/1865.mat,MR048944,5,1,Gliom,1,Gliom,evet,0.072041,0.900555,0.027404
1865,1866,brain_tumor_figshare/1866.mat,MR048944,5,1,Gliom,1,Gliom,evet,0.006858,0.992056,0.001086
1866,1867,brain_tumor_figshare/1867.mat,MR048944,5,1,Gliom,1,Gliom,evet,0.000272,0.999704,2.4e-05
1867,1868,brain_tumor_figshare/1868.mat,MR048944,5,1,Gliom,1,Gliom,evet,0.00015,0.999843,7e-06
1868,1869,brain_tumor_figshare/1869.mat,MR048944,5,1,Gliom,1,Gliom,evet,0.008396,0.99145,0.000154
1869,1870,brain_tumor_figshare/1870.mat,MR048994,2,1,Gliom,1,Gliom,evet,0.003238,0.996603,0.000159
1870,1871,brain_tumor_figshare/1871.mat,MR048994,2,1,Gliom,1,Gliom,evet,0.001248,0.99864,0.000113
1871,1872,brain_tumor_figshare/1872.mat,MR048994,2,1,Gliom,1,Gliom,evet,0.001577,0.998346,7.8e-05
1872,1873,brain_tumor_figshare/1873.mat,MR048994,2,1,Gliom,1,Gliom,evet,0.012284,0.9876,0.000116
1873,1874,brain_tumor_figshare/1874.mat,MR048994,2,1,Gliom,1,Gliom,evet,0.01568,0.984168,0.000153
1874,1875,brain_tumor_figshare/1875.mat,MR048994,2,1,Gliom,1,Gliom,evet,0.02785,0.972074,7.6e-05
1875,1876,brain_tumor_figshare/1876.mat,MR048994,2,1,Gliom,1,Gliom,evet,0.037473,0.962234,0.000293
1876,1877,brain_tumor_figshare/1877.mat,MR048994,2,1,Gliom,1,Gliom,evet,0.18531,0.813974,0.000716
1877,1878,brain_tumor_figshare/1878.mat,MR048994,2,1,Gliom,1,Gliom,evet,0.076828,0.923141,3.1e-05
1878,1879,brain_tumor_figshare/1879.mat,MR049104,1,1,Gliom,1,Gliom,evet,0.21889,0.719113,0.061997
1879,1880,brain_tumor_figshare/1880.mat,MR049104,1,1,Gliom,1,Gliom,evet,0.136117,0.848999,0.014884
1880,1881,brain_tumor_figshare/1881.mat,MR049142,5,1,Gliom,1,Gliom,evet,0.09445,0.901191,0.004359
1881,1882,brain_tumor_figshare/1882.mat,MR049142,5,1,Gliom,1,Gliom,evet,0.060574,0.937498,0.001928
1882,1883,brain_tumor_figshare/1883.mat,MR049142,5,1,Gliom,1,Gliom,evet,0.007475,0.992263,0.000262
1883,1884,brain_tumor_figshare/1884.mat,MR049142,5,1,Gliom,1,Gliom,evet,0.009375,0.990542,8.4e-05
1884,1885,brain_tumor_figshare/1885.mat,MR048994B,4,1,Gliom,1,Gliom,evet,0.031743,0.965695,0.002562
1885,1886,brain_tumor_figshare/1886.mat,MR048994B,4,1,Gliom,1,Gliom,evet,0.022622,0.976426,0.000952
1886,1887,brain_tumor_figshare/1887.mat,MR048994B,4,1,Gliom,1,Gliom,evet,0.033926,0.964937,0.001137
1887,1888,brain_tumor_figshare/1888.mat,MR048994B,4,1,Gliom,1,Gliom,evet,0.071887,0.926521,0.001591
1888,1889,brain_tumor_figshare/1889.mat,MR048994B,4,1,Gliom,1,Gliom,evet,0.018592,0.979394,0.002014
1889,1890,brain_tumor_figshare/1890.mat,MR048994B,4,1,Gliom,1,Gliom,evet,0.049463,0.948299,0.002238
1890,1891,brain_tumor_figshare/1891.mat,MR048994B,4,1,Gliom,0,Meningiom,hayır,0.715802,0.275586,0.008613
1891,1892,brain_tumor_figshare/1892.mat,MR048994B,4,1,Gliom,1,Gliom,evet,0.193832,0.803837,0.00233
1892,1893,brain_tumor_figshare/1893.mat,MR048944B,5,1,Gliom,1,Gliom,evet,0.072638,0.8945,0.032862
1893,1894,brain_tumor_figshare/1894.mat,MR048944B,5,1,Gliom,1,Gliom,evet,0.006613,0.990748,0.002639
1894,1895,brain_tumor_figshare/1895.mat,MR048944B,5,1,Gliom,1,Gliom,evet,0.112791,0.850927,0.036282
1895,1896,brain_tumor_figshare/1896.mat,MR048944B,5,1,Gliom,1,Gliom,evet,0.312156,0.62318,0.064664
1896,1897,brain_tumor_figshare/1897.mat,MR048944B,5,1,Gliom,1,Gliom,evet,0.475592,0.488751,0.035657
1897,1898,brain_tumor_figshare/1898.mat,MR048944B,5,1,Gliom,1,Gliom,evet,0.243256,0.751543,0.005201
1898,1899,brain_tumor_figshare/1899.mat,MR049358,3,1,Gliom,1,Gliom,evet,0.263331,0.702379,0.03429
1899,1900,brain_tumor_figshare/1900.mat,MR049358,3,1,Gliom,1,Gliom,evet,0.175535,0.809173,0.015292
1900,1901,brain_tumor_figshare/1901.mat,MR049358,3,1,Gliom,1,Gliom,evet,0.267065,0.688922,0.044013
1901,1902,brain_tumor_figshare/1902.mat,MR049358,3,1,Gliom,1,Gliom,evet,0.037589,0.957263,0.005148
1902,1903,brain_tumor_figshare/1903.mat,MR049358,3,1,Gliom,1,Gliom,evet,0.011635,0.985874,0.002492
1903,1904,brain_tumor_figshare/1904.mat,MR049358,3,1,Gliom,1,Gliom,evet,0.004869,0.993821,0.001311
1904,1905,brain_tumor_figshare/1905.mat,MR049358,3,1,Gliom,1,Gliom,evet,0.008083,0.989996,0.001921
1905,1906,brain_tumor_figshare/1906.mat,MR049358,3,1,Gliom,1,Gliom,evet,0.009011,0.990097,0.000893
1906,1907,brain_tumor_figshare/1907.mat,MR049358,3,1,Gliom,1,Gliom,evet,0.024001,0.974716,0.001283
1907,1908,brain_tumor_figshare/1908.mat,MR049358,3,1,Gliom,1,Gliom,evet,0.115539,0.878182,0.006279
1908,1909,brain_tumor_figshare/1909.mat,MR049104B,3,1,Gliom,1,Gliom,evet,0.266896,0.472333,0.260771
1909,1910,brain_tumor_figshare/1910.mat,MR049104B,3,1,Gliom,1,Gliom,evet,0.111118,0.80705,0.081833
1910,1911,brain_tumor_figshare/1911.mat,MR049104B,3,1,Gliom,1,Gliom,evet,0.07801,0.896222,0.025768
1911,1912,brain_tumor_figshare/1912.mat,MR049104B,3,1,Gliom,1,Gliom,evet,0.058683,0.902788,0.038529
1912,1913,brain_tumor_figshare/1913.mat,MR049104B,3,1,Gliom,1,Gliom,evet,0.029928,0.95067,0.019402
1913,1914,brain_tumor_figshare/1914.mat,MR049453,2,1,Gliom,1,Gliom,evet,0.022408,0.968201,0.009391
1914,1915,brain_tumor_figshare/1915.mat,MR049453,2,1,Gliom,1,Gliom,evet,0.038716,0.958212,0.003071
1915,1916,brain_tumor_figshare/1916.mat,MR049453,2,1,Gliom,1,Gliom,evet,0.026797,0.9708,0.002403
1916,1917,brain_tumor_figshare/1917.mat,MR049453,2,1,Gliom,1,Gliom,evet,0.042573,0.955127,0.002299
1917,1918,brain_tumor_figshare/1918.mat,MR049453,2,1,Gliom,1,Gliom,evet,0.160323,0.835559,0.004118
1918,1919,brain_tumor_figshare/1919.mat,MR049453,2,1,Gliom,1,Gliom,evet,0.067197,0.928931,0.003872
1919,1920,brain_tumor_figshare/1920.mat,MR049453,2,1,Gliom,1,Gliom,evet,0.016213,0.983543,0.000244
1920,1921,brain_tumor_figshare/1921.mat,MR024780G,1,1,Gliom,1,Gliom,evet,0.010277,0.981134,0.008589
1921,1922,brain_tumor_figshare/1922.mat,MR024780G,1,1,Gliom,1,Gliom,evet,0.00265,0.995426,0.001924
1922,1923,brain_tumor_figshare/1923.mat,MR024780G,1,1,Gliom,1,Gliom,evet,0.07589,0.895483,0.028628
1923,1924,brain_tumor_figshare/1924.mat,MR024780G,1,1,Gliom,1,Gliom,evet,0.000805,0.995013,0.004182
1924,1925,brain_tumor_figshare/1925.mat,MR024780G,1,1,Gliom,1,Gliom,evet,0.000207,0.998765,0.001028
1925,1926,brain_tumor_figshare/1926.mat,MR024780G,1,1,Gliom,1,Gliom,evet,0.051188,0.942944,0.005868
1926,1927,brain_tumor_figshare/1927.mat,MR024780G,1,1,Gliom,1,Gliom,evet,0.007119,0.992316,0.000565
1927,1928,brain_tumor_figshare/1928.mat,MR024780G,1,1,Gliom,1,Gliom,evet,0.003817,0.995849,0.000334
1928,1929,brain_tumor_figshare/1929.mat,MR024780G,1,1,Gliom,1,Gliom,evet,0.053758,0.885861,0.060381
1929,1930,brain_tumor_figshare/1930.mat,MR024780G,1,1,Gliom,1,Gliom,evet,0.002344,0.983615,0.014041
1930,1931,brain_tumor_figshare/1931.mat,MR024780G,1,1,Gliom,1,Gliom,evet,0.001067,0.996625,0.002308
1931,1932,brain_tumor_figshare/1932.mat,MR024780G,1,1,Gliom,1,Gliom,evet,0.000974,0.996777,0.002248
1932,1933,brain_tumor_figshare/1933.mat,MR024780G,1,1,Gliom,1,Gliom,evet,0.001181,0.992813,0.006005
1933,1934,brain_tumor_figshare/1934.mat,MR024780G,1,1,Gliom,1,Gliom,evet,0.003643,0.993397,0.00296
1934,1935,brain_tumor_figshare/1935.mat,MR024780G,1,1,Gliom,1,Gliom,evet,0.015407,0.972296,0.012297
1935,1936,brain_tumor_figshare/1936.mat,MR024780G,1,1,Gliom,1,Gliom,evet,0.021724,0.904135,0.074141
1936,1937,brain_tumor_figshare/1937.mat,MR049453B,1,1,Gliom,1,Gliom,evet,0.030521,0.946397,0.023082
1937,1938,brain_tumor_figshare/1938.mat,MR049453B,1,1,Gliom,1,Gliom,evet,0.012433,0.967276,0.020291
1938,1939,brain_tumor_figshare/1939.mat,MR049453B,1,1,Gliom,1,Gliom,evet,0.006729,0.992108,0.001163
1939,1940,brain_tumor_figshare/1940.mat,MR049453B,1,1,Gliom,1,Gliom,evet,0.017781,0.979085,0.003134
1940,1941,brain_tumor_figshare/1941.mat,MR049453B,1,1,Gliom,1,Gliom,evet,0.011848,0.983278,0.004874
1941,1942,brain_tumor_figshare/1942.mat,MR049453B,1,1,Gliom,1,Gliom,evet,0.020159,0.979428,0.000413
1942,1943,brain_tumor_figshare/1943.mat,MR049453B,1,1,Gliom,1,Gliom,evet,0.011133,0.988668,0.000199
1943,1944,brain_tumor_figshare/1944.mat,MR049453B,1,1,Gliom,1,Gliom,evet,0.011932,0.987487,0.00058
1944,1945,brain_tumor_figshare/1945.mat,MR048294B,5,1,Gliom,1,Gliom,evet,0.011396,0.981071,0.007533
1945,1946,brain_tumor_figshare/1946.mat,MR048294B,5,1,Gliom,1,Gliom,evet,0.018318,0.968538,0.013143
1946,1947,brain_tumor_figshare/1947.mat,MR048294B,5,1,Gliom,1,Gliom,evet,0.250089,0.628016,0.121895
1947,1948,brain_tumor_figshare/1948.mat,MR048621B,5,1,Gliom,1,Gliom,evet,0.001227,0.998691,8.1e-05
1948,1949,brain_tumor_figshare/1949.mat,MR048621B,5,1,Gliom,1,Gliom,evet,0.002558,0.997206,0.000236
1949,1950,brain_tumor_figshare/1950.mat,MR050135B,2,1,Gliom,0,Meningiom,hayır,0.483033,0.38303,0.133936
1950,1951,brain_tumor_figshare/1951.mat,MR050135B,2,1,Gliom,1,Gliom,evet,0.131102,0.78041,0.088487
1951,1952,brain_tumor_figshare/1952.mat,MR050135B,2,1,Gliom,1,Gliom,evet,0.051952,0.947172,0.000877
1952,1953,brain_tumor_figshare/1953.mat,MR050135B,2,1,Gliom,0,Meningiom,hayır,0.747705,0.248436,0.003859
1953,1954,brain_tumor_figshare/1954.mat,MR050135B,2,1,Gliom,1,Gliom,evet,0.444651,0.552196,0.003154
1954,1955,brain_tumor_figshare/1955.mat,MR050135B,2,1,Gliom,1,Gliom,evet,0.020534,0.977618,0.001847
1955,1956,brain_tumor_figshare/1956.mat,MR050135B,2,1,Gliom,1,Gliom,evet,0.141734,0.812783,0.045483
1956,1957,brain_tumor_figshare/1957.mat,MR050135B,2,1,Gliom,1,Gliom,evet,0.199543,0.735,0.065457
1957,1958,brain_tumor_figshare/1958.mat,MR050135B,2,1,Gliom,1,Gliom,evet,0.207648,0.625247,0.167105
1958,1959,brain_tumor_figshare/1959.mat,MR050135B,2,1,Gliom,1,Gliom,evet,0.032728,0.944809,0.022463
1959,1960,brain_tumor_figshare/1960.mat,MR050135B,2,1,Gliom,1,Gliom,evet,0.032249,0.944925,0.022827
1960,1961,brain_tumor_figshare/1961.mat,MR050135B,2,1,Gliom,1,Gliom,evet,0.048929,0.928145,0.022925
1961,1962,brain_tumor_figshare/1962.mat,MR050135B,2,1,Gliom,1,Gliom,evet,0.057831,0.926516,0.015653
1962,1963,brain_tumor_figshare/1963.mat,MR050135B,2,1,Gliom,1,Gliom,evet,0.089987,0.897017,0.012996
1963,1964,brain_tumor_figshare/1964.mat,MR050687,1,1,Gliom,1,Gliom,evet,0.229117,0.721251,0.049632
1964,1965,brain_tumor_figshare/1965.mat,MR050687,1,1,Gliom,1,Gliom,evet,0.055353,0.932814,0.011833
1965,1966,brain_tumor_figshare/1966.mat,MR050687,1,1,Gliom,1,Gliom,evet,0.165209,0.823014,0.011777
1966,1967,brain_tumor_figshare/1967.mat,MR050687,1,1,Gliom,1,Gliom,evet,0.257671,0.7273,0.015029
1967,1968,brain_tumor_figshare/1968.mat,MR050687,1,1,Gliom,1,Gliom,evet,0.072167,0.922921,0.004912
1968,1969,brain_tumor_figshare/1969.mat,MR050687,1,1,Gliom,1,Gliom,evet,0.105309,0.879546,0.015145
1969,1970,brain_tumor_figshare/1970.mat,MR050687,1,1,Gliom,1,Gliom,evet,0.00587,0.993128,0.001002
1970,1971,brain_tumor_figshare/1971.mat,MR050687,1,1,Gliom,1,Gliom,evet,0.007282,0.991007,0.001711
1971,1972,brain_tumor_figshare/1972.mat,MR050687,1,1,Gliom,1,Gliom,evet,0.022401,0.976008,0.001591
1972,1973,brain_tumor_figshare/1973.mat,MR050687,1,1,Gliom,1,Gliom,evet,0.014486,0.984594,0.000921
1973,1974,brain_tumor_figshare/1974.mat,MR050791B,4,1,Gliom,1,Gliom,evet,0.029033,0.928888,0.042079
1974,1975,brain_tumor_figshare/1975.mat,MR050791B,4,1,Gliom,1,Gliom,evet,0.011428,0.985561,0.00301
1975,1976,brain_tumor_figshare/1976.mat,MR050791B,4,1,Gliom,1,Gliom,evet,0.023198,0.974633,0.002169
1976,1977,brain_tumor_figshare/1977.mat,MR050791B,4,1,Gliom,1,Gliom,evet,0.014926,0.982322,0.002752
1977,1978,brain_tumor_figshare/1978.mat,MR050791B,4,1,Gliom,1,Gliom,evet,0.080836,0.909886,0.009278
1978,1979,brain_tumor_figshare/1979.mat,MR050791B,4,1,Gliom,1,Gliom,evet,0.009702,0.983209,0.007089
1979,1980,brain_tumor_figshare/1980.mat,MR050791B,4,1,Gliom,1,Gliom,evet,0.003937,0.995318,0.000745
1980,1981,brain_tumor_figshare/1981.mat,MR050791B,4,1,Gliom,1,Gliom,evet,0.005995,0.993,0.001005
1981,1982,brain_tumor_figshare/1982.mat,MR050791B,4,1,Gliom,1,Gliom,evet,0.366139,0.59174,0.042121
1982,1983,brain_tumor_figshare/1983.mat,MR050791B,4,1,Gliom,1,Gliom,evet,0.134913,0.84754,0.017547
1983,1984,brain_tumor_figshare/1984.mat,MR049019C,4,1,Gliom,1,Gliom,evet,0.220649,0.775663,0.003688
1984,1985,brain_tumor_figshare/1985.mat,MR049019C,4,1,Gliom,1,Gliom,evet,0.084704,0.914226,0.00107
1985,1986,brain_tumor_figshare/1986.mat,MR049019C,4,1,Gliom,1,Gliom,evet,0.050141,0.949433,0.000426
1986,1987,brain_tumor_figshare/1987.mat,MR026175C,4,1,Gliom,1,Gliom,evet,0.018912,0.932362,0.048725
1987,1988,brain_tumor_figshare/1988.mat,MR026175C,4,1,Gliom,1,Gliom,evet,0.007073,0.973078,0.019849
1988,1989,brain_tumor_figshare/1989.mat,MR026175C,4,1,Gliom,1,Gliom,evet,0.133776,0.864917,0.001308
1989,1990,brain_tumor_figshare/1990.mat,MR026175C,4,1,Gliom,1,Gliom,evet,0.007911,0.982812,0.009277
1990,1991,brain_tumor_figshare/1991.mat,MR026175C,4,1,Gliom,1,Gliom,evet,0.031864,0.956771,0.011365
1991,1992,brain_tumor_figshare/1992.mat,MR026175C,4,1,Gliom,1,Gliom,evet,0.017101,0.976485,0.006413
1992,1993,brain_tumor_figshare/1993.mat,MR026175C,4,1,Gliom,1,Gliom,evet,0.03795,0.953736,0.008314
1993,1994,brain_tumor_figshare/1994.mat,MR026175C,4,1,Gliom,1,Gliom,evet,0.082203,0.887264,0.030533
1994,1995,brain_tumor_figshare/1995.mat,MR026175C,4,1,Gliom,1,Gliom,evet,0.067009,0.913992,0.018999
1995,1996,brain_tumor_figshare/1996.mat,MR026175C,4,1,Gliom,1,Gliom,evet,0.244342,0.707282,0.048376
1996,1997,brain_tumor_figshare/1997.mat,MR026175C,4,1,Gliom,1,Gliom,evet,0.147917,0.848037,0.004045
1997,1998,brain_tumor_figshare/1998.mat,MR051461,2,1,Gliom,1,Gliom,evet,0.007481,0.992242,0.000277
1998,1999,brain_tumor_figshare/1999.mat,MR051461,2,1,Gliom,1,Gliom,evet,0.00301,0.996833,0.000157
1999,2000,brain_tumor_figshare/2000.mat,MR051461,2,1,Gliom,1,Gliom,evet,0.004414,0.995414,0.000172
2000,2001,brain_tumor_figshare/2001.mat,MR051461,2,1,Gliom,1,Gliom,evet,0.029726,0.970172,0.000101
2001,2002,brain_tumor_figshare/2002.mat,MR051461,2,1,Gliom,1,Gliom,evet,0.025599,0.974114,0.000287
2002,2003,brain_tumor_figshare/2003.mat,MR051461,2,1,Gliom,1,Gliom,evet,0.037962,0.962009,2.9e-05
2003,2004,brain_tumor_figshare/2004.mat,MR051461,2,1,Gliom,1,Gliom,evet,0.003783,0.996188,3e-05
2004,2005,brain_tumor_figshare/2005.mat,MR051586,5,1,Gliom,1,Gliom,evet,0.344535,0.619924,0.035541
2005,2006,brain_tumor_figshare/2006.mat,MR051586,5,1,Gliom,1,Gliom,evet,0.272786,0.669034,0.05818
2006,2007,brain_tumor_figshare/2007.mat,MR051586,5,1,Gliom,1,Gliom,evet,0.377193,0.553013,0.069794
2007,2008,brain_tumor_figshare/2008.mat,MR051586,5,1,Gliom,0,Meningiom,hayır,0.925792,0.044091,0.030117
2008,2009,brain_tumor_figshare/2009.mat,MR051586,5,1,Gliom,1,Gliom,evet,0.305693,0.677942,0.016365
2009,2010,brain_tumor_figshare/2010.mat,MR051586,5,1,Gliom,1,Gliom,evet,0.089116,0.907207,0.003677
2010,2011,brain_tumor_figshare/2011.mat,MR051586,5,1,Gliom,1,Gliom,evet,0.041222,0.958218,0.00056
2011,2012,brain_tumor_figshare/2012.mat,MR051461B,4,1,Gliom,1,Gliom,evet,0.013314,0.986335,0.000351
2012,2013,brain_tumor_figshare/2013.mat,MR051461B,4,1,Gliom,1,Gliom,evet,0.009812,0.990052,0.000136
2013,2014,brain_tumor_figshare/2014.mat,MR051461B,4,1,Gliom,1,Gliom,evet,0.014672,0.984775,0.000553
2014,2015,brain_tumor_figshare/2015.mat,MR051461B,4,1,Gliom,1,Gliom,evet,0.007446,0.992376,0.000177
2015,2016,brain_tumor_figshare/2016.mat,MR051461B,4,1,Gliom,1,Gliom,evet,0.062126,0.936806,0.001068
2016,2017,brain_tumor_figshare/2017.mat,MR051644,4,1,Gliom,1,Gliom,evet,0.01053,0.982687,0.006783
2017,2018,brain_tumor_figshare/2018.mat,MR051644,4,1,Gliom,1,Gliom,evet,0.014665,0.983098,0.002237
2018,2019,brain_tumor_figshare/2019.mat,MR051644,4,1,Gliom,0,Meningiom,hayır,0.53466,0.449126,0.016214
2019,2020,brain_tumor_figshare/2020.mat,MR051644,4,1,Gliom,0,Meningiom,hayır,0.559923,0.423109,0.016968
2020,2021,brain_tumor_figshare/2021.mat,MR051644,4,1,Gliom,0,Meningiom,hayır,0.800985,0.169553,0.029462
2021,2022,brain_tumor_figshare/2022.mat,MR051644,4,1,Gliom,1,Gliom,evet,0.003818,0.99602,0.000163
2022,2023,brain_tumor_figshare/2023.mat,MR051644,4,1,Gliom,1,Gliom,evet,0.008572,0.991321,0.000106
2023,2024,brain_tumor_figshare/2024.mat,MR051644,4,1,Gliom,1,Gliom,evet,0.000526,0.997398,0.002077
2024,2025,brain_tumor_figshare/2025.mat,MR051644,4,1,Gliom,1,Gliom,evet,0.001418,0.997204,0.001378
2025,2026,brain_tumor_figshare/2026.mat,MR051644,4,1,Gliom,1,Gliom,evet,0.004758,0.993052,0.00219
2026,2027,brain_tumor_figshare/2027.mat,MR051644,4,1,Gliom,1,Gliom,evet,0.001539,0.996667,0.001794
2027,2028,brain_tumor_figshare/2028.mat,MR051644,4,1,Gliom,1,Gliom,evet,0.000569,0.998756,0.000674
2028,2029,brain_tumor_figshare/2029.mat,MR051644,4,1,Gliom,1,Gliom,evet,0.351508,0.622787,0.025704
2029,2030,brain_tumor_figshare/2030.mat,MR051644,4,1,Gliom,1,Gliom,evet,0.20225,0.766953,0.030798
2030,2031,brain_tumor_figshare/2031.mat,MR051644,4,1,Gliom,1,Gliom,evet,0.173773,0.810801,0.015426
2031,2032,brain_tumor_figshare/2032.mat,MR051651,1,1,Gliom,1,Gliom,evet,0.003621,0.995902,0.000477
2032,2033,brain_tumor_figshare/2033.mat,MR051651,1,1,Gliom,1,Gliom,evet,0.002036,0.997692,0.000272
2033,2034,brain_tumor_figshare/2034.mat,MR051651,1,1,Gliom,1,Gliom,evet,0.004391,0.995346,0.000264
2034,2035,brain_tumor_figshare/2035.mat,MR051651,1,1,Gliom,1,Gliom,evet,0.001098,0.998784,0.000119
2035,2036,brain_tumor_figshare/2036.mat,MR051651,1,1,Gliom,1,Gliom,evet,0.000408,0.99958,1.2e-05
2036,2037,brain_tumor_figshare/2037.mat,MR051651,1,1,Gliom,1,Gliom,evet,0.000244,0.99975,6e-06
2037,2038,brain_tumor_figshare/2038.mat,MR051796,4,1,Gliom,1,Gliom,evet,0.016999,0.980468,0.002533
2038,2039,brain_tumor_figshare/2039.mat,MR051796,4,1,Gliom,1,Gliom,evet,0.014497,0.982916,0.002587
2039,2040,brain_tumor_figshare/2040.mat,MR051796,4,1,Gliom,1,Gliom,evet,0.017536,0.981718,0.000747
2040,2041,brain_tumor_figshare/2041.mat,MR051796,4,1,Gliom,1,Gliom,evet,0.011334,0.988548,0.000118
2041,2042,brain_tumor_figshare/2042.mat,MR051796,4,1,Gliom,1,Gliom,evet,0.006777,0.993207,1.6e-05
2042,2043,brain_tumor_figshare/2043.mat,MR051796,4,1,Gliom,1,Gliom,evet,0.002986,0.996969,4.5e-05
2043,2044,brain_tumor_figshare/2044.mat,MR051796,4,1,Gliom,1,Gliom,evet,0.008519,0.99142,6.1e-05
2044,2045,brain_tumor_figshare/2045.mat,MR051651B,3,1,Gliom,1,Gliom,evet,0.029772,0.9657,0.004528
2045,2046,brain_tumor_figshare/2046.mat,MR051651B,3,1,Gliom,1,Gliom,evet,0.013926,0.984714,0.00136
2046,2047,brain_tumor_figshare/2047.mat,MR051651B,3,1,Gliom,1,Gliom,evet,0.007488,0.991624,0.000888
2047,2048,brain_tumor_figshare/2048.mat,MR051651B,3,1,Gliom,1,Gliom,evet,0.00416,0.995681,0.00016
2048,2049,brain_tumor_figshare/2049.mat,MR051651B,3,1,Gliom,1,Gliom,evet,0.000661,0.998746,0.000593
2049,2050,brain_tumor_figshare/2050.mat,MR051651B,3,1,Gliom,1,Gliom,evet,0.050988,0.93904,0.009972
2050,2051,brain_tumor_figshare/2051.mat,MR051644B,3,1,Gliom,1,Gliom,evet,0.058893,0.916737,0.024369
2051,2052,brain_tumor_figshare/2052.mat,MR051644B,3,1,Gliom,1,Gliom,evet,0.046536,0.937917,0.015547
2052,2053,brain_tumor_figshare/2053.mat,MR051644B,3,1,Gliom,1,Gliom,evet,0.055606,0.937176,0.007219
2053,2054,brain_tumor_figshare/2054.mat,MR051644B,3,1,Gliom,1,Gliom,evet,0.074023,0.918808,0.007169
2054,2055,brain_tumor_figshare/2055.mat,MR051644B,3,1,Gliom,1,Gliom,evet,0.16206,0.834987,0.002953
2055,2056,brain_tumor_figshare/2056.mat,MR051644B,3,1,Gliom,1,Gliom,evet,0.055355,0.944599,4.6e-05
2056,2057,brain_tumor_figshare/2057.mat,MR051644B,3,1,Gliom,0,Meningiom,hayır,0.641755,0.341563,0.016683
2057,2058,brain_tumor_figshare/2058.mat,MR051796B,5,1,Gliom,1,Gliom,evet,0.373625,0.552351,0.074024
2058,2059,brain_tumor_figshare/2059.mat,MR051796B,5,1,Gliom,1,Gliom,evet,0.001007,0.998878,0.000115
2059,2060,brain_tumor_figshare/2060.mat,MR051796B,5,1,Gliom,1,Gliom,evet,0.003301,0.996095,0.000604
2060,2061,brain_tumor_figshare/2061.mat,MR052550,1,1,Gliom,1,Gliom,evet,0.099834,0.883394,0.016772
2061,2062,brain_tumor_figshare/2062.mat,MR052550,1,1,Gliom,1,Gliom,evet,0.029699,0.965358,0.004943
2062,2063,brain_tumor_figshare/2063.mat,MR052550,1,1,Gliom,1,Gliom,evet,0.112067,0.859897,0.028036
2063,2064,brain_tumor_figshare/2064.mat,MR052550,1,1,Gliom,1,Gliom,evet,0.039995,0.952251,0.007754
2064,2065,brain_tumor_figshare/2065.mat,MR051644C,4,1,Gliom,1,Gliom,evet,0.006835,0.991646,0.001518
2065,2066,brain_tumor_figshare/2066.mat,MR051644C,4,1,Gliom,1,Gliom,evet,0.00595,0.99283,0.00122
2066,2067,brain_tumor_figshare/2067.mat,MR051644C,4,1,Gliom,1,Gliom,evet,0.00305,0.996701,0.000249
2067,2068,brain_tumor_figshare/2068.mat,MR051644C,4,1,Gliom,1,Gliom,evet,0.013835,0.985937,0.000228
2068,2069,brain_tumor_figshare/2069.mat,MR051644C,4,1,Gliom,1,Gliom,evet,0.009085,0.989255,0.00166
2069,2070,brain_tumor_figshare/2070.mat,MR051644C,4,1,Gliom,1,Gliom,evet,0.007801,0.99088,0.001318
2070,2071,brain_tumor_figshare/2071.mat,MR051644C,4,1,Gliom,1,Gliom,evet,0.009144,0.989269,0.001587
2071,2072,brain_tumor_figshare/2072.mat,MR051644C,4,1,Gliom,1,Gliom,evet,0.00473,0.994064,0.001207
2072,2073,brain_tumor_figshare/2073.mat,MR051644C,4,1,Gliom,1,Gliom,evet,0.027993,0.967124,0.004883
2073,2074,brain_tumor_figshare/2074.mat,MR051644C,4,1,Gliom,1,Gliom,evet,0.028454,0.968175,0.003372
2074,2075,brain_tumor_figshare/2075.mat,MR051644C,4,1,Gliom,1,Gliom,evet,0.087086,0.90669,0.006224
2075,2076,brain_tumor_figshare/2076.mat,MR051644C,4,1,Gliom,1,Gliom,evet,0.078677,0.915861,0.005461
2076,2077,brain_tumor_figshare/2077.mat,MR049942B,3,1,Gliom,1,Gliom,evet,0.027401,0.971645,0.000954
2077,2078,brain_tumor_figshare/2078.mat,MR049942B,3,1,Gliom,1,Gliom,evet,0.070507,0.915503,0.013991
2078,2079,brain_tumor_figshare/2079.mat,MR049942B,3,1,Gliom,1,Gliom,evet,0.003138,0.995357,0.001505
2079,2080,brain_tumor_figshare/2080.mat,MR052585B,5,1,Gliom,1,Gliom,evet,0.002717,0.996929,0.000354
2080,2081,brain_tumor_figshare/2081.mat,MR052585B,5,1,Gliom,1,Gliom,evet,0.005483,0.993406,0.001111
2081,2082,brain_tumor_figshare/2082.mat,MR052585B,5,1,Gliom,1,Gliom,evet,0.009109,0.989132,0.001758
2082,2083,brain_tumor_figshare/2083.mat,MR047953C,4,1,Gliom,1,Gliom,evet,0.003587,0.994414,0.002
2083,2084,brain_tumor_figshare/2084.mat,MR047953C,4,1,Gliom,1,Gliom,evet,0.003296,0.987305,0.009399
2084,2085,brain_tumor_figshare/2085.mat,MR047953C,4,1,Gliom,1,Gliom,evet,0.010302,0.942991,0.046707
2085,2086,brain_tumor_figshare/2086.mat,MR047953C,4,1,Gliom,1,Gliom,evet,0.008528,0.98294,0.008532
2086,2087,brain_tumor_figshare/2087.mat,MR053110B,1,1,Gliom,1,Gliom,evet,0.000388,0.999589,2.4e-05
2087,2088,brain_tumor_figshare/2088.mat,MR053110B,1,1,Gliom,1,Gliom,evet,0.00045,0.999188,0.000362
2088,2089,brain_tumor_figshare/2089.mat,MR053110B,1,1,Gliom,1,Gliom,evet,0.002723,0.996661,0.000616
2089,2090,brain_tumor_figshare/2090.mat,MR053110B,1,1,Gliom,1,Gliom,evet,0.002758,0.99626,0.000981
2090,2091,brain_tumor_figshare/2091.mat,MR053110B,1,1,Gliom,1,Gliom,evet,0.022855,0.974285,0.00286
2091,2092,brain_tumor_figshare/2092.mat,MR053110B,1,1,Gliom,1,Gliom,evet,0.004479,0.994948,0.000574
2092,2093,brain_tumor_figshare/2093.mat,MR034694,2,1,Gliom,1,Gliom,evet,0.009786,0.984787,0.005427
2093,2094,brain_tumor_figshare/2094.mat,MR034694,2,1,Gliom,1,Gliom,evet,0.013317,0.982022,0.004661
2094,2095,brain_tumor_figshare/2095.mat,MR034694,2,1,Gliom,1,Gliom,evet,0.051074,0.93958,0.009346
2095,2096,brain_tumor_figshare/2096.mat,MR034694,2,1,Gliom,1,Gliom,evet,0.28334,0.708057,0.008603
2096,2097,brain_tumor_figshare/2097.mat,MR054683,4,1,Gliom,1,Gliom,evet,0.069088,0.841523,0.08939
2097,2098,brain_tumor_figshare/2098.mat,MR054683,4,1,Gliom,1,Gliom,evet,0.112515,0.49241,0.395075
2098,2099,brain_tumor_figshare/2099.mat,MR054683,4,1,Gliom,1,Gliom,evet,0.01755,0.965989,0.016461
2099,2100,brain_tumor_figshare/2100.mat,MR054875,1,1,Gliom,0,Meningiom,hayır,0.509716,0.483139,0.007145
2100,2101,brain_tumor_figshare/2101.mat,MR054875,1,1,Gliom,1,Gliom,evet,0.059862,0.936062,0.004076
2101,2102,brain_tumor_figshare/2102.mat,MR054875,1,1,Gliom,1,Gliom,evet,0.386993,0.588803,0.024204
2102,2103,brain_tumor_figshare/2103.mat,MR054875,1,1,Gliom,1,Gliom,evet,0.076582,0.915731,0.007688
2103,2104,brain_tumor_figshare/2104.mat,MR050687C,5,1,Gliom,1,Gliom,evet,0.000123,0.999778,9.9e-05
2104,2105,brain_tumor_figshare/2105.mat,MR050687C,5,1,Gliom,1,Gliom,evet,0.000449,0.998833,0.000718
2105,2106,brain_tumor_figshare/2106.mat,MR050687C,5,1,Gliom,1,Gliom,evet,0.000741,0.998631,0.000628
2106,2107,brain_tumor_figshare/2107.mat,MR050687C,5,1,Gliom,1,Gliom,evet,0.00127,0.997579,0.001151
2107,2108,brain_tumor_figshare/2108.mat,MR050687C,5,1,Gliom,1,Gliom,evet,0.000403,0.999413,0.000184
2108,2109,brain_tumor_figshare/2109.mat,MR056144,5,1,Gliom,1,Gliom,evet,0.006891,0.992618,0.000491
2109,2110,brain_tumor_figshare/2110.mat,MR056144,5,1,Gliom,1,Gliom,evet,0.006218,0.993359,0.000423
2110,2111,brain_tumor_figshare/2111.mat,MR056144,5,1,Gliom,1,Gliom,evet,0.004036,0.995782,0.000182
2111,2112,brain_tumor_figshare/2112.mat,MR034997,3,1,Gliom,1,Gliom,evet,0.01538,0.98449,0.00013
2112,2113,brain_tumor_figshare/2113.mat,MR034997,3,1,Gliom,1,Gliom,evet,0.061416,0.938046,0.000538
2113,2114,brain_tumor_figshare/2114.mat,MR034997,3,1,Gliom,1,Gliom,evet,0.474,0.523187,0.002812
2114,2115,brain_tumor_figshare/2115.mat,MR034997,3,1,Gliom,1,Gliom,evet,0.260948,0.737915,0.001138
2115,2116,brain_tumor_figshare/2116.mat,MR034997,3,1,Gliom,1,Gliom,evet,0.183801,0.815713,0.000486
2116,2117,brain_tumor_figshare/2117.mat,MR034997,3,1,Gliom,0,Meningiom,hayır,0.551103,0.444577,0.004319
2117,2118,brain_tumor_figshare/2118.mat,MR034997,3,1,Gliom,1,Gliom,evet,0.371294,0.627269,0.001437
2118,2119,brain_tumor_figshare/2119.mat,MR029209E,5,1,Gliom,1,Gliom,evet,0.011126,0.986408,0.002465
2119,2120,brain_tumor_figshare/2120.mat,MR029209E,5,1,Gliom,1,Gliom,evet,0.006103,0.992082,0.001815
2120,2121,brain_tumor_figshare/2121.mat,MR029209E,5,1,Gliom,1,Gliom,evet,0.00134,0.998496,0.000163
2121,2122,brain_tumor_figshare/2122.mat,MR029209E,5,1,Gliom,1,Gliom,evet,0.013296,0.97824,0.008464
2122,2123,brain_tumor_figshare/2123.mat,MR029209E,5,1,Gliom,1,Gliom,evet,0.002139,0.997492,0.000368
2123,2124,brain_tumor_figshare/2124.mat,MR029209E,5,1,Gliom,1,Gliom,evet,0.004417,0.994971,0.000612
2124,2125,brain_tumor_figshare/2125.mat,MR029209E,5,1,Gliom,1,Gliom,evet,0.001412,0.998446,0.000142
2125,2126,brain_tumor_figshare/2126.mat,MR029209E,5,1,Gliom,1,Gliom,evet,0.001803,0.998108,8.9e-05
2126,2127,brain_tumor_figshare/2127.mat,MR029209E,5,1,Gliom,1,Gliom,evet,0.00028,0.999703,1.7e-05
2127,2128,brain_tumor_figshare/2128.mat,MR053110E,1,1,Gliom,1,Gliom,evet,0.003295,0.991936,0.00477
2128,2129,brain_tumor_figshare/2129.mat,MR053110E,1,1,Gliom,1,Gliom,evet,0.000658,0.998385,0.000956
2129,2130,brain_tumor_figshare/2130.mat,MR053110E,1,1,Gliom,1,Gliom,evet,0.000505,0.998522,0.000973
2130,2131,brain_tumor_figshare/2131.mat,MR053110E,1,1,Gliom,1,Gliom,evet,0.002053,0.995099,0.002848
2131,2132,brain_tumor_figshare/2132.mat,MR053110E,1,1,Gliom,1,Gliom,evet,0.06243,0.912016,0.025554
2132,2133,brain_tumor_figshare/2133.mat,MR053110E,1,1,Gliom,1,Gliom,evet,0.037588,0.950618,0.011794
2133,2134,brain_tumor_figshare/2134.mat,MR049019G,3,1,Gliom,1,Gliom,evet,0.010589,0.97935,0.010061
2134,2135,brain_tumor_figshare/2135.mat,MR049019G,3,1,Gliom,1,Gliom,evet,0.027763,0.969214,0.003023
2135,2136,brain_tumor_figshare/2136.mat,MR049019G,3,1,Gliom,1,Gliom,evet,0.026786,0.964851,0.008363
2136,2137,brain_tumor_figshare/2137.mat,MR049019G,3,1,Gliom,1,Gliom,evet,0.061411,0.935321,0.003268
2137,2138,brain_tumor_figshare/2138.mat,MR049019G,3,1,Gliom,1,Gliom,evet,0.011599,0.988312,8.9e-05
2138,2139,brain_tumor_figshare/2139.mat,MR049019G,3,1,Gliom,1,Gliom,evet,0.005525,0.994346,0.00013
2139,2140,brain_tumor_figshare/2140.mat,MR049019G,3,1,Gliom,1,Gliom,evet,0.038451,0.961543,6e-06
2140,2141,brain_tumor_figshare/2141.mat,MR031409B,2,1,Gliom,1,Gliom,evet,0.004101,0.995868,3.1e-05
2141,2142,brain_tumor_figshare/2142.mat,MR031409B,2,1,Gliom,1,Gliom,evet,0.002099,0.997816,8.6e-05
2142,2143,brain_tumor_figshare/2143.mat,MR031409B,2,1,Gliom,1,Gliom,evet,0.000178,0.999821,1e-06
2143,2144,brain_tumor_figshare/2144.mat,MR024780D,1,1,Gliom,1,Gliom,evet,0.022684,0.973304,0.004011
2144,2145,brain_tumor_figshare/2145.mat,MR024780D,1,1,Gliom,1,Gliom,evet,0.03048,0.966516,0.003004
2145,2146,brain_tumor_figshare/2146.mat,MR038469,3,1,Gliom,1,Gliom,evet,0.029473,0.969127,0.001401
2146,2147,brain_tumor_figshare/2147.mat,MR038469,3,1,Gliom,1,Gliom,evet,0.494038,0.497399,0.008562
2147,2148,brain_tumor_figshare/2148.mat,MR038469,3,1,Gliom,0,Meningiom,hayır,0.503214,0.487384,0.009402
2148,2149,brain_tumor_figshare/2149.mat,MR038469,3,1,Gliom,1,Gliom,evet,0.310408,0.67494,0.014652
2149,2150,brain_tumor_figshare/2150.mat,MR038469,3,1,Gliom,1,Gliom,evet,0.01043,0.988953,0.000617
2150,2151,brain_tumor_figshare/2151.mat,MR038469,3,1,Gliom,1,Gliom,evet,0.01541,0.98385,0.000739
2151,2152,brain_tumor_figshare/2152.mat,MR038469,3,1,Gliom,1,Gliom,evet,0.007349,0.992265,0.000386
2152,2153,brain_tumor_figshare/2153.mat,MR032322C,2,1,Gliom,1,Gliom,evet,0.002014,0.994446,0.00354
2153,2154,brain_tumor_figshare/2154.mat,MR032322C,2,1,Gliom,1,Gliom,evet,0.001983,0.990742,0.007275
2154,2155,brain_tumor_figshare/2155.mat,MR032322C,2,1,Gliom,1,Gliom,evet,0.004262,0.994573,0.001164
2155,2156,brain_tumor_figshare/2156.mat,MR032322C,2,1,Gliom,1,Gliom,evet,0.001579,0.998359,6.3e-05
2156,2157,brain_tumor_figshare/2157.mat,MR032322C,2,1,Gliom,1,Gliom,evet,0.006445,0.993525,3e-05
2157,2158,brain_tumor_figshare/2158.mat,MR032322C,2,1,Gliom,1,Gliom,evet,0.002346,0.988831,0.008823
2158,2159,brain_tumor_figshare/2159.mat,MR032322C,2,1,Gliom,1,Gliom,evet,0.001395,0.991154,0.007451
2159,2160,brain_tumor_figshare/2160.mat,MR032322C,2,1,Gliom,1,Gliom,evet,0.00159,0.994284,0.004126
2160,2161,brain_tumor_figshare/2161.mat,MR032322C,2,1,Gliom,1,Gliom,evet,0.002349,0.99026,0.007391
2161,2162,brain_tumor_figshare/2162.mat,MR032322C,2,1,Gliom,1,Gliom,evet,0.004672,0.986952,0.008377
2162,2163,brain_tumor_figshare/2163.mat,MR032322C,2,1,Gliom,1,Gliom,evet,0.006852,0.974824,0.018324
2163,2164,brain_tumor_figshare/2164.mat,MR032322C,2,1,Gliom,1,Gliom,evet,0.013921,0.975706,0.010372
2164,2165,brain_tumor_figshare/2165.mat,MR032322C,2,1,Gliom,1,Gliom,evet,0.033815,0.954422,0.011763
2165,2166,brain_tumor_figshare/2166.mat,MR037458B,2,1,Gliom,0,Meningiom,hayır,0.493832,0.458104,0.048065
2166,2167,brain_tumor_figshare/2167.mat,MR037458B,2,1,Gliom,1,Gliom,evet,0.020127,0.976928,0.002945
2167,2168,brain_tumor_figshare/2168.mat,MR037458B,2,1,Gliom,0,Meningiom,hayır,0.862897,0.111478,0.025626
2168,2169,brain_tumor_figshare/2169.mat,MR037458B,2,1,Gliom,1,Gliom,evet,0.06224,0.931522,0.006239
2169,2170,brain_tumor_figshare/2170.mat,MR037458B,2,1,Gliom,0,Meningiom,hayır,0.785137,0.197531,0.017331
2170,2171,brain_tumor_figshare/2171.mat,MR037458B,2,1,Gliom,1,Gliom,evet,0.016377,0.98304,0.000583
2171,2172,brain_tumor_figshare/2172.mat,MR037458B,2,1,Gliom,1,Gliom,evet,0.007179,0.992732,8.8e-05
2172,2173,brain_tumor_figshare/2173.mat,MR037458B,2,1,Gliom,1,Gliom,evet,0.015188,0.9844,0.000412
2173,2174,brain_tumor_figshare/2174.mat,MR039473,4,1,Gliom,1,Gliom,evet,0.035233,0.961839,0.002927
2174,2175,brain_tumor_figshare/2175.mat,MR039473,4,1,Gliom,1,Gliom,evet,0.019866,0.976927,0.003207
2175,2176,brain_tumor_figshare/2176.mat,MR039473,4,1,Gliom,1,Gliom,evet,0.017114,0.979414,0.003472
2176,2177,brain_tumor_figshare/2177.mat,MR039473,4,1,Gliom,1,Gliom,evet,0.014137,0.982788,0.003076
2177,2178,brain_tumor_figshare/2178.mat,MR039473,4,1,Gliom,1,Gliom,evet,0.001362,0.998484,0.000153
2178,2179,brain_tumor_figshare/2179.mat,MR039473B,2,1,Gliom,2,Hipofiz tümörü,hayır,0.078255,0.073718,0.848026
2179,2180,brain_tumor_figshare/2180.mat,MR039473B,2,1,Gliom,1,Gliom,evet,0.011011,0.520914,0.468075
2180,2181,brain_tumor_figshare/2181.mat,MR039473B,2,1,Gliom,1,Gliom,evet,0.006772,0.756383,0.236845
2181,2182,brain_tumor_figshare/2182.mat,MR039473B,2,1,Gliom,1,Gliom,evet,0.009431,0.902883,0.087687
2182,2183,brain_tumor_figshare/2183.mat,MR039473B,2,1,Gliom,1,Gliom,evet,0.058261,0.759363,0.182376
2183,2184,brain_tumor_figshare/2184.mat,MR039473B,2,1,Gliom,1,Gliom,evet,0.080314,0.851944,0.067741
2184,2185,brain_tumor_figshare/2185.mat,MR039473B,2,1,Gliom,1,Gliom,evet,0.005463,0.979026,0.01551
2185,2186,brain_tumor_figshare/2186.mat,MR037458C,4,1,Gliom,0,Meningiom,hayır,0.462701,0.385699,0.151601
2186,2187,brain_tumor_figshare/2187.mat,MR037458C,4,1,Gliom,0,Meningiom,hayır,0.446825,0.400106,0.153069
2187,2188,brain_tumor_figshare/2188.mat,MR037458C,4,1,Gliom,1,Gliom,evet,0.25303,0.668541,0.078429
2188,2189,brain_tumor_figshare/2189.mat,MR037458C,4,1,Gliom,1,Gliom,evet,0.443147,0.507827,0.049026
2189,2190,brain_tumor_figshare/2190.mat,MR037458C,4,1,Gliom,1,Gliom,evet,0.44819,0.510973,0.040837
2190,2191,brain_tumor_figshare/2191.mat,MR037458C,4,1,Gliom,1,Gliom,evet,0.044867,0.953132,0.002001
2191,2192,brain_tumor_figshare/2192.mat,MR037458C,4,1,Gliom,1,Gliom,evet,0.083171,0.912102,0.004726
2192,2193,brain_tumor_figshare/2193.mat,MR037458C,4,1,Gliom,1,Gliom,evet,0.266782,0.731181,0.002037
2193,2194,brain_tumor_figshare/2194.mat,MR037458C,4,1,Gliom,0,Meningiom,hayır,0.504094,0.483225,0.012681
2194,2195,brain_tumor_figshare/2195.mat,MR037458C,4,1,Gliom,0,Meningiom,hayır,0.684426,0.303826,0.011747
2195,2196,brain_tumor_figshare/2196.mat,MR040240,5,1,Gliom,1,Gliom,evet,0.285207,0.692577,0.022217
2196,2197,brain_tumor_figshare/2197.mat,MR040240,5,1,Gliom,1,Gliom,evet,0.223281,0.730837,0.045882
2197,2198,brain_tumor_figshare/2198.mat,MR040240,5,1,Gliom,1,Gliom,evet,0.205471,0.728413,0.066117
2198,2199,brain_tumor_figshare/2199.mat,MR040240,5,1,Gliom,1,Gliom,evet,0.375426,0.559574,0.065
2199,2200,brain_tumor_figshare/2200.mat,MR040240,5,1,Gliom,0,Meningiom,hayır,0.51796,0.324693,0.157347
2200,2201,brain_tumor_figshare/2201.mat,MR040240,5,1,Gliom,1,Gliom,evet,0.255878,0.63773,0.106392
2201,2202,brain_tumor_figshare/2202.mat,MR040240,5,1,Gliom,1,Gliom,evet,0.01905,0.978622,0.002327
2202,2203,brain_tumor_figshare/2203.mat,MR040240,5,1,Gliom,1,Gliom,evet,0.028228,0.969526,0.002246
2203,2204,brain_tumor_figshare/2204.mat,MR040240,5,1,Gliom,1,Gliom,evet,0.129546,0.856493,0.013961
2204,2205,brain_tumor_figshare/2205.mat,MR040240,5,1,Gliom,1,Gliom,evet,0.034974,0.963504,0.001522
2205,2206,brain_tumor_figshare/2206.mat,MR040240B,3,1,Gliom,1,Gliom,evet,0.001765,0.998085,0.00015
2206,2207,brain_tumor_figshare/2207.mat,MR040240B,3,1,Gliom,1,Gliom,evet,0.002109,0.99784,5.1e-05
2207,2208,brain_tumor_figshare/2208.mat,MR040240B,3,1,Gliom,1,Gliom,evet,0.028877,0.968916,0.002208
2208,2209,brain_tumor_figshare/2209.mat,MR040240B,3,1,Gliom,1,Gliom,evet,0.009566,0.990183,0.00025
2209,2210,brain_tumor_figshare/2210.mat,MR040240B,3,1,Gliom,1,Gliom,evet,0.007315,0.992447,0.000238
2210,2211,brain_tumor_figshare/2211.mat,MR040240B,3,1,Gliom,1,Gliom,evet,0.0188,0.979976,0.001223
2211,2212,brain_tumor_figshare/2212.mat,MR040240B,3,1,Gliom,1,Gliom,evet,0.038116,0.961122,0.000762
2212,2213,brain_tumor_figshare/2213.mat,MR040240B,3,1,Gliom,1,Gliom,evet,0.041027,0.958398,0.000575
2213,2214,brain_tumor_figshare/2214.mat,MR040240B,3,1,Gliom,1,Gliom,evet,0.060435,0.938823,0.000742
2214,2215,brain_tumor_figshare/2215.mat,MR040240B,3,1,Gliom,1,Gliom,evet,0.038048,0.961485,0.000467
2215,2216,brain_tumor_figshare/2216.mat,MR029209G,5,1,Gliom,1,Gliom,evet,0.028698,0.962703,0.008599
2216,2217,brain_tumor_figshare/2217.mat,MR029209G,5,1,Gliom,1,Gliom,evet,0.019789,0.975566,0.004645
2217,2218,brain_tumor_figshare/2218.mat,MR029209G,5,1,Gliom,1,Gliom,evet,0.032246,0.959704,0.00805
2218,2219,brain_tumor_figshare/2219.mat,MR029209G,5,1,Gliom,1,Gliom,evet,0.002998,0.995765,0.001236
2219,2220,brain_tumor_figshare/2220.mat,MR029209G,5,1,Gliom,1,Gliom,evet,0.00596,0.992748,0.001293
2220,2221,brain_tumor_figshare/2221.mat,MR029209G,5,1,Gliom,0,Meningiom,hayır,0.85648,0.099015,0.044505
2221,2222,brain_tumor_figshare/2222.mat,MR029209G,5,1,Gliom,1,Gliom,evet,0.001236,0.998682,8.2e-05
2222,2223,brain_tumor_figshare/2223.mat,MR029209G,5,1,Gliom,1,Gliom,evet,0.002287,0.997635,7.8e-05
2223,2224,brain_tumor_figshare/2224.mat,MR036496B,3,1,Gliom,0,Meningiom,hayır,0.595866,0.399514,0.00462
2224,2225,brain_tumor_figshare/2225.mat,MR036496B,3,1,Gliom,1,Gliom,evet,0.050382,0.946954,0.002664
2225,2226,brain_tumor_figshare/2226.mat,MR036496B,3,1,Gliom,1,Gliom,evet,0.050905,0.94714,0.001955
2226,2227,brain_tumor_figshare/2227.mat,MR036496B,3,1,Gliom,1,Gliom,evet,0.007794,0.991758,0.000448
2227,2228,brain_tumor_figshare/2228.mat,MR036496B,3,1,Gliom,1,Gliom,evet,0.011738,0.987828,0.000434
2228,2229,brain_tumor_figshare/2229.mat,MR036496B,3,1,Gliom,1,Gliom,evet,0.002766,0.99704,0.000194
2229,2230,brain_tumor_figshare/2230.mat,MR033420,5,1,Gliom,1,Gliom,evet,0.014486,0.976225,0.009289
2230,2231,brain_tumor_figshare/2231.mat,MR033420,5,1,Gliom,1,Gliom,evet,0.071813,0.875626,0.05256
2231,2232,brain_tumor_figshare/2232.mat,MR033420,5,1,Gliom,1,Gliom,evet,0.088968,0.865618,0.045414
2232,2233,brain_tumor_figshare/2233.mat,MR033420,5,1,Gliom,1,Gliom,evet,0.001326,0.998103,0.000571
2233,2234,brain_tumor_figshare/2234.mat,MR033420,5,1,Gliom,1,Gliom,evet,0.001146,0.998455,0.000399
2234,2235,brain_tumor_figshare/2235.mat,MR033420,5,1,Gliom,1,Gliom,evet,0.012985,0.985974,0.001041
2235,2236,brain_tumor_figshare/2236.mat,MR033420,5,1,Gliom,1,Gliom,evet,0.00968,0.989295,0.001025
2236,2237,brain_tumor_figshare/2237.mat,MR024780B,1,1,Gliom,1,Gliom,evet,0.363166,0.580227,0.056608
2237,2238,brain_tumor_figshare/2238.mat,MR024780B,1,1,Gliom,1,Gliom,evet,0.104506,0.874785,0.020709
2238,2239,brain_tumor_figshare/2239.mat,MR024780B,1,1,Gliom,1,Gliom,evet,0.13505,0.858568,0.006382
2239,2240,brain_tumor_figshare/2240.mat,MR024780B,1,1,Gliom,1,Gliom,evet,0.041802,0.9561,0.002098
2240,2241,brain_tumor_figshare/2241.mat,MR033389B,4,1,Gliom,1,Gliom,evet,0.032399,0.965758,0.001842
2241,2242,brain_tumor_figshare/2242.mat,MR048994,2,1,Gliom,1,Gliom,evet,0.124321,0.872077,0.003602
2242,2243,brain_tumor_figshare/2243.mat,MR048994,2,1,Gliom,1,Gliom,evet,0.436003,0.546467,0.01753
2243,2244,brain_tumor_figshare/2244.mat,MR049104,1,1,Gliom,1,Gliom,evet,0.305706,0.486513,0.207781
2244,2245,brain_tumor_figshare/2245.mat,MR049104,1,1,Gliom,1,Gliom,evet,0.227019,0.712987,0.059994
2245,2246,brain_tumor_figshare/2246.mat,MR049104,1,1,Gliom,1,Gliom,evet,0.246332,0.716028,0.03764
2246,2247,brain_tumor_figshare/2247.mat,MR049142,5,1,Gliom,1,Gliom,evet,0.051742,0.895316,0.052942
2247,2248,brain_tumor_figshare/2248.mat,MR049142,5,1,Gliom,1,Gliom,evet,0.012348,0.981798,0.005854
2248,2249,brain_tumor_figshare/2249.mat,MR049142,5,1,Gliom,1,Gliom,evet,0.017757,0.979442,0.002801
2249,2250,brain_tumor_figshare/2250.mat,MR048994B,4,1,Gliom,1,Gliom,evet,0.078171,0.891081,0.030748
2250,2251,brain_tumor_figshare/2251.mat,MR048994B,4,1,Gliom,1,Gliom,evet,0.019209,0.955748,0.025043
2251,2252,brain_tumor_figshare/2252.mat,MR048994B,4,1,Gliom,1,Gliom,evet,0.044721,0.879866,0.075413
2252,2253,brain_tumor_figshare/2253.mat,MR048994B,4,1,Gliom,1,Gliom,evet,0.040544,0.901188,0.058268
2253,2254,brain_tumor_figshare/2254.mat,MR048944B,5,1,Gliom,1,Gliom,evet,0.102735,0.841789,0.055476
2254,2255,brain_tumor_figshare/2255.mat,MR048944B,5,1,Gliom,1,Gliom,evet,0.177211,0.721314,0.101475
2255,2256,brain_tumor_figshare/2256.mat,MR048944B,5,1,Gliom,1,Gliom,evet,0.041047,0.928894,0.030059
2256,2257,brain_tumor_figshare/2257.mat,MR048944B,5,1,Gliom,1,Gliom,evet,0.065086,0.895836,0.039078
2257,2258,brain_tumor_figshare/2258.mat,MR048944B,5,1,Gliom,1,Gliom,evet,0.135381,0.777702,0.086917
2258,2259,brain_tumor_figshare/2259.mat,MR048944B,5,1,Gliom,0,Meningiom,hayır,0.425855,0.416001,0.158143
2259,2260,brain_tumor_figshare/2260.mat,MR048944B,5,1,Gliom,0,Meningiom,hayır,0.580561,0.14939,0.270049
2260,2261,brain_tumor_figshare/2261.mat,MR049358,3,1,Gliom,1,Gliom,evet,0.060621,0.91572,0.023658
2261,2262,brain_tumor_figshare/2262.mat,MR049358,3,1,Gliom,1,Gliom,evet,0.008038,0.989483,0.002478
2262,2263,brain_tumor_figshare/2263.mat,MR049358,3,1,Gliom,1,Gliom,evet,0.010184,0.986861,0.002954
2263,2264,brain_tumor_figshare/2264.mat,MR049358,3,1,Gliom,1,Gliom,evet,0.018373,0.972589,0.009038
2264,2265,brain_tumor_figshare/2265.mat,MR049358,3,1,Gliom,1,Gliom,evet,0.012766,0.979652,0.007582
2265,2266,brain_tumor_figshare/2266.mat,MR049358,3,1,Gliom,1,Gliom,evet,0.014529,0.96726,0.01821
2266,2267,brain_tumor_figshare/2267.mat,MR049358,3,1,Gliom,1,Gliom,evet,0.081917,0.864443,0.05364
2267,2268,brain_tumor_figshare/2268.mat,MR049358,3,1,Gliom,1,Gliom,evet,0.102397,0.863028,0.034575
2268,2269,brain_tumor_figshare/2269.mat,MR049358,3,1,Gliom,1,Gliom,evet,0.329805,0.599287,0.070908
2269,2270,brain_tumor_figshare/2270.mat,MR049453,2,1,Gliom,1,Gliom,evet,0.017038,0.979527,0.003435
2270,2271,brain_tumor_figshare/2271.mat,MR049453,2,1,Gliom,1,Gliom,evet,0.016894,0.982793,0.000313
2271,2272,brain_tumor_figshare/2272.mat,MR049453,2,1,Gliom,1,Gliom,evet,0.033056,0.965934,0.00101
2272,2273,brain_tumor_figshare/2273.mat,MR049453,2,1,Gliom,1,Gliom,evet,0.024545,0.974814,0.000641
2273,2274,brain_tumor_figshare/2274.mat,MR049453,2,1,Gliom,1,Gliom,evet,0.120376,0.878908,0.000716
2274,2275,brain_tumor_figshare/2275.mat,MR049453,2,1,Gliom,1,Gliom,evet,0.166677,0.830621,0.002702
2275,2276,brain_tumor_figshare/2276.mat,MR049453,2,1,Gliom,1,Gliom,evet,0.071675,0.927925,0.0004
2276,2277,brain_tumor_figshare/2277.mat,MR049453,2,1,Gliom,1,Gliom,evet,0.077576,0.921432,0.000992
2277,2278,brain_tumor_figshare/2278.mat,MR049453,2,1,Gliom,1,Gliom,evet,0.441716,0.552446,0.005838
2278,2279,brain_tumor_figshare/2279.mat,MR024780G,1,1,Gliom,1,Gliom,evet,0.004452,0.994982,0.000566
2279,2280,brain_tumor_figshare/2280.mat,MR024780G,1,1,Gliom,1,Gliom,evet,0.004059,0.994889,0.001051
2280,2281,brain_tumor_figshare/2281.mat,MR024780G,1,1,Gliom,1,Gliom,evet,0.001307,0.998385,0.000308
2281,2282,brain_tumor_figshare/2282.mat,MR024780G,1,1,Gliom,1,Gliom,evet,0.002162,0.997221,0.000617
2282,2283,brain_tumor_figshare/2283.mat,MR024780G,1,1,Gliom,1,Gliom,evet,0.002043,0.995757,0.0022
2283,2284,brain_tumor_figshare/2284.mat,MR024780G,1,1,Gliom,1,Gliom,evet,0.000683,0.997949,0.001368
2284,2285,brain_tumor_figshare/2285.mat,MR024780G,1,1,Gliom,1,Gliom,evet,0.003635,0.99004,0.006325
2285,2286,brain_tumor_figshare/2286.mat,MR049453B,1,1,Gliom,1,Gliom,evet,0.008839,0.987628,0.003533
2286,2287,brain_tumor_figshare/2287.mat,MR049453B,1,1,Gliom,1,Gliom,evet,0.009608,0.988099,0.002293
2287,2288,brain_tumor_figshare/2288.mat,MR049453B,1,1,Gliom,1,Gliom,evet,0.010389,0.975201,0.01441
2288,2289,brain_tumor_figshare/2289.mat,MR049453B,1,1,Gliom,1,Gliom,evet,0.003444,0.994516,0.002041
2289,2290,brain_tumor_figshare/2290.mat,MR049453B,1,1,Gliom,1,Gliom,evet,0.015795,0.961543,0.022662
2290,2291,brain_tumor_figshare/2291.mat,MR049453B,1,1,Gliom,1,Gliom,evet,0.030963,0.906437,0.0626
2291,2292,brain_tumor_figshare/2292.mat,MR049453B,1,1,Gliom,1,Gliom,evet,0.010941,0.986817,0.002242
2292,2293,brain_tumor_figshare/2293.mat,MR049453B,1,1,Gliom,1,Gliom,evet,0.016024,0.980733,0.003242
2293,2294,brain_tumor_figshare/2294.mat,MR049453B,1,1,Gliom,1,Gliom,evet,0.019236,0.97611,0.004655
2294,2295,brain_tumor_figshare/2295.mat,MR049453B,1,1,Gliom,1,Gliom,evet,0.013605,0.982442,0.003953
2295,2296,brain_tumor_figshare/2296.mat,MR049453B,1,1,Gliom,1,Gliom,evet,0.00138,0.997279,0.001341
2296,2297,brain_tumor_figshare/2297.mat,MR049453B,1,1,Gliom,1,Gliom,evet,0.005896,0.992743,0.00136
2297,2298,brain_tumor_figshare/2298.mat,MR049453B,1,1,Gliom,1,Gliom,evet,0.014597,0.982342,0.003061
2298,2299,brain_tumor_figshare/2299.mat,MR049453B,1,1,Gliom,1,Gliom,evet,0.020816,0.964237,0.014948
2299,2300,brain_tumor_figshare/2300.mat,MR050135B,2,1,Gliom,1,Gliom,evet,0.083942,0.91361,0.002448
2300,2301,brain_tumor_figshare/2301.mat,MR050135B,2,1,Gliom,1,Gliom,evet,0.018391,0.98118,0.000428
2301,2302,brain_tumor_figshare/2302.mat,MR050135B,2,1,Gliom,1,Gliom,evet,0.043901,0.945665,0.010435
2302,2303,brain_tumor_figshare/2303.mat,MR050135B,2,1,Gliom,1,Gliom,evet,0.020799,0.978741,0.00046
2303,2304,brain_tumor_figshare/2304.mat,MR050135B,2,1,Gliom,1,Gliom,evet,0.261103,0.729559,0.009338
2304,2305,brain_tumor_figshare/2305.mat,MR050135B,2,1,Gliom,1,Gliom,evet,0.318505,0.623973,0.057523
2305,2306,brain_tumor_figshare/2306.mat,MR050135B,2,1,Gliom,1,Gliom,evet,0.212041,0.737496,0.050463
2306,2307,brain_tumor_figshare/2307.mat,MR050135B,2,1,Gliom,0,Meningiom,hayır,0.53052,0.41942,0.05006
2307,2308,brain_tumor_figshare/2308.mat,MR050135B,2,1,Gliom,0,Meningiom,hayır,0.51947,0.44073,0.0398
2308,2309,brain_tumor_figshare/2309.mat,MR050135B,2,1,Gliom,1,Gliom,evet,0.138274,0.838028,0.023697
2309,2310,brain_tumor_figshare/2310.mat,MR050135B,2,1,Gliom,1,Gliom,evet,0.036501,0.957675,0.005824
2310,2311,brain_tumor_figshare/2311.mat,MR050687,1,1,Gliom,1,Gliom,evet,0.426822,0.525074,0.048104
2311,2312,brain_tumor_figshare/2312.mat,MR050687,1,1,Gliom,0,Meningiom,hayır,0.872432,0.065174,0.062394
2312,2313,brain_tumor_figshare/2313.mat,MR050687,1,1,Gliom,0,Meningiom,hayır,0.922921,0.04084,0.036239
2313,2314,brain_tumor_figshare/2314.mat,MR050687,1,1,Gliom,0,Meningiom,hayır,0.9362,0.035312,0.028488
2314,2315,brain_tumor_figshare/2315.mat,MR050687,1,1,Gliom,0,Meningiom,hayır,0.954082,0.026132,0.019787
2315,2316,brain_tumor_figshare/2316.mat,MR050687,1,1,Gliom,0,Meningiom,hayır,0.791396,0.125171,0.083433
2316,2317,brain_tumor_figshare/2317.mat,MR050791B,4,1,Gliom,1,Gliom,evet,0.001746,0.994355,0.003898
2317,2318,brain_tumor_figshare/2318.mat,MR050791B,4,1,Gliom,1,Gliom,evet,0.010192,0.978586,0.011222
2318,2319,brain_tumor_figshare/2319.mat,MR050791B,4,1,Gliom,1,Gliom,evet,0.000471,0.995529,0.004
2319,2320,brain_tumor_figshare/2320.mat,MR050791B,4,1,Gliom,1,Gliom,evet,0.000642,0.995945,0.003413
2320,2321,brain_tumor_figshare/2321.mat,MR049019C,4,1,Gliom,1,Gliom,evet,0.038797,0.907933,0.053271
2321,2322,brain_tumor_figshare/2322.mat,MR049019C,4,1,Gliom,1,Gliom,evet,0.016026,0.941668,0.042306
2322,2323,brain_tumor_figshare/2323.mat,MR049019C,4,1,Gliom,1,Gliom,evet,0.052922,0.901727,0.045351
2323,2324,brain_tumor_figshare/2324.mat,MR049019C,4,1,Gliom,1,Gliom,evet,0.043009,0.928648,0.028343
2324,2325,brain_tumor_figshare/2325.mat,MR049019C,4,1,Gliom,1,Gliom,evet,0.022749,0.963487,0.013764
2325,2326,brain_tumor_figshare/2326.mat,MR026175C,4,1,Gliom,1,Gliom,evet,0.007168,0.990563,0.00227
2326,2327,brain_tumor_figshare/2327.mat,MR026175C,4,1,Gliom,1,Gliom,evet,0.003783,0.995961,0.000256
2327,2328,brain_tumor_figshare/2328.mat,MR026175C,4,1,Gliom,1,Gliom,evet,0.008207,0.990231,0.001562
2328,2329,brain_tumor_figshare/2329.mat,MR026175C,4,1,Gliom,1,Gliom,evet,0.002059,0.997686,0.000255
2329,2330,brain_tumor_figshare/2330.mat,MR026175C,4,1,Gliom,1,Gliom,evet,0.006623,0.993162,0.000215
2330,2331,brain_tumor_figshare/2331.mat,MR026175C,4,1,Gliom,1,Gliom,evet,0.008157,0.99036,0.001483
2331,2332,brain_tumor_figshare/2332.mat,MR026175C,4,1,Gliom,1,Gliom,evet,0.05106,0.9435,0.005439
2332,2333,brain_tumor_figshare/2333.mat,MR051461,2,1,Gliom,1,Gliom,evet,0.011645,0.987692,0.000663
2333,2334,brain_tumor_figshare/2334.mat,MR051461,2,1,Gliom,1,Gliom,evet,0.027089,0.971423,0.001488
2334,2335,brain_tumor_figshare/2335.mat,MR051461,2,1,Gliom,1,Gliom,evet,0.010345,0.988274,0.001381
2335,2336,brain_tumor_figshare/2336.mat,MR051461,2,1,Gliom,1,Gliom,evet,0.009778,0.986803,0.003419
2336,2337,brain_tumor_figshare/2337.mat,MR051461,2,1,Gliom,1,Gliom,evet,0.008238,0.988517,0.003245
2337,2338,brain_tumor_figshare/2338.mat,MR051461,2,1,Gliom,1,Gliom,evet,0.008528,0.98582,0.005652
2338,2339,brain_tumor_figshare/2339.mat,MR051461,2,1,Gliom,1,Gliom,evet,0.017892,0.976138,0.00597
2339,2340,brain_tumor_figshare/2340.mat,MR051461,2,1,Gliom,1,Gliom,evet,0.003426,0.995911,0.000663
2340,2341,brain_tumor_figshare/2341.mat,MR051461,2,1,Gliom,1,Gliom,evet,0.014582,0.980865,0.004554
2341,2342,brain_tumor_figshare/2342.mat,MR051586,5,1,Gliom,0,Meningiom,hayır,0.809716,0.169269,0.021015
2342,2343,brain_tumor_figshare/2343.mat,MR051586,5,1,Gliom,0,Meningiom,hayır,0.894144,0.083347,0.022509
2343,2344,brain_tumor_figshare/2344.mat,MR033389B,4,1,Gliom,1,Gliom,evet,0.023197,0.975781,0.001022
2344,2345,brain_tumor_figshare/2345.mat,MR033389B,4,1,Gliom,1,Gliom,evet,0.009602,0.990228,0.000171
2345,2346,brain_tumor_figshare/2346.mat,MR033389B,4,1,Gliom,1,Gliom,evet,0.047853,0.95197,0.000177
2346,2347,brain_tumor_figshare/2347.mat,MR033389B,4,1,Gliom,1,Gliom,evet,0.03298,0.966923,9.7e-05
2347,2348,brain_tumor_figshare/2348.mat,MR033389B,4,1,Gliom,0,Meningiom,hayır,0.517684,0.481984,0.000332
2348,2349,brain_tumor_figshare/2349.mat,MR024780E,4,1,Gliom,1,Gliom,evet,0.094854,0.894382,0.010764
2349,2350,brain_tumor_figshare/2350.mat,MR026175E,2,1,Gliom,1,Gliom,evet,0.009571,0.936376,0.054053
2350,2351,brain_tumor_figshare/2351.mat,MR026175E,2,1,Gliom,1,Gliom,evet,0.012625,0.939576,0.047799
2351,2352,brain_tumor_figshare/2352.mat,MR026175E,2,1,Gliom,1,Gliom,evet,0.100392,0.899355,0.000253
2352,2353,brain_tumor_figshare/2353.mat,MR026175E,2,1,Gliom,1,Gliom,evet,0.466885,0.532322,0.000793
2353,2354,brain_tumor_figshare/2354.mat,MR026175E,2,1,Gliom,1,Gliom,evet,0.001204,0.990108,0.008688
2354,2355,brain_tumor_figshare/2355.mat,MR026175E,2,1,Gliom,1,Gliom,evet,0.052295,0.921463,0.026242
2355,2356,brain_tumor_figshare/2356.mat,MR026175E,2,1,Gliom,1,Gliom,evet,0.232289,0.712476,0.055234
2356,2357,brain_tumor_figshare/2357.mat,MR026175E,2,1,Gliom,0,Meningiom,hayır,0.528001,0.424133,0.047866
2357,2358,brain_tumor_figshare/2358.mat,MR026175E,2,1,Gliom,0,Meningiom,hayır,0.535249,0.404512,0.06024
2358,2359,brain_tumor_figshare/2359.mat,MR026175E,2,1,Gliom,1,Gliom,evet,0.035771,0.948978,0.015252
2359,2360,brain_tumor_figshare/2360.mat,MR026175E,2,1,Gliom,0,Meningiom,hayır,0.547378,0.419576,0.033046
2360,2361,brain_tumor_figshare/2361.mat,MR026175E,2,1,Gliom,0,Meningiom,hayır,0.66385,0.332345,0.003805
2361,2362,brain_tumor_figshare/2362.mat,MR040240C,2,1,Gliom,1,Gliom,evet,0.010504,0.931626,0.057871
2362,2363,brain_tumor_figshare/2363.mat,MR040240C,2,1,Gliom,1,Gliom,evet,0.011795,0.987397,0.000808
2363,2364,brain_tumor_figshare/2364.mat,MR040240C,2,1,Gliom,1,Gliom,evet,0.051439,0.948023,0.000538
2364,2365,brain_tumor_figshare/2365.mat,MR040240C,2,1,Gliom,1,Gliom,evet,0.004435,0.989297,0.006268
2365,2366,brain_tumor_figshare/2366.mat,MR040240C,2,1,Gliom,1,Gliom,evet,0.022232,0.968496,0.009272
2366,2367,brain_tumor_figshare/2367.mat,MR040240C,2,1,Gliom,1,Gliom,evet,0.059288,0.932309,0.008403
2367,2368,brain_tumor_figshare/2368.mat,MR040240C,2,1,Gliom,1,Gliom,evet,0.002649,0.995883,0.001468
2368,2369,brain_tumor_figshare/2369.mat,MR040240C,2,1,Gliom,1,Gliom,evet,0.006537,0.981208,0.012255
2369,2370,brain_tumor_figshare/2370.mat,MR040240C,2,1,Gliom,1,Gliom,evet,0.008877,0.990705,0.000418
2370,2371,brain_tumor_figshare/2371.mat,MR040240C,2,1,Gliom,1,Gliom,evet,0.008764,0.984069,0.007166
2371,2372,brain_tumor_figshare/2372.mat,MR040240C,2,1,Gliom,1,Gliom,evet,0.016782,0.980637,0.002582
2372,2373,brain_tumor_figshare/2373.mat,MR040240D,4,1,Gliom,1,Gliom,evet,0.00993,0.986667,0.003403
2373,2374,brain_tumor_figshare/2374.mat,MR040240D,4,1,Gliom,1,Gliom,evet,0.00299,0.996588,0.000423
2374,2375,brain_tumor_figshare/2375.mat,MR040240D,4,1,Gliom,1,Gliom,evet,0.002864,0.996809,0.000327
2375,2376,brain_tumor_figshare/2376.mat,MR040240D,4,1,Gliom,1,Gliom,evet,0.008175,0.989279,0.002546
2376,2377,brain_tumor_figshare/2377.mat,MR040240D,4,1,Gliom,1,Gliom,evet,0.025803,0.972129,0.002069
2377,2378,brain_tumor_figshare/2378.mat,MR040240D,4,1,Gliom,1,Gliom,evet,0.0193,0.978979,0.001721
2378,2379,brain_tumor_figshare/2379.mat,MR040240D,4,1,Gliom,1,Gliom,evet,0.016138,0.982073,0.001788
2379,2380,brain_tumor_figshare/2380.mat,MR040240D,4,1,Gliom,1,Gliom,evet,0.018046,0.980952,0.001003
2380,2381,brain_tumor_figshare/2381.mat,MR040240D,4,1,Gliom,1,Gliom,evet,0.022003,0.977692,0.000305
2381,2382,brain_tumor_figshare/2382.mat,MR040240D,4,1,Gliom,0,Meningiom,hayır,0.613708,0.375279,0.011013
2382,2383,brain_tumor_figshare/2383.mat,MR040240D,4,1,Gliom,1,Gliom,evet,0.000895,0.99889,0.000215
2383,2384,brain_tumor_figshare/2384.mat,MR017260F,2,1,Gliom,1,Gliom,evet,0.025146,0.967071,0.007783
2384,2385,brain_tumor_figshare/2385.mat,MR017260F,2,1,Gliom,1,Gliom,evet,0.003675,0.994795,0.00153
2385,2386,brain_tumor_figshare/2386.mat,MR017260F,2,1,Gliom,1,Gliom,evet,0.010451,0.988594,0.000955
2386,2387,brain_tumor_figshare/2387.mat,MR017260F,2,1,Gliom,1,Gliom,evet,0.006984,0.992277,0.00074
2387,2388,brain_tumor_figshare/2388.mat,MR017260F,2,1,Gliom,1,Gliom,evet,0.085034,0.911058,0.003908
2388,2389,brain_tumor_figshare/2389.mat,MR017260F,2,1,Gliom,1,Gliom,evet,0.014745,0.983674,0.001581
2389,2390,brain_tumor_figshare/2390.mat,MR017260F,2,1,Gliom,1,Gliom,evet,0.03413,0.965321,0.000549
2390,2391,brain_tumor_figshare/2391.mat,MR017260F,2,1,Gliom,1,Gliom,evet,0.111608,0.88705,0.001342
2391,2392,brain_tumor_figshare/2392.mat,MR017260F,2,1,Gliom,1,Gliom,evet,0.12258,0.877106,0.000315
2392,2393,brain_tumor_figshare/2393.mat,MR017260F,2,1,Gliom,1,Gliom,evet,0.070867,0.928561,0.000572
2393,2394,brain_tumor_figshare/2394.mat,MR029209I,4,1,Gliom,1,Gliom,evet,0.01652,0.977458,0.006022
2394,2395,brain_tumor_figshare/2395.mat,MR029209I,4,1,Gliom,1,Gliom,evet,0.028067,0.964338,0.007595
2395,2396,brain_tumor_figshare/2396.mat,MR029209I,4,1,Gliom,1,Gliom,evet,0.007855,0.990269,0.001877
2396,2397,brain_tumor_figshare/2397.mat,MR029209I,4,1,Gliom,1,Gliom,evet,0.016742,0.981534,0.001725
2397,2398,brain_tumor_figshare/2398.mat,MR029209I,4,1,Gliom,1,Gliom,evet,0.049388,0.944831,0.005781
2398,2399,brain_tumor_figshare/2399.mat,MR029209I,4,1,Gliom,1,Gliom,evet,0.075847,0.917884,0.00627
2399,2400,brain_tumor_figshare/2400.mat,MR029209I,4,1,Gliom,1,Gliom,evet,0.088943,0.910416,0.00064
2400,2401,brain_tumor_figshare/2401.mat,MR029209I,4,1,Gliom,0,Meningiom,hayır,0.566049,0.430539,0.003413
2401,2402,brain_tumor_figshare/2402.mat,MR029209I,4,1,Gliom,1,Gliom,evet,0.082066,0.916648,0.001286
2402,2403,brain_tumor_figshare/2403.mat,MR048294,1,1,Gliom,1,Gliom,evet,0.22389,0.605702,0.170408
2403,2404,brain_tumor_figshare/2404.mat,MR048294,1,1,Gliom,0,Meningiom,hayır,0.584034,0.042452,0.373514
2404,2405,brain_tumor_figshare/2405.mat,MR048294,1,1,Gliom,0,Meningiom,hayır,0.829611,0.057014,0.113375
2405,2406,brain_tumor_figshare/2406.mat,MR048294,1,1,Gliom,0,Meningiom,hayır,0.742634,0.094234,0.163132
2406,2407,brain_tumor_figshare/2407.mat,MR048294,1,1,Gliom,0,Meningiom,hayır,0.741944,0.067689,0.190367
2407,2408,brain_tumor_figshare/2408.mat,MR048294,1,1,Gliom,0,Meningiom,hayır,0.734858,0.057008,0.208134
2408,2409,brain_tumor_figshare/2409.mat,MR048294,1,1,Gliom,0,Meningiom,hayır,0.483945,0.290659,0.225396
2409,2410,brain_tumor_figshare/2410.mat,MR048297,1,1,Gliom,0,Meningiom,hayır,0.579896,0.278665,0.141439
2410,2411,brain_tumor_figshare/2411.mat,MR048297,1,1,Gliom,0,Meningiom,hayır,0.793195,0.017524,0.18928
2411,2412,brain_tumor_figshare/2412.mat,MR048297,1,1,Gliom,0,Meningiom,hayır,0.896415,0.011878,0.091706
2412,2413,brain_tumor_figshare/2413.mat,MR048297,1,1,Gliom,0,Meningiom,hayır,0.870794,0.035141,0.094065
2413,2414,brain_tumor_figshare/2414.mat,MR048297,1,1,Gliom,0,Meningiom,hayır,0.634208,0.20743,0.158362
2414,2415,brain_tumor_figshare/2415.mat,MR048294B,5,1,Gliom,1,Gliom,evet,0.024727,0.95325,0.022023
2415,2416,brain_tumor_figshare/2416.mat,MR048294B,5,1,Gliom,0,Meningiom,hayır,0.465936,0.203169,0.330895
2416,2417,brain_tumor_figshare/2417.mat,MR048294B,5,1,Gliom,0,Meningiom,hayır,0.401505,0.317189,0.281306
2417,2418,brain_tumor_figshare/2418.mat,MR048294B,5,1,Gliom,1,Gliom,evet,0.194373,0.618276,0.187351
2418,2419,brain_tumor_figshare/2419.mat,MR048294B,5,1,Gliom,1,Gliom,evet,0.184217,0.68051,0.135272
2419,2420,brain_tumor_figshare/2420.mat,MR048621B,5,1,Gliom,1,Gliom,evet,0.047869,0.94871,0.00342
2420,2421,brain_tumor_figshare/2421.mat,MR048621B,5,1,Gliom,1,Gliom,evet,0.010184,0.988957,0.000859
2421,2422,brain_tumor_figshare/2422.mat,MR048621B,5,1,Gliom,1,Gliom,evet,0.013035,0.984668,0.002297
2422,2423,brain_tumor_figshare/2423.mat,MR048621B,5,1,Gliom,1,Gliom,evet,0.008015,0.984657,0.007328
2423,2424,brain_tumor_figshare/2424.mat,MR048621B,5,1,Gliom,1,Gliom,evet,0.013554,0.982575,0.003871
2424,2425,brain_tumor_figshare/2425.mat,MR048621B,5,1,Gliom,1,Gliom,evet,0.026118,0.960858,0.013024
2425,2426,brain_tumor_figshare/2426.mat,MR048944,5,1,Gliom,1,Gliom,evet,0.217829,0.773829,0.008341
2426,2427,brain_tumor_figshare/2427.mat,MR048944,5,1,Gliom,0,Meningiom,hayır,0.816335,0.168973,0.014693
2427,2428,brain_tumor_figshare/2428.mat,MR048944,5,1,Gliom,0,Meningiom,hayır,0.935002,0.042645,0.022353
2428,2429,brain_tumor_figshare/2429.mat,MR048944,5,1,Gliom,1,Gliom,evet,0.424405,0.552032,0.023562
2429,2430,brain_tumor_figshare/2430.mat,MR048944,5,1,Gliom,1,Gliom,evet,0.106563,0.888201,0.005236
2430,2431,brain_tumor_figshare/2431.mat,MR048944,5,1,Gliom,1,Gliom,evet,0.294958,0.685438,0.019603
2431,2432,brain_tumor_figshare/2432.mat,MR048944,5,1,Gliom,1,Gliom,evet,0.428686,0.538541,0.032773
2432,2433,brain_tumor_figshare/2433.mat,MR048944,5,1,Gliom,1,Gliom,evet,0.165141,0.826051,0.008808
2433,2434,brain_tumor_figshare/2434.mat,MR048944,5,1,Gliom,1,Gliom,evet,0.08985,0.905955,0.004195
2434,2435,brain_tumor_figshare/2435.mat,MR048994,2,1,Gliom,1,Gliom,evet,0.333877,0.665882,0.000241
2435,2436,brain_tumor_figshare/2436.mat,MR048994,2,1,Gliom,1,Gliom,evet,0.034515,0.965433,5.2e-05
2436,2437,brain_tumor_figshare/2437.mat,MR048994,2,1,Gliom,1,Gliom,evet,0.037146,0.962749,0.000105
2437,2438,brain_tumor_figshare/2438.mat,MR048994,2,1,Gliom,1,Gliom,evet,0.021617,0.978277,0.000105
2438,2439,brain_tumor_figshare/2439.mat,MR048994,2,1,Gliom,1,Gliom,evet,0.029223,0.970262,0.000515
2439,2440,brain_tumor_figshare/2440.mat,MR048994,2,1,Gliom,1,Gliom,evet,0.03743,0.962124,0.000446
2440,2441,brain_tumor_figshare/2441.mat,MR048994,2,1,Gliom,1,Gliom,evet,0.051506,0.947937,0.000558
2441,2442,brain_tumor_figshare/2442.mat,MR037458C,4,1,Gliom,1,Gliom,evet,0.366024,0.614484,0.019492
2442,2443,brain_tumor_figshare/2443.mat,MR040240,5,1,Gliom,1,Gliom,evet,0.033953,0.962819,0.003229
2443,2444,brain_tumor_figshare/2444.mat,MR040240,5,1,Gliom,1,Gliom,evet,0.041915,0.950461,0.007624
2444,2445,brain_tumor_figshare/2445.mat,MR040240,5,1,Gliom,1,Gliom,evet,0.037244,0.956619,0.006136
2445,2446,brain_tumor_figshare/2446.mat,MR040240,5,1,Gliom,1,Gliom,evet,0.102301,0.853844,0.043855
2446,2447,brain_tumor_figshare/2447.mat,MR040240,5,1,Gliom,1,Gliom,evet,0.302369,0.651176,0.046455
2447,2448,brain_tumor_figshare/2448.mat,MR040240,5,1,Gliom,0,Meningiom,hayır,0.562546,0.345333,0.092121
2448,2449,brain_tumor_figshare/2449.mat,MR040240,5,1,Gliom,0,Meningiom,hayır,0.496268,0.38638,0.117352
2449,2450,brain_tumor_figshare/2450.mat,MR040240,5,1,Gliom,1,Gliom,evet,0.170279,0.6228,0.206921
2450,2451,brain_tumor_figshare/2451.mat,MR040240,5,1,Gliom,1,Gliom,evet,0.039031,0.942626,0.018343
2451,2452,brain_tumor_figshare/2452.mat,MR040240,5,1,Gliom,1,Gliom,evet,0.052394,0.938686,0.00892
2452,2453,brain_tumor_figshare/2453.mat,MR040240B,3,1,Gliom,1,Gliom,evet,0.01003,0.986758,0.003212
2453,2454,brain_tumor_figshare/2454.mat,MR040240B,3,1,Gliom,1,Gliom,evet,0.057873,0.924707,0.017421
2454,2455,brain_tumor_figshare/2455.mat,MR040240B,3,1,Gliom,1,Gliom,evet,0.020301,0.973032,0.006667
2455,2456,brain_tumor_figshare/2456.mat,MR040240B,3,1,Gliom,1,Gliom,evet,0.053152,0.941919,0.004929
2456,2457,brain_tumor_figshare/2457.mat,MR040240B,3,1,Gliom,1,Gliom,evet,0.044824,0.940196,0.01498
2457,2458,brain_tumor_figshare/2458.mat,MR040240B,3,1,Gliom,1,Gliom,evet,0.039527,0.949176,0.011296
2458,2459,brain_tumor_figshare/2459.mat,MR040240B,3,1,Gliom,1,Gliom,evet,0.037007,0.953729,0.009265
2459,2460,brain_tumor_figshare/2460.mat,MR040240B,3,1,Gliom,1,Gliom,evet,0.044103,0.912296,0.043601
2460,2461,brain_tumor_figshare/2461.mat,MR040240B,3,1,Gliom,1,Gliom,evet,0.052539,0.914712,0.032749
2461,2462,brain_tumor_figshare/2462.mat,MR040240B,3,1,Gliom,1,Gliom,evet,0.151974,0.790612,0.057414
2462,2463,brain_tumor_figshare/2463.mat,MR029209G,5,1,Gliom,1,Gliom,evet,0.0023,0.997454,0.000246
2463,2464,brain_tumor_figshare/2464.mat,MR029209G,5,1,Gliom,1,Gliom,evet,0.021897,0.977241,0.000862
2464,2465,brain_tumor_figshare/2465.mat,MR029209G,5,1,Gliom,1,Gliom,evet,0.01231,0.984616,0.003074
2465,2466,brain_tumor_figshare/2466.mat,MR029209G,5,1,Gliom,1,Gliom,evet,0.015014,0.980203,0.004783
2466,2467,brain_tumor_figshare/2467.mat,MR029209G,5,1,Gliom,1,Gliom,evet,0.019755,0.976649,0.003597
2467,2468,brain_tumor_figshare/2468.mat,MR029209G,5,1,Gliom,1,Gliom,evet,0.001176,0.998785,3.8e-05
2468,2469,brain_tumor_figshare/2469.mat,MR029209G,5,1,Gliom,1,Gliom,evet,0.006492,0.990415,0.003093
2469,2470,brain_tumor_figshare/2470.mat,MR036496B,3,1,Gliom,1,Gliom,evet,0.019107,0.976186,0.004708
2470,2471,brain_tumor_figshare/2471.mat,MR036496B,3,1,Gliom,1,Gliom,evet,0.016626,0.967552,0.015822
2471,2472,brain_tumor_figshare/2472.mat,MR036496B,3,1,Gliom,1,Gliom,evet,0.126917,0.858617,0.014466
2472,2473,brain_tumor_figshare/2473.mat,MR036496B,3,1,Gliom,1,Gliom,evet,0.031777,0.965732,0.002491
2473,2474,brain_tumor_figshare/2474.mat,MR036496B,3,1,Gliom,1,Gliom,evet,0.055488,0.941155,0.003357
2474,2475,brain_tumor_figshare/2475.mat,MR036496B,3,1,Gliom,1,Gliom,evet,0.062098,0.934036,0.003866
2475,2476,brain_tumor_figshare/2476.mat,MR033420,5,1,Gliom,0,Meningiom,hayır,0.955675,0.021069,0.023255
2476,2477,brain_tumor_figshare/2477.mat,MR033420,5,1,Gliom,0,Meningiom,hayır,0.95455,0.005418,0.040032
2477,2478,brain_tumor_figshare/2478.mat,MR033420,5,1,Gliom,1,Gliom,evet,0.016649,0.973697,0.009654
2478,2479,brain_tumor_figshare/2479.mat,MR033420,5,1,Gliom,0,Meningiom,hayır,0.598809,0.377267,0.023924
2479,2480,brain_tumor_figshare/2480.mat,MR033420,5,1,Gliom,1,Gliom,evet,0.41067,0.578886,0.010444
2480,2481,brain_tumor_figshare/2481.mat,MR033420,5,1,Gliom,0,Meningiom,hayır,0.50787,0.459292,0.032838
2481,2482,brain_tumor_figshare/2482.mat,MR033420,5,1,Gliom,0,Meningiom,hayır,0.902195,0.054774,0.043031
2482,2483,brain_tumor_figshare/2483.mat,MR033420,5,1,Gliom,0,Meningiom,hayır,0.787864,0.161739,0.050398
2483,2484,brain_tumor_figshare/2484.mat,MR033420,5,1,Gliom,1,Gliom,evet,0.0628,0.928851,0.008349
2484,2485,brain_tumor_figshare/2485.mat,MR033420,5,1,Gliom,1,Gliom,evet,0.007318,0.991313,0.001369
2485,2486,brain_tumor_figshare/2486.mat,MR033420,5,1,Gliom,1,Gliom,evet,0.006529,0.990777,0.002693
2486,2487,brain_tumor_figshare/2487.mat,MR033389B,4,1,Gliom,0,Meningiom,hayır,0.685582,0.182682,0.131737
2487,2488,brain_tumor_figshare/2488.mat,MR033389B,4,1,Gliom,1,Gliom,evet,0.250152,0.619334,0.130514
2488,2489,brain_tumor_figshare/2489.mat,MR033389B,4,1,Gliom,1,Gliom,evet,0.031144,0.919862,0.048993
2489,2490,brain_tumor_figshare/2490.mat,MR033389B,4,1,Gliom,1,Gliom,evet,0.01358,0.975322,0.011099
2490,2491,brain_tumor_figshare/2491.mat,MR033389B,4,1,Gliom,1,Gliom,evet,0.029888,0.962438,0.007674
2491,2492,brain_tumor_figshare/2492.mat,MR033389B,4,1,Gliom,1,Gliom,evet,0.240203,0.657158,0.102638
2492,2493,brain_tumor_figshare/2493.mat,MR033389B,4,1,Gliom,1,Gliom,evet,0.046122,0.924348,0.02953
2493,2494,brain_tumor_figshare/2494.mat,MR033389B,4,1,Gliom,1,Gliom,evet,0.151971,0.840926,0.007103
2494,2495,brain_tumor_figshare/2495.mat,MR033389B,4,1,Gliom,1,Gliom,evet,0.148175,0.831699,0.020127
2495,2496,brain_tumor_figshare/2496.mat,MR024780E,4,1,Gliom,1,Gliom,evet,0.013318,0.981792,0.00489
2496,2497,brain_tumor_figshare/2497.mat,MR024780E,4,1,Gliom,1,Gliom,evet,0.017606,0.976684,0.005709
2497,2498,brain_tumor_figshare/2498.mat,MR024780E,4,1,Gliom,1,Gliom,evet,0.024849,0.972753,0.002399
2498,2499,brain_tumor_figshare/2499.mat,MR026175E,2,1,Gliom,1,Gliom,evet,0.0013,0.998622,7.8e-05
2499,2500,brain_tumor_figshare/2500.mat,MR026175E,2,1,Gliom,1,Gliom,evet,0.017358,0.981439,0.001203
2500,2501,brain_tumor_figshare/2501.mat,MR026175E,2,1,Gliom,1,Gliom,evet,0.003435,0.996393,0.000172
2501,2502,brain_tumor_figshare/2502.mat,MR026175E,2,1,Gliom,1,Gliom,evet,0.004236,0.995258,0.000506
2502,2503,brain_tumor_figshare/2503.mat,MR026175E,2,1,Gliom,1,Gliom,evet,0.003246,0.996556,0.000198
2503,2504,brain_tumor_figshare/2504.mat,MR026175E,2,1,Gliom,1,Gliom,evet,0.078442,0.918298,0.003261
2504,2505,brain_tumor_figshare/2505.mat,MR026175E,2,1,Gliom,0,Meningiom,hayır,0.635343,0.353062,0.011594
2505,2506,brain_tumor_figshare/2506.mat,MR026175E,2,1,Gliom,0,Meningiom,hayır,0.770372,0.228157,0.001471
2506,2507,brain_tumor_figshare/2507.mat,MR026175E,2,1,Gliom,1,Gliom,evet,0.006324,0.993235,0.000441
2507,2508,brain_tumor_figshare/2508.mat,MR026175E,2,1,Gliom,1,Gliom,evet,0.009607,0.98954,0.000854
2508,2509,brain_tumor_figshare/2509.mat,MR040240C,2,1,Gliom,1,Gliom,evet,0.040773,0.957725,0.001502
2509,2510,brain_tumor_figshare/2510.mat,MR040240C,2,1,Gliom,1,Gliom,evet,0.049023,0.948869,0.002108
2510,2511,brain_tumor_figshare/2511.mat,MR040240C,2,1,Gliom,1,Gliom,evet,0.005532,0.994338,0.000131
2511,2512,brain_tumor_figshare/2512.mat,MR040240C,2,1,Gliom,1,Gliom,evet,0.003473,0.996507,2e-05
2512,2513,brain_tumor_figshare/2513.mat,MR040240C,2,1,Gliom,1,Gliom,evet,0.003566,0.996427,7e-06
2513,2514,brain_tumor_figshare/2514.mat,MR040240C,2,1,Gliom,1,Gliom,evet,0.007418,0.992572,1e-05
2514,2515,brain_tumor_figshare/2515.mat,MR040240C,2,1,Gliom,1,Gliom,evet,0.097019,0.902973,8e-06
2515,2516,brain_tumor_figshare/2516.mat,MR040240C,2,1,Gliom,1,Gliom,evet,0.024755,0.974396,0.000849
2516,2517,brain_tumor_figshare/2517.mat,MR040240C,2,1,Gliom,1,Gliom,evet,0.101196,0.869606,0.029198
2517,2518,brain_tumor_figshare/2518.mat,MR040240C,2,1,Gliom,1,Gliom,evet,0.050047,0.938342,0.011611
2518,2519,brain_tumor_figshare/2519.mat,MR040240C,2,1,Gliom,1,Gliom,evet,0.041233,0.932409,0.026359
2519,2520,brain_tumor_figshare/2520.mat,MR040240C,2,1,Gliom,1,Gliom,evet,0.109209,0.864573,0.026217
2520,2521,brain_tumor_figshare/2521.mat,MR040240C,2,1,Gliom,1,Gliom,evet,0.094322,0.893034,0.012643
2521,2522,brain_tumor_figshare/2522.mat,MR040240C,2,1,Gliom,1,Gliom,evet,0.004492,0.995125,0.000384
2522,2523,brain_tumor_figshare/2523.mat,MR040240C,2,1,Gliom,1,Gliom,evet,0.005848,0.993909,0.000244
2523,2524,brain_tumor_figshare/2524.mat,MR017260F,2,1,Gliom,0,Meningiom,hayır,0.666413,0.331786,0.001801
2524,2525,brain_tumor_figshare/2525.mat,MR017260F,2,1,Gliom,1,Gliom,evet,0.257017,0.741944,0.00104
2525,2526,brain_tumor_figshare/2526.mat,MR017260F,2,1,Gliom,0,Meningiom,hayır,0.555938,0.439775,0.004287
2526,2527,brain_tumor_figshare/2527.mat,MR017260F,2,1,Gliom,1,Gliom,evet,0.049761,0.950029,0.00021
2527,2528,brain_tumor_figshare/2528.mat,MR017260F,2,1,Gliom,1,Gliom,evet,0.116096,0.88313,0.000775
2528,2529,brain_tumor_figshare/2529.mat,MR017260F,2,1,Gliom,1,Gliom,evet,0.065404,0.934305,0.00029
2529,2530,brain_tumor_figshare/2530.mat,MR029209I,4,1,Gliom,1,Gliom,evet,0.073139,0.897782,0.029079
2530,2531,brain_tumor_figshare/2531.mat,MR029209I,4,1,Gliom,1,Gliom,evet,0.166242,0.724104,0.109653
2531,2532,brain_tumor_figshare/2532.mat,MR029209I,4,1,Gliom,1,Gliom,evet,0.200319,0.722838,0.076844
2532,2533,brain_tumor_figshare/2533.mat,MR029209I,4,1,Gliom,1,Gliom,evet,0.091289,0.709449,0.199262
2533,2534,brain_tumor_figshare/2534.mat,MR029209I,4,1,Gliom,1,Gliom,evet,0.075447,0.80314,0.121413
2534,2535,brain_tumor_figshare/2535.mat,MR029209I,4,1,Gliom,1,Gliom,evet,0.075362,0.901422,0.023215
2535,2536,brain_tumor_figshare/2536.mat,MR029209I,4,1,Gliom,1,Gliom,evet,0.015066,0.976213,0.008721
2536,2537,brain_tumor_figshare/2537.mat,MR029209I,4,1,Gliom,1,Gliom,evet,0.014034,0.941082,0.044884
2537,2538,brain_tumor_figshare/2538.mat,MR029209I,4,1,Gliom,1,Gliom,evet,0.019105,0.971011,0.009883
2538,2539,brain_tumor_figshare/2539.mat,MR029209I,4,1,Gliom,1,Gliom,evet,0.001234,0.998226,0.00054
2539,2540,brain_tumor_figshare/2540.mat,MR048294,1,1,Gliom,0,Meningiom,hayır,0.706149,0.24332,0.05053
2540,2541,brain_tumor_figshare/2541.mat,MR048294,1,1,Gliom,0,Meningiom,hayır,0.985909,0.002156,0.011935
2541,2542,brain_tumor_figshare/2542.mat,MR048294,1,1,Gliom,0,Meningiom,hayır,0.945272,0.008559,0.046168
2542,2543,brain_tumor_figshare/2543.mat,MR048294,1,1,Gliom,0,Meningiom,hayır,0.883717,0.010903,0.10538
2543,2544,brain_tumor_figshare/2544.mat,MR048294,1,1,Gliom,0,Meningiom,hayır,0.85372,0.005559,0.14072
2544,2545,brain_tumor_figshare/2545.mat,MR048294,1,1,Gliom,0,Meningiom,hayır,0.810397,0.004918,0.184686
2545,2546,brain_tumor_figshare/2546.mat,MR051586,5,1,Gliom,0,Meningiom,hayır,0.968376,0.00522,0.026404
2546,2547,brain_tumor_figshare/2547.mat,MR051586,5,1,Gliom,0,Meningiom,hayır,0.797533,0.172189,0.030279
2547,2548,brain_tumor_figshare/2548.mat,MR051586,5,1,Gliom,1,Gliom,evet,0.088351,0.906156,0.005493
2548,2549,brain_tumor_figshare/2549.mat,MR051586,5,1,Gliom,1,Gliom,evet,0.365569,0.631845,0.002586
2549,2550,brain_tumor_figshare/2550.mat,MR051461B,4,1,Gliom,1,Gliom,evet,0.05684,0.787303,0.155857
2550,2551,brain_tumor_figshare/2551.mat,MR051461B,4,1,Gliom,1,Gliom,evet,0.067588,0.894507,0.037905
2551,2552,brain_tumor_figshare/2552.mat,MR051461B,4,1,Gliom,1,Gliom,evet,0.017805,0.967474,0.014721
2552,2553,brain_tumor_figshare/2553.mat,MR051461B,4,1,Gliom,1,Gliom,evet,0.012145,0.964433,0.023422
2553,2554,brain_tumor_figshare/2554.mat,MR051644,4,1,Gliom,1,Gliom,evet,0.008987,0.990781,0.000232
2554,2555,brain_tumor_figshare/2555.mat,MR051644,4,1,Gliom,1,Gliom,evet,0.019537,0.980109,0.000354
2555,2556,brain_tumor_figshare/2556.mat,MR051644,4,1,Gliom,1,Gliom,evet,0.003314,0.995956,0.00073
2556,2557,brain_tumor_figshare/2557.mat,MR051644,4,1,Gliom,1,Gliom,evet,0.00632,0.992468,0.001212
2557,2558,brain_tumor_figshare/2558.mat,MR051644,4,1,Gliom,1,Gliom,evet,0.258362,0.738811,0.002827
2558,2559,brain_tumor_figshare/2559.mat,MR051644,4,1,Gliom,1,Gliom,evet,0.358977,0.629214,0.01181
2559,2560,brain_tumor_figshare/2560.mat,MR051644,4,1,Gliom,1,Gliom,evet,0.319079,0.663839,0.017083
2560,2561,brain_tumor_figshare/2561.mat,MR051644,4,1,Gliom,1,Gliom,evet,0.312318,0.661549,0.026133
2561,2562,brain_tumor_figshare/2562.mat,MR051644,4,1,Gliom,1,Gliom,evet,0.224021,0.754044,0.021935
2562,2563,brain_tumor_figshare/2563.mat,MR051644,4,1,Gliom,1,Gliom,evet,0.051845,0.942248,0.005907
2563,2564,brain_tumor_figshare/2564.mat,MR051644,4,1,Gliom,1,Gliom,evet,0.054504,0.942299,0.003197
2564,2565,brain_tumor_figshare/2565.mat,MR051644,4,1,Gliom,1,Gliom,evet,0.054476,0.937694,0.00783
2565,2566,brain_tumor_figshare/2566.mat,MR051651,1,1,Gliom,1,Gliom,evet,0.008144,0.990451,0.001405
2566,2567,brain_tumor_figshare/2567.mat,MR051651,1,1,Gliom,1,Gliom,evet,0.00496,0.994504,0.000535
2567,2568,brain_tumor_figshare/2568.mat,MR051651,1,1,Gliom,1,Gliom,evet,0.005698,0.994014,0.000288
2568,2569,brain_tumor_figshare/2569.mat,MR051651,1,1,Gliom,1,Gliom,evet,0.004941,0.994953,0.000106
2569,2570,brain_tumor_figshare/2570.mat,MR051651,1,1,Gliom,1,Gliom,evet,0.001883,0.998041,7.7e-05
2570,2571,brain_tumor_figshare/2571.mat,MR051651,1,1,Gliom,1,Gliom,evet,0.002119,0.997831,5e-05
2571,2572,brain_tumor_figshare/2572.mat,MR051651,1,1,Gliom,1,Gliom,evet,0.007141,0.992619,0.00024
2572,2573,brain_tumor_figshare/2573.mat,MR051796,4,1,Gliom,1,Gliom,evet,0.005607,0.988651,0.005742
2573,2574,brain_tumor_figshare/2574.mat,MR051796,4,1,Gliom,1,Gliom,evet,0.006971,0.990843,0.002187
2574,2575,brain_tumor_figshare/2575.mat,MR051796,4,1,Gliom,1,Gliom,evet,0.005812,0.99313,0.001059
2575,2576,brain_tumor_figshare/2576.mat,MR051796,4,1,Gliom,1,Gliom,evet,0.005642,0.993463,0.000895
2576,2577,brain_tumor_figshare/2577.mat,MR051796,4,1,Gliom,1,Gliom,evet,0.006838,0.991795,0.001367
2577,2578,brain_tumor_figshare/2578.mat,MR051796,4,1,Gliom,1,Gliom,evet,0.006212,0.99322,0.000568
2578,2579,brain_tumor_figshare/2579.mat,MR051651B,3,1,Gliom,1,Gliom,evet,0.003199,0.996796,5e-06
2579,2580,brain_tumor_figshare/2580.mat,MR051651B,3,1,Gliom,1,Gliom,evet,0.000147,0.99967,0.000183
2580,2581,brain_tumor_figshare/2581.mat,MR051651B,3,1,Gliom,1,Gliom,evet,5e-05,0.999643,0.000307
2581,2582,brain_tumor_figshare/2582.mat,MR051651B,3,1,Gliom,1,Gliom,evet,0.000313,0.999556,0.000131
2582,2583,brain_tumor_figshare/2583.mat,MR051651B,3,1,Gliom,1,Gliom,evet,0.001804,0.998059,0.000137
2583,2584,brain_tumor_figshare/2584.mat,MR051651B,3,1,Gliom,1,Gliom,evet,0.005744,0.993181,0.001075
2584,2585,brain_tumor_figshare/2585.mat,MR051651B,3,1,Gliom,1,Gliom,evet,0.017694,0.977115,0.005191
2585,2586,brain_tumor_figshare/2586.mat,MR051796B,5,1,Gliom,1,Gliom,evet,0.010582,0.982771,0.006647
2586,2587,brain_tumor_figshare/2587.mat,MR051796B,5,1,Gliom,1,Gliom,evet,0.078323,0.838467,0.083211
2587,2588,brain_tumor_figshare/2588.mat,MR051796B,5,1,Gliom,1,Gliom,evet,0.017533,0.965805,0.016662
2588,2589,brain_tumor_figshare/2589.mat,MR052550,1,1,Gliom,1,Gliom,evet,0.070239,0.922455,0.007307
2589,2590,brain_tumor_figshare/2590.mat,MR052550,1,1,Gliom,1,Gliom,evet,0.08984,0.881937,0.028223
2590,2591,brain_tumor_figshare/2591.mat,MR052550,1,1,Gliom,1,Gliom,evet,0.041026,0.920409,0.038564
2591,2592,brain_tumor_figshare/2592.mat,MR052550,1,1,Gliom,1,Gliom,evet,0.006827,0.980867,0.012306
2592,2593,brain_tumor_figshare/2593.mat,MR052550,1,1,Gliom,1,Gliom,evet,0.087622,0.822325,0.090053
2593,2594,brain_tumor_figshare/2594.mat,MR052550,1,1,Gliom,1,Gliom,evet,0.090561,0.872497,0.036942
2594,2595,brain_tumor_figshare/2595.mat,MR051644C,4,1,Gliom,1,Gliom,evet,0.023216,0.949534,0.02725
2595,2596,brain_tumor_figshare/2596.mat,MR051644C,4,1,Gliom,1,Gliom,evet,0.004902,0.980114,0.014984
2596,2597,brain_tumor_figshare/2597.mat,MR051644C,4,1,Gliom,1,Gliom,evet,0.025034,0.973734,0.001232
2597,2598,brain_tumor_figshare/2598.mat,MR051644C,4,1,Gliom,1,Gliom,evet,0.00236,0.997604,3.6e-05
2598,2599,brain_tumor_figshare/2599.mat,MR051644C,4,1,Gliom,1,Gliom,evet,0.001757,0.998204,3.9e-05
2599,2600,brain_tumor_figshare/2600.mat,MR051644C,4,1,Gliom,1,Gliom,evet,0.017399,0.94865,0.033952
2600,2601,brain_tumor_figshare/2601.mat,MR051644C,4,1,Gliom,1,Gliom,evet,0.021913,0.945174,0.032913
2601,2602,brain_tumor_figshare/2602.mat,MR051644C,4,1,Gliom,1,Gliom,evet,0.069459,0.868579,0.061962
2602,2603,brain_tumor_figshare/2603.mat,MR051644C,4,1,Gliom,1,Gliom,evet,0.030459,0.937369,0.032171
2603,2604,brain_tumor_figshare/2604.mat,MR051644C,4,1,Gliom,1,Gliom,evet,0.036561,0.935088,0.02835
2604,2605,brain_tumor_figshare/2605.mat,MR051644C,4,1,Gliom,1,Gliom,evet,0.018702,0.966289,0.01501
2605,2606,brain_tumor_figshare/2606.mat,MR051644C,4,1,Gliom,1,Gliom,evet,0.050404,0.923866,0.02573
2606,2607,brain_tumor_figshare/2607.mat,MR051644C,4,1,Gliom,1,Gliom,evet,0.004323,0.990304,0.005373
2607,2608,brain_tumor_figshare/2608.mat,MR049942B,3,1,Gliom,1,Gliom,evet,0.019179,0.96086,0.019961
2608,2609,brain_tumor_figshare/2609.mat,MR049942B,3,1,Gliom,1,Gliom,evet,0.023148,0.94865,0.028202
2609,2610,brain_tumor_figshare/2610.mat,MR049942B,3,1,Gliom,1,Gliom,evet,0.016732,0.927175,0.056094
2610,2611,brain_tumor_figshare/2611.mat,MR049942B,3,1,Gliom,1,Gliom,evet,0.015017,0.971906,0.013078
2611,2612,brain_tumor_figshare/2612.mat,MR047953C,4,1,Gliom,1,Gliom,evet,0.00765,0.991822,0.000528
2612,2613,brain_tumor_figshare/2613.mat,MR047953C,4,1,Gliom,1,Gliom,evet,0.024047,0.973348,0.002605
2613,2614,brain_tumor_figshare/2614.mat,MR047953C,4,1,Gliom,1,Gliom,evet,0.127903,0.860378,0.011718
2614,2615,brain_tumor_figshare/2615.mat,MR047953C,4,1,Gliom,1,Gliom,evet,0.115599,0.871389,0.013012
2615,2616,brain_tumor_figshare/2616.mat,MR047953C,4,1,Gliom,1,Gliom,evet,0.0379,0.956775,0.005325
2616,2617,brain_tumor_figshare/2617.mat,MR053110B,1,1,Gliom,1,Gliom,evet,0.03995,0.951972,0.008078
2617,2618,brain_tumor_figshare/2618.mat,MR053110B,1,1,Gliom,1,Gliom,evet,0.041965,0.923518,0.034517
2618,2619,brain_tumor_figshare/2619.mat,MR053110B,1,1,Gliom,1,Gliom,evet,0.184224,0.708774,0.107002
2619,2620,brain_tumor_figshare/2620.mat,MR053110B,1,1,Gliom,1,Gliom,evet,0.053071,0.725937,0.220992
2620,2621,brain_tumor_figshare/2621.mat,MR053110B,1,1,Gliom,1,Gliom,evet,0.00825,0.977229,0.014521
2621,2622,brain_tumor_figshare/2622.mat,MR053110B,1,1,Gliom,1,Gliom,evet,0.003586,0.987998,0.008416
2622,2623,brain_tumor_figshare/2623.mat,MR053110B,1,1,Gliom,1,Gliom,evet,0.009039,0.981409,0.009551
2623,2624,brain_tumor_figshare/2624.mat,MR034694,2,1,Gliom,1,Gliom,evet,0.011317,0.971276,0.017408
2624,2625,brain_tumor_figshare/2625.mat,MR034694,2,1,Gliom,1,Gliom,evet,0.055649,0.915893,0.028458
2625,2626,brain_tumor_figshare/2626.mat,MR034694,2,1,Gliom,1,Gliom,evet,0.073766,0.868402,0.057832
2626,2627,brain_tumor_figshare/2627.mat,MR034694,2,1,Gliom,1,Gliom,evet,0.090171,0.859481,0.050348
2627,2628,brain_tumor_figshare/2628.mat,MR034694,2,1,Gliom,1,Gliom,evet,0.116275,0.62508,0.258645
2628,2629,brain_tumor_figshare/2629.mat,MR034694,2,1,Gliom,1,Gliom,evet,0.09564,0.811133,0.093227
2629,2630,brain_tumor_figshare/2630.mat,MR034694,2,1,Gliom,1,Gliom,evet,0.081091,0.878261,0.040647
2630,2631,brain_tumor_figshare/2631.mat,MR054683,4,1,Gliom,1,Gliom,evet,0.017053,0.944753,0.038194
2631,2632,brain_tumor_figshare/2632.mat,MR054683,4,1,Gliom,1,Gliom,evet,0.023698,0.924152,0.05215
2632,2633,brain_tumor_figshare/2633.mat,MR054683,4,1,Gliom,1,Gliom,evet,0.029107,0.945844,0.025049
2633,2634,brain_tumor_figshare/2634.mat,MR050687C,5,1,Gliom,1,Gliom,evet,0.00041,0.999574,1.6e-05
2634,2635,brain_tumor_figshare/2635.mat,MR050687C,5,1,Gliom,1,Gliom,evet,0.000352,0.999627,2e-05
2635,2636,brain_tumor_figshare/2636.mat,MR050687C,5,1,Gliom,1,Gliom,evet,0.000377,0.99951,0.000113
2636,2637,brain_tumor_figshare/2637.mat,MR050687C,5,1,Gliom,1,Gliom,evet,0.000127,0.999733,0.00014
2637,2638,brain_tumor_figshare/2638.mat,MR050687C,5,1,Gliom,1,Gliom,evet,0.000388,0.998948,0.000664
2638,2639,brain_tumor_figshare/2639.mat,MR050687C,5,1,Gliom,1,Gliom,evet,0.004972,0.993021,0.002007
2639,2640,brain_tumor_figshare/2640.mat,MR050687C,5,1,Gliom,1,Gliom,evet,0.00365,0.995089,0.001261
2640,2641,brain_tumor_figshare/2641.mat,MR049242C,5,1,Gliom,1,Gliom,evet,0.025862,0.944636,0.029502
2641,2642,brain_tumor_figshare/2642.mat,MR049242C,5,1,Gliom,1,Gliom,evet,0.024179,0.948763,0.027058
2642,2643,brain_tumor_figshare/2643.mat,MR049242C,5,1,Gliom,1,Gliom,evet,0.038605,0.914516,0.04688
2643,2644,brain_tumor_figshare/2644.mat,MR049242C,5,1,Gliom,1,Gliom,evet,0.038272,0.885469,0.076259
2644,2645,brain_tumor_figshare/2645.mat,MR049242C,5,1,Gliom,1,Gliom,evet,0.079775,0.781033,0.139192
2645,2646,brain_tumor_figshare/2646.mat,MR053241C,2,1,Gliom,1,Gliom,evet,0.015429,0.922182,0.062388
2646,2647,brain_tumor_figshare/2647.mat,MR053241C,2,1,Gliom,1,Gliom,evet,0.00907,0.983604,0.007327
2647,2648,brain_tumor_figshare/2648.mat,MR053241C,2,1,Gliom,1,Gliom,evet,0.009466,0.96833,0.022205
2648,2649,brain_tumor_figshare/2649.mat,MR053241C,2,1,Gliom,1,Gliom,evet,0.014072,0.946824,0.039104
2649,2650,brain_tumor_figshare/2650.mat,MR034997,3,1,Gliom,1,Gliom,evet,0.344137,0.613518,0.042346
2650,2651,brain_tumor_figshare/2651.mat,MR034997,3,1,Gliom,1,Gliom,evet,0.070295,0.917988,0.011717
2651,2652,brain_tumor_figshare/2652.mat,MR034997,3,1,Gliom,1,Gliom,evet,0.229502,0.76216,0.008337
2652,2653,brain_tumor_figshare/2653.mat,MR034997,3,1,Gliom,1,Gliom,evet,0.14099,0.84721,0.011801
2653,2654,brain_tumor_figshare/2654.mat,MR034997,3,1,Gliom,0,Meningiom,hayır,0.738731,0.216877,0.044392
2654,2655,brain_tumor_figshare/2655.mat,MR034997,3,1,Gliom,0,Meningiom,hayır,0.624323,0.168398,0.207279
2655,2656,brain_tumor_figshare/2656.mat,MR034997,3,1,Gliom,1,Gliom,evet,0.080614,0.914261,0.005125
2656,2657,brain_tumor_figshare/2657.mat,MR029209E,5,1,Gliom,1,Gliom,evet,0.110783,0.790862,0.098354
2657,2658,brain_tumor_figshare/2658.mat,MR029209E,5,1,Gliom,0,Meningiom,hayır,0.564701,0.137019,0.29828
2658,2659,brain_tumor_figshare/2659.mat,MR029209E,5,1,Gliom,1,Gliom,evet,0.005318,0.993672,0.00101
2659,2660,brain_tumor_figshare/2660.mat,MR029209E,5,1,Gliom,1,Gliom,evet,0.003864,0.995501,0.000636
2660,2661,brain_tumor_figshare/2661.mat,MR029209E,5,1,Gliom,1,Gliom,evet,0.001296,0.998112,0.000592
2661,2662,brain_tumor_figshare/2662.mat,MR029209E,5,1,Gliom,1,Gliom,evet,0.000449,0.999535,1.6e-05
2662,2663,brain_tumor_figshare/2663.mat,MR029209E,5,1,Gliom,1,Gliom,evet,0.00036,0.999523,0.000117
2663,2664,brain_tumor_figshare/2664.mat,MR053110E,1,1,Gliom,1,Gliom,evet,0.000731,0.999127,0.000141
2664,2665,brain_tumor_figshare/2665.mat,MR053110E,1,1,Gliom,1,Gliom,evet,0.000668,0.999106,0.000227
2665,2666,brain_tumor_figshare/2666.mat,MR053110E,1,1,Gliom,1,Gliom,evet,0.00384,0.993463,0.002698
2666,2667,brain_tumor_figshare/2667.mat,MR053110E,1,1,Gliom,1,Gliom,evet,0.000532,0.999181,0.000286
2667,2668,brain_tumor_figshare/2668.mat,MR053110E,1,1,Gliom,1,Gliom,evet,0.000894,0.998397,0.000709
2668,2669,brain_tumor_figshare/2669.mat,MR053110E,1,1,Gliom,1,Gliom,evet,0.001278,0.996891,0.001832
2669,2670,brain_tumor_figshare/2670.mat,MR053110E,1,1,Gliom,1,Gliom,evet,0.008984,0.98773,0.003286
2670,2671,brain_tumor_figshare/2671.mat,MR053110E,1,1,Gliom,1,Gliom,evet,0.012359,0.977525,0.010116
2671,2672,brain_tumor_figshare/2672.mat,MR053110E,1,1,Gliom,1,Gliom,evet,0.020757,0.958932,0.020311
2672,2673,brain_tumor_figshare/2673.mat,MR053110E,1,1,Gliom,1,Gliom,evet,0.007697,0.987939,0.004364
2673,2674,brain_tumor_figshare/2674.mat,MR053110E,1,1,Gliom,1,Gliom,evet,0.012162,0.984438,0.003399
2674,2675,brain_tumor_figshare/2675.mat,MR049019G,3,1,Gliom,1,Gliom,evet,0.00731,0.991363,0.001327
2675,2676,brain_tumor_figshare/2676.mat,MR049019G,3,1,Gliom,1,Gliom,evet,0.006563,0.988935,0.004502
2676,2677,brain_tumor_figshare/2677.mat,MR049019G,3,1,Gliom,1,Gliom,evet,0.003765,0.996082,0.000153
2677,2678,brain_tumor_figshare/2678.mat,MR031409B,2,1,Gliom,1,Gliom,evet,0.001983,0.995467,0.00255
2678,2679,brain_tumor_figshare/2679.mat,MR031409B,2,1,Gliom,1,Gliom,evet,0.00414,0.986651,0.009208
2679,2680,brain_tumor_figshare/2680.mat,MR024780D,1,1,Gliom,1,Gliom,evet,0.021694,0.968411,0.009895
2680,2681,brain_tumor_figshare/2681.mat,MR024780D,1,1,Gliom,1,Gliom,evet,0.015258,0.982229,0.002513
2681,2682,brain_tumor_figshare/2682.mat,MR038469,3,1,Gliom,1,Gliom,evet,0.010849,0.982901,0.00625
2682,2683,brain_tumor_figshare/2683.mat,MR038469,3,1,Gliom,1,Gliom,evet,0.032531,0.920948,0.046521
2683,2684,brain_tumor_figshare/2684.mat,MR038469,3,1,Gliom,1,Gliom,evet,0.083492,0.896481,0.020027
2684,2685,brain_tumor_figshare/2685.mat,MR038469,3,1,Gliom,1,Gliom,evet,0.271585,0.667102,0.061314
2685,2686,brain_tumor_figshare/2686.mat,MR038469,3,1,Gliom,1,Gliom,evet,0.043747,0.926936,0.029318
2686,2687,brain_tumor_figshare/2687.mat,MR038469,3,1,Gliom,1,Gliom,evet,0.014973,0.977379,0.007648
2687,2688,brain_tumor_figshare/2688.mat,MR032322C,2,1,Gliom,1,Gliom,evet,0.003348,0.993117,0.003535
2688,2689,brain_tumor_figshare/2689.mat,MR032322C,2,1,Gliom,1,Gliom,evet,0.007797,0.991878,0.000325
2689,2690,brain_tumor_figshare/2690.mat,MR032322C,2,1,Gliom,1,Gliom,evet,0.009951,0.989699,0.00035
2690,2691,brain_tumor_figshare/2691.mat,MR032322C,2,1,Gliom,1,Gliom,evet,0.004993,0.99407,0.000937
2691,2692,brain_tumor_figshare/2692.mat,MR032322C,2,1,Gliom,1,Gliom,evet,0.00035,0.999567,8.3e-05
2692,2693,brain_tumor_figshare/2693.mat,MR032322C,2,1,Gliom,1,Gliom,evet,0.012136,0.98739,0.000474
2693,2694,brain_tumor_figshare/2694.mat,MR032322C,2,1,Gliom,1,Gliom,evet,0.001004,0.997601,0.001395
2694,2695,brain_tumor_figshare/2695.mat,MR032322C,2,1,Gliom,1,Gliom,evet,0.005202,0.990533,0.004265
2695,2696,brain_tumor_figshare/2696.mat,MR032322C,2,1,Gliom,1,Gliom,evet,0.002923,0.995161,0.001916
2696,2697,brain_tumor_figshare/2697.mat,MR032322C,2,1,Gliom,1,Gliom,evet,0.000961,0.997343,0.001696
2697,2698,brain_tumor_figshare/2698.mat,MR032322C,2,1,Gliom,1,Gliom,evet,0.006939,0.983419,0.009642
2698,2699,brain_tumor_figshare/2699.mat,MR032322C,2,1,Gliom,1,Gliom,evet,0.009963,0.969181,0.020856
2699,2700,brain_tumor_figshare/2700.mat,MR032322C,2,1,Gliom,1,Gliom,evet,0.001283,0.998314,0.000403
2700,2701,brain_tumor_figshare/2701.mat,MR032322C,2,1,Gliom,1,Gliom,evet,0.002068,0.997683,0.000248
2701,2702,brain_tumor_figshare/2702.mat,MR037458B,2,1,Gliom,1,Gliom,evet,0.120467,0.870499,0.009034
2702,2703,brain_tumor_figshare/2703.mat,MR037458B,2,1,Gliom,0,Meningiom,hayır,0.900102,0.091877,0.008021
2703,2704,brain_tumor_figshare/2704.mat,MR037458B,2,1,Gliom,0,Meningiom,hayır,0.692665,0.277948,0.029388
2704,2705,brain_tumor_figshare/2705.mat,MR037458B,2,1,Gliom,1,Gliom,evet,0.066951,0.929289,0.003759
2705,2706,brain_tumor_figshare/2706.mat,MR037458B,2,1,Gliom,1,Gliom,evet,0.045654,0.951117,0.003229
2706,2707,brain_tumor_figshare/2707.mat,MR037458B,2,1,Gliom,1,Gliom,evet,0.020818,0.978549,0.000633
2707,2708,brain_tumor_figshare/2708.mat,MR037458B,2,1,Gliom,1,Gliom,evet,0.004259,0.995349,0.000392
2708,2709,brain_tumor_figshare/2709.mat,MR037458B,2,1,Gliom,1,Gliom,evet,0.001557,0.998285,0.000158
2709,2710,brain_tumor_figshare/2710.mat,MR039473,4,1,Gliom,1,Gliom,evet,0.018396,0.966678,0.014926
2710,2711,brain_tumor_figshare/2711.mat,MR039473,4,1,Gliom,1,Gliom,evet,0.032665,0.956989,0.010347
2711,2712,brain_tumor_figshare/2712.mat,MR039473,4,1,Gliom,1,Gliom,evet,0.009672,0.98891,0.001418
2712,2713,brain_tumor_figshare/2713.mat,MR039473,4,1,Gliom,1,Gliom,evet,0.003644,0.99616,0.000196
2713,2714,brain_tumor_figshare/2714.mat,MR039473B,2,1,Gliom,1,Gliom,evet,0.019014,0.97965,0.001336
2714,2715,brain_tumor_figshare/2715.mat,MR039473B,2,1,Gliom,1,Gliom,evet,0.023364,0.975248,0.001388
2715,2716,brain_tumor_figshare/2716.mat,MR039473B,2,1,Gliom,1,Gliom,evet,0.00118,0.998665,0.000155
2716,2717,brain_tumor_figshare/2717.mat,MR039473B,2,1,Gliom,1,Gliom,evet,0.006208,0.993082,0.000709
2717,2718,brain_tumor_figshare/2718.mat,MR039473B,2,1,Gliom,1,Gliom,evet,0.005707,0.990332,0.003961
2718,2719,brain_tumor_figshare/2719.mat,MR039473B,2,1,Gliom,1,Gliom,evet,0.000704,0.997711,0.001585
2719,2720,brain_tumor_figshare/2720.mat,MR039473B,2,1,Gliom,1,Gliom,evet,0.00125,0.988435,0.010315
2720,2721,brain_tumor_figshare/2721.mat,MR039473B,2,1,Gliom,1,Gliom,evet,0.002089,0.992521,0.00539
2721,2722,brain_tumor_figshare/2722.mat,MR039473B,2,1,Gliom,1,Gliom,evet,0.009577,0.957584,0.032838
2722,2723,brain_tumor_figshare/2723.mat,MR037458C,4,1,Gliom,1,Gliom,evet,0.072174,0.803719,0.124108
2723,2724,brain_tumor_figshare/2724.mat,MR037458C,4,1,Gliom,1,Gliom,evet,0.23162,0.574917,0.193463
2724,2725,brain_tumor_figshare/2725.mat,MR037458C,4,1,Gliom,0,Meningiom,hayır,0.469722,0.366651,0.163627
2725,2726,brain_tumor_figshare/2726.mat,MR037458C,4,1,Gliom,1,Gliom,evet,0.186465,0.672228,0.141308
2726,2727,brain_tumor_figshare/2727.mat,MR037458C,4,1,Gliom,1,Gliom,evet,0.198666,0.658411,0.142923
2727,2728,brain_tumor_figshare/2728.mat,MR037458C,4,1,Gliom,1,Gliom,evet,0.19484,0.753499,0.051661
2728,2729,brain_tumor_figshare/2729.mat,MR037458C,4,1,Gliom,1,Gliom,evet,0.278034,0.640817,0.081149
2729,2730,brain_tumor_figshare/2730.mat,MR037458C,4,1,Gliom,1,Gliom,evet,0.325247,0.536539,0.138214
2730,2731,brain_tumor_figshare/2731.mat,MR029209E,5,1,Gliom,1,Gliom,evet,0.000577,0.999373,5e-05
2731,2732,brain_tumor_figshare/2732.mat,MR029209E,5,1,Gliom,1,Gliom,evet,0.00202,0.997842,0.000138
2732,2733,brain_tumor_figshare/2733.mat,MR029209E,5,1,Gliom,1,Gliom,evet,0.013685,0.984693,0.001621
2733,2734,brain_tumor_figshare/2734.mat,MR029209E,5,1,Gliom,1,Gliom,evet,0.010665,0.987137,0.002198
2734,2735,brain_tumor_figshare/2735.mat,MR029209E,5,1,Gliom,1,Gliom,evet,0.002645,0.995184,0.002171
2735,2736,brain_tumor_figshare/2736.mat,MR029209E,5,1,Gliom,1,Gliom,evet,0.012743,0.979039,0.008218
2736,2737,brain_tumor_figshare/2737.mat,MR029209E,5,1,Gliom,1,Gliom,evet,0.005249,0.989342,0.005409
2737,2738,brain_tumor_figshare/2738.mat,MR053110E,1,1,Gliom,1,Gliom,evet,0.008643,0.988775,0.002581
2738,2739,brain_tumor_figshare/2739.mat,MR053110E,1,1,Gliom,1,Gliom,evet,0.001837,0.997052,0.001112
2739,2740,brain_tumor_figshare/2740.mat,MR053110E,1,1,Gliom,1,Gliom,evet,0.001025,0.998724,0.00025
2740,2741,brain_tumor_figshare/2741.mat,MR053110E,1,1,Gliom,1,Gliom,evet,0.000397,0.999494,0.000109
2741,2742,brain_tumor_figshare/2742.mat,MR053110E,1,1,Gliom,1,Gliom,evet,0.001264,0.998621,0.000115
2742,2743,brain_tumor_figshare/2743.mat,MR049019G,3,1,Gliom,2,Hipofiz tümörü,hayır,0.006335,0.098119,0.895545
2743,2744,brain_tumor_figshare/2744.mat,MR049019G,3,1,Gliom,2,Hipofiz tümörü,hayır,0.008045,0.059417,0.932538
2744,2745,brain_tumor_figshare/2745.mat,MR049019G,3,1,Gliom,1,Gliom,evet,0.012393,0.538747,0.44886
2745,2746,brain_tumor_figshare/2746.mat,MR049019G,3,1,Gliom,2,Hipofiz tümörü,hayır,0.0083,0.167931,0.823769
2746,2747,brain_tumor_figshare/2747.mat,MR049019G,3,1,Gliom,2,Hipofiz tümörü,hayır,0.004786,0.097045,0.898169
2747,2748,brain_tumor_figshare/2748.mat,MR031409B,2,1,Gliom,1,Gliom,evet,0.003174,0.98909,0.007736
2748,2749,brain_tumor_figshare/2749.mat,MR031409B,2,1,Gliom,1,Gliom,evet,0.00398,0.984301,0.011719
2749,2750,brain_tumor_figshare/2750.mat,MR024780D,1,1,Gliom,1,Gliom,evet,0.091963,0.871196,0.036841
2750,2751,brain_tumor_figshare/2751.mat,MR024780D,1,1,Gliom,1,Gliom,evet,0.039191,0.946889,0.01392
2751,2752,brain_tumor_figshare/2752.mat,MR024780D,1,1,Gliom,1,Gliom,evet,0.016052,0.980208,0.00374
2752,2753,brain_tumor_figshare/2753.mat,MR038469,3,1,Gliom,1,Gliom,evet,0.142448,0.731133,0.126419
2753,2754,brain_tumor_figshare/2754.mat,MR038469,3,1,Gliom,1,Gliom,evet,0.265658,0.677829,0.056513
2754,2755,brain_tumor_figshare/2755.mat,MR038469,3,1,Gliom,0,Meningiom,hayır,0.501099,0.186914,0.311987
2755,2756,brain_tumor_figshare/2756.mat,MR038469,3,1,Gliom,1,Gliom,evet,0.253616,0.604477,0.141907
2756,2757,brain_tumor_figshare/2757.mat,MR038469,3,1,Gliom,1,Gliom,evet,0.005082,0.992007,0.002911
2757,2758,brain_tumor_figshare/2758.mat,MR032322C,2,1,Gliom,1,Gliom,evet,0.064158,0.924364,0.011478
2758,2759,brain_tumor_figshare/2759.mat,MR032322C,2,1,Gliom,1,Gliom,evet,0.103623,0.891398,0.004979
2759,2760,brain_tumor_figshare/2760.mat,MR032322C,2,1,Gliom,1,Gliom,evet,0.052895,0.92034,0.026765
2760,2761,brain_tumor_figshare/2761.mat,MR032322C,2,1,Gliom,1,Gliom,evet,0.02558,0.962743,0.011676
2761,2762,brain_tumor_figshare/2762.mat,MR032322C,2,1,Gliom,1,Gliom,evet,0.036209,0.922883,0.040908
2762,2763,brain_tumor_figshare/2763.mat,MR032322C,2,1,Gliom,1,Gliom,evet,0.036907,0.753353,0.209741
2763,2764,brain_tumor_figshare/2764.mat,MR032322C,2,1,Gliom,1,Gliom,evet,0.006545,0.774099,0.219356
2764,2765,brain_tumor_figshare/2765.mat,MR032322C,2,1,Gliom,1,Gliom,evet,0.005972,0.687878,0.306151
2765,2766,brain_tumor_figshare/2766.mat,MR032322C,2,1,Gliom,1,Gliom,evet,0.005848,0.862428,0.131724
2766,2767,brain_tumor_figshare/2767.mat,MR032322C,2,1,Gliom,1,Gliom,evet,0.013189,0.86336,0.123451
2767,2768,brain_tumor_figshare/2768.mat,MR032322C,2,1,Gliom,1,Gliom,evet,0.029732,0.925211,0.045057
2768,2769,brain_tumor_figshare/2769.mat,MR037458B,2,1,Gliom,0,Meningiom,hayır,0.942245,0.056633,0.001122
2769,2770,brain_tumor_figshare/2770.mat,MR037458B,2,1,Gliom,0,Meningiom,hayır,0.979178,0.020479,0.000342
2770,2771,brain_tumor_figshare/2771.mat,MR037458B,2,1,Gliom,1,Gliom,evet,0.168093,0.824867,0.007041
2771,2772,brain_tumor_figshare/2772.mat,MR037458B,2,1,Gliom,1,Gliom,evet,0.281023,0.438954,0.280022
2772,2773,brain_tumor_figshare/2773.mat,MR037458B,2,1,Gliom,1,Gliom,evet,0.122212,0.624267,0.253521
2773,2774,brain_tumor_figshare/2774.mat,MR039473,4,1,Gliom,1,Gliom,evet,0.009147,0.95877,0.032083
2774,2775,brain_tumor_figshare/2775.mat,MR039473,4,1,Gliom,1,Gliom,evet,0.05229,0.721895,0.225815
2775,2776,brain_tumor_figshare/2776.mat,MR039473,4,1,Gliom,1,Gliom,evet,0.072568,0.635869,0.291563
2776,2777,brain_tumor_figshare/2777.mat,MR039473,4,1,Gliom,1,Gliom,evet,0.043972,0.704619,0.25141
2777,2778,brain_tumor_figshare/2778.mat,MR039473,4,1,Gliom,1,Gliom,evet,0.032775,0.867487,0.099738
2778,2779,brain_tumor_figshare/2779.mat,MR039473,4,1,Gliom,1,Gliom,evet,0.022937,0.827841,0.149222
2779,2780,brain_tumor_figshare/2780.mat,MR039473B,2,1,Gliom,1,Gliom,evet,0.018112,0.937648,0.04424
2780,2781,brain_tumor_figshare/2781.mat,MR039473B,2,1,Gliom,1,Gliom,evet,0.005602,0.969567,0.024831
2781,2782,brain_tumor_figshare/2782.mat,MR039473B,2,1,Gliom,1,Gliom,evet,0.006537,0.973797,0.019666
2782,2783,brain_tumor_figshare/2783.mat,MR039473B,2,1,Gliom,1,Gliom,evet,0.006914,0.919632,0.073453
2783,2784,brain_tumor_figshare/2784.mat,MR039473B,2,1,Gliom,1,Gliom,evet,0.011948,0.932957,0.055094
2784,2785,brain_tumor_figshare/2785.mat,MR039473B,2,1,Gliom,1,Gliom,evet,0.008482,0.96434,0.027177
2785,2786,brain_tumor_figshare/2786.mat,MR039473B,2,1,Gliom,1,Gliom,evet,0.018113,0.861043,0.120843
2786,2787,brain_tumor_figshare/2787.mat,MR040240,5,1,Gliom,1,Gliom,evet,0.087153,0.723689,0.189158
2787,2788,brain_tumor_figshare/2788.mat,MR040240,5,1,Gliom,2,Hipofiz tümörü,hayır,0.124194,0.395997,0.479809
2788,2789,brain_tumor_figshare/2789.mat,MR040240,5,1,Gliom,1,Gliom,evet,0.107849,0.603092,0.289059
2789,2790,brain_tumor_figshare/2790.mat,MR040240,5,1,Gliom,1,Gliom,evet,0.036341,0.915267,0.048392
2790,2791,brain_tumor_figshare/2791.mat,MR040240,5,1,Gliom,1,Gliom,evet,0.088984,0.742811,0.168204
2791,2792,brain_tumor_figshare/2792.mat,MR040240,5,1,Gliom,1,Gliom,evet,0.018656,0.94092,0.040424
2792,2793,brain_tumor_figshare/2793.mat,MR040240,5,1,Gliom,1,Gliom,evet,0.167915,0.419032,0.413053
2793,2794,brain_tumor_figshare/2794.mat,MR040240,5,1,Gliom,1,Gliom,evet,0.031545,0.925493,0.042961
2794,2795,brain_tumor_figshare/2795.mat,MR040240B,3,1,Gliom,1,Gliom,evet,0.013933,0.82014,0.165927
2795,2796,brain_tumor_figshare/2796.mat,MR040240B,3,1,Gliom,1,Gliom,evet,0.016889,0.889784,0.093327
2796,2797,brain_tumor_figshare/2797.mat,MR040240B,3,1,Gliom,1,Gliom,evet,0.004454,0.951481,0.044065
2797,2798,brain_tumor_figshare/2798.mat,MR040240B,3,1,Gliom,1,Gliom,evet,0.002484,0.989819,0.007698
2798,2799,brain_tumor_figshare/2799.mat,MR040240B,3,1,Gliom,1,Gliom,evet,0.006028,0.967224,0.026747
2799,2800,brain_tumor_figshare/2800.mat,MR029209G,5,1,Gliom,1,Gliom,evet,0.024066,0.973028,0.002906
2800,2801,brain_tumor_figshare/2801.mat,MR029209G,5,1,Gliom,1,Gliom,evet,0.001674,0.997905,0.000421
2801,2802,brain_tumor_figshare/2802.mat,MR029209G,5,1,Gliom,1,Gliom,evet,0.007477,0.988155,0.004368
2802,2803,brain_tumor_figshare/2803.mat,MR029209G,5,1,Gliom,1,Gliom,evet,0.039887,0.93547,0.024643
2803,2804,brain_tumor_figshare/2804.mat,MR029209G,5,1,Gliom,1,Gliom,evet,0.008269,0.987236,0.004495
2804,2805,brain_tumor_figshare/2805.mat,MR036496B,3,1,Gliom,1,Gliom,evet,0.01178,0.979101,0.009119
2805,2806,brain_tumor_figshare/2806.mat,MR036496B,3,1,Gliom,1,Gliom,evet,0.025455,0.970516,0.004028
2806,2807,brain_tumor_figshare/2807.mat,MR036496B,3,1,Gliom,1,Gliom,evet,0.188712,0.797982,0.013306
2807,2808,brain_tumor_figshare/2808.mat,MR036496B,3,1,Gliom,0,Meningiom,hayır,0.775376,0.214387,0.010237
2808,2809,brain_tumor_figshare/2809.mat,MR033420,5,1,Gliom,1,Gliom,evet,0.031663,0.952769,0.015568
2809,2810,brain_tumor_figshare/2810.mat,MR033420,5,1,Gliom,1,Gliom,evet,0.037306,0.93738,0.025314
2810,2811,brain_tumor_figshare/2811.mat,MR033420,5,1,Gliom,1,Gliom,evet,0.065517,0.832061,0.102422
2811,2812,brain_tumor_figshare/2812.mat,MR033420,5,1,Gliom,1,Gliom,evet,0.178363,0.725989,0.095648
2812,2813,brain_tumor_figshare/2813.mat,MR033420,5,1,Gliom,1,Gliom,evet,0.224791,0.710408,0.0648
2813,2814,brain_tumor_figshare/2814.mat,MR033420,5,1,Gliom,1,Gliom,evet,0.065556,0.906955,0.027489
2814,2815,brain_tumor_figshare/2815.mat,MR033420,5,1,Gliom,1,Gliom,evet,0.058121,0.89448,0.047399
2815,2816,brain_tumor_figshare/2816.mat,MR033420,5,1,Gliom,1,Gliom,evet,0.00579,0.989898,0.004312
2816,2817,brain_tumor_figshare/2817.mat,MR024780B,1,1,Gliom,1,Gliom,evet,0.020212,0.971573,0.008215
2817,2818,brain_tumor_figshare/2818.mat,MR024780B,1,1,Gliom,1,Gliom,evet,0.413002,0.554555,0.032442
2818,2819,brain_tumor_figshare/2819.mat,MR024780B,1,1,Gliom,1,Gliom,evet,0.275778,0.66408,0.060142
2819,2820,brain_tumor_figshare/2820.mat,MR024780B,1,1,Gliom,0,Meningiom,hayır,0.662858,0.29538,0.041761
2820,2821,brain_tumor_figshare/2821.mat,MR033389B,4,1,Gliom,0,Meningiom,hayır,0.763622,0.166404,0.069974
2821,2822,brain_tumor_figshare/2822.mat,MR048294,1,1,Gliom,0,Meningiom,hayır,0.954561,0.002309,0.04313
2822,2823,brain_tumor_figshare/2823.mat,MR048297,1,1,Gliom,1,Gliom,evet,0.194271,0.796279,0.00945
2823,2824,brain_tumor_figshare/2824.mat,MR048297,1,1,Gliom,1,Gliom,evet,0.054209,0.944299,0.001491
2824,2825,brain_tumor_figshare/2825.mat,MR048297,1,1,Gliom,0,Meningiom,hayır,0.975101,0.013138,0.01176
2825,2826,brain_tumor_figshare/2826.mat,MR048297,1,1,Gliom,0,Meningiom,hayır,0.997046,0.000317,0.002636
2826,2827,brain_tumor_figshare/2827.mat,MR048297,1,1,Gliom,0,Meningiom,hayır,0.998715,0.00013,0.001155
2827,2828,brain_tumor_figshare/2828.mat,MR048297,1,1,Gliom,0,Meningiom,hayır,0.998381,2e-05,0.001598
2828,2829,brain_tumor_figshare/2829.mat,MR048297,1,1,Gliom,0,Meningiom,hayır,0.995516,7.3e-05,0.00441
2829,2830,brain_tumor_figshare/2830.mat,MR048297,1,1,Gliom,0,Meningiom,hayır,0.895863,0.057773,0.046364
2830,2831,brain_tumor_figshare/2831.mat,MR048294B,5,1,Gliom,1,Gliom,evet,0.211823,0.720001,0.068176
2831,2832,brain_tumor_figshare/2832.mat,MR048294B,5,1,Gliom,1,Gliom,evet,0.091466,0.895162,0.013372
2832,2833,brain_tumor_figshare/2833.mat,MR048294B,5,1,Gliom,0,Meningiom,hayır,0.401993,0.268677,0.329331
2833,2834,brain_tumor_figshare/2834.mat,MR048294B,5,1,Gliom,1,Gliom,evet,0.021311,0.968876,0.009814
2834,2835,brain_tumor_figshare/2835.mat,MR048294B,5,1,Gliom,1,Gliom,evet,0.003968,0.992542,0.00349
2835,2836,brain_tumor_figshare/2836.mat,MR048294B,5,1,Gliom,2,Hipofiz tümörü,hayır,0.21949,0.260635,0.519875
2836,2837,brain_tumor_figshare/2837.mat,MR048621B,5,1,Gliom,1,Gliom,evet,0.024923,0.965409,0.009668
2837,2838,brain_tumor_figshare/2838.mat,MR048621B,5,1,Gliom,1,Gliom,evet,0.031154,0.956244,0.012602
2838,2839,brain_tumor_figshare/2839.mat,MR048621B,5,1,Gliom,1,Gliom,evet,0.030583,0.954618,0.0148
2839,2840,brain_tumor_figshare/2840.mat,MR048944,5,1,Gliom,1,Gliom,evet,0.188754,0.761749,0.049497
2840,2841,brain_tumor_figshare/2841.mat,MR048944,5,1,Gliom,1,Gliom,evet,0.108996,0.862137,0.028867
2841,2842,brain_tumor_figshare/2842.mat,MR048944,5,1,Gliom,1,Gliom,evet,0.135953,0.818024,0.046023
2842,2843,brain_tumor_figshare/2843.mat,MR048944,5,1,Gliom,1,Gliom,evet,0.107924,0.782353,0.109723
2843,2844,brain_tumor_figshare/2844.mat,MR048944,5,1,Gliom,0,Meningiom,hayır,0.601702,0.185328,0.21297
2844,2845,brain_tumor_figshare/2845.mat,MR048944,5,1,Gliom,0,Meningiom,hayır,0.453634,0.22296,0.323406
2845,2846,brain_tumor_figshare/2846.mat,MR048994,2,1,Gliom,1,Gliom,evet,0.003774,0.994597,0.001629
2846,2847,brain_tumor_figshare/2847.mat,MR048994,2,1,Gliom,1,Gliom,evet,0.024519,0.958209,0.017273
2847,2848,brain_tumor_figshare/2848.mat,MR048994,2,1,Gliom,1,Gliom,evet,0.006128,0.9888,0.005073
2848,2849,brain_tumor_figshare/2849.mat,MR048994,2,1,Gliom,1,Gliom,evet,0.01461,0.983273,0.002117
2849,2850,brain_tumor_figshare/2850.mat,MR048994,2,1,Gliom,1,Gliom,evet,0.00168,0.996773,0.001547
2850,2851,brain_tumor_figshare/2851.mat,MR048994,2,1,Gliom,1,Gliom,evet,0.008368,0.990715,0.000917
2851,2852,brain_tumor_figshare/2852.mat,MR048994,2,1,Gliom,1,Gliom,evet,0.006806,0.989267,0.003927
2852,2853,brain_tumor_figshare/2853.mat,MR048994,2,1,Gliom,1,Gliom,evet,0.014922,0.984447,0.000631
2853,2854,brain_tumor_figshare/2854.mat,MR049104,1,1,Gliom,1,Gliom,evet,0.131145,0.486522,0.382333
2854,2855,brain_tumor_figshare/2855.mat,MR049104,1,1,Gliom,2,Hipofiz tümörü,hayır,0.137664,0.256777,0.605559
2855,2856,brain_tumor_figshare/2856.mat,MR049104,1,1,Gliom,1,Gliom,evet,0.10128,0.461811,0.436909
2856,2857,brain_tumor_figshare/2857.mat,MR049104,1,1,Gliom,1,Gliom,evet,0.063139,0.698482,0.238379
2857,2858,brain_tumor_figshare/2858.mat,MR049142,5,1,Gliom,1,Gliom,evet,0.01129,0.936207,0.052503
2858,2859,brain_tumor_figshare/2859.mat,MR049142,5,1,Gliom,1,Gliom,evet,0.00241,0.981095,0.016495
2859,2860,brain_tumor_figshare/2860.mat,MR049142,5,1,Gliom,1,Gliom,evet,0.003517,0.991227,0.005255
2860,2861,brain_tumor_figshare/2861.mat,MR048994B,4,1,Gliom,1,Gliom,evet,0.034562,0.828262,0.137176
2861,2862,brain_tumor_figshare/2862.mat,MR048994B,4,1,Gliom,1,Gliom,evet,0.026133,0.950181,0.023686
2862,2863,brain_tumor_figshare/2863.mat,MR048994B,4,1,Gliom,1,Gliom,evet,0.018944,0.960864,0.020192
2863,2864,brain_tumor_figshare/2864.mat,MR048994B,4,1,Gliom,1,Gliom,evet,0.043821,0.944075,0.012104
2864,2865,brain_tumor_figshare/2865.mat,MR048994B,4,1,Gliom,1,Gliom,evet,0.014293,0.956425,0.029282
2865,2866,brain_tumor_figshare/2866.mat,MR049358,3,1,Gliom,1,Gliom,evet,0.142539,0.843594,0.013868
2866,2867,brain_tumor_figshare/2867.mat,MR049358,3,1,Gliom,1,Gliom,evet,0.0093,0.989373,0.001327
2867,2868,brain_tumor_figshare/2868.mat,MR049358,3,1,Gliom,1,Gliom,evet,0.033499,0.597665,0.368836
2868,2869,brain_tumor_figshare/2869.mat,MR049358,3,1,Gliom,2,Hipofiz tümörü,hayır,0.12844,0.203399,0.668161
2869,2870,brain_tumor_figshare/2870.mat,MR049358,3,1,Gliom,1,Gliom,evet,0.099232,0.591811,0.308957
2870,2871,brain_tumor_figshare/2871.mat,MR049358,3,1,Gliom,1,Gliom,evet,0.027281,0.745717,0.227002
2871,2872,brain_tumor_figshare/2872.mat,MR049358,3,1,Gliom,1,Gliom,evet,0.020126,0.719485,0.260389
2872,2873,brain_tumor_figshare/2873.mat,MR049104B,3,1,Gliom,2,Hipofiz tümörü,hayır,0.056952,0.131219,0.81183
2873,2874,brain_tumor_figshare/2874.mat,MR049104B,3,1,Gliom,2,Hipofiz tümörü,hayır,0.067451,0.074969,0.85758
2874,2875,brain_tumor_figshare/2875.mat,MR049104B,3,1,Gliom,2,Hipofiz tümörü,hayır,0.030031,0.118827,0.851142
2875,2876,brain_tumor_figshare/2876.mat,MR049453,2,1,Gliom,1,Gliom,evet,0.01645,0.547463,0.436087
2876,2877,brain_tumor_figshare/2877.mat,MR049453,2,1,Gliom,1,Gliom,evet,0.013146,0.64935,0.337505
2877,2878,brain_tumor_figshare/2878.mat,MR049453,2,1,Gliom,2,Hipofiz tümörü,hayır,0.009138,0.468985,0.521877
2878,2879,brain_tumor_figshare/2879.mat,MR049453,2,1,Gliom,1,Gliom,evet,0.005674,0.520594,0.473732
2879,2880,brain_tumor_figshare/2880.mat,MR049453,2,1,Gliom,2,Hipofiz tümörü,hayır,0.013929,0.476899,0.509171
2880,2881,brain_tumor_figshare/2881.mat,MR049453,2,1,Gliom,1,Gliom,evet,0.052696,0.824375,0.122929
2881,2882,brain_tumor_figshare/2882.mat,MR049453,2,1,Gliom,1,Gliom,evet,0.040608,0.938323,0.021069
2882,2883,brain_tumor_figshare/2883.mat,MR049453,2,1,Gliom,1,Gliom,evet,0.063198,0.929963,0.006839
2883,2884,brain_tumor_figshare/2884.mat,MR049453,2,1,Gliom,1,Gliom,evet,0.122272,0.866777,0.010951
2884,2885,brain_tumor_figshare/2885.mat,MR024780G,1,1,Gliom,1,Gliom,evet,0.010332,0.969255,0.020413
2885,2886,brain_tumor_figshare/2886.mat,MR024780G,1,1,Gliom,1,Gliom,evet,0.010068,0.981277,0.008655
2886,2887,brain_tumor_figshare/2887.mat,MR024780G,1,1,Gliom,1,Gliom,evet,0.005004,0.983687,0.011309
2887,2888,brain_tumor_figshare/2888.mat,MR024780G,1,1,Gliom,1,Gliom,evet,0.002059,0.993584,0.004357
2888,2889,brain_tumor_figshare/2889.mat,MR024780G,1,1,Gliom,1,Gliom,evet,0.000334,0.999599,6.7e-05
2889,2890,brain_tumor_figshare/2890.mat,MR024780G,1,1,Gliom,1,Gliom,evet,0.011755,0.987927,0.000318
2890,2891,brain_tumor_figshare/2891.mat,MR050135B,2,1,Gliom,1,Gliom,evet,0.108348,0.88758,0.004071
2891,2892,brain_tumor_figshare/2892.mat,MR050135B,2,1,Gliom,1,Gliom,evet,0.085434,0.884137,0.030429
2892,2893,brain_tumor_figshare/2893.mat,MR050135B,2,1,Gliom,1,Gliom,evet,0.078864,0.889797,0.031339
2893,2894,brain_tumor_figshare/2894.mat,MR050135B,2,1,Gliom,1,Gliom,evet,0.024192,0.958049,0.017759
2894,2895,brain_tumor_figshare/2895.mat,MR050135B,2,1,Gliom,1,Gliom,evet,0.190438,0.680947,0.128615
2895,2896,brain_tumor_figshare/2896.mat,MR050135B,2,1,Gliom,1,Gliom,evet,0.046501,0.901806,0.051692
2896,2897,brain_tumor_figshare/2897.mat,MR050135B,2,1,Gliom,1,Gliom,evet,0.062198,0.919774,0.018028
2897,2898,brain_tumor_figshare/2898.mat,MR050135B,2,1,Gliom,1,Gliom,evet,0.076295,0.904986,0.018719
2898,2899,brain_tumor_figshare/2899.mat,MR050135B,2,1,Gliom,1,Gliom,evet,0.049544,0.716772,0.233684
2899,2900,brain_tumor_figshare/2900.mat,MR050687,1,1,Gliom,1,Gliom,evet,0.207368,0.74421,0.048422
2900,2901,brain_tumor_figshare/2901.mat,MR050687,1,1,Gliom,1,Gliom,evet,0.201121,0.768572,0.030306
2901,2902,brain_tumor_figshare/2902.mat,MR050687,1,1,Gliom,0,Meningiom,hayır,0.438741,0.431021,0.130239
2902,2903,brain_tumor_figshare/2903.mat,MR050687,1,1,Gliom,0,Meningiom,hayır,0.896194,0.034366,0.06944
2903,2904,brain_tumor_figshare/2904.mat,MR050687,1,1,Gliom,0,Meningiom,hayır,0.74891,0.157409,0.093681
2904,2905,brain_tumor_figshare/2905.mat,MR050687,1,1,Gliom,0,Meningiom,hayır,0.750446,0.182532,0.067021
2905,2906,brain_tumor_figshare/2906.mat,MR050791B,4,1,Gliom,1,Gliom,evet,0.001195,0.99869,0.000115
2906,2907,brain_tumor_figshare/2907.mat,MR050791B,4,1,Gliom,1,Gliom,evet,0.005675,0.98699,0.007335
2907,2908,brain_tumor_figshare/2908.mat,MR050791B,4,1,Gliom,1,Gliom,evet,0.001462,0.997659,0.000879
2908,2909,brain_tumor_figshare/2909.mat,MR050791B,4,1,Gliom,1,Gliom,evet,0.005414,0.989428,0.005158
2909,2910,brain_tumor_figshare/2910.mat,MR050791B,4,1,Gliom,1,Gliom,evet,0.011802,0.97621,0.011987
2910,2911,brain_tumor_figshare/2911.mat,MR050791B,4,1,Gliom,1,Gliom,evet,0.010528,0.977117,0.012355
2911,2912,brain_tumor_figshare/2912.mat,MR050791B,4,1,Gliom,1,Gliom,evet,0.011352,0.966267,0.022381
2912,2913,brain_tumor_figshare/2913.mat,MR050791B,4,1,Gliom,1,Gliom,evet,0.003674,0.965116,0.031209
2913,2914,brain_tumor_figshare/2914.mat,MR049019C,4,1,Gliom,1,Gliom,evet,0.023126,0.833875,0.142999
2914,2915,brain_tumor_figshare/2915.mat,MR049019C,4,1,Gliom,1,Gliom,evet,0.026258,0.786652,0.18709
2915,2916,brain_tumor_figshare/2916.mat,MR049019C,4,1,Gliom,1,Gliom,evet,0.018146,0.895842,0.086012
2916,2917,brain_tumor_figshare/2917.mat,MR049019C,4,1,Gliom,1,Gliom,evet,0.064892,0.688198,0.24691
2917,2918,brain_tumor_figshare/2918.mat,MR051461,2,1,Gliom,1,Gliom,evet,0.028411,0.956503,0.015085
2918,2919,brain_tumor_figshare/2919.mat,MR051461,2,1,Gliom,1,Gliom,evet,0.020898,0.954287,0.024815
2919,2920,brain_tumor_figshare/2920.mat,MR051461,2,1,Gliom,1,Gliom,evet,0.043344,0.950272,0.006384
2920,2921,brain_tumor_figshare/2921.mat,MR051461,2,1,Gliom,1,Gliom,evet,0.016207,0.979856,0.003937
2921,2922,brain_tumor_figshare/2922.mat,MR051461,2,1,Gliom,1,Gliom,evet,0.008798,0.982822,0.008381
2922,2923,brain_tumor_figshare/2923.mat,MR051461,2,1,Gliom,1,Gliom,evet,0.01219,0.953174,0.034636
2923,2924,brain_tumor_figshare/2924.mat,MR051461,2,1,Gliom,1,Gliom,evet,0.009016,0.973345,0.017639
2924,2925,brain_tumor_figshare/2925.mat,MR051586,5,1,Gliom,1,Gliom,evet,0.080756,0.914925,0.00432
2925,2926,brain_tumor_figshare/2926.mat,MR051586,5,1,Gliom,1,Gliom,evet,0.047566,0.936856,0.015578
2926,2927,brain_tumor_figshare/2927.mat,MR051586,5,1,Gliom,0,Meningiom,hayır,0.755657,0.042937,0.201406
2927,2928,brain_tumor_figshare/2928.mat,MR051586,5,1,Gliom,0,Meningiom,hayır,0.66266,0.138797,0.198543
2928,2929,brain_tumor_figshare/2929.mat,MR051586,5,1,Gliom,0,Meningiom,hayır,0.583268,0.01576,0.400972
2929,2930,brain_tumor_figshare/2930.mat,MR051586,5,1,Gliom,0,Meningiom,hayır,0.573882,0.012359,0.413759
2930,2931,brain_tumor_figshare/2931.mat,MR051586,5,1,Gliom,2,Hipofiz tümörü,hayır,0.417882,0.025275,0.556843
2931,2932,brain_tumor_figshare/2932.mat,MR051586,5,1,Gliom,2,Hipofiz tümörü,hayır,0.394586,0.09209,0.513324
2932,2933,brain_tumor_figshare/2933.mat,MR051586,5,1,Gliom,1,Gliom,evet,0.154337,0.467563,0.378101
2933,2934,brain_tumor_figshare/2934.mat,MR051644,4,1,Gliom,1,Gliom,evet,0.218866,0.675154,0.10598
2934,2935,brain_tumor_figshare/2935.mat,MR051644,4,1,Gliom,1,Gliom,evet,0.248438,0.629646,0.121916
2935,2936,brain_tumor_figshare/2936.mat,MR051644,4,1,Gliom,1,Gliom,evet,0.208598,0.574926,0.216475
2936,2937,brain_tumor_figshare/2937.mat,MR051644,4,1,Gliom,1,Gliom,evet,0.214709,0.520887,0.264405
2937,2938,brain_tumor_figshare/2938.mat,MR051644,4,1,Gliom,1,Gliom,evet,0.145496,0.760005,0.094498
2938,2939,brain_tumor_figshare/2939.mat,MR051644,4,1,Gliom,1,Gliom,evet,0.345311,0.619762,0.034926
2939,2940,brain_tumor_figshare/2940.mat,MR051644,4,1,Gliom,1,Gliom,evet,0.106176,0.865891,0.027934
2940,2941,brain_tumor_figshare/2941.mat,MR051644,4,1,Gliom,1,Gliom,evet,0.1491,0.810946,0.039954
2941,2942,brain_tumor_figshare/2942.mat,MR051644,4,1,Gliom,1,Gliom,evet,0.05975,0.920734,0.019516
2942,2943,brain_tumor_figshare/2943.mat,MR051644,4,1,Gliom,1,Gliom,evet,0.052246,0.930007,0.017747
2943,2944,brain_tumor_figshare/2944.mat,MR051651,1,1,Gliom,1,Gliom,evet,0.012066,0.977937,0.009998
2944,2945,brain_tumor_figshare/2945.mat,MR051651,1,1,Gliom,1,Gliom,evet,0.000591,0.998257,0.001152
2945,2946,brain_tumor_figshare/2946.mat,MR051651,1,1,Gliom,1,Gliom,evet,0.000887,0.996738,0.002375
2946,2947,brain_tumor_figshare/2947.mat,MR051651,1,1,Gliom,1,Gliom,evet,0.001355,0.994974,0.003671
2947,2948,brain_tumor_figshare/2948.mat,MR051796,4,1,Gliom,1,Gliom,evet,0.008373,0.959369,0.032258
2948,2949,brain_tumor_figshare/2949.mat,MR051796,4,1,Gliom,1,Gliom,evet,0.010004,0.894867,0.095129
2949,2950,brain_tumor_figshare/2950.mat,MR051796,4,1,Gliom,1,Gliom,evet,0.001961,0.983248,0.014791
2950,2951,brain_tumor_figshare/2951.mat,MR051796,4,1,Gliom,1,Gliom,evet,0.004966,0.974541,0.020493
2951,2952,brain_tumor_figshare/2952.mat,MR051796,4,1,Gliom,1,Gliom,evet,0.009553,0.966822,0.023625
2952,2953,brain_tumor_figshare/2953.mat,MR051796,4,1,Gliom,1,Gliom,evet,0.014532,0.974048,0.01142
2953,2954,brain_tumor_figshare/2954.mat,MR051796,4,1,Gliom,1,Gliom,evet,0.005125,0.993211,0.001664
2954,2955,brain_tumor_figshare/2955.mat,MR051651B,3,1,Gliom,1,Gliom,evet,0.051961,0.943098,0.004941
2955,2956,brain_tumor_figshare/2956.mat,MR051651B,3,1,Gliom,1,Gliom,evet,0.076948,0.913538,0.009514
2956,2957,brain_tumor_figshare/2957.mat,MR051651B,3,1,Gliom,1,Gliom,evet,0.020642,0.978125,0.001233
2957,2958,brain_tumor_figshare/2958.mat,MR051651B,3,1,Gliom,1,Gliom,evet,0.002193,0.997026,0.000781
2958,2959,brain_tumor_figshare/2959.mat,MR051651B,3,1,Gliom,1,Gliom,evet,0.002791,0.996807,0.000402
2959,2960,brain_tumor_figshare/2960.mat,MR051651B,3,1,Gliom,1,Gliom,evet,0.011711,0.986486,0.001803
2960,2961,brain_tumor_figshare/2961.mat,MR051644B,3,1,Gliom,1,Gliom,evet,0.120659,0.649626,0.229715
2961,2962,brain_tumor_figshare/2962.mat,MR051644B,3,1,Gliom,2,Hipofiz tümörü,hayır,0.065406,0.299644,0.63495
2962,2963,brain_tumor_figshare/2963.mat,MR051644B,3,1,Gliom,2,Hipofiz tümörü,hayır,0.03981,0.236745,0.723445
2963,2964,brain_tumor_figshare/2964.mat,MR051644B,3,1,Gliom,2,Hipofiz tümörü,hayır,0.034806,0.287687,0.677507
2964,2965,brain_tumor_figshare/2965.mat,MR051644B,3,1,Gliom,2,Hipofiz tümörü,hayır,0.032161,0.386995,0.580844
2965,2966,brain_tumor_figshare/2966.mat,MR051644B,3,1,Gliom,1,Gliom,evet,0.065983,0.51821,0.415808
2966,2967,brain_tumor_figshare/2967.mat,MR051644B,3,1,Gliom,1,Gliom,evet,0.05565,0.823886,0.120464
2967,2968,brain_tumor_figshare/2968.mat,MR051644B,3,1,Gliom,2,Hipofiz tümörü,hayır,0.304013,0.210159,0.485828
2968,2969,brain_tumor_figshare/2969.mat,MR051644B,3,1,Gliom,1,Gliom,evet,0.298844,0.656485,0.044671
2969,2970,brain_tumor_figshare/2970.mat,MR051796B,5,1,Gliom,1,Gliom,evet,0.087573,0.670759,0.241668
2970,2971,brain_tumor_figshare/2971.mat,MR051796B,5,1,Gliom,1,Gliom,evet,0.035461,0.770194,0.194346
2971,2972,brain_tumor_figshare/2972.mat,MR051796B,5,1,Gliom,1,Gliom,evet,0.016058,0.948747,0.035195
2972,2973,brain_tumor_figshare/2973.mat,MR051796B,5,1,Gliom,1,Gliom,evet,0.035401,0.897174,0.067425
2973,2974,brain_tumor_figshare/2974.mat,MR051796B,5,1,Gliom,1,Gliom,evet,0.058649,0.803386,0.137965
2974,2975,brain_tumor_figshare/2975.mat,MR052550,1,1,Gliom,1,Gliom,evet,0.11789,0.840557,0.041553
2975,2976,brain_tumor_figshare/2976.mat,MR052550,1,1,Gliom,1,Gliom,evet,0.194468,0.729804,0.075729
2976,2977,brain_tumor_figshare/2977.mat,MR052550,1,1,Gliom,1,Gliom,evet,0.037409,0.949337,0.013254
2977,2978,brain_tumor_figshare/2978.mat,MR052550,1,1,Gliom,1,Gliom,evet,0.05253,0.91166,0.035809
2978,2979,brain_tumor_figshare/2979.mat,MR052550,1,1,Gliom,1,Gliom,evet,0.057451,0.886647,0.055902
2979,2980,brain_tumor_figshare/2980.mat,MR052550,1,1,Gliom,1,Gliom,evet,0.053385,0.815718,0.130897
2980,2981,brain_tumor_figshare/2981.mat,MR052550,1,1,Gliom,1,Gliom,evet,0.074021,0.832331,0.093649
2981,2982,brain_tumor_figshare/2982.mat,MR052550,1,1,Gliom,1,Gliom,evet,0.057857,0.915157,0.026986
2982,2983,brain_tumor_figshare/2983.mat,MR051644C,4,1,Gliom,1,Gliom,evet,0.029708,0.892553,0.077739
2983,2984,brain_tumor_figshare/2984.mat,MR051644C,4,1,Gliom,1,Gliom,evet,0.020652,0.9036,0.075748
2984,2985,brain_tumor_figshare/2985.mat,MR051644C,4,1,Gliom,1,Gliom,evet,0.023717,0.936597,0.039686
2985,2986,brain_tumor_figshare/2986.mat,MR051644C,4,1,Gliom,1,Gliom,evet,0.017065,0.964809,0.018125
2986,2987,brain_tumor_figshare/2987.mat,MR051644C,4,1,Gliom,1,Gliom,evet,0.010437,0.962055,0.027508
2987,2988,brain_tumor_figshare/2988.mat,MR051644C,4,1,Gliom,1,Gliom,evet,0.046739,0.896315,0.056945
2988,2989,brain_tumor_figshare/2989.mat,MR051644C,4,1,Gliom,1,Gliom,evet,0.035585,0.834533,0.129883
2989,2990,brain_tumor_figshare/2990.mat,MR051644C,4,1,Gliom,1,Gliom,evet,0.030628,0.950355,0.019017
2990,2991,brain_tumor_figshare/2991.mat,MR051644C,4,1,Gliom,1,Gliom,evet,0.020713,0.953316,0.025971
2991,2992,brain_tumor_figshare/2992.mat,MR051644C,4,1,Gliom,1,Gliom,evet,0.019992,0.957386,0.022622
2992,2993,brain_tumor_figshare/2993.mat,MR049942B,3,1,Gliom,1,Gliom,evet,0.027793,0.904005,0.068202
2993,2994,brain_tumor_figshare/2994.mat,MR049942B,3,1,Gliom,1,Gliom,evet,0.002662,0.985061,0.012277
2994,2995,brain_tumor_figshare/2995.mat,MR049942B,3,1,Gliom,1,Gliom,evet,0.01362,0.966252,0.020128
2995,2996,brain_tumor_figshare/2996.mat,MR052585B,5,1,Gliom,1,Gliom,evet,0.032965,0.928669,0.038366
2996,2997,brain_tumor_figshare/2997.mat,MR052585B,5,1,Gliom,1,Gliom,evet,0.008266,0.984287,0.007447
2997,2998,brain_tumor_figshare/2998.mat,MR052585B,5,1,Gliom,1,Gliom,evet,0.013417,0.981864,0.00472
2998,2999,brain_tumor_figshare/2999.mat,MR053110B,1,1,Gliom,1,Gliom,evet,0.000295,0.998981,0.000724
2999,3000,brain_tumor_figshare/3000.mat,MR053110B,1,1,Gliom,1,Gliom,evet,0.000502,0.998528,0.00097
3000,3001,brain_tumor_figshare/3001.mat,MR053110B,1,1,Gliom,1,Gliom,evet,0.001435,0.997383,0.001181
3001,3002,brain_tumor_figshare/3002.mat,MR053110B,1,1,Gliom,1,Gliom,evet,0.001769,0.997743,0.000488
3002,3003,brain_tumor_figshare/3003.mat,MR053110B,1,1,Gliom,1,Gliom,evet,0.015357,0.977606,0.007037
3003,3004,brain_tumor_figshare/3004.mat,MR053110B,1,1,Gliom,1,Gliom,evet,0.027982,0.970056,0.001962
3004,3005,brain_tumor_figshare/3005.mat,MR034694,2,1,Gliom,2,Hipofiz tümörü,hayır,0.037931,0.10425,0.857819
3005,3006,brain_tumor_figshare/3006.mat,MR034694,2,1,Gliom,2,Hipofiz tümörü,hayır,0.091946,0.05948,0.848574
3006,3007,brain_tumor_figshare/3007.mat,MR034694,2,1,Gliom,2,Hipofiz tümörü,hayır,0.049152,0.459987,0.490861
3007,3008,brain_tumor_figshare/3008.mat,MR034694,2,1,Gliom,1,Gliom,evet,0.005471,0.819142,0.175387
3008,3009,brain_tumor_figshare/3009.mat,MR054875,1,1,Gliom,0,Meningiom,hayır,0.3517,0.34949,0.298809
3009,3010,brain_tumor_figshare/3010.mat,MR054875,1,1,Gliom,1,Gliom,evet,0.09872,0.745381,0.155898
3010,3011,brain_tumor_figshare/3011.mat,MR054875,1,1,Gliom,1,Gliom,evet,0.022112,0.937226,0.040662
3011,3012,brain_tumor_figshare/3012.mat,MR054875,1,1,Gliom,1,Gliom,evet,0.008272,0.984488,0.007241
3012,3013,brain_tumor_figshare/3013.mat,MR054875,1,1,Gliom,1,Gliom,evet,0.00739,0.985507,0.007103
3013,3014,brain_tumor_figshare/3014.mat,MR050687C,5,1,Gliom,1,Gliom,evet,0.000808,0.999138,5.4e-05
3014,3015,brain_tumor_figshare/3015.mat,MR050687C,5,1,Gliom,1,Gliom,evet,0.000503,0.999394,0.000103
3015,3016,brain_tumor_figshare/3016.mat,MR050687C,5,1,Gliom,1,Gliom,evet,0.000627,0.999201,0.000172
3016,3017,brain_tumor_figshare/3017.mat,MR050687C,5,1,Gliom,1,Gliom,evet,0.003968,0.99551,0.000523
3017,3018,brain_tumor_figshare/3018.mat,MR050687C,5,1,Gliom,1,Gliom,evet,0.004344,0.994809,0.000846
3018,3019,brain_tumor_figshare/3019.mat,MR050687C,5,1,Gliom,1,Gliom,evet,0.000408,0.999389,0.000203
3019,3020,brain_tumor_figshare/3020.mat,MR056144,5,1,Gliom,1,Gliom,evet,0.017949,0.791893,0.190158
3020,3021,brain_tumor_figshare/3021.mat,MR056144,5,1,Gliom,1,Gliom,evet,0.031861,0.649099,0.31904
3021,3022,brain_tumor_figshare/3022.mat,MR034997,3,1,Gliom,0,Meningiom,hayır,0.780137,0.150771,0.069091
3022,3023,brain_tumor_figshare/3023.mat,MR034997,3,1,Gliom,0,Meningiom,hayır,0.693608,0.252214,0.054178
3023,3024,brain_tumor_figshare/3024.mat,MR034997,3,1,Gliom,0,Meningiom,hayır,0.501963,0.483108,0.014929
3024,3025,brain_tumor_figshare/3025.mat,MR034997,3,1,Gliom,0,Meningiom,hayır,0.405179,0.384408,0.210412
3025,3026,brain_tumor_figshare/3026.mat,MR034997,3,1,Gliom,0,Meningiom,hayır,0.389708,0.371682,0.23861
3026,3027,brain_tumor_figshare/3027.mat,MR034997,3,1,Gliom,1,Gliom,evet,0.188723,0.497114,0.314164
3027,3028,brain_tumor_figshare/3028.mat,MR034997,3,1,Gliom,1,Gliom,evet,0.132392,0.712004,0.155604
3028,3029,brain_tumor_figshare/3029.mat,MR029209E,5,1,Gliom,0,Meningiom,hayır,0.656616,0.312427,0.030957
3029,3030,brain_tumor_figshare/3030.mat,53669,5,0,Meningiom,0,Meningiom,evet,0.609137,0.091234,0.299629
3030,3031,brain_tumor_figshare/3031.mat,MR033389B,4,1,Gliom,1,Gliom,evet,0.340673,0.61796,0.041367
3031,3032,brain_tumor_figshare/3032.mat,MR033389B,4,1,Gliom,1,Gliom,evet,0.150409,0.820107,0.029484
3032,3033,brain_tumor_figshare/3033.mat,MR033389B,4,1,Gliom,1,Gliom,evet,0.047703,0.633929,0.318368
3033,3034,brain_tumor_figshare/3034.mat,MR033389B,4,1,Gliom,2,Hipofiz tümörü,hayır,0.087463,0.093342,0.819195
3034,3035,brain_tumor_figshare/3035.mat,MR033389B,4,1,Gliom,2,Hipofiz tümörü,hayır,0.078778,0.052076,0.869146
3035,3036,brain_tumor_figshare/3036.mat,MR033389B,4,1,Gliom,2,Hipofiz tümörü,hayır,0.050154,0.083655,0.86619
3036,3037,brain_tumor_figshare/3037.mat,MR033389B,4,1,Gliom,2,Hipofiz tümörü,hayır,0.236633,0.018482,0.744884
3037,3038,brain_tumor_figshare/3038.mat,MR033389B,4,1,Gliom,2,Hipofiz tümörü,hayır,0.385133,0.040666,0.574201
3038,3039,brain_tumor_figshare/3039.mat,MR024780E,4,1,Gliom,1,Gliom,evet,0.053712,0.93638,0.009908
3039,3040,brain_tumor_figshare/3040.mat,MR024780E,4,1,Gliom,1,Gliom,evet,0.155556,0.83366,0.010783
3040,3041,brain_tumor_figshare/3041.mat,MR024780E,4,1,Gliom,1,Gliom,evet,0.311747,0.669285,0.018968
3041,3042,brain_tumor_figshare/3042.mat,MR040240C,2,1,Gliom,1,Gliom,evet,0.137029,0.839001,0.023971
3042,3043,brain_tumor_figshare/3043.mat,MR040240C,2,1,Gliom,1,Gliom,evet,0.042268,0.951448,0.006284
3043,3044,brain_tumor_figshare/3044.mat,MR040240C,2,1,Gliom,1,Gliom,evet,0.297656,0.689403,0.012941
3044,3045,brain_tumor_figshare/3045.mat,MR040240C,2,1,Gliom,1,Gliom,evet,0.038348,0.955316,0.006336
3045,3046,brain_tumor_figshare/3046.mat,MR040240C,2,1,Gliom,1,Gliom,evet,0.429724,0.526468,0.043808
3046,3047,brain_tumor_figshare/3047.mat,MR040240D,4,1,Gliom,1,Gliom,evet,0.096992,0.830697,0.07231
3047,3048,brain_tumor_figshare/3048.mat,MR040240D,4,1,Gliom,1,Gliom,evet,0.078289,0.791249,0.130462
3048,3049,brain_tumor_figshare/3049.mat,MR017260F,2,1,Gliom,1,Gliom,evet,0.000625,0.998916,0.000459
3049,3050,brain_tumor_figshare/3050.mat,MR017260F,2,1,Gliom,1,Gliom,evet,0.003376,0.993489,0.003135
3050,3051,brain_tumor_figshare/3051.mat,MR017260F,2,1,Gliom,1,Gliom,evet,0.001464,0.998514,2.2e-05
3051,3052,brain_tumor_figshare/3052.mat,MR017260F,2,1,Gliom,1,Gliom,evet,0.000154,0.999826,2e-05
3052,3053,brain_tumor_figshare/3053.mat,MR017260F,2,1,Gliom,1,Gliom,evet,0.002215,0.997506,0.000279
3053,3054,brain_tumor_figshare/3054.mat,MR017260F,2,1,Gliom,1,Gliom,evet,0.012407,0.986171,0.001422
3054,3055,brain_tumor_figshare/3055.mat,MR017260F,2,1,Gliom,1,Gliom,evet,0.009116,0.981055,0.009829
3055,3056,brain_tumor_figshare/3056.mat,MR029209I,4,1,Gliom,1,Gliom,evet,0.138143,0.859083,0.002775
3056,3057,brain_tumor_figshare/3057.mat,MR029209I,4,1,Gliom,1,Gliom,evet,0.141933,0.839158,0.018909
3057,3058,brain_tumor_figshare/3058.mat,MR029209I,4,1,Gliom,1,Gliom,evet,0.123421,0.837193,0.039386
3058,3059,brain_tumor_figshare/3059.mat,MR029209I,4,1,Gliom,1,Gliom,evet,0.183675,0.655987,0.160338
3059,3060,brain_tumor_figshare/3060.mat,MR029209I,4,1,Gliom,1,Gliom,evet,0.067967,0.706241,0.225793
3060,3061,brain_tumor_figshare/3061.mat,MR029209I,4,1,Gliom,1,Gliom,evet,0.064148,0.765879,0.169973
3061,3062,brain_tumor_figshare/3062.mat,MR029209I,4,1,Gliom,1,Gliom,evet,0.015468,0.878771,0.105761
3062,3063,brain_tumor_figshare/3063.mat,95969,2,0,Meningiom,1,Gliom,hayır,0.299701,0.69775,0.00255
3063,3064,brain_tumor_figshare/3064.mat,88510,1,0,Meningiom,1,Gliom,hayır,0.185682,0.810167,0.004151
