satir,goruntu_no,dosya,hasta,kat,gercek_etiket_no,gercek_etiket,tahmin_no,tahmin,dogru_mu,olasilik_Meningiom,olasilik_Gliom,olasilik_Hipofiz tümörü
0,1,brain_tumor_figshare/1.mat,100360,5,0,Meningiom,0,Meningiom,evet,0.811009,0.000183,0.188807
1,2,brain_tumor_figshare/2.mat,100360,5,0,Meningiom,0,Meningiom,evet,0.991171,0.001065,0.007764
2,3,brain_tumor_figshare/3.mat,100360,5,0,Meningiom,0,Meningiom,evet,0.986823,0.006579,0.006599
3,4,brain_tumor_figshare/4.mat,100360,5,0,Meningiom,0,Meningiom,evet,0.977452,0.018873,0.003675
4,5,brain_tumor_figshare/5.mat,100360,5,0,Meningiom,0,Meningiom,evet,0.983103,0.015807,0.001091
5,6,brain_tumor_figshare/6.mat,100572,3,0,Meningiom,2,Hipofiz tümörü,hayır,7.6e-05,4e-06,0.999921
6,7,brain_tumor_figshare/7.mat,100572,3,0,Meningiom,2,Hipofiz tümörü,hayır,6.2e-05,1e-06,0.999937
7,8,brain_tumor_figshare/8.mat,100572,3,0,Meningiom,2,Hipofiz tümörü,hayır,0.001629,1e-06,0.99837
8,9,brain_tumor_figshare/9.mat,101016,4,0,Meningiom,1,Gliom,hayır,0.006527,0.980081,0.013392
9,10,brain_tumor_figshare/10.mat,101016,4,0,Meningiom,0,Meningiom,evet,0.999791,7.4e-05,0.000135
10,11,brain_tumor_figshare/11.mat,101016,4,0,Meningiom,0,Meningiom,evet,0.999986,2e-06,1.2e-05
11,12,brain_tumor_figshare/12.mat,101016,4,0,Meningiom,0,Meningiom,evet,0.999954,2e-06,4.4e-05
12,13,brain_tumor_figshare/13.mat,101016,4,0,Meningiom,0,Meningiom,evet,0.999919,1.8e-05,6.3e-05
13,14,brain_tumor_figshare/14.mat,101016,4,0,Meningiom,0,Meningiom,evet,0.999986,1e-06,1.3e-05
14,15,brain_tumor_figshare/15.mat,101016,4,0,Meningiom,0,Meningiom,evet,0.999815,0.000175,1e-05
15,16,brain_tumor_figshare/16.mat,101127,4,0,Meningiom,2,Hipofiz tümörü,hayır,0.023762,0.000425,0.975813
16,17,brain_tumor_figshare/17.mat,101127,4,0,Meningiom,2,Hipofiz tümörü,hayır,0.409426,0.000654,0.58992
17,18,brain_tumor_figshare/18.mat,101127,4,0,Meningiom,0,Meningiom,evet,0.805209,0.001223,0.193569
18,19,brain_tumor_figshare/19.mat,101127,4,0,Meningiom,2,Hipofiz tümörü,hayır,0.008166,0.004246,0.987588
19,20,brain_tumor_figshare/20.mat,101797,5,0,Meningiom,0,Meningiom,evet,0.603598,0.394571,0.001831
20,21,brain_tumor_figshare/21.mat,101797,5,0,Meningiom,0,Meningiom,evet,0.99995,4.8e-05,2e-06
21,22,brain_tumor_figshare/22.mat,101797,5,0,Meningiom,0,Meningiom,evet,0.999561,0.000397,4.2e-05
22,23,brain_tumor_figshare/23.mat,101797,5,0,Meningiom,0,Meningiom,evet,0.999824,7.3e-05,0.000102
23,24,brain_tumor_figshare/24.mat,102420,1,0,Meningiom,0,Meningiom,evet,0.999994,5e-06,1e-06
24,25,brain_tumor_figshare/25.mat,102420,1,0,Meningiom,0,Meningiom,evet,0.99962,7e-06,0.000373
25,26,brain_tumor_figshare/26.mat,102446,3,0,Meningiom,0,Meningiom,evet,0.862024,0.108173,0.029803
26,27,brain_tumor_figshare/27.mat,102675,1,0,Meningiom,0,Meningiom,evet,0.978434,0.00039,0.021177
27,28,brain_tumor_figshare/28.mat,102714,5,0,Meningiom,0,Meningiom,evet,0.618089,0.000969,0.380942
28,29,brain_tumor_figshare/29.mat,102714,5,0,Meningiom,2,Hipofiz tümörü,hayır,0.478587,2.2e-05,0.52139
29,30,brain_tumor_figshare/30.mat,102714,5,0,Meningiom,0,Meningiom,evet,0.676504,4.2e-05,0.323454
30,31,brain_tumor_figshare/31.mat,102714,5,0,Meningiom,2,Hipofiz tümörü,hayır,0.240227,0.000753,0.75902
31,32,brain_tumor_figshare/32.mat,102929,2,0,Meningiom,0,Meningiom,evet,0.99901,0.000172,0.000818
32,33,brain_tumor_figshare/33.mat,102929,2,0,Meningiom,0,Meningiom,evet,0.697514,0.287576,0.01491
33,34,brain_tumor_figshare/34.mat,102935,1,0,Meningiom,0,Meningiom,evet,0.998422,0.001198,0.00038
34,35,brain_tumor_figshare/35.mat,102985,4,0,Meningiom,0,Meningiom,evet,0.979829,0.019874,0.000297
35,36,brain_tumor_figshare/36.mat,103673,5,0,Meningiom,2,Hipofiz tümörü,hayır,0.0,0.0,1.0
36,37,brain_tumor_figshare/37.mat,103673,5,0,Meningiom,2,Hipofiz tümörü,hayır,1e-06,0.0,0.999999
37,38,brain_tumor_figshare/38.mat,103673,5,0,Meningiom,2,Hipofiz tümörü,hayır,1e-06,0.0,0.999999
38,39,brain_tumor_figshare/39.mat,103673,5,0,Meningiom,2,Hipofiz tümörü,hayır,0.0,0.0,1.0
39,40,brain_tumor_figshare/40.mat,103673,5,0,Meningiom,2,Hipofiz tümörü,hayır,6e-06,0.0,0.999994
40,41,brain_tumor_figshare/41.mat,103673,5,0,Meningiom,2,Hipofiz tümörü,hayır,1e-06,0.0,0.999999
41,42,brain_tumor_figshare/42.mat,103925,4,0,Meningiom,2,Hipofiz tümörü,hayır,0.088788,0.006669,0.904543
42,43,brain_tumor_figshare/43.mat,103925,4,0,Meningiom,2,Hipofiz tümörü,hayır,0.103578,0.002182,0.894239
43,44,brain_tumor_figshare/44.mat,103925,4,0,Meningiom,2,Hipofiz tümörü,hayır,0.102847,0.002732,0.894421
44,45,brain_tumor_figshare/45.mat,104167,3,0,Meningiom,0,Meningiom,evet,0.999969,3e-05,2e-06
45,46,brain_tumor_figshare/46.mat,104167,3,0,Meningiom,0,Meningiom,evet,0.999985,9e-06,6e-06
46,47,brain_tumor_figshare/47.mat,104167,3,0,Meningiom,0,Meningiom,evet,0.999952,3.5e-05,1.3e-05
47,48,brain_tumor_figshare/48.mat,104167,3,0,Meningiom,0,Meningiom,evet,0.999996,2e-06,2e-06
48,49,brain_tumor_figshare/49.mat,104281,3,0,Meningiom,0,Meningiom,evet,0.999598,0.000299,0.000103
49,50,brain_tumor_figshare/50.mat,104281,3,0,Meningiom,0,Meningiom,evet,0.999324,0.000623,5.3e-05
50,51,brain_tumor_figshare/51.mat,104281,3,0,Meningiom,0,Meningiom,evet,0.999993,5e-06,2e-06
51,52,brain_tumor_figshare/52.mat,104281,3,0,Meningiom,0,Meningiom,evet,0.999942,5.5e-05,3e-06
52,53,brain_tumor_figshare/53.mat,104281,3,0,Meningiom,0,Meningiom,evet,0.95907,0.040686,0.000243
53,54,brain_tumor_figshare/54.mat,104281,3,0,Meningiom,0,Meningiom,evet,0.999857,0.000103,4e-05
54,55,brain_tumor_figshare/55.mat,104281,3,0,Meningiom,0,Meningiom,evet,0.996569,0.001208,0.002223
55,56,brain_tumor_figshare/56.mat,105374,4,0,Meningiom,0,Meningiom,evet,0.883853,0.112593,0.003554
56,57,brain_tumor_figshare/57.mat,105374,4,0,Meningiom,0,Meningiom,evet,0.926049,0.050056,0.023894
57,58,brain_tumor_figshare/58.mat,105555,5,0,Meningiom,0,Meningiom,evet,0.999799,5.2e-05,0.000149
58,59,brain_tumor_figshare/59.mat,58392,3,2,Hipofiz tümörü,2,Hipofiz tümörü,evet,0.0,1e-06,0.999998
59,60,brain_tumor_figshare/60.mat,105937,1,0,Meningiom,0,Meningiom,evet,0.999972,1.4e-05,1.4e-05
60,61,brain_tumor_figshare/61.mat,105937,1,0,Meningiom,0,Meningiom,evet,0.996688,0.000683,0.00263
61,62,brain_tumor_figshare/62.mat,106284,2,0,Meningiom,2,Hipofiz tümörü,hayır,0.484349,0.027981,0.48767
62,63,brain_tumor_figshare/63.mat,106284,2,0,Meningiom,0,Meningiom,evet,0.615963,0.016116,0.367921
63,64,brain_tumor_figshare/64.mat,106284,2,0,Meningiom,0,Meningiom,evet,0.623901,0.002353,0.373746
64,65,brain_tumor_figshare/65.mat,106284,2,0,Meningiom,0,Meningiom,evet,0.695136,0.003408,0.301456
65,66,brain_tumor_figshare/66.mat,106284,2,0,Meningiom,0,Meningiom,evet,0.691445,0.044347,0.264208
66,67,brain_tumor_figshare/67.mat,106442,1,0,Meningiom,0,Meningiom,evet,0.999973,1.8e-05,1e-05
67,68,brain_tumor_figshare/68.mat,106442,1,0,Meningiom,0,Meningiom,evet,0.999964,2.6e-05,1e-05
68,69,brain_tumor_figshare/69.mat,106442,1,0,Meningiom,0,Meningiom,evet,0.999816,9.9e-05,8.6e-05
69,70,brain_tumor_figshare/70.mat,106442,1,0,Meningiom,0,Meningiom,evet,0.889356,0.082434,0.02821
70,71,brain_tumor_figshare/71.mat,106534,4,0,Meningiom,0,Meningiom,evet,0.996204,0.002339,0.001457
71,72,brain_tumor_figshare/72.mat,106534,4,0,Meningiom,0,Meningiom,evet,0.999218,0.000544,0.000237
72,73,brain_tumor_figshare/73.mat,106665,3,0,Meningiom,0,Meningiom,evet,0.458032,0.443926,0.098042
73,74,brain_tumor_figshare/74.mat,106665,3,0,Meningiom,0,Meningiom,evet,0.972137,0.023787,0.004076
74,75,brain_tumor_figshare/75.mat,106665,3,0,Meningiom,0,Meningiom,evet,0.99941,0.000443,0.000147
75,76,brain_tumor_figshare/76.mat,106665,3,0,Meningiom,0,Meningiom,evet,0.993251,0.006576,0.000173
76,77,brain_tumor_figshare/77.mat,106665,3,0,Meningiom,0,Meningiom,evet,0.998664,0.001294,4.2e-05
77,78,brain_tumor_figshare/78.mat,106665,3,0,Meningiom,0,Meningiom,evet,0.996605,0.003344,5.1e-05
78,79,brain_tumor_figshare/79.mat,106665,3,0,Meningiom,0,Meningiom,evet,0.999844,0.000133,2.3e-05
79,80,brain_tumor_figshare/80.mat,106720,1,0,Meningiom,0,Meningiom,evet,0.99799,0.000111,0.001899
80,81,brain_tumor_figshare/81.mat,106720,1,0,Meningiom,0,Meningiom,evet,0.996332,0.000173,0.003495
81,82,brain_tumor_figshare/82.mat,106720,1,0,Meningiom,0,Meningiom,evet,0.992643,0.0033,0.004057
82,83,brain_tumor_figshare/83.mat,106720,1,0,Meningiom,0,Meningiom,evet,0.988314,0.000567,0.011119
83,84,brain_tumor_figshare/84.mat,106720,1,0,Meningiom,0,Meningiom,evet,0.997529,0.000548,0.001922
84,85,brain_tumor_figshare/85.mat,106720,1,0,Meningiom,0,Meningiom,evet,0.998579,0.000347,0.001074
85,86,brain_tumor_figshare/86.mat,106720,1,0,Meningiom,0,Meningiom,evet,0.99811,0.001182,0.000709
86,87,brain_tumor_figshare/87.mat,106914,2,0,Meningiom,0,Meningiom,evet,0.969156,0.026817,0.004027
87,88,brain_tumor_figshare/88.mat,106914,2,0,Meningiom,0,Meningiom,evet,0.979619,0.011002,0.009379
88,89,brain_tumor_figshare/89.mat,106914,2,0,Meningiom,0,Meningiom,evet,0.965707,0.001777,0.032516
89,90,brain_tumor_figshare/90.mat,106914,2,0,Meningiom,0,Meningiom,evet,0.786475,0.174857,0.038669
90,91,brain_tumor_figshare/91.mat,107190,5,0,Meningiom,0,Meningiom,evet,0.999684,0.000296,2.1e-05
91,92,brain_tumor_figshare/92.mat,107190,5,0,Meningiom,0,Meningiom,evet,0.998126,0.001732,0.000141
92,93,brain_tumor_figshare/93.mat,107248,5,0,Meningiom,2,Hipofiz tümörü,hayır,0.047258,0.023265,0.929478
93,94,brain_tumor_figshare/94.mat,107248,5,0,Meningiom,2,Hipofiz tümörü,hayır,0.043437,0.007521,0.949042
94,95,brain_tumor_figshare/95.mat,107248,5,0,Meningiom,2,Hipofiz tümörü,hayır,0.190593,4.8e-05,0.809359
95,96,brain_tumor_figshare/96.mat,107248,5,0,Meningiom,0,Meningiom,evet,0.998368,5e-06,0.001627
96,97,brain_tumor_figshare/97.mat,107248,5,0,Meningiom,0,Meningiom,evet,0.644203,0.005275,0.350522
97,98,brain_tumor_figshare/98.mat,107248,5,0,Meningiom,2,Hipofiz tümörü,hayır,0.17439,0.002505,0.823106
98,99,brain_tumor_figshare/99.mat,107494,4,0,Meningiom,2,Hipofiz tümörü,hayır,0.233821,0.034472,0.731707
99,100,brain_tumor_figshare/100.mat,107494,4,0,Meningiom,2,Hipofiz tümörü,hayır,0.366411,0.00731,0.626279
100,101,brain_tumor_figshare/101.mat,107494,4,0,Meningiom,2,Hipofiz tümörü,hayır,0.003244,5.4e-05,0.996702
101,102,brain_tumor_figshare/102.mat,107494,4,0,Meningiom,2,Hipofiz tümörü,hayır,0.244877,0.013158,0.741964
102,103,brain_tumor_figshare/103.mat,107494,4,0,Meningiom,0,Meningiom,evet,0.653165,0.015783,0.331052
103,104,brain_tumor_figshare/104.mat,108514,5,0,Meningiom,1,Gliom,hayır,0.239532,0.75995,0.000517
104,105,brain_tumor_figshare/105.mat,108514,5,0,Meningiom,0,Meningiom,evet,0.99632,0.003643,3.6e-05
105,106,brain_tumor_figshare/106.mat,108514,5,0,Meningiom,0,Meningiom,evet,0.997297,0.002606,9.7e-05
106,107,brain_tumor_figshare/107.mat,108514,5,0,Meningiom,0,Meningiom,evet,0.99386,0.006097,4.3e-05
107,108,brain_tumor_figshare/108.mat,108514,5,0,Meningiom,0,Meningiom,evet,0.999777,0.000184,3.9e-05
108,109,brain_tumor_figshare/109.mat,108514,5,0,Meningiom,0,Meningiom,evet,0.999561,0.000331,0.000108
109,110,brain_tumor_figshare/110.mat,108514,5,0,Meningiom,0,Meningiom,evet,0.995862,0.003299,0.000838
110,111,brain_tumor_figshare/111.mat,108550,5,0,Meningiom,2,Hipofiz tümörü,hayır,0.003049,1.4e-05,0.996936
111,112,brain_tumor_figshare/112.mat,108550,5,0,Meningiom,0,Meningiom,evet,0.782868,1e-06,0.217131
112,113,brain_tumor_figshare/113.mat,108590,3,0,Meningiom,0,Meningiom,evet,0.999967,1e-05,2.3e-05
113,114,brain_tumor_figshare/114.mat,108590,3,0,Meningiom,0,Meningiom,evet,0.999743,0.000126,0.000131
114,115,brain_tumor_figshare/115.mat,108945,4,0,Meningiom,0,Meningiom,evet,0.99997,3e-06,2.6e-05
115,116,brain_tumor_figshare/116.mat,108945,4,0,Meningiom,0,Meningiom,evet,0.995835,0.003895,0.00027
116,117,brain_tumor_figshare/117.mat,108945,4,0,Meningiom,0,Meningiom,evet,0.998425,0.001266,0.000308
117,118,brain_tumor_figshare/118.mat,108945,4,0,Meningiom,0,Meningiom,evet,0.99977,3.3e-05,0.000196
118,119,brain_tumor_figshare/119.mat,109411,3,0,Meningiom,0,Meningiom,evet,0.996354,0.003315,0.000331
119,120,brain_tumor_figshare/120.mat,109968,3,0,Meningiom,0,Meningiom,evet,0.628052,0.008912,0.363036
120,121,brain_tumor_figshare/121.mat,109968,3,0,Meningiom,0,Meningiom,evet,0.806974,0.064903,0.128123
121,122,brain_tumor_figshare/122.mat,109968,3,0,Meningiom,0,Meningiom,evet,0.988758,0.001021,0.010221
122,123,brain_tumor_figshare/123.mat,109968,3,0,Meningiom,0,Meningiom,evet,0.995241,5.1e-05,0.004708
123,124,brain_tumor_figshare/124.mat,110116,5,0,Meningiom,2,Hipofiz tümörü,hayır,2.2e-05,0.0,0.999978
124,125,brain_tumor_figshare/125.mat,111077,2,0,Meningiom,2,Hipofiz tümörü,hayır,0.284316,0.004988,0.710695
125,126,brain_tumor_figshare/126.mat,111077,2,0,Meningiom,0,Meningiom,evet,0.453379,0.117397,0.429223
126,127,brain_tumor_figshare/127.mat,111077,2,0,Meningiom,1,Gliom,hayır,0.031445,0.936115,0.03244
127,128,brain_tumor_figshare/128.mat,111366,3,0,Meningiom,0,Meningiom,evet,0.940303,0.000818,0.058879
128,129,brain_tumor_figshare/129.mat,111366,3,0,Meningiom,2,Hipofiz tümörü,hayır,0.263345,0.022452,0.714203
129,130,brain_tumor_figshare/130.mat,111366,3,0,Meningiom,0,Meningiom,evet,0.553404,0.009361,0.437235
130,131,brain_tumor_figshare/131.mat,111366,3,0,Meningiom,0,Meningiom,evet,0.590473,0.001236,0.408292
131,132,brain_tumor_figshare/132.mat,111532,1,0,Meningiom,0,Meningiom,evet,0.999906,8.8e-05,6e-06
132,133,brain_tumor_figshare/133.mat,111532,1,0,Meningiom,0,Meningiom,evet,0.999994,4e-06,1e-06
133,134,brain_tumor_figshare/134.mat,111532,1,0,Meningiom,0,Meningiom,evet,0.999924,6.9e-05,6e-06
134,135,brain_tumor_figshare/135.mat,112002,2,0,Meningiom,1,Gliom,hayır,0.003871,0.995217,0.000912
135,136,brain_tumor_figshare/136.mat,112002,2,0,Meningiom,0,Meningiom,evet,0.549906,0.442801,0.007293
136,137,brain_tumor_figshare/137.mat,112002,2,0,Meningiom,1,Gliom,hayır,0.019579,0.959837,0.020585
137,138,brain_tumor_figshare/138.mat,112002,2,0,Meningiom,0,Meningiom,evet,0.477426,0.410345,0.112229
138,139,brain_tumor_figshare/139.mat,112062,4,0,Meningiom,0,Meningiom,evet,0.996115,0.003679,0.000206
139,140,brain_tumor_figshare/140.mat,112062,4,0,Meningiom,0,Meningiom,evet,0.999202,0.000739,5.9e-05
140,141,brain_tumor_figshare/141.mat,112062,4,0,Meningiom,0,Meningiom,evet,0.993494,0.005634,0.000872
141,142,brain_tumor_figshare/142.mat,112252,1,0,Meningiom,0,Meningiom,evet,0.92907,0.070304,0.000626
142,143,brain_tumor_figshare/143.mat,112252,1,0,Meningiom,0,Meningiom,evet,0.86151,0.136154,0.002336
143,144,brain_tumor_figshare/144.mat,112552,2,0,Meningiom,0,Meningiom,evet,0.964325,0.023816,0.011859
144,145,brain_tumor_figshare/145.mat,112552,2,0,Meningiom,0,Meningiom,evet,0.994938,0.001747,0.003314
145,146,brain_tumor_figshare/146.mat,112552,2,0,Meningiom,0,Meningiom,evet,0.976402,0.021711,0.001887
146,147,brain_tumor_figshare/147.mat,112552,2,0,Meningiom,0,Meningiom,evet,0.960159,0.0363,0.003541
147,148,brain_tumor_figshare/148.mat,112552,2,0,Meningiom,1,Gliom,hayır,0.077451,0.89517,0.02738
148,149,brain_tumor_figshare/149.mat,112552,2,0,Meningiom,1,Gliom,hayır,0.058222,0.917299,0.024478
149,150,brain_tumor_figshare/150.mat,112552,2,0,Meningiom,1,Gliom,hayır,0.010861,0.987494,0.001645
150,151,brain_tumor_figshare/151.mat,112648,3,0,Meningiom,0,Meningiom,evet,0.892743,0.058249,0.049009
151,152,brain_tumor_figshare/152.mat,112648,3,0,Meningiom,2,Hipofiz tümörü,hayır,0.124663,0.003553,0.871784
152,153,brain_tumor_figshare/153.mat,112648,3,0,Meningiom,0,Meningiom,evet,0.749936,0.034102,0.215962
153,154,brain_tumor_figshare/154.mat,113435,5,0,Meningiom,0,Meningiom,evet,0.873672,0.125707,0.000621
154,155,brain_tumor_figshare/155.mat,113435,5,0,Meningiom,0,Meningiom,evet,0.998498,0.001289,0.000212
155,156,brain_tumor_figshare/156.mat,113435,5,0,Meningiom,0,Meningiom,evet,0.998939,0.001016,4.5e-05
156,157,brain_tumor_figshare/157.mat,113435,5,0,Meningiom,0,Meningiom,evet,0.998373,0.001536,9.1e-05
157,158,brain_tumor_figshare/158.mat,113435,5,0,Meningiom,0,Meningiom,evet,0.99959,0.000271,0.000138
158,159,brain_tumor_figshare/159.mat,113435,5,0,Meningiom,0,Meningiom,evet,0.999809,0.000119,7.2e-05
159,160,brain_tumor_figshare/160.mat,113554,5,0,Meningiom,0,Meningiom,evet,0.999954,4.4e-05,1e-06
160,161,brain_tumor_figshare/161.mat,113554,5,0,Meningiom,0,Meningiom,evet,0.999903,9e-05,6e-06
161,162,brain_tumor_figshare/162.mat,113554,5,0,Meningiom,0,Meningiom,evet,0.99999,8e-06,2e-06
162,163,brain_tumor_figshare/163.mat,113805,2,0,Meningiom,0,Meningiom,evet,0.993877,0.004038,0.002085
163,164,brain_tumor_figshare/164.mat,114018,2,0,Meningiom,0,Meningiom,evet,0.999303,1.9e-05,0.000678
164,165,brain_tumor_figshare/165.mat,114018,2,0,Meningiom,0,Meningiom,evet,0.999676,1.1e-05,0.000313
165,166,brain_tumor_figshare/166.mat,114018,2,0,Meningiom,0,Meningiom,evet,0.994737,6e-06,0.005257
166,167,brain_tumor_figshare/167.mat,114018,2,0,Meningiom,0,Meningiom,evet,0.999357,2e-06,0.000641
167,168,brain_tumor_figshare/168.mat,114018,2,0,Meningiom,0,Meningiom,evet,0.995901,3.3e-05,0.004066
168,169,brain_tumor_figshare/169.mat,114359,2,0,Meningiom,1,Gliom,hayır,0.077261,0.922471,0.000268
169,170,brain_tumor_figshare/170.mat,114359,2,0,Meningiom,1,Gliom,hayır,0.006139,0.993562,0.000299
170,171,brain_tumor_figshare/171.mat,114359,2,0,Meningiom,1,Gliom,hayır,0.126213,0.869835,0.003952
171,172,brain_tumor_figshare/172.mat,114359,2,0,Meningiom,1,Gliom,hayır,0.074672,0.924704,0.000624
172,173,brain_tumor_figshare/173.mat,114359,2,0,Meningiom,0,Meningiom,evet,0.970232,0.029312,0.000455
173,174,brain_tumor_figshare/174.mat,114359,2,0,Meningiom,0,Meningiom,evet,0.978334,0.021033,0.000633
174,175,brain_tumor_figshare/175.mat,97607,1,0,Meningiom,0,Meningiom,evet,0.993261,0.006463,0.000277
175,176,brain_tumor_figshare/176.mat,97607,1,0,Meningiom,0,Meningiom,evet,0.999994,2e-06,4e-06
176,177,brain_tumor_figshare/177.mat,97607,1,0,Meningiom,0,Meningiom,evet,0.999968,1.3e-05,1.8e-05
177,178,brain_tumor_figshare/178.mat,97607,1,0,Meningiom,0,Meningiom,evet,0.999832,0.000126,4.3e-05
178,179,brain_tumor_figshare/179.mat,97607,1,0,Meningiom,0,Meningiom,evet,0.966739,0.032784,0.000477
179,180,brain_tumor_figshare/180.mat,97737,1,0,Meningiom,0,Meningiom,evet,0.99999,3e-06,7e-06
180,181,brain_tumor_figshare/181.mat,97737,1,0,Meningiom,0,Meningiom,evet,0.999929,4.7e-05,2.4e-05
181,182,brain_tumor_figshare/182.mat,97737,1,0,Meningiom,0,Meningiom,evet,0.999712,0.000147,0.000141
182,183,brain_tumor_figshare/183.mat,97737,1,0,Meningiom,0,Meningiom,evet,0.999444,0.000448,0.000108
183,184,brain_tumor_figshare/184.mat,97875,4,0,Meningiom,0,Meningiom,evet,0.574722,0.005683,0.419595
184,185,brain_tumor_figshare/185.mat,97875,4,0,Meningiom,2,Hipofiz tümörü,hayır,0.256059,0.004862,0.739079
185,186,brain_tumor_figshare/186.mat,97875,4,0,Meningiom,2,Hipofiz tümörü,hayır,0.089918,0.000892,0.90919
186,187,brain_tumor_figshare/187.mat,97943,3,0,Meningiom,0,Meningiom,evet,0.984264,0.000519,0.015216
187,188,brain_tumor_figshare/188.mat,97943,3,0,Meningiom,0,Meningiom,evet,0.999786,7.3e-05,0.000141
188,189,brain_tumor_figshare/189.mat,97943,3,0,Meningiom,0,Meningiom,evet,0.991392,0.003243,0.005365
189,190,brain_tumor_figshare/190.mat,97943,3,0,Meningiom,0,Meningiom,evet,0.990392,0.006207,0.003401
190,191,brain_tumor_figshare/191.mat,97943,3,0,Meningiom,0,Meningiom,evet,0.989548,0.008167,0.002285
191,192,brain_tumor_figshare/192.mat,98241,2,0,Meningiom,0,Meningiom,evet,0.999805,0.000139,5.6e-05
192,193,brain_tumor_figshare/193.mat,98241,2,0,Meningiom,0,Meningiom,evet,0.999551,3.4e-05,0.000415
193,194,brain_tumor_figshare/194.mat,98241,2,0,Meningiom,0,Meningiom,evet,0.999984,5e-06,1.1e-05
194,195,brain_tumor_figshare/195.mat,98241,2,0,Meningiom,0,Meningiom,evet,0.999905,1.4e-05,8.1e-05
195,196,brain_tumor_figshare/196.mat,98241,2,0,Meningiom,0,Meningiom,evet,0.999971,1e-05,1.9e-05
196,197,brain_tumor_figshare/197.mat,98241,2,0,Meningiom,0,Meningiom,evet,0.999896,9.3e-05,1.1e-05
197,198,brain_tumor_figshare/198.mat,99017,1,0,Meningiom,2,Hipofiz tümörü,hayır,0.010878,2e-05,0.989102
198,199,brain_tumor_figshare/199.mat,99017,1,0,Meningiom,2,Hipofiz tümörü,hayır,0.024159,5.6e-05,0.975786
199,200,brain_tumor_figshare/200.mat,99089,5,0,Meningiom,0,Meningiom,evet,0.999997,1e-06,2e-06
200,201,brain_tumor_figshare/201.mat,99089,5,0,Meningiom,0,Meningiom,evet,0.999948,1e-06,5.1e-05
201,202,brain_tumor_figshare/202.mat,99089,5,0,Meningiom,0,Meningiom,evet,0.999254,2.2e-05,0.000723
202,203,brain_tumor_figshare/203.mat,99288,2,0,Meningiom,0,Meningiom,evet,0.973665,0.025357,0.000978
203,204,brain_tumor_figshare/204.mat,99308,2,0,Meningiom,0,Meningiom,evet,0.994437,0.004693,0.000871
204,205,brain_tumor_figshare/205.mat,99308,2,0,Meningiom,0,Meningiom,evet,0.481739,0.33095,0.187311
205,206,brain_tumor_figshare/206.mat,99308,2,0,Meningiom,0,Meningiom,evet,0.661493,0.05691,0.281597
206,207,brain_tumor_figshare/207.mat,99308,2,0,Meningiom,0,Meningiom,evet,0.871771,0.023984,0.104245
207,208,brain_tumor_figshare/208.mat,99308,2,0,Meningiom,0,Meningiom,evet,0.968944,0.026979,0.004077
208,209,brain_tumor_figshare/209.mat,100820,3,1,Gliom,1,Gliom,evet,0.259623,0.731074,0.009303
209,210,brain_tumor_figshare/210.mat,100820,3,1,Gliom,0,Meningiom,hayır,0.991403,0.008039,0.000558
210,211,brain_tumor_figshare/211.mat,100360,5,0,Meningiom,0,Meningiom,evet,0.969848,0.017375,0.012777
211,212,brain_tumor_figshare/212.mat,100360,5,0,Meningiom,0,Meningiom,evet,0.665457,0.0654,0.269143
212,213,brain_tumor_figshare/213.mat,100360,5,0,Meningiom,0,Meningiom,evet,0.911553,0.009834,0.078613
213,214,brain_tumor_figshare/214.mat,100360,5,0,Meningiom,0,Meningiom,evet,0.982657,0.002051,0.015292
214,215,brain_tumor_figshare/215.mat,100360,5,0,Meningiom,0,Meningiom,evet,0.988094,0.004923,0.006983
215,216,brain_tumor_figshare/216.mat,100360,5,0,Meningiom,1,Gliom,hayır,0.32629,0.633099,0.040611
216,217,brain_tumor_figshare/217.mat,100360,5,0,Meningiom,0,Meningiom,evet,0.883943,0.107494,0.008564
217,218,brain_tumor_figshare/218.mat,100572,3,0,Meningiom,0,Meningiom,evet,0.552846,0.000566,0.446589
218,219,brain_tumor_figshare/219.mat,100572,3,0,Meningiom,2,Hipofiz tümörü,hayır,0.260203,0.000176,0.739621
219,220,brain_tumor_figshare/220.mat,100572,3,0,Meningiom,2,Hipofiz tümörü,hayır,0.172359,0.000105,0.827537
220,221,brain_tumor_figshare/221.mat,101016,4,0,Meningiom,0,Meningiom,evet,0.999367,0.000461,0.000172
221,222,brain_tumor_figshare/222.mat,101016,4,0,Meningiom,0,Meningiom,evet,0.999988,6e-06,6e-06
222,223,brain_tumor_figshare/223.mat,101016,4,0,Meningiom,0,Meningiom,evet,0.999997,1e-06,2e-06
223,224,brain_tumor_figshare/224.mat,101016,4,0,Meningiom,0,Meningiom,evet,0.999987,6e-06,7e-06
224,225,brain_tumor_figshare/225.mat,101016,4,0,Meningiom,0,Meningiom,evet,0.999974,1.8e-05,8e-06
225,226,brain_tumor_figshare/226.mat,101016,4,0,Meningiom,0,Meningiom,evet,0.999637,0.000349,1.3e-05
226,227,brain_tumor_figshare/227.mat,101127,4,0,Meningiom,0,Meningiom,evet,0.988429,0.000824,0.010747
227,228,brain_tumor_figshare/228.mat,101127,4,0,Meningiom,0,Meningiom,evet,0.998222,0.000151,0.001628
228,229,brain_tumor_figshare/229.mat,101127,4,0,Meningiom,0,Meningiom,evet,0.961518,0.000259,0.038223
229,230,brain_tumor_figshare/230.mat,101127,4,0,Meningiom,2,Hipofiz tümörü,hayır,0.003244,0.002066,0.994689
230,231,brain_tumor_figshare/231.mat,101797,5,0,Meningiom,0,Meningiom,evet,0.572809,0.419314,0.007877
231,232,brain_tumor_figshare/232.mat,101797,5,0,Meningiom,0,Meningiom,evet,0.997662,0.000198,0.00214
232,233,brain_tumor_figshare/233.mat,101797,5,0,Meningiom,0,Meningiom,evet,0.990771,0.007566,0.001663
233,234,brain_tumor_figshare/234.mat,101797,5,0,Meningiom,0,Meningiom,evet,0.955401,0.043981,0.000618
234,235,brain_tumor_figshare/235.mat,101797,5,0,Meningiom,0,Meningiom,evet,0.997562,0.000211,0.002227
235,236,brain_tumor_figshare/236.mat,102420,1,0,Meningiom,0,Meningiom,evet,0.997698,0.000232,0.00207
236,237,brain_tumor_figshare/237.mat,102420,1,0,Meningiom,0,Meningiom,evet,0.999868,1.5e-05,0.000117
237,238,brain_tumor_figshare/238.mat,102420,1,0,Meningiom,0,Meningiom,evet,0.994159,0.003259,0.002582
238,239,brain_tumor_figshare/239.mat,102446,3,0,Meningiom,0,Meningiom,evet,0.999976,2e-05,4e-06
239,240,brain_tumor_figshare/240.mat,102675,1,0,Meningiom,0,Meningiom,evet,0.862608,0.136207,0.001186
240,241,brain_tumor_figshare/241.mat,102675,1,0,Meningiom,0,Meningiom,evet,0.535357,0.457477,0.007166
241,242,brain_tumor_figshare/242.mat,102714,5,0,Meningiom,0,Meningiom,evet,0.999395,3.2e-05,0.000573
242,243,brain_tumor_figshare/243.mat,102714,5,0,Meningiom,0,Meningiom,evet,0.999061,4.6e-05,0.000894
243,244,brain_tumor_figshare/244.mat,102714,5,0,Meningiom,0,Meningiom,evet,0.999725,4.8e-05,0.000227
244,245,brain_tumor_figshare/245.mat,102714,5,0,Meningiom,0,Meningiom,evet,0.99847,0.000435,0.001095
245,246,brain_tumor_figshare/246.mat,102929,2,0,Meningiom,2,Hipofiz tümörü,hayır,0.090103,0.000414,0.909483
246,247,brain_tumor_figshare/247.mat,102929,2,0,Meningiom,0,Meningiom,evet,0.910358,0.001869,0.087773
247,248,brain_tumor_figshare/248.mat,102929,2,0,Meningiom,2,Hipofiz tümörü,hayır,0.029667,0.003488,0.966844
248,249,brain_tumor_figshare/249.mat,102929,2,0,Meningiom,0,Meningiom,evet,0.631824,0.000529,0.367647
249,250,brain_tumor_figshare/250.mat,102929,2,0,Meningiom,2,Hipofiz tümörü,hayır,0.04007,0.000428,0.959503
250,251,brain_tumor_figshare/251.mat,102929,2,0,Meningiom,2,Hipofiz tümörü,hayır,0.005438,3.3e-05,0.994529
251,252,brain_tumor_figshare/252.mat,102935,1,0,Meningiom,1,Gliom,hayır,0.491538,0.507876,0.000586
252,253,brain_tumor_figshare/253.mat,102985,4,0,Meningiom,0,Meningiom,evet,0.993441,0.006512,4.7e-05
253,254,brain_tumor_figshare/254.mat,103673,5,0,Meningiom,2,Hipofiz tümörü,hayır,1.5e-05,4e-06,0.999981
254,255,brain_tumor_figshare/255.mat,103673,5,0,Meningiom,2,Hipofiz tümörü,hayır,9.6e-05,1.5e-05,0.999889
255,256,brain_tumor_figshare/256.mat,103673,5,0,Meningiom,2,Hipofiz tümörü,hayır,4e-06,0.0,0.999996
256,257,brain_tumor_figshare/257.mat,103673,5,0,Meningiom,2,Hipofiz tümörü,hayır,5.9e-05,0.0,0.999941
257,258,brain_tumor_figshare/258.mat,103673,5,0,Meningiom,2,Hipofiz tümörü,hayır,2e-06,0.0,0.999998
258,259,brain_tumor_figshare/259.mat,103673,5,0,Meningiom,2,Hipofiz tümörü,hayır,0.000198,0.0,0.999802
259,260,brain_tumor_figshare/260.mat,103673,5,0,Meningiom,2,Hipofiz tümörü,hayır,1e-06,0.0,0.999998
260,261,brain_tumor_figshare/261.mat,103925,4,0,Meningiom,0,Meningiom,evet,0.997697,0.002003,0.0003
261,262,brain_tumor_figshare/262.mat,103925,4,0,Meningiom,0,Meningiom,evet,0.99479,0.004916,0.000295
262,263,brain_tumor_figshare/263.mat,103925,4,0,Meningiom,0,Meningiom,evet,0.989055,0.005091,0.005854
263,264,brain_tumor_figshare/264.mat,103925,4,0,Meningiom,0,Meningiom,evet,0.997048,0.002216,0.000736
264,265,brain_tumor_figshare/265.mat,103925,4,0,Meningiom,0,Meningiom,evet,0.996315,0.000958,0.002726
265,266,brain_tumor_figshare/266.mat,103925,4,0,Meningiom,1,Gliom,hayır,0.351276,0.64738,0.001344
266,267,brain_tumor_figshare/267.mat,103925,4,0,Meningiom,0,Meningiom,evet,0.999388,0.000398,0.000214
267,268,brain_tumor_figshare/268.mat,103925,4,0,Meningiom,1,Gliom,hayır,0.453426,0.545905,0.000669
268,269,brain_tumor_figshare/269.mat,104167,3,0,Meningiom,0,Meningiom,evet,0.999619,0.000207,0.000174
269,270,brain_tumor_figshare/270.mat,104167,3,0,Meningiom,0,Meningiom,evet,0.999051,0.000504,0.000445
270,271,brain_tumor_figshare/271.mat,104167,3,0,Meningiom,0,Meningiom,evet,0.999664,8.8e-05,0.000248
271,272,brain_tumor_figshare/272.mat,104167,3,0,Meningiom,0,Meningiom,evet,0.999455,5.6e-05,0.000489
272,273,brain_tumor_figshare/273.mat,104167,3,0,Meningiom,0,Meningiom,evet,0.999822,5.5e-05,0.000123
273,274,brain_tumor_figshare/274.mat,104167,3,0,Meningiom,0,Meningiom,evet,0.999298,0.000584,0.000118
274,275,brain_tumor_figshare/275.mat,104281,3,0,Meningiom,0,Meningiom,evet,0.999988,1e-05,2e-06
275,276,brain_tumor_figshare/276.mat,104281,3,0,Meningiom,0,Meningiom,evet,0.999319,5.1e-05,0.00063
276,277,brain_tumor_figshare/277.mat,104281,3,0,Meningiom,0,Meningiom,evet,0.985218,0.000764,0.014018
277,278,brain_tumor_figshare/278.mat,104281,3,0,Meningiom,0,Meningiom,evet,0.999478,0.00031,0.000212
278,279,brain_tumor_figshare/279.mat,104281,3,0,Meningiom,0,Meningiom,evet,0.999802,7.4e-05,0.000124
279,280,brain_tumor_figshare/280.mat,104281,3,0,Meningiom,0,Meningiom,evet,0.999436,0.00047,9.4e-05
280,281,brain_tumor_figshare/281.mat,105374,4,0,Meningiom,0,Meningiom,evet,0.998657,0.001265,7.7e-05
281,282,brain_tumor_figshare/282.mat,105374,4,0,Meningiom,0,Meningiom,evet,0.999725,0.000112,0.000163
282,283,brain_tumor_figshare/283.mat,105555,5,0,Meningiom,0,Meningiom,evet,0.991542,0.007097,0.00136
283,284,brain_tumor_figshare/284.mat,105555,5,0,Meningiom,0,Meningiom,evet,0.633904,0.360717,0.005379
284,285,brain_tumor_figshare/285.mat,105555,5,0,Meningiom,1,Gliom,hayır,0.23502,0.745884,0.019095
285,286,brain_tumor_figshare/286.mat,105937,1,0,Meningiom,0,Meningiom,evet,0.998692,0.000129,0.001179
286,287,brain_tumor_figshare/287.mat,105937,1,0,Meningiom,0,Meningiom,evet,0.999965,0.0,3.5e-05
287,288,brain_tumor_figshare/288.mat,105937,1,0,Meningiom,0,Meningiom,evet,0.998095,3.5e-05,0.00187
288,289,brain_tumor_figshare/289.mat,105937,1,0,Meningiom,0,Meningiom,evet,0.99689,0.000865,0.002245
289,290,brain_tumor_figshare/290.mat,106284,2,0,Meningiom,0,Meningiom,evet,0.977543,0.000534,0.021923
290,291,brain_tumor_figshare/291.mat,106284,2,0,Meningiom,0,Meningiom,evet,0.790586,0.11685,0.092564
291,292,brain_tumor_figshare/292.mat,106284,2,0,Meningiom,0,Meningiom,evet,0.867671,0.120343,0.011986
292,293,brain_tumor_figshare/293.mat,106284,2,0,Meningiom,0,Meningiom,evet,0.848611,0.069979,0.081411
293,294,brain_tumor_figshare/294.mat,106442,1,0,Meningiom,0,Meningiom,evet,0.999974,2.4e-05,3e-06
294,295,brain_tumor_figshare/295.mat,106442,1,0,Meningiom,0,Meningiom,evet,0.999995,4e-06,1e-06
295,296,brain_tumor_figshare/296.mat,106442,1,0,Meningiom,0,Meningiom,evet,0.999972,1e-05,1.8e-05
296,297,brain_tumor_figshare/297.mat,106534,4,0,Meningiom,0,Meningiom,evet,0.998196,0.00103,0.000774
297,298,brain_tumor_figshare/298.mat,106534,4,0,Meningiom,0,Meningiom,evet,0.949624,0.050149,0.000227
298,299,brain_tumor_figshare/299.mat,106665,3,0,Meningiom,0,Meningiom,evet,0.999994,3e-06,3e-06
299,300,brain_tumor_figshare/300.mat,106665,3,0,Meningiom,0,Meningiom,evet,0.99922,0.000574,0.000206
300,301,brain_tumor_figshare/301.mat,106665,3,0,Meningiom,0,Meningiom,evet,0.999855,7.6e-05,6.9e-05
301,302,brain_tumor_figshare/302.mat,106665,3,0,Meningiom,0,Meningiom,evet,0.999961,2.4e-05,1.5e-05
302,303,brain_tumor_figshare/303.mat,106665,3,0,Meningiom,0,Meningiom,evet,0.999971,1.2e-05,1.7e-05
303,304,brain_tumor_figshare/304.mat,106720,1,0,Meningiom,0,Meningiom,evet,0.955773,0.004486,0.039741
304,305,brain_tumor_figshare/305.mat,106720,1,0,Meningiom,0,Meningiom,evet,0.934637,0.008384,0.05698
305,306,brain_tumor_figshare/306.mat,106720,1,0,Meningiom,0,Meningiom,evet,0.859459,0.007623,0.132917
306,307,brain_tumor_figshare/307.mat,106720,1,0,Meningiom,0,Meningiom,evet,0.997325,0.000369,0.002306
307,308,brain_tumor_figshare/308.mat,106720,1,0,Meningiom,0,Meningiom,evet,0.875738,0.005816,0.118445
308,309,brain_tumor_figshare/309.mat,106720,1,0,Meningiom,0,Meningiom,evet,0.849788,0.128022,0.02219
309,310,brain_tumor_figshare/310.mat,106720,1,0,Meningiom,1,Gliom,hayır,0.020095,0.978916,0.000989
310,311,brain_tumor_figshare/311.mat,106914,2,0,Meningiom,0,Meningiom,evet,0.994915,0.00343,0.001655
311,312,brain_tumor_figshare/312.mat,106914,2,0,Meningiom,0,Meningiom,evet,0.999719,0.000108,0.000173
312,313,brain_tumor_figshare/313.mat,106914,2,0,Meningiom,0,Meningiom,evet,0.995203,0.000426,0.00437
313,314,brain_tumor_figshare/314.mat,106914,2,0,Meningiom,0,Meningiom,evet,0.999408,9.8e-05,0.000494
314,315,brain_tumor_figshare/315.mat,107190,5,0,Meningiom,0,Meningiom,evet,0.999345,0.000535,0.00012
315,316,brain_tumor_figshare/316.mat,107248,5,0,Meningiom,2,Hipofiz tümörü,hayır,0.262798,0.245827,0.491374
316,317,brain_tumor_figshare/317.mat,107248,5,0,Meningiom,2,Hipofiz tümörü,hayır,0.01234,0.233168,0.754492
317,318,brain_tumor_figshare/318.mat,107248,5,0,Meningiom,0,Meningiom,evet,0.795941,0.067993,0.136065
318,319,brain_tumor_figshare/319.mat,107248,5,0,Meningiom,0,Meningiom,evet,0.988162,0.00863,0.003208
319,320,brain_tumor_figshare/320.mat,107494,4,0,Meningiom,1,Gliom,hayır,0.412421,0.486167,0.101412
320,321,brain_tumor_figshare/321.mat,107494,4,0,Meningiom,0,Meningiom,evet,0.99756,0.001746,0.000694
321,322,brain_tumor_figshare/322.mat,107494,4,0,Meningiom,0,Meningiom,evet,0.980109,0.010659,0.009232
322,323,brain_tumor_figshare/323.mat,107494,4,0,Meningiom,0,Meningiom,evet,0.653653,0.035775,0.310572
323,324,brain_tumor_figshare/324.mat,107494,4,0,Meningiom,0,Meningiom,evet,0.950439,0.04709,0.002471
324,325,brain_tumor_figshare/325.mat,107494,4,0,Meningiom,0,Meningiom,evet,0.977708,0.00908,0.013212
325,326,brain_tumor_figshare/326.mat,108514,5,0,Meningiom,0,Meningiom,evet,0.985637,0.012239,0.002124
326,327,brain_tumor_figshare/327.mat,108514,5,0,Meningiom,0,Meningiom,evet,0.991186,0.007389,0.001425
327,328,brain_tumor_figshare/328.mat,108514,5,0,Meningiom,0,Meningiom,evet,0.991488,0.004439,0.004073
328,329,brain_tumor_figshare/329.mat,108514,5,0,Meningiom,0,Meningiom,evet,0.970151,0.027599,0.00225
329,330,brain_tumor_figshare/330.mat,108514,5,0,Meningiom,0,Meningiom,evet,0.949973,0.042288,0.007739
330,331,brain_tumor_figshare/331.mat,108514,5,0,Meningiom,0,Meningiom,evet,0.999832,8.4e-05,8.4e-05
331,332,brain_tumor_figshare/332.mat,108550,5,0,Meningiom,0,Meningiom,evet,0.994662,2e-05,0.005318
332,333,brain_tumor_figshare/333.mat,108550,5,0,Meningiom,0,Meningiom,evet,0.966805,0.002215,0.03098
333,334,brain_tumor_figshare/334.mat,108590,3,0,Meningiom,0,Meningiom,evet,0.999906,5.9e-05,3.5e-05
334,335,brain_tumor_figshare/335.mat,108590,3,0,Meningiom,0,Meningiom,evet,0.999774,4.6e-05,0.000181
335,336,brain_tumor_figshare/336.mat,108945,4,0,Meningiom,0,Meningiom,evet,0.996502,0.003077,0.000421
336,337,brain_tumor_figshare/337.mat,108945,4,0,Meningiom,0,Meningiom,evet,0.999832,0.000115,5.3e-05
337,338,brain_tumor_figshare/338.mat,108945,4,0,Meningiom,0,Meningiom,evet,0.998842,0.000754,0.000404
338,339,brain_tumor_figshare/339.mat,108945,4,0,Meningiom,0,Meningiom,evet,0.976019,0.022508,0.001474
339,340,brain_tumor_figshare/340.mat,109411,3,0,Meningiom,0,Meningiom,evet,0.995817,0.002866,0.001317
340,341,brain_tumor_figshare/341.mat,109968,3,0,Meningiom,0,Meningiom,evet,0.99949,0.000181,0.00033
341,342,brain_tumor_figshare/342.mat,109968,3,0,Meningiom,0,Meningiom,evet,0.999751,4e-05,0.000208
342,343,brain_tumor_figshare/343.mat,109968,3,0,Meningiom,0,Meningiom,evet,0.999882,1.7e-05,0.000101
343,344,brain_tumor_figshare/344.mat,109968,3,0,Meningiom,0,Meningiom,evet,0.999229,0.000543,0.000228
344,345,brain_tumor_figshare/345.mat,110116,5,0,Meningiom,2,Hipofiz tümörü,hayır,5.3e-05,3e-06,0.999944
345,346,brain_tumor_figshare/346.mat,110116,5,0,Meningiom,2,Hipofiz tümörü,hayır,0.002696,0.0,0.997304
346,347,brain_tumor_figshare/347.mat,110116,5,0,Meningiom,2,Hipofiz tümörü,hayır,0.000171,1e-06,0.999828
347,348,brain_tumor_figshare/348.mat,110116,5,0,Meningiom,2,Hipofiz tümörü,hayır,9.4e-05,3e-06,0.999904
348,349,brain_tumor_figshare/349.mat,111077,2,0,Meningiom,0,Meningiom,evet,0.934407,0.023245,0.042348
349,350,brain_tumor_figshare/350.mat,111077,2,0,Meningiom,0,Meningiom,evet,0.878894,0.002041,0.119066
350,351,brain_tumor_figshare/351.mat,111077,2,0,Meningiom,0,Meningiom,evet,0.699235,0.008032,0.292733
351,352,brain_tumor_figshare/352.mat,111077,2,0,Meningiom,2,Hipofiz tümörü,hayır,0.431241,0.000459,0.568299
352,353,brain_tumor_figshare/353.mat,111366,3,0,Meningiom,0,Meningiom,evet,0.712476,0.28229,0.005234
353,354,brain_tumor_figshare/354.mat,111366,3,0,Meningiom,0,Meningiom,evet,0.999399,0.000158,0.000443
354,355,brain_tumor_figshare/355.mat,111366,3,0,Meningiom,0,Meningiom,evet,0.995459,0.000172,0.00437
355,356,brain_tumor_figshare/356.mat,111366,3,0,Meningiom,0,Meningiom,evet,0.96408,0.008929,0.026991
356,357,brain_tumor_figshare/357.mat,111532,1,0,Meningiom,0,Meningiom,evet,0.999486,0.00029,0.000225
357,358,brain_tumor_figshare/358.mat,111532,1,0,Meningiom,0,Meningiom,evet,0.999662,7.2e-05,0.000266
358,359,brain_tumor_figshare/359.mat,111532,1,0,Meningiom,0,Meningiom,evet,0.999809,0.000143,4.8e-05
359,360,brain_tumor_figshare/360.mat,111532,1,0,Meningiom,0,Meningiom,evet,0.999973,1.5e-05,1.2e-05
360,361,brain_tumor_figshare/361.mat,111532,1,0,Meningiom,0,Meningiom,evet,0.99991,5.7e-05,3.3e-05
361,362,brain_tumor_figshare/362.mat,112002,2,0,Meningiom,0,Meningiom,evet,0.965913,0.023805,0.010282
362,363,brain_tumor_figshare/363.mat,112002,2,0,Meningiom,0,Meningiom,evet,0.713621,0.208843,0.077536
363,364,brain_tumor_figshare/364.mat,112002,2,0,Meningiom,1,Gliom,hayır,0.038898,0.95064,0.010461
364,365,brain_tumor_figshare/365.mat,112002,2,0,Meningiom,1,Gliom,hayır,0.012867,0.978732,0.008401
365,366,brain_tumor_figshare/366.mat,112062,4,0,Meningiom,0,Meningiom,evet,0.999942,5.5e-05,3e-06
366,367,brain_tumor_figshare/367.mat,112062,4,0,Meningiom,0,Meningiom,evet,0.999943,5.6e-05,1e-06
367,368,brain_tumor_figshare/368.mat,112062,4,0,Meningiom,0,Meningiom,evet,0.999994,5e-06,0.0
368,369,brain_tumor_figshare/369.mat,112062,4,0,Meningiom,0,Meningiom,evet,0.998009,0.001984,6e-06
369,370,brain_tumor_figshare/370.mat,112252,1,0,Meningiom,0,Meningiom,evet,0.669813,0.189292,0.140895
370,371,brain_tumor_figshare/371.mat,112252,1,0,Meningiom,0,Meningiom,evet,0.984384,0.000919,0.014697
371,372,brain_tumor_figshare/372.mat,112552,2,0,Meningiom,0,Meningiom,evet,0.98959,0.005164,0.005246
372,373,brain_tumor_figshare/373.mat,112552,2,0,Meningiom,0,Meningiom,evet,0.997966,0.000908,0.001126
373,374,brain_tumor_figshare/374.mat,112552,2,0,Meningiom,0,Meningiom,evet,0.999469,0.00025,0.000282
374,375,brain_tumor_figshare/375.mat,112552,2,0,Meningiom,0,Meningiom,evet,0.993638,0.001356,0.005006
375,376,brain_tumor_figshare/376.mat,112552,2,0,Meningiom,0,Meningiom,evet,0.998307,0.000999,0.000693
376,377,brain_tumor_figshare/377.mat,112552,2,0,Meningiom,0,Meningiom,evet,0.884999,0.07729,0.037711
377,378,brain_tumor_figshare/378.mat,112552,2,0,Meningiom,0,Meningiom,evet,0.99491,0.001182,0.003908
378,379,brain_tumor_figshare/379.mat,112648,3,0,Meningiom,0,Meningiom,evet,0.961033,0.038399,0.000567
379,380,brain_tumor_figshare/380.mat,112648,3,0,Meningiom,0,Meningiom,evet,0.999912,8.1e-05,7e-06
380,381,brain_tumor_figshare/381.mat,112648,3,0,Meningiom,0,Meningiom,evet,0.999835,0.000137,2.8e-05
381,382,brain_tumor_figshare/382.mat,113435,5,0,Meningiom,0,Meningiom,evet,0.902029,0.094233,0.003738
382,383,brain_tumor_figshare/383.mat,113435,5,0,Meningiom,0,Meningiom,evet,0.979111,0.004409,0.01648
383,384,brain_tumor_figshare/384.mat,113435,5,0,Meningiom,0,Meningiom,evet,0.988368,0.008426,0.003206
384,385,brain_tumor_figshare/385.mat,113435,5,0,Meningiom,0,Meningiom,evet,0.999398,0.00049,0.000112
385,386,brain_tumor_figshare/386.mat,113435,5,0,Meningiom,0,Meningiom,evet,0.997745,0.001641,0.000614
386,387,brain_tumor_figshare/387.mat,113435,5,0,Meningiom,0,Meningiom,evet,0.951987,0.036558,0.011454
387,388,brain_tumor_figshare/388.mat,113435,5,0,Meningiom,0,Meningiom,evet,0.970177,0.009383,0.02044
388,389,brain_tumor_figshare/389.mat,113435,5,0,Meningiom,0,Meningiom,evet,0.936122,0.016942,0.046936
389,390,brain_tumor_figshare/390.mat,113554,5,0,Meningiom,0,Meningiom,evet,0.990381,0.00943,0.000189
390,391,brain_tumor_figshare/391.mat,113554,5,0,Meningiom,0,Meningiom,evet,0.999783,9.2e-05,0.000124
391,392,brain_tumor_figshare/392.mat,113554,5,0,Meningiom,0,Meningiom,evet,0.99999,8e-06,2e-06
392,393,brain_tumor_figshare/393.mat,113805,2,0,Meningiom,0,Meningiom,evet,0.875105,0.117596,0.007299
393,394,brain_tumor_figshare/394.mat,113805,2,0,Meningiom,0,Meningiom,evet,0.998846,0.000224,0.00093
394,395,brain_tumor_figshare/395.mat,114018,2,0,Meningiom,0,Meningiom,evet,0.995115,0.003208,0.001678
395,396,brain_tumor_figshare/396.mat,114018,2,0,Meningiom,0,Meningiom,evet,0.530988,0.001417,0.467596
396,397,brain_tumor_figshare/397.mat,114018,2,0,Meningiom,0,Meningiom,evet,0.863732,0.000323,0.135945
397,398,brain_tumor_figshare/398.mat,114018,2,0,Meningiom,0,Meningiom,evet,0.994256,0.001242,0.004502
398,399,brain_tumor_figshare/399.mat,114359,2,0,Meningiom,0,Meningiom,evet,0.996721,0.003236,4.3e-05
399,400,brain_tumor_figshare/400.mat,114359,2,0,Meningiom,0,Meningiom,evet,0.994194,0.005657,0.000148
400,401,brain_tumor_figshare/401.mat,114359,2,0,Meningiom,0,Meningiom,evet,0.999843,0.000136,2.2e-05
401,402,brain_tumor_figshare/402.mat,114359,2,0,Meningiom,0,Meningiom,evet,0.997476,0.000888,0.001637
402,403,brain_tumor_figshare/403.mat,114359,2,0,Meningiom,0,Meningiom,evet,0.998654,0.001281,6.4e-05
403,404,brain_tumor_figshare/404.mat,114359,2,0,Meningiom,1,Gliom,hayır,0.26337,0.733488,0.003143
404,405,brain_tumor_figshare/405.mat,97607,1,0,Meningiom,0,Meningiom,evet,0.999991,6e-06,3e-06
405,406,brain_tumor_figshare/406.mat,97607,1,0,Meningiom,0,Meningiom,evet,0.999975,7e-06,1.8e-05
406,407,brain_tumor_figshare/407.mat,97607,1,0,Meningiom,0,Meningiom,evet,0.999999,1e-06,0.0
407,408,brain_tumor_figshare/408.mat,97737,1,0,Meningiom,0,Meningiom,evet,0.999899,6e-06,9.4e-05
408,409,brain_tumor_figshare/409.mat,97737,1,0,Meningiom,0,Meningiom,evet,0.999984,4e-06,1.2e-05
409,410,brain_tumor_figshare/410.mat,97737,1,0,Meningiom,0,Meningiom,evet,0.99999,1e-06,9e-06
410,411,brain_tumor_figshare/411.mat,97737,1,0,Meningiom,0,Meningiom,evet,0.999994,1e-06,5e-06
411,412,brain_tumor_figshare/412.mat,97737,1,0,Meningiom,0,Meningiom,evet,1.0,0.0,0.0
412,413,brain_tumor_figshare/413.mat,97737,1,0,Meningiom,0,Meningiom,evet,0.999988,0.0,1.1e-05
413,414,brain_tumor_figshare/414.mat,97875,4,0,Meningiom,2,Hipofiz tümörü,hayır,0.027542,0.000297,0.972161
414,415,brain_tumor_figshare/415.mat,97875,4,0,Meningiom,2,Hipofiz tümörü,hayır,0.041543,0.000101,0.958355
415,416,brain_tumor_figshare/416.mat,97875,4,0,Meningiom,2,Hipofiz tümörü,hayır,0.118281,4.4e-05,0.881675
416,417,brain_tumor_figshare/417.mat,97875,4,0,Meningiom,2,Hipofiz tümörü,hayır,0.426002,0.000818,0.57318
417,418,brain_tumor_figshare/418.mat,97943,3,0,Meningiom,0,Meningiom,evet,0.999996,3e-06,1e-06
418,419,brain_tumor_figshare/419.mat,97943,3,0,Meningiom,0,Meningiom,evet,0.999963,1.4e-05,2.3e-05
419,420,brain_tumor_figshare/420.mat,97943,3,0,Meningiom,0,Meningiom,evet,0.999961,1.5e-05,2.4e-05
420,421,brain_tumor_figshare/421.mat,97943,3,0,Meningiom,0,Meningiom,evet,0.999967,3e-05,3e-06
421,422,brain_tumor_figshare/422.mat,97943,3,0,Meningiom,0,Meningiom,evet,0.811402,0.188578,2.1e-05
422,423,brain_tumor_figshare/423.mat,98241,2,0,Meningiom,0,Meningiom,evet,0.99939,1.8e-05,0.000592
423,424,brain_tumor_figshare/424.mat,98241,2,0,Meningiom,0,Meningiom,evet,0.996481,5.5e-05,0.003465
424,425,brain_tumor_figshare/425.mat,98241,2,0,Meningiom,0,Meningiom,evet,0.99832,1.6e-05,0.001664
425,426,brain_tumor_figshare/426.mat,98241,2,0,Meningiom,0,Meningiom,evet,0.995746,2e-05,0.004234
426,427,brain_tumor_figshare/427.mat,98241,2,0,Meningiom,0,Meningiom,evet,0.99778,1.8e-05,0.002202
427,428,brain_tumor_figshare/428.mat,98241,2,0,Meningiom,0,Meningiom,evet,0.995053,0.000185,0.004762
428,429,brain_tumor_figshare/429.mat,98241,2,0,Meningiom,0,Meningiom,evet,0.974521,0.000502,0.024977
429,430,brain_tumor_figshare/430.mat,99017,1,0,Meningiom,0,Meningiom,evet,0.962863,0.034062,0.003075
430,431,brain_tumor_figshare/431.mat,99017,1,0,Meningiom,0,Meningiom,evet,0.816064,0.17843,0.005505
431,432,brain_tumor_figshare/432.mat,99089,5,0,Meningiom,0,Meningiom,evet,0.993672,8.1e-05,0.006247
432,433,brain_tumor_figshare/433.mat,99089,5,0,Meningiom,0,Meningiom,evet,0.999813,1.4e-05,0.000173
433,434,brain_tumor_figshare/434.mat,99089,5,0,Meningiom,0,Meningiom,evet,0.998938,0.000274,0.000788
434,435,brain_tumor_figshare/435.mat,99089,5,0,Meningiom,0,Meningiom,evet,0.99652,0.000286,0.003194
435,436,brain_tumor_figshare/436.mat,99089,5,0,Meningiom,0,Meningiom,evet,0.977072,0.000321,0.022607
436,437,brain_tumor_figshare/437.mat,99288,2,0,Meningiom,0,Meningiom,evet,0.99638,0.002022,0.001599
437,438,brain_tumor_figshare/438.mat,99308,2,0,Meningiom,1,Gliom,hayır,0.367317,0.614367,0.018316
438,439,brain_tumor_figshare/439.mat,99308,2,0,Meningiom,0,Meningiom,evet,0.976626,0.018752,0.004622
439,440,brain_tumor_figshare/440.mat,99308,2,0,Meningiom,0,Meningiom,evet,0.924415,0.032429,0.043156
440,441,brain_tumor_figshare/441.mat,99308,2,0,Meningiom,0,Meningiom,evet,0.78718,0.17554,0.03728
441,442,brain_tumor_figshare/442.mat,100360,5,0,Meningiom,0,Meningiom,evet,0.997818,0.001688,0.000495
442,443,brain_tumor_figshare/443.mat,100360,5,0,Meningiom,0,Meningiom,evet,0.973627,0.002661,0.023712
443,444,brain_tumor_figshare/444.mat,100360,5,0,Meningiom,0,Meningiom,evet,0.817128,0.147195,0.035677
444,445,brain_tumor_figshare/445.mat,100360,5,0,Meningiom,0,Meningiom,evet,0.981717,0.002369,0.015914
445,446,brain_tumor_figshare/446.mat,100360,5,0,Meningiom,0,Meningiom,evet,0.839045,0.037155,0.123801
446,447,brain_tumor_figshare/447.mat,100360,5,0,Meningiom,0,Meningiom,evet,0.930179,0.009254,0.060567
447,448,brain_tumor_figshare/448.mat,100572,3,0,Meningiom,2,Hipofiz tümörü,hayır,0.184361,0.001473,0.814166
448,449,brain_tumor_figshare/449.mat,100572,3,0,Meningiom,2,Hipofiz tümörü,hayır,0.026318,0.012443,0.961239
449,450,brain_tumor_figshare/450.mat,100639,3,0,Meningiom,0,Meningiom,evet,0.999746,0.000142,0.000112
450,451,brain_tumor_figshare/451.mat,100639,3,0,Meningiom,0,Meningiom,evet,0.998321,0.000104,0.001575
451,452,brain_tumor_figshare/452.mat,100920,4,0,Meningiom,0,Meningiom,evet,0.999768,0.000204,2.8e-05
452,453,brain_tumor_figshare/453.mat,100920,4,0,Meningiom,0,Meningiom,evet,0.999688,9.7e-05,0.000215
453,454,brain_tumor_figshare/454.mat,100920,4,0,Meningiom,0,Meningiom,evet,0.940413,0.051058,0.008528
454,455,brain_tumor_figshare/455.mat,101016,4,0,Meningiom,0,Meningiom,evet,0.999998,1e-06,1e-06
455,456,brain_tumor_figshare/456.mat,101016,4,0,Meningiom,0,Meningiom,evet,0.999998,0.0,2e-06
456,457,brain_tumor_figshare/457.mat,101016,4,0,Meningiom,0,Meningiom,evet,0.999999,0.0,1e-06
457,458,brain_tumor_figshare/458.mat,101016,4,0,Meningiom,0,Meningiom,evet,0.999996,4e-06,0.0
458,459,brain_tumor_figshare/459.mat,101082,4,0,Meningiom,0,Meningiom,evet,0.999891,0.000107,1e-06
459,460,brain_tumor_figshare/460.mat,101082,4,0,Meningiom,0,Meningiom,evet,0.999982,1.6e-05,2e-06
460,461,brain_tumor_figshare/461.mat,101127,4,0,Meningiom,0,Meningiom,evet,0.897002,0.010296,0.092702
461,462,brain_tumor_figshare/462.mat,101127,4,0,Meningiom,2,Hipofiz tümörü,hayır,0.355926,0.016747,0.627327
462,463,brain_tumor_figshare/463.mat,101127,4,0,Meningiom,0,Meningiom,evet,0.92436,0.001033,0.074607
463,464,brain_tumor_figshare/464.mat,101127,4,0,Meningiom,0,Meningiom,evet,0.911299,0.016169,0.072533
464,465,brain_tumor_figshare/465.mat,101797,5,0,Meningiom,0,Meningiom,evet,0.998845,0.000666,0.000489
465,466,brain_tumor_figshare/466.mat,101797,5,0,Meningiom,0,Meningiom,evet,0.999533,0.000112,0.000355
466,467,brain_tumor_figshare/467.mat,101797,5,0,Meningiom,0,Meningiom,evet,0.999864,5.7e-05,7.9e-05
467,468,brain_tumor_figshare/468.mat,101797,5,0,Meningiom,0,Meningiom,evet,0.998566,6.2e-05,0.001373
468,469,brain_tumor_figshare/469.mat,101797,5,0,Meningiom,0,Meningiom,evet,0.997481,0.002405,0.000114
469,470,brain_tumor_figshare/470.mat,101797,5,0,Meningiom,0,Meningiom,evet,0.992022,0.005045,0.002932
470,471,brain_tumor_figshare/471.mat,101801,3,0,Meningiom,0,Meningiom,evet,0.999617,3.6e-05,0.000347
471,472,brain_tumor_figshare/472.mat,101801,3,0,Meningiom,0,Meningiom,evet,0.963412,5.4e-05,0.036534
472,473,brain_tumor_figshare/473.mat,101801,3,0,Meningiom,0,Meningiom,evet,0.98576,1.7e-05,0.014223
473,474,brain_tumor_figshare/474.mat,102420,1,0,Meningiom,0,Meningiom,evet,0.99741,0.001215,0.001374
474,475,brain_tumor_figshare/475.mat,102420,1,0,Meningiom,0,Meningiom,evet,0.975175,0.000665,0.02416
475,476,brain_tumor_figshare/476.mat,102446,3,0,Meningiom,0,Meningiom,evet,0.999937,2.7e-05,3.6e-05
476,477,brain_tumor_figshare/477.mat,102446,3,0,Meningiom,0,Meningiom,evet,0.99811,0.00114,0.00075
477,478,brain_tumor_figshare/478.mat,102675,1,0,Meningiom,0,Meningiom,evet,0.636097,0.361729,0.002174
478,479,brain_tumor_figshare/479.mat,102675,1,0,Meningiom,0,Meningiom,evet,0.834915,0.155688,0.009397
479,480,brain_tumor_figshare/480.mat,102714,5,0,Meningiom,0,Meningiom,evet,0.999869,3.4e-05,9.7e-05
480,481,brain_tumor_figshare/481.mat,102714,5,0,Meningiom,0,Meningiom,evet,0.999823,9e-06,0.000169
481,482,brain_tumor_figshare/482.mat,102714,5,0,Meningiom,0,Meningiom,evet,0.987447,0.000883,0.01167
482,483,brain_tumor_figshare/483.mat,102714,5,0,Meningiom,0,Meningiom,evet,0.995493,0.001209,0.003297
483,484,brain_tumor_figshare/484.mat,102714,5,0,Meningiom,1,Gliom,hayır,0.217271,0.732946,0.049783
484,485,brain_tumor_figshare/485.mat,102818,2,0,Meningiom,0,Meningiom,evet,0.999216,0.000548,0.000236
485,486,brain_tumor_figshare/486.mat,102818,2,0,Meningiom,0,Meningiom,evet,0.975106,0.00461,0.020284
486,487,brain_tumor_figshare/487.mat,102818,2,0,Meningiom,0,Meningiom,evet,0.858747,0.013749,0.127504
487,488,brain_tumor_figshare/488.mat,102818,2,0,Meningiom,2,Hipofiz tümörü,hayır,0.009461,0.002313,0.988225
488,489,brain_tumor_figshare/489.mat,102935,1,0,Meningiom,0,Meningiom,evet,0.980644,0.016765,0.00259
489,490,brain_tumor_figshare/490.mat,102960,3,0,Meningiom,1,Gliom,hayır,0.01758,0.981707,0.000713
490,491,brain_tumor_figshare/491.mat,102960,3,0,Meningiom,1,Gliom,hayır,0.237366,0.734525,0.028109
491,492,brain_tumor_figshare/492.mat,102960,3,0,Meningiom,1,Gliom,hayır,0.020861,0.965618,0.013522
492,493,brain_tumor_figshare/493.mat,102960,3,0,Meningiom,0,Meningiom,evet,0.908747,0.083766,0.007487
493,494,brain_tumor_figshare/494.mat,102960,3,0,Meningiom,1,Gliom,hayır,0.336555,0.600599,0.062846
494,495,brain_tumor_figshare/495.mat,102985,4,0,Meningiom,0,Meningiom,evet,0.993366,0.003199,0.003435
495,496,brain_tumor_figshare/496.mat,103673,5,0,Meningiom,2,Hipofiz tümörü,hayır,0.0,0.0,1.0
496,497,brain_tumor_figshare/497.mat,103673,5,0,Meningiom,2,Hipofiz tümörü,hayır,3e-06,0.0,0.999997
497,498,brain_tumor_figshare/498.mat,103673,5,0,Meningiom,2,Hipofiz tümörü,hayır,0.00032,1e-06,0.99968
498,499,brain_tumor_figshare/499.mat,103673,5,0,Meningiom,2,Hipofiz tümörü,hayır,4.6e-05,0.0,0.999954
499,500,brain_tumor_figshare/500.mat,103673,5,0,Meningiom,2,Hipofiz tümörü,hayır,1e-06,0.0,0.999999
500,501,brain_tumor_figshare/501.mat,103925,4,0,Meningiom,0,Meningiom,evet,0.563304,0.006266,0.430431
501,502,brain_tumor_figshare/502.mat,103925,4,0,Meningiom,0,Meningiom,evet,0.970917,0.006095,0.022988
502,503,brain_tumor_figshare/503.mat,103925,4,0,Meningiom,0,Meningiom,evet,0.99971,7.8e-05,0.000212
503,504,brain_tumor_figshare/504.mat,103925,4,0,Meningiom,0,Meningiom,evet,0.97532,0.009386,0.015294
504,505,brain_tumor_figshare/505.mat,104167,3,0,Meningiom,0,Meningiom,evet,0.999199,0.00076,4e-05
505,506,brain_tumor_figshare/506.mat,104167,3,0,Meningiom,0,Meningiom,evet,0.999817,7.6e-05,0.000107
506,507,brain_tumor_figshare/507.mat,104167,3,0,Meningiom,0,Meningiom,evet,0.999968,2.7e-05,6e-06
507,508,brain_tumor_figshare/508.mat,104167,3,0,Meningiom,0,Meningiom,evet,0.999998,1e-06,1e-06
508,509,brain_tumor_figshare/509.mat,104167,3,0,Meningiom,0,Meningiom,evet,0.99998,1.7e-05,3e-06
509,510,brain_tumor_figshare/510.mat,104281,3,0,Meningiom,0,Meningiom,evet,0.999957,3e-05,1.2e-05
510,511,brain_tumor_figshare/511.mat,104281,3,0,Meningiom,0,Meningiom,evet,0.999936,4.1e-05,2.3e-05
511,512,brain_tumor_figshare/512.mat,104281,3,0,Meningiom,0,Meningiom,evet,0.999975,1.4e-05,1.1e-05
512,513,brain_tumor_figshare/513.mat,104281,3,0,Meningiom,0,Meningiom,evet,0.999992,6e-06,2e-06
513,514,brain_tumor_figshare/514.mat,104695,4,0,Meningiom,0,Meningiom,evet,0.956105,0.043867,2.8e-05
514,515,brain_tumor_figshare/515.mat,104695,4,0,Meningiom,0,Meningiom,evet,0.999933,6e-05,7e-06
515,516,brain_tumor_figshare/516.mat,104695,4,0,Meningiom,0,Meningiom,evet,0.999979,1.6e-05,6e-06
516,517,brain_tumor_figshare/517.mat,105374,4,0,Meningiom,0,Meningiom,evet,0.999915,8e-05,5e-06
517,518,brain_tumor_figshare/518.mat,105555,5,0,Meningiom,0,Meningiom,evet,0.559127,0.415468,0.025404
518,519,brain_tumor_figshare/519.mat,105555,5,0,Meningiom,0,Meningiom,evet,0.909606,0.041196,0.049198
519,520,brain_tumor_figshare/520.mat,105937,1,0,Meningiom,0,Meningiom,evet,0.995226,8e-06,0.004766
520,521,brain_tumor_figshare/521.mat,105937,1,0,Meningiom,0,Meningiom,evet,0.999317,1e-06,0.000683
521,522,brain_tumor_figshare/522.mat,105937,1,0,Meningiom,0,Meningiom,evet,0.99974,4e-06,0.000257
522,523,brain_tumor_figshare/523.mat,106284,2,0,Meningiom,2,Hipofiz tümörü,hayır,0.029923,0.000632,0.969445
523,524,brain_tumor_figshare/524.mat,106284,2,0,Meningiom,2,Hipofiz tümörü,hayır,0.07719,5.2e-05,0.922758
524,525,brain_tumor_figshare/525.mat,106284,2,0,Meningiom,2,Hipofiz tümörü,hayır,0.238593,0.001245,0.760162
525,526,brain_tumor_figshare/526.mat,106284,2,0,Meningiom,0,Meningiom,evet,0.948133,0.001029,0.050837
526,527,brain_tumor_figshare/527.mat,106442,1,0,Meningiom,0,Meningiom,evet,0.999745,0.000179,7.6e-05
527,528,brain_tumor_figshare/528.mat,106442,1,0,Meningiom,0,Meningiom,evet,0.999768,0.000195,3.7e-05
528,529,brain_tumor_figshare/529.mat,106442,1,0,Meningiom,0,Meningiom,evet,0.999952,2e-05,2.8e-05
529,530,brain_tumor_figshare/530.mat,106534,4,0,Meningiom,0,Meningiom,evet,0.985688,0.011294,0.003019
530,531,brain_tumor_figshare/531.mat,106534,4,0,Meningiom,0,Meningiom,evet,0.9853,0.012224,0.002476
531,532,brain_tumor_figshare/532.mat,106592,4,0,Meningiom,0,Meningiom,evet,0.999963,2.5e-05,1.1e-05
532,533,brain_tumor_figshare/533.mat,106665,3,0,Meningiom,0,Meningiom,evet,0.999044,0.000942,1.4e-05
533,534,brain_tumor_figshare/534.mat,106665,3,0,Meningiom,0,Meningiom,evet,0.999621,0.000371,8e-06
534,535,brain_tumor_figshare/535.mat,106665,3,0,Meningiom,0,Meningiom,evet,0.999971,2.6e-05,4e-06
535,536,brain_tumor_figshare/536.mat,106665,3,0,Meningiom,0,Meningiom,evet,0.999531,0.000211,0.000258
536,537,brain_tumor_figshare/537.mat,106665,3,0,Meningiom,0,Meningiom,evet,0.999877,2.3e-05,0.0001
537,538,brain_tumor_figshare/538.mat,106665,3,0,Meningiom,0,Meningiom,evet,0.998537,0.000223,0.00124
538,539,brain_tumor_figshare/539.mat,106665,3,0,Meningiom,0,Meningiom,evet,0.999656,1.6e-05,0.000328
539,540,brain_tumor_figshare/540.mat,106720,1,0,Meningiom,0,Meningiom,evet,0.995894,0.002707,0.001399
540,541,brain_tumor_figshare/541.mat,106720,1,0,Meningiom,0,Meningiom,evet,0.999846,0.000126,2.8e-05
541,542,brain_tumor_figshare/542.mat,106720,1,0,Meningiom,0,Meningiom,evet,0.999982,5e-06,1.3e-05
542,543,brain_tumor_figshare/543.mat,106914,2,0,Meningiom,0,Meningiom,evet,0.991359,0.002798,0.005843
543,544,brain_tumor_figshare/544.mat,106914,2,0,Meningiom,0,Meningiom,evet,0.998523,0.000868,0.000609
544,545,brain_tumor_figshare/545.mat,106914,2,0,Meningiom,0,Meningiom,evet,0.997902,0.002076,2.2e-05
545,546,brain_tumor_figshare/546.mat,106914,2,0,Meningiom,0,Meningiom,evet,0.998781,0.001043,0.000176
546,547,brain_tumor_figshare/547.mat,106914,2,0,Meningiom,0,Meningiom,evet,0.779275,0.220253,0.000472
547,548,brain_tumor_figshare/548.mat,106914,2,0,Meningiom,0,Meningiom,evet,0.99982,0.000152,2.8e-05
548,549,brain_tumor_figshare/549.mat,106914,2,0,Meningiom,0,Meningiom,evet,0.995098,0.004649,0.000252
549,550,brain_tumor_figshare/550.mat,107190,5,0,Meningiom,0,Meningiom,evet,0.984208,0.000315,0.015477
550,551,brain_tumor_figshare/551.mat,107248,5,0,Meningiom,0,Meningiom,evet,0.971084,0.003052,0.025864
551,552,brain_tumor_figshare/552.mat,107248,5,0,Meningiom,2,Hipofiz tümörü,hayır,0.129622,0.003253,0.867126
552,553,brain_tumor_figshare/553.mat,107248,5,0,Meningiom,2,Hipofiz tümörü,hayır,0.071124,0.001082,0.927793
553,554,brain_tumor_figshare/554.mat,107248,5,0,Meningiom,0,Meningiom,evet,0.749849,0.097306,0.152845
554,555,brain_tumor_figshare/555.mat,107248,5,0,Meningiom,0,Meningiom,evet,0.997037,0.000354,0.002609
555,556,brain_tumor_figshare/556.mat,107494,4,0,Meningiom,0,Meningiom,evet,0.994501,0.0046,0.000899
556,557,brain_tumor_figshare/557.mat,107494,4,0,Meningiom,0,Meningiom,evet,0.995328,0.004139,0.000533
557,558,brain_tumor_figshare/558.mat,107494,4,0,Meningiom,2,Hipofiz tümörü,hayır,0.266098,0.000344,0.733557
558,559,brain_tumor_figshare/559.mat,107494,4,0,Meningiom,2,Hipofiz tümörü,hayır,0.452499,0.023699,0.523801
559,560,brain_tumor_figshare/560.mat,107946,2,0,Meningiom,1,Gliom,hayır,0.031162,0.968645,0.000193
560,561,brain_tumor_figshare/561.mat,107946,2,0,Meningiom,1,Gliom,hayır,0.001098,0.998786,0.000116
561,562,brain_tumor_figshare/562.mat,107946,2,0,Meningiom,1,Gliom,hayır,0.009423,0.989698,0.000879
562,563,brain_tumor_figshare/563.mat,107946,2,0,Meningiom,0,Meningiom,evet,0.716237,0.282946,0.000817
563,564,brain_tumor_figshare/564.mat,108514,5,0,Meningiom,0,Meningiom,evet,0.936711,0.053699,0.009591
564,565,brain_tumor_figshare/565.mat,108514,5,0,Meningiom,0,Meningiom,evet,0.999244,0.000258,0.000499
565,566,brain_tumor_figshare/566.mat,108514,5,0,Meningiom,0,Meningiom,evet,0.99884,0.000595,0.000565
566,567,brain_tumor_figshare/567.mat,108514,5,0,Meningiom,0,Meningiom,evet,0.999787,0.000104,0.000109
567,568,brain_tumor_figshare/568.mat,108514,5,0,Meningiom,0,Meningiom,evet,0.93539,0.064363,0.000247
568,569,brain_tumor_figshare/569.mat,108550,5,0,Meningiom,0,Meningiom,evet,0.999922,5.1e-05,2.6e-05
569,570,brain_tumor_figshare/570.mat,108550,5,0,Meningiom,0,Meningiom,evet,0.998003,0.001453,0.000544
570,571,brain_tumor_figshare/571.mat,108590,3,0,Meningiom,0,Meningiom,evet,0.98782,3e-05,0.012151
571,572,brain_tumor_figshare/572.mat,108590,3,0,Meningiom,0,Meningiom,evet,0.998814,0.000778,0.000408
572,573,brain_tumor_figshare/573.mat,108945,4,0,Meningiom,0,Meningiom,evet,0.967711,0.032219,7e-05
573,574,brain_tumor_figshare/574.mat,108945,4,0,Meningiom,0,Meningiom,evet,0.822267,0.177062,0.000671
574,575,brain_tumor_figshare/575.mat,108945,4,0,Meningiom,0,Meningiom,evet,0.996189,0.003603,0.000207
575,576,brain_tumor_figshare/576.mat,108945,4,0,Meningiom,0,Meningiom,evet,0.587394,0.402592,0.010014
576,577,brain_tumor_figshare/577.mat,109350,5,0,Meningiom,0,Meningiom,evet,0.993783,0.000157,0.00606
577,578,brain_tumor_figshare/578.mat,109350,5,0,Meningiom,0,Meningiom,evet,0.853752,0.000874,0.145375
578,579,brain_tumor_figshare/579.mat,109411,3,0,Meningiom,0,Meningiom,evet,0.984094,0.014698,0.001208
579,580,brain_tumor_figshare/580.mat,109968,3,0,Meningiom,0,Meningiom,evet,0.999982,2e-06,1.6e-05
580,581,brain_tumor_figshare/581.mat,109968,3,0,Meningiom,0,Meningiom,evet,0.999986,1e-06,1.4e-05
581,582,brain_tumor_figshare/582.mat,109968,3,0,Meningiom,0,Meningiom,evet,0.996153,0.000266,0.003581
582,583,brain_tumor_figshare/583.mat,109968,3,0,Meningiom,0,Meningiom,evet,0.999753,2e-06,0.000245
583,584,brain_tumor_figshare/584.mat,110808,1,0,Meningiom,0,Meningiom,evet,0.971005,0.000628,0.028367
584,585,brain_tumor_figshare/585.mat,110808,1,0,Meningiom,0,Meningiom,evet,0.995511,0.003346,0.001143
585,586,brain_tumor_figshare/586.mat,111077,2,0,Meningiom,0,Meningiom,evet,0.975372,0.00826,0.016368
586,587,brain_tumor_figshare/587.mat,111077,2,0,Meningiom,0,Meningiom,evet,0.996214,0.000433,0.003353
587,588,brain_tumor_figshare/588.mat,111077,2,0,Meningiom,0,Meningiom,evet,0.998264,0.000383,0.001353
588,589,brain_tumor_figshare/589.mat,111366,3,0,Meningiom,1,Gliom,hayır,0.114296,0.882097,0.003607
589,590,brain_tumor_figshare/590.mat,111366,3,0,Meningiom,0,Meningiom,evet,0.980773,0.013412,0.005815
590,591,brain_tumor_figshare/591.mat,111366,3,0,Meningiom,0,Meningiom,evet,0.977046,0.003597,0.019357
591,592,brain_tumor_figshare/592.mat,111366,3,0,Meningiom,0,Meningiom,evet,0.998737,0.000631,0.000632
592,593,brain_tumor_figshare/593.mat,111532,1,0,Meningiom,0,Meningiom,evet,0.999907,3.8e-05,5.5e-05
593,594,brain_tumor_figshare/594.mat,111532,1,0,Meningiom,0,Meningiom,evet,0.999852,0.000102,4.6e-05
594,595,brain_tumor_figshare/595.mat,111532,1,0,Meningiom,0,Meningiom,evet,0.999629,2.2e-05,0.00035
595,596,brain_tumor_figshare/596.mat,111696,1,0,Meningiom,0,Meningiom,evet,0.985855,0.005935,0.008209
596,597,brain_tumor_figshare/597.mat,111710,4,0,Meningiom,0,Meningiom,evet,0.914155,0.085758,8.7e-05
597,598,brain_tumor_figshare/598.mat,111710,4,0,Meningiom,0,Meningiom,evet,0.994451,0.005522,2.8e-05
598,599,brain_tumor_figshare/599.mat,112002,2,0,Meningiom,1,Gliom,hayır,0.004706,0.985987,0.009307
599,600,brain_tumor_figshare/600.mat,112002,2,0,Meningiom,1,Gliom,hayır,0.017466,0.967585,0.01495
600,601,brain_tumor_figshare/601.mat,112002,2,0,Meningiom,1,Gliom,hayır,0.031019,0.76456,0.204421
601,602,brain_tumor_figshare/602.mat,112002,2,0,Meningiom,0,Meningiom,evet,0.472201,0.245716,0.282082
602,603,brain_tumor_figshare/603.mat,112062,4,0,Meningiom,0,Meningiom,evet,0.99901,0.000988,2e-06
603,604,brain_tumor_figshare/604.mat,112062,4,0,Meningiom,0,Meningiom,evet,0.999998,1e-06,0.0
604,605,brain_tumor_figshare/605.mat,112062,4,0,Meningiom,0,Meningiom,evet,0.999999,0.0,0.0
605,606,brain_tumor_figshare/606.mat,112252,1,0,Meningiom,0,Meningiom,evet,0.999431,2.8e-05,0.000541
606,607,brain_tumor_figshare/607.mat,112252,1,0,Meningiom,0,Meningiom,evet,0.99757,1.3e-05,0.002417
607,608,brain_tumor_figshare/608.mat,112552,2,0,Meningiom,0,Meningiom,evet,0.815736,0.180256,0.004008
608,609,brain_tumor_figshare/609.mat,112552,2,0,Meningiom,0,Meningiom,evet,0.955397,0.041153,0.00345
609,610,brain_tumor_figshare/610.mat,112552,2,0,Meningiom,0,Meningiom,evet,0.986108,0.011514,0.002379
610,611,brain_tumor_figshare/611.mat,112552,2,0,Meningiom,0,Meningiom,evet,0.999892,9.2e-05,1.6e-05
611,612,brain_tumor_figshare/612.mat,112552,2,0,Meningiom,0,Meningiom,evet,0.999946,3e-05,2.5e-05
612,613,brain_tumor_figshare/613.mat,112552,2,0,Meningiom,0,Meningiom,evet,0.999859,6e-05,8.1e-05
613,614,brain_tumor_figshare/614.mat,112552,2,0,Meningiom,0,Meningiom,evet,0.999132,0.000834,3.3e-05
614,615,brain_tumor_figshare/615.mat,112648,3,0,Meningiom,0,Meningiom,evet,0.898374,0.101511,0.000115
615,616,brain_tumor_figshare/616.mat,112648,3,0,Meningiom,0,Meningiom,evet,0.999637,0.000315,4.8e-05
616,617,brain_tumor_figshare/617.mat,112648,3,0,Meningiom,0,Meningiom,evet,0.98312,0.016757,0.000123
617,618,brain_tumor_figshare/618.mat,112648,3,0,Meningiom,0,Meningiom,evet,0.991508,0.007913,0.000579
618,619,brain_tumor_figshare/619.mat,112650,3,0,Meningiom,1,Gliom,hayır,0.006286,0.993403,0.000311
619,620,brain_tumor_figshare/620.mat,112650,3,0,Meningiom,1,Gliom,hayır,0.018106,0.980459,0.001435
620,621,brain_tumor_figshare/621.mat,113098,1,0,Meningiom,0,Meningiom,evet,0.990847,0.000201,0.008952
621,622,brain_tumor_figshare/622.mat,113098,1,0,Meningiom,0,Meningiom,evet,0.992822,0.001342,0.005836
622,623,brain_tumor_figshare/623.mat,113098,1,0,Meningiom,1,Gliom,hayır,0.063205,0.936425,0.00037
623,624,brain_tumor_figshare/624.mat,113098,1,0,Meningiom,1,Gliom,hayır,0.004897,0.994867,0.000235
624,625,brain_tumor_figshare/625.mat,113435,5,0,Meningiom,0,Meningiom,evet,0.999795,8.6e-05,0.00012
625,626,brain_tumor_figshare/626.mat,113435,5,0,Meningiom,0,Meningiom,evet,0.999339,6.3e-05,0.000598
626,627,brain_tumor_figshare/627.mat,113435,5,0,Meningiom,0,Meningiom,evet,0.999802,3.1e-05,0.000167
627,628,brain_tumor_figshare/628.mat,113435,5,0,Meningiom,0,Meningiom,evet,0.990737,0.001639,0.007624
628,629,brain_tumor_figshare/629.mat,113435,5,0,Meningiom,0,Meningiom,evet,0.989683,0.008636,0.001682
629,630,brain_tumor_figshare/630.mat,113435,5,0,Meningiom,0,Meningiom,evet,0.99981,2e-05,0.00017
630,631,brain_tumor_figshare/631.mat,113554,5,0,Meningiom,0,Meningiom,evet,0.99998,4e-06,1.6e-05
631,632,brain_tumor_figshare/632.mat,113554,5,0,Meningiom,0,Meningiom,evet,0.999908,1e-06,9.1e-05
632,633,brain_tumor_figshare/633.mat,113554,5,0,Meningiom,0,Meningiom,evet,0.999834,1e-06,0.000165
633,634,brain_tumor_figshare/634.mat,113554,5,0,Meningiom,0,Meningiom,evet,0.999535,2.1e-05,0.000445
634,635,brain_tumor_figshare/635.mat,113614,4,0,Meningiom,0,Meningiom,evet,0.858071,0.140713,0.001216
635,636,brain_tumor_figshare/636.mat,113614,4,0,Meningiom,0,Meningiom,evet,0.999519,0.000283,0.000197
636,637,brain_tumor_figshare/637.mat,113614,4,0,Meningiom,0,Meningiom,evet,0.999932,6e-05,8e-06
637,638,brain_tumor_figshare/638.mat,113614,4,0,Meningiom,0,Meningiom,evet,0.834562,0.165291,0.000148
638,639,brain_tumor_figshare/639.mat,113805,2,0,Meningiom,0,Meningiom,evet,0.999753,0.000114,0.000133
639,640,brain_tumor_figshare/640.mat,113971,5,0,Meningiom,0,Meningiom,evet,0.882262,0.062689,0.055049
640,641,brain_tumor_figshare/641.mat,113971,5,0,Meningiom,0,Meningiom,evet,0.504211,0.064256,0.431533
641,642,brain_tumor_figshare/642.mat,114018,2,0,Meningiom,0,Meningiom,evet,0.998087,0.000179,0.001734
642,643,brain_tumor_figshare/643.mat,114018,2,0,Meningiom,0,Meningiom,evet,0.999918,5e-06,7.7e-05
643,644,brain_tumor_figshare/644.mat,114018,2,0,Meningiom,0,Meningiom,evet,0.997764,4.2e-05,0.002195
644,645,brain_tumor_figshare/645.mat,114018,2,0,Meningiom,0,Meningiom,evet,0.97798,0.000441,0.02158
645,646,brain_tumor_figshare/646.mat,114018,2,0,Meningiom,0,Meningiom,evet,0.997581,0.000253,0.002166
646,647,brain_tumor_figshare/647.mat,114018,2,0,Meningiom,0,Meningiom,evet,0.997529,6.9e-05,0.002402
647,648,brain_tumor_figshare/648.mat,114359,2,0,Meningiom,0,Meningiom,evet,0.999988,1.2e-05,1e-06
648,649,brain_tumor_figshare/649.mat,114359,2,0,Meningiom,0,Meningiom,evet,0.999939,5.6e-05,6e-06
649,650,brain_tumor_figshare/650.mat,114359,2,0,Meningiom,0,Meningiom,evet,0.999757,0.000167,7.6e-05
650,651,brain_tumor_figshare/651.mat,114359,2,0,Meningiom,0,Meningiom,evet,0.999908,6.4e-05,2.8e-05
651,652,brain_tumor_figshare/652.mat,114359,2,0,Meningiom,0,Meningiom,evet,0.999201,0.000743,5.5e-05
652,653,brain_tumor_figshare/653.mat,114359,2,0,Meningiom,0,Meningiom,evet,0.999701,0.000226,7.3e-05
653,654,brain_tumor_figshare/654.mat,114359,2,0,Meningiom,0,Meningiom,evet,0.631739,0.367963,0.000299
654,655,brain_tumor_figshare/655.mat,114417,2,0,Meningiom,0,Meningiom,evet,0.922867,0.076243,0.000889
655,656,brain_tumor_figshare/656.mat,114417,2,0,Meningiom,0,Meningiom,evet,0.991968,0.006092,0.00194
656,657,brain_tumor_figshare/657.mat,114417,2,0,Meningiom,0,Meningiom,evet,0.939244,0.019167,0.041589
657,658,brain_tumor_figshare/658.mat,114417,2,0,Meningiom,2,Hipofiz tümörü,hayır,0.446811,0.022179,0.531009
658,659,brain_tumor_figshare/659.mat,97374,3,0,Meningiom,1,Gliom,hayır,0.072686,0.90124,0.026074
659,660,brain_tumor_figshare/660.mat,97374,3,0,Meningiom,0,Meningiom,evet,0.999866,5.6e-05,7.7e-05
660,661,brain_tumor_figshare/661.mat,97374,3,0,Meningiom,0,Meningiom,evet,0.999758,0.000192,5e-05
661,662,brain_tumor_figshare/662.mat,97374,3,0,Meningiom,0,Meningiom,evet,0.999336,0.000424,0.00024
662,663,brain_tumor_figshare/663.mat,97374,3,0,Meningiom,0,Meningiom,evet,0.999704,0.000194,0.000102
663,664,brain_tumor_figshare/664.mat,97607,1,0,Meningiom,0,Meningiom,evet,0.999498,8.7e-05,0.000415
664,665,brain_tumor_figshare/665.mat,97607,1,0,Meningiom,0,Meningiom,evet,0.994746,0.000157,0.005098
665,666,brain_tumor_figshare/666.mat,97607,1,0,Meningiom,0,Meningiom,evet,0.999751,9e-06,0.000241
666,667,brain_tumor_figshare/667.mat,97607,1,0,Meningiom,0,Meningiom,evet,0.998366,1.4e-05,0.001619
667,668,brain_tumor_figshare/668.mat,97737,1,0,Meningiom,0,Meningiom,evet,0.999113,1.8e-05,0.00087
668,669,brain_tumor_figshare/669.mat,97737,1,0,Meningiom,0,Meningiom,evet,0.999468,2.7e-05,0.000505
669,670,brain_tumor_figshare/670.mat,97737,1,0,Meningiom,0,Meningiom,evet,0.995469,1.4e-05,0.004517
670,671,brain_tumor_figshare/671.mat,97737,1,0,Meningiom,0,Meningiom,evet,0.999844,3e-06,0.000153
671,672,brain_tumor_figshare/672.mat,97737,1,0,Meningiom,0,Meningiom,evet,0.999988,0.0,1.2e-05
672,673,brain_tumor_figshare/673.mat,97793,3,0,Meningiom,0,Meningiom,evet,0.999987,1e-05,2e-06
673,674,brain_tumor_figshare/674.mat,97875,4,0,Meningiom,0,Meningiom,evet,0.921259,0.049378,0.029363
674,675,brain_tumor_figshare/675.mat,97943,3,0,Meningiom,0,Meningiom,evet,0.999471,0.000518,1e-05
675,676,brain_tumor_figshare/676.mat,97943,3,0,Meningiom,0,Meningiom,evet,0.999995,3e-06,2e-06
676,677,brain_tumor_figshare/677.mat,97943,3,0,Meningiom,0,Meningiom,evet,0.999997,1e-06,2e-06
677,678,brain_tumor_figshare/678.mat,97943,3,0,Meningiom,0,Meningiom,evet,0.999961,3.5e-05,5e-06
678,679,brain_tumor_figshare/679.mat,97943,3,0,Meningiom,0,Meningiom,evet,0.9997,0.000248,5.2e-05
679,680,brain_tumor_figshare/680.mat,98241,2,0,Meningiom,0,Meningiom,evet,0.999932,2.8e-05,4.1e-05
680,681,brain_tumor_figshare/681.mat,98241,2,0,Meningiom,0,Meningiom,evet,0.999886,2.9e-05,8.5e-05
681,682,brain_tumor_figshare/682.mat,98241,2,0,Meningiom,0,Meningiom,evet,0.998484,9.9e-05,0.001417
682,683,brain_tumor_figshare/683.mat,98241,2,0,Meningiom,0,Meningiom,evet,0.999821,6.1e-05,0.000119
683,684,brain_tumor_figshare/684.mat,98241,2,0,Meningiom,0,Meningiom,evet,0.99961,0.000135,0.000254
684,685,brain_tumor_figshare/685.mat,98241,2,0,Meningiom,0,Meningiom,evet,0.99049,0.000553,0.008957
685,686,brain_tumor_figshare/686.mat,99017,1,0,Meningiom,0,Meningiom,evet,0.999479,0.000365,0.000157
686,687,brain_tumor_figshare/687.mat,99017,1,0,Meningiom,0,Meningiom,evet,0.99976,0.000152,8.8e-05
687,688,brain_tumor_figshare/688.mat,99089,5,0,Meningiom,0,Meningiom,evet,0.998021,0.000452,0.001527
688,689,brain_tumor_figshare/689.mat,99089,5,0,Meningiom,0,Meningiom,evet,0.999705,1.5e-05,0.00028
689,690,brain_tumor_figshare/690.mat,99089,5,0,Meningiom,0,Meningiom,evet,0.999948,1.2e-05,3.9e-05
690,691,brain_tumor_figshare/691.mat,99089,5,0,Meningiom,0,Meningiom,evet,0.999936,3.7e-05,2.7e-05
691,692,brain_tumor_figshare/692.mat,99089,5,0,Meningiom,0,Meningiom,evet,0.99988,9.5e-05,2.5e-05
692,693,brain_tumor_figshare/693.mat,99162,1,0,Meningiom,0,Meningiom,evet,0.999995,5e-06,0.0
693,694,brain_tumor_figshare/694.mat,99162,1,0,Meningiom,0,Meningiom,evet,0.999993,3e-06,4e-06
694,695,brain_tumor_figshare/695.mat,99162,1,0,Meningiom,0,Meningiom,evet,0.998284,0.000292,0.001424
695,696,brain_tumor_figshare/696.mat,99288,2,0,Meningiom,1,Gliom,hayır,0.094642,0.889269,0.016089
696,697,brain_tumor_figshare/697.mat,99308,2,0,Meningiom,0,Meningiom,evet,0.970616,0.012288,0.017096
697,698,brain_tumor_figshare/698.mat,99308,2,0,Meningiom,0,Meningiom,evet,0.982919,0.012137,0.004944
698,699,brain_tumor_figshare/699.mat,99308,2,0,Meningiom,0,Meningiom,evet,0.983828,0.007651,0.008522
699,700,brain_tumor_figshare/700.mat,99308,2,0,Meningiom,0,Meningiom,evet,0.996586,0.002312,0.001102
700,701,brain_tumor_figshare/701.mat,99308,2,0,Meningiom,0,Meningiom,evet,0.995935,0.000544,0.00352
701,702,brain_tumor_figshare/702.mat,99308,2,0,Meningiom,0,Meningiom,evet,0.998013,0.001453,0.000534
702,703,brain_tumor_figshare/703.mat,99815,4,0,Meningiom,0,Meningiom,evet,0.999442,0.000336,0.000222
703,704,brain_tumor_figshare/704.mat,99815,4,0,Meningiom,0,Meningiom,evet,0.999998,0.0,2e-06
704,705,brain_tumor_figshare/705.mat,99815,4,0,Meningiom,0,Meningiom,evet,0.999994,0.0,5e-06
705,706,brain_tumor_figshare/706.mat,99815,4,0,Meningiom,0,Meningiom,evet,0.999966,3e-06,3.1e-05
706,707,brain_tumor_figshare/707.mat,99815,4,0,Meningiom,0,Meningiom,evet,0.999993,2e-06,5e-06
707,708,brain_tumor_figshare/708.mat,99815,4,0,Meningiom,0,Meningiom,evet,0.999994,3e-06,3e-06
708,709,brain_tumor_figshare/709.mat,105936,5,2,Hipofiz tümörü,2,Hipofiz tümörü,evet,0.0,0.0,1.0
709,710,brain_tumor_figshare/710.mat,105936,5,2,Hipofiz tümörü,2,Hipofiz tümörü,evet,0.0,0.0,1.0
710,711,brain_tumor_figshare/711.mat,105936,5,2,Hipofiz tümörü,2,Hipofiz tümörü,evet,0.0,0.0,1.0
711,712,brain_tumor_figshare/712.mat,106062,3,2,Hipofiz tümörü,2,Hipofiz tümörü,evet,3e-05,0.0,0.99997
712,713,brain_tumor_figshare/713.mat,106062,3,2,Hipofiz tümörü,2,Hipofiz tümörü,evet,0.00028,1.1e-05,0.999709
713,714,brain_tumor_figshare/714.mat,106062,3,2,Hipofiz tümörü,2,Hipofiz tümörü,evet,3.9e-05,2e-06,0.999959
714,715,brain_tumor_figshare/715.mat,100820,3,1,Gliom,1,Gliom,evet,0.237753,0.757528,0.004719
715,716,brain_tumor_figshare/716.mat,100820,3,1,Gliom,0,Meningiom,hayır,0.999506,0.000437,5.7e-05
716,717,brain_tumor_figshare/717.mat,100820,3,1,Gliom,0,Meningiom,hayır,0.955185,0.044543,0.000272
717,718,brain_tumor_figshare/718.mat,101020,3,1,Gliom,1,Gliom,evet,0.063498,0.921469,0.015033
718,719,brain_tumor_figshare/719.mat,101020,3,1,Gliom,0,Meningiom,hayır,0.644971,0.317804,0.037226
719,720,brain_tumor_figshare/720.mat,101020,3,1,Gliom,0,Meningiom,hayır,0.948327,0.038594,0.013079
720,721,brain_tumor_figshare/721.mat,101020,3,1,Gliom,0,Meningiom,hayır,0.501163,0.489701,0.009136
721,722,brain_tumor_figshare/722.mat,102075,5,1,Gliom,2,Hipofiz tümörü,hayır,0.051443,0.034412,0.914145
722,723,brain_tumor_figshare/723.mat,102075,5,1,Gliom,2,Hipofiz tümörü,hayır,0.398366,0.098541,0.503093
723,724,brain_tumor_figshare/724.mat,102075,5,1,Gliom,2,Hipofiz tümörü,hayır,0.101148,0.01077,0.888082
724,725,brain_tumor_figshare/725.mat,103148,1,1,Gliom,1,Gliom,evet,0.00514,0.834907,0.159953
725,726,brain_tumor_figshare/726.mat,103148,1,1,Gliom,1,Gliom,evet,0.002093,0.974564,0.023343
726,727,brain_tumor_figshare/727.mat,103148,1,1,Gliom,1,Gliom,evet,0.002816,0.992958,0.004225
727,728,brain_tumor_figshare/728.mat,103148,1,1,Gliom,1,Gliom,evet,0.000987,0.998227,0.000786
728,729,brain_tumor_figshare/729.mat,106494,5,1,Gliom,1,Gliom,evet,0.008698,0.988107,0.003195
729,730,brain_tumor_figshare/730.mat,106494,5,1,Gliom,1,Gliom,evet,0.024476,0.973156,0.002368
730,731,brain_tumor_figshare/731.mat,106494,5,1,Gliom,1,Gliom,evet,0.001473,0.998068,0.00046
731,732,brain_tumor_figshare/732.mat,106494,5,1,Gliom,1,Gliom,evet,0.002427,0.997126,0.000447
732,733,brain_tumor_figshare/733.mat,106494,5,1,Gliom,0,Meningiom,hayır,0.833522,0.166138,0.00034
733,734,brain_tumor_figshare/734.mat,106494,5,1,Gliom,0,Meningiom,hayır,0.993947,0.005928,0.000125
734,735,brain_tumor_figshare/735.mat,107747,5,1,Gliom,1,Gliom,evet,0.084786,0.913817,0.001397
735,736,brain_tumor_figshare/736.mat,107747,5,1,Gliom,1,Gliom,evet,0.037955,0.960893,0.001152
736,737,brain_tumor_figshare/737.mat,107747,5,1,Gliom,1,Gliom,evet,0.009819,0.989771,0.00041
737,738,brain_tumor_figshare/738.mat,107747,5,1,Gliom,1,Gliom,evet,0.052421,0.945725,0.001854
738,739,brain_tumor_figshare/739.mat,107747,5,1,Gliom,0,Meningiom,hayır,0.997671,0.001908,0.000421
739,740,brain_tumor_figshare/740.mat,112105,4,1,Gliom,1,Gliom,evet,0.021244,0.936455,0.0423
740,741,brain_tumor_figshare/741.mat,112105,4,1,Gliom,1,Gliom,evet,0.001107,0.930044,0.06885
741,742,brain_tumor_figshare/742.mat,112105,4,1,Gliom,1,Gliom,evet,0.001176,0.896605,0.102219
742,743,brain_tumor_figshare/743.mat,112105,4,1,Gliom,1,Gliom,evet,0.0043,0.721901,0.2738
743,744,brain_tumor_figshare/744.mat,112105,4,1,Gliom,1,Gliom,evet,0.006538,0.966224,0.027237
744,745,brain_tumor_figshare/745.mat,112105,4,1,Gliom,1,Gliom,evet,0.002294,0.996322,0.001383
745,746,brain_tumor_figshare/746.mat,112105,4,1,Gliom,1,Gliom,evet,0.002425,0.99613,0.001445
746,747,brain_tumor_figshare/747.mat,100820,3,1,Gliom,1,Gliom,evet,0.111726,0.88442,0.003855
747,748,brain_tumor_figshare/748.mat,100820,3,1,Gliom,1,Gliom,evet,0.016299,0.983021,0.000681
748,749,brain_tumor_figshare/749.mat,100820,3,1,Gliom,1,Gliom,evet,0.002128,0.996901,0.000971
749,750,brain_tumor_figshare/750.mat,100820,3,1,Gliom,0,Meningiom,hayır,0.973347,0.025349,0.001305
750,751,brain_tumor_figshare/751.mat,100820,3,1,Gliom,0,Meningiom,hayır,0.958893,0.038026,0.003081
751,752,brain_tumor_figshare/752.mat,100820,3,1,Gliom,0,Meningiom,hayır,0.985337,0.011646,0.003017
752,753,brain_tumor_figshare/753.mat,101020,3,1,Gliom,0,Meningiom,hayır,0.971186,0.021389,0.007425
753,754,brain_tumor_figshare/754.mat,101020,3,1,Gliom,1,Gliom,evet,0.41427,0.584375,0.001355
754,755,brain_tumor_figshare/755.mat,101020,3,1,Gliom,1,Gliom,evet,0.000125,0.999864,1.1e-05
755,756,brain_tumor_figshare/756.mat,101020,3,1,Gliom,1,Gliom,evet,0.003434,0.996531,3.5e-05
756,757,brain_tumor_figshare/757.mat,101020,3,1,Gliom,1,Gliom,evet,0.00516,0.994784,5.6e-05
757,758,brain_tumor_figshare/758.mat,101020,3,1,Gliom,1,Gliom,evet,0.002101,0.997869,2.9e-05
758,759,brain_tumor_figshare/759.mat,101020,3,1,Gliom,1,Gliom,evet,0.199497,0.800374,0.000129
759,760,brain_tumor_figshare/760.mat,101020,3,1,Gliom,0,Meningiom,hayır,0.880548,0.118192,0.001261
760,761,brain_tumor_figshare/761.mat,102075,5,1,Gliom,0,Meningiom,hayır,0.790682,0.2052,0.004119
761,762,brain_tumor_figshare/762.mat,102075,5,1,Gliom,1,Gliom,evet,0.357273,0.638522,0.004205
762,763,brain_tumor_figshare/763.mat,102075,5,1,Gliom,1,Gliom,evet,0.198886,0.798212,0.002901
763,764,brain_tumor_figshare/764.mat,103148,1,1,Gliom,1,Gliom,evet,0.007381,0.992452,0.000166
764,765,brain_tumor_figshare/765.mat,103148,1,1,Gliom,1,Gliom,evet,0.001787,0.99804,0.000173
765,766,brain_tumor_figshare/766.mat,103148,1,1,Gliom,1,Gliom,evet,0.003146,0.996674,0.00018
766,767,brain_tumor_figshare/767.mat,103148,1,1,Gliom,1,Gliom,evet,0.005844,0.993214,0.000943
767,768,brain_tumor_figshare/768.mat,106494,5,1,Gliom,1,Gliom,evet,0.011114,0.986937,0.001949
768,769,brain_tumor_figshare/769.mat,106494,5,1,Gliom,1,Gliom,evet,0.034939,0.963961,0.0011
769,770,brain_tumor_figshare/770.mat,106494,5,1,Gliom,1,Gliom,evet,0.001399,0.998414,0.000186
770,771,brain_tumor_figshare/771.mat,106494,5,1,Gliom,1,Gliom,evet,0.051379,0.947428,0.001193
771,772,brain_tumor_figshare/772.mat,106494,5,1,Gliom,1,Gliom,evet,0.017184,0.982597,0.000218
772,773,brain_tumor_figshare/773.mat,107747,5,1,Gliom,1,Gliom,evet,0.102805,0.735431,0.161765
773,774,brain_tumor_figshare/774.mat,107747,5,1,Gliom,0,Meningiom,hayır,0.998005,0.000546,0.001449
774,775,brain_tumor_figshare/775.mat,107747,5,1,Gliom,1,Gliom,evet,0.000542,0.998895,0.000563
775,776,brain_tumor_figshare/776.mat,107747,5,1,Gliom,1,Gliom,evet,0.002246,0.993925,0.00383
776,777,brain_tumor_figshare/777.mat,107747,5,1,Gliom,1,Gliom,evet,0.000935,0.998575,0.00049
777,778,brain_tumor_figshare/778.mat,107747,5,1,Gliom,1,Gliom,evet,0.008126,0.990273,0.001601
778,779,brain_tumor_figshare/779.mat,112027,3,1,Gliom,0,Meningiom,hayır,0.863954,0.134869,0.001177
779,780,brain_tumor_figshare/780.mat,112027,3,1,Gliom,1,Gliom,evet,0.00478,0.995052,0.000169
780,781,brain_tumor_figshare/781.mat,112105,4,1,Gliom,1,Gliom,evet,0.19274,0.758387,0.048872
781,782,brain_tumor_figshare/782.mat,112105,4,1,Gliom,1,Gliom,evet,0.000164,0.997562,0.002274
782,783,brain_tumor_figshare/783.mat,112105,4,1,Gliom,1,Gliom,evet,0.002863,0.9971,3.7e-05
783,784,brain_tumor_figshare/784.mat,112105,4,1,Gliom,1,Gliom,evet,0.000388,0.992661,0.006952
784,785,brain_tumor_figshare/785.mat,112105,4,1,Gliom,1,Gliom,evet,0.002701,0.989261,0.008038
785,786,brain_tumor_figshare/786.mat,112105,4,1,Gliom,1,Gliom,evet,0.00052,0.99908,0.0004
786,787,brain_tumor_figshare/787.mat,112105,4,1,Gliom,1,Gliom,evet,0.004284,0.994537,0.001179
787,788,brain_tumor_figshare/788.mat,112105,4,1,Gliom,1,Gliom,evet,0.01174,0.988138,0.000122
788,789,brain_tumor_figshare/789.mat,112105,4,1,Gliom,1,Gliom,evet,0.007245,0.992688,6.6e-05
789,790,brain_tumor_figshare/790.mat,112105,4,1,Gliom,1,Gliom,evet,0.004662,0.995289,4.9e-05
790,791,brain_tumor_figshare/791.mat,112105,4,1,Gliom,1,Gliom,evet,0.082927,0.916571,0.000503
791,792,brain_tumor_figshare/792.mat,88670,4,1,Gliom,1,Gliom,evet,0.094601,0.895615,0.009783
792,793,brain_tumor_figshare/793.mat,88670,4,1,Gliom,1,Gliom,evet,0.066455,0.931985,0.00156
793,794,brain_tumor_figshare/794.mat,88670,4,1,Gliom,1,Gliom,evet,0.012746,0.979752,0.007502
794,795,brain_tumor_figshare/795.mat,88670,4,1,Gliom,1,Gliom,evet,0.004737,0.994047,0.001215
795,796,brain_tumor_figshare/796.mat,88670,4,1,Gliom,1,Gliom,evet,0.133606,0.865909,0.000485
796,797,brain_tumor_figshare/797.mat,88670,4,1,Gliom,1,Gliom,evet,0.13971,0.860198,9.2e-05
797,798,brain_tumor_figshare/798.mat,88670,4,1,Gliom,1,Gliom,evet,0.20215,0.79733,0.00052
798,799,brain_tumor_figshare/799.mat,90284,2,1,Gliom,1,Gliom,evet,0.000102,0.998465,0.001432
799,800,brain_tumor_figshare/800.mat,90284,2,1,Gliom,1,Gliom,evet,8.4e-05,0.999621,0.000295
800,801,brain_tumor_figshare/801.mat,90284,2,1,Gliom,1,Gliom,evet,4.3e-05,0.999336,0.000622
801,802,brain_tumor_figshare/802.mat,90284,2,1,Gliom,1,Gliom,evet,0.001358,0.931608,0.067034
802,803,brain_tumor_figshare/803.mat,90284,2,1,Gliom,1,Gliom,evet,4e-05,0.997264,0.002696
803,804,brain_tumor_figshare/804.mat,90284,2,1,Gliom,1,Gliom,evet,0.000464,0.92251,0.077026
804,805,brain_tumor_figshare/805.mat,90284,2,1,Gliom,1,Gliom,evet,6e-05,0.999835,0.000106
805,806,brain_tumor_figshare/806.mat,90284,2,1,Gliom,1,Gliom,evet,0.000447,0.999335,0.000218
806,807,brain_tumor_figshare/807.mat,92897,3,1,Gliom,0,Meningiom,hayır,0.993856,0.004191,0.001953
807,808,brain_tumor_figshare/808.mat,92897,3,1,Gliom,1,Gliom,evet,0.063357,0.915643,0.021001
808,809,brain_tumor_figshare/809.mat,93825,1,1,Gliom,1,Gliom,evet,0.000452,0.999487,6.1e-05
809,810,brain_tumor_figshare/810.mat,93825,1,1,Gliom,1,Gliom,evet,0.002444,0.997463,9.2e-05
810,811,brain_tumor_figshare/811.mat,93825,1,1,Gliom,1,Gliom,evet,0.000501,0.999476,2.3e-05
811,812,brain_tumor_figshare/812.mat,97609,2,1,Gliom,1,Gliom,evet,0.00782,0.991746,0.000434
812,813,brain_tumor_figshare/813.mat,97609,2,1,Gliom,1,Gliom,evet,0.001329,0.998497,0.000174
813,814,brain_tumor_figshare/814.mat,97609,2,1,Gliom,1,Gliom,evet,0.000452,0.99946,8.8e-05
814,815,brain_tumor_figshare/815.mat,97609,2,1,Gliom,1,Gliom,evet,0.001034,0.998792,0.000174
815,816,brain_tumor_figshare/816.mat,97609,2,1,Gliom,1,Gliom,evet,0.000135,0.99948,0.000385
816,817,brain_tumor_figshare/817.mat,97609,2,1,Gliom,1,Gliom,evet,0.000114,0.999316,0.00057
817,818,brain_tumor_figshare/818.mat,100416,3,1,Gliom,1,Gliom,evet,0.008194,0.986618,0.005188
818,819,brain_tumor_figshare/819.mat,100416,3,1,Gliom,1,Gliom,evet,0.002079,0.997634,0.000286
819,820,brain_tumor_figshare/820.mat,100416,3,1,Gliom,1,Gliom,evet,0.00998,0.989518,0.000501
820,821,brain_tumor_figshare/821.mat,100416,3,1,Gliom,1,Gliom,evet,0.0126,0.985007,0.002394
821,822,brain_tumor_figshare/822.mat,100820,3,1,Gliom,1,Gliom,evet,0.030621,0.968221,0.001157
822,823,brain_tumor_figshare/823.mat,100820,3,1,Gliom,1,Gliom,evet,0.341227,0.658299,0.000474
823,824,brain_tumor_figshare/824.mat,100820,3,1,Gliom,1,Gliom,evet,0.004418,0.99555,3.2e-05
824,825,brain_tumor_figshare/825.mat,100820,3,1,Gliom,1,Gliom,evet,0.073154,0.923096,0.003751
825,826,brain_tumor_figshare/826.mat,100820,3,1,Gliom,0,Meningiom,hayır,0.999668,0.000245,8.7e-05
826,827,brain_tumor_figshare/827.mat,100820,3,1,Gliom,0,Meningiom,hayır,0.999148,0.000786,6.6e-05
827,828,brain_tumor_figshare/828.mat,101020,3,1,Gliom,0,Meningiom,hayır,0.892266,0.087928,0.019806
828,829,brain_tumor_figshare/829.mat,101020,3,1,Gliom,1,Gliom,evet,0.182623,0.81455,0.002826
829,830,brain_tumor_figshare/830.mat,101020,3,1,Gliom,1,Gliom,evet,0.028399,0.971299,0.000303
830,831,brain_tumor_figshare/831.mat,101020,3,1,Gliom,0,Meningiom,hayır,0.788173,0.208695,0.003132
831,832,brain_tumor_figshare/832.mat,101020,3,1,Gliom,0,Meningiom,hayır,0.930966,0.068609,0.000425
832,833,brain_tumor_figshare/833.mat,101020,3,1,Gliom,1,Gliom,evet,0.039083,0.960631,0.000286
833,834,brain_tumor_figshare/834.mat,101384,1,1,Gliom,1,Gliom,evet,0.024873,0.973401,0.001726
834,835,brain_tumor_figshare/835.mat,101384,1,1,Gliom,1,Gliom,evet,0.004204,0.995073,0.000723
835,836,brain_tumor_figshare/836.mat,101384,1,1,Gliom,1,Gliom,evet,0.001547,0.998318,0.000135
836,837,brain_tumor_figshare/837.mat,102075,5,1,Gliom,0,Meningiom,hayır,0.918435,0.062974,0.018591
837,838,brain_tumor_figshare/838.mat,102075,5,1,Gliom,0,Meningiom,hayır,0.912463,0.062226,0.025312
838,839,brain_tumor_figshare/839.mat,102075,5,1,Gliom,0,Meningiom,hayır,0.994958,0.004293,0.000749
839,840,brain_tumor_figshare/840.mat,103148,1,1,Gliom,0,Meningiom,hayır,0.649743,0.348388,0.001869
840,841,brain_tumor_figshare/841.mat,103148,1,1,Gliom,0,Meningiom,hayır,0.870916,0.070952,0.058132
841,842,brain_tumor_figshare/842.mat,103148,1,1,Gliom,0,Meningiom,hayır,0.98772,0.010441,0.00184
842,843,brain_tumor_figshare/843.mat,103148,1,1,Gliom,1,Gliom,evet,0.088672,0.905581,0.005747
843,844,brain_tumor_figshare/844.mat,105653,2,1,Gliom,1,Gliom,evet,0.39558,0.560051,0.044369
844,845,brain_tumor_figshare/845.mat,105653,2,1,Gliom,0,Meningiom,hayır,0.746786,0.020898,0.232316
845,846,brain_tumor_figshare/846.mat,106494,5,1,Gliom,0,Meningiom,hayır,0.998178,0.001088,0.000734
846,847,brain_tumor_figshare/847.mat,106494,5,1,Gliom,1,Gliom,evet,0.025569,0.93218,0.042252
847,848,brain_tumor_figshare/848.mat,106494,5,1,Gliom,1,Gliom,evet,0.009664,0.990097,0.000239
848,849,brain_tumor_figshare/849.mat,106494,5,1,Gliom,1,Gliom,evet,0.000104,0.999867,2.9e-05
849,850,brain_tumor_figshare/850.mat,106494,5,1,Gliom,1,Gliom,evet,0.013323,0.986225,0.000452
850,851,brain_tumor_figshare/851.mat,106494,5,1,Gliom,1,Gliom,evet,0.042368,0.954241,0.00339
851,852,brain_tumor_figshare/852.mat,106494,5,1,Gliom,0,Meningiom,hayır,0.802976,0.195312,0.001712
852,853,brain_tumor_figshare/853.mat,107747,5,1,Gliom,0,Meningiom,hayır,0.998819,0.001088,9.2e-05
853,854,brain_tumor_figshare/854.mat,107747,5,1,Gliom,1,Gliom,evet,0.000426,0.999343,0.000231
854,855,brain_tumor_figshare/855.mat,107747,5,1,Gliom,1,Gliom,evet,0.056383,0.939576,0.004041
855,856,brain_tumor_figshare/856.mat,107747,5,1,Gliom,1,Gliom,evet,0.000425,0.996033,0.003542
856,857,brain_tumor_figshare/857.mat,108479,1,1,Gliom,2,Hipofiz tümörü,hayır,0.000494,0.011288,0.988218
857,858,brain_tumor_figshare/858.mat,108479,1,1,Gliom,1,Gliom,evet,0.003797,0.943724,0.052478
858,859,brain_tumor_figshare/859.mat,112105,4,1,Gliom,1,Gliom,evet,0.00166,0.998309,3.2e-05
859,860,brain_tumor_figshare/860.mat,112105,4,1,Gliom,1,Gliom,evet,0.003902,0.996082,1.6e-05
860,861,brain_tumor_figshare/861.mat,112105,4,1,Gliom,1,Gliom,evet,0.011162,0.988605,0.000233
861,862,brain_tumor_figshare/862.mat,112105,4,1,Gliom,1,Gliom,evet,0.089958,0.909852,0.00019
862,863,brain_tumor_figshare/863.mat,112105,4,1,Gliom,1,Gliom,evet,0.009004,0.989532,0.001463
863,864,brain_tumor_figshare/864.mat,112105,4,1,Gliom,1,Gliom,evet,0.021094,0.968483,0.010424
864,865,brain_tumor_figshare/865.mat,88670,4,1,Gliom,1,Gliom,evet,0.050697,0.949144,0.000158
865,866,brain_tumor_figshare/866.mat,88670,4,1,Gliom,1,Gliom,evet,0.004322,0.995586,9.2e-05
866,867,brain_tumor_figshare/867.mat,88670,4,1,Gliom,1,Gliom,evet,0.048949,0.950749,0.000302
867,868,brain_tumor_figshare/868.mat,88670,4,1,Gliom,1,Gliom,evet,0.122291,0.877665,4.4e-05
868,869,brain_tumor_figshare/869.mat,88670,4,1,Gliom,1,Gliom,evet,0.012332,0.987515,0.000153
869,870,brain_tumor_figshare/870.mat,90284,2,1,Gliom,1,Gliom,evet,0.002597,0.98997,0.007433
870,871,brain_tumor_figshare/871.mat,90284,2,1,Gliom,1,Gliom,evet,0.262341,0.704133,0.033526
871,872,brain_tumor_figshare/872.mat,90284,2,1,Gliom,1,Gliom,evet,0.000342,0.999595,6.3e-05
872,873,brain_tumor_figshare/873.mat,90284,2,1,Gliom,1,Gliom,evet,0.003668,0.982333,0.013999
873,874,brain_tumor_figshare/874.mat,90284,2,1,Gliom,1,Gliom,evet,0.00188,0.988696,0.009423
874,875,brain_tumor_figshare/875.mat,90284,2,1,Gliom,1,Gliom,evet,0.002549,0.964364,0.033087
875,876,brain_tumor_figshare/876.mat,90284,2,1,Gliom,1,Gliom,evet,0.000233,0.997827,0.00194
876,877,brain_tumor_figshare/877.mat,90284,2,1,Gliom,1,Gliom,evet,0.000184,0.999558,0.000259
877,878,brain_tumor_figshare/878.mat,90284,2,1,Gliom,1,Gliom,evet,0.00014,0.999713,0.000146
878,879,brain_tumor_figshare/879.mat,90284,2,1,Gliom,1,Gliom,evet,0.000447,0.999236,0.000317
879,880,brain_tumor_figshare/880.mat,90284,2,1,Gliom,1,Gliom,evet,0.000475,0.998435,0.00109
880,881,brain_tumor_figshare/881.mat,92897,3,1,Gliom,2,Hipofiz tümörü,hayır,0.22962,0.035955,0.734425
881,882,brain_tumor_figshare/882.mat,92897,3,1,Gliom,2,Hipofiz tümörü,hayır,0.455798,0.059009,0.485193
882,883,brain_tumor_figshare/883.mat,93329,3,1,Gliom,1,Gliom,evet,0.146988,0.831726,0.021286
883,884,brain_tumor_figshare/884.mat,93329,3,1,Gliom,1,Gliom,evet,0.212837,0.762891,0.024272
884,885,brain_tumor_figshare/885.mat,93329,3,1,Gliom,1,Gliom,evet,0.107207,0.585337,0.307456
885,886,brain_tumor_figshare/886.mat,93329,3,1,Gliom,1,Gliom,evet,0.048549,0.942143,0.009307
886,887,brain_tumor_figshare/887.mat,93329,3,1,Gliom,1,Gliom,evet,0.10029,0.897439,0.002271
887,888,brain_tumor_figshare/888.mat,93825,1,1,Gliom,1,Gliom,evet,0.004195,0.995435,0.000369
888,889,brain_tumor_figshare/889.mat,93825,1,1,Gliom,1,Gliom,evet,0.012242,0.984831,0.002927
889,890,brain_tumor_figshare/890.mat,93825,1,1,Gliom,1,Gliom,evet,0.000558,0.999303,0.000139
890,891,brain_tumor_figshare/891.mat,93825,1,1,Gliom,1,Gliom,evet,0.000199,0.99964,0.000161
891,892,brain_tumor_figshare/892.mat,94731,3,1,Gliom,1,Gliom,evet,0.244743,0.749902,0.005355
892,893,brain_tumor_figshare/893.mat,94731,3,1,Gliom,0,Meningiom,hayır,0.930517,0.039224,0.030259
893,894,brain_tumor_figshare/894.mat,94731,3,1,Gliom,1,Gliom,evet,0.135535,0.857298,0.007167
894,895,brain_tumor_figshare/895.mat,95142,2,1,Gliom,1,Gliom,evet,0.028477,0.605596,0.365927
895,896,brain_tumor_figshare/896.mat,95142,2,1,Gliom,2,Hipofiz tümörü,hayır,0.007009,0.000773,0.992218
896,897,brain_tumor_figshare/897.mat,95142,2,1,Gliom,2,Hipofiz tümörü,hayır,0.00545,0.028632,0.965919
897,898,brain_tumor_figshare/898.mat,95142,2,1,Gliom,1,Gliom,evet,0.00093,0.987085,0.011985
898,899,brain_tumor_figshare/899.mat,95142,2,1,Gliom,1,Gliom,evet,0.00175,0.980119,0.018131
899,900,brain_tumor_figshare/900.mat,95142,2,1,Gliom,1,Gliom,evet,0.000272,0.99897,0.000758
900,901,brain_tumor_figshare/901.mat,95142,2,1,Gliom,0,Meningiom,hayır,0.751168,0.241282,0.00755
901,902,brain_tumor_figshare/902.mat,95142,2,1,Gliom,1,Gliom,evet,0.015801,0.954371,0.029828
902,903,brain_tumor_figshare/903.mat,95142,2,1,Gliom,1,Gliom,evet,0.16753,0.831771,0.000699
903,904,brain_tumor_figshare/904.mat,96587,3,1,Gliom,1,Gliom,evet,1.4e-05,0.99998,6e-06
904,905,brain_tumor_figshare/905.mat,96587,3,1,Gliom,1,Gliom,evet,1.8e-05,0.999975,6e-06
905,906,brain_tumor_figshare/906.mat,96587,3,1,Gliom,1,Gliom,evet,0.000153,0.999831,1.6e-05
906,907,brain_tumor_figshare/907.mat,96587,3,1,Gliom,1,Gliom,evet,0.000477,0.999357,0.000166
907,908,brain_tumor_figshare/908.mat,97609,2,1,Gliom,1,Gliom,evet,1.9e-05,0.999971,1e-05
908,909,brain_tumor_figshare/909.mat,97609,2,1,Gliom,1,Gliom,evet,8e-06,0.999981,1.1e-05
909,910,brain_tumor_figshare/910.mat,97609,2,1,Gliom,1,Gliom,evet,1.7e-05,0.999962,2.1e-05
910,911,brain_tumor_figshare/911.mat,97609,2,1,Gliom,1,Gliom,evet,3.5e-05,0.999854,0.000111
911,912,brain_tumor_figshare/912.mat,98889,2,1,Gliom,1,Gliom,evet,0.006566,0.993327,0.000107
912,913,brain_tumor_figshare/913.mat,98889,2,1,Gliom,1,Gliom,evet,0.000189,0.999604,0.000207
913,914,brain_tumor_figshare/914.mat,98889,2,1,Gliom,1,Gliom,evet,0.001279,0.998332,0.000389
914,915,brain_tumor_figshare/915.mat,98889,2,1,Gliom,1,Gliom,evet,0.0012,0.998334,0.000466
915,916,brain_tumor_figshare/916.mat,98889,2,1,Gliom,1,Gliom,evet,0.000178,0.997799,0.002023
916,917,brain_tumor_figshare/917.mat,98889,2,1,Gliom,1,Gliom,evet,0.000192,0.998253,0.001555
917,918,brain_tumor_figshare/918.mat,105936,5,2,Hipofiz tümörü,2,Hipofiz tümörü,evet,0.0,0.0,1.0
918,919,brain_tumor_figshare/919.mat,105936,5,2,Hipofiz tümörü,2,Hipofiz tümörü,evet,0.0,0.0,1.0
919,920,brain_tumor_figshare/920.mat,105936,5,2,Hipofiz tümörü,2,Hipofiz tümörü,evet,0.0,0.0,1.0
920,921,brain_tumor_figshare/921.mat,105936,5,2,Hipofiz tümörü,2,Hipofiz tümörü,evet,0.0,0.0,1.0
921,922,brain_tumor_figshare/922.mat,106062,3,2,Hipofiz tümörü,2,Hipofiz tümörü,evet,1.7e-05,2.2e-05,0.99996
922,923,brain_tumor_figshare/923.mat,106062,3,2,Hipofiz tümörü,2,Hipofiz tümörü,evet,5.4e-05,6e-06,0.99994
923,924,brain_tumor_figshare/924.mat,106062,3,2,Hipofiz tümörü,2,Hipofiz tümörü,evet,1.6e-05,4e-06,0.99998
924,925,brain_tumor_figshare/925.mat,106062,3,2,Hipofiz tümörü,2,Hipofiz tümörü,evet,3.5e-05,6e-06,0.999959
925,926,brain_tumor_figshare/926.mat,107495,3,2,Hipofiz tümörü,2,Hipofiz tümörü,evet,1.9e-05,0.0,0.999981
926,927,brain_tumor_figshare/927.mat,107495,3,2,Hipofiz tümörü,2,Hipofiz tümörü,evet,5.6e-05,0.0,0.999944
927,928,brain_tumor_figshare/928.mat,107495,3,2,Hipofiz tümörü,2,Hipofiz tümörü,evet,4.1e-05,0.0,0.999959
928,929,brain_tumor_figshare/929.mat,107495,3,2,Hipofiz tümörü,2,Hipofiz tümörü,evet,9e-06,0.0,0.999991
929,930,brain_tumor_figshare/930.mat,107495,3,2,Hipofiz tümörü,2,Hipofiz tümörü,evet,2e-06,0.0,0.999997
930,931,brain_tumor_figshare/931.mat,107495,3,2,Hipofiz tümörü,2,Hipofiz tümörü,evet,1.6e-05,1.9e-05,0.999965
931,932,brain_tumor_figshare/932.mat,107495,3,2,Hipofiz tümörü,2,Hipofiz tümörü,evet,1.5e-05,4e-06,0.999981
932,933,brain_tumor_figshare/933.mat,107429,1,2,Hipofiz tümörü,2,Hipofiz tümörü,evet,4e-06,2e-06,0.999994
933,934,brain_tumor_figshare/934.mat,107429,1,2,Hipofiz tümörü,2,Hipofiz tümörü,evet,1.8e-05,2e-06,0.99998
934,935,brain_tumor_figshare/935.mat,107429,1,2,Hipofiz tümörü,2,Hipofiz tümörü,evet,4.5e-05,5e-06,0.999951
935,936,brain_tumor_figshare/936.mat,107429,1,2,Hipofiz tümörü,2,Hipofiz tümörü,evet,0.000124,0.0,0.999875
936,937,brain_tumor_figshare/937.mat,107429,1,2,Hipofiz tümörü,2,Hipofiz tümörü,evet,6e-06,0.0,0.999994
937,938,brain_tumor_figshare/938.mat,107429,1,2,Hipofiz tümörü,2,Hipofiz tümörü,evet,6.3e-05,1e-06,0.999936
938,939,brain_tumor_figshare/939.mat,107505,5,2,Hipofiz tümörü,2,Hipofiz tümörü,evet,5e-06,2e-06,0.999993
939,940,brain_tumor_figshare/940.mat,107505,5,2,Hipofiz tümörü,2,Hipofiz tümörü,evet,0.0,0.0,0.999999
940,941,brain_tumor_figshare/941.mat,107505,5,2,Hipofiz tümörü,2,Hipofiz tümörü,evet,0.0,0.0,1.0
941,942,brain_tumor_figshare/942.mat,107505,5,2,Hipofiz tümörü,2,Hipofiz tümörü,evet,0.0,3e-06,0.999997
942,943,brain_tumor_figshare/943.mat,107505,5,2,Hipofiz tümörü,2,Hipofiz tümörü,evet,0.0,1e-06,0.999999
943,944,brain_tumor_figshare/944.mat,107505,5,2,Hipofiz tümörü,2,Hipofiz tümörü,evet,0.0,0.0,1.0
944,945,brain_tumor_figshare/945.mat,107505,5,2,Hipofiz tümörü,2,Hipofiz tümörü,evet,0.0,4e-05,0.999959
945,946,brain_tumor_figshare/946.mat,107743,5,2,Hipofiz tümörü,2,Hipofiz tümörü,evet,0.0,0.0,1.0
946,947,brain_tumor_figshare/947.mat,107743,5,2,Hipofiz tümörü,2,Hipofiz tümörü,evet,0.0,0.0,1.0
947,948,brain_tumor_figshare/948.mat,107743,5,2,Hipofiz tümörü,2,Hipofiz tümörü,evet,0.0,0.0,1.0
948,949,brain_tumor_figshare/949.mat,107743,5,2,Hipofiz tümörü,2,Hipofiz tümörü,evet,0.0,0.0,1.0
949,950,brain_tumor_figshare/950.mat,108858,1,2,Hipofiz tümörü,2,Hipofiz tümörü,evet,3.8e-05,1e-06,0.999961
950,951,brain_tumor_figshare/951.mat,108858,1,2,Hipofiz tümörü,2,Hipofiz tümörü,evet,6e-06,1e-06,0.999993
951,952,brain_tumor_figshare/952.mat,108858,1,2,Hipofiz tümörü,2,Hipofiz tümörü,evet,1.9e-05,1e-06,0.99998
952,953,brain_tumor_figshare/953.mat,108858,1,2,Hipofiz tümörü,2,Hipofiz tümörü,evet,1.9e-05,0.0,0.999981
953,954,brain_tumor_figshare/954.mat,108858,1,2,Hipofiz tümörü,2,Hipofiz tümörü,evet,8e-06,0.0,0.999992
954,955,brain_tumor_figshare/955.mat,108931,4,2,Hipofiz tümörü,2,Hipofiz tümörü,evet,0.0,0.0,1.0
955,956,brain_tumor_figshare/956.mat,108931,4,2,Hipofiz tümörü,2,Hipofiz tümörü,evet,0.0,0.0,1.0
956,957,brain_tumor_figshare/957.mat,108931,4,2,Hipofiz tümörü,2,Hipofiz tümörü,evet,0.0,0.0,1.0
957,958,brain_tumor_figshare/958.mat,109471,3,2,Hipofiz tümörü,2,Hipofiz tümörü,evet,4.6e-05,2e-06,0.999952
958,959,brain_tumor_figshare/959.mat,109471,3,2,Hipofiz tümörü,2,Hipofiz tümörü,evet,2e-06,0.0,0.999997
959,960,brain_tumor_figshare/960.mat,109471,3,2,Hipofiz tümörü,2,Hipofiz tümörü,evet,3e-06,0.0,0.999997
960,961,brain_tumor_figshare/961.mat,109471,3,2,Hipofiz tümörü,2,Hipofiz tümörü,evet,0.000168,3e-06,0.999828
961,962,brain_tumor_figshare/962.mat,109769,2,2,Hipofiz tümörü,2,Hipofiz tümörü,evet,7e-06,0.0,0.999993
962,963,brain_tumor_figshare/963.mat,109769,2,2,Hipofiz tümörü,2,Hipofiz tümörü,evet,5e-06,0.0,0.999994
963,964,brain_tumor_figshare/964.mat,109769,2,2,Hipofiz tümörü,2,Hipofiz tümörü,evet,5e-06,2e-06,0.999993
964,965,brain_tumor_figshare/965.mat,109769,2,2,Hipofiz tümörü,2,Hipofiz tümörü,evet,2e-06,0.0,0.999998
965,966,brain_tumor_figshare/966.mat,109898,3,2,Hipofiz tümörü,2,Hipofiz tümörü,evet,2e-06,0.0,0.999998
966,967,brain_tumor_figshare/967.mat,109898,3,2,Hipofiz tümörü,2,Hipofiz tümörü,evet,3.3e-05,0.0,0.999966
967,968,brain_tumor_figshare/968.mat,109898,3,2,Hipofiz tümörü,2,Hipofiz tümörü,evet,0.000221,1e-06,0.999778
968,969,brain_tumor_figshare/969.mat,109898,3,2,Hipofiz tümörü,2,Hipofiz tümörü,evet,0.000519,2e-06,0.999479
969,970,brain_tumor_figshare/970.mat,109898,3,2,Hipofiz tümörü,2,Hipofiz tümörü,evet,0.001548,0.000118,0.998334
970,971,brain_tumor_figshare/971.mat,109898,3,2,Hipofiz tümörü,2,Hipofiz tümörü,evet,0.000167,2.5e-05,0.999807
971,972,brain_tumor_figshare/972.mat,110518,2,2,Hipofiz tümörü,2,Hipofiz tümörü,evet,0.310142,0.117601,0.572257
972,973,brain_tumor_figshare/973.mat,110518,2,2,Hipofiz tümörü,2,Hipofiz tümörü,evet,0.170298,0.119655,0.710047
973,974,brain_tumor_figshare/974.mat,110537,5,2,Hipofiz tümörü,2,Hipofiz tümörü,evet,5e-06,1e-06,0.999995
974,975,brain_tumor_figshare/975.mat,110537,5,2,Hipofiz tümörü,2,Hipofiz tümörü,evet,0.0,0.0,1.0
975,976,brain_tumor_figshare/976.mat,110993,4,2,Hipofiz tümörü,2,Hipofiz tümörü,evet,4e-06,0.0,0.999996
976,977,brain_tumor_figshare/977.mat,110993,4,2,Hipofiz tümörü,2,Hipofiz tümörü,evet,6e-06,0.0,0.999994
977,978,brain_tumor_figshare/978.mat,110993,4,2,Hipofiz tümörü,2,Hipofiz tümörü,evet,0.0,0.0,1.0
978,979,brain_tumor_figshare/979.mat,110993,4,2,Hipofiz tümörü,2,Hipofiz tümörü,evet,0.0,0.0,1.0
979,980,brain_tumor_figshare/980.mat,111075,2,2,Hipofiz tümörü,2,Hipofiz tümörü,evet,8e-06,6e-06,0.999985
980,981,brain_tumor_figshare/981.mat,111075,2,2,Hipofiz tümörü,2,Hipofiz tümörü,evet,1e-06,0.0,0.999999
981,982,brain_tumor_figshare/982.mat,111075,2,2,Hipofiz tümörü,2,Hipofiz tümörü,evet,1e-06,0.0,0.999999
982,983,brain_tumor_figshare/983.mat,111075,2,2,Hipofiz tümörü,2,Hipofiz tümörü,evet,2e-06,0.0,0.999998
983,984,brain_tumor_figshare/984.mat,111075,2,2,Hipofiz tümörü,2,Hipofiz tümörü,evet,6e-06,0.0,0.999993
984,985,brain_tumor_figshare/985.mat,111075,2,2,Hipofiz tümörü,2,Hipofiz tümörü,evet,6e-06,1e-06,0.999993
985,986,brain_tumor_figshare/986.mat,111125,5,2,Hipofiz tümörü,2,Hipofiz tümörü,evet,0.0,0.0,1.0
986,987,brain_tumor_figshare/987.mat,111125,5,2,Hipofiz tümörü,2,Hipofiz tümörü,evet,0.0,0.0,0.999999
987,988,brain_tumor_figshare/988.mat,111125,5,2,Hipofiz tümörü,2,Hipofiz tümörü,evet,0.0,0.0,1.0
988,989,brain_tumor_figshare/989.mat,111125,5,2,Hipofiz tümörü,2,Hipofiz tümörü,evet,0.0,0.0,1.0
989,990,brain_tumor_figshare/990.mat,111785,5,2,Hipofiz tümörü,2,Hipofiz tümörü,evet,1e-06,0.0,0.999999
990,991,brain_tumor_figshare/991.mat,111785,5,2,Hipofiz tümörü,2,Hipofiz tümörü,evet,1e-06,0.0,0.999999
991,992,brain_tumor_figshare/992.mat,111785,5,2,Hipofiz tümörü,2,Hipofiz tümörü,evet,0.0,0.0,1.0
992,993,brain_tumor_figshare/993.mat,111785,5,2,Hipofiz tümörü,2,Hipofiz tümörü,evet,0.0,0.0,1.0
993,994,brain_tumor_figshare/994.mat,112074,1,2,Hipofiz tümörü,1,Gliom,hayır,0.161566,0.766341,0.072093
994,995,brain_tumor_figshare/995.mat,112074,1,2,Hipofiz tümörü,0,Meningiom,hayır,0.954505,0.00528,0.040216
995,996,brain_tumor_figshare/996.mat,112074,1,2,Hipofiz tümörü,2,Hipofiz tümörü,evet,0.104436,0.00439,0.891174
996,997,brain_tumor_figshare/997.mat,112074,1,2,Hipofiz tümörü,2,Hipofiz tümörü,evet,0.007382,0.000964,0.991654
997,998,brain_tumor_figshare/998.mat,112649,5,2,Hipofiz tümörü,2,Hipofiz tümörü,evet,4.4e-05,2.3e-05,0.999933
998,999,brain_tumor_figshare/999.mat,112649,5,2,Hipofiz tümörü,2,Hipofiz tümörü,evet,1e-06,0.0,0.999999
999,1000,brain_tumor_figshare/1000.mat,112649,5,2,Hipofiz tümörü,2,Hipofiz tümörü,evet,0.0,0.0,1.0
1000,1001,brain_tumor_figshare/1001.mat,112649,5,2,Hipofiz tümörü,2,Hipofiz tümörü,evet,0.0,1.7e-05,0.999983
1001,1002,brain_tumor_figshare/1002.mat,112649,5,2,Hipofiz tümörü,2,Hipofiz tümörü,evet,0.0,0.0,1.0
1002,1003,brain_tumor_figshare/1003.mat,112746,1,2,Hipofiz tümörü,2,Hipofiz tümörü,evet,6e-06,3e-06,0.999991
1003,1004,brain_tumor_figshare/1004.mat,112746,1,2,Hipofiz tümörü,2,Hipofiz tümörü,evet,6e-05,0.000313,0.999627
1004,1005,brain_tumor_figshare/1005.mat,112746,1,2,Hipofiz tümörü,2,Hipofiz tümörü,evet,3.9e-05,0.000255,0.999706
1005,1006,brain_tumor_figshare/1006.mat,112847,5,2,Hipofiz tümörü,2,Hipofiz tümörü,evet,6e-06,4e-06,0.99999
1006,1007,brain_tumor_figshare/1007.mat,112847,5,2,Hipofiz tümörü,2,Hipofiz tümörü,evet,0.0,2e-06,0.999998
1007,1008,brain_tumor_figshare/1008.mat,112847,5,2,Hipofiz tümörü,2,Hipofiz tümörü,evet,2e-06,0.0,0.999998
1008,1009,brain_tumor_figshare/1009.mat,112847,5,2,Hipofiz tümörü,2,Hipofiz tümörü,evet,0.0,0.0,1.0
1009,1010,brain_tumor_figshare/1010.mat,113274,3,2,Hipofiz tümörü,2,Hipofiz tümörü,evet,8e-06,5e-06,0.999987
1010,1011,brain_tumor_figshare/1011.mat,113274,3,2,Hipofiz tümörü,2,Hipofiz tümörü,evet,9e-06,2.7e-05,0.999964
1011,1012,brain_tumor_figshare/1012.mat,113274,3,2,Hipofiz tümörü,2,Hipofiz tümörü,evet,7e-06,4.5e-05,0.999948
1012,1013,brain_tumor_figshare/1013.mat,113741,3,2,Hipofiz tümörü,2,Hipofiz tümörü,evet,2e-06,0.0,0.999998
1013,1014,brain_tumor_figshare/1014.mat,113741,3,2,Hipofiz tümörü,2,Hipofiz tümörü,evet,6e-06,1e-06,0.999993
1014,1015,brain_tumor_figshare/1015.mat,114040,4,2,Hipofiz tümörü,2,Hipofiz tümörü,evet,0.000317,7.8e-05,0.999605
1015,1016,brain_tumor_figshare/1016.mat,114040,4,2,Hipofiz tümörü,2,Hipofiz tümörü,evet,2.8e-05,1e-06,0.999971
1016,1017,brain_tumor_figshare/1017.mat,114040,4,2,Hipofiz tümörü,2,Hipofiz tümörü,evet,0.000162,6e-06,0.999832
1017,1018,brain_tumor_figshare/1018.mat,114361,4,2,Hipofiz tümörü,2,Hipofiz tümörü,evet,3.3e-05,0.0,0.999967
1018,1019,brain_tumor_figshare/1019.mat,114361,4,2,Hipofiz tümörü,2,Hipofiz tümörü,evet,8.5e-05,0.0,0.999915
1019,1020,brain_tumor_figshare/1020.mat,114361,4,2,Hipofiz tümörü,2,Hipofiz tümörü,evet,0.000154,0.0,0.999846
1020,1021,brain_tumor_figshare/1021.mat,114094,1,2,Hipofiz tümörü,2,Hipofiz tümörü,evet,0.020111,0.016057,0.963832
1021,1022,brain_tumor_figshare/1022.mat,114094,1,2,Hipofiz tümörü,2,Hipofiz tümörü,evet,0.004072,0.002335,0.993593
1022,1023,brain_tumor_figshare/1023.mat,114094,1,2,Hipofiz tümörü,2,Hipofiz tümörü,evet,0.000269,0.000267,0.999465
1023,1024,brain_tumor_figshare/1024.mat,114094,1,2,Hipofiz tümörü,2,Hipofiz tümörü,evet,1.2e-05,1e-06,0.999987
1024,1025,brain_tumor_figshare/1025.mat,101017,2,2,Hipofiz tümörü,2,Hipofiz tümörü,evet,0.0,0.0,1.0
1025,1026,brain_tumor_figshare/1026.mat,101017,2,2,Hipofiz tümörü,2,Hipofiz tümörü,evet,0.0,0.0,1.0
1026,1027,brain_tumor_figshare/1027.mat,101017,2,2,Hipofiz tümörü,2,Hipofiz tümörü,evet,0.0,0.0,1.0
1027,1028,brain_tumor_figshare/1028.mat,101017,2,2,Hipofiz tümörü,2,Hipofiz tümörü,evet,0.0,0.0,0.999999
1028,1029,brain_tumor_figshare/1029.mat,101017,2,2,Hipofiz tümörü,2,Hipofiz tümörü,evet,0.0,0.0,1.0
1029,1030,brain_tumor_figshare/1030.mat,101029,1,2,Hipofiz tümörü,2,Hipofiz tümörü,evet,3e-06,6.3e-05,0.999934
1030,1031,brain_tumor_figshare/1031.mat,101029,1,2,Hipofiz tümörü,2,Hipofiz tümörü,evet,1e-06,6.2e-05,0.999937
1031,1032,brain_tumor_figshare/1032.mat,101029,1,2,Hipofiz tümörü,2,Hipofiz tümörü,evet,0.0,3e-06,0.999997
1032,1033,brain_tumor_figshare/1033.mat,101029,1,2,Hipofiz tümörü,2,Hipofiz tümörü,evet,1.3e-05,4e-06,0.999983
1033,1034,brain_tumor_figshare/1034.mat,105936,5,2,Hipofiz tümörü,2,Hipofiz tümörü,evet,0.0,0.0,1.0
1034,1035,brain_tumor_figshare/1035.mat,106062,3,2,Hipofiz tümörü,2,Hipofiz tümörü,evet,1e-06,7e-06,0.999992
1035,1036,brain_tumor_figshare/1036.mat,106062,3,2,Hipofiz tümörü,2,Hipofiz tümörü,evet,2e-06,4e-06,0.999994
1036,1037,brain_tumor_figshare/1037.mat,106062,3,2,Hipofiz tümörü,2,Hipofiz tümörü,evet,4e-06,5e-06,0.999991
1037,1038,brain_tumor_figshare/1038.mat,106062,3,2,Hipofiz tümörü,2,Hipofiz tümörü,evet,0.0,1e-06,0.999999
1038,1039,brain_tumor_figshare/1039.mat,106062,3,2,Hipofiz tümörü,2,Hipofiz tümörü,evet,5e-06,1e-06,0.999994
1039,1040,brain_tumor_figshare/1040.mat,106062,3,2,Hipofiz tümörü,2,Hipofiz tümörü,evet,0.0,0.0,0.999999
1040,1041,brain_tumor_figshare/1041.mat,106062,3,2,Hipofiz tümörü,2,Hipofiz tümörü,evet,0.000119,6.2e-05,0.99982
1041,1042,brain_tumor_figshare/1042.mat,107495,3,2,Hipofiz tümörü,2,Hipofiz tümörü,evet,0.0,0.0,1.0
1042,1043,brain_tumor_figshare/1043.mat,107495,3,2,Hipofiz tümörü,2,Hipofiz tümörü,evet,0.0,0.0,1.0
1043,1044,brain_tumor_figshare/1044.mat,107495,3,2,Hipofiz tümörü,2,Hipofiz tümörü,evet,1e-06,0.0,0.999999
1044,1045,brain_tumor_figshare/1045.mat,107495,3,2,Hipofiz tümörü,2,Hipofiz tümörü,evet,0.0,0.0,1.0
1045,1046,brain_tumor_figshare/1046.mat,107495,3,2,Hipofiz tümörü,2,Hipofiz tümörü,evet,0.0,0.0,1.0
1046,1047,brain_tumor_figshare/1047.mat,107429,1,2,Hipofiz tümörü,2,Hipofiz tümörü,evet,1.4e-05,0.0,0.999985
1047,1048,brain_tumor_figshare/1048.mat,107429,1,2,Hipofiz tümörü,2,Hipofiz tümörü,evet,3e-06,0.0,0.999997
1048,1049,brain_tumor_figshare/1049.mat,107429,1,2,Hipofiz tümörü,2,Hipofiz tümörü,evet,0.0,0.0,1.0
1049,1050,brain_tumor_figshare/1050.mat,107429,1,2,Hipofiz tümörü,2,Hipofiz tümörü,evet,1e-06,0.0,0.999999
1050,1051,brain_tumor_figshare/1051.mat,107429,1,2,Hipofiz tümörü,2,Hipofiz tümörü,evet,9e-06,1e-06,0.999989
1051,1052,brain_tumor_figshare/1052.mat,107429,1,2,Hipofiz tümörü,2,Hipofiz tümörü,evet,1e-06,0.0,0.999999
1052,1053,brain_tumor_figshare/1053.mat,107429,1,2,Hipofiz tümörü,2,Hipofiz tümörü,evet,8e-06,0.0,0.999992
1053,1054,brain_tumor_figshare/1054.mat,107505,5,2,Hipofiz tümörü,2,Hipofiz tümörü,evet,0.0,2e-06,0.999998
1054,1055,brain_tumor_figshare/1055.mat,107505,5,2,Hipofiz tümörü,2,Hipofiz tümörü,evet,0.0,1e-06,0.999999
1055,1056,brain_tumor_figshare/1056.mat,107505,5,2,Hipofiz tümörü,2,Hipofiz tümörü,evet,1e-06,4e-06,0.999995
1056,1057,brain_tumor_figshare/1057.mat,107505,5,2,Hipofiz tümörü,2,Hipofiz tümörü,evet,1e-06,3e-06,0.999996
1057,1058,brain_tumor_figshare/1058.mat,107505,5,2,Hipofiz tümörü,2,Hipofiz tümörü,evet,1.1e-05,0.000167,0.999822
1058,1059,brain_tumor_figshare/1059.mat,107743,5,2,Hipofiz tümörü,2,Hipofiz tümörü,evet,1e-06,4e-06,0.999995
1059,1060,brain_tumor_figshare/1060.mat,107743,5,2,Hipofiz tümörü,2,Hipofiz tümörü,evet,1e-06,2e-06,0.999997
1060,1061,brain_tumor_figshare/1061.mat,107743,5,2,Hipofiz tümörü,2,Hipofiz tümörü,evet,1e-06,2e-06,0.999997
1061,1062,brain_tumor_figshare/1062.mat,107743,5,2,Hipofiz tümörü,2,Hipofiz tümörü,evet,2e-06,0.0,0.999998
1062,1063,brain_tumor_figshare/1063.mat,107743,5,2,Hipofiz tümörü,2,Hipofiz tümörü,evet,1e-06,1e-06,0.999998
1063,1064,brain_tumor_figshare/1064.mat,107743,5,2,Hipofiz tümörü,2,Hipofiz tümörü,evet,0.000162,5e-06,0.999833
1064,1065,brain_tumor_figshare/1065.mat,108858,1,2,Hipofiz tümörü,2,Hipofiz tümörü,evet,2.4e-05,0.001021,0.998955
1065,1066,brain_tumor_figshare/1066.mat,108858,1,2,Hipofiz tümörü,2,Hipofiz tümörü,evet,6.1e-05,0.000221,0.999718
1066,1067,brain_tumor_figshare/1067.mat,108858,1,2,Hipofiz tümörü,2,Hipofiz tümörü,evet,4.8e-05,0.001064,0.998887
1067,1068,brain_tumor_figshare/1068.mat,108858,1,2,Hipofiz tümörü,2,Hipofiz tümörü,evet,1.3e-05,0.00028,0.999707
1068,1069,brain_tumor_figshare/1069.mat,108858,1,2,Hipofiz tümörü,2,Hipofiz tümörü,evet,2.5e-05,9.5e-05,0.99988
1069,1070,brain_tumor_figshare/1070.mat,108931,4,2,Hipofiz tümörü,2,Hipofiz tümörü,evet,0.0,0.0,1.0
1070,1071,brain_tumor_figshare/1071.mat,108931,4,2,Hipofiz tümörü,2,Hipofiz tümörü,evet,0.0,0.0,1.0
1071,1072,brain_tumor_figshare/1072.mat,108931,4,2,Hipofiz tümörü,2,Hipofiz tümörü,evet,0.0,0.0,1.0
1072,1073,brain_tumor_figshare/1073.mat,108931,4,2,Hipofiz tümörü,2,Hipofiz tümörü,evet,0.0,0.0,1.0
1073,1074,brain_tumor_figshare/1074.mat,108931,4,2,Hipofiz tümörü,2,Hipofiz tümörü,evet,0.0,0.0,1.0
1074,1075,brain_tumor_figshare/1075.mat,108931,4,2,Hipofiz tümörü,2,Hipofiz tümörü,evet,0.0,0.0,1.0
1075,1076,brain_tumor_figshare/1076.mat,108931,4,2,Hipofiz tümörü,2,Hipofiz tümörü,evet,0.0,0.0,1.0
1076,1077,brain_tumor_figshare/1077.mat,109471,3,2,Hipofiz tümörü,2,Hipofiz tümörü,evet,1e-06,2e-06,0.999997
1077,1078,brain_tumor_figshare/1078.mat,109471,3,2,Hipofiz tümörü,2,Hipofiz tümörü,evet,0.0,0.0,1.0
1078,1079,brain_tumor_figshare/1079.mat,109471,3,2,Hipofiz tümörü,2,Hipofiz tümörü,evet,0.0,0.0,1.0
1079,1080,brain_tumor_figshare/1080.mat,109471,3,2,Hipofiz tümörü,2,Hipofiz tümörü,evet,0.0,0.0,1.0
1080,1081,brain_tumor_figshare/1081.mat,109471,3,2,Hipofiz tümörü,2,Hipofiz tümörü,evet,0.0,0.0,1.0
1081,1082,brain_tumor_figshare/1082.mat,109471,3,2,Hipofiz tümörü,2,Hipofiz tümörü,evet,0.0,0.0,1.0
1082,1083,brain_tumor_figshare/1083.mat,109769,2,2,Hipofiz tümörü,2,Hipofiz tümörü,evet,0.0,1e-06,0.999999
1083,1084,brain_tumor_figshare/1084.mat,109769,2,2,Hipofiz tümörü,2,Hipofiz tümörü,evet,0.0,0.0,1.0
1084,1085,brain_tumor_figshare/1085.mat,109769,2,2,Hipofiz tümörü,2,Hipofiz tümörü,evet,0.0,1e-06,0.999999
1085,1086,brain_tumor_figshare/1086.mat,109769,2,2,Hipofiz tümörü,2,Hipofiz tümörü,evet,1e-06,0.0,0.999999
1086,1087,brain_tumor_figshare/1087.mat,109769,2,2,Hipofiz tümörü,2,Hipofiz tümörü,evet,0.0,0.0,1.0
1087,1088,brain_tumor_figshare/1088.mat,109898,3,2,Hipofiz tümörü,2,Hipofiz tümörü,evet,1.9e-05,2.5e-05,0.999956
1088,1089,brain_tumor_figshare/1089.mat,109898,3,2,Hipofiz tümörü,2,Hipofiz tümörü,evet,1.1e-05,2e-06,0.999987
1089,1090,brain_tumor_figshare/1090.mat,109898,3,2,Hipofiz tümörü,2,Hipofiz tümörü,evet,7.2e-05,2e-06,0.999927
1090,1091,brain_tumor_figshare/1091.mat,109898,3,2,Hipofiz tümörü,2,Hipofiz tümörü,evet,6.2e-05,2e-06,0.999936
1091,1092,brain_tumor_figshare/1092.mat,109898,3,2,Hipofiz tümörü,2,Hipofiz tümörü,evet,2.2e-05,0.0,0.999977
1092,1093,brain_tumor_figshare/1093.mat,109898,3,2,Hipofiz tümörü,2,Hipofiz tümörü,evet,1.2e-05,1e-06,0.999988
1093,1094,brain_tumor_figshare/1094.mat,110518,2,2,Hipofiz tümörü,2,Hipofiz tümörü,evet,1e-06,2e-06,0.999998
1094,1095,brain_tumor_figshare/1095.mat,110518,2,2,Hipofiz tümörü,2,Hipofiz tümörü,evet,1e-06,3e-06,0.999997
1095,1096,brain_tumor_figshare/1096.mat,110518,2,2,Hipofiz tümörü,2,Hipofiz tümörü,evet,0.0,1e-06,0.999999
1096,1097,brain_tumor_figshare/1097.mat,110518,2,2,Hipofiz tümörü,2,Hipofiz tümörü,evet,0.0,0.0,1.0
1097,1098,brain_tumor_figshare/1098.mat,110518,2,2,Hipofiz tümörü,2,Hipofiz tümörü,evet,0.0,0.0,1.0
1098,1099,brain_tumor_figshare/1099.mat,110518,2,2,Hipofiz tümörü,2,Hipofiz tümörü,evet,2e-06,1e-06,0.999997
1099,1100,brain_tumor_figshare/1100.mat,110537,5,2,Hipofiz tümörü,2,Hipofiz tümörü,evet,0.0,0.0,1.0
1100,1101,brain_tumor_figshare/1101.mat,110537,5,2,Hipofiz tümörü,2,Hipofiz tümörü,evet,3e-06,3e-06,0.999993
1101,1102,brain_tumor_figshare/1102.mat,110537,5,2,Hipofiz tümörü,2,Hipofiz tümörü,evet,1e-06,2e-06,0.999997
1102,1103,brain_tumor_figshare/1103.mat,110537,5,2,Hipofiz tümörü,2,Hipofiz tümörü,evet,3e-06,3e-06,0.999994
1103,1104,brain_tumor_figshare/1104.mat,110537,5,2,Hipofiz tümörü,2,Hipofiz tümörü,evet,0.0,0.0,1.0
1104,1105,brain_tumor_figshare/1105.mat,110537,5,2,Hipofiz tümörü,2,Hipofiz tümörü,evet,5e-06,0.0,0.999995
1105,1106,brain_tumor_figshare/1106.mat,110537,5,2,Hipofiz tümörü,2,Hipofiz tümörü,evet,1.4e-05,5e-06,0.999981
1106,1107,brain_tumor_figshare/1107.mat,110993,4,2,Hipofiz tümörü,2,Hipofiz tümörü,evet,0.0,0.0,1.0
1107,1108,brain_tumor_figshare/1108.mat,110993,4,2,Hipofiz tümörü,2,Hipofiz tümörü,evet,0.0,0.0,1.0
1108,1109,brain_tumor_figshare/1109.mat,110993,4,2,Hipofiz tümörü,2,Hipofiz tümörü,evet,0.0,0.0,1.0
1109,1110,brain_tumor_figshare/1110.mat,110993,4,2,Hipofiz tümörü,2,Hipofiz tümörü,evet,0.0,0.0,1.0
1110,1111,brain_tumor_figshare/1111.mat,110993,4,2,Hipofiz tümörü,2,Hipofiz tümörü,evet,0.0,0.0,1.0
1111,1112,brain_tumor_figshare/1112.mat,111075,2,2,Hipofiz tümörü,2,Hipofiz tümörü,evet,0.0,1e-06,0.999999
1112,1113,brain_tumor_figshare/1113.mat,111075,2,2,Hipofiz tümörü,2,Hipofiz tümörü,evet,0.0,0.0,1.0
1113,1114,brain_tumor_figshare/1114.mat,111075,2,2,Hipofiz tümörü,2,Hipofiz tümörü,evet,0.0,4e-06,0.999995
1114,1115,brain_tumor_figshare/1115.mat,111075,2,2,Hipofiz tümörü,2,Hipofiz tümörü,evet,0.0,2e-06,0.999997
1115,1116,brain_tumor_figshare/1116.mat,111075,2,2,Hipofiz tümörü,2,Hipofiz tümörü,evet,0.0,2e-06,0.999997
1116,1117,brain_tumor_figshare/1117.mat,111075,2,2,Hipofiz tümörü,2,Hipofiz tümörü,evet,5e-06,1.1e-05,0.999984
1117,1118,brain_tumor_figshare/1118.mat,111125,5,2,Hipofiz tümörü,2,Hipofiz tümörü,evet,0.0,0.0,1.0
1118,1119,brain_tumor_figshare/1119.mat,111125,5,2,Hipofiz tümörü,2,Hipofiz tümörü,evet,0.0,0.0,1.0
1119,1120,brain_tumor_figshare/1120.mat,111125,5,2,Hipofiz tümörü,2,Hipofiz tümörü,evet,0.0,0.0,1.0
1120,1121,brain_tumor_figshare/1121.mat,111125,5,2,Hipofiz tümörü,2,Hipofiz tümörü,evet,0.0,0.0,1.0
1121,1122,brain_tumor_figshare/1122.mat,111125,5,2,Hipofiz tümörü,2,Hipofiz tümörü,evet,0.0,2e-06,0.999997
1122,1123,brain_tumor_figshare/1123.mat,111125,5,2,Hipofiz tümörü,2,Hipofiz tümörü,evet,0.0,0.0,1.0
1123,1124,brain_tumor_figshare/1124.mat,111785,5,2,Hipofiz tümörü,2,Hipofiz tümörü,evet,0.0,2e-06,0.999998
1124,1125,brain_tumor_figshare/1125.mat,111785,5,2,Hipofiz tümörü,2,Hipofiz tümörü,evet,0.0,0.0,1.0
1125,1126,brain_tumor_figshare/1126.mat,111785,5,2,Hipofiz tümörü,2,Hipofiz tümörü,evet,0.0,2e-06,0.999998
1126,1127,brain_tumor_figshare/1127.mat,111785,5,2,Hipofiz tümörü,2,Hipofiz tümörü,evet,1e-06,0.0,0.999999
1127,1128,brain_tumor_figshare/1128.mat,111785,5,2,Hipofiz tümörü,2,Hipofiz tümörü,evet,1e-06,1e-06,0.999999
1128,1129,brain_tumor_figshare/1129.mat,112074,1,2,Hipofiz tümörü,2,Hipofiz tümörü,evet,0.059542,0.015989,0.924468
1129,1130,brain_tumor_figshare/1130.mat,112074,1,2,Hipofiz tümörü,2,Hipofiz tümörü,evet,0.278157,0.009222,0.712621
1130,1131,brain_tumor_figshare/1131.mat,112074,1,2,Hipofiz tümörü,2,Hipofiz tümörü,evet,0.12706,0.000238,0.872702
1131,1132,brain_tumor_figshare/1132.mat,112074,1,2,Hipofiz tümörü,2,Hipofiz tümörü,evet,0.498755,0.001758,0.499487
1132,1133,brain_tumor_figshare/1133.mat,112074,1,2,Hipofiz tümörü,2,Hipofiz tümörü,evet,0.007453,0.032923,0.959624
1133,1134,brain_tumor_figshare/1134.mat,112649,5,2,Hipofiz tümörü,2,Hipofiz tümörü,evet,0.0,2e-06,0.999998
1134,1135,brain_tumor_figshare/1135.mat,112649,5,2,Hipofiz tümörü,2,Hipofiz tümörü,evet,0.0,0.0,0.999999
1135,1136,brain_tumor_figshare/1136.mat,112649,5,2,Hipofiz tümörü,2,Hipofiz tümörü,evet,1e-06,1e-05,0.999989
1136,1137,brain_tumor_figshare/1137.mat,112649,5,2,Hipofiz tümörü,2,Hipofiz tümörü,evet,0.0,1e-06,0.999999
1137,1138,brain_tumor_figshare/1138.mat,112649,5,2,Hipofiz tümörü,2,Hipofiz tümörü,evet,0.0,2.3e-05,0.999977
1138,1139,brain_tumor_figshare/1139.mat,112649,5,2,Hipofiz tümörü,2,Hipofiz tümörü,evet,0.0,8e-06,0.999992
1139,1140,brain_tumor_figshare/1140.mat,112746,1,2,Hipofiz tümörü,2,Hipofiz tümörü,evet,2e-06,0.0,0.999998
1140,1141,brain_tumor_figshare/1141.mat,112746,1,2,Hipofiz tümörü,2,Hipofiz tümörü,evet,1e-06,0.0,0.999999
1141,1142,brain_tumor_figshare/1142.mat,112746,1,2,Hipofiz tümörü,2,Hipofiz tümörü,evet,6e-06,0.0,0.999994
1142,1143,brain_tumor_figshare/1143.mat,112746,1,2,Hipofiz tümörü,2,Hipofiz tümörü,evet,1e-06,2e-06,0.999998
1143,1144,brain_tumor_figshare/1144.mat,112847,5,2,Hipofiz tümörü,2,Hipofiz tümörü,evet,0.0,0.0,1.0
1144,1145,brain_tumor_figshare/1145.mat,112847,5,2,Hipofiz tümörü,2,Hipofiz tümörü,evet,1e-06,0.0,0.999999
1145,1146,brain_tumor_figshare/1146.mat,112847,5,2,Hipofiz tümörü,2,Hipofiz tümörü,evet,1e-06,3e-06,0.999997
1146,1147,brain_tumor_figshare/1147.mat,112847,5,2,Hipofiz tümörü,2,Hipofiz tümörü,evet,1.5e-05,1e-06,0.999983
1147,1148,brain_tumor_figshare/1148.mat,113274,3,2,Hipofiz tümörü,2,Hipofiz tümörü,evet,0.0,0.0,1.0
1148,1149,brain_tumor_figshare/1149.mat,113274,3,2,Hipofiz tümörü,2,Hipofiz tümörü,evet,0.0,1e-06,0.999999
1149,1150,brain_tumor_figshare/1150.mat,113274,3,2,Hipofiz tümörü,2,Hipofiz tümörü,evet,0.0,1e-06,0.999999
1150,1151,brain_tumor_figshare/1151.mat,113741,3,2,Hipofiz tümörü,2,Hipofiz tümörü,evet,0.0,1e-06,0.999999
1151,1152,brain_tumor_figshare/1152.mat,113741,3,2,Hipofiz tümörü,2,Hipofiz tümörü,evet,0.0,1e-06,0.999999
1152,1153,brain_tumor_figshare/1153.mat,113741,3,2,Hipofiz tümörü,2,Hipofiz tümörü,evet,0.0,1e-06,0.999999
1153,1154,brain_tumor_figshare/1154.mat,114040,4,2,Hipofiz tümörü,2,Hipofiz tümörü,evet,0.000165,1.7e-05,0.999817
1154,1155,brain_tumor_figshare/1155.mat,114040,4,2,Hipofiz tümörü,2,Hipofiz tümörü,evet,0.00039,1e-06,0.999609
1155,1156,brain_tumor_figshare/1156.mat,114040,4,2,Hipofiz tümörü,2,Hipofiz tümörü,evet,0.000556,3e-06,0.999441
1156,1157,brain_tumor_figshare/1157.mat,114361,4,2,Hipofiz tümörü,2,Hipofiz tümörü,evet,8e-06,0.0,0.999992
1157,1158,brain_tumor_figshare/1158.mat,114361,4,2,Hipofiz tümörü,2,Hipofiz tümörü,evet,3e-06,0.0,0.999997
1158,1159,brain_tumor_figshare/1159.mat,114361,4,2,Hipofiz tümörü,2,Hipofiz tümörü,evet,1e-06,0.0,0.999999
1159,1160,brain_tumor_figshare/1160.mat,114361,4,2,Hipofiz tümörü,2,Hipofiz tümörü,evet,4e-06,0.0,0.999996
1160,1161,brain_tumor_figshare/1161.mat,114094,1,2,Hipofiz tümörü,2,Hipofiz tümörü,evet,0.003568,0.000427,0.996005
1161,1162,brain_tumor_figshare/1162.mat,114094,1,2,Hipofiz tümörü,2,Hipofiz tümörü,evet,0.001101,2.8e-05,0.998872
1162,1163,brain_tumor_figshare/1163.mat,114094,1,2,Hipofiz tümörü,2,Hipofiz tümörü,evet,4e-06,0.0,0.999996
1163,1164,brain_tumor_figshare/1164.mat,114094,1,2,Hipofiz tümörü,2,Hipofiz tümörü,evet,6e-06,5e-05,0.999944
1164,1165,brain_tumor_figshare/1165.mat,114094,1,2,Hipofiz tümörü,2,Hipofiz tümörü,evet,1e-06,1e-06,0.999997
1165,1166,brain_tumor_figshare/1166.mat,105936,5,2,Hipofiz tümörü,2,Hipofiz tümörü,evet,0.0,1e-06,0.999999
1166,1167,brain_tumor_figshare/1167.mat,105936,5,2,Hipofiz tümörü,2,Hipofiz tümörü,evet,0.0,0.0,1.0
1167,1168,brain_tumor_figshare/1168.mat,105936,5,2,Hipofiz tümörü,2,Hipofiz tümörü,evet,0.0,0.0,1.0
1168,1169,brain_tumor_figshare/1169.mat,106062,3,2,Hipofiz tümörü,2,Hipofiz tümörü,evet,0.0,0.0,0.999999
1169,1170,brain_tumor_figshare/1170.mat,106062,3,2,Hipofiz tümörü,2,Hipofiz tümörü,evet,0.0,0.0,1.0
1170,1171,brain_tumor_figshare/1171.mat,106062,3,2,Hipofiz tümörü,2,Hipofiz tümörü,evet,0.0,0.0,1.0
1171,1172,brain_tumor_figshare/1172.mat,106062,3,2,Hipofiz tümörü,2,Hipofiz tümörü,evet,1.3e-05,4.5e-05,0.999942
1172,1173,brain_tumor_figshare/1173.mat,106062,3,2,Hipofiz tümörü,2,Hipofiz tümörü,evet,0.0,0.0,1.0
1173,1174,brain_tumor_figshare/1174.mat,106062,3,2,Hipofiz tümörü,2,Hipofiz tümörü,evet,0.0,1e-06,0.999999
1174,1175,brain_tumor_figshare/1175.mat,106062,3,2,Hipofiz tümörü,2,Hipofiz tümörü,evet,0.000921,0.000478,0.998601
1175,1176,brain_tumor_figshare/1176.mat,107495,3,2,Hipofiz tümörü,2,Hipofiz tümörü,evet,0.0,0.0,1.0
1176,1177,brain_tumor_figshare/1177.mat,107495,3,2,Hipofiz tümörü,2,Hipofiz tümörü,evet,0.0,0.0,1.0
1177,1178,brain_tumor_figshare/1178.mat,107495,3,2,Hipofiz tümörü,2,Hipofiz tümörü,evet,1e-06,0.0,0.999999
1178,1179,brain_tumor_figshare/1179.mat,107495,3,2,Hipofiz tümörü,2,Hipofiz tümörü,evet,0.0,0.0,1.0
1179,1180,brain_tumor_figshare/1180.mat,107495,3,2,Hipofiz tümörü,2,Hipofiz tümörü,evet,0.0,0.0,1.0
1180,1181,brain_tumor_figshare/1181.mat,107495,3,2,Hipofiz tümörü,2,Hipofiz tümörü,evet,0.0,1e-06,0.999999
1181,1182,brain_tumor_figshare/1182.mat,107429,1,2,Hipofiz tümörü,2,Hipofiz tümörü,evet,5.1e-05,3.6e-05,0.999914
1182,1183,brain_tumor_figshare/1183.mat,107429,1,2,Hipofiz tümörü,2,Hipofiz tümörü,evet,0.105365,8.8e-05,0.894547
1183,1184,brain_tumor_figshare/1184.mat,107429,1,2,Hipofiz tümörü,2,Hipofiz tümörü,evet,0.000354,0.0,0.999645
1184,1185,brain_tumor_figshare/1185.mat,107429,1,2,Hipofiz tümörü,2,Hipofiz tümörü,evet,2.9e-05,0.0,0.999971
1185,1186,brain_tumor_figshare/1186.mat,107429,1,2,Hipofiz tümörü,2,Hipofiz tümörü,evet,0.001441,4e-06,0.998556
1186,1187,brain_tumor_figshare/1187.mat,107429,1,2,Hipofiz tümörü,2,Hipofiz tümörü,evet,0.000518,0.0,0.999482
1187,1188,brain_tumor_figshare/1188.mat,107429,1,2,Hipofiz tümörü,2,Hipofiz tümörü,evet,2e-06,3e-06,0.999995
1188,1189,brain_tumor_figshare/1189.mat,107505,5,2,Hipofiz tümörü,2,Hipofiz tümörü,evet,2e-06,4.8e-05,0.999951
1189,1190,brain_tumor_figshare/1190.mat,107505,5,2,Hipofiz tümörü,2,Hipofiz tümörü,evet,0.0,2e-06,0.999998
1190,1191,brain_tumor_figshare/1191.mat,107505,5,2,Hipofiz tümörü,2,Hipofiz tümörü,evet,3e-06,1.1e-05,0.999986
1191,1192,brain_tumor_figshare/1192.mat,107505,5,2,Hipofiz tümörü,2,Hipofiz tümörü,evet,2e-06,7e-06,0.999991
1192,1193,brain_tumor_figshare/1193.mat,107505,5,2,Hipofiz tümörü,2,Hipofiz tümörü,evet,0.0,0.0,1.0
1193,1194,brain_tumor_figshare/1194.mat,107743,5,2,Hipofiz tümörü,2,Hipofiz tümörü,evet,0.0,1.5e-05,0.999984
1194,1195,brain_tumor_figshare/1195.mat,107743,5,2,Hipofiz tümörü,2,Hipofiz tümörü,evet,0.0,1e-06,0.999999
1195,1196,brain_tumor_figshare/1196.mat,107743,5,2,Hipofiz tümörü,2,Hipofiz tümörü,evet,0.0,1e-06,0.999999
1196,1197,brain_tumor_figshare/1197.mat,107743,5,2,Hipofiz tümörü,2,Hipofiz tümörü,evet,0.0,1e-06,0.999999
1197,1198,brain_tumor_figshare/1198.mat,108858,1,2,Hipofiz tümörü,2,Hipofiz tümörü,evet,4e-06,0.00017,0.999826
1198,1199,brain_tumor_figshare/1199.mat,108858,1,2,Hipofiz tümörü,2,Hipofiz tümörü,evet,2e-06,0.0,0.999997
1199,1200,brain_tumor_figshare/1200.mat,108858,1,2,Hipofiz tümörü,2,Hipofiz tümörü,evet,1.2e-05,2e-06,0.999987
1200,1201,brain_tumor_figshare/1201.mat,108858,1,2,Hipofiz tümörü,2,Hipofiz tümörü,evet,0.0,0.0,1.0
1201,1202,brain_tumor_figshare/1202.mat,108858,1,2,Hipofiz tümörü,2,Hipofiz tümörü,evet,3.1e-05,9.2e-05,0.999877
1202,1203,brain_tumor_figshare/1203.mat,108931,4,2,Hipofiz tümörü,2,Hipofiz tümörü,evet,0.0,0.0,1.0
1203,1204,brain_tumor_figshare/1204.mat,108931,4,2,Hipofiz tümörü,2,Hipofiz tümörü,evet,0.0,0.0,1.0
1204,1205,brain_tumor_figshare/1205.mat,108931,4,2,Hipofiz tümörü,2,Hipofiz tümörü,evet,0.0,0.0,1.0
1205,1206,brain_tumor_figshare/1206.mat,108931,4,2,Hipofiz tümörü,2,Hipofiz tümörü,evet,0.0,0.0,1.0
1206,1207,brain_tumor_figshare/1207.mat,108931,4,2,Hipofiz tümörü,2,Hipofiz tümörü,evet,0.0,0.0,1.0
1207,1208,brain_tumor_figshare/1208.mat,109471,3,2,Hipofiz tümörü,2,Hipofiz tümörü,evet,0.0,0.0,1.0
1208,1209,brain_tumor_figshare/1209.mat,109471,3,2,Hipofiz tümörü,2,Hipofiz tümörü,evet,0.0,0.0,1.0
1209,1210,brain_tumor_figshare/1210.mat,109471,3,2,Hipofiz tümörü,2,Hipofiz tümörü,evet,1e-06,1e-06,0.999997
1210,1211,brain_tumor_figshare/1211.mat,109471,3,2,Hipofiz tümörü,2,Hipofiz tümörü,evet,0.0,0.0,1.0
1211,1212,brain_tumor_figshare/1212.mat,109471,3,2,Hipofiz tümörü,2,Hipofiz tümörü,evet,0.0,0.0,1.0
1212,1213,brain_tumor_figshare/1213.mat,109471,3,2,Hipofiz tümörü,2,Hipofiz tümörü,evet,0.0,0.0,1.0
1213,1214,brain_tumor_figshare/1214.mat,109769,2,2,Hipofiz tümörü,2,Hipofiz tümörü,evet,2e-06,0.0,0.999998
1214,1215,brain_tumor_figshare/1215.mat,109769,2,2,Hipofiz tümörü,2,Hipofiz tümörü,evet,1.2e-05,4e-06,0.999984
1215,1216,brain_tumor_figshare/1216.mat,109769,2,2,Hipofiz tümörü,2,Hipofiz tümörü,evet,3e-06,1e-05,0.999987
1216,1217,brain_tumor_figshare/1217.mat,109769,2,2,Hipofiz tümörü,2,Hipofiz tümörü,evet,3e-06,3e-06,0.999995
1217,1218,brain_tumor_figshare/1218.mat,109769,2,2,Hipofiz tümörü,2,Hipofiz tümörü,evet,1e-06,1e-06,0.999998
1218,1219,brain_tumor_figshare/1219.mat,109898,3,2,Hipofiz tümörü,2,Hipofiz tümörü,evet,1e-06,1e-06,0.999998
1219,1220,brain_tumor_figshare/1220.mat,109898,3,2,Hipofiz tümörü,2,Hipofiz tümörü,evet,1e-06,1.3e-05,0.999986
1220,1221,brain_tumor_figshare/1221.mat,109898,3,2,Hipofiz tümörü,2,Hipofiz tümörü,evet,9e-06,0.002753,0.997238
1221,1222,brain_tumor_figshare/1222.mat,110518,2,2,Hipofiz tümörü,2,Hipofiz tümörü,evet,0.00036,5.3e-05,0.999587
1222,1223,brain_tumor_figshare/1223.mat,110518,2,2,Hipofiz tümörü,2,Hipofiz tümörü,evet,7e-06,1e-06,0.999993
1223,1224,brain_tumor_figshare/1224.mat,110518,2,2,Hipofiz tümörü,2,Hipofiz tümörü,evet,3.4e-05,3e-06,0.999963
1224,1225,brain_tumor_figshare/1225.mat,110518,2,2,Hipofiz tümörü,2,Hipofiz tümörü,evet,1e-06,1.4e-05,0.999984
1225,1226,brain_tumor_figshare/1226.mat,110537,5,2,Hipofiz tümörü,2,Hipofiz tümörü,evet,9e-06,3e-06,0.999988
1226,1227,brain_tumor_figshare/1227.mat,110537,5,2,Hipofiz tümörü,2,Hipofiz tümörü,evet,1.2e-05,5e-06,0.999983
1227,1228,brain_tumor_figshare/1228.mat,110537,5,2,Hipofiz tümörü,2,Hipofiz tümörü,evet,0.000421,5.4e-05,0.999525
1228,1229,brain_tumor_figshare/1229.mat,110537,5,2,Hipofiz tümörü,2,Hipofiz tümörü,evet,5.9e-05,0.000106,0.999834
1229,1230,brain_tumor_figshare/1230.mat,110993,4,2,Hipofiz tümörü,2,Hipofiz tümörü,evet,1.7e-05,4e-06,0.999979
1230,1231,brain_tumor_figshare/1231.mat,110993,4,2,Hipofiz tümörü,2,Hipofiz tümörü,evet,3e-06,1e-06,0.999996
1231,1232,brain_tumor_figshare/1232.mat,110993,4,2,Hipofiz tümörü,2,Hipofiz tümörü,evet,4e-06,1e-06,0.999995
1232,1233,brain_tumor_figshare/1233.mat,111075,2,2,Hipofiz tümörü,2,Hipofiz tümörü,evet,0.0,0.0,1.0
1233,1234,brain_tumor_figshare/1234.mat,111075,2,2,Hipofiz tümörü,2,Hipofiz tümörü,evet,3e-06,2e-06,0.999996
1234,1235,brain_tumor_figshare/1235.mat,111075,2,2,Hipofiz tümörü,2,Hipofiz tümörü,evet,1e-06,0.0,0.999999
1235,1236,brain_tumor_figshare/1236.mat,111075,2,2,Hipofiz tümörü,2,Hipofiz tümörü,evet,2.5e-05,1.3e-05,0.999962
1236,1237,brain_tumor_figshare/1237.mat,111075,2,2,Hipofiz tümörü,2,Hipofiz tümörü,evet,1.2e-05,6e-06,0.999982
1237,1238,brain_tumor_figshare/1238.mat,111125,5,2,Hipofiz tümörü,2,Hipofiz tümörü,evet,4e-06,2.3e-05,0.999972
1238,1239,brain_tumor_figshare/1239.mat,111125,5,2,Hipofiz tümörü,2,Hipofiz tümörü,evet,3e-06,5.6e-05,0.999941
1239,1240,brain_tumor_figshare/1240.mat,111125,5,2,Hipofiz tümörü,2,Hipofiz tümörü,evet,3e-06,3.9e-05,0.999958
1240,1241,brain_tumor_figshare/1241.mat,111125,5,2,Hipofiz tümörü,2,Hipofiz tümörü,evet,6e-06,0.000136,0.999858
1241,1242,brain_tumor_figshare/1242.mat,111785,5,2,Hipofiz tümörü,2,Hipofiz tümörü,evet,2e-06,3.7e-05,0.999961
1242,1243,brain_tumor_figshare/1243.mat,111785,5,2,Hipofiz tümörü,2,Hipofiz tümörü,evet,2.5e-05,8e-06,0.999967
1243,1244,brain_tumor_figshare/1244.mat,111785,5,2,Hipofiz tümörü,2,Hipofiz tümörü,evet,0.0,0.0,1.0
1244,1245,brain_tumor_figshare/1245.mat,111785,5,2,Hipofiz tümörü,2,Hipofiz tümörü,evet,4e-06,6e-06,0.99999
1245,1246,brain_tumor_figshare/1246.mat,112074,1,2,Hipofiz tümörü,0,Meningiom,hayır,0.812385,0.02378,0.163836
1246,1247,brain_tumor_figshare/1247.mat,112074,1,2,Hipofiz tümörü,0,Meningiom,hayır,0.956611,8.8e-05,0.0433
1247,1248,brain_tumor_figshare/1248.mat,112074,1,2,Hipofiz tümörü,0,Meningiom,hayır,0.725891,0.001166,0.272943
1248,1249,brain_tumor_figshare/1249.mat,112074,1,2,Hipofiz tümörü,0,Meningiom,hayır,0.954208,7.5e-05,0.045718
1249,1250,brain_tumor_figshare/1250.mat,112074,1,2,Hipofiz tümörü,0,Meningiom,hayır,0.951207,0.023951,0.024842
1250,1251,brain_tumor_figshare/1251.mat,112649,5,2,Hipofiz tümörü,2,Hipofiz tümörü,evet,4e-06,2.7e-05,0.999969
1251,1252,brain_tumor_figshare/1252.mat,112649,5,2,Hipofiz tümörü,2,Hipofiz tümörü,evet,4.4e-05,0.000131,0.999825
1252,1253,brain_tumor_figshare/1253.mat,112649,5,2,Hipofiz tümörü,2,Hipofiz tümörü,evet,0.0,1.7e-05,0.999982
1253,1254,brain_tumor_figshare/1254.mat,112649,5,2,Hipofiz tümörü,2,Hipofiz tümörü,evet,2e-06,5e-05,0.999948
1254,1255,brain_tumor_figshare/1255.mat,112649,5,2,Hipofiz tümörü,2,Hipofiz tümörü,evet,1e-06,3e-05,0.999969
1255,1256,brain_tumor_figshare/1256.mat,112746,1,2,Hipofiz tümörü,2,Hipofiz tümörü,evet,0.0,1e-06,0.999999
1256,1257,brain_tumor_figshare/1257.mat,112746,1,2,Hipofiz tümörü,2,Hipofiz tümörü,evet,2e-06,0.0,0.999998
1257,1258,brain_tumor_figshare/1258.mat,112746,1,2,Hipofiz tümörü,2,Hipofiz tümörü,evet,2.7e-05,3.6e-05,0.999938
1258,1259,brain_tumor_figshare/1259.mat,112746,1,2,Hipofiz tümörü,2,Hipofiz tümörü,evet,5.1e-05,1.8e-05,0.999931
1259,1260,brain_tumor_figshare/1260.mat,112746,1,2,Hipofiz tümörü,2,Hipofiz tümörü,evet,0.0,2e-06,0.999998
1260,1261,brain_tumor_figshare/1261.mat,112847,5,2,Hipofiz tümörü,2,Hipofiz tümörü,evet,1e-06,0.0,0.999998
1261,1262,brain_tumor_figshare/1262.mat,112847,5,2,Hipofiz tümörü,2,Hipofiz tümörü,evet,1e-06,1e-05,0.999989
1262,1263,brain_tumor_figshare/1263.mat,112847,5,2,Hipofiz tümörü,2,Hipofiz tümörü,evet,6e-06,0.000168,0.999827
1263,1264,brain_tumor_figshare/1264.mat,112847,5,2,Hipofiz tümörü,2,Hipofiz tümörü,evet,1e-06,1e-06,0.999998
1264,1265,brain_tumor_figshare/1265.mat,112847,5,2,Hipofiz tümörü,2,Hipofiz tümörü,evet,0.0,1e-06,0.999998
1265,1266,brain_tumor_figshare/1266.mat,113274,3,2,Hipofiz tümörü,2,Hipofiz tümörü,evet,5.2e-05,0.020378,0.979569
1266,1267,brain_tumor_figshare/1267.mat,113274,3,2,Hipofiz tümörü,2,Hipofiz tümörü,evet,0.000371,0.022863,0.976766
1267,1268,brain_tumor_figshare/1268.mat,113274,3,2,Hipofiz tümörü,2,Hipofiz tümörü,evet,3.8e-05,0.003908,0.996055
1268,1269,brain_tumor_figshare/1269.mat,113274,3,2,Hipofiz tümörü,2,Hipofiz tümörü,evet,1.4e-05,0.001127,0.99886
1269,1270,brain_tumor_figshare/1270.mat,113741,3,2,Hipofiz tümörü,2,Hipofiz tümörü,evet,1e-06,2e-06,0.999997
1270,1271,brain_tumor_figshare/1271.mat,113741,3,2,Hipofiz tümörü,2,Hipofiz tümörü,evet,0.0,0.0,0.999999
1271,1272,brain_tumor_figshare/1272.mat,113741,3,2,Hipofiz tümörü,2,Hipofiz tümörü,evet,1e-06,8e-06,0.999992
1272,1273,brain_tumor_figshare/1273.mat,114040,4,2,Hipofiz tümörü,2,Hipofiz tümörü,evet,9e-06,2e-06,0.999989
1273,1274,brain_tumor_figshare/1274.mat,114040,4,2,Hipofiz tümörü,2,Hipofiz tümörü,evet,8e-06,4e-06,0.999988
1274,1275,brain_tumor_figshare/1275.mat,114040,4,2,Hipofiz tümörü,2,Hipofiz tümörü,evet,4e-06,1e-06,0.999995
1275,1276,brain_tumor_figshare/1276.mat,114361,4,2,Hipofiz tümörü,2,Hipofiz tümörü,evet,0.000327,0.0,0.999673
1276,1277,brain_tumor_figshare/1277.mat,114361,4,2,Hipofiz tümörü,2,Hipofiz tümörü,evet,0.000803,0.00014,0.999057
1277,1278,brain_tumor_figshare/1278.mat,114361,4,2,Hipofiz tümörü,2,Hipofiz tümörü,evet,1e-06,0.0,0.999998
1278,1279,brain_tumor_figshare/1279.mat,114094,1,2,Hipofiz tümörü,2,Hipofiz tümörü,evet,2e-06,1.8e-05,0.99998
1279,1280,brain_tumor_figshare/1280.mat,114094,1,2,Hipofiz tümörü,2,Hipofiz tümörü,evet,5e-06,1.8e-05,0.999977
1280,1281,brain_tumor_figshare/1281.mat,114094,1,2,Hipofiz tümörü,2,Hipofiz tümörü,evet,0.000153,0.0,0.999847
1281,1282,brain_tumor_figshare/1282.mat,114094,1,2,Hipofiz tümörü,2,Hipofiz tümörü,evet,0.000773,6.5e-05,0.999162
1282,1283,brain_tumor_figshare/1283.mat,101029,1,2,Hipofiz tümörü,2,Hipofiz tümörü,evet,9e-06,1e-06,0.99999
1283,1284,brain_tumor_figshare/1284.mat,101029,1,2,Hipofiz tümörü,2,Hipofiz tümörü,evet,2.2e-05,0.0,0.999977
1284,1285,brain_tumor_figshare/1285.mat,101145,2,2,Hipofiz tümörü,2,Hipofiz tümörü,evet,5e-06,0.0,0.999995
1285,1286,brain_tumor_figshare/1286.mat,101145,2,2,Hipofiz tümörü,2,Hipofiz tümörü,evet,4.5e-05,1e-06,0.999954
1286,1287,brain_tumor_figshare/1287.mat,101145,2,2,Hipofiz tümörü,2,Hipofiz tümörü,evet,1.1e-05,0.0,0.999989
1287,1288,brain_tumor_figshare/1288.mat,101145,2,2,Hipofiz tümörü,2,Hipofiz tümörü,evet,1.5e-05,0.0,0.999985
1288,1289,brain_tumor_figshare/1289.mat,101305,3,2,Hipofiz tümörü,2,Hipofiz tümörü,evet,1e-06,1e-06,0.999999
1289,1290,brain_tumor_figshare/1290.mat,101305,3,2,Hipofiz tümörü,2,Hipofiz tümörü,evet,2e-06,0.0,0.999998
1290,1291,brain_tumor_figshare/1291.mat,101305,3,2,Hipofiz tümörü,2,Hipofiz tümörü,evet,1e-05,3e-06,0.999986
1291,1292,brain_tumor_figshare/1292.mat,101305,3,2,Hipofiz tümörü,2,Hipofiz tümörü,evet,0.000175,4e-06,0.99982
1292,1293,brain_tumor_figshare/1293.mat,101724,2,2,Hipofiz tümörü,2,Hipofiz tümörü,evet,4e-06,4e-06,0.999992
1293,1294,brain_tumor_figshare/1294.mat,101724,2,2,Hipofiz tümörü,2,Hipofiz tümörü,evet,1.8e-05,4e-06,0.999978
1294,1295,brain_tumor_figshare/1295.mat,102648,2,2,Hipofiz tümörü,2,Hipofiz tümörü,evet,2.8e-05,3.1e-05,0.999941
1295,1296,brain_tumor_figshare/1296.mat,102648,2,2,Hipofiz tümörü,2,Hipofiz tümörü,evet,1.2e-05,6e-06,0.999982
1296,1297,brain_tumor_figshare/1297.mat,102648,2,2,Hipofiz tümörü,2,Hipofiz tümörü,evet,4.5e-05,1.6e-05,0.999939
1297,1298,brain_tumor_figshare/1298.mat,102648,2,2,Hipofiz tümörü,2,Hipofiz tümörü,evet,0.00025,1.9e-05,0.999731
1298,1299,brain_tumor_figshare/1299.mat,102648,2,2,Hipofiz tümörü,2,Hipofiz tümörü,evet,1.3e-05,5e-06,0.999983
1299,1300,brain_tumor_figshare/1300.mat,102648,2,2,Hipofiz tümörü,2,Hipofiz tümörü,evet,6e-06,2.4e-05,0.999971
1300,1301,brain_tumor_figshare/1301.mat,103046,2,2,Hipofiz tümörü,2,Hipofiz tümörü,evet,0.0,0.0,1.0
1301,1302,brain_tumor_figshare/1302.mat,103046,2,2,Hipofiz tümörü,2,Hipofiz tümörü,evet,0.0,0.0,1.0
1302,1303,brain_tumor_figshare/1303.mat,103046,2,2,Hipofiz tümörü,2,Hipofiz tümörü,evet,1e-06,0.0,0.999999
1303,1304,brain_tumor_figshare/1304.mat,103257,4,2,Hipofiz tümörü,2,Hipofiz tümörü,evet,1.3e-05,0.0,0.999987
1304,1305,brain_tumor_figshare/1305.mat,103257,4,2,Hipofiz tümörü,2,Hipofiz tümörü,evet,1.7e-05,0.0,0.999983
1305,1306,brain_tumor_figshare/1306.mat,103257,4,2,Hipofiz tümörü,2,Hipofiz tümörü,evet,1.4e-05,0.0,0.999986
1306,1307,brain_tumor_figshare/1307.mat,103257,4,2,Hipofiz tümörü,2,Hipofiz tümörü,evet,2e-06,0.0,0.999998
1307,1308,brain_tumor_figshare/1308.mat,103257,4,2,Hipofiz tümörü,2,Hipofiz tümörü,evet,2e-06,0.0,0.999998
1308,1309,brain_tumor_figshare/1309.mat,103257,4,2,Hipofiz tümörü,2,Hipofiz tümörü,evet,3.2e-05,0.0,0.999968
1309,1310,brain_tumor_figshare/1310.mat,103478,5,2,Hipofiz tümörü,2,Hipofiz tümörü,evet,4e-06,2e-05,0.999976
1310,1311,brain_tumor_figshare/1311.mat,103478,5,2,Hipofiz tümörü,2,Hipofiz tümörü,evet,9.2e-05,5e-06,0.999904
1311,1312,brain_tumor_figshare/1312.mat,103478,5,2,Hipofiz tümörü,2,Hipofiz tümörü,evet,2.6e-05,1e-06,0.999973
1312,1313,brain_tumor_figshare/1313.mat,103478,5,2,Hipofiz tümörü,2,Hipofiz tümörü,evet,0.000917,2.4e-05,0.999059
1313,1314,brain_tumor_figshare/1314.mat,103478,5,2,Hipofiz tümörü,2,Hipofiz tümörü,evet,3e-06,1e-06,0.999995
1314,1315,brain_tumor_figshare/1315.mat,103478,5,2,Hipofiz tümörü,2,Hipofiz tümörü,evet,0.00021,2.4e-05,0.999766
1315,1316,brain_tumor_figshare/1316.mat,103478,5,2,Hipofiz tümörü,2,Hipofiz tümörü,evet,3.6e-05,0.003264,0.996701
1316,1317,brain_tumor_figshare/1317.mat,103582,3,2,Hipofiz tümörü,2,Hipofiz tümörü,evet,6e-05,2e-06,0.999938
1317,1318,brain_tumor_figshare/1318.mat,103582,3,2,Hipofiz tümörü,2,Hipofiz tümörü,evet,3.2e-05,2e-06,0.999966
1318,1319,brain_tumor_figshare/1319.mat,103582,3,2,Hipofiz tümörü,2,Hipofiz tümörü,evet,3.4e-05,1e-06,0.999966
1319,1320,brain_tumor_figshare/1320.mat,103582,3,2,Hipofiz tümörü,2,Hipofiz tümörü,evet,3e-05,2e-06,0.999969
1320,1321,brain_tumor_figshare/1321.mat,103582,3,2,Hipofiz tümörü,2,Hipofiz tümörü,evet,4.3e-05,7e-06,0.99995
1321,1322,brain_tumor_figshare/1322.mat,103582,3,2,Hipofiz tümörü,2,Hipofiz tümörü,evet,6e-06,6e-06,0.999988
1322,1323,brain_tumor_figshare/1323.mat,103670,5,2,Hipofiz tümörü,2,Hipofiz tümörü,evet,0.0,0.0,1.0
1323,1324,brain_tumor_figshare/1324.mat,103670,5,2,Hipofiz tümörü,2,Hipofiz tümörü,evet,0.0,0.0,1.0
1324,1325,brain_tumor_figshare/1325.mat,103670,5,2,Hipofiz tümörü,2,Hipofiz tümörü,evet,0.0,0.0,1.0
1325,1326,brain_tumor_figshare/1326.mat,103671,1,2,Hipofiz tümörü,2,Hipofiz tümörü,evet,0.003408,0.001764,0.994828
1326,1327,brain_tumor_figshare/1327.mat,103671,1,2,Hipofiz tümörü,2,Hipofiz tümörü,evet,0.011908,0.000279,0.987813
1327,1328,brain_tumor_figshare/1328.mat,103671,1,2,Hipofiz tümörü,2,Hipofiz tümörü,evet,0.222283,0.002723,0.774994
1328,1329,brain_tumor_figshare/1329.mat,103671,1,2,Hipofiz tümörü,2,Hipofiz tümörü,evet,0.002215,0.035479,0.962306
1329,1330,brain_tumor_figshare/1330.mat,103731,4,2,Hipofiz tümörü,2,Hipofiz tümörü,evet,5e-06,0.0,0.999995
1330,1331,brain_tumor_figshare/1331.mat,103731,4,2,Hipofiz tümörü,2,Hipofiz tümörü,evet,4e-06,0.0,0.999996
1331,1332,brain_tumor_figshare/1332.mat,103731,4,2,Hipofiz tümörü,2,Hipofiz tümörü,evet,4e-06,0.0,0.999996
1332,1333,brain_tumor_figshare/1333.mat,103731,4,2,Hipofiz tümörü,2,Hipofiz tümörü,evet,3.4e-05,1e-06,0.999965
1333,1334,brain_tumor_figshare/1334.mat,103731,4,2,Hipofiz tümörü,2,Hipofiz tümörü,evet,1.6e-05,1e-06,0.999984
1334,1335,brain_tumor_figshare/1335.mat,103731,4,2,Hipofiz tümörü,2,Hipofiz tümörü,evet,5e-06,0.0,0.999995
1335,1336,brain_tumor_figshare/1336.mat,103731,4,2,Hipofiz tümörü,2,Hipofiz tümörü,evet,4e-06,0.0,0.999995
1336,1337,brain_tumor_figshare/1337.mat,103731,4,2,Hipofiz tümörü,2,Hipofiz tümörü,evet,9e-06,5e-06,0.999986
1337,1338,brain_tumor_figshare/1338.mat,103731,4,2,Hipofiz tümörü,2,Hipofiz tümörü,evet,9.4e-05,3e-06,0.999902
1338,1339,brain_tumor_figshare/1339.mat,103731,4,2,Hipofiz tümörü,2,Hipofiz tümörü,evet,0.0,0.0,1.0
1339,1340,brain_tumor_figshare/1340.mat,103837,2,2,Hipofiz tümörü,2,Hipofiz tümörü,evet,1.6e-05,0.0,0.999984
1340,1341,brain_tumor_figshare/1341.mat,103837,2,2,Hipofiz tümörü,2,Hipofiz tümörü,evet,1.4e-05,0.0,0.999986
1341,1342,brain_tumor_figshare/1342.mat,103837,2,2,Hipofiz tümörü,2,Hipofiz tümörü,evet,1e-06,0.0,0.999999
1342,1343,brain_tumor_figshare/1343.mat,103837,2,2,Hipofiz tümörü,2,Hipofiz tümörü,evet,2e-06,0.0,0.999998
1343,1344,brain_tumor_figshare/1344.mat,103837,2,2,Hipofiz tümörü,2,Hipofiz tümörü,evet,0.0,0.0,1.0
1344,1345,brain_tumor_figshare/1345.mat,103837,2,2,Hipofiz tümörü,2,Hipofiz tümörü,evet,1e-06,0.0,0.999999
1345,1346,brain_tumor_figshare/1346.mat,103837,2,2,Hipofiz tümörü,2,Hipofiz tümörü,evet,1e-06,0.0,0.999999
1346,1347,brain_tumor_figshare/1347.mat,103837,2,2,Hipofiz tümörü,2,Hipofiz tümörü,evet,0.0,0.0,1.0
1347,1348,brain_tumor_figshare/1348.mat,104019,4,2,Hipofiz tümörü,2,Hipofiz tümörü,evet,1.2e-05,2.4e-05,0.999964
1348,1349,brain_tumor_figshare/1349.mat,104019,4,2,Hipofiz tümörü,2,Hipofiz tümörü,evet,4e-06,0.0,0.999996
1349,1350,brain_tumor_figshare/1350.mat,104019,4,2,Hipofiz tümörü,2,Hipofiz tümörü,evet,1e-06,0.0,0.999999
1350,1351,brain_tumor_figshare/1351.mat,104019,4,2,Hipofiz tümörü,2,Hipofiz tümörü,evet,2e-06,0.0,0.999998
1351,1352,brain_tumor_figshare/1352.mat,104558,2,2,Hipofiz tümörü,2,Hipofiz tümörü,evet,0.000138,2.4e-05,0.999837
1352,1353,brain_tumor_figshare/1353.mat,104558,2,2,Hipofiz tümörü,2,Hipofiz tümörü,evet,3e-06,0.0,0.999997
1353,1354,brain_tumor_figshare/1354.mat,104558,2,2,Hipofiz tümörü,2,Hipofiz tümörü,evet,1e-06,0.0,0.999999
1354,1355,brain_tumor_figshare/1355.mat,104558,2,2,Hipofiz tümörü,2,Hipofiz tümörü,evet,3.7e-05,0.0,0.999963
1355,1356,brain_tumor_figshare/1356.mat,104558,2,2,Hipofiz tümörü,2,Hipofiz tümörü,evet,0.019116,7e-06,0.980877
1356,1357,brain_tumor_figshare/1357.mat,104558,2,2,Hipofiz tümörü,2,Hipofiz tümörü,evet,0.004214,3e-06,0.995783
1357,1358,brain_tumor_figshare/1358.mat,104558,2,2,Hipofiz tümörü,2,Hipofiz tümörü,evet,0.003891,2.1e-05,0.996088
1358,1359,brain_tumor_figshare/1359.mat,104558,2,2,Hipofiz tümörü,2,Hipofiz tümörü,evet,0.031822,6.9e-05,0.968109
1359,1360,brain_tumor_figshare/1360.mat,104684,3,2,Hipofiz tümörü,2,Hipofiz tümörü,evet,2.1e-05,0.0,0.999979
1360,1361,brain_tumor_figshare/1361.mat,104684,3,2,Hipofiz tümörü,2,Hipofiz tümörü,evet,6e-06,0.0,0.999994
1361,1362,brain_tumor_figshare/1362.mat,104684,3,2,Hipofiz tümörü,2,Hipofiz tümörü,evet,6e-06,0.0,0.999994
1362,1363,brain_tumor_figshare/1363.mat,104684,3,2,Hipofiz tümörü,2,Hipofiz tümörü,evet,3e-06,0.0,0.999997
1363,1364,brain_tumor_figshare/1364.mat,104684,3,2,Hipofiz tümörü,2,Hipofiz tümörü,evet,2e-06,0.0,0.999998
1364,1365,brain_tumor_figshare/1365.mat,104684,3,2,Hipofiz tümörü,2,Hipofiz tümörü,evet,2e-06,0.0,0.999998
1365,1366,brain_tumor_figshare/1366.mat,104684,3,2,Hipofiz tümörü,2,Hipofiz tümörü,evet,3e-06,0.0,0.999997
1366,1367,brain_tumor_figshare/1367.mat,104684,3,2,Hipofiz tümörü,2,Hipofiz tümörü,evet,4e-06,3e-06,0.999993
1367,1368,brain_tumor_figshare/1368.mat,104684,3,2,Hipofiz tümörü,2,Hipofiz tümörü,evet,1.1e-05,2.2e-05,0.999967
1368,1369,brain_tumor_figshare/1369.mat,104912,5,2,Hipofiz tümörü,2,Hipofiz tümörü,evet,1e-06,0.0,0.999999
1369,1370,brain_tumor_figshare/1370.mat,104912,5,2,Hipofiz tümörü,2,Hipofiz tümörü,evet,5e-06,0.0,0.999995
1370,1371,brain_tumor_figshare/1371.mat,104912,5,2,Hipofiz tümörü,2,Hipofiz tümörü,evet,0.0,0.0,1.0
1371,1372,brain_tumor_figshare/1372.mat,104912,5,2,Hipofiz tümörü,2,Hipofiz tümörü,evet,0.0,0.0,1.0
1372,1373,brain_tumor_figshare/1373.mat,104912,5,2,Hipofiz tümörü,2,Hipofiz tümörü,evet,0.0,0.0,1.0
1373,1374,brain_tumor_figshare/1374.mat,105187,1,2,Hipofiz tümörü,2,Hipofiz tümörü,evet,0.0,0.0,1.0
1374,1375,brain_tumor_figshare/1375.mat,105187,1,2,Hipofiz tümörü,2,Hipofiz tümörü,evet,0.0,0.0,1.0
1375,1376,brain_tumor_figshare/1376.mat,105187,1,2,Hipofiz tümörü,2,Hipofiz tümörü,evet,0.0,0.0,1.0
1376,1377,brain_tumor_figshare/1377.mat,105187,1,2,Hipofiz tümörü,2,Hipofiz tümörü,evet,0.0,0.0,1.0
1377,1378,brain_tumor_figshare/1378.mat,105475,1,2,Hipofiz tümörü,2,Hipofiz tümörü,evet,1e-06,1e-06,0.999999
1378,1379,brain_tumor_figshare/1379.mat,105475,1,2,Hipofiz tümörü,2,Hipofiz tümörü,evet,2e-06,0.0,0.999998
1379,1380,brain_tumor_figshare/1380.mat,105538,4,2,Hipofiz tümörü,0,Meningiom,hayır,0.69454,0.000851,0.304609
1380,1381,brain_tumor_figshare/1381.mat,105538,4,2,Hipofiz tümörü,2,Hipofiz tümörü,evet,0.319037,0.002182,0.678781
1381,1382,brain_tumor_figshare/1382.mat,105538,4,2,Hipofiz tümörü,2,Hipofiz tümörü,evet,0.226213,0.001447,0.772339
1382,1383,brain_tumor_figshare/1383.mat,105638,4,2,Hipofiz tümörü,2,Hipofiz tümörü,evet,4e-06,0.0,0.999996
1383,1384,brain_tumor_figshare/1384.mat,105638,4,2,Hipofiz tümörü,2,Hipofiz tümörü,evet,6e-06,0.0,0.999994
1384,1385,brain_tumor_figshare/1385.mat,105638,4,2,Hipofiz tümörü,2,Hipofiz tümörü,evet,1e-06,0.0,0.999999
1385,1386,brain_tumor_figshare/1386.mat,97416,4,2,Hipofiz tümörü,2,Hipofiz tümörü,evet,0.000305,2.4e-05,0.999672
1386,1387,brain_tumor_figshare/1387.mat,97416,4,2,Hipofiz tümörü,2,Hipofiz tümörü,evet,0.000919,2.9e-05,0.999052
1387,1388,brain_tumor_figshare/1388.mat,97416,4,2,Hipofiz tümörü,2,Hipofiz tümörü,evet,9.4e-05,3e-06,0.999902
1388,1389,brain_tumor_figshare/1389.mat,97416,4,2,Hipofiz tümörü,2,Hipofiz tümörü,evet,0.000283,2e-06,0.999714
1389,1390,brain_tumor_figshare/1390.mat,97416,4,2,Hipofiz tümörü,2,Hipofiz tümörü,evet,0.000137,0.0,0.999863
1390,1391,brain_tumor_figshare/1391.mat,97416,4,2,Hipofiz tümörü,2,Hipofiz tümörü,evet,4.1e-05,0.0,0.999959
1391,1392,brain_tumor_figshare/1392.mat,97416,4,2,Hipofiz tümörü,2,Hipofiz tümörü,evet,0.000186,0.0,0.999814
1392,1393,brain_tumor_figshare/1393.mat,97416,4,2,Hipofiz tümörü,2,Hipofiz tümörü,evet,0.00014,1e-06,0.999859
1393,1394,brain_tumor_figshare/1394.mat,97416,4,2,Hipofiz tümörü,2,Hipofiz tümörü,evet,2e-06,2e-06,0.999996
1394,1395,brain_tumor_figshare/1395.mat,97461,3,2,Hipofiz tümörü,2,Hipofiz tümörü,evet,5e-06,0.0,0.999995
1395,1396,brain_tumor_figshare/1396.mat,97461,3,2,Hipofiz tümörü,2,Hipofiz tümörü,evet,1e-06,0.0,0.999999
1396,1397,brain_tumor_figshare/1397.mat,97461,3,2,Hipofiz tümörü,2,Hipofiz tümörü,evet,0.0,0.0,1.0
1397,1398,brain_tumor_figshare/1398.mat,97461,3,2,Hipofiz tümörü,2,Hipofiz tümörü,evet,2e-06,1e-06,0.999997
1398,1399,brain_tumor_figshare/1399.mat,97461,3,2,Hipofiz tümörü,2,Hipofiz tümörü,evet,1e-06,0.0,0.999999
1399,1400,brain_tumor_figshare/1400.mat,97461,3,2,Hipofiz tümörü,2,Hipofiz tümörü,evet,0.0,0.0,0.999999
1400,1401,brain_tumor_figshare/1401.mat,97461,3,2,Hipofiz tümörü,2,Hipofiz tümörü,evet,0.0,0.0,1.0
1401,1402,brain_tumor_figshare/1402.mat,97461,3,2,Hipofiz tümörü,2,Hipofiz tümörü,evet,0.0,0.0,1.0
1402,1403,brain_tumor_figshare/1403.mat,97461,3,2,Hipofiz tümörü,2,Hipofiz tümörü,evet,0.0,0.0,1.0
1403,1404,brain_tumor_figshare/1404.mat,97481,2,2,Hipofiz tümörü,2,Hipofiz tümörü,evet,0.000205,0.000125,0.99967
1404,1405,brain_tumor_figshare/1405.mat,97481,2,2,Hipofiz tümörü,2,Hipofiz tümörü,evet,4e-06,0.0,0.999995
1405,1406,brain_tumor_figshare/1406.mat,97481,2,2,Hipofiz tümörü,2,Hipofiz tümörü,evet,4e-06,0.0,0.999996
1406,1407,brain_tumor_figshare/1407.mat,97481,2,2,Hipofiz tümörü,2,Hipofiz tümörü,evet,6e-06,0.0,0.999993
1407,1408,brain_tumor_figshare/1408.mat,97599,2,2,Hipofiz tümörü,2,Hipofiz tümörü,evet,0.000499,5.8e-05,0.999444
1408,1409,brain_tumor_figshare/1409.mat,97599,2,2,Hipofiz tümörü,2,Hipofiz tümörü,evet,0.00067,5.8e-05,0.999272
1409,1410,brain_tumor_figshare/1410.mat,97890,1,2,Hipofiz tümörü,2,Hipofiz tümörü,evet,1e-06,0.0,0.999998
1410,1411,brain_tumor_figshare/1411.mat,97890,1,2,Hipofiz tümörü,2,Hipofiz tümörü,evet,9e-06,0.000151,0.999841
1411,1412,brain_tumor_figshare/1412.mat,97890,1,2,Hipofiz tümörü,2,Hipofiz tümörü,evet,1e-05,2.8e-05,0.999962
1412,1413,brain_tumor_figshare/1413.mat,97890,1,2,Hipofiz tümörü,2,Hipofiz tümörü,evet,1e-06,1e-06,0.999998
1413,1414,brain_tumor_figshare/1414.mat,98472,3,2,Hipofiz tümörü,2,Hipofiz tümörü,evet,0.002156,4e-06,0.997841
1414,1415,brain_tumor_figshare/1415.mat,98472,3,2,Hipofiz tümörü,2,Hipofiz tümörü,evet,8.8e-05,0.0,0.999912
1415,1416,brain_tumor_figshare/1416.mat,98472,3,2,Hipofiz tümörü,2,Hipofiz tümörü,evet,3.5e-05,5e-06,0.99996
1416,1417,brain_tumor_figshare/1417.mat,98472,3,2,Hipofiz tümörü,2,Hipofiz tümörü,evet,1.3e-05,2e-06,0.999984
1417,1418,brain_tumor_figshare/1418.mat,98472,3,2,Hipofiz tümörü,2,Hipofiz tümörü,evet,0.001018,5e-06,0.998978
1418,1419,brain_tumor_figshare/1419.mat,98472,3,2,Hipofiz tümörü,2,Hipofiz tümörü,evet,3.6e-05,1e-06,0.999962
1419,1420,brain_tumor_figshare/1420.mat,98472,3,2,Hipofiz tümörü,2,Hipofiz tümörü,evet,5e-06,0.0,0.999995
1420,1421,brain_tumor_figshare/1421.mat,98652,3,2,Hipofiz tümörü,2,Hipofiz tümörü,evet,1.2e-05,0.0,0.999987
1421,1422,brain_tumor_figshare/1422.mat,98652,3,2,Hipofiz tümörü,2,Hipofiz tümörü,evet,2.2e-05,3e-06,0.999974
1422,1423,brain_tumor_figshare/1423.mat,98652,3,2,Hipofiz tümörü,2,Hipofiz tümörü,evet,4.6e-05,3e-06,0.999951
1423,1424,brain_tumor_figshare/1424.mat,98871,4,2,Hipofiz tümörü,2,Hipofiz tümörü,evet,2.1e-05,2e-06,0.999977
1424,1425,brain_tumor_figshare/1425.mat,98871,4,2,Hipofiz tümörü,2,Hipofiz tümörü,evet,2e-06,0.0,0.999998
1425,1426,brain_tumor_figshare/1426.mat,98871,4,2,Hipofiz tümörü,2,Hipofiz tümörü,evet,1e-06,0.0,0.999999
1426,1427,brain_tumor_figshare/1427.mat,98871,4,2,Hipofiz tümörü,2,Hipofiz tümörü,evet,1.4e-05,0.0,0.999986
1427,1428,brain_tumor_figshare/1428.mat,98871,4,2,Hipofiz tümörü,2,Hipofiz tümörü,evet,4e-06,0.0,0.999995
1428,1429,brain_tumor_figshare/1429.mat,98871,4,2,Hipofiz tümörü,2,Hipofiz tümörü,evet,8.3e-05,0.0,0.999917
1429,1430,brain_tumor_figshare/1430.mat,98874,1,2,Hipofiz tümörü,2,Hipofiz tümörü,evet,3.1e-05,6e-06,0.999963
1430,1431,brain_tumor_figshare/1431.mat,98874,1,2,Hipofiz tümörü,2,Hipofiz tümörü,evet,6e-06,0.0,0.999993
1431,1432,brain_tumor_figshare/1432.mat,98874,1,2,Hipofiz tümörü,2,Hipofiz tümörü,evet,9.2e-05,0.0,0.999908
1432,1433,brain_tumor_figshare/1433.mat,98874,1,2,Hipofiz tümörü,2,Hipofiz tümörü,evet,1e-06,0.0,0.999999
1433,1434,brain_tumor_figshare/1434.mat,98874,1,2,Hipofiz tümörü,2,Hipofiz tümörü,evet,2.1e-05,3e-06,0.999976
1434,1435,brain_tumor_figshare/1435.mat,98992,5,2,Hipofiz tümörü,2,Hipofiz tümörü,evet,0.000119,0.0,0.999881
1435,1436,brain_tumor_figshare/1436.mat,98992,5,2,Hipofiz tümörü,2,Hipofiz tümörü,evet,1e-06,0.0,0.999999
1436,1437,brain_tumor_figshare/1437.mat,98992,5,2,Hipofiz tümörü,2,Hipofiz tümörü,evet,2e-06,8e-06,0.99999
1437,1438,brain_tumor_figshare/1438.mat,98992,5,2,Hipofiz tümörü,2,Hipofiz tümörü,evet,1.9e-05,1e-06,0.99998
1438,1439,brain_tumor_figshare/1439.mat,98992,5,2,Hipofiz tümörü,1,Gliom,hayır,0.001184,0.915031,0.083785
1439,1440,brain_tumor_figshare/1440.mat,98992,5,2,Hipofiz tümörü,1,Gliom,hayır,0.000631,0.976217,0.023151
1440,1441,brain_tumor_figshare/1441.mat,98992,5,2,Hipofiz tümörü,2,Hipofiz tümörü,evet,0.020335,0.446165,0.533499
1441,1442,brain_tumor_figshare/1442.mat,98995,4,2,Hipofiz tümörü,2,Hipofiz tümörü,evet,8e-06,0.0,0.999992
1442,1443,brain_tumor_figshare/1443.mat,98995,4,2,Hipofiz tümörü,2,Hipofiz tümörü,evet,2.4e-05,0.0,0.999976
1443,1444,brain_tumor_figshare/1444.mat,98995,4,2,Hipofiz tümörü,2,Hipofiz tümörü,evet,6e-06,0.0,0.999994
1444,1445,brain_tumor_figshare/1445.mat,98995,4,2,Hipofiz tümörü,2,Hipofiz tümörü,evet,5.9e-05,0.0,0.999941
1445,1446,brain_tumor_figshare/1446.mat,98995,4,2,Hipofiz tümörü,2,Hipofiz tümörü,evet,0.000229,0.0,0.999771
1446,1447,brain_tumor_figshare/1447.mat,99223,1,2,Hipofiz tümörü,2,Hipofiz tümörü,evet,4.5e-05,3.1e-05,0.999925
1447,1448,brain_tumor_figshare/1448.mat,99223,1,2,Hipofiz tümörü,2,Hipofiz tümörü,evet,2e-05,0.000109,0.999872
1448,1449,brain_tumor_figshare/1449.mat,99223,1,2,Hipofiz tümörü,2,Hipofiz tümörü,evet,0.101839,0.000251,0.897909
1449,1450,brain_tumor_figshare/1450.mat,99223,1,2,Hipofiz tümörü,2,Hipofiz tümörü,evet,0.000408,6e-06,0.999586
1450,1451,brain_tumor_figshare/1451.mat,99223,1,2,Hipofiz tümörü,2,Hipofiz tümörü,evet,4.9e-05,7.3e-05,0.999878
1451,1452,brain_tumor_figshare/1452.mat,99223,1,2,Hipofiz tümörü,2,Hipofiz tümörü,evet,0.000103,5e-06,0.999892
1452,1453,brain_tumor_figshare/1453.mat,99223,1,2,Hipofiz tümörü,2,Hipofiz tümörü,evet,5.2e-05,4.9e-05,0.999899
1453,1454,brain_tumor_figshare/1454.mat,99223,1,2,Hipofiz tümörü,2,Hipofiz tümörü,evet,3.8e-05,4e-06,0.999958
1454,1455,brain_tumor_figshare/1455.mat,99223,1,2,Hipofiz tümörü,2,Hipofiz tümörü,evet,0.0,0.0,1.0
1455,1456,brain_tumor_figshare/1456.mat,101017,2,2,Hipofiz tümörü,2,Hipofiz tümörü,evet,0.0,1e-06,0.999999
1456,1457,brain_tumor_figshare/1457.mat,101017,2,2,Hipofiz tümörü,2,Hipofiz tümörü,evet,0.0,0.0,1.0
1457,1458,brain_tumor_figshare/1458.mat,101017,2,2,Hipofiz tümörü,2,Hipofiz tümörü,evet,0.0,0.0,1.0
1458,1459,brain_tumor_figshare/1459.mat,101017,2,2,Hipofiz tümörü,2,Hipofiz tümörü,evet,0.0,1e-06,0.999999
1459,1460,brain_tumor_figshare/1460.mat,101017,2,2,Hipofiz tümörü,2,Hipofiz tümörü,evet,0.0,1e-06,0.999999
1460,1461,brain_tumor_figshare/1461.mat,101017,2,2,Hipofiz tümörü,2,Hipofiz tümörü,evet,0.0,1e-06,0.999998
1461,1462,brain_tumor_figshare/1462.mat,101029,1,2,Hipofiz tümörü,2,Hipofiz tümörü,evet,0.0,0.0,1.0
1462,1463,brain_tumor_figshare/1463.mat,101029,1,2,Hipofiz tümörü,2,Hipofiz tümörü,evet,0.0,0.0,1.0
1463,1464,brain_tumor_figshare/1464.mat,101029,1,2,Hipofiz tümörü,2,Hipofiz tümörü,evet,0.0,0.0,1.0
1464,1465,brain_tumor_figshare/1465.mat,101029,1,2,Hipofiz tümörü,2,Hipofiz tümörü,evet,0.0,0.0,1.0
1465,1466,brain_tumor_figshare/1466.mat,101029,1,2,Hipofiz tümörü,2,Hipofiz tümörü,evet,0.0,0.0,1.0
1466,1467,brain_tumor_figshare/1467.mat,101029,1,2,Hipofiz tümörü,2,Hipofiz tümörü,evet,0.0,0.0,1.0
1467,1468,brain_tumor_figshare/1468.mat,101145,2,2,Hipofiz tümörü,2,Hipofiz tümörü,evet,6e-06,4e-06,0.99999
1468,1469,brain_tumor_figshare/1469.mat,101145,2,2,Hipofiz tümörü,2,Hipofiz tümörü,evet,2.1e-05,9e-06,0.99997
1469,1470,brain_tumor_figshare/1470.mat,101145,2,2,Hipofiz tümörü,2,Hipofiz tümörü,evet,0.00951,0.000173,0.990317
1470,1471,brain_tumor_figshare/1471.mat,101145,2,2,Hipofiz tümörü,2,Hipofiz tümörü,evet,2.3e-05,3e-06,0.999974
1471,1472,brain_tumor_figshare/1472.mat,101305,3,2,Hipofiz tümörü,2,Hipofiz tümörü,evet,1e-06,4e-06,0.999996
1472,1473,brain_tumor_figshare/1473.mat,101305,3,2,Hipofiz tümörü,2,Hipofiz tümörü,evet,0.0,1e-06,0.999998
1473,1474,brain_tumor_figshare/1474.mat,101305,3,2,Hipofiz tümörü,2,Hipofiz tümörü,evet,1e-06,9e-06,0.999991
1474,1475,brain_tumor_figshare/1475.mat,101305,3,2,Hipofiz tümörü,2,Hipofiz tümörü,evet,0.0,1e-06,0.999999
1475,1476,brain_tumor_figshare/1476.mat,101305,3,2,Hipofiz tümörü,2,Hipofiz tümörü,evet,3e-06,1e-06,0.999996
1476,1477,brain_tumor_figshare/1477.mat,101305,3,2,Hipofiz tümörü,2,Hipofiz tümörü,evet,4e-06,3e-06,0.999993
1477,1478,brain_tumor_figshare/1478.mat,101305,3,2,Hipofiz tümörü,2,Hipofiz tümörü,evet,0.0,0.0,0.999999
1478,1479,brain_tumor_figshare/1479.mat,101305,3,2,Hipofiz tümörü,2,Hipofiz tümörü,evet,3e-06,0.0,0.999997
1479,1480,brain_tumor_figshare/1480.mat,101724,2,2,Hipofiz tümörü,2,Hipofiz tümörü,evet,0.0,0.0,0.999999
1480,1481,brain_tumor_figshare/1481.mat,101724,2,2,Hipofiz tümörü,2,Hipofiz tümörü,evet,0.0,7e-06,0.999993
1481,1482,brain_tumor_figshare/1482.mat,101724,2,2,Hipofiz tümörü,2,Hipofiz tümörü,evet,0.0,4e-06,0.999996
1482,1483,brain_tumor_figshare/1483.mat,102648,2,2,Hipofiz tümörü,2,Hipofiz tümörü,evet,3e-06,0.000508,0.999488
1483,1484,brain_tumor_figshare/1484.mat,102648,2,2,Hipofiz tümörü,2,Hipofiz tümörü,evet,2e-06,4e-05,0.999959
1484,1485,brain_tumor_figshare/1485.mat,102648,2,2,Hipofiz tümörü,2,Hipofiz tümörü,evet,1e-06,6.5e-05,0.999934
1485,1486,brain_tumor_figshare/1486.mat,102648,2,2,Hipofiz tümörü,2,Hipofiz tümörü,evet,1e-06,3.5e-05,0.999965
1486,1487,brain_tumor_figshare/1487.mat,102669,5,2,Hipofiz tümörü,2,Hipofiz tümörü,evet,1e-06,2e-06,0.999997
1487,1488,brain_tumor_figshare/1488.mat,102669,5,2,Hipofiz tümörü,2,Hipofiz tümörü,evet,0.0,1e-06,0.999999
1488,1489,brain_tumor_figshare/1489.mat,103046,2,2,Hipofiz tümörü,2,Hipofiz tümörü,evet,1e-06,1e-06,0.999998
1489,1490,brain_tumor_figshare/1490.mat,103046,2,2,Hipofiz tümörü,2,Hipofiz tümörü,evet,0.0,0.0,1.0
1490,1491,brain_tumor_figshare/1491.mat,103046,2,2,Hipofiz tümörü,2,Hipofiz tümörü,evet,1e-06,1e-06,0.999998
1491,1492,brain_tumor_figshare/1492.mat,103046,2,2,Hipofiz tümörü,2,Hipofiz tümörü,evet,0.0,0.0,1.0
1492,1493,brain_tumor_figshare/1493.mat,103257,4,2,Hipofiz tümörü,2,Hipofiz tümörü,evet,0.0,0.0,0.999999
1493,1494,brain_tumor_figshare/1494.mat,103257,4,2,Hipofiz tümörü,2,Hipofiz tümörü,evet,3e-06,0.0,0.999997
1494,1495,brain_tumor_figshare/1495.mat,103257,4,2,Hipofiz tümörü,2,Hipofiz tümörü,evet,9e-06,1e-06,0.99999
1495,1496,brain_tumor_figshare/1496.mat,103257,4,2,Hipofiz tümörü,2,Hipofiz tümörü,evet,4e-06,0.0,0.999996
1496,1497,brain_tumor_figshare/1497.mat,103257,4,2,Hipofiz tümörü,2,Hipofiz tümörü,evet,1e-06,0.0,0.999999
1497,1498,brain_tumor_figshare/1498.mat,103478,5,2,Hipofiz tümörü,2,Hipofiz tümörü,evet,1.1e-05,2.9e-05,0.99996
1498,1499,brain_tumor_figshare/1499.mat,103478,5,2,Hipofiz tümörü,2,Hipofiz tümörü,evet,1e-06,1e-06,0.999998
1499,1500,brain_tumor_figshare/1500.mat,103478,5,2,Hipofiz tümörü,2,Hipofiz tümörü,evet,0.0,0.0,1.0
1500,1501,brain_tumor_figshare/1501.mat,103478,5,2,Hipofiz tümörü,2,Hipofiz tümörü,evet,0.0,0.0,1.0
1501,1502,brain_tumor_figshare/1502.mat,103478,5,2,Hipofiz tümörü,2,Hipofiz tümörü,evet,0.0,0.0,1.0
1502,1503,brain_tumor_figshare/1503.mat,103478,5,2,Hipofiz tümörü,2,Hipofiz tümörü,evet,0.0,0.0,0.999999
1503,1504,brain_tumor_figshare/1504.mat,103478,5,2,Hipofiz tümörü,2,Hipofiz tümörü,evet,0.0,0.0,1.0
1504,1505,brain_tumor_figshare/1505.mat,103478,5,2,Hipofiz tümörü,2,Hipofiz tümörü,evet,0.0,0.0,1.0
1505,1506,brain_tumor_figshare/1506.mat,103582,3,2,Hipofiz tümörü,2,Hipofiz tümörü,evet,0.0,0.0,1.0
1506,1507,brain_tumor_figshare/1507.mat,103582,3,2,Hipofiz tümörü,2,Hipofiz tümörü,evet,0.0,0.0,1.0
1507,1508,brain_tumor_figshare/1508.mat,103582,3,2,Hipofiz tümörü,2,Hipofiz tümörü,evet,2e-06,0.0,0.999998
1508,1509,brain_tumor_figshare/1509.mat,103582,3,2,Hipofiz tümörü,2,Hipofiz tümörü,evet,1e-06,0.0,0.999999
1509,1510,brain_tumor_figshare/1510.mat,103582,3,2,Hipofiz tümörü,2,Hipofiz tümörü,evet,0.0,0.0,1.0
1510,1511,brain_tumor_figshare/1511.mat,103670,5,2,Hipofiz tümörü,2,Hipofiz tümörü,evet,0.0,1e-06,0.999999
1511,1512,brain_tumor_figshare/1512.mat,103670,5,2,Hipofiz tümörü,2,Hipofiz tümörü,evet,0.0,0.0,1.0
1512,1513,brain_tumor_figshare/1513.mat,103670,5,2,Hipofiz tümörü,2,Hipofiz tümörü,evet,0.0,0.0,0.999999
1513,1514,brain_tumor_figshare/1514.mat,103670,5,2,Hipofiz tümörü,2,Hipofiz tümörü,evet,0.0,0.0,1.0
1514,1515,brain_tumor_figshare/1515.mat,103671,1,2,Hipofiz tümörü,2,Hipofiz tümörü,evet,3e-06,3.8e-05,0.99996
1515,1516,brain_tumor_figshare/1516.mat,103671,1,2,Hipofiz tümörü,2,Hipofiz tümörü,evet,3e-06,8.9e-05,0.999908
1516,1517,brain_tumor_figshare/1517.mat,103671,1,2,Hipofiz tümörü,2,Hipofiz tümörü,evet,0.0,0.0,1.0
1517,1518,brain_tumor_figshare/1518.mat,103671,1,2,Hipofiz tümörü,2,Hipofiz tümörü,evet,0.0,0.0,1.0
1518,1519,brain_tumor_figshare/1519.mat,103671,1,2,Hipofiz tümörü,2,Hipofiz tümörü,evet,0.0,0.0,0.999999
1519,1520,brain_tumor_figshare/1520.mat,103671,1,2,Hipofiz tümörü,2,Hipofiz tümörü,evet,0.0,0.0,1.0
1520,1521,brain_tumor_figshare/1521.mat,103731,4,2,Hipofiz tümörü,2,Hipofiz tümörü,evet,5e-06,0.0,0.999995
1521,1522,brain_tumor_figshare/1522.mat,103731,4,2,Hipofiz tümörü,2,Hipofiz tümörü,evet,2e-06,0.0,0.999997
1522,1523,brain_tumor_figshare/1523.mat,103731,4,2,Hipofiz tümörü,2,Hipofiz tümörü,evet,1.4e-05,0.0,0.999986
1523,1524,brain_tumor_figshare/1524.mat,103731,4,2,Hipofiz tümörü,2,Hipofiz tümörü,evet,9e-06,1e-06,0.99999
1524,1525,brain_tumor_figshare/1525.mat,103731,4,2,Hipofiz tümörü,2,Hipofiz tümörü,evet,2e-06,0.0,0.999998
1525,1526,brain_tumor_figshare/1526.mat,103731,4,2,Hipofiz tümörü,2,Hipofiz tümörü,evet,1.2e-05,1e-06,0.999987
1526,1527,brain_tumor_figshare/1527.mat,103731,4,2,Hipofiz tümörü,2,Hipofiz tümörü,evet,0.000867,3.6e-05,0.999096
1527,1528,brain_tumor_figshare/1528.mat,103837,2,2,Hipofiz tümörü,2,Hipofiz tümörü,evet,1.8e-05,2.3e-05,0.999958
1528,1529,brain_tumor_figshare/1529.mat,103837,2,2,Hipofiz tümörü,2,Hipofiz tümörü,evet,4e-06,2e-06,0.999994
1529,1530,brain_tumor_figshare/1530.mat,103837,2,2,Hipofiz tümörü,2,Hipofiz tümörü,evet,2e-06,0.0,0.999998
1530,1531,brain_tumor_figshare/1531.mat,103837,2,2,Hipofiz tümörü,2,Hipofiz tümörü,evet,7e-06,3e-06,0.99999
1531,1532,brain_tumor_figshare/1532.mat,103837,2,2,Hipofiz tümörü,2,Hipofiz tümörü,evet,2e-06,0.0,0.999998
1532,1533,brain_tumor_figshare/1533.mat,104019,4,2,Hipofiz tümörü,2,Hipofiz tümörü,evet,0.0,0.0,1.0
1533,1534,brain_tumor_figshare/1534.mat,104019,4,2,Hipofiz tümörü,2,Hipofiz tümörü,evet,0.0,0.0,1.0
1534,1535,brain_tumor_figshare/1535.mat,104019,4,2,Hipofiz tümörü,2,Hipofiz tümörü,evet,0.0,0.0,1.0
1535,1536,brain_tumor_figshare/1536.mat,104019,4,2,Hipofiz tümörü,2,Hipofiz tümörü,evet,0.0,0.0,1.0
1536,1537,brain_tumor_figshare/1537.mat,104019,4,2,Hipofiz tümörü,2,Hipofiz tümörü,evet,0.0,0.0,1.0
1537,1538,brain_tumor_figshare/1538.mat,104558,2,2,Hipofiz tümörü,2,Hipofiz tümörü,evet,0.000147,1.1e-05,0.999842
1538,1539,brain_tumor_figshare/1539.mat,104558,2,2,Hipofiz tümörü,2,Hipofiz tümörü,evet,1.5e-05,5e-06,0.999981
1539,1540,brain_tumor_figshare/1540.mat,104558,2,2,Hipofiz tümörü,2,Hipofiz tümörü,evet,2e-06,3e-06,0.999995
1540,1541,brain_tumor_figshare/1541.mat,104558,2,2,Hipofiz tümörü,2,Hipofiz tümörü,evet,9e-06,1e-06,0.99999
1541,1542,brain_tumor_figshare/1542.mat,104558,2,2,Hipofiz tümörü,2,Hipofiz tümörü,evet,3.3e-05,1e-06,0.999967
1542,1543,brain_tumor_figshare/1543.mat,104558,2,2,Hipofiz tümörü,2,Hipofiz tümörü,evet,0.000864,3e-06,0.999132
1543,1544,brain_tumor_figshare/1544.mat,104558,2,2,Hipofiz tümörü,2,Hipofiz tümörü,evet,1e-05,9e-06,0.999981
1544,1545,brain_tumor_figshare/1545.mat,104684,3,2,Hipofiz tümörü,2,Hipofiz tümörü,evet,1e-06,1e-06,0.999998
1545,1546,brain_tumor_figshare/1546.mat,104684,3,2,Hipofiz tümörü,2,Hipofiz tümörü,evet,0.0,0.0,1.0
1546,1547,brain_tumor_figshare/1547.mat,104684,3,2,Hipofiz tümörü,2,Hipofiz tümörü,evet,0.0,0.0,1.0
1547,1548,brain_tumor_figshare/1548.mat,104684,3,2,Hipofiz tümörü,2,Hipofiz tümörü,evet,0.0,0.0,1.0
1548,1549,brain_tumor_figshare/1549.mat,104684,3,2,Hipofiz tümörü,2,Hipofiz tümörü,evet,1e-06,0.0,0.999999
1549,1550,brain_tumor_figshare/1550.mat,104684,3,2,Hipofiz tümörü,2,Hipofiz tümörü,evet,1e-06,1e-06,0.999999
1550,1551,brain_tumor_figshare/1551.mat,104684,3,2,Hipofiz tümörü,2,Hipofiz tümörü,evet,1e-06,0.0,0.999999
1551,1552,brain_tumor_figshare/1552.mat,104912,5,2,Hipofiz tümörü,2,Hipofiz tümörü,evet,6e-06,0.000165,0.99983
1552,1553,brain_tumor_figshare/1553.mat,104912,5,2,Hipofiz tümörü,2,Hipofiz tümörü,evet,4e-06,6.7e-05,0.999929
1553,1554,brain_tumor_figshare/1554.mat,104912,5,2,Hipofiz tümörü,2,Hipofiz tümörü,evet,0.0,0.0,1.0
1554,1555,brain_tumor_figshare/1555.mat,104912,5,2,Hipofiz tümörü,2,Hipofiz tümörü,evet,1e-06,2e-06,0.999996
1555,1556,brain_tumor_figshare/1556.mat,104912,5,2,Hipofiz tümörü,2,Hipofiz tümörü,evet,2e-06,1e-05,0.999988
1556,1557,brain_tumor_figshare/1557.mat,105187,1,2,Hipofiz tümörü,2,Hipofiz tümörü,evet,0.0,0.0,1.0
1557,1558,brain_tumor_figshare/1558.mat,105187,1,2,Hipofiz tümörü,2,Hipofiz tümörü,evet,0.0,0.0,1.0
1558,1559,brain_tumor_figshare/1559.mat,105187,1,2,Hipofiz tümörü,2,Hipofiz tümörü,evet,0.0,0.0,1.0
1559,1560,brain_tumor_figshare/1560.mat,105187,1,2,Hipofiz tümörü,2,Hipofiz tümörü,evet,0.0,2e-06,0.999997
1560,1561,brain_tumor_figshare/1561.mat,105187,1,2,Hipofiz tümörü,2,Hipofiz tümörü,evet,0.0,1e-06,0.999999
1561,1562,brain_tumor_figshare/1562.mat,105187,1,2,Hipofiz tümörü,2,Hipofiz tümörü,evet,0.0,1e-06,0.999999
1562,1563,brain_tumor_figshare/1563.mat,105475,1,2,Hipofiz tümörü,2,Hipofiz tümörü,evet,0.0,0.0,1.0
1563,1564,brain_tumor_figshare/1564.mat,105475,1,2,Hipofiz tümörü,2,Hipofiz tümörü,evet,0.0,0.0,0.999999
1564,1565,brain_tumor_figshare/1565.mat,105475,1,2,Hipofiz tümörü,2,Hipofiz tümörü,evet,8e-06,5.4e-05,0.999938
1565,1566,brain_tumor_figshare/1566.mat,105538,4,2,Hipofiz tümörü,2,Hipofiz tümörü,evet,0.141663,0.209057,0.649281
1566,1567,brain_tumor_figshare/1567.mat,105538,4,2,Hipofiz tümörü,2,Hipofiz tümörü,evet,0.087975,0.055968,0.856056
1567,1568,brain_tumor_figshare/1568.mat,105638,4,2,Hipofiz tümörü,2,Hipofiz tümörü,evet,2e-06,0.0,0.999998
1568,1569,brain_tumor_figshare/1569.mat,105638,4,2,Hipofiz tümörü,2,Hipofiz tümörü,evet,0.0,0.0,1.0
1569,1570,brain_tumor_figshare/1570.mat,105638,4,2,Hipofiz tümörü,2,Hipofiz tümörü,evet,0.0,0.0,1.0
1570,1571,brain_tumor_figshare/1571.mat,105638,4,2,Hipofiz tümörü,2,Hipofiz tümörü,evet,0.0,0.0,1.0
1571,1572,brain_tumor_figshare/1572.mat,105638,4,2,Hipofiz tümörü,2,Hipofiz tümörü,evet,2e-06,0.0,0.999998
1572,1573,brain_tumor_figshare/1573.mat,97416,4,2,Hipofiz tümörü,2,Hipofiz tümörü,evet,0.001176,0.000915,0.99791
1573,1574,brain_tumor_figshare/1574.mat,97416,4,2,Hipofiz tümörü,2,Hipofiz tümörü,evet,0.000193,9.1e-05,0.999717
1574,1575,brain_tumor_figshare/1575.mat,97416,4,2,Hipofiz tümörü,2,Hipofiz tümörü,evet,0.000522,1e-06,0.999477
1575,1576,brain_tumor_figshare/1576.mat,97416,4,2,Hipofiz tümörü,2,Hipofiz tümörü,evet,6e-06,0.0,0.999994
1576,1577,brain_tumor_figshare/1577.mat,97416,4,2,Hipofiz tümörü,2,Hipofiz tümörü,evet,3e-06,0.0,0.999997
1577,1578,brain_tumor_figshare/1578.mat,97416,4,2,Hipofiz tümörü,2,Hipofiz tümörü,evet,2.5e-05,0.0,0.999975
1578,1579,brain_tumor_figshare/1579.mat,97416,4,2,Hipofiz tümörü,2,Hipofiz tümörü,evet,0.0,0.0,1.0
1579,1580,brain_tumor_figshare/1580.mat,97416,4,2,Hipofiz tümörü,2,Hipofiz tümörü,evet,0.0,0.0,1.0
1580,1581,brain_tumor_figshare/1581.mat,97461,3,2,Hipofiz tümörü,2,Hipofiz tümörü,evet,0.0,4e-06,0.999996
1581,1582,brain_tumor_figshare/1582.mat,97461,3,2,Hipofiz tümörü,2,Hipofiz tümörü,evet,0.0,2e-06,0.999998
1582,1583,brain_tumor_figshare/1583.mat,97461,3,2,Hipofiz tümörü,2,Hipofiz tümörü,evet,0.0,0.0,1.0
1583,1584,brain_tumor_figshare/1584.mat,97461,3,2,Hipofiz tümörü,2,Hipofiz tümörü,evet,0.0,0.0,1.0
1584,1585,brain_tumor_figshare/1585.mat,97461,3,2,Hipofiz tümörü,2,Hipofiz tümörü,evet,0.0,0.0,1.0
1585,1586,brain_tumor_figshare/1586.mat,97461,3,2,Hipofiz tümörü,2,Hipofiz tümörü,evet,0.0,0.0,1.0
1586,1587,brain_tumor_figshare/1587.mat,97461,3,2,Hipofiz tümörü,2,Hipofiz tümörü,evet,0.0,0.0,1.0
1587,1588,brain_tumor_figshare/1588.mat,97461,3,2,Hipofiz tümörü,2,Hipofiz tümörü,evet,0.0,0.0,1.0
1588,1589,brain_tumor_figshare/1589.mat,97481,2,2,Hipofiz tümörü,2,Hipofiz tümörü,evet,0.0,0.0,1.0
1589,1590,brain_tumor_figshare/1590.mat,97481,2,2,Hipofiz tümörü,2,Hipofiz tümörü,evet,0.0,0.0,1.0
1590,1591,brain_tumor_figshare/1591.mat,97481,2,2,Hipofiz tümörü,2,Hipofiz tümörü,evet,0.0,0.0,1.0
1591,1592,brain_tumor_figshare/1592.mat,97481,2,2,Hipofiz tümörü,2,Hipofiz tümörü,evet,0.0,0.0,1.0
1592,1593,brain_tumor_figshare/1593.mat,97481,2,2,Hipofiz tümörü,2,Hipofiz tümörü,evet,0.0,0.0,1.0
1593,1594,brain_tumor_figshare/1594.mat,97599,2,2,Hipofiz tümörü,2,Hipofiz tümörü,evet,0.0,0.0,1.0
1594,1595,brain_tumor_figshare/1595.mat,97599,2,2,Hipofiz tümörü,2,Hipofiz tümörü,evet,0.0,0.0,1.0
1595,1596,brain_tumor_figshare/1596.mat,97890,1,2,Hipofiz tümörü,2,Hipofiz tümörü,evet,0.0,1e-06,0.999999
1596,1597,brain_tumor_figshare/1597.mat,97890,1,2,Hipofiz tümörü,2,Hipofiz tümörü,evet,1e-06,1e-06,0.999999
1597,1598,brain_tumor_figshare/1598.mat,97890,1,2,Hipofiz tümörü,2,Hipofiz tümörü,evet,0.0,3e-06,0.999997
1598,1599,brain_tumor_figshare/1599.mat,97890,1,2,Hipofiz tümörü,2,Hipofiz tümörü,evet,0.0,2e-06,0.999998
1599,1600,brain_tumor_figshare/1600.mat,98472,3,2,Hipofiz tümörü,2,Hipofiz tümörü,evet,0.000441,6e-06,0.999553
1600,1601,brain_tumor_figshare/1601.mat,98472,3,2,Hipofiz tümörü,2,Hipofiz tümörü,evet,4.1e-05,0.0,0.999958
1601,1602,brain_tumor_figshare/1602.mat,98472,3,2,Hipofiz tümörü,2,Hipofiz tümörü,evet,0.004014,3e-06,0.995983
1602,1603,brain_tumor_figshare/1603.mat,98472,3,2,Hipofiz tümörü,2,Hipofiz tümörü,evet,9e-06,0.0,0.99999
1603,1604,brain_tumor_figshare/1604.mat,98472,3,2,Hipofiz tümörü,2,Hipofiz tümörü,evet,0.0,0.0,1.0
1604,1605,brain_tumor_figshare/1605.mat,98652,3,2,Hipofiz tümörü,2,Hipofiz tümörü,evet,1e-06,0.0,0.999999
1605,1606,brain_tumor_figshare/1606.mat,98652,3,2,Hipofiz tümörü,2,Hipofiz tümörü,evet,1e-06,0.0,0.999999
1606,1607,brain_tumor_figshare/1607.mat,98652,3,2,Hipofiz tümörü,2,Hipofiz tümörü,evet,4e-06,0.0,0.999996
1607,1608,brain_tumor_figshare/1608.mat,98652,3,2,Hipofiz tümörü,2,Hipofiz tümörü,evet,0.000673,3e-06,0.999324
1608,1609,brain_tumor_figshare/1609.mat,98871,4,2,Hipofiz tümörü,2,Hipofiz tümörü,evet,0.0,0.0,1.0
1609,1610,brain_tumor_figshare/1610.mat,98871,4,2,Hipofiz tümörü,2,Hipofiz tümörü,evet,1e-06,0.0,0.999999
1610,1611,brain_tumor_figshare/1611.mat,98871,4,2,Hipofiz tümörü,2,Hipofiz tümörü,evet,0.0,0.0,1.0
1611,1612,brain_tumor_figshare/1612.mat,98871,4,2,Hipofiz tümörü,2,Hipofiz tümörü,evet,0.0,0.0,1.0
1612,1613,brain_tumor_figshare/1613.mat,98871,4,2,Hipofiz tümörü,2,Hipofiz tümörü,evet,0.0,0.0,1.0
1613,1614,brain_tumor_figshare/1614.mat,98871,4,2,Hipofiz tümörü,2,Hipofiz tümörü,evet,0.0,0.0,1.0
1614,1615,brain_tumor_figshare/1615.mat,98871,4,2,Hipofiz tümörü,2,Hipofiz tümörü,evet,1e-06,0.0,0.999999
1615,1616,brain_tumor_figshare/1616.mat,98874,1,2,Hipofiz tümörü,2,Hipofiz tümörü,evet,0.000763,1e-05,0.999227
1616,1617,brain_tumor_figshare/1617.mat,98874,1,2,Hipofiz tümörü,2,Hipofiz tümörü,evet,3.4e-05,0.0,0.999966
1617,1618,brain_tumor_figshare/1618.mat,98874,1,2,Hipofiz tümörü,2,Hipofiz tümörü,evet,0.00019,2e-06,0.999808
1618,1619,brain_tumor_figshare/1619.mat,98874,1,2,Hipofiz tümörü,2,Hipofiz tümörü,evet,3.1e-05,0.0,0.999968
1619,1620,brain_tumor_figshare/1620.mat,98874,1,2,Hipofiz tümörü,2,Hipofiz tümörü,evet,3e-06,0.0,0.999997
1620,1621,brain_tumor_figshare/1621.mat,98992,5,2,Hipofiz tümörü,2,Hipofiz tümörü,evet,0.000127,7e-06,0.999866
1621,1622,brain_tumor_figshare/1622.mat,98992,5,2,Hipofiz tümörü,2,Hipofiz tümörü,evet,6.3e-05,6e-06,0.999931
1622,1623,brain_tumor_figshare/1623.mat,98992,5,2,Hipofiz tümörü,2,Hipofiz tümörü,evet,1.1e-05,1e-06,0.999988
1623,1624,brain_tumor_figshare/1624.mat,98992,5,2,Hipofiz tümörü,2,Hipofiz tümörü,evet,9e-06,3e-06,0.999988
1624,1625,brain_tumor_figshare/1625.mat,98992,5,2,Hipofiz tümörü,2,Hipofiz tümörü,evet,2.7e-05,2e-06,0.999971
1625,1626,brain_tumor_figshare/1626.mat,98992,5,2,Hipofiz tümörü,2,Hipofiz tümörü,evet,5.7e-05,4e-05,0.999902
1626,1627,brain_tumor_figshare/1627.mat,98992,5,2,Hipofiz tümörü,2,Hipofiz tümörü,evet,4.6e-05,1.8e-05,0.999935
1627,1628,brain_tumor_figshare/1628.mat,98995,4,2,Hipofiz tümörü,2,Hipofiz tümörü,evet,1e-06,0.0,0.999999
1628,1629,brain_tumor_figshare/1629.mat,98995,4,2,Hipofiz tümörü,2,Hipofiz tümörü,evet,4e-06,0.0,0.999996
1629,1630,brain_tumor_figshare/1630.mat,98995,4,2,Hipofiz tümörü,2,Hipofiz tümörü,evet,1.8e-05,0.0,0.999982
1630,1631,brain_tumor_figshare/1631.mat,98995,4,2,Hipofiz tümörü,2,Hipofiz tümörü,evet,3e-06,0.0,0.999997
1631,1632,brain_tumor_figshare/1632.mat,98995,4,2,Hipofiz tümörü,2,Hipofiz tümörü,evet,0.0,0.0,1.0
1632,1633,brain_tumor_figshare/1633.mat,98995,4,2,Hipofiz tümörü,2,Hipofiz tümörü,evet,2e-06,0.0,0.999998
1633,1634,brain_tumor_figshare/1634.mat,99223,1,2,Hipofiz tümörü,2,Hipofiz tümörü,evet,1e-06,1e-06,0.999999
1634,1635,brain_tumor_figshare/1635.mat,99223,1,2,Hipofiz tümörü,2,Hipofiz tümörü,evet,2e-06,1e-06,0.999998
1635,1636,brain_tumor_figshare/1636.mat,99223,1,2,Hipofiz tümörü,2,Hipofiz tümörü,evet,1.5e-05,0.0,0.999985
1636,1637,brain_tumor_figshare/1637.mat,99223,1,2,Hipofiz tümörü,2,Hipofiz tümörü,evet,6e-06,0.0,0.999994
1637,1638,brain_tumor_figshare/1638.mat,99223,1,2,Hipofiz tümörü,2,Hipofiz tümörü,evet,4e-06,0.0,0.999995
1638,1639,brain_tumor_figshare/1639.mat,99223,1,2,Hipofiz tümörü,2,Hipofiz tümörü,evet,7e-06,2e-06,0.999991
1639,1640,brain_tumor_figshare/1640.mat,101017,2,2,Hipofiz tümörü,2,Hipofiz tümörü,evet,0.0,0.0,1.0
1640,1641,brain_tumor_figshare/1641.mat,101017,2,2,Hipofiz tümörü,2,Hipofiz tümörü,evet,0.0,0.0,1.0
1641,1642,brain_tumor_figshare/1642.mat,101017,2,2,Hipofiz tümörü,2,Hipofiz tümörü,evet,7e-06,1e-06,0.999993
1642,1643,brain_tumor_figshare/1643.mat,101017,2,2,Hipofiz tümörü,2,Hipofiz tümörü,evet,3e-06,1e-06,0.999996
1643,1644,brain_tumor_figshare/1644.mat,101029,1,2,Hipofiz tümörü,2,Hipofiz tümörü,evet,0.0,0.0,1.0
1644,1645,brain_tumor_figshare/1645.mat,101029,1,2,Hipofiz tümörü,2,Hipofiz tümörü,evet,0.0,0.0,1.0
1645,1646,brain_tumor_figshare/1646.mat,101029,1,2,Hipofiz tümörü,2,Hipofiz tümörü,evet,0.0,0.0,1.0
1646,1647,brain_tumor_figshare/1647.mat,101029,1,2,Hipofiz tümörü,2,Hipofiz tümörü,evet,0.0,0.0,1.0
1647,1648,brain_tumor_figshare/1648.mat,101029,1,2,Hipofiz tümörü,2,Hipofiz tümörü,evet,0.0,0.0,1.0
1648,1649,brain_tumor_figshare/1649.mat,101029,1,2,Hipofiz tümörü,2,Hipofiz tümörü,evet,0.0,0.0,1.0
1649,1650,brain_tumor_figshare/1650.mat,101029,1,2,Hipofiz tümörü,2,Hipofiz tümörü,evet,0.0,0.0,1.0
1650,1651,brain_tumor_figshare/1651.mat,101145,2,2,Hipofiz tümörü,2,Hipofiz tümörü,evet,4.3e-05,1.3e-05,0.999944
1651,1652,brain_tumor_figshare/1652.mat,101145,2,2,Hipofiz tümörü,2,Hipofiz tümörü,evet,1.3e-05,1e-06,0.999986
1652,1653,brain_tumor_figshare/1653.mat,101145,2,2,Hipofiz tümörü,2,Hipofiz tümörü,evet,0.000204,9.7e-05,0.999699
1653,1654,brain_tumor_figshare/1654.mat,101145,2,2,Hipofiz tümörü,2,Hipofiz tümörü,evet,4e-05,5e-06,0.999954
1654,1655,brain_tumor_figshare/1655.mat,101305,3,2,Hipofiz tümörü,2,Hipofiz tümörü,evet,0.0,1e-06,0.999999
1655,1656,brain_tumor_figshare/1656.mat,101305,3,2,Hipofiz tümörü,2,Hipofiz tümörü,evet,1e-06,0.0,0.999999
1656,1657,brain_tumor_figshare/1657.mat,101305,3,2,Hipofiz tümörü,2,Hipofiz tümörü,evet,2.2e-05,4.4e-05,0.999934
1657,1658,brain_tumor_figshare/1658.mat,101305,3,2,Hipofiz tümörü,2,Hipofiz tümörü,evet,2e-06,8e-06,0.99999
1658,1659,brain_tumor_figshare/1659.mat,101724,2,2,Hipofiz tümörü,2,Hipofiz tümörü,evet,1e-06,5.1e-05,0.999948
1659,1660,brain_tumor_figshare/1660.mat,101724,2,2,Hipofiz tümörü,2,Hipofiz tümörü,evet,5e-06,2e-06,0.999994
1660,1661,brain_tumor_figshare/1661.mat,101724,2,2,Hipofiz tümörü,2,Hipofiz tümörü,evet,5e-06,1.1e-05,0.999984
1661,1662,brain_tumor_figshare/1662.mat,101724,2,2,Hipofiz tümörü,2,Hipofiz tümörü,evet,3e-06,8e-06,0.999989
1662,1663,brain_tumor_figshare/1663.mat,101724,2,2,Hipofiz tümörü,2,Hipofiz tümörü,evet,1e-06,4e-06,0.999994
1663,1664,brain_tumor_figshare/1664.mat,101724,2,2,Hipofiz tümörü,2,Hipofiz tümörü,evet,1e-06,1.4e-05,0.999985
1664,1665,brain_tumor_figshare/1665.mat,102648,2,2,Hipofiz tümörü,2,Hipofiz tümörü,evet,0.000156,0.092489,0.907355
1665,1666,brain_tumor_figshare/1666.mat,102648,2,2,Hipofiz tümörü,2,Hipofiz tümörü,evet,0.000116,0.369943,0.629941
1666,1667,brain_tumor_figshare/1667.mat,102648,2,2,Hipofiz tümörü,1,Gliom,hayır,0.000203,0.74827,0.251527
1667,1668,brain_tumor_figshare/1668.mat,102648,2,2,Hipofiz tümörü,2,Hipofiz tümörü,evet,8.7e-05,0.03529,0.964623
1668,1669,brain_tumor_figshare/1669.mat,102648,2,2,Hipofiz tümörü,2,Hipofiz tümörü,evet,0.000402,0.013008,0.98659
1669,1670,brain_tumor_figshare/1670.mat,102648,2,2,Hipofiz tümörü,2,Hipofiz tümörü,evet,4.9e-05,0.001156,0.998794
1670,1671,brain_tumor_figshare/1671.mat,102648,2,2,Hipofiz tümörü,2,Hipofiz tümörü,evet,5.4e-05,0.000953,0.998994
1671,1672,brain_tumor_figshare/1672.mat,102669,5,2,Hipofiz tümörü,2,Hipofiz tümörü,evet,0.0,3.5e-05,0.999965
1672,1673,brain_tumor_figshare/1673.mat,103046,2,2,Hipofiz tümörü,2,Hipofiz tümörü,evet,0.0,0.0,1.0
1673,1674,brain_tumor_figshare/1674.mat,103046,2,2,Hipofiz tümörü,2,Hipofiz tümörü,evet,0.0,0.0,1.0
1674,1675,brain_tumor_figshare/1675.mat,103046,2,2,Hipofiz tümörü,2,Hipofiz tümörü,evet,5e-06,2.8e-05,0.999967
1675,1676,brain_tumor_figshare/1676.mat,103046,2,2,Hipofiz tümörü,2,Hipofiz tümörü,evet,1e-06,1e-06,0.999999
1676,1677,brain_tumor_figshare/1677.mat,103257,4,2,Hipofiz tümörü,2,Hipofiz tümörü,evet,7e-06,1e-05,0.999982
1677,1678,brain_tumor_figshare/1678.mat,103257,4,2,Hipofiz tümörü,2,Hipofiz tümörü,evet,8e-06,1e-06,0.99999
1678,1679,brain_tumor_figshare/1679.mat,103257,4,2,Hipofiz tümörü,2,Hipofiz tümörü,evet,4e-06,0.0,0.999996
1679,1680,brain_tumor_figshare/1680.mat,103257,4,2,Hipofiz tümörü,2,Hipofiz tümörü,evet,2.9e-05,0.0,0.999971
1680,1681,brain_tumor_figshare/1681.mat,103257,4,2,Hipofiz tümörü,2,Hipofiz tümörü,evet,4e-06,2e-06,0.999994
1681,1682,brain_tumor_figshare/1682.mat,103257,4,2,Hipofiz tümörü,2,Hipofiz tümörü,evet,5e-06,0.0,0.999995
1682,1683,brain_tumor_figshare/1683.mat,103257,4,2,Hipofiz tümörü,2,Hipofiz tümörü,evet,7.3e-05,1e-06,0.999926
1683,1684,brain_tumor_figshare/1684.mat,103478,5,2,Hipofiz tümörü,2,Hipofiz tümörü,evet,0.0,7e-06,0.999993
1684,1685,brain_tumor_figshare/1685.mat,103478,5,2,Hipofiz tümörü,2,Hipofiz tümörü,evet,0.0,0.0,1.0
1685,1686,brain_tumor_figshare/1686.mat,103478,5,2,Hipofiz tümörü,2,Hipofiz tümörü,evet,0.0,2e-06,0.999998
1686,1687,brain_tumor_figshare/1687.mat,103478,5,2,Hipofiz tümörü,2,Hipofiz tümörü,evet,1e-06,0.003183,0.996816
1687,1688,brain_tumor_figshare/1688.mat,103478,5,2,Hipofiz tümörü,2,Hipofiz tümörü,evet,0.0,2.1e-05,0.999979
1688,1689,brain_tumor_figshare/1689.mat,103478,5,2,Hipofiz tümörü,2,Hipofiz tümörü,evet,0.0,0.0,1.0
1689,1690,brain_tumor_figshare/1690.mat,103478,5,2,Hipofiz tümörü,2,Hipofiz tümörü,evet,0.0,0.0,1.0
1690,1691,brain_tumor_figshare/1691.mat,103478,5,2,Hipofiz tümörü,2,Hipofiz tümörü,evet,0.0,4e-06,0.999996
1691,1692,brain_tumor_figshare/1692.mat,103582,3,2,Hipofiz tümörü,2,Hipofiz tümörü,evet,0.0,0.0,1.0
1692,1693,brain_tumor_figshare/1693.mat,103582,3,2,Hipofiz tümörü,2,Hipofiz tümörü,evet,0.0,0.0,1.0
1693,1694,brain_tumor_figshare/1694.mat,103582,3,2,Hipofiz tümörü,2,Hipofiz tümörü,evet,1e-06,2e-06,0.999997
1694,1695,brain_tumor_figshare/1695.mat,103582,3,2,Hipofiz tümörü,2,Hipofiz tümörü,evet,1e-06,1e-06,0.999998
1695,1696,brain_tumor_figshare/1696.mat,103582,3,2,Hipofiz tümörü,2,Hipofiz tümörü,evet,0.0,0.0,1.0
1696,1697,brain_tumor_figshare/1697.mat,103582,3,2,Hipofiz tümörü,2,Hipofiz tümörü,evet,0.0,0.0,1.0
1697,1698,brain_tumor_figshare/1698.mat,103582,3,2,Hipofiz tümörü,2,Hipofiz tümörü,evet,0.0,0.0,1.0
1698,1699,brain_tumor_figshare/1699.mat,103582,3,2,Hipofiz tümörü,2,Hipofiz tümörü,evet,0.000225,0.000111,0.999664
1699,1700,brain_tumor_figshare/1700.mat,103670,5,2,Hipofiz tümörü,2,Hipofiz tümörü,evet,0.0,0.0,1.0
1700,1701,brain_tumor_figshare/1701.mat,103670,5,2,Hipofiz tümörü,2,Hipofiz tümörü,evet,0.0,0.0,0.999999
1701,1702,brain_tumor_figshare/1702.mat,103670,5,2,Hipofiz tümörü,2,Hipofiz tümörü,evet,0.0,0.0,1.0
1702,1703,brain_tumor_figshare/1703.mat,103670,5,2,Hipofiz tümörü,2,Hipofiz tümörü,evet,0.0,0.0,1.0
1703,1704,brain_tumor_figshare/1704.mat,103671,1,2,Hipofiz tümörü,2,Hipofiz tümörü,evet,2e-06,7e-06,0.999991
1704,1705,brain_tumor_figshare/1705.mat,103671,1,2,Hipofiz tümörü,2,Hipofiz tümörü,evet,1e-06,0.0,0.999999
1705,1706,brain_tumor_figshare/1706.mat,103671,1,2,Hipofiz tümörü,2,Hipofiz tümörü,evet,1.8e-05,0.0,0.999982
1706,1707,brain_tumor_figshare/1707.mat,103671,1,2,Hipofiz tümörü,2,Hipofiz tümörü,evet,8e-06,2e-06,0.999991
1707,1708,brain_tumor_figshare/1708.mat,103671,1,2,Hipofiz tümörü,2,Hipofiz tümörü,evet,3.8e-05,2.1e-05,0.999941
1708,1709,brain_tumor_figshare/1709.mat,103731,4,2,Hipofiz tümörü,2,Hipofiz tümörü,evet,0.0,0.0,1.0
1709,1710,brain_tumor_figshare/1710.mat,103731,4,2,Hipofiz tümörü,2,Hipofiz tümörü,evet,1e-06,1e-06,0.999998
1710,1711,brain_tumor_figshare/1711.mat,103731,4,2,Hipofiz tümörü,2,Hipofiz tümörü,evet,3e-06,0.0,0.999997
1711,1712,brain_tumor_figshare/1712.mat,103731,4,2,Hipofiz tümörü,2,Hipofiz tümörü,evet,2e-06,0.0,0.999998
1712,1713,brain_tumor_figshare/1713.mat,103731,4,2,Hipofiz tümörü,2,Hipofiz tümörü,evet,1e-06,2e-06,0.999998
1713,1714,brain_tumor_figshare/1714.mat,103837,2,2,Hipofiz tümörü,2,Hipofiz tümörü,evet,0.0,0.0,1.0
1714,1715,brain_tumor_figshare/1715.mat,103837,2,2,Hipofiz tümörü,2,Hipofiz tümörü,evet,0.0,0.0,1.0
1715,1716,brain_tumor_figshare/1716.mat,103837,2,2,Hipofiz tümörü,2,Hipofiz tümörü,evet,0.0,0.0,1.0
1716,1717,brain_tumor_figshare/1717.mat,103837,2,2,Hipofiz tümörü,2,Hipofiz tümörü,evet,0.0,0.0,1.0
1717,1718,brain_tumor_figshare/1718.mat,103837,2,2,Hipofiz tümörü,2,Hipofiz tümörü,evet,0.0,0.0,0.999999
1718,1719,brain_tumor_figshare/1719.mat,103837,2,2,Hipofiz tümörü,2,Hipofiz tümörü,evet,0.0,0.0,1.0
1719,1720,brain_tumor_figshare/1720.mat,103837,2,2,Hipofiz tümörü,2,Hipofiz tümörü,evet,0.0,0.0,1.0
1720,1721,brain_tumor_figshare/1721.mat,104019,4,2,Hipofiz tümörü,2,Hipofiz tümörü,evet,2e-06,1e-06,0.999996
1721,1722,brain_tumor_figshare/1722.mat,104019,4,2,Hipofiz tümörü,2,Hipofiz tümörü,evet,2e-06,0.0,0.999998
1722,1723,brain_tumor_figshare/1723.mat,104019,4,2,Hipofiz tümörü,2,Hipofiz tümörü,evet,1.7e-05,1e-06,0.999981
1723,1724,brain_tumor_figshare/1724.mat,104019,4,2,Hipofiz tümörü,2,Hipofiz tümörü,evet,1e-06,0.0,0.999998
1724,1725,brain_tumor_figshare/1725.mat,104558,2,2,Hipofiz tümörü,2,Hipofiz tümörü,evet,3.1e-05,6.6e-05,0.999903
1725,1726,brain_tumor_figshare/1726.mat,104558,2,2,Hipofiz tümörü,2,Hipofiz tümörü,evet,6.3e-05,2.9e-05,0.999909
1726,1727,brain_tumor_figshare/1727.mat,104558,2,2,Hipofiz tümörü,2,Hipofiz tümörü,evet,2e-05,2e-06,0.999977
1727,1728,brain_tumor_figshare/1728.mat,104558,2,2,Hipofiz tümörü,2,Hipofiz tümörü,evet,2e-06,0.0,0.999998
1728,1729,brain_tumor_figshare/1729.mat,104558,2,2,Hipofiz tümörü,2,Hipofiz tümörü,evet,1e-06,0.0,0.999999
1729,1730,brain_tumor_figshare/1730.mat,104558,2,2,Hipofiz tümörü,2,Hipofiz tümörü,evet,3e-06,1e-06,0.999996
1730,1731,brain_tumor_figshare/1731.mat,104558,2,2,Hipofiz tümörü,2,Hipofiz tümörü,evet,2.7e-05,2e-06,0.999971
1731,1732,brain_tumor_figshare/1732.mat,104558,2,2,Hipofiz tümörü,2,Hipofiz tümörü,evet,0.000862,0.000153,0.998985
1732,1733,brain_tumor_figshare/1733.mat,104558,2,2,Hipofiz tümörü,2,Hipofiz tümörü,evet,0.045099,0.00098,0.953921
1733,1734,brain_tumor_figshare/1734.mat,104684,3,2,Hipofiz tümörü,2,Hipofiz tümörü,evet,0.0,0.0,1.0
1734,1735,brain_tumor_figshare/1735.mat,104684,3,2,Hipofiz tümörü,2,Hipofiz tümörü,evet,0.0,0.0,1.0
1735,1736,brain_tumor_figshare/1736.mat,104684,3,2,Hipofiz tümörü,2,Hipofiz tümörü,evet,0.0,0.0,0.999999
1736,1737,brain_tumor_figshare/1737.mat,104684,3,2,Hipofiz tümörü,2,Hipofiz tümörü,evet,0.0,0.0,1.0
1737,1738,brain_tumor_figshare/1738.mat,104684,3,2,Hipofiz tümörü,2,Hipofiz tümörü,evet,0.0,0.0,1.0
1738,1739,brain_tumor_figshare/1739.mat,104684,3,2,Hipofiz tümörü,2,Hipofiz tümörü,evet,0.0,0.0,1.0
1739,1740,brain_tumor_figshare/1740.mat,104684,3,2,Hipofiz tümörü,2,Hipofiz tümörü,evet,0.0,0.0,1.0
1740,1741,brain_tumor_figshare/1741.mat,104912,5,2,Hipofiz tümörü,2,Hipofiz tümörü,evet,0.0,2.8e-05,0.999972
1741,1742,brain_tumor_figshare/1742.mat,104912,5,2,Hipofiz tümörü,2,Hipofiz tümörü,evet,0.0,1e-05,0.99999
1742,1743,brain_tumor_figshare/1743.mat,104912,5,2,Hipofiz tümörü,2,Hipofiz tümörü,evet,0.0,1e-05,0.99999
1743,1744,brain_tumor_figshare/1744.mat,104912,5,2,Hipofiz tümörü,2,Hipofiz tümörü,evet,4e-06,2.4e-05,0.999972
1744,1745,brain_tumor_figshare/1745.mat,104912,5,2,Hipofiz tümörü,2,Hipofiz tümörü,evet,1e-06,2.4e-05,0.999975
1745,1746,brain_tumor_figshare/1746.mat,104912,5,2,Hipofiz tümörü,2,Hipofiz tümörü,evet,1e-06,2e-06,0.999998
1746,1747,brain_tumor_figshare/1747.mat,104912,5,2,Hipofiz tümörü,2,Hipofiz tümörü,evet,2e-06,3.2e-05,0.999966
1747,1748,brain_tumor_figshare/1748.mat,105187,1,2,Hipofiz tümörü,2,Hipofiz tümörü,evet,0.000404,0.00088,0.998716
1748,1749,brain_tumor_figshare/1749.mat,105187,1,2,Hipofiz tümörü,2,Hipofiz tümörü,evet,7.4e-05,5.3e-05,0.999873
1749,1750,brain_tumor_figshare/1750.mat,105187,1,2,Hipofiz tümörü,2,Hipofiz tümörü,evet,0.000192,8.7e-05,0.999721
1750,1751,brain_tumor_figshare/1751.mat,105187,1,2,Hipofiz tümörü,2,Hipofiz tümörü,evet,3e-05,0.0072,0.99277
1751,1752,brain_tumor_figshare/1752.mat,105187,1,2,Hipofiz tümörü,2,Hipofiz tümörü,evet,1.1e-05,6.6e-05,0.999923
1752,1753,brain_tumor_figshare/1753.mat,105187,1,2,Hipofiz tümörü,2,Hipofiz tümörü,evet,6e-06,0.000132,0.999862
1753,1754,brain_tumor_figshare/1754.mat,105475,1,2,Hipofiz tümörü,2,Hipofiz tümörü,evet,2e-06,1.2e-05,0.999986
1754,1755,brain_tumor_figshare/1755.mat,105475,1,2,Hipofiz tümörü,2,Hipofiz tümörü,evet,9.2e-05,1.2e-05,0.999896
1755,1756,brain_tumor_figshare/1756.mat,105475,1,2,Hipofiz tümörü,2,Hipofiz tümörü,evet,1.3e-05,4e-06,0.999983
1756,1757,brain_tumor_figshare/1757.mat,105475,1,2,Hipofiz tümörü,2,Hipofiz tümörü,evet,1.7e-05,3e-06,0.99998
1757,1758,brain_tumor_figshare/1758.mat,105475,1,2,Hipofiz tümörü,2,Hipofiz tümörü,evet,1e-06,0.0,0.999998
1758,1759,brain_tumor_figshare/1759.mat,105538,4,2,Hipofiz tümörü,0,Meningiom,hayır,0.939202,0.055401,0.005398
1759,1760,brain_tumor_figshare/1760.mat,105538,4,2,Hipofiz tümörü,0,Meningiom,hayır,0.660203,0.338487,0.001309
1760,1761,brain_tumor_figshare/1761.mat,105638,4,2,Hipofiz tümörü,2,Hipofiz tümörü,evet,2e-06,1e-06,0.999997
1761,1762,brain_tumor_figshare/1762.mat,105638,4,2,Hipofiz tümörü,2,Hipofiz tümörü,evet,0.0,0.0,1.0
1762,1763,brain_tumor_figshare/1763.mat,105638,4,2,Hipofiz tümörü,2,Hipofiz tümörü,evet,0.0,0.0,1.0
1763,1764,brain_tumor_figshare/1764.mat,105638,4,2,Hipofiz tümörü,2,Hipofiz tümörü,evet,0.0,1e-06,0.999999
1764,1765,brain_tumor_figshare/1765.mat,105638,4,2,Hipofiz tümörü,2,Hipofiz tümörü,evet,0.0,0.0,1.0
1765,1766,brain_tumor_figshare/1766.mat,97416,4,2,Hipofiz tümörü,2,Hipofiz tümörü,evet,1.1e-05,2e-06,0.999987
1766,1767,brain_tumor_figshare/1767.mat,97416,4,2,Hipofiz tümörü,2,Hipofiz tümörü,evet,6e-06,1.2e-05,0.999982
1767,1768,brain_tumor_figshare/1768.mat,97416,4,2,Hipofiz tümörü,2,Hipofiz tümörü,evet,5e-06,1e-06,0.999995
1768,1769,brain_tumor_figshare/1769.mat,97416,4,2,Hipofiz tümörü,2,Hipofiz tümörü,evet,7e-06,1e-06,0.999992
1769,1770,brain_tumor_figshare/1770.mat,97416,4,2,Hipofiz tümörü,2,Hipofiz tümörü,evet,3.2e-05,0.0,0.999968
1770,1771,brain_tumor_figshare/1771.mat,97416,4,2,Hipofiz tümörü,2,Hipofiz tümörü,evet,0.000107,2e-06,0.999891
1771,1772,brain_tumor_figshare/1772.mat,97416,4,2,Hipofiz tümörü,2,Hipofiz tümörü,evet,0.000262,4.7e-05,0.999691
1772,1773,brain_tumor_figshare/1773.mat,97461,3,2,Hipofiz tümörü,2,Hipofiz tümörü,evet,0.0,0.0,1.0
1773,1774,brain_tumor_figshare/1774.mat,97461,3,2,Hipofiz tümörü,2,Hipofiz tümörü,evet,0.0,0.0,1.0
1774,1775,brain_tumor_figshare/1775.mat,97461,3,2,Hipofiz tümörü,2,Hipofiz tümörü,evet,0.0,0.0,0.999999
1775,1776,brain_tumor_figshare/1776.mat,97461,3,2,Hipofiz tümörü,2,Hipofiz tümörü,evet,6e-06,1.9e-05,0.999975
1776,1777,brain_tumor_figshare/1777.mat,97461,3,2,Hipofiz tümörü,2,Hipofiz tümörü,evet,0.0,0.0,0.999999
1777,1778,brain_tumor_figshare/1778.mat,97461,3,2,Hipofiz tümörü,2,Hipofiz tümörü,evet,0.0,0.0,1.0
1778,1779,brain_tumor_figshare/1779.mat,97461,3,2,Hipofiz tümörü,2,Hipofiz tümörü,evet,0.0,0.0,1.0
1779,1780,brain_tumor_figshare/1780.mat,97461,3,2,Hipofiz tümörü,2,Hipofiz tümörü,evet,1e-06,0.0,0.999999
1780,1781,brain_tumor_figshare/1781.mat,97481,2,2,Hipofiz tümörü,2,Hipofiz tümörü,evet,0.0,0.0,0.999999
1781,1782,brain_tumor_figshare/1782.mat,97481,2,2,Hipofiz tümörü,2,Hipofiz tümörü,evet,0.0,0.0,1.0
1782,1783,brain_tumor_figshare/1783.mat,97481,2,2,Hipofiz tümörü,2,Hipofiz tümörü,evet,0.0,0.0,1.0
1783,1784,brain_tumor_figshare/1784.mat,97481,2,2,Hipofiz tümörü,2,Hipofiz tümörü,evet,3e-06,1e-06,0.999996
1784,1785,brain_tumor_figshare/1785.mat,97481,2,2,Hipofiz tümörü,2,Hipofiz tümörü,evet,4e-06,0.000203,0.999793
1785,1786,brain_tumor_figshare/1786.mat,97599,2,2,Hipofiz tümörü,2,Hipofiz tümörü,evet,0.001936,2e-06,0.998062
1786,1787,brain_tumor_figshare/1787.mat,97599,2,2,Hipofiz tümörü,2,Hipofiz tümörü,evet,0.000107,1.5e-05,0.999877
1787,1788,brain_tumor_figshare/1788.mat,97599,2,2,Hipofiz tümörü,2,Hipofiz tümörü,evet,0.000434,4e-06,0.999562
1788,1789,brain_tumor_figshare/1789.mat,97890,1,2,Hipofiz tümörü,2,Hipofiz tümörü,evet,0.0,0.0,1.0
1789,1790,brain_tumor_figshare/1790.mat,97890,1,2,Hipofiz tümörü,2,Hipofiz tümörü,evet,0.0,0.0,1.0
1790,1791,brain_tumor_figshare/1791.mat,97890,1,2,Hipofiz tümörü,2,Hipofiz tümörü,evet,0.0,0.0,1.0
1791,1792,brain_tumor_figshare/1792.mat,97890,1,2,Hipofiz tümörü,2,Hipofiz tümörü,evet,2e-06,0.0,0.999997
1792,1793,brain_tumor_figshare/1793.mat,97890,1,2,Hipofiz tümörü,2,Hipofiz tümörü,evet,0.0,0.0,1.0
1793,1794,brain_tumor_figshare/1794.mat,97890,1,2,Hipofiz tümörü,2,Hipofiz tümörü,evet,0.0,0.0,1.0
1794,1795,brain_tumor_figshare/1795.mat,98472,3,2,Hipofiz tümörü,2,Hipofiz tümörü,evet,1e-06,0.0,0.999999
1795,1796,brain_tumor_figshare/1796.mat,98472,3,2,Hipofiz tümörü,2,Hipofiz tümörü,evet,0.000109,0.0,0.999891
1796,1797,brain_tumor_figshare/1797.mat,98472,3,2,Hipofiz tümörü,2,Hipofiz tümörü,evet,4.5e-05,1e-06,0.999954
1797,1798,brain_tumor_figshare/1798.mat,98472,3,2,Hipofiz tümörü,2,Hipofiz tümörü,evet,0.0,0.0,1.0
1798,1799,brain_tumor_figshare/1799.mat,98472,3,2,Hipofiz tümörü,2,Hipofiz tümörü,evet,0.0,0.0,1.0
1799,1800,brain_tumor_figshare/1800.mat,98472,3,2,Hipofiz tümörü,2,Hipofiz tümörü,evet,0.0,0.0,1.0
1800,1801,brain_tumor_figshare/1801.mat,98652,3,2,Hipofiz tümörü,2,Hipofiz tümörü,evet,0.0,0.0,0.999999
1801,1802,brain_tumor_figshare/1802.mat,98652,3,2,Hipofiz tümörü,2,Hipofiz tümörü,evet,0.0,0.0,1.0
1802,1803,brain_tumor_figshare/1803.mat,98652,3,2,Hipofiz tümörü,2,Hipofiz tümörü,evet,8e-06,4e-06,0.999987
1803,1804,brain_tumor_figshare/1804.mat,98652,3,2,Hipofiz tümörü,2,Hipofiz tümörü,evet,2e-06,2e-06,0.999995
1804,1805,brain_tumor_figshare/1805.mat,98652,3,2,Hipofiz tümörü,2,Hipofiz tümörü,evet,9e-06,4e-06,0.999988
1805,1806,brain_tumor_figshare/1806.mat,98871,4,2,Hipofiz tümörü,2,Hipofiz tümörü,evet,2.9e-05,0.000577,0.999394
1806,1807,brain_tumor_figshare/1807.mat,98871,4,2,Hipofiz tümörü,2,Hipofiz tümörü,evet,7.9e-05,7e-06,0.999914
1807,1808,brain_tumor_figshare/1808.mat,98871,4,2,Hipofiz tümörü,2,Hipofiz tümörü,evet,0.00126,1.4e-05,0.998726
1808,1809,brain_tumor_figshare/1809.mat,98871,4,2,Hipofiz tümörü,2,Hipofiz tümörü,evet,3.2e-05,6e-05,0.999908
1809,1810,brain_tumor_figshare/1810.mat,98871,4,2,Hipofiz tümörü,2,Hipofiz tümörü,evet,0.002149,0.053088,0.944763
1810,1811,brain_tumor_figshare/1811.mat,98871,4,2,Hipofiz tümörü,2,Hipofiz tümörü,evet,3.1e-05,3.1e-05,0.999938
1811,1812,brain_tumor_figshare/1812.mat,98871,4,2,Hipofiz tümörü,2,Hipofiz tümörü,evet,1.5e-05,4e-06,0.999981
1812,1813,brain_tumor_figshare/1813.mat,98874,1,2,Hipofiz tümörü,2,Hipofiz tümörü,evet,1e-06,2e-06,0.999997
1813,1814,brain_tumor_figshare/1814.mat,98874,1,2,Hipofiz tümörü,2,Hipofiz tümörü,evet,0.0,2e-06,0.999998
1814,1815,brain_tumor_figshare/1815.mat,98874,1,2,Hipofiz tümörü,2,Hipofiz tümörü,evet,1e-06,0.0,0.999999
1815,1816,brain_tumor_figshare/1816.mat,98874,1,2,Hipofiz tümörü,2,Hipofiz tümörü,evet,0.001013,0.002242,0.996745
1816,1817,brain_tumor_figshare/1817.mat,98874,1,2,Hipofiz tümörü,2,Hipofiz tümörü,evet,9.9e-05,6.2e-05,0.999839
1817,1818,brain_tumor_figshare/1818.mat,98874,1,2,Hipofiz tümörü,2,Hipofiz tümörü,evet,2e-06,0.0,0.999998
1818,1819,brain_tumor_figshare/1819.mat,98992,5,2,Hipofiz tümörü,2,Hipofiz tümörü,evet,0.000687,0.001752,0.997562
1819,1820,brain_tumor_figshare/1820.mat,98992,5,2,Hipofiz tümörü,2,Hipofiz tümörü,evet,3e-05,4e-06,0.999965
1820,1821,brain_tumor_figshare/1821.mat,98992,5,2,Hipofiz tümörü,2,Hipofiz tümörü,evet,4.6e-05,4.3e-05,0.999911
1821,1822,brain_tumor_figshare/1822.mat,98992,5,2,Hipofiz tümörü,2,Hipofiz tümörü,evet,4e-06,1.8e-05,0.999978
1822,1823,brain_tumor_figshare/1823.mat,98992,5,2,Hipofiz tümörü,2,Hipofiz tümörü,evet,3e-06,1.5e-05,0.999982
1823,1824,brain_tumor_figshare/1824.mat,98992,5,2,Hipofiz tümörü,2,Hipofiz tümörü,evet,3e-06,9e-06,0.999988
1824,1825,brain_tumor_figshare/1825.mat,98992,5,2,Hipofiz tümörü,2,Hipofiz tümörü,evet,1.2e-05,1.6e-05,0.999972
1825,1826,brain_tumor_figshare/1826.mat,98992,5,2,Hipofiz tümörü,2,Hipofiz tümörü,evet,7e-06,0.000272,0.999721
1826,1827,brain_tumor_figshare/1827.mat,98992,5,2,Hipofiz tümörü,2,Hipofiz tümörü,evet,6e-06,0.000825,0.999168
1827,1828,brain_tumor_figshare/1828.mat,98992,5,2,Hipofiz tümörü,2,Hipofiz tümörü,evet,1e-06,1e-06,0.999998
1828,1829,brain_tumor_figshare/1829.mat,98992,5,2,Hipofiz tümörü,2,Hipofiz tümörü,evet,8e-06,1.3e-05,0.999979
1829,1830,brain_tumor_figshare/1830.mat,98995,4,2,Hipofiz tümörü,2,Hipofiz tümörü,evet,8e-06,2e-06,0.999991
1830,1831,brain_tumor_figshare/1831.mat,98995,4,2,Hipofiz tümörü,2,Hipofiz tümörü,evet,0.000108,0.0,0.999892
1831,1832,brain_tumor_figshare/1832.mat,98995,4,2,Hipofiz tümörü,2,Hipofiz tümörü,evet,1.4e-05,0.0,0.999986
1832,1833,brain_tumor_figshare/1833.mat,98995,4,2,Hipofiz tümörü,2,Hipofiz tümörü,evet,0.0,0.0,1.0
1833,1834,brain_tumor_figshare/1834.mat,98995,4,2,Hipofiz tümörü,2,Hipofiz tümörü,evet,3e-06,0.0,0.999997
1834,1835,brain_tumor_figshare/1835.mat,99223,1,2,Hipofiz tümörü,2,Hipofiz tümörü,evet,0.0,0.0,1.0
1835,1836,brain_tumor_figshare/1836.mat,99223,1,2,Hipofiz tümörü,2,Hipofiz tümörü,evet,0.0,0.0,1.0
1836,1837,brain_tumor_figshare/1837.mat,99223,1,2,Hipofiz tümörü,2,Hipofiz tümörü,evet,3e-06,2.4e-05,0.999973
1837,1838,brain_tumor_figshare/1838.mat,99223,1,2,Hipofiz tümörü,2,Hipofiz tümörü,evet,0.0,0.0,1.0
1838,1839,brain_tumor_figshare/1839.mat,99223,1,2,Hipofiz tümörü,2,Hipofiz tümörü,evet,0.0,0.0,1.0
1839,1840,brain_tumor_figshare/1840.mat,99223,1,2,Hipofiz tümörü,2,Hipofiz tümörü,evet,0.0,0.0,1.0
1840,1841,brain_tumor_figshare/1841.mat,MR048294,1,1,Gliom,1,Gliom,evet,0.000189,0.996403,0.003408
1841,1842,brain_tumor_figshare/1842.mat,MR048294,1,1,Gliom,1,Gliom,evet,0.00014,0.998224,0.001636
1842,1843,brain_tumor_figshare/1843.mat,MR048294,1,1,Gliom,1,Gliom,evet,1.8e-05,0.999916,6.7e-05
1843,1844,brain_tumor_figshare/1844.mat,MR048294,1,1,Gliom,1,Gliom,evet,3.6e-05,0.999833,0.000131
1844,1845,brain_tumor_figshare/1845.mat,MR048294,1,1,Gliom,1,Gliom,evet,0.000265,0.999353,0.000382
1845,1846,brain_tumor_figshare/1846.mat,MR048294,1,1,Gliom,1,Gliom,evet,0.000414,0.998825,0.000761
1846,1847,brain_tumor_figshare/1847.mat,MR048294,1,1,Gliom,1,Gliom,evet,0.000387,0.999198,0.000415
1847,1848,brain_tumor_figshare/1848.mat,MR048294,1,1,Gliom,1,Gliom,evet,0.000628,0.998739,0.000633
1848,1849,brain_tumor_figshare/1849.mat,MR048297,1,1,Gliom,1,Gliom,evet,4.3e-05,0.999897,6e-05
1849,1850,brain_tumor_figshare/1850.mat,MR048297,1,1,Gliom,1,Gliom,evet,0.003827,0.994344,0.001829
1850,1851,brain_tumor_figshare/1851.mat,MR048297,1,1,Gliom,1,Gliom,evet,0.001873,0.997819,0.000308
1851,1852,brain_tumor_figshare/1852.mat,MR048297,1,1,Gliom,1,Gliom,evet,0.000145,0.999719,0.000136
1852,1853,brain_tumor_figshare/1853.mat,MR048294B,5,1,Gliom,1,Gliom,evet,0.0001,0.999716,0.000184
1853,1854,brain_tumor_figshare/1854.mat,MR048621B,5,1,Gliom,1,Gliom,evet,0.002827,0.928846,0.068327
1854,1855,brain_tumor_figshare/1855.mat,MR048621B,5,1,Gliom,1,Gliom,evet,4.5e-05,0.997316,0.002638
1855,1856,brain_tumor_figshare/1856.mat,MR048621B,5,1,Gliom,1,Gliom,evet,3.4e-05,0.999466,0.0005
1856,1857,brain_tumor_figshare/1857.mat,MR048621B,5,1,Gliom,1,Gliom,evet,3.7e-05,0.999763,0.000201
1857,1858,brain_tumor_figshare/1858.mat,MR048621B,5,1,Gliom,1,Gliom,evet,0.000342,0.997945,0.001713
1858,1859,brain_tumor_figshare/1859.mat,MR048621B,5,1,Gliom,1,Gliom,evet,5.5e-05,0.999328,0.000617
1859,1860,brain_tumor_figshare/1860.mat,MR048621B,5,1,Gliom,1,Gliom,evet,0.00251,0.991179,0.006311
1860,1861,brain_tumor_figshare/1861.mat,MR048621B,5,1,Gliom,1,Gliom,evet,0.003474,0.995338,0.001188
1861,1862,brain_tumor_figshare/1862.mat,MR048944,5,1,Gliom,1,Gliom,evet,0.00016,0.997892,0.001947
1862,1863,brain_tumor_figshare/1863.mat,MR048944,5,1,Gliom,1,Gliom,evet,0.000217,0.99356,0.006223
1863,1864,brain_tumor_figshare/1864.mat,MR048944,5,1,Gliom,1,Gliom,evet,0.005966,0.942875,0.051159
1864,1865,brain_tumor_figshare/1865.mat,MR048944,5,1,Gliom,1,Gliom,evet,0.00039,0.999087,0.000523
1865,1866,brain_tumor_figshare/1866.mat,MR048944,5,1,Gliom,1,Gliom,evet,0.003156,0.996351,0.000493
1866,1867,brain_tumor_figshare/1867.mat,MR048944,5,1,Gliom,1,Gliom,evet,0.031185,0.967678,0.001136
1867,1868,brain_tumor_figshare/1868.mat,MR048944,5,1,Gliom,1,Gliom,evet,0.035473,0.96237,0.002157
1868,1869,brain_tumor_figshare/1869.mat,MR048944,5,1,Gliom,0,Meningiom,hayır,0.877313,0.110748,0.011939
1869,1870,brain_tumor_figshare/1870.mat,MR048994,2,1,Gliom,1,Gliom,evet,1.3e-05,0.999972,1.6e-05
1870,1871,brain_tumor_figshare/1871.mat,MR048994,2,1,Gliom,1,Gliom,evet,1.1e-05,0.999977,1.2e-05
1871,1872,brain_tumor_figshare/1872.mat,MR048994,2,1,Gliom,1,Gliom,evet,0.000103,0.999862,3.6e-05
1872,1873,brain_tumor_figshare/1873.mat,MR048994,2,1,Gliom,1,Gliom,evet,7.7e-05,0.999901,2.2e-05
1873,1874,brain_tumor_figshare/1874.mat,MR048994,2,1,Gliom,1,Gliom,evet,3.8e-05,0.999942,2e-05
1874,1875,brain_tumor_figshare/1875.mat,MR048994,2,1,Gliom,1,Gliom,evet,2.8e-05,0.999961,1.2e-05
1875,1876,brain_tumor_figshare/1876.mat,MR048994,2,1,Gliom,1,Gliom,evet,0.000108,0.999823,6.9e-05
1876,1877,brain_tumor_figshare/1877.mat,MR048994,2,1,Gliom,1,Gliom,evet,0.000795,0.999021,0.000184
1877,1878,brain_tumor_figshare/1878.mat,MR048994,2,1,Gliom,1,Gliom,evet,0.005052,0.994669,0.00028
1878,1879,brain_tumor_figshare/1879.mat,MR049104,1,1,Gliom,1,Gliom,evet,3e-05,0.999787,0.000183
1879,1880,brain_tumor_figshare/1880.mat,MR049104,1,1,Gliom,1,Gliom,evet,1e-05,0.999773,0.000217
1880,1881,brain_tumor_figshare/1881.mat,MR049142,5,1,Gliom,1,Gliom,evet,0.073904,0.907624,0.018472
1881,1882,brain_tumor_figshare/1882.mat,MR049142,5,1,Gliom,1,Gliom,evet,0.46205,0.509047,0.028903
1882,1883,brain_tumor_figshare/1883.mat,MR049142,5,1,Gliom,0,Meningiom,hayır,0.867067,0.112834,0.020099
1883,1884,brain_tumor_figshare/1884.mat,MR049142,5,1,Gliom,0,Meningiom,hayır,0.654936,0.140789,0.204275
1884,1885,brain_tumor_figshare/1885.mat,MR048994B,4,1,Gliom,1,Gliom,evet,0.00023,0.999725,4.5e-05
1885,1886,brain_tumor_figshare/1886.mat,MR048994B,4,1,Gliom,1,Gliom,evet,0.000236,0.999725,3.9e-05
1886,1887,brain_tumor_figshare/1887.mat,MR048994B,4,1,Gliom,1,Gliom,evet,6e-05,0.999894,4.6e-05
1887,1888,brain_tumor_figshare/1888.mat,MR048994B,4,1,Gliom,1,Gliom,evet,0.000111,0.999814,7.4e-05
1888,1889,brain_tumor_figshare/1889.mat,MR048994B,4,1,Gliom,1,Gliom,evet,9.4e-05,0.999869,3.6e-05
1889,1890,brain_tumor_figshare/1890.mat,MR048994B,4,1,Gliom,1,Gliom,evet,0.000372,0.999591,3.7e-05
1890,1891,brain_tumor_figshare/1891.mat,MR048994B,4,1,Gliom,1,Gliom,evet,0.000688,0.999229,8.3e-05
1891,1892,brain_tumor_figshare/1892.mat,MR048994B,4,1,Gliom,1,Gliom,evet,0.00115,0.998827,2.4e-05
1892,1893,brain_tumor_figshare/1893.mat,MR048944B,5,1,Gliom,1,Gliom,evet,2.8e-05,0.999836,0.000136
1893,1894,brain_tumor_figshare/1894.mat,MR048944B,5,1,Gliom,1,Gliom,evet,5e-05,0.999865,8.5e-05
1894,1895,brain_tumor_figshare/1895.mat,MR048944B,5,1,Gliom,1,Gliom,evet,4.6e-05,0.999908,4.6e-05
1895,1896,brain_tumor_figshare/1896.mat,MR048944B,5,1,Gliom,1,Gliom,evet,0.000197,0.999706,9.8e-05
1896,1897,brain_tumor_figshare/1897.mat,MR048944B,5,1,Gliom,1,Gliom,evet,7.2e-05,0.999872,5.7e-05
1897,1898,brain_tumor_figshare/1898.mat,MR048944B,5,1,Gliom,1,Gliom,evet,0.000135,0.999818,4.7e-05
1898,1899,brain_tumor_figshare/1899.mat,MR049358,3,1,Gliom,1,Gliom,evet,0.000472,0.997026,0.002502
1899,1900,brain_tumor_figshare/1900.mat,MR049358,3,1,Gliom,1,Gliom,evet,0.000845,0.994898,0.004257
1900,1901,brain_tumor_figshare/1901.mat,MR049358,3,1,Gliom,1,Gliom,evet,0.001546,0.996429,0.002024
1901,1902,brain_tumor_figshare/1902.mat,MR049358,3,1,Gliom,1,Gliom,evet,0.000107,0.999632,0.000261
1902,1903,brain_tumor_figshare/1903.mat,MR049358,3,1,Gliom,1,Gliom,evet,7.2e-05,0.999793,0.000135
1903,1904,brain_tumor_figshare/1904.mat,MR049358,3,1,Gliom,1,Gliom,evet,6.7e-05,0.999853,8e-05
1904,1905,brain_tumor_figshare/1905.mat,MR049358,3,1,Gliom,1,Gliom,evet,7e-05,0.999755,0.000175
1905,1906,brain_tumor_figshare/1906.mat,MR049358,3,1,Gliom,1,Gliom,evet,0.000119,0.99972,0.000162
1906,1907,brain_tumor_figshare/1907.mat,MR049358,3,1,Gliom,1,Gliom,evet,6.1e-05,0.999775,0.000164
1907,1908,brain_tumor_figshare/1908.mat,MR049358,3,1,Gliom,1,Gliom,evet,6.8e-05,0.999682,0.000251
1908,1909,brain_tumor_figshare/1909.mat,MR049104B,3,1,Gliom,1,Gliom,evet,0.000188,0.999316,0.000496
1909,1910,brain_tumor_figshare/1910.mat,MR049104B,3,1,Gliom,1,Gliom,evet,0.000101,0.999703,0.000196
1910,1911,brain_tumor_figshare/1911.mat,MR049104B,3,1,Gliom,1,Gliom,evet,0.000125,0.999444,0.000431
1911,1912,brain_tumor_figshare/1912.mat,MR049104B,3,1,Gliom,1,Gliom,evet,9e-05,0.999746,0.000164
1912,1913,brain_tumor_figshare/1913.mat,MR049104B,3,1,Gliom,1,Gliom,evet,7.4e-05,0.999804,0.000123
1913,1914,brain_tumor_figshare/1914.mat,MR049453,2,1,Gliom,1,Gliom,evet,0.000119,0.999794,8.7e-05
1914,1915,brain_tumor_figshare/1915.mat,MR049453,2,1,Gliom,1,Gliom,evet,0.000188,0.999664,0.000148
1915,1916,brain_tumor_figshare/1916.mat,MR049453,2,1,Gliom,1,Gliom,evet,0.000117,0.999815,6.8e-05
1916,1917,brain_tumor_figshare/1917.mat,MR049453,2,1,Gliom,1,Gliom,evet,6.3e-05,0.999915,2.1e-05
1917,1918,brain_tumor_figshare/1918.mat,MR049453,2,1,Gliom,1,Gliom,evet,8.8e-05,0.999877,3.5e-05
1918,1919,brain_tumor_figshare/1919.mat,MR049453,2,1,Gliom,1,Gliom,evet,0.000105,0.999864,3e-05
1919,1920,brain_tumor_figshare/1920.mat,MR049453,2,1,Gliom,1,Gliom,evet,0.000187,0.99977,4.3e-05
1920,1921,brain_tumor_figshare/1921.mat,MR024780G,1,1,Gliom,2,Hipofiz tümörü,hayır,0.000461,0.454136,0.545404
1921,1922,brain_tumor_figshare/1922.mat,MR024780G,1,1,Gliom,1,Gliom,evet,4.7e-05,0.989193,0.01076
1922,1923,brain_tumor_figshare/1923.mat,MR024780G,1,1,Gliom,1,Gliom,evet,1e-05,0.999942,4.8e-05
1923,1924,brain_tumor_figshare/1924.mat,MR024780G,1,1,Gliom,1,Gliom,evet,4.2e-05,0.999818,0.000139
1924,1925,brain_tumor_figshare/1925.mat,MR024780G,1,1,Gliom,1,Gliom,evet,8e-05,0.998612,0.001308
1925,1926,brain_tumor_figshare/1926.mat,MR024780G,1,1,Gliom,1,Gliom,evet,7.6e-05,0.999688,0.000236
1926,1927,brain_tumor_figshare/1927.mat,MR024780G,1,1,Gliom,1,Gliom,evet,5.5e-05,0.999877,6.8e-05
1927,1928,brain_tumor_figshare/1928.mat,MR024780G,1,1,Gliom,1,Gliom,evet,4.5e-05,0.999901,5.4e-05
1928,1929,brain_tumor_figshare/1929.mat,MR024780G,1,1,Gliom,1,Gliom,evet,6e-06,0.999835,0.000159
1929,1930,brain_tumor_figshare/1930.mat,MR024780G,1,1,Gliom,1,Gliom,evet,1e-05,0.996324,0.003666
1930,1931,brain_tumor_figshare/1931.mat,MR024780G,1,1,Gliom,1,Gliom,evet,4e-06,0.999812,0.000184
1931,1932,brain_tumor_figshare/1932.mat,MR024780G,1,1,Gliom,1,Gliom,evet,1.6e-05,0.999055,0.000929
1932,1933,brain_tumor_figshare/1933.mat,MR024780G,1,1,Gliom,1,Gliom,evet,3.9e-05,0.998353,0.001608
1933,1934,brain_tumor_figshare/1934.mat,MR024780G,1,1,Gliom,1,Gliom,evet,4.3e-05,0.99915,0.000808
1934,1935,brain_tumor_figshare/1935.mat,MR024780G,1,1,Gliom,1,Gliom,evet,2.4e-05,0.999849,0.000127
1935,1936,brain_tumor_figshare/1936.mat,MR024780G,1,1,Gliom,1,Gliom,evet,1.9e-05,0.999885,9.6e-05
1936,1937,brain_tumor_figshare/1937.mat,MR049453B,1,1,Gliom,1,Gliom,evet,8.8e-05,0.997005,0.002907
1937,1938,brain_tumor_figshare/1938.mat,MR049453B,1,1,Gliom,1,Gliom,evet,6.7e-05,0.999674,0.000258
1938,1939,brain_tumor_figshare/1939.mat,MR049453B,1,1,Gliom,1,Gliom,evet,6e-05,0.999634,0.000306
1939,1940,brain_tumor_figshare/1940.mat,MR049453B,1,1,Gliom,1,Gliom,evet,2.8e-05,0.999606,0.000366
1940,1941,brain_tumor_figshare/1941.mat,MR049453B,1,1,Gliom,1,Gliom,evet,0.000112,0.999196,0.000692
1941,1942,brain_tumor_figshare/1942.mat,MR049453B,1,1,Gliom,1,Gliom,evet,3.8e-05,0.999716,0.000245
1942,1943,brain_tumor_figshare/1943.mat,MR049453B,1,1,Gliom,1,Gliom,evet,3.5e-05,0.999924,4e-05
1943,1944,brain_tumor_figshare/1944.mat,MR049453B,1,1,Gliom,1,Gliom,evet,5e-05,0.999918,3.2e-05
1944,1945,brain_tumor_figshare/1945.mat,MR048294B,5,1,Gliom,1,Gliom,evet,7.5e-05,0.999465,0.00046
1945,1946,brain_tumor_figshare/1946.mat,MR048294B,5,1,Gliom,1,Gliom,evet,0.000133,0.999674,0.000193
1946,1947,brain_tumor_figshare/1947.mat,MR048294B,5,1,Gliom,1,Gliom,evet,0.000171,0.999657,0.000172
1947,1948,brain_tumor_figshare/1948.mat,MR048621B,5,1,Gliom,1,Gliom,evet,0.00263,0.827136,0.170234
1948,1949,brain_tumor_figshare/1949.mat,MR048621B,5,1,Gliom,2,Hipofiz tümörü,hayır,0.067178,0.261476,0.671346
1949,1950,brain_tumor_figshare/1950.mat,MR050135B,2,1,Gliom,1,Gliom,evet,0.000111,0.979618,0.020271
1950,1951,brain_tumor_figshare/1951.mat,MR050135B,2,1,Gliom,1,Gliom,evet,7.1e-05,0.999104,0.000825
1951,1952,brain_tumor_figshare/1952.mat,MR050135B,2,1,Gliom,1,Gliom,evet,0.000102,0.999841,5.7e-05
1952,1953,brain_tumor_figshare/1953.mat,MR050135B,2,1,Gliom,1,Gliom,evet,0.000278,0.999606,0.000116
1953,1954,brain_tumor_figshare/1954.mat,MR050135B,2,1,Gliom,1,Gliom,evet,0.000189,0.999749,6.2e-05
1954,1955,brain_tumor_figshare/1955.mat,MR050135B,2,1,Gliom,1,Gliom,evet,0.00011,0.999858,3.2e-05
1955,1956,brain_tumor_figshare/1956.mat,MR050135B,2,1,Gliom,1,Gliom,evet,4.6e-05,0.999884,7e-05
1956,1957,brain_tumor_figshare/1957.mat,MR050135B,2,1,Gliom,1,Gliom,evet,7.4e-05,0.999789,0.000136
1957,1958,brain_tumor_figshare/1958.mat,MR050135B,2,1,Gliom,1,Gliom,evet,8.3e-05,0.999758,0.000159
1958,1959,brain_tumor_figshare/1959.mat,MR050135B,2,1,Gliom,1,Gliom,evet,5.7e-05,0.999807,0.000136
1959,1960,brain_tumor_figshare/1960.mat,MR050135B,2,1,Gliom,1,Gliom,evet,4e-05,0.999878,8.1e-05
1960,1961,brain_tumor_figshare/1961.mat,MR050135B,2,1,Gliom,1,Gliom,evet,9.7e-05,0.999806,9.7e-05
1961,1962,brain_tumor_figshare/1962.mat,MR050135B,2,1,Gliom,1,Gliom,evet,5.8e-05,0.999884,5.8e-05
1962,1963,brain_tumor_figshare/1963.mat,MR050135B,2,1,Gliom,1,Gliom,evet,6.7e-05,0.99988,5.3e-05
1963,1964,brain_tumor_figshare/1964.mat,MR050687,1,1,Gliom,1,Gliom,evet,0.000636,0.999321,4.3e-05
1964,1965,brain_tumor_figshare/1965.mat,MR050687,1,1,Gliom,1,Gliom,evet,0.016994,0.981645,0.00136
1965,1966,brain_tumor_figshare/1966.mat,MR050687,1,1,Gliom,1,Gliom,evet,4e-05,0.999903,5.6e-05
1966,1967,brain_tumor_figshare/1967.mat,MR050687,1,1,Gliom,1,Gliom,evet,0.000626,0.999306,6.8e-05
1967,1968,brain_tumor_figshare/1968.mat,MR050687,1,1,Gliom,1,Gliom,evet,0.002996,0.996859,0.000145
1968,1969,brain_tumor_figshare/1969.mat,MR050687,1,1,Gliom,1,Gliom,evet,0.000455,0.999453,9.2e-05
1969,1970,brain_tumor_figshare/1970.mat,MR050687,1,1,Gliom,1,Gliom,evet,0.006386,0.993045,0.000569
1970,1971,brain_tumor_figshare/1971.mat,MR050687,1,1,Gliom,1,Gliom,evet,0.002226,0.997714,6e-05
1971,1972,brain_tumor_figshare/1972.mat,MR050687,1,1,Gliom,1,Gliom,evet,0.035834,0.963804,0.000362
1972,1973,brain_tumor_figshare/1973.mat,MR050687,1,1,Gliom,1,Gliom,evet,0.021581,0.977537,0.000882
1973,1974,brain_tumor_figshare/1974.mat,MR050791B,4,1,Gliom,2,Hipofiz tümörü,hayır,0.094469,0.197329,0.708202
1974,1975,brain_tumor_figshare/1975.mat,MR050791B,4,1,Gliom,0,Meningiom,hayır,0.793735,0.170758,0.035507
1975,1976,brain_tumor_figshare/1976.mat,MR050791B,4,1,Gliom,1,Gliom,evet,0.056404,0.8358,0.107797
1976,1977,brain_tumor_figshare/1977.mat,MR050791B,4,1,Gliom,1,Gliom,evet,0.003728,0.980538,0.015734
1977,1978,brain_tumor_figshare/1978.mat,MR050791B,4,1,Gliom,1,Gliom,evet,0.003143,0.995724,0.001133
1978,1979,brain_tumor_figshare/1979.mat,MR050791B,4,1,Gliom,1,Gliom,evet,0.001005,0.998597,0.000397
1979,1980,brain_tumor_figshare/1980.mat,MR050791B,4,1,Gliom,1,Gliom,evet,0.001104,0.998199,0.000697
1980,1981,brain_tumor_figshare/1981.mat,MR050791B,4,1,Gliom,1,Gliom,evet,0.002905,0.980003,0.017092
1981,1982,brain_tumor_figshare/1982.mat,MR050791B,4,1,Gliom,1,Gliom,evet,0.009607,0.982126,0.008267
1982,1983,brain_tumor_figshare/1983.mat,MR050791B,4,1,Gliom,1,Gliom,evet,0.002205,0.997628,0.000167
1983,1984,brain_tumor_figshare/1984.mat,MR049019C,4,1,Gliom,1,Gliom,evet,0.000278,0.997903,0.001819
1984,1985,brain_tumor_figshare/1985.mat,MR049019C,4,1,Gliom,1,Gliom,evet,0.000948,0.997558,0.001493
1985,1986,brain_tumor_figshare/1986.mat,MR049019C,4,1,Gliom,1,Gliom,evet,0.003193,0.994765,0.002042
1986,1987,brain_tumor_figshare/1987.mat,MR026175C,4,1,Gliom,1,Gliom,evet,0.000406,0.996501,0.003093
1987,1988,brain_tumor_figshare/1988.mat,MR026175C,4,1,Gliom,1,Gliom,evet,0.001213,0.997194,0.001593
1988,1989,brain_tumor_figshare/1989.mat,MR026175C,4,1,Gliom,1,Gliom,evet,0.001055,0.998608,0.000337
1989,1990,brain_tumor_figshare/1990.mat,MR026175C,4,1,Gliom,1,Gliom,evet,0.000286,0.999382,0.000332
1990,1991,brain_tumor_figshare/1991.mat,MR026175C,4,1,Gliom,1,Gliom,evet,0.0001,0.999604,0.000296
1991,1992,brain_tumor_figshare/1992.mat,MR026175C,4,1,Gliom,1,Gliom,evet,0.000533,0.998923,0.000544
1992,1993,brain_tumor_figshare/1993.mat,MR026175C,4,1,Gliom,1,Gliom,evet,0.000414,0.998513,0.001073
1993,1994,brain_tumor_figshare/1994.mat,MR026175C,4,1,Gliom,1,Gliom,evet,0.000171,0.998517,0.001312
1994,1995,brain_tumor_figshare/1995.mat,MR026175C,4,1,Gliom,1,Gliom,evet,0.000447,0.999225,0.000328
1995,1996,brain_tumor_figshare/1996.mat,MR026175C,4,1,Gliom,1,Gliom,evet,0.000119,0.999802,7.9e-05
1996,1997,brain_tumor_figshare/1997.mat,MR026175C,4,1,Gliom,1,Gliom,evet,8.5e-05,0.999746,0.000169
1997,1998,brain_tumor_figshare/1998.mat,MR051461,2,1,Gliom,1,Gliom,evet,6.2e-05,0.999926,1.2e-05
1998,1999,brain_tumor_figshare/1999.mat,MR051461,2,1,Gliom,1,Gliom,evet,0.000134,0.999847,1.9e-05
1999,2000,brain_tumor_figshare/2000.mat,MR051461,2,1,Gliom,1,Gliom,evet,0.000171,0.999795,3.4e-05
2000,2001,brain_tumor_figshare/2001.mat,MR051461,2,1,Gliom,1,Gliom,evet,0.000195,0.999749,5.6e-05
2001,2002,brain_tumor_figshare/2002.mat,MR051461,2,1,Gliom,1,Gliom,evet,0.000207,0.999759,3.4e-05
2002,2003,brain_tumor_figshare/2003.mat,MR051461,2,1,Gliom,1,Gliom,evet,0.000154,0.999813,3.3e-05
2003,2004,brain_tumor_figshare/2004.mat,MR051461,2,1,Gliom,1,Gliom,evet,0.000153,0.999819,2.8e-05
2004,2005,brain_tumor_figshare/2005.mat,MR051586,5,1,Gliom,1,Gliom,evet,0.000113,0.999825,6.2e-05
2005,2006,brain_tumor_figshare/2006.mat,MR051586,5,1,Gliom,1,Gliom,evet,0.000155,0.999814,3.1e-05
2006,2007,brain_tumor_figshare/2007.mat,MR051586,5,1,Gliom,1,Gliom,evet,0.00013,0.99984,3e-05
2007,2008,brain_tumor_figshare/2008.mat,MR051586,5,1,Gliom,1,Gliom,evet,7.7e-05,0.999897,2.6e-05
2008,2009,brain_tumor_figshare/2009.mat,MR051586,5,1,Gliom,1,Gliom,evet,6.9e-05,0.999899,3.2e-05
2009,2010,brain_tumor_figshare/2010.mat,MR051586,5,1,Gliom,1,Gliom,evet,0.000108,0.999835,5.7e-05
2010,2011,brain_tumor_figshare/2011.mat,MR051586,5,1,Gliom,1,Gliom,evet,6.9e-05,0.999912,1.9e-05
2011,2012,brain_tumor_figshare/2012.mat,MR051461B,4,1,Gliom,1,Gliom,evet,0.000335,0.999269,0.000396
2012,2013,brain_tumor_figshare/2013.mat,MR051461B,4,1,Gliom,1,Gliom,evet,0.000199,0.999574,0.000227
2013,2014,brain_tumor_figshare/2014.mat,MR051461B,4,1,Gliom,1,Gliom,evet,0.000203,0.999663,0.000134
2014,2015,brain_tumor_figshare/2015.mat,MR051461B,4,1,Gliom,1,Gliom,evet,0.000348,0.999594,5.7e-05
2015,2016,brain_tumor_figshare/2016.mat,MR051461B,4,1,Gliom,1,Gliom,evet,0.000544,0.999383,7.3e-05
2016,2017,brain_tumor_figshare/2017.mat,MR051644,4,1,Gliom,1,Gliom,evet,0.237067,0.719168,0.043765
2017,2018,brain_tumor_figshare/2018.mat,MR051644,4,1,Gliom,1,Gliom,evet,0.024572,0.961806,0.013622
2018,2019,brain_tumor_figshare/2019.mat,MR051644,4,1,Gliom,1,Gliom,evet,0.007642,0.964321,0.028036
2019,2020,brain_tumor_figshare/2020.mat,MR051644,4,1,Gliom,1,Gliom,evet,0.008081,0.978612,0.013307
2020,2021,brain_tumor_figshare/2021.mat,MR051644,4,1,Gliom,1,Gliom,evet,0.475101,0.513828,0.011071
2021,2022,brain_tumor_figshare/2022.mat,MR051644,4,1,Gliom,1,Gliom,evet,0.007969,0.991879,0.000151
2022,2023,brain_tumor_figshare/2023.mat,MR051644,4,1,Gliom,1,Gliom,evet,0.001065,0.998824,0.000111
2023,2024,brain_tumor_figshare/2024.mat,MR051644,4,1,Gliom,1,Gliom,evet,0.000812,0.997516,0.001672
2024,2025,brain_tumor_figshare/2025.mat,MR051644,4,1,Gliom,1,Gliom,evet,0.015971,0.509523,0.474506
2025,2026,brain_tumor_figshare/2026.mat,MR051644,4,1,Gliom,2,Hipofiz tümörü,hayır,0.059986,0.156575,0.783439
2026,2027,brain_tumor_figshare/2027.mat,MR051644,4,1,Gliom,1,Gliom,evet,0.005657,0.950003,0.04434
2027,2028,brain_tumor_figshare/2028.mat,MR051644,4,1,Gliom,1,Gliom,evet,0.00376,0.984867,0.011372
2028,2029,brain_tumor_figshare/2029.mat,MR051644,4,1,Gliom,1,Gliom,evet,0.001175,0.986795,0.01203
2029,2030,brain_tumor_figshare/2030.mat,MR051644,4,1,Gliom,1,Gliom,evet,0.01972,0.809145,0.171135
2030,2031,brain_tumor_figshare/2031.mat,MR051644,4,1,Gliom,1,Gliom,evet,0.009452,0.972342,0.018206
2031,2032,brain_tumor_figshare/2032.mat,MR051651,1,1,Gliom,1,Gliom,evet,2.4e-05,0.999956,2e-05
2032,2033,brain_tumor_figshare/2033.mat,MR051651,1,1,Gliom,1,Gliom,evet,9.8e-05,0.999827,7.5e-05
2033,2034,brain_tumor_figshare/2034.mat,MR051651,1,1,Gliom,1,Gliom,evet,3.3e-05,0.999941,2.6e-05
2034,2035,brain_tumor_figshare/2035.mat,MR051651,1,1,Gliom,1,Gliom,evet,3.2e-05,0.999943,2.5e-05
2035,2036,brain_tumor_figshare/2036.mat,MR051651,1,1,Gliom,1,Gliom,evet,4.2e-05,0.999941,1.7e-05
2036,2037,brain_tumor_figshare/2037.mat,MR051651,1,1,Gliom,1,Gliom,evet,0.001632,0.998271,9.7e-05
2037,2038,brain_tumor_figshare/2038.mat,MR051796,4,1,Gliom,1,Gliom,evet,7.5e-05,0.999885,4e-05
2038,2039,brain_tumor_figshare/2039.mat,MR051796,4,1,Gliom,1,Gliom,evet,2.1e-05,0.999828,0.000151
2039,2040,brain_tumor_figshare/2040.mat,MR051796,4,1,Gliom,1,Gliom,evet,1.8e-05,0.999956,2.6e-05
2040,2041,brain_tumor_figshare/2041.mat,MR051796,4,1,Gliom,1,Gliom,evet,3.2e-05,0.999896,7.2e-05
2041,2042,brain_tumor_figshare/2042.mat,MR051796,4,1,Gliom,1,Gliom,evet,0.000216,0.999627,0.000157
2042,2043,brain_tumor_figshare/2043.mat,MR051796,4,1,Gliom,1,Gliom,evet,0.000759,0.999011,0.00023
2043,2044,brain_tumor_figshare/2044.mat,MR051796,4,1,Gliom,1,Gliom,evet,0.018567,0.981226,0.000207
2044,2045,brain_tumor_figshare/2045.mat,MR051651B,3,1,Gliom,1,Gliom,evet,3.6e-05,0.999842,0.000122
2045,2046,brain_tumor_figshare/2046.mat,MR051651B,3,1,Gliom,1,Gliom,evet,8.5e-05,0.999863,5.2e-05
2046,2047,brain_tumor_figshare/2047.mat,MR051651B,3,1,Gliom,1,Gliom,evet,0.000162,0.999802,3.6e-05
2047,2048,brain_tumor_figshare/2048.mat,MR051651B,3,1,Gliom,1,Gliom,evet,3.1e-05,0.999959,9e-06
2048,2049,brain_tumor_figshare/2049.mat,MR051651B,3,1,Gliom,1,Gliom,evet,4.2e-05,0.999947,1.1e-05
2049,2050,brain_tumor_figshare/2050.mat,MR051651B,3,1,Gliom,1,Gliom,evet,6.3e-05,0.99992,1.7e-05
2050,2051,brain_tumor_figshare/2051.mat,MR051644B,3,1,Gliom,1,Gliom,evet,0.000153,0.999757,8.9e-05
2051,2052,brain_tumor_figshare/2052.mat,MR051644B,3,1,Gliom,1,Gliom,evet,0.00011,0.999832,5.8e-05
2052,2053,brain_tumor_figshare/2053.mat,MR051644B,3,1,Gliom,1,Gliom,evet,0.000129,0.99976,0.000111
2053,2054,brain_tumor_figshare/2054.mat,MR051644B,3,1,Gliom,1,Gliom,evet,0.000167,0.999694,0.00014
2054,2055,brain_tumor_figshare/2055.mat,MR051644B,3,1,Gliom,1,Gliom,evet,0.000118,0.99977,0.000112
2055,2056,brain_tumor_figshare/2056.mat,MR051644B,3,1,Gliom,1,Gliom,evet,0.000148,0.999764,8.8e-05
2056,2057,brain_tumor_figshare/2057.mat,MR051644B,3,1,Gliom,1,Gliom,evet,0.000325,0.999567,0.000108
2057,2058,brain_tumor_figshare/2058.mat,MR051796B,5,1,Gliom,1,Gliom,evet,6.2e-05,0.999828,0.00011
2058,2059,brain_tumor_figshare/2059.mat,MR051796B,5,1,Gliom,1,Gliom,evet,4.2e-05,0.999817,0.000142
2059,2060,brain_tumor_figshare/2060.mat,MR051796B,5,1,Gliom,1,Gliom,evet,3.1e-05,0.999875,9.4e-05
2060,2061,brain_tumor_figshare/2061.mat,MR052550,1,1,Gliom,1,Gliom,evet,1.7e-05,0.99992,6.3e-05
2061,2062,brain_tumor_figshare/2062.mat,MR052550,1,1,Gliom,1,Gliom,evet,6e-06,0.999987,7e-06
2062,2063,brain_tumor_figshare/2063.mat,MR052550,1,1,Gliom,1,Gliom,evet,8e-06,0.99997,2.2e-05
2063,2064,brain_tumor_figshare/2064.mat,MR052550,1,1,Gliom,1,Gliom,evet,9e-06,0.999956,3.5e-05
2064,2065,brain_tumor_figshare/2065.mat,MR051644C,4,1,Gliom,1,Gliom,evet,0.00051,0.996534,0.002955
2065,2066,brain_tumor_figshare/2066.mat,MR051644C,4,1,Gliom,1,Gliom,evet,0.000106,0.995343,0.004551
2066,2067,brain_tumor_figshare/2067.mat,MR051644C,4,1,Gliom,1,Gliom,evet,0.000824,0.998645,0.000531
2067,2068,brain_tumor_figshare/2068.mat,MR051644C,4,1,Gliom,1,Gliom,evet,0.000908,0.998588,0.000504
2068,2069,brain_tumor_figshare/2069.mat,MR051644C,4,1,Gliom,1,Gliom,evet,7.8e-05,0.999092,0.00083
2069,2070,brain_tumor_figshare/2070.mat,MR051644C,4,1,Gliom,1,Gliom,evet,6.6e-05,0.99952,0.000414
2070,2071,brain_tumor_figshare/2071.mat,MR051644C,4,1,Gliom,1,Gliom,evet,9.6e-05,0.998876,0.001028
2071,2072,brain_tumor_figshare/2072.mat,MR051644C,4,1,Gliom,1,Gliom,evet,0.000153,0.999583,0.000264
2072,2073,brain_tumor_figshare/2073.mat,MR051644C,4,1,Gliom,1,Gliom,evet,8.6e-05,0.999719,0.000195
2073,2074,brain_tumor_figshare/2074.mat,MR051644C,4,1,Gliom,1,Gliom,evet,5.7e-05,0.99991,3.3e-05
2074,2075,brain_tumor_figshare/2075.mat,MR051644C,4,1,Gliom,1,Gliom,evet,9.1e-05,0.999765,0.000144
2075,2076,brain_tumor_figshare/2076.mat,MR051644C,4,1,Gliom,1,Gliom,evet,0.000514,0.999264,0.000222
2076,2077,brain_tumor_figshare/2077.mat,MR049942B,3,1,Gliom,1,Gliom,evet,5.7e-05,0.999704,0.000239
2077,2078,brain_tumor_figshare/2078.mat,MR049942B,3,1,Gliom,1,Gliom,evet,4.6e-05,0.999849,0.000105
2078,2079,brain_tumor_figshare/2079.mat,MR049942B,3,1,Gliom,1,Gliom,evet,2.2e-05,0.999908,7e-05
2079,2080,brain_tumor_figshare/2080.mat,MR052585B,5,1,Gliom,1,Gliom,evet,2.5e-05,0.99992,5.5e-05
2080,2081,brain_tumor_figshare/2081.mat,MR052585B,5,1,Gliom,1,Gliom,evet,5.3e-05,0.999624,0.000323
2081,2082,brain_tumor_figshare/2082.mat,MR052585B,5,1,Gliom,1,Gliom,evet,0.000101,0.999489,0.00041
2082,2083,brain_tumor_figshare/2083.mat,MR047953C,4,1,Gliom,1,Gliom,evet,0.000704,0.986972,0.012325
2083,2084,brain_tumor_figshare/2084.mat,MR047953C,4,1,Gliom,1,Gliom,evet,0.000203,0.99866,0.001138
2084,2085,brain_tumor_figshare/2085.mat,MR047953C,4,1,Gliom,1,Gliom,evet,0.000195,0.993507,0.006298
2085,2086,brain_tumor_figshare/2086.mat,MR047953C,4,1,Gliom,1,Gliom,evet,0.000113,0.999751,0.000136
2086,2087,brain_tumor_figshare/2087.mat,MR053110B,1,1,Gliom,1,Gliom,evet,0.00012,0.987656,0.012224
2087,2088,brain_tumor_figshare/2088.mat,MR053110B,1,1,Gliom,1,Gliom,evet,2.7e-05,0.999786,0.000187
2088,2089,brain_tumor_figshare/2089.mat,MR053110B,1,1,Gliom,1,Gliom,evet,0.000134,0.996976,0.00289
2089,2090,brain_tumor_figshare/2090.mat,MR053110B,1,1,Gliom,1,Gliom,evet,3.2e-05,0.999884,8.4e-05
2090,2091,brain_tumor_figshare/2091.mat,MR053110B,1,1,Gliom,1,Gliom,evet,5.9e-05,0.999679,0.000263
2091,2092,brain_tumor_figshare/2092.mat,MR053110B,1,1,Gliom,1,Gliom,evet,4.2e-05,0.999876,8.2e-05
2092,2093,brain_tumor_figshare/2093.mat,MR034694,2,1,Gliom,1,Gliom,evet,8.6e-05,0.999738,0.000176
2093,2094,brain_tumor_figshare/2094.mat,MR034694,2,1,Gliom,1,Gliom,evet,4.5e-05,0.999911,4.4e-05
2094,2095,brain_tumor_figshare/2095.mat,MR034694,2,1,Gliom,1,Gliom,evet,3.7e-05,0.999936,2.7e-05
2095,2096,brain_tumor_figshare/2096.mat,MR034694,2,1,Gliom,1,Gliom,evet,0.000129,0.999803,6.8e-05
2096,2097,brain_tumor_figshare/2097.mat,MR054683,4,1,Gliom,1,Gliom,evet,0.000771,0.989078,0.010151
2097,2098,brain_tumor_figshare/2098.mat,MR054683,4,1,Gliom,1,Gliom,evet,0.000731,0.997675,0.001594
2098,2099,brain_tumor_figshare/2099.mat,MR054683,4,1,Gliom,1,Gliom,evet,0.001241,0.996312,0.002447
2099,2100,brain_tumor_figshare/2100.mat,MR054875,1,1,Gliom,1,Gliom,evet,1e-05,0.999912,7.8e-05
2100,2101,brain_tumor_figshare/2101.mat,MR054875,1,1,Gliom,1,Gliom,evet,1.3e-05,0.999925,6.2e-05
2101,2102,brain_tumor_figshare/2102.mat,MR054875,1,1,Gliom,1,Gliom,evet,1.8e-05,0.999877,0.000105
2102,2103,brain_tumor_figshare/2103.mat,MR054875,1,1,Gliom,1,Gliom,evet,6e-05,0.998463,0.001477
2103,2104,brain_tumor_figshare/2104.mat,MR050687C,5,1,Gliom,1,Gliom,evet,0.000308,0.997324,0.002368
2104,2105,brain_tumor_figshare/2105.mat,MR050687C,5,1,Gliom,1,Gliom,evet,5e-05,0.999616,0.000334
2105,2106,brain_tumor_figshare/2106.mat,MR050687C,5,1,Gliom,1,Gliom,evet,3.8e-05,0.997854,0.002108
2106,2107,brain_tumor_figshare/2107.mat,MR050687C,5,1,Gliom,1,Gliom,evet,1.1e-05,0.998782,0.001208
2107,2108,brain_tumor_figshare/2108.mat,MR050687C,5,1,Gliom,1,Gliom,evet,2.1e-05,0.999296,0.000684
2108,2109,brain_tumor_figshare/2109.mat,MR056144,5,1,Gliom,1,Gliom,evet,6.3e-05,0.999759,0.000178
2109,2110,brain_tumor_figshare/2110.mat,MR056144,5,1,Gliom,1,Gliom,evet,0.000145,0.999657,0.000199
2110,2111,brain_tumor_figshare/2111.mat,MR056144,5,1,Gliom,1,Gliom,evet,0.000204,0.999573,0.000224
2111,2112,brain_tumor_figshare/2112.mat,MR034997,3,1,Gliom,1,Gliom,evet,8.7e-05,0.999899,1.4e-05
2112,2113,brain_tumor_figshare/2113.mat,MR034997,3,1,Gliom,1,Gliom,evet,0.000145,0.999802,5.3e-05
2113,2114,brain_tumor_figshare/2114.mat,MR034997,3,1,Gliom,1,Gliom,evet,0.000298,0.999633,6.9e-05
2114,2115,brain_tumor_figshare/2115.mat,MR034997,3,1,Gliom,1,Gliom,evet,0.000138,0.999825,3.6e-05
2115,2116,brain_tumor_figshare/2116.mat,MR034997,3,1,Gliom,1,Gliom,evet,0.000209,0.999714,7.7e-05
2116,2117,brain_tumor_figshare/2117.mat,MR034997,3,1,Gliom,1,Gliom,evet,0.000267,0.999676,5.7e-05
2117,2118,brain_tumor_figshare/2118.mat,MR034997,3,1,Gliom,1,Gliom,evet,0.000325,0.999622,5.3e-05
2118,2119,brain_tumor_figshare/2119.mat,MR029209E,5,1,Gliom,1,Gliom,evet,6.4e-05,0.999821,0.000114
2119,2120,brain_tumor_figshare/2120.mat,MR029209E,5,1,Gliom,1,Gliom,evet,7.9e-05,0.999819,0.000102
2120,2121,brain_tumor_figshare/2121.mat,MR029209E,5,1,Gliom,1,Gliom,evet,8.6e-05,0.999859,5.5e-05
2121,2122,brain_tumor_figshare/2122.mat,MR029209E,5,1,Gliom,1,Gliom,evet,3.1e-05,0.999927,4.3e-05
2122,2123,brain_tumor_figshare/2123.mat,MR029209E,5,1,Gliom,1,Gliom,evet,6.3e-05,0.999886,5.1e-05
2123,2124,brain_tumor_figshare/2124.mat,MR029209E,5,1,Gliom,1,Gliom,evet,0.000154,0.999721,0.000125
2124,2125,brain_tumor_figshare/2125.mat,MR029209E,5,1,Gliom,1,Gliom,evet,7.5e-05,0.999827,9.8e-05
2125,2126,brain_tumor_figshare/2126.mat,MR029209E,5,1,Gliom,1,Gliom,evet,8e-05,0.999834,8.6e-05
2126,2127,brain_tumor_figshare/2127.mat,MR029209E,5,1,Gliom,1,Gliom,evet,0.000189,0.999624,0.000187
2127,2128,brain_tumor_figshare/2128.mat,MR053110E,1,1,Gliom,1,Gliom,evet,0.00031,0.952046,0.047644
2128,2129,brain_tumor_figshare/2129.mat,MR053110E,1,1,Gliom,1,Gliom,evet,0.000123,0.805989,0.193888
2129,2130,brain_tumor_figshare/2130.mat,MR053110E,1,1,Gliom,1,Gliom,evet,1e-05,0.999306,0.000684
2130,2131,brain_tumor_figshare/2131.mat,MR053110E,1,1,Gliom,1,Gliom,evet,0.000353,0.853533,0.146114
2131,2132,brain_tumor_figshare/2132.mat,MR053110E,1,1,Gliom,1,Gliom,evet,8.4e-05,0.971134,0.028782
2132,2133,brain_tumor_figshare/2133.mat,MR053110E,1,1,Gliom,1,Gliom,evet,4.8e-05,0.999312,0.00064
2133,2134,brain_tumor_figshare/2134.mat,MR049019G,3,1,Gliom,1,Gliom,evet,6e-05,0.999687,0.000253
2134,2135,brain_tumor_figshare/2135.mat,MR049019G,3,1,Gliom,1,Gliom,evet,7.4e-05,0.999742,0.000184
2135,2136,brain_tumor_figshare/2136.mat,MR049019G,3,1,Gliom,1,Gliom,evet,8.4e-05,0.999714,0.000201
2136,2137,brain_tumor_figshare/2137.mat,MR049019G,3,1,Gliom,1,Gliom,evet,9.4e-05,0.999812,9.5e-05
2137,2138,brain_tumor_figshare/2138.mat,MR049019G,3,1,Gliom,1,Gliom,evet,0.000122,0.999723,0.000155
2138,2139,brain_tumor_figshare/2139.mat,MR049019G,3,1,Gliom,1,Gliom,evet,0.000134,0.999791,7.6e-05
2139,2140,brain_tumor_figshare/2140.mat,MR049019G,3,1,Gliom,1,Gliom,evet,0.000135,0.999827,3.8e-05
2140,2141,brain_tumor_figshare/2141.mat,MR031409B,2,1,Gliom,1,Gliom,evet,0.000417,0.999523,6e-05
2141,2142,brain_tumor_figshare/2142.mat,MR031409B,2,1,Gliom,1,Gliom,evet,0.000468,0.999459,7.3e-05
2142,2143,brain_tumor_figshare/2143.mat,MR031409B,2,1,Gliom,1,Gliom,evet,0.001361,0.998518,0.000121
2143,2144,brain_tumor_figshare/2144.mat,MR024780D,1,1,Gliom,1,Gliom,evet,0.000161,0.999594,0.000246
2144,2145,brain_tumor_figshare/2145.mat,MR024780D,1,1,Gliom,1,Gliom,evet,0.000271,0.999117,0.000612
2145,2146,brain_tumor_figshare/2146.mat,MR038469,3,1,Gliom,1,Gliom,evet,0.000965,0.994844,0.004191
2146,2147,brain_tumor_figshare/2147.mat,MR038469,3,1,Gliom,1,Gliom,evet,0.00016,0.999609,0.000231
2147,2148,brain_tumor_figshare/2148.mat,MR038469,3,1,Gliom,1,Gliom,evet,9.9e-05,0.999688,0.000214
2148,2149,brain_tumor_figshare/2149.mat,MR038469,3,1,Gliom,1,Gliom,evet,9.6e-05,0.999222,0.000683
2149,2150,brain_tumor_figshare/2150.mat,MR038469,3,1,Gliom,1,Gliom,evet,2.9e-05,0.999887,8.4e-05
2150,2151,brain_tumor_figshare/2151.mat,MR038469,3,1,Gliom,1,Gliom,evet,6.4e-05,0.999784,0.000151
2151,2152,brain_tumor_figshare/2152.mat,MR038469,3,1,Gliom,1,Gliom,evet,6.2e-05,0.999854,8.4e-05
2152,2153,brain_tumor_figshare/2153.mat,MR032322C,2,1,Gliom,1,Gliom,evet,3.3e-05,0.999915,5.2e-05
2153,2154,brain_tumor_figshare/2154.mat,MR032322C,2,1,Gliom,1,Gliom,evet,2.1e-05,0.999725,0.000254
2154,2155,brain_tumor_figshare/2155.mat,MR032322C,2,1,Gliom,1,Gliom,evet,3.6e-05,0.999914,5e-05
2155,2156,brain_tumor_figshare/2156.mat,MR032322C,2,1,Gliom,1,Gliom,evet,0.000138,0.999709,0.000153
2156,2157,brain_tumor_figshare/2157.mat,MR032322C,2,1,Gliom,1,Gliom,evet,0.000137,0.999788,7.6e-05
2157,2158,brain_tumor_figshare/2158.mat,MR032322C,2,1,Gliom,1,Gliom,evet,4.6e-05,0.999898,5.7e-05
2158,2159,brain_tumor_figshare/2159.mat,MR032322C,2,1,Gliom,1,Gliom,evet,3.6e-05,0.999882,8.1e-05
2159,2160,brain_tumor_figshare/2160.mat,MR032322C,2,1,Gliom,1,Gliom,evet,2.3e-05,0.999895,8.2e-05
2160,2161,brain_tumor_figshare/2161.mat,MR032322C,2,1,Gliom,1,Gliom,evet,1.4e-05,0.999925,6.1e-05
2161,2162,brain_tumor_figshare/2162.mat,MR032322C,2,1,Gliom,1,Gliom,evet,1.7e-05,0.999948,3.4e-05
2162,2163,brain_tumor_figshare/2163.mat,MR032322C,2,1,Gliom,1,Gliom,evet,4.7e-05,0.999891,6.3e-05
2163,2164,brain_tumor_figshare/2164.mat,MR032322C,2,1,Gliom,1,Gliom,evet,3.1e-05,0.999909,6e-05
2164,2165,brain_tumor_figshare/2165.mat,MR032322C,2,1,Gliom,1,Gliom,evet,3.5e-05,0.999889,7.7e-05
2165,2166,brain_tumor_figshare/2166.mat,MR037458B,2,1,Gliom,1,Gliom,evet,0.004832,0.875393,0.119775
2166,2167,brain_tumor_figshare/2167.mat,MR037458B,2,1,Gliom,1,Gliom,evet,0.018023,0.947912,0.034065
2167,2168,brain_tumor_figshare/2168.mat,MR037458B,2,1,Gliom,1,Gliom,evet,0.07225,0.578842,0.348908
2168,2169,brain_tumor_figshare/2169.mat,MR037458B,2,1,Gliom,1,Gliom,evet,0.124925,0.686791,0.188285
2169,2170,brain_tumor_figshare/2170.mat,MR037458B,2,1,Gliom,1,Gliom,evet,0.244099,0.70085,0.055051
2170,2171,brain_tumor_figshare/2171.mat,MR037458B,2,1,Gliom,1,Gliom,evet,0.048383,0.948372,0.003245
2171,2172,brain_tumor_figshare/2172.mat,MR037458B,2,1,Gliom,1,Gliom,evet,0.013974,0.980871,0.005154
2172,2173,brain_tumor_figshare/2173.mat,MR037458B,2,1,Gliom,1,Gliom,evet,0.347916,0.641375,0.010709
2173,2174,brain_tumor_figshare/2174.mat,MR039473,4,1,Gliom,1,Gliom,evet,0.000391,0.952659,0.04695
2174,2175,brain_tumor_figshare/2175.mat,MR039473,4,1,Gliom,1,Gliom,evet,0.000302,0.997223,0.002475
2175,2176,brain_tumor_figshare/2176.mat,MR039473,4,1,Gliom,1,Gliom,evet,0.000184,0.999405,0.000412
2176,2177,brain_tumor_figshare/2177.mat,MR039473,4,1,Gliom,1,Gliom,evet,0.00039,0.999317,0.000293
2177,2178,brain_tumor_figshare/2178.mat,MR039473,4,1,Gliom,1,Gliom,evet,0.00014,0.999783,7.7e-05
2178,2179,brain_tumor_figshare/2179.mat,MR039473B,2,1,Gliom,1,Gliom,evet,0.000429,0.510889,0.488682
2179,2180,brain_tumor_figshare/2180.mat,MR039473B,2,1,Gliom,1,Gliom,evet,2.5e-05,0.999009,0.000966
2180,2181,brain_tumor_figshare/2181.mat,MR039473B,2,1,Gliom,1,Gliom,evet,5e-05,0.997345,0.002605
2181,2182,brain_tumor_figshare/2182.mat,MR039473B,2,1,Gliom,1,Gliom,evet,4.3e-05,0.99974,0.000217
2182,2183,brain_tumor_figshare/2183.mat,MR039473B,2,1,Gliom,1,Gliom,evet,2.3e-05,0.999895,8.2e-05
2183,2184,brain_tumor_figshare/2184.mat,MR039473B,2,1,Gliom,1,Gliom,evet,4.9e-05,0.999383,0.000568
2184,2185,brain_tumor_figshare/2185.mat,MR039473B,2,1,Gliom,1,Gliom,evet,8.2e-05,0.999714,0.000203
2185,2186,brain_tumor_figshare/2186.mat,MR037458C,4,1,Gliom,1,Gliom,evet,0.014678,0.974906,0.010416
2186,2187,brain_tumor_figshare/2187.mat,MR037458C,4,1,Gliom,1,Gliom,evet,0.003712,0.985899,0.010389
2187,2188,brain_tumor_figshare/2188.mat,MR037458C,4,1,Gliom,1,Gliom,evet,0.000958,0.998687,0.000355
2188,2189,brain_tumor_figshare/2189.mat,MR037458C,4,1,Gliom,1,Gliom,evet,0.000111,0.999755,0.000133
2189,2190,brain_tumor_figshare/2190.mat,MR037458C,4,1,Gliom,1,Gliom,evet,1.8e-05,0.999937,4.4e-05
2190,2191,brain_tumor_figshare/2191.mat,MR037458C,4,1,Gliom,1,Gliom,evet,1.1e-05,0.99996,2.9e-05
2191,2192,brain_tumor_figshare/2192.mat,MR037458C,4,1,Gliom,1,Gliom,evet,3.7e-05,0.999939,2.5e-05
2192,2193,brain_tumor_figshare/2193.mat,MR037458C,4,1,Gliom,1,Gliom,evet,2.9e-05,0.999958,1.4e-05
2193,2194,brain_tumor_figshare/2194.mat,MR037458C,4,1,Gliom,1,Gliom,evet,0.000321,0.999602,7.8e-05
2194,2195,brain_tumor_figshare/2195.mat,MR037458C,4,1,Gliom,1,Gliom,evet,6.1e-05,0.999913,2.5e-05
2195,2196,brain_tumor_figshare/2196.mat,MR040240,5,1,Gliom,1,Gliom,evet,3.3e-05,0.999367,0.0006
2196,2197,brain_tumor_figshare/2197.mat,MR040240,5,1,Gliom,1,Gliom,evet,6.9e-05,0.999737,0.000194
2197,2198,brain_tumor_figshare/2198.mat,MR040240,5,1,Gliom,1,Gliom,evet,2.7e-05,0.99991,6.3e-05
2198,2199,brain_tumor_figshare/2199.mat,MR040240,5,1,Gliom,1,Gliom,evet,4.2e-05,0.999901,5.7e-05
2199,2200,brain_tumor_figshare/2200.mat,MR040240,5,1,Gliom,1,Gliom,evet,7.5e-05,0.999812,0.000113
2200,2201,brain_tumor_figshare/2201.mat,MR040240,5,1,Gliom,1,Gliom,evet,5.5e-05,0.999878,6.7e-05
2201,2202,brain_tumor_figshare/2202.mat,MR040240,5,1,Gliom,1,Gliom,evet,5.7e-05,0.999874,7e-05
2202,2203,brain_tumor_figshare/2203.mat,MR040240,5,1,Gliom,1,Gliom,evet,0.000178,0.99929,0.000532
2203,2204,brain_tumor_figshare/2204.mat,MR040240,5,1,Gliom,1,Gliom,evet,8.1e-05,0.999758,0.000162
2204,2205,brain_tumor_figshare/2205.mat,MR040240,5,1,Gliom,1,Gliom,evet,0.000279,0.998815,0.000906
2205,2206,brain_tumor_figshare/2206.mat,MR040240B,3,1,Gliom,1,Gliom,evet,2.7e-05,0.99951,0.000463
2206,2207,brain_tumor_figshare/2207.mat,MR040240B,3,1,Gliom,1,Gliom,evet,3.4e-05,0.999875,9.1e-05
2207,2208,brain_tumor_figshare/2208.mat,MR040240B,3,1,Gliom,1,Gliom,evet,2.1e-05,0.999912,6.7e-05
2208,2209,brain_tumor_figshare/2209.mat,MR040240B,3,1,Gliom,1,Gliom,evet,4.1e-05,0.99989,6.9e-05
2209,2210,brain_tumor_figshare/2210.mat,MR040240B,3,1,Gliom,1,Gliom,evet,2.4e-05,0.999932,4.5e-05
2210,2211,brain_tumor_figshare/2211.mat,MR040240B,3,1,Gliom,1,Gliom,evet,4.5e-05,0.999884,7.1e-05
2211,2212,brain_tumor_figshare/2212.mat,MR040240B,3,1,Gliom,1,Gliom,evet,6.7e-05,0.999839,9.4e-05
2212,2213,brain_tumor_figshare/2213.mat,MR040240B,3,1,Gliom,1,Gliom,evet,7.3e-05,0.999823,0.000104
2213,2214,brain_tumor_figshare/2214.mat,MR040240B,3,1,Gliom,1,Gliom,evet,9.7e-05,0.999793,0.00011
2214,2215,brain_tumor_figshare/2215.mat,MR040240B,3,1,Gliom,1,Gliom,evet,8.7e-05,0.999879,3.4e-05
2215,2216,brain_tumor_figshare/2216.mat,MR029209G,5,1,Gliom,1,Gliom,evet,5.5e-05,0.999862,8.3e-05
2216,2217,brain_tumor_figshare/2217.mat,MR029209G,5,1,Gliom,1,Gliom,evet,3.9e-05,0.999884,7.7e-05
2217,2218,brain_tumor_figshare/2218.mat,MR029209G,5,1,Gliom,1,Gliom,evet,4.4e-05,0.999887,6.8e-05
2218,2219,brain_tumor_figshare/2219.mat,MR029209G,5,1,Gliom,1,Gliom,evet,0.000125,0.999402,0.000473
2219,2220,brain_tumor_figshare/2220.mat,MR029209G,5,1,Gliom,1,Gliom,evet,8.7e-05,0.99974,0.000172
2220,2221,brain_tumor_figshare/2221.mat,MR029209G,5,1,Gliom,1,Gliom,evet,6.3e-05,0.999881,5.6e-05
2221,2222,brain_tumor_figshare/2222.mat,MR029209G,5,1,Gliom,1,Gliom,evet,9e-05,0.999783,0.000126
2222,2223,brain_tumor_figshare/2223.mat,MR029209G,5,1,Gliom,1,Gliom,evet,0.000151,0.999689,0.00016
2223,2224,brain_tumor_figshare/2224.mat,MR036496B,3,1,Gliom,1,Gliom,evet,6.1e-05,0.999924,1.5e-05
2224,2225,brain_tumor_figshare/2225.mat,MR036496B,3,1,Gliom,1,Gliom,evet,5.4e-05,0.999928,1.7e-05
2225,2226,brain_tumor_figshare/2226.mat,MR036496B,3,1,Gliom,1,Gliom,evet,4.4e-05,0.999943,1.3e-05
2226,2227,brain_tumor_figshare/2227.mat,MR036496B,3,1,Gliom,1,Gliom,evet,0.000142,0.999832,2.6e-05
2227,2228,brain_tumor_figshare/2228.mat,MR036496B,3,1,Gliom,1,Gliom,evet,0.000158,0.99982,2.2e-05
2228,2229,brain_tumor_figshare/2229.mat,MR036496B,3,1,Gliom,1,Gliom,evet,0.000274,0.99971,1.6e-05
2229,2230,brain_tumor_figshare/2230.mat,MR033420,5,1,Gliom,1,Gliom,evet,6.8e-05,0.999805,0.000127
2230,2231,brain_tumor_figshare/2231.mat,MR033420,5,1,Gliom,1,Gliom,evet,6.9e-05,0.999846,8.6e-05
2231,2232,brain_tumor_figshare/2232.mat,MR033420,5,1,Gliom,1,Gliom,evet,9.1e-05,0.999771,0.000139
2232,2233,brain_tumor_figshare/2233.mat,MR033420,5,1,Gliom,1,Gliom,evet,4.4e-05,0.999904,5.2e-05
2233,2234,brain_tumor_figshare/2234.mat,MR033420,5,1,Gliom,1,Gliom,evet,5.2e-05,0.999888,6.1e-05
2234,2235,brain_tumor_figshare/2235.mat,MR033420,5,1,Gliom,1,Gliom,evet,3.6e-05,0.999918,4.6e-05
2235,2236,brain_tumor_figshare/2236.mat,MR033420,5,1,Gliom,1,Gliom,evet,8.4e-05,0.999848,6.8e-05
2236,2237,brain_tumor_figshare/2237.mat,MR024780B,1,1,Gliom,1,Gliom,evet,0.000114,0.99957,0.000317
2237,2238,brain_tumor_figshare/2238.mat,MR024780B,1,1,Gliom,1,Gliom,evet,0.000138,0.999351,0.000511
2238,2239,brain_tumor_figshare/2239.mat,MR024780B,1,1,Gliom,1,Gliom,evet,0.000116,0.9993,0.000584
2239,2240,brain_tumor_figshare/2240.mat,MR024780B,1,1,Gliom,1,Gliom,evet,0.000109,0.995912,0.003979
2240,2241,brain_tumor_figshare/2241.mat,MR033389B,4,1,Gliom,1,Gliom,evet,0.000216,0.999747,3.7e-05
2241,2242,brain_tumor_figshare/2242.mat,MR048994,2,1,Gliom,1,Gliom,evet,0.000703,0.998991,0.000306
2242,2243,brain_tumor_figshare/2243.mat,MR048994,2,1,Gliom,1,Gliom,evet,0.00081,0.999085,0.000105
2243,2244,brain_tumor_figshare/2244.mat,MR049104,1,1,Gliom,1,Gliom,evet,5e-05,0.999884,6.7e-05
2244,2245,brain_tumor_figshare/2245.mat,MR049104,1,1,Gliom,1,Gliom,evet,0.00044,0.999469,9e-05
2245,2246,brain_tumor_figshare/2246.mat,MR049104,1,1,Gliom,1,Gliom,evet,0.000223,0.999583,0.000194
2246,2247,brain_tumor_figshare/2247.mat,MR049142,5,1,Gliom,1,Gliom,evet,0.002374,0.993842,0.003784
2247,2248,brain_tumor_figshare/2248.mat,MR049142,5,1,Gliom,1,Gliom,evet,0.022256,0.957767,0.019977
2248,2249,brain_tumor_figshare/2249.mat,MR049142,5,1,Gliom,1,Gliom,evet,0.007822,0.781718,0.21046
2249,2250,brain_tumor_figshare/2250.mat,MR048994B,4,1,Gliom,1,Gliom,evet,0.000211,0.998837,0.000953
2250,2251,brain_tumor_figshare/2251.mat,MR048994B,4,1,Gliom,1,Gliom,evet,0.000692,0.998764,0.000545
2251,2252,brain_tumor_figshare/2252.mat,MR048994B,4,1,Gliom,1,Gliom,evet,0.000273,0.999141,0.000586
2252,2253,brain_tumor_figshare/2253.mat,MR048994B,4,1,Gliom,1,Gliom,evet,0.000398,0.998985,0.000617
2253,2254,brain_tumor_figshare/2254.mat,MR048944B,5,1,Gliom,1,Gliom,evet,2.6e-05,0.999796,0.000178
2254,2255,brain_tumor_figshare/2255.mat,MR048944B,5,1,Gliom,1,Gliom,evet,2.1e-05,0.999892,8.7e-05
2255,2256,brain_tumor_figshare/2256.mat,MR048944B,5,1,Gliom,1,Gliom,evet,2.2e-05,0.999791,0.000187
2256,2257,brain_tumor_figshare/2257.mat,MR048944B,5,1,Gliom,1,Gliom,evet,3.9e-05,0.99976,0.000201
2257,2258,brain_tumor_figshare/2258.mat,MR048944B,5,1,Gliom,1,Gliom,evet,4.8e-05,0.999766,0.000187
2258,2259,brain_tumor_figshare/2259.mat,MR048944B,5,1,Gliom,1,Gliom,evet,2e-05,0.999919,6.2e-05
2259,2260,brain_tumor_figshare/2260.mat,MR048944B,5,1,Gliom,1,Gliom,evet,5e-05,0.999896,5.5e-05
2260,2261,brain_tumor_figshare/2261.mat,MR049358,3,1,Gliom,1,Gliom,evet,0.000122,0.999728,0.00015
2261,2262,brain_tumor_figshare/2262.mat,MR049358,3,1,Gliom,1,Gliom,evet,0.000127,0.99974,0.000134
2262,2263,brain_tumor_figshare/2263.mat,MR049358,3,1,Gliom,1,Gliom,evet,0.000242,0.999505,0.000253
2263,2264,brain_tumor_figshare/2264.mat,MR049358,3,1,Gliom,1,Gliom,evet,0.000289,0.999502,0.000209
2264,2265,brain_tumor_figshare/2265.mat,MR049358,3,1,Gliom,1,Gliom,evet,0.000286,0.999485,0.000228
2265,2266,brain_tumor_figshare/2266.mat,MR049358,3,1,Gliom,1,Gliom,evet,0.000264,0.999294,0.000441
2266,2267,brain_tumor_figshare/2267.mat,MR049358,3,1,Gliom,1,Gliom,evet,0.000229,0.999412,0.000359
2267,2268,brain_tumor_figshare/2268.mat,MR049358,3,1,Gliom,1,Gliom,evet,0.000191,0.999575,0.000234
2268,2269,brain_tumor_figshare/2269.mat,MR049358,3,1,Gliom,1,Gliom,evet,0.000548,0.999046,0.000406
2269,2270,brain_tumor_figshare/2270.mat,MR049453,2,1,Gliom,1,Gliom,evet,9.3e-05,0.999865,4.2e-05
2270,2271,brain_tumor_figshare/2271.mat,MR049453,2,1,Gliom,1,Gliom,evet,0.000108,0.999854,3.8e-05
2271,2272,brain_tumor_figshare/2272.mat,MR049453,2,1,Gliom,1,Gliom,evet,7.8e-05,0.99988,4.2e-05
2272,2273,brain_tumor_figshare/2273.mat,MR049453,2,1,Gliom,1,Gliom,evet,3.5e-05,0.999933,3.1e-05
2273,2274,brain_tumor_figshare/2274.mat,MR049453,2,1,Gliom,1,Gliom,evet,5.3e-05,0.999882,6.5e-05
2274,2275,brain_tumor_figshare/2275.mat,MR049453,2,1,Gliom,1,Gliom,evet,0.00013,0.999757,0.000114
2275,2276,brain_tumor_figshare/2276.mat,MR049453,2,1,Gliom,1,Gliom,evet,4.9e-05,0.999882,7e-05
2276,2277,brain_tumor_figshare/2277.mat,MR049453,2,1,Gliom,1,Gliom,evet,8.1e-05,0.999604,0.000315
2277,2278,brain_tumor_figshare/2278.mat,MR049453,2,1,Gliom,1,Gliom,evet,9.4e-05,0.999853,5.3e-05
2278,2279,brain_tumor_figshare/2279.mat,MR024780G,1,1,Gliom,1,Gliom,evet,0.000157,0.999748,9.5e-05
2279,2280,brain_tumor_figshare/2280.mat,MR024780G,1,1,Gliom,1,Gliom,evet,0.000134,0.999788,7.8e-05
2280,2281,brain_tumor_figshare/2281.mat,MR024780G,1,1,Gliom,1,Gliom,evet,7.7e-05,0.999846,7.7e-05
2281,2282,brain_tumor_figshare/2282.mat,MR024780G,1,1,Gliom,1,Gliom,evet,0.000261,0.999694,4.4e-05
2282,2283,brain_tumor_figshare/2283.mat,MR024780G,1,1,Gliom,1,Gliom,evet,0.000222,0.999697,8.1e-05
2283,2284,brain_tumor_figshare/2284.mat,MR024780G,1,1,Gliom,1,Gliom,evet,0.000147,0.999819,3.4e-05
2284,2285,brain_tumor_figshare/2285.mat,MR024780G,1,1,Gliom,1,Gliom,evet,5.9e-05,0.999926,1.6e-05
2285,2286,brain_tumor_figshare/2286.mat,MR049453B,1,1,Gliom,1,Gliom,evet,6e-05,0.999889,5.1e-05
2286,2287,brain_tumor_figshare/2287.mat,MR049453B,1,1,Gliom,1,Gliom,evet,0.000776,0.999129,9.5e-05
2287,2288,brain_tumor_figshare/2288.mat,MR049453B,1,1,Gliom,1,Gliom,evet,0.000131,0.999153,0.000717
2288,2289,brain_tumor_figshare/2289.mat,MR049453B,1,1,Gliom,1,Gliom,evet,8.3e-05,0.999696,0.000221
2289,2290,brain_tumor_figshare/2290.mat,MR049453B,1,1,Gliom,1,Gliom,evet,3.3e-05,0.999904,6.3e-05
2290,2291,brain_tumor_figshare/2291.mat,MR049453B,1,1,Gliom,1,Gliom,evet,8.2e-05,0.999758,0.000161
2291,2292,brain_tumor_figshare/2292.mat,MR049453B,1,1,Gliom,1,Gliom,evet,0.000531,0.999363,0.000106
2292,2293,brain_tumor_figshare/2293.mat,MR049453B,1,1,Gliom,1,Gliom,evet,0.000112,0.999858,3e-05
2293,2294,brain_tumor_figshare/2294.mat,MR049453B,1,1,Gliom,1,Gliom,evet,0.000101,0.999824,7.4e-05
2294,2295,brain_tumor_figshare/2295.mat,MR049453B,1,1,Gliom,1,Gliom,evet,0.000106,0.999652,0.000241
2295,2296,brain_tumor_figshare/2296.mat,MR049453B,1,1,Gliom,1,Gliom,evet,3.6e-05,0.999822,0.000142
2296,2297,brain_tumor_figshare/2297.mat,MR049453B,1,1,Gliom,1,Gliom,evet,3.4e-05,0.999809,0.000157
2297,2298,brain_tumor_figshare/2298.mat,MR049453B,1,1,Gliom,1,Gliom,evet,4.8e-05,0.999703,0.00025
2298,2299,brain_tumor_figshare/2299.mat,MR049453B,1,1,Gliom,1,Gliom,evet,3.1e-05,0.999776,0.000193
2299,2300,brain_tumor_figshare/2300.mat,MR050135B,2,1,Gliom,1,Gliom,evet,0.000938,0.997487,0.001574
2300,2301,brain_tumor_figshare/2301.mat,MR050135B,2,1,Gliom,1,Gliom,evet,0.000131,0.999822,4.7e-05
2301,2302,brain_tumor_figshare/2302.mat,MR050135B,2,1,Gliom,1,Gliom,evet,0.000131,0.999768,0.000101
2302,2303,brain_tumor_figshare/2303.mat,MR050135B,2,1,Gliom,1,Gliom,evet,0.000147,0.999769,8.4e-05
2303,2304,brain_tumor_figshare/2304.mat,MR050135B,2,1,Gliom,1,Gliom,evet,0.000126,0.999705,0.000168
2304,2305,brain_tumor_figshare/2305.mat,MR050135B,2,1,Gliom,1,Gliom,evet,8.4e-05,0.999801,0.000116
2305,2306,brain_tumor_figshare/2306.mat,MR050135B,2,1,Gliom,1,Gliom,evet,0.000103,0.999813,8.4e-05
2306,2307,brain_tumor_figshare/2307.mat,MR050135B,2,1,Gliom,1,Gliom,evet,9.8e-05,0.999052,0.00085
2307,2308,brain_tumor_figshare/2308.mat,MR050135B,2,1,Gliom,1,Gliom,evet,0.000285,0.999067,0.000648
2308,2309,brain_tumor_figshare/2309.mat,MR050135B,2,1,Gliom,1,Gliom,evet,0.000129,0.999766,0.000105
2309,2310,brain_tumor_figshare/2310.mat,MR050135B,2,1,Gliom,1,Gliom,evet,8.8e-05,0.99985,6.1e-05
2310,2311,brain_tumor_figshare/2311.mat,MR050687,1,1,Gliom,1,Gliom,evet,0.003017,0.996926,5.7e-05
2311,2312,brain_tumor_figshare/2312.mat,MR050687,1,1,Gliom,1,Gliom,evet,0.000125,0.999856,1.9e-05
2312,2313,brain_tumor_figshare/2313.mat,MR050687,1,1,Gliom,1,Gliom,evet,2.9e-05,0.999966,5e-06
2313,2314,brain_tumor_figshare/2314.mat,MR050687,1,1,Gliom,1,Gliom,evet,0.000248,0.999714,3.8e-05
2314,2315,brain_tumor_figshare/2315.mat,MR050687,1,1,Gliom,1,Gliom,evet,0.028444,0.971145,0.000411
2315,2316,brain_tumor_figshare/2316.mat,MR050687,1,1,Gliom,1,Gliom,evet,0.003139,0.996626,0.000235
2316,2317,brain_tumor_figshare/2317.mat,MR050791B,4,1,Gliom,1,Gliom,evet,0.001547,0.99831,0.000143
2317,2318,brain_tumor_figshare/2318.mat,MR050791B,4,1,Gliom,1,Gliom,evet,0.000984,0.998971,4.5e-05
2318,2319,brain_tumor_figshare/2319.mat,MR050791B,4,1,Gliom,1,Gliom,evet,0.00055,0.999408,4.2e-05
2319,2320,brain_tumor_figshare/2320.mat,MR050791B,4,1,Gliom,1,Gliom,evet,0.000108,0.999866,2.6e-05
2320,2321,brain_tumor_figshare/2321.mat,MR049019C,4,1,Gliom,1,Gliom,evet,0.000686,0.990658,0.008656
2321,2322,brain_tumor_figshare/2322.mat,MR049019C,4,1,Gliom,1,Gliom,evet,0.000595,0.997575,0.00183
2322,2323,brain_tumor_figshare/2323.mat,MR049019C,4,1,Gliom,1,Gliom,evet,0.000107,0.885992,0.113901
2323,2324,brain_tumor_figshare/2324.mat,MR049019C,4,1,Gliom,1,Gliom,evet,6.2e-05,0.958562,0.041376
2324,2325,brain_tumor_figshare/2325.mat,MR049019C,4,1,Gliom,1,Gliom,evet,0.000144,0.834052,0.165804
2325,2326,brain_tumor_figshare/2326.mat,MR026175C,4,1,Gliom,1,Gliom,evet,0.000307,0.999636,5.7e-05
2326,2327,brain_tumor_figshare/2327.mat,MR026175C,4,1,Gliom,1,Gliom,evet,0.001672,0.997565,0.000763
2327,2328,brain_tumor_figshare/2328.mat,MR026175C,4,1,Gliom,1,Gliom,evet,0.027191,0.970419,0.002391
2328,2329,brain_tumor_figshare/2329.mat,MR026175C,4,1,Gliom,1,Gliom,evet,0.001212,0.997485,0.001304
2329,2330,brain_tumor_figshare/2330.mat,MR026175C,4,1,Gliom,1,Gliom,evet,1.9e-05,0.999785,0.000196
2330,2331,brain_tumor_figshare/2331.mat,MR026175C,4,1,Gliom,1,Gliom,evet,5.1e-05,0.996131,0.003818
2331,2332,brain_tumor_figshare/2332.mat,MR026175C,4,1,Gliom,1,Gliom,evet,0.000108,0.981325,0.018566
2332,2333,brain_tumor_figshare/2333.mat,MR051461,2,1,Gliom,1,Gliom,evet,0.000378,0.999468,0.000154
2333,2334,brain_tumor_figshare/2334.mat,MR051461,2,1,Gliom,1,Gliom,evet,0.000426,0.999437,0.000137
2334,2335,brain_tumor_figshare/2335.mat,MR051461,2,1,Gliom,1,Gliom,evet,0.000804,0.999036,0.00016
2335,2336,brain_tumor_figshare/2336.mat,MR051461,2,1,Gliom,1,Gliom,evet,0.000362,0.999289,0.000349
2336,2337,brain_tumor_figshare/2337.mat,MR051461,2,1,Gliom,1,Gliom,evet,0.000619,0.998505,0.000876
2337,2338,brain_tumor_figshare/2338.mat,MR051461,2,1,Gliom,1,Gliom,evet,0.000229,0.999634,0.000137
2338,2339,brain_tumor_figshare/2339.mat,MR051461,2,1,Gliom,1,Gliom,evet,8.8e-05,0.999877,3.6e-05
2339,2340,brain_tumor_figshare/2340.mat,MR051461,2,1,Gliom,1,Gliom,evet,5.5e-05,0.999916,2.9e-05
2340,2341,brain_tumor_figshare/2341.mat,MR051461,2,1,Gliom,1,Gliom,evet,4.8e-05,0.99994,1.3e-05
2341,2342,brain_tumor_figshare/2342.mat,MR051586,5,1,Gliom,1,Gliom,evet,8.6e-05,0.999698,0.000216
2342,2343,brain_tumor_figshare/2343.mat,MR051586,5,1,Gliom,1,Gliom,evet,0.000138,0.999439,0.000423
2343,2344,brain_tumor_figshare/2344.mat,MR033389B,4,1,Gliom,1,Gliom,evet,0.000426,0.99948,9.4e-05
2344,2345,brain_tumor_figshare/2345.mat,MR033389B,4,1,Gliom,1,Gliom,evet,0.000244,0.999725,3.1e-05
2345,2346,brain_tumor_figshare/2346.mat,MR033389B,4,1,Gliom,1,Gliom,evet,0.001818,0.998059,0.000122
2346,2347,brain_tumor_figshare/2347.mat,MR033389B,4,1,Gliom,1,Gliom,evet,0.004207,0.995719,7.5e-05
2347,2348,brain_tumor_figshare/2348.mat,MR033389B,4,1,Gliom,1,Gliom,evet,0.02177,0.977953,0.000277
2348,2349,brain_tumor_figshare/2349.mat,MR024780E,4,1,Gliom,1,Gliom,evet,0.000116,0.999853,3.1e-05
2349,2350,brain_tumor_figshare/2350.mat,MR026175E,2,1,Gliom,1,Gliom,evet,0.000247,0.999595,0.000158
2350,2351,brain_tumor_figshare/2351.mat,MR026175E,2,1,Gliom,1,Gliom,evet,0.000307,0.999596,9.7e-05
2351,2352,brain_tumor_figshare/2352.mat,MR026175E,2,1,Gliom,1,Gliom,evet,0.000118,0.999846,3.7e-05
2352,2353,brain_tumor_figshare/2353.mat,MR026175E,2,1,Gliom,1,Gliom,evet,6.9e-05,0.999915,1.5e-05
2353,2354,brain_tumor_figshare/2354.mat,MR026175E,2,1,Gliom,1,Gliom,evet,0.000242,0.999592,0.000166
2354,2355,brain_tumor_figshare/2355.mat,MR026175E,2,1,Gliom,1,Gliom,evet,0.000106,0.999839,5.5e-05
2355,2356,brain_tumor_figshare/2356.mat,MR026175E,2,1,Gliom,1,Gliom,evet,7.7e-05,0.999807,0.000116
2356,2357,brain_tumor_figshare/2357.mat,MR026175E,2,1,Gliom,1,Gliom,evet,5e-05,0.999904,4.6e-05
2357,2358,brain_tumor_figshare/2358.mat,MR026175E,2,1,Gliom,1,Gliom,evet,4.5e-05,0.999929,2.6e-05
2358,2359,brain_tumor_figshare/2359.mat,MR026175E,2,1,Gliom,1,Gliom,evet,2.2e-05,0.999958,2e-05
2359,2360,brain_tumor_figshare/2360.mat,MR026175E,2,1,Gliom,1,Gliom,evet,2.6e-05,0.999956,1.8e-05
2360,2361,brain_tumor_figshare/2361.mat,MR026175E,2,1,Gliom,1,Gliom,evet,0.000103,0.999868,2.9e-05
2361,2362,brain_tumor_figshare/2362.mat,MR040240C,2,1,Gliom,1,Gliom,evet,3.4e-05,0.99327,0.006695
2362,2363,brain_tumor_figshare/2363.mat,MR040240C,2,1,Gliom,1,Gliom,evet,0.001205,0.992092,0.006702
2363,2364,brain_tumor_figshare/2364.mat,MR040240C,2,1,Gliom,1,Gliom,evet,0.0009,0.997998,0.001102
2364,2365,brain_tumor_figshare/2365.mat,MR040240C,2,1,Gliom,1,Gliom,evet,0.00011,0.99648,0.00341
2365,2366,brain_tumor_figshare/2366.mat,MR040240C,2,1,Gliom,1,Gliom,evet,5.2e-05,0.999697,0.00025
2366,2367,brain_tumor_figshare/2367.mat,MR040240C,2,1,Gliom,1,Gliom,evet,8.6e-05,0.999275,0.000639
2367,2368,brain_tumor_figshare/2368.mat,MR040240C,2,1,Gliom,1,Gliom,evet,0.000239,0.998811,0.00095
2368,2369,brain_tumor_figshare/2369.mat,MR040240C,2,1,Gliom,1,Gliom,evet,0.00013,0.9987,0.00117
2369,2370,brain_tumor_figshare/2370.mat,MR040240C,2,1,Gliom,1,Gliom,evet,9e-05,0.999447,0.000463
2370,2371,brain_tumor_figshare/2371.mat,MR040240C,2,1,Gliom,1,Gliom,evet,9.7e-05,0.999249,0.000654
2371,2372,brain_tumor_figshare/2372.mat,MR040240C,2,1,Gliom,1,Gliom,evet,0.000165,0.999512,0.000323
2372,2373,brain_tumor_figshare/2373.mat,MR040240D,4,1,Gliom,1,Gliom,evet,7.6e-05,0.999698,0.000226
2373,2374,brain_tumor_figshare/2374.mat,MR040240D,4,1,Gliom,1,Gliom,evet,0.000134,0.999628,0.000238
2374,2375,brain_tumor_figshare/2375.mat,MR040240D,4,1,Gliom,1,Gliom,evet,0.000203,0.99966,0.000137
2375,2376,brain_tumor_figshare/2376.mat,MR040240D,4,1,Gliom,1,Gliom,evet,2.8e-05,0.9999,7.2e-05
2376,2377,brain_tumor_figshare/2377.mat,MR040240D,4,1,Gliom,1,Gliom,evet,3e-05,0.999961,1e-05
2377,2378,brain_tumor_figshare/2378.mat,MR040240D,4,1,Gliom,1,Gliom,evet,9.6e-05,0.999887,1.7e-05
2378,2379,brain_tumor_figshare/2379.mat,MR040240D,4,1,Gliom,1,Gliom,evet,0.000216,0.999771,1.3e-05
2379,2380,brain_tumor_figshare/2380.mat,MR040240D,4,1,Gliom,1,Gliom,evet,3.6e-05,0.999939,2.5e-05
2380,2381,brain_tumor_figshare/2381.mat,MR040240D,4,1,Gliom,1,Gliom,evet,3.8e-05,0.999883,7.9e-05
2381,2382,brain_tumor_figshare/2382.mat,MR040240D,4,1,Gliom,1,Gliom,evet,7e-05,0.999698,0.000232
2382,2383,brain_tumor_figshare/2383.mat,MR040240D,4,1,Gliom,1,Gliom,evet,0.000274,0.999464,0.000262
2383,2384,brain_tumor_figshare/2384.mat,MR017260F,2,1,Gliom,1,Gliom,evet,8.1e-05,0.999834,8.5e-05
2384,2385,brain_tumor_figshare/2385.mat,MR017260F,2,1,Gliom,1,Gliom,evet,3.8e-05,0.999892,6.9e-05
2385,2386,brain_tumor_figshare/2386.mat,MR017260F,2,1,Gliom,1,Gliom,evet,7.5e-05,0.999875,5.1e-05
2386,2387,brain_tumor_figshare/2387.mat,MR017260F,2,1,Gliom,1,Gliom,evet,6.4e-05,0.999871,6.5e-05
2387,2388,brain_tumor_figshare/2388.mat,MR017260F,2,1,Gliom,1,Gliom,evet,0.003301,0.996147,0.000553
2388,2389,brain_tumor_figshare/2389.mat,MR017260F,2,1,Gliom,1,Gliom,evet,0.000176,0.999784,4e-05
2389,2390,brain_tumor_figshare/2390.mat,MR017260F,2,1,Gliom,1,Gliom,evet,0.000187,0.999771,4.2e-05
2390,2391,brain_tumor_figshare/2391.mat,MR017260F,2,1,Gliom,1,Gliom,evet,0.000514,0.999412,7.4e-05
2391,2392,brain_tumor_figshare/2392.mat,MR017260F,2,1,Gliom,1,Gliom,evet,0.000306,0.999637,5.7e-05
2392,2393,brain_tumor_figshare/2393.mat,MR017260F,2,1,Gliom,1,Gliom,evet,0.000569,0.999362,6.9e-05
2393,2394,brain_tumor_figshare/2394.mat,MR029209I,4,1,Gliom,1,Gliom,evet,0.000244,0.999719,3.8e-05
2394,2395,brain_tumor_figshare/2395.mat,MR029209I,4,1,Gliom,1,Gliom,evet,0.000278,0.999706,1.6e-05
2395,2396,brain_tumor_figshare/2396.mat,MR029209I,4,1,Gliom,1,Gliom,evet,0.00013,0.99986,1e-05
2396,2397,brain_tumor_figshare/2397.mat,MR029209I,4,1,Gliom,1,Gliom,evet,0.000522,0.999464,1.5e-05
2397,2398,brain_tumor_figshare/2398.mat,MR029209I,4,1,Gliom,1,Gliom,evet,0.000105,0.999875,2.1e-05
2398,2399,brain_tumor_figshare/2399.mat,MR029209I,4,1,Gliom,1,Gliom,evet,3.8e-05,0.999933,2.9e-05
2399,2400,brain_tumor_figshare/2400.mat,MR029209I,4,1,Gliom,1,Gliom,evet,6.2e-05,0.999905,3.3e-05
2400,2401,brain_tumor_figshare/2401.mat,MR029209I,4,1,Gliom,1,Gliom,evet,0.000245,0.999702,5.3e-05
2401,2402,brain_tumor_figshare/2402.mat,MR029209I,4,1,Gliom,1,Gliom,evet,0.002906,0.99695,0.000144
2402,2403,brain_tumor_figshare/2403.mat,MR048294,1,1,Gliom,1,Gliom,evet,0.0002,0.999631,0.000168
2403,2404,brain_tumor_figshare/2404.mat,MR048294,1,1,Gliom,1,Gliom,evet,0.000522,0.998794,0.000684
2404,2405,brain_tumor_figshare/2405.mat,MR048294,1,1,Gliom,1,Gliom,evet,0.001055,0.996545,0.0024
2405,2406,brain_tumor_figshare/2406.mat,MR048294,1,1,Gliom,1,Gliom,evet,0.000249,0.999116,0.000635
2406,2407,brain_tumor_figshare/2407.mat,MR048294,1,1,Gliom,1,Gliom,evet,0.000424,0.998416,0.001161
2407,2408,brain_tumor_figshare/2408.mat,MR048294,1,1,Gliom,1,Gliom,evet,0.001794,0.995319,0.002887
2408,2409,brain_tumor_figshare/2409.mat,MR048294,1,1,Gliom,1,Gliom,evet,0.000373,0.999518,0.000109
2409,2410,brain_tumor_figshare/2410.mat,MR048297,1,1,Gliom,1,Gliom,evet,0.000568,0.999391,4.1e-05
2410,2411,brain_tumor_figshare/2411.mat,MR048297,1,1,Gliom,1,Gliom,evet,0.010572,0.98925,0.000177
2411,2412,brain_tumor_figshare/2412.mat,MR048297,1,1,Gliom,1,Gliom,evet,0.046649,0.952817,0.000534
2412,2413,brain_tumor_figshare/2413.mat,MR048297,1,1,Gliom,1,Gliom,evet,0.006806,0.992932,0.000262
2413,2414,brain_tumor_figshare/2414.mat,MR048297,1,1,Gliom,1,Gliom,evet,0.000297,0.999604,9.9e-05
2414,2415,brain_tumor_figshare/2415.mat,MR048294B,5,1,Gliom,1,Gliom,evet,3.7e-05,0.999694,0.000269
2415,2416,brain_tumor_figshare/2416.mat,MR048294B,5,1,Gliom,1,Gliom,evet,4.5e-05,0.999366,0.000589
2416,2417,brain_tumor_figshare/2417.mat,MR048294B,5,1,Gliom,1,Gliom,evet,9.2e-05,0.999661,0.000247
2417,2418,brain_tumor_figshare/2418.mat,MR048294B,5,1,Gliom,1,Gliom,evet,0.000134,0.999764,0.000102
2418,2419,brain_tumor_figshare/2419.mat,MR048294B,5,1,Gliom,1,Gliom,evet,0.000114,0.999489,0.000397
2419,2420,brain_tumor_figshare/2420.mat,MR048621B,5,1,Gliom,1,Gliom,evet,5.2e-05,0.999661,0.000286
2420,2421,brain_tumor_figshare/2421.mat,MR048621B,5,1,Gliom,1,Gliom,evet,1.5e-05,0.999798,0.000187
2421,2422,brain_tumor_figshare/2422.mat,MR048621B,5,1,Gliom,1,Gliom,evet,1.4e-05,0.999828,0.000158
2422,2423,brain_tumor_figshare/2423.mat,MR048621B,5,1,Gliom,1,Gliom,evet,1.1e-05,0.999902,8.6e-05
2423,2424,brain_tumor_figshare/2424.mat,MR048621B,5,1,Gliom,1,Gliom,evet,1.1e-05,0.999881,0.000108
2424,2425,brain_tumor_figshare/2425.mat,MR048621B,5,1,Gliom,1,Gliom,evet,9e-06,0.999939,5.3e-05
2425,2426,brain_tumor_figshare/2426.mat,MR048944,5,1,Gliom,1,Gliom,evet,2.8e-05,0.999893,7.9e-05
2426,2427,brain_tumor_figshare/2427.mat,MR048944,5,1,Gliom,1,Gliom,evet,2.1e-05,0.999954,2.4e-05
2427,2428,brain_tumor_figshare/2428.mat,MR048944,5,1,Gliom,1,Gliom,evet,6.9e-05,0.999872,5.8e-05
2428,2429,brain_tumor_figshare/2429.mat,MR048944,5,1,Gliom,1,Gliom,evet,4e-05,0.999944,1.6e-05
2429,2430,brain_tumor_figshare/2430.mat,MR048944,5,1,Gliom,1,Gliom,evet,1.1e-05,0.999975,1.4e-05
2430,2431,brain_tumor_figshare/2431.mat,MR048944,5,1,Gliom,1,Gliom,evet,9e-06,0.999984,7e-06
2431,2432,brain_tumor_figshare/2432.mat,MR048944,5,1,Gliom,1,Gliom,evet,4e-06,0.999988,8e-06
2432,2433,brain_tumor_figshare/2433.mat,MR048944,5,1,Gliom,1,Gliom,evet,7e-06,0.99996,3.3e-05
2433,2434,brain_tumor_figshare/2434.mat,MR048944,5,1,Gliom,1,Gliom,evet,8e-06,0.999948,4.3e-05
2434,2435,brain_tumor_figshare/2435.mat,MR048994,2,1,Gliom,1,Gliom,evet,0.000521,0.999375,0.000103
2435,2436,brain_tumor_figshare/2436.mat,MR048994,2,1,Gliom,1,Gliom,evet,5.3e-05,0.999927,2e-05
2436,2437,brain_tumor_figshare/2437.mat,MR048994,2,1,Gliom,1,Gliom,evet,0.000106,0.999859,3.5e-05
2437,2438,brain_tumor_figshare/2438.mat,MR048994,2,1,Gliom,1,Gliom,evet,6.5e-05,0.999885,5e-05
2438,2439,brain_tumor_figshare/2439.mat,MR048994,2,1,Gliom,1,Gliom,evet,9.9e-05,0.999865,3.6e-05
2439,2440,brain_tumor_figshare/2440.mat,MR048994,2,1,Gliom,1,Gliom,evet,4e-05,0.999936,2.3e-05
2440,2441,brain_tumor_figshare/2441.mat,MR048994,2,1,Gliom,1,Gliom,evet,6.7e-05,0.999894,3.9e-05
2441,2442,brain_tumor_figshare/2442.mat,MR037458C,4,1,Gliom,1,Gliom,evet,0.000872,0.998788,0.00034
2442,2443,brain_tumor_figshare/2443.mat,MR040240,5,1,Gliom,1,Gliom,evet,5.4e-05,0.999621,0.000325
2443,2444,brain_tumor_figshare/2444.mat,MR040240,5,1,Gliom,1,Gliom,evet,2.7e-05,0.999735,0.000237
2444,2445,brain_tumor_figshare/2445.mat,MR040240,5,1,Gliom,1,Gliom,evet,4.5e-05,0.999755,0.0002
2445,2446,brain_tumor_figshare/2446.mat,MR040240,5,1,Gliom,1,Gliom,evet,4.7e-05,0.999459,0.000495
2446,2447,brain_tumor_figshare/2447.mat,MR040240,5,1,Gliom,1,Gliom,evet,9.1e-05,0.999827,8.1e-05
2447,2448,brain_tumor_figshare/2448.mat,MR040240,5,1,Gliom,1,Gliom,evet,0.000513,0.998842,0.000645
2448,2449,brain_tumor_figshare/2449.mat,MR040240,5,1,Gliom,1,Gliom,evet,0.000274,0.999153,0.000573
2449,2450,brain_tumor_figshare/2450.mat,MR040240,5,1,Gliom,1,Gliom,evet,4.3e-05,0.999864,9.3e-05
2450,2451,brain_tumor_figshare/2451.mat,MR040240,5,1,Gliom,1,Gliom,evet,3.4e-05,0.999842,0.000123
2451,2452,brain_tumor_figshare/2452.mat,MR040240,5,1,Gliom,1,Gliom,evet,5.9e-05,0.999782,0.000159
2452,2453,brain_tumor_figshare/2453.mat,MR040240B,3,1,Gliom,1,Gliom,evet,3.1e-05,0.999801,0.000168
2453,2454,brain_tumor_figshare/2454.mat,MR040240B,3,1,Gliom,1,Gliom,evet,1.8e-05,0.999933,4.9e-05
2454,2455,brain_tumor_figshare/2455.mat,MR040240B,3,1,Gliom,1,Gliom,evet,1.9e-05,0.999918,6.3e-05
2455,2456,brain_tumor_figshare/2456.mat,MR040240B,3,1,Gliom,1,Gliom,evet,4.7e-05,0.999843,0.00011
2456,2457,brain_tumor_figshare/2457.mat,MR040240B,3,1,Gliom,1,Gliom,evet,4.6e-05,0.999837,0.000116
2457,2458,brain_tumor_figshare/2458.mat,MR040240B,3,1,Gliom,1,Gliom,evet,4.2e-05,0.99987,8.7e-05
2458,2459,brain_tumor_figshare/2459.mat,MR040240B,3,1,Gliom,1,Gliom,evet,7.4e-05,0.999774,0.000152
2459,2460,brain_tumor_figshare/2460.mat,MR040240B,3,1,Gliom,1,Gliom,evet,6.5e-05,0.999475,0.00046
2460,2461,brain_tumor_figshare/2461.mat,MR040240B,3,1,Gliom,1,Gliom,evet,4.7e-05,0.999732,0.000221
2461,2462,brain_tumor_figshare/2462.mat,MR040240B,3,1,Gliom,1,Gliom,evet,4.2e-05,0.99991,4.8e-05
2462,2463,brain_tumor_figshare/2463.mat,MR029209G,5,1,Gliom,1,Gliom,evet,4.2e-05,0.999873,8.5e-05
2463,2464,brain_tumor_figshare/2464.mat,MR029209G,5,1,Gliom,1,Gliom,evet,0.000374,0.999228,0.000398
2464,2465,brain_tumor_figshare/2465.mat,MR029209G,5,1,Gliom,1,Gliom,evet,9e-05,0.999688,0.000221
2465,2466,brain_tumor_figshare/2466.mat,MR029209G,5,1,Gliom,1,Gliom,evet,6.9e-05,0.999857,7.4e-05
2466,2467,brain_tumor_figshare/2467.mat,MR029209G,5,1,Gliom,1,Gliom,evet,4.8e-05,0.999849,0.000103
2467,2468,brain_tumor_figshare/2468.mat,MR029209G,5,1,Gliom,1,Gliom,evet,0.000157,0.999062,0.000781
2468,2469,brain_tumor_figshare/2469.mat,MR029209G,5,1,Gliom,1,Gliom,evet,0.003289,0.996128,0.000583
2469,2470,brain_tumor_figshare/2470.mat,MR036496B,3,1,Gliom,1,Gliom,evet,9.1e-05,0.999878,3.1e-05
2470,2471,brain_tumor_figshare/2471.mat,MR036496B,3,1,Gliom,1,Gliom,evet,0.000122,0.999773,0.000105
2471,2472,brain_tumor_figshare/2472.mat,MR036496B,3,1,Gliom,1,Gliom,evet,4.3e-05,0.999939,1.7e-05
2472,2473,brain_tumor_figshare/2473.mat,MR036496B,3,1,Gliom,1,Gliom,evet,9.5e-05,0.999864,4e-05
2473,2474,brain_tumor_figshare/2474.mat,MR036496B,3,1,Gliom,1,Gliom,evet,0.000195,0.999767,3.8e-05
2474,2475,brain_tumor_figshare/2475.mat,MR036496B,3,1,Gliom,1,Gliom,evet,2.5e-05,0.999958,1.7e-05
2475,2476,brain_tumor_figshare/2476.mat,MR033420,5,1,Gliom,0,Meningiom,hayır,0.95602,0.035492,0.008488
2476,2477,brain_tumor_figshare/2477.mat,MR033420,5,1,Gliom,1,Gliom,evet,0.336265,0.651842,0.011893
2477,2478,brain_tumor_figshare/2478.mat,MR033420,5,1,Gliom,1,Gliom,evet,1.6e-05,0.99983,0.000153
2478,2479,brain_tumor_figshare/2479.mat,MR033420,5,1,Gliom,1,Gliom,evet,0.001532,0.997848,0.00062
2479,2480,brain_tumor_figshare/2480.mat,MR033420,5,1,Gliom,1,Gliom,evet,0.000375,0.999479,0.000146
2480,2481,brain_tumor_figshare/2481.mat,MR033420,5,1,Gliom,1,Gliom,evet,0.000143,0.998907,0.000949
2481,2482,brain_tumor_figshare/2482.mat,MR033420,5,1,Gliom,1,Gliom,evet,0.000188,0.999063,0.000749
2482,2483,brain_tumor_figshare/2483.mat,MR033420,5,1,Gliom,1,Gliom,evet,0.000177,0.999593,0.00023
2483,2484,brain_tumor_figshare/2484.mat,MR033420,5,1,Gliom,1,Gliom,evet,8e-06,0.99992,7.2e-05
2484,2485,brain_tumor_figshare/2485.mat,MR033420,5,1,Gliom,1,Gliom,evet,9e-06,0.99996,3.1e-05
2485,2486,brain_tumor_figshare/2486.mat,MR033420,5,1,Gliom,1,Gliom,evet,2.5e-05,0.999897,7.8e-05
2486,2487,brain_tumor_figshare/2487.mat,MR033389B,4,1,Gliom,1,Gliom,evet,2.3e-05,0.999918,5.9e-05
2487,2488,brain_tumor_figshare/2488.mat,MR033389B,4,1,Gliom,1,Gliom,evet,7.8e-05,0.99984,8.2e-05
2488,2489,brain_tumor_figshare/2489.mat,MR033389B,4,1,Gliom,1,Gliom,evet,0.000295,0.999676,2.9e-05
2489,2490,brain_tumor_figshare/2490.mat,MR033389B,4,1,Gliom,1,Gliom,evet,0.001958,0.997971,7.1e-05
2490,2491,brain_tumor_figshare/2491.mat,MR033389B,4,1,Gliom,1,Gliom,evet,0.00104,0.998895,6.5e-05
2491,2492,brain_tumor_figshare/2492.mat,MR033389B,4,1,Gliom,1,Gliom,evet,0.001652,0.997904,0.000444
2492,2493,brain_tumor_figshare/2493.mat,MR033389B,4,1,Gliom,1,Gliom,evet,0.000212,0.999518,0.00027
2493,2494,brain_tumor_figshare/2494.mat,MR033389B,4,1,Gliom,1,Gliom,evet,0.000687,0.998967,0.000347
2494,2495,brain_tumor_figshare/2495.mat,MR033389B,4,1,Gliom,1,Gliom,evet,0.000322,0.999123,0.000555
2495,2496,brain_tumor_figshare/2496.mat,MR024780E,4,1,Gliom,1,Gliom,evet,0.000148,0.998776,0.001076
2496,2497,brain_tumor_figshare/2497.mat,MR024780E,4,1,Gliom,1,Gliom,evet,0.000196,0.999545,0.000259
2497,2498,brain_tumor_figshare/2498.mat,MR024780E,4,1,Gliom,1,Gliom,evet,0.000407,0.998988,0.000606
2498,2499,brain_tumor_figshare/2499.mat,MR026175E,2,1,Gliom,1,Gliom,evet,0.001681,0.998177,0.000142
2499,2500,brain_tumor_figshare/2500.mat,MR026175E,2,1,Gliom,1,Gliom,evet,0.000304,0.999608,8.8e-05
2500,2501,brain_tumor_figshare/2501.mat,MR026175E,2,1,Gliom,1,Gliom,evet,0.000391,0.99949,0.00012
2501,2502,brain_tumor_figshare/2502.mat,MR026175E,2,1,Gliom,1,Gliom,evet,0.000447,0.999463,9.1e-05
2502,2503,brain_tumor_figshare/2503.mat,MR026175E,2,1,Gliom,1,Gliom,evet,0.000257,0.999667,7.6e-05
2503,2504,brain_tumor_figshare/2504.mat,MR026175E,2,1,Gliom,1,Gliom,evet,6.8e-05,0.999911,2.1e-05
2504,2505,brain_tumor_figshare/2505.mat,MR026175E,2,1,Gliom,1,Gliom,evet,0.00013,0.999522,0.000348
2505,2506,brain_tumor_figshare/2506.mat,MR026175E,2,1,Gliom,1,Gliom,evet,3.1e-05,0.999946,2.3e-05
2506,2507,brain_tumor_figshare/2507.mat,MR026175E,2,1,Gliom,1,Gliom,evet,9e-05,0.999847,6.3e-05
2507,2508,brain_tumor_figshare/2508.mat,MR026175E,2,1,Gliom,1,Gliom,evet,3.2e-05,0.999948,2e-05
2508,2509,brain_tumor_figshare/2509.mat,MR040240C,2,1,Gliom,1,Gliom,evet,0.000167,0.999296,0.000537
2509,2510,brain_tumor_figshare/2510.mat,MR040240C,2,1,Gliom,1,Gliom,evet,0.000495,0.998366,0.001139
2510,2511,brain_tumor_figshare/2511.mat,MR040240C,2,1,Gliom,1,Gliom,evet,8.4e-05,0.999864,5.2e-05
2511,2512,brain_tumor_figshare/2512.mat,MR040240C,2,1,Gliom,1,Gliom,evet,0.000154,0.999754,9.2e-05
2512,2513,brain_tumor_figshare/2513.mat,MR040240C,2,1,Gliom,1,Gliom,evet,0.0007,0.99913,0.00017
2513,2514,brain_tumor_figshare/2514.mat,MR040240C,2,1,Gliom,1,Gliom,evet,0.000929,0.998586,0.000485
2514,2515,brain_tumor_figshare/2515.mat,MR040240C,2,1,Gliom,1,Gliom,evet,0.001334,0.998563,0.000103
2515,2516,brain_tumor_figshare/2516.mat,MR040240C,2,1,Gliom,1,Gliom,evet,0.000368,0.99904,0.000593
2516,2517,brain_tumor_figshare/2517.mat,MR040240C,2,1,Gliom,1,Gliom,evet,0.000167,0.999724,0.000109
2517,2518,brain_tumor_figshare/2518.mat,MR040240C,2,1,Gliom,1,Gliom,evet,0.000341,0.999432,0.000227
2518,2519,brain_tumor_figshare/2519.mat,MR040240C,2,1,Gliom,1,Gliom,evet,0.000312,0.998934,0.000754
2519,2520,brain_tumor_figshare/2520.mat,MR040240C,2,1,Gliom,1,Gliom,evet,0.000111,0.999492,0.000397
2520,2521,brain_tumor_figshare/2521.mat,MR040240C,2,1,Gliom,1,Gliom,evet,8.1e-05,0.999826,9.4e-05
2521,2522,brain_tumor_figshare/2522.mat,MR040240C,2,1,Gliom,1,Gliom,evet,0.000152,0.999705,0.000143
2522,2523,brain_tumor_figshare/2523.mat,MR040240C,2,1,Gliom,1,Gliom,evet,0.000368,0.999395,0.000237
2523,2524,brain_tumor_figshare/2524.mat,MR017260F,2,1,Gliom,1,Gliom,evet,0.043617,0.955721,0.000662
2524,2525,brain_tumor_figshare/2525.mat,MR017260F,2,1,Gliom,1,Gliom,evet,0.00641,0.992332,0.001259
2525,2526,brain_tumor_figshare/2526.mat,MR017260F,2,1,Gliom,1,Gliom,evet,0.000934,0.998731,0.000335
2526,2527,brain_tumor_figshare/2527.mat,MR017260F,2,1,Gliom,1,Gliom,evet,0.000121,0.999503,0.000377
2527,2528,brain_tumor_figshare/2528.mat,MR017260F,2,1,Gliom,1,Gliom,evet,1.6e-05,0.999957,2.7e-05
2528,2529,brain_tumor_figshare/2529.mat,MR017260F,2,1,Gliom,1,Gliom,evet,0.000137,0.999519,0.000344
2529,2530,brain_tumor_figshare/2530.mat,MR029209I,4,1,Gliom,1,Gliom,evet,0.000361,0.999559,8.1e-05
2530,2531,brain_tumor_figshare/2531.mat,MR029209I,4,1,Gliom,1,Gliom,evet,0.00035,0.999452,0.000198
2531,2532,brain_tumor_figshare/2532.mat,MR029209I,4,1,Gliom,1,Gliom,evet,0.002695,0.997209,9.6e-05
2532,2533,brain_tumor_figshare/2533.mat,MR029209I,4,1,Gliom,1,Gliom,evet,0.000941,0.998734,0.000325
2533,2534,brain_tumor_figshare/2534.mat,MR029209I,4,1,Gliom,1,Gliom,evet,0.00016,0.999741,0.0001
2534,2535,brain_tumor_figshare/2535.mat,MR029209I,4,1,Gliom,1,Gliom,evet,5e-05,0.999411,0.00054
2535,2536,brain_tumor_figshare/2536.mat,MR029209I,4,1,Gliom,1,Gliom,evet,0.000322,0.995329,0.004349
2536,2537,brain_tumor_figshare/2537.mat,MR029209I,4,1,Gliom,1,Gliom,evet,7.6e-05,0.999599,0.000325
2537,2538,brain_tumor_figshare/2538.mat,MR029209I,4,1,Gliom,1,Gliom,evet,5e-05,0.999675,0.000276
2538,2539,brain_tumor_figshare/2539.mat,MR029209I,4,1,Gliom,1,Gliom,evet,0.000619,0.997584,0.001796
2539,2540,brain_tumor_figshare/2540.mat,MR048294,1,1,Gliom,1,Gliom,evet,0.015552,0.984036,0.000412
2540,2541,brain_tumor_figshare/2541.mat,MR048294,1,1,Gliom,1,Gliom,evet,0.006009,0.993751,0.00024
2541,2542,brain_tumor_figshare/2542.mat,MR048294,1,1,Gliom,1,Gliom,evet,0.000761,0.999093,0.000146
2542,2543,brain_tumor_figshare/2543.mat,MR048294,1,1,Gliom,1,Gliom,evet,0.000804,0.999069,0.000127
2543,2544,brain_tumor_figshare/2544.mat,MR048294,1,1,Gliom,1,Gliom,evet,0.008542,0.991095,0.000362
2544,2545,brain_tumor_figshare/2545.mat,MR048294,1,1,Gliom,1,Gliom,evet,0.002258,0.997505,0.000237
2545,2546,brain_tumor_figshare/2546.mat,MR051586,5,1,Gliom,1,Gliom,evet,0.007172,0.992498,0.00033
2546,2547,brain_tumor_figshare/2547.mat,MR051586,5,1,Gliom,1,Gliom,evet,0.000536,0.999055,0.000409
2547,2548,brain_tumor_figshare/2548.mat,MR051586,5,1,Gliom,1,Gliom,evet,0.004816,0.988305,0.00688
2548,2549,brain_tumor_figshare/2549.mat,MR051586,5,1,Gliom,1,Gliom,evet,0.000742,0.999124,0.000134
2549,2550,brain_tumor_figshare/2550.mat,MR051461B,4,1,Gliom,1,Gliom,evet,0.002323,0.995398,0.002279
2550,2551,brain_tumor_figshare/2551.mat,MR051461B,4,1,Gliom,1,Gliom,evet,0.000908,0.997936,0.001156
2551,2552,brain_tumor_figshare/2552.mat,MR051461B,4,1,Gliom,1,Gliom,evet,0.000858,0.997757,0.001385
2552,2553,brain_tumor_figshare/2553.mat,MR051461B,4,1,Gliom,1,Gliom,evet,0.004338,0.995415,0.000247
2553,2554,brain_tumor_figshare/2554.mat,MR051644,4,1,Gliom,1,Gliom,evet,0.000436,0.999263,0.000301
2554,2555,brain_tumor_figshare/2555.mat,MR051644,4,1,Gliom,1,Gliom,evet,0.000325,0.998744,0.000932
2555,2556,brain_tumor_figshare/2556.mat,MR051644,4,1,Gliom,1,Gliom,evet,9.7e-05,0.999876,2.7e-05
2556,2557,brain_tumor_figshare/2557.mat,MR051644,4,1,Gliom,1,Gliom,evet,4.2e-05,0.999948,1e-05
2557,2558,brain_tumor_figshare/2558.mat,MR051644,4,1,Gliom,1,Gliom,evet,2.8e-05,0.998725,0.001247
2558,2559,brain_tumor_figshare/2559.mat,MR051644,4,1,Gliom,1,Gliom,evet,6.3e-05,0.999508,0.000429
2559,2560,brain_tumor_figshare/2560.mat,MR051644,4,1,Gliom,1,Gliom,evet,0.000161,0.999642,0.000197
2560,2561,brain_tumor_figshare/2561.mat,MR051644,4,1,Gliom,1,Gliom,evet,0.000701,0.998785,0.000514
2561,2562,brain_tumor_figshare/2562.mat,MR051644,4,1,Gliom,1,Gliom,evet,0.000527,0.999102,0.00037
2562,2563,brain_tumor_figshare/2563.mat,MR051644,4,1,Gliom,1,Gliom,evet,0.00429,0.995427,0.000283
2563,2564,brain_tumor_figshare/2564.mat,MR051644,4,1,Gliom,1,Gliom,evet,0.000779,0.999116,0.000105
2564,2565,brain_tumor_figshare/2565.mat,MR051644,4,1,Gliom,1,Gliom,evet,0.001283,0.998372,0.000345
2565,2566,brain_tumor_figshare/2566.mat,MR051651,1,1,Gliom,1,Gliom,evet,9.7e-05,0.999889,1.4e-05
2566,2567,brain_tumor_figshare/2567.mat,MR051651,1,1,Gliom,1,Gliom,evet,3.2e-05,0.99996,9e-06
2567,2568,brain_tumor_figshare/2568.mat,MR051651,1,1,Gliom,1,Gliom,evet,7e-05,0.999917,1.4e-05
2568,2569,brain_tumor_figshare/2569.mat,MR051651,1,1,Gliom,1,Gliom,evet,2.8e-05,0.999959,1.3e-05
2569,2570,brain_tumor_figshare/2570.mat,MR051651,1,1,Gliom,1,Gliom,evet,2e-05,0.999966,1.4e-05
2570,2571,brain_tumor_figshare/2571.mat,MR051651,1,1,Gliom,1,Gliom,evet,3.4e-05,0.999918,4.8e-05
2571,2572,brain_tumor_figshare/2572.mat,MR051651,1,1,Gliom,1,Gliom,evet,4.6e-05,0.99988,7.4e-05
2572,2573,brain_tumor_figshare/2573.mat,MR051796,4,1,Gliom,1,Gliom,evet,0.00356,0.995742,0.000698
2573,2574,brain_tumor_figshare/2574.mat,MR051796,4,1,Gliom,1,Gliom,evet,0.000298,0.998566,0.001137
2574,2575,brain_tumor_figshare/2575.mat,MR051796,4,1,Gliom,1,Gliom,evet,3.9e-05,0.998884,0.001077
2575,2576,brain_tumor_figshare/2576.mat,MR051796,4,1,Gliom,1,Gliom,evet,7.7e-05,0.997295,0.002628
2576,2577,brain_tumor_figshare/2577.mat,MR051796,4,1,Gliom,1,Gliom,evet,0.000119,0.933105,0.066776
2577,2578,brain_tumor_figshare/2578.mat,MR051796,4,1,Gliom,1,Gliom,evet,0.000172,0.998278,0.00155
2578,2579,brain_tumor_figshare/2579.mat,MR051651B,3,1,Gliom,1,Gliom,evet,0.002718,0.997077,0.000205
2579,2580,brain_tumor_figshare/2580.mat,MR051651B,3,1,Gliom,1,Gliom,evet,0.002511,0.997266,0.000222
2580,2581,brain_tumor_figshare/2581.mat,MR051651B,3,1,Gliom,1,Gliom,evet,0.000159,0.999764,7.7e-05
2581,2582,brain_tumor_figshare/2582.mat,MR051651B,3,1,Gliom,1,Gliom,evet,0.000328,0.999563,0.000109
2582,2583,brain_tumor_figshare/2583.mat,MR051651B,3,1,Gliom,1,Gliom,evet,0.000418,0.998966,0.000616
2583,2584,brain_tumor_figshare/2584.mat,MR051651B,3,1,Gliom,1,Gliom,evet,0.000823,0.998629,0.000547
2584,2585,brain_tumor_figshare/2585.mat,MR051651B,3,1,Gliom,1,Gliom,evet,0.000789,0.997589,0.001622
2585,2586,brain_tumor_figshare/2586.mat,MR051796B,5,1,Gliom,1,Gliom,evet,2.2e-05,0.999924,5.5e-05
2586,2587,brain_tumor_figshare/2587.mat,MR051796B,5,1,Gliom,1,Gliom,evet,9.3e-05,0.998821,0.001086
2587,2588,brain_tumor_figshare/2588.mat,MR051796B,5,1,Gliom,1,Gliom,evet,2e-05,0.999883,9.8e-05
2588,2589,brain_tumor_figshare/2589.mat,MR052550,1,1,Gliom,1,Gliom,evet,5.6e-05,0.999822,0.000122
2589,2590,brain_tumor_figshare/2590.mat,MR052550,1,1,Gliom,1,Gliom,evet,5.6e-05,0.999907,3.8e-05
2590,2591,brain_tumor_figshare/2591.mat,MR052550,1,1,Gliom,1,Gliom,evet,6.2e-05,0.999893,4.4e-05
2591,2592,brain_tumor_figshare/2592.mat,MR052550,1,1,Gliom,1,Gliom,evet,3.6e-05,0.999948,1.7e-05
2592,2593,brain_tumor_figshare/2593.mat,MR052550,1,1,Gliom,1,Gliom,evet,3.3e-05,0.999949,1.8e-05
2593,2594,brain_tumor_figshare/2594.mat,MR052550,1,1,Gliom,1,Gliom,evet,5.9e-05,0.999919,2.2e-05
2594,2595,brain_tumor_figshare/2595.mat,MR051644C,4,1,Gliom,1,Gliom,evet,0.000356,0.99956,8.4e-05
2595,2596,brain_tumor_figshare/2596.mat,MR051644C,4,1,Gliom,1,Gliom,evet,0.000338,0.999612,5e-05
2596,2597,brain_tumor_figshare/2597.mat,MR051644C,4,1,Gliom,1,Gliom,evet,7.1e-05,0.998556,0.001373
2597,2598,brain_tumor_figshare/2598.mat,MR051644C,4,1,Gliom,1,Gliom,evet,5.3e-05,0.998941,0.001005
2598,2599,brain_tumor_figshare/2599.mat,MR051644C,4,1,Gliom,1,Gliom,evet,0.000137,0.999103,0.00076
2599,2600,brain_tumor_figshare/2600.mat,MR051644C,4,1,Gliom,1,Gliom,evet,0.004129,0.994656,0.001215
2600,2601,brain_tumor_figshare/2601.mat,MR051644C,4,1,Gliom,1,Gliom,evet,0.000961,0.998706,0.000333
2601,2602,brain_tumor_figshare/2602.mat,MR051644C,4,1,Gliom,1,Gliom,evet,0.001593,0.99738,0.001027
2602,2603,brain_tumor_figshare/2603.mat,MR051644C,4,1,Gliom,1,Gliom,evet,0.000101,0.999743,0.000156
2603,2604,brain_tumor_figshare/2604.mat,MR051644C,4,1,Gliom,1,Gliom,evet,0.000132,0.99859,0.001278
2604,2605,brain_tumor_figshare/2605.mat,MR051644C,4,1,Gliom,1,Gliom,evet,2.4e-05,0.999709,0.000267
2605,2606,brain_tumor_figshare/2606.mat,MR051644C,4,1,Gliom,1,Gliom,evet,9.1e-05,0.998898,0.001011
2606,2607,brain_tumor_figshare/2607.mat,MR051644C,4,1,Gliom,1,Gliom,evet,0.00018,0.998573,0.001247
2607,2608,brain_tumor_figshare/2608.mat,MR049942B,3,1,Gliom,1,Gliom,evet,6.6e-05,0.999422,0.000512
2608,2609,brain_tumor_figshare/2609.mat,MR049942B,3,1,Gliom,1,Gliom,evet,5e-05,0.999827,0.000123
2609,2610,brain_tumor_figshare/2610.mat,MR049942B,3,1,Gliom,1,Gliom,evet,4e-05,0.998979,0.000981
2610,2611,brain_tumor_figshare/2611.mat,MR049942B,3,1,Gliom,1,Gliom,evet,3.5e-05,0.999172,0.000793
2611,2612,brain_tumor_figshare/2612.mat,MR047953C,4,1,Gliom,1,Gliom,evet,0.00106,0.995769,0.003171
2612,2613,brain_tumor_figshare/2613.mat,MR047953C,4,1,Gliom,1,Gliom,evet,0.000108,0.998998,0.000894
2613,2614,brain_tumor_figshare/2614.mat,MR047953C,4,1,Gliom,1,Gliom,evet,1.9e-05,0.999032,0.000949
2614,2615,brain_tumor_figshare/2615.mat,MR047953C,4,1,Gliom,1,Gliom,evet,6.1e-05,0.983316,0.016623
2615,2616,brain_tumor_figshare/2616.mat,MR047953C,4,1,Gliom,1,Gliom,evet,0.00011,0.995507,0.004383
2616,2617,brain_tumor_figshare/2617.mat,MR053110B,1,1,Gliom,1,Gliom,evet,0.000191,0.999652,0.000156
2617,2618,brain_tumor_figshare/2618.mat,MR053110B,1,1,Gliom,1,Gliom,evet,0.000315,0.999415,0.00027
2618,2619,brain_tumor_figshare/2619.mat,MR053110B,1,1,Gliom,1,Gliom,evet,0.000386,0.999473,0.000142
2619,2620,brain_tumor_figshare/2620.mat,MR053110B,1,1,Gliom,1,Gliom,evet,7.7e-05,0.999842,8.1e-05
2620,2621,brain_tumor_figshare/2621.mat,MR053110B,1,1,Gliom,1,Gliom,evet,0.000165,0.999778,5.7e-05
2621,2622,brain_tumor_figshare/2622.mat,MR053110B,1,1,Gliom,1,Gliom,evet,2.9e-05,0.99994,3.1e-05
2622,2623,brain_tumor_figshare/2623.mat,MR053110B,1,1,Gliom,1,Gliom,evet,2.8e-05,0.99993,4.2e-05
2623,2624,brain_tumor_figshare/2624.mat,MR034694,2,1,Gliom,1,Gliom,evet,5e-05,0.99992,3e-05
2624,2625,brain_tumor_figshare/2625.mat,MR034694,2,1,Gliom,1,Gliom,evet,1.5e-05,0.999961,2.4e-05
2625,2626,brain_tumor_figshare/2626.mat,MR034694,2,1,Gliom,1,Gliom,evet,2e-05,0.999964,1.6e-05
2626,2627,brain_tumor_figshare/2627.mat,MR034694,2,1,Gliom,1,Gliom,evet,0.000176,0.999701,0.000123
2627,2628,brain_tumor_figshare/2628.mat,MR034694,2,1,Gliom,1,Gliom,evet,0.000143,0.999809,4.8e-05
2628,2629,brain_tumor_figshare/2629.mat,MR034694,2,1,Gliom,1,Gliom,evet,0.000118,0.999839,4.3e-05
2629,2630,brain_tumor_figshare/2630.mat,MR034694,2,1,Gliom,1,Gliom,evet,9.7e-05,0.999865,3.9e-05
2630,2631,brain_tumor_figshare/2631.mat,MR054683,4,1,Gliom,1,Gliom,evet,0.000259,0.995888,0.003853
2631,2632,brain_tumor_figshare/2632.mat,MR054683,4,1,Gliom,1,Gliom,evet,0.000272,0.998161,0.001566
2632,2633,brain_tumor_figshare/2633.mat,MR054683,4,1,Gliom,1,Gliom,evet,0.001551,0.995751,0.002698
2633,2634,brain_tumor_figshare/2634.mat,MR050687C,5,1,Gliom,1,Gliom,evet,0.000652,0.996406,0.002942
2634,2635,brain_tumor_figshare/2635.mat,MR050687C,5,1,Gliom,1,Gliom,evet,0.000178,0.99842,0.001403
2635,2636,brain_tumor_figshare/2636.mat,MR050687C,5,1,Gliom,1,Gliom,evet,3.2e-05,0.999772,0.000196
2636,2637,brain_tumor_figshare/2637.mat,MR050687C,5,1,Gliom,1,Gliom,evet,2.7e-05,0.999857,0.000116
2637,2638,brain_tumor_figshare/2638.mat,MR050687C,5,1,Gliom,1,Gliom,evet,5.4e-05,0.999343,0.000603
2638,2639,brain_tumor_figshare/2639.mat,MR050687C,5,1,Gliom,1,Gliom,evet,3.2e-05,0.999798,0.00017
2639,2640,brain_tumor_figshare/2640.mat,MR050687C,5,1,Gliom,1,Gliom,evet,8.5e-05,0.999814,0.0001
2640,2641,brain_tumor_figshare/2641.mat,MR049242C,5,1,Gliom,1,Gliom,evet,3.7e-05,0.999737,0.000225
2641,2642,brain_tumor_figshare/2642.mat,MR049242C,5,1,Gliom,1,Gliom,evet,3.2e-05,0.999894,7.3e-05
2642,2643,brain_tumor_figshare/2643.mat,MR049242C,5,1,Gliom,1,Gliom,evet,3.1e-05,0.999844,0.000125
2643,2644,brain_tumor_figshare/2644.mat,MR049242C,5,1,Gliom,1,Gliom,evet,8.4e-05,0.999765,0.000151
2644,2645,brain_tumor_figshare/2645.mat,MR049242C,5,1,Gliom,1,Gliom,evet,3.7e-05,0.9999,6.3e-05
2645,2646,brain_tumor_figshare/2646.mat,MR053241C,2,1,Gliom,1,Gliom,evet,0.000348,0.999587,6.5e-05
2646,2647,brain_tumor_figshare/2647.mat,MR053241C,2,1,Gliom,1,Gliom,evet,0.00015,0.999797,5.4e-05
2647,2648,brain_tumor_figshare/2648.mat,MR053241C,2,1,Gliom,1,Gliom,evet,0.000346,0.999555,9.9e-05
2648,2649,brain_tumor_figshare/2649.mat,MR053241C,2,1,Gliom,1,Gliom,evet,9.7e-05,0.999873,3e-05
2649,2650,brain_tumor_figshare/2650.mat,MR034997,3,1,Gliom,1,Gliom,evet,0.00014,0.99978,8e-05
2650,2651,brain_tumor_figshare/2651.mat,MR034997,3,1,Gliom,1,Gliom,evet,9.4e-05,0.999873,3.3e-05
2651,2652,brain_tumor_figshare/2652.mat,MR034997,3,1,Gliom,1,Gliom,evet,0.000127,0.999827,4.6e-05
2652,2653,brain_tumor_figshare/2653.mat,MR034997,3,1,Gliom,1,Gliom,evet,0.000138,0.999724,0.000138
2653,2654,brain_tumor_figshare/2654.mat,MR034997,3,1,Gliom,1,Gliom,evet,0.000254,0.999618,0.000128
2654,2655,brain_tumor_figshare/2655.mat,MR034997,3,1,Gliom,1,Gliom,evet,0.000101,0.999845,5.4e-05
2655,2656,brain_tumor_figshare/2656.mat,MR034997,3,1,Gliom,1,Gliom,evet,0.000221,0.99969,9e-05
2656,2657,brain_tumor_figshare/2657.mat,MR029209E,5,1,Gliom,1,Gliom,evet,5.9e-05,0.999883,5.8e-05
2657,2658,brain_tumor_figshare/2658.mat,MR029209E,5,1,Gliom,1,Gliom,evet,3.8e-05,0.99991,5.2e-05
2658,2659,brain_tumor_figshare/2659.mat,MR029209E,5,1,Gliom,1,Gliom,evet,6.9e-05,0.999677,0.000254
2659,2660,brain_tumor_figshare/2660.mat,MR029209E,5,1,Gliom,1,Gliom,evet,3.8e-05,0.999925,3.8e-05
2660,2661,brain_tumor_figshare/2661.mat,MR029209E,5,1,Gliom,1,Gliom,evet,0.000116,0.99965,0.000234
2661,2662,brain_tumor_figshare/2662.mat,MR029209E,5,1,Gliom,1,Gliom,evet,0.000144,0.999149,0.000707
2662,2663,brain_tumor_figshare/2663.mat,MR029209E,5,1,Gliom,1,Gliom,evet,0.000118,0.999747,0.000135
2663,2664,brain_tumor_figshare/2664.mat,MR053110E,1,1,Gliom,1,Gliom,evet,6.5e-05,0.999831,0.000104
2664,2665,brain_tumor_figshare/2665.mat,MR053110E,1,1,Gliom,1,Gliom,evet,0.000565,0.998283,0.001152
2665,2666,brain_tumor_figshare/2666.mat,MR053110E,1,1,Gliom,1,Gliom,evet,5e-05,0.999908,4.2e-05
2666,2667,brain_tumor_figshare/2667.mat,MR053110E,1,1,Gliom,1,Gliom,evet,0.000569,0.997136,0.002295
2667,2668,brain_tumor_figshare/2668.mat,MR053110E,1,1,Gliom,1,Gliom,evet,0.010133,0.987431,0.002437
2668,2669,brain_tumor_figshare/2669.mat,MR053110E,1,1,Gliom,1,Gliom,evet,0.000267,0.998929,0.000804
2669,2670,brain_tumor_figshare/2670.mat,MR053110E,1,1,Gliom,1,Gliom,evet,0.000633,0.999036,0.000331
2670,2671,brain_tumor_figshare/2671.mat,MR053110E,1,1,Gliom,1,Gliom,evet,2e-05,0.999922,5.7e-05
2671,2672,brain_tumor_figshare/2672.mat,MR053110E,1,1,Gliom,1,Gliom,evet,0.00028,0.99954,0.00018
2672,2673,brain_tumor_figshare/2673.mat,MR053110E,1,1,Gliom,1,Gliom,evet,0.000208,0.999618,0.000174
2673,2674,brain_tumor_figshare/2674.mat,MR053110E,1,1,Gliom,1,Gliom,evet,6.8e-05,0.999871,6.2e-05
2674,2675,brain_tumor_figshare/2675.mat,MR049019G,3,1,Gliom,1,Gliom,evet,7.8e-05,0.99978,0.000142
2675,2676,brain_tumor_figshare/2676.mat,MR049019G,3,1,Gliom,1,Gliom,evet,5.6e-05,0.999853,9.2e-05
2676,2677,brain_tumor_figshare/2677.mat,MR049019G,3,1,Gliom,1,Gliom,evet,0.000134,0.998975,0.00089
2677,2678,brain_tumor_figshare/2678.mat,MR031409B,2,1,Gliom,1,Gliom,evet,6.3e-05,0.999839,9.8e-05
2678,2679,brain_tumor_figshare/2679.mat,MR031409B,2,1,Gliom,1,Gliom,evet,0.00014,0.999784,7.6e-05
2679,2680,brain_tumor_figshare/2680.mat,MR024780D,1,1,Gliom,1,Gliom,evet,6.1e-05,0.999894,4.5e-05
2680,2681,brain_tumor_figshare/2681.mat,MR024780D,1,1,Gliom,1,Gliom,evet,0.00026,0.999627,0.000113
2681,2682,brain_tumor_figshare/2682.mat,MR038469,3,1,Gliom,1,Gliom,evet,0.000581,0.974395,0.025024
2682,2683,brain_tumor_figshare/2683.mat,MR038469,3,1,Gliom,1,Gliom,evet,0.00017,0.998572,0.001259
2683,2684,brain_tumor_figshare/2684.mat,MR038469,3,1,Gliom,1,Gliom,evet,0.000154,0.997649,0.002197
2684,2685,brain_tumor_figshare/2685.mat,MR038469,3,1,Gliom,1,Gliom,evet,0.000229,0.998165,0.001605
2685,2686,brain_tumor_figshare/2686.mat,MR038469,3,1,Gliom,1,Gliom,evet,7.9e-05,0.999766,0.000155
2686,2687,brain_tumor_figshare/2687.mat,MR038469,3,1,Gliom,1,Gliom,evet,4.6e-05,0.999768,0.000186
2687,2688,brain_tumor_figshare/2688.mat,MR032322C,2,1,Gliom,1,Gliom,evet,5.8e-05,0.99977,0.000171
2688,2689,brain_tumor_figshare/2689.mat,MR032322C,2,1,Gliom,1,Gliom,evet,0.000489,0.99944,7.1e-05
2689,2690,brain_tumor_figshare/2690.mat,MR032322C,2,1,Gliom,1,Gliom,evet,0.000623,0.999271,0.000107
2690,2691,brain_tumor_figshare/2691.mat,MR032322C,2,1,Gliom,1,Gliom,evet,8.5e-05,0.99988,3.5e-05
2691,2692,brain_tumor_figshare/2692.mat,MR032322C,2,1,Gliom,1,Gliom,evet,0.000143,0.999836,2.1e-05
2692,2693,brain_tumor_figshare/2693.mat,MR032322C,2,1,Gliom,1,Gliom,evet,0.253482,0.746231,0.000288
2693,2694,brain_tumor_figshare/2694.mat,MR032322C,2,1,Gliom,1,Gliom,evet,0.000137,0.999582,0.000281
2694,2695,brain_tumor_figshare/2695.mat,MR032322C,2,1,Gliom,1,Gliom,evet,9.3e-05,0.999839,6.8e-05
2695,2696,brain_tumor_figshare/2696.mat,MR032322C,2,1,Gliom,1,Gliom,evet,0.000153,0.999722,0.000125
2696,2697,brain_tumor_figshare/2697.mat,MR032322C,2,1,Gliom,1,Gliom,evet,0.000133,0.999673,0.000194
2697,2698,brain_tumor_figshare/2698.mat,MR032322C,2,1,Gliom,1,Gliom,evet,0.000142,0.999807,5.1e-05
2698,2699,brain_tumor_figshare/2699.mat,MR032322C,2,1,Gliom,1,Gliom,evet,0.000302,0.999481,0.000217
2699,2700,brain_tumor_figshare/2700.mat,MR032322C,2,1,Gliom,1,Gliom,evet,0.000338,0.999569,9.3e-05
2700,2701,brain_tumor_figshare/2701.mat,MR032322C,2,1,Gliom,1,Gliom,evet,0.000253,0.999679,6.9e-05
2701,2702,brain_tumor_figshare/2702.mat,MR037458B,2,1,Gliom,0,Meningiom,hayır,0.988048,0.008039,0.003913
2702,2703,brain_tumor_figshare/2703.mat,MR037458B,2,1,Gliom,1,Gliom,evet,0.156986,0.817528,0.025486
2703,2704,brain_tumor_figshare/2704.mat,MR037458B,2,1,Gliom,0,Meningiom,hayır,0.523547,0.301612,0.174842
2704,2705,brain_tumor_figshare/2705.mat,MR037458B,2,1,Gliom,1,Gliom,evet,0.016256,0.981627,0.002117
2705,2706,brain_tumor_figshare/2706.mat,MR037458B,2,1,Gliom,1,Gliom,evet,0.428007,0.569538,0.002455
2706,2707,brain_tumor_figshare/2707.mat,MR037458B,2,1,Gliom,0,Meningiom,hayır,0.992936,0.006453,0.00061
2707,2708,brain_tumor_figshare/2708.mat,MR037458B,2,1,Gliom,0,Meningiom,hayır,0.969955,0.027784,0.002262
2708,2709,brain_tumor_figshare/2709.mat,MR037458B,2,1,Gliom,1,Gliom,evet,0.430467,0.567793,0.00174
2709,2710,brain_tumor_figshare/2710.mat,MR039473,4,1,Gliom,1,Gliom,evet,0.000145,0.997449,0.002406
2710,2711,brain_tumor_figshare/2711.mat,MR039473,4,1,Gliom,1,Gliom,evet,7.8e-05,0.999746,0.000176
2711,2712,brain_tumor_figshare/2712.mat,MR039473,4,1,Gliom,1,Gliom,evet,6.3e-05,0.99965,0.000287
2712,2713,brain_tumor_figshare/2713.mat,MR039473,4,1,Gliom,1,Gliom,evet,0.000358,0.999533,0.000109
2713,2714,brain_tumor_figshare/2714.mat,MR039473B,2,1,Gliom,1,Gliom,evet,9.6e-05,0.999871,3.3e-05
2714,2715,brain_tumor_figshare/2715.mat,MR039473B,2,1,Gliom,1,Gliom,evet,5.9e-05,0.999912,2.9e-05
2715,2716,brain_tumor_figshare/2716.mat,MR039473B,2,1,Gliom,1,Gliom,evet,5.1e-05,0.9998,0.000149
2716,2717,brain_tumor_figshare/2717.mat,MR039473B,2,1,Gliom,1,Gliom,evet,4.8e-05,0.999897,5.5e-05
2717,2718,brain_tumor_figshare/2718.mat,MR039473B,2,1,Gliom,1,Gliom,evet,8.3e-05,0.999654,0.000262
2718,2719,brain_tumor_figshare/2719.mat,MR039473B,2,1,Gliom,1,Gliom,evet,8.9e-05,0.99977,0.000142
2719,2720,brain_tumor_figshare/2720.mat,MR039473B,2,1,Gliom,1,Gliom,evet,9.6e-05,0.99957,0.000334
2720,2721,brain_tumor_figshare/2721.mat,MR039473B,2,1,Gliom,1,Gliom,evet,4.1e-05,0.99984,0.000119
2721,2722,brain_tumor_figshare/2722.mat,MR039473B,2,1,Gliom,1,Gliom,evet,8e-05,0.999422,0.000499
2722,2723,brain_tumor_figshare/2723.mat,MR037458C,4,1,Gliom,1,Gliom,evet,0.001526,0.998078,0.000396
2723,2724,brain_tumor_figshare/2724.mat,MR037458C,4,1,Gliom,1,Gliom,evet,0.001004,0.998898,9.8e-05
2724,2725,brain_tumor_figshare/2725.mat,MR037458C,4,1,Gliom,1,Gliom,evet,0.013806,0.985608,0.000586
2725,2726,brain_tumor_figshare/2726.mat,MR037458C,4,1,Gliom,1,Gliom,evet,0.005996,0.993178,0.000826
2726,2727,brain_tumor_figshare/2727.mat,MR037458C,4,1,Gliom,1,Gliom,evet,0.000789,0.998824,0.000387
2727,2728,brain_tumor_figshare/2728.mat,MR037458C,4,1,Gliom,1,Gliom,evet,0.000552,0.999141,0.000307
2728,2729,brain_tumor_figshare/2729.mat,MR037458C,4,1,Gliom,1,Gliom,evet,0.002523,0.995946,0.001531
2729,2730,brain_tumor_figshare/2730.mat,MR037458C,4,1,Gliom,1,Gliom,evet,0.015478,0.980898,0.003625
2730,2731,brain_tumor_figshare/2731.mat,MR029209E,5,1,Gliom,1,Gliom,evet,2.9e-05,0.999948,2.3e-05
2731,2732,brain_tumor_figshare/2732.mat,MR029209E,5,1,Gliom,1,Gliom,evet,8.9e-05,0.998791,0.00112
2732,2733,brain_tumor_figshare/2733.mat,MR029209E,5,1,Gliom,1,Gliom,evet,2.3e-05,0.999841,0.000137
2733,2734,brain_tumor_figshare/2734.mat,MR029209E,5,1,Gliom,1,Gliom,evet,3e-05,0.999923,4.7e-05
2734,2735,brain_tumor_figshare/2735.mat,MR029209E,5,1,Gliom,1,Gliom,evet,6.7e-05,0.999872,6.1e-05
2735,2736,brain_tumor_figshare/2736.mat,MR029209E,5,1,Gliom,1,Gliom,evet,6.6e-05,0.999835,9.9e-05
2736,2737,brain_tumor_figshare/2737.mat,MR029209E,5,1,Gliom,1,Gliom,evet,0.000115,0.999755,0.00013
2737,2738,brain_tumor_figshare/2738.mat,MR053110E,1,1,Gliom,1,Gliom,evet,0.000213,0.999736,5e-05
2738,2739,brain_tumor_figshare/2739.mat,MR053110E,1,1,Gliom,1,Gliom,evet,2.9e-05,0.999949,2.2e-05
2739,2740,brain_tumor_figshare/2740.mat,MR053110E,1,1,Gliom,1,Gliom,evet,2.9e-05,0.999939,3.2e-05
2740,2741,brain_tumor_figshare/2741.mat,MR053110E,1,1,Gliom,1,Gliom,evet,3.2e-05,0.999941,2.7e-05
2741,2742,brain_tumor_figshare/2742.mat,MR053110E,1,1,Gliom,1,Gliom,evet,0.000637,0.999297,6.6e-05
2742,2743,brain_tumor_figshare/2743.mat,MR049019G,3,1,Gliom,1,Gliom,evet,3e-05,0.999838,0.000132
2743,2744,brain_tumor_figshare/2744.mat,MR049019G,3,1,Gliom,1,Gliom,evet,7.8e-05,0.999682,0.000241
2744,2745,brain_tumor_figshare/2745.mat,MR049019G,3,1,Gliom,1,Gliom,evet,7.1e-05,0.999652,0.000277
2745,2746,brain_tumor_figshare/2746.mat,MR049019G,3,1,Gliom,1,Gliom,evet,0.000181,0.999286,0.000532
2746,2747,brain_tumor_figshare/2747.mat,MR049019G,3,1,Gliom,1,Gliom,evet,0.000493,0.998359,0.001148
2747,2748,brain_tumor_figshare/2748.mat,MR031409B,2,1,Gliom,1,Gliom,evet,0.000339,0.999503,0.000158
2748,2749,brain_tumor_figshare/2749.mat,MR031409B,2,1,Gliom,1,Gliom,evet,0.000167,0.999576,0.000257
2749,2750,brain_tumor_figshare/2750.mat,MR024780D,1,1,Gliom,1,Gliom,evet,0.000242,0.999728,3e-05
2750,2751,brain_tumor_figshare/2751.mat,MR024780D,1,1,Gliom,1,Gliom,evet,0.000708,0.999231,6.1e-05
2751,2752,brain_tumor_figshare/2752.mat,MR024780D,1,1,Gliom,1,Gliom,evet,6.9e-05,0.999864,6.8e-05
2752,2753,brain_tumor_figshare/2753.mat,MR038469,3,1,Gliom,1,Gliom,evet,0.000975,0.938293,0.060732
2753,2754,brain_tumor_figshare/2754.mat,MR038469,3,1,Gliom,1,Gliom,evet,0.000124,0.999295,0.000581
2754,2755,brain_tumor_figshare/2755.mat,MR038469,3,1,Gliom,1,Gliom,evet,0.000357,0.998751,0.000892
2755,2756,brain_tumor_figshare/2756.mat,MR038469,3,1,Gliom,1,Gliom,evet,0.000286,0.994293,0.005421
2756,2757,brain_tumor_figshare/2757.mat,MR038469,3,1,Gliom,1,Gliom,evet,4.6e-05,0.999898,5.7e-05
2757,2758,brain_tumor_figshare/2758.mat,MR032322C,2,1,Gliom,1,Gliom,evet,0.00014,0.999717,0.000143
2758,2759,brain_tumor_figshare/2759.mat,MR032322C,2,1,Gliom,1,Gliom,evet,6.3e-05,0.999697,0.00024
2759,2760,brain_tumor_figshare/2760.mat,MR032322C,2,1,Gliom,1,Gliom,evet,0.000166,0.99689,0.002944
2760,2761,brain_tumor_figshare/2761.mat,MR032322C,2,1,Gliom,1,Gliom,evet,0.000121,0.997807,0.002072
2761,2762,brain_tumor_figshare/2762.mat,MR032322C,2,1,Gliom,1,Gliom,evet,0.000196,0.992482,0.007322
2762,2763,brain_tumor_figshare/2763.mat,MR032322C,2,1,Gliom,1,Gliom,evet,0.000107,0.997546,0.002347
2763,2764,brain_tumor_figshare/2764.mat,MR032322C,2,1,Gliom,1,Gliom,evet,2.5e-05,0.999467,0.000508
2764,2765,brain_tumor_figshare/2765.mat,MR032322C,2,1,Gliom,1,Gliom,evet,1.4e-05,0.999837,0.00015
2765,2766,brain_tumor_figshare/2766.mat,MR032322C,2,1,Gliom,1,Gliom,evet,2.8e-05,0.999878,9.4e-05
2766,2767,brain_tumor_figshare/2767.mat,MR032322C,2,1,Gliom,1,Gliom,evet,3.3e-05,0.999829,0.000138
2767,2768,brain_tumor_figshare/2768.mat,MR032322C,2,1,Gliom,1,Gliom,evet,0.000123,0.99636,0.003517
2768,2769,brain_tumor_figshare/2769.mat,MR037458B,2,1,Gliom,1,Gliom,evet,0.006293,0.993272,0.000435
2769,2770,brain_tumor_figshare/2770.mat,MR037458B,2,1,Gliom,1,Gliom,evet,0.002263,0.997446,0.000291
2770,2771,brain_tumor_figshare/2771.mat,MR037458B,2,1,Gliom,1,Gliom,evet,0.00074,0.998836,0.000424
2771,2772,brain_tumor_figshare/2772.mat,MR037458B,2,1,Gliom,1,Gliom,evet,0.008043,0.99157,0.000387
2772,2773,brain_tumor_figshare/2773.mat,MR037458B,2,1,Gliom,0,Meningiom,hayır,0.964754,0.032491,0.002756
2773,2774,brain_tumor_figshare/2774.mat,MR039473,4,1,Gliom,1,Gliom,evet,0.005496,0.985093,0.009411
2774,2775,brain_tumor_figshare/2775.mat,MR039473,4,1,Gliom,1,Gliom,evet,0.002903,0.957802,0.039296
2775,2776,brain_tumor_figshare/2776.mat,MR039473,4,1,Gliom,1,Gliom,evet,0.000568,0.99304,0.006392
2776,2777,brain_tumor_figshare/2777.mat,MR039473,4,1,Gliom,1,Gliom,evet,0.000557,0.991651,0.007793
2777,2778,brain_tumor_figshare/2778.mat,MR039473,4,1,Gliom,1,Gliom,evet,2.4e-05,0.994967,0.005009
2778,2779,brain_tumor_figshare/2779.mat,MR039473,4,1,Gliom,1,Gliom,evet,9.8e-05,0.975446,0.024456
2779,2780,brain_tumor_figshare/2780.mat,MR039473B,2,1,Gliom,1,Gliom,evet,0.000106,0.999697,0.000197
2780,2781,brain_tumor_figshare/2781.mat,MR039473B,2,1,Gliom,1,Gliom,evet,0.000527,0.99901,0.000463
2781,2782,brain_tumor_figshare/2782.mat,MR039473B,2,1,Gliom,1,Gliom,evet,4.4e-05,0.999724,0.000232
2782,2783,brain_tumor_figshare/2783.mat,MR039473B,2,1,Gliom,1,Gliom,evet,9.3e-05,0.999676,0.000231
2783,2784,brain_tumor_figshare/2784.mat,MR039473B,2,1,Gliom,1,Gliom,evet,3.2e-05,0.999744,0.000224
2784,2785,brain_tumor_figshare/2785.mat,MR039473B,2,1,Gliom,1,Gliom,evet,4e-05,0.999765,0.000195
2785,2786,brain_tumor_figshare/2786.mat,MR039473B,2,1,Gliom,1,Gliom,evet,9.6e-05,0.999722,0.000182
2786,2787,brain_tumor_figshare/2787.mat,MR040240,5,1,Gliom,1,Gliom,evet,3.4e-05,0.999822,0.000144
2787,2788,brain_tumor_figshare/2788.mat,MR040240,5,1,Gliom,1,Gliom,evet,0.00011,0.998223,0.001666
2788,2789,brain_tumor_figshare/2789.mat,MR040240,5,1,Gliom,1,Gliom,evet,0.001481,0.997193,0.001326
2789,2790,brain_tumor_figshare/2790.mat,MR040240,5,1,Gliom,1,Gliom,evet,5.9e-05,0.999818,0.000124
2790,2791,brain_tumor_figshare/2791.mat,MR040240,5,1,Gliom,1,Gliom,evet,6.2e-05,0.999688,0.000251
2791,2792,brain_tumor_figshare/2792.mat,MR040240,5,1,Gliom,1,Gliom,evet,0.001191,0.998125,0.000684
2792,2793,brain_tumor_figshare/2793.mat,MR040240,5,1,Gliom,1,Gliom,evet,8.3e-05,0.999721,0.000196
2793,2794,brain_tumor_figshare/2794.mat,MR040240,5,1,Gliom,1,Gliom,evet,0.018308,0.947851,0.03384
2794,2795,brain_tumor_figshare/2795.mat,MR040240B,3,1,Gliom,1,Gliom,evet,5.6e-05,0.999523,0.00042
2795,2796,brain_tumor_figshare/2796.mat,MR040240B,3,1,Gliom,1,Gliom,evet,4e-05,0.999551,0.000409
2796,2797,brain_tumor_figshare/2797.mat,MR040240B,3,1,Gliom,1,Gliom,evet,4.8e-05,0.999112,0.00084
2797,2798,brain_tumor_figshare/2798.mat,MR040240B,3,1,Gliom,1,Gliom,evet,8e-06,0.999772,0.00022
2798,2799,brain_tumor_figshare/2799.mat,MR040240B,3,1,Gliom,1,Gliom,evet,8e-06,0.999811,0.000181
2799,2800,brain_tumor_figshare/2800.mat,MR029209G,5,1,Gliom,1,Gliom,evet,8e-06,0.999972,1.9e-05
2800,2801,brain_tumor_figshare/2801.mat,MR029209G,5,1,Gliom,1,Gliom,evet,3e-05,0.999907,6.3e-05
2801,2802,brain_tumor_figshare/2802.mat,MR029209G,5,1,Gliom,1,Gliom,evet,0.000203,0.999384,0.000412
2802,2803,brain_tumor_figshare/2803.mat,MR029209G,5,1,Gliom,1,Gliom,evet,7.8e-05,0.999876,4.6e-05
2803,2804,brain_tumor_figshare/2804.mat,MR029209G,5,1,Gliom,1,Gliom,evet,5.1e-05,0.99981,0.000139
2804,2805,brain_tumor_figshare/2805.mat,MR036496B,3,1,Gliom,1,Gliom,evet,1.4e-05,0.999981,5e-06
2805,2806,brain_tumor_figshare/2806.mat,MR036496B,3,1,Gliom,1,Gliom,evet,3.1e-05,0.999957,1.1e-05
2806,2807,brain_tumor_figshare/2807.mat,MR036496B,3,1,Gliom,1,Gliom,evet,4.2e-05,0.999942,1.6e-05
2807,2808,brain_tumor_figshare/2808.mat,MR036496B,3,1,Gliom,1,Gliom,evet,0.000145,0.999816,3.9e-05
2808,2809,brain_tumor_figshare/2809.mat,MR033420,5,1,Gliom,1,Gliom,evet,0.000119,0.999794,8.7e-05
2809,2810,brain_tumor_figshare/2810.mat,MR033420,5,1,Gliom,1,Gliom,evet,1.7e-05,0.999965,1.8e-05
2810,2811,brain_tumor_figshare/2811.mat,MR033420,5,1,Gliom,1,Gliom,evet,4.8e-05,0.999922,3e-05
2811,2812,brain_tumor_figshare/2812.mat,MR033420,5,1,Gliom,1,Gliom,evet,6.8e-05,0.999923,9e-06
2812,2813,brain_tumor_figshare/2813.mat,MR033420,5,1,Gliom,1,Gliom,evet,0.007213,0.992502,0.000285
2813,2814,brain_tumor_figshare/2814.mat,MR033420,5,1,Gliom,1,Gliom,evet,0.030438,0.968537,0.001026
2814,2815,brain_tumor_figshare/2815.mat,MR033420,5,1,Gliom,1,Gliom,evet,0.000178,0.99976,6.1e-05
2815,2816,brain_tumor_figshare/2816.mat,MR033420,5,1,Gliom,1,Gliom,evet,4.3e-05,0.99994,1.7e-05
2816,2817,brain_tumor_figshare/2817.mat,MR024780B,1,1,Gliom,1,Gliom,evet,0.000136,0.999717,0.000147
2817,2818,brain_tumor_figshare/2818.mat,MR024780B,1,1,Gliom,1,Gliom,evet,0.000344,0.999451,0.000205
2818,2819,brain_tumor_figshare/2819.mat,MR024780B,1,1,Gliom,1,Gliom,evet,8.6e-05,0.999869,4.5e-05
2819,2820,brain_tumor_figshare/2820.mat,MR024780B,1,1,Gliom,1,Gliom,evet,6.1e-05,0.999911,2.8e-05
2820,2821,brain_tumor_figshare/2821.mat,MR033389B,4,1,Gliom,1,Gliom,evet,0.003078,0.996166,0.000755
2821,2822,brain_tumor_figshare/2822.mat,MR048294,1,1,Gliom,1,Gliom,evet,0.000132,0.999835,3.3e-05
2822,2823,brain_tumor_figshare/2823.mat,MR048297,1,1,Gliom,1,Gliom,evet,0.000336,0.999628,3.5e-05
2823,2824,brain_tumor_figshare/2824.mat,MR048297,1,1,Gliom,1,Gliom,evet,0.000187,0.999764,4.9e-05
2824,2825,brain_tumor_figshare/2825.mat,MR048297,1,1,Gliom,1,Gliom,evet,0.065012,0.934347,0.000641
2825,2826,brain_tumor_figshare/2826.mat,MR048297,1,1,Gliom,0,Meningiom,hayır,0.969816,0.029922,0.000262
2826,2827,brain_tumor_figshare/2827.mat,MR048297,1,1,Gliom,0,Meningiom,hayır,0.882939,0.116275,0.000785
2827,2828,brain_tumor_figshare/2828.mat,MR048297,1,1,Gliom,0,Meningiom,hayır,0.800328,0.198904,0.000768
2828,2829,brain_tumor_figshare/2829.mat,MR048297,1,1,Gliom,0,Meningiom,hayır,0.927868,0.071828,0.000304
2829,2830,brain_tumor_figshare/2830.mat,MR048297,1,1,Gliom,1,Gliom,evet,0.002925,0.996793,0.000282
2830,2831,brain_tumor_figshare/2831.mat,MR048294B,5,1,Gliom,1,Gliom,evet,2.5e-05,0.999902,7.3e-05
2831,2832,brain_tumor_figshare/2832.mat,MR048294B,5,1,Gliom,1,Gliom,evet,9.7e-05,0.999776,0.000127
2832,2833,brain_tumor_figshare/2833.mat,MR048294B,5,1,Gliom,1,Gliom,evet,2e-05,0.99977,0.00021
2833,2834,brain_tumor_figshare/2834.mat,MR048294B,5,1,Gliom,1,Gliom,evet,1.8e-05,0.999931,5.1e-05
2834,2835,brain_tumor_figshare/2835.mat,MR048294B,5,1,Gliom,1,Gliom,evet,3.1e-05,0.999825,0.000143
2835,2836,brain_tumor_figshare/2836.mat,MR048294B,5,1,Gliom,1,Gliom,evet,9.7e-05,0.999652,0.000251
2836,2837,brain_tumor_figshare/2837.mat,MR048621B,5,1,Gliom,1,Gliom,evet,5.4e-05,0.999765,0.00018
2837,2838,brain_tumor_figshare/2838.mat,MR048621B,5,1,Gliom,1,Gliom,evet,8.6e-05,0.999845,6.9e-05
2838,2839,brain_tumor_figshare/2839.mat,MR048621B,5,1,Gliom,1,Gliom,evet,2.2e-05,0.999963,1.5e-05
2839,2840,brain_tumor_figshare/2840.mat,MR048944,5,1,Gliom,1,Gliom,evet,2.5e-05,0.999964,1.1e-05
2840,2841,brain_tumor_figshare/2841.mat,MR048944,5,1,Gliom,1,Gliom,evet,2.3e-05,0.999965,1.2e-05
2841,2842,brain_tumor_figshare/2842.mat,MR048944,5,1,Gliom,1,Gliom,evet,2.7e-05,0.999954,1.9e-05
2842,2843,brain_tumor_figshare/2843.mat,MR048944,5,1,Gliom,1,Gliom,evet,2.8e-05,0.999943,2.9e-05
2843,2844,brain_tumor_figshare/2844.mat,MR048944,5,1,Gliom,1,Gliom,evet,2.3e-05,0.999935,4.2e-05
2844,2845,brain_tumor_figshare/2845.mat,MR048944,5,1,Gliom,1,Gliom,evet,4e-06,0.999947,4.9e-05
2845,2846,brain_tumor_figshare/2846.mat,MR048994,2,1,Gliom,1,Gliom,evet,0.000463,0.999476,6.1e-05
2846,2847,brain_tumor_figshare/2847.mat,MR048994,2,1,Gliom,1,Gliom,evet,7.1e-05,0.999905,2.4e-05
2847,2848,brain_tumor_figshare/2848.mat,MR048994,2,1,Gliom,1,Gliom,evet,9.6e-05,0.999884,2e-05
2848,2849,brain_tumor_figshare/2849.mat,MR048994,2,1,Gliom,1,Gliom,evet,2.7e-05,0.999956,1.7e-05
2849,2850,brain_tumor_figshare/2850.mat,MR048994,2,1,Gliom,1,Gliom,evet,6.6e-05,0.99992,1.5e-05
2850,2851,brain_tumor_figshare/2851.mat,MR048994,2,1,Gliom,1,Gliom,evet,0.000416,0.999542,4.2e-05
2851,2852,brain_tumor_figshare/2852.mat,MR048994,2,1,Gliom,1,Gliom,evet,0.000609,0.999314,7.6e-05
2852,2853,brain_tumor_figshare/2853.mat,MR048994,2,1,Gliom,1,Gliom,evet,0.000222,0.999742,3.7e-05
2853,2854,brain_tumor_figshare/2854.mat,MR049104,1,1,Gliom,1,Gliom,evet,6.5e-05,0.997641,0.002294
2854,2855,brain_tumor_figshare/2855.mat,MR049104,1,1,Gliom,1,Gliom,evet,2.9e-05,0.999857,0.000114
2855,2856,brain_tumor_figshare/2856.mat,MR049104,1,1,Gliom,1,Gliom,evet,7.1e-05,0.999362,0.000567
2856,2857,brain_tumor_figshare/2857.mat,MR049104,1,1,Gliom,1,Gliom,evet,6.7e-05,0.999449,0.000484
2857,2858,brain_tumor_figshare/2858.mat,MR049142,5,1,Gliom,2,Hipofiz tümörü,hayır,0.073177,0.236597,0.690226
2858,2859,brain_tumor_figshare/2859.mat,MR049142,5,1,Gliom,1,Gliom,evet,0.053965,0.942186,0.003849
2859,2860,brain_tumor_figshare/2860.mat,MR049142,5,1,Gliom,1,Gliom,evet,0.001548,0.997766,0.000686
2860,2861,brain_tumor_figshare/2861.mat,MR048994B,4,1,Gliom,1,Gliom,evet,0.000309,0.998805,0.000886
2861,2862,brain_tumor_figshare/2862.mat,MR048994B,4,1,Gliom,1,Gliom,evet,0.000315,0.999061,0.000624
2862,2863,brain_tumor_figshare/2863.mat,MR048994B,4,1,Gliom,1,Gliom,evet,0.00051,0.999251,0.000239
2863,2864,brain_tumor_figshare/2864.mat,MR048994B,4,1,Gliom,1,Gliom,evet,0.000471,0.999363,0.000166
2864,2865,brain_tumor_figshare/2865.mat,MR048994B,4,1,Gliom,1,Gliom,evet,0.000994,0.99893,7.6e-05
2865,2866,brain_tumor_figshare/2866.mat,MR049358,3,1,Gliom,1,Gliom,evet,0.000182,0.999732,8.6e-05
2866,2867,brain_tumor_figshare/2867.mat,MR049358,3,1,Gliom,1,Gliom,evet,0.000102,0.999838,6.1e-05
2867,2868,brain_tumor_figshare/2868.mat,MR049358,3,1,Gliom,1,Gliom,evet,0.000136,0.99979,7.4e-05
2868,2869,brain_tumor_figshare/2869.mat,MR049358,3,1,Gliom,1,Gliom,evet,0.000352,0.999265,0.000384
2869,2870,brain_tumor_figshare/2870.mat,MR049358,3,1,Gliom,1,Gliom,evet,0.000159,0.999018,0.000823
2870,2871,brain_tumor_figshare/2871.mat,MR049358,3,1,Gliom,1,Gliom,evet,2.3e-05,0.999867,0.00011
2871,2872,brain_tumor_figshare/2872.mat,MR049358,3,1,Gliom,1,Gliom,evet,2.4e-05,0.999891,8.5e-05
2872,2873,brain_tumor_figshare/2873.mat,MR049104B,3,1,Gliom,1,Gliom,evet,0.000199,0.999553,0.000248
2873,2874,brain_tumor_figshare/2874.mat,MR049104B,3,1,Gliom,1,Gliom,evet,0.000103,0.999828,6.9e-05
2874,2875,brain_tumor_figshare/2875.mat,MR049104B,3,1,Gliom,1,Gliom,evet,8.7e-05,0.999871,4.3e-05
2875,2876,brain_tumor_figshare/2876.mat,MR049453,2,1,Gliom,1,Gliom,evet,0.000299,0.998627,0.001073
2876,2877,brain_tumor_figshare/2877.mat,MR049453,2,1,Gliom,1,Gliom,evet,8.2e-05,0.999846,7.2e-05
2877,2878,brain_tumor_figshare/2878.mat,MR049453,2,1,Gliom,1,Gliom,evet,6.8e-05,0.999876,5.6e-05
2878,2879,brain_tumor_figshare/2879.mat,MR049453,2,1,Gliom,1,Gliom,evet,2.7e-05,0.999943,2.9e-05
2879,2880,brain_tumor_figshare/2880.mat,MR049453,2,1,Gliom,1,Gliom,evet,3.6e-05,0.999934,3e-05
2880,2881,brain_tumor_figshare/2881.mat,MR049453,2,1,Gliom,1,Gliom,evet,1.9e-05,0.999952,2.9e-05
2881,2882,brain_tumor_figshare/2882.mat,MR049453,2,1,Gliom,1,Gliom,evet,3.9e-05,0.99992,4e-05
2882,2883,brain_tumor_figshare/2883.mat,MR049453,2,1,Gliom,1,Gliom,evet,2.9e-05,0.99988,9.1e-05
2883,2884,brain_tumor_figshare/2884.mat,MR049453,2,1,Gliom,1,Gliom,evet,0.000128,0.999717,0.000155
2884,2885,brain_tumor_figshare/2885.mat,MR024780G,1,1,Gliom,1,Gliom,evet,6.5e-05,0.999905,3e-05
2885,2886,brain_tumor_figshare/2886.mat,MR024780G,1,1,Gliom,1,Gliom,evet,3.5e-05,0.999948,1.7e-05
2886,2887,brain_tumor_figshare/2887.mat,MR024780G,1,1,Gliom,1,Gliom,evet,6.1e-05,0.99989,4.9e-05
2887,2888,brain_tumor_figshare/2888.mat,MR024780G,1,1,Gliom,1,Gliom,evet,0.000145,0.999555,0.0003
2888,2889,brain_tumor_figshare/2889.mat,MR024780G,1,1,Gliom,1,Gliom,evet,0.001319,0.998187,0.000495
2889,2890,brain_tumor_figshare/2890.mat,MR024780G,1,1,Gliom,1,Gliom,evet,0.074841,0.91783,0.007328
2890,2891,brain_tumor_figshare/2891.mat,MR050135B,2,1,Gliom,1,Gliom,evet,5.1e-05,0.999916,3.4e-05
2891,2892,brain_tumor_figshare/2892.mat,MR050135B,2,1,Gliom,1,Gliom,evet,0.000114,0.99979,9.6e-05
2892,2893,brain_tumor_figshare/2893.mat,MR050135B,2,1,Gliom,1,Gliom,evet,5.6e-05,0.999871,7.3e-05
2893,2894,brain_tumor_figshare/2894.mat,MR050135B,2,1,Gliom,1,Gliom,evet,8.5e-05,0.99987,4.5e-05
2894,2895,brain_tumor_figshare/2895.mat,MR050135B,2,1,Gliom,1,Gliom,evet,0.000104,0.999797,9.9e-05
2895,2896,brain_tumor_figshare/2896.mat,MR050135B,2,1,Gliom,1,Gliom,evet,8.2e-05,0.999597,0.000321
2896,2897,brain_tumor_figshare/2897.mat,MR050135B,2,1,Gliom,1,Gliom,evet,7.3e-05,0.999781,0.000147
2897,2898,brain_tumor_figshare/2898.mat,MR050135B,2,1,Gliom,1,Gliom,evet,1.6e-05,0.999952,3.2e-05
2898,2899,brain_tumor_figshare/2899.mat,MR050135B,2,1,Gliom,1,Gliom,evet,6.5e-05,0.99956,0.000375
2899,2900,brain_tumor_figshare/2900.mat,MR050687,1,1,Gliom,1,Gliom,evet,0.000146,0.999837,1.7e-05
2900,2901,brain_tumor_figshare/2901.mat,MR050687,1,1,Gliom,1,Gliom,evet,5.9e-05,0.999934,8e-06
2901,2902,brain_tumor_figshare/2902.mat,MR050687,1,1,Gliom,1,Gliom,evet,0.000378,0.99959,3.2e-05
2902,2903,brain_tumor_figshare/2903.mat,MR050687,1,1,Gliom,1,Gliom,evet,0.000224,0.999735,4.1e-05
2903,2904,brain_tumor_figshare/2904.mat,MR050687,1,1,Gliom,1,Gliom,evet,0.000157,0.999803,4e-05
2904,2905,brain_tumor_figshare/2905.mat,MR050687,1,1,Gliom,1,Gliom,evet,0.000209,0.999727,6.4e-05
2905,2906,brain_tumor_figshare/2906.mat,MR050791B,4,1,Gliom,1,Gliom,evet,0.001171,0.998812,1.7e-05
2906,2907,brain_tumor_figshare/2907.mat,MR050791B,4,1,Gliom,1,Gliom,evet,0.000326,0.999664,9e-06
2907,2908,brain_tumor_figshare/2908.mat,MR050791B,4,1,Gliom,1,Gliom,evet,0.0007,0.999286,1.4e-05
2908,2909,brain_tumor_figshare/2909.mat,MR050791B,4,1,Gliom,1,Gliom,evet,0.014086,0.985905,9e-06
2909,2910,brain_tumor_figshare/2910.mat,MR050791B,4,1,Gliom,1,Gliom,evet,0.019985,0.979988,2.7e-05
2910,2911,brain_tumor_figshare/2911.mat,MR050791B,4,1,Gliom,1,Gliom,evet,0.019154,0.980839,6e-06
2911,2912,brain_tumor_figshare/2912.mat,MR050791B,4,1,Gliom,1,Gliom,evet,0.019056,0.980914,3e-05
2912,2913,brain_tumor_figshare/2913.mat,MR050791B,4,1,Gliom,1,Gliom,evet,0.015804,0.984101,9.5e-05
2913,2914,brain_tumor_figshare/2914.mat,MR049019C,4,1,Gliom,1,Gliom,evet,0.000761,0.997782,0.001457
2914,2915,brain_tumor_figshare/2915.mat,MR049019C,4,1,Gliom,1,Gliom,evet,0.000953,0.991262,0.007785
2915,2916,brain_tumor_figshare/2916.mat,MR049019C,4,1,Gliom,1,Gliom,evet,0.000219,0.996225,0.003555
2916,2917,brain_tumor_figshare/2917.mat,MR049019C,4,1,Gliom,1,Gliom,evet,0.000343,0.832301,0.167356
2917,2918,brain_tumor_figshare/2918.mat,MR051461,2,1,Gliom,1,Gliom,evet,5e-05,0.999939,1.1e-05
2918,2919,brain_tumor_figshare/2919.mat,MR051461,2,1,Gliom,1,Gliom,evet,4e-05,0.999946,1.3e-05
2919,2920,brain_tumor_figshare/2920.mat,MR051461,2,1,Gliom,1,Gliom,evet,0.000127,0.99983,4.3e-05
2920,2921,brain_tumor_figshare/2921.mat,MR051461,2,1,Gliom,1,Gliom,evet,0.000175,0.999782,4.3e-05
2921,2922,brain_tumor_figshare/2922.mat,MR051461,2,1,Gliom,1,Gliom,evet,4.1e-05,0.999936,2.3e-05
2922,2923,brain_tumor_figshare/2923.mat,MR051461,2,1,Gliom,1,Gliom,evet,7.3e-05,0.999905,2.1e-05
2923,2924,brain_tumor_figshare/2924.mat,MR051461,2,1,Gliom,1,Gliom,evet,0.000169,0.999785,4.7e-05
2924,2925,brain_tumor_figshare/2925.mat,MR051586,5,1,Gliom,1,Gliom,evet,9.1e-05,0.999856,5.3e-05
2925,2926,brain_tumor_figshare/2926.mat,MR051586,5,1,Gliom,1,Gliom,evet,0.001057,0.998859,8.4e-05
2926,2927,brain_tumor_figshare/2927.mat,MR051586,5,1,Gliom,1,Gliom,evet,0.001414,0.998546,3.9e-05
2927,2928,brain_tumor_figshare/2928.mat,MR051586,5,1,Gliom,1,Gliom,evet,6.8e-05,0.999906,2.6e-05
2928,2929,brain_tumor_figshare/2929.mat,MR051586,5,1,Gliom,1,Gliom,evet,0.015663,0.984147,0.00019
2929,2930,brain_tumor_figshare/2930.mat,MR051586,5,1,Gliom,1,Gliom,evet,0.001708,0.998135,0.000157
2930,2931,brain_tumor_figshare/2931.mat,MR051586,5,1,Gliom,1,Gliom,evet,0.000106,0.999763,0.000131
2931,2932,brain_tumor_figshare/2932.mat,MR051586,5,1,Gliom,1,Gliom,evet,8.3e-05,0.999885,3.3e-05
2932,2933,brain_tumor_figshare/2933.mat,MR051586,5,1,Gliom,1,Gliom,evet,2.7e-05,0.999926,4.7e-05
2933,2934,brain_tumor_figshare/2934.mat,MR051644,4,1,Gliom,1,Gliom,evet,0.000616,0.999188,0.000196
2934,2935,brain_tumor_figshare/2935.mat,MR051644,4,1,Gliom,1,Gliom,evet,0.001148,0.998013,0.000839
2935,2936,brain_tumor_figshare/2936.mat,MR051644,4,1,Gliom,1,Gliom,evet,0.002061,0.992393,0.005546
2936,2937,brain_tumor_figshare/2937.mat,MR051644,4,1,Gliom,1,Gliom,evet,0.000598,0.999128,0.000274
2937,2938,brain_tumor_figshare/2938.mat,MR051644,4,1,Gliom,1,Gliom,evet,0.001161,0.998766,7.4e-05
2938,2939,brain_tumor_figshare/2939.mat,MR051644,4,1,Gliom,1,Gliom,evet,0.001914,0.998049,3.6e-05
2939,2940,brain_tumor_figshare/2940.mat,MR051644,4,1,Gliom,1,Gliom,evet,0.00803,0.991918,5.2e-05
2940,2941,brain_tumor_figshare/2941.mat,MR051644,4,1,Gliom,1,Gliom,evet,0.00032,0.999668,1.2e-05
2941,2942,brain_tumor_figshare/2942.mat,MR051644,4,1,Gliom,1,Gliom,evet,0.000457,0.999529,1.4e-05
2942,2943,brain_tumor_figshare/2943.mat,MR051644,4,1,Gliom,1,Gliom,evet,0.000387,0.999579,3.4e-05
2943,2944,brain_tumor_figshare/2944.mat,MR051651,1,1,Gliom,1,Gliom,evet,4.7e-05,0.999918,3.4e-05
2944,2945,brain_tumor_figshare/2945.mat,MR051651,1,1,Gliom,1,Gliom,evet,6.5e-05,0.999925,1e-05
2945,2946,brain_tumor_figshare/2946.mat,MR051651,1,1,Gliom,1,Gliom,evet,7.6e-05,0.999919,6e-06
2946,2947,brain_tumor_figshare/2947.mat,MR051651,1,1,Gliom,1,Gliom,evet,0.000143,0.999808,4.9e-05
2947,2948,brain_tumor_figshare/2948.mat,MR051796,4,1,Gliom,1,Gliom,evet,0.000106,0.992814,0.00708
2948,2949,brain_tumor_figshare/2949.mat,MR051796,4,1,Gliom,1,Gliom,evet,3.5e-05,0.998428,0.001538
2949,2950,brain_tumor_figshare/2950.mat,MR051796,4,1,Gliom,1,Gliom,evet,4.7e-05,0.999056,0.000897
2950,2951,brain_tumor_figshare/2951.mat,MR051796,4,1,Gliom,1,Gliom,evet,0.000109,0.999743,0.000148
2951,2952,brain_tumor_figshare/2952.mat,MR051796,4,1,Gliom,1,Gliom,evet,0.00032,0.999608,7.2e-05
2952,2953,brain_tumor_figshare/2953.mat,MR051796,4,1,Gliom,1,Gliom,evet,0.000337,0.9973,0.002362
2953,2954,brain_tumor_figshare/2954.mat,MR051796,4,1,Gliom,1,Gliom,evet,0.001459,0.997868,0.000673
2954,2955,brain_tumor_figshare/2955.mat,MR051651B,3,1,Gliom,1,Gliom,evet,0.002366,0.99621,0.001424
2955,2956,brain_tumor_figshare/2956.mat,MR051651B,3,1,Gliom,1,Gliom,evet,0.003958,0.989907,0.006135
2956,2957,brain_tumor_figshare/2957.mat,MR051651B,3,1,Gliom,1,Gliom,evet,0.000167,0.999625,0.000207
2957,2958,brain_tumor_figshare/2958.mat,MR051651B,3,1,Gliom,1,Gliom,evet,0.001325,0.99853,0.000145
2958,2959,brain_tumor_figshare/2959.mat,MR051651B,3,1,Gliom,1,Gliom,evet,0.000452,0.999504,4.4e-05
2959,2960,brain_tumor_figshare/2960.mat,MR051651B,3,1,Gliom,1,Gliom,evet,0.000204,0.999778,1.8e-05
2960,2961,brain_tumor_figshare/2961.mat,MR051644B,3,1,Gliom,1,Gliom,evet,6.4e-05,0.999849,8.7e-05
2961,2962,brain_tumor_figshare/2962.mat,MR051644B,3,1,Gliom,1,Gliom,evet,0.000124,0.999234,0.000643
2962,2963,brain_tumor_figshare/2963.mat,MR051644B,3,1,Gliom,1,Gliom,evet,8.6e-05,0.9996,0.000314
2963,2964,brain_tumor_figshare/2964.mat,MR051644B,3,1,Gliom,1,Gliom,evet,4.9e-05,0.9996,0.00035
2964,2965,brain_tumor_figshare/2965.mat,MR051644B,3,1,Gliom,1,Gliom,evet,5.6e-05,0.998616,0.001328
2965,2966,brain_tumor_figshare/2966.mat,MR051644B,3,1,Gliom,1,Gliom,evet,0.000111,0.999465,0.000423
2966,2967,brain_tumor_figshare/2967.mat,MR051644B,3,1,Gliom,1,Gliom,evet,3.7e-05,0.99987,9.4e-05
2967,2968,brain_tumor_figshare/2968.mat,MR051644B,3,1,Gliom,1,Gliom,evet,9e-05,0.999791,0.000119
2968,2969,brain_tumor_figshare/2969.mat,MR051644B,3,1,Gliom,1,Gliom,evet,0.00015,0.999737,0.000114
2969,2970,brain_tumor_figshare/2970.mat,MR051796B,5,1,Gliom,1,Gliom,evet,5.8e-05,0.999521,0.000421
2970,2971,brain_tumor_figshare/2971.mat,MR051796B,5,1,Gliom,1,Gliom,evet,8.8e-05,0.999738,0.000173
2971,2972,brain_tumor_figshare/2972.mat,MR051796B,5,1,Gliom,1,Gliom,evet,0.000164,0.999655,0.00018
2972,2973,brain_tumor_figshare/2973.mat,MR051796B,5,1,Gliom,1,Gliom,evet,0.000648,0.998222,0.00113
2973,2974,brain_tumor_figshare/2974.mat,MR051796B,5,1,Gliom,1,Gliom,evet,0.000163,0.999331,0.000506
2974,2975,brain_tumor_figshare/2975.mat,MR052550,1,1,Gliom,1,Gliom,evet,7.1e-05,0.999828,0.000101
2975,2976,brain_tumor_figshare/2976.mat,MR052550,1,1,Gliom,1,Gliom,evet,0.000114,0.999846,4e-05
2976,2977,brain_tumor_figshare/2977.mat,MR052550,1,1,Gliom,1,Gliom,evet,3.5e-05,0.99993,3.6e-05
2977,2978,brain_tumor_figshare/2978.mat,MR052550,1,1,Gliom,1,Gliom,evet,1.6e-05,0.99988,0.000104
2978,2979,brain_tumor_figshare/2979.mat,MR052550,1,1,Gliom,1,Gliom,evet,2.1e-05,0.999911,6.8e-05
2979,2980,brain_tumor_figshare/2980.mat,MR052550,1,1,Gliom,1,Gliom,evet,5.7e-05,0.999927,1.6e-05
2980,2981,brain_tumor_figshare/2981.mat,MR052550,1,1,Gliom,1,Gliom,evet,2.9e-05,0.999956,1.5e-05
2981,2982,brain_tumor_figshare/2982.mat,MR052550,1,1,Gliom,1,Gliom,evet,0.000188,0.999776,3.6e-05
2982,2983,brain_tumor_figshare/2983.mat,MR051644C,4,1,Gliom,1,Gliom,evet,0.000126,0.999776,9.8e-05
2983,2984,brain_tumor_figshare/2984.mat,MR051644C,4,1,Gliom,1,Gliom,evet,0.000248,0.999099,0.000653
2984,2985,brain_tumor_figshare/2985.mat,MR051644C,4,1,Gliom,1,Gliom,evet,8.6e-05,0.999369,0.000545
2985,2986,brain_tumor_figshare/2986.mat,MR051644C,4,1,Gliom,1,Gliom,evet,0.000251,0.994085,0.005664
2986,2987,brain_tumor_figshare/2987.mat,MR051644C,4,1,Gliom,1,Gliom,evet,0.000166,0.997855,0.001979
2987,2988,brain_tumor_figshare/2988.mat,MR051644C,4,1,Gliom,1,Gliom,evet,0.000289,0.99954,0.000171
2988,2989,brain_tumor_figshare/2989.mat,MR051644C,4,1,Gliom,1,Gliom,evet,0.000233,0.999656,0.000111
2989,2990,brain_tumor_figshare/2990.mat,MR051644C,4,1,Gliom,1,Gliom,evet,0.001129,0.998773,9.8e-05
2990,2991,brain_tumor_figshare/2991.mat,MR051644C,4,1,Gliom,1,Gliom,evet,0.000622,0.999322,5.5e-05
2991,2992,brain_tumor_figshare/2992.mat,MR051644C,4,1,Gliom,1,Gliom,evet,0.003551,0.996399,5e-05
2992,2993,brain_tumor_figshare/2993.mat,MR049942B,3,1,Gliom,1,Gliom,evet,2.8e-05,0.999685,0.000288
2993,2994,brain_tumor_figshare/2994.mat,MR049942B,3,1,Gliom,1,Gliom,evet,3.5e-05,0.998964,0.001001
2994,2995,brain_tumor_figshare/2995.mat,MR049942B,3,1,Gliom,1,Gliom,evet,2e-05,0.999155,0.000825
2995,2996,brain_tumor_figshare/2996.mat,MR052585B,5,1,Gliom,1,Gliom,evet,5.7e-05,0.999635,0.000308
2996,2997,brain_tumor_figshare/2997.mat,MR052585B,5,1,Gliom,1,Gliom,evet,2.6e-05,0.999616,0.000358
2997,2998,brain_tumor_figshare/2998.mat,MR052585B,5,1,Gliom,1,Gliom,evet,1.7e-05,0.999937,4.6e-05
2998,2999,brain_tumor_figshare/2999.mat,MR053110B,1,1,Gliom,1,Gliom,evet,0.000229,0.999607,0.000163
2999,3000,brain_tumor_figshare/3000.mat,MR053110B,1,1,Gliom,1,Gliom,evet,1.5e-05,0.999972,1.4e-05
3000,3001,brain_tumor_figshare/3001.mat,MR053110B,1,1,Gliom,1,Gliom,evet,2.3e-05,0.999957,2e-05
3001,3002,brain_tumor_figshare/3002.mat,MR053110B,1,1,Gliom,1,Gliom,evet,8e-06,0.999984,8e-06
3002,3003,brain_tumor_figshare/3003.mat,MR053110B,1,1,Gliom,1,Gliom,evet,5.3e-05,0.999865,8.2e-05
3003,3004,brain_tumor_figshare/3004.mat,MR053110B,1,1,Gliom,1,Gliom,evet,0.00068,0.999208,0.000112
3004,3005,brain_tumor_figshare/3005.mat,MR034694,2,1,Gliom,1,Gliom,evet,0.00022,0.983647,0.016133
3005,3006,brain_tumor_figshare/3006.mat,MR034694,2,1,Gliom,1,Gliom,evet,0.000232,0.996819,0.002949
3006,3007,brain_tumor_figshare/3007.mat,MR034694,2,1,Gliom,1,Gliom,evet,0.000389,0.998216,0.001395
3007,3008,brain_tumor_figshare/3008.mat,MR034694,2,1,Gliom,1,Gliom,evet,0.000114,0.991616,0.00827
3008,3009,brain_tumor_figshare/3009.mat,MR054875,1,1,Gliom,1,Gliom,evet,0.00036,0.974049,0.025591
3009,3010,brain_tumor_figshare/3010.mat,MR054875,1,1,Gliom,1,Gliom,evet,0.000394,0.985976,0.01363
3010,3011,brain_tumor_figshare/3011.mat,MR054875,1,1,Gliom,1,Gliom,evet,0.00033,0.998093,0.001577
3011,3012,brain_tumor_figshare/3012.mat,MR054875,1,1,Gliom,1,Gliom,evet,0.003659,0.85002,0.146321
3012,3013,brain_tumor_figshare/3013.mat,MR054875,1,1,Gliom,1,Gliom,evet,0.000363,0.992021,0.007615
3013,3014,brain_tumor_figshare/3014.mat,MR050687C,5,1,Gliom,1,Gliom,evet,0.000274,0.999514,0.000211
3014,3015,brain_tumor_figshare/3015.mat,MR050687C,5,1,Gliom,1,Gliom,evet,9.8e-05,0.998435,0.001468
3015,3016,brain_tumor_figshare/3016.mat,MR050687C,5,1,Gliom,1,Gliom,evet,8e-06,0.999763,0.000229
3016,3017,brain_tumor_figshare/3017.mat,MR050687C,5,1,Gliom,1,Gliom,evet,3.8e-05,0.999885,7.7e-05
3017,3018,brain_tumor_figshare/3018.mat,MR050687C,5,1,Gliom,1,Gliom,evet,0.000152,0.999703,0.000145
3018,3019,brain_tumor_figshare/3019.mat,MR050687C,5,1,Gliom,1,Gliom,evet,9e-06,0.999974,1.6e-05
3019,3020,brain_tumor_figshare/3020.mat,MR056144,5,1,Gliom,2,Hipofiz tümörü,hayır,0.000182,0.275983,0.723835
3020,3021,brain_tumor_figshare/3021.mat,MR056144,5,1,Gliom,1,Gliom,evet,0.000319,0.692215,0.307466
3021,3022,brain_tumor_figshare/3022.mat,MR034997,3,1,Gliom,1,Gliom,evet,8.6e-05,0.999901,1.3e-05
3022,3023,brain_tumor_figshare/3023.mat,MR034997,3,1,Gliom,1,Gliom,evet,4.9e-05,0.999935,1.6e-05
3023,3024,brain_tumor_figshare/3024.mat,MR034997,3,1,Gliom,1,Gliom,evet,6.1e-05,0.99989,4.8e-05
3024,3025,brain_tumor_figshare/3025.mat,MR034997,3,1,Gliom,1,Gliom,evet,8e-06,0.999986,7e-06
3025,3026,brain_tumor_figshare/3026.mat,MR034997,3,1,Gliom,1,Gliom,evet,1.5e-05,0.999967,1.8e-05
3026,3027,brain_tumor_figshare/3027.mat,MR034997,3,1,Gliom,1,Gliom,evet,1.4e-05,0.999972,1.4e-05
3027,3028,brain_tumor_figshare/3028.mat,MR034997,3,1,Gliom,1,Gliom,evet,1.4e-05,0.999948,3.8e-05
3028,3029,brain_tumor_figshare/3029.mat,MR029209E,5,1,Gliom,1,Gliom,evet,3.8e-05,0.999943,1.9e-05
3029,3030,brain_tumor_figshare/3030.mat,53669,5,0,Meningiom,0,Meningiom,evet,0.99999,2e-06,8e-06
3030,3031,brain_tumor_figshare/3031.mat,MR033389B,4,1,Gliom,1,Gliom,evet,0.010549,0.9872,0.002251
3031,3032,brain_tumor_figshare/3032.mat,MR033389B,4,1,Gliom,1,Gliom,evet,0.167937,0.829906,0.002156
3032,3033,brain_tumor_figshare/3033.mat,MR033389B,4,1,Gliom,1,Gliom,evet,0.001144,0.99841,0.000446
3033,3034,brain_tumor_figshare/3034.mat,MR033389B,4,1,Gliom,1,Gliom,evet,0.000484,0.999374,0.000142
3034,3035,brain_tumor_figshare/3035.mat,MR033389B,4,1,Gliom,1,Gliom,evet,6.4e-05,0.999514,0.000422
3035,3036,brain_tumor_figshare/3036.mat,MR033389B,4,1,Gliom,1,Gliom,evet,2.2e-05,0.99936,0.000619
3036,3037,brain_tumor_figshare/3037.mat,MR033389B,4,1,Gliom,1,Gliom,evet,0.000361,0.996411,0.003228
3037,3038,brain_tumor_figshare/3038.mat,MR033389B,4,1,Gliom,1,Gliom,evet,0.000542,0.998676,0.000782
3038,3039,brain_tumor_figshare/3039.mat,MR024780E,4,1,Gliom,1,Gliom,evet,0.000976,0.998906,0.000117
3039,3040,brain_tumor_figshare/3040.mat,MR024780E,4,1,Gliom,1,Gliom,evet,0.000421,0.999417,0.000162
3040,3041,brain_tumor_figshare/3041.mat,MR024780E,4,1,Gliom,1,Gliom,evet,0.00013,0.999828,4.2e-05
3041,3042,brain_tumor_figshare/3042.mat,MR040240C,2,1,Gliom,1,Gliom,evet,0.000107,0.999425,0.000468
3042,3043,brain_tumor_figshare/3043.mat,MR040240C,2,1,Gliom,1,Gliom,evet,3.9e-05,0.999888,7.4e-05
3043,3044,brain_tumor_figshare/3044.mat,MR040240C,2,1,Gliom,1,Gliom,evet,2.2e-05,0.999938,4e-05
3044,3045,brain_tumor_figshare/3045.mat,MR040240C,2,1,Gliom,1,Gliom,evet,0.000229,0.999561,0.00021
3045,3046,brain_tumor_figshare/3046.mat,MR040240C,2,1,Gliom,1,Gliom,evet,0.001154,0.995098,0.003748
3046,3047,brain_tumor_figshare/3047.mat,MR040240D,4,1,Gliom,1,Gliom,evet,0.002368,0.997368,0.000264
3047,3048,brain_tumor_figshare/3048.mat,MR040240D,4,1,Gliom,1,Gliom,evet,0.005843,0.993983,0.000175
3048,3049,brain_tumor_figshare/3049.mat,MR017260F,2,1,Gliom,1,Gliom,evet,0.000129,0.999739,0.000133
3049,3050,brain_tumor_figshare/3050.mat,MR017260F,2,1,Gliom,1,Gliom,evet,0.000387,0.999496,0.000117
3050,3051,brain_tumor_figshare/3051.mat,MR017260F,2,1,Gliom,1,Gliom,evet,9.7e-05,0.999861,4.2e-05
3051,3052,brain_tumor_figshare/3052.mat,MR017260F,2,1,Gliom,1,Gliom,evet,7.2e-05,0.999908,2e-05
3052,3053,brain_tumor_figshare/3053.mat,MR017260F,2,1,Gliom,1,Gliom,evet,6.2e-05,0.999926,1.2e-05
3053,3054,brain_tumor_figshare/3054.mat,MR017260F,2,1,Gliom,1,Gliom,evet,3.8e-05,0.999925,3.7e-05
3054,3055,brain_tumor_figshare/3055.mat,MR017260F,2,1,Gliom,1,Gliom,evet,2e-05,0.999953,2.8e-05
3055,3056,brain_tumor_figshare/3056.mat,MR029209I,4,1,Gliom,1,Gliom,evet,0.0003,0.999605,9.5e-05
3056,3057,brain_tumor_figshare/3057.mat,MR029209I,4,1,Gliom,1,Gliom,evet,0.000201,0.999764,3.5e-05
3057,3058,brain_tumor_figshare/3058.mat,MR029209I,4,1,Gliom,1,Gliom,evet,4.6e-05,0.999905,4.9e-05
3058,3059,brain_tumor_figshare/3059.mat,MR029209I,4,1,Gliom,1,Gliom,evet,2.4e-05,0.999967,8e-06
3059,3060,brain_tumor_figshare/3060.mat,MR029209I,4,1,Gliom,1,Gliom,evet,3.5e-05,0.999958,8e-06
3060,3061,brain_tumor_figshare/3061.mat,MR029209I,4,1,Gliom,1,Gliom,evet,0.000113,0.999875,1.2e-05
3061,3062,brain_tumor_figshare/3062.mat,MR029209I,4,1,Gliom,1,Gliom,evet,0.000122,0.999791,8.8e-05
3062,3063,brain_tumor_figshare/3063.mat,95969,2,0,Meningiom,1,Gliom,hayır,0.004135,0.993965,0.001899
3063,3064,brain_tumor_figshare/3064.mat,88510,1,0,Meningiom,0,Meningiom,evet,0.789502,0.210316,0.000182
