satir,goruntu_no,dosya,hasta,kat,gercek_etiket_no,gercek_etiket,tahmin_no,tahmin,dogru_mu,olasilik_Meningiom,olasilik_Gliom,olasilik_Hipofiz tümörü
0,1,brain_tumor_figshare/1.mat,100360,5,0,Meningiom,0,Meningiom,evet,0.58489,0.397,0.01811
1,2,brain_tumor_figshare/2.mat,100360,5,0,Meningiom,1,Gliom,hayır,0.231044,0.758719,0.010236
2,3,brain_tumor_figshare/3.mat,100360,5,0,Meningiom,1,Gliom,hayır,0.307648,0.687368,0.004985
3,4,brain_tumor_figshare/4.mat,100360,5,0,Meningiom,1,Gliom,hayır,0.317882,0.676245,0.005873
4,5,brain_tumor_figshare/5.mat,100360,5,0,Meningiom,1,Gliom,hayır,0.382251,0.604506,0.013243
5,6,brain_tumor_figshare/6.mat,100572,3,0,Meningiom,2,Hipofiz tümörü,hayır,0.237619,0.291873,0.470508
6,7,brain_tumor_figshare/7.mat,100572,3,0,Meningiom,1,Gliom,hayır,0.096002,0.635755,0.268243
7,8,brain_tumor_figshare/8.mat,100572,3,0,Meningiom,1,Gliom,hayır,0.112512,0.612849,0.274639
8,9,brain_tumor_figshare/9.mat,101016,4,0,Meningiom,1,Gliom,hayır,0.077707,0.887664,0.034629
9,10,brain_tumor_figshare/10.mat,101016,4,0,Meningiom,1,Gliom,hayır,0.16632,0.756212,0.077468
10,11,brain_tumor_figshare/11.mat,101016,4,0,Meningiom,1,Gliom,hayır,0.15905,0.794208,0.046743
11,12,brain_tumor_figshare/12.mat,101016,4,0,Meningiom,1,Gliom,hayır,0.219064,0.754736,0.026201
12,13,brain_tumor_figshare/13.mat,101016,4,0,Meningiom,1,Gliom,hayır,0.401434,0.571263,0.027303
13,14,brain_tumor_figshare/14.mat,101016,4,0,Meningiom,1,Gliom,hayır,0.313745,0.672175,0.01408
14,15,brain_tumor_figshare/15.mat,101016,4,0,Meningiom,0,Meningiom,evet,0.560945,0.403501,0.035553
15,16,brain_tumor_figshare/16.mat,101127,4,0,Meningiom,1,Gliom,hayır,0.315337,0.608016,0.076647
16,17,brain_tumor_figshare/17.mat,101127,4,0,Meningiom,1,Gliom,hayır,0.065896,0.876679,0.057424
17,18,brain_tumor_figshare/18.mat,101127,4,0,Meningiom,1,Gliom,hayır,0.03068,0.960229,0.009091
18,19,brain_tumor_figshare/19.mat,101127,4,0,Meningiom,1,Gliom,hayır,0.071139,0.922344,0.006518
19,20,brain_tumor_figshare/20.mat,101797,5,0,Meningiom,1,Gliom,hayır,0.305174,0.664958,0.029868
20,21,brain_tumor_figshare/21.mat,101797,5,0,Meningiom,1,Gliom,hayır,0.365883,0.608014,0.026103
21,22,brain_tumor_figshare/22.mat,101797,5,0,Meningiom,0,Meningiom,evet,0.50203,0.467335,0.030635
22,23,brain_tumor_figshare/23.mat,101797,5,0,Meningiom,0,Meningiom,evet,0.731065,0.238841,0.030094
23,24,brain_tumor_figshare/24.mat,102420,1,0,Meningiom,0,Meningiom,evet,0.639535,0.309581,0.050884
24,25,brain_tumor_figshare/25.mat,102420,1,0,Meningiom,1,Gliom,hayır,0.467419,0.486999,0.045582
25,26,brain_tumor_figshare/26.mat,102446,3,0,Meningiom,0,Meningiom,evet,0.535949,0.460648,0.003403
26,27,brain_tumor_figshare/27.mat,102675,1,0,Meningiom,0,Meningiom,evet,0.827272,0.167319,0.005409
27,28,brain_tumor_figshare/28.mat,102714,5,0,Meningiom,1,Gliom,hayır,0.21191,0.711036,0.077053
28,29,brain_tumor_figshare/29.mat,102714,5,0,Meningiom,0,Meningiom,evet,0.761717,0.116257,0.122026
29,30,brain_tumor_figshare/30.mat,102714,5,0,Meningiom,0,Meningiom,evet,0.922457,0.020052,0.057491
30,31,brain_tumor_figshare/31.mat,102714,5,0,Meningiom,0,Meningiom,evet,0.842786,0.052844,0.10437
31,32,brain_tumor_figshare/32.mat,102929,2,0,Meningiom,1,Gliom,hayır,0.462501,0.506811,0.030688
32,33,brain_tumor_figshare/33.mat,102929,2,0,Meningiom,1,Gliom,hayır,0.397513,0.530249,0.072237
33,34,brain_tumor_figshare/34.mat,102935,1,0,Meningiom,1,Gliom,hayır,0.471867,0.518237,0.009896
34,35,brain_tumor_figshare/35.mat,102985,4,0,Meningiom,1,Gliom,hayır,0.417825,0.577231,0.004944
35,36,brain_tumor_figshare/36.mat,103673,5,0,Meningiom,2,Hipofiz tümörü,hayır,0.033923,0.016008,0.950069
36,37,brain_tumor_figshare/37.mat,103673,5,0,Meningiom,2,Hipofiz tümörü,hayır,0.0206,0.010538,0.968862
37,38,brain_tumor_figshare/38.mat,103673,5,0,Meningiom,2,Hipofiz tümörü,hayır,0.009116,0.010033,0.980851
38,39,brain_tumor_figshare/39.mat,103673,5,0,Meningiom,2,Hipofiz tümörü,hayır,0.006291,0.011676,0.982034
39,40,brain_tumor_figshare/40.mat,103673,5,0,Meningiom,2,Hipofiz tümörü,hayır,0.007531,0.015439,0.97703
40,41,brain_tumor_figshare/41.mat,103673,5,0,Meningiom,2,Hipofiz tümörü,hayır,0.026227,0.034325,0.939449
41,42,brain_tumor_figshare/42.mat,103925,4,0,Meningiom,1,Gliom,hayır,0.199938,0.454565,0.345496
42,43,brain_tumor_figshare/43.mat,103925,4,0,Meningiom,2,Hipofiz tümörü,hayır,0.064009,0.232432,0.703559
43,44,brain_tumor_figshare/44.mat,103925,4,0,Meningiom,2,Hipofiz tümörü,hayır,0.050641,0.168463,0.780895
44,45,brain_tumor_figshare/45.mat,104167,3,0,Meningiom,1,Gliom,hayır,0.034775,0.964305,0.000921
45,46,brain_tumor_figshare/46.mat,104167,3,0,Meningiom,1,Gliom,hayır,0.076742,0.922643,0.000615
46,47,brain_tumor_figshare/47.mat,104167,3,0,Meningiom,1,Gliom,hayır,0.012197,0.987686,0.000117
47,48,brain_tumor_figshare/48.mat,104167,3,0,Meningiom,1,Gliom,hayır,0.022234,0.977621,0.000145
48,49,brain_tumor_figshare/49.mat,104281,3,0,Meningiom,0,Meningiom,evet,0.820767,0.173539,0.005693
49,50,brain_tumor_figshare/50.mat,104281,3,0,Meningiom,0,Meningiom,evet,0.868903,0.122351,0.008746
50,51,brain_tumor_figshare/51.mat,104281,3,0,Meningiom,0,Meningiom,evet,0.839893,0.150614,0.009493
51,52,brain_tumor_figshare/52.mat,104281,3,0,Meningiom,1,Gliom,hayır,0.364695,0.603724,0.031581
52,53,brain_tumor_figshare/53.mat,104281,3,0,Meningiom,0,Meningiom,evet,0.675179,0.307534,0.017287
53,54,brain_tumor_figshare/54.mat,104281,3,0,Meningiom,0,Meningiom,evet,0.689178,0.305071,0.005751
54,55,brain_tumor_figshare/55.mat,104281,3,0,Meningiom,0,Meningiom,evet,0.879472,0.119624,0.000904
55,56,brain_tumor_figshare/56.mat,105374,4,0,Meningiom,0,Meningiom,evet,0.524871,0.471507,0.003623
56,57,brain_tumor_figshare/57.mat,105374,4,0,Meningiom,1,Gliom,hayır,0.194058,0.798991,0.006952
57,58,brain_tumor_figshare/58.mat,105555,5,0,Meningiom,0,Meningiom,evet,0.814247,0.1835,0.002253
58,59,brain_tumor_figshare/59.mat,58392,3,2,Hipofiz tümörü,2,Hipofiz tümörü,evet,0.008296,0.000433,0.991271
59,60,brain_tumor_figshare/60.mat,105937,1,0,Meningiom,1,Gliom,hayır,0.207497,0.788408,0.004095
60,61,brain_tumor_figshare/61.mat,105937,1,0,Meningiom,1,Gliom,hayır,0.126778,0.868845,0.004376
61,62,brain_tumor_figshare/62.mat,106284,2,0,Meningiom,1,Gliom,hayır,0.341138,0.608815,0.050048
62,63,brain_tumor_figshare/63.mat,106284,2,0,Meningiom,1,Gliom,hayır,0.441374,0.50318,0.055446
63,64,brain_tumor_figshare/64.mat,106284,2,0,Meningiom,1,Gliom,hayır,0.463837,0.463903,0.07226
64,65,brain_tumor_figshare/65.mat,106284,2,0,Meningiom,0,Meningiom,evet,0.716319,0.190691,0.092989
65,66,brain_tumor_figshare/66.mat,106284,2,0,Meningiom,0,Meningiom,evet,0.827812,0.087459,0.084729
66,67,brain_tumor_figshare/67.mat,106442,1,0,Meningiom,1,Gliom,hayır,0.204187,0.784175,0.011639
67,68,brain_tumor_figshare/68.mat,106442,1,0,Meningiom,0,Meningiom,evet,0.515132,0.469359,0.015509
68,69,brain_tumor_figshare/69.mat,106442,1,0,Meningiom,0,Meningiom,evet,0.639973,0.349526,0.010501
69,70,brain_tumor_figshare/70.mat,106442,1,0,Meningiom,0,Meningiom,evet,0.717121,0.274486,0.008393
70,71,brain_tumor_figshare/71.mat,106534,4,0,Meningiom,1,Gliom,hayır,0.398042,0.594191,0.007766
71,72,brain_tumor_figshare/72.mat,106534,4,0,Meningiom,0,Meningiom,evet,0.689069,0.30715,0.003781
72,73,brain_tumor_figshare/73.mat,106665,3,0,Meningiom,1,Gliom,hayır,0.368883,0.619692,0.011425
73,74,brain_tumor_figshare/74.mat,106665,3,0,Meningiom,1,Gliom,hayır,0.465547,0.523268,0.011185
74,75,brain_tumor_figshare/75.mat,106665,3,0,Meningiom,1,Gliom,hayır,0.130571,0.856001,0.013428
75,76,brain_tumor_figshare/76.mat,106665,3,0,Meningiom,1,Gliom,hayır,0.402213,0.578234,0.019553
76,77,brain_tumor_figshare/77.mat,106665,3,0,Meningiom,0,Meningiom,evet,0.976401,0.022674,0.000925
77,78,brain_tumor_figshare/78.mat,106665,3,0,Meningiom,0,Meningiom,evet,0.980266,0.0197,3.4e-05
78,79,brain_tumor_figshare/79.mat,106665,3,0,Meningiom,0,Meningiom,evet,0.928709,0.071278,1.2e-05
79,80,brain_tumor_figshare/80.mat,106720,1,0,Meningiom,1,Gliom,hayır,0.093831,0.891248,0.014921
80,81,brain_tumor_figshare/81.mat,106720,1,0,Meningiom,1,Gliom,hayır,0.116553,0.86635,0.017097
81,82,brain_tumor_figshare/82.mat,106720,1,0,Meningiom,1,Gliom,hayır,0.108112,0.877884,0.014004
82,83,brain_tumor_figshare/83.mat,106720,1,0,Meningiom,1,Gliom,hayır,0.120644,0.867958,0.011398
83,84,brain_tumor_figshare/84.mat,106720,1,0,Meningiom,1,Gliom,hayır,0.09891,0.896791,0.004299
84,85,brain_tumor_figshare/85.mat,106720,1,0,Meningiom,1,Gliom,hayır,0.157275,0.839484,0.003241
85,86,brain_tumor_figshare/86.mat,106720,1,0,Meningiom,1,Gliom,hayır,0.157605,0.839658,0.002737
86,87,brain_tumor_figshare/87.mat,106914,2,0,Meningiom,1,Gliom,hayır,0.458454,0.52002,0.021526
87,88,brain_tumor_figshare/88.mat,106914,2,0,Meningiom,1,Gliom,hayır,0.212739,0.771026,0.016235
88,89,brain_tumor_figshare/89.mat,106914,2,0,Meningiom,1,Gliom,hayır,0.248105,0.732594,0.019301
89,90,brain_tumor_figshare/90.mat,106914,2,0,Meningiom,1,Gliom,hayır,0.244497,0.734282,0.02122
90,91,brain_tumor_figshare/91.mat,107190,5,0,Meningiom,0,Meningiom,evet,0.764746,0.197585,0.037669
91,92,brain_tumor_figshare/92.mat,107190,5,0,Meningiom,1,Gliom,hayır,0.169458,0.741923,0.088619
92,93,brain_tumor_figshare/93.mat,107248,5,0,Meningiom,2,Hipofiz tümörü,hayır,0.335449,0.072233,0.592318
93,94,brain_tumor_figshare/94.mat,107248,5,0,Meningiom,2,Hipofiz tümörü,hayır,0.235905,0.342857,0.421238
94,95,brain_tumor_figshare/95.mat,107248,5,0,Meningiom,2,Hipofiz tümörü,hayır,0.097639,0.415234,0.487127
95,96,brain_tumor_figshare/96.mat,107248,5,0,Meningiom,2,Hipofiz tümörü,hayır,0.098713,0.089744,0.811544
96,97,brain_tumor_figshare/97.mat,107248,5,0,Meningiom,2,Hipofiz tümörü,hayır,0.236628,0.161306,0.602066
97,98,brain_tumor_figshare/98.mat,107248,5,0,Meningiom,2,Hipofiz tümörü,hayır,0.317035,0.22879,0.454176
98,99,brain_tumor_figshare/99.mat,107494,4,0,Meningiom,0,Meningiom,evet,0.799375,0.094285,0.10634
99,100,brain_tumor_figshare/100.mat,107494,4,0,Meningiom,2,Hipofiz tümörü,hayır,0.277889,0.162274,0.559837
100,101,brain_tumor_figshare/101.mat,107494,4,0,Meningiom,2,Hipofiz tümörü,hayır,0.219861,0.204849,0.57529
101,102,brain_tumor_figshare/102.mat,107494,4,0,Meningiom,2,Hipofiz tümörü,hayır,0.334951,0.266026,0.399023
102,103,brain_tumor_figshare/103.mat,107494,4,0,Meningiom,1,Gliom,hayır,0.158149,0.704104,0.137747
103,104,brain_tumor_figshare/104.mat,108514,5,0,Meningiom,1,Gliom,hayır,0.146079,0.846812,0.007109
104,105,brain_tumor_figshare/105.mat,108514,5,0,Meningiom,1,Gliom,hayır,0.192536,0.796553,0.010911
105,106,brain_tumor_figshare/106.mat,108514,5,0,Meningiom,1,Gliom,hayır,0.291897,0.694704,0.013399
106,107,brain_tumor_figshare/107.mat,108514,5,0,Meningiom,0,Meningiom,evet,0.525791,0.456995,0.017214
107,108,brain_tumor_figshare/108.mat,108514,5,0,Meningiom,1,Gliom,hayır,0.486424,0.502638,0.010938
108,109,brain_tumor_figshare/109.mat,108514,5,0,Meningiom,0,Meningiom,evet,0.770074,0.22178,0.008146
109,110,brain_tumor_figshare/110.mat,108514,5,0,Meningiom,0,Meningiom,evet,0.690397,0.300163,0.00944
110,111,brain_tumor_figshare/111.mat,108550,5,0,Meningiom,1,Gliom,hayır,0.406702,0.509773,0.083525
111,112,brain_tumor_figshare/112.mat,108550,5,0,Meningiom,1,Gliom,hayır,0.382614,0.544472,0.072914
112,113,brain_tumor_figshare/113.mat,108590,3,0,Meningiom,1,Gliom,hayır,0.290715,0.708903,0.000382
113,114,brain_tumor_figshare/114.mat,108590,3,0,Meningiom,0,Meningiom,evet,0.84362,0.156191,0.000189
114,115,brain_tumor_figshare/115.mat,108945,4,0,Meningiom,1,Gliom,hayır,0.223257,0.733947,0.042796
115,116,brain_tumor_figshare/116.mat,108945,4,0,Meningiom,1,Gliom,hayır,0.243228,0.743037,0.013735
116,117,brain_tumor_figshare/117.mat,108945,4,0,Meningiom,1,Gliom,hayır,0.48346,0.511419,0.005121
117,118,brain_tumor_figshare/118.mat,108945,4,0,Meningiom,0,Meningiom,evet,0.622793,0.372079,0.005129
118,119,brain_tumor_figshare/119.mat,109411,3,0,Meningiom,1,Gliom,hayır,0.057243,0.940563,0.002193
119,120,brain_tumor_figshare/120.mat,109968,3,0,Meningiom,0,Meningiom,evet,0.730388,0.268691,0.00092
120,121,brain_tumor_figshare/121.mat,109968,3,0,Meningiom,0,Meningiom,evet,0.903553,0.093083,0.003364
121,122,brain_tumor_figshare/122.mat,109968,3,0,Meningiom,0,Meningiom,evet,0.58573,0.405759,0.008511
122,123,brain_tumor_figshare/123.mat,109968,3,0,Meningiom,1,Gliom,hayır,0.423558,0.571275,0.005167
123,124,brain_tumor_figshare/124.mat,110116,5,0,Meningiom,2,Hipofiz tümörü,hayır,0.049817,0.022082,0.928101
124,125,brain_tumor_figshare/125.mat,111077,2,0,Meningiom,1,Gliom,hayır,0.200381,0.760301,0.039319
125,126,brain_tumor_figshare/126.mat,111077,2,0,Meningiom,1,Gliom,hayır,0.223944,0.752786,0.023269
126,127,brain_tumor_figshare/127.mat,111077,2,0,Meningiom,1,Gliom,hayır,0.307874,0.670266,0.02186
127,128,brain_tumor_figshare/128.mat,111366,3,0,Meningiom,1,Gliom,hayır,0.481907,0.517057,0.001035
128,129,brain_tumor_figshare/129.mat,111366,3,0,Meningiom,0,Meningiom,evet,0.907421,0.091897,0.000681
129,130,brain_tumor_figshare/130.mat,111366,3,0,Meningiom,0,Meningiom,evet,0.781334,0.20593,0.012736
130,131,brain_tumor_figshare/131.mat,111366,3,0,Meningiom,1,Gliom,hayır,0.423607,0.537489,0.038904
131,132,brain_tumor_figshare/132.mat,111532,1,0,Meningiom,1,Gliom,hayır,0.180049,0.812837,0.007115
132,133,brain_tumor_figshare/133.mat,111532,1,0,Meningiom,1,Gliom,hayır,0.216892,0.778333,0.004776
133,134,brain_tumor_figshare/134.mat,111532,1,0,Meningiom,0,Meningiom,evet,0.568406,0.422205,0.009389
134,135,brain_tumor_figshare/135.mat,112002,2,0,Meningiom,1,Gliom,hayır,0.130831,0.850628,0.018541
135,136,brain_tumor_figshare/136.mat,112002,2,0,Meningiom,1,Gliom,hayır,0.24382,0.732413,0.023767
136,137,brain_tumor_figshare/137.mat,112002,2,0,Meningiom,1,Gliom,hayır,0.336786,0.652221,0.010992
137,138,brain_tumor_figshare/138.mat,112002,2,0,Meningiom,1,Gliom,hayır,0.264312,0.729264,0.006425
138,139,brain_tumor_figshare/139.mat,112062,4,0,Meningiom,0,Meningiom,evet,0.690994,0.305872,0.003134
139,140,brain_tumor_figshare/140.mat,112062,4,0,Meningiom,0,Meningiom,evet,0.757391,0.240711,0.001898
140,141,brain_tumor_figshare/141.mat,112062,4,0,Meningiom,0,Meningiom,evet,0.973631,0.024665,0.001704
141,142,brain_tumor_figshare/142.mat,112252,1,0,Meningiom,1,Gliom,hayır,0.451619,0.543923,0.004458
142,143,brain_tumor_figshare/143.mat,112252,1,0,Meningiom,0,Meningiom,evet,0.618116,0.37141,0.010474
143,144,brain_tumor_figshare/144.mat,112552,2,0,Meningiom,1,Gliom,hayır,0.288715,0.670454,0.040831
144,145,brain_tumor_figshare/145.mat,112552,2,0,Meningiom,1,Gliom,hayır,0.339766,0.624304,0.03593
145,146,brain_tumor_figshare/146.mat,112552,2,0,Meningiom,1,Gliom,hayır,0.327204,0.648011,0.024785
146,147,brain_tumor_figshare/147.mat,112552,2,0,Meningiom,1,Gliom,hayır,0.44603,0.535293,0.018677
147,148,brain_tumor_figshare/148.mat,112552,2,0,Meningiom,1,Gliom,hayır,0.484504,0.500345,0.015151
148,149,brain_tumor_figshare/149.mat,112552,2,0,Meningiom,1,Gliom,hayır,0.486134,0.500584,0.013281
149,150,brain_tumor_figshare/150.mat,112552,2,0,Meningiom,1,Gliom,hayır,0.468746,0.518016,0.013238
150,151,brain_tumor_figshare/151.mat,112648,3,0,Meningiom,1,Gliom,hayır,0.008921,0.982431,0.008648
151,152,brain_tumor_figshare/152.mat,112648,3,0,Meningiom,1,Gliom,hayır,0.001034,0.997049,0.001917
152,153,brain_tumor_figshare/153.mat,112648,3,0,Meningiom,1,Gliom,hayır,0.004882,0.989376,0.005742
153,154,brain_tumor_figshare/154.mat,113435,5,0,Meningiom,1,Gliom,hayır,0.445764,0.533267,0.020968
154,155,brain_tumor_figshare/155.mat,113435,5,0,Meningiom,0,Meningiom,evet,0.661237,0.325099,0.013664
155,156,brain_tumor_figshare/156.mat,113435,5,0,Meningiom,0,Meningiom,evet,0.86099,0.134249,0.004761
156,157,brain_tumor_figshare/157.mat,113435,5,0,Meningiom,0,Meningiom,evet,0.947801,0.050236,0.001963
157,158,brain_tumor_figshare/158.mat,113435,5,0,Meningiom,0,Meningiom,evet,0.973054,0.025967,0.00098
158,159,brain_tumor_figshare/159.mat,113435,5,0,Meningiom,1,Gliom,hayır,0.487334,0.507803,0.004864
159,160,brain_tumor_figshare/160.mat,113554,5,0,Meningiom,0,Meningiom,evet,0.629839,0.35653,0.013631
160,161,brain_tumor_figshare/161.mat,113554,5,0,Meningiom,0,Meningiom,evet,0.500714,0.470425,0.028862
161,162,brain_tumor_figshare/162.mat,113554,5,0,Meningiom,0,Meningiom,evet,0.771361,0.201793,0.026846
162,163,brain_tumor_figshare/163.mat,113805,2,0,Meningiom,0,Meningiom,evet,0.542458,0.446686,0.010856
163,164,brain_tumor_figshare/164.mat,114018,2,0,Meningiom,1,Gliom,hayır,0.078227,0.562764,0.359009
164,165,brain_tumor_figshare/165.mat,114018,2,0,Meningiom,2,Hipofiz tümörü,hayır,0.096893,0.306462,0.596645
165,166,brain_tumor_figshare/166.mat,114018,2,0,Meningiom,2,Hipofiz tümörü,hayır,0.132856,0.168265,0.698879
166,167,brain_tumor_figshare/167.mat,114018,2,0,Meningiom,2,Hipofiz tümörü,hayır,0.160136,0.148458,0.691406
167,168,brain_tumor_figshare/168.mat,114018,2,0,Meningiom,2,Hipofiz tümörü,hayır,0.178153,0.170594,0.651253
168,169,brain_tumor_figshare/169.mat,114359,2,0,Meningiom,1,Gliom,hayır,0.248781,0.732455,0.018764
169,170,brain_tumor_figshare/170.mat,114359,2,0,Meningiom,1,Gliom,hayır,0.3413,0.646624,0.012076
170,171,brain_tumor_figshare/171.mat,114359,2,0,Meningiom,1,Gliom,hayır,0.359783,0.630596,0.009621
171,172,brain_tumor_figshare/172.mat,114359,2,0,Meningiom,1,Gliom,hayır,0.385,0.603549,0.011452
172,173,brain_tumor_figshare/173.mat,114359,2,0,Meningiom,1,Gliom,hayır,0.397635,0.591795,0.01057
173,174,brain_tumor_figshare/174.mat,114359,2,0,Meningiom,1,Gliom,hayır,0.449526,0.541155,0.00932
174,175,brain_tumor_figshare/175.mat,97607,1,0,Meningiom,0,Meningiom,evet,0.716995,0.276211,0.006794
175,176,brain_tumor_figshare/176.mat,97607,1,0,Meningiom,0,Meningiom,evet,0.520607,0.474173,0.00522
176,177,brain_tumor_figshare/177.mat,97607,1,0,Meningiom,0,Meningiom,evet,0.524237,0.471984,0.003779
177,178,brain_tumor_figshare/178.mat,97607,1,0,Meningiom,0,Meningiom,evet,0.702333,0.29265,0.005017
178,179,brain_tumor_figshare/179.mat,97607,1,0,Meningiom,0,Meningiom,evet,0.745535,0.234868,0.019598
179,180,brain_tumor_figshare/180.mat,97737,1,0,Meningiom,1,Gliom,hayır,0.168698,0.826327,0.004974
180,181,brain_tumor_figshare/181.mat,97737,1,0,Meningiom,0,Meningiom,evet,0.572919,0.419403,0.007678
181,182,brain_tumor_figshare/182.mat,97737,1,0,Meningiom,0,Meningiom,evet,0.759468,0.235412,0.00512
182,183,brain_tumor_figshare/183.mat,97737,1,0,Meningiom,0,Meningiom,evet,0.713532,0.279915,0.006553
183,184,brain_tumor_figshare/184.mat,97875,4,0,Meningiom,1,Gliom,hayır,0.275635,0.668749,0.055616
184,185,brain_tumor_figshare/185.mat,97875,4,0,Meningiom,1,Gliom,hayır,0.408646,0.551759,0.039595
185,186,brain_tumor_figshare/186.mat,97875,4,0,Meningiom,1,Gliom,hayır,0.308129,0.667836,0.024034
186,187,brain_tumor_figshare/187.mat,97943,3,0,Meningiom,0,Meningiom,evet,0.980714,0.008417,0.010868
187,188,brain_tumor_figshare/188.mat,97943,3,0,Meningiom,1,Gliom,hayır,0.207782,0.748466,0.043752
188,189,brain_tumor_figshare/189.mat,97943,3,0,Meningiom,1,Gliom,hayır,0.090067,0.905591,0.004342
189,190,brain_tumor_figshare/190.mat,97943,3,0,Meningiom,1,Gliom,hayır,0.402429,0.588509,0.009062
190,191,brain_tumor_figshare/191.mat,97943,3,0,Meningiom,0,Meningiom,evet,0.585232,0.411087,0.003681
191,192,brain_tumor_figshare/192.mat,98241,2,0,Meningiom,1,Gliom,hayır,0.212716,0.729161,0.058123
192,193,brain_tumor_figshare/193.mat,98241,2,0,Meningiom,1,Gliom,hayır,0.22177,0.747403,0.030827
193,194,brain_tumor_figshare/194.mat,98241,2,0,Meningiom,1,Gliom,hayır,0.384158,0.594347,0.021496
194,195,brain_tumor_figshare/195.mat,98241,2,0,Meningiom,0,Meningiom,evet,0.563321,0.419994,0.016685
195,196,brain_tumor_figshare/196.mat,98241,2,0,Meningiom,0,Meningiom,evet,0.513737,0.465215,0.021048
196,197,brain_tumor_figshare/197.mat,98241,2,0,Meningiom,0,Meningiom,evet,0.522219,0.437501,0.04028
197,198,brain_tumor_figshare/198.mat,99017,1,0,Meningiom,1,Gliom,hayır,0.377204,0.397244,0.225552
198,199,brain_tumor_figshare/199.mat,99017,1,0,Meningiom,2,Hipofiz tümörü,hayır,0.284242,0.280898,0.43486
199,200,brain_tumor_figshare/200.mat,99089,5,0,Meningiom,1,Gliom,hayır,0.201008,0.793166,0.005826
200,201,brain_tumor_figshare/201.mat,99089,5,0,Meningiom,1,Gliom,hayır,0.338881,0.656869,0.00425
201,202,brain_tumor_figshare/202.mat,99089,5,0,Meningiom,1,Gliom,hayır,0.408599,0.587138,0.004263
202,203,brain_tumor_figshare/203.mat,99288,2,0,Meningiom,1,Gliom,hayır,0.486338,0.499207,0.014455
203,204,brain_tumor_figshare/204.mat,99308,2,0,Meningiom,0,Meningiom,evet,0.515512,0.436536,0.047952
204,205,brain_tumor_figshare/205.mat,99308,2,0,Meningiom,0,Meningiom,evet,0.549055,0.419706,0.03124
205,206,brain_tumor_figshare/206.mat,99308,2,0,Meningiom,1,Gliom,hayır,0.477073,0.504787,0.01814
206,207,brain_tumor_figshare/207.mat,99308,2,0,Meningiom,1,Gliom,hayır,0.471205,0.515489,0.013306
207,208,brain_tumor_figshare/208.mat,99308,2,0,Meningiom,0,Meningiom,evet,0.638743,0.343948,0.01731
208,209,brain_tumor_figshare/209.mat,100820,3,1,Gliom,1,Gliom,evet,0.193854,0.777317,0.028829
209,210,brain_tumor_figshare/210.mat,100820,3,1,Gliom,1,Gliom,evet,0.0308,0.953681,0.01552
210,211,brain_tumor_figshare/211.mat,100360,5,0,Meningiom,1,Gliom,hayır,0.09512,0.894147,0.010733
211,212,brain_tumor_figshare/212.mat,100360,5,0,Meningiom,1,Gliom,hayır,0.081379,0.913241,0.00538
212,213,brain_tumor_figshare/213.mat,100360,5,0,Meningiom,1,Gliom,hayır,0.161159,0.83317,0.00567
213,214,brain_tumor_figshare/214.mat,100360,5,0,Meningiom,1,Gliom,hayır,0.299879,0.687208,0.012913
214,215,brain_tumor_figshare/215.mat,100360,5,0,Meningiom,1,Gliom,hayır,0.238522,0.74267,0.018808
215,216,brain_tumor_figshare/216.mat,100360,5,0,Meningiom,1,Gliom,hayır,0.146654,0.800511,0.052834
216,217,brain_tumor_figshare/217.mat,100360,5,0,Meningiom,1,Gliom,hayır,0.259401,0.685553,0.055045
217,218,brain_tumor_figshare/218.mat,100572,3,0,Meningiom,0,Meningiom,evet,0.90695,0.076749,0.016301
218,219,brain_tumor_figshare/219.mat,100572,3,0,Meningiom,0,Meningiom,evet,0.752309,0.125829,0.121863
219,220,brain_tumor_figshare/220.mat,100572,3,0,Meningiom,0,Meningiom,evet,0.846576,0.041634,0.11179
220,221,brain_tumor_figshare/221.mat,101016,4,0,Meningiom,0,Meningiom,evet,0.801887,0.194528,0.003586
221,222,brain_tumor_figshare/222.mat,101016,4,0,Meningiom,0,Meningiom,evet,0.513595,0.47968,0.006725
222,223,brain_tumor_figshare/223.mat,101016,4,0,Meningiom,1,Gliom,hayır,0.359042,0.629758,0.0112
223,224,brain_tumor_figshare/224.mat,101016,4,0,Meningiom,1,Gliom,hayır,0.195218,0.786628,0.018154
224,225,brain_tumor_figshare/225.mat,101016,4,0,Meningiom,1,Gliom,hayır,0.241821,0.732743,0.025436
225,226,brain_tumor_figshare/226.mat,101016,4,0,Meningiom,1,Gliom,hayır,0.200116,0.77493,0.024954
226,227,brain_tumor_figshare/227.mat,101127,4,0,Meningiom,1,Gliom,hayır,0.468274,0.486115,0.045611
227,228,brain_tumor_figshare/228.mat,101127,4,0,Meningiom,0,Meningiom,evet,0.498713,0.424539,0.076748
228,229,brain_tumor_figshare/229.mat,101127,4,0,Meningiom,1,Gliom,hayır,0.316855,0.573774,0.109371
229,230,brain_tumor_figshare/230.mat,101127,4,0,Meningiom,1,Gliom,hayır,0.390817,0.46867,0.140512
230,231,brain_tumor_figshare/231.mat,101797,5,0,Meningiom,1,Gliom,hayır,0.153351,0.805957,0.040692
231,232,brain_tumor_figshare/232.mat,101797,5,0,Meningiom,1,Gliom,hayır,0.145555,0.839198,0.015247
232,233,brain_tumor_figshare/233.mat,101797,5,0,Meningiom,1,Gliom,hayır,0.226215,0.756889,0.016896
233,234,brain_tumor_figshare/234.mat,101797,5,0,Meningiom,1,Gliom,hayır,0.153228,0.821743,0.025029
234,235,brain_tumor_figshare/235.mat,101797,5,0,Meningiom,1,Gliom,hayır,0.107276,0.858256,0.034468
235,236,brain_tumor_figshare/236.mat,102420,1,0,Meningiom,0,Meningiom,evet,0.483812,0.478875,0.037313
236,237,brain_tumor_figshare/237.mat,102420,1,0,Meningiom,0,Meningiom,evet,0.509363,0.386082,0.104555
237,238,brain_tumor_figshare/238.mat,102420,1,0,Meningiom,0,Meningiom,evet,0.531797,0.309846,0.158356
238,239,brain_tumor_figshare/239.mat,102446,3,0,Meningiom,0,Meningiom,evet,0.829202,0.094472,0.076325
239,240,brain_tumor_figshare/240.mat,102675,1,0,Meningiom,1,Gliom,hayır,0.415992,0.537944,0.046064
240,241,brain_tumor_figshare/241.mat,102675,1,0,Meningiom,0,Meningiom,evet,0.487976,0.466809,0.045215
241,242,brain_tumor_figshare/242.mat,102714,5,0,Meningiom,0,Meningiom,evet,0.677548,0.296255,0.026197
242,243,brain_tumor_figshare/243.mat,102714,5,0,Meningiom,0,Meningiom,evet,0.581532,0.388777,0.029691
243,244,brain_tumor_figshare/244.mat,102714,5,0,Meningiom,0,Meningiom,evet,0.752994,0.228517,0.018489
244,245,brain_tumor_figshare/245.mat,102714,5,0,Meningiom,0,Meningiom,evet,0.883676,0.11031,0.006014
245,246,brain_tumor_figshare/246.mat,102929,2,0,Meningiom,2,Hipofiz tümörü,hayır,0.203063,0.243247,0.55369
246,247,brain_tumor_figshare/247.mat,102929,2,0,Meningiom,2,Hipofiz tümörü,hayır,0.169351,0.170297,0.660352
247,248,brain_tumor_figshare/248.mat,102929,2,0,Meningiom,2,Hipofiz tümörü,hayır,0.1463,0.184554,0.669146
248,249,brain_tumor_figshare/249.mat,102929,2,0,Meningiom,2,Hipofiz tümörü,hayır,0.208811,0.237389,0.5538
249,250,brain_tumor_figshare/250.mat,102929,2,0,Meningiom,2,Hipofiz tümörü,hayır,0.201453,0.261357,0.53719
250,251,brain_tumor_figshare/251.mat,102929,2,0,Meningiom,2,Hipofiz tümörü,hayır,0.15483,0.202873,0.642297
251,252,brain_tumor_figshare/252.mat,102935,1,0,Meningiom,0,Meningiom,evet,0.825007,0.158936,0.016058
252,253,brain_tumor_figshare/253.mat,102985,4,0,Meningiom,1,Gliom,hayır,0.362839,0.60252,0.03464
253,254,brain_tumor_figshare/254.mat,103673,5,0,Meningiom,2,Hipofiz tümörü,hayır,0.030719,0.018919,0.950362
254,255,brain_tumor_figshare/255.mat,103673,5,0,Meningiom,2,Hipofiz tümörü,hayır,0.009001,0.007144,0.983855
255,256,brain_tumor_figshare/256.mat,103673,5,0,Meningiom,2,Hipofiz tümörü,hayır,0.0092,0.00368,0.98712
256,257,brain_tumor_figshare/257.mat,103673,5,0,Meningiom,2,Hipofiz tümörü,hayır,0.016587,0.00186,0.981553
257,258,brain_tumor_figshare/258.mat,103673,5,0,Meningiom,2,Hipofiz tümörü,hayır,0.009514,0.001031,0.989455
258,259,brain_tumor_figshare/259.mat,103673,5,0,Meningiom,2,Hipofiz tümörü,hayır,0.011547,0.00045,0.988003
259,260,brain_tumor_figshare/260.mat,103673,5,0,Meningiom,2,Hipofiz tümörü,hayır,0.034965,0.00053,0.964505
260,261,brain_tumor_figshare/261.mat,103925,4,0,Meningiom,0,Meningiom,evet,0.507225,0.23829,0.254485
261,262,brain_tumor_figshare/262.mat,103925,4,0,Meningiom,1,Gliom,hayır,0.293966,0.383077,0.322958
262,263,brain_tumor_figshare/263.mat,103925,4,0,Meningiom,0,Meningiom,evet,0.573699,0.288151,0.13815
263,264,brain_tumor_figshare/264.mat,103925,4,0,Meningiom,0,Meningiom,evet,0.455664,0.361361,0.182975
264,265,brain_tumor_figshare/265.mat,103925,4,0,Meningiom,0,Meningiom,evet,0.369889,0.302538,0.327573
265,266,brain_tumor_figshare/266.mat,103925,4,0,Meningiom,1,Gliom,hayır,0.373607,0.383544,0.242849
266,267,brain_tumor_figshare/267.mat,103925,4,0,Meningiom,2,Hipofiz tümörü,hayır,0.121315,0.36111,0.517575
267,268,brain_tumor_figshare/268.mat,103925,4,0,Meningiom,2,Hipofiz tümörü,hayır,0.367055,0.138115,0.49483
268,269,brain_tumor_figshare/269.mat,104167,3,0,Meningiom,0,Meningiom,evet,0.504578,0.493732,0.00169
269,270,brain_tumor_figshare/270.mat,104167,3,0,Meningiom,1,Gliom,hayır,0.236748,0.76082,0.002431
270,271,brain_tumor_figshare/271.mat,104167,3,0,Meningiom,0,Meningiom,evet,0.69807,0.301445,0.000485
271,272,brain_tumor_figshare/272.mat,104167,3,0,Meningiom,1,Gliom,hayır,0.157911,0.840963,0.001126
272,273,brain_tumor_figshare/273.mat,104167,3,0,Meningiom,1,Gliom,hayır,0.023221,0.97541,0.001369
273,274,brain_tumor_figshare/274.mat,104167,3,0,Meningiom,1,Gliom,hayır,0.014435,0.984825,0.00074
274,275,brain_tumor_figshare/275.mat,104281,3,0,Meningiom,0,Meningiom,evet,0.952728,0.046756,0.000516
275,276,brain_tumor_figshare/276.mat,104281,3,0,Meningiom,0,Meningiom,evet,0.948685,0.049895,0.00142
276,277,brain_tumor_figshare/277.mat,104281,3,0,Meningiom,1,Gliom,hayır,0.294418,0.701988,0.003594
277,278,brain_tumor_figshare/278.mat,104281,3,0,Meningiom,1,Gliom,hayır,0.183026,0.816143,0.00083
278,279,brain_tumor_figshare/279.mat,104281,3,0,Meningiom,1,Gliom,hayır,0.350833,0.647508,0.001659
279,280,brain_tumor_figshare/280.mat,104281,3,0,Meningiom,0,Meningiom,evet,0.697122,0.300549,0.002329
280,281,brain_tumor_figshare/281.mat,105374,4,0,Meningiom,0,Meningiom,evet,0.56411,0.406945,0.028945
281,282,brain_tumor_figshare/282.mat,105374,4,0,Meningiom,0,Meningiom,evet,0.663036,0.272429,0.064536
282,283,brain_tumor_figshare/283.mat,105555,5,0,Meningiom,1,Gliom,hayır,0.347193,0.597971,0.054835
283,284,brain_tumor_figshare/284.mat,105555,5,0,Meningiom,0,Meningiom,evet,0.503584,0.428913,0.067503
284,285,brain_tumor_figshare/285.mat,105555,5,0,Meningiom,1,Gliom,hayır,0.261203,0.673901,0.064896
285,286,brain_tumor_figshare/286.mat,105937,1,0,Meningiom,1,Gliom,hayır,0.336645,0.612307,0.051048
286,287,brain_tumor_figshare/287.mat,105937,1,0,Meningiom,1,Gliom,hayır,0.249548,0.692973,0.057479
287,288,brain_tumor_figshare/288.mat,105937,1,0,Meningiom,1,Gliom,hayır,0.047061,0.912848,0.04009
288,289,brain_tumor_figshare/289.mat,105937,1,0,Meningiom,1,Gliom,hayır,0.094364,0.845013,0.060622
289,290,brain_tumor_figshare/290.mat,106284,2,0,Meningiom,1,Gliom,hayır,0.441208,0.523964,0.034828
290,291,brain_tumor_figshare/291.mat,106284,2,0,Meningiom,0,Meningiom,evet,0.591178,0.234214,0.174608
291,292,brain_tumor_figshare/292.mat,106284,2,0,Meningiom,0,Meningiom,evet,0.574284,0.143686,0.282029
292,293,brain_tumor_figshare/293.mat,106284,2,0,Meningiom,0,Meningiom,evet,0.535568,0.097376,0.367056
293,294,brain_tumor_figshare/294.mat,106442,1,0,Meningiom,1,Gliom,hayır,0.459666,0.524615,0.015719
294,295,brain_tumor_figshare/295.mat,106442,1,0,Meningiom,0,Meningiom,evet,0.742998,0.240311,0.016692
295,296,brain_tumor_figshare/296.mat,106442,1,0,Meningiom,1,Gliom,hayır,0.270092,0.713384,0.016524
296,297,brain_tumor_figshare/297.mat,106534,4,0,Meningiom,0,Meningiom,evet,0.804626,0.184407,0.010967
297,298,brain_tumor_figshare/298.mat,106534,4,0,Meningiom,1,Gliom,hayır,0.364286,0.625723,0.009991
298,299,brain_tumor_figshare/299.mat,106665,3,0,Meningiom,0,Meningiom,evet,0.964393,0.029352,0.006255
299,300,brain_tumor_figshare/300.mat,106665,3,0,Meningiom,0,Meningiom,evet,0.945981,0.038895,0.015124
300,301,brain_tumor_figshare/301.mat,106665,3,0,Meningiom,0,Meningiom,evet,0.927229,0.054015,0.018756
301,302,brain_tumor_figshare/302.mat,106665,3,0,Meningiom,0,Meningiom,evet,0.804934,0.159891,0.035175
302,303,brain_tumor_figshare/303.mat,106665,3,0,Meningiom,0,Meningiom,evet,0.82475,0.150214,0.025036
303,304,brain_tumor_figshare/304.mat,106720,1,0,Meningiom,1,Gliom,hayır,0.382517,0.590788,0.026696
304,305,brain_tumor_figshare/305.mat,106720,1,0,Meningiom,1,Gliom,hayır,0.406035,0.564493,0.029472
305,306,brain_tumor_figshare/306.mat,106720,1,0,Meningiom,1,Gliom,hayır,0.36337,0.60613,0.0305
306,307,brain_tumor_figshare/307.mat,106720,1,0,Meningiom,1,Gliom,hayır,0.135194,0.851361,0.013445
307,308,brain_tumor_figshare/308.mat,106720,1,0,Meningiom,1,Gliom,hayır,0.145307,0.837972,0.016721
308,309,brain_tumor_figshare/309.mat,106720,1,0,Meningiom,1,Gliom,hayır,0.183197,0.783768,0.033036
309,310,brain_tumor_figshare/310.mat,106720,1,0,Meningiom,1,Gliom,hayır,0.263502,0.709843,0.026655
310,311,brain_tumor_figshare/311.mat,106914,2,0,Meningiom,1,Gliom,hayır,0.317316,0.632326,0.050358
311,312,brain_tumor_figshare/312.mat,106914,2,0,Meningiom,1,Gliom,hayır,0.466827,0.504864,0.028309
312,313,brain_tumor_figshare/313.mat,106914,2,0,Meningiom,0,Meningiom,evet,0.601382,0.365903,0.032715
313,314,brain_tumor_figshare/314.mat,106914,2,0,Meningiom,0,Meningiom,evet,0.628517,0.307948,0.063535
314,315,brain_tumor_figshare/315.mat,107190,5,0,Meningiom,0,Meningiom,evet,0.777468,0.157604,0.064928
315,316,brain_tumor_figshare/316.mat,107248,5,0,Meningiom,0,Meningiom,evet,0.642761,0.218363,0.138876
316,317,brain_tumor_figshare/317.mat,107248,5,0,Meningiom,0,Meningiom,evet,0.655179,0.19215,0.152671
317,318,brain_tumor_figshare/318.mat,107248,5,0,Meningiom,1,Gliom,hayır,0.198207,0.627896,0.173897
318,319,brain_tumor_figshare/319.mat,107248,5,0,Meningiom,1,Gliom,hayır,0.168528,0.732958,0.098514
319,320,brain_tumor_figshare/320.mat,107494,4,0,Meningiom,0,Meningiom,evet,0.924397,0.069419,0.006184
320,321,brain_tumor_figshare/321.mat,107494,4,0,Meningiom,0,Meningiom,evet,0.896066,0.096072,0.007862
321,322,brain_tumor_figshare/322.mat,107494,4,0,Meningiom,0,Meningiom,evet,0.902639,0.090975,0.006386
322,323,brain_tumor_figshare/323.mat,107494,4,0,Meningiom,0,Meningiom,evet,0.940632,0.051511,0.007857
323,324,brain_tumor_figshare/324.mat,107494,4,0,Meningiom,0,Meningiom,evet,0.858176,0.122899,0.018925
324,325,brain_tumor_figshare/325.mat,107494,4,0,Meningiom,0,Meningiom,evet,0.627109,0.324022,0.048869
325,326,brain_tumor_figshare/326.mat,108514,5,0,Meningiom,1,Gliom,hayır,0.151086,0.815131,0.033784
326,327,brain_tumor_figshare/327.mat,108514,5,0,Meningiom,1,Gliom,hayır,0.145198,0.788803,0.065998
327,328,brain_tumor_figshare/328.mat,108514,5,0,Meningiom,1,Gliom,hayır,0.093766,0.834871,0.071364
328,329,brain_tumor_figshare/329.mat,108514,5,0,Meningiom,1,Gliom,hayır,0.110289,0.863083,0.026628
329,330,brain_tumor_figshare/330.mat,108514,5,0,Meningiom,1,Gliom,hayır,0.077177,0.909995,0.012827
330,331,brain_tumor_figshare/331.mat,108514,5,0,Meningiom,1,Gliom,hayır,0.113151,0.873345,0.013504
331,332,brain_tumor_figshare/332.mat,108550,5,0,Meningiom,0,Meningiom,evet,0.945611,0.046614,0.007775
332,333,brain_tumor_figshare/333.mat,108550,5,0,Meningiom,0,Meningiom,evet,0.882065,0.11457,0.003364
333,334,brain_tumor_figshare/334.mat,108590,3,0,Meningiom,0,Meningiom,evet,0.816965,0.182903,0.000132
334,335,brain_tumor_figshare/335.mat,108590,3,0,Meningiom,0,Meningiom,evet,0.668879,0.330143,0.000977
335,336,brain_tumor_figshare/336.mat,108945,4,0,Meningiom,0,Meningiom,evet,0.634516,0.356562,0.008923
336,337,brain_tumor_figshare/337.mat,108945,4,0,Meningiom,1,Gliom,hayır,0.374132,0.617412,0.008456
337,338,brain_tumor_figshare/338.mat,108945,4,0,Meningiom,0,Meningiom,evet,0.678131,0.318005,0.003864
338,339,brain_tumor_figshare/339.mat,108945,4,0,Meningiom,1,Gliom,hayır,0.489181,0.507764,0.003056
339,340,brain_tumor_figshare/340.mat,109411,3,0,Meningiom,0,Meningiom,evet,0.644717,0.354439,0.000844
340,341,brain_tumor_figshare/341.mat,109968,3,0,Meningiom,1,Gliom,hayır,0.132062,0.867148,0.000791
341,342,brain_tumor_figshare/342.mat,109968,3,0,Meningiom,1,Gliom,hayır,0.293353,0.698741,0.007906
342,343,brain_tumor_figshare/343.mat,109968,3,0,Meningiom,0,Meningiom,evet,0.971852,0.019318,0.00883
343,344,brain_tumor_figshare/344.mat,109968,3,0,Meningiom,0,Meningiom,evet,0.995567,0.003653,0.00078
344,345,brain_tumor_figshare/345.mat,110116,5,0,Meningiom,2,Hipofiz tümörü,hayır,0.186861,0.073584,0.739555
345,346,brain_tumor_figshare/346.mat,110116,5,0,Meningiom,2,Hipofiz tümörü,hayır,0.217351,0.024328,0.758321
346,347,brain_tumor_figshare/347.mat,110116,5,0,Meningiom,2,Hipofiz tümörü,hayır,0.190333,0.019577,0.790091
347,348,brain_tumor_figshare/348.mat,110116,5,0,Meningiom,2,Hipofiz tümörü,hayır,0.083466,0.018093,0.898441
348,349,brain_tumor_figshare/349.mat,111077,2,0,Meningiom,1,Gliom,hayır,0.21439,0.729016,0.056594
349,350,brain_tumor_figshare/350.mat,111077,2,0,Meningiom,1,Gliom,hayır,0.219956,0.71555,0.064494
350,351,brain_tumor_figshare/351.mat,111077,2,0,Meningiom,1,Gliom,hayır,0.298065,0.610418,0.091517
351,352,brain_tumor_figshare/352.mat,111077,2,0,Meningiom,1,Gliom,hayır,0.355026,0.535287,0.109687
352,353,brain_tumor_figshare/353.mat,111366,3,0,Meningiom,0,Meningiom,evet,0.880471,0.097318,0.02221
353,354,brain_tumor_figshare/354.mat,111366,3,0,Meningiom,0,Meningiom,evet,0.845129,0.128715,0.026156
354,355,brain_tumor_figshare/355.mat,111366,3,0,Meningiom,1,Gliom,hayır,0.364413,0.620987,0.0146
355,356,brain_tumor_figshare/356.mat,111366,3,0,Meningiom,0,Meningiom,evet,0.740933,0.24464,0.014428
356,357,brain_tumor_figshare/357.mat,111532,1,0,Meningiom,0,Meningiom,evet,0.627121,0.356974,0.015905
357,358,brain_tumor_figshare/358.mat,111532,1,0,Meningiom,0,Meningiom,evet,0.5666,0.419698,0.013702
358,359,brain_tumor_figshare/359.mat,111532,1,0,Meningiom,0,Meningiom,evet,0.632766,0.353348,0.013886
359,360,brain_tumor_figshare/360.mat,111532,1,0,Meningiom,0,Meningiom,evet,0.701896,0.282029,0.016075
360,361,brain_tumor_figshare/361.mat,111532,1,0,Meningiom,0,Meningiom,evet,0.641884,0.342444,0.015671
361,362,brain_tumor_figshare/362.mat,112002,2,0,Meningiom,1,Gliom,hayır,0.324185,0.651415,0.0244
362,363,brain_tumor_figshare/363.mat,112002,2,0,Meningiom,1,Gliom,hayır,0.296304,0.658134,0.045563
363,364,brain_tumor_figshare/364.mat,112002,2,0,Meningiom,1,Gliom,hayır,0.321094,0.575982,0.102924
364,365,brain_tumor_figshare/365.mat,112002,2,0,Meningiom,1,Gliom,hayır,0.312035,0.54058,0.147385
365,366,brain_tumor_figshare/366.mat,112062,4,0,Meningiom,0,Meningiom,evet,0.658675,0.326699,0.014626
366,367,brain_tumor_figshare/367.mat,112062,4,0,Meningiom,0,Meningiom,evet,0.686099,0.305922,0.007978
367,368,brain_tumor_figshare/368.mat,112062,4,0,Meningiom,1,Gliom,hayır,0.367966,0.626229,0.005805
368,369,brain_tumor_figshare/369.mat,112062,4,0,Meningiom,1,Gliom,hayır,0.331179,0.662392,0.00643
369,370,brain_tumor_figshare/370.mat,112252,1,0,Meningiom,1,Gliom,hayır,0.085724,0.900838,0.013437
370,371,brain_tumor_figshare/371.mat,112252,1,0,Meningiom,1,Gliom,hayır,0.137534,0.816582,0.045884
371,372,brain_tumor_figshare/372.mat,112552,2,0,Meningiom,0,Meningiom,evet,0.493697,0.483278,0.023025
372,373,brain_tumor_figshare/373.mat,112552,2,0,Meningiom,1,Gliom,hayır,0.429868,0.538654,0.031479
373,374,brain_tumor_figshare/374.mat,112552,2,0,Meningiom,1,Gliom,hayır,0.363429,0.609491,0.02708
374,375,brain_tumor_figshare/375.mat,112552,2,0,Meningiom,1,Gliom,hayır,0.333154,0.626355,0.040491
375,376,brain_tumor_figshare/376.mat,112552,2,0,Meningiom,1,Gliom,hayır,0.354127,0.587751,0.058121
376,377,brain_tumor_figshare/377.mat,112552,2,0,Meningiom,1,Gliom,hayır,0.353308,0.572681,0.074011
377,378,brain_tumor_figshare/378.mat,112552,2,0,Meningiom,1,Gliom,hayır,0.358102,0.56088,0.081018
378,379,brain_tumor_figshare/379.mat,112648,3,0,Meningiom,1,Gliom,hayır,0.395859,0.598387,0.005754
379,380,brain_tumor_figshare/380.mat,112648,3,0,Meningiom,1,Gliom,hayır,0.38853,0.599115,0.012355
380,381,brain_tumor_figshare/381.mat,112648,3,0,Meningiom,0,Meningiom,evet,0.612531,0.366761,0.020707
381,382,brain_tumor_figshare/382.mat,113435,5,0,Meningiom,0,Meningiom,evet,0.634641,0.354767,0.010592
382,383,brain_tumor_figshare/383.mat,113435,5,0,Meningiom,1,Gliom,hayır,0.433391,0.558031,0.008577
383,384,brain_tumor_figshare/384.mat,113435,5,0,Meningiom,1,Gliom,hayır,0.250646,0.740008,0.009346
384,385,brain_tumor_figshare/385.mat,113435,5,0,Meningiom,1,Gliom,hayır,0.223827,0.76038,0.015794
385,386,brain_tumor_figshare/386.mat,113435,5,0,Meningiom,0,Meningiom,evet,0.57304,0.415268,0.011692
386,387,brain_tumor_figshare/387.mat,113435,5,0,Meningiom,0,Meningiom,evet,0.621874,0.363198,0.014928
387,388,brain_tumor_figshare/388.mat,113435,5,0,Meningiom,0,Meningiom,evet,0.606543,0.380007,0.01345
388,389,brain_tumor_figshare/389.mat,113435,5,0,Meningiom,0,Meningiom,evet,0.5628,0.415422,0.021777
389,390,brain_tumor_figshare/390.mat,113554,5,0,Meningiom,0,Meningiom,evet,0.612587,0.373329,0.014084
390,391,brain_tumor_figshare/391.mat,113554,5,0,Meningiom,0,Meningiom,evet,0.504957,0.479772,0.015271
391,392,brain_tumor_figshare/392.mat,113554,5,0,Meningiom,0,Meningiom,evet,0.627894,0.349146,0.02296
392,393,brain_tumor_figshare/393.mat,113805,2,0,Meningiom,1,Gliom,hayır,0.438776,0.489821,0.071403
393,394,brain_tumor_figshare/394.mat,113805,2,0,Meningiom,1,Gliom,hayır,0.43689,0.481088,0.082022
394,395,brain_tumor_figshare/395.mat,114018,2,0,Meningiom,2,Hipofiz tümörü,hayır,0.249108,0.20584,0.545052
395,396,brain_tumor_figshare/396.mat,114018,2,0,Meningiom,2,Hipofiz tümörü,hayır,0.304417,0.206002,0.489581
396,397,brain_tumor_figshare/397.mat,114018,2,0,Meningiom,2,Hipofiz tümörü,hayır,0.231601,0.295026,0.473373
397,398,brain_tumor_figshare/398.mat,114018,2,0,Meningiom,2,Hipofiz tümörü,hayır,0.273074,0.231096,0.49583
398,399,brain_tumor_figshare/399.mat,114359,2,0,Meningiom,0,Meningiom,evet,0.668517,0.263694,0.067789
399,400,brain_tumor_figshare/400.mat,114359,2,0,Meningiom,0,Meningiom,evet,0.716522,0.244959,0.03852
400,401,brain_tumor_figshare/401.mat,114359,2,0,Meningiom,0,Meningiom,evet,0.703,0.275024,0.021976
401,402,brain_tumor_figshare/402.mat,114359,2,0,Meningiom,0,Meningiom,evet,0.71139,0.270444,0.018166
402,403,brain_tumor_figshare/403.mat,114359,2,0,Meningiom,0,Meningiom,evet,0.636481,0.342573,0.020945
403,404,brain_tumor_figshare/404.mat,114359,2,0,Meningiom,1,Gliom,hayır,0.47392,0.494937,0.031143
404,405,brain_tumor_figshare/405.mat,97607,1,0,Meningiom,0,Meningiom,evet,0.705438,0.266644,0.027918
405,406,brain_tumor_figshare/406.mat,97607,1,0,Meningiom,0,Meningiom,evet,0.621152,0.364512,0.014337
406,407,brain_tumor_figshare/407.mat,97607,1,0,Meningiom,1,Gliom,hayır,0.463204,0.522723,0.014073
407,408,brain_tumor_figshare/408.mat,97737,1,0,Meningiom,1,Gliom,hayır,0.322483,0.604312,0.073205
408,409,brain_tumor_figshare/409.mat,97737,1,0,Meningiom,1,Gliom,hayır,0.286858,0.631075,0.082067
409,410,brain_tumor_figshare/410.mat,97737,1,0,Meningiom,0,Meningiom,evet,0.459747,0.445236,0.095018
410,411,brain_tumor_figshare/411.mat,97737,1,0,Meningiom,0,Meningiom,evet,0.632558,0.303959,0.063483
411,412,brain_tumor_figshare/412.mat,97737,1,0,Meningiom,0,Meningiom,evet,0.629686,0.331614,0.0387
412,413,brain_tumor_figshare/413.mat,97737,1,0,Meningiom,0,Meningiom,evet,0.793781,0.181297,0.024922
413,414,brain_tumor_figshare/414.mat,97875,4,0,Meningiom,0,Meningiom,evet,0.812584,0.114979,0.072438
414,415,brain_tumor_figshare/415.mat,97875,4,0,Meningiom,0,Meningiom,evet,0.788304,0.140543,0.071153
415,416,brain_tumor_figshare/416.mat,97875,4,0,Meningiom,0,Meningiom,evet,0.75754,0.152241,0.090219
416,417,brain_tumor_figshare/417.mat,97875,4,0,Meningiom,0,Meningiom,evet,0.803717,0.129047,0.067236
417,418,brain_tumor_figshare/418.mat,97943,3,0,Meningiom,0,Meningiom,evet,0.775725,0.223954,0.000321
418,419,brain_tumor_figshare/419.mat,97943,3,0,Meningiom,0,Meningiom,evet,0.993874,0.005916,0.00021
419,420,brain_tumor_figshare/420.mat,97943,3,0,Meningiom,1,Gliom,hayır,0.13671,0.851673,0.011617
420,421,brain_tumor_figshare/421.mat,97943,3,0,Meningiom,1,Gliom,hayır,0.26362,0.735608,0.000772
421,422,brain_tumor_figshare/422.mat,97943,3,0,Meningiom,0,Meningiom,evet,0.998967,0.00068,0.000353
422,423,brain_tumor_figshare/423.mat,98241,2,0,Meningiom,1,Gliom,hayır,0.314976,0.556608,0.128416
423,424,brain_tumor_figshare/424.mat,98241,2,0,Meningiom,1,Gliom,hayır,0.319656,0.533396,0.146949
424,425,brain_tumor_figshare/425.mat,98241,2,0,Meningiom,1,Gliom,hayır,0.241771,0.556166,0.202063
425,426,brain_tumor_figshare/426.mat,98241,2,0,Meningiom,1,Gliom,hayır,0.259127,0.378339,0.362533
426,427,brain_tumor_figshare/427.mat,98241,2,0,Meningiom,1,Gliom,hayır,0.341994,0.386604,0.271402
427,428,brain_tumor_figshare/428.mat,98241,2,0,Meningiom,0,Meningiom,evet,0.490659,0.326788,0.182554
428,429,brain_tumor_figshare/429.mat,98241,2,0,Meningiom,1,Gliom,hayır,0.438619,0.458782,0.102599
429,430,brain_tumor_figshare/430.mat,99017,1,0,Meningiom,1,Gliom,hayır,0.234901,0.568946,0.196153
430,431,brain_tumor_figshare/431.mat,99017,1,0,Meningiom,0,Meningiom,evet,0.474638,0.469532,0.055829
431,432,brain_tumor_figshare/432.mat,99089,5,0,Meningiom,0,Meningiom,evet,0.651438,0.143074,0.205488
432,433,brain_tumor_figshare/433.mat,99089,5,0,Meningiom,0,Meningiom,evet,0.52866,0.199282,0.272058
433,434,brain_tumor_figshare/434.mat,99089,5,0,Meningiom,0,Meningiom,evet,0.485891,0.212835,0.301275
434,435,brain_tumor_figshare/435.mat,99089,5,0,Meningiom,0,Meningiom,evet,0.46039,0.246781,0.292829
435,436,brain_tumor_figshare/436.mat,99089,5,0,Meningiom,0,Meningiom,evet,0.46981,0.215609,0.314582
436,437,brain_tumor_figshare/437.mat,99288,2,0,Meningiom,1,Gliom,hayır,0.406852,0.555389,0.037759
437,438,brain_tumor_figshare/438.mat,99308,2,0,Meningiom,0,Meningiom,evet,0.362743,0.341748,0.29551
438,439,brain_tumor_figshare/439.mat,99308,2,0,Meningiom,0,Meningiom,evet,0.454978,0.301262,0.24376
439,440,brain_tumor_figshare/440.mat,99308,2,0,Meningiom,0,Meningiom,evet,0.535884,0.219884,0.244232
440,441,brain_tumor_figshare/441.mat,99308,2,0,Meningiom,0,Meningiom,evet,0.574837,0.210091,0.215072
441,442,brain_tumor_figshare/442.mat,100360,5,0,Meningiom,1,Gliom,hayır,0.266976,0.725423,0.007601
442,443,brain_tumor_figshare/443.mat,100360,5,0,Meningiom,1,Gliom,hayır,0.070664,0.918201,0.011135
443,444,brain_tumor_figshare/444.mat,100360,5,0,Meningiom,1,Gliom,hayır,0.056948,0.925333,0.017719
444,445,brain_tumor_figshare/445.mat,100360,5,0,Meningiom,1,Gliom,hayır,0.058769,0.907738,0.033493
445,446,brain_tumor_figshare/446.mat,100360,5,0,Meningiom,1,Gliom,hayır,0.169386,0.783107,0.047507
446,447,brain_tumor_figshare/447.mat,100360,5,0,Meningiom,1,Gliom,hayır,0.259205,0.657942,0.082854
447,448,brain_tumor_figshare/448.mat,100572,3,0,Meningiom,2,Hipofiz tümörü,hayır,0.114915,0.001163,0.883922
448,449,brain_tumor_figshare/449.mat,100572,3,0,Meningiom,2,Hipofiz tümörü,hayır,0.076418,0.003043,0.920539
449,450,brain_tumor_figshare/450.mat,100639,3,0,Meningiom,1,Gliom,hayır,0.049742,0.928988,0.02127
450,451,brain_tumor_figshare/451.mat,100639,3,0,Meningiom,1,Gliom,hayır,0.047134,0.912115,0.040752
451,452,brain_tumor_figshare/452.mat,100920,4,0,Meningiom,0,Meningiom,evet,0.7424,0.16416,0.093441
452,453,brain_tumor_figshare/453.mat,100920,4,0,Meningiom,0,Meningiom,evet,0.69811,0.149131,0.15276
453,454,brain_tumor_figshare/454.mat,100920,4,0,Meningiom,0,Meningiom,evet,0.491844,0.26888,0.239276
454,455,brain_tumor_figshare/455.mat,101016,4,0,Meningiom,1,Gliom,hayır,0.131486,0.787515,0.080998
455,456,brain_tumor_figshare/456.mat,101016,4,0,Meningiom,1,Gliom,hayır,0.336415,0.591949,0.071636
456,457,brain_tumor_figshare/457.mat,101016,4,0,Meningiom,1,Gliom,hayır,0.338795,0.602952,0.058254
457,458,brain_tumor_figshare/458.mat,101016,4,0,Meningiom,1,Gliom,hayır,0.230951,0.697567,0.071482
458,459,brain_tumor_figshare/459.mat,101082,4,0,Meningiom,0,Meningiom,evet,0.644937,0.205115,0.149947
459,460,brain_tumor_figshare/460.mat,101082,4,0,Meningiom,0,Meningiom,evet,0.732809,0.138235,0.128956
460,461,brain_tumor_figshare/461.mat,101127,4,0,Meningiom,0,Meningiom,evet,0.519396,0.429532,0.051072
461,462,brain_tumor_figshare/462.mat,101127,4,0,Meningiom,1,Gliom,hayır,0.388114,0.568697,0.043189
462,463,brain_tumor_figshare/463.mat,101127,4,0,Meningiom,1,Gliom,hayır,0.263945,0.696596,0.03946
463,464,brain_tumor_figshare/464.mat,101127,4,0,Meningiom,0,Meningiom,evet,0.513039,0.411241,0.07572
464,465,brain_tumor_figshare/465.mat,101797,5,0,Meningiom,0,Meningiom,evet,0.626575,0.317073,0.056351
465,466,brain_tumor_figshare/466.mat,101797,5,0,Meningiom,1,Gliom,hayır,0.449615,0.511153,0.039232
466,467,brain_tumor_figshare/467.mat,101797,5,0,Meningiom,0,Meningiom,evet,0.583094,0.377737,0.039169
467,468,brain_tumor_figshare/468.mat,101797,5,0,Meningiom,1,Gliom,hayır,0.452035,0.50402,0.043946
468,469,brain_tumor_figshare/469.mat,101797,5,0,Meningiom,1,Gliom,hayır,0.374235,0.557969,0.067796
469,470,brain_tumor_figshare/470.mat,101797,5,0,Meningiom,1,Gliom,hayır,0.32331,0.624672,0.052018
470,471,brain_tumor_figshare/471.mat,101801,3,0,Meningiom,0,Meningiom,evet,0.973686,0.01131,0.015003
471,472,brain_tumor_figshare/472.mat,101801,3,0,Meningiom,0,Meningiom,evet,0.964621,0.018468,0.016911
472,473,brain_tumor_figshare/473.mat,101801,3,0,Meningiom,0,Meningiom,evet,0.979961,0.011494,0.008545
473,474,brain_tumor_figshare/474.mat,102420,1,0,Meningiom,0,Meningiom,evet,0.446642,0.441467,0.111891
474,475,brain_tumor_figshare/475.mat,102420,1,0,Meningiom,0,Meningiom,evet,0.606912,0.279588,0.1135
475,476,brain_tumor_figshare/476.mat,102446,3,0,Meningiom,1,Gliom,hayır,0.211252,0.783505,0.005244
476,477,brain_tumor_figshare/477.mat,102446,3,0,Meningiom,0,Meningiom,evet,0.72654,0.265893,0.007567
477,478,brain_tumor_figshare/478.mat,102675,1,0,Meningiom,0,Meningiom,evet,0.616683,0.353251,0.030065
478,479,brain_tumor_figshare/479.mat,102675,1,0,Meningiom,0,Meningiom,evet,0.762863,0.213526,0.023611
479,480,brain_tumor_figshare/480.mat,102714,5,0,Meningiom,0,Meningiom,evet,0.834551,0.112514,0.052935
480,481,brain_tumor_figshare/481.mat,102714,5,0,Meningiom,0,Meningiom,evet,0.859475,0.067081,0.073444
481,482,brain_tumor_figshare/482.mat,102714,5,0,Meningiom,0,Meningiom,evet,0.856771,0.043321,0.099908
482,483,brain_tumor_figshare/483.mat,102714,5,0,Meningiom,0,Meningiom,evet,0.807388,0.1186,0.074012
483,484,brain_tumor_figshare/484.mat,102714,5,0,Meningiom,0,Meningiom,evet,0.742996,0.18443,0.072574
484,485,brain_tumor_figshare/485.mat,102818,2,0,Meningiom,0,Meningiom,evet,0.641222,0.018244,0.340533
485,486,brain_tumor_figshare/486.mat,102818,2,0,Meningiom,2,Hipofiz tümörü,hayır,0.402181,0.019808,0.578011
486,487,brain_tumor_figshare/487.mat,102818,2,0,Meningiom,2,Hipofiz tümörü,hayır,0.284996,0.015516,0.699489
487,488,brain_tumor_figshare/488.mat,102818,2,0,Meningiom,2,Hipofiz tümörü,hayır,0.338552,0.015687,0.645761
488,489,brain_tumor_figshare/489.mat,102935,1,0,Meningiom,1,Gliom,hayır,0.07129,0.90352,0.02519
489,490,brain_tumor_figshare/490.mat,102960,3,0,Meningiom,1,Gliom,hayır,0.278329,0.402132,0.31954
490,491,brain_tumor_figshare/491.mat,102960,3,0,Meningiom,1,Gliom,hayır,0.056002,0.761404,0.182594
491,492,brain_tumor_figshare/492.mat,102960,3,0,Meningiom,0,Meningiom,evet,0.476544,0.075326,0.44813
492,493,brain_tumor_figshare/493.mat,102960,3,0,Meningiom,0,Meningiom,evet,0.85442,0.009933,0.135647
493,494,brain_tumor_figshare/494.mat,102960,3,0,Meningiom,0,Meningiom,evet,0.908027,0.011141,0.080832
494,495,brain_tumor_figshare/495.mat,102985,4,0,Meningiom,0,Meningiom,evet,0.58864,0.324108,0.087252
495,496,brain_tumor_figshare/496.mat,103673,5,0,Meningiom,2,Hipofiz tümörü,hayır,0.006455,4.9e-05,0.993496
496,497,brain_tumor_figshare/497.mat,103673,5,0,Meningiom,2,Hipofiz tümörü,hayır,0.006011,1.6e-05,0.993973
497,498,brain_tumor_figshare/498.mat,103673,5,0,Meningiom,2,Hipofiz tümörü,hayır,0.006327,1.9e-05,0.993655
498,499,brain_tumor_figshare/499.mat,103673,5,0,Meningiom,2,Hipofiz tümörü,hayır,0.008743,0.000136,0.991121
499,500,brain_tumor_figshare/500.mat,103673,5,0,Meningiom,2,Hipofiz tümörü,hayır,0.01306,0.000197,0.986744
500,501,brain_tumor_figshare/501.mat,103925,4,0,Meningiom,0,Meningiom,evet,0.750188,0.039198,0.210614
501,502,brain_tumor_figshare/502.mat,103925,4,0,Meningiom,0,Meningiom,evet,0.70222,0.033882,0.263898
502,503,brain_tumor_figshare/503.mat,103925,4,0,Meningiom,0,Meningiom,evet,0.649296,0.115602,0.235102
503,504,brain_tumor_figshare/504.mat,103925,4,0,Meningiom,0,Meningiom,evet,0.909743,0.024341,0.065916
504,505,brain_tumor_figshare/505.mat,104167,3,0,Meningiom,0,Meningiom,evet,0.960759,0.037701,0.00154
505,506,brain_tumor_figshare/506.mat,104167,3,0,Meningiom,0,Meningiom,evet,0.994591,0.005003,0.000407
506,507,brain_tumor_figshare/507.mat,104167,3,0,Meningiom,0,Meningiom,evet,0.998836,0.000888,0.000276
507,508,brain_tumor_figshare/508.mat,104167,3,0,Meningiom,0,Meningiom,evet,0.997538,0.001093,0.001369
508,509,brain_tumor_figshare/509.mat,104167,3,0,Meningiom,0,Meningiom,evet,0.990324,0.004131,0.005545
509,510,brain_tumor_figshare/510.mat,104281,3,0,Meningiom,1,Gliom,hayır,0.11353,0.885837,0.000632
510,511,brain_tumor_figshare/511.mat,104281,3,0,Meningiom,0,Meningiom,evet,0.742395,0.256693,0.000912
511,512,brain_tumor_figshare/512.mat,104281,3,0,Meningiom,0,Meningiom,evet,0.543306,0.454008,0.002686
512,513,brain_tumor_figshare/513.mat,104281,3,0,Meningiom,0,Meningiom,evet,0.9256,0.072406,0.001994
513,514,brain_tumor_figshare/514.mat,104695,4,0,Meningiom,0,Meningiom,evet,0.721044,0.236985,0.041971
514,515,brain_tumor_figshare/515.mat,104695,4,0,Meningiom,0,Meningiom,evet,0.66538,0.286159,0.048461
515,516,brain_tumor_figshare/516.mat,104695,4,0,Meningiom,0,Meningiom,evet,0.533697,0.410555,0.055748
516,517,brain_tumor_figshare/517.mat,105374,4,0,Meningiom,1,Gliom,hayır,0.462843,0.519125,0.018032
517,518,brain_tumor_figshare/518.mat,105555,5,0,Meningiom,1,Gliom,hayır,0.058418,0.724442,0.21714
518,519,brain_tumor_figshare/519.mat,105555,5,0,Meningiom,1,Gliom,hayır,0.046262,0.857618,0.09612
519,520,brain_tumor_figshare/520.mat,105937,1,0,Meningiom,0,Meningiom,evet,0.783707,0.083015,0.133278
520,521,brain_tumor_figshare/521.mat,105937,1,0,Meningiom,0,Meningiom,evet,0.469302,0.380396,0.150302
521,522,brain_tumor_figshare/522.mat,105937,1,0,Meningiom,0,Meningiom,evet,0.5748,0.34831,0.07689
522,523,brain_tumor_figshare/523.mat,106284,2,0,Meningiom,2,Hipofiz tümörü,hayır,0.050789,0.004216,0.944994
523,524,brain_tumor_figshare/524.mat,106284,2,0,Meningiom,2,Hipofiz tümörü,hayır,0.050611,0.004793,0.944597
524,525,brain_tumor_figshare/525.mat,106284,2,0,Meningiom,2,Hipofiz tümörü,hayır,0.133429,0.04281,0.823761
525,526,brain_tumor_figshare/526.mat,106284,2,0,Meningiom,2,Hipofiz tümörü,hayır,0.186422,0.170699,0.642879
526,527,brain_tumor_figshare/527.mat,106442,1,0,Meningiom,0,Meningiom,evet,0.608497,0.250084,0.141419
527,528,brain_tumor_figshare/528.mat,106442,1,0,Meningiom,1,Gliom,hayır,0.356359,0.537693,0.105948
528,529,brain_tumor_figshare/529.mat,106442,1,0,Meningiom,1,Gliom,hayır,0.281317,0.650262,0.068421
529,530,brain_tumor_figshare/530.mat,106534,4,0,Meningiom,0,Meningiom,evet,0.456294,0.449261,0.094445
530,531,brain_tumor_figshare/531.mat,106534,4,0,Meningiom,0,Meningiom,evet,0.729176,0.213377,0.057447
531,532,brain_tumor_figshare/532.mat,106592,4,0,Meningiom,1,Gliom,hayır,0.358878,0.636126,0.004996
532,533,brain_tumor_figshare/533.mat,106665,3,0,Meningiom,0,Meningiom,evet,0.838944,0.130703,0.030353
533,534,brain_tumor_figshare/534.mat,106665,3,0,Meningiom,0,Meningiom,evet,0.988826,0.009483,0.001691
534,535,brain_tumor_figshare/535.mat,106665,3,0,Meningiom,0,Meningiom,evet,0.97198,0.017319,0.010701
535,536,brain_tumor_figshare/536.mat,106665,3,0,Meningiom,0,Meningiom,evet,0.700559,0.128431,0.17101
536,537,brain_tumor_figshare/537.mat,106665,3,0,Meningiom,0,Meningiom,evet,0.636048,0.170179,0.193773
537,538,brain_tumor_figshare/538.mat,106665,3,0,Meningiom,1,Gliom,hayır,0.092635,0.771148,0.136217
538,539,brain_tumor_figshare/539.mat,106665,3,0,Meningiom,1,Gliom,hayır,0.129697,0.675913,0.19439
539,540,brain_tumor_figshare/540.mat,106720,1,0,Meningiom,0,Meningiom,evet,0.952065,0.041083,0.006851
540,541,brain_tumor_figshare/541.mat,106720,1,0,Meningiom,0,Meningiom,evet,0.529491,0.467345,0.003164
541,542,brain_tumor_figshare/542.mat,106720,1,0,Meningiom,1,Gliom,hayır,0.487162,0.505707,0.007131
542,543,brain_tumor_figshare/543.mat,106914,2,0,Meningiom,1,Gliom,hayır,0.394627,0.420792,0.184581
543,544,brain_tumor_figshare/544.mat,106914,2,0,Meningiom,1,Gliom,hayır,0.35159,0.472189,0.17622
544,545,brain_tumor_figshare/545.mat,106914,2,0,Meningiom,1,Gliom,hayır,0.329345,0.539867,0.130788
545,546,brain_tumor_figshare/546.mat,106914,2,0,Meningiom,1,Gliom,hayır,0.296384,0.608287,0.095329
546,547,brain_tumor_figshare/547.mat,106914,2,0,Meningiom,1,Gliom,hayır,0.320119,0.597339,0.082542
547,548,brain_tumor_figshare/548.mat,106914,2,0,Meningiom,1,Gliom,hayır,0.35207,0.562304,0.085626
548,549,brain_tumor_figshare/549.mat,106914,2,0,Meningiom,1,Gliom,hayır,0.326558,0.620526,0.052916
549,550,brain_tumor_figshare/550.mat,107190,5,0,Meningiom,0,Meningiom,evet,0.889794,0.004028,0.106178
550,551,brain_tumor_figshare/551.mat,107248,5,0,Meningiom,0,Meningiom,evet,0.558041,0.007441,0.434518
551,552,brain_tumor_figshare/552.mat,107248,5,0,Meningiom,0,Meningiom,evet,0.525832,0.001912,0.472256
552,553,brain_tumor_figshare/553.mat,107248,5,0,Meningiom,0,Meningiom,evet,0.538664,0.004226,0.457111
553,554,brain_tumor_figshare/554.mat,107248,5,0,Meningiom,0,Meningiom,evet,0.65105,0.07936,0.26959
554,555,brain_tumor_figshare/555.mat,107248,5,0,Meningiom,0,Meningiom,evet,0.626471,0.270741,0.102788
555,556,brain_tumor_figshare/556.mat,107494,4,0,Meningiom,0,Meningiom,evet,0.619082,0.1775,0.203418
556,557,brain_tumor_figshare/557.mat,107494,4,0,Meningiom,0,Meningiom,evet,0.600911,0.180058,0.219032
557,558,brain_tumor_figshare/558.mat,107494,4,0,Meningiom,0,Meningiom,evet,0.490855,0.148282,0.360863
558,559,brain_tumor_figshare/559.mat,107494,4,0,Meningiom,2,Hipofiz tümörü,hayır,0.31562,0.213638,0.470743
559,560,brain_tumor_figshare/560.mat,107946,2,0,Meningiom,0,Meningiom,evet,0.612905,0.347903,0.039192
560,561,brain_tumor_figshare/561.mat,107946,2,0,Meningiom,0,Meningiom,evet,0.585303,0.270279,0.144418
561,562,brain_tumor_figshare/562.mat,107946,2,0,Meningiom,0,Meningiom,evet,0.480387,0.36637,0.153243
562,563,brain_tumor_figshare/563.mat,107946,2,0,Meningiom,0,Meningiom,evet,0.493694,0.353747,0.152559
563,564,brain_tumor_figshare/564.mat,108514,5,0,Meningiom,0,Meningiom,evet,0.703645,0.282948,0.013408
564,565,brain_tumor_figshare/565.mat,108514,5,0,Meningiom,0,Meningiom,evet,0.560357,0.417019,0.022624
565,566,brain_tumor_figshare/566.mat,108514,5,0,Meningiom,0,Meningiom,evet,0.936858,0.054341,0.008801
566,567,brain_tumor_figshare/567.mat,108514,5,0,Meningiom,0,Meningiom,evet,0.849959,0.135487,0.014555
567,568,brain_tumor_figshare/568.mat,108514,5,0,Meningiom,0,Meningiom,evet,0.772474,0.187437,0.040088
568,569,brain_tumor_figshare/569.mat,108550,5,0,Meningiom,1,Gliom,hayır,0.149715,0.803671,0.046614
569,570,brain_tumor_figshare/570.mat,108550,5,0,Meningiom,1,Gliom,hayır,0.322558,0.638199,0.039243
570,571,brain_tumor_figshare/571.mat,108590,3,0,Meningiom,0,Meningiom,evet,0.995221,0.002467,0.002311
571,572,brain_tumor_figshare/572.mat,108590,3,0,Meningiom,0,Meningiom,evet,0.947157,0.045556,0.007287
572,573,brain_tumor_figshare/573.mat,108945,4,0,Meningiom,0,Meningiom,evet,0.902895,0.070247,0.026859
573,574,brain_tumor_figshare/574.mat,108945,4,0,Meningiom,0,Meningiom,evet,0.922239,0.054447,0.023314
574,575,brain_tumor_figshare/575.mat,108945,4,0,Meningiom,0,Meningiom,evet,0.89353,0.075265,0.031205
575,576,brain_tumor_figshare/576.mat,108945,4,0,Meningiom,0,Meningiom,evet,0.779684,0.160218,0.060097
576,577,brain_tumor_figshare/577.mat,109350,5,0,Meningiom,1,Gliom,hayır,0.378734,0.556313,0.064954
577,578,brain_tumor_figshare/578.mat,109350,5,0,Meningiom,0,Meningiom,evet,0.669638,0.240604,0.089758
578,579,brain_tumor_figshare/579.mat,109411,3,0,Meningiom,1,Gliom,hayır,0.200952,0.772151,0.026897
579,580,brain_tumor_figshare/580.mat,109968,3,0,Meningiom,0,Meningiom,evet,0.914488,0.078616,0.006895
580,581,brain_tumor_figshare/581.mat,109968,3,0,Meningiom,0,Meningiom,evet,0.950417,0.030615,0.018968
581,582,brain_tumor_figshare/582.mat,109968,3,0,Meningiom,1,Gliom,hayır,0.046672,0.929261,0.024067
582,583,brain_tumor_figshare/583.mat,109968,3,0,Meningiom,1,Gliom,hayır,0.448161,0.518992,0.032847
583,584,brain_tumor_figshare/584.mat,110808,1,0,Meningiom,1,Gliom,hayır,0.366016,0.604851,0.029133
584,585,brain_tumor_figshare/585.mat,110808,1,0,Meningiom,1,Gliom,hayır,0.269841,0.700707,0.029452
585,586,brain_tumor_figshare/586.mat,111077,2,0,Meningiom,1,Gliom,hayır,0.175242,0.782685,0.042073
586,587,brain_tumor_figshare/587.mat,111077,2,0,Meningiom,1,Gliom,hayır,0.212903,0.748022,0.039074
587,588,brain_tumor_figshare/588.mat,111077,2,0,Meningiom,1,Gliom,hayır,0.229289,0.74131,0.029401
588,589,brain_tumor_figshare/589.mat,111366,3,0,Meningiom,2,Hipofiz tümörü,hayır,0.060829,0.083225,0.855946
589,590,brain_tumor_figshare/590.mat,111366,3,0,Meningiom,0,Meningiom,evet,0.529795,0.061139,0.409066
590,591,brain_tumor_figshare/591.mat,111366,3,0,Meningiom,0,Meningiom,evet,0.572318,0.404882,0.0228
591,592,brain_tumor_figshare/592.mat,111366,3,0,Meningiom,1,Gliom,hayır,0.030388,0.964969,0.004643
592,593,brain_tumor_figshare/593.mat,111532,1,0,Meningiom,1,Gliom,hayır,0.478311,0.489495,0.032194
593,594,brain_tumor_figshare/594.mat,111532,1,0,Meningiom,0,Meningiom,evet,0.604997,0.327458,0.067545
594,595,brain_tumor_figshare/595.mat,111532,1,0,Meningiom,0,Meningiom,evet,0.686709,0.23483,0.078461
595,596,brain_tumor_figshare/596.mat,111696,1,0,Meningiom,1,Gliom,hayır,0.139836,0.527483,0.332681
596,597,brain_tumor_figshare/597.mat,111710,4,0,Meningiom,1,Gliom,hayır,0.418055,0.515826,0.066119
597,598,brain_tumor_figshare/598.mat,111710,4,0,Meningiom,1,Gliom,hayır,0.271647,0.650569,0.077784
598,599,brain_tumor_figshare/599.mat,112002,2,0,Meningiom,2,Hipofiz tümörü,hayır,0.170126,0.155172,0.674703
599,600,brain_tumor_figshare/600.mat,112002,2,0,Meningiom,2,Hipofiz tümörü,hayır,0.121044,0.22814,0.650815
600,601,brain_tumor_figshare/601.mat,112002,2,0,Meningiom,2,Hipofiz tümörü,hayır,0.115443,0.122567,0.76199
601,602,brain_tumor_figshare/602.mat,112002,2,0,Meningiom,2,Hipofiz tümörü,hayır,0.122734,0.09138,0.785886
602,603,brain_tumor_figshare/603.mat,112062,4,0,Meningiom,1,Gliom,hayır,0.377646,0.386727,0.235627
603,604,brain_tumor_figshare/604.mat,112062,4,0,Meningiom,1,Gliom,hayır,0.11845,0.676258,0.205293
604,605,brain_tumor_figshare/605.mat,112062,4,0,Meningiom,0,Meningiom,evet,0.527176,0.374817,0.098008
605,606,brain_tumor_figshare/606.mat,112252,1,0,Meningiom,1,Gliom,hayır,0.153936,0.809804,0.03626
606,607,brain_tumor_figshare/607.mat,112252,1,0,Meningiom,1,Gliom,hayır,0.42116,0.529055,0.049785
607,608,brain_tumor_figshare/608.mat,112552,2,0,Meningiom,2,Hipofiz tümörü,hayır,0.318989,0.274343,0.406668
608,609,brain_tumor_figshare/609.mat,112552,2,0,Meningiom,2,Hipofiz tümörü,hayır,0.319167,0.338265,0.342567
609,610,brain_tumor_figshare/610.mat,112552,2,0,Meningiom,1,Gliom,hayır,0.277573,0.458527,0.2639
610,611,brain_tumor_figshare/611.mat,112552,2,0,Meningiom,1,Gliom,hayır,0.276313,0.589965,0.133722
611,612,brain_tumor_figshare/612.mat,112552,2,0,Meningiom,1,Gliom,hayır,0.320903,0.621435,0.057661
612,613,brain_tumor_figshare/613.mat,112552,2,0,Meningiom,1,Gliom,hayır,0.34969,0.597089,0.05322
613,614,brain_tumor_figshare/614.mat,112552,2,0,Meningiom,0,Meningiom,evet,0.478237,0.3621,0.159663
614,615,brain_tumor_figshare/615.mat,112648,3,0,Meningiom,1,Gliom,hayır,0.11595,0.878257,0.005792
615,616,brain_tumor_figshare/616.mat,112648,3,0,Meningiom,1,Gliom,hayır,0.344512,0.621746,0.033741
616,617,brain_tumor_figshare/617.mat,112648,3,0,Meningiom,0,Meningiom,evet,0.673168,0.280265,0.046567
617,618,brain_tumor_figshare/618.mat,112648,3,0,Meningiom,1,Gliom,hayır,0.274164,0.618719,0.107116
618,619,brain_tumor_figshare/619.mat,112650,3,0,Meningiom,1,Gliom,hayır,0.378888,0.61364,0.007472
619,620,brain_tumor_figshare/620.mat,112650,3,0,Meningiom,1,Gliom,hayır,0.400872,0.537676,0.061452
620,621,brain_tumor_figshare/621.mat,113098,1,0,Meningiom,2,Hipofiz tümörü,hayır,0.163673,0.284534,0.551792
621,622,brain_tumor_figshare/622.mat,113098,1,0,Meningiom,2,Hipofiz tümörü,hayır,0.306531,0.211937,0.481532
622,623,brain_tumor_figshare/623.mat,113098,1,0,Meningiom,2,Hipofiz tümörü,hayır,0.339503,0.151079,0.509418
623,624,brain_tumor_figshare/624.mat,113098,1,0,Meningiom,0,Meningiom,evet,0.468387,0.202603,0.32901
624,625,brain_tumor_figshare/625.mat,113435,5,0,Meningiom,0,Meningiom,evet,0.811231,0.17336,0.015409
625,626,brain_tumor_figshare/626.mat,113435,5,0,Meningiom,0,Meningiom,evet,0.595857,0.349981,0.054161
626,627,brain_tumor_figshare/627.mat,113435,5,0,Meningiom,0,Meningiom,evet,0.641559,0.286725,0.071716
627,628,brain_tumor_figshare/628.mat,113435,5,0,Meningiom,1,Gliom,hayır,0.395179,0.476242,0.128579
628,629,brain_tumor_figshare/629.mat,113435,5,0,Meningiom,1,Gliom,hayır,0.355102,0.528631,0.116267
629,630,brain_tumor_figshare/630.mat,113435,5,0,Meningiom,1,Gliom,hayır,0.333374,0.504462,0.162165
630,631,brain_tumor_figshare/631.mat,113554,5,0,Meningiom,0,Meningiom,evet,0.520662,0.461791,0.017547
631,632,brain_tumor_figshare/632.mat,113554,5,0,Meningiom,0,Meningiom,evet,0.603505,0.339957,0.056539
632,633,brain_tumor_figshare/633.mat,113554,5,0,Meningiom,0,Meningiom,evet,0.545341,0.34458,0.110079
633,634,brain_tumor_figshare/634.mat,113554,5,0,Meningiom,1,Gliom,hayır,0.434609,0.444326,0.121065
634,635,brain_tumor_figshare/635.mat,113614,4,0,Meningiom,1,Gliom,hayır,0.292056,0.653843,0.054101
635,636,brain_tumor_figshare/636.mat,113614,4,0,Meningiom,1,Gliom,hayır,0.0328,0.941501,0.025699
636,637,brain_tumor_figshare/637.mat,113614,4,0,Meningiom,1,Gliom,hayır,0.069536,0.922501,0.007963
637,638,brain_tumor_figshare/638.mat,113614,4,0,Meningiom,1,Gliom,hayır,0.008065,0.990669,0.001265
638,639,brain_tumor_figshare/639.mat,113805,2,0,Meningiom,1,Gliom,hayır,0.290707,0.631077,0.078217
639,640,brain_tumor_figshare/640.mat,113971,5,0,Meningiom,1,Gliom,hayır,0.256687,0.448519,0.294795
640,641,brain_tumor_figshare/641.mat,113971,5,0,Meningiom,2,Hipofiz tümörü,hayır,0.284848,0.346396,0.368757
641,642,brain_tumor_figshare/642.mat,114018,2,0,Meningiom,2,Hipofiz tümörü,hayır,0.407345,0.127346,0.465309
642,643,brain_tumor_figshare/643.mat,114018,2,0,Meningiom,2,Hipofiz tümörü,hayır,0.203986,0.110598,0.685416
643,644,brain_tumor_figshare/644.mat,114018,2,0,Meningiom,2,Hipofiz tümörü,hayır,0.140634,0.051456,0.807909
644,645,brain_tumor_figshare/645.mat,114018,2,0,Meningiom,2,Hipofiz tümörü,hayır,0.10801,0.039085,0.852905
645,646,brain_tumor_figshare/646.mat,114018,2,0,Meningiom,2,Hipofiz tümörü,hayır,0.094179,0.021025,0.884795
646,647,brain_tumor_figshare/647.mat,114018,2,0,Meningiom,2,Hipofiz tümörü,hayır,0.062646,0.010928,0.926426
647,648,brain_tumor_figshare/648.mat,114359,2,0,Meningiom,0,Meningiom,evet,0.503524,0.478994,0.017482
648,649,brain_tumor_figshare/649.mat,114359,2,0,Meningiom,0,Meningiom,evet,0.503688,0.467668,0.028644
649,650,brain_tumor_figshare/650.mat,114359,2,0,Meningiom,1,Gliom,hayır,0.178603,0.800411,0.020986
650,651,brain_tumor_figshare/651.mat,114359,2,0,Meningiom,1,Gliom,hayır,0.233082,0.713964,0.052954
651,652,brain_tumor_figshare/652.mat,114359,2,0,Meningiom,1,Gliom,hayır,0.338355,0.573733,0.087911
652,653,brain_tumor_figshare/653.mat,114359,2,0,Meningiom,1,Gliom,hayır,0.361323,0.573062,0.065615
653,654,brain_tumor_figshare/654.mat,114359,2,0,Meningiom,1,Gliom,hayır,0.409318,0.502075,0.088607
654,655,brain_tumor_figshare/655.mat,114417,2,0,Meningiom,0,Meningiom,evet,0.502436,0.018,0.479564
655,656,brain_tumor_figshare/656.mat,114417,2,0,Meningiom,2,Hipofiz tümörü,hayır,0.385484,0.026001,0.588515
656,657,brain_tumor_figshare/657.mat,114417,2,0,Meningiom,2,Hipofiz tümörü,hayır,0.255821,0.009216,0.734963
657,658,brain_tumor_figshare/658.mat,114417,2,0,Meningiom,2,Hipofiz tümörü,hayır,0.109849,0.005962,0.884189
658,659,brain_tumor_figshare/659.mat,97374,3,0,Meningiom,0,Meningiom,evet,0.747088,0.003183,0.249729
659,660,brain_tumor_figshare/660.mat,97374,3,0,Meningiom,0,Meningiom,evet,0.852197,0.001892,0.14591
660,661,brain_tumor_figshare/661.mat,97374,3,0,Meningiom,0,Meningiom,evet,0.88729,0.000658,0.112052
661,662,brain_tumor_figshare/662.mat,97374,3,0,Meningiom,0,Meningiom,evet,0.941518,0.002346,0.056136
662,663,brain_tumor_figshare/663.mat,97374,3,0,Meningiom,0,Meningiom,evet,0.869129,0.056822,0.074049
663,664,brain_tumor_figshare/664.mat,97607,1,0,Meningiom,0,Meningiom,evet,0.529242,0.395046,0.075712
664,665,brain_tumor_figshare/665.mat,97607,1,0,Meningiom,0,Meningiom,evet,0.633812,0.305566,0.060622
665,666,brain_tumor_figshare/666.mat,97607,1,0,Meningiom,0,Meningiom,evet,0.747766,0.168844,0.083389
666,667,brain_tumor_figshare/667.mat,97607,1,0,Meningiom,0,Meningiom,evet,0.731943,0.201169,0.066887
667,668,brain_tumor_figshare/668.mat,97737,1,0,Meningiom,2,Hipofiz tümörü,hayır,0.151304,0.354646,0.494051
668,669,brain_tumor_figshare/669.mat,97737,1,0,Meningiom,2,Hipofiz tümörü,hayır,0.101943,0.417015,0.481042
669,670,brain_tumor_figshare/670.mat,97737,1,0,Meningiom,2,Hipofiz tümörü,hayır,0.082834,0.387493,0.529673
670,671,brain_tumor_figshare/671.mat,97737,1,0,Meningiom,2,Hipofiz tümörü,hayır,0.095116,0.410341,0.494542
671,672,brain_tumor_figshare/672.mat,97737,1,0,Meningiom,1,Gliom,hayır,0.055055,0.616243,0.328702
672,673,brain_tumor_figshare/673.mat,97793,3,0,Meningiom,1,Gliom,hayır,0.099924,0.680756,0.21932
673,674,brain_tumor_figshare/674.mat,97875,4,0,Meningiom,0,Meningiom,evet,0.571309,0.232239,0.196451
674,675,brain_tumor_figshare/675.mat,97943,3,0,Meningiom,1,Gliom,hayır,0.192022,0.806964,0.001015
675,676,brain_tumor_figshare/676.mat,97943,3,0,Meningiom,0,Meningiom,evet,0.579966,0.412683,0.007351
676,677,brain_tumor_figshare/677.mat,97943,3,0,Meningiom,0,Meningiom,evet,0.975515,0.023083,0.001402
677,678,brain_tumor_figshare/678.mat,97943,3,0,Meningiom,0,Meningiom,evet,0.946222,0.048695,0.005083
678,679,brain_tumor_figshare/679.mat,97943,3,0,Meningiom,0,Meningiom,evet,0.891103,0.070215,0.038682
679,680,brain_tumor_figshare/680.mat,98241,2,0,Meningiom,1,Gliom,hayır,0.276531,0.579764,0.143705
680,681,brain_tumor_figshare/681.mat,98241,2,0,Meningiom,1,Gliom,hayır,0.132223,0.682187,0.18559
681,682,brain_tumor_figshare/682.mat,98241,2,0,Meningiom,1,Gliom,hayır,0.090757,0.673864,0.235379
682,683,brain_tumor_figshare/683.mat,98241,2,0,Meningiom,1,Gliom,hayır,0.127895,0.529568,0.342536
683,684,brain_tumor_figshare/684.mat,98241,2,0,Meningiom,2,Hipofiz tümörü,hayır,0.166492,0.339863,0.493645
684,685,brain_tumor_figshare/685.mat,98241,2,0,Meningiom,2,Hipofiz tümörü,hayır,0.171919,0.264307,0.563775
685,686,brain_tumor_figshare/686.mat,99017,1,0,Meningiom,0,Meningiom,evet,0.625281,0.316677,0.058042
686,687,brain_tumor_figshare/687.mat,99017,1,0,Meningiom,1,Gliom,hayır,0.392884,0.4975,0.109616
687,688,brain_tumor_figshare/688.mat,99089,5,0,Meningiom,0,Meningiom,evet,0.626626,0.120928,0.252446
688,689,brain_tumor_figshare/689.mat,99089,5,0,Meningiom,0,Meningiom,evet,0.612343,0.158844,0.228813
689,690,brain_tumor_figshare/690.mat,99089,5,0,Meningiom,0,Meningiom,evet,0.722501,0.148296,0.129203
690,691,brain_tumor_figshare/691.mat,99089,5,0,Meningiom,0,Meningiom,evet,0.589066,0.305602,0.105332
691,692,brain_tumor_figshare/692.mat,99089,5,0,Meningiom,0,Meningiom,evet,0.513025,0.40081,0.086164
692,693,brain_tumor_figshare/693.mat,99162,1,0,Meningiom,0,Meningiom,evet,0.576592,0.278454,0.144954
693,694,brain_tumor_figshare/694.mat,99162,1,0,Meningiom,0,Meningiom,evet,0.415278,0.337152,0.24757
694,695,brain_tumor_figshare/695.mat,99162,1,0,Meningiom,1,Gliom,hayır,0.359897,0.465989,0.174114
695,696,brain_tumor_figshare/696.mat,99288,2,0,Meningiom,1,Gliom,hayır,0.226199,0.621871,0.15193
696,697,brain_tumor_figshare/697.mat,99308,2,0,Meningiom,1,Gliom,hayır,0.142048,0.696909,0.161043
697,698,brain_tumor_figshare/698.mat,99308,2,0,Meningiom,1,Gliom,hayır,0.209902,0.626487,0.163611
698,699,brain_tumor_figshare/699.mat,99308,2,0,Meningiom,1,Gliom,hayır,0.190371,0.713935,0.095694
699,700,brain_tumor_figshare/700.mat,99308,2,0,Meningiom,1,Gliom,hayır,0.231431,0.710918,0.057651
700,701,brain_tumor_figshare/701.mat,99308,2,0,Meningiom,1,Gliom,hayır,0.202014,0.765481,0.032505
701,702,brain_tumor_figshare/702.mat,99308,2,0,Meningiom,1,Gliom,hayır,0.360805,0.57724,0.061955
702,703,brain_tumor_figshare/703.mat,99815,4,0,Meningiom,1,Gliom,hayır,0.153034,0.706872,0.140094
703,704,brain_tumor_figshare/704.mat,99815,4,0,Meningiom,0,Meningiom,evet,0.532522,0.265566,0.201911
704,705,brain_tumor_figshare/705.mat,99815,4,0,Meningiom,0,Meningiom,evet,0.785799,0.12746,0.086741
705,706,brain_tumor_figshare/706.mat,99815,4,0,Meningiom,0,Meningiom,evet,0.837927,0.134704,0.027369
706,707,brain_tumor_figshare/707.mat,99815,4,0,Meningiom,0,Meningiom,evet,0.926985,0.061276,0.011739
707,708,brain_tumor_figshare/708.mat,99815,4,0,Meningiom,0,Meningiom,evet,0.698403,0.265578,0.036019
708,709,brain_tumor_figshare/709.mat,105936,5,2,Hipofiz tümörü,2,Hipofiz tümörü,evet,0.000105,0.0,0.999895
709,710,brain_tumor_figshare/710.mat,105936,5,2,Hipofiz tümörü,2,Hipofiz tümörü,evet,0.000151,1e-06,0.999848
710,711,brain_tumor_figshare/711.mat,105936,5,2,Hipofiz tümörü,2,Hipofiz tümörü,evet,0.000227,2.2e-05,0.999751
711,712,brain_tumor_figshare/712.mat,106062,3,2,Hipofiz tümörü,2,Hipofiz tümörü,evet,0.00029,0.000335,0.999375
712,713,brain_tumor_figshare/713.mat,106062,3,2,Hipofiz tümörü,2,Hipofiz tümörü,evet,9.2e-05,0.00024,0.999668
713,714,brain_tumor_figshare/714.mat,106062,3,2,Hipofiz tümörü,2,Hipofiz tümörü,evet,6.4e-05,9.7e-05,0.999838
714,715,brain_tumor_figshare/715.mat,100820,3,1,Gliom,1,Gliom,evet,0.291269,0.623053,0.085678
715,716,brain_tumor_figshare/716.mat,100820,3,1,Gliom,1,Gliom,evet,0.281033,0.608571,0.110396
716,717,brain_tumor_figshare/717.mat,100820,3,1,Gliom,1,Gliom,evet,0.258362,0.715383,0.026255
717,718,brain_tumor_figshare/718.mat,101020,3,1,Gliom,0,Meningiom,hayır,0.870325,0.045159,0.084515
718,719,brain_tumor_figshare/719.mat,101020,3,1,Gliom,0,Meningiom,hayır,0.484005,0.134784,0.381211
719,720,brain_tumor_figshare/720.mat,101020,3,1,Gliom,1,Gliom,evet,0.388428,0.462538,0.149034
720,721,brain_tumor_figshare/721.mat,101020,3,1,Gliom,1,Gliom,evet,0.221872,0.721333,0.056795
721,722,brain_tumor_figshare/722.mat,102075,5,1,Gliom,1,Gliom,evet,0.098498,0.84635,0.055152
722,723,brain_tumor_figshare/723.mat,102075,5,1,Gliom,1,Gliom,evet,0.207199,0.727467,0.065334
723,724,brain_tumor_figshare/724.mat,102075,5,1,Gliom,1,Gliom,evet,0.359104,0.546663,0.094233
724,725,brain_tumor_figshare/725.mat,103148,1,1,Gliom,1,Gliom,evet,0.279938,0.705047,0.015015
725,726,brain_tumor_figshare/726.mat,103148,1,1,Gliom,1,Gliom,evet,0.21183,0.777748,0.010422
726,727,brain_tumor_figshare/727.mat,103148,1,1,Gliom,1,Gliom,evet,0.173094,0.814419,0.012487
727,728,brain_tumor_figshare/728.mat,103148,1,1,Gliom,1,Gliom,evet,0.143281,0.843802,0.012917
728,729,brain_tumor_figshare/729.mat,106494,5,1,Gliom,1,Gliom,evet,0.341487,0.590828,0.067685
729,730,brain_tumor_figshare/730.mat,106494,5,1,Gliom,1,Gliom,evet,0.187247,0.76408,0.048673
730,731,brain_tumor_figshare/731.mat,106494,5,1,Gliom,1,Gliom,evet,0.175751,0.804314,0.019935
731,732,brain_tumor_figshare/732.mat,106494,5,1,Gliom,1,Gliom,evet,0.195844,0.783626,0.02053
732,733,brain_tumor_figshare/733.mat,106494,5,1,Gliom,1,Gliom,evet,0.240802,0.743704,0.015494
733,734,brain_tumor_figshare/734.mat,106494,5,1,Gliom,1,Gliom,evet,0.421214,0.537289,0.041497
734,735,brain_tumor_figshare/735.mat,107747,5,1,Gliom,1,Gliom,evet,0.424923,0.555722,0.019355
735,736,brain_tumor_figshare/736.mat,107747,5,1,Gliom,0,Meningiom,hayır,0.700164,0.28497,0.014866
736,737,brain_tumor_figshare/737.mat,107747,5,1,Gliom,0,Meningiom,hayır,0.654672,0.338634,0.006693
737,738,brain_tumor_figshare/738.mat,107747,5,1,Gliom,0,Meningiom,hayır,0.853504,0.144441,0.002055
738,739,brain_tumor_figshare/739.mat,107747,5,1,Gliom,0,Meningiom,hayır,0.658649,0.339392,0.001958
739,740,brain_tumor_figshare/740.mat,112105,4,1,Gliom,1,Gliom,evet,0.142073,0.711189,0.146738
740,741,brain_tumor_figshare/741.mat,112105,4,1,Gliom,1,Gliom,evet,0.095377,0.858605,0.046018
741,742,brain_tumor_figshare/742.mat,112105,4,1,Gliom,1,Gliom,evet,0.118082,0.831818,0.0501
742,743,brain_tumor_figshare/743.mat,112105,4,1,Gliom,1,Gliom,evet,0.088562,0.877343,0.034094
743,744,brain_tumor_figshare/744.mat,112105,4,1,Gliom,1,Gliom,evet,0.052125,0.919889,0.027987
744,745,brain_tumor_figshare/745.mat,112105,4,1,Gliom,1,Gliom,evet,0.118212,0.8384,0.043388
745,746,brain_tumor_figshare/746.mat,112105,4,1,Gliom,1,Gliom,evet,0.093954,0.837879,0.068168
746,747,brain_tumor_figshare/747.mat,100820,3,1,Gliom,0,Meningiom,hayır,0.937524,0.053287,0.009189
747,748,brain_tumor_figshare/748.mat,100820,3,1,Gliom,1,Gliom,evet,0.381969,0.600777,0.017254
748,749,brain_tumor_figshare/749.mat,100820,3,1,Gliom,0,Meningiom,hayır,0.563797,0.435104,0.001099
749,750,brain_tumor_figshare/750.mat,100820,3,1,Gliom,0,Meningiom,hayır,0.738326,0.258104,0.00357
750,751,brain_tumor_figshare/751.mat,100820,3,1,Gliom,0,Meningiom,hayır,0.504992,0.490683,0.004325
751,752,brain_tumor_figshare/752.mat,100820,3,1,Gliom,0,Meningiom,hayır,0.949733,0.049533,0.000734
752,753,brain_tumor_figshare/753.mat,101020,3,1,Gliom,1,Gliom,evet,0.484804,0.501678,0.013518
753,754,brain_tumor_figshare/754.mat,101020,3,1,Gliom,0,Meningiom,hayır,0.605929,0.3829,0.011171
754,755,brain_tumor_figshare/755.mat,101020,3,1,Gliom,1,Gliom,evet,0.486915,0.502162,0.010923
755,756,brain_tumor_figshare/756.mat,101020,3,1,Gliom,1,Gliom,evet,0.265671,0.732292,0.002036
756,757,brain_tumor_figshare/757.mat,101020,3,1,Gliom,1,Gliom,evet,0.315106,0.684673,0.00022
757,758,brain_tumor_figshare/758.mat,101020,3,1,Gliom,0,Meningiom,hayır,0.626803,0.372263,0.000934
758,759,brain_tumor_figshare/759.mat,101020,3,1,Gliom,1,Gliom,evet,0.046582,0.943506,0.009912
759,760,brain_tumor_figshare/760.mat,101020,3,1,Gliom,1,Gliom,evet,0.019653,0.972322,0.008025
760,761,brain_tumor_figshare/761.mat,102075,5,1,Gliom,1,Gliom,evet,0.318551,0.611539,0.06991
761,762,brain_tumor_figshare/762.mat,102075,5,1,Gliom,0,Meningiom,hayır,0.51819,0.357642,0.124167
762,763,brain_tumor_figshare/763.mat,102075,5,1,Gliom,0,Meningiom,hayır,0.413111,0.387751,0.199138
763,764,brain_tumor_figshare/764.mat,103148,1,1,Gliom,1,Gliom,evet,0.478172,0.484577,0.037251
764,765,brain_tumor_figshare/765.mat,103148,1,1,Gliom,1,Gliom,evet,0.163298,0.804435,0.032267
765,766,brain_tumor_figshare/766.mat,103148,1,1,Gliom,1,Gliom,evet,0.18991,0.772648,0.037442
766,767,brain_tumor_figshare/767.mat,103148,1,1,Gliom,1,Gliom,evet,0.079003,0.879739,0.041258
767,768,brain_tumor_figshare/768.mat,106494,5,1,Gliom,1,Gliom,evet,0.417644,0.5194,0.062957
768,769,brain_tumor_figshare/769.mat,106494,5,1,Gliom,0,Meningiom,hayır,0.677589,0.293408,0.029003
769,770,brain_tumor_figshare/770.mat,106494,5,1,Gliom,1,Gliom,evet,0.280574,0.655336,0.06409
770,771,brain_tumor_figshare/771.mat,106494,5,1,Gliom,1,Gliom,evet,0.358516,0.608406,0.033079
771,772,brain_tumor_figshare/772.mat,106494,5,1,Gliom,1,Gliom,evet,0.412849,0.520067,0.067084
772,773,brain_tumor_figshare/773.mat,107747,5,1,Gliom,1,Gliom,evet,0.448179,0.523854,0.027967
773,774,brain_tumor_figshare/774.mat,107747,5,1,Gliom,0,Meningiom,hayır,0.543568,0.424616,0.031817
774,775,brain_tumor_figshare/775.mat,107747,5,1,Gliom,1,Gliom,evet,0.468239,0.49859,0.033171
775,776,brain_tumor_figshare/776.mat,107747,5,1,Gliom,1,Gliom,evet,0.416207,0.538607,0.045186
776,777,brain_tumor_figshare/777.mat,107747,5,1,Gliom,1,Gliom,evet,0.362819,0.598994,0.038188
777,778,brain_tumor_figshare/778.mat,107747,5,1,Gliom,1,Gliom,evet,0.430368,0.550181,0.019451
778,779,brain_tumor_figshare/779.mat,112027,3,1,Gliom,0,Meningiom,hayır,0.986251,0.0112,0.002549
779,780,brain_tumor_figshare/780.mat,112027,3,1,Gliom,0,Meningiom,hayır,0.960851,0.036969,0.00218
780,781,brain_tumor_figshare/781.mat,112105,4,1,Gliom,0,Meningiom,hayır,0.542819,0.44251,0.014671
781,782,brain_tumor_figshare/782.mat,112105,4,1,Gliom,0,Meningiom,hayır,0.650385,0.330671,0.018944
782,783,brain_tumor_figshare/783.mat,112105,4,1,Gliom,1,Gliom,evet,0.211494,0.751621,0.036885
783,784,brain_tumor_figshare/784.mat,112105,4,1,Gliom,0,Meningiom,hayır,0.749249,0.234568,0.016184
784,785,brain_tumor_figshare/785.mat,112105,4,1,Gliom,1,Gliom,evet,0.327429,0.653128,0.019443
785,786,brain_tumor_figshare/786.mat,112105,4,1,Gliom,1,Gliom,evet,0.302893,0.674825,0.022282
786,787,brain_tumor_figshare/787.mat,112105,4,1,Gliom,1,Gliom,evet,0.311978,0.673121,0.014901
787,788,brain_tumor_figshare/788.mat,112105,4,1,Gliom,0,Meningiom,hayır,0.598747,0.393253,0.008001
788,789,brain_tumor_figshare/789.mat,112105,4,1,Gliom,1,Gliom,evet,0.477619,0.5115,0.010881
789,790,brain_tumor_figshare/790.mat,112105,4,1,Gliom,1,Gliom,evet,0.441133,0.547709,0.011158
790,791,brain_tumor_figshare/791.mat,112105,4,1,Gliom,1,Gliom,evet,0.385911,0.589862,0.024227
791,792,brain_tumor_figshare/792.mat,88670,4,1,Gliom,1,Gliom,evet,0.482338,0.504306,0.013356
792,793,brain_tumor_figshare/793.mat,88670,4,1,Gliom,0,Meningiom,hayır,0.553155,0.426156,0.02069
793,794,brain_tumor_figshare/794.mat,88670,4,1,Gliom,0,Meningiom,hayır,0.653202,0.33237,0.014428
794,795,brain_tumor_figshare/795.mat,88670,4,1,Gliom,0,Meningiom,hayır,0.561364,0.4218,0.016836
795,796,brain_tumor_figshare/796.mat,88670,4,1,Gliom,0,Meningiom,hayır,0.608024,0.360507,0.031469
796,797,brain_tumor_figshare/797.mat,88670,4,1,Gliom,1,Gliom,evet,0.16063,0.81313,0.02624
797,798,brain_tumor_figshare/798.mat,88670,4,1,Gliom,1,Gliom,evet,0.123452,0.826925,0.049623
798,799,brain_tumor_figshare/799.mat,90284,2,1,Gliom,1,Gliom,evet,0.321385,0.543883,0.134731
799,800,brain_tumor_figshare/800.mat,90284,2,1,Gliom,1,Gliom,evet,0.299404,0.582013,0.118583
800,801,brain_tumor_figshare/801.mat,90284,2,1,Gliom,1,Gliom,evet,0.38363,0.495704,0.120667
801,802,brain_tumor_figshare/802.mat,90284,2,1,Gliom,1,Gliom,evet,0.40844,0.462064,0.129496
802,803,brain_tumor_figshare/803.mat,90284,2,1,Gliom,0,Meningiom,hayır,0.45065,0.396006,0.153344
803,804,brain_tumor_figshare/804.mat,90284,2,1,Gliom,1,Gliom,evet,0.425972,0.427749,0.146279
804,805,brain_tumor_figshare/805.mat,90284,2,1,Gliom,0,Meningiom,hayır,0.497216,0.409543,0.093242
805,806,brain_tumor_figshare/806.mat,90284,2,1,Gliom,0,Meningiom,hayır,0.575827,0.355423,0.06875
806,807,brain_tumor_figshare/807.mat,92897,3,1,Gliom,0,Meningiom,hayır,0.926172,0.071848,0.00198
807,808,brain_tumor_figshare/808.mat,92897,3,1,Gliom,0,Meningiom,hayır,0.903941,0.090674,0.005385
808,809,brain_tumor_figshare/809.mat,93825,1,1,Gliom,0,Meningiom,hayır,0.540491,0.446745,0.012764
809,810,brain_tumor_figshare/810.mat,93825,1,1,Gliom,0,Meningiom,hayır,0.595783,0.382194,0.022023
810,811,brain_tumor_figshare/811.mat,93825,1,1,Gliom,0,Meningiom,hayır,0.638919,0.347633,0.013448
811,812,brain_tumor_figshare/812.mat,97609,2,1,Gliom,1,Gliom,evet,0.330132,0.642722,0.027146
812,813,brain_tumor_figshare/813.mat,97609,2,1,Gliom,1,Gliom,evet,0.308404,0.672748,0.018848
813,814,brain_tumor_figshare/814.mat,97609,2,1,Gliom,1,Gliom,evet,0.308577,0.671345,0.020078
814,815,brain_tumor_figshare/815.mat,97609,2,1,Gliom,1,Gliom,evet,0.178209,0.800085,0.021706
815,816,brain_tumor_figshare/816.mat,97609,2,1,Gliom,1,Gliom,evet,0.090355,0.889313,0.020332
816,817,brain_tumor_figshare/817.mat,97609,2,1,Gliom,1,Gliom,evet,0.131605,0.83032,0.038075
817,818,brain_tumor_figshare/818.mat,100416,3,1,Gliom,1,Gliom,evet,0.2494,0.728898,0.021702
818,819,brain_tumor_figshare/819.mat,100416,3,1,Gliom,0,Meningiom,hayır,0.966141,0.032572,0.001287
819,820,brain_tumor_figshare/820.mat,100416,3,1,Gliom,0,Meningiom,hayır,0.957401,0.036232,0.006367
820,821,brain_tumor_figshare/821.mat,100416,3,1,Gliom,0,Meningiom,hayır,0.815267,0.079663,0.10507
821,822,brain_tumor_figshare/822.mat,100820,3,1,Gliom,0,Meningiom,hayır,0.910446,0.076205,0.013349
822,823,brain_tumor_figshare/823.mat,100820,3,1,Gliom,0,Meningiom,hayır,0.718263,0.067045,0.214691
823,824,brain_tumor_figshare/824.mat,100820,3,1,Gliom,0,Meningiom,hayır,0.940038,0.00562,0.054341
824,825,brain_tumor_figshare/825.mat,100820,3,1,Gliom,0,Meningiom,hayır,0.973937,0.002957,0.023106
825,826,brain_tumor_figshare/826.mat,100820,3,1,Gliom,0,Meningiom,hayır,0.975701,0.002041,0.022258
826,827,brain_tumor_figshare/827.mat,100820,3,1,Gliom,0,Meningiom,hayır,0.583411,0.255359,0.16123
827,828,brain_tumor_figshare/828.mat,101020,3,1,Gliom,0,Meningiom,hayır,0.999574,2.7e-05,0.000399
828,829,brain_tumor_figshare/829.mat,101020,3,1,Gliom,0,Meningiom,hayır,0.996028,0.002095,0.001877
829,830,brain_tumor_figshare/830.mat,101020,3,1,Gliom,0,Meningiom,hayır,0.743545,0.245172,0.011284
830,831,brain_tumor_figshare/831.mat,101020,3,1,Gliom,0,Meningiom,hayır,0.69366,0.300687,0.005653
831,832,brain_tumor_figshare/832.mat,101020,3,1,Gliom,1,Gliom,evet,0.42698,0.564241,0.008779
832,833,brain_tumor_figshare/833.mat,101020,3,1,Gliom,1,Gliom,evet,0.215758,0.647123,0.137119
833,834,brain_tumor_figshare/834.mat,101384,1,1,Gliom,0,Meningiom,hayır,0.792853,0.147816,0.059332
834,835,brain_tumor_figshare/835.mat,101384,1,1,Gliom,0,Meningiom,hayır,0.531301,0.429856,0.038843
835,836,brain_tumor_figshare/836.mat,101384,1,1,Gliom,1,Gliom,evet,0.277778,0.687257,0.034966
836,837,brain_tumor_figshare/837.mat,102075,5,1,Gliom,1,Gliom,evet,0.422676,0.55471,0.022614
837,838,brain_tumor_figshare/838.mat,102075,5,1,Gliom,1,Gliom,evet,0.355288,0.633205,0.011507
838,839,brain_tumor_figshare/839.mat,102075,5,1,Gliom,0,Meningiom,hayır,0.693311,0.300815,0.005873
839,840,brain_tumor_figshare/840.mat,103148,1,1,Gliom,1,Gliom,evet,0.28336,0.684887,0.031753
840,841,brain_tumor_figshare/841.mat,103148,1,1,Gliom,1,Gliom,evet,0.301246,0.656748,0.042005
841,842,brain_tumor_figshare/842.mat,103148,1,1,Gliom,1,Gliom,evet,0.432429,0.506297,0.061274
842,843,brain_tumor_figshare/843.mat,103148,1,1,Gliom,0,Meningiom,hayır,0.600787,0.298352,0.100861
843,844,brain_tumor_figshare/844.mat,105653,2,1,Gliom,2,Hipofiz tümörü,hayır,0.252343,0.240936,0.506721
844,845,brain_tumor_figshare/845.mat,105653,2,1,Gliom,2,Hipofiz tümörü,hayır,0.194673,0.117474,0.687853
845,846,brain_tumor_figshare/846.mat,106494,5,1,Gliom,1,Gliom,evet,0.46419,0.527464,0.008346
846,847,brain_tumor_figshare/847.mat,106494,5,1,Gliom,2,Hipofiz tümörü,hayır,0.257474,0.370382,0.372144
847,848,brain_tumor_figshare/848.mat,106494,5,1,Gliom,1,Gliom,evet,0.16195,0.791138,0.046911
848,849,brain_tumor_figshare/849.mat,106494,5,1,Gliom,0,Meningiom,hayır,0.479765,0.200523,0.319712
849,850,brain_tumor_figshare/850.mat,106494,5,1,Gliom,0,Meningiom,hayır,0.707511,0.191832,0.100657
850,851,brain_tumor_figshare/851.mat,106494,5,1,Gliom,0,Meningiom,hayır,0.865235,0.057953,0.076811
851,852,brain_tumor_figshare/852.mat,106494,5,1,Gliom,0,Meningiom,hayır,0.732119,0.159941,0.10794
852,853,brain_tumor_figshare/853.mat,107747,5,1,Gliom,1,Gliom,evet,0.445144,0.516619,0.038237
853,854,brain_tumor_figshare/854.mat,107747,5,1,Gliom,1,Gliom,evet,0.381738,0.509847,0.108415
854,855,brain_tumor_figshare/855.mat,107747,5,1,Gliom,1,Gliom,evet,0.172595,0.704752,0.122653
855,856,brain_tumor_figshare/856.mat,107747,5,1,Gliom,1,Gliom,evet,0.201212,0.661912,0.136876
856,857,brain_tumor_figshare/857.mat,108479,1,1,Gliom,1,Gliom,evet,0.262903,0.424734,0.312363
857,858,brain_tumor_figshare/858.mat,108479,1,1,Gliom,1,Gliom,evet,0.218049,0.492659,0.289292
858,859,brain_tumor_figshare/859.mat,112105,4,1,Gliom,1,Gliom,evet,0.405517,0.58069,0.013793
859,860,brain_tumor_figshare/860.mat,112105,4,1,Gliom,1,Gliom,evet,0.25023,0.733894,0.015876
860,861,brain_tumor_figshare/861.mat,112105,4,1,Gliom,1,Gliom,evet,0.315525,0.619272,0.065203
861,862,brain_tumor_figshare/862.mat,112105,4,1,Gliom,1,Gliom,evet,0.22431,0.737619,0.03807
862,863,brain_tumor_figshare/863.mat,112105,4,1,Gliom,1,Gliom,evet,0.239603,0.678968,0.081429
863,864,brain_tumor_figshare/864.mat,112105,4,1,Gliom,1,Gliom,evet,0.126565,0.814566,0.058869
864,865,brain_tumor_figshare/865.mat,88670,4,1,Gliom,0,Meningiom,hayır,0.737873,0.192943,0.069184
865,866,brain_tumor_figshare/866.mat,88670,4,1,Gliom,0,Meningiom,hayır,0.891852,0.055682,0.052466
866,867,brain_tumor_figshare/867.mat,88670,4,1,Gliom,0,Meningiom,hayır,0.892573,0.028957,0.07847
867,868,brain_tumor_figshare/868.mat,88670,4,1,Gliom,0,Meningiom,hayır,0.882466,0.050095,0.067439
868,869,brain_tumor_figshare/869.mat,88670,4,1,Gliom,0,Meningiom,hayır,0.733624,0.099393,0.166983
869,870,brain_tumor_figshare/870.mat,90284,2,1,Gliom,1,Gliom,evet,0.160773,0.558288,0.280938
870,871,brain_tumor_figshare/871.mat,90284,2,1,Gliom,2,Hipofiz tümörü,hayır,0.188591,0.325344,0.486065
871,872,brain_tumor_figshare/872.mat,90284,2,1,Gliom,1,Gliom,evet,0.244508,0.643675,0.111817
872,873,brain_tumor_figshare/873.mat,90284,2,1,Gliom,2,Hipofiz tümörü,hayır,0.228272,0.195605,0.576123
873,874,brain_tumor_figshare/874.mat,90284,2,1,Gliom,2,Hipofiz tümörü,hayır,0.15584,0.043538,0.800621
874,875,brain_tumor_figshare/875.mat,90284,2,1,Gliom,2,Hipofiz tümörü,hayır,0.170736,0.071465,0.757799
875,876,brain_tumor_figshare/876.mat,90284,2,1,Gliom,2,Hipofiz tümörü,hayır,0.181075,0.17472,0.644205
876,877,brain_tumor_figshare/877.mat,90284,2,1,Gliom,1,Gliom,evet,0.212582,0.486281,0.301137
877,878,brain_tumor_figshare/878.mat,90284,2,1,Gliom,1,Gliom,evet,0.190604,0.499843,0.309553
878,879,brain_tumor_figshare/879.mat,90284,2,1,Gliom,1,Gliom,evet,0.271265,0.52905,0.199685
879,880,brain_tumor_figshare/880.mat,90284,2,1,Gliom,1,Gliom,evet,0.27959,0.667997,0.052412
880,881,brain_tumor_figshare/881.mat,92897,3,1,Gliom,1,Gliom,evet,0.157083,0.821688,0.021229
881,882,brain_tumor_figshare/882.mat,92897,3,1,Gliom,1,Gliom,evet,0.218998,0.773358,0.007644
882,883,brain_tumor_figshare/883.mat,93329,3,1,Gliom,0,Meningiom,hayır,0.973101,0.006653,0.020246
883,884,brain_tumor_figshare/884.mat,93329,3,1,Gliom,0,Meningiom,hayır,0.938873,0.017576,0.043551
884,885,brain_tumor_figshare/885.mat,93329,3,1,Gliom,0,Meningiom,hayır,0.73791,0.060393,0.201697
885,886,brain_tumor_figshare/886.mat,93329,3,1,Gliom,0,Meningiom,hayır,0.489432,0.189178,0.32139
886,887,brain_tumor_figshare/887.mat,93329,3,1,Gliom,0,Meningiom,hayır,0.463896,0.115366,0.420738
887,888,brain_tumor_figshare/888.mat,93825,1,1,Gliom,1,Gliom,evet,0.397382,0.564321,0.038296
888,889,brain_tumor_figshare/889.mat,93825,1,1,Gliom,0,Meningiom,hayır,0.617851,0.318546,0.063603
889,890,brain_tumor_figshare/890.mat,93825,1,1,Gliom,0,Meningiom,hayır,0.663058,0.271274,0.065668
890,891,brain_tumor_figshare/891.mat,93825,1,1,Gliom,1,Gliom,evet,0.255783,0.706783,0.037434
891,892,brain_tumor_figshare/892.mat,94731,3,1,Gliom,1,Gliom,evet,0.060303,0.638895,0.300802
892,893,brain_tumor_figshare/893.mat,94731,3,1,Gliom,1,Gliom,evet,0.022802,0.676762,0.300436
893,894,brain_tumor_figshare/894.mat,94731,3,1,Gliom,1,Gliom,evet,0.052377,0.884767,0.062857
894,895,brain_tumor_figshare/895.mat,95142,2,1,Gliom,2,Hipofiz tümörü,hayır,0.208528,0.061696,0.729777
895,896,brain_tumor_figshare/896.mat,95142,2,1,Gliom,2,Hipofiz tümörü,hayır,0.209305,0.052586,0.738109
896,897,brain_tumor_figshare/897.mat,95142,2,1,Gliom,2,Hipofiz tümörü,hayır,0.130804,0.028655,0.84054
897,898,brain_tumor_figshare/898.mat,95142,2,1,Gliom,2,Hipofiz tümörü,hayır,0.077245,0.011063,0.911692
898,899,brain_tumor_figshare/899.mat,95142,2,1,Gliom,2,Hipofiz tümörü,hayır,0.082452,0.009295,0.908253
899,900,brain_tumor_figshare/900.mat,95142,2,1,Gliom,2,Hipofiz tümörü,hayır,0.154155,0.090813,0.755032
900,901,brain_tumor_figshare/901.mat,95142,2,1,Gliom,1,Gliom,evet,0.21366,0.444767,0.341572
901,902,brain_tumor_figshare/902.mat,95142,2,1,Gliom,1,Gliom,evet,0.138637,0.769188,0.092175
902,903,brain_tumor_figshare/903.mat,95142,2,1,Gliom,1,Gliom,evet,0.157175,0.740701,0.102124
903,904,brain_tumor_figshare/904.mat,96587,3,1,Gliom,0,Meningiom,hayır,0.661399,0.336394,0.002208
904,905,brain_tumor_figshare/905.mat,96587,3,1,Gliom,1,Gliom,evet,0.236037,0.676498,0.087465
905,906,brain_tumor_figshare/906.mat,96587,3,1,Gliom,2,Hipofiz tümörü,hayır,0.29332,0.328776,0.377904
906,907,brain_tumor_figshare/907.mat,96587,3,1,Gliom,1,Gliom,evet,0.338839,0.385825,0.275336
907,908,brain_tumor_figshare/908.mat,97609,2,1,Gliom,1,Gliom,evet,0.297876,0.636138,0.065986
908,909,brain_tumor_figshare/909.mat,97609,2,1,Gliom,1,Gliom,evet,0.436444,0.446816,0.11674
909,910,brain_tumor_figshare/910.mat,97609,2,1,Gliom,0,Meningiom,hayır,0.481195,0.39435,0.124455
910,911,brain_tumor_figshare/911.mat,97609,2,1,Gliom,0,Meningiom,hayır,0.519092,0.321815,0.159092
911,912,brain_tumor_figshare/912.mat,98889,2,1,Gliom,1,Gliom,evet,0.2384,0.734006,0.027594
912,913,brain_tumor_figshare/913.mat,98889,2,1,Gliom,1,Gliom,evet,0.294866,0.571915,0.133219
913,914,brain_tumor_figshare/914.mat,98889,2,1,Gliom,1,Gliom,evet,0.336823,0.573194,0.089983
914,915,brain_tumor_figshare/915.mat,98889,2,1,Gliom,1,Gliom,evet,0.183409,0.694265,0.122327
915,916,brain_tumor_figshare/916.mat,98889,2,1,Gliom,1,Gliom,evet,0.122462,0.500111,0.377427
916,917,brain_tumor_figshare/917.mat,98889,2,1,Gliom,1,Gliom,evet,0.127365,0.450876,0.42176
917,918,brain_tumor_figshare/918.mat,105936,5,2,Hipofiz tümörü,2,Hipofiz tümörü,evet,0.02405,0.006324,0.969626
918,919,brain_tumor_figshare/919.mat,105936,5,2,Hipofiz tümörü,2,Hipofiz tümörü,evet,0.028532,0.0056,0.965868
919,920,brain_tumor_figshare/920.mat,105936,5,2,Hipofiz tümörü,2,Hipofiz tümörü,evet,0.026003,0.005623,0.968374
920,921,brain_tumor_figshare/921.mat,105936,5,2,Hipofiz tümörü,2,Hipofiz tümörü,evet,0.021973,0.012731,0.965296
921,922,brain_tumor_figshare/922.mat,106062,3,2,Hipofiz tümörü,2,Hipofiz tümörü,evet,0.000147,6e-05,0.999793
922,923,brain_tumor_figshare/923.mat,106062,3,2,Hipofiz tümörü,2,Hipofiz tümörü,evet,0.00045,0.000137,0.999413
923,924,brain_tumor_figshare/924.mat,106062,3,2,Hipofiz tümörü,2,Hipofiz tümörü,evet,0.002773,3.4e-05,0.997193
924,925,brain_tumor_figshare/925.mat,106062,3,2,Hipofiz tümörü,2,Hipofiz tümörü,evet,0.003819,9e-06,0.996172
925,926,brain_tumor_figshare/926.mat,107495,3,2,Hipofiz tümörü,2,Hipofiz tümörü,evet,0.330747,0.044865,0.624388
926,927,brain_tumor_figshare/927.mat,107495,3,2,Hipofiz tümörü,2,Hipofiz tümörü,evet,0.072009,0.012432,0.915559
927,928,brain_tumor_figshare/928.mat,107495,3,2,Hipofiz tümörü,2,Hipofiz tümörü,evet,0.050573,0.002653,0.946774
928,929,brain_tumor_figshare/929.mat,107495,3,2,Hipofiz tümörü,2,Hipofiz tümörü,evet,0.028919,0.002229,0.968853
929,930,brain_tumor_figshare/930.mat,107495,3,2,Hipofiz tümörü,2,Hipofiz tümörü,evet,0.040015,0.000948,0.959037
930,931,brain_tumor_figshare/931.mat,107495,3,2,Hipofiz tümörü,2,Hipofiz tümörü,evet,0.057771,0.000293,0.941937
931,932,brain_tumor_figshare/932.mat,107495,3,2,Hipofiz tümörü,2,Hipofiz tümörü,evet,0.055102,0.000221,0.944677
932,933,brain_tumor_figshare/933.mat,107429,1,2,Hipofiz tümörü,2,Hipofiz tümörü,evet,0.099954,0.040735,0.859311
933,934,brain_tumor_figshare/934.mat,107429,1,2,Hipofiz tümörü,2,Hipofiz tümörü,evet,0.161007,0.035146,0.803846
934,935,brain_tumor_figshare/935.mat,107429,1,2,Hipofiz tümörü,2,Hipofiz tümörü,evet,0.162994,0.076767,0.76024
935,936,brain_tumor_figshare/936.mat,107429,1,2,Hipofiz tümörü,2,Hipofiz tümörü,evet,0.195941,0.105491,0.698568
936,937,brain_tumor_figshare/937.mat,107429,1,2,Hipofiz tümörü,2,Hipofiz tümörü,evet,0.235302,0.143461,0.621237
937,938,brain_tumor_figshare/938.mat,107429,1,2,Hipofiz tümörü,2,Hipofiz tümörü,evet,0.186107,0.195301,0.618592
938,939,brain_tumor_figshare/939.mat,107505,5,2,Hipofiz tümörü,2,Hipofiz tümörü,evet,0.007107,0.001991,0.990902
939,940,brain_tumor_figshare/940.mat,107505,5,2,Hipofiz tümörü,2,Hipofiz tümörü,evet,0.005237,0.002292,0.99247
940,941,brain_tumor_figshare/941.mat,107505,5,2,Hipofiz tümörü,2,Hipofiz tümörü,evet,0.003827,0.003426,0.992747
941,942,brain_tumor_figshare/942.mat,107505,5,2,Hipofiz tümörü,2,Hipofiz tümörü,evet,0.011563,0.007581,0.980856
942,943,brain_tumor_figshare/943.mat,107505,5,2,Hipofiz tümörü,2,Hipofiz tümörü,evet,0.011471,0.003481,0.985049
943,944,brain_tumor_figshare/944.mat,107505,5,2,Hipofiz tümörü,2,Hipofiz tümörü,evet,0.010222,0.00241,0.987368
944,945,brain_tumor_figshare/945.mat,107505,5,2,Hipofiz tümörü,2,Hipofiz tümörü,evet,0.019779,0.015209,0.965012
945,946,brain_tumor_figshare/946.mat,107743,5,2,Hipofiz tümörü,2,Hipofiz tümörü,evet,0.068482,0.184367,0.747151
946,947,brain_tumor_figshare/947.mat,107743,5,2,Hipofiz tümörü,2,Hipofiz tümörü,evet,0.115551,0.138896,0.745553
947,948,brain_tumor_figshare/948.mat,107743,5,2,Hipofiz tümörü,2,Hipofiz tümörü,evet,0.193956,0.068453,0.737591
948,949,brain_tumor_figshare/949.mat,107743,5,2,Hipofiz tümörü,2,Hipofiz tümörü,evet,0.293436,0.056069,0.650495
949,950,brain_tumor_figshare/950.mat,108858,1,2,Hipofiz tümörü,2,Hipofiz tümörü,evet,0.019647,0.007529,0.972824
950,951,brain_tumor_figshare/951.mat,108858,1,2,Hipofiz tümörü,2,Hipofiz tümörü,evet,0.027359,0.003414,0.969227
951,952,brain_tumor_figshare/952.mat,108858,1,2,Hipofiz tümörü,2,Hipofiz tümörü,evet,0.037923,0.002562,0.959515
952,953,brain_tumor_figshare/953.mat,108858,1,2,Hipofiz tümörü,2,Hipofiz tümörü,evet,0.047617,0.003302,0.949081
953,954,brain_tumor_figshare/954.mat,108858,1,2,Hipofiz tümörü,2,Hipofiz tümörü,evet,0.02563,0.005829,0.96854
954,955,brain_tumor_figshare/955.mat,108931,4,2,Hipofiz tümörü,2,Hipofiz tümörü,evet,0.027999,0.00795,0.96405
955,956,brain_tumor_figshare/956.mat,108931,4,2,Hipofiz tümörü,2,Hipofiz tümörü,evet,0.030095,0.010205,0.9597
956,957,brain_tumor_figshare/957.mat,108931,4,2,Hipofiz tümörü,2,Hipofiz tümörü,evet,0.039194,0.031066,0.92974
957,958,brain_tumor_figshare/958.mat,109471,3,2,Hipofiz tümörü,2,Hipofiz tümörü,evet,0.013034,0.007527,0.979439
958,959,brain_tumor_figshare/959.mat,109471,3,2,Hipofiz tümörü,2,Hipofiz tümörü,evet,0.027531,0.001479,0.97099
959,960,brain_tumor_figshare/960.mat,109471,3,2,Hipofiz tümörü,2,Hipofiz tümörü,evet,0.020415,0.005683,0.973902
960,961,brain_tumor_figshare/961.mat,109471,3,2,Hipofiz tümörü,2,Hipofiz tümörü,evet,0.052711,0.030527,0.916762
961,962,brain_tumor_figshare/962.mat,109769,2,2,Hipofiz tümörü,2,Hipofiz tümörü,evet,0.080633,0.071033,0.848334
962,963,brain_tumor_figshare/963.mat,109769,2,2,Hipofiz tümörü,2,Hipofiz tümörü,evet,0.078826,0.049398,0.871776
963,964,brain_tumor_figshare/964.mat,109769,2,2,Hipofiz tümörü,2,Hipofiz tümörü,evet,0.089481,0.049167,0.861352
964,965,brain_tumor_figshare/965.mat,109769,2,2,Hipofiz tümörü,2,Hipofiz tümörü,evet,0.090952,0.027712,0.881336
965,966,brain_tumor_figshare/966.mat,109898,3,2,Hipofiz tümörü,2,Hipofiz tümörü,evet,0.024725,0.002525,0.97275
966,967,brain_tumor_figshare/967.mat,109898,3,2,Hipofiz tümörü,2,Hipofiz tümörü,evet,0.010777,0.006243,0.98298
967,968,brain_tumor_figshare/968.mat,109898,3,2,Hipofiz tümörü,2,Hipofiz tümörü,evet,0.027983,0.013835,0.958181
968,969,brain_tumor_figshare/969.mat,109898,3,2,Hipofiz tümörü,2,Hipofiz tümörü,evet,0.066572,0.017158,0.91627
969,970,brain_tumor_figshare/970.mat,109898,3,2,Hipofiz tümörü,2,Hipofiz tümörü,evet,0.06251,0.010119,0.927372
970,971,brain_tumor_figshare/971.mat,109898,3,2,Hipofiz tümörü,2,Hipofiz tümörü,evet,0.056586,0.003636,0.939778
971,972,brain_tumor_figshare/972.mat,110518,2,2,Hipofiz tümörü,1,Gliom,hayır,0.161954,0.791223,0.046823
972,973,brain_tumor_figshare/973.mat,110518,2,2,Hipofiz tümörü,1,Gliom,hayır,0.185185,0.728131,0.086684
973,974,brain_tumor_figshare/974.mat,110537,5,2,Hipofiz tümörü,0,Meningiom,hayır,0.469501,0.204604,0.325895
974,975,brain_tumor_figshare/975.mat,110537,5,2,Hipofiz tümörü,2,Hipofiz tümörü,evet,0.26944,0.34373,0.386829
975,976,brain_tumor_figshare/976.mat,110993,4,2,Hipofiz tümörü,2,Hipofiz tümörü,evet,0.073988,0.004631,0.921381
976,977,brain_tumor_figshare/977.mat,110993,4,2,Hipofiz tümörü,2,Hipofiz tümörü,evet,0.023098,0.000938,0.975964
977,978,brain_tumor_figshare/978.mat,110993,4,2,Hipofiz tümörü,2,Hipofiz tümörü,evet,0.01061,0.000589,0.988801
978,979,brain_tumor_figshare/979.mat,110993,4,2,Hipofiz tümörü,2,Hipofiz tümörü,evet,0.009253,0.000652,0.990096
979,980,brain_tumor_figshare/980.mat,111075,2,2,Hipofiz tümörü,2,Hipofiz tümörü,evet,0.006093,0.000455,0.993452
980,981,brain_tumor_figshare/981.mat,111075,2,2,Hipofiz tümörü,2,Hipofiz tümörü,evet,0.003804,0.00051,0.995686
981,982,brain_tumor_figshare/982.mat,111075,2,2,Hipofiz tümörü,2,Hipofiz tümörü,evet,0.004342,0.001011,0.994647
982,983,brain_tumor_figshare/983.mat,111075,2,2,Hipofiz tümörü,2,Hipofiz tümörü,evet,0.006651,0.001388,0.991961
983,984,brain_tumor_figshare/984.mat,111075,2,2,Hipofiz tümörü,2,Hipofiz tümörü,evet,0.013176,0.00219,0.984634
984,985,brain_tumor_figshare/985.mat,111075,2,2,Hipofiz tümörü,2,Hipofiz tümörü,evet,0.022068,0.006599,0.971334
985,986,brain_tumor_figshare/986.mat,111125,5,2,Hipofiz tümörü,2,Hipofiz tümörü,evet,0.02875,0.000808,0.970442
986,987,brain_tumor_figshare/987.mat,111125,5,2,Hipofiz tümörü,2,Hipofiz tümörü,evet,0.024473,0.001934,0.973593
987,988,brain_tumor_figshare/988.mat,111125,5,2,Hipofiz tümörü,2,Hipofiz tümörü,evet,0.032242,0.007469,0.960289
988,989,brain_tumor_figshare/989.mat,111125,5,2,Hipofiz tümörü,2,Hipofiz tümörü,evet,0.044118,0.022401,0.933481
989,990,brain_tumor_figshare/990.mat,111785,5,2,Hipofiz tümörü,2,Hipofiz tümörü,evet,0.025317,0.031207,0.943476
990,991,brain_tumor_figshare/991.mat,111785,5,2,Hipofiz tümörü,2,Hipofiz tümörü,evet,0.042795,0.023844,0.933361
991,992,brain_tumor_figshare/992.mat,111785,5,2,Hipofiz tümörü,2,Hipofiz tümörü,evet,0.050981,0.014347,0.934671
992,993,brain_tumor_figshare/993.mat,111785,5,2,Hipofiz tümörü,2,Hipofiz tümörü,evet,0.058365,0.013824,0.92781
993,994,brain_tumor_figshare/994.mat,112074,1,2,Hipofiz tümörü,1,Gliom,hayır,0.424037,0.532885,0.043078
994,995,brain_tumor_figshare/995.mat,112074,1,2,Hipofiz tümörü,1,Gliom,hayır,0.44261,0.508298,0.049091
995,996,brain_tumor_figshare/996.mat,112074,1,2,Hipofiz tümörü,1,Gliom,hayır,0.411907,0.544921,0.043172
996,997,brain_tumor_figshare/997.mat,112074,1,2,Hipofiz tümörü,0,Meningiom,hayır,0.546424,0.383925,0.069652
997,998,brain_tumor_figshare/998.mat,112649,5,2,Hipofiz tümörü,2,Hipofiz tümörü,evet,0.030506,0.011101,0.958394
998,999,brain_tumor_figshare/999.mat,112649,5,2,Hipofiz tümörü,2,Hipofiz tümörü,evet,0.021236,0.006403,0.972361
999,1000,brain_tumor_figshare/1000.mat,112649,5,2,Hipofiz tümörü,2,Hipofiz tümörü,evet,0.025296,0.006293,0.968411
1000,1001,brain_tumor_figshare/1001.mat,112649,5,2,Hipofiz tümörü,2,Hipofiz tümörü,evet,0.049144,0.007186,0.943669
1001,1002,brain_tumor_figshare/1002.mat,112649,5,2,Hipofiz tümörü,2,Hipofiz tümörü,evet,0.037469,0.002367,0.960164
1002,1003,brain_tumor_figshare/1003.mat,112746,1,2,Hipofiz tümörü,0,Meningiom,hayır,0.410944,0.361797,0.227259
1003,1004,brain_tumor_figshare/1004.mat,112746,1,2,Hipofiz tümörü,2,Hipofiz tümörü,evet,0.257714,0.33522,0.407066
1004,1005,brain_tumor_figshare/1005.mat,112746,1,2,Hipofiz tümörü,2,Hipofiz tümörü,evet,0.221468,0.348366,0.430167
1005,1006,brain_tumor_figshare/1006.mat,112847,5,2,Hipofiz tümörü,2,Hipofiz tümörü,evet,0.008892,0.003422,0.987685
1006,1007,brain_tumor_figshare/1007.mat,112847,5,2,Hipofiz tümörü,2,Hipofiz tümörü,evet,0.004643,0.01107,0.984288
1007,1008,brain_tumor_figshare/1008.mat,112847,5,2,Hipofiz tümörü,2,Hipofiz tümörü,evet,0.003251,0.012449,0.984299
1008,1009,brain_tumor_figshare/1009.mat,112847,5,2,Hipofiz tümörü,2,Hipofiz tümörü,evet,0.005774,0.025008,0.969218
1009,1010,brain_tumor_figshare/1010.mat,113274,3,2,Hipofiz tümörü,2,Hipofiz tümörü,evet,0.200277,0.015095,0.784628
1010,1011,brain_tumor_figshare/1011.mat,113274,3,2,Hipofiz tümörü,2,Hipofiz tümörü,evet,0.298587,0.027526,0.673887
1011,1012,brain_tumor_figshare/1012.mat,113274,3,2,Hipofiz tümörü,2,Hipofiz tümörü,evet,0.184023,0.037324,0.778653
1012,1013,brain_tumor_figshare/1013.mat,113741,3,2,Hipofiz tümörü,0,Meningiom,hayır,0.539268,0.009198,0.451534
1013,1014,brain_tumor_figshare/1014.mat,113741,3,2,Hipofiz tümörü,0,Meningiom,hayır,0.59796,0.003807,0.398233
1014,1015,brain_tumor_figshare/1015.mat,114040,4,2,Hipofiz tümörü,2,Hipofiz tümörü,evet,0.167997,0.104774,0.727229
1015,1016,brain_tumor_figshare/1016.mat,114040,4,2,Hipofiz tümörü,2,Hipofiz tümörü,evet,0.126783,0.049777,0.823441
1016,1017,brain_tumor_figshare/1017.mat,114040,4,2,Hipofiz tümörü,2,Hipofiz tümörü,evet,0.160602,0.045563,0.793835
1017,1018,brain_tumor_figshare/1018.mat,114361,4,2,Hipofiz tümörü,2,Hipofiz tümörü,evet,0.070582,0.283414,0.646004
1018,1019,brain_tumor_figshare/1019.mat,114361,4,2,Hipofiz tümörü,1,Gliom,hayır,0.043028,0.630163,0.326809
1019,1020,brain_tumor_figshare/1020.mat,114361,4,2,Hipofiz tümörü,1,Gliom,hayır,0.054678,0.517472,0.42785
1020,1021,brain_tumor_figshare/1021.mat,114094,1,2,Hipofiz tümörü,2,Hipofiz tümörü,evet,0.297236,0.152647,0.550118
1021,1022,brain_tumor_figshare/1022.mat,114094,1,2,Hipofiz tümörü,2,Hipofiz tümörü,evet,0.203743,0.059614,0.736643
1022,1023,brain_tumor_figshare/1023.mat,114094,1,2,Hipofiz tümörü,2,Hipofiz tümörü,evet,0.143232,0.041766,0.815002
1023,1024,brain_tumor_figshare/1024.mat,114094,1,2,Hipofiz tümörü,2,Hipofiz tümörü,evet,0.114745,0.055546,0.829709
1024,1025,brain_tumor_figshare/1025.mat,101017,2,2,Hipofiz tümörü,2,Hipofiz tümörü,evet,0.011323,0.008036,0.980641
1025,1026,brain_tumor_figshare/1026.mat,101017,2,2,Hipofiz tümörü,2,Hipofiz tümörü,evet,0.015332,0.008131,0.976537
1026,1027,brain_tumor_figshare/1027.mat,101017,2,2,Hipofiz tümörü,2,Hipofiz tümörü,evet,0.017251,0.015024,0.967724
1027,1028,brain_tumor_figshare/1028.mat,101017,2,2,Hipofiz tümörü,2,Hipofiz tümörü,evet,0.013838,0.009791,0.976371
1028,1029,brain_tumor_figshare/1029.mat,101017,2,2,Hipofiz tümörü,2,Hipofiz tümörü,evet,0.008588,0.003621,0.987792
1029,1030,brain_tumor_figshare/1030.mat,101029,1,2,Hipofiz tümörü,2,Hipofiz tümörü,evet,0.045315,0.028383,0.926302
1030,1031,brain_tumor_figshare/1031.mat,101029,1,2,Hipofiz tümörü,2,Hipofiz tümörü,evet,0.050929,0.026594,0.922477
1031,1032,brain_tumor_figshare/1032.mat,101029,1,2,Hipofiz tümörü,2,Hipofiz tümörü,evet,0.04068,0.040316,0.919004
1032,1033,brain_tumor_figshare/1033.mat,101029,1,2,Hipofiz tümörü,2,Hipofiz tümörü,evet,0.050461,0.093636,0.855904
1033,1034,brain_tumor_figshare/1034.mat,105936,5,2,Hipofiz tümörü,2,Hipofiz tümörü,evet,0.017348,0.028556,0.954096
1034,1035,brain_tumor_figshare/1035.mat,106062,3,2,Hipofiz tümörü,2,Hipofiz tümörü,evet,0.001088,0.002619,0.996293
1035,1036,brain_tumor_figshare/1036.mat,106062,3,2,Hipofiz tümörü,2,Hipofiz tümörü,evet,0.000235,0.00396,0.995805
1036,1037,brain_tumor_figshare/1037.mat,106062,3,2,Hipofiz tümörü,2,Hipofiz tümörü,evet,0.00019,0.017727,0.982083
1037,1038,brain_tumor_figshare/1038.mat,106062,3,2,Hipofiz tümörü,2,Hipofiz tümörü,evet,0.00021,0.008271,0.991519
1038,1039,brain_tumor_figshare/1039.mat,106062,3,2,Hipofiz tümörü,2,Hipofiz tümörü,evet,0.000503,0.004737,0.99476
1039,1040,brain_tumor_figshare/1040.mat,106062,3,2,Hipofiz tümörü,2,Hipofiz tümörü,evet,0.001219,0.00322,0.995561
1040,1041,brain_tumor_figshare/1041.mat,106062,3,2,Hipofiz tümörü,2,Hipofiz tümörü,evet,0.005813,0.023022,0.971165
1041,1042,brain_tumor_figshare/1042.mat,107495,3,2,Hipofiz tümörü,2,Hipofiz tümörü,evet,0.043331,0.002924,0.953745
1042,1043,brain_tumor_figshare/1043.mat,107495,3,2,Hipofiz tümörü,2,Hipofiz tümörü,evet,0.011522,0.001193,0.987285
1043,1044,brain_tumor_figshare/1044.mat,107495,3,2,Hipofiz tümörü,2,Hipofiz tümörü,evet,0.005356,0.000129,0.994516
1044,1045,brain_tumor_figshare/1045.mat,107495,3,2,Hipofiz tümörü,2,Hipofiz tümörü,evet,0.01216,1.1e-05,0.987829
1045,1046,brain_tumor_figshare/1046.mat,107495,3,2,Hipofiz tümörü,2,Hipofiz tümörü,evet,0.01156,3e-06,0.988438
1046,1047,brain_tumor_figshare/1047.mat,107429,1,2,Hipofiz tümörü,2,Hipofiz tümörü,evet,0.006273,0.046851,0.946875
1047,1048,brain_tumor_figshare/1048.mat,107429,1,2,Hipofiz tümörü,2,Hipofiz tümörü,evet,0.005171,0.034229,0.9606
1048,1049,brain_tumor_figshare/1049.mat,107429,1,2,Hipofiz tümörü,2,Hipofiz tümörü,evet,0.004058,0.026926,0.969016
1049,1050,brain_tumor_figshare/1050.mat,107429,1,2,Hipofiz tümörü,2,Hipofiz tümörü,evet,0.004083,0.0203,0.975616
1050,1051,brain_tumor_figshare/1051.mat,107429,1,2,Hipofiz tümörü,2,Hipofiz tümörü,evet,0.003398,0.027426,0.969176
1051,1052,brain_tumor_figshare/1052.mat,107429,1,2,Hipofiz tümörü,2,Hipofiz tümörü,evet,0.003712,0.028418,0.96787
1052,1053,brain_tumor_figshare/1053.mat,107429,1,2,Hipofiz tümörü,2,Hipofiz tümörü,evet,0.013111,0.0259,0.960989
1053,1054,brain_tumor_figshare/1054.mat,107505,5,2,Hipofiz tümörü,2,Hipofiz tümörü,evet,0.021635,0.001083,0.977281
1054,1055,brain_tumor_figshare/1055.mat,107505,5,2,Hipofiz tümörü,2,Hipofiz tümörü,evet,0.025248,0.000809,0.973942
1055,1056,brain_tumor_figshare/1056.mat,107505,5,2,Hipofiz tümörü,2,Hipofiz tümörü,evet,0.044309,0.000846,0.954845
1056,1057,brain_tumor_figshare/1057.mat,107505,5,2,Hipofiz tümörü,2,Hipofiz tümörü,evet,0.07129,0.000796,0.927914
1057,1058,brain_tumor_figshare/1058.mat,107505,5,2,Hipofiz tümörü,2,Hipofiz tümörü,evet,0.085427,0.000773,0.9138
1058,1059,brain_tumor_figshare/1059.mat,107743,5,2,Hipofiz tümörü,2,Hipofiz tümörü,evet,0.014543,0.00311,0.982347
1059,1060,brain_tumor_figshare/1060.mat,107743,5,2,Hipofiz tümörü,2,Hipofiz tümörü,evet,0.018258,0.000919,0.980823
1060,1061,brain_tumor_figshare/1061.mat,107743,5,2,Hipofiz tümörü,2,Hipofiz tümörü,evet,0.007466,0.000579,0.991956
1061,1062,brain_tumor_figshare/1062.mat,107743,5,2,Hipofiz tümörü,2,Hipofiz tümörü,evet,0.006269,0.000366,0.993365
1062,1063,brain_tumor_figshare/1063.mat,107743,5,2,Hipofiz tümörü,2,Hipofiz tümörü,evet,0.009027,0.00023,0.990743
1063,1064,brain_tumor_figshare/1064.mat,107743,5,2,Hipofiz tümörü,2,Hipofiz tümörü,evet,0.015152,0.000189,0.984659
1064,1065,brain_tumor_figshare/1065.mat,108858,1,2,Hipofiz tümörü,2,Hipofiz tümörü,evet,0.136688,0.019188,0.844124
1065,1066,brain_tumor_figshare/1066.mat,108858,1,2,Hipofiz tümörü,2,Hipofiz tümörü,evet,0.169827,0.017148,0.813025
1066,1067,brain_tumor_figshare/1067.mat,108858,1,2,Hipofiz tümörü,2,Hipofiz tümörü,evet,0.162627,0.014752,0.822621
1067,1068,brain_tumor_figshare/1068.mat,108858,1,2,Hipofiz tümörü,2,Hipofiz tümörü,evet,0.165036,0.014732,0.820233
1068,1069,brain_tumor_figshare/1069.mat,108858,1,2,Hipofiz tümörü,2,Hipofiz tümörü,evet,0.222076,0.027021,0.750903
1069,1070,brain_tumor_figshare/1070.mat,108931,4,2,Hipofiz tümörü,2,Hipofiz tümörü,evet,0.046144,0.003391,0.950465
1070,1071,brain_tumor_figshare/1071.mat,108931,4,2,Hipofiz tümörü,2,Hipofiz tümörü,evet,0.030845,0.002201,0.966954
1071,1072,brain_tumor_figshare/1072.mat,108931,4,2,Hipofiz tümörü,2,Hipofiz tümörü,evet,0.033581,0.001965,0.964455
1072,1073,brain_tumor_figshare/1073.mat,108931,4,2,Hipofiz tümörü,2,Hipofiz tümörü,evet,0.050788,0.003113,0.946099
1073,1074,brain_tumor_figshare/1074.mat,108931,4,2,Hipofiz tümörü,2,Hipofiz tümörü,evet,0.094099,0.009401,0.896501
1074,1075,brain_tumor_figshare/1075.mat,108931,4,2,Hipofiz tümörü,2,Hipofiz tümörü,evet,0.042263,0.012699,0.945039
1075,1076,brain_tumor_figshare/1076.mat,108931,4,2,Hipofiz tümörü,2,Hipofiz tümörü,evet,0.027362,0.003611,0.969027
1076,1077,brain_tumor_figshare/1077.mat,109471,3,2,Hipofiz tümörü,2,Hipofiz tümörü,evet,0.065038,0.000339,0.934623
1077,1078,brain_tumor_figshare/1078.mat,109471,3,2,Hipofiz tümörü,2,Hipofiz tümörü,evet,0.130964,9.5e-05,0.868942
1078,1079,brain_tumor_figshare/1079.mat,109471,3,2,Hipofiz tümörü,2,Hipofiz tümörü,evet,0.035059,2.2e-05,0.964919
1079,1080,brain_tumor_figshare/1080.mat,109471,3,2,Hipofiz tümörü,2,Hipofiz tümörü,evet,0.010628,2e-05,0.989353
1080,1081,brain_tumor_figshare/1081.mat,109471,3,2,Hipofiz tümörü,2,Hipofiz tümörü,evet,0.025891,1.8e-05,0.97409
1081,1082,brain_tumor_figshare/1082.mat,109471,3,2,Hipofiz tümörü,2,Hipofiz tümörü,evet,0.0408,1.8e-05,0.959182
1082,1083,brain_tumor_figshare/1083.mat,109769,2,2,Hipofiz tümörü,2,Hipofiz tümörü,evet,0.02077,0.00043,0.9788
1083,1084,brain_tumor_figshare/1084.mat,109769,2,2,Hipofiz tümörü,2,Hipofiz tümörü,evet,0.016579,0.000281,0.98314
1084,1085,brain_tumor_figshare/1085.mat,109769,2,2,Hipofiz tümörü,2,Hipofiz tümörü,evet,0.011177,0.000263,0.98856
1085,1086,brain_tumor_figshare/1086.mat,109769,2,2,Hipofiz tümörü,2,Hipofiz tümörü,evet,0.006193,0.00013,0.993677
1086,1087,brain_tumor_figshare/1087.mat,109769,2,2,Hipofiz tümörü,2,Hipofiz tümörü,evet,0.007866,0.000252,0.991883
1087,1088,brain_tumor_figshare/1088.mat,109898,3,2,Hipofiz tümörü,2,Hipofiz tümörü,evet,0.046956,0.000196,0.952848
1088,1089,brain_tumor_figshare/1089.mat,109898,3,2,Hipofiz tümörü,2,Hipofiz tümörü,evet,0.018634,3.8e-05,0.981327
1089,1090,brain_tumor_figshare/1090.mat,109898,3,2,Hipofiz tümörü,2,Hipofiz tümörü,evet,0.008248,2.5e-05,0.991726
1090,1091,brain_tumor_figshare/1091.mat,109898,3,2,Hipofiz tümörü,2,Hipofiz tümörü,evet,0.007498,7e-06,0.992494
1091,1092,brain_tumor_figshare/1092.mat,109898,3,2,Hipofiz tümörü,2,Hipofiz tümörü,evet,0.00217,2e-06,0.997828
1092,1093,brain_tumor_figshare/1093.mat,109898,3,2,Hipofiz tümörü,2,Hipofiz tümörü,evet,0.007414,6e-06,0.99258
1093,1094,brain_tumor_figshare/1094.mat,110518,2,2,Hipofiz tümörü,2,Hipofiz tümörü,evet,0.008826,4.3e-05,0.991131
1094,1095,brain_tumor_figshare/1095.mat,110518,2,2,Hipofiz tümörü,2,Hipofiz tümörü,evet,0.004898,1.9e-05,0.995082
1095,1096,brain_tumor_figshare/1096.mat,110518,2,2,Hipofiz tümörü,2,Hipofiz tümörü,evet,0.003008,1.2e-05,0.99698
1096,1097,brain_tumor_figshare/1097.mat,110518,2,2,Hipofiz tümörü,2,Hipofiz tümörü,evet,0.00229,1.2e-05,0.997698
1097,1098,brain_tumor_figshare/1098.mat,110518,2,2,Hipofiz tümörü,2,Hipofiz tümörü,evet,0.001897,1e-05,0.998093
1098,1099,brain_tumor_figshare/1099.mat,110518,2,2,Hipofiz tümörü,2,Hipofiz tümörü,evet,0.001401,3e-06,0.998595
1099,1100,brain_tumor_figshare/1100.mat,110537,5,2,Hipofiz tümörü,2,Hipofiz tümörü,evet,0.045391,0.002965,0.951644
1100,1101,brain_tumor_figshare/1101.mat,110537,5,2,Hipofiz tümörü,2,Hipofiz tümörü,evet,0.040732,0.001388,0.95788
1101,1102,brain_tumor_figshare/1102.mat,110537,5,2,Hipofiz tümörü,2,Hipofiz tümörü,evet,0.041884,0.001031,0.957086
1102,1103,brain_tumor_figshare/1103.mat,110537,5,2,Hipofiz tümörü,2,Hipofiz tümörü,evet,0.107846,0.000544,0.891609
1103,1104,brain_tumor_figshare/1104.mat,110537,5,2,Hipofiz tümörü,2,Hipofiz tümörü,evet,0.108809,0.000729,0.890462
1104,1105,brain_tumor_figshare/1105.mat,110537,5,2,Hipofiz tümörü,2,Hipofiz tümörü,evet,0.111851,0.000754,0.887395
1105,1106,brain_tumor_figshare/1106.mat,110537,5,2,Hipofiz tümörü,2,Hipofiz tümörü,evet,0.117692,0.000652,0.881655
1106,1107,brain_tumor_figshare/1107.mat,110993,4,2,Hipofiz tümörü,2,Hipofiz tümörü,evet,0.000788,0.0,0.999212
1107,1108,brain_tumor_figshare/1108.mat,110993,4,2,Hipofiz tümörü,2,Hipofiz tümörü,evet,0.000459,0.0,0.999541
1108,1109,brain_tumor_figshare/1109.mat,110993,4,2,Hipofiz tümörü,2,Hipofiz tümörü,evet,0.000343,0.0,0.999657
1109,1110,brain_tumor_figshare/1110.mat,110993,4,2,Hipofiz tümörü,2,Hipofiz tümörü,evet,0.000129,0.0,0.999871
1110,1111,brain_tumor_figshare/1111.mat,110993,4,2,Hipofiz tümörü,2,Hipofiz tümörü,evet,0.000132,0.0,0.999868
1111,1112,brain_tumor_figshare/1112.mat,111075,2,2,Hipofiz tümörü,2,Hipofiz tümörü,evet,0.133815,0.109111,0.757074
1112,1113,brain_tumor_figshare/1113.mat,111075,2,2,Hipofiz tümörü,2,Hipofiz tümörü,evet,0.211632,0.128082,0.660286
1113,1114,brain_tumor_figshare/1114.mat,111075,2,2,Hipofiz tümörü,2,Hipofiz tümörü,evet,0.237037,0.119641,0.643322
1114,1115,brain_tumor_figshare/1115.mat,111075,2,2,Hipofiz tümörü,2,Hipofiz tümörü,evet,0.206994,0.11757,0.675436
1115,1116,brain_tumor_figshare/1116.mat,111075,2,2,Hipofiz tümörü,2,Hipofiz tümörü,evet,0.175083,0.103324,0.721594
1116,1117,brain_tumor_figshare/1117.mat,111075,2,2,Hipofiz tümörü,2,Hipofiz tümörü,evet,0.112221,0.128987,0.758792
1117,1118,brain_tumor_figshare/1118.mat,111125,5,2,Hipofiz tümörü,2,Hipofiz tümörü,evet,0.014977,0.000182,0.984841
1118,1119,brain_tumor_figshare/1119.mat,111125,5,2,Hipofiz tümörü,2,Hipofiz tümörü,evet,0.007993,7.8e-05,0.991929
1119,1120,brain_tumor_figshare/1120.mat,111125,5,2,Hipofiz tümörü,2,Hipofiz tümörü,evet,0.008204,3.5e-05,0.991761
1120,1121,brain_tumor_figshare/1121.mat,111125,5,2,Hipofiz tümörü,2,Hipofiz tümörü,evet,0.003833,1.6e-05,0.996151
1121,1122,brain_tumor_figshare/1122.mat,111125,5,2,Hipofiz tümörü,2,Hipofiz tümörü,evet,0.003287,8e-06,0.996705
1122,1123,brain_tumor_figshare/1123.mat,111125,5,2,Hipofiz tümörü,2,Hipofiz tümörü,evet,0.003349,2e-06,0.996649
1123,1124,brain_tumor_figshare/1124.mat,111785,5,2,Hipofiz tümörü,2,Hipofiz tümörü,evet,0.106964,0.0218,0.871236
1124,1125,brain_tumor_figshare/1125.mat,111785,5,2,Hipofiz tümörü,2,Hipofiz tümörü,evet,0.152692,0.018958,0.82835
1125,1126,brain_tumor_figshare/1126.mat,111785,5,2,Hipofiz tümörü,2,Hipofiz tümörü,evet,0.119548,0.027184,0.853268
1126,1127,brain_tumor_figshare/1127.mat,111785,5,2,Hipofiz tümörü,2,Hipofiz tümörü,evet,0.097394,0.013396,0.889209
1127,1128,brain_tumor_figshare/1128.mat,111785,5,2,Hipofiz tümörü,2,Hipofiz tümörü,evet,0.188119,0.015396,0.796485
1128,1129,brain_tumor_figshare/1129.mat,112074,1,2,Hipofiz tümörü,1,Gliom,hayır,0.12549,0.821723,0.052788
1129,1130,brain_tumor_figshare/1130.mat,112074,1,2,Hipofiz tümörü,1,Gliom,hayır,0.165206,0.736436,0.098358
1130,1131,brain_tumor_figshare/1131.mat,112074,1,2,Hipofiz tümörü,1,Gliom,hayır,0.253743,0.670546,0.075711
1131,1132,brain_tumor_figshare/1132.mat,112074,1,2,Hipofiz tümörü,1,Gliom,hayır,0.30539,0.631666,0.062944
1132,1133,brain_tumor_figshare/1133.mat,112074,1,2,Hipofiz tümörü,1,Gliom,hayır,0.396862,0.5291,0.074038
1133,1134,brain_tumor_figshare/1134.mat,112649,5,2,Hipofiz tümörü,2,Hipofiz tümörü,evet,0.118124,0.003111,0.878765
1134,1135,brain_tumor_figshare/1135.mat,112649,5,2,Hipofiz tümörü,2,Hipofiz tümörü,evet,0.041182,0.002645,0.956172
1135,1136,brain_tumor_figshare/1136.mat,112649,5,2,Hipofiz tümörü,2,Hipofiz tümörü,evet,0.024918,0.001495,0.973587
1136,1137,brain_tumor_figshare/1137.mat,112649,5,2,Hipofiz tümörü,2,Hipofiz tümörü,evet,0.012464,0.001193,0.986343
1137,1138,brain_tumor_figshare/1138.mat,112649,5,2,Hipofiz tümörü,2,Hipofiz tümörü,evet,0.022241,0.001092,0.976667
1138,1139,brain_tumor_figshare/1139.mat,112649,5,2,Hipofiz tümörü,2,Hipofiz tümörü,evet,0.045198,0.001173,0.953629
1139,1140,brain_tumor_figshare/1140.mat,112746,1,2,Hipofiz tümörü,2,Hipofiz tümörü,evet,0.008054,3.7e-05,0.991909
1140,1141,brain_tumor_figshare/1141.mat,112746,1,2,Hipofiz tümörü,2,Hipofiz tümörü,evet,0.005021,2.8e-05,0.994951
1141,1142,brain_tumor_figshare/1142.mat,112746,1,2,Hipofiz tümörü,2,Hipofiz tümörü,evet,0.00291,1.3e-05,0.997077
1142,1143,brain_tumor_figshare/1143.mat,112746,1,2,Hipofiz tümörü,2,Hipofiz tümörü,evet,0.0009,8e-06,0.999093
1143,1144,brain_tumor_figshare/1144.mat,112847,5,2,Hipofiz tümörü,2,Hipofiz tümörü,evet,0.044734,0.018848,0.936419
1144,1145,brain_tumor_figshare/1145.mat,112847,5,2,Hipofiz tümörü,2,Hipofiz tümörü,evet,0.098697,0.00955,0.891753
1145,1146,brain_tumor_figshare/1146.mat,112847,5,2,Hipofiz tümörü,2,Hipofiz tümörü,evet,0.092815,0.00834,0.898845
1146,1147,brain_tumor_figshare/1147.mat,112847,5,2,Hipofiz tümörü,2,Hipofiz tümörü,evet,0.124111,0.010977,0.864911
1147,1148,brain_tumor_figshare/1148.mat,113274,3,2,Hipofiz tümörü,2,Hipofiz tümörü,evet,0.057924,0.000232,0.941844
1148,1149,brain_tumor_figshare/1149.mat,113274,3,2,Hipofiz tümörü,2,Hipofiz tümörü,evet,0.046693,8.3e-05,0.953224
1149,1150,brain_tumor_figshare/1150.mat,113274,3,2,Hipofiz tümörü,2,Hipofiz tümörü,evet,0.015886,5e-05,0.984064
1150,1151,brain_tumor_figshare/1151.mat,113741,3,2,Hipofiz tümörü,2,Hipofiz tümörü,evet,0.017938,1e-06,0.982061
1151,1152,brain_tumor_figshare/1152.mat,113741,3,2,Hipofiz tümörü,2,Hipofiz tümörü,evet,0.024464,1e-06,0.975535
1152,1153,brain_tumor_figshare/1153.mat,113741,3,2,Hipofiz tümörü,2,Hipofiz tümörü,evet,0.012866,0.0,0.987134
1153,1154,brain_tumor_figshare/1154.mat,114040,4,2,Hipofiz tümörü,2,Hipofiz tümörü,evet,0.142044,0.099041,0.758916
1154,1155,brain_tumor_figshare/1155.mat,114040,4,2,Hipofiz tümörü,2,Hipofiz tümörü,evet,0.126218,0.081134,0.792648
1155,1156,brain_tumor_figshare/1156.mat,114040,4,2,Hipofiz tümörü,2,Hipofiz tümörü,evet,0.090383,0.035413,0.874204
1156,1157,brain_tumor_figshare/1157.mat,114361,4,2,Hipofiz tümörü,2,Hipofiz tümörü,evet,0.091505,0.061645,0.846849
1157,1158,brain_tumor_figshare/1158.mat,114361,4,2,Hipofiz tümörü,2,Hipofiz tümörü,evet,0.052755,0.042253,0.904992
1158,1159,brain_tumor_figshare/1159.mat,114361,4,2,Hipofiz tümörü,2,Hipofiz tümörü,evet,0.043237,0.039444,0.917319
1159,1160,brain_tumor_figshare/1160.mat,114361,4,2,Hipofiz tümörü,2,Hipofiz tümörü,evet,0.039227,0.038097,0.922676
1160,1161,brain_tumor_figshare/1161.mat,114094,1,2,Hipofiz tümörü,2,Hipofiz tümörü,evet,0.07463,0.005365,0.920005
1161,1162,brain_tumor_figshare/1162.mat,114094,1,2,Hipofiz tümörü,2,Hipofiz tümörü,evet,0.062619,0.00276,0.934621
1162,1163,brain_tumor_figshare/1163.mat,114094,1,2,Hipofiz tümörü,2,Hipofiz tümörü,evet,0.032387,0.001903,0.96571
1163,1164,brain_tumor_figshare/1164.mat,114094,1,2,Hipofiz tümörü,2,Hipofiz tümörü,evet,0.020019,0.002272,0.977709
1164,1165,brain_tumor_figshare/1165.mat,114094,1,2,Hipofiz tümörü,2,Hipofiz tümörü,evet,0.023482,0.004383,0.972134
1165,1166,brain_tumor_figshare/1166.mat,105936,5,2,Hipofiz tümörü,2,Hipofiz tümörü,evet,0.003094,4e-06,0.996902
1166,1167,brain_tumor_figshare/1167.mat,105936,5,2,Hipofiz tümörü,2,Hipofiz tümörü,evet,0.002593,3e-06,0.997404
1167,1168,brain_tumor_figshare/1168.mat,105936,5,2,Hipofiz tümörü,2,Hipofiz tümörü,evet,0.003193,1e-06,0.996805
1168,1169,brain_tumor_figshare/1169.mat,106062,3,2,Hipofiz tümörü,2,Hipofiz tümörü,evet,0.0,2e-06,0.999998
1169,1170,brain_tumor_figshare/1170.mat,106062,3,2,Hipofiz tümörü,2,Hipofiz tümörü,evet,0.0,2e-06,0.999998
1170,1171,brain_tumor_figshare/1171.mat,106062,3,2,Hipofiz tümörü,2,Hipofiz tümörü,evet,0.0,2e-06,0.999998
1171,1172,brain_tumor_figshare/1172.mat,106062,3,2,Hipofiz tümörü,2,Hipofiz tümörü,evet,2e-06,0.0,0.999997
1172,1173,brain_tumor_figshare/1173.mat,106062,3,2,Hipofiz tümörü,2,Hipofiz tümörü,evet,1e-06,2e-06,0.999997
1173,1174,brain_tumor_figshare/1174.mat,106062,3,2,Hipofiz tümörü,2,Hipofiz tümörü,evet,1e-06,1e-06,0.999999
1174,1175,brain_tumor_figshare/1175.mat,106062,3,2,Hipofiz tümörü,2,Hipofiz tümörü,evet,1e-06,1e-06,0.999998
1175,1176,brain_tumor_figshare/1176.mat,107495,3,2,Hipofiz tümörü,2,Hipofiz tümörü,evet,0.000623,0.0,0.999377
1176,1177,brain_tumor_figshare/1177.mat,107495,3,2,Hipofiz tümörü,2,Hipofiz tümörü,evet,0.000139,0.0,0.999861
1177,1178,brain_tumor_figshare/1178.mat,107495,3,2,Hipofiz tümörü,2,Hipofiz tümörü,evet,8.3e-05,0.0,0.999917
1178,1179,brain_tumor_figshare/1179.mat,107495,3,2,Hipofiz tümörü,2,Hipofiz tümörü,evet,4.7e-05,0.0,0.999953
1179,1180,brain_tumor_figshare/1180.mat,107495,3,2,Hipofiz tümörü,2,Hipofiz tümörü,evet,0.000142,0.0,0.999858
1180,1181,brain_tumor_figshare/1181.mat,107495,3,2,Hipofiz tümörü,2,Hipofiz tümörü,evet,0.000206,0.0,0.999794
1181,1182,brain_tumor_figshare/1182.mat,107429,1,2,Hipofiz tümörü,2,Hipofiz tümörü,evet,0.085644,0.068227,0.846129
1182,1183,brain_tumor_figshare/1183.mat,107429,1,2,Hipofiz tümörü,2,Hipofiz tümörü,evet,0.040873,0.026822,0.932306
1183,1184,brain_tumor_figshare/1184.mat,107429,1,2,Hipofiz tümörü,2,Hipofiz tümörü,evet,0.024575,0.04639,0.929035
1184,1185,brain_tumor_figshare/1185.mat,107429,1,2,Hipofiz tümörü,2,Hipofiz tümörü,evet,0.022936,0.020627,0.956438
1185,1186,brain_tumor_figshare/1186.mat,107429,1,2,Hipofiz tümörü,2,Hipofiz tümörü,evet,0.029688,0.0263,0.944012
1186,1187,brain_tumor_figshare/1187.mat,107429,1,2,Hipofiz tümörü,2,Hipofiz tümörü,evet,0.022716,0.041813,0.93547
1187,1188,brain_tumor_figshare/1188.mat,107429,1,2,Hipofiz tümörü,2,Hipofiz tümörü,evet,0.034892,0.077883,0.887224
1188,1189,brain_tumor_figshare/1189.mat,107505,5,2,Hipofiz tümörü,2,Hipofiz tümörü,evet,0.02239,0.000288,0.977323
1189,1190,brain_tumor_figshare/1190.mat,107505,5,2,Hipofiz tümörü,2,Hipofiz tümörü,evet,0.011175,0.000455,0.98837
1190,1191,brain_tumor_figshare/1191.mat,107505,5,2,Hipofiz tümörü,2,Hipofiz tümörü,evet,0.005691,0.000209,0.9941
1191,1192,brain_tumor_figshare/1192.mat,107505,5,2,Hipofiz tümörü,2,Hipofiz tümörü,evet,0.01241,0.000371,0.987219
1192,1193,brain_tumor_figshare/1193.mat,107505,5,2,Hipofiz tümörü,2,Hipofiz tümörü,evet,0.009329,0.000422,0.99025
1193,1194,brain_tumor_figshare/1194.mat,107743,5,2,Hipofiz tümörü,2,Hipofiz tümörü,evet,0.00051,2e-06,0.999488
1194,1195,brain_tumor_figshare/1195.mat,107743,5,2,Hipofiz tümörü,2,Hipofiz tümörü,evet,0.000558,1e-06,0.999441
1195,1196,brain_tumor_figshare/1196.mat,107743,5,2,Hipofiz tümörü,2,Hipofiz tümörü,evet,0.00072,3e-06,0.999277
1196,1197,brain_tumor_figshare/1197.mat,107743,5,2,Hipofiz tümörü,2,Hipofiz tümörü,evet,0.001418,3e-06,0.998579
1197,1198,brain_tumor_figshare/1198.mat,108858,1,2,Hipofiz tümörü,2,Hipofiz tümörü,evet,0.021318,4.5e-05,0.978637
1198,1199,brain_tumor_figshare/1199.mat,108858,1,2,Hipofiz tümörü,2,Hipofiz tümörü,evet,0.007654,3e-05,0.992317
1199,1200,brain_tumor_figshare/1200.mat,108858,1,2,Hipofiz tümörü,2,Hipofiz tümörü,evet,0.004859,6.8e-05,0.995072
1200,1201,brain_tumor_figshare/1201.mat,108858,1,2,Hipofiz tümörü,2,Hipofiz tümörü,evet,0.008138,9.9e-05,0.991763
1201,1202,brain_tumor_figshare/1202.mat,108858,1,2,Hipofiz tümörü,2,Hipofiz tümörü,evet,0.018233,0.00024,0.981527
1202,1203,brain_tumor_figshare/1203.mat,108931,4,2,Hipofiz tümörü,2,Hipofiz tümörü,evet,0.000954,5e-06,0.99904
1203,1204,brain_tumor_figshare/1204.mat,108931,4,2,Hipofiz tümörü,2,Hipofiz tümörü,evet,0.000877,3e-06,0.99912
1204,1205,brain_tumor_figshare/1205.mat,108931,4,2,Hipofiz tümörü,2,Hipofiz tümörü,evet,0.000507,4e-06,0.999489
1205,1206,brain_tumor_figshare/1206.mat,108931,4,2,Hipofiz tümörü,2,Hipofiz tümörü,evet,0.000377,8e-06,0.999615
1206,1207,brain_tumor_figshare/1207.mat,108931,4,2,Hipofiz tümörü,2,Hipofiz tümörü,evet,0.001745,1.1e-05,0.998245
1207,1208,brain_tumor_figshare/1208.mat,109471,3,2,Hipofiz tümörü,2,Hipofiz tümörü,evet,0.001449,0.000888,0.997664
1208,1209,brain_tumor_figshare/1209.mat,109471,3,2,Hipofiz tümörü,2,Hipofiz tümörü,evet,0.001511,0.00063,0.997859
1209,1210,brain_tumor_figshare/1210.mat,109471,3,2,Hipofiz tümörü,2,Hipofiz tümörü,evet,0.001791,0.001146,0.997063
1210,1211,brain_tumor_figshare/1211.mat,109471,3,2,Hipofiz tümörü,2,Hipofiz tümörü,evet,0.001722,0.000506,0.997772
1211,1212,brain_tumor_figshare/1212.mat,109471,3,2,Hipofiz tümörü,2,Hipofiz tümörü,evet,0.000522,0.000901,0.998577
1212,1213,brain_tumor_figshare/1213.mat,109471,3,2,Hipofiz tümörü,2,Hipofiz tümörü,evet,0.000547,0.000903,0.99855
1213,1214,brain_tumor_figshare/1214.mat,109769,2,2,Hipofiz tümörü,2,Hipofiz tümörü,evet,0.001996,0.0,0.998004
1214,1215,brain_tumor_figshare/1215.mat,109769,2,2,Hipofiz tümörü,2,Hipofiz tümörü,evet,0.002676,0.0,0.997324
1215,1216,brain_tumor_figshare/1216.mat,109769,2,2,Hipofiz tümörü,2,Hipofiz tümörü,evet,0.001499,0.0,0.9985
1216,1217,brain_tumor_figshare/1217.mat,109769,2,2,Hipofiz tümörü,2,Hipofiz tümörü,evet,0.001776,0.0,0.998224
1217,1218,brain_tumor_figshare/1218.mat,109769,2,2,Hipofiz tümörü,2,Hipofiz tümörü,evet,0.001766,0.0,0.998234
1218,1219,brain_tumor_figshare/1219.mat,109898,3,2,Hipofiz tümörü,2,Hipofiz tümörü,evet,2.1e-05,3e-06,0.999976
1219,1220,brain_tumor_figshare/1220.mat,109898,3,2,Hipofiz tümörü,2,Hipofiz tümörü,evet,9.6e-05,1e-06,0.999903
1220,1221,brain_tumor_figshare/1221.mat,109898,3,2,Hipofiz tümörü,2,Hipofiz tümörü,evet,8.4e-05,0.0,0.999915
1221,1222,brain_tumor_figshare/1222.mat,110518,2,2,Hipofiz tümörü,2,Hipofiz tümörü,evet,0.006365,2e-06,0.993633
1222,1223,brain_tumor_figshare/1223.mat,110518,2,2,Hipofiz tümörü,2,Hipofiz tümörü,evet,0.004715,2e-06,0.995283
1223,1224,brain_tumor_figshare/1224.mat,110518,2,2,Hipofiz tümörü,2,Hipofiz tümörü,evet,0.006252,4e-06,0.993744
1224,1225,brain_tumor_figshare/1225.mat,110518,2,2,Hipofiz tümörü,2,Hipofiz tümörü,evet,0.006693,4e-06,0.993303
1225,1226,brain_tumor_figshare/1226.mat,110537,5,2,Hipofiz tümörü,2,Hipofiz tümörü,evet,0.028336,0.008914,0.962751
1226,1227,brain_tumor_figshare/1227.mat,110537,5,2,Hipofiz tümörü,2,Hipofiz tümörü,evet,0.028235,0.006616,0.965149
1227,1228,brain_tumor_figshare/1228.mat,110537,5,2,Hipofiz tümörü,2,Hipofiz tümörü,evet,0.018428,0.00505,0.976521
1228,1229,brain_tumor_figshare/1229.mat,110537,5,2,Hipofiz tümörü,2,Hipofiz tümörü,evet,0.034807,0.005204,0.959989
1229,1230,brain_tumor_figshare/1230.mat,110993,4,2,Hipofiz tümörü,2,Hipofiz tümörü,evet,0.002422,6e-06,0.997572
1230,1231,brain_tumor_figshare/1231.mat,110993,4,2,Hipofiz tümörü,2,Hipofiz tümörü,evet,0.001047,3e-06,0.99895
1231,1232,brain_tumor_figshare/1232.mat,110993,4,2,Hipofiz tümörü,2,Hipofiz tümörü,evet,0.00337,3e-06,0.996626
1232,1233,brain_tumor_figshare/1233.mat,111075,2,2,Hipofiz tümörü,2,Hipofiz tümörü,evet,0.005334,9.3e-05,0.994573
1233,1234,brain_tumor_figshare/1234.mat,111075,2,2,Hipofiz tümörü,2,Hipofiz tümörü,evet,0.004098,7e-05,0.995833
1234,1235,brain_tumor_figshare/1235.mat,111075,2,2,Hipofiz tümörü,2,Hipofiz tümörü,evet,0.004247,6.9e-05,0.995684
1235,1236,brain_tumor_figshare/1236.mat,111075,2,2,Hipofiz tümörü,2,Hipofiz tümörü,evet,0.002959,3.1e-05,0.99701
1236,1237,brain_tumor_figshare/1237.mat,111075,2,2,Hipofiz tümörü,2,Hipofiz tümörü,evet,0.00393,4.3e-05,0.996027
1237,1238,brain_tumor_figshare/1238.mat,111125,5,2,Hipofiz tümörü,2,Hipofiz tümörü,evet,0.036894,0.004653,0.958453
1238,1239,brain_tumor_figshare/1239.mat,111125,5,2,Hipofiz tümörü,2,Hipofiz tümörü,evet,0.03376,0.005377,0.960863
1239,1240,brain_tumor_figshare/1240.mat,111125,5,2,Hipofiz tümörü,2,Hipofiz tümörü,evet,0.012674,0.005998,0.981328
1240,1241,brain_tumor_figshare/1241.mat,111125,5,2,Hipofiz tümörü,2,Hipofiz tümörü,evet,0.008645,0.004199,0.987156
1241,1242,brain_tumor_figshare/1242.mat,111785,5,2,Hipofiz tümörü,2,Hipofiz tümörü,evet,0.027594,0.000241,0.972165
1242,1243,brain_tumor_figshare/1243.mat,111785,5,2,Hipofiz tümörü,2,Hipofiz tümörü,evet,0.072732,0.000274,0.926994
1243,1244,brain_tumor_figshare/1244.mat,111785,5,2,Hipofiz tümörü,2,Hipofiz tümörü,evet,0.122412,0.000243,0.877345
1244,1245,brain_tumor_figshare/1245.mat,111785,5,2,Hipofiz tümörü,2,Hipofiz tümörü,evet,0.212404,0.000572,0.787024
1245,1246,brain_tumor_figshare/1246.mat,112074,1,2,Hipofiz tümörü,1,Gliom,hayır,0.252266,0.37745,0.370284
1246,1247,brain_tumor_figshare/1247.mat,112074,1,2,Hipofiz tümörü,2,Hipofiz tümörü,evet,0.245526,0.37351,0.380964
1247,1248,brain_tumor_figshare/1248.mat,112074,1,2,Hipofiz tümörü,1,Gliom,hayır,0.078951,0.55738,0.363669
1248,1249,brain_tumor_figshare/1249.mat,112074,1,2,Hipofiz tümörü,1,Gliom,hayır,0.222249,0.445866,0.331886
1249,1250,brain_tumor_figshare/1250.mat,112074,1,2,Hipofiz tümörü,1,Gliom,hayır,0.3493,0.405573,0.245127
1250,1251,brain_tumor_figshare/1251.mat,112649,5,2,Hipofiz tümörü,2,Hipofiz tümörü,evet,0.049907,0.00065,0.949443
1251,1252,brain_tumor_figshare/1252.mat,112649,5,2,Hipofiz tümörü,2,Hipofiz tümörü,evet,0.017204,0.001,0.981796
1252,1253,brain_tumor_figshare/1253.mat,112649,5,2,Hipofiz tümörü,2,Hipofiz tümörü,evet,0.010117,0.000733,0.98915
1253,1254,brain_tumor_figshare/1254.mat,112649,5,2,Hipofiz tümörü,2,Hipofiz tümörü,evet,0.019384,0.000928,0.979687
1254,1255,brain_tumor_figshare/1255.mat,112649,5,2,Hipofiz tümörü,2,Hipofiz tümörü,evet,0.029294,0.000666,0.97004
1255,1256,brain_tumor_figshare/1256.mat,112746,1,2,Hipofiz tümörü,2,Hipofiz tümörü,evet,0.001156,0.003323,0.995521
1256,1257,brain_tumor_figshare/1257.mat,112746,1,2,Hipofiz tümörü,2,Hipofiz tümörü,evet,0.001355,0.001333,0.997312
1257,1258,brain_tumor_figshare/1258.mat,112746,1,2,Hipofiz tümörü,2,Hipofiz tümörü,evet,0.001511,0.001274,0.997215
1258,1259,brain_tumor_figshare/1259.mat,112746,1,2,Hipofiz tümörü,2,Hipofiz tümörü,evet,0.001302,0.002428,0.996271
1259,1260,brain_tumor_figshare/1260.mat,112746,1,2,Hipofiz tümörü,2,Hipofiz tümörü,evet,0.002319,0.012373,0.985308
1260,1261,brain_tumor_figshare/1261.mat,112847,5,2,Hipofiz tümörü,2,Hipofiz tümörü,evet,0.039044,0.010456,0.950499
1261,1262,brain_tumor_figshare/1262.mat,112847,5,2,Hipofiz tümörü,2,Hipofiz tümörü,evet,0.042909,0.019595,0.937496
1262,1263,brain_tumor_figshare/1263.mat,112847,5,2,Hipofiz tümörü,2,Hipofiz tümörü,evet,0.060447,0.012496,0.927057
1263,1264,brain_tumor_figshare/1264.mat,112847,5,2,Hipofiz tümörü,2,Hipofiz tümörü,evet,0.054097,0.014415,0.931488
1264,1265,brain_tumor_figshare/1265.mat,112847,5,2,Hipofiz tümörü,2,Hipofiz tümörü,evet,0.058368,0.018331,0.923301
1265,1266,brain_tumor_figshare/1266.mat,113274,3,2,Hipofiz tümörü,2,Hipofiz tümörü,evet,0.248798,0.0185,0.732701
1266,1267,brain_tumor_figshare/1267.mat,113274,3,2,Hipofiz tümörü,0,Meningiom,hayır,0.64327,0.002506,0.354224
1267,1268,brain_tumor_figshare/1268.mat,113274,3,2,Hipofiz tümörü,0,Meningiom,hayır,0.675837,0.001683,0.32248
1268,1269,brain_tumor_figshare/1269.mat,113274,3,2,Hipofiz tümörü,0,Meningiom,hayır,0.659251,0.002263,0.338487
1269,1270,brain_tumor_figshare/1270.mat,113741,3,2,Hipofiz tümörü,2,Hipofiz tümörü,evet,0.0,0.0,1.0
1270,1271,brain_tumor_figshare/1271.mat,113741,3,2,Hipofiz tümörü,2,Hipofiz tümörü,evet,0.0,0.0,1.0
1271,1272,brain_tumor_figshare/1272.mat,113741,3,2,Hipofiz tümörü,2,Hipofiz tümörü,evet,0.0,0.0,1.0
1272,1273,brain_tumor_figshare/1273.mat,114040,4,2,Hipofiz tümörü,2,Hipofiz tümörü,evet,0.035855,0.000485,0.96366
1273,1274,brain_tumor_figshare/1274.mat,114040,4,2,Hipofiz tümörü,2,Hipofiz tümörü,evet,0.035878,0.000236,0.963886
1274,1275,brain_tumor_figshare/1275.mat,114040,4,2,Hipofiz tümörü,2,Hipofiz tümörü,evet,0.01756,0.000171,0.982269
1275,1276,brain_tumor_figshare/1276.mat,114361,4,2,Hipofiz tümörü,2,Hipofiz tümörü,evet,0.017596,0.428704,0.5537
1276,1277,brain_tumor_figshare/1277.mat,114361,4,2,Hipofiz tümörü,2,Hipofiz tümörü,evet,0.023322,0.398308,0.57837
1277,1278,brain_tumor_figshare/1278.mat,114361,4,2,Hipofiz tümörü,2,Hipofiz tümörü,evet,0.021064,0.385076,0.59386
1278,1279,brain_tumor_figshare/1279.mat,114094,1,2,Hipofiz tümörü,2,Hipofiz tümörü,evet,0.074097,0.043954,0.881949
1279,1280,brain_tumor_figshare/1280.mat,114094,1,2,Hipofiz tümörü,2,Hipofiz tümörü,evet,0.054488,0.122144,0.823367
1280,1281,brain_tumor_figshare/1281.mat,114094,1,2,Hipofiz tümörü,2,Hipofiz tümörü,evet,0.06103,0.132905,0.806065
1281,1282,brain_tumor_figshare/1282.mat,114094,1,2,Hipofiz tümörü,2,Hipofiz tümörü,evet,0.069579,0.151625,0.778796
1282,1283,brain_tumor_figshare/1283.mat,101029,1,2,Hipofiz tümörü,2,Hipofiz tümörü,evet,0.050339,0.134453,0.815209
1283,1284,brain_tumor_figshare/1284.mat,101029,1,2,Hipofiz tümörü,2,Hipofiz tümörü,evet,0.061247,0.121504,0.817249
1284,1285,brain_tumor_figshare/1285.mat,101145,2,2,Hipofiz tümörü,2,Hipofiz tümörü,evet,0.084863,0.011491,0.903645
1285,1286,brain_tumor_figshare/1286.mat,101145,2,2,Hipofiz tümörü,2,Hipofiz tümörü,evet,0.084899,0.014725,0.900376
1286,1287,brain_tumor_figshare/1287.mat,101145,2,2,Hipofiz tümörü,2,Hipofiz tümörü,evet,0.062002,0.009011,0.928987
1287,1288,brain_tumor_figshare/1288.mat,101145,2,2,Hipofiz tümörü,2,Hipofiz tümörü,evet,0.049944,0.01155,0.938507
1288,1289,brain_tumor_figshare/1289.mat,101305,3,2,Hipofiz tümörü,2,Hipofiz tümörü,evet,0.004031,1.8e-05,0.995951
1289,1290,brain_tumor_figshare/1290.mat,101305,3,2,Hipofiz tümörü,2,Hipofiz tümörü,evet,0.000488,4.4e-05,0.999469
1290,1291,brain_tumor_figshare/1291.mat,101305,3,2,Hipofiz tümörü,2,Hipofiz tümörü,evet,0.000274,0.000103,0.999622
1291,1292,brain_tumor_figshare/1292.mat,101305,3,2,Hipofiz tümörü,2,Hipofiz tümörü,evet,0.000689,0.000343,0.998967
1292,1293,brain_tumor_figshare/1293.mat,101724,2,2,Hipofiz tümörü,2,Hipofiz tümörü,evet,0.085109,0.042389,0.872502
1293,1294,brain_tumor_figshare/1294.mat,101724,2,2,Hipofiz tümörü,2,Hipofiz tümörü,evet,0.0901,0.054773,0.855126
1294,1295,brain_tumor_figshare/1295.mat,102648,2,2,Hipofiz tümörü,1,Gliom,hayır,0.101122,0.685206,0.213673
1295,1296,brain_tumor_figshare/1296.mat,102648,2,2,Hipofiz tümörü,1,Gliom,hayır,0.086736,0.673041,0.240223
1296,1297,brain_tumor_figshare/1297.mat,102648,2,2,Hipofiz tümörü,1,Gliom,hayır,0.065682,0.705059,0.229259
1297,1298,brain_tumor_figshare/1298.mat,102648,2,2,Hipofiz tümörü,1,Gliom,hayır,0.081837,0.617143,0.30102
1298,1299,brain_tumor_figshare/1299.mat,102648,2,2,Hipofiz tümörü,2,Hipofiz tümörü,evet,0.116194,0.423373,0.460434
1299,1300,brain_tumor_figshare/1300.mat,102648,2,2,Hipofiz tümörü,2,Hipofiz tümörü,evet,0.125801,0.384474,0.489725
1300,1301,brain_tumor_figshare/1301.mat,103046,2,2,Hipofiz tümörü,2,Hipofiz tümörü,evet,0.035972,0.00814,0.955887
1301,1302,brain_tumor_figshare/1302.mat,103046,2,2,Hipofiz tümörü,2,Hipofiz tümörü,evet,0.029695,0.004696,0.965609
1302,1303,brain_tumor_figshare/1303.mat,103046,2,2,Hipofiz tümörü,2,Hipofiz tümörü,evet,0.032876,0.005266,0.961858
1303,1304,brain_tumor_figshare/1304.mat,103257,4,2,Hipofiz tümörü,2,Hipofiz tümörü,evet,0.010185,0.007177,0.982638
1304,1305,brain_tumor_figshare/1305.mat,103257,4,2,Hipofiz tümörü,2,Hipofiz tümörü,evet,0.006301,0.003205,0.990494
1305,1306,brain_tumor_figshare/1306.mat,103257,4,2,Hipofiz tümörü,2,Hipofiz tümörü,evet,0.005832,0.003515,0.990653
1306,1307,brain_tumor_figshare/1307.mat,103257,4,2,Hipofiz tümörü,2,Hipofiz tümörü,evet,0.006792,0.004965,0.988243
1307,1308,brain_tumor_figshare/1308.mat,103257,4,2,Hipofiz tümörü,2,Hipofiz tümörü,evet,0.005353,0.00546,0.989187
1308,1309,brain_tumor_figshare/1309.mat,103257,4,2,Hipofiz tümörü,2,Hipofiz tümörü,evet,0.010453,0.006782,0.982765
1309,1310,brain_tumor_figshare/1310.mat,103478,5,2,Hipofiz tümörü,2,Hipofiz tümörü,evet,0.036212,0.012333,0.951455
1310,1311,brain_tumor_figshare/1311.mat,103478,5,2,Hipofiz tümörü,2,Hipofiz tümörü,evet,0.027163,0.032627,0.94021
1311,1312,brain_tumor_figshare/1312.mat,103478,5,2,Hipofiz tümörü,2,Hipofiz tümörü,evet,0.032669,0.03837,0.92896
1312,1313,brain_tumor_figshare/1313.mat,103478,5,2,Hipofiz tümörü,2,Hipofiz tümörü,evet,0.020118,0.171032,0.80885
1313,1314,brain_tumor_figshare/1314.mat,103478,5,2,Hipofiz tümörü,2,Hipofiz tümörü,evet,0.028463,0.449249,0.522288
1314,1315,brain_tumor_figshare/1315.mat,103478,5,2,Hipofiz tümörü,1,Gliom,hayır,0.044813,0.50358,0.451607
1315,1316,brain_tumor_figshare/1316.mat,103478,5,2,Hipofiz tümörü,1,Gliom,hayır,0.115532,0.443607,0.440861
1316,1317,brain_tumor_figshare/1317.mat,103582,3,2,Hipofiz tümörü,2,Hipofiz tümörü,evet,0.2491,0.039856,0.711044
1317,1318,brain_tumor_figshare/1318.mat,103582,3,2,Hipofiz tümörü,2,Hipofiz tümörü,evet,0.158928,0.109285,0.731787
1318,1319,brain_tumor_figshare/1319.mat,103582,3,2,Hipofiz tümörü,2,Hipofiz tümörü,evet,0.233371,0.172536,0.594093
1319,1320,brain_tumor_figshare/1320.mat,103582,3,2,Hipofiz tümörü,2,Hipofiz tümörü,evet,0.150027,0.210956,0.639018
1320,1321,brain_tumor_figshare/1321.mat,103582,3,2,Hipofiz tümörü,1,Gliom,hayır,0.061527,0.774132,0.164342
1321,1322,brain_tumor_figshare/1322.mat,103582,3,2,Hipofiz tümörü,1,Gliom,hayır,0.093684,0.718581,0.187735
1322,1323,brain_tumor_figshare/1323.mat,103670,5,2,Hipofiz tümörü,2,Hipofiz tümörü,evet,0.03584,0.006364,0.957796
1323,1324,brain_tumor_figshare/1324.mat,103670,5,2,Hipofiz tümörü,2,Hipofiz tümörü,evet,0.021571,0.00594,0.972489
1324,1325,brain_tumor_figshare/1325.mat,103670,5,2,Hipofiz tümörü,2,Hipofiz tümörü,evet,0.017436,0.012774,0.96979
1325,1326,brain_tumor_figshare/1326.mat,103671,1,2,Hipofiz tümörü,2,Hipofiz tümörü,evet,0.24178,0.358839,0.399381
1326,1327,brain_tumor_figshare/1327.mat,103671,1,2,Hipofiz tümörü,1,Gliom,hayır,0.08535,0.546486,0.368164
1327,1328,brain_tumor_figshare/1328.mat,103671,1,2,Hipofiz tümörü,1,Gliom,hayır,0.048555,0.801393,0.150052
1328,1329,brain_tumor_figshare/1329.mat,103671,1,2,Hipofiz tümörü,1,Gliom,hayır,0.060359,0.781341,0.1583
1329,1330,brain_tumor_figshare/1330.mat,103731,4,2,Hipofiz tümörü,2,Hipofiz tümörü,evet,0.007461,0.003093,0.989446
1330,1331,brain_tumor_figshare/1331.mat,103731,4,2,Hipofiz tümörü,2,Hipofiz tümörü,evet,0.021175,0.005966,0.972859
1331,1332,brain_tumor_figshare/1332.mat,103731,4,2,Hipofiz tümörü,2,Hipofiz tümörü,evet,0.040998,0.023138,0.935864
1332,1333,brain_tumor_figshare/1333.mat,103731,4,2,Hipofiz tümörü,2,Hipofiz tümörü,evet,0.018285,0.023301,0.958415
1333,1334,brain_tumor_figshare/1334.mat,103731,4,2,Hipofiz tümörü,2,Hipofiz tümörü,evet,0.018824,0.020411,0.960765
1334,1335,brain_tumor_figshare/1335.mat,103731,4,2,Hipofiz tümörü,2,Hipofiz tümörü,evet,0.008884,0.01449,0.976625
1335,1336,brain_tumor_figshare/1336.mat,103731,4,2,Hipofiz tümörü,2,Hipofiz tümörü,evet,0.008202,0.012279,0.979519
1336,1337,brain_tumor_figshare/1337.mat,103731,4,2,Hipofiz tümörü,2,Hipofiz tümörü,evet,0.014712,0.011815,0.973473
1337,1338,brain_tumor_figshare/1338.mat,103731,4,2,Hipofiz tümörü,2,Hipofiz tümörü,evet,0.024582,0.026038,0.949381
1338,1339,brain_tumor_figshare/1339.mat,103731,4,2,Hipofiz tümörü,2,Hipofiz tümörü,evet,0.052748,0.028357,0.918895
1339,1340,brain_tumor_figshare/1340.mat,103837,2,2,Hipofiz tümörü,2,Hipofiz tümörü,evet,0.007832,0.002014,0.990155
1340,1341,brain_tumor_figshare/1341.mat,103837,2,2,Hipofiz tümörü,2,Hipofiz tümörü,evet,0.011039,0.002166,0.986794
1341,1342,brain_tumor_figshare/1342.mat,103837,2,2,Hipofiz tümörü,2,Hipofiz tümörü,evet,0.014425,0.002559,0.983016
1342,1343,brain_tumor_figshare/1343.mat,103837,2,2,Hipofiz tümörü,2,Hipofiz tümörü,evet,0.013137,0.002444,0.984419
1343,1344,brain_tumor_figshare/1344.mat,103837,2,2,Hipofiz tümörü,2,Hipofiz tümörü,evet,0.011492,0.002308,0.986199
1344,1345,brain_tumor_figshare/1345.mat,103837,2,2,Hipofiz tümörü,2,Hipofiz tümörü,evet,0.015835,0.00306,0.981105
1345,1346,brain_tumor_figshare/1346.mat,103837,2,2,Hipofiz tümörü,2,Hipofiz tümörü,evet,0.030151,0.006356,0.963493
1346,1347,brain_tumor_figshare/1347.mat,103837,2,2,Hipofiz tümörü,2,Hipofiz tümörü,evet,0.044249,0.011062,0.944689
1347,1348,brain_tumor_figshare/1348.mat,104019,4,2,Hipofiz tümörü,2,Hipofiz tümörü,evet,0.161858,0.07537,0.762772
1348,1349,brain_tumor_figshare/1349.mat,104019,4,2,Hipofiz tümörü,2,Hipofiz tümörü,evet,0.094308,0.134751,0.770941
1349,1350,brain_tumor_figshare/1350.mat,104019,4,2,Hipofiz tümörü,2,Hipofiz tümörü,evet,0.09195,0.18938,0.71867
1350,1351,brain_tumor_figshare/1351.mat,104019,4,2,Hipofiz tümörü,2,Hipofiz tümörü,evet,0.151099,0.224143,0.624758
1351,1352,brain_tumor_figshare/1352.mat,104558,2,2,Hipofiz tümörü,2,Hipofiz tümörü,evet,0.030495,0.010804,0.958701
1352,1353,brain_tumor_figshare/1353.mat,104558,2,2,Hipofiz tümörü,2,Hipofiz tümörü,evet,0.014329,0.00745,0.978221
1353,1354,brain_tumor_figshare/1354.mat,104558,2,2,Hipofiz tümörü,2,Hipofiz tümörü,evet,0.020739,0.011545,0.967715
1354,1355,brain_tumor_figshare/1355.mat,104558,2,2,Hipofiz tümörü,2,Hipofiz tümörü,evet,0.037486,0.027013,0.935501
1355,1356,brain_tumor_figshare/1356.mat,104558,2,2,Hipofiz tümörü,2,Hipofiz tümörü,evet,0.042841,0.084634,0.872525
1356,1357,brain_tumor_figshare/1357.mat,104558,2,2,Hipofiz tümörü,2,Hipofiz tümörü,evet,0.062942,0.10895,0.828108
1357,1358,brain_tumor_figshare/1358.mat,104558,2,2,Hipofiz tümörü,2,Hipofiz tümörü,evet,0.105941,0.115564,0.778495
1358,1359,brain_tumor_figshare/1359.mat,104558,2,2,Hipofiz tümörü,2,Hipofiz tümörü,evet,0.109121,0.154214,0.736665
1359,1360,brain_tumor_figshare/1360.mat,104684,3,2,Hipofiz tümörü,2,Hipofiz tümörü,evet,0.076914,2e-06,0.923085
1360,1361,brain_tumor_figshare/1361.mat,104684,3,2,Hipofiz tümörü,2,Hipofiz tümörü,evet,0.126809,2.1e-05,0.87317
1361,1362,brain_tumor_figshare/1362.mat,104684,3,2,Hipofiz tümörü,2,Hipofiz tümörü,evet,0.178078,0.000286,0.821636
1362,1363,brain_tumor_figshare/1363.mat,104684,3,2,Hipofiz tümörü,2,Hipofiz tümörü,evet,0.041178,0.000657,0.958165
1363,1364,brain_tumor_figshare/1364.mat,104684,3,2,Hipofiz tümörü,2,Hipofiz tümörü,evet,0.020379,0.000377,0.979244
1364,1365,brain_tumor_figshare/1365.mat,104684,3,2,Hipofiz tümörü,2,Hipofiz tümörü,evet,0.02114,0.000319,0.978541
1365,1366,brain_tumor_figshare/1366.mat,104684,3,2,Hipofiz tümörü,2,Hipofiz tümörü,evet,0.009808,0.000755,0.989437
1366,1367,brain_tumor_figshare/1367.mat,104684,3,2,Hipofiz tümörü,2,Hipofiz tümörü,evet,0.019927,0.000228,0.979846
1367,1368,brain_tumor_figshare/1368.mat,104684,3,2,Hipofiz tümörü,2,Hipofiz tümörü,evet,0.042682,2.9e-05,0.957289
1368,1369,brain_tumor_figshare/1369.mat,104912,5,2,Hipofiz tümörü,2,Hipofiz tümörü,evet,0.006426,0.00061,0.992965
1369,1370,brain_tumor_figshare/1370.mat,104912,5,2,Hipofiz tümörü,2,Hipofiz tümörü,evet,0.008873,0.000334,0.990794
1370,1371,brain_tumor_figshare/1371.mat,104912,5,2,Hipofiz tümörü,2,Hipofiz tümörü,evet,0.011047,0.00085,0.988103
1371,1372,brain_tumor_figshare/1372.mat,104912,5,2,Hipofiz tümörü,2,Hipofiz tümörü,evet,0.009192,0.000635,0.990173
1372,1373,brain_tumor_figshare/1373.mat,104912,5,2,Hipofiz tümörü,2,Hipofiz tümörü,evet,0.010231,0.00188,0.987889
1373,1374,brain_tumor_figshare/1374.mat,105187,1,2,Hipofiz tümörü,2,Hipofiz tümörü,evet,0.056475,0.038396,0.905129
1374,1375,brain_tumor_figshare/1375.mat,105187,1,2,Hipofiz tümörü,2,Hipofiz tümörü,evet,0.047975,0.045352,0.906673
1375,1376,brain_tumor_figshare/1376.mat,105187,1,2,Hipofiz tümörü,2,Hipofiz tümörü,evet,0.031947,0.056916,0.911137
1376,1377,brain_tumor_figshare/1377.mat,105187,1,2,Hipofiz tümörü,2,Hipofiz tümörü,evet,0.024822,0.101848,0.87333
1377,1378,brain_tumor_figshare/1378.mat,105475,1,2,Hipofiz tümörü,2,Hipofiz tümörü,evet,0.139585,0.085472,0.774943
1378,1379,brain_tumor_figshare/1379.mat,105475,1,2,Hipofiz tümörü,2,Hipofiz tümörü,evet,0.101158,0.105764,0.793078
1379,1380,brain_tumor_figshare/1380.mat,105538,4,2,Hipofiz tümörü,1,Gliom,hayır,0.481783,0.484346,0.033871
1380,1381,brain_tumor_figshare/1381.mat,105538,4,2,Hipofiz tümörü,1,Gliom,hayır,0.198304,0.776466,0.02523
1381,1382,brain_tumor_figshare/1382.mat,105538,4,2,Hipofiz tümörü,1,Gliom,hayır,0.097444,0.870452,0.032104
1382,1383,brain_tumor_figshare/1383.mat,105638,4,2,Hipofiz tümörü,2,Hipofiz tümörü,evet,0.054633,0.010004,0.935364
1383,1384,brain_tumor_figshare/1384.mat,105638,4,2,Hipofiz tümörü,2,Hipofiz tümörü,evet,0.018864,0.00321,0.977926
1384,1385,brain_tumor_figshare/1385.mat,105638,4,2,Hipofiz tümörü,2,Hipofiz tümörü,evet,0.018265,0.002825,0.97891
1385,1386,brain_tumor_figshare/1386.mat,97416,4,2,Hipofiz tümörü,2,Hipofiz tümörü,evet,0.203714,0.160911,0.635375
1386,1387,brain_tumor_figshare/1387.mat,97416,4,2,Hipofiz tümörü,2,Hipofiz tümörü,evet,0.153073,0.285712,0.561215
1387,1388,brain_tumor_figshare/1388.mat,97416,4,2,Hipofiz tümörü,2,Hipofiz tümörü,evet,0.073215,0.236786,0.69
1388,1389,brain_tumor_figshare/1389.mat,97416,4,2,Hipofiz tümörü,2,Hipofiz tümörü,evet,0.089096,0.255554,0.65535
1389,1390,brain_tumor_figshare/1390.mat,97416,4,2,Hipofiz tümörü,2,Hipofiz tümörü,evet,0.07899,0.301909,0.619101
1390,1391,brain_tumor_figshare/1391.mat,97416,4,2,Hipofiz tümörü,2,Hipofiz tümörü,evet,0.048187,0.322065,0.629748
1391,1392,brain_tumor_figshare/1392.mat,97416,4,2,Hipofiz tümörü,2,Hipofiz tümörü,evet,0.11265,0.422811,0.464539
1392,1393,brain_tumor_figshare/1393.mat,97416,4,2,Hipofiz tümörü,2,Hipofiz tümörü,evet,0.190192,0.362359,0.447449
1393,1394,brain_tumor_figshare/1394.mat,97416,4,2,Hipofiz tümörü,2,Hipofiz tümörü,evet,0.190944,0.245211,0.563845
1394,1395,brain_tumor_figshare/1395.mat,97461,3,2,Hipofiz tümörü,2,Hipofiz tümörü,evet,0.134906,0.07125,0.793844
1395,1396,brain_tumor_figshare/1396.mat,97461,3,2,Hipofiz tümörü,2,Hipofiz tümörü,evet,0.012221,0.003531,0.984248
1396,1397,brain_tumor_figshare/1397.mat,97461,3,2,Hipofiz tümörü,2,Hipofiz tümörü,evet,0.004908,0.000715,0.994377
1397,1398,brain_tumor_figshare/1398.mat,97461,3,2,Hipofiz tümörü,2,Hipofiz tümörü,evet,0.002249,0.001142,0.996609
1398,1399,brain_tumor_figshare/1399.mat,97461,3,2,Hipofiz tümörü,2,Hipofiz tümörü,evet,0.002197,0.00019,0.997613
1399,1400,brain_tumor_figshare/1400.mat,97461,3,2,Hipofiz tümörü,2,Hipofiz tümörü,evet,0.001608,7.2e-05,0.998321
1400,1401,brain_tumor_figshare/1401.mat,97461,3,2,Hipofiz tümörü,2,Hipofiz tümörü,evet,0.002932,0.000138,0.99693
1401,1402,brain_tumor_figshare/1402.mat,97461,3,2,Hipofiz tümörü,2,Hipofiz tümörü,evet,0.011231,0.000234,0.988535
1402,1403,brain_tumor_figshare/1403.mat,97461,3,2,Hipofiz tümörü,2,Hipofiz tümörü,evet,0.018623,0.000494,0.980883
1403,1404,brain_tumor_figshare/1404.mat,97481,2,2,Hipofiz tümörü,2,Hipofiz tümörü,evet,0.299262,0.335187,0.365552
1404,1405,brain_tumor_figshare/1405.mat,97481,2,2,Hipofiz tümörü,2,Hipofiz tümörü,evet,0.200451,0.371405,0.428144
1405,1406,brain_tumor_figshare/1406.mat,97481,2,2,Hipofiz tümörü,2,Hipofiz tümörü,evet,0.13614,0.410879,0.452981
1406,1407,brain_tumor_figshare/1407.mat,97481,2,2,Hipofiz tümörü,2,Hipofiz tümörü,evet,0.149506,0.415512,0.434982
1407,1408,brain_tumor_figshare/1408.mat,97599,2,2,Hipofiz tümörü,0,Meningiom,hayır,0.378399,0.296091,0.32551
1408,1409,brain_tumor_figshare/1409.mat,97599,2,2,Hipofiz tümörü,2,Hipofiz tümörü,evet,0.362233,0.233104,0.404663
1409,1410,brain_tumor_figshare/1410.mat,97890,1,2,Hipofiz tümörü,2,Hipofiz tümörü,evet,0.075909,0.055982,0.868109
1410,1411,brain_tumor_figshare/1411.mat,97890,1,2,Hipofiz tümörü,2,Hipofiz tümörü,evet,0.066025,0.060027,0.873947
1411,1412,brain_tumor_figshare/1412.mat,97890,1,2,Hipofiz tümörü,2,Hipofiz tümörü,evet,0.078743,0.04451,0.876747
1412,1413,brain_tumor_figshare/1413.mat,97890,1,2,Hipofiz tümörü,2,Hipofiz tümörü,evet,0.151638,0.068633,0.779729
1413,1414,brain_tumor_figshare/1414.mat,98472,3,2,Hipofiz tümörü,2,Hipofiz tümörü,evet,0.032314,0.001938,0.965748
1414,1415,brain_tumor_figshare/1415.mat,98472,3,2,Hipofiz tümörü,2,Hipofiz tümörü,evet,0.10783,0.00281,0.88936
1415,1416,brain_tumor_figshare/1416.mat,98472,3,2,Hipofiz tümörü,2,Hipofiz tümörü,evet,0.05458,0.003455,0.941965
1416,1417,brain_tumor_figshare/1417.mat,98472,3,2,Hipofiz tümörü,2,Hipofiz tümörü,evet,0.05343,0.000556,0.946014
1417,1418,brain_tumor_figshare/1418.mat,98472,3,2,Hipofiz tümörü,2,Hipofiz tümörü,evet,0.04373,0.001665,0.954606
1418,1419,brain_tumor_figshare/1419.mat,98472,3,2,Hipofiz tümörü,2,Hipofiz tümörü,evet,0.099892,0.003499,0.896609
1419,1420,brain_tumor_figshare/1420.mat,98472,3,2,Hipofiz tümörü,2,Hipofiz tümörü,evet,0.269973,0.007465,0.722562
1420,1421,brain_tumor_figshare/1421.mat,98652,3,2,Hipofiz tümörü,2,Hipofiz tümörü,evet,0.331651,0.001881,0.666468
1421,1422,brain_tumor_figshare/1422.mat,98652,3,2,Hipofiz tümörü,0,Meningiom,hayır,0.568468,0.000909,0.430623
1422,1423,brain_tumor_figshare/1423.mat,98652,3,2,Hipofiz tümörü,2,Hipofiz tümörü,evet,0.378408,0.000735,0.620857
1423,1424,brain_tumor_figshare/1424.mat,98871,4,2,Hipofiz tümörü,2,Hipofiz tümörü,evet,0.004738,0.002044,0.993218
1424,1425,brain_tumor_figshare/1425.mat,98871,4,2,Hipofiz tümörü,2,Hipofiz tümörü,evet,0.007323,0.001833,0.990844
1425,1426,brain_tumor_figshare/1426.mat,98871,4,2,Hipofiz tümörü,2,Hipofiz tümörü,evet,0.007083,0.003047,0.98987
1426,1427,brain_tumor_figshare/1427.mat,98871,4,2,Hipofiz tümörü,2,Hipofiz tümörü,evet,0.015087,0.008305,0.976608
1427,1428,brain_tumor_figshare/1428.mat,98871,4,2,Hipofiz tümörü,2,Hipofiz tümörü,evet,0.033073,0.029058,0.937869
1428,1429,brain_tumor_figshare/1429.mat,98871,4,2,Hipofiz tümörü,2,Hipofiz tümörü,evet,0.078003,0.021412,0.900586
1429,1430,brain_tumor_figshare/1430.mat,98874,1,2,Hipofiz tümörü,2,Hipofiz tümörü,evet,0.267745,0.13239,0.599865
1430,1431,brain_tumor_figshare/1431.mat,98874,1,2,Hipofiz tümörü,2,Hipofiz tümörü,evet,0.233429,0.125118,0.641453
1431,1432,brain_tumor_figshare/1432.mat,98874,1,2,Hipofiz tümörü,2,Hipofiz tümörü,evet,0.179852,0.104853,0.715295
1432,1433,brain_tumor_figshare/1433.mat,98874,1,2,Hipofiz tümörü,2,Hipofiz tümörü,evet,0.193196,0.312307,0.494497
1433,1434,brain_tumor_figshare/1434.mat,98874,1,2,Hipofiz tümörü,1,Gliom,hayır,0.139016,0.652327,0.208657
1434,1435,brain_tumor_figshare/1435.mat,98992,5,2,Hipofiz tümörü,2,Hipofiz tümörü,evet,0.340802,0.087812,0.571386
1435,1436,brain_tumor_figshare/1436.mat,98992,5,2,Hipofiz tümörü,2,Hipofiz tümörü,evet,0.134253,0.058597,0.807149
1436,1437,brain_tumor_figshare/1437.mat,98992,5,2,Hipofiz tümörü,2,Hipofiz tümörü,evet,0.059886,0.107668,0.832446
1437,1438,brain_tumor_figshare/1438.mat,98992,5,2,Hipofiz tümörü,2,Hipofiz tümörü,evet,0.061998,0.433491,0.504511
1438,1439,brain_tumor_figshare/1439.mat,98992,5,2,Hipofiz tümörü,1,Gliom,hayır,0.057177,0.534359,0.408464
1439,1440,brain_tumor_figshare/1440.mat,98992,5,2,Hipofiz tümörü,2,Hipofiz tümörü,evet,0.191827,0.394118,0.414054
1440,1441,brain_tumor_figshare/1441.mat,98992,5,2,Hipofiz tümörü,2,Hipofiz tümörü,evet,0.242388,0.378411,0.379201
1441,1442,brain_tumor_figshare/1442.mat,98995,4,2,Hipofiz tümörü,2,Hipofiz tümörü,evet,0.011962,0.009005,0.979033
1442,1443,brain_tumor_figshare/1443.mat,98995,4,2,Hipofiz tümörü,2,Hipofiz tümörü,evet,0.008764,0.002377,0.988859
1443,1444,brain_tumor_figshare/1444.mat,98995,4,2,Hipofiz tümörü,2,Hipofiz tümörü,evet,0.007454,0.001576,0.99097
1444,1445,brain_tumor_figshare/1445.mat,98995,4,2,Hipofiz tümörü,2,Hipofiz tümörü,evet,0.005134,0.00121,0.993656
1445,1446,brain_tumor_figshare/1446.mat,98995,4,2,Hipofiz tümörü,2,Hipofiz tümörü,evet,0.003881,0.001748,0.994371
1446,1447,brain_tumor_figshare/1447.mat,99223,1,2,Hipofiz tümörü,1,Gliom,hayır,0.239585,0.617849,0.142566
1447,1448,brain_tumor_figshare/1448.mat,99223,1,2,Hipofiz tümörü,0,Meningiom,hayır,0.451708,0.226644,0.321648
1448,1449,brain_tumor_figshare/1449.mat,99223,1,2,Hipofiz tümörü,2,Hipofiz tümörü,evet,0.29695,0.057749,0.645301
1449,1450,brain_tumor_figshare/1450.mat,99223,1,2,Hipofiz tümörü,2,Hipofiz tümörü,evet,0.16615,0.020291,0.81356
1450,1451,brain_tumor_figshare/1451.mat,99223,1,2,Hipofiz tümörü,2,Hipofiz tümörü,evet,0.055923,0.014943,0.929134
1451,1452,brain_tumor_figshare/1452.mat,99223,1,2,Hipofiz tümörü,2,Hipofiz tümörü,evet,0.045314,0.041914,0.912772
1452,1453,brain_tumor_figshare/1453.mat,99223,1,2,Hipofiz tümörü,2,Hipofiz tümörü,evet,0.113814,0.087687,0.798499
1453,1454,brain_tumor_figshare/1454.mat,99223,1,2,Hipofiz tümörü,2,Hipofiz tümörü,evet,0.105317,0.137316,0.757367
1454,1455,brain_tumor_figshare/1455.mat,99223,1,2,Hipofiz tümörü,2,Hipofiz tümörü,evet,0.108977,0.155135,0.735888
1455,1456,brain_tumor_figshare/1456.mat,101017,2,2,Hipofiz tümörü,2,Hipofiz tümörü,evet,0.01799,0.002385,0.979625
1456,1457,brain_tumor_figshare/1457.mat,101017,2,2,Hipofiz tümörü,2,Hipofiz tümörü,evet,0.012741,0.002665,0.984595
1457,1458,brain_tumor_figshare/1458.mat,101017,2,2,Hipofiz tümörü,2,Hipofiz tümörü,evet,0.010138,0.001413,0.988449
1458,1459,brain_tumor_figshare/1459.mat,101017,2,2,Hipofiz tümörü,2,Hipofiz tümörü,evet,0.00933,0.001155,0.989515
1459,1460,brain_tumor_figshare/1460.mat,101017,2,2,Hipofiz tümörü,2,Hipofiz tümörü,evet,0.00919,0.00095,0.98986
1460,1461,brain_tumor_figshare/1461.mat,101017,2,2,Hipofiz tümörü,2,Hipofiz tümörü,evet,0.007318,0.000959,0.991723
1461,1462,brain_tumor_figshare/1462.mat,101029,1,2,Hipofiz tümörü,2,Hipofiz tümörü,evet,0.000265,6e-06,0.999729
1462,1463,brain_tumor_figshare/1463.mat,101029,1,2,Hipofiz tümörü,2,Hipofiz tümörü,evet,0.000292,2e-06,0.999706
1463,1464,brain_tumor_figshare/1464.mat,101029,1,2,Hipofiz tümörü,2,Hipofiz tümörü,evet,0.000184,2e-06,0.999814
1464,1465,brain_tumor_figshare/1465.mat,101029,1,2,Hipofiz tümörü,2,Hipofiz tümörü,evet,0.000118,1e-06,0.999881
1465,1466,brain_tumor_figshare/1466.mat,101029,1,2,Hipofiz tümörü,2,Hipofiz tümörü,evet,7.9e-05,1e-06,0.99992
1466,1467,brain_tumor_figshare/1467.mat,101029,1,2,Hipofiz tümörü,2,Hipofiz tümörü,evet,8.1e-05,0.0,0.999919
1467,1468,brain_tumor_figshare/1468.mat,101145,2,2,Hipofiz tümörü,2,Hipofiz tümörü,evet,0.165208,0.023258,0.811534
1468,1469,brain_tumor_figshare/1469.mat,101145,2,2,Hipofiz tümörü,2,Hipofiz tümörü,evet,0.179451,0.022614,0.797935
1469,1470,brain_tumor_figshare/1470.mat,101145,2,2,Hipofiz tümörü,2,Hipofiz tümörü,evet,0.16345,0.017869,0.818681
1470,1471,brain_tumor_figshare/1471.mat,101145,2,2,Hipofiz tümörü,2,Hipofiz tümörü,evet,0.188828,0.023414,0.787758
1471,1472,brain_tumor_figshare/1472.mat,101305,3,2,Hipofiz tümörü,2,Hipofiz tümörü,evet,0.03389,6e-06,0.966104
1472,1473,brain_tumor_figshare/1473.mat,101305,3,2,Hipofiz tümörü,2,Hipofiz tümörü,evet,0.012952,1e-06,0.987047
1473,1474,brain_tumor_figshare/1474.mat,101305,3,2,Hipofiz tümörü,2,Hipofiz tümörü,evet,0.001979,0.0,0.998021
1474,1475,brain_tumor_figshare/1475.mat,101305,3,2,Hipofiz tümörü,2,Hipofiz tümörü,evet,0.000187,0.0,0.999813
1475,1476,brain_tumor_figshare/1476.mat,101305,3,2,Hipofiz tümörü,2,Hipofiz tümörü,evet,0.006649,0.0,0.993351
1476,1477,brain_tumor_figshare/1477.mat,101305,3,2,Hipofiz tümörü,2,Hipofiz tümörü,evet,0.000546,0.0,0.999454
1477,1478,brain_tumor_figshare/1478.mat,101305,3,2,Hipofiz tümörü,2,Hipofiz tümörü,evet,4.1e-05,0.0,0.999959
1478,1479,brain_tumor_figshare/1479.mat,101305,3,2,Hipofiz tümörü,2,Hipofiz tümörü,evet,3e-06,0.0,0.999997
1479,1480,brain_tumor_figshare/1480.mat,101724,2,2,Hipofiz tümörü,2,Hipofiz tümörü,evet,0.149891,0.067035,0.783074
1480,1481,brain_tumor_figshare/1481.mat,101724,2,2,Hipofiz tümörü,2,Hipofiz tümörü,evet,0.158082,0.069264,0.772654
1481,1482,brain_tumor_figshare/1482.mat,101724,2,2,Hipofiz tümörü,2,Hipofiz tümörü,evet,0.167156,0.11126,0.721584
1482,1483,brain_tumor_figshare/1483.mat,102648,2,2,Hipofiz tümörü,2,Hipofiz tümörü,evet,7.9e-05,0.0,0.999921
1483,1484,brain_tumor_figshare/1484.mat,102648,2,2,Hipofiz tümörü,2,Hipofiz tümörü,evet,7.7e-05,0.0,0.999922
1484,1485,brain_tumor_figshare/1485.mat,102648,2,2,Hipofiz tümörü,2,Hipofiz tümörü,evet,0.000104,0.0,0.999895
1485,1486,brain_tumor_figshare/1486.mat,102648,2,2,Hipofiz tümörü,2,Hipofiz tümörü,evet,0.000142,0.0,0.999858
1486,1487,brain_tumor_figshare/1487.mat,102669,5,2,Hipofiz tümörü,2,Hipofiz tümörü,evet,0.09002,0.026995,0.882986
1487,1488,brain_tumor_figshare/1488.mat,102669,5,2,Hipofiz tümörü,2,Hipofiz tümörü,evet,0.089779,0.01499,0.895231
1488,1489,brain_tumor_figshare/1489.mat,103046,2,2,Hipofiz tümörü,2,Hipofiz tümörü,evet,0.043573,0.006446,0.949981
1489,1490,brain_tumor_figshare/1490.mat,103046,2,2,Hipofiz tümörü,2,Hipofiz tümörü,evet,0.030847,0.00415,0.965002
1490,1491,brain_tumor_figshare/1491.mat,103046,2,2,Hipofiz tümörü,2,Hipofiz tümörü,evet,0.03363,0.004258,0.962112
1491,1492,brain_tumor_figshare/1492.mat,103046,2,2,Hipofiz tümörü,2,Hipofiz tümörü,evet,0.035046,0.003994,0.96096
1492,1493,brain_tumor_figshare/1493.mat,103257,4,2,Hipofiz tümörü,2,Hipofiz tümörü,evet,0.013756,0.000938,0.985305
1493,1494,brain_tumor_figshare/1494.mat,103257,4,2,Hipofiz tümörü,2,Hipofiz tümörü,evet,0.007071,0.000222,0.992708
1494,1495,brain_tumor_figshare/1495.mat,103257,4,2,Hipofiz tümörü,2,Hipofiz tümörü,evet,0.003046,7e-05,0.996885
1495,1496,brain_tumor_figshare/1496.mat,103257,4,2,Hipofiz tümörü,2,Hipofiz tümörü,evet,0.003629,3e-05,0.996341
1496,1497,brain_tumor_figshare/1497.mat,103257,4,2,Hipofiz tümörü,2,Hipofiz tümörü,evet,0.003738,2.1e-05,0.996241
1497,1498,brain_tumor_figshare/1498.mat,103478,5,2,Hipofiz tümörü,2,Hipofiz tümörü,evet,0.005572,0.000266,0.994163
1498,1499,brain_tumor_figshare/1499.mat,103478,5,2,Hipofiz tümörü,2,Hipofiz tümörü,evet,0.0031,7.9e-05,0.996821
1499,1500,brain_tumor_figshare/1500.mat,103478,5,2,Hipofiz tümörü,2,Hipofiz tümörü,evet,0.001367,5.5e-05,0.998578
1500,1501,brain_tumor_figshare/1501.mat,103478,5,2,Hipofiz tümörü,2,Hipofiz tümörü,evet,0.00059,4e-05,0.99937
1501,1502,brain_tumor_figshare/1502.mat,103478,5,2,Hipofiz tümörü,2,Hipofiz tümörü,evet,0.000448,2.3e-05,0.999529
1502,1503,brain_tumor_figshare/1503.mat,103478,5,2,Hipofiz tümörü,2,Hipofiz tümörü,evet,0.000623,1.5e-05,0.999362
1503,1504,brain_tumor_figshare/1504.mat,103478,5,2,Hipofiz tümörü,2,Hipofiz tümörü,evet,0.001267,1.2e-05,0.99872
1504,1505,brain_tumor_figshare/1505.mat,103478,5,2,Hipofiz tümörü,2,Hipofiz tümörü,evet,0.004207,9e-06,0.995784
1505,1506,brain_tumor_figshare/1506.mat,103582,3,2,Hipofiz tümörü,0,Meningiom,hayır,0.564865,0.005787,0.429348
1506,1507,brain_tumor_figshare/1507.mat,103582,3,2,Hipofiz tümörü,0,Meningiom,hayır,0.596652,0.003164,0.400184
1507,1508,brain_tumor_figshare/1508.mat,103582,3,2,Hipofiz tümörü,2,Hipofiz tümörü,evet,0.431145,0.003458,0.565397
1508,1509,brain_tumor_figshare/1509.mat,103582,3,2,Hipofiz tümörü,2,Hipofiz tümörü,evet,0.268375,0.007927,0.723698
1509,1510,brain_tumor_figshare/1510.mat,103582,3,2,Hipofiz tümörü,2,Hipofiz tümörü,evet,0.291521,0.003366,0.705113
1510,1511,brain_tumor_figshare/1511.mat,103670,5,2,Hipofiz tümörü,2,Hipofiz tümörü,evet,0.098122,0.001203,0.900675
1511,1512,brain_tumor_figshare/1512.mat,103670,5,2,Hipofiz tümörü,2,Hipofiz tümörü,evet,0.119503,0.000818,0.87968
1512,1513,brain_tumor_figshare/1513.mat,103670,5,2,Hipofiz tümörü,2,Hipofiz tümörü,evet,0.127173,0.00122,0.871607
1513,1514,brain_tumor_figshare/1514.mat,103670,5,2,Hipofiz tümörü,2,Hipofiz tümörü,evet,0.130484,0.000948,0.868568
1514,1515,brain_tumor_figshare/1515.mat,103671,1,2,Hipofiz tümörü,2,Hipofiz tümörü,evet,0.087373,0.041836,0.870791
1515,1516,brain_tumor_figshare/1516.mat,103671,1,2,Hipofiz tümörü,2,Hipofiz tümörü,evet,0.088862,0.059388,0.85175
1516,1517,brain_tumor_figshare/1517.mat,103671,1,2,Hipofiz tümörü,2,Hipofiz tümörü,evet,0.100936,0.052539,0.846525
1517,1518,brain_tumor_figshare/1518.mat,103671,1,2,Hipofiz tümörü,2,Hipofiz tümörü,evet,0.098487,0.034674,0.866839
1518,1519,brain_tumor_figshare/1519.mat,103671,1,2,Hipofiz tümörü,2,Hipofiz tümörü,evet,0.087626,0.039433,0.872941
1519,1520,brain_tumor_figshare/1520.mat,103671,1,2,Hipofiz tümörü,2,Hipofiz tümörü,evet,0.075821,0.063779,0.860401
1520,1521,brain_tumor_figshare/1521.mat,103731,4,2,Hipofiz tümörü,2,Hipofiz tümörü,evet,0.123925,0.126845,0.74923
1521,1522,brain_tumor_figshare/1522.mat,103731,4,2,Hipofiz tümörü,2,Hipofiz tümörü,evet,0.085228,0.091991,0.822782
1522,1523,brain_tumor_figshare/1523.mat,103731,4,2,Hipofiz tümörü,2,Hipofiz tümörü,evet,0.085967,0.091691,0.822342
1523,1524,brain_tumor_figshare/1524.mat,103731,4,2,Hipofiz tümörü,2,Hipofiz tümörü,evet,0.132138,0.073979,0.793884
1524,1525,brain_tumor_figshare/1525.mat,103731,4,2,Hipofiz tümörü,2,Hipofiz tümörü,evet,0.130001,0.048092,0.821908
1525,1526,brain_tumor_figshare/1526.mat,103731,4,2,Hipofiz tümörü,2,Hipofiz tümörü,evet,0.177298,0.027806,0.794896
1526,1527,brain_tumor_figshare/1527.mat,103731,4,2,Hipofiz tümörü,2,Hipofiz tümörü,evet,0.157332,0.063603,0.779065
1527,1528,brain_tumor_figshare/1528.mat,103837,2,2,Hipofiz tümörü,2,Hipofiz tümörü,evet,0.15363,0.075814,0.770556
1528,1529,brain_tumor_figshare/1529.mat,103837,2,2,Hipofiz tümörü,2,Hipofiz tümörü,evet,0.142973,0.10449,0.752537
1529,1530,brain_tumor_figshare/1530.mat,103837,2,2,Hipofiz tümörü,2,Hipofiz tümörü,evet,0.135992,0.14465,0.719358
1530,1531,brain_tumor_figshare/1531.mat,103837,2,2,Hipofiz tümörü,2,Hipofiz tümörü,evet,0.136632,0.103736,0.759632
1531,1532,brain_tumor_figshare/1532.mat,103837,2,2,Hipofiz tümörü,2,Hipofiz tümörü,evet,0.148962,0.057817,0.79322
1532,1533,brain_tumor_figshare/1533.mat,104019,4,2,Hipofiz tümörü,2,Hipofiz tümörü,evet,0.03073,0.001259,0.968011
1533,1534,brain_tumor_figshare/1534.mat,104019,4,2,Hipofiz tümörü,2,Hipofiz tümörü,evet,0.027907,0.000771,0.971322
1534,1535,brain_tumor_figshare/1535.mat,104019,4,2,Hipofiz tümörü,2,Hipofiz tümörü,evet,0.028535,0.000781,0.970684
1535,1536,brain_tumor_figshare/1536.mat,104019,4,2,Hipofiz tümörü,2,Hipofiz tümörü,evet,0.029195,0.001046,0.969759
1536,1537,brain_tumor_figshare/1537.mat,104019,4,2,Hipofiz tümörü,2,Hipofiz tümörü,evet,0.045565,0.00217,0.952265
1537,1538,brain_tumor_figshare/1538.mat,104558,2,2,Hipofiz tümörü,2,Hipofiz tümörü,evet,0.313936,0.061406,0.624658
1538,1539,brain_tumor_figshare/1539.mat,104558,2,2,Hipofiz tümörü,2,Hipofiz tümörü,evet,0.228976,0.046391,0.724632
1539,1540,brain_tumor_figshare/1540.mat,104558,2,2,Hipofiz tümörü,2,Hipofiz tümörü,evet,0.165554,0.036687,0.797759
1540,1541,brain_tumor_figshare/1541.mat,104558,2,2,Hipofiz tümörü,2,Hipofiz tümörü,evet,0.188198,0.055483,0.756319
1541,1542,brain_tumor_figshare/1542.mat,104558,2,2,Hipofiz tümörü,2,Hipofiz tümörü,evet,0.118567,0.062186,0.819248
1542,1543,brain_tumor_figshare/1543.mat,104558,2,2,Hipofiz tümörü,2,Hipofiz tümörü,evet,0.047922,0.03632,0.915758
1543,1544,brain_tumor_figshare/1544.mat,104558,2,2,Hipofiz tümörü,2,Hipofiz tümörü,evet,0.045873,0.03098,0.923146
1544,1545,brain_tumor_figshare/1545.mat,104684,3,2,Hipofiz tümörü,2,Hipofiz tümörü,evet,0.033978,0.001948,0.964074
1545,1546,brain_tumor_figshare/1546.mat,104684,3,2,Hipofiz tümörü,2,Hipofiz tümörü,evet,0.011367,0.010353,0.97828
1546,1547,brain_tumor_figshare/1547.mat,104684,3,2,Hipofiz tümörü,2,Hipofiz tümörü,evet,0.006309,0.053572,0.940119
1547,1548,brain_tumor_figshare/1548.mat,104684,3,2,Hipofiz tümörü,2,Hipofiz tümörü,evet,0.014488,0.033068,0.952443
1548,1549,brain_tumor_figshare/1549.mat,104684,3,2,Hipofiz tümörü,2,Hipofiz tümörü,evet,0.049636,0.012412,0.937951
1549,1550,brain_tumor_figshare/1550.mat,104684,3,2,Hipofiz tümörü,2,Hipofiz tümörü,evet,0.020793,0.007608,0.971599
1550,1551,brain_tumor_figshare/1551.mat,104684,3,2,Hipofiz tümörü,2,Hipofiz tümörü,evet,0.018663,0.002669,0.978668
1551,1552,brain_tumor_figshare/1552.mat,104912,5,2,Hipofiz tümörü,2,Hipofiz tümörü,evet,0.048138,0.020277,0.931585
1552,1553,brain_tumor_figshare/1553.mat,104912,5,2,Hipofiz tümörü,2,Hipofiz tümörü,evet,0.040985,0.015121,0.943894
1553,1554,brain_tumor_figshare/1554.mat,104912,5,2,Hipofiz tümörü,2,Hipofiz tümörü,evet,0.026831,0.012292,0.960877
1554,1555,brain_tumor_figshare/1555.mat,104912,5,2,Hipofiz tümörü,2,Hipofiz tümörü,evet,0.022981,0.011635,0.965384
1555,1556,brain_tumor_figshare/1556.mat,104912,5,2,Hipofiz tümörü,2,Hipofiz tümörü,evet,0.026887,0.009796,0.963317
1556,1557,brain_tumor_figshare/1557.mat,105187,1,2,Hipofiz tümörü,2,Hipofiz tümörü,evet,0.025039,0.008882,0.966079
1557,1558,brain_tumor_figshare/1558.mat,105187,1,2,Hipofiz tümörü,2,Hipofiz tümörü,evet,0.018101,0.005015,0.976884
1558,1559,brain_tumor_figshare/1559.mat,105187,1,2,Hipofiz tümörü,2,Hipofiz tümörü,evet,0.007178,0.000805,0.992016
1559,1560,brain_tumor_figshare/1560.mat,105187,1,2,Hipofiz tümörü,2,Hipofiz tümörü,evet,0.005387,0.000303,0.99431
1560,1561,brain_tumor_figshare/1561.mat,105187,1,2,Hipofiz tümörü,2,Hipofiz tümörü,evet,0.002008,0.000119,0.997872
1561,1562,brain_tumor_figshare/1562.mat,105187,1,2,Hipofiz tümörü,2,Hipofiz tümörü,evet,0.001428,6.3e-05,0.998508
1562,1563,brain_tumor_figshare/1563.mat,105475,1,2,Hipofiz tümörü,2,Hipofiz tümörü,evet,0.076201,0.017429,0.90637
1563,1564,brain_tumor_figshare/1564.mat,105475,1,2,Hipofiz tümörü,2,Hipofiz tümörü,evet,0.078661,0.021464,0.899875
1564,1565,brain_tumor_figshare/1565.mat,105475,1,2,Hipofiz tümörü,2,Hipofiz tümörü,evet,0.083547,0.022819,0.893633
1565,1566,brain_tumor_figshare/1566.mat,105538,4,2,Hipofiz tümörü,0,Meningiom,hayır,0.471238,0.168759,0.360002
1566,1567,brain_tumor_figshare/1567.mat,105538,4,2,Hipofiz tümörü,2,Hipofiz tümörü,evet,0.354045,0.247339,0.398615
1567,1568,brain_tumor_figshare/1568.mat,105638,4,2,Hipofiz tümörü,2,Hipofiz tümörü,evet,0.004189,0.0001,0.995711
1568,1569,brain_tumor_figshare/1569.mat,105638,4,2,Hipofiz tümörü,2,Hipofiz tümörü,evet,0.002747,7e-05,0.997183
1569,1570,brain_tumor_figshare/1570.mat,105638,4,2,Hipofiz tümörü,2,Hipofiz tümörü,evet,0.002526,1.9e-05,0.997455
1570,1571,brain_tumor_figshare/1571.mat,105638,4,2,Hipofiz tümörü,2,Hipofiz tümörü,evet,0.00415,7e-06,0.995843
1571,1572,brain_tumor_figshare/1572.mat,105638,4,2,Hipofiz tümörü,2,Hipofiz tümörü,evet,0.006713,2e-06,0.993285
1572,1573,brain_tumor_figshare/1573.mat,97416,4,2,Hipofiz tümörü,2,Hipofiz tümörü,evet,0.051908,0.025402,0.92269
1573,1574,brain_tumor_figshare/1574.mat,97416,4,2,Hipofiz tümörü,2,Hipofiz tümörü,evet,0.009785,0.012347,0.977868
1574,1575,brain_tumor_figshare/1575.mat,97416,4,2,Hipofiz tümörü,2,Hipofiz tümörü,evet,0.011932,0.003228,0.98484
1575,1576,brain_tumor_figshare/1576.mat,97416,4,2,Hipofiz tümörü,2,Hipofiz tümörü,evet,0.014484,0.001268,0.984248
1576,1577,brain_tumor_figshare/1577.mat,97416,4,2,Hipofiz tümörü,2,Hipofiz tümörü,evet,0.006698,0.001055,0.992248
1577,1578,brain_tumor_figshare/1578.mat,97416,4,2,Hipofiz tümörü,2,Hipofiz tümörü,evet,0.003268,0.000288,0.996445
1578,1579,brain_tumor_figshare/1579.mat,97416,4,2,Hipofiz tümörü,2,Hipofiz tümörü,evet,0.00202,6.2e-05,0.997918
1579,1580,brain_tumor_figshare/1580.mat,97416,4,2,Hipofiz tümörü,2,Hipofiz tümörü,evet,0.001824,1.6e-05,0.998161
1580,1581,brain_tumor_figshare/1581.mat,97461,3,2,Hipofiz tümörü,2,Hipofiz tümörü,evet,0.00292,0.000114,0.996966
1581,1582,brain_tumor_figshare/1582.mat,97461,3,2,Hipofiz tümörü,2,Hipofiz tümörü,evet,0.000893,4.7e-05,0.99906
1582,1583,brain_tumor_figshare/1583.mat,97461,3,2,Hipofiz tümörü,2,Hipofiz tümörü,evet,0.000608,0.000109,0.999284
1583,1584,brain_tumor_figshare/1584.mat,97461,3,2,Hipofiz tümörü,2,Hipofiz tümörü,evet,0.000648,9.5e-05,0.999257
1584,1585,brain_tumor_figshare/1585.mat,97461,3,2,Hipofiz tümörü,2,Hipofiz tümörü,evet,0.000268,0.00029,0.999441
1585,1586,brain_tumor_figshare/1586.mat,97461,3,2,Hipofiz tümörü,2,Hipofiz tümörü,evet,0.001172,0.000513,0.998315
1586,1587,brain_tumor_figshare/1587.mat,97461,3,2,Hipofiz tümörü,2,Hipofiz tümörü,evet,0.001177,0.000334,0.998489
1587,1588,brain_tumor_figshare/1588.mat,97461,3,2,Hipofiz tümörü,2,Hipofiz tümörü,evet,0.000501,0.000574,0.998925
1588,1589,brain_tumor_figshare/1589.mat,97481,2,2,Hipofiz tümörü,2,Hipofiz tümörü,evet,0.078834,0.0044,0.916765
1589,1590,brain_tumor_figshare/1590.mat,97481,2,2,Hipofiz tümörü,2,Hipofiz tümörü,evet,0.08906,0.008015,0.902925
1590,1591,brain_tumor_figshare/1591.mat,97481,2,2,Hipofiz tümörü,2,Hipofiz tümörü,evet,0.074452,0.00702,0.918528
1591,1592,brain_tumor_figshare/1592.mat,97481,2,2,Hipofiz tümörü,2,Hipofiz tümörü,evet,0.084319,0.010564,0.905116
1592,1593,brain_tumor_figshare/1593.mat,97481,2,2,Hipofiz tümörü,2,Hipofiz tümörü,evet,0.070935,0.005763,0.923302
1593,1594,brain_tumor_figshare/1594.mat,97599,2,2,Hipofiz tümörü,2,Hipofiz tümörü,evet,0.004634,0.000289,0.995077
1594,1595,brain_tumor_figshare/1595.mat,97599,2,2,Hipofiz tümörü,2,Hipofiz tümörü,evet,0.004491,0.000213,0.995296
1595,1596,brain_tumor_figshare/1596.mat,97890,1,2,Hipofiz tümörü,2,Hipofiz tümörü,evet,0.110802,0.056345,0.832853
1596,1597,brain_tumor_figshare/1597.mat,97890,1,2,Hipofiz tümörü,2,Hipofiz tümörü,evet,0.108514,0.039461,0.852026
1597,1598,brain_tumor_figshare/1598.mat,97890,1,2,Hipofiz tümörü,2,Hipofiz tümörü,evet,0.09219,0.045838,0.861972
1598,1599,brain_tumor_figshare/1599.mat,97890,1,2,Hipofiz tümörü,2,Hipofiz tümörü,evet,0.069537,0.070107,0.860356
1599,1600,brain_tumor_figshare/1600.mat,98472,3,2,Hipofiz tümörü,2,Hipofiz tümörü,evet,0.008362,0.041805,0.949833
1600,1601,brain_tumor_figshare/1601.mat,98472,3,2,Hipofiz tümörü,2,Hipofiz tümörü,evet,0.001145,0.004653,0.994202
1601,1602,brain_tumor_figshare/1602.mat,98472,3,2,Hipofiz tümörü,2,Hipofiz tümörü,evet,0.000165,0.002092,0.997743
1602,1603,brain_tumor_figshare/1603.mat,98472,3,2,Hipofiz tümörü,2,Hipofiz tümörü,evet,0.00048,0.001006,0.998513
1603,1604,brain_tumor_figshare/1604.mat,98472,3,2,Hipofiz tümörü,2,Hipofiz tümörü,evet,0.00162,0.002514,0.995866
1604,1605,brain_tumor_figshare/1605.mat,98652,3,2,Hipofiz tümörü,2,Hipofiz tümörü,evet,0.00052,0.0,0.99948
1605,1606,brain_tumor_figshare/1606.mat,98652,3,2,Hipofiz tümörü,2,Hipofiz tümörü,evet,0.000328,0.0,0.999672
1606,1607,brain_tumor_figshare/1607.mat,98652,3,2,Hipofiz tümörü,2,Hipofiz tümörü,evet,0.00016,0.0,0.999839
1607,1608,brain_tumor_figshare/1608.mat,98652,3,2,Hipofiz tümörü,2,Hipofiz tümörü,evet,6.7e-05,0.0,0.999933
1608,1609,brain_tumor_figshare/1609.mat,98871,4,2,Hipofiz tümörü,2,Hipofiz tümörü,evet,0.015258,0.00049,0.984252
1609,1610,brain_tumor_figshare/1610.mat,98871,4,2,Hipofiz tümörü,2,Hipofiz tümörü,evet,0.029919,0.00065,0.969431
1610,1611,brain_tumor_figshare/1611.mat,98871,4,2,Hipofiz tümörü,2,Hipofiz tümörü,evet,0.025938,0.000476,0.973586
1611,1612,brain_tumor_figshare/1612.mat,98871,4,2,Hipofiz tümörü,2,Hipofiz tümörü,evet,0.024573,0.000563,0.974863
1612,1613,brain_tumor_figshare/1613.mat,98871,4,2,Hipofiz tümörü,2,Hipofiz tümörü,evet,0.014292,0.000439,0.985269
1613,1614,brain_tumor_figshare/1614.mat,98871,4,2,Hipofiz tümörü,2,Hipofiz tümörü,evet,0.033529,0.001405,0.965066
1614,1615,brain_tumor_figshare/1615.mat,98871,4,2,Hipofiz tümörü,2,Hipofiz tümörü,evet,0.037647,0.002007,0.960346
1615,1616,brain_tumor_figshare/1616.mat,98874,1,2,Hipofiz tümörü,2,Hipofiz tümörü,evet,0.308587,0.135122,0.556291
1616,1617,brain_tumor_figshare/1617.mat,98874,1,2,Hipofiz tümörü,2,Hipofiz tümörü,evet,0.190393,0.11327,0.696337
1617,1618,brain_tumor_figshare/1618.mat,98874,1,2,Hipofiz tümörü,2,Hipofiz tümörü,evet,0.121839,0.076438,0.801723
1618,1619,brain_tumor_figshare/1619.mat,98874,1,2,Hipofiz tümörü,2,Hipofiz tümörü,evet,0.056702,0.093221,0.850078
1619,1620,brain_tumor_figshare/1620.mat,98874,1,2,Hipofiz tümörü,2,Hipofiz tümörü,evet,0.026945,0.076011,0.897043
1620,1621,brain_tumor_figshare/1621.mat,98992,5,2,Hipofiz tümörü,2,Hipofiz tümörü,evet,0.154632,0.193618,0.65175
1621,1622,brain_tumor_figshare/1622.mat,98992,5,2,Hipofiz tümörü,2,Hipofiz tümörü,evet,0.140794,0.054762,0.804444
1622,1623,brain_tumor_figshare/1623.mat,98992,5,2,Hipofiz tümörü,2,Hipofiz tümörü,evet,0.209472,0.018302,0.772225
1623,1624,brain_tumor_figshare/1624.mat,98992,5,2,Hipofiz tümörü,2,Hipofiz tümörü,evet,0.156128,0.015846,0.828027
1624,1625,brain_tumor_figshare/1625.mat,98992,5,2,Hipofiz tümörü,2,Hipofiz tümörü,evet,0.091696,0.008763,0.899542
1625,1626,brain_tumor_figshare/1626.mat,98992,5,2,Hipofiz tümörü,2,Hipofiz tümörü,evet,0.065602,0.013069,0.921329
1626,1627,brain_tumor_figshare/1627.mat,98992,5,2,Hipofiz tümörü,2,Hipofiz tümörü,evet,0.079141,0.034303,0.886556
1627,1628,brain_tumor_figshare/1628.mat,98995,4,2,Hipofiz tümörü,2,Hipofiz tümörü,evet,0.007834,0.011691,0.980475
1628,1629,brain_tumor_figshare/1629.mat,98995,4,2,Hipofiz tümörü,2,Hipofiz tümörü,evet,0.006972,0.00436,0.988668
1629,1630,brain_tumor_figshare/1630.mat,98995,4,2,Hipofiz tümörü,2,Hipofiz tümörü,evet,0.008133,0.003045,0.988822
1630,1631,brain_tumor_figshare/1631.mat,98995,4,2,Hipofiz tümörü,2,Hipofiz tümörü,evet,0.018116,0.001838,0.980046
1631,1632,brain_tumor_figshare/1632.mat,98995,4,2,Hipofiz tümörü,2,Hipofiz tümörü,evet,0.055018,0.005114,0.939867
1632,1633,brain_tumor_figshare/1633.mat,98995,4,2,Hipofiz tümörü,2,Hipofiz tümörü,evet,0.07234,0.003903,0.923756
1633,1634,brain_tumor_figshare/1634.mat,99223,1,2,Hipofiz tümörü,2,Hipofiz tümörü,evet,0.113328,0.049198,0.837474
1634,1635,brain_tumor_figshare/1635.mat,99223,1,2,Hipofiz tümörü,2,Hipofiz tümörü,evet,0.138147,0.035,0.826853
1635,1636,brain_tumor_figshare/1636.mat,99223,1,2,Hipofiz tümörü,2,Hipofiz tümörü,evet,0.118442,0.021343,0.860215
1636,1637,brain_tumor_figshare/1637.mat,99223,1,2,Hipofiz tümörü,2,Hipofiz tümörü,evet,0.109816,0.015378,0.874806
1637,1638,brain_tumor_figshare/1638.mat,99223,1,2,Hipofiz tümörü,2,Hipofiz tümörü,evet,0.124162,0.018383,0.857455
1638,1639,brain_tumor_figshare/1639.mat,99223,1,2,Hipofiz tümörü,2,Hipofiz tümörü,evet,0.146116,0.021481,0.832403
1639,1640,brain_tumor_figshare/1640.mat,101017,2,2,Hipofiz tümörü,2,Hipofiz tümörü,evet,0.000599,1e-06,0.999401
1640,1641,brain_tumor_figshare/1641.mat,101017,2,2,Hipofiz tümörü,2,Hipofiz tümörü,evet,0.000465,1e-06,0.999535
1641,1642,brain_tumor_figshare/1642.mat,101017,2,2,Hipofiz tümörü,2,Hipofiz tümörü,evet,0.00062,0.0,0.999379
1642,1643,brain_tumor_figshare/1643.mat,101017,2,2,Hipofiz tümörü,2,Hipofiz tümörü,evet,0.000576,1e-06,0.999424
1643,1644,brain_tumor_figshare/1644.mat,101029,1,2,Hipofiz tümörü,2,Hipofiz tümörü,evet,0.002936,0.001834,0.995231
1644,1645,brain_tumor_figshare/1645.mat,101029,1,2,Hipofiz tümörü,2,Hipofiz tümörü,evet,0.001081,0.000457,0.998462
1645,1646,brain_tumor_figshare/1646.mat,101029,1,2,Hipofiz tümörü,2,Hipofiz tümörü,evet,0.001114,0.000287,0.998599
1646,1647,brain_tumor_figshare/1647.mat,101029,1,2,Hipofiz tümörü,2,Hipofiz tümörü,evet,0.002076,0.000409,0.997515
1647,1648,brain_tumor_figshare/1648.mat,101029,1,2,Hipofiz tümörü,2,Hipofiz tümörü,evet,0.002997,0.000368,0.996635
1648,1649,brain_tumor_figshare/1649.mat,101029,1,2,Hipofiz tümörü,2,Hipofiz tümörü,evet,0.002601,0.00115,0.996249
1649,1650,brain_tumor_figshare/1650.mat,101029,1,2,Hipofiz tümörü,2,Hipofiz tümörü,evet,0.00388,0.002053,0.994067
1650,1651,brain_tumor_figshare/1651.mat,101145,2,2,Hipofiz tümörü,2,Hipofiz tümörü,evet,0.086969,0.016489,0.896542
1651,1652,brain_tumor_figshare/1652.mat,101145,2,2,Hipofiz tümörü,2,Hipofiz tümörü,evet,0.066056,0.014403,0.91954
1652,1653,brain_tumor_figshare/1653.mat,101145,2,2,Hipofiz tümörü,2,Hipofiz tümörü,evet,0.082526,0.027896,0.889578
1653,1654,brain_tumor_figshare/1654.mat,101145,2,2,Hipofiz tümörü,2,Hipofiz tümörü,evet,0.085134,0.017758,0.897108
1654,1655,brain_tumor_figshare/1655.mat,101305,3,2,Hipofiz tümörü,2,Hipofiz tümörü,evet,0.000222,3e-06,0.999776
1655,1656,brain_tumor_figshare/1656.mat,101305,3,2,Hipofiz tümörü,2,Hipofiz tümörü,evet,9e-05,3e-06,0.999907
1656,1657,brain_tumor_figshare/1657.mat,101305,3,2,Hipofiz tümörü,2,Hipofiz tümörü,evet,0.000113,3e-06,0.999884
1657,1658,brain_tumor_figshare/1658.mat,101305,3,2,Hipofiz tümörü,2,Hipofiz tümörü,evet,0.000155,2.6e-05,0.99982
1658,1659,brain_tumor_figshare/1659.mat,101724,2,2,Hipofiz tümörü,2,Hipofiz tümörü,evet,0.089258,0.07439,0.836352
1659,1660,brain_tumor_figshare/1660.mat,101724,2,2,Hipofiz tümörü,2,Hipofiz tümörü,evet,0.067677,0.043102,0.889221
1660,1661,brain_tumor_figshare/1661.mat,101724,2,2,Hipofiz tümörü,2,Hipofiz tümörü,evet,0.055338,0.033289,0.911373
1661,1662,brain_tumor_figshare/1662.mat,101724,2,2,Hipofiz tümörü,2,Hipofiz tümörü,evet,0.058812,0.030126,0.911062
1662,1663,brain_tumor_figshare/1663.mat,101724,2,2,Hipofiz tümörü,2,Hipofiz tümörü,evet,0.063677,0.050176,0.886147
1663,1664,brain_tumor_figshare/1664.mat,101724,2,2,Hipofiz tümörü,2,Hipofiz tümörü,evet,0.097987,0.07299,0.829023
1664,1665,brain_tumor_figshare/1665.mat,102648,2,2,Hipofiz tümörü,2,Hipofiz tümörü,evet,0.003863,1.3e-05,0.996123
1665,1666,brain_tumor_figshare/1666.mat,102648,2,2,Hipofiz tümörü,2,Hipofiz tümörü,evet,0.002464,1e-05,0.997526
1666,1667,brain_tumor_figshare/1667.mat,102648,2,2,Hipofiz tümörü,2,Hipofiz tümörü,evet,0.00178,8e-06,0.998212
1667,1668,brain_tumor_figshare/1668.mat,102648,2,2,Hipofiz tümörü,2,Hipofiz tümörü,evet,0.002149,7e-06,0.997843
1668,1669,brain_tumor_figshare/1669.mat,102648,2,2,Hipofiz tümörü,2,Hipofiz tümörü,evet,0.002515,1.3e-05,0.997472
1669,1670,brain_tumor_figshare/1670.mat,102648,2,2,Hipofiz tümörü,2,Hipofiz tümörü,evet,0.002542,1.9e-05,0.997439
1670,1671,brain_tumor_figshare/1671.mat,102648,2,2,Hipofiz tümörü,2,Hipofiz tümörü,evet,0.002585,2.5e-05,0.997391
1671,1672,brain_tumor_figshare/1672.mat,102669,5,2,Hipofiz tümörü,1,Gliom,hayır,0.054011,0.715108,0.230881
1672,1673,brain_tumor_figshare/1673.mat,103046,2,2,Hipofiz tümörü,2,Hipofiz tümörü,evet,0.005299,3.6e-05,0.994664
1673,1674,brain_tumor_figshare/1674.mat,103046,2,2,Hipofiz tümörü,2,Hipofiz tümörü,evet,0.006293,5.6e-05,0.993651
1674,1675,brain_tumor_figshare/1675.mat,103046,2,2,Hipofiz tümörü,2,Hipofiz tümörü,evet,0.006785,7.9e-05,0.993137
1675,1676,brain_tumor_figshare/1676.mat,103046,2,2,Hipofiz tümörü,2,Hipofiz tümörü,evet,0.007932,5.6e-05,0.992012
1676,1677,brain_tumor_figshare/1677.mat,103257,4,2,Hipofiz tümörü,2,Hipofiz tümörü,evet,0.000625,1e-06,0.999374
1677,1678,brain_tumor_figshare/1678.mat,103257,4,2,Hipofiz tümörü,2,Hipofiz tümörü,evet,0.000201,1e-06,0.999798
1678,1679,brain_tumor_figshare/1679.mat,103257,4,2,Hipofiz tümörü,2,Hipofiz tümörü,evet,0.000178,2e-06,0.99982
1679,1680,brain_tumor_figshare/1680.mat,103257,4,2,Hipofiz tümörü,2,Hipofiz tümörü,evet,0.001253,7e-06,0.99874
1680,1681,brain_tumor_figshare/1681.mat,103257,4,2,Hipofiz tümörü,2,Hipofiz tümörü,evet,0.003767,3.2e-05,0.996201
1681,1682,brain_tumor_figshare/1682.mat,103257,4,2,Hipofiz tümörü,2,Hipofiz tümörü,evet,0.008481,6.3e-05,0.991457
1682,1683,brain_tumor_figshare/1683.mat,103257,4,2,Hipofiz tümörü,2,Hipofiz tümörü,evet,0.009833,0.000194,0.989973
1683,1684,brain_tumor_figshare/1684.mat,103478,5,2,Hipofiz tümörü,2,Hipofiz tümörü,evet,0.000765,4e-06,0.99923
1684,1685,brain_tumor_figshare/1685.mat,103478,5,2,Hipofiz tümörü,2,Hipofiz tümörü,evet,0.000464,0.0,0.999536
1685,1686,brain_tumor_figshare/1686.mat,103478,5,2,Hipofiz tümörü,2,Hipofiz tümörü,evet,0.000756,0.0,0.999243
1686,1687,brain_tumor_figshare/1687.mat,103478,5,2,Hipofiz tümörü,2,Hipofiz tümörü,evet,0.000333,0.0,0.999667
1687,1688,brain_tumor_figshare/1688.mat,103478,5,2,Hipofiz tümörü,2,Hipofiz tümörü,evet,0.000225,0.0,0.999775
1688,1689,brain_tumor_figshare/1689.mat,103478,5,2,Hipofiz tümörü,2,Hipofiz tümörü,evet,0.000431,1e-06,0.999568
1689,1690,brain_tumor_figshare/1690.mat,103478,5,2,Hipofiz tümörü,2,Hipofiz tümörü,evet,0.001843,1e-06,0.998155
1690,1691,brain_tumor_figshare/1691.mat,103478,5,2,Hipofiz tümörü,2,Hipofiz tümörü,evet,0.00136,1e-06,0.998639
1691,1692,brain_tumor_figshare/1692.mat,103582,3,2,Hipofiz tümörü,2,Hipofiz tümörü,evet,0.046042,0.001119,0.95284
1692,1693,brain_tumor_figshare/1693.mat,103582,3,2,Hipofiz tümörü,2,Hipofiz tümörü,evet,0.014651,0.001279,0.98407
1693,1694,brain_tumor_figshare/1694.mat,103582,3,2,Hipofiz tümörü,2,Hipofiz tümörü,evet,0.01464,0.001118,0.984242
1694,1695,brain_tumor_figshare/1695.mat,103582,3,2,Hipofiz tümörü,2,Hipofiz tümörü,evet,0.118603,0.000785,0.880612
1695,1696,brain_tumor_figshare/1696.mat,103582,3,2,Hipofiz tümörü,2,Hipofiz tümörü,evet,0.052539,0.000891,0.946571
1696,1697,brain_tumor_figshare/1697.mat,103582,3,2,Hipofiz tümörü,2,Hipofiz tümörü,evet,0.064121,0.00203,0.933849
1697,1698,brain_tumor_figshare/1698.mat,103582,3,2,Hipofiz tümörü,2,Hipofiz tümörü,evet,0.332167,0.002826,0.665008
1698,1699,brain_tumor_figshare/1699.mat,103582,3,2,Hipofiz tümörü,2,Hipofiz tümörü,evet,0.064952,0.022598,0.91245
1699,1700,brain_tumor_figshare/1700.mat,103670,5,2,Hipofiz tümörü,2,Hipofiz tümörü,evet,0.004723,5.6e-05,0.995221
1700,1701,brain_tumor_figshare/1701.mat,103670,5,2,Hipofiz tümörü,2,Hipofiz tümörü,evet,0.010773,3.3e-05,0.989194
1701,1702,brain_tumor_figshare/1702.mat,103670,5,2,Hipofiz tümörü,2,Hipofiz tümörü,evet,0.006014,0.000145,0.993841
1702,1703,brain_tumor_figshare/1703.mat,103670,5,2,Hipofiz tümörü,2,Hipofiz tümörü,evet,0.013748,0.000158,0.986094
1703,1704,brain_tumor_figshare/1704.mat,103671,1,2,Hipofiz tümörü,2,Hipofiz tümörü,evet,0.006117,0.33944,0.654442
1704,1705,brain_tumor_figshare/1705.mat,103671,1,2,Hipofiz tümörü,2,Hipofiz tümörü,evet,0.007385,0.342054,0.650561
1705,1706,brain_tumor_figshare/1706.mat,103671,1,2,Hipofiz tümörü,2,Hipofiz tümörü,evet,0.009585,0.286392,0.704023
1706,1707,brain_tumor_figshare/1707.mat,103671,1,2,Hipofiz tümörü,2,Hipofiz tümörü,evet,0.00559,0.188321,0.806089
1707,1708,brain_tumor_figshare/1708.mat,103671,1,2,Hipofiz tümörü,2,Hipofiz tümörü,evet,0.005522,0.252358,0.742121
1708,1709,brain_tumor_figshare/1709.mat,103731,4,2,Hipofiz tümörü,2,Hipofiz tümörü,evet,0.025327,0.011655,0.963018
1709,1710,brain_tumor_figshare/1710.mat,103731,4,2,Hipofiz tümörü,2,Hipofiz tümörü,evet,0.029639,0.002679,0.967681
1710,1711,brain_tumor_figshare/1711.mat,103731,4,2,Hipofiz tümörü,2,Hipofiz tümörü,evet,0.014453,0.003849,0.981698
1711,1712,brain_tumor_figshare/1712.mat,103731,4,2,Hipofiz tümörü,2,Hipofiz tümörü,evet,0.024674,0.010775,0.964551
1712,1713,brain_tumor_figshare/1713.mat,103731,4,2,Hipofiz tümörü,2,Hipofiz tümörü,evet,0.062152,0.009556,0.928292
1713,1714,brain_tumor_figshare/1714.mat,103837,2,2,Hipofiz tümörü,2,Hipofiz tümörü,evet,0.018802,0.002503,0.978695
1714,1715,brain_tumor_figshare/1715.mat,103837,2,2,Hipofiz tümörü,2,Hipofiz tümörü,evet,0.01557,0.001047,0.983383
1715,1716,brain_tumor_figshare/1716.mat,103837,2,2,Hipofiz tümörü,2,Hipofiz tümörü,evet,0.011468,0.000615,0.987917
1716,1717,brain_tumor_figshare/1717.mat,103837,2,2,Hipofiz tümörü,2,Hipofiz tümörü,evet,0.010725,0.000866,0.988409
1717,1718,brain_tumor_figshare/1718.mat,103837,2,2,Hipofiz tümörü,2,Hipofiz tümörü,evet,0.008373,0.000392,0.991235
1718,1719,brain_tumor_figshare/1719.mat,103837,2,2,Hipofiz tümörü,2,Hipofiz tümörü,evet,0.012333,0.001174,0.986493
1719,1720,brain_tumor_figshare/1720.mat,103837,2,2,Hipofiz tümörü,2,Hipofiz tümörü,evet,0.012113,0.00045,0.987436
1720,1721,brain_tumor_figshare/1721.mat,104019,4,2,Hipofiz tümörü,2,Hipofiz tümörü,evet,0.018575,0.080228,0.901197
1721,1722,brain_tumor_figshare/1722.mat,104019,4,2,Hipofiz tümörü,2,Hipofiz tümörü,evet,0.014967,0.062735,0.922298
1722,1723,brain_tumor_figshare/1723.mat,104019,4,2,Hipofiz tümörü,2,Hipofiz tümörü,evet,0.012086,0.094899,0.893015
1723,1724,brain_tumor_figshare/1724.mat,104019,4,2,Hipofiz tümörü,2,Hipofiz tümörü,evet,0.016571,0.138469,0.84496
1724,1725,brain_tumor_figshare/1725.mat,104558,2,2,Hipofiz tümörü,2,Hipofiz tümörü,evet,0.022406,0.008794,0.968801
1725,1726,brain_tumor_figshare/1726.mat,104558,2,2,Hipofiz tümörü,2,Hipofiz tümörü,evet,0.008702,0.001797,0.989501
1726,1727,brain_tumor_figshare/1727.mat,104558,2,2,Hipofiz tümörü,2,Hipofiz tümörü,evet,0.005584,0.001542,0.992873
1727,1728,brain_tumor_figshare/1728.mat,104558,2,2,Hipofiz tümörü,2,Hipofiz tümörü,evet,0.006486,0.001263,0.992251
1728,1729,brain_tumor_figshare/1729.mat,104558,2,2,Hipofiz tümörü,2,Hipofiz tümörü,evet,0.006799,0.000755,0.992446
1729,1730,brain_tumor_figshare/1730.mat,104558,2,2,Hipofiz tümörü,2,Hipofiz tümörü,evet,0.011382,0.002341,0.986277
1730,1731,brain_tumor_figshare/1731.mat,104558,2,2,Hipofiz tümörü,2,Hipofiz tümörü,evet,0.015631,0.006608,0.977761
1731,1732,brain_tumor_figshare/1732.mat,104558,2,2,Hipofiz tümörü,2,Hipofiz tümörü,evet,0.022495,0.010195,0.96731
1732,1733,brain_tumor_figshare/1733.mat,104558,2,2,Hipofiz tümörü,2,Hipofiz tümörü,evet,0.036322,0.018041,0.945637
1733,1734,brain_tumor_figshare/1734.mat,104684,3,2,Hipofiz tümörü,2,Hipofiz tümörü,evet,2e-06,0.0,0.999998
1734,1735,brain_tumor_figshare/1735.mat,104684,3,2,Hipofiz tümörü,2,Hipofiz tümörü,evet,1e-06,0.0,0.999999
1735,1736,brain_tumor_figshare/1736.mat,104684,3,2,Hipofiz tümörü,2,Hipofiz tümörü,evet,1e-06,0.0,0.999999
1736,1737,brain_tumor_figshare/1737.mat,104684,3,2,Hipofiz tümörü,2,Hipofiz tümörü,evet,0.0,0.0,1.0
1737,1738,brain_tumor_figshare/1738.mat,104684,3,2,Hipofiz tümörü,2,Hipofiz tümörü,evet,1e-06,0.0,0.999999
1738,1739,brain_tumor_figshare/1739.mat,104684,3,2,Hipofiz tümörü,2,Hipofiz tümörü,evet,2e-06,0.0,0.999998
1739,1740,brain_tumor_figshare/1740.mat,104684,3,2,Hipofiz tümörü,2,Hipofiz tümörü,evet,3e-06,0.0,0.999997
1740,1741,brain_tumor_figshare/1741.mat,104912,5,2,Hipofiz tümörü,2,Hipofiz tümörü,evet,0.291038,0.019901,0.689061
1741,1742,brain_tumor_figshare/1742.mat,104912,5,2,Hipofiz tümörü,2,Hipofiz tümörü,evet,0.159506,0.029618,0.810877
1742,1743,brain_tumor_figshare/1743.mat,104912,5,2,Hipofiz tümörü,2,Hipofiz tümörü,evet,0.096994,0.009504,0.893503
1743,1744,brain_tumor_figshare/1744.mat,104912,5,2,Hipofiz tümörü,2,Hipofiz tümörü,evet,0.149482,0.009385,0.841133
1744,1745,brain_tumor_figshare/1745.mat,104912,5,2,Hipofiz tümörü,2,Hipofiz tümörü,evet,0.106626,0.006594,0.88678
1745,1746,brain_tumor_figshare/1746.mat,104912,5,2,Hipofiz tümörü,2,Hipofiz tümörü,evet,0.142211,0.009311,0.848479
1746,1747,brain_tumor_figshare/1747.mat,104912,5,2,Hipofiz tümörü,2,Hipofiz tümörü,evet,0.244504,0.006549,0.748947
1747,1748,brain_tumor_figshare/1748.mat,105187,1,2,Hipofiz tümörü,2,Hipofiz tümörü,evet,0.029136,0.072985,0.897879
1748,1749,brain_tumor_figshare/1749.mat,105187,1,2,Hipofiz tümörü,2,Hipofiz tümörü,evet,0.015989,0.040396,0.943615
1749,1750,brain_tumor_figshare/1750.mat,105187,1,2,Hipofiz tümörü,2,Hipofiz tümörü,evet,0.011522,0.02506,0.963418
1750,1751,brain_tumor_figshare/1751.mat,105187,1,2,Hipofiz tümörü,2,Hipofiz tümörü,evet,0.010253,0.016556,0.97319
1751,1752,brain_tumor_figshare/1752.mat,105187,1,2,Hipofiz tümörü,2,Hipofiz tümörü,evet,0.011799,0.02946,0.958741
1752,1753,brain_tumor_figshare/1753.mat,105187,1,2,Hipofiz tümörü,2,Hipofiz tümörü,evet,0.019792,0.043569,0.936639
1753,1754,brain_tumor_figshare/1754.mat,105475,1,2,Hipofiz tümörü,1,Gliom,hayır,0.047405,0.533195,0.4194
1754,1755,brain_tumor_figshare/1755.mat,105475,1,2,Hipofiz tümörü,1,Gliom,hayır,0.023491,0.574822,0.401687
1755,1756,brain_tumor_figshare/1756.mat,105475,1,2,Hipofiz tümörü,1,Gliom,hayır,0.057466,0.504227,0.438306
1756,1757,brain_tumor_figshare/1757.mat,105475,1,2,Hipofiz tümörü,2,Hipofiz tümörü,evet,0.098154,0.424797,0.477048
1757,1758,brain_tumor_figshare/1758.mat,105475,1,2,Hipofiz tümörü,1,Gliom,hayır,0.063545,0.553098,0.383357
1758,1759,brain_tumor_figshare/1759.mat,105538,4,2,Hipofiz tümörü,1,Gliom,hayır,0.286599,0.526476,0.186925
1759,1760,brain_tumor_figshare/1760.mat,105538,4,2,Hipofiz tümörü,1,Gliom,hayır,0.22197,0.653984,0.124046
1760,1761,brain_tumor_figshare/1761.mat,105638,4,2,Hipofiz tümörü,2,Hipofiz tümörü,evet,1.7e-05,0.0,0.999983
1761,1762,brain_tumor_figshare/1762.mat,105638,4,2,Hipofiz tümörü,2,Hipofiz tümörü,evet,6e-06,0.0,0.999994
1762,1763,brain_tumor_figshare/1763.mat,105638,4,2,Hipofiz tümörü,2,Hipofiz tümörü,evet,4e-06,0.0,0.999996
1763,1764,brain_tumor_figshare/1764.mat,105638,4,2,Hipofiz tümörü,2,Hipofiz tümörü,evet,9e-06,0.0,0.999991
1764,1765,brain_tumor_figshare/1765.mat,105638,4,2,Hipofiz tümörü,2,Hipofiz tümörü,evet,8e-06,0.0,0.999992
1765,1766,brain_tumor_figshare/1766.mat,97416,4,2,Hipofiz tümörü,2,Hipofiz tümörü,evet,0.070196,0.085223,0.844581
1766,1767,brain_tumor_figshare/1767.mat,97416,4,2,Hipofiz tümörü,2,Hipofiz tümörü,evet,0.096072,0.05076,0.853168
1767,1768,brain_tumor_figshare/1768.mat,97416,4,2,Hipofiz tümörü,2,Hipofiz tümörü,evet,0.17096,0.062406,0.766634
1768,1769,brain_tumor_figshare/1769.mat,97416,4,2,Hipofiz tümörü,2,Hipofiz tümörü,evet,0.11292,0.051939,0.835141
1769,1770,brain_tumor_figshare/1770.mat,97416,4,2,Hipofiz tümörü,2,Hipofiz tümörü,evet,0.187402,0.053717,0.758881
1770,1771,brain_tumor_figshare/1771.mat,97416,4,2,Hipofiz tümörü,2,Hipofiz tümörü,evet,0.321959,0.053432,0.624609
1771,1772,brain_tumor_figshare/1772.mat,97416,4,2,Hipofiz tümörü,2,Hipofiz tümörü,evet,0.21723,0.121285,0.661486
1772,1773,brain_tumor_figshare/1773.mat,97461,3,2,Hipofiz tümörü,2,Hipofiz tümörü,evet,0.028435,0.012842,0.958723
1773,1774,brain_tumor_figshare/1774.mat,97461,3,2,Hipofiz tümörü,2,Hipofiz tümörü,evet,0.005542,0.014679,0.979779
1774,1775,brain_tumor_figshare/1775.mat,97461,3,2,Hipofiz tümörü,2,Hipofiz tümörü,evet,0.002175,0.020276,0.97755
1775,1776,brain_tumor_figshare/1776.mat,97461,3,2,Hipofiz tümörü,2,Hipofiz tümörü,evet,0.001269,0.006592,0.992139
1776,1777,brain_tumor_figshare/1777.mat,97461,3,2,Hipofiz tümörü,2,Hipofiz tümörü,evet,0.003878,0.004847,0.991275
1777,1778,brain_tumor_figshare/1778.mat,97461,3,2,Hipofiz tümörü,2,Hipofiz tümörü,evet,0.004532,0.009999,0.985469
1778,1779,brain_tumor_figshare/1779.mat,97461,3,2,Hipofiz tümörü,2,Hipofiz tümörü,evet,0.001785,0.018752,0.979462
1779,1780,brain_tumor_figshare/1780.mat,97461,3,2,Hipofiz tümörü,2,Hipofiz tümörü,evet,0.003344,0.010379,0.986277
1780,1781,brain_tumor_figshare/1781.mat,97481,2,2,Hipofiz tümörü,2,Hipofiz tümörü,evet,0.01688,0.00212,0.980999
1781,1782,brain_tumor_figshare/1782.mat,97481,2,2,Hipofiz tümörü,2,Hipofiz tümörü,evet,0.012447,0.001995,0.985558
1782,1783,brain_tumor_figshare/1783.mat,97481,2,2,Hipofiz tümörü,2,Hipofiz tümörü,evet,0.011875,0.000791,0.987334
1783,1784,brain_tumor_figshare/1784.mat,97481,2,2,Hipofiz tümörü,2,Hipofiz tümörü,evet,0.018902,0.00155,0.979548
1784,1785,brain_tumor_figshare/1785.mat,97481,2,2,Hipofiz tümörü,2,Hipofiz tümörü,evet,0.019458,0.002232,0.97831
1785,1786,brain_tumor_figshare/1786.mat,97599,2,2,Hipofiz tümörü,2,Hipofiz tümörü,evet,0.039463,0.000719,0.959817
1786,1787,brain_tumor_figshare/1787.mat,97599,2,2,Hipofiz tümörü,2,Hipofiz tümörü,evet,0.043876,0.001097,0.955027
1787,1788,brain_tumor_figshare/1788.mat,97599,2,2,Hipofiz tümörü,2,Hipofiz tümörü,evet,0.050429,0.001055,0.948515
1788,1789,brain_tumor_figshare/1789.mat,97890,1,2,Hipofiz tümörü,2,Hipofiz tümörü,evet,0.029264,0.407905,0.562831
1789,1790,brain_tumor_figshare/1790.mat,97890,1,2,Hipofiz tümörü,2,Hipofiz tümörü,evet,0.055385,0.248586,0.696029
1790,1791,brain_tumor_figshare/1791.mat,97890,1,2,Hipofiz tümörü,2,Hipofiz tümörü,evet,0.075105,0.254343,0.670551
1791,1792,brain_tumor_figshare/1792.mat,97890,1,2,Hipofiz tümörü,2,Hipofiz tümörü,evet,0.09724,0.198576,0.704185
1792,1793,brain_tumor_figshare/1793.mat,97890,1,2,Hipofiz tümörü,2,Hipofiz tümörü,evet,0.059016,0.21434,0.726644
1793,1794,brain_tumor_figshare/1794.mat,97890,1,2,Hipofiz tümörü,2,Hipofiz tümörü,evet,0.03178,0.284398,0.683822
1794,1795,brain_tumor_figshare/1795.mat,98472,3,2,Hipofiz tümörü,2,Hipofiz tümörü,evet,0.000481,6e-06,0.999513
1795,1796,brain_tumor_figshare/1796.mat,98472,3,2,Hipofiz tümörü,2,Hipofiz tümörü,evet,0.000109,4e-06,0.999887
1796,1797,brain_tumor_figshare/1797.mat,98472,3,2,Hipofiz tümörü,2,Hipofiz tümörü,evet,3.7e-05,4e-06,0.999959
1797,1798,brain_tumor_figshare/1798.mat,98472,3,2,Hipofiz tümörü,2,Hipofiz tümörü,evet,1.8e-05,3e-06,0.999979
1798,1799,brain_tumor_figshare/1799.mat,98472,3,2,Hipofiz tümörü,2,Hipofiz tümörü,evet,2.5e-05,3e-06,0.999973
1799,1800,brain_tumor_figshare/1800.mat,98472,3,2,Hipofiz tümörü,2,Hipofiz tümörü,evet,0.000104,1.1e-05,0.999885
1800,1801,brain_tumor_figshare/1801.mat,98652,3,2,Hipofiz tümörü,2,Hipofiz tümörü,evet,0.00052,5e-06,0.999475
1801,1802,brain_tumor_figshare/1802.mat,98652,3,2,Hipofiz tümörü,2,Hipofiz tümörü,evet,0.000404,5.7e-05,0.999539
1802,1803,brain_tumor_figshare/1803.mat,98652,3,2,Hipofiz tümörü,2,Hipofiz tümörü,evet,0.001169,9e-06,0.998822
1803,1804,brain_tumor_figshare/1804.mat,98652,3,2,Hipofiz tümörü,2,Hipofiz tümörü,evet,0.001396,4e-06,0.9986
1804,1805,brain_tumor_figshare/1805.mat,98652,3,2,Hipofiz tümörü,2,Hipofiz tümörü,evet,0.003648,4e-06,0.996348
1805,1806,brain_tumor_figshare/1806.mat,98871,4,2,Hipofiz tümörü,2,Hipofiz tümörü,evet,0.097606,0.140371,0.762022
1806,1807,brain_tumor_figshare/1807.mat,98871,4,2,Hipofiz tümörü,2,Hipofiz tümörü,evet,0.124002,0.161735,0.714262
1807,1808,brain_tumor_figshare/1808.mat,98871,4,2,Hipofiz tümörü,2,Hipofiz tümörü,evet,0.113407,0.21824,0.668353
1808,1809,brain_tumor_figshare/1809.mat,98871,4,2,Hipofiz tümörü,2,Hipofiz tümörü,evet,0.15278,0.237197,0.610022
1809,1810,brain_tumor_figshare/1810.mat,98871,4,2,Hipofiz tümörü,2,Hipofiz tümörü,evet,0.098269,0.34394,0.557791
1810,1811,brain_tumor_figshare/1811.mat,98871,4,2,Hipofiz tümörü,2,Hipofiz tümörü,evet,0.07546,0.186567,0.737973
1811,1812,brain_tumor_figshare/1812.mat,98871,4,2,Hipofiz tümörü,2,Hipofiz tümörü,evet,0.101074,0.226197,0.672729
1812,1813,brain_tumor_figshare/1813.mat,98874,1,2,Hipofiz tümörü,2,Hipofiz tümörü,evet,0.09778,0.281831,0.620388
1813,1814,brain_tumor_figshare/1814.mat,98874,1,2,Hipofiz tümörü,2,Hipofiz tümörü,evet,0.089142,0.170657,0.7402
1814,1815,brain_tumor_figshare/1815.mat,98874,1,2,Hipofiz tümörü,2,Hipofiz tümörü,evet,0.115027,0.140369,0.744604
1815,1816,brain_tumor_figshare/1816.mat,98874,1,2,Hipofiz tümörü,2,Hipofiz tümörü,evet,0.176849,0.152533,0.670618
1816,1817,brain_tumor_figshare/1817.mat,98874,1,2,Hipofiz tümörü,2,Hipofiz tümörü,evet,0.091764,0.117736,0.7905
1817,1818,brain_tumor_figshare/1818.mat,98874,1,2,Hipofiz tümörü,2,Hipofiz tümörü,evet,0.102927,0.127486,0.769587
1818,1819,brain_tumor_figshare/1819.mat,98992,5,2,Hipofiz tümörü,1,Gliom,hayır,0.091154,0.807681,0.101165
1819,1820,brain_tumor_figshare/1820.mat,98992,5,2,Hipofiz tümörü,1,Gliom,hayır,0.133489,0.649716,0.216795
1820,1821,brain_tumor_figshare/1821.mat,98992,5,2,Hipofiz tümörü,1,Gliom,hayır,0.049605,0.687481,0.262914
1821,1822,brain_tumor_figshare/1822.mat,98992,5,2,Hipofiz tümörü,1,Gliom,hayır,0.081737,0.695305,0.222958
1822,1823,brain_tumor_figshare/1823.mat,98992,5,2,Hipofiz tümörü,1,Gliom,hayır,0.027623,0.739745,0.232633
1823,1824,brain_tumor_figshare/1824.mat,98992,5,2,Hipofiz tümörü,1,Gliom,hayır,0.031544,0.641149,0.327307
1824,1825,brain_tumor_figshare/1825.mat,98992,5,2,Hipofiz tümörü,1,Gliom,hayır,0.028143,0.648568,0.323289
1825,1826,brain_tumor_figshare/1826.mat,98992,5,2,Hipofiz tümörü,1,Gliom,hayır,0.041415,0.576442,0.382143
1826,1827,brain_tumor_figshare/1827.mat,98992,5,2,Hipofiz tümörü,1,Gliom,hayır,0.037129,0.55832,0.404551
1827,1828,brain_tumor_figshare/1828.mat,98992,5,2,Hipofiz tümörü,1,Gliom,hayır,0.038369,0.482325,0.479306
1828,1829,brain_tumor_figshare/1829.mat,98992,5,2,Hipofiz tümörü,1,Gliom,hayır,0.053184,0.494667,0.452149
1829,1830,brain_tumor_figshare/1830.mat,98995,4,2,Hipofiz tümörü,2,Hipofiz tümörü,evet,0.071328,0.00072,0.927952
1830,1831,brain_tumor_figshare/1831.mat,98995,4,2,Hipofiz tümörü,2,Hipofiz tümörü,evet,0.122828,0.001309,0.875862
1831,1832,brain_tumor_figshare/1832.mat,98995,4,2,Hipofiz tümörü,2,Hipofiz tümörü,evet,0.1205,0.000811,0.878689
1832,1833,brain_tumor_figshare/1833.mat,98995,4,2,Hipofiz tümörü,2,Hipofiz tümörü,evet,0.091813,0.000547,0.90764
1833,1834,brain_tumor_figshare/1834.mat,98995,4,2,Hipofiz tümörü,2,Hipofiz tümörü,evet,0.244807,0.000625,0.754569
1834,1835,brain_tumor_figshare/1835.mat,99223,1,2,Hipofiz tümörü,2,Hipofiz tümörü,evet,0.017486,0.153412,0.829102
1835,1836,brain_tumor_figshare/1836.mat,99223,1,2,Hipofiz tümörü,2,Hipofiz tümörü,evet,0.012019,0.059245,0.928737
1836,1837,brain_tumor_figshare/1837.mat,99223,1,2,Hipofiz tümörü,2,Hipofiz tümörü,evet,0.01012,0.064116,0.925764
1837,1838,brain_tumor_figshare/1838.mat,99223,1,2,Hipofiz tümörü,2,Hipofiz tümörü,evet,0.011228,0.058988,0.929784
1838,1839,brain_tumor_figshare/1839.mat,99223,1,2,Hipofiz tümörü,2,Hipofiz tümörü,evet,0.008146,0.088559,0.903295
1839,1840,brain_tumor_figshare/1840.mat,99223,1,2,Hipofiz tümörü,2,Hipofiz tümörü,evet,0.008808,0.208306,0.782887
1840,1841,brain_tumor_figshare/1841.mat,MR048294,1,1,Gliom,1,Gliom,evet,0.303542,0.606624,0.089834
1841,1842,brain_tumor_figshare/1842.mat,MR048294,1,1,Gliom,1,Gliom,evet,0.11626,0.861912,0.021828
1842,1843,brain_tumor_figshare/1843.mat,MR048294,1,1,Gliom,1,Gliom,evet,0.041432,0.947925,0.010644
1843,1844,brain_tumor_figshare/1844.mat,MR048294,1,1,Gliom,1,Gliom,evet,0.021006,0.971101,0.007893
1844,1845,brain_tumor_figshare/1845.mat,MR048294,1,1,Gliom,1,Gliom,evet,0.030333,0.95955,0.010117
1845,1846,brain_tumor_figshare/1846.mat,MR048294,1,1,Gliom,1,Gliom,evet,0.030322,0.959813,0.009865
1846,1847,brain_tumor_figshare/1847.mat,MR048294,1,1,Gliom,1,Gliom,evet,0.037319,0.95706,0.005621
1847,1848,brain_tumor_figshare/1848.mat,MR048294,1,1,Gliom,1,Gliom,evet,0.133432,0.860317,0.006252
1848,1849,brain_tumor_figshare/1849.mat,MR048297,1,1,Gliom,1,Gliom,evet,0.085679,0.907559,0.006762
1849,1850,brain_tumor_figshare/1850.mat,MR048297,1,1,Gliom,1,Gliom,evet,0.103746,0.890005,0.00625
1850,1851,brain_tumor_figshare/1851.mat,MR048297,1,1,Gliom,1,Gliom,evet,0.134332,0.859468,0.0062
1851,1852,brain_tumor_figshare/1852.mat,MR048297,1,1,Gliom,1,Gliom,evet,0.101082,0.893894,0.005024
1852,1853,brain_tumor_figshare/1853.mat,MR048294B,5,1,Gliom,1,Gliom,evet,0.018497,0.969743,0.011759
1853,1854,brain_tumor_figshare/1854.mat,MR048621B,5,1,Gliom,1,Gliom,evet,0.193461,0.777269,0.02927
1854,1855,brain_tumor_figshare/1855.mat,MR048621B,5,1,Gliom,1,Gliom,evet,0.053838,0.939616,0.006546
1855,1856,brain_tumor_figshare/1856.mat,MR048621B,5,1,Gliom,1,Gliom,evet,0.021194,0.969013,0.009793
1856,1857,brain_tumor_figshare/1857.mat,MR048621B,5,1,Gliom,1,Gliom,evet,0.023186,0.963324,0.013489
1857,1858,brain_tumor_figshare/1858.mat,MR048621B,5,1,Gliom,1,Gliom,evet,0.013152,0.97011,0.016738
1858,1859,brain_tumor_figshare/1859.mat,MR048621B,5,1,Gliom,1,Gliom,evet,0.011968,0.968056,0.019977
1859,1860,brain_tumor_figshare/1860.mat,MR048621B,5,1,Gliom,1,Gliom,evet,0.021231,0.956057,0.022712
1860,1861,brain_tumor_figshare/1861.mat,MR048621B,5,1,Gliom,1,Gliom,evet,0.029092,0.959974,0.010933
1861,1862,brain_tumor_figshare/1862.mat,MR048944,5,1,Gliom,1,Gliom,evet,0.018632,0.965943,0.015424
1862,1863,brain_tumor_figshare/1863.mat,MR048944,5,1,Gliom,1,Gliom,evet,0.025293,0.960061,0.014646
1863,1864,brain_tumor_figshare/1864.mat,MR048944,5,1,Gliom,1,Gliom,evet,0.023906,0.959949,0.016145
1864,1865,brain_tumor_figshare/1865.mat,MR048944,5,1,Gliom,1,Gliom,evet,0.034915,0.957389,0.007696
1865,1866,brain_tumor_figshare/1866.mat,MR048944,5,1,Gliom,1,Gliom,evet,0.116883,0.876931,0.006186
1866,1867,brain_tumor_figshare/1867.mat,MR048944,5,1,Gliom,1,Gliom,evet,0.382423,0.610559,0.007018
1867,1868,brain_tumor_figshare/1868.mat,MR048944,5,1,Gliom,1,Gliom,evet,0.284812,0.700963,0.014225
1868,1869,brain_tumor_figshare/1869.mat,MR048944,5,1,Gliom,0,Meningiom,hayır,0.539934,0.452385,0.007681
1869,1870,brain_tumor_figshare/1870.mat,MR048994,2,1,Gliom,1,Gliom,evet,0.202241,0.769542,0.028217
1870,1871,brain_tumor_figshare/1871.mat,MR048994,2,1,Gliom,1,Gliom,evet,0.153456,0.827795,0.018749
1871,1872,brain_tumor_figshare/1872.mat,MR048994,2,1,Gliom,1,Gliom,evet,0.117573,0.867324,0.015103
1872,1873,brain_tumor_figshare/1873.mat,MR048994,2,1,Gliom,1,Gliom,evet,0.14019,0.846162,0.013648
1873,1874,brain_tumor_figshare/1874.mat,MR048994,2,1,Gliom,1,Gliom,evet,0.212751,0.771898,0.015351
1874,1875,brain_tumor_figshare/1875.mat,MR048994,2,1,Gliom,1,Gliom,evet,0.340678,0.640081,0.019241
1875,1876,brain_tumor_figshare/1876.mat,MR048994,2,1,Gliom,0,Meningiom,hayır,0.528732,0.444479,0.02679
1876,1877,brain_tumor_figshare/1877.mat,MR048994,2,1,Gliom,0,Meningiom,hayır,0.560836,0.408854,0.03031
1877,1878,brain_tumor_figshare/1878.mat,MR048994,2,1,Gliom,1,Gliom,evet,0.483009,0.492196,0.024794
1878,1879,brain_tumor_figshare/1879.mat,MR049104,1,1,Gliom,1,Gliom,evet,0.225012,0.757263,0.017725
1879,1880,brain_tumor_figshare/1880.mat,MR049104,1,1,Gliom,1,Gliom,evet,0.063889,0.925031,0.011079
1880,1881,brain_tumor_figshare/1881.mat,MR049142,5,1,Gliom,1,Gliom,evet,0.180283,0.780305,0.039412
1881,1882,brain_tumor_figshare/1882.mat,MR049142,5,1,Gliom,1,Gliom,evet,0.375812,0.61296,0.011229
1882,1883,brain_tumor_figshare/1883.mat,MR049142,5,1,Gliom,1,Gliom,evet,0.09252,0.903484,0.003996
1883,1884,brain_tumor_figshare/1884.mat,MR049142,5,1,Gliom,1,Gliom,evet,0.03477,0.962474,0.002756
1884,1885,brain_tumor_figshare/1885.mat,MR048994B,4,1,Gliom,1,Gliom,evet,0.234573,0.759608,0.005819
1885,1886,brain_tumor_figshare/1886.mat,MR048994B,4,1,Gliom,1,Gliom,evet,0.279759,0.71476,0.00548
1886,1887,brain_tumor_figshare/1887.mat,MR048994B,4,1,Gliom,1,Gliom,evet,0.282986,0.709122,0.007892
1887,1888,brain_tumor_figshare/1888.mat,MR048994B,4,1,Gliom,1,Gliom,evet,0.371072,0.620099,0.008829
1888,1889,brain_tumor_figshare/1889.mat,MR048994B,4,1,Gliom,1,Gliom,evet,0.208854,0.78449,0.006656
1889,1890,brain_tumor_figshare/1890.mat,MR048994B,4,1,Gliom,1,Gliom,evet,0.164283,0.833671,0.002045
1890,1891,brain_tumor_figshare/1891.mat,MR048994B,4,1,Gliom,0,Meningiom,hayır,0.532556,0.46611,0.001333
1891,1892,brain_tumor_figshare/1892.mat,MR048994B,4,1,Gliom,1,Gliom,evet,0.034716,0.964588,0.000695
1892,1893,brain_tumor_figshare/1893.mat,MR048944B,5,1,Gliom,1,Gliom,evet,0.036255,0.942532,0.021213
1893,1894,brain_tumor_figshare/1894.mat,MR048944B,5,1,Gliom,1,Gliom,evet,0.038373,0.946624,0.015002
1894,1895,brain_tumor_figshare/1895.mat,MR048944B,5,1,Gliom,1,Gliom,evet,0.0334,0.951257,0.015343
1895,1896,brain_tumor_figshare/1896.mat,MR048944B,5,1,Gliom,1,Gliom,evet,0.12442,0.862037,0.013543
1896,1897,brain_tumor_figshare/1897.mat,MR048944B,5,1,Gliom,1,Gliom,evet,0.171155,0.817922,0.010923
1897,1898,brain_tumor_figshare/1898.mat,MR048944B,5,1,Gliom,1,Gliom,evet,0.142873,0.842551,0.014576
1898,1899,brain_tumor_figshare/1899.mat,MR049358,3,1,Gliom,0,Meningiom,hayır,0.998885,0.000535,0.00058
1899,1900,brain_tumor_figshare/1900.mat,MR049358,3,1,Gliom,0,Meningiom,hayır,0.994222,0.002355,0.003423
1900,1901,brain_tumor_figshare/1901.mat,MR049358,3,1,Gliom,0,Meningiom,hayır,0.893144,0.076669,0.030187
1901,1902,brain_tumor_figshare/1902.mat,MR049358,3,1,Gliom,1,Gliom,evet,0.157696,0.833731,0.008573
1902,1903,brain_tumor_figshare/1903.mat,MR049358,3,1,Gliom,1,Gliom,evet,0.285769,0.709322,0.004909
1903,1904,brain_tumor_figshare/1904.mat,MR049358,3,1,Gliom,1,Gliom,evet,0.071251,0.926301,0.002448
1904,1905,brain_tumor_figshare/1905.mat,MR049358,3,1,Gliom,1,Gliom,evet,0.038818,0.958352,0.00283
1905,1906,brain_tumor_figshare/1906.mat,MR049358,3,1,Gliom,1,Gliom,evet,0.011881,0.986247,0.001872
1906,1907,brain_tumor_figshare/1907.mat,MR049358,3,1,Gliom,1,Gliom,evet,0.009577,0.988897,0.001526
1907,1908,brain_tumor_figshare/1908.mat,MR049358,3,1,Gliom,1,Gliom,evet,0.031174,0.96652,0.002306
1908,1909,brain_tumor_figshare/1909.mat,MR049104B,3,1,Gliom,2,Hipofiz tümörü,hayır,0.274323,0.338049,0.387628
1909,1910,brain_tumor_figshare/1910.mat,MR049104B,3,1,Gliom,1,Gliom,evet,0.430052,0.468299,0.10165
1910,1911,brain_tumor_figshare/1911.mat,MR049104B,3,1,Gliom,1,Gliom,evet,0.1446,0.81625,0.03915
1911,1912,brain_tumor_figshare/1912.mat,MR049104B,3,1,Gliom,1,Gliom,evet,0.09825,0.883204,0.018546
1912,1913,brain_tumor_figshare/1913.mat,MR049104B,3,1,Gliom,1,Gliom,evet,0.113419,0.857682,0.028899
1913,1914,brain_tumor_figshare/1914.mat,MR049453,2,1,Gliom,1,Gliom,evet,0.255535,0.682554,0.061911
1914,1915,brain_tumor_figshare/1915.mat,MR049453,2,1,Gliom,1,Gliom,evet,0.286001,0.661547,0.052452
1915,1916,brain_tumor_figshare/1916.mat,MR049453,2,1,Gliom,1,Gliom,evet,0.274876,0.680802,0.044322
1916,1917,brain_tumor_figshare/1917.mat,MR049453,2,1,Gliom,1,Gliom,evet,0.305412,0.653363,0.041224
1917,1918,brain_tumor_figshare/1918.mat,MR049453,2,1,Gliom,1,Gliom,evet,0.328765,0.639206,0.032029
1918,1919,brain_tumor_figshare/1919.mat,MR049453,2,1,Gliom,1,Gliom,evet,0.360989,0.613632,0.025379
1919,1920,brain_tumor_figshare/1920.mat,MR049453,2,1,Gliom,1,Gliom,evet,0.328484,0.650248,0.021268
1920,1921,brain_tumor_figshare/1921.mat,MR024780G,1,1,Gliom,1,Gliom,evet,0.037385,0.917289,0.045326
1921,1922,brain_tumor_figshare/1922.mat,MR024780G,1,1,Gliom,1,Gliom,evet,0.029284,0.904002,0.066714
1922,1923,brain_tumor_figshare/1923.mat,MR024780G,1,1,Gliom,1,Gliom,evet,0.054462,0.883382,0.062156
1923,1924,brain_tumor_figshare/1924.mat,MR024780G,1,1,Gliom,1,Gliom,evet,0.055888,0.911818,0.032293
1924,1925,brain_tumor_figshare/1925.mat,MR024780G,1,1,Gliom,1,Gliom,evet,0.037893,0.944004,0.018103
1925,1926,brain_tumor_figshare/1926.mat,MR024780G,1,1,Gliom,1,Gliom,evet,0.015276,0.979056,0.005668
1926,1927,brain_tumor_figshare/1927.mat,MR024780G,1,1,Gliom,1,Gliom,evet,0.025861,0.967764,0.006375
1927,1928,brain_tumor_figshare/1928.mat,MR024780G,1,1,Gliom,1,Gliom,evet,0.027,0.968031,0.004968
1928,1929,brain_tumor_figshare/1929.mat,MR024780G,1,1,Gliom,1,Gliom,evet,0.089034,0.80984,0.101126
1929,1930,brain_tumor_figshare/1930.mat,MR024780G,1,1,Gliom,1,Gliom,evet,0.066528,0.820911,0.112561
1930,1931,brain_tumor_figshare/1931.mat,MR024780G,1,1,Gliom,1,Gliom,evet,0.046145,0.888107,0.065748
1931,1932,brain_tumor_figshare/1932.mat,MR024780G,1,1,Gliom,1,Gliom,evet,0.045153,0.87744,0.077407
1932,1933,brain_tumor_figshare/1933.mat,MR024780G,1,1,Gliom,1,Gliom,evet,0.070082,0.82912,0.100797
1933,1934,brain_tumor_figshare/1934.mat,MR024780G,1,1,Gliom,1,Gliom,evet,0.050567,0.842596,0.106837
1934,1935,brain_tumor_figshare/1935.mat,MR024780G,1,1,Gliom,1,Gliom,evet,0.050353,0.848081,0.101565
1935,1936,brain_tumor_figshare/1936.mat,MR024780G,1,1,Gliom,1,Gliom,evet,0.06133,0.844559,0.094111
1936,1937,brain_tumor_figshare/1937.mat,MR049453B,1,1,Gliom,1,Gliom,evet,0.145863,0.833971,0.020166
1937,1938,brain_tumor_figshare/1938.mat,MR049453B,1,1,Gliom,1,Gliom,evet,0.156282,0.822451,0.021267
1938,1939,brain_tumor_figshare/1939.mat,MR049453B,1,1,Gliom,1,Gliom,evet,0.231405,0.746773,0.021823
1939,1940,brain_tumor_figshare/1940.mat,MR049453B,1,1,Gliom,1,Gliom,evet,0.199184,0.783249,0.017567
1940,1941,brain_tumor_figshare/1941.mat,MR049453B,1,1,Gliom,1,Gliom,evet,0.140671,0.848235,0.011094
1941,1942,brain_tumor_figshare/1942.mat,MR049453B,1,1,Gliom,1,Gliom,evet,0.148568,0.84606,0.005372
1942,1943,brain_tumor_figshare/1943.mat,MR049453B,1,1,Gliom,1,Gliom,evet,0.091527,0.905141,0.003332
1943,1944,brain_tumor_figshare/1944.mat,MR049453B,1,1,Gliom,1,Gliom,evet,0.129236,0.863628,0.007136
1944,1945,brain_tumor_figshare/1945.mat,MR048294B,5,1,Gliom,1,Gliom,evet,0.027392,0.959246,0.013362
1945,1946,brain_tumor_figshare/1946.mat,MR048294B,5,1,Gliom,1,Gliom,evet,0.051878,0.933168,0.014954
1946,1947,brain_tumor_figshare/1947.mat,MR048294B,5,1,Gliom,1,Gliom,evet,0.04632,0.943627,0.010053
1947,1948,brain_tumor_figshare/1948.mat,MR048621B,5,1,Gliom,1,Gliom,evet,0.143322,0.847272,0.009406
1948,1949,brain_tumor_figshare/1949.mat,MR048621B,5,1,Gliom,1,Gliom,evet,0.243948,0.718362,0.03769
1949,1950,brain_tumor_figshare/1950.mat,MR050135B,2,1,Gliom,1,Gliom,evet,0.105376,0.718152,0.176472
1950,1951,brain_tumor_figshare/1951.mat,MR050135B,2,1,Gliom,1,Gliom,evet,0.086162,0.800004,0.113834
1951,1952,brain_tumor_figshare/1952.mat,MR050135B,2,1,Gliom,1,Gliom,evet,0.087871,0.902785,0.009345
1952,1953,brain_tumor_figshare/1953.mat,MR050135B,2,1,Gliom,1,Gliom,evet,0.123607,0.867248,0.009145
1953,1954,brain_tumor_figshare/1954.mat,MR050135B,2,1,Gliom,1,Gliom,evet,0.263902,0.71718,0.018917
1954,1955,brain_tumor_figshare/1955.mat,MR050135B,2,1,Gliom,1,Gliom,evet,0.205278,0.767715,0.027007
1955,1956,brain_tumor_figshare/1956.mat,MR050135B,2,1,Gliom,1,Gliom,evet,0.087696,0.82998,0.082324
1956,1957,brain_tumor_figshare/1957.mat,MR050135B,2,1,Gliom,1,Gliom,evet,0.092243,0.843206,0.06455
1957,1958,brain_tumor_figshare/1958.mat,MR050135B,2,1,Gliom,1,Gliom,evet,0.114103,0.824432,0.061465
1958,1959,brain_tumor_figshare/1959.mat,MR050135B,2,1,Gliom,1,Gliom,evet,0.12197,0.818428,0.059601
1959,1960,brain_tumor_figshare/1960.mat,MR050135B,2,1,Gliom,1,Gliom,evet,0.110405,0.849709,0.039885
1960,1961,brain_tumor_figshare/1961.mat,MR050135B,2,1,Gliom,1,Gliom,evet,0.085422,0.890577,0.024001
1961,1962,brain_tumor_figshare/1962.mat,MR050135B,2,1,Gliom,1,Gliom,evet,0.08637,0.895826,0.017804
1962,1963,brain_tumor_figshare/1963.mat,MR050135B,2,1,Gliom,1,Gliom,evet,0.075982,0.911961,0.012058
1963,1964,brain_tumor_figshare/1964.mat,MR050687,1,1,Gliom,1,Gliom,evet,0.053249,0.929275,0.017476
1964,1965,brain_tumor_figshare/1965.mat,MR050687,1,1,Gliom,1,Gliom,evet,0.077279,0.904974,0.017747
1965,1966,brain_tumor_figshare/1966.mat,MR050687,1,1,Gliom,1,Gliom,evet,0.176384,0.804337,0.019278
1966,1967,brain_tumor_figshare/1967.mat,MR050687,1,1,Gliom,1,Gliom,evet,0.12613,0.858836,0.015034
1967,1968,brain_tumor_figshare/1968.mat,MR050687,1,1,Gliom,1,Gliom,evet,0.126527,0.860373,0.0131
1968,1969,brain_tumor_figshare/1969.mat,MR050687,1,1,Gliom,1,Gliom,evet,0.131971,0.854792,0.013237
1969,1970,brain_tumor_figshare/1970.mat,MR050687,1,1,Gliom,1,Gliom,evet,0.14388,0.843717,0.012403
1970,1971,brain_tumor_figshare/1971.mat,MR050687,1,1,Gliom,1,Gliom,evet,0.203895,0.782036,0.014068
1971,1972,brain_tumor_figshare/1972.mat,MR050687,1,1,Gliom,0,Meningiom,hayır,0.511506,0.472847,0.015647
1972,1973,brain_tumor_figshare/1973.mat,MR050687,1,1,Gliom,0,Meningiom,hayır,0.546672,0.43797,0.015358
1973,1974,brain_tumor_figshare/1974.mat,MR050791B,4,1,Gliom,0,Meningiom,hayır,0.699957,0.290151,0.009892
1974,1975,brain_tumor_figshare/1975.mat,MR050791B,4,1,Gliom,1,Gliom,evet,0.489837,0.501681,0.008482
1975,1976,brain_tumor_figshare/1976.mat,MR050791B,4,1,Gliom,0,Meningiom,hayır,0.519644,0.472072,0.008284
1976,1977,brain_tumor_figshare/1977.mat,MR050791B,4,1,Gliom,1,Gliom,evet,0.338335,0.642416,0.019249
1977,1978,brain_tumor_figshare/1978.mat,MR050791B,4,1,Gliom,0,Meningiom,hayır,0.478032,0.466151,0.055817
1978,1979,brain_tumor_figshare/1979.mat,MR050791B,4,1,Gliom,1,Gliom,evet,0.185889,0.75533,0.058781
1979,1980,brain_tumor_figshare/1980.mat,MR050791B,4,1,Gliom,1,Gliom,evet,0.168898,0.823089,0.008013
1980,1981,brain_tumor_figshare/1981.mat,MR050791B,4,1,Gliom,0,Meningiom,hayır,0.50897,0.471558,0.019472
1981,1982,brain_tumor_figshare/1982.mat,MR050791B,4,1,Gliom,0,Meningiom,hayır,0.617186,0.37966,0.003153
1982,1983,brain_tumor_figshare/1983.mat,MR050791B,4,1,Gliom,0,Meningiom,hayır,0.615974,0.381111,0.002915
1983,1984,brain_tumor_figshare/1984.mat,MR049019C,4,1,Gliom,1,Gliom,evet,0.14306,0.849759,0.007181
1984,1985,brain_tumor_figshare/1985.mat,MR049019C,4,1,Gliom,1,Gliom,evet,0.198121,0.799925,0.001954
1985,1986,brain_tumor_figshare/1986.mat,MR049019C,4,1,Gliom,0,Meningiom,hayır,0.747167,0.250881,0.001951
1986,1987,brain_tumor_figshare/1987.mat,MR026175C,4,1,Gliom,1,Gliom,evet,0.118244,0.534107,0.347649
1987,1988,brain_tumor_figshare/1988.mat,MR026175C,4,1,Gliom,1,Gliom,evet,0.064456,0.825001,0.110543
1988,1989,brain_tumor_figshare/1989.mat,MR026175C,4,1,Gliom,0,Meningiom,hayır,0.73224,0.262216,0.005544
1989,1990,brain_tumor_figshare/1990.mat,MR026175C,4,1,Gliom,1,Gliom,evet,0.080291,0.822162,0.097547
1990,1991,brain_tumor_figshare/1991.mat,MR026175C,4,1,Gliom,1,Gliom,evet,0.183678,0.716345,0.099977
1991,1992,brain_tumor_figshare/1992.mat,MR026175C,4,1,Gliom,1,Gliom,evet,0.183431,0.718036,0.098533
1992,1993,brain_tumor_figshare/1993.mat,MR026175C,4,1,Gliom,1,Gliom,evet,0.243444,0.675444,0.081112
1993,1994,brain_tumor_figshare/1994.mat,MR026175C,4,1,Gliom,1,Gliom,evet,0.133098,0.799453,0.06745
1994,1995,brain_tumor_figshare/1995.mat,MR026175C,4,1,Gliom,1,Gliom,evet,0.178886,0.781155,0.039959
1995,1996,brain_tumor_figshare/1996.mat,MR026175C,4,1,Gliom,1,Gliom,evet,0.160458,0.817991,0.021551
1996,1997,brain_tumor_figshare/1997.mat,MR026175C,4,1,Gliom,1,Gliom,evet,0.353218,0.638416,0.008366
1997,1998,brain_tumor_figshare/1998.mat,MR051461,2,1,Gliom,1,Gliom,evet,0.13122,0.85585,0.01293
1998,1999,brain_tumor_figshare/1999.mat,MR051461,2,1,Gliom,1,Gliom,evet,0.104738,0.884086,0.011175
1999,2000,brain_tumor_figshare/2000.mat,MR051461,2,1,Gliom,1,Gliom,evet,0.110221,0.879893,0.009886
2000,2001,brain_tumor_figshare/2001.mat,MR051461,2,1,Gliom,1,Gliom,evet,0.146541,0.842628,0.01083
2001,2002,brain_tumor_figshare/2002.mat,MR051461,2,1,Gliom,1,Gliom,evet,0.212034,0.771789,0.016177
2002,2003,brain_tumor_figshare/2003.mat,MR051461,2,1,Gliom,1,Gliom,evet,0.3273,0.641858,0.030843
2003,2004,brain_tumor_figshare/2004.mat,MR051461,2,1,Gliom,1,Gliom,evet,0.336023,0.632106,0.031871
2004,2005,brain_tumor_figshare/2005.mat,MR051586,5,1,Gliom,1,Gliom,evet,0.216586,0.774667,0.008746
2005,2006,brain_tumor_figshare/2006.mat,MR051586,5,1,Gliom,1,Gliom,evet,0.12055,0.873203,0.006247
2006,2007,brain_tumor_figshare/2007.mat,MR051586,5,1,Gliom,1,Gliom,evet,0.244289,0.748516,0.007195
2007,2008,brain_tumor_figshare/2008.mat,MR051586,5,1,Gliom,1,Gliom,evet,0.273307,0.720131,0.006563
2008,2009,brain_tumor_figshare/2009.mat,MR051586,5,1,Gliom,1,Gliom,evet,0.262943,0.72915,0.007907
2009,2010,brain_tumor_figshare/2010.mat,MR051586,5,1,Gliom,1,Gliom,evet,0.271042,0.720484,0.008474
2010,2011,brain_tumor_figshare/2011.mat,MR051586,5,1,Gliom,1,Gliom,evet,0.219925,0.77207,0.008005
2011,2012,brain_tumor_figshare/2012.mat,MR051461B,4,1,Gliom,1,Gliom,evet,0.101094,0.893374,0.005532
2012,2013,brain_tumor_figshare/2013.mat,MR051461B,4,1,Gliom,1,Gliom,evet,0.080091,0.917954,0.001955
2013,2014,brain_tumor_figshare/2014.mat,MR051461B,4,1,Gliom,1,Gliom,evet,0.175297,0.821596,0.003107
2014,2015,brain_tumor_figshare/2015.mat,MR051461B,4,1,Gliom,1,Gliom,evet,0.146739,0.847799,0.005462
2015,2016,brain_tumor_figshare/2016.mat,MR051461B,4,1,Gliom,1,Gliom,evet,0.264723,0.729663,0.005613
2016,2017,brain_tumor_figshare/2017.mat,MR051644,4,1,Gliom,1,Gliom,evet,0.057522,0.939137,0.00334
2017,2018,brain_tumor_figshare/2018.mat,MR051644,4,1,Gliom,1,Gliom,evet,0.082107,0.905322,0.012572
2018,2019,brain_tumor_figshare/2019.mat,MR051644,4,1,Gliom,1,Gliom,evet,0.267509,0.724981,0.007509
2019,2020,brain_tumor_figshare/2020.mat,MR051644,4,1,Gliom,1,Gliom,evet,0.222636,0.771483,0.005881
2020,2021,brain_tumor_figshare/2021.mat,MR051644,4,1,Gliom,1,Gliom,evet,0.431091,0.55694,0.011969
2021,2022,brain_tumor_figshare/2022.mat,MR051644,4,1,Gliom,0,Meningiom,hayır,0.685715,0.295105,0.01918
2022,2023,brain_tumor_figshare/2023.mat,MR051644,4,1,Gliom,0,Meningiom,hayır,0.937736,0.048896,0.013368
2023,2024,brain_tumor_figshare/2024.mat,MR051644,4,1,Gliom,1,Gliom,evet,0.199096,0.626747,0.174157
2024,2025,brain_tumor_figshare/2025.mat,MR051644,4,1,Gliom,1,Gliom,evet,0.145716,0.820085,0.034199
2025,2026,brain_tumor_figshare/2026.mat,MR051644,4,1,Gliom,1,Gliom,evet,0.423638,0.507982,0.06838
2026,2027,brain_tumor_figshare/2027.mat,MR051644,4,1,Gliom,1,Gliom,evet,0.336034,0.571505,0.092461
2027,2028,brain_tumor_figshare/2028.mat,MR051644,4,1,Gliom,1,Gliom,evet,0.14992,0.798136,0.051944
2028,2029,brain_tumor_figshare/2029.mat,MR051644,4,1,Gliom,1,Gliom,evet,0.034876,0.943841,0.021283
2029,2030,brain_tumor_figshare/2030.mat,MR051644,4,1,Gliom,1,Gliom,evet,0.082885,0.905416,0.0117
2030,2031,brain_tumor_figshare/2031.mat,MR051644,4,1,Gliom,1,Gliom,evet,0.149035,0.839558,0.011407
2031,2032,brain_tumor_figshare/2032.mat,MR051651,1,1,Gliom,1,Gliom,evet,0.16793,0.824115,0.007955
2032,2033,brain_tumor_figshare/2033.mat,MR051651,1,1,Gliom,1,Gliom,evet,0.256865,0.735724,0.007411
2033,2034,brain_tumor_figshare/2034.mat,MR051651,1,1,Gliom,1,Gliom,evet,0.165902,0.828326,0.005773
2034,2035,brain_tumor_figshare/2035.mat,MR051651,1,1,Gliom,1,Gliom,evet,0.092858,0.900943,0.006199
2035,2036,brain_tumor_figshare/2036.mat,MR051651,1,1,Gliom,1,Gliom,evet,0.248926,0.742517,0.008558
2036,2037,brain_tumor_figshare/2037.mat,MR051651,1,1,Gliom,1,Gliom,evet,0.283682,0.705058,0.011261
2037,2038,brain_tumor_figshare/2038.mat,MR051796,4,1,Gliom,1,Gliom,evet,0.132251,0.852904,0.014845
2038,2039,brain_tumor_figshare/2039.mat,MR051796,4,1,Gliom,1,Gliom,evet,0.169087,0.816745,0.014168
2039,2040,brain_tumor_figshare/2040.mat,MR051796,4,1,Gliom,1,Gliom,evet,0.203012,0.788326,0.008662
2040,2041,brain_tumor_figshare/2041.mat,MR051796,4,1,Gliom,1,Gliom,evet,0.427921,0.566158,0.005921
2041,2042,brain_tumor_figshare/2042.mat,MR051796,4,1,Gliom,1,Gliom,evet,0.323601,0.67555,0.000849
2042,2043,brain_tumor_figshare/2043.mat,MR051796,4,1,Gliom,0,Meningiom,hayır,0.589816,0.408527,0.001657
2043,2044,brain_tumor_figshare/2044.mat,MR051796,4,1,Gliom,1,Gliom,evet,0.24888,0.695642,0.055478
2044,2045,brain_tumor_figshare/2045.mat,MR051651B,3,1,Gliom,1,Gliom,evet,0.132821,0.860258,0.006922
2045,2046,brain_tumor_figshare/2046.mat,MR051651B,3,1,Gliom,1,Gliom,evet,0.079979,0.916417,0.003604
2046,2047,brain_tumor_figshare/2047.mat,MR051651B,3,1,Gliom,1,Gliom,evet,0.022333,0.976598,0.00107
2047,2048,brain_tumor_figshare/2048.mat,MR051651B,3,1,Gliom,1,Gliom,evet,0.016069,0.98352,0.000411
2048,2049,brain_tumor_figshare/2049.mat,MR051651B,3,1,Gliom,1,Gliom,evet,0.010282,0.989441,0.000277
2049,2050,brain_tumor_figshare/2050.mat,MR051651B,3,1,Gliom,1,Gliom,evet,0.007497,0.991133,0.00137
2050,2051,brain_tumor_figshare/2051.mat,MR051644B,3,1,Gliom,1,Gliom,evet,0.038879,0.937134,0.023988
2051,2052,brain_tumor_figshare/2052.mat,MR051644B,3,1,Gliom,1,Gliom,evet,0.024513,0.964471,0.011015
2052,2053,brain_tumor_figshare/2053.mat,MR051644B,3,1,Gliom,1,Gliom,evet,0.043423,0.951189,0.005388
2053,2054,brain_tumor_figshare/2054.mat,MR051644B,3,1,Gliom,1,Gliom,evet,0.051951,0.943024,0.005025
2054,2055,brain_tumor_figshare/2055.mat,MR051644B,3,1,Gliom,0,Meningiom,hayır,0.522941,0.475076,0.001984
2055,2056,brain_tumor_figshare/2056.mat,MR051644B,3,1,Gliom,1,Gliom,evet,0.30643,0.693121,0.000449
2056,2057,brain_tumor_figshare/2057.mat,MR051644B,3,1,Gliom,1,Gliom,evet,0.162202,0.83633,0.001468
2057,2058,brain_tumor_figshare/2058.mat,MR051796B,5,1,Gliom,1,Gliom,evet,0.019307,0.976311,0.004382
2058,2059,brain_tumor_figshare/2059.mat,MR051796B,5,1,Gliom,1,Gliom,evet,0.012454,0.984525,0.00302
2059,2060,brain_tumor_figshare/2060.mat,MR051796B,5,1,Gliom,1,Gliom,evet,0.029049,0.96088,0.010071
2060,2061,brain_tumor_figshare/2061.mat,MR052550,1,1,Gliom,1,Gliom,evet,0.280072,0.696325,0.023603
2061,2062,brain_tumor_figshare/2062.mat,MR052550,1,1,Gliom,1,Gliom,evet,0.155137,0.831275,0.013588
2062,2063,brain_tumor_figshare/2063.mat,MR052550,1,1,Gliom,1,Gliom,evet,0.151097,0.838186,0.010717
2063,2064,brain_tumor_figshare/2064.mat,MR052550,1,1,Gliom,1,Gliom,evet,0.156287,0.831416,0.012297
2064,2065,brain_tumor_figshare/2065.mat,MR051644C,4,1,Gliom,1,Gliom,evet,0.155227,0.82632,0.018454
2065,2066,brain_tumor_figshare/2066.mat,MR051644C,4,1,Gliom,1,Gliom,evet,0.199582,0.784068,0.01635
2066,2067,brain_tumor_figshare/2067.mat,MR051644C,4,1,Gliom,1,Gliom,evet,0.464217,0.520561,0.015222
2067,2068,brain_tumor_figshare/2068.mat,MR051644C,4,1,Gliom,0,Meningiom,hayır,0.712903,0.277543,0.009554
2068,2069,brain_tumor_figshare/2069.mat,MR051644C,4,1,Gliom,1,Gliom,evet,0.228916,0.736155,0.034929
2069,2070,brain_tumor_figshare/2070.mat,MR051644C,4,1,Gliom,1,Gliom,evet,0.4002,0.547438,0.052362
2070,2071,brain_tumor_figshare/2071.mat,MR051644C,4,1,Gliom,1,Gliom,evet,0.229888,0.734342,0.03577
2071,2072,brain_tumor_figshare/2072.mat,MR051644C,4,1,Gliom,1,Gliom,evet,0.126714,0.852867,0.020419
2072,2073,brain_tumor_figshare/2073.mat,MR051644C,4,1,Gliom,1,Gliom,evet,0.041376,0.950564,0.00806
2073,2074,brain_tumor_figshare/2074.mat,MR051644C,4,1,Gliom,1,Gliom,evet,0.051365,0.942527,0.006107
2074,2075,brain_tumor_figshare/2075.mat,MR051644C,4,1,Gliom,1,Gliom,evet,0.13753,0.853143,0.009327
2075,2076,brain_tumor_figshare/2076.mat,MR051644C,4,1,Gliom,1,Gliom,evet,0.261626,0.728105,0.010269
2076,2077,brain_tumor_figshare/2077.mat,MR049942B,3,1,Gliom,0,Meningiom,hayır,0.64252,0.354963,0.002517
2077,2078,brain_tumor_figshare/2078.mat,MR049942B,3,1,Gliom,1,Gliom,evet,0.193231,0.804663,0.002106
2078,2079,brain_tumor_figshare/2079.mat,MR049942B,3,1,Gliom,1,Gliom,evet,0.041979,0.957227,0.000794
2079,2080,brain_tumor_figshare/2080.mat,MR052585B,5,1,Gliom,1,Gliom,evet,0.032121,0.964323,0.003556
2080,2081,brain_tumor_figshare/2081.mat,MR052585B,5,1,Gliom,1,Gliom,evet,0.084321,0.908513,0.007166
2081,2082,brain_tumor_figshare/2082.mat,MR052585B,5,1,Gliom,1,Gliom,evet,0.111907,0.878217,0.009875
2082,2083,brain_tumor_figshare/2083.mat,MR047953C,4,1,Gliom,1,Gliom,evet,0.011734,0.966393,0.021873
2083,2084,brain_tumor_figshare/2084.mat,MR047953C,4,1,Gliom,1,Gliom,evet,0.010401,0.975212,0.014388
2084,2085,brain_tumor_figshare/2085.mat,MR047953C,4,1,Gliom,1,Gliom,evet,0.021753,0.964669,0.013579
2085,2086,brain_tumor_figshare/2086.mat,MR047953C,4,1,Gliom,1,Gliom,evet,0.027794,0.960798,0.011408
2086,2087,brain_tumor_figshare/2087.mat,MR053110B,1,1,Gliom,1,Gliom,evet,0.12278,0.858554,0.018666
2087,2088,brain_tumor_figshare/2088.mat,MR053110B,1,1,Gliom,1,Gliom,evet,0.16628,0.78864,0.04508
2088,2089,brain_tumor_figshare/2089.mat,MR053110B,1,1,Gliom,1,Gliom,evet,0.147826,0.828888,0.023286
2089,2090,brain_tumor_figshare/2090.mat,MR053110B,1,1,Gliom,1,Gliom,evet,0.099904,0.88997,0.010126
2090,2091,brain_tumor_figshare/2091.mat,MR053110B,1,1,Gliom,1,Gliom,evet,0.06235,0.93181,0.005839
2091,2092,brain_tumor_figshare/2092.mat,MR053110B,1,1,Gliom,1,Gliom,evet,0.039865,0.956677,0.003458
2092,2093,brain_tumor_figshare/2093.mat,MR034694,2,1,Gliom,1,Gliom,evet,0.125696,0.781815,0.092489
2093,2094,brain_tumor_figshare/2094.mat,MR034694,2,1,Gliom,1,Gliom,evet,0.118842,0.794887,0.086271
2094,2095,brain_tumor_figshare/2095.mat,MR034694,2,1,Gliom,1,Gliom,evet,0.114114,0.841824,0.044062
2095,2096,brain_tumor_figshare/2096.mat,MR034694,2,1,Gliom,1,Gliom,evet,0.126595,0.847267,0.026137
2096,2097,brain_tumor_figshare/2097.mat,MR054683,4,1,Gliom,1,Gliom,evet,0.23334,0.64249,0.124169
2097,2098,brain_tumor_figshare/2098.mat,MR054683,4,1,Gliom,1,Gliom,evet,0.178343,0.613354,0.208303
2098,2099,brain_tumor_figshare/2099.mat,MR054683,4,1,Gliom,1,Gliom,evet,0.037592,0.891047,0.071361
2099,2100,brain_tumor_figshare/2100.mat,MR054875,1,1,Gliom,1,Gliom,evet,0.184138,0.793884,0.021978
2100,2101,brain_tumor_figshare/2101.mat,MR054875,1,1,Gliom,1,Gliom,evet,0.051254,0.940817,0.007928
2101,2102,brain_tumor_figshare/2102.mat,MR054875,1,1,Gliom,1,Gliom,evet,0.099432,0.889237,0.011331
2102,2103,brain_tumor_figshare/2103.mat,MR054875,1,1,Gliom,1,Gliom,evet,0.054045,0.933363,0.012592
2103,2104,brain_tumor_figshare/2104.mat,MR050687C,5,1,Gliom,1,Gliom,evet,0.099478,0.893372,0.007149
2104,2105,brain_tumor_figshare/2105.mat,MR050687C,5,1,Gliom,1,Gliom,evet,0.01137,0.979253,0.009377
2105,2106,brain_tumor_figshare/2106.mat,MR050687C,5,1,Gliom,1,Gliom,evet,0.066325,0.905632,0.028044
2106,2107,brain_tumor_figshare/2107.mat,MR050687C,5,1,Gliom,1,Gliom,evet,0.145972,0.767511,0.086517
2107,2108,brain_tumor_figshare/2108.mat,MR050687C,5,1,Gliom,1,Gliom,evet,0.074869,0.817719,0.107413
2108,2109,brain_tumor_figshare/2109.mat,MR056144,5,1,Gliom,1,Gliom,evet,0.098621,0.884341,0.017039
2109,2110,brain_tumor_figshare/2110.mat,MR056144,5,1,Gliom,1,Gliom,evet,0.039802,0.953828,0.006369
2110,2111,brain_tumor_figshare/2111.mat,MR056144,5,1,Gliom,1,Gliom,evet,0.061362,0.935273,0.003365
2111,2112,brain_tumor_figshare/2112.mat,MR034997,3,1,Gliom,1,Gliom,evet,0.008728,0.991208,6.4e-05
2112,2113,brain_tumor_figshare/2113.mat,MR034997,3,1,Gliom,0,Meningiom,hayır,0.572803,0.42637,0.000827
2113,2114,brain_tumor_figshare/2114.mat,MR034997,3,1,Gliom,1,Gliom,evet,0.407518,0.591286,0.001196
2114,2115,brain_tumor_figshare/2115.mat,MR034997,3,1,Gliom,0,Meningiom,hayır,0.528677,0.47083,0.000493
2115,2116,brain_tumor_figshare/2116.mat,MR034997,3,1,Gliom,0,Meningiom,hayır,0.802842,0.19667,0.000489
2116,2117,brain_tumor_figshare/2117.mat,MR034997,3,1,Gliom,1,Gliom,evet,0.368917,0.629382,0.001701
2117,2118,brain_tumor_figshare/2118.mat,MR034997,3,1,Gliom,1,Gliom,evet,0.339882,0.659192,0.000926
2118,2119,brain_tumor_figshare/2119.mat,MR029209E,5,1,Gliom,1,Gliom,evet,0.019324,0.975651,0.005025
2119,2120,brain_tumor_figshare/2120.mat,MR029209E,5,1,Gliom,1,Gliom,evet,0.029078,0.963528,0.007394
2120,2121,brain_tumor_figshare/2121.mat,MR029209E,5,1,Gliom,1,Gliom,evet,0.022391,0.970936,0.006673
2121,2122,brain_tumor_figshare/2122.mat,MR029209E,5,1,Gliom,1,Gliom,evet,0.043122,0.948367,0.008511
2122,2123,brain_tumor_figshare/2123.mat,MR029209E,5,1,Gliom,1,Gliom,evet,0.0592,0.930029,0.010771
2123,2124,brain_tumor_figshare/2124.mat,MR029209E,5,1,Gliom,1,Gliom,evet,0.054971,0.935691,0.009338
2124,2125,brain_tumor_figshare/2125.mat,MR029209E,5,1,Gliom,1,Gliom,evet,0.085384,0.904566,0.01005
2125,2126,brain_tumor_figshare/2126.mat,MR029209E,5,1,Gliom,1,Gliom,evet,0.06153,0.932038,0.006433
2126,2127,brain_tumor_figshare/2127.mat,MR029209E,5,1,Gliom,1,Gliom,evet,0.094236,0.902672,0.003093
2127,2128,brain_tumor_figshare/2128.mat,MR053110E,1,1,Gliom,1,Gliom,evet,0.173977,0.788544,0.037479
2128,2129,brain_tumor_figshare/2129.mat,MR053110E,1,1,Gliom,1,Gliom,evet,0.210557,0.731131,0.058312
2129,2130,brain_tumor_figshare/2130.mat,MR053110E,1,1,Gliom,1,Gliom,evet,0.190787,0.742525,0.066688
2130,2131,brain_tumor_figshare/2131.mat,MR053110E,1,1,Gliom,1,Gliom,evet,0.159131,0.818564,0.022305
2131,2132,brain_tumor_figshare/2132.mat,MR053110E,1,1,Gliom,1,Gliom,evet,0.055408,0.933805,0.010787
2132,2133,brain_tumor_figshare/2133.mat,MR053110E,1,1,Gliom,1,Gliom,evet,0.056878,0.933575,0.009547
2133,2134,brain_tumor_figshare/2134.mat,MR049019G,3,1,Gliom,1,Gliom,evet,0.018159,0.975477,0.006364
2134,2135,brain_tumor_figshare/2135.mat,MR049019G,3,1,Gliom,1,Gliom,evet,0.034429,0.959218,0.006353
2135,2136,brain_tumor_figshare/2136.mat,MR049019G,3,1,Gliom,1,Gliom,evet,0.044616,0.951735,0.003649
2136,2137,brain_tumor_figshare/2137.mat,MR049019G,3,1,Gliom,1,Gliom,evet,0.080877,0.917281,0.001842
2137,2138,brain_tumor_figshare/2138.mat,MR049019G,3,1,Gliom,1,Gliom,evet,0.300205,0.697723,0.002072
2138,2139,brain_tumor_figshare/2139.mat,MR049019G,3,1,Gliom,1,Gliom,evet,0.377493,0.620775,0.001732
2139,2140,brain_tumor_figshare/2140.mat,MR049019G,3,1,Gliom,1,Gliom,evet,0.061653,0.938188,0.000158
2140,2141,brain_tumor_figshare/2141.mat,MR031409B,2,1,Gliom,1,Gliom,evet,0.261513,0.724507,0.01398
2141,2142,brain_tumor_figshare/2142.mat,MR031409B,2,1,Gliom,1,Gliom,evet,0.297241,0.683193,0.019566
2142,2143,brain_tumor_figshare/2143.mat,MR031409B,2,1,Gliom,0,Meningiom,hayır,0.599426,0.358615,0.041958
2143,2144,brain_tumor_figshare/2144.mat,MR024780D,1,1,Gliom,1,Gliom,evet,0.029007,0.965414,0.005579
2144,2145,brain_tumor_figshare/2145.mat,MR024780D,1,1,Gliom,1,Gliom,evet,0.032774,0.962898,0.004328
2145,2146,brain_tumor_figshare/2146.mat,MR038469,3,1,Gliom,1,Gliom,evet,0.478619,0.521123,0.000257
2146,2147,brain_tumor_figshare/2147.mat,MR038469,3,1,Gliom,0,Meningiom,hayır,0.88547,0.113928,0.000602
2147,2148,brain_tumor_figshare/2148.mat,MR038469,3,1,Gliom,1,Gliom,evet,0.295722,0.701903,0.002375
2148,2149,brain_tumor_figshare/2149.mat,MR038469,3,1,Gliom,1,Gliom,evet,0.110242,0.888227,0.00153
2149,2150,brain_tumor_figshare/2150.mat,MR038469,3,1,Gliom,1,Gliom,evet,0.01932,0.979472,0.001208
2150,2151,brain_tumor_figshare/2151.mat,MR038469,3,1,Gliom,1,Gliom,evet,0.011239,0.987528,0.001233
2151,2152,brain_tumor_figshare/2152.mat,MR038469,3,1,Gliom,1,Gliom,evet,0.017442,0.981202,0.001356
2152,2153,brain_tumor_figshare/2153.mat,MR032322C,2,1,Gliom,1,Gliom,evet,0.167052,0.726175,0.106773
2153,2154,brain_tumor_figshare/2154.mat,MR032322C,2,1,Gliom,1,Gliom,evet,0.17209,0.707094,0.120816
2154,2155,brain_tumor_figshare/2155.mat,MR032322C,2,1,Gliom,1,Gliom,evet,0.206534,0.735228,0.058238
2155,2156,brain_tumor_figshare/2156.mat,MR032322C,2,1,Gliom,1,Gliom,evet,0.277366,0.695455,0.027179
2156,2157,brain_tumor_figshare/2157.mat,MR032322C,2,1,Gliom,1,Gliom,evet,0.322392,0.661833,0.015774
2157,2158,brain_tumor_figshare/2158.mat,MR032322C,2,1,Gliom,1,Gliom,evet,0.241811,0.603156,0.155033
2158,2159,brain_tumor_figshare/2159.mat,MR032322C,2,1,Gliom,1,Gliom,evet,0.250992,0.606145,0.142862
2159,2160,brain_tumor_figshare/2160.mat,MR032322C,2,1,Gliom,1,Gliom,evet,0.24405,0.636339,0.11961
2160,2161,brain_tumor_figshare/2161.mat,MR032322C,2,1,Gliom,1,Gliom,evet,0.20291,0.697204,0.099886
2161,2162,brain_tumor_figshare/2162.mat,MR032322C,2,1,Gliom,1,Gliom,evet,0.16221,0.750319,0.087472
2162,2163,brain_tumor_figshare/2163.mat,MR032322C,2,1,Gliom,1,Gliom,evet,0.174843,0.72973,0.095427
2163,2164,brain_tumor_figshare/2164.mat,MR032322C,2,1,Gliom,1,Gliom,evet,0.149742,0.769497,0.080761
2164,2165,brain_tumor_figshare/2165.mat,MR032322C,2,1,Gliom,1,Gliom,evet,0.161816,0.751182,0.087002
2165,2166,brain_tumor_figshare/2166.mat,MR037458B,2,1,Gliom,0,Meningiom,hayır,0.512568,0.423429,0.064002
2166,2167,brain_tumor_figshare/2167.mat,MR037458B,2,1,Gliom,0,Meningiom,hayır,0.538107,0.408476,0.053417
2167,2168,brain_tumor_figshare/2168.mat,MR037458B,2,1,Gliom,1,Gliom,evet,0.393188,0.561643,0.045169
2168,2169,brain_tumor_figshare/2169.mat,MR037458B,2,1,Gliom,1,Gliom,evet,0.352653,0.608945,0.038401
2169,2170,brain_tumor_figshare/2170.mat,MR037458B,2,1,Gliom,1,Gliom,evet,0.457444,0.499093,0.043463
2170,2171,brain_tumor_figshare/2171.mat,MR037458B,2,1,Gliom,1,Gliom,evet,0.442646,0.536543,0.020811
2171,2172,brain_tumor_figshare/2172.mat,MR037458B,2,1,Gliom,1,Gliom,evet,0.373645,0.612297,0.014057
2172,2173,brain_tumor_figshare/2173.mat,MR037458B,2,1,Gliom,1,Gliom,evet,0.392483,0.591802,0.015715
2173,2174,brain_tumor_figshare/2174.mat,MR039473,4,1,Gliom,1,Gliom,evet,0.282279,0.70982,0.007901
2174,2175,brain_tumor_figshare/2175.mat,MR039473,4,1,Gliom,1,Gliom,evet,0.262612,0.726977,0.010411
2175,2176,brain_tumor_figshare/2176.mat,MR039473,4,1,Gliom,1,Gliom,evet,0.200902,0.791044,0.008054
2176,2177,brain_tumor_figshare/2177.mat,MR039473,4,1,Gliom,1,Gliom,evet,0.123584,0.869802,0.006614
2177,2178,brain_tumor_figshare/2178.mat,MR039473,4,1,Gliom,1,Gliom,evet,0.080845,0.915518,0.003636
2178,2179,brain_tumor_figshare/2179.mat,MR039473B,2,1,Gliom,2,Hipofiz tümörü,hayır,0.17318,0.073835,0.752986
2179,2180,brain_tumor_figshare/2180.mat,MR039473B,2,1,Gliom,2,Hipofiz tümörü,hayır,0.149346,0.336256,0.514398
2180,2181,brain_tumor_figshare/2181.mat,MR039473B,2,1,Gliom,1,Gliom,evet,0.218885,0.424758,0.356357
2181,2182,brain_tumor_figshare/2182.mat,MR039473B,2,1,Gliom,1,Gliom,evet,0.236618,0.544827,0.218555
2182,2183,brain_tumor_figshare/2183.mat,MR039473B,2,1,Gliom,1,Gliom,evet,0.273658,0.591402,0.134941
2183,2184,brain_tumor_figshare/2184.mat,MR039473B,2,1,Gliom,1,Gliom,evet,0.234514,0.690283,0.075203
2184,2185,brain_tumor_figshare/2185.mat,MR039473B,2,1,Gliom,1,Gliom,evet,0.260716,0.682133,0.057151
2185,2186,brain_tumor_figshare/2186.mat,MR037458C,4,1,Gliom,0,Meningiom,hayır,0.746475,0.226697,0.026828
2186,2187,brain_tumor_figshare/2187.mat,MR037458C,4,1,Gliom,0,Meningiom,hayır,0.497822,0.448428,0.05375
2187,2188,brain_tumor_figshare/2188.mat,MR037458C,4,1,Gliom,1,Gliom,evet,0.185189,0.79497,0.01984
2188,2189,brain_tumor_figshare/2189.mat,MR037458C,4,1,Gliom,1,Gliom,evet,0.099395,0.894835,0.00577
2189,2190,brain_tumor_figshare/2190.mat,MR037458C,4,1,Gliom,1,Gliom,evet,0.084484,0.906568,0.008948
2190,2191,brain_tumor_figshare/2191.mat,MR037458C,4,1,Gliom,1,Gliom,evet,0.088633,0.903848,0.007519
2191,2192,brain_tumor_figshare/2192.mat,MR037458C,4,1,Gliom,1,Gliom,evet,0.314627,0.676866,0.008507
2192,2193,brain_tumor_figshare/2193.mat,MR037458C,4,1,Gliom,1,Gliom,evet,0.224498,0.769271,0.006231
2193,2194,brain_tumor_figshare/2194.mat,MR037458C,4,1,Gliom,1,Gliom,evet,0.233697,0.75878,0.007523
2194,2195,brain_tumor_figshare/2195.mat,MR037458C,4,1,Gliom,1,Gliom,evet,0.385488,0.606407,0.008105
2195,2196,brain_tumor_figshare/2196.mat,MR040240,5,1,Gliom,1,Gliom,evet,0.01794,0.97279,0.00927
2196,2197,brain_tumor_figshare/2197.mat,MR040240,5,1,Gliom,1,Gliom,evet,0.017202,0.972369,0.010429
2197,2198,brain_tumor_figshare/2198.mat,MR040240,5,1,Gliom,1,Gliom,evet,0.00818,0.984497,0.007323
2198,2199,brain_tumor_figshare/2199.mat,MR040240,5,1,Gliom,1,Gliom,evet,0.010463,0.984937,0.004601
2199,2200,brain_tumor_figshare/2200.mat,MR040240,5,1,Gliom,1,Gliom,evet,0.014436,0.980115,0.00545
2200,2201,brain_tumor_figshare/2201.mat,MR040240,5,1,Gliom,1,Gliom,evet,0.015053,0.979971,0.004976
2201,2202,brain_tumor_figshare/2202.mat,MR040240,5,1,Gliom,1,Gliom,evet,0.016318,0.980967,0.002715
2202,2203,brain_tumor_figshare/2203.mat,MR040240,5,1,Gliom,1,Gliom,evet,0.042021,0.954071,0.003908
2203,2204,brain_tumor_figshare/2204.mat,MR040240,5,1,Gliom,1,Gliom,evet,0.190361,0.801186,0.008453
2204,2205,brain_tumor_figshare/2205.mat,MR040240,5,1,Gliom,1,Gliom,evet,0.329745,0.654119,0.016135
2205,2206,brain_tumor_figshare/2206.mat,MR040240B,3,1,Gliom,1,Gliom,evet,0.354845,0.642649,0.002506
2206,2207,brain_tumor_figshare/2207.mat,MR040240B,3,1,Gliom,1,Gliom,evet,0.052597,0.945795,0.001608
2207,2208,brain_tumor_figshare/2208.mat,MR040240B,3,1,Gliom,1,Gliom,evet,0.049874,0.949327,0.000799
2208,2209,brain_tumor_figshare/2209.mat,MR040240B,3,1,Gliom,1,Gliom,evet,0.010747,0.989037,0.000217
2209,2210,brain_tumor_figshare/2210.mat,MR040240B,3,1,Gliom,1,Gliom,evet,0.03461,0.965074,0.000316
2210,2211,brain_tumor_figshare/2211.mat,MR040240B,3,1,Gliom,1,Gliom,evet,0.049521,0.950195,0.000284
2211,2212,brain_tumor_figshare/2212.mat,MR040240B,3,1,Gliom,1,Gliom,evet,0.087285,0.912541,0.000173
2212,2213,brain_tumor_figshare/2213.mat,MR040240B,3,1,Gliom,1,Gliom,evet,0.014904,0.984955,0.000142
2213,2214,brain_tumor_figshare/2214.mat,MR040240B,3,1,Gliom,1,Gliom,evet,0.011322,0.988392,0.000286
2214,2215,brain_tumor_figshare/2215.mat,MR040240B,3,1,Gliom,1,Gliom,evet,0.028435,0.970951,0.000614
2215,2216,brain_tumor_figshare/2216.mat,MR029209G,5,1,Gliom,1,Gliom,evet,0.027795,0.946296,0.025909
2216,2217,brain_tumor_figshare/2217.mat,MR029209G,5,1,Gliom,1,Gliom,evet,0.027821,0.947246,0.024932
2217,2218,brain_tumor_figshare/2218.mat,MR029209G,5,1,Gliom,1,Gliom,evet,0.049061,0.922612,0.028327
2218,2219,brain_tumor_figshare/2219.mat,MR029209G,5,1,Gliom,1,Gliom,evet,0.03827,0.946874,0.014856
2219,2220,brain_tumor_figshare/2220.mat,MR029209G,5,1,Gliom,1,Gliom,evet,0.059687,0.932072,0.008241
2220,2221,brain_tumor_figshare/2221.mat,MR029209G,5,1,Gliom,1,Gliom,evet,0.098082,0.894886,0.007032
2221,2222,brain_tumor_figshare/2222.mat,MR029209G,5,1,Gliom,1,Gliom,evet,0.233065,0.751949,0.014986
2222,2223,brain_tumor_figshare/2223.mat,MR029209G,5,1,Gliom,0,Meningiom,hayır,0.54669,0.44782,0.005491
2223,2224,brain_tumor_figshare/2224.mat,MR036496B,3,1,Gliom,1,Gliom,evet,0.274279,0.724717,0.001004
2224,2225,brain_tumor_figshare/2225.mat,MR036496B,3,1,Gliom,1,Gliom,evet,0.042121,0.957521,0.000358
2225,2226,brain_tumor_figshare/2226.mat,MR036496B,3,1,Gliom,1,Gliom,evet,0.097086,0.901778,0.001136
2226,2227,brain_tumor_figshare/2227.mat,MR036496B,3,1,Gliom,1,Gliom,evet,0.011073,0.988606,0.00032
2227,2228,brain_tumor_figshare/2228.mat,MR036496B,3,1,Gliom,1,Gliom,evet,0.04316,0.954873,0.001967
2228,2229,brain_tumor_figshare/2229.mat,MR036496B,3,1,Gliom,0,Meningiom,hayır,0.568529,0.429129,0.002342
2229,2230,brain_tumor_figshare/2230.mat,MR033420,5,1,Gliom,1,Gliom,evet,0.014415,0.960722,0.024863
2230,2231,brain_tumor_figshare/2231.mat,MR033420,5,1,Gliom,1,Gliom,evet,0.012094,0.963545,0.024361
2231,2232,brain_tumor_figshare/2232.mat,MR033420,5,1,Gliom,1,Gliom,evet,0.025393,0.958638,0.01597
2232,2233,brain_tumor_figshare/2233.mat,MR033420,5,1,Gliom,1,Gliom,evet,0.063352,0.918848,0.0178
2233,2234,brain_tumor_figshare/2234.mat,MR033420,5,1,Gliom,1,Gliom,evet,0.041831,0.943029,0.01514
2234,2235,brain_tumor_figshare/2235.mat,MR033420,5,1,Gliom,1,Gliom,evet,0.041257,0.948326,0.010417
2235,2236,brain_tumor_figshare/2236.mat,MR033420,5,1,Gliom,1,Gliom,evet,0.100177,0.887025,0.012798
2236,2237,brain_tumor_figshare/2237.mat,MR024780B,1,1,Gliom,1,Gliom,evet,0.1077,0.865803,0.026497
2237,2238,brain_tumor_figshare/2238.mat,MR024780B,1,1,Gliom,1,Gliom,evet,0.155225,0.828957,0.015818
2238,2239,brain_tumor_figshare/2239.mat,MR024780B,1,1,Gliom,1,Gliom,evet,0.195031,0.796106,0.008863
2239,2240,brain_tumor_figshare/2240.mat,MR024780B,1,1,Gliom,1,Gliom,evet,0.277663,0.715726,0.00661
2240,2241,brain_tumor_figshare/2241.mat,MR033389B,4,1,Gliom,1,Gliom,evet,0.34151,0.621443,0.037047
2241,2242,brain_tumor_figshare/2242.mat,MR048994,2,1,Gliom,1,Gliom,evet,0.317847,0.648863,0.033291
2242,2243,brain_tumor_figshare/2243.mat,MR048994,2,1,Gliom,1,Gliom,evet,0.468128,0.487972,0.0439
2243,2244,brain_tumor_figshare/2244.mat,MR049104,1,1,Gliom,1,Gliom,evet,0.060377,0.888147,0.051475
2244,2245,brain_tumor_figshare/2245.mat,MR049104,1,1,Gliom,1,Gliom,evet,0.091807,0.870041,0.038152
2245,2246,brain_tumor_figshare/2246.mat,MR049104,1,1,Gliom,1,Gliom,evet,0.099354,0.875078,0.025567
2246,2247,brain_tumor_figshare/2247.mat,MR049142,5,1,Gliom,0,Meningiom,hayır,0.444551,0.431028,0.124422
2247,2248,brain_tumor_figshare/2248.mat,MR049142,5,1,Gliom,1,Gliom,evet,0.354712,0.524344,0.120944
2248,2249,brain_tumor_figshare/2249.mat,MR049142,5,1,Gliom,1,Gliom,evet,0.161387,0.779674,0.058939
2249,2250,brain_tumor_figshare/2250.mat,MR048994B,4,1,Gliom,1,Gliom,evet,0.163305,0.823427,0.013268
2250,2251,brain_tumor_figshare/2251.mat,MR048994B,4,1,Gliom,1,Gliom,evet,0.119554,0.859417,0.021029
2251,2252,brain_tumor_figshare/2252.mat,MR048994B,4,1,Gliom,1,Gliom,evet,0.132321,0.846906,0.020773
2252,2253,brain_tumor_figshare/2253.mat,MR048994B,4,1,Gliom,1,Gliom,evet,0.154416,0.820158,0.025427
2253,2254,brain_tumor_figshare/2254.mat,MR048944B,5,1,Gliom,1,Gliom,evet,0.090344,0.849583,0.060073
2254,2255,brain_tumor_figshare/2255.mat,MR048944B,5,1,Gliom,1,Gliom,evet,0.076739,0.868362,0.054899
2255,2256,brain_tumor_figshare/2256.mat,MR048944B,5,1,Gliom,1,Gliom,evet,0.066816,0.88389,0.049294
2256,2257,brain_tumor_figshare/2257.mat,MR048944B,5,1,Gliom,1,Gliom,evet,0.049534,0.918252,0.032214
2257,2258,brain_tumor_figshare/2258.mat,MR048944B,5,1,Gliom,1,Gliom,evet,0.030155,0.917996,0.051849
2258,2259,brain_tumor_figshare/2259.mat,MR048944B,5,1,Gliom,1,Gliom,evet,0.029387,0.941759,0.028854
2259,2260,brain_tumor_figshare/2260.mat,MR048944B,5,1,Gliom,1,Gliom,evet,0.022282,0.94704,0.030677
2260,2261,brain_tumor_figshare/2261.mat,MR049358,3,1,Gliom,1,Gliom,evet,0.399121,0.540769,0.06011
2261,2262,brain_tumor_figshare/2262.mat,MR049358,3,1,Gliom,1,Gliom,evet,0.224438,0.746985,0.028576
2262,2263,brain_tumor_figshare/2263.mat,MR049358,3,1,Gliom,0,Meningiom,hayır,0.457838,0.429566,0.112596
2263,2264,brain_tumor_figshare/2264.mat,MR049358,3,1,Gliom,0,Meningiom,hayır,0.534305,0.356267,0.109428
2264,2265,brain_tumor_figshare/2265.mat,MR049358,3,1,Gliom,1,Gliom,evet,0.287242,0.58319,0.129568
2265,2266,brain_tumor_figshare/2266.mat,MR049358,3,1,Gliom,0,Meningiom,hayır,0.743684,0.138182,0.118134
2266,2267,brain_tumor_figshare/2267.mat,MR049358,3,1,Gliom,1,Gliom,evet,0.300427,0.51114,0.188433
2267,2268,brain_tumor_figshare/2268.mat,MR049358,3,1,Gliom,0,Meningiom,hayır,0.541973,0.327155,0.130872
2268,2269,brain_tumor_figshare/2269.mat,MR049358,3,1,Gliom,1,Gliom,evet,0.083195,0.880335,0.03647
2269,2270,brain_tumor_figshare/2270.mat,MR049453,2,1,Gliom,1,Gliom,evet,0.106113,0.872304,0.021584
2270,2271,brain_tumor_figshare/2271.mat,MR049453,2,1,Gliom,1,Gliom,evet,0.163223,0.816168,0.020609
2271,2272,brain_tumor_figshare/2272.mat,MR049453,2,1,Gliom,1,Gliom,evet,0.223059,0.761119,0.015822
2272,2273,brain_tumor_figshare/2273.mat,MR049453,2,1,Gliom,1,Gliom,evet,0.246587,0.733121,0.020292
2273,2274,brain_tumor_figshare/2274.mat,MR049453,2,1,Gliom,1,Gliom,evet,0.357065,0.624233,0.018701
2274,2275,brain_tumor_figshare/2275.mat,MR049453,2,1,Gliom,1,Gliom,evet,0.383142,0.598699,0.018159
2275,2276,brain_tumor_figshare/2276.mat,MR049453,2,1,Gliom,1,Gliom,evet,0.335249,0.644162,0.020589
2276,2277,brain_tumor_figshare/2277.mat,MR049453,2,1,Gliom,1,Gliom,evet,0.321557,0.653787,0.024657
2277,2278,brain_tumor_figshare/2278.mat,MR049453,2,1,Gliom,1,Gliom,evet,0.467122,0.499814,0.033063
2278,2279,brain_tumor_figshare/2279.mat,MR024780G,1,1,Gliom,1,Gliom,evet,0.4336,0.554978,0.011422
2279,2280,brain_tumor_figshare/2280.mat,MR024780G,1,1,Gliom,1,Gliom,evet,0.237944,0.750025,0.012032
2280,2281,brain_tumor_figshare/2281.mat,MR024780G,1,1,Gliom,1,Gliom,evet,0.196796,0.783355,0.019848
2281,2282,brain_tumor_figshare/2282.mat,MR024780G,1,1,Gliom,1,Gliom,evet,0.149782,0.826647,0.02357
2282,2283,brain_tumor_figshare/2283.mat,MR024780G,1,1,Gliom,1,Gliom,evet,0.152704,0.793209,0.054088
2283,2284,brain_tumor_figshare/2284.mat,MR024780G,1,1,Gliom,1,Gliom,evet,0.100717,0.853336,0.045947
2284,2285,brain_tumor_figshare/2285.mat,MR024780G,1,1,Gliom,1,Gliom,evet,0.068758,0.880616,0.050625
2285,2286,brain_tumor_figshare/2286.mat,MR049453B,1,1,Gliom,0,Meningiom,hayır,0.924472,0.070076,0.005452
2286,2287,brain_tumor_figshare/2287.mat,MR049453B,1,1,Gliom,0,Meningiom,hayır,0.922316,0.067811,0.009873
2287,2288,brain_tumor_figshare/2288.mat,MR049453B,1,1,Gliom,1,Gliom,evet,0.096583,0.823258,0.080159
2288,2289,brain_tumor_figshare/2289.mat,MR049453B,1,1,Gliom,1,Gliom,evet,0.080661,0.856901,0.062438
2289,2290,brain_tumor_figshare/2290.mat,MR049453B,1,1,Gliom,1,Gliom,evet,0.088171,0.843401,0.068428
2290,2291,brain_tumor_figshare/2291.mat,MR049453B,1,1,Gliom,1,Gliom,evet,0.14837,0.742641,0.108988
2291,2292,brain_tumor_figshare/2292.mat,MR049453B,1,1,Gliom,0,Meningiom,hayır,0.717865,0.264314,0.017821
2292,2293,brain_tumor_figshare/2293.mat,MR049453B,1,1,Gliom,1,Gliom,evet,0.391201,0.590106,0.018693
2293,2294,brain_tumor_figshare/2294.mat,MR049453B,1,1,Gliom,1,Gliom,evet,0.096265,0.887128,0.016607
2294,2295,brain_tumor_figshare/2295.mat,MR049453B,1,1,Gliom,1,Gliom,evet,0.088904,0.891104,0.019992
2295,2296,brain_tumor_figshare/2296.mat,MR049453B,1,1,Gliom,1,Gliom,evet,0.113348,0.846949,0.039703
2296,2297,brain_tumor_figshare/2297.mat,MR049453B,1,1,Gliom,1,Gliom,evet,0.076228,0.892759,0.031013
2297,2298,brain_tumor_figshare/2298.mat,MR049453B,1,1,Gliom,1,Gliom,evet,0.058106,0.91052,0.031374
2298,2299,brain_tumor_figshare/2299.mat,MR049453B,1,1,Gliom,1,Gliom,evet,0.061968,0.898633,0.039399
2299,2300,brain_tumor_figshare/2300.mat,MR050135B,2,1,Gliom,0,Meningiom,hayır,0.515225,0.448854,0.035922
2300,2301,brain_tumor_figshare/2301.mat,MR050135B,2,1,Gliom,1,Gliom,evet,0.441681,0.481519,0.0768
2301,2302,brain_tumor_figshare/2302.mat,MR050135B,2,1,Gliom,1,Gliom,evet,0.190747,0.746573,0.06268
2302,2303,brain_tumor_figshare/2303.mat,MR050135B,2,1,Gliom,1,Gliom,evet,0.38006,0.568069,0.051871
2303,2304,brain_tumor_figshare/2304.mat,MR050135B,2,1,Gliom,1,Gliom,evet,0.398481,0.552675,0.048844
2304,2305,brain_tumor_figshare/2305.mat,MR050135B,2,1,Gliom,1,Gliom,evet,0.333774,0.604163,0.062064
2305,2306,brain_tumor_figshare/2306.mat,MR050135B,2,1,Gliom,1,Gliom,evet,0.25116,0.658387,0.090453
2306,2307,brain_tumor_figshare/2307.mat,MR050135B,2,1,Gliom,1,Gliom,evet,0.266844,0.658816,0.07434
2307,2308,brain_tumor_figshare/2308.mat,MR050135B,2,1,Gliom,1,Gliom,evet,0.272512,0.655683,0.071804
2308,2309,brain_tumor_figshare/2309.mat,MR050135B,2,1,Gliom,1,Gliom,evet,0.169166,0.774342,0.056492
2309,2310,brain_tumor_figshare/2310.mat,MR050135B,2,1,Gliom,1,Gliom,evet,0.13792,0.815251,0.04683
2310,2311,brain_tumor_figshare/2311.mat,MR050687,1,1,Gliom,0,Meningiom,hayır,0.819434,0.165257,0.015309
2311,2312,brain_tumor_figshare/2312.mat,MR050687,1,1,Gliom,0,Meningiom,hayır,0.581787,0.368157,0.050056
2312,2313,brain_tumor_figshare/2313.mat,MR050687,1,1,Gliom,0,Meningiom,hayır,0.483184,0.450614,0.066202
2313,2314,brain_tumor_figshare/2314.mat,MR050687,1,1,Gliom,0,Meningiom,hayır,0.552362,0.401998,0.04564
2314,2315,brain_tumor_figshare/2315.mat,MR050687,1,1,Gliom,0,Meningiom,hayır,0.750939,0.224372,0.024689
2315,2316,brain_tumor_figshare/2316.mat,MR050687,1,1,Gliom,1,Gliom,evet,0.323029,0.660536,0.016436
2316,2317,brain_tumor_figshare/2317.mat,MR050791B,4,1,Gliom,1,Gliom,evet,0.278111,0.662929,0.05896
2317,2318,brain_tumor_figshare/2318.mat,MR050791B,4,1,Gliom,1,Gliom,evet,0.099172,0.821951,0.078877
2318,2319,brain_tumor_figshare/2319.mat,MR050791B,4,1,Gliom,1,Gliom,evet,0.036824,0.903254,0.059922
2319,2320,brain_tumor_figshare/2320.mat,MR050791B,4,1,Gliom,1,Gliom,evet,0.025897,0.923699,0.050404
2320,2321,brain_tumor_figshare/2321.mat,MR049019C,4,1,Gliom,1,Gliom,evet,0.050244,0.911994,0.037762
2321,2322,brain_tumor_figshare/2322.mat,MR049019C,4,1,Gliom,1,Gliom,evet,0.094214,0.848676,0.05711
2322,2323,brain_tumor_figshare/2323.mat,MR049019C,4,1,Gliom,1,Gliom,evet,0.144946,0.807728,0.047326
2323,2324,brain_tumor_figshare/2324.mat,MR049019C,4,1,Gliom,1,Gliom,evet,0.191259,0.763531,0.04521
2324,2325,brain_tumor_figshare/2325.mat,MR049019C,4,1,Gliom,1,Gliom,evet,0.137642,0.815203,0.047156
2325,2326,brain_tumor_figshare/2326.mat,MR026175C,4,1,Gliom,1,Gliom,evet,0.326553,0.653468,0.019979
2326,2327,brain_tumor_figshare/2327.mat,MR026175C,4,1,Gliom,1,Gliom,evet,0.398536,0.547294,0.054169
2327,2328,brain_tumor_figshare/2328.mat,MR026175C,4,1,Gliom,1,Gliom,evet,0.119268,0.806411,0.074322
2328,2329,brain_tumor_figshare/2329.mat,MR026175C,4,1,Gliom,1,Gliom,evet,0.097875,0.88175,0.020375
2329,2330,brain_tumor_figshare/2330.mat,MR026175C,4,1,Gliom,1,Gliom,evet,0.03977,0.95286,0.007369
2330,2331,brain_tumor_figshare/2331.mat,MR026175C,4,1,Gliom,1,Gliom,evet,0.032901,0.963045,0.004053
2331,2332,brain_tumor_figshare/2332.mat,MR026175C,4,1,Gliom,1,Gliom,evet,0.068921,0.924641,0.006438
2332,2333,brain_tumor_figshare/2333.mat,MR051461,2,1,Gliom,0,Meningiom,hayır,0.535151,0.44204,0.02281
2333,2334,brain_tumor_figshare/2334.mat,MR051461,2,1,Gliom,0,Meningiom,hayır,0.530467,0.439197,0.030336
2334,2335,brain_tumor_figshare/2335.mat,MR051461,2,1,Gliom,0,Meningiom,hayır,0.490108,0.481515,0.028377
2335,2336,brain_tumor_figshare/2336.mat,MR051461,2,1,Gliom,1,Gliom,evet,0.355083,0.601086,0.043831
2336,2337,brain_tumor_figshare/2337.mat,MR051461,2,1,Gliom,1,Gliom,evet,0.293478,0.6477,0.058822
2337,2338,brain_tumor_figshare/2338.mat,MR051461,2,1,Gliom,1,Gliom,evet,0.234196,0.697997,0.067807
2338,2339,brain_tumor_figshare/2339.mat,MR051461,2,1,Gliom,1,Gliom,evet,0.270083,0.649216,0.080701
2339,2340,brain_tumor_figshare/2340.mat,MR051461,2,1,Gliom,1,Gliom,evet,0.271968,0.64621,0.081822
2340,2341,brain_tumor_figshare/2341.mat,MR051461,2,1,Gliom,1,Gliom,evet,0.213417,0.730487,0.056096
2341,2342,brain_tumor_figshare/2342.mat,MR051586,5,1,Gliom,1,Gliom,evet,0.182064,0.810919,0.007017
2342,2343,brain_tumor_figshare/2343.mat,MR051586,5,1,Gliom,1,Gliom,evet,0.284303,0.705468,0.010229
2343,2344,brain_tumor_figshare/2344.mat,MR033389B,4,1,Gliom,1,Gliom,evet,0.447551,0.513542,0.038907
2344,2345,brain_tumor_figshare/2345.mat,MR033389B,4,1,Gliom,1,Gliom,evet,0.30155,0.684213,0.014237
2345,2346,brain_tumor_figshare/2346.mat,MR033389B,4,1,Gliom,0,Meningiom,hayır,0.764396,0.227462,0.008143
2346,2347,brain_tumor_figshare/2347.mat,MR033389B,4,1,Gliom,0,Meningiom,hayır,0.541525,0.449014,0.009461
2347,2348,brain_tumor_figshare/2348.mat,MR033389B,4,1,Gliom,0,Meningiom,hayır,0.821421,0.151388,0.027191
2348,2349,brain_tumor_figshare/2349.mat,MR024780E,4,1,Gliom,1,Gliom,evet,0.09069,0.901603,0.007707
2349,2350,brain_tumor_figshare/2350.mat,MR026175E,2,1,Gliom,1,Gliom,evet,0.225188,0.513663,0.261149
2350,2351,brain_tumor_figshare/2351.mat,MR026175E,2,1,Gliom,1,Gliom,evet,0.180688,0.629881,0.189431
2351,2352,brain_tumor_figshare/2352.mat,MR026175E,2,1,Gliom,1,Gliom,evet,0.413832,0.574485,0.011683
2352,2353,brain_tumor_figshare/2353.mat,MR026175E,2,1,Gliom,1,Gliom,evet,0.429434,0.556315,0.014251
2353,2354,brain_tumor_figshare/2354.mat,MR026175E,2,1,Gliom,1,Gliom,evet,0.14173,0.81834,0.03993
2354,2355,brain_tumor_figshare/2355.mat,MR026175E,2,1,Gliom,1,Gliom,evet,0.153385,0.817354,0.029261
2355,2356,brain_tumor_figshare/2356.mat,MR026175E,2,1,Gliom,1,Gliom,evet,0.146953,0.82543,0.027617
2356,2357,brain_tumor_figshare/2357.mat,MR026175E,2,1,Gliom,1,Gliom,evet,0.174871,0.79781,0.027318
2357,2358,brain_tumor_figshare/2358.mat,MR026175E,2,1,Gliom,1,Gliom,evet,0.107372,0.870724,0.021904
2358,2359,brain_tumor_figshare/2359.mat,MR026175E,2,1,Gliom,1,Gliom,evet,0.114128,0.866764,0.019108
2359,2360,brain_tumor_figshare/2360.mat,MR026175E,2,1,Gliom,1,Gliom,evet,0.124403,0.853235,0.022362
2360,2361,brain_tumor_figshare/2361.mat,MR026175E,2,1,Gliom,1,Gliom,evet,0.243098,0.744491,0.012411
2361,2362,brain_tumor_figshare/2362.mat,MR040240C,2,1,Gliom,1,Gliom,evet,0.290892,0.386213,0.322895
2362,2363,brain_tumor_figshare/2363.mat,MR040240C,2,1,Gliom,1,Gliom,evet,0.219758,0.772372,0.00787
2363,2364,brain_tumor_figshare/2364.mat,MR040240C,2,1,Gliom,1,Gliom,evet,0.226242,0.765463,0.008295
2364,2365,brain_tumor_figshare/2365.mat,MR040240C,2,1,Gliom,1,Gliom,evet,0.144958,0.78583,0.069212
2365,2366,brain_tumor_figshare/2366.mat,MR040240C,2,1,Gliom,1,Gliom,evet,0.157793,0.794922,0.047285
2366,2367,brain_tumor_figshare/2367.mat,MR040240C,2,1,Gliom,1,Gliom,evet,0.117541,0.838763,0.043696
2367,2368,brain_tumor_figshare/2368.mat,MR040240C,2,1,Gliom,1,Gliom,evet,0.091528,0.870757,0.037715
2368,2369,brain_tumor_figshare/2369.mat,MR040240C,2,1,Gliom,1,Gliom,evet,0.06971,0.906067,0.024222
2369,2370,brain_tumor_figshare/2370.mat,MR040240C,2,1,Gliom,1,Gliom,evet,0.054206,0.928252,0.017543
2370,2371,brain_tumor_figshare/2371.mat,MR040240C,2,1,Gliom,1,Gliom,evet,0.067728,0.916993,0.015279
2371,2372,brain_tumor_figshare/2372.mat,MR040240C,2,1,Gliom,1,Gliom,evet,0.133634,0.848552,0.017814
2372,2373,brain_tumor_figshare/2373.mat,MR040240D,4,1,Gliom,1,Gliom,evet,0.250424,0.743158,0.006417
2373,2374,brain_tumor_figshare/2374.mat,MR040240D,4,1,Gliom,1,Gliom,evet,0.042788,0.954277,0.002936
2374,2375,brain_tumor_figshare/2375.mat,MR040240D,4,1,Gliom,1,Gliom,evet,0.086905,0.911072,0.002023
2375,2376,brain_tumor_figshare/2376.mat,MR040240D,4,1,Gliom,1,Gliom,evet,0.06442,0.929642,0.005938
2376,2377,brain_tumor_figshare/2377.mat,MR040240D,4,1,Gliom,1,Gliom,evet,0.058565,0.937454,0.003981
2377,2378,brain_tumor_figshare/2378.mat,MR040240D,4,1,Gliom,1,Gliom,evet,0.054677,0.941978,0.003345
2378,2379,brain_tumor_figshare/2379.mat,MR040240D,4,1,Gliom,1,Gliom,evet,0.053629,0.943199,0.003172
2379,2380,brain_tumor_figshare/2380.mat,MR040240D,4,1,Gliom,1,Gliom,evet,0.053002,0.943562,0.003435
2380,2381,brain_tumor_figshare/2381.mat,MR040240D,4,1,Gliom,1,Gliom,evet,0.068848,0.928052,0.003101
2381,2382,brain_tumor_figshare/2382.mat,MR040240D,4,1,Gliom,1,Gliom,evet,0.060599,0.93584,0.003561
2382,2383,brain_tumor_figshare/2383.mat,MR040240D,4,1,Gliom,1,Gliom,evet,0.055551,0.942571,0.001878
2383,2384,brain_tumor_figshare/2384.mat,MR017260F,2,1,Gliom,1,Gliom,evet,0.20501,0.779647,0.015343
2384,2385,brain_tumor_figshare/2385.mat,MR017260F,2,1,Gliom,1,Gliom,evet,0.144298,0.840201,0.015502
2385,2386,brain_tumor_figshare/2386.mat,MR017260F,2,1,Gliom,1,Gliom,evet,0.137412,0.851772,0.010816
2386,2387,brain_tumor_figshare/2387.mat,MR017260F,2,1,Gliom,1,Gliom,evet,0.106083,0.883105,0.010812
2387,2388,brain_tumor_figshare/2388.mat,MR017260F,2,1,Gliom,1,Gliom,evet,0.156789,0.829419,0.013792
2388,2389,brain_tumor_figshare/2389.mat,MR017260F,2,1,Gliom,1,Gliom,evet,0.17688,0.809445,0.013675
2389,2390,brain_tumor_figshare/2390.mat,MR017260F,2,1,Gliom,1,Gliom,evet,0.220901,0.765972,0.013127
2390,2391,brain_tumor_figshare/2391.mat,MR017260F,2,1,Gliom,1,Gliom,evet,0.268491,0.7192,0.012309
2391,2392,brain_tumor_figshare/2392.mat,MR017260F,2,1,Gliom,1,Gliom,evet,0.255072,0.73383,0.011099
2392,2393,brain_tumor_figshare/2393.mat,MR017260F,2,1,Gliom,1,Gliom,evet,0.28276,0.703636,0.013604
2393,2394,brain_tumor_figshare/2394.mat,MR029209I,4,1,Gliom,1,Gliom,evet,0.037889,0.949164,0.012947
2394,2395,brain_tumor_figshare/2395.mat,MR029209I,4,1,Gliom,1,Gliom,evet,0.026485,0.958547,0.014968
2395,2396,brain_tumor_figshare/2396.mat,MR029209I,4,1,Gliom,1,Gliom,evet,0.036069,0.95166,0.012271
2396,2397,brain_tumor_figshare/2397.mat,MR029209I,4,1,Gliom,1,Gliom,evet,0.056885,0.926589,0.016526
2397,2398,brain_tumor_figshare/2398.mat,MR029209I,4,1,Gliom,1,Gliom,evet,0.125588,0.853091,0.021321
2398,2399,brain_tumor_figshare/2399.mat,MR029209I,4,1,Gliom,1,Gliom,evet,0.088835,0.904342,0.006824
2399,2400,brain_tumor_figshare/2400.mat,MR029209I,4,1,Gliom,1,Gliom,evet,0.086896,0.910716,0.002388
2400,2401,brain_tumor_figshare/2401.mat,MR029209I,4,1,Gliom,1,Gliom,evet,0.235139,0.760758,0.004103
2401,2402,brain_tumor_figshare/2402.mat,MR029209I,4,1,Gliom,1,Gliom,evet,0.219975,0.774094,0.005931
2402,2403,brain_tumor_figshare/2403.mat,MR048294,1,1,Gliom,1,Gliom,evet,0.421261,0.507791,0.070947
2403,2404,brain_tumor_figshare/2404.mat,MR048294,1,1,Gliom,1,Gliom,evet,0.186951,0.742634,0.070415
2404,2405,brain_tumor_figshare/2405.mat,MR048294,1,1,Gliom,1,Gliom,evet,0.124051,0.762608,0.113341
2405,2406,brain_tumor_figshare/2406.mat,MR048294,1,1,Gliom,1,Gliom,evet,0.12859,0.726079,0.145331
2406,2407,brain_tumor_figshare/2407.mat,MR048294,1,1,Gliom,1,Gliom,evet,0.115963,0.733083,0.150954
2407,2408,brain_tumor_figshare/2408.mat,MR048294,1,1,Gliom,1,Gliom,evet,0.130222,0.693001,0.176777
2408,2409,brain_tumor_figshare/2409.mat,MR048294,1,1,Gliom,1,Gliom,evet,0.246106,0.599615,0.154279
2409,2410,brain_tumor_figshare/2410.mat,MR048297,1,1,Gliom,1,Gliom,evet,0.243032,0.678433,0.078535
2410,2411,brain_tumor_figshare/2411.mat,MR048297,1,1,Gliom,1,Gliom,evet,0.129832,0.807746,0.062422
2411,2412,brain_tumor_figshare/2412.mat,MR048297,1,1,Gliom,1,Gliom,evet,0.066134,0.905147,0.028719
2412,2413,brain_tumor_figshare/2413.mat,MR048297,1,1,Gliom,1,Gliom,evet,0.127927,0.835763,0.036311
2413,2414,brain_tumor_figshare/2414.mat,MR048297,1,1,Gliom,1,Gliom,evet,0.101696,0.877534,0.020771
2414,2415,brain_tumor_figshare/2415.mat,MR048294B,5,1,Gliom,1,Gliom,evet,0.064207,0.835561,0.100232
2415,2416,brain_tumor_figshare/2416.mat,MR048294B,5,1,Gliom,1,Gliom,evet,0.086502,0.760576,0.152922
2416,2417,brain_tumor_figshare/2417.mat,MR048294B,5,1,Gliom,1,Gliom,evet,0.225299,0.695541,0.07916
2417,2418,brain_tumor_figshare/2418.mat,MR048294B,5,1,Gliom,1,Gliom,evet,0.162737,0.759953,0.07731
2418,2419,brain_tumor_figshare/2419.mat,MR048294B,5,1,Gliom,1,Gliom,evet,0.087246,0.86666,0.046094
2419,2420,brain_tumor_figshare/2420.mat,MR048621B,5,1,Gliom,1,Gliom,evet,0.199407,0.779339,0.021253
2420,2421,brain_tumor_figshare/2421.mat,MR048621B,5,1,Gliom,1,Gliom,evet,0.420186,0.549957,0.029857
2421,2422,brain_tumor_figshare/2422.mat,MR048621B,5,1,Gliom,1,Gliom,evet,0.284164,0.666552,0.049283
2422,2423,brain_tumor_figshare/2423.mat,MR048621B,5,1,Gliom,1,Gliom,evet,0.112084,0.832897,0.055019
2423,2424,brain_tumor_figshare/2424.mat,MR048621B,5,1,Gliom,1,Gliom,evet,0.056716,0.907196,0.036088
2424,2425,brain_tumor_figshare/2425.mat,MR048621B,5,1,Gliom,1,Gliom,evet,0.029702,0.928066,0.042232
2425,2426,brain_tumor_figshare/2426.mat,MR048944,5,1,Gliom,1,Gliom,evet,0.084049,0.911321,0.00463
2426,2427,brain_tumor_figshare/2427.mat,MR048944,5,1,Gliom,1,Gliom,evet,0.080342,0.916393,0.003265
2427,2428,brain_tumor_figshare/2428.mat,MR048944,5,1,Gliom,1,Gliom,evet,0.076968,0.919074,0.003958
2428,2429,brain_tumor_figshare/2429.mat,MR048944,5,1,Gliom,1,Gliom,evet,0.053149,0.94126,0.005591
2429,2430,brain_tumor_figshare/2430.mat,MR048944,5,1,Gliom,1,Gliom,evet,0.070886,0.918286,0.010828
2430,2431,brain_tumor_figshare/2431.mat,MR048944,5,1,Gliom,1,Gliom,evet,0.070975,0.914647,0.014378
2431,2432,brain_tumor_figshare/2432.mat,MR048944,5,1,Gliom,1,Gliom,evet,0.126952,0.86045,0.012598
2432,2433,brain_tumor_figshare/2433.mat,MR048944,5,1,Gliom,1,Gliom,evet,0.139144,0.854983,0.005873
2433,2434,brain_tumor_figshare/2434.mat,MR048944,5,1,Gliom,1,Gliom,evet,0.109723,0.885693,0.004585
2434,2435,brain_tumor_figshare/2435.mat,MR048994,2,1,Gliom,0,Meningiom,hayır,0.710014,0.265422,0.024564
2435,2436,brain_tumor_figshare/2436.mat,MR048994,2,1,Gliom,0,Meningiom,hayır,0.685518,0.289671,0.024811
2436,2437,brain_tumor_figshare/2437.mat,MR048994,2,1,Gliom,0,Meningiom,hayır,0.598041,0.384121,0.017838
2437,2438,brain_tumor_figshare/2438.mat,MR048994,2,1,Gliom,1,Gliom,evet,0.416666,0.559252,0.024083
2438,2439,brain_tumor_figshare/2439.mat,MR048994,2,1,Gliom,1,Gliom,evet,0.334953,0.630637,0.03441
2439,2440,brain_tumor_figshare/2440.mat,MR048994,2,1,Gliom,1,Gliom,evet,0.334266,0.624473,0.041261
2440,2441,brain_tumor_figshare/2441.mat,MR048994,2,1,Gliom,1,Gliom,evet,0.323836,0.646487,0.029676
2441,2442,brain_tumor_figshare/2442.mat,MR037458C,4,1,Gliom,1,Gliom,evet,0.336139,0.65423,0.00963
2442,2443,brain_tumor_figshare/2443.mat,MR040240,5,1,Gliom,1,Gliom,evet,0.089406,0.887692,0.022902
2443,2444,brain_tumor_figshare/2444.mat,MR040240,5,1,Gliom,1,Gliom,evet,0.201858,0.758876,0.039266
2444,2445,brain_tumor_figshare/2445.mat,MR040240,5,1,Gliom,1,Gliom,evet,0.069583,0.8903,0.040117
2445,2446,brain_tumor_figshare/2446.mat,MR040240,5,1,Gliom,1,Gliom,evet,0.017057,0.94482,0.038124
2446,2447,brain_tumor_figshare/2447.mat,MR040240,5,1,Gliom,1,Gliom,evet,0.05183,0.91946,0.02871
2447,2448,brain_tumor_figshare/2448.mat,MR040240,5,1,Gliom,1,Gliom,evet,0.064478,0.908102,0.027419
2448,2449,brain_tumor_figshare/2449.mat,MR040240,5,1,Gliom,1,Gliom,evet,0.094619,0.855041,0.05034
2449,2450,brain_tumor_figshare/2450.mat,MR040240,5,1,Gliom,1,Gliom,evet,0.196721,0.732599,0.07068
2450,2451,brain_tumor_figshare/2451.mat,MR040240,5,1,Gliom,1,Gliom,evet,0.151171,0.746699,0.10213
2451,2452,brain_tumor_figshare/2452.mat,MR040240,5,1,Gliom,1,Gliom,evet,0.160364,0.788937,0.050699
2452,2453,brain_tumor_figshare/2453.mat,MR040240B,3,1,Gliom,1,Gliom,evet,0.168093,0.783625,0.048282
2453,2454,brain_tumor_figshare/2454.mat,MR040240B,3,1,Gliom,1,Gliom,evet,0.16948,0.732327,0.098193
2454,2455,brain_tumor_figshare/2455.mat,MR040240B,3,1,Gliom,1,Gliom,evet,0.280924,0.585903,0.133173
2455,2456,brain_tumor_figshare/2456.mat,MR040240B,3,1,Gliom,1,Gliom,evet,0.148358,0.716833,0.134809
2456,2457,brain_tumor_figshare/2457.mat,MR040240B,3,1,Gliom,1,Gliom,evet,0.450746,0.456259,0.092995
2457,2458,brain_tumor_figshare/2458.mat,MR040240B,3,1,Gliom,0,Meningiom,hayır,0.657164,0.309431,0.033406
2458,2459,brain_tumor_figshare/2459.mat,MR040240B,3,1,Gliom,0,Meningiom,hayır,0.790289,0.179726,0.029985
2459,2460,brain_tumor_figshare/2460.mat,MR040240B,3,1,Gliom,0,Meningiom,hayır,0.757512,0.099435,0.143053
2460,2461,brain_tumor_figshare/2461.mat,MR040240B,3,1,Gliom,0,Meningiom,hayır,0.841734,0.098699,0.059567
2461,2462,brain_tumor_figshare/2462.mat,MR040240B,3,1,Gliom,0,Meningiom,hayır,0.879351,0.066721,0.053928
2462,2463,brain_tumor_figshare/2463.mat,MR029209G,5,1,Gliom,1,Gliom,evet,0.150825,0.843396,0.005779
2463,2464,brain_tumor_figshare/2464.mat,MR029209G,5,1,Gliom,0,Meningiom,hayır,0.560108,0.430565,0.009326
2464,2465,brain_tumor_figshare/2465.mat,MR029209G,5,1,Gliom,0,Meningiom,hayır,0.549626,0.436629,0.013745
2465,2466,brain_tumor_figshare/2466.mat,MR029209G,5,1,Gliom,1,Gliom,evet,0.29793,0.67232,0.02975
2466,2467,brain_tumor_figshare/2467.mat,MR029209G,5,1,Gliom,1,Gliom,evet,0.191968,0.786447,0.021585
2467,2468,brain_tumor_figshare/2468.mat,MR029209G,5,1,Gliom,1,Gliom,evet,0.089001,0.903264,0.007735
2468,2469,brain_tumor_figshare/2469.mat,MR029209G,5,1,Gliom,1,Gliom,evet,0.078712,0.915789,0.005499
2469,2470,brain_tumor_figshare/2470.mat,MR036496B,3,1,Gliom,1,Gliom,evet,0.004222,0.991421,0.004357
2470,2471,brain_tumor_figshare/2471.mat,MR036496B,3,1,Gliom,1,Gliom,evet,0.020143,0.968118,0.011739
2471,2472,brain_tumor_figshare/2472.mat,MR036496B,3,1,Gliom,1,Gliom,evet,0.034891,0.95567,0.009439
2472,2473,brain_tumor_figshare/2473.mat,MR036496B,3,1,Gliom,1,Gliom,evet,0.007505,0.991555,0.00094
2473,2474,brain_tumor_figshare/2474.mat,MR036496B,3,1,Gliom,1,Gliom,evet,0.004263,0.99433,0.001407
2474,2475,brain_tumor_figshare/2475.mat,MR036496B,3,1,Gliom,1,Gliom,evet,0.009503,0.985708,0.004789
2475,2476,brain_tumor_figshare/2476.mat,MR033420,5,1,Gliom,0,Meningiom,hayır,0.60156,0.393983,0.004457
2476,2477,brain_tumor_figshare/2477.mat,MR033420,5,1,Gliom,0,Meningiom,hayır,0.74038,0.250723,0.008896
2477,2478,brain_tumor_figshare/2478.mat,MR033420,5,1,Gliom,1,Gliom,evet,0.136024,0.781034,0.082942
2478,2479,brain_tumor_figshare/2479.mat,MR033420,5,1,Gliom,1,Gliom,evet,0.262693,0.701924,0.035383
2479,2480,brain_tumor_figshare/2480.mat,MR033420,5,1,Gliom,1,Gliom,evet,0.349085,0.615757,0.035158
2480,2481,brain_tumor_figshare/2481.mat,MR033420,5,1,Gliom,0,Meningiom,hayır,0.668978,0.319602,0.01142
2481,2482,brain_tumor_figshare/2482.mat,MR033420,5,1,Gliom,0,Meningiom,hayır,0.51346,0.470274,0.016266
2482,2483,brain_tumor_figshare/2483.mat,MR033420,5,1,Gliom,1,Gliom,evet,0.225204,0.737234,0.037562
2483,2484,brain_tumor_figshare/2484.mat,MR033420,5,1,Gliom,1,Gliom,evet,0.152782,0.812743,0.034475
2484,2485,brain_tumor_figshare/2485.mat,MR033420,5,1,Gliom,1,Gliom,evet,0.108711,0.838112,0.053177
2485,2486,brain_tumor_figshare/2486.mat,MR033420,5,1,Gliom,1,Gliom,evet,0.203688,0.735101,0.061211
2486,2487,brain_tumor_figshare/2487.mat,MR033389B,4,1,Gliom,0,Meningiom,hayır,0.56007,0.275994,0.163937
2487,2488,brain_tumor_figshare/2488.mat,MR033389B,4,1,Gliom,0,Meningiom,hayır,0.493922,0.220384,0.285694
2488,2489,brain_tumor_figshare/2489.mat,MR033389B,4,1,Gliom,1,Gliom,evet,0.229677,0.508571,0.261752
2489,2490,brain_tumor_figshare/2490.mat,MR033389B,4,1,Gliom,1,Gliom,evet,0.183851,0.732,0.084149
2490,2491,brain_tumor_figshare/2491.mat,MR033389B,4,1,Gliom,1,Gliom,evet,0.100581,0.842634,0.056785
2491,2492,brain_tumor_figshare/2492.mat,MR033389B,4,1,Gliom,1,Gliom,evet,0.293662,0.377482,0.328855
2492,2493,brain_tumor_figshare/2493.mat,MR033389B,4,1,Gliom,1,Gliom,evet,0.428464,0.439291,0.132244
2493,2494,brain_tumor_figshare/2494.mat,MR033389B,4,1,Gliom,0,Meningiom,hayır,0.611026,0.344059,0.044916
2494,2495,brain_tumor_figshare/2495.mat,MR033389B,4,1,Gliom,1,Gliom,evet,0.169946,0.796823,0.033231
2495,2496,brain_tumor_figshare/2496.mat,MR024780E,4,1,Gliom,1,Gliom,evet,0.099889,0.866547,0.033564
2496,2497,brain_tumor_figshare/2497.mat,MR024780E,4,1,Gliom,1,Gliom,evet,0.230946,0.737664,0.03139
2497,2498,brain_tumor_figshare/2498.mat,MR024780E,4,1,Gliom,1,Gliom,evet,0.201492,0.785431,0.013077
2498,2499,brain_tumor_figshare/2499.mat,MR026175E,2,1,Gliom,0,Meningiom,hayır,0.489286,0.473081,0.037634
2499,2500,brain_tumor_figshare/2500.mat,MR026175E,2,1,Gliom,0,Meningiom,hayır,0.492788,0.482221,0.024991
2500,2501,brain_tumor_figshare/2501.mat,MR026175E,2,1,Gliom,0,Meningiom,hayır,0.532888,0.431479,0.035633
2501,2502,brain_tumor_figshare/2502.mat,MR026175E,2,1,Gliom,0,Meningiom,hayır,0.52718,0.413275,0.059545
2502,2503,brain_tumor_figshare/2503.mat,MR026175E,2,1,Gliom,1,Gliom,evet,0.455804,0.491801,0.052395
2503,2504,brain_tumor_figshare/2504.mat,MR026175E,2,1,Gliom,1,Gliom,evet,0.346569,0.615862,0.037569
2504,2505,brain_tumor_figshare/2505.mat,MR026175E,2,1,Gliom,0,Meningiom,hayır,0.524372,0.442104,0.033525
2505,2506,brain_tumor_figshare/2506.mat,MR026175E,2,1,Gliom,0,Meningiom,hayır,0.61997,0.341733,0.038297
2506,2507,brain_tumor_figshare/2507.mat,MR026175E,2,1,Gliom,0,Meningiom,hayır,0.589029,0.371502,0.039469
2507,2508,brain_tumor_figshare/2508.mat,MR026175E,2,1,Gliom,0,Meningiom,hayır,0.54736,0.422892,0.029748
2508,2509,brain_tumor_figshare/2509.mat,MR040240C,2,1,Gliom,1,Gliom,evet,0.385649,0.587144,0.027206
2509,2510,brain_tumor_figshare/2510.mat,MR040240C,2,1,Gliom,1,Gliom,evet,0.323428,0.638534,0.038037
2510,2511,brain_tumor_figshare/2511.mat,MR040240C,2,1,Gliom,1,Gliom,evet,0.371123,0.605381,0.023496
2511,2512,brain_tumor_figshare/2512.mat,MR040240C,2,1,Gliom,1,Gliom,evet,0.4804,0.505949,0.013651
2512,2513,brain_tumor_figshare/2513.mat,MR040240C,2,1,Gliom,0,Meningiom,hayır,0.62684,0.363463,0.009697
2513,2514,brain_tumor_figshare/2514.mat,MR040240C,2,1,Gliom,0,Meningiom,hayır,0.590026,0.405804,0.004171
2514,2515,brain_tumor_figshare/2515.mat,MR040240C,2,1,Gliom,1,Gliom,evet,0.361196,0.631775,0.007028
2515,2516,brain_tumor_figshare/2516.mat,MR040240C,2,1,Gliom,1,Gliom,evet,0.218401,0.747901,0.033698
2516,2517,brain_tumor_figshare/2517.mat,MR040240C,2,1,Gliom,1,Gliom,evet,0.170035,0.788302,0.041662
2517,2518,brain_tumor_figshare/2518.mat,MR040240C,2,1,Gliom,1,Gliom,evet,0.166375,0.762716,0.070909
2518,2519,brain_tumor_figshare/2519.mat,MR040240C,2,1,Gliom,1,Gliom,evet,0.150882,0.80197,0.047148
2519,2520,brain_tumor_figshare/2520.mat,MR040240C,2,1,Gliom,1,Gliom,evet,0.1318,0.82119,0.047009
2520,2521,brain_tumor_figshare/2521.mat,MR040240C,2,1,Gliom,1,Gliom,evet,0.125132,0.837945,0.036923
2521,2522,brain_tumor_figshare/2522.mat,MR040240C,2,1,Gliom,1,Gliom,evet,0.153165,0.806459,0.040376
2522,2523,brain_tumor_figshare/2523.mat,MR040240C,2,1,Gliom,1,Gliom,evet,0.25839,0.709193,0.032417
2523,2524,brain_tumor_figshare/2524.mat,MR017260F,2,1,Gliom,1,Gliom,evet,0.441758,0.537864,0.020378
2524,2525,brain_tumor_figshare/2525.mat,MR017260F,2,1,Gliom,0,Meningiom,hayır,0.555829,0.422033,0.022138
2525,2526,brain_tumor_figshare/2526.mat,MR017260F,2,1,Gliom,0,Meningiom,hayır,0.70519,0.25304,0.04177
2526,2527,brain_tumor_figshare/2527.mat,MR017260F,2,1,Gliom,0,Meningiom,hayır,0.678084,0.291565,0.030351
2527,2528,brain_tumor_figshare/2528.mat,MR017260F,2,1,Gliom,0,Meningiom,hayır,0.513045,0.456387,0.030568
2528,2529,brain_tumor_figshare/2529.mat,MR017260F,2,1,Gliom,1,Gliom,evet,0.414891,0.565198,0.019911
2529,2530,brain_tumor_figshare/2530.mat,MR029209I,4,1,Gliom,1,Gliom,evet,0.366372,0.546607,0.087021
2530,2531,brain_tumor_figshare/2531.mat,MR029209I,4,1,Gliom,1,Gliom,evet,0.414292,0.474997,0.110711
2531,2532,brain_tumor_figshare/2532.mat,MR029209I,4,1,Gliom,0,Meningiom,hayır,0.492557,0.31127,0.196174
2532,2533,brain_tumor_figshare/2533.mat,MR029209I,4,1,Gliom,0,Meningiom,hayır,0.554802,0.279677,0.165521
2533,2534,brain_tumor_figshare/2534.mat,MR029209I,4,1,Gliom,0,Meningiom,hayır,0.635293,0.255143,0.109565
2534,2535,brain_tumor_figshare/2535.mat,MR029209I,4,1,Gliom,1,Gliom,evet,0.103562,0.750898,0.14554
2535,2536,brain_tumor_figshare/2536.mat,MR029209I,4,1,Gliom,1,Gliom,evet,0.071095,0.785955,0.14295
2536,2537,brain_tumor_figshare/2537.mat,MR029209I,4,1,Gliom,1,Gliom,evet,0.040752,0.895831,0.063417
2537,2538,brain_tumor_figshare/2538.mat,MR029209I,4,1,Gliom,1,Gliom,evet,0.0094,0.970075,0.020526
2538,2539,brain_tumor_figshare/2539.mat,MR029209I,4,1,Gliom,1,Gliom,evet,0.084092,0.878638,0.03727
2539,2540,brain_tumor_figshare/2540.mat,MR048294,1,1,Gliom,0,Meningiom,hayır,0.666068,0.246347,0.087585
2540,2541,brain_tumor_figshare/2541.mat,MR048294,1,1,Gliom,0,Meningiom,hayır,0.493903,0.44994,0.056157
2541,2542,brain_tumor_figshare/2542.mat,MR048294,1,1,Gliom,1,Gliom,evet,0.394772,0.575484,0.029744
2542,2543,brain_tumor_figshare/2543.mat,MR048294,1,1,Gliom,0,Meningiom,hayır,0.673436,0.285251,0.041313
2543,2544,brain_tumor_figshare/2544.mat,MR048294,1,1,Gliom,0,Meningiom,hayır,0.586871,0.353816,0.059313
2544,2545,brain_tumor_figshare/2545.mat,MR048294,1,1,Gliom,1,Gliom,evet,0.40321,0.434308,0.162482
2545,2546,brain_tumor_figshare/2546.mat,MR051586,5,1,Gliom,0,Meningiom,hayır,0.699955,0.271278,0.028767
2546,2547,brain_tumor_figshare/2547.mat,MR051586,5,1,Gliom,1,Gliom,evet,0.357207,0.603103,0.03969
2547,2548,brain_tumor_figshare/2548.mat,MR051586,5,1,Gliom,1,Gliom,evet,0.444293,0.530242,0.025465
2548,2549,brain_tumor_figshare/2549.mat,MR051586,5,1,Gliom,1,Gliom,evet,0.283168,0.691385,0.025447
2549,2550,brain_tumor_figshare/2550.mat,MR051461B,4,1,Gliom,1,Gliom,evet,0.289172,0.701765,0.009063
2550,2551,brain_tumor_figshare/2551.mat,MR051461B,4,1,Gliom,1,Gliom,evet,0.087149,0.898136,0.014715
2551,2552,brain_tumor_figshare/2552.mat,MR051461B,4,1,Gliom,1,Gliom,evet,0.14277,0.834329,0.022901
2552,2553,brain_tumor_figshare/2553.mat,MR051461B,4,1,Gliom,1,Gliom,evet,0.068279,0.900259,0.031462
2553,2554,brain_tumor_figshare/2554.mat,MR051644,4,1,Gliom,1,Gliom,evet,0.160216,0.834001,0.005783
2554,2555,brain_tumor_figshare/2555.mat,MR051644,4,1,Gliom,1,Gliom,evet,0.152953,0.842461,0.004587
2555,2556,brain_tumor_figshare/2556.mat,MR051644,4,1,Gliom,1,Gliom,evet,0.326706,0.520073,0.153221
2556,2557,brain_tumor_figshare/2557.mat,MR051644,4,1,Gliom,1,Gliom,evet,0.396715,0.497113,0.106172
2557,2558,brain_tumor_figshare/2558.mat,MR051644,4,1,Gliom,1,Gliom,evet,0.14801,0.846771,0.005219
2558,2559,brain_tumor_figshare/2559.mat,MR051644,4,1,Gliom,0,Meningiom,hayır,0.519794,0.455782,0.024423
2559,2560,brain_tumor_figshare/2560.mat,MR051644,4,1,Gliom,1,Gliom,evet,0.114524,0.873269,0.012206
2560,2561,brain_tumor_figshare/2561.mat,MR051644,4,1,Gliom,1,Gliom,evet,0.057343,0.927375,0.015281
2561,2562,brain_tumor_figshare/2562.mat,MR051644,4,1,Gliom,1,Gliom,evet,0.111554,0.868777,0.019669
2562,2563,brain_tumor_figshare/2563.mat,MR051644,4,1,Gliom,0,Meningiom,hayır,0.622104,0.353651,0.024245
2563,2564,brain_tumor_figshare/2564.mat,MR051644,4,1,Gliom,1,Gliom,evet,0.439344,0.528681,0.031974
2564,2565,brain_tumor_figshare/2565.mat,MR051644,4,1,Gliom,1,Gliom,evet,0.348621,0.570443,0.080935
2565,2566,brain_tumor_figshare/2566.mat,MR051651,1,1,Gliom,0,Meningiom,hayır,0.930313,0.063245,0.006442
2566,2567,brain_tumor_figshare/2567.mat,MR051651,1,1,Gliom,0,Meningiom,hayır,0.815869,0.17012,0.014011
2567,2568,brain_tumor_figshare/2568.mat,MR051651,1,1,Gliom,0,Meningiom,hayır,0.567124,0.419019,0.013857
2568,2569,brain_tumor_figshare/2569.mat,MR051651,1,1,Gliom,1,Gliom,evet,0.258348,0.734376,0.007277
2569,2570,brain_tumor_figshare/2570.mat,MR051651,1,1,Gliom,1,Gliom,evet,0.272755,0.720903,0.006342
2570,2571,brain_tumor_figshare/2571.mat,MR051651,1,1,Gliom,1,Gliom,evet,0.292721,0.700871,0.006408
2571,2572,brain_tumor_figshare/2572.mat,MR051651,1,1,Gliom,1,Gliom,evet,0.304413,0.686748,0.00884
2572,2573,brain_tumor_figshare/2573.mat,MR051796,4,1,Gliom,1,Gliom,evet,0.272095,0.646195,0.081711
2573,2574,brain_tumor_figshare/2574.mat,MR051796,4,1,Gliom,1,Gliom,evet,0.18367,0.738257,0.078072
2574,2575,brain_tumor_figshare/2575.mat,MR051796,4,1,Gliom,1,Gliom,evet,0.09994,0.850225,0.049836
2575,2576,brain_tumor_figshare/2576.mat,MR051796,4,1,Gliom,1,Gliom,evet,0.17961,0.794001,0.026388
2576,2577,brain_tumor_figshare/2577.mat,MR051796,4,1,Gliom,1,Gliom,evet,0.043016,0.949806,0.007178
2577,2578,brain_tumor_figshare/2578.mat,MR051796,4,1,Gliom,1,Gliom,evet,0.098997,0.889323,0.01168
2578,2579,brain_tumor_figshare/2579.mat,MR051651B,3,1,Gliom,1,Gliom,evet,0.041301,0.958564,0.000135
2579,2580,brain_tumor_figshare/2580.mat,MR051651B,3,1,Gliom,1,Gliom,evet,0.000896,0.999029,7.5e-05
2580,2581,brain_tumor_figshare/2581.mat,MR051651B,3,1,Gliom,1,Gliom,evet,0.000807,0.998977,0.000216
2581,2582,brain_tumor_figshare/2582.mat,MR051651B,3,1,Gliom,1,Gliom,evet,0.001517,0.997881,0.000603
2582,2583,brain_tumor_figshare/2583.mat,MR051651B,3,1,Gliom,1,Gliom,evet,0.089125,0.909604,0.001271
2583,2584,brain_tumor_figshare/2584.mat,MR051651B,3,1,Gliom,1,Gliom,evet,0.047675,0.951521,0.000803
2584,2585,brain_tumor_figshare/2585.mat,MR051651B,3,1,Gliom,1,Gliom,evet,0.135303,0.862647,0.002049
2585,2586,brain_tumor_figshare/2586.mat,MR051796B,5,1,Gliom,1,Gliom,evet,0.175388,0.788438,0.036174
2586,2587,brain_tumor_figshare/2587.mat,MR051796B,5,1,Gliom,1,Gliom,evet,0.306283,0.667194,0.026522
2587,2588,brain_tumor_figshare/2588.mat,MR051796B,5,1,Gliom,1,Gliom,evet,0.1195,0.819836,0.060664
2588,2589,brain_tumor_figshare/2589.mat,MR052550,1,1,Gliom,1,Gliom,evet,0.221031,0.731431,0.047538
2589,2590,brain_tumor_figshare/2590.mat,MR052550,1,1,Gliom,1,Gliom,evet,0.138723,0.819949,0.041328
2590,2591,brain_tumor_figshare/2591.mat,MR052550,1,1,Gliom,1,Gliom,evet,0.116107,0.844489,0.039405
2591,2592,brain_tumor_figshare/2592.mat,MR052550,1,1,Gliom,1,Gliom,evet,0.116874,0.835907,0.047218
2592,2593,brain_tumor_figshare/2593.mat,MR052550,1,1,Gliom,1,Gliom,evet,0.089812,0.876429,0.033759
2593,2594,brain_tumor_figshare/2594.mat,MR052550,1,1,Gliom,1,Gliom,evet,0.04825,0.932083,0.019667
2594,2595,brain_tumor_figshare/2595.mat,MR051644C,4,1,Gliom,1,Gliom,evet,0.109098,0.72731,0.163592
2595,2596,brain_tumor_figshare/2596.mat,MR051644C,4,1,Gliom,1,Gliom,evet,0.084142,0.728264,0.187594
2596,2597,brain_tumor_figshare/2597.mat,MR051644C,4,1,Gliom,1,Gliom,evet,0.112814,0.864611,0.022574
2597,2598,brain_tumor_figshare/2598.mat,MR051644C,4,1,Gliom,1,Gliom,evet,0.126006,0.868462,0.005532
2598,2599,brain_tumor_figshare/2599.mat,MR051644C,4,1,Gliom,1,Gliom,evet,0.25867,0.736757,0.004573
2599,2600,brain_tumor_figshare/2600.mat,MR051644C,4,1,Gliom,1,Gliom,evet,0.132669,0.657787,0.209544
2600,2601,brain_tumor_figshare/2601.mat,MR051644C,4,1,Gliom,1,Gliom,evet,0.15673,0.764967,0.078303
2601,2602,brain_tumor_figshare/2602.mat,MR051644C,4,1,Gliom,1,Gliom,evet,0.147191,0.77674,0.076069
2602,2603,brain_tumor_figshare/2603.mat,MR051644C,4,1,Gliom,1,Gliom,evet,0.155392,0.730956,0.113651
2603,2604,brain_tumor_figshare/2604.mat,MR051644C,4,1,Gliom,1,Gliom,evet,0.235892,0.591745,0.172363
2604,2605,brain_tumor_figshare/2605.mat,MR051644C,4,1,Gliom,1,Gliom,evet,0.283519,0.545624,0.170856
2605,2606,brain_tumor_figshare/2606.mat,MR051644C,4,1,Gliom,1,Gliom,evet,0.21919,0.690393,0.090417
2606,2607,brain_tumor_figshare/2607.mat,MR051644C,4,1,Gliom,1,Gliom,evet,0.088289,0.86852,0.043191
2607,2608,brain_tumor_figshare/2608.mat,MR049942B,3,1,Gliom,1,Gliom,evet,0.219515,0.455877,0.324609
2608,2609,brain_tumor_figshare/2609.mat,MR049942B,3,1,Gliom,1,Gliom,evet,0.198961,0.644893,0.156146
2609,2610,brain_tumor_figshare/2610.mat,MR049942B,3,1,Gliom,0,Meningiom,hayır,0.448077,0.360714,0.191209
2610,2611,brain_tumor_figshare/2611.mat,MR049942B,3,1,Gliom,1,Gliom,evet,0.114483,0.812639,0.072878
2611,2612,brain_tumor_figshare/2612.mat,MR047953C,4,1,Gliom,1,Gliom,evet,0.009016,0.986852,0.004133
2612,2613,brain_tumor_figshare/2613.mat,MR047953C,4,1,Gliom,1,Gliom,evet,0.046742,0.944041,0.009217
2613,2614,brain_tumor_figshare/2614.mat,MR047953C,4,1,Gliom,1,Gliom,evet,0.048259,0.941125,0.010616
2614,2615,brain_tumor_figshare/2615.mat,MR047953C,4,1,Gliom,1,Gliom,evet,0.05267,0.940207,0.007123
2615,2616,brain_tumor_figshare/2616.mat,MR047953C,4,1,Gliom,1,Gliom,evet,0.206668,0.781676,0.011657
2616,2617,brain_tumor_figshare/2617.mat,MR053110B,1,1,Gliom,1,Gliom,evet,0.107127,0.878888,0.013985
2617,2618,brain_tumor_figshare/2618.mat,MR053110B,1,1,Gliom,1,Gliom,evet,0.063451,0.884273,0.052275
2618,2619,brain_tumor_figshare/2619.mat,MR053110B,1,1,Gliom,1,Gliom,evet,0.073242,0.873594,0.053163
2619,2620,brain_tumor_figshare/2620.mat,MR053110B,1,1,Gliom,1,Gliom,evet,0.150478,0.754041,0.095481
2620,2621,brain_tumor_figshare/2621.mat,MR053110B,1,1,Gliom,1,Gliom,evet,0.135734,0.789387,0.074878
2621,2622,brain_tumor_figshare/2622.mat,MR053110B,1,1,Gliom,1,Gliom,evet,0.054536,0.911267,0.034197
2622,2623,brain_tumor_figshare/2623.mat,MR053110B,1,1,Gliom,1,Gliom,evet,0.049773,0.916417,0.03381
2623,2624,brain_tumor_figshare/2624.mat,MR034694,2,1,Gliom,1,Gliom,evet,0.136525,0.770515,0.09296
2624,2625,brain_tumor_figshare/2625.mat,MR034694,2,1,Gliom,1,Gliom,evet,0.162078,0.627674,0.210248
2625,2626,brain_tumor_figshare/2626.mat,MR034694,2,1,Gliom,1,Gliom,evet,0.185531,0.534995,0.279474
2626,2627,brain_tumor_figshare/2627.mat,MR034694,2,1,Gliom,1,Gliom,evet,0.272637,0.523615,0.203747
2627,2628,brain_tumor_figshare/2628.mat,MR034694,2,1,Gliom,1,Gliom,evet,0.268942,0.41807,0.312989
2628,2629,brain_tumor_figshare/2629.mat,MR034694,2,1,Gliom,1,Gliom,evet,0.16827,0.690796,0.140934
2629,2630,brain_tumor_figshare/2630.mat,MR034694,2,1,Gliom,1,Gliom,evet,0.143661,0.776241,0.080098
2630,2631,brain_tumor_figshare/2631.mat,MR054683,4,1,Gliom,1,Gliom,evet,0.170041,0.740202,0.089757
2631,2632,brain_tumor_figshare/2632.mat,MR054683,4,1,Gliom,1,Gliom,evet,0.108137,0.809257,0.082607
2632,2633,brain_tumor_figshare/2633.mat,MR054683,4,1,Gliom,1,Gliom,evet,0.128552,0.781834,0.089614
2633,2634,brain_tumor_figshare/2634.mat,MR050687C,5,1,Gliom,1,Gliom,evet,0.220404,0.771007,0.008589
2634,2635,brain_tumor_figshare/2635.mat,MR050687C,5,1,Gliom,1,Gliom,evet,0.136342,0.83614,0.027519
2635,2636,brain_tumor_figshare/2636.mat,MR050687C,5,1,Gliom,1,Gliom,evet,0.128543,0.827545,0.043911
2636,2637,brain_tumor_figshare/2637.mat,MR050687C,5,1,Gliom,1,Gliom,evet,0.234662,0.689912,0.075427
2637,2638,brain_tumor_figshare/2638.mat,MR050687C,5,1,Gliom,1,Gliom,evet,0.392472,0.475316,0.132213
2638,2639,brain_tumor_figshare/2639.mat,MR050687C,5,1,Gliom,1,Gliom,evet,0.211367,0.745635,0.042998
2639,2640,brain_tumor_figshare/2640.mat,MR050687C,5,1,Gliom,1,Gliom,evet,0.071264,0.904216,0.02452
2640,2641,brain_tumor_figshare/2641.mat,MR049242C,5,1,Gliom,1,Gliom,evet,0.170387,0.472957,0.356656
2641,2642,brain_tumor_figshare/2642.mat,MR049242C,5,1,Gliom,1,Gliom,evet,0.298412,0.36731,0.334277
2642,2643,brain_tumor_figshare/2643.mat,MR049242C,5,1,Gliom,1,Gliom,evet,0.119996,0.613043,0.266961
2643,2644,brain_tumor_figshare/2644.mat,MR049242C,5,1,Gliom,1,Gliom,evet,0.197925,0.504656,0.297419
2644,2645,brain_tumor_figshare/2645.mat,MR049242C,5,1,Gliom,1,Gliom,evet,0.207133,0.501973,0.290894
2645,2646,brain_tumor_figshare/2646.mat,MR053241C,2,1,Gliom,1,Gliom,evet,0.247212,0.694837,0.057951
2646,2647,brain_tumor_figshare/2647.mat,MR053241C,2,1,Gliom,1,Gliom,evet,0.295423,0.628983,0.075593
2647,2648,brain_tumor_figshare/2648.mat,MR053241C,2,1,Gliom,1,Gliom,evet,0.223634,0.680445,0.095921
2648,2649,brain_tumor_figshare/2649.mat,MR053241C,2,1,Gliom,1,Gliom,evet,0.130294,0.786489,0.083217
2649,2650,brain_tumor_figshare/2650.mat,MR034997,3,1,Gliom,1,Gliom,evet,0.123762,0.855577,0.020661
2650,2651,brain_tumor_figshare/2651.mat,MR034997,3,1,Gliom,1,Gliom,evet,0.130475,0.837962,0.031564
2651,2652,brain_tumor_figshare/2652.mat,MR034997,3,1,Gliom,1,Gliom,evet,0.099828,0.88517,0.015003
2652,2653,brain_tumor_figshare/2653.mat,MR034997,3,1,Gliom,1,Gliom,evet,0.079885,0.91748,0.002635
2653,2654,brain_tumor_figshare/2654.mat,MR034997,3,1,Gliom,1,Gliom,evet,0.17934,0.817687,0.002972
2654,2655,brain_tumor_figshare/2655.mat,MR034997,3,1,Gliom,1,Gliom,evet,0.016589,0.982145,0.001266
2655,2656,brain_tumor_figshare/2656.mat,MR034997,3,1,Gliom,1,Gliom,evet,0.436596,0.554391,0.009013
2656,2657,brain_tumor_figshare/2657.mat,MR029209E,5,1,Gliom,1,Gliom,evet,0.129539,0.842239,0.028221
2657,2658,brain_tumor_figshare/2658.mat,MR029209E,5,1,Gliom,1,Gliom,evet,0.110733,0.851228,0.038039
2658,2659,brain_tumor_figshare/2659.mat,MR029209E,5,1,Gliom,1,Gliom,evet,0.020757,0.966266,0.012977
2659,2660,brain_tumor_figshare/2660.mat,MR029209E,5,1,Gliom,1,Gliom,evet,0.039872,0.949299,0.010829
2660,2661,brain_tumor_figshare/2661.mat,MR029209E,5,1,Gliom,1,Gliom,evet,0.048382,0.940067,0.011551
2661,2662,brain_tumor_figshare/2662.mat,MR029209E,5,1,Gliom,1,Gliom,evet,0.054615,0.935773,0.009612
2662,2663,brain_tumor_figshare/2663.mat,MR029209E,5,1,Gliom,1,Gliom,evet,0.012309,0.983797,0.003894
2663,2664,brain_tumor_figshare/2664.mat,MR053110E,1,1,Gliom,1,Gliom,evet,0.271897,0.715399,0.012704
2664,2665,brain_tumor_figshare/2665.mat,MR053110E,1,1,Gliom,1,Gliom,evet,0.051798,0.931162,0.01704
2665,2666,brain_tumor_figshare/2666.mat,MR053110E,1,1,Gliom,1,Gliom,evet,0.27196,0.696148,0.031892
2666,2667,brain_tumor_figshare/2667.mat,MR053110E,1,1,Gliom,1,Gliom,evet,0.036955,0.944778,0.018267
2667,2668,brain_tumor_figshare/2668.mat,MR053110E,1,1,Gliom,1,Gliom,evet,0.148189,0.821361,0.03045
2668,2669,brain_tumor_figshare/2669.mat,MR053110E,1,1,Gliom,1,Gliom,evet,0.20456,0.761212,0.034228
2669,2670,brain_tumor_figshare/2670.mat,MR053110E,1,1,Gliom,1,Gliom,evet,0.098642,0.876955,0.024403
2670,2671,brain_tumor_figshare/2671.mat,MR053110E,1,1,Gliom,1,Gliom,evet,0.06316,0.91295,0.02389
2671,2672,brain_tumor_figshare/2672.mat,MR053110E,1,1,Gliom,1,Gliom,evet,0.102816,0.862213,0.034972
2672,2673,brain_tumor_figshare/2673.mat,MR053110E,1,1,Gliom,1,Gliom,evet,0.128208,0.825889,0.045903
2673,2674,brain_tumor_figshare/2674.mat,MR053110E,1,1,Gliom,1,Gliom,evet,0.193347,0.744682,0.061971
2674,2675,brain_tumor_figshare/2675.mat,MR049019G,3,1,Gliom,1,Gliom,evet,0.062828,0.916934,0.020238
2675,2676,brain_tumor_figshare/2676.mat,MR049019G,3,1,Gliom,1,Gliom,evet,0.02788,0.959965,0.012155
2676,2677,brain_tumor_figshare/2677.mat,MR049019G,3,1,Gliom,1,Gliom,evet,0.022362,0.9769,0.000738
2677,2678,brain_tumor_figshare/2678.mat,MR031409B,2,1,Gliom,1,Gliom,evet,0.188627,0.759215,0.052158
2678,2679,brain_tumor_figshare/2679.mat,MR031409B,2,1,Gliom,1,Gliom,evet,0.234275,0.713467,0.052258
2679,2680,brain_tumor_figshare/2680.mat,MR024780D,1,1,Gliom,1,Gliom,evet,0.214409,0.773447,0.012144
2680,2681,brain_tumor_figshare/2681.mat,MR024780D,1,1,Gliom,1,Gliom,evet,0.471471,0.520911,0.007618
2681,2682,brain_tumor_figshare/2682.mat,MR038469,3,1,Gliom,1,Gliom,evet,0.110658,0.87377,0.015572
2682,2683,brain_tumor_figshare/2683.mat,MR038469,3,1,Gliom,1,Gliom,evet,0.028068,0.969619,0.002313
2683,2684,brain_tumor_figshare/2684.mat,MR038469,3,1,Gliom,1,Gliom,evet,0.050408,0.947107,0.002484
2684,2685,brain_tumor_figshare/2685.mat,MR038469,3,1,Gliom,1,Gliom,evet,0.051853,0.937616,0.010532
2685,2686,brain_tumor_figshare/2686.mat,MR038469,3,1,Gliom,1,Gliom,evet,0.215379,0.741747,0.042874
2686,2687,brain_tumor_figshare/2687.mat,MR038469,3,1,Gliom,1,Gliom,evet,0.265924,0.691715,0.042361
2687,2688,brain_tumor_figshare/2688.mat,MR032322C,2,1,Gliom,1,Gliom,evet,0.140739,0.801892,0.057369
2688,2689,brain_tumor_figshare/2689.mat,MR032322C,2,1,Gliom,1,Gliom,evet,0.481748,0.484138,0.034114
2689,2690,brain_tumor_figshare/2690.mat,MR032322C,2,1,Gliom,0,Meningiom,hayır,0.538605,0.405735,0.05566
2690,2691,brain_tumor_figshare/2691.mat,MR032322C,2,1,Gliom,1,Gliom,evet,0.354271,0.574544,0.071186
2691,2692,brain_tumor_figshare/2692.mat,MR032322C,2,1,Gliom,1,Gliom,evet,0.241798,0.723684,0.034518
2692,2693,brain_tumor_figshare/2693.mat,MR032322C,2,1,Gliom,0,Meningiom,hayır,0.734234,0.186524,0.079242
2693,2694,brain_tumor_figshare/2694.mat,MR032322C,2,1,Gliom,1,Gliom,evet,0.186206,0.684052,0.129742
2694,2695,brain_tumor_figshare/2695.mat,MR032322C,2,1,Gliom,1,Gliom,evet,0.160791,0.732586,0.106622
2695,2696,brain_tumor_figshare/2696.mat,MR032322C,2,1,Gliom,1,Gliom,evet,0.115208,0.796649,0.088142
2696,2697,brain_tumor_figshare/2697.mat,MR032322C,2,1,Gliom,1,Gliom,evet,0.12934,0.77745,0.093211
2697,2698,brain_tumor_figshare/2698.mat,MR032322C,2,1,Gliom,1,Gliom,evet,0.19853,0.660389,0.141081
2698,2699,brain_tumor_figshare/2699.mat,MR032322C,2,1,Gliom,1,Gliom,evet,0.298931,0.553944,0.147125
2699,2700,brain_tumor_figshare/2700.mat,MR032322C,2,1,Gliom,1,Gliom,evet,0.353306,0.586081,0.060613
2700,2701,brain_tumor_figshare/2701.mat,MR032322C,2,1,Gliom,0,Meningiom,hayır,0.481007,0.448887,0.070107
2701,2702,brain_tumor_figshare/2702.mat,MR037458B,2,1,Gliom,1,Gliom,evet,0.270996,0.69254,0.036463
2702,2703,brain_tumor_figshare/2703.mat,MR037458B,2,1,Gliom,1,Gliom,evet,0.319452,0.634216,0.046331
2703,2704,brain_tumor_figshare/2704.mat,MR037458B,2,1,Gliom,1,Gliom,evet,0.372887,0.573071,0.054042
2704,2705,brain_tumor_figshare/2705.mat,MR037458B,2,1,Gliom,1,Gliom,evet,0.466092,0.499714,0.034194
2705,2706,brain_tumor_figshare/2706.mat,MR037458B,2,1,Gliom,1,Gliom,evet,0.456255,0.516913,0.026832
2706,2707,brain_tumor_figshare/2707.mat,MR037458B,2,1,Gliom,1,Gliom,evet,0.429321,0.539432,0.031247
2707,2708,brain_tumor_figshare/2708.mat,MR037458B,2,1,Gliom,1,Gliom,evet,0.284676,0.685494,0.02983
2708,2709,brain_tumor_figshare/2709.mat,MR037458B,2,1,Gliom,1,Gliom,evet,0.147437,0.831312,0.021251
2709,2710,brain_tumor_figshare/2710.mat,MR039473,4,1,Gliom,1,Gliom,evet,0.061262,0.852336,0.086402
2710,2711,brain_tumor_figshare/2711.mat,MR039473,4,1,Gliom,1,Gliom,evet,0.219732,0.718491,0.061777
2711,2712,brain_tumor_figshare/2712.mat,MR039473,4,1,Gliom,1,Gliom,evet,0.278632,0.692343,0.029025
2712,2713,brain_tumor_figshare/2713.mat,MR039473,4,1,Gliom,1,Gliom,evet,0.261784,0.732313,0.005903
2713,2714,brain_tumor_figshare/2714.mat,MR039473B,2,1,Gliom,1,Gliom,evet,0.164921,0.818309,0.01677
2714,2715,brain_tumor_figshare/2715.mat,MR039473B,2,1,Gliom,1,Gliom,evet,0.30975,0.65707,0.03318
2715,2716,brain_tumor_figshare/2716.mat,MR039473B,2,1,Gliom,1,Gliom,evet,0.253075,0.703574,0.043352
2716,2717,brain_tumor_figshare/2717.mat,MR039473B,2,1,Gliom,1,Gliom,evet,0.203505,0.745963,0.050532
2717,2718,brain_tumor_figshare/2718.mat,MR039473B,2,1,Gliom,1,Gliom,evet,0.113675,0.827055,0.05927
2718,2719,brain_tumor_figshare/2719.mat,MR039473B,2,1,Gliom,1,Gliom,evet,0.124893,0.777162,0.097945
2719,2720,brain_tumor_figshare/2720.mat,MR039473B,2,1,Gliom,1,Gliom,evet,0.096577,0.803874,0.099549
2720,2721,brain_tumor_figshare/2721.mat,MR039473B,2,1,Gliom,1,Gliom,evet,0.103107,0.818188,0.078704
2721,2722,brain_tumor_figshare/2722.mat,MR039473B,2,1,Gliom,1,Gliom,evet,0.077231,0.850196,0.072572
2722,2723,brain_tumor_figshare/2723.mat,MR037458C,4,1,Gliom,1,Gliom,evet,0.219337,0.6897,0.090963
2723,2724,brain_tumor_figshare/2724.mat,MR037458C,4,1,Gliom,1,Gliom,evet,0.073555,0.885346,0.0411
2724,2725,brain_tumor_figshare/2725.mat,MR037458C,4,1,Gliom,1,Gliom,evet,0.040577,0.933533,0.02589
2725,2726,brain_tumor_figshare/2726.mat,MR037458C,4,1,Gliom,1,Gliom,evet,0.168717,0.745196,0.086087
2726,2727,brain_tumor_figshare/2727.mat,MR037458C,4,1,Gliom,1,Gliom,evet,0.056824,0.846373,0.096803
2727,2728,brain_tumor_figshare/2728.mat,MR037458C,4,1,Gliom,1,Gliom,evet,0.061538,0.888177,0.050285
2728,2729,brain_tumor_figshare/2729.mat,MR037458C,4,1,Gliom,1,Gliom,evet,0.103143,0.857735,0.039122
2729,2730,brain_tumor_figshare/2730.mat,MR037458C,4,1,Gliom,1,Gliom,evet,0.384682,0.585466,0.029852
2730,2731,brain_tumor_figshare/2731.mat,MR029209E,5,1,Gliom,1,Gliom,evet,0.101933,0.87169,0.026377
2731,2732,brain_tumor_figshare/2732.mat,MR029209E,5,1,Gliom,1,Gliom,evet,0.476769,0.494163,0.029068
2732,2733,brain_tumor_figshare/2733.mat,MR029209E,5,1,Gliom,0,Meningiom,hayır,0.845964,0.140184,0.013852
2733,2734,brain_tumor_figshare/2734.mat,MR029209E,5,1,Gliom,0,Meningiom,hayır,0.534033,0.432033,0.033935
2734,2735,brain_tumor_figshare/2735.mat,MR029209E,5,1,Gliom,1,Gliom,evet,0.316798,0.65882,0.024382
2735,2736,brain_tumor_figshare/2736.mat,MR029209E,5,1,Gliom,1,Gliom,evet,0.12911,0.849645,0.021246
2736,2737,brain_tumor_figshare/2737.mat,MR029209E,5,1,Gliom,1,Gliom,evet,0.269603,0.670775,0.059622
2737,2738,brain_tumor_figshare/2738.mat,MR053110E,1,1,Gliom,0,Meningiom,hayır,0.499083,0.464575,0.036343
2738,2739,brain_tumor_figshare/2739.mat,MR053110E,1,1,Gliom,0,Meningiom,hayır,0.550835,0.416479,0.032686
2739,2740,brain_tumor_figshare/2740.mat,MR053110E,1,1,Gliom,0,Meningiom,hayır,0.602223,0.374925,0.022852
2740,2741,brain_tumor_figshare/2741.mat,MR053110E,1,1,Gliom,1,Gliom,evet,0.262077,0.714886,0.023037
2741,2742,brain_tumor_figshare/2742.mat,MR053110E,1,1,Gliom,0,Meningiom,hayır,0.80702,0.173476,0.019504
2742,2743,brain_tumor_figshare/2743.mat,MR049019G,3,1,Gliom,1,Gliom,evet,0.005763,0.625503,0.368734
2743,2744,brain_tumor_figshare/2744.mat,MR049019G,3,1,Gliom,2,Hipofiz tümörü,hayır,0.002178,0.176625,0.821197
2744,2745,brain_tumor_figshare/2745.mat,MR049019G,3,1,Gliom,2,Hipofiz tümörü,hayır,0.000192,0.037162,0.962647
2745,2746,brain_tumor_figshare/2746.mat,MR049019G,3,1,Gliom,2,Hipofiz tümörü,hayır,0.000153,0.002507,0.997341
2746,2747,brain_tumor_figshare/2747.mat,MR049019G,3,1,Gliom,2,Hipofiz tümörü,hayır,8.1e-05,0.000466,0.999453
2747,2748,brain_tumor_figshare/2748.mat,MR031409B,2,1,Gliom,1,Gliom,evet,0.14756,0.738337,0.114103
2748,2749,brain_tumor_figshare/2749.mat,MR031409B,2,1,Gliom,1,Gliom,evet,0.137783,0.734125,0.128092
2749,2750,brain_tumor_figshare/2750.mat,MR024780D,1,1,Gliom,1,Gliom,evet,0.195873,0.774713,0.029414
2750,2751,brain_tumor_figshare/2751.mat,MR024780D,1,1,Gliom,1,Gliom,evet,0.139007,0.84391,0.017083
2751,2752,brain_tumor_figshare/2752.mat,MR024780D,1,1,Gliom,1,Gliom,evet,0.222938,0.762528,0.014534
2752,2753,brain_tumor_figshare/2753.mat,MR038469,3,1,Gliom,1,Gliom,evet,0.155446,0.799151,0.045403
2753,2754,brain_tumor_figshare/2754.mat,MR038469,3,1,Gliom,0,Meningiom,hayır,0.562485,0.400425,0.03709
2754,2755,brain_tumor_figshare/2755.mat,MR038469,3,1,Gliom,1,Gliom,evet,0.161934,0.813703,0.024362
2755,2756,brain_tumor_figshare/2756.mat,MR038469,3,1,Gliom,1,Gliom,evet,0.079386,0.913543,0.007071
2756,2757,brain_tumor_figshare/2757.mat,MR038469,3,1,Gliom,1,Gliom,evet,0.016347,0.979429,0.004224
2757,2758,brain_tumor_figshare/2758.mat,MR032322C,2,1,Gliom,0,Meningiom,hayır,0.546051,0.213816,0.240132
2758,2759,brain_tumor_figshare/2759.mat,MR032322C,2,1,Gliom,0,Meningiom,hayır,0.460814,0.403273,0.135913
2759,2760,brain_tumor_figshare/2760.mat,MR032322C,2,1,Gliom,1,Gliom,evet,0.352706,0.4926,0.154694
2760,2761,brain_tumor_figshare/2761.mat,MR032322C,2,1,Gliom,1,Gliom,evet,0.286429,0.491673,0.221898
2761,2762,brain_tumor_figshare/2762.mat,MR032322C,2,1,Gliom,1,Gliom,evet,0.216842,0.461754,0.321404
2762,2763,brain_tumor_figshare/2763.mat,MR032322C,2,1,Gliom,1,Gliom,evet,0.100324,0.553105,0.346571
2763,2764,brain_tumor_figshare/2764.mat,MR032322C,2,1,Gliom,2,Hipofiz tümörü,hayır,0.106409,0.415398,0.478193
2764,2765,brain_tumor_figshare/2765.mat,MR032322C,2,1,Gliom,1,Gliom,evet,0.100662,0.474948,0.42439
2765,2766,brain_tumor_figshare/2766.mat,MR032322C,2,1,Gliom,1,Gliom,evet,0.084839,0.520089,0.395072
2766,2767,brain_tumor_figshare/2767.mat,MR032322C,2,1,Gliom,1,Gliom,evet,0.105624,0.584665,0.309711
2767,2768,brain_tumor_figshare/2768.mat,MR032322C,2,1,Gliom,1,Gliom,evet,0.140934,0.565556,0.29351
2768,2769,brain_tumor_figshare/2769.mat,MR037458B,2,1,Gliom,0,Meningiom,hayır,0.588224,0.39727,0.014506
2769,2770,brain_tumor_figshare/2770.mat,MR037458B,2,1,Gliom,1,Gliom,evet,0.383439,0.572674,0.043888
2770,2771,brain_tumor_figshare/2771.mat,MR037458B,2,1,Gliom,1,Gliom,evet,0.346228,0.596109,0.057663
2771,2772,brain_tumor_figshare/2772.mat,MR037458B,2,1,Gliom,1,Gliom,evet,0.254258,0.659502,0.08624
2772,2773,brain_tumor_figshare/2773.mat,MR037458B,2,1,Gliom,1,Gliom,evet,0.343976,0.533738,0.122287
2773,2774,brain_tumor_figshare/2774.mat,MR039473,4,1,Gliom,1,Gliom,evet,0.081908,0.497573,0.420519
2774,2775,brain_tumor_figshare/2775.mat,MR039473,4,1,Gliom,2,Hipofiz tümörü,hayır,0.122803,0.352474,0.524723
2775,2776,brain_tumor_figshare/2776.mat,MR039473,4,1,Gliom,2,Hipofiz tümörü,hayır,0.039045,0.421938,0.539018
2776,2777,brain_tumor_figshare/2777.mat,MR039473,4,1,Gliom,1,Gliom,evet,0.026152,0.498902,0.474946
2777,2778,brain_tumor_figshare/2778.mat,MR039473,4,1,Gliom,1,Gliom,evet,0.027702,0.614429,0.35787
2778,2779,brain_tumor_figshare/2779.mat,MR039473,4,1,Gliom,2,Hipofiz tümörü,hayır,0.050401,0.470639,0.478961
2779,2780,brain_tumor_figshare/2780.mat,MR039473B,2,1,Gliom,1,Gliom,evet,0.226565,0.461198,0.312237
2780,2781,brain_tumor_figshare/2781.mat,MR039473B,2,1,Gliom,1,Gliom,evet,0.211472,0.418725,0.369803
2781,2782,brain_tumor_figshare/2782.mat,MR039473B,2,1,Gliom,2,Hipofiz tümörü,hayır,0.200557,0.377983,0.421461
2782,2783,brain_tumor_figshare/2783.mat,MR039473B,2,1,Gliom,2,Hipofiz tümörü,hayır,0.170311,0.40124,0.428449
2783,2784,brain_tumor_figshare/2784.mat,MR039473B,2,1,Gliom,2,Hipofiz tümörü,hayır,0.141474,0.391139,0.467387
2784,2785,brain_tumor_figshare/2785.mat,MR039473B,2,1,Gliom,2,Hipofiz tümörü,hayır,0.189134,0.32961,0.481256
2785,2786,brain_tumor_figshare/2786.mat,MR039473B,2,1,Gliom,2,Hipofiz tümörü,hayır,0.213325,0.279593,0.507082
2786,2787,brain_tumor_figshare/2787.mat,MR040240,5,1,Gliom,1,Gliom,evet,0.176997,0.633686,0.189317
2787,2788,brain_tumor_figshare/2788.mat,MR040240,5,1,Gliom,1,Gliom,evet,0.036466,0.867187,0.096347
2788,2789,brain_tumor_figshare/2789.mat,MR040240,5,1,Gliom,1,Gliom,evet,0.059193,0.854647,0.086161
2789,2790,brain_tumor_figshare/2790.mat,MR040240,5,1,Gliom,1,Gliom,evet,0.027462,0.926668,0.04587
2790,2791,brain_tumor_figshare/2791.mat,MR040240,5,1,Gliom,1,Gliom,evet,0.021877,0.933123,0.045001
2791,2792,brain_tumor_figshare/2792.mat,MR040240,5,1,Gliom,1,Gliom,evet,0.017988,0.918078,0.063933
2792,2793,brain_tumor_figshare/2793.mat,MR040240,5,1,Gliom,1,Gliom,evet,0.045173,0.836904,0.117923
2793,2794,brain_tumor_figshare/2794.mat,MR040240,5,1,Gliom,1,Gliom,evet,0.204599,0.745086,0.050315
2794,2795,brain_tumor_figshare/2795.mat,MR040240B,3,1,Gliom,1,Gliom,evet,0.042781,0.871139,0.08608
2795,2796,brain_tumor_figshare/2796.mat,MR040240B,3,1,Gliom,1,Gliom,evet,0.029097,0.885268,0.085635
2796,2797,brain_tumor_figshare/2797.mat,MR040240B,3,1,Gliom,1,Gliom,evet,0.003385,0.946551,0.050064
2797,2798,brain_tumor_figshare/2798.mat,MR040240B,3,1,Gliom,1,Gliom,evet,0.001174,0.927581,0.071246
2798,2799,brain_tumor_figshare/2799.mat,MR040240B,3,1,Gliom,1,Gliom,evet,0.004322,0.917072,0.078605
2799,2800,brain_tumor_figshare/2800.mat,MR029209G,5,1,Gliom,1,Gliom,evet,0.432238,0.541592,0.02617
2800,2801,brain_tumor_figshare/2801.mat,MR029209G,5,1,Gliom,0,Meningiom,hayır,0.824133,0.140075,0.035792
2801,2802,brain_tumor_figshare/2802.mat,MR029209G,5,1,Gliom,0,Meningiom,hayır,0.896111,0.072886,0.031004
2802,2803,brain_tumor_figshare/2803.mat,MR029209G,5,1,Gliom,0,Meningiom,hayır,0.719467,0.234275,0.046258
2803,2804,brain_tumor_figshare/2804.mat,MR029209G,5,1,Gliom,0,Meningiom,hayır,0.487296,0.47839,0.034314
2804,2805,brain_tumor_figshare/2805.mat,MR036496B,3,1,Gliom,1,Gliom,evet,0.007675,0.960068,0.032257
2805,2806,brain_tumor_figshare/2806.mat,MR036496B,3,1,Gliom,1,Gliom,evet,0.036244,0.927492,0.036265
2806,2807,brain_tumor_figshare/2807.mat,MR036496B,3,1,Gliom,1,Gliom,evet,0.429816,0.558253,0.011931
2807,2808,brain_tumor_figshare/2808.mat,MR036496B,3,1,Gliom,1,Gliom,evet,0.062762,0.934499,0.00274
2808,2809,brain_tumor_figshare/2809.mat,MR033420,5,1,Gliom,1,Gliom,evet,0.108115,0.864589,0.027296
2809,2810,brain_tumor_figshare/2810.mat,MR033420,5,1,Gliom,1,Gliom,evet,0.070223,0.905789,0.023989
2810,2811,brain_tumor_figshare/2811.mat,MR033420,5,1,Gliom,1,Gliom,evet,0.335526,0.611511,0.052963
2811,2812,brain_tumor_figshare/2812.mat,MR033420,5,1,Gliom,1,Gliom,evet,0.383963,0.524566,0.091471
2812,2813,brain_tumor_figshare/2813.mat,MR033420,5,1,Gliom,1,Gliom,evet,0.053156,0.870692,0.076152
2813,2814,brain_tumor_figshare/2814.mat,MR033420,5,1,Gliom,1,Gliom,evet,0.064011,0.861569,0.07442
2814,2815,brain_tumor_figshare/2815.mat,MR033420,5,1,Gliom,1,Gliom,evet,0.038322,0.871156,0.090522
2815,2816,brain_tumor_figshare/2816.mat,MR033420,5,1,Gliom,1,Gliom,evet,0.057533,0.904055,0.038411
2816,2817,brain_tumor_figshare/2817.mat,MR024780B,1,1,Gliom,1,Gliom,evet,0.096661,0.886262,0.017076
2817,2818,brain_tumor_figshare/2818.mat,MR024780B,1,1,Gliom,1,Gliom,evet,0.158035,0.819769,0.022196
2818,2819,brain_tumor_figshare/2819.mat,MR024780B,1,1,Gliom,0,Meningiom,hayır,0.579715,0.361397,0.058888
2819,2820,brain_tumor_figshare/2820.mat,MR024780B,1,1,Gliom,1,Gliom,evet,0.461069,0.521633,0.017298
2820,2821,brain_tumor_figshare/2821.mat,MR033389B,4,1,Gliom,0,Meningiom,hayır,0.814551,0.104049,0.081401
2821,2822,brain_tumor_figshare/2822.mat,MR048294,1,1,Gliom,1,Gliom,evet,0.107407,0.784813,0.107781
2822,2823,brain_tumor_figshare/2823.mat,MR048297,1,1,Gliom,0,Meningiom,hayır,0.82162,0.169312,0.009068
2823,2824,brain_tumor_figshare/2824.mat,MR048297,1,1,Gliom,0,Meningiom,hayır,0.862609,0.130486,0.006905
2824,2825,brain_tumor_figshare/2825.mat,MR048297,1,1,Gliom,0,Meningiom,hayır,0.515015,0.475257,0.009728
2825,2826,brain_tumor_figshare/2826.mat,MR048297,1,1,Gliom,0,Meningiom,hayır,0.551751,0.432444,0.015806
2826,2827,brain_tumor_figshare/2827.mat,MR048297,1,1,Gliom,1,Gliom,evet,0.200575,0.789289,0.010136
2827,2828,brain_tumor_figshare/2828.mat,MR048297,1,1,Gliom,1,Gliom,evet,0.29777,0.689762,0.012468
2828,2829,brain_tumor_figshare/2829.mat,MR048297,1,1,Gliom,1,Gliom,evet,0.294834,0.685541,0.019625
2829,2830,brain_tumor_figshare/2830.mat,MR048297,1,1,Gliom,1,Gliom,evet,0.236222,0.737041,0.026737
2830,2831,brain_tumor_figshare/2831.mat,MR048294B,5,1,Gliom,1,Gliom,evet,0.259639,0.668285,0.072076
2831,2832,brain_tumor_figshare/2832.mat,MR048294B,5,1,Gliom,0,Meningiom,hayır,0.557932,0.389306,0.052761
2832,2833,brain_tumor_figshare/2833.mat,MR048294B,5,1,Gliom,0,Meningiom,hayır,0.647521,0.257313,0.095166
2833,2834,brain_tumor_figshare/2834.mat,MR048294B,5,1,Gliom,0,Meningiom,hayır,0.594919,0.345317,0.059765
2834,2835,brain_tumor_figshare/2835.mat,MR048294B,5,1,Gliom,1,Gliom,evet,0.092525,0.852328,0.055147
2835,2836,brain_tumor_figshare/2836.mat,MR048294B,5,1,Gliom,1,Gliom,evet,0.141106,0.753828,0.105066
2836,2837,brain_tumor_figshare/2837.mat,MR048621B,5,1,Gliom,1,Gliom,evet,0.340252,0.619959,0.039788
2837,2838,brain_tumor_figshare/2838.mat,MR048621B,5,1,Gliom,1,Gliom,evet,0.22652,0.739941,0.033539
2838,2839,brain_tumor_figshare/2839.mat,MR048621B,5,1,Gliom,1,Gliom,evet,0.170873,0.812195,0.016932
2839,2840,brain_tumor_figshare/2840.mat,MR048944,5,1,Gliom,0,Meningiom,hayır,0.632977,0.338317,0.028706
2840,2841,brain_tumor_figshare/2841.mat,MR048944,5,1,Gliom,1,Gliom,evet,0.21516,0.744823,0.040017
2841,2842,brain_tumor_figshare/2842.mat,MR048944,5,1,Gliom,1,Gliom,evet,0.082668,0.888902,0.02843
2842,2843,brain_tumor_figshare/2843.mat,MR048944,5,1,Gliom,1,Gliom,evet,0.091376,0.800575,0.108049
2843,2844,brain_tumor_figshare/2844.mat,MR048944,5,1,Gliom,1,Gliom,evet,0.088681,0.814744,0.096575
2844,2845,brain_tumor_figshare/2845.mat,MR048944,5,1,Gliom,1,Gliom,evet,0.19041,0.635941,0.173649
2845,2846,brain_tumor_figshare/2846.mat,MR048994,2,1,Gliom,1,Gliom,evet,0.340341,0.587038,0.072621
2846,2847,brain_tumor_figshare/2847.mat,MR048994,2,1,Gliom,1,Gliom,evet,0.277175,0.638236,0.084589
2847,2848,brain_tumor_figshare/2848.mat,MR048994,2,1,Gliom,1,Gliom,evet,0.258926,0.663533,0.077541
2848,2849,brain_tumor_figshare/2849.mat,MR048994,2,1,Gliom,1,Gliom,evet,0.231833,0.71,0.058167
2849,2850,brain_tumor_figshare/2850.mat,MR048994,2,1,Gliom,1,Gliom,evet,0.231034,0.720636,0.048331
2850,2851,brain_tumor_figshare/2851.mat,MR048994,2,1,Gliom,1,Gliom,evet,0.265848,0.674322,0.059831
2851,2852,brain_tumor_figshare/2852.mat,MR048994,2,1,Gliom,1,Gliom,evet,0.245265,0.720013,0.034722
2852,2853,brain_tumor_figshare/2853.mat,MR048994,2,1,Gliom,1,Gliom,evet,0.211357,0.776033,0.01261
2853,2854,brain_tumor_figshare/2854.mat,MR049104,1,1,Gliom,1,Gliom,evet,0.03677,0.779684,0.183547
2854,2855,brain_tumor_figshare/2855.mat,MR049104,1,1,Gliom,1,Gliom,evet,0.0471,0.756695,0.196205
2855,2856,brain_tumor_figshare/2856.mat,MR049104,1,1,Gliom,1,Gliom,evet,0.046985,0.851255,0.10176
2856,2857,brain_tumor_figshare/2857.mat,MR049104,1,1,Gliom,1,Gliom,evet,0.03724,0.883248,0.079512
2857,2858,brain_tumor_figshare/2858.mat,MR049142,5,1,Gliom,1,Gliom,evet,0.229249,0.540475,0.230276
2858,2859,brain_tumor_figshare/2859.mat,MR049142,5,1,Gliom,1,Gliom,evet,0.130694,0.648135,0.221172
2859,2860,brain_tumor_figshare/2860.mat,MR049142,5,1,Gliom,1,Gliom,evet,0.09785,0.782275,0.119875
2860,2861,brain_tumor_figshare/2861.mat,MR048994B,4,1,Gliom,1,Gliom,evet,0.080342,0.859673,0.059985
2861,2862,brain_tumor_figshare/2862.mat,MR048994B,4,1,Gliom,1,Gliom,evet,0.068469,0.911338,0.020193
2862,2863,brain_tumor_figshare/2863.mat,MR048994B,4,1,Gliom,1,Gliom,evet,0.165482,0.790751,0.043767
2863,2864,brain_tumor_figshare/2864.mat,MR048994B,4,1,Gliom,1,Gliom,evet,0.143087,0.817251,0.039662
2864,2865,brain_tumor_figshare/2865.mat,MR048994B,4,1,Gliom,1,Gliom,evet,0.355699,0.59818,0.046121
2865,2866,brain_tumor_figshare/2866.mat,MR049358,3,1,Gliom,0,Meningiom,hayır,0.641838,0.346465,0.011697
2866,2867,brain_tumor_figshare/2867.mat,MR049358,3,1,Gliom,1,Gliom,evet,0.092325,0.894677,0.012999
2867,2868,brain_tumor_figshare/2868.mat,MR049358,3,1,Gliom,1,Gliom,evet,0.034759,0.592568,0.372672
2868,2869,brain_tumor_figshare/2869.mat,MR049358,3,1,Gliom,1,Gliom,evet,0.000564,0.741345,0.258091
2869,2870,brain_tumor_figshare/2870.mat,MR049358,3,1,Gliom,1,Gliom,evet,0.000312,0.923367,0.076321
2870,2871,brain_tumor_figshare/2871.mat,MR049358,3,1,Gliom,1,Gliom,evet,0.000828,0.976414,0.022758
2871,2872,brain_tumor_figshare/2872.mat,MR049358,3,1,Gliom,1,Gliom,evet,0.017075,0.963734,0.019192
2872,2873,brain_tumor_figshare/2873.mat,MR049104B,3,1,Gliom,2,Hipofiz tümörü,hayır,0.046665,0.003738,0.949596
2873,2874,brain_tumor_figshare/2874.mat,MR049104B,3,1,Gliom,2,Hipofiz tümörü,hayır,0.052064,0.003041,0.944895
2874,2875,brain_tumor_figshare/2875.mat,MR049104B,3,1,Gliom,2,Hipofiz tümörü,hayır,0.006482,0.007759,0.985759
2875,2876,brain_tumor_figshare/2876.mat,MR049453,2,1,Gliom,2,Hipofiz tümörü,hayır,0.054396,0.074771,0.870832
2876,2877,brain_tumor_figshare/2877.mat,MR049453,2,1,Gliom,2,Hipofiz tümörü,hayır,0.072516,0.135525,0.791959
2877,2878,brain_tumor_figshare/2878.mat,MR049453,2,1,Gliom,2,Hipofiz tümörü,hayır,0.081224,0.267765,0.651011
2878,2879,brain_tumor_figshare/2879.mat,MR049453,2,1,Gliom,1,Gliom,evet,0.075554,0.597862,0.326584
2879,2880,brain_tumor_figshare/2880.mat,MR049453,2,1,Gliom,1,Gliom,evet,0.08428,0.540605,0.375115
2880,2881,brain_tumor_figshare/2881.mat,MR049453,2,1,Gliom,1,Gliom,evet,0.101584,0.666602,0.231814
2881,2882,brain_tumor_figshare/2882.mat,MR049453,2,1,Gliom,1,Gliom,evet,0.13556,0.796026,0.068414
2882,2883,brain_tumor_figshare/2883.mat,MR049453,2,1,Gliom,1,Gliom,evet,0.15115,0.808534,0.040316
2883,2884,brain_tumor_figshare/2884.mat,MR049453,2,1,Gliom,1,Gliom,evet,0.237284,0.710302,0.052414
2884,2885,brain_tumor_figshare/2885.mat,MR024780G,1,1,Gliom,1,Gliom,evet,0.15726,0.726797,0.115943
2885,2886,brain_tumor_figshare/2886.mat,MR024780G,1,1,Gliom,1,Gliom,evet,0.428894,0.510669,0.060437
2886,2887,brain_tumor_figshare/2887.mat,MR024780G,1,1,Gliom,1,Gliom,evet,0.241707,0.727776,0.030518
2887,2888,brain_tumor_figshare/2888.mat,MR024780G,1,1,Gliom,1,Gliom,evet,0.227821,0.70314,0.069038
2888,2889,brain_tumor_figshare/2889.mat,MR024780G,1,1,Gliom,1,Gliom,evet,0.442622,0.483464,0.073914
2889,2890,brain_tumor_figshare/2890.mat,MR024780G,1,1,Gliom,0,Meningiom,hayır,0.742959,0.24388,0.013162
2890,2891,brain_tumor_figshare/2891.mat,MR050135B,2,1,Gliom,0,Meningiom,hayır,0.42819,0.422226,0.149584
2891,2892,brain_tumor_figshare/2892.mat,MR050135B,2,1,Gliom,1,Gliom,evet,0.289491,0.623272,0.087237
2892,2893,brain_tumor_figshare/2893.mat,MR050135B,2,1,Gliom,1,Gliom,evet,0.193741,0.70151,0.104749
2893,2894,brain_tumor_figshare/2894.mat,MR050135B,2,1,Gliom,1,Gliom,evet,0.146306,0.68662,0.167073
2894,2895,brain_tumor_figshare/2895.mat,MR050135B,2,1,Gliom,1,Gliom,evet,0.09237,0.73229,0.17534
2895,2896,brain_tumor_figshare/2896.mat,MR050135B,2,1,Gliom,1,Gliom,evet,0.102107,0.613868,0.284025
2896,2897,brain_tumor_figshare/2897.mat,MR050135B,2,1,Gliom,1,Gliom,evet,0.116191,0.571373,0.312436
2897,2898,brain_tumor_figshare/2898.mat,MR050135B,2,1,Gliom,1,Gliom,evet,0.098309,0.636734,0.264957
2898,2899,brain_tumor_figshare/2899.mat,MR050135B,2,1,Gliom,1,Gliom,evet,0.096231,0.628978,0.274791
2899,2900,brain_tumor_figshare/2900.mat,MR050687,1,1,Gliom,1,Gliom,evet,0.081337,0.889573,0.02909
2900,2901,brain_tumor_figshare/2901.mat,MR050687,1,1,Gliom,1,Gliom,evet,0.11178,0.866953,0.021267
2901,2902,brain_tumor_figshare/2902.mat,MR050687,1,1,Gliom,1,Gliom,evet,0.430161,0.538858,0.030981
2902,2903,brain_tumor_figshare/2903.mat,MR050687,1,1,Gliom,0,Meningiom,hayır,0.740757,0.228087,0.031156
2903,2904,brain_tumor_figshare/2904.mat,MR050687,1,1,Gliom,0,Meningiom,hayır,0.587304,0.378342,0.034354
2904,2905,brain_tumor_figshare/2905.mat,MR050687,1,1,Gliom,1,Gliom,evet,0.369537,0.566692,0.063771
2905,2906,brain_tumor_figshare/2906.mat,MR050791B,4,1,Gliom,1,Gliom,evet,0.414988,0.566042,0.018971
2906,2907,brain_tumor_figshare/2907.mat,MR050791B,4,1,Gliom,1,Gliom,evet,0.189531,0.78637,0.024099
2907,2908,brain_tumor_figshare/2908.mat,MR050791B,4,1,Gliom,1,Gliom,evet,0.251058,0.71509,0.033853
2908,2909,brain_tumor_figshare/2909.mat,MR050791B,4,1,Gliom,1,Gliom,evet,0.10074,0.856884,0.042376
2909,2910,brain_tumor_figshare/2910.mat,MR050791B,4,1,Gliom,1,Gliom,evet,0.04538,0.856336,0.098284
2910,2911,brain_tumor_figshare/2911.mat,MR050791B,4,1,Gliom,1,Gliom,evet,0.111031,0.692029,0.19694
2911,2912,brain_tumor_figshare/2912.mat,MR050791B,4,1,Gliom,1,Gliom,evet,0.284399,0.398153,0.317449
2912,2913,brain_tumor_figshare/2913.mat,MR050791B,4,1,Gliom,1,Gliom,evet,0.24507,0.550653,0.204277
2913,2914,brain_tumor_figshare/2914.mat,MR049019C,4,1,Gliom,1,Gliom,evet,0.038753,0.913514,0.047734
2914,2915,brain_tumor_figshare/2915.mat,MR049019C,4,1,Gliom,1,Gliom,evet,0.088849,0.859512,0.051639
2915,2916,brain_tumor_figshare/2916.mat,MR049019C,4,1,Gliom,1,Gliom,evet,0.077457,0.890234,0.032308
2916,2917,brain_tumor_figshare/2917.mat,MR049019C,4,1,Gliom,1,Gliom,evet,0.156643,0.77129,0.072067
2917,2918,brain_tumor_figshare/2918.mat,MR051461,2,1,Gliom,1,Gliom,evet,0.314787,0.638156,0.047058
2918,2919,brain_tumor_figshare/2919.mat,MR051461,2,1,Gliom,1,Gliom,evet,0.310159,0.635691,0.054151
2919,2920,brain_tumor_figshare/2920.mat,MR051461,2,1,Gliom,1,Gliom,evet,0.381291,0.56926,0.049449
2920,2921,brain_tumor_figshare/2921.mat,MR051461,2,1,Gliom,1,Gliom,evet,0.425299,0.517157,0.057544
2921,2922,brain_tumor_figshare/2922.mat,MR051461,2,1,Gliom,1,Gliom,evet,0.439816,0.490463,0.069721
2922,2923,brain_tumor_figshare/2923.mat,MR051461,2,1,Gliom,1,Gliom,evet,0.37927,0.494542,0.126188
2923,2924,brain_tumor_figshare/2924.mat,MR051461,2,1,Gliom,1,Gliom,evet,0.282438,0.611584,0.105978
2924,2925,brain_tumor_figshare/2925.mat,MR051586,5,1,Gliom,1,Gliom,evet,0.400531,0.593579,0.005891
2925,2926,brain_tumor_figshare/2926.mat,MR051586,5,1,Gliom,1,Gliom,evet,0.152789,0.778964,0.068248
2926,2927,brain_tumor_figshare/2927.mat,MR051586,5,1,Gliom,1,Gliom,evet,0.145724,0.788477,0.0658
2927,2928,brain_tumor_figshare/2928.mat,MR051586,5,1,Gliom,1,Gliom,evet,0.16645,0.755224,0.078326
2928,2929,brain_tumor_figshare/2929.mat,MR051586,5,1,Gliom,1,Gliom,evet,0.110795,0.842184,0.047021
2929,2930,brain_tumor_figshare/2930.mat,MR051586,5,1,Gliom,1,Gliom,evet,0.204023,0.758282,0.037695
2930,2931,brain_tumor_figshare/2931.mat,MR051586,5,1,Gliom,1,Gliom,evet,0.12176,0.846945,0.031295
2931,2932,brain_tumor_figshare/2932.mat,MR051586,5,1,Gliom,1,Gliom,evet,0.076204,0.821129,0.102667
2932,2933,brain_tumor_figshare/2933.mat,MR051586,5,1,Gliom,1,Gliom,evet,0.106512,0.771112,0.122376
2933,2934,brain_tumor_figshare/2934.mat,MR051644,4,1,Gliom,0,Meningiom,hayır,0.578726,0.323476,0.097798
2934,2935,brain_tumor_figshare/2935.mat,MR051644,4,1,Gliom,0,Meningiom,hayır,0.419353,0.339703,0.240944
2935,2936,brain_tumor_figshare/2936.mat,MR051644,4,1,Gliom,1,Gliom,evet,0.207978,0.608701,0.183321
2936,2937,brain_tumor_figshare/2937.mat,MR051644,4,1,Gliom,1,Gliom,evet,0.304723,0.379779,0.315498
2937,2938,brain_tumor_figshare/2938.mat,MR051644,4,1,Gliom,0,Meningiom,hayır,0.408211,0.400932,0.190856
2938,2939,brain_tumor_figshare/2939.mat,MR051644,4,1,Gliom,1,Gliom,evet,0.414047,0.510979,0.074974
2939,2940,brain_tumor_figshare/2940.mat,MR051644,4,1,Gliom,1,Gliom,evet,0.30045,0.661768,0.037782
2940,2941,brain_tumor_figshare/2941.mat,MR051644,4,1,Gliom,1,Gliom,evet,0.314263,0.636231,0.049506
2941,2942,brain_tumor_figshare/2942.mat,MR051644,4,1,Gliom,1,Gliom,evet,0.159354,0.811382,0.029265
2942,2943,brain_tumor_figshare/2943.mat,MR051644,4,1,Gliom,1,Gliom,evet,0.12285,0.856106,0.021044
2943,2944,brain_tumor_figshare/2944.mat,MR051651,1,1,Gliom,0,Meningiom,hayır,0.532515,0.431755,0.03573
2944,2945,brain_tumor_figshare/2945.mat,MR051651,1,1,Gliom,1,Gliom,evet,0.435192,0.542535,0.022273
2945,2946,brain_tumor_figshare/2946.mat,MR051651,1,1,Gliom,1,Gliom,evet,0.264377,0.716193,0.01943
2946,2947,brain_tumor_figshare/2947.mat,MR051651,1,1,Gliom,1,Gliom,evet,0.338864,0.644864,0.016272
2947,2948,brain_tumor_figshare/2948.mat,MR051796,4,1,Gliom,2,Hipofiz tümörü,hayır,0.063564,0.332014,0.604421
2948,2949,brain_tumor_figshare/2949.mat,MR051796,4,1,Gliom,1,Gliom,evet,0.071782,0.560167,0.368051
2949,2950,brain_tumor_figshare/2950.mat,MR051796,4,1,Gliom,1,Gliom,evet,0.068528,0.772372,0.1591
2950,2951,brain_tumor_figshare/2951.mat,MR051796,4,1,Gliom,1,Gliom,evet,0.134099,0.694333,0.171568
2951,2952,brain_tumor_figshare/2952.mat,MR051796,4,1,Gliom,1,Gliom,evet,0.161201,0.610881,0.227918
2952,2953,brain_tumor_figshare/2953.mat,MR051796,4,1,Gliom,1,Gliom,evet,0.171419,0.782765,0.045816
2953,2954,brain_tumor_figshare/2954.mat,MR051796,4,1,Gliom,1,Gliom,evet,0.114543,0.87715,0.008307
2954,2955,brain_tumor_figshare/2955.mat,MR051651B,3,1,Gliom,1,Gliom,evet,0.308216,0.586726,0.105058
2955,2956,brain_tumor_figshare/2956.mat,MR051651B,3,1,Gliom,1,Gliom,evet,0.216168,0.708484,0.075347
2956,2957,brain_tumor_figshare/2957.mat,MR051651B,3,1,Gliom,1,Gliom,evet,0.174411,0.733912,0.091677
2957,2958,brain_tumor_figshare/2958.mat,MR051651B,3,1,Gliom,1,Gliom,evet,0.180771,0.794048,0.025181
2958,2959,brain_tumor_figshare/2959.mat,MR051651B,3,1,Gliom,1,Gliom,evet,0.103144,0.885373,0.011483
2959,2960,brain_tumor_figshare/2960.mat,MR051651B,3,1,Gliom,1,Gliom,evet,0.275795,0.689575,0.034631
2960,2961,brain_tumor_figshare/2961.mat,MR051644B,3,1,Gliom,2,Hipofiz tümörü,hayır,0.002732,0.070077,0.92719
2961,2962,brain_tumor_figshare/2962.mat,MR051644B,3,1,Gliom,2,Hipofiz tümörü,hayır,0.002564,0.018364,0.979072
2962,2963,brain_tumor_figshare/2963.mat,MR051644B,3,1,Gliom,2,Hipofiz tümörü,hayır,0.004077,0.01269,0.983234
2963,2964,brain_tumor_figshare/2964.mat,MR051644B,3,1,Gliom,2,Hipofiz tümörü,hayır,0.00512,0.032416,0.962464
2964,2965,brain_tumor_figshare/2965.mat,MR051644B,3,1,Gliom,2,Hipofiz tümörü,hayır,0.006017,0.067022,0.926961
2965,2966,brain_tumor_figshare/2966.mat,MR051644B,3,1,Gliom,2,Hipofiz tümörü,hayır,0.033988,0.043277,0.922735
2966,2967,brain_tumor_figshare/2967.mat,MR051644B,3,1,Gliom,2,Hipofiz tümörü,hayır,0.010531,0.0801,0.909369
2967,2968,brain_tumor_figshare/2968.mat,MR051644B,3,1,Gliom,2,Hipofiz tümörü,hayır,0.04704,0.179704,0.773256
2968,2969,brain_tumor_figshare/2969.mat,MR051644B,3,1,Gliom,1,Gliom,evet,0.047412,0.612394,0.340194
2969,2970,brain_tumor_figshare/2970.mat,MR051796B,5,1,Gliom,1,Gliom,evet,0.258813,0.509309,0.231878
2970,2971,brain_tumor_figshare/2971.mat,MR051796B,5,1,Gliom,0,Meningiom,hayır,0.518117,0.391532,0.090351
2971,2972,brain_tumor_figshare/2972.mat,MR051796B,5,1,Gliom,1,Gliom,evet,0.28834,0.625809,0.08585
2972,2973,brain_tumor_figshare/2973.mat,MR051796B,5,1,Gliom,1,Gliom,evet,0.282285,0.612405,0.10531
2973,2974,brain_tumor_figshare/2974.mat,MR051796B,5,1,Gliom,1,Gliom,evet,0.262467,0.634189,0.103345
2974,2975,brain_tumor_figshare/2975.mat,MR052550,1,1,Gliom,1,Gliom,evet,0.346606,0.550868,0.102525
2975,2976,brain_tumor_figshare/2976.mat,MR052550,1,1,Gliom,1,Gliom,evet,0.22819,0.669156,0.102654
2976,2977,brain_tumor_figshare/2977.mat,MR052550,1,1,Gliom,1,Gliom,evet,0.261283,0.642981,0.095736
2977,2978,brain_tumor_figshare/2978.mat,MR052550,1,1,Gliom,1,Gliom,evet,0.26967,0.639633,0.090696
2978,2979,brain_tumor_figshare/2979.mat,MR052550,1,1,Gliom,1,Gliom,evet,0.392408,0.491075,0.116517
2979,2980,brain_tumor_figshare/2980.mat,MR052550,1,1,Gliom,1,Gliom,evet,0.362851,0.514231,0.122918
2980,2981,brain_tumor_figshare/2981.mat,MR052550,1,1,Gliom,1,Gliom,evet,0.384052,0.47596,0.139988
2981,2982,brain_tumor_figshare/2982.mat,MR052550,1,1,Gliom,1,Gliom,evet,0.28425,0.608971,0.106779
2982,2983,brain_tumor_figshare/2983.mat,MR051644C,4,1,Gliom,1,Gliom,evet,0.038154,0.925336,0.036511
2983,2984,brain_tumor_figshare/2984.mat,MR051644C,4,1,Gliom,1,Gliom,evet,0.069781,0.860515,0.069704
2984,2985,brain_tumor_figshare/2985.mat,MR051644C,4,1,Gliom,1,Gliom,evet,0.163279,0.707697,0.129024
2985,2986,brain_tumor_figshare/2986.mat,MR051644C,4,1,Gliom,1,Gliom,evet,0.217375,0.612926,0.169699
2986,2987,brain_tumor_figshare/2987.mat,MR051644C,4,1,Gliom,1,Gliom,evet,0.173204,0.673656,0.153141
2987,2988,brain_tumor_figshare/2988.mat,MR051644C,4,1,Gliom,1,Gliom,evet,0.150632,0.772349,0.077019
2988,2989,brain_tumor_figshare/2989.mat,MR051644C,4,1,Gliom,1,Gliom,evet,0.085628,0.862589,0.051782
2989,2990,brain_tumor_figshare/2990.mat,MR051644C,4,1,Gliom,1,Gliom,evet,0.090476,0.800718,0.108806
2990,2991,brain_tumor_figshare/2991.mat,MR051644C,4,1,Gliom,1,Gliom,evet,0.079143,0.77205,0.148807
2991,2992,brain_tumor_figshare/2992.mat,MR051644C,4,1,Gliom,1,Gliom,evet,0.020877,0.884385,0.094738
2992,2993,brain_tumor_figshare/2993.mat,MR049942B,3,1,Gliom,1,Gliom,evet,0.047668,0.836599,0.115732
2993,2994,brain_tumor_figshare/2994.mat,MR049942B,3,1,Gliom,1,Gliom,evet,0.14501,0.504306,0.350684
2994,2995,brain_tumor_figshare/2995.mat,MR049942B,3,1,Gliom,1,Gliom,evet,0.047626,0.810008,0.142366
2995,2996,brain_tumor_figshare/2996.mat,MR052585B,5,1,Gliom,1,Gliom,evet,0.085543,0.836714,0.077743
2996,2997,brain_tumor_figshare/2997.mat,MR052585B,5,1,Gliom,1,Gliom,evet,0.038736,0.895173,0.066091
2997,2998,brain_tumor_figshare/2998.mat,MR052585B,5,1,Gliom,1,Gliom,evet,0.06802,0.865897,0.066084
2998,2999,brain_tumor_figshare/2999.mat,MR053110B,1,1,Gliom,1,Gliom,evet,0.168243,0.725694,0.106063
2999,3000,brain_tumor_figshare/3000.mat,MR053110B,1,1,Gliom,0,Meningiom,hayır,0.499524,0.427238,0.073238
3000,3001,brain_tumor_figshare/3001.mat,MR053110B,1,1,Gliom,0,Meningiom,hayır,0.786582,0.188149,0.025269
3001,3002,brain_tumor_figshare/3002.mat,MR053110B,1,1,Gliom,0,Meningiom,hayır,0.603611,0.319082,0.077307
3002,3003,brain_tumor_figshare/3003.mat,MR053110B,1,1,Gliom,1,Gliom,evet,0.130266,0.850914,0.01882
3003,3004,brain_tumor_figshare/3004.mat,MR053110B,1,1,Gliom,1,Gliom,evet,0.208174,0.783093,0.008733
3004,3005,brain_tumor_figshare/3005.mat,MR034694,2,1,Gliom,2,Hipofiz tümörü,hayır,0.025255,0.007977,0.966769
3005,3006,brain_tumor_figshare/3006.mat,MR034694,2,1,Gliom,2,Hipofiz tümörü,hayır,0.027026,0.01749,0.955484
3006,3007,brain_tumor_figshare/3007.mat,MR034694,2,1,Gliom,2,Hipofiz tümörü,hayır,0.076638,0.071536,0.851826
3007,3008,brain_tumor_figshare/3008.mat,MR034694,2,1,Gliom,2,Hipofiz tümörü,hayır,0.071454,0.232317,0.696229
3008,3009,brain_tumor_figshare/3009.mat,MR054875,1,1,Gliom,1,Gliom,evet,0.121571,0.80743,0.070999
3009,3010,brain_tumor_figshare/3010.mat,MR054875,1,1,Gliom,1,Gliom,evet,0.080926,0.844516,0.074559
3010,3011,brain_tumor_figshare/3011.mat,MR054875,1,1,Gliom,1,Gliom,evet,0.3388,0.59677,0.06443
3011,3012,brain_tumor_figshare/3012.mat,MR054875,1,1,Gliom,0,Meningiom,hayır,0.512819,0.459432,0.027749
3012,3013,brain_tumor_figshare/3013.mat,MR054875,1,1,Gliom,1,Gliom,evet,0.460829,0.51741,0.021762
3013,3014,brain_tumor_figshare/3014.mat,MR050687C,5,1,Gliom,1,Gliom,evet,0.194092,0.774814,0.031093
3014,3015,brain_tumor_figshare/3015.mat,MR050687C,5,1,Gliom,0,Meningiom,hayır,0.490376,0.421773,0.087851
3015,3016,brain_tumor_figshare/3016.mat,MR050687C,5,1,Gliom,0,Meningiom,hayır,0.748404,0.207586,0.04401
3016,3017,brain_tumor_figshare/3017.mat,MR050687C,5,1,Gliom,1,Gliom,evet,0.418115,0.540322,0.041563
3017,3018,brain_tumor_figshare/3018.mat,MR050687C,5,1,Gliom,1,Gliom,evet,0.121194,0.854479,0.024327
3018,3019,brain_tumor_figshare/3019.mat,MR050687C,5,1,Gliom,1,Gliom,evet,0.039631,0.939789,0.02058
3019,3020,brain_tumor_figshare/3020.mat,MR056144,5,1,Gliom,0,Meningiom,hayır,0.677868,0.076031,0.246101
3020,3021,brain_tumor_figshare/3021.mat,MR056144,5,1,Gliom,0,Meningiom,hayır,0.612489,0.075776,0.311735
3021,3022,brain_tumor_figshare/3022.mat,MR034997,3,1,Gliom,1,Gliom,evet,0.401947,0.552639,0.045414
3022,3023,brain_tumor_figshare/3023.mat,MR034997,3,1,Gliom,0,Meningiom,hayır,0.918602,0.079749,0.00165
3023,3024,brain_tumor_figshare/3024.mat,MR034997,3,1,Gliom,0,Meningiom,hayır,0.982187,0.016249,0.001563
3024,3025,brain_tumor_figshare/3025.mat,MR034997,3,1,Gliom,0,Meningiom,hayır,0.667791,0.315853,0.016356
3025,3026,brain_tumor_figshare/3026.mat,MR034997,3,1,Gliom,1,Gliom,evet,0.071929,0.886438,0.041633
3026,3027,brain_tumor_figshare/3027.mat,MR034997,3,1,Gliom,1,Gliom,evet,0.005759,0.909666,0.084575
3027,3028,brain_tumor_figshare/3028.mat,MR034997,3,1,Gliom,1,Gliom,evet,0.004945,0.953991,0.041064
3028,3029,brain_tumor_figshare/3029.mat,MR029209E,5,1,Gliom,1,Gliom,evet,0.146851,0.785016,0.068133
3029,3030,brain_tumor_figshare/3030.mat,53669,5,0,Meningiom,1,Gliom,hayır,0.075678,0.533504,0.390818
3030,3031,brain_tumor_figshare/3031.mat,MR033389B,4,1,Gliom,0,Meningiom,hayır,0.438212,0.254723,0.307065
3031,3032,brain_tumor_figshare/3032.mat,MR033389B,4,1,Gliom,0,Meningiom,hayır,0.467022,0.379137,0.153842
3032,3033,brain_tumor_figshare/3033.mat,MR033389B,4,1,Gliom,2,Hipofiz tümörü,hayır,0.060145,0.235377,0.704478
3033,3034,brain_tumor_figshare/3034.mat,MR033389B,4,1,Gliom,2,Hipofiz tümörü,hayır,0.038079,0.032341,0.92958
3034,3035,brain_tumor_figshare/3035.mat,MR033389B,4,1,Gliom,2,Hipofiz tümörü,hayır,0.019173,0.002382,0.978446
3035,3036,brain_tumor_figshare/3036.mat,MR033389B,4,1,Gliom,2,Hipofiz tümörü,hayır,0.024779,0.013946,0.961275
3036,3037,brain_tumor_figshare/3037.mat,MR033389B,4,1,Gliom,2,Hipofiz tümörü,hayır,0.076273,0.056514,0.867213
3037,3038,brain_tumor_figshare/3038.mat,MR033389B,4,1,Gliom,2,Hipofiz tümörü,hayır,0.108177,0.231842,0.659981
3038,3039,brain_tumor_figshare/3039.mat,MR024780E,4,1,Gliom,1,Gliom,evet,0.087161,0.894883,0.017957
3039,3040,brain_tumor_figshare/3040.mat,MR024780E,4,1,Gliom,1,Gliom,evet,0.171504,0.820958,0.007538
3040,3041,brain_tumor_figshare/3041.mat,MR024780E,4,1,Gliom,1,Gliom,evet,0.110752,0.88186,0.007388
3041,3042,brain_tumor_figshare/3042.mat,MR040240C,2,1,Gliom,0,Meningiom,hayır,0.565938,0.293663,0.140398
3042,3043,brain_tumor_figshare/3043.mat,MR040240C,2,1,Gliom,0,Meningiom,hayır,0.582789,0.285833,0.131378
3043,3044,brain_tumor_figshare/3044.mat,MR040240C,2,1,Gliom,1,Gliom,evet,0.437811,0.440892,0.121297
3044,3045,brain_tumor_figshare/3045.mat,MR040240C,2,1,Gliom,0,Meningiom,hayır,0.534726,0.338439,0.126835
3045,3046,brain_tumor_figshare/3046.mat,MR040240C,2,1,Gliom,0,Meningiom,hayır,0.638411,0.27546,0.08613
3046,3047,brain_tumor_figshare/3047.mat,MR040240D,4,1,Gliom,1,Gliom,evet,0.05414,0.832823,0.113037
3047,3048,brain_tumor_figshare/3048.mat,MR040240D,4,1,Gliom,1,Gliom,evet,0.02494,0.913443,0.061616
3048,3049,brain_tumor_figshare/3049.mat,MR017260F,2,1,Gliom,1,Gliom,evet,0.237557,0.714115,0.048327
3049,3050,brain_tumor_figshare/3050.mat,MR017260F,2,1,Gliom,1,Gliom,evet,0.22635,0.741702,0.031947
3050,3051,brain_tumor_figshare/3051.mat,MR017260F,2,1,Gliom,1,Gliom,evet,0.195838,0.751918,0.052243
3051,3052,brain_tumor_figshare/3052.mat,MR017260F,2,1,Gliom,1,Gliom,evet,0.24215,0.623582,0.134268
3052,3053,brain_tumor_figshare/3053.mat,MR017260F,2,1,Gliom,1,Gliom,evet,0.22042,0.649615,0.129965
3053,3054,brain_tumor_figshare/3054.mat,MR017260F,2,1,Gliom,1,Gliom,evet,0.163083,0.71521,0.121707
3054,3055,brain_tumor_figshare/3055.mat,MR017260F,2,1,Gliom,1,Gliom,evet,0.144133,0.71875,0.137117
3055,3056,brain_tumor_figshare/3056.mat,MR029209I,4,1,Gliom,1,Gliom,evet,0.285581,0.705059,0.009361
3056,3057,brain_tumor_figshare/3057.mat,MR029209I,4,1,Gliom,1,Gliom,evet,0.404669,0.571029,0.024302
3057,3058,brain_tumor_figshare/3058.mat,MR029209I,4,1,Gliom,1,Gliom,evet,0.281668,0.522615,0.195717
3058,3059,brain_tumor_figshare/3059.mat,MR029209I,4,1,Gliom,1,Gliom,evet,0.31537,0.568854,0.115776
3059,3060,brain_tumor_figshare/3060.mat,MR029209I,4,1,Gliom,1,Gliom,evet,0.209685,0.672488,0.117827
3060,3061,brain_tumor_figshare/3061.mat,MR029209I,4,1,Gliom,1,Gliom,evet,0.107441,0.732693,0.159865
3061,3062,brain_tumor_figshare/3062.mat,MR029209I,4,1,Gliom,1,Gliom,evet,0.121275,0.71909,0.159635
3062,3063,brain_tumor_figshare/3063.mat,95969,2,0,Meningiom,1,Gliom,hayır,0.290637,0.681813,0.02755
3063,3064,brain_tumor_figshare/3064.mat,88510,1,0,Meningiom,0,Meningiom,evet,0.772847,0.218429,0.008724
