satir,goruntu_no,dosya,hasta,kat,gercek_etiket_no,gercek_etiket,tahmin_no,tahmin,dogru_mu,olasilik_Meningiom,olasilik_Gliom,olasilik_Hipofiz tümörü
0,1,brain_tumor_figshare/1.mat,100360,5,0,Meningiom,1,Gliom,hayır,0.000927,0.999032,4.1e-05
1,2,brain_tumor_figshare/2.mat,100360,5,0,Meningiom,1,Gliom,hayır,0.386809,0.612517,0.000674
2,3,brain_tumor_figshare/3.mat,100360,5,0,Meningiom,1,Gliom,hayır,0.128504,0.871364,0.000132
3,4,brain_tumor_figshare/4.mat,100360,5,0,Meningiom,1,Gliom,hayır,0.019794,0.980171,3.4e-05
4,5,brain_tumor_figshare/5.mat,100360,5,0,Meningiom,1,Gliom,hayır,0.277366,0.722459,0.000175
5,6,brain_tumor_figshare/6.mat,100572,3,0,Meningiom,1,Gliom,hayır,0.077949,0.921809,0.000242
6,7,brain_tumor_figshare/7.mat,100572,3,0,Meningiom,1,Gliom,hayır,0.133235,0.865371,0.001394
7,8,brain_tumor_figshare/8.mat,100572,3,0,Meningiom,1,Gliom,hayır,0.078757,0.919439,0.001804
8,9,brain_tumor_figshare/9.mat,101016,4,0,Meningiom,2,Hipofiz tümörü,hayır,0.03757,0.230316,0.732114
9,10,brain_tumor_figshare/10.mat,101016,4,0,Meningiom,1,Gliom,hayır,0.042978,0.938454,0.018568
10,11,brain_tumor_figshare/11.mat,101016,4,0,Meningiom,0,Meningiom,evet,0.544228,0.410704,0.045068
11,12,brain_tumor_figshare/12.mat,101016,4,0,Meningiom,1,Gliom,hayır,0.37395,0.618535,0.007515
12,13,brain_tumor_figshare/13.mat,101016,4,0,Meningiom,1,Gliom,hayır,0.138581,0.852874,0.008545
13,14,brain_tumor_figshare/14.mat,101016,4,0,Meningiom,1,Gliom,hayır,0.111195,0.867131,0.021674
14,15,brain_tumor_figshare/15.mat,101016,4,0,Meningiom,1,Gliom,hayır,0.03183,0.965938,0.002233
15,16,brain_tumor_figshare/16.mat,101127,4,0,Meningiom,2,Hipofiz tümörü,hayır,0.00023,0.001919,0.99785
16,17,brain_tumor_figshare/17.mat,101127,4,0,Meningiom,2,Hipofiz tümörü,hayır,0.067246,0.063045,0.869709
17,18,brain_tumor_figshare/18.mat,101127,4,0,Meningiom,2,Hipofiz tümörü,hayır,0.069184,0.024427,0.906389
18,19,brain_tumor_figshare/19.mat,101127,4,0,Meningiom,2,Hipofiz tümörü,hayır,0.071703,0.072036,0.856262
19,20,brain_tumor_figshare/20.mat,101797,5,0,Meningiom,1,Gliom,hayır,0.445655,0.547634,0.006711
20,21,brain_tumor_figshare/21.mat,101797,5,0,Meningiom,0,Meningiom,evet,0.830463,0.165373,0.004164
21,22,brain_tumor_figshare/22.mat,101797,5,0,Meningiom,0,Meningiom,evet,0.815239,0.179665,0.005095
22,23,brain_tumor_figshare/23.mat,101797,5,0,Meningiom,2,Hipofiz tümörü,hayır,0.212509,0.244806,0.542685
23,24,brain_tumor_figshare/24.mat,102420,1,0,Meningiom,1,Gliom,hayır,0.078532,0.921295,0.000173
24,25,brain_tumor_figshare/25.mat,102420,1,0,Meningiom,1,Gliom,hayır,0.000757,0.999195,4.7e-05
25,26,brain_tumor_figshare/26.mat,102446,3,0,Meningiom,1,Gliom,hayır,0.110657,0.623942,0.265401
26,27,brain_tumor_figshare/27.mat,102675,1,0,Meningiom,1,Gliom,hayır,0.362269,0.637253,0.000478
27,28,brain_tumor_figshare/28.mat,102714,5,0,Meningiom,1,Gliom,hayır,0.122185,0.877212,0.000602
28,29,brain_tumor_figshare/29.mat,102714,5,0,Meningiom,1,Gliom,hayır,0.307382,0.688064,0.004554
29,30,brain_tumor_figshare/30.mat,102714,5,0,Meningiom,1,Gliom,hayır,0.03201,0.966713,0.001276
30,31,brain_tumor_figshare/31.mat,102714,5,0,Meningiom,1,Gliom,hayır,0.216386,0.781712,0.001902
31,32,brain_tumor_figshare/32.mat,102929,2,0,Meningiom,2,Hipofiz tümörü,hayır,0.109537,0.072359,0.818104
32,33,brain_tumor_figshare/33.mat,102929,2,0,Meningiom,2,Hipofiz tümörü,hayır,0.021808,0.053733,0.924459
33,34,brain_tumor_figshare/34.mat,102935,1,0,Meningiom,0,Meningiom,evet,0.579394,0.41315,0.007456
34,35,brain_tumor_figshare/35.mat,102985,4,0,Meningiom,1,Gliom,hayır,0.051832,0.921818,0.026351
35,36,brain_tumor_figshare/36.mat,103673,5,0,Meningiom,2,Hipofiz tümörü,hayır,0.008817,0.014643,0.976541
36,37,brain_tumor_figshare/37.mat,103673,5,0,Meningiom,2,Hipofiz tümörü,hayır,0.000362,0.000885,0.998753
37,38,brain_tumor_figshare/38.mat,103673,5,0,Meningiom,2,Hipofiz tümörü,hayır,0.021607,0.066883,0.911509
38,39,brain_tumor_figshare/39.mat,103673,5,0,Meningiom,2,Hipofiz tümörü,hayır,0.015125,0.356703,0.628171
39,40,brain_tumor_figshare/40.mat,103673,5,0,Meningiom,2,Hipofiz tümörü,hayır,0.001301,0.013537,0.985162
40,41,brain_tumor_figshare/41.mat,103673,5,0,Meningiom,2,Hipofiz tümörü,hayır,0.001433,0.003069,0.995498
41,42,brain_tumor_figshare/42.mat,103925,4,0,Meningiom,1,Gliom,hayır,0.029148,0.969344,0.001508
42,43,brain_tumor_figshare/43.mat,103925,4,0,Meningiom,0,Meningiom,evet,0.511136,0.486752,0.002112
43,44,brain_tumor_figshare/44.mat,103925,4,0,Meningiom,0,Meningiom,evet,0.550402,0.447868,0.001731
44,45,brain_tumor_figshare/45.mat,104167,3,0,Meningiom,1,Gliom,hayır,0.06215,0.937524,0.000326
45,46,brain_tumor_figshare/46.mat,104167,3,0,Meningiom,1,Gliom,hayır,0.027361,0.97256,7.9e-05
46,47,brain_tumor_figshare/47.mat,104167,3,0,Meningiom,1,Gliom,hayır,0.025441,0.974391,0.000168
47,48,brain_tumor_figshare/48.mat,104167,3,0,Meningiom,1,Gliom,hayır,0.012469,0.987164,0.000367
48,49,brain_tumor_figshare/49.mat,104281,3,0,Meningiom,1,Gliom,hayır,0.415703,0.582818,0.001478
49,50,brain_tumor_figshare/50.mat,104281,3,0,Meningiom,1,Gliom,hayır,0.379656,0.620062,0.000283
50,51,brain_tumor_figshare/51.mat,104281,3,0,Meningiom,1,Gliom,hayır,0.303341,0.696321,0.000338
51,52,brain_tumor_figshare/52.mat,104281,3,0,Meningiom,1,Gliom,hayır,0.360521,0.63917,0.000309
52,53,brain_tumor_figshare/53.mat,104281,3,0,Meningiom,1,Gliom,hayır,0.461032,0.538602,0.000366
53,54,brain_tumor_figshare/54.mat,104281,3,0,Meningiom,0,Meningiom,evet,0.974806,0.025008,0.000186
54,55,brain_tumor_figshare/55.mat,104281,3,0,Meningiom,0,Meningiom,evet,0.87146,0.126391,0.00215
55,56,brain_tumor_figshare/56.mat,105374,4,0,Meningiom,1,Gliom,hayır,0.169594,0.825763,0.004644
56,57,brain_tumor_figshare/57.mat,105374,4,0,Meningiom,1,Gliom,hayır,0.033064,0.96684,9.5e-05
57,58,brain_tumor_figshare/58.mat,105555,5,0,Meningiom,0,Meningiom,evet,0.803142,0.19643,0.000428
58,59,brain_tumor_figshare/59.mat,58392,3,2,Hipofiz tümörü,0,Meningiom,hayır,0.443449,0.12883,0.427721
59,60,brain_tumor_figshare/60.mat,105937,1,0,Meningiom,0,Meningiom,evet,0.51979,0.436669,0.04354
60,61,brain_tumor_figshare/61.mat,105937,1,0,Meningiom,0,Meningiom,evet,0.627992,0.350557,0.021451
61,62,brain_tumor_figshare/62.mat,106284,2,0,Meningiom,0,Meningiom,evet,0.8068,0.192806,0.000394
62,63,brain_tumor_figshare/63.mat,106284,2,0,Meningiom,0,Meningiom,evet,0.691666,0.30749,0.000844
63,64,brain_tumor_figshare/64.mat,106284,2,0,Meningiom,1,Gliom,hayır,0.391479,0.607581,0.00094
64,65,brain_tumor_figshare/65.mat,106284,2,0,Meningiom,0,Meningiom,evet,0.769464,0.228936,0.0016
65,66,brain_tumor_figshare/66.mat,106284,2,0,Meningiom,0,Meningiom,evet,0.86473,0.13196,0.00331
66,67,brain_tumor_figshare/67.mat,106442,1,0,Meningiom,0,Meningiom,evet,0.943001,0.048977,0.008021
67,68,brain_tumor_figshare/68.mat,106442,1,0,Meningiom,0,Meningiom,evet,0.966045,0.027495,0.00646
68,69,brain_tumor_figshare/69.mat,106442,1,0,Meningiom,0,Meningiom,evet,0.989823,0.008192,0.001985
69,70,brain_tumor_figshare/70.mat,106442,1,0,Meningiom,0,Meningiom,evet,0.927207,0.060497,0.012296
70,71,brain_tumor_figshare/71.mat,106534,4,0,Meningiom,1,Gliom,hayır,0.266713,0.541583,0.191705
71,72,brain_tumor_figshare/72.mat,106534,4,0,Meningiom,2,Hipofiz tümörü,hayır,0.077386,0.265371,0.657243
72,73,brain_tumor_figshare/73.mat,106665,3,0,Meningiom,1,Gliom,hayır,0.051102,0.943904,0.004994
73,74,brain_tumor_figshare/74.mat,106665,3,0,Meningiom,1,Gliom,hayır,0.194755,0.787064,0.018181
74,75,brain_tumor_figshare/75.mat,106665,3,0,Meningiom,1,Gliom,hayır,0.024531,0.974755,0.000715
75,76,brain_tumor_figshare/76.mat,106665,3,0,Meningiom,1,Gliom,hayır,0.242287,0.733832,0.023881
76,77,brain_tumor_figshare/77.mat,106665,3,0,Meningiom,0,Meningiom,evet,0.584817,0.405238,0.009945
77,78,brain_tumor_figshare/78.mat,106665,3,0,Meningiom,0,Meningiom,evet,0.52523,0.42261,0.05216
78,79,brain_tumor_figshare/79.mat,106665,3,0,Meningiom,0,Meningiom,evet,0.593301,0.19485,0.211849
79,80,brain_tumor_figshare/80.mat,106720,1,0,Meningiom,1,Gliom,hayır,0.002515,0.997462,2.3e-05
80,81,brain_tumor_figshare/81.mat,106720,1,0,Meningiom,1,Gliom,hayır,0.068285,0.931439,0.000277
81,82,brain_tumor_figshare/82.mat,106720,1,0,Meningiom,1,Gliom,hayır,0.012045,0.987822,0.000133
82,83,brain_tumor_figshare/83.mat,106720,1,0,Meningiom,1,Gliom,hayır,0.401799,0.597938,0.000263
83,84,brain_tumor_figshare/84.mat,106720,1,0,Meningiom,1,Gliom,hayır,0.111457,0.888301,0.000242
84,85,brain_tumor_figshare/85.mat,106720,1,0,Meningiom,1,Gliom,hayır,0.340955,0.658856,0.000189
85,86,brain_tumor_figshare/86.mat,106720,1,0,Meningiom,1,Gliom,hayır,0.432972,0.566714,0.000314
86,87,brain_tumor_figshare/87.mat,106914,2,0,Meningiom,0,Meningiom,evet,0.795393,0.202738,0.001869
87,88,brain_tumor_figshare/88.mat,106914,2,0,Meningiom,0,Meningiom,evet,0.804546,0.194282,0.001172
88,89,brain_tumor_figshare/89.mat,106914,2,0,Meningiom,0,Meningiom,evet,0.508399,0.487602,0.003999
89,90,brain_tumor_figshare/90.mat,106914,2,0,Meningiom,0,Meningiom,evet,0.674471,0.320755,0.004774
90,91,brain_tumor_figshare/91.mat,107190,5,0,Meningiom,2,Hipofiz tümörü,hayır,0.028439,0.069554,0.902007
91,92,brain_tumor_figshare/92.mat,107190,5,0,Meningiom,2,Hipofiz tümörü,hayır,0.002172,0.000757,0.997071
92,93,brain_tumor_figshare/93.mat,107248,5,0,Meningiom,0,Meningiom,evet,0.498362,0.260054,0.241583
93,94,brain_tumor_figshare/94.mat,107248,5,0,Meningiom,1,Gliom,hayır,0.33429,0.602591,0.063118
94,95,brain_tumor_figshare/95.mat,107248,5,0,Meningiom,2,Hipofiz tümörü,hayır,0.045779,0.015518,0.938703
95,96,brain_tumor_figshare/96.mat,107248,5,0,Meningiom,1,Gliom,hayır,0.214795,0.782231,0.002973
96,97,brain_tumor_figshare/97.mat,107248,5,0,Meningiom,0,Meningiom,evet,0.887146,0.112496,0.000358
97,98,brain_tumor_figshare/98.mat,107248,5,0,Meningiom,0,Meningiom,evet,0.749533,0.247585,0.002882
98,99,brain_tumor_figshare/99.mat,107494,4,0,Meningiom,1,Gliom,hayır,0.024444,0.969562,0.005994
99,100,brain_tumor_figshare/100.mat,107494,4,0,Meningiom,1,Gliom,hayır,0.002067,0.997398,0.000535
100,101,brain_tumor_figshare/101.mat,107494,4,0,Meningiom,1,Gliom,hayır,0.006117,0.99279,0.001092
101,102,brain_tumor_figshare/102.mat,107494,4,0,Meningiom,1,Gliom,hayır,0.022102,0.97646,0.001438
102,103,brain_tumor_figshare/103.mat,107494,4,0,Meningiom,0,Meningiom,evet,0.653195,0.344768,0.002036
103,104,brain_tumor_figshare/104.mat,108514,5,0,Meningiom,1,Gliom,hayır,0.435036,0.533266,0.031698
104,105,brain_tumor_figshare/105.mat,108514,5,0,Meningiom,1,Gliom,hayır,0.030664,0.966155,0.003181
105,106,brain_tumor_figshare/106.mat,108514,5,0,Meningiom,1,Gliom,hayır,0.009442,0.989487,0.00107
106,107,brain_tumor_figshare/107.mat,108514,5,0,Meningiom,1,Gliom,hayır,0.128186,0.870882,0.000932
107,108,brain_tumor_figshare/108.mat,108514,5,0,Meningiom,1,Gliom,hayır,0.052084,0.945808,0.002108
108,109,brain_tumor_figshare/109.mat,108514,5,0,Meningiom,1,Gliom,hayır,0.120002,0.874768,0.00523
109,110,brain_tumor_figshare/110.mat,108514,5,0,Meningiom,1,Gliom,hayır,0.355207,0.508176,0.136618
110,111,brain_tumor_figshare/111.mat,108550,5,0,Meningiom,2,Hipofiz tümörü,hayır,0.006506,0.001346,0.992148
111,112,brain_tumor_figshare/112.mat,108550,5,0,Meningiom,1,Gliom,hayır,0.03794,0.961121,0.000939
112,113,brain_tumor_figshare/113.mat,108590,3,0,Meningiom,0,Meningiom,evet,0.542959,0.412841,0.0442
113,114,brain_tumor_figshare/114.mat,108590,3,0,Meningiom,1,Gliom,hayır,0.148248,0.821527,0.030224
114,115,brain_tumor_figshare/115.mat,108945,4,0,Meningiom,1,Gliom,hayır,0.270225,0.701296,0.028479
115,116,brain_tumor_figshare/116.mat,108945,4,0,Meningiom,0,Meningiom,evet,0.575785,0.420878,0.003337
116,117,brain_tumor_figshare/117.mat,108945,4,0,Meningiom,1,Gliom,hayır,0.003428,0.996461,0.000111
117,118,brain_tumor_figshare/118.mat,108945,4,0,Meningiom,1,Gliom,hayır,0.293367,0.679286,0.027347
118,119,brain_tumor_figshare/119.mat,109411,3,0,Meningiom,1,Gliom,hayır,0.152397,0.84632,0.001283
119,120,brain_tumor_figshare/120.mat,109968,3,0,Meningiom,0,Meningiom,evet,0.779757,0.047461,0.172781
120,121,brain_tumor_figshare/121.mat,109968,3,0,Meningiom,2,Hipofiz tümörü,hayır,0.362962,0.115933,0.521105
121,122,brain_tumor_figshare/122.mat,109968,3,0,Meningiom,2,Hipofiz tümörü,hayır,0.410413,0.095826,0.493761
122,123,brain_tumor_figshare/123.mat,109968,3,0,Meningiom,0,Meningiom,evet,0.699955,0.043752,0.256293
123,124,brain_tumor_figshare/124.mat,110116,5,0,Meningiom,1,Gliom,hayır,0.086627,0.912456,0.000917
124,125,brain_tumor_figshare/125.mat,111077,2,0,Meningiom,1,Gliom,hayır,0.045123,0.953492,0.001385
125,126,brain_tumor_figshare/126.mat,111077,2,0,Meningiom,1,Gliom,hayır,0.077509,0.922204,0.000288
126,127,brain_tumor_figshare/127.mat,111077,2,0,Meningiom,1,Gliom,hayır,0.174745,0.825006,0.000249
127,128,brain_tumor_figshare/128.mat,111366,3,0,Meningiom,1,Gliom,hayır,0.247582,0.752328,9.1e-05
128,129,brain_tumor_figshare/129.mat,111366,3,0,Meningiom,1,Gliom,hayır,0.491623,0.508288,9e-05
129,130,brain_tumor_figshare/130.mat,111366,3,0,Meningiom,1,Gliom,hayır,0.427826,0.572115,5.9e-05
130,131,brain_tumor_figshare/131.mat,111366,3,0,Meningiom,1,Gliom,hayır,0.326785,0.672098,0.001117
131,132,brain_tumor_figshare/132.mat,111532,1,0,Meningiom,1,Gliom,hayır,0.308768,0.547694,0.143537
132,133,brain_tumor_figshare/133.mat,111532,1,0,Meningiom,1,Gliom,hayır,0.214171,0.419435,0.366395
133,134,brain_tumor_figshare/134.mat,111532,1,0,Meningiom,1,Gliom,hayır,0.291077,0.686296,0.022627
134,135,brain_tumor_figshare/135.mat,112002,2,0,Meningiom,0,Meningiom,evet,0.910958,0.085256,0.003786
135,136,brain_tumor_figshare/136.mat,112002,2,0,Meningiom,1,Gliom,hayır,0.429173,0.566977,0.00385
136,137,brain_tumor_figshare/137.mat,112002,2,0,Meningiom,0,Meningiom,evet,0.687887,0.309613,0.0025
137,138,brain_tumor_figshare/138.mat,112002,2,0,Meningiom,0,Meningiom,evet,0.850335,0.139973,0.009692
138,139,brain_tumor_figshare/139.mat,112062,4,0,Meningiom,0,Meningiom,evet,0.862093,0.06667,0.071236
139,140,brain_tumor_figshare/140.mat,112062,4,0,Meningiom,0,Meningiom,evet,0.943599,0.039923,0.016478
140,141,brain_tumor_figshare/141.mat,112062,4,0,Meningiom,0,Meningiom,evet,0.935595,0.032012,0.032393
141,142,brain_tumor_figshare/142.mat,112252,1,0,Meningiom,1,Gliom,hayır,0.313001,0.540108,0.146891
142,143,brain_tumor_figshare/143.mat,112252,1,0,Meningiom,2,Hipofiz tümörü,hayır,0.037334,0.024525,0.938141
143,144,brain_tumor_figshare/144.mat,112552,2,0,Meningiom,1,Gliom,hayır,0.383598,0.616129,0.000272
144,145,brain_tumor_figshare/145.mat,112552,2,0,Meningiom,1,Gliom,hayır,0.175218,0.824715,6.7e-05
145,146,brain_tumor_figshare/146.mat,112552,2,0,Meningiom,1,Gliom,hayır,0.056182,0.943779,3.9e-05
146,147,brain_tumor_figshare/147.mat,112552,2,0,Meningiom,1,Gliom,hayır,0.063411,0.936544,4.5e-05
147,148,brain_tumor_figshare/148.mat,112552,2,0,Meningiom,1,Gliom,hayır,0.023774,0.976145,8e-05
148,149,brain_tumor_figshare/149.mat,112552,2,0,Meningiom,1,Gliom,hayır,0.009419,0.990544,3.7e-05
149,150,brain_tumor_figshare/150.mat,112552,2,0,Meningiom,1,Gliom,hayır,0.015773,0.984185,4.2e-05
150,151,brain_tumor_figshare/151.mat,112648,3,0,Meningiom,0,Meningiom,evet,0.52077,0.435518,0.043712
151,152,brain_tumor_figshare/152.mat,112648,3,0,Meningiom,0,Meningiom,evet,0.844354,0.154918,0.000728
152,153,brain_tumor_figshare/153.mat,112648,3,0,Meningiom,0,Meningiom,evet,0.498159,0.472908,0.028933
153,154,brain_tumor_figshare/154.mat,113435,5,0,Meningiom,1,Gliom,hayır,0.020732,0.853013,0.126256
154,155,brain_tumor_figshare/155.mat,113435,5,0,Meningiom,1,Gliom,hayır,0.062176,0.579735,0.358089
155,156,brain_tumor_figshare/156.mat,113435,5,0,Meningiom,1,Gliom,hayır,0.11422,0.525495,0.360286
156,157,brain_tumor_figshare/157.mat,113435,5,0,Meningiom,1,Gliom,hayır,0.12332,0.502979,0.373701
157,158,brain_tumor_figshare/158.mat,113435,5,0,Meningiom,1,Gliom,hayır,0.031159,0.581032,0.387809
158,159,brain_tumor_figshare/159.mat,113435,5,0,Meningiom,2,Hipofiz tümörü,hayır,0.024195,0.319141,0.656664
159,160,brain_tumor_figshare/160.mat,113554,5,0,Meningiom,1,Gliom,hayır,0.18314,0.816378,0.000482
160,161,brain_tumor_figshare/161.mat,113554,5,0,Meningiom,1,Gliom,hayır,0.194733,0.804902,0.000365
161,162,brain_tumor_figshare/162.mat,113554,5,0,Meningiom,0,Meningiom,evet,0.578202,0.421337,0.000462
162,163,brain_tumor_figshare/163.mat,113805,2,0,Meningiom,0,Meningiom,evet,0.530598,0.469207,0.000196
163,164,brain_tumor_figshare/164.mat,114018,2,0,Meningiom,1,Gliom,hayır,0.155557,0.577914,0.266529
164,165,brain_tumor_figshare/165.mat,114018,2,0,Meningiom,1,Gliom,hayır,0.286825,0.654607,0.058568
165,166,brain_tumor_figshare/166.mat,114018,2,0,Meningiom,0,Meningiom,evet,0.542514,0.446352,0.011134
166,167,brain_tumor_figshare/167.mat,114018,2,0,Meningiom,1,Gliom,hayır,0.477268,0.505137,0.017595
167,168,brain_tumor_figshare/168.mat,114018,2,0,Meningiom,1,Gliom,hayır,0.271749,0.653911,0.07434
168,169,brain_tumor_figshare/169.mat,114359,2,0,Meningiom,0,Meningiom,evet,0.788401,0.211409,0.000189
169,170,brain_tumor_figshare/170.mat,114359,2,0,Meningiom,0,Meningiom,evet,0.519368,0.480489,0.000143
170,171,brain_tumor_figshare/171.mat,114359,2,0,Meningiom,0,Meningiom,evet,0.596015,0.403856,0.000129
171,172,brain_tumor_figshare/172.mat,114359,2,0,Meningiom,1,Gliom,hayır,0.137949,0.861722,0.000329
172,173,brain_tumor_figshare/173.mat,114359,2,0,Meningiom,1,Gliom,hayır,0.103181,0.896619,0.0002
173,174,brain_tumor_figshare/174.mat,114359,2,0,Meningiom,1,Gliom,hayır,0.494761,0.503514,0.001725
174,175,brain_tumor_figshare/175.mat,97607,1,0,Meningiom,2,Hipofiz tümörü,hayır,0.012768,0.008176,0.979056
175,176,brain_tumor_figshare/176.mat,97607,1,0,Meningiom,0,Meningiom,evet,0.94235,0.043938,0.013712
176,177,brain_tumor_figshare/177.mat,97607,1,0,Meningiom,0,Meningiom,evet,0.559517,0.42861,0.011873
177,178,brain_tumor_figshare/178.mat,97607,1,0,Meningiom,0,Meningiom,evet,0.799989,0.164129,0.035883
178,179,brain_tumor_figshare/179.mat,97607,1,0,Meningiom,2,Hipofiz tümörü,hayır,0.124053,0.004642,0.871305
179,180,brain_tumor_figshare/180.mat,97737,1,0,Meningiom,2,Hipofiz tümörü,hayır,0.247628,0.106284,0.646088
180,181,brain_tumor_figshare/181.mat,97737,1,0,Meningiom,1,Gliom,hayır,0.309115,0.646703,0.044182
181,182,brain_tumor_figshare/182.mat,97737,1,0,Meningiom,1,Gliom,hayır,0.307149,0.655738,0.037113
182,183,brain_tumor_figshare/183.mat,97737,1,0,Meningiom,2,Hipofiz tümörü,hayır,0.132014,0.030511,0.837475
183,184,brain_tumor_figshare/184.mat,97875,4,0,Meningiom,1,Gliom,hayır,0.333542,0.586216,0.080241
184,185,brain_tumor_figshare/185.mat,97875,4,0,Meningiom,1,Gliom,hayır,0.131537,0.532499,0.335964
185,186,brain_tumor_figshare/186.mat,97875,4,0,Meningiom,2,Hipofiz tümörü,hayır,0.115232,0.10457,0.780199
186,187,brain_tumor_figshare/187.mat,97943,3,0,Meningiom,0,Meningiom,evet,0.955609,0.024864,0.019527
187,188,brain_tumor_figshare/188.mat,97943,3,0,Meningiom,0,Meningiom,evet,0.976525,0.021819,0.001657
188,189,brain_tumor_figshare/189.mat,97943,3,0,Meningiom,0,Meningiom,evet,0.943383,0.055882,0.000736
189,190,brain_tumor_figshare/190.mat,97943,3,0,Meningiom,0,Meningiom,evet,0.826894,0.169078,0.004028
190,191,brain_tumor_figshare/191.mat,97943,3,0,Meningiom,0,Meningiom,evet,0.720561,0.276859,0.00258
191,192,brain_tumor_figshare/192.mat,98241,2,0,Meningiom,0,Meningiom,evet,0.824494,0.109634,0.065873
192,193,brain_tumor_figshare/193.mat,98241,2,0,Meningiom,1,Gliom,hayır,0.152494,0.818473,0.029033
193,194,brain_tumor_figshare/194.mat,98241,2,0,Meningiom,1,Gliom,hayır,0.022769,0.959478,0.017753
194,195,brain_tumor_figshare/195.mat,98241,2,0,Meningiom,1,Gliom,hayır,0.014371,0.981377,0.004251
195,196,brain_tumor_figshare/196.mat,98241,2,0,Meningiom,1,Gliom,hayır,0.025692,0.965269,0.009039
196,197,brain_tumor_figshare/197.mat,98241,2,0,Meningiom,1,Gliom,hayır,0.010542,0.968618,0.02084
197,198,brain_tumor_figshare/198.mat,99017,1,0,Meningiom,0,Meningiom,evet,0.913466,0.086219,0.000314
198,199,brain_tumor_figshare/199.mat,99017,1,0,Meningiom,0,Meningiom,evet,0.693427,0.306411,0.000162
199,200,brain_tumor_figshare/200.mat,99089,5,0,Meningiom,1,Gliom,hayır,0.251074,0.746753,0.002173
200,201,brain_tumor_figshare/201.mat,99089,5,0,Meningiom,1,Gliom,hayır,0.364084,0.632824,0.003092
201,202,brain_tumor_figshare/202.mat,99089,5,0,Meningiom,0,Meningiom,evet,0.730502,0.266645,0.002853
202,203,brain_tumor_figshare/203.mat,99288,2,0,Meningiom,1,Gliom,hayır,0.370564,0.628483,0.000953
203,204,brain_tumor_figshare/204.mat,99308,2,0,Meningiom,0,Meningiom,evet,0.730382,0.266238,0.003379
204,205,brain_tumor_figshare/205.mat,99308,2,0,Meningiom,1,Gliom,hayır,0.430476,0.569067,0.000457
205,206,brain_tumor_figshare/206.mat,99308,2,0,Meningiom,0,Meningiom,evet,0.808143,0.191209,0.000648
206,207,brain_tumor_figshare/207.mat,99308,2,0,Meningiom,1,Gliom,hayır,0.465772,0.53378,0.000449
207,208,brain_tumor_figshare/208.mat,99308,2,0,Meningiom,1,Gliom,hayır,0.498094,0.501048,0.000858
208,209,brain_tumor_figshare/209.mat,100820,3,1,Gliom,1,Gliom,evet,0.002143,0.997813,4.4e-05
209,210,brain_tumor_figshare/210.mat,100820,3,1,Gliom,1,Gliom,evet,0.00132,0.998642,3.7e-05
210,211,brain_tumor_figshare/211.mat,100360,5,0,Meningiom,1,Gliom,hayır,0.003621,0.9963,7.9e-05
211,212,brain_tumor_figshare/212.mat,100360,5,0,Meningiom,1,Gliom,hayır,0.004612,0.995338,5e-05
212,213,brain_tumor_figshare/213.mat,100360,5,0,Meningiom,1,Gliom,hayır,0.020055,0.979825,0.00012
213,214,brain_tumor_figshare/214.mat,100360,5,0,Meningiom,1,Gliom,hayır,0.028301,0.971517,0.000183
214,215,brain_tumor_figshare/215.mat,100360,5,0,Meningiom,1,Gliom,hayır,0.058942,0.940645,0.000413
215,216,brain_tumor_figshare/216.mat,100360,5,0,Meningiom,1,Gliom,hayır,0.041151,0.95861,0.000239
216,217,brain_tumor_figshare/217.mat,100360,5,0,Meningiom,1,Gliom,hayır,0.025211,0.974571,0.000219
217,218,brain_tumor_figshare/218.mat,100572,3,0,Meningiom,1,Gliom,hayır,0.294157,0.700117,0.005726
218,219,brain_tumor_figshare/219.mat,100572,3,0,Meningiom,1,Gliom,hayır,0.153262,0.841039,0.005699
219,220,brain_tumor_figshare/220.mat,100572,3,0,Meningiom,1,Gliom,hayır,0.343471,0.65527,0.001259
220,221,brain_tumor_figshare/221.mat,101016,4,0,Meningiom,0,Meningiom,evet,0.532565,0.46444,0.002995
221,222,brain_tumor_figshare/222.mat,101016,4,0,Meningiom,0,Meningiom,evet,0.847708,0.145889,0.006403
222,223,brain_tumor_figshare/223.mat,101016,4,0,Meningiom,0,Meningiom,evet,0.598956,0.399318,0.001726
223,224,brain_tumor_figshare/224.mat,101016,4,0,Meningiom,1,Gliom,hayır,0.314794,0.684889,0.000317
224,225,brain_tumor_figshare/225.mat,101016,4,0,Meningiom,1,Gliom,hayır,0.204219,0.794492,0.001289
225,226,brain_tumor_figshare/226.mat,101016,4,0,Meningiom,1,Gliom,hayır,0.248249,0.751334,0.000416
226,227,brain_tumor_figshare/227.mat,101127,4,0,Meningiom,2,Hipofiz tümörü,hayır,0.000853,0.001271,0.997876
227,228,brain_tumor_figshare/228.mat,101127,4,0,Meningiom,2,Hipofiz tümörü,hayır,0.018808,0.030838,0.950355
228,229,brain_tumor_figshare/229.mat,101127,4,0,Meningiom,2,Hipofiz tümörü,hayır,0.007215,0.005145,0.98764
229,230,brain_tumor_figshare/230.mat,101127,4,0,Meningiom,2,Hipofiz tümörü,hayır,0.001361,0.014208,0.98443
230,231,brain_tumor_figshare/231.mat,101797,5,0,Meningiom,1,Gliom,hayır,0.025708,0.590934,0.383359
231,232,brain_tumor_figshare/232.mat,101797,5,0,Meningiom,0,Meningiom,evet,0.541558,0.438239,0.020203
232,233,brain_tumor_figshare/233.mat,101797,5,0,Meningiom,2,Hipofiz tümörü,hayır,0.220523,0.276812,0.502665
233,234,brain_tumor_figshare/234.mat,101797,5,0,Meningiom,0,Meningiom,evet,0.37531,0.269055,0.355635
234,235,brain_tumor_figshare/235.mat,101797,5,0,Meningiom,1,Gliom,hayır,0.149205,0.595572,0.255223
235,236,brain_tumor_figshare/236.mat,102420,1,0,Meningiom,0,Meningiom,evet,0.865471,0.132389,0.00214
236,237,brain_tumor_figshare/237.mat,102420,1,0,Meningiom,0,Meningiom,evet,0.564466,0.419924,0.01561
237,238,brain_tumor_figshare/238.mat,102420,1,0,Meningiom,0,Meningiom,evet,0.489512,0.485187,0.0253
238,239,brain_tumor_figshare/239.mat,102446,3,0,Meningiom,2,Hipofiz tümörü,hayır,0.015077,0.023607,0.961317
239,240,brain_tumor_figshare/240.mat,102675,1,0,Meningiom,1,Gliom,hayır,0.160697,0.837273,0.00203
240,241,brain_tumor_figshare/241.mat,102675,1,0,Meningiom,0,Meningiom,evet,0.888249,0.10919,0.002561
241,242,brain_tumor_figshare/242.mat,102714,5,0,Meningiom,0,Meningiom,evet,0.424345,0.275716,0.299939
242,243,brain_tumor_figshare/243.mat,102714,5,0,Meningiom,2,Hipofiz tümörü,hayır,0.103022,0.081686,0.815291
243,244,brain_tumor_figshare/244.mat,102714,5,0,Meningiom,2,Hipofiz tümörü,hayır,0.035692,0.04419,0.920119
244,245,brain_tumor_figshare/245.mat,102714,5,0,Meningiom,2,Hipofiz tümörü,hayır,0.043767,0.119548,0.836685
245,246,brain_tumor_figshare/246.mat,102929,2,0,Meningiom,2,Hipofiz tümörü,hayır,0.00936,0.001424,0.989216
246,247,brain_tumor_figshare/247.mat,102929,2,0,Meningiom,2,Hipofiz tümörü,hayır,0.002093,0.001786,0.99612
247,248,brain_tumor_figshare/248.mat,102929,2,0,Meningiom,2,Hipofiz tümörü,hayır,0.389815,0.091861,0.518325
248,249,brain_tumor_figshare/249.mat,102929,2,0,Meningiom,2,Hipofiz tümörü,hayır,0.244754,0.238025,0.517221
249,250,brain_tumor_figshare/250.mat,102929,2,0,Meningiom,2,Hipofiz tümörü,hayır,0.356405,0.021786,0.621809
250,251,brain_tumor_figshare/251.mat,102929,2,0,Meningiom,2,Hipofiz tümörü,hayır,0.003547,0.010675,0.985778
251,252,brain_tumor_figshare/252.mat,102935,1,0,Meningiom,0,Meningiom,evet,0.997412,0.001911,0.000676
252,253,brain_tumor_figshare/253.mat,102985,4,0,Meningiom,2,Hipofiz tümörü,hayır,0.082551,0.034981,0.882468
253,254,brain_tumor_figshare/254.mat,103673,5,0,Meningiom,2,Hipofiz tümörü,hayır,0.031361,0.149633,0.819006
254,255,brain_tumor_figshare/255.mat,103673,5,0,Meningiom,2,Hipofiz tümörü,hayır,0.007154,0.018207,0.97464
255,256,brain_tumor_figshare/256.mat,103673,5,0,Meningiom,2,Hipofiz tümörü,hayır,0.002721,0.004994,0.992284
256,257,brain_tumor_figshare/257.mat,103673,5,0,Meningiom,2,Hipofiz tümörü,hayır,0.039144,0.212135,0.748721
257,258,brain_tumor_figshare/258.mat,103673,5,0,Meningiom,2,Hipofiz tümörü,hayır,0.009964,0.218901,0.771135
258,259,brain_tumor_figshare/259.mat,103673,5,0,Meningiom,2,Hipofiz tümörü,hayır,0.001033,0.003027,0.995941
259,260,brain_tumor_figshare/260.mat,103673,5,0,Meningiom,2,Hipofiz tümörü,hayır,0.000635,0.006145,0.993219
260,261,brain_tumor_figshare/261.mat,103925,4,0,Meningiom,1,Gliom,hayır,0.241607,0.753544,0.004849
261,262,brain_tumor_figshare/262.mat,103925,4,0,Meningiom,0,Meningiom,evet,0.878709,0.118683,0.002608
262,263,brain_tumor_figshare/263.mat,103925,4,0,Meningiom,1,Gliom,hayır,0.027476,0.971505,0.001019
263,264,brain_tumor_figshare/264.mat,103925,4,0,Meningiom,0,Meningiom,evet,0.800307,0.193187,0.006505
264,265,brain_tumor_figshare/265.mat,103925,4,0,Meningiom,0,Meningiom,evet,0.798311,0.198703,0.002986
265,266,brain_tumor_figshare/266.mat,103925,4,0,Meningiom,0,Meningiom,evet,0.779499,0.219609,0.000892
266,267,brain_tumor_figshare/267.mat,103925,4,0,Meningiom,0,Meningiom,evet,0.691953,0.303059,0.004988
267,268,brain_tumor_figshare/268.mat,103925,4,0,Meningiom,0,Meningiom,evet,0.740306,0.255804,0.00389
268,269,brain_tumor_figshare/269.mat,104167,3,0,Meningiom,1,Gliom,hayır,0.203892,0.79542,0.000688
269,270,brain_tumor_figshare/270.mat,104167,3,0,Meningiom,1,Gliom,hayır,0.117091,0.882615,0.000294
270,271,brain_tumor_figshare/271.mat,104167,3,0,Meningiom,1,Gliom,hayır,0.086172,0.913652,0.000176
271,272,brain_tumor_figshare/272.mat,104167,3,0,Meningiom,1,Gliom,hayır,0.435653,0.563817,0.00053
272,273,brain_tumor_figshare/273.mat,104167,3,0,Meningiom,1,Gliom,hayır,0.215782,0.783775,0.000443
273,274,brain_tumor_figshare/274.mat,104167,3,0,Meningiom,1,Gliom,hayır,0.20718,0.791784,0.001037
274,275,brain_tumor_figshare/275.mat,104281,3,0,Meningiom,1,Gliom,hayır,0.095096,0.904598,0.000306
275,276,brain_tumor_figshare/276.mat,104281,3,0,Meningiom,1,Gliom,hayır,0.094157,0.905544,0.000299
276,277,brain_tumor_figshare/277.mat,104281,3,0,Meningiom,1,Gliom,hayır,0.371517,0.628316,0.000167
277,278,brain_tumor_figshare/278.mat,104281,3,0,Meningiom,1,Gliom,hayır,0.390385,0.609463,0.000152
278,279,brain_tumor_figshare/279.mat,104281,3,0,Meningiom,1,Gliom,hayır,0.194021,0.805406,0.000573
279,280,brain_tumor_figshare/280.mat,104281,3,0,Meningiom,1,Gliom,hayır,0.22501,0.774614,0.000376
280,281,brain_tumor_figshare/281.mat,105374,4,0,Meningiom,1,Gliom,hayır,0.104324,0.893671,0.002005
281,282,brain_tumor_figshare/282.mat,105374,4,0,Meningiom,1,Gliom,hayır,0.111977,0.88737,0.000653
282,283,brain_tumor_figshare/283.mat,105555,5,0,Meningiom,0,Meningiom,evet,0.796038,0.203626,0.000337
283,284,brain_tumor_figshare/284.mat,105555,5,0,Meningiom,1,Gliom,hayır,0.005338,0.994638,2.4e-05
284,285,brain_tumor_figshare/285.mat,105555,5,0,Meningiom,1,Gliom,hayır,0.062237,0.937451,0.000312
285,286,brain_tumor_figshare/286.mat,105937,1,0,Meningiom,1,Gliom,hayır,0.211561,0.77839,0.010049
286,287,brain_tumor_figshare/287.mat,105937,1,0,Meningiom,1,Gliom,hayır,0.197166,0.801389,0.001445
287,288,brain_tumor_figshare/288.mat,105937,1,0,Meningiom,1,Gliom,hayır,0.405231,0.590987,0.003782
288,289,brain_tumor_figshare/289.mat,105937,1,0,Meningiom,0,Meningiom,evet,0.850989,0.147996,0.001015
289,290,brain_tumor_figshare/290.mat,106284,2,0,Meningiom,0,Meningiom,evet,0.723521,0.276294,0.000185
290,291,brain_tumor_figshare/291.mat,106284,2,0,Meningiom,1,Gliom,hayır,0.047431,0.95252,4.9e-05
291,292,brain_tumor_figshare/292.mat,106284,2,0,Meningiom,1,Gliom,hayır,0.154438,0.845502,6.1e-05
292,293,brain_tumor_figshare/293.mat,106284,2,0,Meningiom,1,Gliom,hayır,0.198389,0.801533,7.8e-05
293,294,brain_tumor_figshare/294.mat,106442,1,0,Meningiom,1,Gliom,hayır,0.469288,0.516238,0.014474
294,295,brain_tumor_figshare/295.mat,106442,1,0,Meningiom,1,Gliom,hayır,0.292314,0.689296,0.01839
295,296,brain_tumor_figshare/296.mat,106442,1,0,Meningiom,0,Meningiom,evet,0.571798,0.419478,0.008724
296,297,brain_tumor_figshare/297.mat,106534,4,0,Meningiom,0,Meningiom,evet,0.915371,0.082491,0.002138
297,298,brain_tumor_figshare/298.mat,106534,4,0,Meningiom,0,Meningiom,evet,0.970024,0.02881,0.001166
298,299,brain_tumor_figshare/299.mat,106665,3,0,Meningiom,1,Gliom,hayır,0.246998,0.752207,0.000795
299,300,brain_tumor_figshare/300.mat,106665,3,0,Meningiom,1,Gliom,hayır,0.026967,0.972975,5.8e-05
300,301,brain_tumor_figshare/301.mat,106665,3,0,Meningiom,1,Gliom,hayır,0.011981,0.987925,9.4e-05
301,302,brain_tumor_figshare/302.mat,106665,3,0,Meningiom,1,Gliom,hayır,0.012427,0.98749,8.3e-05
302,303,brain_tumor_figshare/303.mat,106665,3,0,Meningiom,1,Gliom,hayır,0.005721,0.994155,0.000124
303,304,brain_tumor_figshare/304.mat,106720,1,0,Meningiom,0,Meningiom,evet,0.984768,0.015208,2.4e-05
304,305,brain_tumor_figshare/305.mat,106720,1,0,Meningiom,0,Meningiom,evet,0.929151,0.070744,0.000104
305,306,brain_tumor_figshare/306.mat,106720,1,0,Meningiom,0,Meningiom,evet,0.738056,0.261657,0.000287
306,307,brain_tumor_figshare/307.mat,106720,1,0,Meningiom,0,Meningiom,evet,0.911402,0.088459,0.000139
307,308,brain_tumor_figshare/308.mat,106720,1,0,Meningiom,0,Meningiom,evet,0.982255,0.017678,6.7e-05
308,309,brain_tumor_figshare/309.mat,106720,1,0,Meningiom,1,Gliom,hayır,0.48462,0.514966,0.000414
309,310,brain_tumor_figshare/310.mat,106720,1,0,Meningiom,1,Gliom,hayır,0.12493,0.874515,0.000555
310,311,brain_tumor_figshare/311.mat,106914,2,0,Meningiom,0,Meningiom,evet,0.636059,0.360445,0.003496
311,312,brain_tumor_figshare/312.mat,106914,2,0,Meningiom,0,Meningiom,evet,0.697961,0.299388,0.002651
312,313,brain_tumor_figshare/313.mat,106914,2,0,Meningiom,1,Gliom,hayır,0.415832,0.582875,0.001292
313,314,brain_tumor_figshare/314.mat,106914,2,0,Meningiom,1,Gliom,hayır,0.23608,0.743206,0.020714
314,315,brain_tumor_figshare/315.mat,107190,5,0,Meningiom,0,Meningiom,evet,0.936589,0.052939,0.010473
315,316,brain_tumor_figshare/316.mat,107248,5,0,Meningiom,0,Meningiom,evet,0.607665,0.026857,0.365478
316,317,brain_tumor_figshare/317.mat,107248,5,0,Meningiom,2,Hipofiz tümörü,hayır,0.025462,0.00593,0.968609
317,318,brain_tumor_figshare/318.mat,107248,5,0,Meningiom,1,Gliom,hayır,0.01997,0.979919,0.000111
318,319,brain_tumor_figshare/319.mat,107248,5,0,Meningiom,1,Gliom,hayır,0.070514,0.929277,0.000209
319,320,brain_tumor_figshare/320.mat,107494,4,0,Meningiom,1,Gliom,hayır,0.05124,0.47553,0.47323
320,321,brain_tumor_figshare/321.mat,107494,4,0,Meningiom,1,Gliom,hayır,0.07015,0.684431,0.245419
321,322,brain_tumor_figshare/322.mat,107494,4,0,Meningiom,1,Gliom,hayır,0.053903,0.502581,0.443516
322,323,brain_tumor_figshare/323.mat,107494,4,0,Meningiom,2,Hipofiz tümörü,hayır,0.027217,0.107036,0.865747
323,324,brain_tumor_figshare/324.mat,107494,4,0,Meningiom,2,Hipofiz tümörü,hayır,0.021872,0.314055,0.664074
324,325,brain_tumor_figshare/325.mat,107494,4,0,Meningiom,2,Hipofiz tümörü,hayır,0.020629,0.01231,0.967061
325,326,brain_tumor_figshare/326.mat,108514,5,0,Meningiom,1,Gliom,hayır,0.128936,0.870882,0.000182
326,327,brain_tumor_figshare/327.mat,108514,5,0,Meningiom,1,Gliom,hayır,0.020652,0.979265,8.3e-05
327,328,brain_tumor_figshare/328.mat,108514,5,0,Meningiom,1,Gliom,hayır,0.083581,0.916204,0.000215
328,329,brain_tumor_figshare/329.mat,108514,5,0,Meningiom,1,Gliom,hayır,0.091128,0.908743,0.000129
329,330,brain_tumor_figshare/330.mat,108514,5,0,Meningiom,1,Gliom,hayır,0.106677,0.893185,0.000138
330,331,brain_tumor_figshare/331.mat,108514,5,0,Meningiom,1,Gliom,hayır,0.032471,0.967391,0.000138
331,332,brain_tumor_figshare/332.mat,108550,5,0,Meningiom,1,Gliom,hayır,0.016785,0.98119,0.002025
332,333,brain_tumor_figshare/333.mat,108550,5,0,Meningiom,1,Gliom,hayır,0.039449,0.959832,0.000719
333,334,brain_tumor_figshare/334.mat,108590,3,0,Meningiom,0,Meningiom,evet,0.961053,0.038704,0.000243
334,335,brain_tumor_figshare/335.mat,108590,3,0,Meningiom,0,Meningiom,evet,0.928058,0.071626,0.000316
335,336,brain_tumor_figshare/336.mat,108945,4,0,Meningiom,0,Meningiom,evet,0.660879,0.338438,0.000683
336,337,brain_tumor_figshare/337.mat,108945,4,0,Meningiom,0,Meningiom,evet,0.776466,0.222645,0.00089
337,338,brain_tumor_figshare/338.mat,108945,4,0,Meningiom,0,Meningiom,evet,0.704461,0.294478,0.001061
338,339,brain_tumor_figshare/339.mat,108945,4,0,Meningiom,1,Gliom,hayır,0.48868,0.508985,0.002335
339,340,brain_tumor_figshare/340.mat,109411,3,0,Meningiom,0,Meningiom,evet,0.898267,0.101511,0.000222
340,341,brain_tumor_figshare/341.mat,109968,3,0,Meningiom,0,Meningiom,evet,0.588565,0.033376,0.378059
341,342,brain_tumor_figshare/342.mat,109968,3,0,Meningiom,0,Meningiom,evet,0.452491,0.126903,0.420606
342,343,brain_tumor_figshare/343.mat,109968,3,0,Meningiom,2,Hipofiz tümörü,hayır,0.270901,0.110893,0.618206
343,344,brain_tumor_figshare/344.mat,109968,3,0,Meningiom,2,Hipofiz tümörü,hayır,0.293608,0.091974,0.614419
344,345,brain_tumor_figshare/345.mat,110116,5,0,Meningiom,2,Hipofiz tümörü,hayır,0.074141,0.008156,0.917703
345,346,brain_tumor_figshare/346.mat,110116,5,0,Meningiom,2,Hipofiz tümörü,hayır,0.081733,0.01278,0.905487
346,347,brain_tumor_figshare/347.mat,110116,5,0,Meningiom,2,Hipofiz tümörü,hayır,0.066692,0.01397,0.919338
347,348,brain_tumor_figshare/348.mat,110116,5,0,Meningiom,2,Hipofiz tümörü,hayır,0.327217,0.006081,0.666701
348,349,brain_tumor_figshare/349.mat,111077,2,0,Meningiom,1,Gliom,hayır,0.24303,0.755297,0.001673
349,350,brain_tumor_figshare/350.mat,111077,2,0,Meningiom,0,Meningiom,evet,0.591433,0.407557,0.001009
350,351,brain_tumor_figshare/351.mat,111077,2,0,Meningiom,1,Gliom,hayır,0.138559,0.861181,0.00026
351,352,brain_tumor_figshare/352.mat,111077,2,0,Meningiom,1,Gliom,hayır,0.004712,0.995212,7.6e-05
352,353,brain_tumor_figshare/353.mat,111366,3,0,Meningiom,1,Gliom,hayır,0.013832,0.985287,0.000882
353,354,brain_tumor_figshare/354.mat,111366,3,0,Meningiom,1,Gliom,hayır,0.220693,0.778214,0.001094
354,355,brain_tumor_figshare/355.mat,111366,3,0,Meningiom,1,Gliom,hayır,0.190745,0.808608,0.000646
355,356,brain_tumor_figshare/356.mat,111366,3,0,Meningiom,1,Gliom,hayır,0.164019,0.834836,0.001145
356,357,brain_tumor_figshare/357.mat,111532,1,0,Meningiom,0,Meningiom,evet,0.906119,0.08773,0.006151
357,358,brain_tumor_figshare/358.mat,111532,1,0,Meningiom,0,Meningiom,evet,0.828911,0.163952,0.007137
358,359,brain_tumor_figshare/359.mat,111532,1,0,Meningiom,1,Gliom,hayır,0.244859,0.744725,0.010415
359,360,brain_tumor_figshare/360.mat,111532,1,0,Meningiom,0,Meningiom,evet,0.580597,0.414877,0.004527
360,361,brain_tumor_figshare/361.mat,111532,1,0,Meningiom,0,Meningiom,evet,0.698231,0.295999,0.00577
361,362,brain_tumor_figshare/362.mat,112002,2,0,Meningiom,0,Meningiom,evet,0.977969,0.021195,0.000836
362,363,brain_tumor_figshare/363.mat,112002,2,0,Meningiom,0,Meningiom,evet,0.967301,0.032057,0.000641
363,364,brain_tumor_figshare/364.mat,112002,2,0,Meningiom,0,Meningiom,evet,0.925481,0.073861,0.000657
364,365,brain_tumor_figshare/365.mat,112002,2,0,Meningiom,0,Meningiom,evet,0.674973,0.324111,0.000916
365,366,brain_tumor_figshare/366.mat,112062,4,0,Meningiom,1,Gliom,hayır,0.029511,0.970281,0.000208
366,367,brain_tumor_figshare/367.mat,112062,4,0,Meningiom,1,Gliom,hayır,0.332889,0.665598,0.001513
367,368,brain_tumor_figshare/368.mat,112062,4,0,Meningiom,0,Meningiom,evet,0.508203,0.490905,0.000893
368,369,brain_tumor_figshare/369.mat,112062,4,0,Meningiom,1,Gliom,hayır,0.38271,0.616724,0.000565
369,370,brain_tumor_figshare/370.mat,112252,1,0,Meningiom,0,Meningiom,evet,0.886723,0.105677,0.007599
370,371,brain_tumor_figshare/371.mat,112252,1,0,Meningiom,0,Meningiom,evet,0.770851,0.223452,0.005698
371,372,brain_tumor_figshare/372.mat,112552,2,0,Meningiom,1,Gliom,hayır,0.084498,0.91542,8.2e-05
372,373,brain_tumor_figshare/373.mat,112552,2,0,Meningiom,1,Gliom,hayır,0.132513,0.867449,3.9e-05
373,374,brain_tumor_figshare/374.mat,112552,2,0,Meningiom,1,Gliom,hayır,0.112112,0.887849,3.9e-05
374,375,brain_tumor_figshare/375.mat,112552,2,0,Meningiom,1,Gliom,hayır,0.236356,0.763572,7.3e-05
375,376,brain_tumor_figshare/376.mat,112552,2,0,Meningiom,1,Gliom,hayır,0.358131,0.641796,7.2e-05
376,377,brain_tumor_figshare/377.mat,112552,2,0,Meningiom,1,Gliom,hayır,0.296405,0.703529,6.6e-05
377,378,brain_tumor_figshare/378.mat,112552,2,0,Meningiom,1,Gliom,hayır,0.149188,0.850771,4.1e-05
378,379,brain_tumor_figshare/379.mat,112648,3,0,Meningiom,1,Gliom,hayır,0.449643,0.549105,0.001252
379,380,brain_tumor_figshare/380.mat,112648,3,0,Meningiom,1,Gliom,hayır,0.174639,0.822988,0.002373
380,381,brain_tumor_figshare/381.mat,112648,3,0,Meningiom,1,Gliom,hayır,0.448847,0.4607,0.090453
381,382,brain_tumor_figshare/382.mat,113435,5,0,Meningiom,1,Gliom,hayır,0.45879,0.4816,0.05961
382,383,brain_tumor_figshare/383.mat,113435,5,0,Meningiom,1,Gliom,hayır,0.244345,0.752127,0.003528
383,384,brain_tumor_figshare/384.mat,113435,5,0,Meningiom,1,Gliom,hayır,0.078626,0.920493,0.000881
384,385,brain_tumor_figshare/385.mat,113435,5,0,Meningiom,1,Gliom,hayır,0.301508,0.697782,0.00071
385,386,brain_tumor_figshare/386.mat,113435,5,0,Meningiom,1,Gliom,hayır,0.28168,0.717069,0.00125
386,387,brain_tumor_figshare/387.mat,113435,5,0,Meningiom,1,Gliom,hayır,0.477995,0.520696,0.001308
387,388,brain_tumor_figshare/388.mat,113435,5,0,Meningiom,0,Meningiom,evet,0.742117,0.257486,0.000396
388,389,brain_tumor_figshare/389.mat,113435,5,0,Meningiom,1,Gliom,hayır,0.431342,0.56842,0.000238
389,390,brain_tumor_figshare/390.mat,113554,5,0,Meningiom,1,Gliom,hayır,0.366469,0.624276,0.009255
390,391,brain_tumor_figshare/391.mat,113554,5,0,Meningiom,2,Hipofiz tümörü,hayır,0.115039,0.171513,0.713448
391,392,brain_tumor_figshare/392.mat,113554,5,0,Meningiom,2,Hipofiz tümörü,hayır,0.036135,0.190342,0.773524
392,393,brain_tumor_figshare/393.mat,113805,2,0,Meningiom,0,Meningiom,evet,0.972679,0.027135,0.000186
393,394,brain_tumor_figshare/394.mat,113805,2,0,Meningiom,1,Gliom,hayır,0.233394,0.766574,3.2e-05
394,395,brain_tumor_figshare/395.mat,114018,2,0,Meningiom,1,Gliom,hayır,0.332176,0.352808,0.315016
395,396,brain_tumor_figshare/396.mat,114018,2,0,Meningiom,2,Hipofiz tümörü,hayır,0.010516,0.155431,0.834053
396,397,brain_tumor_figshare/397.mat,114018,2,0,Meningiom,0,Meningiom,evet,0.752727,0.088132,0.159141
397,398,brain_tumor_figshare/398.mat,114018,2,0,Meningiom,0,Meningiom,evet,0.868361,0.013723,0.117916
398,399,brain_tumor_figshare/399.mat,114359,2,0,Meningiom,1,Gliom,hayır,0.200974,0.798826,0.0002
399,400,brain_tumor_figshare/400.mat,114359,2,0,Meningiom,0,Meningiom,evet,0.655477,0.344392,0.00013
400,401,brain_tumor_figshare/401.mat,114359,2,0,Meningiom,0,Meningiom,evet,0.620489,0.379379,0.000133
401,402,brain_tumor_figshare/402.mat,114359,2,0,Meningiom,0,Meningiom,evet,0.804196,0.1957,0.000103
402,403,brain_tumor_figshare/403.mat,114359,2,0,Meningiom,0,Meningiom,evet,0.861461,0.138454,8.5e-05
403,404,brain_tumor_figshare/404.mat,114359,2,0,Meningiom,0,Meningiom,evet,0.529138,0.470437,0.000426
404,405,brain_tumor_figshare/405.mat,97607,1,0,Meningiom,0,Meningiom,evet,0.632549,0.364559,0.002892
405,406,brain_tumor_figshare/406.mat,97607,1,0,Meningiom,1,Gliom,hayır,0.23235,0.765208,0.002442
406,407,brain_tumor_figshare/407.mat,97607,1,0,Meningiom,0,Meningiom,evet,0.814314,0.184094,0.001592
407,408,brain_tumor_figshare/408.mat,97737,1,0,Meningiom,1,Gliom,hayır,0.325094,0.672271,0.002635
408,409,brain_tumor_figshare/409.mat,97737,1,0,Meningiom,1,Gliom,hayır,0.216011,0.782925,0.001064
409,410,brain_tumor_figshare/410.mat,97737,1,0,Meningiom,1,Gliom,hayır,0.215956,0.783145,0.000899
410,411,brain_tumor_figshare/411.mat,97737,1,0,Meningiom,1,Gliom,hayır,0.4738,0.523865,0.002336
411,412,brain_tumor_figshare/412.mat,97737,1,0,Meningiom,0,Meningiom,evet,0.879372,0.119322,0.001307
412,413,brain_tumor_figshare/413.mat,97737,1,0,Meningiom,0,Meningiom,evet,0.546766,0.451651,0.001583
413,414,brain_tumor_figshare/414.mat,97875,4,0,Meningiom,2,Hipofiz tümörü,hayır,0.011224,0.01307,0.975706
414,415,brain_tumor_figshare/415.mat,97875,4,0,Meningiom,2,Hipofiz tümörü,hayır,0.012556,0.065829,0.921615
415,416,brain_tumor_figshare/416.mat,97875,4,0,Meningiom,2,Hipofiz tümörü,hayır,0.035151,0.025875,0.938973
416,417,brain_tumor_figshare/417.mat,97875,4,0,Meningiom,2,Hipofiz tümörü,hayır,0.082971,0.090555,0.826474
417,418,brain_tumor_figshare/418.mat,97943,3,0,Meningiom,2,Hipofiz tümörü,hayır,0.218774,0.163168,0.618058
418,419,brain_tumor_figshare/419.mat,97943,3,0,Meningiom,1,Gliom,hayır,0.204575,0.412665,0.38276
419,420,brain_tumor_figshare/420.mat,97943,3,0,Meningiom,0,Meningiom,evet,0.664545,0.086439,0.249016
420,421,brain_tumor_figshare/421.mat,97943,3,0,Meningiom,0,Meningiom,evet,0.412204,0.192147,0.39565
421,422,brain_tumor_figshare/422.mat,97943,3,0,Meningiom,2,Hipofiz tümörü,hayır,0.067191,0.015934,0.916875
422,423,brain_tumor_figshare/423.mat,98241,2,0,Meningiom,1,Gliom,hayır,0.028889,0.971048,6.3e-05
423,424,brain_tumor_figshare/424.mat,98241,2,0,Meningiom,1,Gliom,hayır,0.003093,0.996882,2.5e-05
424,425,brain_tumor_figshare/425.mat,98241,2,0,Meningiom,1,Gliom,hayır,0.008913,0.991038,4.9e-05
425,426,brain_tumor_figshare/426.mat,98241,2,0,Meningiom,1,Gliom,hayır,0.009074,0.990881,4.5e-05
426,427,brain_tumor_figshare/427.mat,98241,2,0,Meningiom,1,Gliom,hayır,0.001642,0.998351,7e-06
427,428,brain_tumor_figshare/428.mat,98241,2,0,Meningiom,1,Gliom,hayır,0.057711,0.942178,0.000112
428,429,brain_tumor_figshare/429.mat,98241,2,0,Meningiom,1,Gliom,hayır,0.061157,0.938669,0.000174
429,430,brain_tumor_figshare/430.mat,99017,1,0,Meningiom,0,Meningiom,evet,0.914419,0.084195,0.001386
430,431,brain_tumor_figshare/431.mat,99017,1,0,Meningiom,0,Meningiom,evet,0.792964,0.206538,0.000498
431,432,brain_tumor_figshare/432.mat,99089,5,0,Meningiom,0,Meningiom,evet,0.572142,0.427525,0.000333
432,433,brain_tumor_figshare/433.mat,99089,5,0,Meningiom,0,Meningiom,evet,0.964263,0.03561,0.000126
433,434,brain_tumor_figshare/434.mat,99089,5,0,Meningiom,0,Meningiom,evet,0.976351,0.023538,0.000111
434,435,brain_tumor_figshare/435.mat,99089,5,0,Meningiom,0,Meningiom,evet,0.966447,0.033489,6.4e-05
435,436,brain_tumor_figshare/436.mat,99089,5,0,Meningiom,1,Gliom,hayır,0.445164,0.554248,0.000588
436,437,brain_tumor_figshare/437.mat,99288,2,0,Meningiom,0,Meningiom,evet,0.769498,0.229617,0.000885
437,438,brain_tumor_figshare/438.mat,99308,2,0,Meningiom,1,Gliom,hayır,0.261142,0.738778,8e-05
438,439,brain_tumor_figshare/439.mat,99308,2,0,Meningiom,1,Gliom,hayır,0.019845,0.980134,2.1e-05
439,440,brain_tumor_figshare/440.mat,99308,2,0,Meningiom,1,Gliom,hayır,0.044454,0.95552,2.6e-05
440,441,brain_tumor_figshare/441.mat,99308,2,0,Meningiom,1,Gliom,hayır,0.417989,0.581858,0.000153
441,442,brain_tumor_figshare/442.mat,100360,5,0,Meningiom,1,Gliom,hayır,0.016096,0.95654,0.027364
442,443,brain_tumor_figshare/443.mat,100360,5,0,Meningiom,1,Gliom,hayır,0.038861,0.960687,0.000452
443,444,brain_tumor_figshare/444.mat,100360,5,0,Meningiom,1,Gliom,hayır,0.011302,0.988379,0.000319
444,445,brain_tumor_figshare/445.mat,100360,5,0,Meningiom,1,Gliom,hayır,0.022284,0.976832,0.000884
445,446,brain_tumor_figshare/446.mat,100360,5,0,Meningiom,1,Gliom,hayır,0.130061,0.866339,0.0036
446,447,brain_tumor_figshare/447.mat,100360,5,0,Meningiom,1,Gliom,hayır,0.085495,0.8893,0.025204
447,448,brain_tumor_figshare/448.mat,100572,3,0,Meningiom,2,Hipofiz tümörü,hayır,0.057006,0.059705,0.883289
448,449,brain_tumor_figshare/449.mat,100572,3,0,Meningiom,2,Hipofiz tümörü,hayır,0.020483,0.013224,0.966293
449,450,brain_tumor_figshare/450.mat,100639,3,0,Meningiom,0,Meningiom,evet,0.848205,0.151559,0.000236
450,451,brain_tumor_figshare/451.mat,100639,3,0,Meningiom,0,Meningiom,evet,0.975653,0.024269,7.8e-05
451,452,brain_tumor_figshare/452.mat,100920,4,0,Meningiom,1,Gliom,hayır,0.093555,0.905393,0.001052
452,453,brain_tumor_figshare/453.mat,100920,4,0,Meningiom,1,Gliom,hayır,0.044493,0.95515,0.000357
453,454,brain_tumor_figshare/454.mat,100920,4,0,Meningiom,1,Gliom,hayır,0.071366,0.928237,0.000397
454,455,brain_tumor_figshare/455.mat,101016,4,0,Meningiom,1,Gliom,hayır,0.100278,0.899626,9.6e-05
455,456,brain_tumor_figshare/456.mat,101016,4,0,Meningiom,1,Gliom,hayır,0.360598,0.63886,0.000543
456,457,brain_tumor_figshare/457.mat,101016,4,0,Meningiom,0,Meningiom,evet,0.698159,0.301395,0.000446
457,458,brain_tumor_figshare/458.mat,101016,4,0,Meningiom,0,Meningiom,evet,0.856289,0.143204,0.000507
458,459,brain_tumor_figshare/459.mat,101082,4,0,Meningiom,0,Meningiom,evet,0.538266,0.461513,0.00022
459,460,brain_tumor_figshare/460.mat,101082,4,0,Meningiom,0,Meningiom,evet,0.828405,0.171176,0.000419
460,461,brain_tumor_figshare/461.mat,101127,4,0,Meningiom,1,Gliom,hayır,0.126141,0.802861,0.070998
461,462,brain_tumor_figshare/462.mat,101127,4,0,Meningiom,1,Gliom,hayır,0.21464,0.713838,0.071522
462,463,brain_tumor_figshare/463.mat,101127,4,0,Meningiom,1,Gliom,hayır,0.11093,0.873015,0.016055
463,464,brain_tumor_figshare/464.mat,101127,4,0,Meningiom,1,Gliom,hayır,0.246024,0.655103,0.098873
464,465,brain_tumor_figshare/465.mat,101797,5,0,Meningiom,1,Gliom,hayır,0.165567,0.834075,0.000359
465,466,brain_tumor_figshare/466.mat,101797,5,0,Meningiom,1,Gliom,hayır,0.032953,0.966982,6.5e-05
466,467,brain_tumor_figshare/467.mat,101797,5,0,Meningiom,1,Gliom,hayır,0.090035,0.90984,0.000124
467,468,brain_tumor_figshare/468.mat,101797,5,0,Meningiom,1,Gliom,hayır,0.036211,0.963722,6.8e-05
468,469,brain_tumor_figshare/469.mat,101797,5,0,Meningiom,1,Gliom,hayır,0.046973,0.952969,5.8e-05
469,470,brain_tumor_figshare/470.mat,101797,5,0,Meningiom,0,Meningiom,evet,0.720076,0.279596,0.000328
470,471,brain_tumor_figshare/471.mat,101801,3,0,Meningiom,1,Gliom,hayır,0.325101,0.673513,0.001386
471,472,brain_tumor_figshare/472.mat,101801,3,0,Meningiom,0,Meningiom,evet,0.838108,0.160798,0.001094
472,473,brain_tumor_figshare/473.mat,101801,3,0,Meningiom,1,Gliom,hayır,0.332144,0.666684,0.001172
473,474,brain_tumor_figshare/474.mat,102420,1,0,Meningiom,2,Hipofiz tümörü,hayır,0.037772,0.003028,0.9592
474,475,brain_tumor_figshare/475.mat,102420,1,0,Meningiom,2,Hipofiz tümörü,hayır,0.231857,0.012214,0.755929
475,476,brain_tumor_figshare/476.mat,102446,3,0,Meningiom,1,Gliom,hayır,0.099125,0.897458,0.003417
476,477,brain_tumor_figshare/477.mat,102446,3,0,Meningiom,1,Gliom,hayır,0.060205,0.928969,0.010826
477,478,brain_tumor_figshare/478.mat,102675,1,0,Meningiom,1,Gliom,hayır,0.026171,0.973043,0.000786
478,479,brain_tumor_figshare/479.mat,102675,1,0,Meningiom,1,Gliom,hayır,0.027072,0.972461,0.000467
479,480,brain_tumor_figshare/480.mat,102714,5,0,Meningiom,1,Gliom,hayır,0.147017,0.552997,0.299986
480,481,brain_tumor_figshare/481.mat,102714,5,0,Meningiom,0,Meningiom,evet,0.638081,0.332987,0.028932
481,482,brain_tumor_figshare/482.mat,102714,5,0,Meningiom,0,Meningiom,evet,0.495762,0.427184,0.077054
482,483,brain_tumor_figshare/483.mat,102714,5,0,Meningiom,0,Meningiom,evet,0.823624,0.123637,0.052739
483,484,brain_tumor_figshare/484.mat,102714,5,0,Meningiom,2,Hipofiz tümörü,hayır,0.00526,0.014093,0.980647
484,485,brain_tumor_figshare/485.mat,102818,2,0,Meningiom,2,Hipofiz tümörü,hayır,0.078485,0.056973,0.864543
485,486,brain_tumor_figshare/486.mat,102818,2,0,Meningiom,2,Hipofiz tümörü,hayır,0.231375,0.06773,0.700895
486,487,brain_tumor_figshare/487.mat,102818,2,0,Meningiom,2,Hipofiz tümörü,hayır,0.116866,0.103013,0.78012
487,488,brain_tumor_figshare/488.mat,102818,2,0,Meningiom,2,Hipofiz tümörü,hayır,0.019887,0.056271,0.923843
488,489,brain_tumor_figshare/489.mat,102935,1,0,Meningiom,0,Meningiom,evet,0.958502,0.041146,0.000352
489,490,brain_tumor_figshare/490.mat,102960,3,0,Meningiom,1,Gliom,hayır,0.43388,0.563912,0.002208
490,491,brain_tumor_figshare/491.mat,102960,3,0,Meningiom,1,Gliom,hayır,0.040618,0.958304,0.001077
491,492,brain_tumor_figshare/492.mat,102960,3,0,Meningiom,1,Gliom,hayır,0.018435,0.98089,0.000674
492,493,brain_tumor_figshare/493.mat,102960,3,0,Meningiom,1,Gliom,hayır,0.01256,0.9872,0.00024
493,494,brain_tumor_figshare/494.mat,102960,3,0,Meningiom,1,Gliom,hayır,0.04341,0.942406,0.014184
494,495,brain_tumor_figshare/495.mat,102985,4,0,Meningiom,0,Meningiom,evet,0.536891,0.459973,0.003136
495,496,brain_tumor_figshare/496.mat,103673,5,0,Meningiom,2,Hipofiz tümörü,hayır,0.01361,0.350905,0.635485
496,497,brain_tumor_figshare/497.mat,103673,5,0,Meningiom,2,Hipofiz tümörü,hayır,0.008804,0.308961,0.682235
497,498,brain_tumor_figshare/498.mat,103673,5,0,Meningiom,2,Hipofiz tümörü,hayır,0.013284,0.126236,0.86048
498,499,brain_tumor_figshare/499.mat,103673,5,0,Meningiom,2,Hipofiz tümörü,hayır,0.006882,0.054972,0.938147
499,500,brain_tumor_figshare/500.mat,103673,5,0,Meningiom,2,Hipofiz tümörü,hayır,0.002854,0.037812,0.959333
500,501,brain_tumor_figshare/501.mat,103925,4,0,Meningiom,2,Hipofiz tümörü,hayır,0.070681,0.003953,0.925366
501,502,brain_tumor_figshare/502.mat,103925,4,0,Meningiom,2,Hipofiz tümörü,hayır,0.075682,0.016803,0.907515
502,503,brain_tumor_figshare/503.mat,103925,4,0,Meningiom,2,Hipofiz tümörü,hayır,0.052181,0.01154,0.936279
503,504,brain_tumor_figshare/504.mat,103925,4,0,Meningiom,0,Meningiom,evet,0.511513,0.161719,0.326767
504,505,brain_tumor_figshare/505.mat,104167,3,0,Meningiom,0,Meningiom,evet,0.899845,0.093604,0.006551
505,506,brain_tumor_figshare/506.mat,104167,3,0,Meningiom,0,Meningiom,evet,0.719203,0.280256,0.000541
506,507,brain_tumor_figshare/507.mat,104167,3,0,Meningiom,0,Meningiom,evet,0.603779,0.395328,0.000893
507,508,brain_tumor_figshare/508.mat,104167,3,0,Meningiom,1,Gliom,hayır,0.44386,0.555221,0.000919
508,509,brain_tumor_figshare/509.mat,104167,3,0,Meningiom,0,Meningiom,evet,0.781556,0.215931,0.002514
509,510,brain_tumor_figshare/510.mat,104281,3,0,Meningiom,1,Gliom,hayır,0.166899,0.83126,0.001841
510,511,brain_tumor_figshare/511.mat,104281,3,0,Meningiom,1,Gliom,hayır,0.334441,0.664889,0.00067
511,512,brain_tumor_figshare/512.mat,104281,3,0,Meningiom,1,Gliom,hayır,0.141459,0.858223,0.000319
512,513,brain_tumor_figshare/513.mat,104281,3,0,Meningiom,0,Meningiom,evet,0.706086,0.2932,0.000714
513,514,brain_tumor_figshare/514.mat,104695,4,0,Meningiom,0,Meningiom,evet,0.581812,0.41773,0.000458
514,515,brain_tumor_figshare/515.mat,104695,4,0,Meningiom,1,Gliom,hayır,0.297903,0.701856,0.000241
515,516,brain_tumor_figshare/516.mat,104695,4,0,Meningiom,1,Gliom,hayır,0.093026,0.906736,0.000238
516,517,brain_tumor_figshare/517.mat,105374,4,0,Meningiom,1,Gliom,hayır,0.100874,0.898876,0.00025
517,518,brain_tumor_figshare/518.mat,105555,5,0,Meningiom,0,Meningiom,evet,0.899796,0.091807,0.008396
518,519,brain_tumor_figshare/519.mat,105555,5,0,Meningiom,0,Meningiom,evet,0.915134,0.084589,0.000276
519,520,brain_tumor_figshare/520.mat,105937,1,0,Meningiom,0,Meningiom,evet,0.837468,0.162364,0.000168
520,521,brain_tumor_figshare/521.mat,105937,1,0,Meningiom,0,Meningiom,evet,0.7429,0.256849,0.000251
521,522,brain_tumor_figshare/522.mat,105937,1,0,Meningiom,1,Gliom,hayır,0.333389,0.666168,0.000443
522,523,brain_tumor_figshare/523.mat,106284,2,0,Meningiom,1,Gliom,hayır,0.009385,0.9906,1.4e-05
523,524,brain_tumor_figshare/524.mat,106284,2,0,Meningiom,1,Gliom,hayır,0.083453,0.916457,9e-05
524,525,brain_tumor_figshare/525.mat,106284,2,0,Meningiom,1,Gliom,hayır,0.103946,0.895971,8.3e-05
525,526,brain_tumor_figshare/526.mat,106284,2,0,Meningiom,0,Meningiom,evet,0.682334,0.317586,8e-05
526,527,brain_tumor_figshare/527.mat,106442,1,0,Meningiom,0,Meningiom,evet,0.84892,0.150697,0.000383
527,528,brain_tumor_figshare/528.mat,106442,1,0,Meningiom,0,Meningiom,evet,0.895265,0.104313,0.000421
528,529,brain_tumor_figshare/529.mat,106442,1,0,Meningiom,0,Meningiom,evet,0.851277,0.148395,0.000328
529,530,brain_tumor_figshare/530.mat,106534,4,0,Meningiom,1,Gliom,hayır,0.086148,0.913765,8.7e-05
530,531,brain_tumor_figshare/531.mat,106534,4,0,Meningiom,1,Gliom,hayır,0.304872,0.695015,0.000113
531,532,brain_tumor_figshare/532.mat,106592,4,0,Meningiom,1,Gliom,hayır,0.060425,0.938356,0.001218
532,533,brain_tumor_figshare/533.mat,106665,3,0,Meningiom,0,Meningiom,evet,0.731241,0.267316,0.001443
533,534,brain_tumor_figshare/534.mat,106665,3,0,Meningiom,1,Gliom,hayır,0.32377,0.67564,0.00059
534,535,brain_tumor_figshare/535.mat,106665,3,0,Meningiom,1,Gliom,hayır,0.163915,0.835178,0.000907
535,536,brain_tumor_figshare/536.mat,106665,3,0,Meningiom,1,Gliom,hayır,0.10543,0.894176,0.000393
536,537,brain_tumor_figshare/537.mat,106665,3,0,Meningiom,1,Gliom,hayır,0.047299,0.952549,0.000152
537,538,brain_tumor_figshare/538.mat,106665,3,0,Meningiom,1,Gliom,hayır,0.087604,0.912189,0.000207
538,539,brain_tumor_figshare/539.mat,106665,3,0,Meningiom,1,Gliom,hayır,0.431258,0.564181,0.00456
539,540,brain_tumor_figshare/540.mat,106720,1,0,Meningiom,1,Gliom,hayır,0.133475,0.865788,0.000737
540,541,brain_tumor_figshare/541.mat,106720,1,0,Meningiom,1,Gliom,hayır,0.027255,0.972501,0.000243
541,542,brain_tumor_figshare/542.mat,106720,1,0,Meningiom,1,Gliom,hayır,0.106319,0.893298,0.000383
542,543,brain_tumor_figshare/543.mat,106914,2,0,Meningiom,1,Gliom,hayır,0.091989,0.907861,0.00015
543,544,brain_tumor_figshare/544.mat,106914,2,0,Meningiom,1,Gliom,hayır,0.181226,0.81847,0.000304
544,545,brain_tumor_figshare/545.mat,106914,2,0,Meningiom,1,Gliom,hayır,0.162023,0.837703,0.000274
545,546,brain_tumor_figshare/546.mat,106914,2,0,Meningiom,1,Gliom,hayır,0.350131,0.647993,0.001876
546,547,brain_tumor_figshare/547.mat,106914,2,0,Meningiom,0,Meningiom,evet,0.628798,0.369927,0.001275
547,548,brain_tumor_figshare/548.mat,106914,2,0,Meningiom,1,Gliom,hayır,0.485085,0.514234,0.000681
548,549,brain_tumor_figshare/549.mat,106914,2,0,Meningiom,1,Gliom,hayır,0.419994,0.578587,0.001419
549,550,brain_tumor_figshare/550.mat,107190,5,0,Meningiom,0,Meningiom,evet,0.513757,0.485225,0.001018
550,551,brain_tumor_figshare/551.mat,107248,5,0,Meningiom,2,Hipofiz tümörü,hayır,0.229237,0.076368,0.694395
551,552,brain_tumor_figshare/552.mat,107248,5,0,Meningiom,2,Hipofiz tümörü,hayır,0.003129,0.28681,0.710061
552,553,brain_tumor_figshare/553.mat,107248,5,0,Meningiom,2,Hipofiz tümörü,hayır,0.029783,0.018244,0.951973
553,554,brain_tumor_figshare/554.mat,107248,5,0,Meningiom,1,Gliom,hayır,0.030991,0.968865,0.000145
554,555,brain_tumor_figshare/555.mat,107248,5,0,Meningiom,1,Gliom,hayır,0.022599,0.977206,0.000195
555,556,brain_tumor_figshare/556.mat,107494,4,0,Meningiom,0,Meningiom,evet,0.804108,0.111781,0.084111
556,557,brain_tumor_figshare/557.mat,107494,4,0,Meningiom,1,Gliom,hayır,0.320476,0.637272,0.042253
557,558,brain_tumor_figshare/558.mat,107494,4,0,Meningiom,2,Hipofiz tümörü,hayır,0.019683,0.021958,0.95836
558,559,brain_tumor_figshare/559.mat,107494,4,0,Meningiom,2,Hipofiz tümörü,hayır,0.012014,0.013217,0.974769
559,560,brain_tumor_figshare/560.mat,107946,2,0,Meningiom,1,Gliom,hayır,0.007761,0.992194,4.5e-05
560,561,brain_tumor_figshare/561.mat,107946,2,0,Meningiom,1,Gliom,hayır,0.003171,0.996769,6.1e-05
561,562,brain_tumor_figshare/562.mat,107946,2,0,Meningiom,1,Gliom,hayır,0.077012,0.92092,0.002068
562,563,brain_tumor_figshare/563.mat,107946,2,0,Meningiom,1,Gliom,hayır,0.015436,0.982066,0.002498
563,564,brain_tumor_figshare/564.mat,108514,5,0,Meningiom,1,Gliom,hayır,0.048637,0.951212,0.000151
564,565,brain_tumor_figshare/565.mat,108514,5,0,Meningiom,1,Gliom,hayır,0.077671,0.92228,4.9e-05
565,566,brain_tumor_figshare/566.mat,108514,5,0,Meningiom,1,Gliom,hayır,0.110547,0.889388,6.5e-05
566,567,brain_tumor_figshare/567.mat,108514,5,0,Meningiom,0,Meningiom,evet,0.704265,0.295614,0.000121
567,568,brain_tumor_figshare/568.mat,108514,5,0,Meningiom,0,Meningiom,evet,0.568504,0.43105,0.000446
568,569,brain_tumor_figshare/569.mat,108550,5,0,Meningiom,2,Hipofiz tümörü,hayır,0.019042,0.048233,0.932725
569,570,brain_tumor_figshare/570.mat,108550,5,0,Meningiom,2,Hipofiz tümörü,hayır,0.007198,0.011713,0.981089
570,571,brain_tumor_figshare/571.mat,108590,3,0,Meningiom,0,Meningiom,evet,0.784815,0.210655,0.00453
571,572,brain_tumor_figshare/572.mat,108590,3,0,Meningiom,0,Meningiom,evet,0.786556,0.211045,0.002399
572,573,brain_tumor_figshare/573.mat,108945,4,0,Meningiom,0,Meningiom,evet,0.57736,0.421985,0.000655
573,574,brain_tumor_figshare/574.mat,108945,4,0,Meningiom,0,Meningiom,evet,0.760049,0.239353,0.000598
574,575,brain_tumor_figshare/575.mat,108945,4,0,Meningiom,0,Meningiom,evet,0.500175,0.499199,0.000626
575,576,brain_tumor_figshare/576.mat,108945,4,0,Meningiom,0,Meningiom,evet,0.548711,0.450991,0.000298
576,577,brain_tumor_figshare/577.mat,109350,5,0,Meningiom,0,Meningiom,evet,0.969819,0.030079,0.000101
577,578,brain_tumor_figshare/578.mat,109350,5,0,Meningiom,0,Meningiom,evet,0.814754,0.184761,0.000484
578,579,brain_tumor_figshare/579.mat,109411,3,0,Meningiom,0,Meningiom,evet,0.728786,0.062049,0.209165
579,580,brain_tumor_figshare/580.mat,109968,3,0,Meningiom,0,Meningiom,evet,0.693895,0.305576,0.000529
580,581,brain_tumor_figshare/581.mat,109968,3,0,Meningiom,1,Gliom,hayır,0.384285,0.614642,0.001073
581,582,brain_tumor_figshare/582.mat,109968,3,0,Meningiom,0,Meningiom,evet,0.618663,0.380195,0.001141
582,583,brain_tumor_figshare/583.mat,109968,3,0,Meningiom,0,Meningiom,evet,0.507408,0.492243,0.000349
583,584,brain_tumor_figshare/584.mat,110808,1,0,Meningiom,2,Hipofiz tümörü,hayır,0.013798,0.005614,0.980588
584,585,brain_tumor_figshare/585.mat,110808,1,0,Meningiom,1,Gliom,hayır,0.183279,0.814074,0.002647
585,586,brain_tumor_figshare/586.mat,111077,2,0,Meningiom,0,Meningiom,evet,0.92248,0.077316,0.000204
586,587,brain_tumor_figshare/587.mat,111077,2,0,Meningiom,1,Gliom,hayır,0.320089,0.679551,0.00036
587,588,brain_tumor_figshare/588.mat,111077,2,0,Meningiom,0,Meningiom,evet,0.717702,0.282001,0.000297
588,589,brain_tumor_figshare/589.mat,111366,3,0,Meningiom,0,Meningiom,evet,0.524095,0.466818,0.009086
589,590,brain_tumor_figshare/590.mat,111366,3,0,Meningiom,0,Meningiom,evet,0.628591,0.315089,0.05632
590,591,brain_tumor_figshare/591.mat,111366,3,0,Meningiom,1,Gliom,hayır,0.358687,0.570799,0.070515
591,592,brain_tumor_figshare/592.mat,111366,3,0,Meningiom,2,Hipofiz tümörü,hayır,0.146179,0.241125,0.612696
592,593,brain_tumor_figshare/593.mat,111532,1,0,Meningiom,1,Gliom,hayır,0.046417,0.947183,0.0064
593,594,brain_tumor_figshare/594.mat,111532,1,0,Meningiom,1,Gliom,hayır,0.105313,0.892531,0.002156
594,595,brain_tumor_figshare/595.mat,111532,1,0,Meningiom,0,Meningiom,evet,0.731853,0.26495,0.003197
595,596,brain_tumor_figshare/596.mat,111696,1,0,Meningiom,1,Gliom,hayır,0.017068,0.981855,0.001077
596,597,brain_tumor_figshare/597.mat,111710,4,0,Meningiom,1,Gliom,hayır,0.005876,0.992443,0.001681
597,598,brain_tumor_figshare/598.mat,111710,4,0,Meningiom,1,Gliom,hayır,0.135415,0.861877,0.002708
598,599,brain_tumor_figshare/599.mat,112002,2,0,Meningiom,1,Gliom,hayır,0.421937,0.57796,0.000103
599,600,brain_tumor_figshare/600.mat,112002,2,0,Meningiom,1,Gliom,hayır,0.238292,0.761572,0.000136
600,601,brain_tumor_figshare/601.mat,112002,2,0,Meningiom,1,Gliom,hayır,0.098192,0.901752,5.6e-05
601,602,brain_tumor_figshare/602.mat,112002,2,0,Meningiom,1,Gliom,hayır,0.159669,0.840253,7.8e-05
602,603,brain_tumor_figshare/603.mat,112062,4,0,Meningiom,0,Meningiom,evet,0.894381,0.10547,0.000148
603,604,brain_tumor_figshare/604.mat,112062,4,0,Meningiom,0,Meningiom,evet,0.919351,0.08053,0.000118
604,605,brain_tumor_figshare/605.mat,112062,4,0,Meningiom,0,Meningiom,evet,0.755567,0.244353,8e-05
605,606,brain_tumor_figshare/606.mat,112252,1,0,Meningiom,0,Meningiom,evet,0.939653,0.055558,0.004789
606,607,brain_tumor_figshare/607.mat,112252,1,0,Meningiom,1,Gliom,hayır,0.43875,0.558322,0.002928
607,608,brain_tumor_figshare/608.mat,112552,2,0,Meningiom,0,Meningiom,evet,0.774191,0.225702,0.000108
608,609,brain_tumor_figshare/609.mat,112552,2,0,Meningiom,0,Meningiom,evet,0.630303,0.369616,8.2e-05
609,610,brain_tumor_figshare/610.mat,112552,2,0,Meningiom,1,Gliom,hayır,0.160481,0.839353,0.000166
610,611,brain_tumor_figshare/611.mat,112552,2,0,Meningiom,1,Gliom,hayır,0.111606,0.88821,0.000184
611,612,brain_tumor_figshare/612.mat,112552,2,0,Meningiom,1,Gliom,hayır,0.049538,0.950368,9.4e-05
612,613,brain_tumor_figshare/613.mat,112552,2,0,Meningiom,1,Gliom,hayır,0.026666,0.973273,6.1e-05
613,614,brain_tumor_figshare/614.mat,112552,2,0,Meningiom,1,Gliom,hayır,0.040007,0.959942,5e-05
614,615,brain_tumor_figshare/615.mat,112648,3,0,Meningiom,1,Gliom,hayır,0.092312,0.90701,0.000678
615,616,brain_tumor_figshare/616.mat,112648,3,0,Meningiom,1,Gliom,hayır,0.401475,0.597916,0.000609
616,617,brain_tumor_figshare/617.mat,112648,3,0,Meningiom,0,Meningiom,evet,0.920975,0.078573,0.000452
617,618,brain_tumor_figshare/618.mat,112648,3,0,Meningiom,0,Meningiom,evet,0.508873,0.490427,0.0007
618,619,brain_tumor_figshare/619.mat,112650,3,0,Meningiom,1,Gliom,hayır,0.016681,0.975027,0.008292
619,620,brain_tumor_figshare/620.mat,112650,3,0,Meningiom,1,Gliom,hayır,0.104219,0.775649,0.120132
620,621,brain_tumor_figshare/621.mat,113098,1,0,Meningiom,1,Gliom,hayır,0.24596,0.714092,0.039948
621,622,brain_tumor_figshare/622.mat,113098,1,0,Meningiom,1,Gliom,hayır,0.186774,0.804964,0.008263
622,623,brain_tumor_figshare/623.mat,113098,1,0,Meningiom,1,Gliom,hayır,0.224096,0.770072,0.005831
623,624,brain_tumor_figshare/624.mat,113098,1,0,Meningiom,2,Hipofiz tümörü,hayır,0.099371,0.22605,0.674579
624,625,brain_tumor_figshare/625.mat,113435,5,0,Meningiom,0,Meningiom,evet,0.524016,0.475909,7.5e-05
625,626,brain_tumor_figshare/626.mat,113435,5,0,Meningiom,0,Meningiom,evet,0.547836,0.45203,0.000134
626,627,brain_tumor_figshare/627.mat,113435,5,0,Meningiom,1,Gliom,hayır,0.344055,0.655701,0.000244
627,628,brain_tumor_figshare/628.mat,113435,5,0,Meningiom,1,Gliom,hayır,0.049749,0.950107,0.000144
628,629,brain_tumor_figshare/629.mat,113435,5,0,Meningiom,1,Gliom,hayır,0.130193,0.869694,0.000113
629,630,brain_tumor_figshare/630.mat,113435,5,0,Meningiom,1,Gliom,hayır,0.012426,0.987536,3.8e-05
630,631,brain_tumor_figshare/631.mat,113554,5,0,Meningiom,0,Meningiom,evet,0.65809,0.341552,0.000358
631,632,brain_tumor_figshare/632.mat,113554,5,0,Meningiom,1,Gliom,hayır,0.201186,0.79859,0.000224
632,633,brain_tumor_figshare/633.mat,113554,5,0,Meningiom,0,Meningiom,evet,0.627016,0.372792,0.000192
633,634,brain_tumor_figshare/634.mat,113554,5,0,Meningiom,0,Meningiom,evet,0.500835,0.498474,0.000691
634,635,brain_tumor_figshare/635.mat,113614,4,0,Meningiom,1,Gliom,hayır,0.246747,0.752694,0.000559
635,636,brain_tumor_figshare/636.mat,113614,4,0,Meningiom,1,Gliom,hayır,0.153622,0.845764,0.000614
636,637,brain_tumor_figshare/637.mat,113614,4,0,Meningiom,1,Gliom,hayır,0.057357,0.942149,0.000494
637,638,brain_tumor_figshare/638.mat,113614,4,0,Meningiom,1,Gliom,hayır,0.231804,0.767011,0.001185
638,639,brain_tumor_figshare/639.mat,113805,2,0,Meningiom,0,Meningiom,evet,0.990316,0.009585,9.8e-05
639,640,brain_tumor_figshare/640.mat,113971,5,0,Meningiom,0,Meningiom,evet,0.943303,0.056578,0.000119
640,641,brain_tumor_figshare/641.mat,113971,5,0,Meningiom,0,Meningiom,evet,0.843526,0.156313,0.000161
641,642,brain_tumor_figshare/642.mat,114018,2,0,Meningiom,2,Hipofiz tümörü,hayır,0.00811,0.019581,0.972309
642,643,brain_tumor_figshare/643.mat,114018,2,0,Meningiom,2,Hipofiz tümörü,hayır,0.037949,0.325715,0.636336
643,644,brain_tumor_figshare/644.mat,114018,2,0,Meningiom,1,Gliom,hayır,0.03681,0.722662,0.240528
644,645,brain_tumor_figshare/645.mat,114018,2,0,Meningiom,1,Gliom,hayır,0.035531,0.734199,0.230271
645,646,brain_tumor_figshare/646.mat,114018,2,0,Meningiom,1,Gliom,hayır,0.037535,0.700493,0.261972
646,647,brain_tumor_figshare/647.mat,114018,2,0,Meningiom,2,Hipofiz tümörü,hayır,0.044942,0.399184,0.555873
647,648,brain_tumor_figshare/648.mat,114359,2,0,Meningiom,1,Gliom,hayır,0.08496,0.914809,0.000231
648,649,brain_tumor_figshare/649.mat,114359,2,0,Meningiom,1,Gliom,hayır,0.038557,0.961137,0.000306
649,650,brain_tumor_figshare/650.mat,114359,2,0,Meningiom,1,Gliom,hayır,0.098455,0.901232,0.000313
650,651,brain_tumor_figshare/651.mat,114359,2,0,Meningiom,1,Gliom,hayır,0.205403,0.794383,0.000214
651,652,brain_tumor_figshare/652.mat,114359,2,0,Meningiom,0,Meningiom,evet,0.748987,0.250769,0.000244
652,653,brain_tumor_figshare/653.mat,114359,2,0,Meningiom,0,Meningiom,evet,0.743605,0.256171,0.000224
653,654,brain_tumor_figshare/654.mat,114359,2,0,Meningiom,0,Meningiom,evet,0.51239,0.485862,0.001748
654,655,brain_tumor_figshare/655.mat,114417,2,0,Meningiom,0,Meningiom,evet,0.796323,0.203538,0.000139
655,656,brain_tumor_figshare/656.mat,114417,2,0,Meningiom,0,Meningiom,evet,0.954699,0.045258,4.3e-05
656,657,brain_tumor_figshare/657.mat,114417,2,0,Meningiom,0,Meningiom,evet,0.902974,0.096972,5.4e-05
657,658,brain_tumor_figshare/658.mat,114417,2,0,Meningiom,0,Meningiom,evet,0.918069,0.081855,7.6e-05
658,659,brain_tumor_figshare/659.mat,97374,3,0,Meningiom,0,Meningiom,evet,0.706932,0.290411,0.002657
659,660,brain_tumor_figshare/660.mat,97374,3,0,Meningiom,1,Gliom,hayır,0.367203,0.631155,0.001641
660,661,brain_tumor_figshare/661.mat,97374,3,0,Meningiom,1,Gliom,hayır,0.475187,0.523889,0.000924
661,662,brain_tumor_figshare/662.mat,97374,3,0,Meningiom,0,Meningiom,evet,0.902949,0.095216,0.001835
662,663,brain_tumor_figshare/663.mat,97374,3,0,Meningiom,1,Gliom,hayır,0.437997,0.557887,0.004115
663,664,brain_tumor_figshare/664.mat,97607,1,0,Meningiom,0,Meningiom,evet,0.881776,0.118029,0.000194
664,665,brain_tumor_figshare/665.mat,97607,1,0,Meningiom,0,Meningiom,evet,0.858359,0.14145,0.000191
665,666,brain_tumor_figshare/666.mat,97607,1,0,Meningiom,0,Meningiom,evet,0.823641,0.176091,0.000268
666,667,brain_tumor_figshare/667.mat,97607,1,0,Meningiom,1,Gliom,hayır,0.435317,0.56447,0.000212
667,668,brain_tumor_figshare/668.mat,97737,1,0,Meningiom,1,Gliom,hayır,0.418636,0.58041,0.000954
668,669,brain_tumor_figshare/669.mat,97737,1,0,Meningiom,0,Meningiom,evet,0.625632,0.374037,0.000331
669,670,brain_tumor_figshare/670.mat,97737,1,0,Meningiom,0,Meningiom,evet,0.569875,0.429892,0.000234
670,671,brain_tumor_figshare/671.mat,97737,1,0,Meningiom,0,Meningiom,evet,0.630908,0.368796,0.000296
671,672,brain_tumor_figshare/672.mat,97737,1,0,Meningiom,1,Gliom,hayır,0.498159,0.500975,0.000866
672,673,brain_tumor_figshare/673.mat,97793,3,0,Meningiom,1,Gliom,hayır,0.06552,0.921985,0.012495
673,674,brain_tumor_figshare/674.mat,97875,4,0,Meningiom,2,Hipofiz tümörü,hayır,0.022815,0.011584,0.965601
674,675,brain_tumor_figshare/675.mat,97943,3,0,Meningiom,1,Gliom,hayır,0.081546,0.91811,0.000344
675,676,brain_tumor_figshare/676.mat,97943,3,0,Meningiom,1,Gliom,hayır,0.262995,0.736847,0.000157
676,677,brain_tumor_figshare/677.mat,97943,3,0,Meningiom,0,Meningiom,evet,0.519944,0.479839,0.000217
677,678,brain_tumor_figshare/678.mat,97943,3,0,Meningiom,1,Gliom,hayır,0.403492,0.595874,0.000635
678,679,brain_tumor_figshare/679.mat,97943,3,0,Meningiom,0,Meningiom,evet,0.502659,0.496243,0.001098
679,680,brain_tumor_figshare/680.mat,98241,2,0,Meningiom,1,Gliom,hayır,0.004664,0.995326,9e-06
680,681,brain_tumor_figshare/681.mat,98241,2,0,Meningiom,1,Gliom,hayır,0.002345,0.997647,8e-06
681,682,brain_tumor_figshare/682.mat,98241,2,0,Meningiom,1,Gliom,hayır,0.032243,0.967726,3.1e-05
682,683,brain_tumor_figshare/683.mat,98241,2,0,Meningiom,1,Gliom,hayır,0.275831,0.724051,0.000118
683,684,brain_tumor_figshare/684.mat,98241,2,0,Meningiom,1,Gliom,hayır,0.473083,0.526777,0.00014
684,685,brain_tumor_figshare/685.mat,98241,2,0,Meningiom,0,Meningiom,evet,0.862249,0.137623,0.000127
685,686,brain_tumor_figshare/686.mat,99017,1,0,Meningiom,0,Meningiom,evet,0.818997,0.180566,0.000437
686,687,brain_tumor_figshare/687.mat,99017,1,0,Meningiom,0,Meningiom,evet,0.935133,0.064004,0.000864
687,688,brain_tumor_figshare/688.mat,99089,5,0,Meningiom,0,Meningiom,evet,0.693396,0.306437,0.000167
688,689,brain_tumor_figshare/689.mat,99089,5,0,Meningiom,0,Meningiom,evet,0.637548,0.361964,0.000488
689,690,brain_tumor_figshare/690.mat,99089,5,0,Meningiom,0,Meningiom,evet,0.841534,0.158128,0.000338
690,691,brain_tumor_figshare/691.mat,99089,5,0,Meningiom,0,Meningiom,evet,0.746966,0.252809,0.000225
691,692,brain_tumor_figshare/692.mat,99089,5,0,Meningiom,0,Meningiom,evet,0.704209,0.295336,0.000455
692,693,brain_tumor_figshare/693.mat,99162,1,0,Meningiom,0,Meningiom,evet,0.845591,0.153773,0.000636
693,694,brain_tumor_figshare/694.mat,99162,1,0,Meningiom,1,Gliom,hayır,0.451121,0.548567,0.000312
694,695,brain_tumor_figshare/695.mat,99162,1,0,Meningiom,1,Gliom,hayır,0.424776,0.574553,0.000671
695,696,brain_tumor_figshare/696.mat,99288,2,0,Meningiom,0,Meningiom,evet,0.727773,0.272182,4.5e-05
696,697,brain_tumor_figshare/697.mat,99308,2,0,Meningiom,1,Gliom,hayır,0.179631,0.820323,4.6e-05
697,698,brain_tumor_figshare/698.mat,99308,2,0,Meningiom,1,Gliom,hayır,0.339829,0.660136,3.4e-05
698,699,brain_tumor_figshare/699.mat,99308,2,0,Meningiom,1,Gliom,hayır,0.391846,0.608116,3.7e-05
699,700,brain_tumor_figshare/700.mat,99308,2,0,Meningiom,1,Gliom,hayır,0.066808,0.933163,2.9e-05
700,701,brain_tumor_figshare/701.mat,99308,2,0,Meningiom,1,Gliom,hayır,0.040489,0.959478,3.3e-05
701,702,brain_tumor_figshare/702.mat,99308,2,0,Meningiom,1,Gliom,hayır,0.181479,0.818482,3.9e-05
702,703,brain_tumor_figshare/703.mat,99815,4,0,Meningiom,0,Meningiom,evet,0.926512,0.073343,0.000145
703,704,brain_tumor_figshare/704.mat,99815,4,0,Meningiom,0,Meningiom,evet,0.940978,0.058836,0.000186
704,705,brain_tumor_figshare/705.mat,99815,4,0,Meningiom,0,Meningiom,evet,0.903176,0.096415,0.000409
705,706,brain_tumor_figshare/706.mat,99815,4,0,Meningiom,0,Meningiom,evet,0.94257,0.057296,0.000134
706,707,brain_tumor_figshare/707.mat,99815,4,0,Meningiom,0,Meningiom,evet,0.777545,0.222339,0.000116
707,708,brain_tumor_figshare/708.mat,99815,4,0,Meningiom,0,Meningiom,evet,0.938969,0.06091,0.000121
708,709,brain_tumor_figshare/709.mat,105936,5,2,Hipofiz tümörü,2,Hipofiz tümörü,evet,0.088991,0.096245,0.814764
709,710,brain_tumor_figshare/710.mat,105936,5,2,Hipofiz tümörü,2,Hipofiz tümörü,evet,0.166587,0.074501,0.758912
710,711,brain_tumor_figshare/711.mat,105936,5,2,Hipofiz tümörü,1,Gliom,hayır,0.0768,0.484354,0.438846
711,712,brain_tumor_figshare/712.mat,106062,3,2,Hipofiz tümörü,2,Hipofiz tümörü,evet,0.059914,0.088647,0.851439
712,713,brain_tumor_figshare/713.mat,106062,3,2,Hipofiz tümörü,2,Hipofiz tümörü,evet,0.14978,0.006274,0.843946
713,714,brain_tumor_figshare/714.mat,106062,3,2,Hipofiz tümörü,2,Hipofiz tümörü,evet,0.298635,0.282948,0.418417
714,715,brain_tumor_figshare/715.mat,100820,3,1,Gliom,1,Gliom,evet,0.020978,0.978862,0.00016
715,716,brain_tumor_figshare/716.mat,100820,3,1,Gliom,1,Gliom,evet,0.000773,0.999116,0.00011
716,717,brain_tumor_figshare/717.mat,100820,3,1,Gliom,1,Gliom,evet,0.001115,0.998751,0.000134
717,718,brain_tumor_figshare/718.mat,101020,3,1,Gliom,1,Gliom,evet,0.1737,0.826177,0.000124
718,719,brain_tumor_figshare/719.mat,101020,3,1,Gliom,1,Gliom,evet,0.091279,0.908604,0.000117
719,720,brain_tumor_figshare/720.mat,101020,3,1,Gliom,1,Gliom,evet,0.17098,0.828938,8.1e-05
720,721,brain_tumor_figshare/721.mat,101020,3,1,Gliom,1,Gliom,evet,0.000491,0.999422,8.8e-05
721,722,brain_tumor_figshare/722.mat,102075,5,1,Gliom,0,Meningiom,hayır,0.903365,0.06522,0.031415
722,723,brain_tumor_figshare/723.mat,102075,5,1,Gliom,0,Meningiom,hayır,0.609082,0.330763,0.060155
723,724,brain_tumor_figshare/724.mat,102075,5,1,Gliom,0,Meningiom,hayır,0.640117,0.312964,0.046919
724,725,brain_tumor_figshare/725.mat,103148,1,1,Gliom,0,Meningiom,hayır,0.55516,0.274764,0.170076
725,726,brain_tumor_figshare/726.mat,103148,1,1,Gliom,0,Meningiom,hayır,0.689521,0.277429,0.03305
726,727,brain_tumor_figshare/727.mat,103148,1,1,Gliom,0,Meningiom,hayır,0.81395,0.129945,0.056105
727,728,brain_tumor_figshare/728.mat,103148,1,1,Gliom,1,Gliom,evet,0.169792,0.816955,0.013253
728,729,brain_tumor_figshare/729.mat,106494,5,1,Gliom,1,Gliom,evet,0.112826,0.857262,0.029912
729,730,brain_tumor_figshare/730.mat,106494,5,1,Gliom,1,Gliom,evet,0.007677,0.991569,0.000754
730,731,brain_tumor_figshare/731.mat,106494,5,1,Gliom,1,Gliom,evet,0.014847,0.984941,0.000212
731,732,brain_tumor_figshare/732.mat,106494,5,1,Gliom,1,Gliom,evet,0.050717,0.941472,0.007811
732,733,brain_tumor_figshare/733.mat,106494,5,1,Gliom,1,Gliom,evet,0.042277,0.951356,0.006367
733,734,brain_tumor_figshare/734.mat,106494,5,1,Gliom,2,Hipofiz tümörü,hayır,0.019395,0.039492,0.941113
734,735,brain_tumor_figshare/735.mat,107747,5,1,Gliom,1,Gliom,evet,0.002669,0.997301,3e-05
735,736,brain_tumor_figshare/736.mat,107747,5,1,Gliom,1,Gliom,evet,0.012774,0.987181,4.5e-05
736,737,brain_tumor_figshare/737.mat,107747,5,1,Gliom,1,Gliom,evet,0.007499,0.992445,5.6e-05
737,738,brain_tumor_figshare/738.mat,107747,5,1,Gliom,1,Gliom,evet,0.011509,0.988409,8.2e-05
738,739,brain_tumor_figshare/739.mat,107747,5,1,Gliom,1,Gliom,evet,0.275912,0.722619,0.001469
739,740,brain_tumor_figshare/740.mat,112105,4,1,Gliom,1,Gliom,evet,0.13238,0.86729,0.00033
740,741,brain_tumor_figshare/741.mat,112105,4,1,Gliom,1,Gliom,evet,0.000896,0.999059,4.5e-05
741,742,brain_tumor_figshare/742.mat,112105,4,1,Gliom,1,Gliom,evet,0.014461,0.985474,6.5e-05
742,743,brain_tumor_figshare/743.mat,112105,4,1,Gliom,1,Gliom,evet,0.026983,0.972891,0.000126
743,744,brain_tumor_figshare/744.mat,112105,4,1,Gliom,1,Gliom,evet,0.050365,0.949474,0.000161
744,745,brain_tumor_figshare/745.mat,112105,4,1,Gliom,1,Gliom,evet,0.049025,0.950805,0.000169
745,746,brain_tumor_figshare/746.mat,112105,4,1,Gliom,1,Gliom,evet,0.00645,0.993505,4.5e-05
746,747,brain_tumor_figshare/747.mat,100820,3,1,Gliom,1,Gliom,evet,0.002222,0.997725,5.3e-05
747,748,brain_tumor_figshare/748.mat,100820,3,1,Gliom,1,Gliom,evet,0.003388,0.99656,5.2e-05
748,749,brain_tumor_figshare/749.mat,100820,3,1,Gliom,1,Gliom,evet,0.001745,0.998207,4.8e-05
749,750,brain_tumor_figshare/750.mat,100820,3,1,Gliom,1,Gliom,evet,0.002679,0.997297,2.4e-05
750,751,brain_tumor_figshare/751.mat,100820,3,1,Gliom,1,Gliom,evet,0.001562,0.998399,3.8e-05
751,752,brain_tumor_figshare/752.mat,100820,3,1,Gliom,1,Gliom,evet,0.000663,0.999305,3.2e-05
752,753,brain_tumor_figshare/753.mat,101020,3,1,Gliom,1,Gliom,evet,0.054876,0.944418,0.000706
753,754,brain_tumor_figshare/754.mat,101020,3,1,Gliom,1,Gliom,evet,0.001792,0.998125,8.3e-05
754,755,brain_tumor_figshare/755.mat,101020,3,1,Gliom,1,Gliom,evet,0.096364,0.903328,0.000308
755,756,brain_tumor_figshare/756.mat,101020,3,1,Gliom,1,Gliom,evet,0.057641,0.941362,0.000997
756,757,brain_tumor_figshare/757.mat,101020,3,1,Gliom,1,Gliom,evet,0.21068,0.787282,0.002038
757,758,brain_tumor_figshare/758.mat,101020,3,1,Gliom,1,Gliom,evet,0.084781,0.914672,0.000547
758,759,brain_tumor_figshare/759.mat,101020,3,1,Gliom,1,Gliom,evet,0.006005,0.993899,9.6e-05
759,760,brain_tumor_figshare/760.mat,101020,3,1,Gliom,1,Gliom,evet,0.148498,0.851295,0.000208
760,761,brain_tumor_figshare/761.mat,102075,5,1,Gliom,1,Gliom,evet,0.130053,0.867435,0.002511
761,762,brain_tumor_figshare/762.mat,102075,5,1,Gliom,1,Gliom,evet,0.070072,0.928711,0.001217
762,763,brain_tumor_figshare/763.mat,102075,5,1,Gliom,1,Gliom,evet,0.039335,0.957514,0.00315
763,764,brain_tumor_figshare/764.mat,103148,1,1,Gliom,2,Hipofiz tümörü,hayır,0.329295,0.055159,0.615546
764,765,brain_tumor_figshare/765.mat,103148,1,1,Gliom,0,Meningiom,hayır,0.626588,0.188483,0.184929
765,766,brain_tumor_figshare/766.mat,103148,1,1,Gliom,1,Gliom,evet,0.104538,0.881901,0.013561
766,767,brain_tumor_figshare/767.mat,103148,1,1,Gliom,2,Hipofiz tümörü,hayır,0.44697,0.030639,0.522391
767,768,brain_tumor_figshare/768.mat,106494,5,1,Gliom,1,Gliom,evet,0.134181,0.864228,0.00159
768,769,brain_tumor_figshare/769.mat,106494,5,1,Gliom,1,Gliom,evet,0.000427,0.999553,2e-05
769,770,brain_tumor_figshare/770.mat,106494,5,1,Gliom,1,Gliom,evet,0.000472,0.999502,2.6e-05
770,771,brain_tumor_figshare/771.mat,106494,5,1,Gliom,1,Gliom,evet,0.002015,0.997889,9.6e-05
771,772,brain_tumor_figshare/772.mat,106494,5,1,Gliom,1,Gliom,evet,0.013298,0.985745,0.000958
772,773,brain_tumor_figshare/773.mat,107747,5,1,Gliom,1,Gliom,evet,0.012132,0.987836,3.2e-05
773,774,brain_tumor_figshare/774.mat,107747,5,1,Gliom,1,Gliom,evet,0.062731,0.937194,7.5e-05
774,775,brain_tumor_figshare/775.mat,107747,5,1,Gliom,1,Gliom,evet,0.047225,0.952679,9.6e-05
775,776,brain_tumor_figshare/776.mat,107747,5,1,Gliom,1,Gliom,evet,0.026051,0.973928,2.1e-05
776,777,brain_tumor_figshare/777.mat,107747,5,1,Gliom,1,Gliom,evet,0.091788,0.908033,0.000178
777,778,brain_tumor_figshare/778.mat,107747,5,1,Gliom,1,Gliom,evet,0.028764,0.971158,7.8e-05
778,779,brain_tumor_figshare/779.mat,112027,3,1,Gliom,1,Gliom,evet,0.000488,0.998913,0.000599
779,780,brain_tumor_figshare/780.mat,112027,3,1,Gliom,1,Gliom,evet,0.213619,0.774131,0.01225
780,781,brain_tumor_figshare/781.mat,112105,4,1,Gliom,1,Gliom,evet,0.033519,0.965784,0.000697
781,782,brain_tumor_figshare/782.mat,112105,4,1,Gliom,1,Gliom,evet,0.054851,0.944834,0.000315
782,783,brain_tumor_figshare/783.mat,112105,4,1,Gliom,1,Gliom,evet,0.05329,0.946453,0.000258
783,784,brain_tumor_figshare/784.mat,112105,4,1,Gliom,1,Gliom,evet,0.222088,0.777819,9.3e-05
784,785,brain_tumor_figshare/785.mat,112105,4,1,Gliom,0,Meningiom,hayır,0.702194,0.297644,0.000162
785,786,brain_tumor_figshare/786.mat,112105,4,1,Gliom,1,Gliom,evet,0.399005,0.600735,0.00026
786,787,brain_tumor_figshare/787.mat,112105,4,1,Gliom,1,Gliom,evet,0.110898,0.888684,0.000418
787,788,brain_tumor_figshare/788.mat,112105,4,1,Gliom,1,Gliom,evet,0.086506,0.913341,0.000154
788,789,brain_tumor_figshare/789.mat,112105,4,1,Gliom,1,Gliom,evet,0.023072,0.976865,6.3e-05
789,790,brain_tumor_figshare/790.mat,112105,4,1,Gliom,1,Gliom,evet,0.125394,0.874172,0.000433
790,791,brain_tumor_figshare/791.mat,112105,4,1,Gliom,1,Gliom,evet,0.126357,0.872329,0.001314
791,792,brain_tumor_figshare/792.mat,88670,4,1,Gliom,1,Gliom,evet,0.024877,0.975022,0.0001
792,793,brain_tumor_figshare/793.mat,88670,4,1,Gliom,1,Gliom,evet,0.00123,0.998709,6.1e-05
793,794,brain_tumor_figshare/794.mat,88670,4,1,Gliom,1,Gliom,evet,0.000618,0.999359,2.3e-05
794,795,brain_tumor_figshare/795.mat,88670,4,1,Gliom,1,Gliom,evet,0.018176,0.981526,0.000298
795,796,brain_tumor_figshare/796.mat,88670,4,1,Gliom,1,Gliom,evet,0.006716,0.993162,0.000121
796,797,brain_tumor_figshare/797.mat,88670,4,1,Gliom,1,Gliom,evet,0.000113,0.999862,2.5e-05
797,798,brain_tumor_figshare/798.mat,88670,4,1,Gliom,1,Gliom,evet,0.015132,0.984567,0.000301
798,799,brain_tumor_figshare/799.mat,90284,2,1,Gliom,1,Gliom,evet,0.08061,0.919316,7.4e-05
799,800,brain_tumor_figshare/800.mat,90284,2,1,Gliom,1,Gliom,evet,0.284067,0.714921,0.001012
800,801,brain_tumor_figshare/801.mat,90284,2,1,Gliom,1,Gliom,evet,0.137753,0.86149,0.000757
801,802,brain_tumor_figshare/802.mat,90284,2,1,Gliom,1,Gliom,evet,0.000184,0.99978,3.5e-05
802,803,brain_tumor_figshare/803.mat,90284,2,1,Gliom,1,Gliom,evet,0.000268,0.997753,0.001978
803,804,brain_tumor_figshare/804.mat,90284,2,1,Gliom,1,Gliom,evet,0.000593,0.998745,0.000662
804,805,brain_tumor_figshare/805.mat,90284,2,1,Gliom,1,Gliom,evet,0.000734,0.995792,0.003474
805,806,brain_tumor_figshare/806.mat,90284,2,1,Gliom,2,Hipofiz tümörü,hayır,0.009641,0.204137,0.786221
806,807,brain_tumor_figshare/807.mat,92897,3,1,Gliom,1,Gliom,evet,0.031316,0.965874,0.00281
807,808,brain_tumor_figshare/808.mat,92897,3,1,Gliom,1,Gliom,evet,0.063385,0.936468,0.000147
808,809,brain_tumor_figshare/809.mat,93825,1,1,Gliom,1,Gliom,evet,0.250384,0.749065,0.000551
809,810,brain_tumor_figshare/810.mat,93825,1,1,Gliom,1,Gliom,evet,0.052557,0.947323,0.00012
810,811,brain_tumor_figshare/811.mat,93825,1,1,Gliom,1,Gliom,evet,0.378029,0.62132,0.000652
811,812,brain_tumor_figshare/812.mat,97609,2,1,Gliom,0,Meningiom,hayır,0.852358,0.14746,0.000183
812,813,brain_tumor_figshare/813.mat,97609,2,1,Gliom,0,Meningiom,hayır,0.679854,0.320022,0.000124
813,814,brain_tumor_figshare/814.mat,97609,2,1,Gliom,0,Meningiom,hayır,0.883024,0.116899,7.7e-05
814,815,brain_tumor_figshare/815.mat,97609,2,1,Gliom,0,Meningiom,hayır,0.925474,0.07449,3.6e-05
815,816,brain_tumor_figshare/816.mat,97609,2,1,Gliom,0,Meningiom,hayır,0.810085,0.189781,0.000134
816,817,brain_tumor_figshare/817.mat,97609,2,1,Gliom,1,Gliom,evet,0.100483,0.899438,7.9e-05
817,818,brain_tumor_figshare/818.mat,100416,3,1,Gliom,1,Gliom,evet,0.129651,0.765323,0.105027
818,819,brain_tumor_figshare/819.mat,100416,3,1,Gliom,2,Hipofiz tümörü,hayır,0.043005,0.071508,0.885486
819,820,brain_tumor_figshare/820.mat,100416,3,1,Gliom,1,Gliom,evet,0.203256,0.441202,0.355542
820,821,brain_tumor_figshare/821.mat,100416,3,1,Gliom,2,Hipofiz tümörü,hayır,0.013643,0.05842,0.927937
821,822,brain_tumor_figshare/822.mat,100820,3,1,Gliom,1,Gliom,evet,0.014459,0.984366,0.001175
822,823,brain_tumor_figshare/823.mat,100820,3,1,Gliom,1,Gliom,evet,0.05712,0.935102,0.007778
823,824,brain_tumor_figshare/824.mat,100820,3,1,Gliom,1,Gliom,evet,0.003916,0.996017,6.7e-05
824,825,brain_tumor_figshare/825.mat,100820,3,1,Gliom,1,Gliom,evet,0.071229,0.925039,0.003732
825,826,brain_tumor_figshare/826.mat,100820,3,1,Gliom,0,Meningiom,hayır,0.526229,0.319213,0.154558
826,827,brain_tumor_figshare/827.mat,100820,3,1,Gliom,0,Meningiom,hayır,0.6394,0.080571,0.280029
827,828,brain_tumor_figshare/828.mat,101020,3,1,Gliom,0,Meningiom,hayır,0.822959,0.177001,4e-05
828,829,brain_tumor_figshare/829.mat,101020,3,1,Gliom,0,Meningiom,hayır,0.86902,0.130594,0.000386
829,830,brain_tumor_figshare/830.mat,101020,3,1,Gliom,1,Gliom,evet,0.102385,0.897248,0.000367
830,831,brain_tumor_figshare/831.mat,101020,3,1,Gliom,1,Gliom,evet,0.04219,0.95755,0.00026
831,832,brain_tumor_figshare/832.mat,101020,3,1,Gliom,1,Gliom,evet,0.086773,0.912701,0.000526
832,833,brain_tumor_figshare/833.mat,101020,3,1,Gliom,1,Gliom,evet,0.087994,0.911711,0.000296
833,834,brain_tumor_figshare/834.mat,101384,1,1,Gliom,1,Gliom,evet,0.340093,0.659568,0.000338
834,835,brain_tumor_figshare/835.mat,101384,1,1,Gliom,1,Gliom,evet,0.006164,0.993768,6.7e-05
835,836,brain_tumor_figshare/836.mat,101384,1,1,Gliom,0,Meningiom,hayır,0.559615,0.439776,0.000609
836,837,brain_tumor_figshare/837.mat,102075,5,1,Gliom,1,Gliom,evet,0.068516,0.92711,0.004374
837,838,brain_tumor_figshare/838.mat,102075,5,1,Gliom,1,Gliom,evet,0.123488,0.871058,0.005454
838,839,brain_tumor_figshare/839.mat,102075,5,1,Gliom,1,Gliom,evet,0.244488,0.753931,0.001581
839,840,brain_tumor_figshare/840.mat,103148,1,1,Gliom,1,Gliom,evet,0.373582,0.617352,0.009067
840,841,brain_tumor_figshare/841.mat,103148,1,1,Gliom,2,Hipofiz tümörü,hayır,0.414723,0.139864,0.445414
841,842,brain_tumor_figshare/842.mat,103148,1,1,Gliom,2,Hipofiz tümörü,hayır,0.254005,0.037106,0.708889
842,843,brain_tumor_figshare/843.mat,103148,1,1,Gliom,2,Hipofiz tümörü,hayır,0.0099,0.013536,0.976565
843,844,brain_tumor_figshare/844.mat,105653,2,1,Gliom,1,Gliom,evet,0.31486,0.684746,0.000394
844,845,brain_tumor_figshare/845.mat,105653,2,1,Gliom,1,Gliom,evet,0.425081,0.574646,0.000272
845,846,brain_tumor_figshare/846.mat,106494,5,1,Gliom,1,Gliom,evet,0.16937,0.828224,0.002407
846,847,brain_tumor_figshare/847.mat,106494,5,1,Gliom,1,Gliom,evet,0.017078,0.98276,0.000162
847,848,brain_tumor_figshare/848.mat,106494,5,1,Gliom,1,Gliom,evet,0.017315,0.982551,0.000134
848,849,brain_tumor_figshare/849.mat,106494,5,1,Gliom,1,Gliom,evet,0.147183,0.852673,0.000144
849,850,brain_tumor_figshare/850.mat,106494,5,1,Gliom,1,Gliom,evet,0.050829,0.948761,0.00041
850,851,brain_tumor_figshare/851.mat,106494,5,1,Gliom,1,Gliom,evet,0.013307,0.986355,0.000339
851,852,brain_tumor_figshare/852.mat,106494,5,1,Gliom,1,Gliom,evet,0.068019,0.930453,0.001528
852,853,brain_tumor_figshare/853.mat,107747,5,1,Gliom,1,Gliom,evet,0.300895,0.694353,0.004752
853,854,brain_tumor_figshare/854.mat,107747,5,1,Gliom,0,Meningiom,hayır,0.55775,0.440149,0.002101
854,855,brain_tumor_figshare/855.mat,107747,5,1,Gliom,1,Gliom,evet,0.046537,0.951603,0.00186
855,856,brain_tumor_figshare/856.mat,107747,5,1,Gliom,1,Gliom,evet,0.12071,0.876736,0.002553
856,857,brain_tumor_figshare/857.mat,108479,1,1,Gliom,1,Gliom,evet,0.008007,0.991897,9.6e-05
857,858,brain_tumor_figshare/858.mat,108479,1,1,Gliom,1,Gliom,evet,0.006626,0.993321,5.4e-05
858,859,brain_tumor_figshare/859.mat,112105,4,1,Gliom,1,Gliom,evet,0.151032,0.84603,0.002938
859,860,brain_tumor_figshare/860.mat,112105,4,1,Gliom,1,Gliom,evet,0.004157,0.995048,0.000795
860,861,brain_tumor_figshare/861.mat,112105,4,1,Gliom,1,Gliom,evet,0.009635,0.989168,0.001197
861,862,brain_tumor_figshare/862.mat,112105,4,1,Gliom,1,Gliom,evet,0.028036,0.97033,0.001633
862,863,brain_tumor_figshare/863.mat,112105,4,1,Gliom,1,Gliom,evet,0.007165,0.990807,0.002028
863,864,brain_tumor_figshare/864.mat,112105,4,1,Gliom,1,Gliom,evet,0.002637,0.991899,0.005464
864,865,brain_tumor_figshare/865.mat,88670,4,1,Gliom,1,Gliom,evet,0.00243,0.997413,0.000157
865,866,brain_tumor_figshare/866.mat,88670,4,1,Gliom,1,Gliom,evet,0.034644,0.965238,0.000117
866,867,brain_tumor_figshare/867.mat,88670,4,1,Gliom,1,Gliom,evet,0.020172,0.979768,6e-05
867,868,brain_tumor_figshare/868.mat,88670,4,1,Gliom,1,Gliom,evet,0.000693,0.999262,4.6e-05
868,869,brain_tumor_figshare/869.mat,88670,4,1,Gliom,1,Gliom,evet,0.006107,0.993817,7.6e-05
869,870,brain_tumor_figshare/870.mat,90284,2,1,Gliom,0,Meningiom,hayır,0.552529,0.445923,0.001548
870,871,brain_tumor_figshare/871.mat,90284,2,1,Gliom,1,Gliom,evet,0.031721,0.967874,0.000404
871,872,brain_tumor_figshare/872.mat,90284,2,1,Gliom,1,Gliom,evet,0.030564,0.967385,0.002051
872,873,brain_tumor_figshare/873.mat,90284,2,1,Gliom,0,Meningiom,hayır,0.504635,0.49485,0.000515
873,874,brain_tumor_figshare/874.mat,90284,2,1,Gliom,0,Meningiom,hayır,0.548823,0.448937,0.00224
874,875,brain_tumor_figshare/875.mat,90284,2,1,Gliom,0,Meningiom,hayır,0.648028,0.349553,0.002419
875,876,brain_tumor_figshare/876.mat,90284,2,1,Gliom,1,Gliom,evet,0.124409,0.875425,0.000166
876,877,brain_tumor_figshare/877.mat,90284,2,1,Gliom,1,Gliom,evet,0.004498,0.995381,0.000122
877,878,brain_tumor_figshare/878.mat,90284,2,1,Gliom,1,Gliom,evet,0.044048,0.955716,0.000236
878,879,brain_tumor_figshare/879.mat,90284,2,1,Gliom,1,Gliom,evet,0.120042,0.877207,0.00275
879,880,brain_tumor_figshare/880.mat,90284,2,1,Gliom,1,Gliom,evet,0.049834,0.949782,0.000384
880,881,brain_tumor_figshare/881.mat,92897,3,1,Gliom,1,Gliom,evet,0.339889,0.533643,0.126469
881,882,brain_tumor_figshare/882.mat,92897,3,1,Gliom,1,Gliom,evet,0.001689,0.998158,0.000153
882,883,brain_tumor_figshare/883.mat,93329,3,1,Gliom,1,Gliom,evet,0.447312,0.551524,0.001164
883,884,brain_tumor_figshare/884.mat,93329,3,1,Gliom,1,Gliom,evet,0.244315,0.754611,0.001073
884,885,brain_tumor_figshare/885.mat,93329,3,1,Gliom,1,Gliom,evet,0.365528,0.633808,0.000664
885,886,brain_tumor_figshare/886.mat,93329,3,1,Gliom,1,Gliom,evet,0.343995,0.655591,0.000414
886,887,brain_tumor_figshare/887.mat,93329,3,1,Gliom,1,Gliom,evet,0.150845,0.848964,0.000191
887,888,brain_tumor_figshare/888.mat,93825,1,1,Gliom,1,Gliom,evet,0.110408,0.841452,0.048141
888,889,brain_tumor_figshare/889.mat,93825,1,1,Gliom,1,Gliom,evet,0.068119,0.872844,0.059037
889,890,brain_tumor_figshare/890.mat,93825,1,1,Gliom,1,Gliom,evet,0.167791,0.543237,0.288972
890,891,brain_tumor_figshare/891.mat,93825,1,1,Gliom,1,Gliom,evet,0.139996,0.713498,0.146506
891,892,brain_tumor_figshare/892.mat,94731,3,1,Gliom,1,Gliom,evet,0.289789,0.652382,0.05783
892,893,brain_tumor_figshare/893.mat,94731,3,1,Gliom,1,Gliom,evet,0.068856,0.867606,0.063538
893,894,brain_tumor_figshare/894.mat,94731,3,1,Gliom,1,Gliom,evet,0.453724,0.540637,0.005639
894,895,brain_tumor_figshare/895.mat,95142,2,1,Gliom,0,Meningiom,hayır,0.881268,0.118526,0.000206
895,896,brain_tumor_figshare/896.mat,95142,2,1,Gliom,0,Meningiom,hayır,0.76277,0.237085,0.000145
896,897,brain_tumor_figshare/897.mat,95142,2,1,Gliom,1,Gliom,evet,0.212949,0.786696,0.000355
897,898,brain_tumor_figshare/898.mat,95142,2,1,Gliom,1,Gliom,evet,0.058532,0.941368,0.000101
898,899,brain_tumor_figshare/899.mat,95142,2,1,Gliom,1,Gliom,evet,0.001055,0.998916,2.9e-05
899,900,brain_tumor_figshare/900.mat,95142,2,1,Gliom,1,Gliom,evet,0.000106,0.999887,7e-06
900,901,brain_tumor_figshare/901.mat,95142,2,1,Gliom,1,Gliom,evet,8.3e-05,0.999911,6e-06
901,902,brain_tumor_figshare/902.mat,95142,2,1,Gliom,1,Gliom,evet,0.000246,0.999747,7e-06
902,903,brain_tumor_figshare/903.mat,95142,2,1,Gliom,1,Gliom,evet,0.012882,0.986934,0.000184
903,904,brain_tumor_figshare/904.mat,96587,3,1,Gliom,1,Gliom,evet,0.014108,0.985545,0.000346
904,905,brain_tumor_figshare/905.mat,96587,3,1,Gliom,1,Gliom,evet,0.029635,0.970099,0.000266
905,906,brain_tumor_figshare/906.mat,96587,3,1,Gliom,1,Gliom,evet,0.045379,0.954045,0.000576
906,907,brain_tumor_figshare/907.mat,96587,3,1,Gliom,1,Gliom,evet,0.069337,0.930024,0.000639
907,908,brain_tumor_figshare/908.mat,97609,2,1,Gliom,1,Gliom,evet,0.000903,0.999093,5e-06
908,909,brain_tumor_figshare/909.mat,97609,2,1,Gliom,1,Gliom,evet,0.000857,0.999134,9e-06
909,910,brain_tumor_figshare/910.mat,97609,2,1,Gliom,1,Gliom,evet,0.005716,0.994252,3.2e-05
910,911,brain_tumor_figshare/911.mat,97609,2,1,Gliom,1,Gliom,evet,0.000271,0.999721,8e-06
911,912,brain_tumor_figshare/912.mat,98889,2,1,Gliom,1,Gliom,evet,0.084906,0.904944,0.010149
912,913,brain_tumor_figshare/913.mat,98889,2,1,Gliom,1,Gliom,evet,0.00294,0.996922,0.000138
913,914,brain_tumor_figshare/914.mat,98889,2,1,Gliom,1,Gliom,evet,0.052284,0.936679,0.011037
914,915,brain_tumor_figshare/915.mat,98889,2,1,Gliom,1,Gliom,evet,0.002422,0.997475,0.000103
915,916,brain_tumor_figshare/916.mat,98889,2,1,Gliom,1,Gliom,evet,0.001211,0.998731,5.9e-05
916,917,brain_tumor_figshare/917.mat,98889,2,1,Gliom,1,Gliom,evet,0.001154,0.998792,5.4e-05
917,918,brain_tumor_figshare/918.mat,105936,5,2,Hipofiz tümörü,2,Hipofiz tümörü,evet,0.077992,0.006213,0.915795
918,919,brain_tumor_figshare/919.mat,105936,5,2,Hipofiz tümörü,2,Hipofiz tümörü,evet,0.009737,0.077008,0.913255
919,920,brain_tumor_figshare/920.mat,105936,5,2,Hipofiz tümörü,2,Hipofiz tümörü,evet,0.000859,0.002616,0.996524
920,921,brain_tumor_figshare/921.mat,105936,5,2,Hipofiz tümörü,2,Hipofiz tümörü,evet,0.007688,0.140237,0.852075
921,922,brain_tumor_figshare/922.mat,106062,3,2,Hipofiz tümörü,2,Hipofiz tümörü,evet,0.299594,0.158834,0.541572
922,923,brain_tumor_figshare/923.mat,106062,3,2,Hipofiz tümörü,0,Meningiom,hayır,0.663143,0.033663,0.303193
923,924,brain_tumor_figshare/924.mat,106062,3,2,Hipofiz tümörü,2,Hipofiz tümörü,evet,0.454137,0.058014,0.487848
924,925,brain_tumor_figshare/925.mat,106062,3,2,Hipofiz tümörü,2,Hipofiz tümörü,evet,0.17167,0.061972,0.766358
925,926,brain_tumor_figshare/926.mat,107495,3,2,Hipofiz tümörü,2,Hipofiz tümörü,evet,0.00569,0.001767,0.992543
926,927,brain_tumor_figshare/927.mat,107495,3,2,Hipofiz tümörü,2,Hipofiz tümörü,evet,0.023032,0.008527,0.968441
927,928,brain_tumor_figshare/928.mat,107495,3,2,Hipofiz tümörü,2,Hipofiz tümörü,evet,0.007955,0.001475,0.99057
928,929,brain_tumor_figshare/929.mat,107495,3,2,Hipofiz tümörü,2,Hipofiz tümörü,evet,0.053964,0.113308,0.832728
929,930,brain_tumor_figshare/930.mat,107495,3,2,Hipofiz tümörü,2,Hipofiz tümörü,evet,0.018682,0.051777,0.929541
930,931,brain_tumor_figshare/931.mat,107495,3,2,Hipofiz tümörü,2,Hipofiz tümörü,evet,0.012535,0.010946,0.97652
931,932,brain_tumor_figshare/932.mat,107495,3,2,Hipofiz tümörü,2,Hipofiz tümörü,evet,0.019519,0.006273,0.974209
932,933,brain_tumor_figshare/933.mat,107429,1,2,Hipofiz tümörü,2,Hipofiz tümörü,evet,0.131924,0.048218,0.819858
933,934,brain_tumor_figshare/934.mat,107429,1,2,Hipofiz tümörü,2,Hipofiz tümörü,evet,0.090266,0.237568,0.672165
934,935,brain_tumor_figshare/935.mat,107429,1,2,Hipofiz tümörü,2,Hipofiz tümörü,evet,0.276046,0.183739,0.540215
935,936,brain_tumor_figshare/936.mat,107429,1,2,Hipofiz tümörü,2,Hipofiz tümörü,evet,0.062769,0.228534,0.708697
936,937,brain_tumor_figshare/937.mat,107429,1,2,Hipofiz tümörü,2,Hipofiz tümörü,evet,0.100471,0.060044,0.839485
937,938,brain_tumor_figshare/938.mat,107429,1,2,Hipofiz tümörü,2,Hipofiz tümörü,evet,0.210463,0.046468,0.743069
938,939,brain_tumor_figshare/939.mat,107505,5,2,Hipofiz tümörü,2,Hipofiz tümörü,evet,0.002035,0.00308,0.994884
939,940,brain_tumor_figshare/940.mat,107505,5,2,Hipofiz tümörü,2,Hipofiz tümörü,evet,0.001906,0.001863,0.996231
940,941,brain_tumor_figshare/941.mat,107505,5,2,Hipofiz tümörü,2,Hipofiz tümörü,evet,0.037304,0.058902,0.903794
941,942,brain_tumor_figshare/942.mat,107505,5,2,Hipofiz tümörü,2,Hipofiz tümörü,evet,0.026809,0.035993,0.937198
942,943,brain_tumor_figshare/943.mat,107505,5,2,Hipofiz tümörü,2,Hipofiz tümörü,evet,0.000928,0.002594,0.996478
943,944,brain_tumor_figshare/944.mat,107505,5,2,Hipofiz tümörü,2,Hipofiz tümörü,evet,0.000409,0.005492,0.994099
944,945,brain_tumor_figshare/945.mat,107505,5,2,Hipofiz tümörü,2,Hipofiz tümörü,evet,0.001017,0.002557,0.996425
945,946,brain_tumor_figshare/946.mat,107743,5,2,Hipofiz tümörü,2,Hipofiz tümörü,evet,0.057662,0.060301,0.882037
946,947,brain_tumor_figshare/947.mat,107743,5,2,Hipofiz tümörü,2,Hipofiz tümörü,evet,0.015865,0.012901,0.971234
947,948,brain_tumor_figshare/948.mat,107743,5,2,Hipofiz tümörü,1,Gliom,hayır,0.06861,0.710172,0.221218
948,949,brain_tumor_figshare/949.mat,107743,5,2,Hipofiz tümörü,1,Gliom,hayır,0.127846,0.867785,0.004369
949,950,brain_tumor_figshare/950.mat,108858,1,2,Hipofiz tümörü,2,Hipofiz tümörü,evet,0.010506,0.057357,0.932137
950,951,brain_tumor_figshare/951.mat,108858,1,2,Hipofiz tümörü,2,Hipofiz tümörü,evet,0.010993,0.016912,0.972095
951,952,brain_tumor_figshare/952.mat,108858,1,2,Hipofiz tümörü,2,Hipofiz tümörü,evet,0.006062,0.020338,0.973599
952,953,brain_tumor_figshare/953.mat,108858,1,2,Hipofiz tümörü,2,Hipofiz tümörü,evet,0.004924,0.01726,0.977816
953,954,brain_tumor_figshare/954.mat,108858,1,2,Hipofiz tümörü,2,Hipofiz tümörü,evet,0.006498,0.006754,0.986748
954,955,brain_tumor_figshare/955.mat,108931,4,2,Hipofiz tümörü,2,Hipofiz tümörü,evet,0.009572,0.004787,0.985642
955,956,brain_tumor_figshare/956.mat,108931,4,2,Hipofiz tümörü,2,Hipofiz tümörü,evet,0.001634,0.001706,0.99666
956,957,brain_tumor_figshare/957.mat,108931,4,2,Hipofiz tümörü,2,Hipofiz tümörü,evet,0.041295,0.010244,0.948462
957,958,brain_tumor_figshare/958.mat,109471,3,2,Hipofiz tümörü,2,Hipofiz tümörü,evet,0.008213,0.006665,0.985122
958,959,brain_tumor_figshare/959.mat,109471,3,2,Hipofiz tümörü,2,Hipofiz tümörü,evet,0.002758,0.001356,0.995886
959,960,brain_tumor_figshare/960.mat,109471,3,2,Hipofiz tümörü,2,Hipofiz tümörü,evet,0.002499,0.007647,0.989853
960,961,brain_tumor_figshare/961.mat,109471,3,2,Hipofiz tümörü,2,Hipofiz tümörü,evet,0.008393,0.017426,0.97418
961,962,brain_tumor_figshare/962.mat,109769,2,2,Hipofiz tümörü,2,Hipofiz tümörü,evet,0.012479,0.008407,0.979114
962,963,brain_tumor_figshare/963.mat,109769,2,2,Hipofiz tümörü,2,Hipofiz tümörü,evet,0.022606,0.083918,0.893476
963,964,brain_tumor_figshare/964.mat,109769,2,2,Hipofiz tümörü,2,Hipofiz tümörü,evet,0.022429,0.026307,0.951264
964,965,brain_tumor_figshare/965.mat,109769,2,2,Hipofiz tümörü,2,Hipofiz tümörü,evet,0.161421,0.195817,0.642761
965,966,brain_tumor_figshare/966.mat,109898,3,2,Hipofiz tümörü,2,Hipofiz tümörü,evet,0.01369,0.006362,0.979949
966,967,brain_tumor_figshare/967.mat,109898,3,2,Hipofiz tümörü,2,Hipofiz tümörü,evet,0.086102,0.126546,0.787353
967,968,brain_tumor_figshare/968.mat,109898,3,2,Hipofiz tümörü,2,Hipofiz tümörü,evet,0.014297,0.02102,0.964683
968,969,brain_tumor_figshare/969.mat,109898,3,2,Hipofiz tümörü,2,Hipofiz tümörü,evet,0.019137,0.092888,0.887975
969,970,brain_tumor_figshare/970.mat,109898,3,2,Hipofiz tümörü,2,Hipofiz tümörü,evet,0.009649,0.023603,0.966748
970,971,brain_tumor_figshare/971.mat,109898,3,2,Hipofiz tümörü,2,Hipofiz tümörü,evet,0.011176,0.037716,0.951108
971,972,brain_tumor_figshare/972.mat,110518,2,2,Hipofiz tümörü,2,Hipofiz tümörü,evet,0.017278,0.027284,0.955438
972,973,brain_tumor_figshare/973.mat,110518,2,2,Hipofiz tümörü,2,Hipofiz tümörü,evet,0.013653,0.010307,0.97604
973,974,brain_tumor_figshare/974.mat,110537,5,2,Hipofiz tümörü,2,Hipofiz tümörü,evet,0.015688,0.000865,0.983447
974,975,brain_tumor_figshare/975.mat,110537,5,2,Hipofiz tümörü,2,Hipofiz tümörü,evet,0.001005,0.002603,0.996392
975,976,brain_tumor_figshare/976.mat,110993,4,2,Hipofiz tümörü,2,Hipofiz tümörü,evet,0.193162,0.045031,0.761807
976,977,brain_tumor_figshare/977.mat,110993,4,2,Hipofiz tümörü,2,Hipofiz tümörü,evet,0.028472,0.014182,0.957346
977,978,brain_tumor_figshare/978.mat,110993,4,2,Hipofiz tümörü,2,Hipofiz tümörü,evet,0.011107,0.008287,0.980605
978,979,brain_tumor_figshare/979.mat,110993,4,2,Hipofiz tümörü,2,Hipofiz tümörü,evet,0.077475,0.003975,0.91855
979,980,brain_tumor_figshare/980.mat,111075,2,2,Hipofiz tümörü,2,Hipofiz tümörü,evet,0.010057,0.012247,0.977696
980,981,brain_tumor_figshare/981.mat,111075,2,2,Hipofiz tümörü,2,Hipofiz tümörü,evet,0.04593,0.182961,0.771109
981,982,brain_tumor_figshare/982.mat,111075,2,2,Hipofiz tümörü,2,Hipofiz tümörü,evet,0.343359,0.042274,0.614368
982,983,brain_tumor_figshare/983.mat,111075,2,2,Hipofiz tümörü,2,Hipofiz tümörü,evet,0.001959,0.00161,0.996431
983,984,brain_tumor_figshare/984.mat,111075,2,2,Hipofiz tümörü,2,Hipofiz tümörü,evet,0.009543,0.00453,0.985927
984,985,brain_tumor_figshare/985.mat,111075,2,2,Hipofiz tümörü,2,Hipofiz tümörü,evet,0.002783,0.006067,0.991151
985,986,brain_tumor_figshare/986.mat,111125,5,2,Hipofiz tümörü,2,Hipofiz tümörü,evet,0.033355,0.102009,0.864636
986,987,brain_tumor_figshare/987.mat,111125,5,2,Hipofiz tümörü,2,Hipofiz tümörü,evet,0.043202,0.011936,0.944862
987,988,brain_tumor_figshare/988.mat,111125,5,2,Hipofiz tümörü,2,Hipofiz tümörü,evet,0.091167,0.089255,0.819577
988,989,brain_tumor_figshare/989.mat,111125,5,2,Hipofiz tümörü,2,Hipofiz tümörü,evet,0.100607,0.122444,0.776949
989,990,brain_tumor_figshare/990.mat,111785,5,2,Hipofiz tümörü,2,Hipofiz tümörü,evet,0.01683,0.068478,0.914691
990,991,brain_tumor_figshare/991.mat,111785,5,2,Hipofiz tümörü,2,Hipofiz tümörü,evet,0.001274,0.003285,0.995441
991,992,brain_tumor_figshare/992.mat,111785,5,2,Hipofiz tümörü,2,Hipofiz tümörü,evet,0.001837,0.032474,0.965689
992,993,brain_tumor_figshare/993.mat,111785,5,2,Hipofiz tümörü,2,Hipofiz tümörü,evet,0.000474,0.002332,0.997194
993,994,brain_tumor_figshare/994.mat,112074,1,2,Hipofiz tümörü,2,Hipofiz tümörü,evet,0.390719,0.105945,0.503336
994,995,brain_tumor_figshare/995.mat,112074,1,2,Hipofiz tümörü,2,Hipofiz tümörü,evet,0.073686,0.038546,0.887769
995,996,brain_tumor_figshare/996.mat,112074,1,2,Hipofiz tümörü,2,Hipofiz tümörü,evet,0.024885,0.002069,0.973046
996,997,brain_tumor_figshare/997.mat,112074,1,2,Hipofiz tümörü,2,Hipofiz tümörü,evet,0.039478,0.013391,0.947131
997,998,brain_tumor_figshare/998.mat,112649,5,2,Hipofiz tümörü,2,Hipofiz tümörü,evet,0.001714,0.003089,0.995197
998,999,brain_tumor_figshare/999.mat,112649,5,2,Hipofiz tümörü,2,Hipofiz tümörü,evet,0.000774,0.001407,0.997819
999,1000,brain_tumor_figshare/1000.mat,112649,5,2,Hipofiz tümörü,2,Hipofiz tümörü,evet,0.000436,0.000563,0.999002
1000,1001,brain_tumor_figshare/1001.mat,112649,5,2,Hipofiz tümörü,2,Hipofiz tümörü,evet,0.00024,0.001063,0.998698
1001,1002,brain_tumor_figshare/1002.mat,112649,5,2,Hipofiz tümörü,2,Hipofiz tümörü,evet,0.002258,0.008647,0.989095
1002,1003,brain_tumor_figshare/1003.mat,112746,1,2,Hipofiz tümörü,2,Hipofiz tümörü,evet,0.014291,0.024397,0.961312
1003,1004,brain_tumor_figshare/1004.mat,112746,1,2,Hipofiz tümörü,2,Hipofiz tümörü,evet,0.000949,0.001552,0.997499
1004,1005,brain_tumor_figshare/1005.mat,112746,1,2,Hipofiz tümörü,2,Hipofiz tümörü,evet,0.003508,0.012714,0.983778
1005,1006,brain_tumor_figshare/1006.mat,112847,5,2,Hipofiz tümörü,2,Hipofiz tümörü,evet,0.004409,0.013111,0.98248
1006,1007,brain_tumor_figshare/1007.mat,112847,5,2,Hipofiz tümörü,2,Hipofiz tümörü,evet,0.000167,8.4e-05,0.999749
1007,1008,brain_tumor_figshare/1008.mat,112847,5,2,Hipofiz tümörü,2,Hipofiz tümörü,evet,0.00213,0.004286,0.993584
1008,1009,brain_tumor_figshare/1009.mat,112847,5,2,Hipofiz tümörü,2,Hipofiz tümörü,evet,0.000196,0.000275,0.99953
1009,1010,brain_tumor_figshare/1010.mat,113274,3,2,Hipofiz tümörü,2,Hipofiz tümörü,evet,0.085532,0.083939,0.830529
1010,1011,brain_tumor_figshare/1011.mat,113274,3,2,Hipofiz tümörü,2,Hipofiz tümörü,evet,0.08181,0.023532,0.894658
1011,1012,brain_tumor_figshare/1012.mat,113274,3,2,Hipofiz tümörü,2,Hipofiz tümörü,evet,0.022341,0.004672,0.972987
1012,1013,brain_tumor_figshare/1013.mat,113741,3,2,Hipofiz tümörü,2,Hipofiz tümörü,evet,0.009863,0.021958,0.968179
1013,1014,brain_tumor_figshare/1014.mat,113741,3,2,Hipofiz tümörü,2,Hipofiz tümörü,evet,0.01325,0.009091,0.977659
1014,1015,brain_tumor_figshare/1015.mat,114040,4,2,Hipofiz tümörü,2,Hipofiz tümörü,evet,0.033989,0.018378,0.947633
1015,1016,brain_tumor_figshare/1016.mat,114040,4,2,Hipofiz tümörü,2,Hipofiz tümörü,evet,0.006433,0.002991,0.990576
1016,1017,brain_tumor_figshare/1017.mat,114040,4,2,Hipofiz tümörü,2,Hipofiz tümörü,evet,0.001559,0.001046,0.997396
1017,1018,brain_tumor_figshare/1018.mat,114361,4,2,Hipofiz tümörü,2,Hipofiz tümörü,evet,0.023714,0.003705,0.972581
1018,1019,brain_tumor_figshare/1019.mat,114361,4,2,Hipofiz tümörü,2,Hipofiz tümörü,evet,0.02688,0.017326,0.955794
1019,1020,brain_tumor_figshare/1020.mat,114361,4,2,Hipofiz tümörü,2,Hipofiz tümörü,evet,0.074675,0.069412,0.855913
1020,1021,brain_tumor_figshare/1021.mat,114094,1,2,Hipofiz tümörü,2,Hipofiz tümörü,evet,0.311788,0.23669,0.451522
1021,1022,brain_tumor_figshare/1022.mat,114094,1,2,Hipofiz tümörü,0,Meningiom,hayır,0.358099,0.333429,0.308472
1022,1023,brain_tumor_figshare/1023.mat,114094,1,2,Hipofiz tümörü,2,Hipofiz tümörü,evet,0.087126,0.103916,0.808958
1023,1024,brain_tumor_figshare/1024.mat,114094,1,2,Hipofiz tümörü,2,Hipofiz tümörü,evet,0.001805,0.001351,0.996844
1024,1025,brain_tumor_figshare/1025.mat,101017,2,2,Hipofiz tümörü,2,Hipofiz tümörü,evet,0.002725,0.001912,0.995362
1025,1026,brain_tumor_figshare/1026.mat,101017,2,2,Hipofiz tümörü,2,Hipofiz tümörü,evet,0.001455,0.000517,0.998028
1026,1027,brain_tumor_figshare/1027.mat,101017,2,2,Hipofiz tümörü,2,Hipofiz tümörü,evet,0.005509,0.001561,0.99293
1027,1028,brain_tumor_figshare/1028.mat,101017,2,2,Hipofiz tümörü,2,Hipofiz tümörü,evet,0.002555,0.002983,0.994462
1028,1029,brain_tumor_figshare/1029.mat,101017,2,2,Hipofiz tümörü,2,Hipofiz tümörü,evet,0.111575,0.337032,0.551393
1029,1030,brain_tumor_figshare/1030.mat,101029,1,2,Hipofiz tümörü,2,Hipofiz tümörü,evet,0.032986,0.011332,0.955683
1030,1031,brain_tumor_figshare/1031.mat,101029,1,2,Hipofiz tümörü,0,Meningiom,hayır,0.392359,0.222306,0.385335
1031,1032,brain_tumor_figshare/1032.mat,101029,1,2,Hipofiz tümörü,2,Hipofiz tümörü,evet,0.392681,0.186365,0.420955
1032,1033,brain_tumor_figshare/1033.mat,101029,1,2,Hipofiz tümörü,2,Hipofiz tümörü,evet,0.02155,0.0033,0.97515
1033,1034,brain_tumor_figshare/1034.mat,105936,5,2,Hipofiz tümörü,2,Hipofiz tümörü,evet,0.023779,0.048194,0.928027
1034,1035,brain_tumor_figshare/1035.mat,106062,3,2,Hipofiz tümörü,2,Hipofiz tümörü,evet,0.00232,0.036899,0.96078
1035,1036,brain_tumor_figshare/1036.mat,106062,3,2,Hipofiz tümörü,2,Hipofiz tümörü,evet,0.018656,0.049968,0.931376
1036,1037,brain_tumor_figshare/1037.mat,106062,3,2,Hipofiz tümörü,1,Gliom,hayır,0.032997,0.63227,0.334733
1037,1038,brain_tumor_figshare/1038.mat,106062,3,2,Hipofiz tümörü,1,Gliom,hayır,0.044151,0.482204,0.473645
1038,1039,brain_tumor_figshare/1039.mat,106062,3,2,Hipofiz tümörü,2,Hipofiz tümörü,evet,0.011196,0.108083,0.880721
1039,1040,brain_tumor_figshare/1040.mat,106062,3,2,Hipofiz tümörü,2,Hipofiz tümörü,evet,0.003746,0.071401,0.924853
1040,1041,brain_tumor_figshare/1041.mat,106062,3,2,Hipofiz tümörü,2,Hipofiz tümörü,evet,0.00561,0.01664,0.97775
1041,1042,brain_tumor_figshare/1042.mat,107495,3,2,Hipofiz tümörü,2,Hipofiz tümörü,evet,0.162349,0.140581,0.697071
1042,1043,brain_tumor_figshare/1043.mat,107495,3,2,Hipofiz tümörü,1,Gliom,hayır,0.385587,0.53395,0.080464
1043,1044,brain_tumor_figshare/1044.mat,107495,3,2,Hipofiz tümörü,0,Meningiom,hayır,0.608162,0.0975,0.294337
1044,1045,brain_tumor_figshare/1045.mat,107495,3,2,Hipofiz tümörü,0,Meningiom,hayır,0.67257,0.151734,0.175696
1045,1046,brain_tumor_figshare/1046.mat,107495,3,2,Hipofiz tümörü,2,Hipofiz tümörü,evet,0.340096,0.145814,0.51409
1046,1047,brain_tumor_figshare/1047.mat,107429,1,2,Hipofiz tümörü,2,Hipofiz tümörü,evet,0.146725,0.259541,0.593735
1047,1048,brain_tumor_figshare/1048.mat,107429,1,2,Hipofiz tümörü,1,Gliom,hayır,0.023356,0.501528,0.475116
1048,1049,brain_tumor_figshare/1049.mat,107429,1,2,Hipofiz tümörü,1,Gliom,hayır,0.112667,0.681745,0.205588
1049,1050,brain_tumor_figshare/1050.mat,107429,1,2,Hipofiz tümörü,1,Gliom,hayır,0.15043,0.484792,0.364778
1050,1051,brain_tumor_figshare/1051.mat,107429,1,2,Hipofiz tümörü,1,Gliom,hayır,0.278842,0.554285,0.166873
1051,1052,brain_tumor_figshare/1052.mat,107429,1,2,Hipofiz tümörü,1,Gliom,hayır,0.170914,0.505007,0.324079
1052,1053,brain_tumor_figshare/1053.mat,107429,1,2,Hipofiz tümörü,2,Hipofiz tümörü,evet,0.052379,0.094174,0.853447
1053,1054,brain_tumor_figshare/1054.mat,107505,5,2,Hipofiz tümörü,2,Hipofiz tümörü,evet,0.000951,0.011522,0.987527
1054,1055,brain_tumor_figshare/1055.mat,107505,5,2,Hipofiz tümörü,2,Hipofiz tümörü,evet,0.00232,0.005632,0.992048
1055,1056,brain_tumor_figshare/1056.mat,107505,5,2,Hipofiz tümörü,2,Hipofiz tümörü,evet,0.006381,0.019256,0.974363
1056,1057,brain_tumor_figshare/1057.mat,107505,5,2,Hipofiz tümörü,2,Hipofiz tümörü,evet,0.020806,0.090944,0.88825
1057,1058,brain_tumor_figshare/1058.mat,107505,5,2,Hipofiz tümörü,2,Hipofiz tümörü,evet,0.008746,0.031014,0.96024
1058,1059,brain_tumor_figshare/1059.mat,107743,5,2,Hipofiz tümörü,1,Gliom,hayır,0.130379,0.501837,0.367784
1059,1060,brain_tumor_figshare/1060.mat,107743,5,2,Hipofiz tümörü,2,Hipofiz tümörü,evet,0.065594,0.277531,0.656875
1060,1061,brain_tumor_figshare/1061.mat,107743,5,2,Hipofiz tümörü,2,Hipofiz tümörü,evet,0.036768,0.322494,0.640739
1061,1062,brain_tumor_figshare/1062.mat,107743,5,2,Hipofiz tümörü,2,Hipofiz tümörü,evet,0.032772,0.055877,0.911351
1062,1063,brain_tumor_figshare/1063.mat,107743,5,2,Hipofiz tümörü,2,Hipofiz tümörü,evet,0.003162,0.012476,0.984362
1063,1064,brain_tumor_figshare/1064.mat,107743,5,2,Hipofiz tümörü,2,Hipofiz tümörü,evet,0.005285,0.014131,0.980585
1064,1065,brain_tumor_figshare/1065.mat,108858,1,2,Hipofiz tümörü,2,Hipofiz tümörü,evet,0.025249,0.1035,0.871251
1065,1066,brain_tumor_figshare/1066.mat,108858,1,2,Hipofiz tümörü,2,Hipofiz tümörü,evet,0.019747,0.037935,0.942318
1066,1067,brain_tumor_figshare/1067.mat,108858,1,2,Hipofiz tümörü,2,Hipofiz tümörü,evet,0.026177,0.126848,0.846974
1067,1068,brain_tumor_figshare/1068.mat,108858,1,2,Hipofiz tümörü,2,Hipofiz tümörü,evet,0.008429,0.002089,0.989482
1068,1069,brain_tumor_figshare/1069.mat,108858,1,2,Hipofiz tümörü,2,Hipofiz tümörü,evet,0.170447,0.273057,0.556496
1069,1070,brain_tumor_figshare/1070.mat,108931,4,2,Hipofiz tümörü,2,Hipofiz tümörü,evet,7.7e-05,0.001568,0.998355
1070,1071,brain_tumor_figshare/1071.mat,108931,4,2,Hipofiz tümörü,2,Hipofiz tümörü,evet,0.002343,0.014818,0.982839
1071,1072,brain_tumor_figshare/1072.mat,108931,4,2,Hipofiz tümörü,2,Hipofiz tümörü,evet,8.3e-05,0.000459,0.999457
1072,1073,brain_tumor_figshare/1073.mat,108931,4,2,Hipofiz tümörü,2,Hipofiz tümörü,evet,8e-05,0.000917,0.999003
1073,1074,brain_tumor_figshare/1074.mat,108931,4,2,Hipofiz tümörü,2,Hipofiz tümörü,evet,0.283658,0.020415,0.695927
1074,1075,brain_tumor_figshare/1075.mat,108931,4,2,Hipofiz tümörü,0,Meningiom,hayır,0.55624,0.398882,0.044878
1075,1076,brain_tumor_figshare/1076.mat,108931,4,2,Hipofiz tümörü,1,Gliom,hayır,0.421212,0.432055,0.146733
1076,1077,brain_tumor_figshare/1077.mat,109471,3,2,Hipofiz tümörü,2,Hipofiz tümörü,evet,0.001286,0.00338,0.995334
1077,1078,brain_tumor_figshare/1078.mat,109471,3,2,Hipofiz tümörü,2,Hipofiz tümörü,evet,0.035044,0.106408,0.858549
1078,1079,brain_tumor_figshare/1079.mat,109471,3,2,Hipofiz tümörü,2,Hipofiz tümörü,evet,0.059439,0.202707,0.737854
1079,1080,brain_tumor_figshare/1080.mat,109471,3,2,Hipofiz tümörü,2,Hipofiz tümörü,evet,0.065141,0.165531,0.769328
1080,1081,brain_tumor_figshare/1081.mat,109471,3,2,Hipofiz tümörü,2,Hipofiz tümörü,evet,0.073926,0.18698,0.739094
1081,1082,brain_tumor_figshare/1082.mat,109471,3,2,Hipofiz tümörü,2,Hipofiz tümörü,evet,0.005029,0.01451,0.980461
1082,1083,brain_tumor_figshare/1083.mat,109769,2,2,Hipofiz tümörü,2,Hipofiz tümörü,evet,0.007774,0.003813,0.988413
1083,1084,brain_tumor_figshare/1084.mat,109769,2,2,Hipofiz tümörü,2,Hipofiz tümörü,evet,0.007377,0.005047,0.987576
1084,1085,brain_tumor_figshare/1085.mat,109769,2,2,Hipofiz tümörü,2,Hipofiz tümörü,evet,0.022812,0.020593,0.956595
1085,1086,brain_tumor_figshare/1086.mat,109769,2,2,Hipofiz tümörü,2,Hipofiz tümörü,evet,0.006852,0.003134,0.990014
1086,1087,brain_tumor_figshare/1087.mat,109769,2,2,Hipofiz tümörü,1,Gliom,hayır,0.096769,0.848924,0.054307
1087,1088,brain_tumor_figshare/1088.mat,109898,3,2,Hipofiz tümörü,1,Gliom,hayır,0.02554,0.612742,0.361718
1088,1089,brain_tumor_figshare/1089.mat,109898,3,2,Hipofiz tümörü,1,Gliom,hayır,0.027488,0.551496,0.421016
1089,1090,brain_tumor_figshare/1090.mat,109898,3,2,Hipofiz tümörü,1,Gliom,hayır,0.158999,0.763362,0.077638
1090,1091,brain_tumor_figshare/1091.mat,109898,3,2,Hipofiz tümörü,1,Gliom,hayır,0.116742,0.615427,0.267831
1091,1092,brain_tumor_figshare/1092.mat,109898,3,2,Hipofiz tümörü,2,Hipofiz tümörü,evet,0.017838,0.020614,0.961548
1092,1093,brain_tumor_figshare/1093.mat,109898,3,2,Hipofiz tümörü,2,Hipofiz tümörü,evet,0.005562,0.003035,0.991403
1093,1094,brain_tumor_figshare/1094.mat,110518,2,2,Hipofiz tümörü,2,Hipofiz tümörü,evet,0.136037,0.056292,0.80767
1094,1095,brain_tumor_figshare/1095.mat,110518,2,2,Hipofiz tümörü,2,Hipofiz tümörü,evet,0.373963,0.188518,0.437518
1095,1096,brain_tumor_figshare/1096.mat,110518,2,2,Hipofiz tümörü,2,Hipofiz tümörü,evet,0.037728,0.165412,0.79686
1096,1097,brain_tumor_figshare/1097.mat,110518,2,2,Hipofiz tümörü,2,Hipofiz tümörü,evet,0.004261,0.062713,0.933026
1097,1098,brain_tumor_figshare/1098.mat,110518,2,2,Hipofiz tümörü,2,Hipofiz tümörü,evet,0.055011,0.29198,0.653009
1098,1099,brain_tumor_figshare/1099.mat,110518,2,2,Hipofiz tümörü,2,Hipofiz tümörü,evet,0.158599,0.403407,0.437994
1099,1100,brain_tumor_figshare/1100.mat,110537,5,2,Hipofiz tümörü,2,Hipofiz tümörü,evet,0.000467,0.000507,0.999026
1100,1101,brain_tumor_figshare/1101.mat,110537,5,2,Hipofiz tümörü,2,Hipofiz tümörü,evet,0.003723,0.003929,0.992348
1101,1102,brain_tumor_figshare/1102.mat,110537,5,2,Hipofiz tümörü,2,Hipofiz tümörü,evet,0.001885,0.002369,0.995747
1102,1103,brain_tumor_figshare/1103.mat,110537,5,2,Hipofiz tümörü,1,Gliom,hayır,0.023433,0.818574,0.157994
1103,1104,brain_tumor_figshare/1104.mat,110537,5,2,Hipofiz tümörü,1,Gliom,hayır,0.032729,0.906233,0.061038
1104,1105,brain_tumor_figshare/1105.mat,110537,5,2,Hipofiz tümörü,1,Gliom,hayır,0.01402,0.659007,0.326973
1105,1106,brain_tumor_figshare/1106.mat,110537,5,2,Hipofiz tümörü,1,Gliom,hayır,0.039171,0.565995,0.394834
1106,1107,brain_tumor_figshare/1107.mat,110993,4,2,Hipofiz tümörü,2,Hipofiz tümörü,evet,0.001454,0.002978,0.995568
1107,1108,brain_tumor_figshare/1108.mat,110993,4,2,Hipofiz tümörü,2,Hipofiz tümörü,evet,0.001777,0.002059,0.996164
1108,1109,brain_tumor_figshare/1109.mat,110993,4,2,Hipofiz tümörü,2,Hipofiz tümörü,evet,0.006461,0.062291,0.931248
1109,1110,brain_tumor_figshare/1110.mat,110993,4,2,Hipofiz tümörü,1,Gliom,hayır,0.05953,0.574769,0.365702
1110,1111,brain_tumor_figshare/1111.mat,110993,4,2,Hipofiz tümörü,1,Gliom,hayır,0.093206,0.856277,0.050517
1111,1112,brain_tumor_figshare/1112.mat,111075,2,2,Hipofiz tümörü,2,Hipofiz tümörü,evet,0.00562,0.056539,0.93784
1112,1113,brain_tumor_figshare/1113.mat,111075,2,2,Hipofiz tümörü,2,Hipofiz tümörü,evet,0.010741,0.01739,0.971869
1113,1114,brain_tumor_figshare/1114.mat,111075,2,2,Hipofiz tümörü,2,Hipofiz tümörü,evet,0.02974,0.263567,0.706693
1114,1115,brain_tumor_figshare/1115.mat,111075,2,2,Hipofiz tümörü,2,Hipofiz tümörü,evet,0.024799,0.036454,0.938747
1115,1116,brain_tumor_figshare/1116.mat,111075,2,2,Hipofiz tümörü,2,Hipofiz tümörü,evet,0.001262,0.001615,0.997124
1116,1117,brain_tumor_figshare/1117.mat,111075,2,2,Hipofiz tümörü,2,Hipofiz tümörü,evet,0.000972,0.003469,0.995559
1117,1118,brain_tumor_figshare/1118.mat,111125,5,2,Hipofiz tümörü,2,Hipofiz tümörü,evet,0.008597,0.004873,0.98653
1118,1119,brain_tumor_figshare/1119.mat,111125,5,2,Hipofiz tümörü,2,Hipofiz tümörü,evet,0.027739,0.04095,0.931311
1119,1120,brain_tumor_figshare/1120.mat,111125,5,2,Hipofiz tümörü,2,Hipofiz tümörü,evet,0.068979,0.268382,0.662639
1120,1121,brain_tumor_figshare/1121.mat,111125,5,2,Hipofiz tümörü,2,Hipofiz tümörü,evet,0.005458,0.00856,0.985982
1121,1122,brain_tumor_figshare/1122.mat,111125,5,2,Hipofiz tümörü,1,Gliom,hayır,0.318991,0.436073,0.244936
1122,1123,brain_tumor_figshare/1123.mat,111125,5,2,Hipofiz tümörü,2,Hipofiz tümörü,evet,0.021098,0.033288,0.945614
1123,1124,brain_tumor_figshare/1124.mat,111785,5,2,Hipofiz tümörü,2,Hipofiz tümörü,evet,0.012176,0.031221,0.956603
1124,1125,brain_tumor_figshare/1125.mat,111785,5,2,Hipofiz tümörü,1,Gliom,hayır,0.038576,0.627387,0.334037
1125,1126,brain_tumor_figshare/1126.mat,111785,5,2,Hipofiz tümörü,2,Hipofiz tümörü,evet,0.005814,0.015346,0.97884
1126,1127,brain_tumor_figshare/1127.mat,111785,5,2,Hipofiz tümörü,2,Hipofiz tümörü,evet,0.000493,0.000831,0.998676
1127,1128,brain_tumor_figshare/1128.mat,111785,5,2,Hipofiz tümörü,2,Hipofiz tümörü,evet,0.000388,0.003564,0.996049
1128,1129,brain_tumor_figshare/1129.mat,112074,1,2,Hipofiz tümörü,2,Hipofiz tümörü,evet,0.246594,0.061987,0.691419
1129,1130,brain_tumor_figshare/1130.mat,112074,1,2,Hipofiz tümörü,1,Gliom,hayır,0.205931,0.451167,0.342903
1130,1131,brain_tumor_figshare/1131.mat,112074,1,2,Hipofiz tümörü,2,Hipofiz tümörü,evet,0.024355,0.102025,0.873619
1131,1132,brain_tumor_figshare/1132.mat,112074,1,2,Hipofiz tümörü,2,Hipofiz tümörü,evet,0.018882,0.013189,0.967929
1132,1133,brain_tumor_figshare/1133.mat,112074,1,2,Hipofiz tümörü,2,Hipofiz tümörü,evet,0.00792,0.012017,0.980062
1133,1134,brain_tumor_figshare/1134.mat,112649,5,2,Hipofiz tümörü,2,Hipofiz tümörü,evet,0.007726,0.018777,0.973497
1134,1135,brain_tumor_figshare/1135.mat,112649,5,2,Hipofiz tümörü,2,Hipofiz tümörü,evet,0.0014,0.011385,0.987215
1135,1136,brain_tumor_figshare/1136.mat,112649,5,2,Hipofiz tümörü,2,Hipofiz tümörü,evet,0.000976,0.00615,0.992873
1136,1137,brain_tumor_figshare/1137.mat,112649,5,2,Hipofiz tümörü,2,Hipofiz tümörü,evet,0.043446,0.08776,0.868793
1137,1138,brain_tumor_figshare/1138.mat,112649,5,2,Hipofiz tümörü,2,Hipofiz tümörü,evet,0.041291,0.017492,0.941217
1138,1139,brain_tumor_figshare/1139.mat,112649,5,2,Hipofiz tümörü,2,Hipofiz tümörü,evet,0.004788,0.008283,0.986928
1139,1140,brain_tumor_figshare/1140.mat,112746,1,2,Hipofiz tümörü,2,Hipofiz tümörü,evet,0.025707,0.017123,0.95717
1140,1141,brain_tumor_figshare/1141.mat,112746,1,2,Hipofiz tümörü,2,Hipofiz tümörü,evet,0.131686,0.151003,0.717311
1141,1142,brain_tumor_figshare/1142.mat,112746,1,2,Hipofiz tümörü,2,Hipofiz tümörü,evet,0.007662,0.011578,0.98076
1142,1143,brain_tumor_figshare/1143.mat,112746,1,2,Hipofiz tümörü,2,Hipofiz tümörü,evet,0.220974,0.095412,0.683614
1143,1144,brain_tumor_figshare/1144.mat,112847,5,2,Hipofiz tümörü,2,Hipofiz tümörü,evet,0.00182,0.015656,0.982524
1144,1145,brain_tumor_figshare/1145.mat,112847,5,2,Hipofiz tümörü,2,Hipofiz tümörü,evet,0.034968,0.025551,0.939482
1145,1146,brain_tumor_figshare/1146.mat,112847,5,2,Hipofiz tümörü,2,Hipofiz tümörü,evet,0.031137,0.058138,0.910725
1146,1147,brain_tumor_figshare/1147.mat,112847,5,2,Hipofiz tümörü,2,Hipofiz tümörü,evet,0.008393,0.094948,0.896659
1147,1148,brain_tumor_figshare/1148.mat,113274,3,2,Hipofiz tümörü,2,Hipofiz tümörü,evet,0.022141,0.024075,0.953783
1148,1149,brain_tumor_figshare/1149.mat,113274,3,2,Hipofiz tümörü,0,Meningiom,hayır,0.530261,0.171379,0.29836
1149,1150,brain_tumor_figshare/1150.mat,113274,3,2,Hipofiz tümörü,2,Hipofiz tümörü,evet,0.452003,0.061658,0.486339
1150,1151,brain_tumor_figshare/1151.mat,113741,3,2,Hipofiz tümörü,2,Hipofiz tümörü,evet,0.001373,0.002902,0.995725
1151,1152,brain_tumor_figshare/1152.mat,113741,3,2,Hipofiz tümörü,2,Hipofiz tümörü,evet,0.006273,0.01531,0.978416
1152,1153,brain_tumor_figshare/1153.mat,113741,3,2,Hipofiz tümörü,2,Hipofiz tümörü,evet,0.011786,0.012456,0.975758
1153,1154,brain_tumor_figshare/1154.mat,114040,4,2,Hipofiz tümörü,2,Hipofiz tümörü,evet,0.037152,0.063747,0.899102
1154,1155,brain_tumor_figshare/1155.mat,114040,4,2,Hipofiz tümörü,2,Hipofiz tümörü,evet,0.097037,0.123579,0.779385
1155,1156,brain_tumor_figshare/1156.mat,114040,4,2,Hipofiz tümörü,2,Hipofiz tümörü,evet,0.012448,0.02555,0.962002
1156,1157,brain_tumor_figshare/1157.mat,114361,4,2,Hipofiz tümörü,1,Gliom,hayır,0.044953,0.898122,0.056924
1157,1158,brain_tumor_figshare/1158.mat,114361,4,2,Hipofiz tümörü,2,Hipofiz tümörü,evet,0.027532,0.050373,0.922095
1158,1159,brain_tumor_figshare/1159.mat,114361,4,2,Hipofiz tümörü,2,Hipofiz tümörü,evet,0.058223,0.150549,0.791228
1159,1160,brain_tumor_figshare/1160.mat,114361,4,2,Hipofiz tümörü,2,Hipofiz tümörü,evet,0.148499,0.15826,0.693242
1160,1161,brain_tumor_figshare/1161.mat,114094,1,2,Hipofiz tümörü,0,Meningiom,hayır,0.590952,0.293236,0.115811
1161,1162,brain_tumor_figshare/1162.mat,114094,1,2,Hipofiz tümörü,0,Meningiom,hayır,0.732666,0.086589,0.180745
1162,1163,brain_tumor_figshare/1163.mat,114094,1,2,Hipofiz tümörü,0,Meningiom,hayır,0.698114,0.237295,0.064592
1163,1164,brain_tumor_figshare/1164.mat,114094,1,2,Hipofiz tümörü,1,Gliom,hayır,0.360051,0.623177,0.016773
1164,1165,brain_tumor_figshare/1165.mat,114094,1,2,Hipofiz tümörü,0,Meningiom,hayır,0.823715,0.13046,0.045825
1165,1166,brain_tumor_figshare/1166.mat,105936,5,2,Hipofiz tümörü,2,Hipofiz tümörü,evet,0.068166,0.004231,0.927603
1166,1167,brain_tumor_figshare/1167.mat,105936,5,2,Hipofiz tümörü,2,Hipofiz tümörü,evet,0.019929,0.002234,0.977837
1167,1168,brain_tumor_figshare/1168.mat,105936,5,2,Hipofiz tümörü,2,Hipofiz tümörü,evet,0.022394,0.003401,0.974205
1168,1169,brain_tumor_figshare/1169.mat,106062,3,2,Hipofiz tümörü,2,Hipofiz tümörü,evet,0.004895,0.024341,0.970764
1169,1170,brain_tumor_figshare/1170.mat,106062,3,2,Hipofiz tümörü,2,Hipofiz tümörü,evet,0.006224,0.070009,0.923766
1170,1171,brain_tumor_figshare/1171.mat,106062,3,2,Hipofiz tümörü,2,Hipofiz tümörü,evet,0.037972,0.330302,0.631725
1171,1172,brain_tumor_figshare/1172.mat,106062,3,2,Hipofiz tümörü,1,Gliom,hayır,0.016331,0.800617,0.183053
1172,1173,brain_tumor_figshare/1173.mat,106062,3,2,Hipofiz tümörü,1,Gliom,hayır,0.039558,0.655559,0.304883
1173,1174,brain_tumor_figshare/1174.mat,106062,3,2,Hipofiz tümörü,2,Hipofiz tümörü,evet,0.006824,0.101701,0.891475
1174,1175,brain_tumor_figshare/1175.mat,106062,3,2,Hipofiz tümörü,2,Hipofiz tümörü,evet,0.103799,0.250497,0.645704
1175,1176,brain_tumor_figshare/1176.mat,107495,3,2,Hipofiz tümörü,2,Hipofiz tümörü,evet,0.034215,0.005785,0.96
1176,1177,brain_tumor_figshare/1177.mat,107495,3,2,Hipofiz tümörü,1,Gliom,hayır,0.087314,0.475052,0.437634
1177,1178,brain_tumor_figshare/1178.mat,107495,3,2,Hipofiz tümörü,1,Gliom,hayır,0.217628,0.419076,0.363296
1178,1179,brain_tumor_figshare/1179.mat,107495,3,2,Hipofiz tümörü,2,Hipofiz tümörü,evet,0.077768,0.347715,0.574517
1179,1180,brain_tumor_figshare/1180.mat,107495,3,2,Hipofiz tümörü,2,Hipofiz tümörü,evet,0.111057,0.024443,0.864501
1180,1181,brain_tumor_figshare/1181.mat,107495,3,2,Hipofiz tümörü,2,Hipofiz tümörü,evet,0.139412,0.372632,0.487957
1181,1182,brain_tumor_figshare/1182.mat,107429,1,2,Hipofiz tümörü,2,Hipofiz tümörü,evet,0.280249,0.025737,0.694013
1182,1183,brain_tumor_figshare/1183.mat,107429,1,2,Hipofiz tümörü,2,Hipofiz tümörü,evet,0.447122,0.096233,0.456645
1183,1184,brain_tumor_figshare/1184.mat,107429,1,2,Hipofiz tümörü,2,Hipofiz tümörü,evet,0.18508,0.367868,0.447052
1184,1185,brain_tumor_figshare/1185.mat,107429,1,2,Hipofiz tümörü,2,Hipofiz tümörü,evet,0.12387,0.325767,0.550363
1185,1186,brain_tumor_figshare/1186.mat,107429,1,2,Hipofiz tümörü,1,Gliom,hayır,0.114317,0.476368,0.409315
1186,1187,brain_tumor_figshare/1187.mat,107429,1,2,Hipofiz tümörü,2,Hipofiz tümörü,evet,0.013721,0.010433,0.975846
1187,1188,brain_tumor_figshare/1188.mat,107429,1,2,Hipofiz tümörü,2,Hipofiz tümörü,evet,0.011983,0.008306,0.979711
1188,1189,brain_tumor_figshare/1189.mat,107505,5,2,Hipofiz tümörü,2,Hipofiz tümörü,evet,0.047976,0.071011,0.881013
1189,1190,brain_tumor_figshare/1190.mat,107505,5,2,Hipofiz tümörü,2,Hipofiz tümörü,evet,0.004161,0.002338,0.993502
1190,1191,brain_tumor_figshare/1191.mat,107505,5,2,Hipofiz tümörü,2,Hipofiz tümörü,evet,0.093707,0.019735,0.886558
1191,1192,brain_tumor_figshare/1192.mat,107505,5,2,Hipofiz tümörü,2,Hipofiz tümörü,evet,0.082435,0.009392,0.908173
1192,1193,brain_tumor_figshare/1193.mat,107505,5,2,Hipofiz tümörü,2,Hipofiz tümörü,evet,0.170257,0.384791,0.444951
1193,1194,brain_tumor_figshare/1194.mat,107743,5,2,Hipofiz tümörü,2,Hipofiz tümörü,evet,0.055407,0.004134,0.940458
1194,1195,brain_tumor_figshare/1195.mat,107743,5,2,Hipofiz tümörü,2,Hipofiz tümörü,evet,0.004158,0.019869,0.975972
1195,1196,brain_tumor_figshare/1196.mat,107743,5,2,Hipofiz tümörü,2,Hipofiz tümörü,evet,0.027756,0.009066,0.963177
1196,1197,brain_tumor_figshare/1197.mat,107743,5,2,Hipofiz tümörü,2,Hipofiz tümörü,evet,0.039548,0.00932,0.951132
1197,1198,brain_tumor_figshare/1198.mat,108858,1,2,Hipofiz tümörü,2,Hipofiz tümörü,evet,0.005295,0.008482,0.986223
1198,1199,brain_tumor_figshare/1199.mat,108858,1,2,Hipofiz tümörü,2,Hipofiz tümörü,evet,0.004799,0.018816,0.976385
1199,1200,brain_tumor_figshare/1200.mat,108858,1,2,Hipofiz tümörü,2,Hipofiz tümörü,evet,0.005408,0.003618,0.990974
1200,1201,brain_tumor_figshare/1201.mat,108858,1,2,Hipofiz tümörü,2,Hipofiz tümörü,evet,0.005232,0.02124,0.973528
1201,1202,brain_tumor_figshare/1202.mat,108858,1,2,Hipofiz tümörü,2,Hipofiz tümörü,evet,0.03455,0.014789,0.950661
1202,1203,brain_tumor_figshare/1203.mat,108931,4,2,Hipofiz tümörü,2,Hipofiz tümörü,evet,0.0283,0.024126,0.947574
1203,1204,brain_tumor_figshare/1204.mat,108931,4,2,Hipofiz tümörü,2,Hipofiz tümörü,evet,0.082876,0.019519,0.897605
1204,1205,brain_tumor_figshare/1205.mat,108931,4,2,Hipofiz tümörü,2,Hipofiz tümörü,evet,0.033124,0.006445,0.960431
1205,1206,brain_tumor_figshare/1206.mat,108931,4,2,Hipofiz tümörü,2,Hipofiz tümörü,evet,0.018188,0.00595,0.975862
1206,1207,brain_tumor_figshare/1207.mat,108931,4,2,Hipofiz tümörü,2,Hipofiz tümörü,evet,0.006748,0.003965,0.989286
1207,1208,brain_tumor_figshare/1208.mat,109471,3,2,Hipofiz tümörü,2,Hipofiz tümörü,evet,0.009493,0.019842,0.970665
1208,1209,brain_tumor_figshare/1209.mat,109471,3,2,Hipofiz tümörü,2,Hipofiz tümörü,evet,0.166583,0.072612,0.760804
1209,1210,brain_tumor_figshare/1210.mat,109471,3,2,Hipofiz tümörü,2,Hipofiz tümörü,evet,0.077734,0.111184,0.811082
1210,1211,brain_tumor_figshare/1211.mat,109471,3,2,Hipofiz tümörü,2,Hipofiz tümörü,evet,0.050363,0.239273,0.710364
1211,1212,brain_tumor_figshare/1212.mat,109471,3,2,Hipofiz tümörü,2,Hipofiz tümörü,evet,0.168815,0.096158,0.735027
1212,1213,brain_tumor_figshare/1213.mat,109471,3,2,Hipofiz tümörü,2,Hipofiz tümörü,evet,0.009209,0.015579,0.975212
1213,1214,brain_tumor_figshare/1214.mat,109769,2,2,Hipofiz tümörü,2,Hipofiz tümörü,evet,0.018783,0.058168,0.923049
1214,1215,brain_tumor_figshare/1215.mat,109769,2,2,Hipofiz tümörü,2,Hipofiz tümörü,evet,0.057625,0.054128,0.888247
1215,1216,brain_tumor_figshare/1216.mat,109769,2,2,Hipofiz tümörü,2,Hipofiz tümörü,evet,0.042721,0.409822,0.547457
1216,1217,brain_tumor_figshare/1217.mat,109769,2,2,Hipofiz tümörü,2,Hipofiz tümörü,evet,0.03318,0.167327,0.799493
1217,1218,brain_tumor_figshare/1218.mat,109769,2,2,Hipofiz tümörü,2,Hipofiz tümörü,evet,0.025434,0.05936,0.915206
1218,1219,brain_tumor_figshare/1219.mat,109898,3,2,Hipofiz tümörü,2,Hipofiz tümörü,evet,0.046207,0.028822,0.924971
1219,1220,brain_tumor_figshare/1220.mat,109898,3,2,Hipofiz tümörü,2,Hipofiz tümörü,evet,0.030801,0.00728,0.961919
1220,1221,brain_tumor_figshare/1221.mat,109898,3,2,Hipofiz tümörü,2,Hipofiz tümörü,evet,0.011914,0.005677,0.982409
1221,1222,brain_tumor_figshare/1222.mat,110518,2,2,Hipofiz tümörü,2,Hipofiz tümörü,evet,0.073538,0.340864,0.585598
1222,1223,brain_tumor_figshare/1223.mat,110518,2,2,Hipofiz tümörü,2,Hipofiz tümörü,evet,0.038355,0.16124,0.800406
1223,1224,brain_tumor_figshare/1224.mat,110518,2,2,Hipofiz tümörü,2,Hipofiz tümörü,evet,0.008218,0.163591,0.828192
1224,1225,brain_tumor_figshare/1225.mat,110518,2,2,Hipofiz tümörü,2,Hipofiz tümörü,evet,0.004953,0.096652,0.898395
1225,1226,brain_tumor_figshare/1226.mat,110537,5,2,Hipofiz tümörü,2,Hipofiz tümörü,evet,0.00215,0.003891,0.993958
1226,1227,brain_tumor_figshare/1227.mat,110537,5,2,Hipofiz tümörü,2,Hipofiz tümörü,evet,0.011505,0.013565,0.97493
1227,1228,brain_tumor_figshare/1228.mat,110537,5,2,Hipofiz tümörü,2,Hipofiz tümörü,evet,0.027607,0.034021,0.938372
1228,1229,brain_tumor_figshare/1229.mat,110537,5,2,Hipofiz tümörü,2,Hipofiz tümörü,evet,0.003232,0.003688,0.99308
1229,1230,brain_tumor_figshare/1230.mat,110993,4,2,Hipofiz tümörü,2,Hipofiz tümörü,evet,0.049215,0.052186,0.898599
1230,1231,brain_tumor_figshare/1231.mat,110993,4,2,Hipofiz tümörü,2,Hipofiz tümörü,evet,0.012151,0.009648,0.978201
1231,1232,brain_tumor_figshare/1232.mat,110993,4,2,Hipofiz tümörü,2,Hipofiz tümörü,evet,0.000707,0.001962,0.997331
1232,1233,brain_tumor_figshare/1233.mat,111075,2,2,Hipofiz tümörü,2,Hipofiz tümörü,evet,0.027293,0.123214,0.849493
1233,1234,brain_tumor_figshare/1234.mat,111075,2,2,Hipofiz tümörü,2,Hipofiz tümörü,evet,0.004518,0.018998,0.976484
1234,1235,brain_tumor_figshare/1235.mat,111075,2,2,Hipofiz tümörü,2,Hipofiz tümörü,evet,0.043149,0.205121,0.75173
1235,1236,brain_tumor_figshare/1236.mat,111075,2,2,Hipofiz tümörü,2,Hipofiz tümörü,evet,0.01837,0.006994,0.974637
1236,1237,brain_tumor_figshare/1237.mat,111075,2,2,Hipofiz tümörü,2,Hipofiz tümörü,evet,0.0082,0.003636,0.988164
1237,1238,brain_tumor_figshare/1238.mat,111125,5,2,Hipofiz tümörü,2,Hipofiz tümörü,evet,0.09223,0.084016,0.823754
1238,1239,brain_tumor_figshare/1239.mat,111125,5,2,Hipofiz tümörü,2,Hipofiz tümörü,evet,0.028572,0.025432,0.945997
1239,1240,brain_tumor_figshare/1240.mat,111125,5,2,Hipofiz tümörü,2,Hipofiz tümörü,evet,0.047968,0.022861,0.929171
1240,1241,brain_tumor_figshare/1241.mat,111125,5,2,Hipofiz tümörü,2,Hipofiz tümörü,evet,0.094351,0.098614,0.807035
1241,1242,brain_tumor_figshare/1242.mat,111785,5,2,Hipofiz tümörü,2,Hipofiz tümörü,evet,0.05406,0.014334,0.931607
1242,1243,brain_tumor_figshare/1243.mat,111785,5,2,Hipofiz tümörü,2,Hipofiz tümörü,evet,0.004625,0.005883,0.989492
1243,1244,brain_tumor_figshare/1244.mat,111785,5,2,Hipofiz tümörü,2,Hipofiz tümörü,evet,0.00751,0.00766,0.98483
1244,1245,brain_tumor_figshare/1245.mat,111785,5,2,Hipofiz tümörü,2,Hipofiz tümörü,evet,0.161315,0.054112,0.784573
1245,1246,brain_tumor_figshare/1246.mat,112074,1,2,Hipofiz tümörü,2,Hipofiz tümörü,evet,0.22485,0.195549,0.579601
1246,1247,brain_tumor_figshare/1247.mat,112074,1,2,Hipofiz tümörü,1,Gliom,hayır,0.107799,0.622917,0.269284
1247,1248,brain_tumor_figshare/1248.mat,112074,1,2,Hipofiz tümörü,1,Gliom,hayır,0.19429,0.62349,0.18222
1248,1249,brain_tumor_figshare/1249.mat,112074,1,2,Hipofiz tümörü,2,Hipofiz tümörü,evet,0.297538,0.307257,0.395205
1249,1250,brain_tumor_figshare/1250.mat,112074,1,2,Hipofiz tümörü,2,Hipofiz tümörü,evet,0.311732,0.170278,0.51799
1250,1251,brain_tumor_figshare/1251.mat,112649,5,2,Hipofiz tümörü,2,Hipofiz tümörü,evet,0.001795,0.035695,0.96251
1251,1252,brain_tumor_figshare/1252.mat,112649,5,2,Hipofiz tümörü,2,Hipofiz tümörü,evet,0.006289,0.095747,0.897964
1252,1253,brain_tumor_figshare/1253.mat,112649,5,2,Hipofiz tümörü,2,Hipofiz tümörü,evet,0.003922,0.100308,0.89577
1253,1254,brain_tumor_figshare/1254.mat,112649,5,2,Hipofiz tümörü,2,Hipofiz tümörü,evet,0.011819,0.13473,0.85345
1254,1255,brain_tumor_figshare/1255.mat,112649,5,2,Hipofiz tümörü,2,Hipofiz tümörü,evet,0.000728,0.002404,0.996868
1255,1256,brain_tumor_figshare/1256.mat,112746,1,2,Hipofiz tümörü,2,Hipofiz tümörü,evet,0.006646,0.000929,0.992425
1256,1257,brain_tumor_figshare/1257.mat,112746,1,2,Hipofiz tümörü,2,Hipofiz tümörü,evet,0.026483,0.021396,0.952121
1257,1258,brain_tumor_figshare/1258.mat,112746,1,2,Hipofiz tümörü,2,Hipofiz tümörü,evet,0.010887,0.027546,0.961568
1258,1259,brain_tumor_figshare/1259.mat,112746,1,2,Hipofiz tümörü,2,Hipofiz tümörü,evet,0.035916,0.368122,0.595962
1259,1260,brain_tumor_figshare/1260.mat,112746,1,2,Hipofiz tümörü,2,Hipofiz tümörü,evet,0.109544,0.067896,0.82256
1260,1261,brain_tumor_figshare/1261.mat,112847,5,2,Hipofiz tümörü,2,Hipofiz tümörü,evet,0.009198,0.03745,0.953352
1261,1262,brain_tumor_figshare/1262.mat,112847,5,2,Hipofiz tümörü,2,Hipofiz tümörü,evet,0.009829,0.0151,0.975071
1262,1263,brain_tumor_figshare/1263.mat,112847,5,2,Hipofiz tümörü,2,Hipofiz tümörü,evet,0.005615,0.003085,0.9913
1263,1264,brain_tumor_figshare/1264.mat,112847,5,2,Hipofiz tümörü,2,Hipofiz tümörü,evet,0.004784,0.003825,0.99139
1264,1265,brain_tumor_figshare/1265.mat,112847,5,2,Hipofiz tümörü,2,Hipofiz tümörü,evet,0.008034,0.00576,0.986206
1265,1266,brain_tumor_figshare/1266.mat,113274,3,2,Hipofiz tümörü,2,Hipofiz tümörü,evet,0.072361,0.025947,0.901692
1266,1267,brain_tumor_figshare/1267.mat,113274,3,2,Hipofiz tümörü,2,Hipofiz tümörü,evet,0.325938,0.117221,0.556842
1267,1268,brain_tumor_figshare/1268.mat,113274,3,2,Hipofiz tümörü,2,Hipofiz tümörü,evet,0.135088,0.043379,0.821532
1268,1269,brain_tumor_figshare/1269.mat,113274,3,2,Hipofiz tümörü,2,Hipofiz tümörü,evet,0.051325,0.014952,0.933722
1269,1270,brain_tumor_figshare/1270.mat,113741,3,2,Hipofiz tümörü,2,Hipofiz tümörü,evet,0.008203,0.004166,0.987631
1270,1271,brain_tumor_figshare/1271.mat,113741,3,2,Hipofiz tümörü,2,Hipofiz tümörü,evet,0.016473,0.014405,0.969122
1271,1272,brain_tumor_figshare/1272.mat,113741,3,2,Hipofiz tümörü,2,Hipofiz tümörü,evet,0.0135,0.006325,0.980174
1272,1273,brain_tumor_figshare/1273.mat,114040,4,2,Hipofiz tümörü,2,Hipofiz tümörü,evet,0.01237,0.006423,0.981207
1273,1274,brain_tumor_figshare/1274.mat,114040,4,2,Hipofiz tümörü,2,Hipofiz tümörü,evet,0.018151,0.01153,0.970318
1274,1275,brain_tumor_figshare/1275.mat,114040,4,2,Hipofiz tümörü,2,Hipofiz tümörü,evet,0.022286,0.183738,0.793976
1275,1276,brain_tumor_figshare/1276.mat,114361,4,2,Hipofiz tümörü,0,Meningiom,hayır,0.511291,0.443461,0.045248
1276,1277,brain_tumor_figshare/1277.mat,114361,4,2,Hipofiz tümörü,0,Meningiom,hayır,0.553838,0.345886,0.100276
1277,1278,brain_tumor_figshare/1278.mat,114361,4,2,Hipofiz tümörü,0,Meningiom,hayır,0.652176,0.280459,0.067366
1278,1279,brain_tumor_figshare/1279.mat,114094,1,2,Hipofiz tümörü,0,Meningiom,hayır,0.848826,0.120746,0.030428
1279,1280,brain_tumor_figshare/1280.mat,114094,1,2,Hipofiz tümörü,0,Meningiom,hayır,0.827258,0.164298,0.008444
1280,1281,brain_tumor_figshare/1281.mat,114094,1,2,Hipofiz tümörü,0,Meningiom,hayır,0.935953,0.061522,0.002526
1281,1282,brain_tumor_figshare/1282.mat,114094,1,2,Hipofiz tümörü,0,Meningiom,hayır,0.798517,0.144067,0.057415
1282,1283,brain_tumor_figshare/1283.mat,101029,1,2,Hipofiz tümörü,2,Hipofiz tümörü,evet,0.002114,0.003281,0.994605
1283,1284,brain_tumor_figshare/1284.mat,101029,1,2,Hipofiz tümörü,2,Hipofiz tümörü,evet,0.005292,0.00248,0.992228
1284,1285,brain_tumor_figshare/1285.mat,101145,2,2,Hipofiz tümörü,2,Hipofiz tümörü,evet,0.017635,0.02502,0.957346
1285,1286,brain_tumor_figshare/1286.mat,101145,2,2,Hipofiz tümörü,2,Hipofiz tümörü,evet,0.093345,0.006834,0.899822
1286,1287,brain_tumor_figshare/1287.mat,101145,2,2,Hipofiz tümörü,2,Hipofiz tümörü,evet,0.009223,0.01384,0.976937
1287,1288,brain_tumor_figshare/1288.mat,101145,2,2,Hipofiz tümörü,2,Hipofiz tümörü,evet,0.022199,0.069498,0.908303
1288,1289,brain_tumor_figshare/1289.mat,101305,3,2,Hipofiz tümörü,2,Hipofiz tümörü,evet,0.008518,0.000508,0.990975
1289,1290,brain_tumor_figshare/1290.mat,101305,3,2,Hipofiz tümörü,2,Hipofiz tümörü,evet,0.012536,0.005036,0.982428
1290,1291,brain_tumor_figshare/1291.mat,101305,3,2,Hipofiz tümörü,2,Hipofiz tümörü,evet,0.008228,0.004903,0.986869
1291,1292,brain_tumor_figshare/1292.mat,101305,3,2,Hipofiz tümörü,2,Hipofiz tümörü,evet,0.06131,0.042647,0.896042
1292,1293,brain_tumor_figshare/1293.mat,101724,2,2,Hipofiz tümörü,2,Hipofiz tümörü,evet,0.021762,0.012956,0.965282
1293,1294,brain_tumor_figshare/1294.mat,101724,2,2,Hipofiz tümörü,2,Hipofiz tümörü,evet,0.246128,0.051483,0.702389
1294,1295,brain_tumor_figshare/1295.mat,102648,2,2,Hipofiz tümörü,2,Hipofiz tümörü,evet,0.006039,0.020235,0.973726
1295,1296,brain_tumor_figshare/1296.mat,102648,2,2,Hipofiz tümörü,2,Hipofiz tümörü,evet,0.007404,0.043663,0.948933
1296,1297,brain_tumor_figshare/1297.mat,102648,2,2,Hipofiz tümörü,2,Hipofiz tümörü,evet,0.024027,0.210045,0.765928
1297,1298,brain_tumor_figshare/1298.mat,102648,2,2,Hipofiz tümörü,2,Hipofiz tümörü,evet,0.051563,0.086714,0.861723
1298,1299,brain_tumor_figshare/1299.mat,102648,2,2,Hipofiz tümörü,2,Hipofiz tümörü,evet,0.006096,0.006364,0.98754
1299,1300,brain_tumor_figshare/1300.mat,102648,2,2,Hipofiz tümörü,0,Meningiom,hayır,0.527367,0.139534,0.333099
1300,1301,brain_tumor_figshare/1301.mat,103046,2,2,Hipofiz tümörü,2,Hipofiz tümörü,evet,0.005725,0.012721,0.981554
1301,1302,brain_tumor_figshare/1302.mat,103046,2,2,Hipofiz tümörü,2,Hipofiz tümörü,evet,0.013313,0.004626,0.982061
1302,1303,brain_tumor_figshare/1303.mat,103046,2,2,Hipofiz tümörü,2,Hipofiz tümörü,evet,0.004517,0.004636,0.990847
1303,1304,brain_tumor_figshare/1304.mat,103257,4,2,Hipofiz tümörü,2,Hipofiz tümörü,evet,0.03618,0.03456,0.929261
1304,1305,brain_tumor_figshare/1305.mat,103257,4,2,Hipofiz tümörü,2,Hipofiz tümörü,evet,0.0166,0.010611,0.972789
1305,1306,brain_tumor_figshare/1306.mat,103257,4,2,Hipofiz tümörü,2,Hipofiz tümörü,evet,0.010002,0.009378,0.98062
1306,1307,brain_tumor_figshare/1307.mat,103257,4,2,Hipofiz tümörü,2,Hipofiz tümörü,evet,0.003172,0.002275,0.994552
1307,1308,brain_tumor_figshare/1308.mat,103257,4,2,Hipofiz tümörü,2,Hipofiz tümörü,evet,0.00214,0.015658,0.982201
1308,1309,brain_tumor_figshare/1309.mat,103257,4,2,Hipofiz tümörü,2,Hipofiz tümörü,evet,0.009354,0.005128,0.985517
1309,1310,brain_tumor_figshare/1310.mat,103478,5,2,Hipofiz tümörü,2,Hipofiz tümörü,evet,0.032073,0.132773,0.835154
1310,1311,brain_tumor_figshare/1311.mat,103478,5,2,Hipofiz tümörü,2,Hipofiz tümörü,evet,0.003177,0.034166,0.962658
1311,1312,brain_tumor_figshare/1312.mat,103478,5,2,Hipofiz tümörü,2,Hipofiz tümörü,evet,0.044622,0.063633,0.891744
1312,1313,brain_tumor_figshare/1313.mat,103478,5,2,Hipofiz tümörü,2,Hipofiz tümörü,evet,0.000488,0.000209,0.999303
1313,1314,brain_tumor_figshare/1314.mat,103478,5,2,Hipofiz tümörü,2,Hipofiz tümörü,evet,0.000951,0.006276,0.992773
1314,1315,brain_tumor_figshare/1315.mat,103478,5,2,Hipofiz tümörü,2,Hipofiz tümörü,evet,0.000272,0.000387,0.999341
1315,1316,brain_tumor_figshare/1316.mat,103478,5,2,Hipofiz tümörü,2,Hipofiz tümörü,evet,0.000276,0.003225,0.996499
1316,1317,brain_tumor_figshare/1317.mat,103582,3,2,Hipofiz tümörü,2,Hipofiz tümörü,evet,0.008742,0.002863,0.988395
1317,1318,brain_tumor_figshare/1318.mat,103582,3,2,Hipofiz tümörü,2,Hipofiz tümörü,evet,0.005761,0.002271,0.991968
1318,1319,brain_tumor_figshare/1319.mat,103582,3,2,Hipofiz tümörü,2,Hipofiz tümörü,evet,0.021239,0.290623,0.688138
1319,1320,brain_tumor_figshare/1320.mat,103582,3,2,Hipofiz tümörü,2,Hipofiz tümörü,evet,0.005877,0.006572,0.98755
1320,1321,brain_tumor_figshare/1321.mat,103582,3,2,Hipofiz tümörü,2,Hipofiz tümörü,evet,0.000782,0.00455,0.994668
1321,1322,brain_tumor_figshare/1322.mat,103582,3,2,Hipofiz tümörü,2,Hipofiz tümörü,evet,0.001276,0.011228,0.987497
1322,1323,brain_tumor_figshare/1323.mat,103670,5,2,Hipofiz tümörü,2,Hipofiz tümörü,evet,0.002376,0.000518,0.997106
1323,1324,brain_tumor_figshare/1324.mat,103670,5,2,Hipofiz tümörü,2,Hipofiz tümörü,evet,0.000354,0.000879,0.998767
1324,1325,brain_tumor_figshare/1325.mat,103670,5,2,Hipofiz tümörü,2,Hipofiz tümörü,evet,0.001078,0.002794,0.996128
1325,1326,brain_tumor_figshare/1326.mat,103671,1,2,Hipofiz tümörü,2,Hipofiz tümörü,evet,0.003319,0.001189,0.995491
1326,1327,brain_tumor_figshare/1327.mat,103671,1,2,Hipofiz tümörü,2,Hipofiz tümörü,evet,0.009064,0.003261,0.987675
1327,1328,brain_tumor_figshare/1328.mat,103671,1,2,Hipofiz tümörü,2,Hipofiz tümörü,evet,0.003103,0.006511,0.990386
1328,1329,brain_tumor_figshare/1329.mat,103671,1,2,Hipofiz tümörü,2,Hipofiz tümörü,evet,0.001856,0.003168,0.994976
1329,1330,brain_tumor_figshare/1330.mat,103731,4,2,Hipofiz tümörü,2,Hipofiz tümörü,evet,0.006966,0.008421,0.984613
1330,1331,brain_tumor_figshare/1331.mat,103731,4,2,Hipofiz tümörü,2,Hipofiz tümörü,evet,0.000782,0.001413,0.997805
1331,1332,brain_tumor_figshare/1332.mat,103731,4,2,Hipofiz tümörü,2,Hipofiz tümörü,evet,0.000411,0.00052,0.999069
1332,1333,brain_tumor_figshare/1333.mat,103731,4,2,Hipofiz tümörü,2,Hipofiz tümörü,evet,0.003169,0.002965,0.993867
1333,1334,brain_tumor_figshare/1334.mat,103731,4,2,Hipofiz tümörü,2,Hipofiz tümörü,evet,0.004353,0.006445,0.989202
1334,1335,brain_tumor_figshare/1335.mat,103731,4,2,Hipofiz tümörü,2,Hipofiz tümörü,evet,0.01593,0.002378,0.981691
1335,1336,brain_tumor_figshare/1336.mat,103731,4,2,Hipofiz tümörü,2,Hipofiz tümörü,evet,0.008742,0.030208,0.961051
1336,1337,brain_tumor_figshare/1337.mat,103731,4,2,Hipofiz tümörü,2,Hipofiz tümörü,evet,0.002358,0.006722,0.99092
1337,1338,brain_tumor_figshare/1338.mat,103731,4,2,Hipofiz tümörü,2,Hipofiz tümörü,evet,0.002226,0.012114,0.98566
1338,1339,brain_tumor_figshare/1339.mat,103731,4,2,Hipofiz tümörü,2,Hipofiz tümörü,evet,0.004714,0.063232,0.932054
1339,1340,brain_tumor_figshare/1340.mat,103837,2,2,Hipofiz tümörü,0,Meningiom,hayır,0.539057,0.302609,0.158334
1340,1341,brain_tumor_figshare/1341.mat,103837,2,2,Hipofiz tümörü,2,Hipofiz tümörü,evet,0.015926,0.170035,0.814039
1341,1342,brain_tumor_figshare/1342.mat,103837,2,2,Hipofiz tümörü,1,Gliom,hayır,0.153427,0.435519,0.411054
1342,1343,brain_tumor_figshare/1343.mat,103837,2,2,Hipofiz tümörü,2,Hipofiz tümörü,evet,0.009517,0.125432,0.86505
1343,1344,brain_tumor_figshare/1344.mat,103837,2,2,Hipofiz tümörü,2,Hipofiz tümörü,evet,0.007138,0.010135,0.982727
1344,1345,brain_tumor_figshare/1345.mat,103837,2,2,Hipofiz tümörü,2,Hipofiz tümörü,evet,0.003746,0.012758,0.983496
1345,1346,brain_tumor_figshare/1346.mat,103837,2,2,Hipofiz tümörü,2,Hipofiz tümörü,evet,0.02245,0.015364,0.962186
1346,1347,brain_tumor_figshare/1347.mat,103837,2,2,Hipofiz tümörü,2,Hipofiz tümörü,evet,0.00862,0.002271,0.989109
1347,1348,brain_tumor_figshare/1348.mat,104019,4,2,Hipofiz tümörü,2,Hipofiz tümörü,evet,0.000689,0.010942,0.988369
1348,1349,brain_tumor_figshare/1349.mat,104019,4,2,Hipofiz tümörü,2,Hipofiz tümörü,evet,0.003496,0.00582,0.990685
1349,1350,brain_tumor_figshare/1350.mat,104019,4,2,Hipofiz tümörü,2,Hipofiz tümörü,evet,0.003668,0.060112,0.93622
1350,1351,brain_tumor_figshare/1351.mat,104019,4,2,Hipofiz tümörü,2,Hipofiz tümörü,evet,0.001665,0.034068,0.964266
1351,1352,brain_tumor_figshare/1352.mat,104558,2,2,Hipofiz tümörü,2,Hipofiz tümörü,evet,0.030657,0.021195,0.948148
1352,1353,brain_tumor_figshare/1353.mat,104558,2,2,Hipofiz tümörü,2,Hipofiz tümörü,evet,0.059594,0.04594,0.894466
1353,1354,brain_tumor_figshare/1354.mat,104558,2,2,Hipofiz tümörü,2,Hipofiz tümörü,evet,0.134354,0.052691,0.812955
1354,1355,brain_tumor_figshare/1355.mat,104558,2,2,Hipofiz tümörü,1,Gliom,hayır,0.365659,0.383003,0.251338
1355,1356,brain_tumor_figshare/1356.mat,104558,2,2,Hipofiz tümörü,1,Gliom,hayır,0.102083,0.865567,0.03235
1356,1357,brain_tumor_figshare/1357.mat,104558,2,2,Hipofiz tümörü,1,Gliom,hayır,0.182513,0.755956,0.061531
1357,1358,brain_tumor_figshare/1358.mat,104558,2,2,Hipofiz tümörü,1,Gliom,hayır,0.181923,0.45287,0.365207
1358,1359,brain_tumor_figshare/1359.mat,104558,2,2,Hipofiz tümörü,0,Meningiom,hayır,0.551874,0.307493,0.140633
1359,1360,brain_tumor_figshare/1360.mat,104684,3,2,Hipofiz tümörü,2,Hipofiz tümörü,evet,0.016729,0.004461,0.97881
1360,1361,brain_tumor_figshare/1361.mat,104684,3,2,Hipofiz tümörü,2,Hipofiz tümörü,evet,0.039783,0.034301,0.925916
1361,1362,brain_tumor_figshare/1362.mat,104684,3,2,Hipofiz tümörü,2,Hipofiz tümörü,evet,0.063438,0.00687,0.929692
1362,1363,brain_tumor_figshare/1363.mat,104684,3,2,Hipofiz tümörü,2,Hipofiz tümörü,evet,0.007267,0.002381,0.990352
1363,1364,brain_tumor_figshare/1364.mat,104684,3,2,Hipofiz tümörü,2,Hipofiz tümörü,evet,0.010335,0.004461,0.985204
1364,1365,brain_tumor_figshare/1365.mat,104684,3,2,Hipofiz tümörü,2,Hipofiz tümörü,evet,0.054507,0.026665,0.918828
1365,1366,brain_tumor_figshare/1366.mat,104684,3,2,Hipofiz tümörü,2,Hipofiz tümörü,evet,0.025066,0.008684,0.96625
1366,1367,brain_tumor_figshare/1367.mat,104684,3,2,Hipofiz tümörü,2,Hipofiz tümörü,evet,0.003096,0.005304,0.9916
1367,1368,brain_tumor_figshare/1368.mat,104684,3,2,Hipofiz tümörü,2,Hipofiz tümörü,evet,0.00167,0.001178,0.997152
1368,1369,brain_tumor_figshare/1369.mat,104912,5,2,Hipofiz tümörü,2,Hipofiz tümörü,evet,0.012222,0.058349,0.929429
1369,1370,brain_tumor_figshare/1370.mat,104912,5,2,Hipofiz tümörü,2,Hipofiz tümörü,evet,0.013262,0.048356,0.938382
1370,1371,brain_tumor_figshare/1371.mat,104912,5,2,Hipofiz tümörü,2,Hipofiz tümörü,evet,0.02286,0.421751,0.555389
1371,1372,brain_tumor_figshare/1372.mat,104912,5,2,Hipofiz tümörü,2,Hipofiz tümörü,evet,0.010705,0.003386,0.985909
1372,1373,brain_tumor_figshare/1373.mat,104912,5,2,Hipofiz tümörü,2,Hipofiz tümörü,evet,0.013842,0.030576,0.955583
1373,1374,brain_tumor_figshare/1374.mat,105187,1,2,Hipofiz tümörü,2,Hipofiz tümörü,evet,0.026899,0.002672,0.970429
1374,1375,brain_tumor_figshare/1375.mat,105187,1,2,Hipofiz tümörü,2,Hipofiz tümörü,evet,0.00588,0.015549,0.978571
1375,1376,brain_tumor_figshare/1376.mat,105187,1,2,Hipofiz tümörü,2,Hipofiz tümörü,evet,0.034905,0.017437,0.947658
1376,1377,brain_tumor_figshare/1377.mat,105187,1,2,Hipofiz tümörü,2,Hipofiz tümörü,evet,0.364852,0.025954,0.609195
1377,1378,brain_tumor_figshare/1378.mat,105475,1,2,Hipofiz tümörü,2,Hipofiz tümörü,evet,0.005327,0.031946,0.962727
1378,1379,brain_tumor_figshare/1379.mat,105475,1,2,Hipofiz tümörü,2,Hipofiz tümörü,evet,0.009417,0.027465,0.963119
1379,1380,brain_tumor_figshare/1380.mat,105538,4,2,Hipofiz tümörü,2,Hipofiz tümörü,evet,0.075903,0.15458,0.769517
1380,1381,brain_tumor_figshare/1381.mat,105538,4,2,Hipofiz tümörü,2,Hipofiz tümörü,evet,0.012018,0.003622,0.984359
1381,1382,brain_tumor_figshare/1382.mat,105538,4,2,Hipofiz tümörü,2,Hipofiz tümörü,evet,0.113869,0.04968,0.836451
1382,1383,brain_tumor_figshare/1383.mat,105638,4,2,Hipofiz tümörü,2,Hipofiz tümörü,evet,0.020554,0.195997,0.783449
1383,1384,brain_tumor_figshare/1384.mat,105638,4,2,Hipofiz tümörü,2,Hipofiz tümörü,evet,0.033479,0.044315,0.922206
1384,1385,brain_tumor_figshare/1385.mat,105638,4,2,Hipofiz tümörü,2,Hipofiz tümörü,evet,0.013935,0.307118,0.678947
1385,1386,brain_tumor_figshare/1386.mat,97416,4,2,Hipofiz tümörü,1,Gliom,hayır,0.205678,0.577693,0.21663
1386,1387,brain_tumor_figshare/1387.mat,97416,4,2,Hipofiz tümörü,1,Gliom,hayır,0.424645,0.443158,0.132198
1387,1388,brain_tumor_figshare/1388.mat,97416,4,2,Hipofiz tümörü,1,Gliom,hayır,0.11419,0.842974,0.042836
1388,1389,brain_tumor_figshare/1389.mat,97416,4,2,Hipofiz tümörü,1,Gliom,hayır,0.031987,0.919263,0.048751
1389,1390,brain_tumor_figshare/1390.mat,97416,4,2,Hipofiz tümörü,0,Meningiom,hayır,0.582344,0.41315,0.004505
1390,1391,brain_tumor_figshare/1391.mat,97416,4,2,Hipofiz tümörü,0,Meningiom,hayır,0.486017,0.448673,0.06531
1391,1392,brain_tumor_figshare/1392.mat,97416,4,2,Hipofiz tümörü,1,Gliom,hayır,0.294578,0.691547,0.013875
1392,1393,brain_tumor_figshare/1393.mat,97416,4,2,Hipofiz tümörü,1,Gliom,hayır,0.429806,0.517703,0.052491
1393,1394,brain_tumor_figshare/1394.mat,97416,4,2,Hipofiz tümörü,1,Gliom,hayır,0.243032,0.721174,0.035794
1394,1395,brain_tumor_figshare/1395.mat,97461,3,2,Hipofiz tümörü,2,Hipofiz tümörü,evet,0.019691,0.015226,0.965083
1395,1396,brain_tumor_figshare/1396.mat,97461,3,2,Hipofiz tümörü,2,Hipofiz tümörü,evet,0.01631,0.00296,0.98073
1396,1397,brain_tumor_figshare/1397.mat,97461,3,2,Hipofiz tümörü,2,Hipofiz tümörü,evet,0.075811,0.370266,0.553924
1397,1398,brain_tumor_figshare/1398.mat,97461,3,2,Hipofiz tümörü,2,Hipofiz tümörü,evet,0.047127,0.118773,0.8341
1398,1399,brain_tumor_figshare/1399.mat,97461,3,2,Hipofiz tümörü,2,Hipofiz tümörü,evet,0.051578,0.040777,0.907646
1399,1400,brain_tumor_figshare/1400.mat,97461,3,2,Hipofiz tümörü,2,Hipofiz tümörü,evet,0.020069,0.024689,0.955242
1400,1401,brain_tumor_figshare/1401.mat,97461,3,2,Hipofiz tümörü,2,Hipofiz tümörü,evet,0.018763,0.033661,0.947576
1401,1402,brain_tumor_figshare/1402.mat,97461,3,2,Hipofiz tümörü,2,Hipofiz tümörü,evet,0.002081,0.006329,0.99159
1402,1403,brain_tumor_figshare/1403.mat,97461,3,2,Hipofiz tümörü,2,Hipofiz tümörü,evet,0.004901,0.00145,0.993649
1403,1404,brain_tumor_figshare/1404.mat,97481,2,2,Hipofiz tümörü,0,Meningiom,hayır,0.42999,0.345974,0.224037
1404,1405,brain_tumor_figshare/1405.mat,97481,2,2,Hipofiz tümörü,2,Hipofiz tümörü,evet,0.054661,0.04716,0.89818
1405,1406,brain_tumor_figshare/1406.mat,97481,2,2,Hipofiz tümörü,2,Hipofiz tümörü,evet,0.01786,0.013199,0.968941
1406,1407,brain_tumor_figshare/1407.mat,97481,2,2,Hipofiz tümörü,2,Hipofiz tümörü,evet,0.037457,0.16692,0.795623
1407,1408,brain_tumor_figshare/1408.mat,97599,2,2,Hipofiz tümörü,2,Hipofiz tümörü,evet,0.168879,0.031775,0.799347
1408,1409,brain_tumor_figshare/1409.mat,97599,2,2,Hipofiz tümörü,2,Hipofiz tümörü,evet,0.023874,0.010512,0.965614
1409,1410,brain_tumor_figshare/1410.mat,97890,1,2,Hipofiz tümörü,2,Hipofiz tümörü,evet,0.068975,0.067417,0.863608
1410,1411,brain_tumor_figshare/1411.mat,97890,1,2,Hipofiz tümörü,2,Hipofiz tümörü,evet,0.000805,0.001198,0.997997
1411,1412,brain_tumor_figshare/1412.mat,97890,1,2,Hipofiz tümörü,2,Hipofiz tümörü,evet,0.004625,0.003567,0.991808
1412,1413,brain_tumor_figshare/1413.mat,97890,1,2,Hipofiz tümörü,2,Hipofiz tümörü,evet,0.029348,0.030932,0.93972
1413,1414,brain_tumor_figshare/1414.mat,98472,3,2,Hipofiz tümörü,2,Hipofiz tümörü,evet,0.003578,0.006452,0.989969
1414,1415,brain_tumor_figshare/1415.mat,98472,3,2,Hipofiz tümörü,2,Hipofiz tümörü,evet,0.005662,0.003396,0.990942
1415,1416,brain_tumor_figshare/1416.mat,98472,3,2,Hipofiz tümörü,2,Hipofiz tümörü,evet,0.015137,0.008202,0.976662
1416,1417,brain_tumor_figshare/1417.mat,98472,3,2,Hipofiz tümörü,2,Hipofiz tümörü,evet,0.00458,0.006271,0.98915
1417,1418,brain_tumor_figshare/1418.mat,98472,3,2,Hipofiz tümörü,2,Hipofiz tümörü,evet,0.005529,0.005717,0.988755
1418,1419,brain_tumor_figshare/1419.mat,98472,3,2,Hipofiz tümörü,2,Hipofiz tümörü,evet,0.006584,0.003421,0.989996
1419,1420,brain_tumor_figshare/1420.mat,98472,3,2,Hipofiz tümörü,2,Hipofiz tümörü,evet,0.002123,0.010398,0.987479
1420,1421,brain_tumor_figshare/1421.mat,98652,3,2,Hipofiz tümörü,1,Gliom,hayır,0.178768,0.6695,0.151732
1421,1422,brain_tumor_figshare/1422.mat,98652,3,2,Hipofiz tümörü,2,Hipofiz tümörü,evet,0.079134,0.026437,0.894429
1422,1423,brain_tumor_figshare/1423.mat,98652,3,2,Hipofiz tümörü,2,Hipofiz tümörü,evet,0.015805,0.026421,0.957774
1423,1424,brain_tumor_figshare/1424.mat,98871,4,2,Hipofiz tümörü,2,Hipofiz tümörü,evet,0.001217,0.001352,0.997432
1424,1425,brain_tumor_figshare/1425.mat,98871,4,2,Hipofiz tümörü,2,Hipofiz tümörü,evet,0.000866,0.00039,0.998744
1425,1426,brain_tumor_figshare/1426.mat,98871,4,2,Hipofiz tümörü,2,Hipofiz tümörü,evet,0.000578,0.001,0.998422
1426,1427,brain_tumor_figshare/1427.mat,98871,4,2,Hipofiz tümörü,2,Hipofiz tümörü,evet,0.005367,0.00934,0.985293
1427,1428,brain_tumor_figshare/1428.mat,98871,4,2,Hipofiz tümörü,2,Hipofiz tümörü,evet,0.002015,0.003703,0.994282
1428,1429,brain_tumor_figshare/1429.mat,98871,4,2,Hipofiz tümörü,2,Hipofiz tümörü,evet,0.007941,0.005092,0.986967
1429,1430,brain_tumor_figshare/1430.mat,98874,1,2,Hipofiz tümörü,2,Hipofiz tümörü,evet,0.077746,0.10019,0.822064
1430,1431,brain_tumor_figshare/1431.mat,98874,1,2,Hipofiz tümörü,2,Hipofiz tümörü,evet,0.002513,0.002152,0.995335
1431,1432,brain_tumor_figshare/1432.mat,98874,1,2,Hipofiz tümörü,2,Hipofiz tümörü,evet,0.019394,0.004862,0.975744
1432,1433,brain_tumor_figshare/1433.mat,98874,1,2,Hipofiz tümörü,2,Hipofiz tümörü,evet,0.108073,0.098966,0.792962
1433,1434,brain_tumor_figshare/1434.mat,98874,1,2,Hipofiz tümörü,2,Hipofiz tümörü,evet,0.288092,0.346045,0.365863
1434,1435,brain_tumor_figshare/1435.mat,98992,5,2,Hipofiz tümörü,2,Hipofiz tümörü,evet,0.100556,0.07847,0.820974
1435,1436,brain_tumor_figshare/1436.mat,98992,5,2,Hipofiz tümörü,2,Hipofiz tümörü,evet,0.027707,0.260735,0.711557
1436,1437,brain_tumor_figshare/1437.mat,98992,5,2,Hipofiz tümörü,2,Hipofiz tümörü,evet,0.016869,0.016187,0.966944
1437,1438,brain_tumor_figshare/1438.mat,98992,5,2,Hipofiz tümörü,2,Hipofiz tümörü,evet,0.011167,0.035547,0.953285
1438,1439,brain_tumor_figshare/1439.mat,98992,5,2,Hipofiz tümörü,2,Hipofiz tümörü,evet,0.004208,0.010881,0.984911
1439,1440,brain_tumor_figshare/1440.mat,98992,5,2,Hipofiz tümörü,2,Hipofiz tümörü,evet,0.001788,0.001403,0.996809
1440,1441,brain_tumor_figshare/1441.mat,98992,5,2,Hipofiz tümörü,2,Hipofiz tümörü,evet,0.001822,0.001005,0.997173
1441,1442,brain_tumor_figshare/1442.mat,98995,4,2,Hipofiz tümörü,2,Hipofiz tümörü,evet,0.014082,0.005128,0.98079
1442,1443,brain_tumor_figshare/1443.mat,98995,4,2,Hipofiz tümörü,2,Hipofiz tümörü,evet,0.083341,0.146096,0.770564
1443,1444,brain_tumor_figshare/1444.mat,98995,4,2,Hipofiz tümörü,2,Hipofiz tümörü,evet,0.006834,0.004863,0.988303
1444,1445,brain_tumor_figshare/1445.mat,98995,4,2,Hipofiz tümörü,2,Hipofiz tümörü,evet,0.023438,0.004955,0.971608
1445,1446,brain_tumor_figshare/1446.mat,98995,4,2,Hipofiz tümörü,2,Hipofiz tümörü,evet,0.005025,0.00732,0.987655
1446,1447,brain_tumor_figshare/1447.mat,99223,1,2,Hipofiz tümörü,2,Hipofiz tümörü,evet,0.030612,0.018756,0.950632
1447,1448,brain_tumor_figshare/1448.mat,99223,1,2,Hipofiz tümörü,2,Hipofiz tümörü,evet,0.015601,0.031784,0.952615
1448,1449,brain_tumor_figshare/1449.mat,99223,1,2,Hipofiz tümörü,2,Hipofiz tümörü,evet,0.001957,0.004452,0.99359
1449,1450,brain_tumor_figshare/1450.mat,99223,1,2,Hipofiz tümörü,2,Hipofiz tümörü,evet,0.002242,0.005395,0.992362
1450,1451,brain_tumor_figshare/1451.mat,99223,1,2,Hipofiz tümörü,2,Hipofiz tümörü,evet,0.003496,0.003539,0.992965
1451,1452,brain_tumor_figshare/1452.mat,99223,1,2,Hipofiz tümörü,2,Hipofiz tümörü,evet,0.004202,0.000992,0.994806
1452,1453,brain_tumor_figshare/1453.mat,99223,1,2,Hipofiz tümörü,2,Hipofiz tümörü,evet,0.002647,0.001486,0.995867
1453,1454,brain_tumor_figshare/1454.mat,99223,1,2,Hipofiz tümörü,2,Hipofiz tümörü,evet,0.003053,0.01035,0.986597
1454,1455,brain_tumor_figshare/1455.mat,99223,1,2,Hipofiz tümörü,2,Hipofiz tümörü,evet,0.007646,0.002223,0.99013
1455,1456,brain_tumor_figshare/1456.mat,101017,2,2,Hipofiz tümörü,2,Hipofiz tümörü,evet,0.032533,0.055187,0.91228
1456,1457,brain_tumor_figshare/1457.mat,101017,2,2,Hipofiz tümörü,2,Hipofiz tümörü,evet,0.011929,0.064281,0.92379
1457,1458,brain_tumor_figshare/1458.mat,101017,2,2,Hipofiz tümörü,2,Hipofiz tümörü,evet,0.014067,0.032563,0.95337
1458,1459,brain_tumor_figshare/1459.mat,101017,2,2,Hipofiz tümörü,2,Hipofiz tümörü,evet,0.01122,0.01629,0.97249
1459,1460,brain_tumor_figshare/1460.mat,101017,2,2,Hipofiz tümörü,2,Hipofiz tümörü,evet,0.015474,0.010586,0.97394
1460,1461,brain_tumor_figshare/1461.mat,101017,2,2,Hipofiz tümörü,2,Hipofiz tümörü,evet,0.014666,0.008788,0.976546
1461,1462,brain_tumor_figshare/1462.mat,101029,1,2,Hipofiz tümörü,2,Hipofiz tümörü,evet,0.132703,0.068562,0.798735
1462,1463,brain_tumor_figshare/1463.mat,101029,1,2,Hipofiz tümörü,0,Meningiom,hayır,0.575929,0.088188,0.335883
1463,1464,brain_tumor_figshare/1464.mat,101029,1,2,Hipofiz tümörü,2,Hipofiz tümörü,evet,0.320768,0.152602,0.52663
1464,1465,brain_tumor_figshare/1465.mat,101029,1,2,Hipofiz tümörü,2,Hipofiz tümörü,evet,0.434607,0.109454,0.455939
1465,1466,brain_tumor_figshare/1466.mat,101029,1,2,Hipofiz tümörü,2,Hipofiz tümörü,evet,0.40304,0.056236,0.540724
1466,1467,brain_tumor_figshare/1467.mat,101029,1,2,Hipofiz tümörü,2,Hipofiz tümörü,evet,0.031587,0.006091,0.962322
1467,1468,brain_tumor_figshare/1468.mat,101145,2,2,Hipofiz tümörü,2,Hipofiz tümörü,evet,0.001139,0.010979,0.987882
1468,1469,brain_tumor_figshare/1469.mat,101145,2,2,Hipofiz tümörü,2,Hipofiz tümörü,evet,0.028547,0.410544,0.560909
1469,1470,brain_tumor_figshare/1470.mat,101145,2,2,Hipofiz tümörü,2,Hipofiz tümörü,evet,0.009758,0.030256,0.959986
1470,1471,brain_tumor_figshare/1471.mat,101145,2,2,Hipofiz tümörü,2,Hipofiz tümörü,evet,0.000467,0.001452,0.99808
1471,1472,brain_tumor_figshare/1472.mat,101305,3,2,Hipofiz tümörü,2,Hipofiz tümörü,evet,0.002028,0.025192,0.97278
1472,1473,brain_tumor_figshare/1473.mat,101305,3,2,Hipofiz tümörü,2,Hipofiz tümörü,evet,0.00288,0.021823,0.975296
1473,1474,brain_tumor_figshare/1474.mat,101305,3,2,Hipofiz tümörü,2,Hipofiz tümörü,evet,0.001949,0.001016,0.997035
1474,1475,brain_tumor_figshare/1475.mat,101305,3,2,Hipofiz tümörü,2,Hipofiz tümörü,evet,0.001052,0.000531,0.998418
1475,1476,brain_tumor_figshare/1476.mat,101305,3,2,Hipofiz tümörü,2,Hipofiz tümörü,evet,0.002728,0.006222,0.99105
1476,1477,brain_tumor_figshare/1477.mat,101305,3,2,Hipofiz tümörü,2,Hipofiz tümörü,evet,0.000951,0.010463,0.988586
1477,1478,brain_tumor_figshare/1478.mat,101305,3,2,Hipofiz tümörü,2,Hipofiz tümörü,evet,0.0031,0.000695,0.996205
1478,1479,brain_tumor_figshare/1479.mat,101305,3,2,Hipofiz tümörü,2,Hipofiz tümörü,evet,0.005542,0.0007,0.993758
1479,1480,brain_tumor_figshare/1480.mat,101724,2,2,Hipofiz tümörü,2,Hipofiz tümörü,evet,0.00487,0.001928,0.993201
1480,1481,brain_tumor_figshare/1481.mat,101724,2,2,Hipofiz tümörü,2,Hipofiz tümörü,evet,0.01006,0.003313,0.986628
1481,1482,brain_tumor_figshare/1482.mat,101724,2,2,Hipofiz tümörü,2,Hipofiz tümörü,evet,0.002611,0.003144,0.994245
1482,1483,brain_tumor_figshare/1483.mat,102648,2,2,Hipofiz tümörü,2,Hipofiz tümörü,evet,0.005195,0.027152,0.967653
1483,1484,brain_tumor_figshare/1484.mat,102648,2,2,Hipofiz tümörü,2,Hipofiz tümörü,evet,0.033263,0.091439,0.875299
1484,1485,brain_tumor_figshare/1485.mat,102648,2,2,Hipofiz tümörü,2,Hipofiz tümörü,evet,0.011918,0.411004,0.577078
1485,1486,brain_tumor_figshare/1486.mat,102648,2,2,Hipofiz tümörü,2,Hipofiz tümörü,evet,0.023164,0.236837,0.74
1486,1487,brain_tumor_figshare/1487.mat,102669,5,2,Hipofiz tümörü,2,Hipofiz tümörü,evet,0.003323,0.007172,0.989504
1487,1488,brain_tumor_figshare/1488.mat,102669,5,2,Hipofiz tümörü,2,Hipofiz tümörü,evet,0.014117,0.046243,0.93964
1488,1489,brain_tumor_figshare/1489.mat,103046,2,2,Hipofiz tümörü,1,Gliom,hayır,0.01343,0.511494,0.475077
1489,1490,brain_tumor_figshare/1490.mat,103046,2,2,Hipofiz tümörü,2,Hipofiz tümörü,evet,0.046693,0.379501,0.573806
1490,1491,brain_tumor_figshare/1491.mat,103046,2,2,Hipofiz tümörü,2,Hipofiz tümörü,evet,0.026634,0.244556,0.72881
1491,1492,brain_tumor_figshare/1492.mat,103046,2,2,Hipofiz tümörü,2,Hipofiz tümörü,evet,0.008692,0.053126,0.938181
1492,1493,brain_tumor_figshare/1493.mat,103257,4,2,Hipofiz tümörü,2,Hipofiz tümörü,evet,0.232741,0.07967,0.687589
1493,1494,brain_tumor_figshare/1494.mat,103257,4,2,Hipofiz tümörü,1,Gliom,hayır,0.069785,0.596355,0.33386
1494,1495,brain_tumor_figshare/1495.mat,103257,4,2,Hipofiz tümörü,0,Meningiom,hayır,0.417674,0.392903,0.189423
1495,1496,brain_tumor_figshare/1496.mat,103257,4,2,Hipofiz tümörü,1,Gliom,hayır,0.254831,0.631393,0.113776
1496,1497,brain_tumor_figshare/1497.mat,103257,4,2,Hipofiz tümörü,1,Gliom,hayır,0.015186,0.962891,0.021924
1497,1498,brain_tumor_figshare/1498.mat,103478,5,2,Hipofiz tümörü,2,Hipofiz tümörü,evet,0.001874,0.004031,0.994095
1498,1499,brain_tumor_figshare/1499.mat,103478,5,2,Hipofiz tümörü,2,Hipofiz tümörü,evet,0.001217,0.001789,0.996994
1499,1500,brain_tumor_figshare/1500.mat,103478,5,2,Hipofiz tümörü,2,Hipofiz tümörü,evet,0.026098,0.056637,0.917265
1500,1501,brain_tumor_figshare/1501.mat,103478,5,2,Hipofiz tümörü,2,Hipofiz tümörü,evet,0.05679,0.323524,0.619687
1501,1502,brain_tumor_figshare/1502.mat,103478,5,2,Hipofiz tümörü,2,Hipofiz tümörü,evet,0.017539,0.292407,0.690054
1502,1503,brain_tumor_figshare/1503.mat,103478,5,2,Hipofiz tümörü,2,Hipofiz tümörü,evet,0.024805,0.262122,0.713072
1503,1504,brain_tumor_figshare/1504.mat,103478,5,2,Hipofiz tümörü,2,Hipofiz tümörü,evet,0.040004,0.083186,0.87681
1504,1505,brain_tumor_figshare/1505.mat,103478,5,2,Hipofiz tümörü,1,Gliom,hayır,0.132189,0.526952,0.340859
1505,1506,brain_tumor_figshare/1506.mat,103582,3,2,Hipofiz tümörü,2,Hipofiz tümörü,evet,0.442485,0.061026,0.496489
1506,1507,brain_tumor_figshare/1507.mat,103582,3,2,Hipofiz tümörü,0,Meningiom,hayır,0.813384,0.132261,0.054355
1507,1508,brain_tumor_figshare/1508.mat,103582,3,2,Hipofiz tümörü,0,Meningiom,hayır,0.539216,0.099109,0.361675
1508,1509,brain_tumor_figshare/1509.mat,103582,3,2,Hipofiz tümörü,0,Meningiom,hayır,0.609182,0.061161,0.329656
1509,1510,brain_tumor_figshare/1510.mat,103582,3,2,Hipofiz tümörü,2,Hipofiz tümörü,evet,0.007477,0.011087,0.981436
1510,1511,brain_tumor_figshare/1511.mat,103670,5,2,Hipofiz tümörü,2,Hipofiz tümörü,evet,0.000448,0.001384,0.998168
1511,1512,brain_tumor_figshare/1512.mat,103670,5,2,Hipofiz tümörü,2,Hipofiz tümörü,evet,0.019845,0.007376,0.972778
1512,1513,brain_tumor_figshare/1513.mat,103670,5,2,Hipofiz tümörü,2,Hipofiz tümörü,evet,0.003393,0.007057,0.98955
1513,1514,brain_tumor_figshare/1514.mat,103670,5,2,Hipofiz tümörü,2,Hipofiz tümörü,evet,0.045922,0.13742,0.816659
1514,1515,brain_tumor_figshare/1515.mat,103671,1,2,Hipofiz tümörü,2,Hipofiz tümörü,evet,0.033222,0.268411,0.698367
1515,1516,brain_tumor_figshare/1516.mat,103671,1,2,Hipofiz tümörü,2,Hipofiz tümörü,evet,0.276195,0.042464,0.68134
1516,1517,brain_tumor_figshare/1517.mat,103671,1,2,Hipofiz tümörü,2,Hipofiz tümörü,evet,0.159296,0.017919,0.822785
1517,1518,brain_tumor_figshare/1518.mat,103671,1,2,Hipofiz tümörü,2,Hipofiz tümörü,evet,0.24824,0.049807,0.701953
1518,1519,brain_tumor_figshare/1519.mat,103671,1,2,Hipofiz tümörü,2,Hipofiz tümörü,evet,0.055542,0.008284,0.936175
1519,1520,brain_tumor_figshare/1520.mat,103671,1,2,Hipofiz tümörü,2,Hipofiz tümörü,evet,0.061485,0.036777,0.901739
1520,1521,brain_tumor_figshare/1521.mat,103731,4,2,Hipofiz tümörü,2,Hipofiz tümörü,evet,0.007345,0.044758,0.947897
1521,1522,brain_tumor_figshare/1522.mat,103731,4,2,Hipofiz tümörü,2,Hipofiz tümörü,evet,0.001008,0.008293,0.990698
1522,1523,brain_tumor_figshare/1523.mat,103731,4,2,Hipofiz tümörü,2,Hipofiz tümörü,evet,0.001366,0.010175,0.98846
1523,1524,brain_tumor_figshare/1524.mat,103731,4,2,Hipofiz tümörü,2,Hipofiz tümörü,evet,0.024026,0.164469,0.811506
1524,1525,brain_tumor_figshare/1525.mat,103731,4,2,Hipofiz tümörü,2,Hipofiz tümörü,evet,0.00134,0.026378,0.972282
1525,1526,brain_tumor_figshare/1526.mat,103731,4,2,Hipofiz tümörü,2,Hipofiz tümörü,evet,0.000843,0.023837,0.975321
1526,1527,brain_tumor_figshare/1527.mat,103731,4,2,Hipofiz tümörü,2,Hipofiz tümörü,evet,0.002262,0.015874,0.981864
1527,1528,brain_tumor_figshare/1528.mat,103837,2,2,Hipofiz tümörü,2,Hipofiz tümörü,evet,0.054718,0.09374,0.851542
1528,1529,brain_tumor_figshare/1529.mat,103837,2,2,Hipofiz tümörü,2,Hipofiz tümörü,evet,0.032455,0.091825,0.875719
1529,1530,brain_tumor_figshare/1530.mat,103837,2,2,Hipofiz tümörü,2,Hipofiz tümörü,evet,0.133608,0.077967,0.788425
1530,1531,brain_tumor_figshare/1531.mat,103837,2,2,Hipofiz tümörü,2,Hipofiz tümörü,evet,0.077091,0.053845,0.869064
1531,1532,brain_tumor_figshare/1532.mat,103837,2,2,Hipofiz tümörü,2,Hipofiz tümörü,evet,0.195625,0.18317,0.621204
1532,1533,brain_tumor_figshare/1533.mat,104019,4,2,Hipofiz tümörü,2,Hipofiz tümörü,evet,0.000337,0.001342,0.998321
1533,1534,brain_tumor_figshare/1534.mat,104019,4,2,Hipofiz tümörü,2,Hipofiz tümörü,evet,0.00216,0.006331,0.991509
1534,1535,brain_tumor_figshare/1535.mat,104019,4,2,Hipofiz tümörü,2,Hipofiz tümörü,evet,0.001624,0.002272,0.996104
1535,1536,brain_tumor_figshare/1536.mat,104019,4,2,Hipofiz tümörü,2,Hipofiz tümörü,evet,0.001145,0.001257,0.997598
1536,1537,brain_tumor_figshare/1537.mat,104019,4,2,Hipofiz tümörü,2,Hipofiz tümörü,evet,9.1e-05,0.000473,0.999436
1537,1538,brain_tumor_figshare/1538.mat,104558,2,2,Hipofiz tümörü,2,Hipofiz tümörü,evet,0.004127,0.156968,0.838904
1538,1539,brain_tumor_figshare/1539.mat,104558,2,2,Hipofiz tümörü,1,Gliom,hayır,0.002388,0.890896,0.106716
1539,1540,brain_tumor_figshare/1540.mat,104558,2,2,Hipofiz tümörü,1,Gliom,hayır,0.007741,0.946171,0.046087
1540,1541,brain_tumor_figshare/1541.mat,104558,2,2,Hipofiz tümörü,1,Gliom,hayır,0.004554,0.968546,0.026899
1541,1542,brain_tumor_figshare/1542.mat,104558,2,2,Hipofiz tümörü,1,Gliom,hayır,0.008239,0.969905,0.021856
1542,1543,brain_tumor_figshare/1543.mat,104558,2,2,Hipofiz tümörü,1,Gliom,hayır,0.022388,0.906327,0.071285
1543,1544,brain_tumor_figshare/1544.mat,104558,2,2,Hipofiz tümörü,2,Hipofiz tümörü,evet,0.0876,0.018893,0.893507
1544,1545,brain_tumor_figshare/1545.mat,104684,3,2,Hipofiz tümörü,2,Hipofiz tümörü,evet,0.010914,0.001648,0.987438
1545,1546,brain_tumor_figshare/1546.mat,104684,3,2,Hipofiz tümörü,1,Gliom,hayır,0.419627,0.432857,0.147516
1546,1547,brain_tumor_figshare/1547.mat,104684,3,2,Hipofiz tümörü,1,Gliom,hayır,0.340423,0.602499,0.057079
1547,1548,brain_tumor_figshare/1548.mat,104684,3,2,Hipofiz tümörü,2,Hipofiz tümörü,evet,0.027531,0.258992,0.713477
1548,1549,brain_tumor_figshare/1549.mat,104684,3,2,Hipofiz tümörü,2,Hipofiz tümörü,evet,0.113366,0.331475,0.555159
1549,1550,brain_tumor_figshare/1550.mat,104684,3,2,Hipofiz tümörü,2,Hipofiz tümörü,evet,0.110186,0.159107,0.730707
1550,1551,brain_tumor_figshare/1551.mat,104684,3,2,Hipofiz tümörü,2,Hipofiz tümörü,evet,0.039963,0.13946,0.820577
1551,1552,brain_tumor_figshare/1552.mat,104912,5,2,Hipofiz tümörü,2,Hipofiz tümörü,evet,0.009139,0.161829,0.829031
1552,1553,brain_tumor_figshare/1553.mat,104912,5,2,Hipofiz tümörü,2,Hipofiz tümörü,evet,0.044492,0.10683,0.848678
1553,1554,brain_tumor_figshare/1554.mat,104912,5,2,Hipofiz tümörü,2,Hipofiz tümörü,evet,0.009182,0.008626,0.982191
1554,1555,brain_tumor_figshare/1555.mat,104912,5,2,Hipofiz tümörü,2,Hipofiz tümörü,evet,0.013065,0.057799,0.929136
1555,1556,brain_tumor_figshare/1556.mat,104912,5,2,Hipofiz tümörü,2,Hipofiz tümörü,evet,0.114296,0.124637,0.761067
1556,1557,brain_tumor_figshare/1557.mat,105187,1,2,Hipofiz tümörü,2,Hipofiz tümörü,evet,0.005753,0.006159,0.988089
1557,1558,brain_tumor_figshare/1558.mat,105187,1,2,Hipofiz tümörü,2,Hipofiz tümörü,evet,0.000851,0.001177,0.997972
1558,1559,brain_tumor_figshare/1559.mat,105187,1,2,Hipofiz tümörü,2,Hipofiz tümörü,evet,0.120606,0.189689,0.689705
1559,1560,brain_tumor_figshare/1560.mat,105187,1,2,Hipofiz tümörü,1,Gliom,hayır,0.183158,0.439348,0.377494
1560,1561,brain_tumor_figshare/1561.mat,105187,1,2,Hipofiz tümörü,2,Hipofiz tümörü,evet,0.074606,0.099608,0.825786
1561,1562,brain_tumor_figshare/1562.mat,105187,1,2,Hipofiz tümörü,2,Hipofiz tümörü,evet,0.022625,0.016768,0.960607
1562,1563,brain_tumor_figshare/1563.mat,105475,1,2,Hipofiz tümörü,2,Hipofiz tümörü,evet,0.017534,0.007591,0.974875
1563,1564,brain_tumor_figshare/1564.mat,105475,1,2,Hipofiz tümörü,2,Hipofiz tümörü,evet,0.005104,0.003734,0.991162
1564,1565,brain_tumor_figshare/1565.mat,105475,1,2,Hipofiz tümörü,2,Hipofiz tümörü,evet,0.001611,0.002354,0.996034
1565,1566,brain_tumor_figshare/1566.mat,105538,4,2,Hipofiz tümörü,2,Hipofiz tümörü,evet,0.00366,0.038714,0.957626
1566,1567,brain_tumor_figshare/1567.mat,105538,4,2,Hipofiz tümörü,2,Hipofiz tümörü,evet,0.002965,0.008629,0.988406
1567,1568,brain_tumor_figshare/1568.mat,105638,4,2,Hipofiz tümörü,2,Hipofiz tümörü,evet,0.001767,0.007984,0.990249
1568,1569,brain_tumor_figshare/1569.mat,105638,4,2,Hipofiz tümörü,2,Hipofiz tümörü,evet,0.00047,0.002593,0.996937
1569,1570,brain_tumor_figshare/1570.mat,105638,4,2,Hipofiz tümörü,2,Hipofiz tümörü,evet,0.000756,0.010082,0.989162
1570,1571,brain_tumor_figshare/1571.mat,105638,4,2,Hipofiz tümörü,2,Hipofiz tümörü,evet,0.00032,0.000188,0.999492
1571,1572,brain_tumor_figshare/1572.mat,105638,4,2,Hipofiz tümörü,2,Hipofiz tümörü,evet,0.001081,0.006079,0.992841
1572,1573,brain_tumor_figshare/1573.mat,97416,4,2,Hipofiz tümörü,2,Hipofiz tümörü,evet,0.007064,0.110035,0.882902
1573,1574,brain_tumor_figshare/1574.mat,97416,4,2,Hipofiz tümörü,2,Hipofiz tümörü,evet,0.010393,0.009969,0.979638
1574,1575,brain_tumor_figshare/1575.mat,97416,4,2,Hipofiz tümörü,2,Hipofiz tümörü,evet,0.286711,0.272417,0.440872
1575,1576,brain_tumor_figshare/1576.mat,97416,4,2,Hipofiz tümörü,2,Hipofiz tümörü,evet,0.007331,0.03572,0.956949
1576,1577,brain_tumor_figshare/1577.mat,97416,4,2,Hipofiz tümörü,2,Hipofiz tümörü,evet,0.103278,0.052817,0.843905
1577,1578,brain_tumor_figshare/1578.mat,97416,4,2,Hipofiz tümörü,2,Hipofiz tümörü,evet,0.151508,0.170521,0.677971
1578,1579,brain_tumor_figshare/1579.mat,97416,4,2,Hipofiz tümörü,2,Hipofiz tümörü,evet,0.073184,0.036717,0.890098
1579,1580,brain_tumor_figshare/1580.mat,97416,4,2,Hipofiz tümörü,2,Hipofiz tümörü,evet,0.018295,0.034296,0.947409
1580,1581,brain_tumor_figshare/1581.mat,97461,3,2,Hipofiz tümörü,2,Hipofiz tümörü,evet,0.061833,0.032142,0.906025
1581,1582,brain_tumor_figshare/1582.mat,97461,3,2,Hipofiz tümörü,1,Gliom,hayır,0.337369,0.389437,0.273194
1582,1583,brain_tumor_figshare/1583.mat,97461,3,2,Hipofiz tümörü,1,Gliom,hayır,0.236621,0.381954,0.381425
1583,1584,brain_tumor_figshare/1584.mat,97461,3,2,Hipofiz tümörü,1,Gliom,hayır,0.165381,0.523773,0.310846
1584,1585,brain_tumor_figshare/1585.mat,97461,3,2,Hipofiz tümörü,1,Gliom,hayır,0.269401,0.664768,0.065831
1585,1586,brain_tumor_figshare/1586.mat,97461,3,2,Hipofiz tümörü,2,Hipofiz tümörü,evet,0.017431,0.490785,0.491784
1586,1587,brain_tumor_figshare/1587.mat,97461,3,2,Hipofiz tümörü,2,Hipofiz tümörü,evet,0.058021,0.416849,0.52513
1587,1588,brain_tumor_figshare/1588.mat,97461,3,2,Hipofiz tümörü,1,Gliom,hayır,0.109701,0.835148,0.055151
1588,1589,brain_tumor_figshare/1589.mat,97481,2,2,Hipofiz tümörü,2,Hipofiz tümörü,evet,0.108761,0.325631,0.565608
1589,1590,brain_tumor_figshare/1590.mat,97481,2,2,Hipofiz tümörü,2,Hipofiz tümörü,evet,0.440887,0.09448,0.464633
1590,1591,brain_tumor_figshare/1591.mat,97481,2,2,Hipofiz tümörü,2,Hipofiz tümörü,evet,0.033808,0.033356,0.932836
1591,1592,brain_tumor_figshare/1592.mat,97481,2,2,Hipofiz tümörü,2,Hipofiz tümörü,evet,0.019524,0.024206,0.956271
1592,1593,brain_tumor_figshare/1593.mat,97481,2,2,Hipofiz tümörü,2,Hipofiz tümörü,evet,0.013778,0.121811,0.864411
1593,1594,brain_tumor_figshare/1594.mat,97599,2,2,Hipofiz tümörü,2,Hipofiz tümörü,evet,0.001971,0.001456,0.996573
1594,1595,brain_tumor_figshare/1595.mat,97599,2,2,Hipofiz tümörü,2,Hipofiz tümörü,evet,0.001312,0.016864,0.981824
1595,1596,brain_tumor_figshare/1596.mat,97890,1,2,Hipofiz tümörü,2,Hipofiz tümörü,evet,0.005323,0.036503,0.958175
1596,1597,brain_tumor_figshare/1597.mat,97890,1,2,Hipofiz tümörü,2,Hipofiz tümörü,evet,0.046235,0.061096,0.892669
1597,1598,brain_tumor_figshare/1598.mat,97890,1,2,Hipofiz tümörü,2,Hipofiz tümörü,evet,0.001431,0.001204,0.997365
1598,1599,brain_tumor_figshare/1599.mat,97890,1,2,Hipofiz tümörü,2,Hipofiz tümörü,evet,0.006167,0.018609,0.975223
1599,1600,brain_tumor_figshare/1600.mat,98472,3,2,Hipofiz tümörü,2,Hipofiz tümörü,evet,0.035529,0.053201,0.91127
1600,1601,brain_tumor_figshare/1601.mat,98472,3,2,Hipofiz tümörü,2,Hipofiz tümörü,evet,0.028408,0.02125,0.950342
1601,1602,brain_tumor_figshare/1602.mat,98472,3,2,Hipofiz tümörü,2,Hipofiz tümörü,evet,0.034504,0.024221,0.941275
1602,1603,brain_tumor_figshare/1603.mat,98472,3,2,Hipofiz tümörü,2,Hipofiz tümörü,evet,0.025829,0.033652,0.940519
1603,1604,brain_tumor_figshare/1604.mat,98472,3,2,Hipofiz tümörü,2,Hipofiz tümörü,evet,0.013451,0.070627,0.915921
1604,1605,brain_tumor_figshare/1605.mat,98652,3,2,Hipofiz tümörü,2,Hipofiz tümörü,evet,0.036024,0.045431,0.918546
1605,1606,brain_tumor_figshare/1606.mat,98652,3,2,Hipofiz tümörü,2,Hipofiz tümörü,evet,0.060316,0.388856,0.550829
1606,1607,brain_tumor_figshare/1607.mat,98652,3,2,Hipofiz tümörü,2,Hipofiz tümörü,evet,0.007881,0.002168,0.989951
1607,1608,brain_tumor_figshare/1608.mat,98652,3,2,Hipofiz tümörü,1,Gliom,hayır,0.15262,0.735533,0.111847
1608,1609,brain_tumor_figshare/1609.mat,98871,4,2,Hipofiz tümörü,2,Hipofiz tümörü,evet,0.004846,0.027999,0.967154
1609,1610,brain_tumor_figshare/1610.mat,98871,4,2,Hipofiz tümörü,2,Hipofiz tümörü,evet,0.006761,0.039408,0.953831
1610,1611,brain_tumor_figshare/1611.mat,98871,4,2,Hipofiz tümörü,1,Gliom,hayır,0.1267,0.574077,0.299224
1611,1612,brain_tumor_figshare/1612.mat,98871,4,2,Hipofiz tümörü,1,Gliom,hayır,0.060333,0.614565,0.325102
1612,1613,brain_tumor_figshare/1613.mat,98871,4,2,Hipofiz tümörü,2,Hipofiz tümörü,evet,0.033984,0.233304,0.732712
1613,1614,brain_tumor_figshare/1614.mat,98871,4,2,Hipofiz tümörü,1,Gliom,hayır,0.213123,0.611317,0.175559
1614,1615,brain_tumor_figshare/1615.mat,98871,4,2,Hipofiz tümörü,1,Gliom,hayır,0.142791,0.614758,0.242451
1615,1616,brain_tumor_figshare/1616.mat,98874,1,2,Hipofiz tümörü,1,Gliom,hayır,0.159398,0.641053,0.199549
1616,1617,brain_tumor_figshare/1617.mat,98874,1,2,Hipofiz tümörü,2,Hipofiz tümörü,evet,0.18772,0.239526,0.572754
1617,1618,brain_tumor_figshare/1618.mat,98874,1,2,Hipofiz tümörü,2,Hipofiz tümörü,evet,0.088955,0.047892,0.863153
1618,1619,brain_tumor_figshare/1619.mat,98874,1,2,Hipofiz tümörü,2,Hipofiz tümörü,evet,0.022338,0.010148,0.967513
1619,1620,brain_tumor_figshare/1620.mat,98874,1,2,Hipofiz tümörü,2,Hipofiz tümörü,evet,0.056035,0.010708,0.933257
1620,1621,brain_tumor_figshare/1621.mat,98992,5,2,Hipofiz tümörü,2,Hipofiz tümörü,evet,0.080591,0.211249,0.70816
1621,1622,brain_tumor_figshare/1622.mat,98992,5,2,Hipofiz tümörü,2,Hipofiz tümörü,evet,0.240839,0.235612,0.523548
1622,1623,brain_tumor_figshare/1623.mat,98992,5,2,Hipofiz tümörü,2,Hipofiz tümörü,evet,0.011852,0.015026,0.973122
1623,1624,brain_tumor_figshare/1624.mat,98992,5,2,Hipofiz tümörü,2,Hipofiz tümörü,evet,0.007624,0.043378,0.948999
1624,1625,brain_tumor_figshare/1625.mat,98992,5,2,Hipofiz tümörü,2,Hipofiz tümörü,evet,0.030617,0.181767,0.787616
1625,1626,brain_tumor_figshare/1626.mat,98992,5,2,Hipofiz tümörü,2,Hipofiz tümörü,evet,0.185254,0.249367,0.565379
1626,1627,brain_tumor_figshare/1627.mat,98992,5,2,Hipofiz tümörü,1,Gliom,hayır,0.1887,0.497764,0.313536
1627,1628,brain_tumor_figshare/1628.mat,98995,4,2,Hipofiz tümörü,2,Hipofiz tümörü,evet,0.001283,0.019092,0.979624
1628,1629,brain_tumor_figshare/1629.mat,98995,4,2,Hipofiz tümörü,2,Hipofiz tümörü,evet,0.001433,0.006424,0.992144
1629,1630,brain_tumor_figshare/1630.mat,98995,4,2,Hipofiz tümörü,2,Hipofiz tümörü,evet,0.010233,0.043374,0.946393
1630,1631,brain_tumor_figshare/1631.mat,98995,4,2,Hipofiz tümörü,2,Hipofiz tümörü,evet,0.008336,0.116589,0.875075
1631,1632,brain_tumor_figshare/1632.mat,98995,4,2,Hipofiz tümörü,2,Hipofiz tümörü,evet,0.006947,0.027329,0.965724
1632,1633,brain_tumor_figshare/1633.mat,98995,4,2,Hipofiz tümörü,2,Hipofiz tümörü,evet,0.013676,0.060416,0.925908
1633,1634,brain_tumor_figshare/1634.mat,99223,1,2,Hipofiz tümörü,2,Hipofiz tümörü,evet,0.004351,0.005325,0.990325
1634,1635,brain_tumor_figshare/1635.mat,99223,1,2,Hipofiz tümörü,2,Hipofiz tümörü,evet,0.048908,0.084869,0.866223
1635,1636,brain_tumor_figshare/1636.mat,99223,1,2,Hipofiz tümörü,2,Hipofiz tümörü,evet,0.153939,0.038234,0.807828
1636,1637,brain_tumor_figshare/1637.mat,99223,1,2,Hipofiz tümörü,2,Hipofiz tümörü,evet,0.133166,0.068246,0.798587
1637,1638,brain_tumor_figshare/1638.mat,99223,1,2,Hipofiz tümörü,2,Hipofiz tümörü,evet,0.256102,0.053701,0.690197
1638,1639,brain_tumor_figshare/1639.mat,99223,1,2,Hipofiz tümörü,1,Gliom,hayır,0.334866,0.396101,0.269032
1639,1640,brain_tumor_figshare/1640.mat,101017,2,2,Hipofiz tümörü,0,Meningiom,hayır,0.516899,0.470864,0.012237
1640,1641,brain_tumor_figshare/1641.mat,101017,2,2,Hipofiz tümörü,0,Meningiom,hayır,0.75381,0.231128,0.015062
1641,1642,brain_tumor_figshare/1642.mat,101017,2,2,Hipofiz tümörü,1,Gliom,hayır,0.462707,0.528555,0.008739
1642,1643,brain_tumor_figshare/1643.mat,101017,2,2,Hipofiz tümörü,0,Meningiom,hayır,0.931387,0.059467,0.009146
1643,1644,brain_tumor_figshare/1644.mat,101029,1,2,Hipofiz tümörü,2,Hipofiz tümörü,evet,0.205921,0.008624,0.785454
1644,1645,brain_tumor_figshare/1645.mat,101029,1,2,Hipofiz tümörü,2,Hipofiz tümörü,evet,0.045953,0.003159,0.950888
1645,1646,brain_tumor_figshare/1646.mat,101029,1,2,Hipofiz tümörü,0,Meningiom,hayır,0.717043,0.016979,0.265978
1646,1647,brain_tumor_figshare/1647.mat,101029,1,2,Hipofiz tümörü,0,Meningiom,hayır,0.688993,0.040754,0.270253
1647,1648,brain_tumor_figshare/1648.mat,101029,1,2,Hipofiz tümörü,2,Hipofiz tümörü,evet,0.385652,0.016132,0.598216
1648,1649,brain_tumor_figshare/1649.mat,101029,1,2,Hipofiz tümörü,2,Hipofiz tümörü,evet,0.023856,0.00318,0.972964
1649,1650,brain_tumor_figshare/1650.mat,101029,1,2,Hipofiz tümörü,2,Hipofiz tümörü,evet,0.038158,0.085077,0.876765
1650,1651,brain_tumor_figshare/1651.mat,101145,2,2,Hipofiz tümörü,2,Hipofiz tümörü,evet,0.001137,0.000561,0.998302
1651,1652,brain_tumor_figshare/1652.mat,101145,2,2,Hipofiz tümörü,2,Hipofiz tümörü,evet,0.000892,0.002877,0.996231
1652,1653,brain_tumor_figshare/1653.mat,101145,2,2,Hipofiz tümörü,2,Hipofiz tümörü,evet,0.010022,0.005964,0.984014
1653,1654,brain_tumor_figshare/1654.mat,101145,2,2,Hipofiz tümörü,2,Hipofiz tümörü,evet,0.004772,0.001617,0.993611
1654,1655,brain_tumor_figshare/1655.mat,101305,3,2,Hipofiz tümörü,2,Hipofiz tümörü,evet,0.003141,0.012098,0.984762
1655,1656,brain_tumor_figshare/1656.mat,101305,3,2,Hipofiz tümörü,2,Hipofiz tümörü,evet,0.0026,0.013957,0.983443
1656,1657,brain_tumor_figshare/1657.mat,101305,3,2,Hipofiz tümörü,2,Hipofiz tümörü,evet,0.005794,0.019913,0.974293
1657,1658,brain_tumor_figshare/1658.mat,101305,3,2,Hipofiz tümörü,2,Hipofiz tümörü,evet,0.00157,0.002486,0.995944
1658,1659,brain_tumor_figshare/1659.mat,101724,2,2,Hipofiz tümörü,2,Hipofiz tümörü,evet,0.001508,0.005048,0.993444
1659,1660,brain_tumor_figshare/1660.mat,101724,2,2,Hipofiz tümörü,2,Hipofiz tümörü,evet,0.004478,0.005861,0.989661
1660,1661,brain_tumor_figshare/1661.mat,101724,2,2,Hipofiz tümörü,2,Hipofiz tümörü,evet,0.003844,0.009131,0.987025
1661,1662,brain_tumor_figshare/1662.mat,101724,2,2,Hipofiz tümörü,2,Hipofiz tümörü,evet,0.001779,0.006614,0.991607
1662,1663,brain_tumor_figshare/1663.mat,101724,2,2,Hipofiz tümörü,2,Hipofiz tümörü,evet,0.002912,0.011075,0.986013
1663,1664,brain_tumor_figshare/1664.mat,101724,2,2,Hipofiz tümörü,2,Hipofiz tümörü,evet,0.003865,0.015954,0.980181
1664,1665,brain_tumor_figshare/1665.mat,102648,2,2,Hipofiz tümörü,2,Hipofiz tümörü,evet,0.005473,0.002958,0.991569
1665,1666,brain_tumor_figshare/1666.mat,102648,2,2,Hipofiz tümörü,2,Hipofiz tümörü,evet,0.008614,0.040894,0.950492
1666,1667,brain_tumor_figshare/1667.mat,102648,2,2,Hipofiz tümörü,2,Hipofiz tümörü,evet,0.005538,0.015473,0.978989
1667,1668,brain_tumor_figshare/1668.mat,102648,2,2,Hipofiz tümörü,2,Hipofiz tümörü,evet,0.002669,0.042479,0.954851
1668,1669,brain_tumor_figshare/1669.mat,102648,2,2,Hipofiz tümörü,2,Hipofiz tümörü,evet,0.025503,0.045456,0.929041
1669,1670,brain_tumor_figshare/1670.mat,102648,2,2,Hipofiz tümörü,2,Hipofiz tümörü,evet,0.100842,0.026585,0.872574
1670,1671,brain_tumor_figshare/1671.mat,102648,2,2,Hipofiz tümörü,2,Hipofiz tümörü,evet,0.022353,0.002589,0.975058
1671,1672,brain_tumor_figshare/1672.mat,102669,5,2,Hipofiz tümörü,2,Hipofiz tümörü,evet,0.002849,0.005543,0.991608
1672,1673,brain_tumor_figshare/1673.mat,103046,2,2,Hipofiz tümörü,2,Hipofiz tümörü,evet,0.011512,0.005325,0.983164
1673,1674,brain_tumor_figshare/1674.mat,103046,2,2,Hipofiz tümörü,2,Hipofiz tümörü,evet,0.005097,0.020196,0.974707
1674,1675,brain_tumor_figshare/1675.mat,103046,2,2,Hipofiz tümörü,2,Hipofiz tümörü,evet,0.078595,0.030336,0.891068
1675,1676,brain_tumor_figshare/1676.mat,103046,2,2,Hipofiz tümörü,2,Hipofiz tümörü,evet,0.008937,0.012046,0.979017
1676,1677,brain_tumor_figshare/1677.mat,103257,4,2,Hipofiz tümörü,2,Hipofiz tümörü,evet,0.002905,0.028271,0.968825
1677,1678,brain_tumor_figshare/1678.mat,103257,4,2,Hipofiz tümörü,2,Hipofiz tümörü,evet,0.060423,0.048575,0.891002
1678,1679,brain_tumor_figshare/1679.mat,103257,4,2,Hipofiz tümörü,0,Meningiom,hayır,0.668265,0.29236,0.039375
1679,1680,brain_tumor_figshare/1680.mat,103257,4,2,Hipofiz tümörü,0,Meningiom,hayır,0.811607,0.178115,0.010278
1680,1681,brain_tumor_figshare/1681.mat,103257,4,2,Hipofiz tümörü,0,Meningiom,hayır,0.459431,0.38774,0.152829
1681,1682,brain_tumor_figshare/1682.mat,103257,4,2,Hipofiz tümörü,2,Hipofiz tümörü,evet,0.100818,0.027625,0.871557
1682,1683,brain_tumor_figshare/1683.mat,103257,4,2,Hipofiz tümörü,2,Hipofiz tümörü,evet,0.019386,0.015583,0.965031
1683,1684,brain_tumor_figshare/1684.mat,103478,5,2,Hipofiz tümörü,2,Hipofiz tümörü,evet,0.02976,0.095637,0.874603
1684,1685,brain_tumor_figshare/1685.mat,103478,5,2,Hipofiz tümörü,2,Hipofiz tümörü,evet,0.004054,0.010282,0.985664
1685,1686,brain_tumor_figshare/1686.mat,103478,5,2,Hipofiz tümörü,2,Hipofiz tümörü,evet,0.00082,0.012362,0.986818
1686,1687,brain_tumor_figshare/1687.mat,103478,5,2,Hipofiz tümörü,2,Hipofiz tümörü,evet,0.004101,0.010586,0.985313
1687,1688,brain_tumor_figshare/1688.mat,103478,5,2,Hipofiz tümörü,2,Hipofiz tümörü,evet,0.341983,0.030939,0.627078
1688,1689,brain_tumor_figshare/1689.mat,103478,5,2,Hipofiz tümörü,2,Hipofiz tümörü,evet,0.088229,0.24127,0.670501
1689,1690,brain_tumor_figshare/1690.mat,103478,5,2,Hipofiz tümörü,2,Hipofiz tümörü,evet,0.00312,0.013148,0.983732
1690,1691,brain_tumor_figshare/1691.mat,103478,5,2,Hipofiz tümörü,2,Hipofiz tümörü,evet,0.051883,0.003564,0.944553
1691,1692,brain_tumor_figshare/1692.mat,103582,3,2,Hipofiz tümörü,2,Hipofiz tümörü,evet,0.004992,0.000605,0.994403
1692,1693,brain_tumor_figshare/1693.mat,103582,3,2,Hipofiz tümörü,2,Hipofiz tümörü,evet,0.004884,0.001104,0.994011
1693,1694,brain_tumor_figshare/1694.mat,103582,3,2,Hipofiz tümörü,2,Hipofiz tümörü,evet,0.007789,0.00063,0.991581
1694,1695,brain_tumor_figshare/1695.mat,103582,3,2,Hipofiz tümörü,2,Hipofiz tümörü,evet,0.013981,0.000445,0.985574
1695,1696,brain_tumor_figshare/1696.mat,103582,3,2,Hipofiz tümörü,2,Hipofiz tümörü,evet,0.192765,0.018923,0.788313
1696,1697,brain_tumor_figshare/1697.mat,103582,3,2,Hipofiz tümörü,2,Hipofiz tümörü,evet,0.024735,0.003913,0.971352
1697,1698,brain_tumor_figshare/1698.mat,103582,3,2,Hipofiz tümörü,2,Hipofiz tümörü,evet,0.014917,0.00194,0.983143
1698,1699,brain_tumor_figshare/1699.mat,103582,3,2,Hipofiz tümörü,2,Hipofiz tümörü,evet,0.016591,0.001543,0.981866
1699,1700,brain_tumor_figshare/1700.mat,103670,5,2,Hipofiz tümörü,2,Hipofiz tümörü,evet,0.018912,0.024603,0.956485
1700,1701,brain_tumor_figshare/1701.mat,103670,5,2,Hipofiz tümörü,2,Hipofiz tümörü,evet,0.05661,0.028681,0.914709
1701,1702,brain_tumor_figshare/1702.mat,103670,5,2,Hipofiz tümörü,2,Hipofiz tümörü,evet,0.029714,0.039353,0.930933
1702,1703,brain_tumor_figshare/1703.mat,103670,5,2,Hipofiz tümörü,2,Hipofiz tümörü,evet,0.429072,0.058072,0.512856
1703,1704,brain_tumor_figshare/1704.mat,103671,1,2,Hipofiz tümörü,2,Hipofiz tümörü,evet,0.286463,0.020024,0.693513
1704,1705,brain_tumor_figshare/1705.mat,103671,1,2,Hipofiz tümörü,2,Hipofiz tümörü,evet,0.184521,0.049799,0.76568
1705,1706,brain_tumor_figshare/1706.mat,103671,1,2,Hipofiz tümörü,2,Hipofiz tümörü,evet,0.169839,0.040348,0.789813
1706,1707,brain_tumor_figshare/1707.mat,103671,1,2,Hipofiz tümörü,2,Hipofiz tümörü,evet,0.035362,0.006604,0.958034
1707,1708,brain_tumor_figshare/1708.mat,103671,1,2,Hipofiz tümörü,2,Hipofiz tümörü,evet,0.152587,0.010743,0.836669
1708,1709,brain_tumor_figshare/1709.mat,103731,4,2,Hipofiz tümörü,2,Hipofiz tümörü,evet,0.030656,0.076168,0.893175
1709,1710,brain_tumor_figshare/1710.mat,103731,4,2,Hipofiz tümörü,2,Hipofiz tümörü,evet,0.009397,0.01668,0.973923
1710,1711,brain_tumor_figshare/1711.mat,103731,4,2,Hipofiz tümörü,2,Hipofiz tümörü,evet,0.238462,0.280127,0.48141
1711,1712,brain_tumor_figshare/1712.mat,103731,4,2,Hipofiz tümörü,1,Gliom,hayır,0.116173,0.499516,0.384311
1712,1713,brain_tumor_figshare/1713.mat,103731,4,2,Hipofiz tümörü,2,Hipofiz tümörü,evet,0.001106,0.002364,0.99653
1713,1714,brain_tumor_figshare/1714.mat,103837,2,2,Hipofiz tümörü,2,Hipofiz tümörü,evet,0.419622,0.015639,0.564739
1714,1715,brain_tumor_figshare/1715.mat,103837,2,2,Hipofiz tümörü,0,Meningiom,hayır,0.579511,0.020577,0.399912
1715,1716,brain_tumor_figshare/1716.mat,103837,2,2,Hipofiz tümörü,2,Hipofiz tümörü,evet,0.16622,0.00712,0.82666
1716,1717,brain_tumor_figshare/1717.mat,103837,2,2,Hipofiz tümörü,0,Meningiom,hayır,0.801119,0.113139,0.085742
1717,1718,brain_tumor_figshare/1718.mat,103837,2,2,Hipofiz tümörü,1,Gliom,hayır,0.285752,0.669444,0.044805
1718,1719,brain_tumor_figshare/1719.mat,103837,2,2,Hipofiz tümörü,2,Hipofiz tümörü,evet,0.269779,0.218375,0.511846
1719,1720,brain_tumor_figshare/1720.mat,103837,2,2,Hipofiz tümörü,2,Hipofiz tümörü,evet,0.066041,0.030838,0.903121
1720,1721,brain_tumor_figshare/1721.mat,104019,4,2,Hipofiz tümörü,2,Hipofiz tümörü,evet,0.012819,0.014168,0.973013
1721,1722,brain_tumor_figshare/1722.mat,104019,4,2,Hipofiz tümörü,2,Hipofiz tümörü,evet,0.210041,0.070054,0.719905
1722,1723,brain_tumor_figshare/1723.mat,104019,4,2,Hipofiz tümörü,2,Hipofiz tümörü,evet,0.024175,0.010083,0.965743
1723,1724,brain_tumor_figshare/1724.mat,104019,4,2,Hipofiz tümörü,2,Hipofiz tümörü,evet,0.076533,0.214039,0.709428
1724,1725,brain_tumor_figshare/1725.mat,104558,2,2,Hipofiz tümörü,0,Meningiom,hayır,0.660039,0.328423,0.011538
1725,1726,brain_tumor_figshare/1726.mat,104558,2,2,Hipofiz tümörü,1,Gliom,hayır,0.094212,0.895983,0.009806
1726,1727,brain_tumor_figshare/1727.mat,104558,2,2,Hipofiz tümörü,1,Gliom,hayır,0.010242,0.98623,0.003527
1727,1728,brain_tumor_figshare/1728.mat,104558,2,2,Hipofiz tümörü,1,Gliom,hayır,0.003895,0.958575,0.03753
1728,1729,brain_tumor_figshare/1729.mat,104558,2,2,Hipofiz tümörü,1,Gliom,hayır,0.012847,0.984876,0.002277
1729,1730,brain_tumor_figshare/1730.mat,104558,2,2,Hipofiz tümörü,1,Gliom,hayır,0.015352,0.972882,0.011765
1730,1731,brain_tumor_figshare/1731.mat,104558,2,2,Hipofiz tümörü,1,Gliom,hayır,0.019497,0.977884,0.002618
1731,1732,brain_tumor_figshare/1732.mat,104558,2,2,Hipofiz tümörü,0,Meningiom,hayır,0.732748,0.249816,0.017436
1732,1733,brain_tumor_figshare/1733.mat,104558,2,2,Hipofiz tümörü,0,Meningiom,hayır,0.421359,0.295947,0.282694
1733,1734,brain_tumor_figshare/1734.mat,104684,3,2,Hipofiz tümörü,1,Gliom,hayır,0.057767,0.810436,0.131797
1734,1735,brain_tumor_figshare/1735.mat,104684,3,2,Hipofiz tümörü,1,Gliom,hayır,0.0491,0.934529,0.016371
1735,1736,brain_tumor_figshare/1736.mat,104684,3,2,Hipofiz tümörü,1,Gliom,hayır,0.020898,0.888185,0.090916
1736,1737,brain_tumor_figshare/1737.mat,104684,3,2,Hipofiz tümörü,1,Gliom,hayır,0.00836,0.915075,0.076565
1737,1738,brain_tumor_figshare/1738.mat,104684,3,2,Hipofiz tümörü,1,Gliom,hayır,0.021782,0.972071,0.006147
1738,1739,brain_tumor_figshare/1739.mat,104684,3,2,Hipofiz tümörü,1,Gliom,hayır,0.305511,0.394724,0.299764
1739,1740,brain_tumor_figshare/1740.mat,104684,3,2,Hipofiz tümörü,2,Hipofiz tümörü,evet,0.024327,0.057568,0.918104
1740,1741,brain_tumor_figshare/1741.mat,104912,5,2,Hipofiz tümörü,2,Hipofiz tümörü,evet,0.005369,0.002682,0.991949
1741,1742,brain_tumor_figshare/1742.mat,104912,5,2,Hipofiz tümörü,2,Hipofiz tümörü,evet,0.013916,0.306192,0.679892
1742,1743,brain_tumor_figshare/1743.mat,104912,5,2,Hipofiz tümörü,2,Hipofiz tümörü,evet,0.009922,0.05173,0.938348
1743,1744,brain_tumor_figshare/1744.mat,104912,5,2,Hipofiz tümörü,2,Hipofiz tümörü,evet,0.15085,0.05664,0.79251
1744,1745,brain_tumor_figshare/1745.mat,104912,5,2,Hipofiz tümörü,2,Hipofiz tümörü,evet,0.037064,0.239065,0.723871
1745,1746,brain_tumor_figshare/1746.mat,104912,5,2,Hipofiz tümörü,2,Hipofiz tümörü,evet,0.149839,0.073474,0.776687
1746,1747,brain_tumor_figshare/1747.mat,104912,5,2,Hipofiz tümörü,2,Hipofiz tümörü,evet,0.033131,0.017765,0.949104
1747,1748,brain_tumor_figshare/1748.mat,105187,1,2,Hipofiz tümörü,2,Hipofiz tümörü,evet,0.046678,0.081352,0.87197
1748,1749,brain_tumor_figshare/1749.mat,105187,1,2,Hipofiz tümörü,2,Hipofiz tümörü,evet,0.019785,0.416076,0.564139
1749,1750,brain_tumor_figshare/1750.mat,105187,1,2,Hipofiz tümörü,2,Hipofiz tümörü,evet,0.003752,0.012727,0.98352
1750,1751,brain_tumor_figshare/1751.mat,105187,1,2,Hipofiz tümörü,2,Hipofiz tümörü,evet,0.032606,0.065294,0.9021
1751,1752,brain_tumor_figshare/1752.mat,105187,1,2,Hipofiz tümörü,2,Hipofiz tümörü,evet,0.021216,0.084125,0.894659
1752,1753,brain_tumor_figshare/1753.mat,105187,1,2,Hipofiz tümörü,2,Hipofiz tümörü,evet,0.006799,0.003089,0.990112
1753,1754,brain_tumor_figshare/1754.mat,105475,1,2,Hipofiz tümörü,2,Hipofiz tümörü,evet,0.022412,0.048345,0.929243
1754,1755,brain_tumor_figshare/1755.mat,105475,1,2,Hipofiz tümörü,2,Hipofiz tümörü,evet,0.014398,0.01266,0.972942
1755,1756,brain_tumor_figshare/1756.mat,105475,1,2,Hipofiz tümörü,2,Hipofiz tümörü,evet,0.005274,0.001991,0.992734
1756,1757,brain_tumor_figshare/1757.mat,105475,1,2,Hipofiz tümörü,2,Hipofiz tümörü,evet,0.007937,0.002945,0.989118
1757,1758,brain_tumor_figshare/1758.mat,105475,1,2,Hipofiz tümörü,2,Hipofiz tümörü,evet,0.011795,0.017474,0.970731
1758,1759,brain_tumor_figshare/1759.mat,105538,4,2,Hipofiz tümörü,2,Hipofiz tümörü,evet,0.14722,0.141788,0.710991
1759,1760,brain_tumor_figshare/1760.mat,105538,4,2,Hipofiz tümörü,2,Hipofiz tümörü,evet,0.122708,0.021377,0.855915
1760,1761,brain_tumor_figshare/1761.mat,105638,4,2,Hipofiz tümörü,2,Hipofiz tümörü,evet,0.004456,0.013252,0.982292
1761,1762,brain_tumor_figshare/1762.mat,105638,4,2,Hipofiz tümörü,2,Hipofiz tümörü,evet,0.013349,0.017563,0.969089
1762,1763,brain_tumor_figshare/1763.mat,105638,4,2,Hipofiz tümörü,2,Hipofiz tümörü,evet,0.020203,0.015341,0.964456
1763,1764,brain_tumor_figshare/1764.mat,105638,4,2,Hipofiz tümörü,2,Hipofiz tümörü,evet,0.014666,0.02666,0.958674
1764,1765,brain_tumor_figshare/1765.mat,105638,4,2,Hipofiz tümörü,2,Hipofiz tümörü,evet,0.00618,0.007558,0.986262
1765,1766,brain_tumor_figshare/1766.mat,97416,4,2,Hipofiz tümörü,2,Hipofiz tümörü,evet,0.249849,0.041679,0.708472
1766,1767,brain_tumor_figshare/1767.mat,97416,4,2,Hipofiz tümörü,2,Hipofiz tümörü,evet,0.147993,0.153783,0.698224
1767,1768,brain_tumor_figshare/1768.mat,97416,4,2,Hipofiz tümörü,1,Gliom,hayır,0.169425,0.663677,0.166898
1768,1769,brain_tumor_figshare/1769.mat,97416,4,2,Hipofiz tümörü,2,Hipofiz tümörü,evet,0.22375,0.127112,0.649138
1769,1770,brain_tumor_figshare/1770.mat,97416,4,2,Hipofiz tümörü,2,Hipofiz tümörü,evet,0.172811,0.193974,0.633215
1770,1771,brain_tumor_figshare/1771.mat,97416,4,2,Hipofiz tümörü,1,Gliom,hayır,0.204362,0.593627,0.202011
1771,1772,brain_tumor_figshare/1772.mat,97416,4,2,Hipofiz tümörü,1,Gliom,hayır,0.104877,0.735888,0.159236
1772,1773,brain_tumor_figshare/1773.mat,97461,3,2,Hipofiz tümörü,0,Meningiom,hayır,0.560604,0.016143,0.423253
1773,1774,brain_tumor_figshare/1774.mat,97461,3,2,Hipofiz tümörü,2,Hipofiz tümörü,evet,0.1439,0.067911,0.788189
1774,1775,brain_tumor_figshare/1775.mat,97461,3,2,Hipofiz tümörü,2,Hipofiz tümörü,evet,0.279538,0.100684,0.619778
1775,1776,brain_tumor_figshare/1776.mat,97461,3,2,Hipofiz tümörü,0,Meningiom,hayır,0.635066,0.057102,0.307832
1776,1777,brain_tumor_figshare/1777.mat,97461,3,2,Hipofiz tümörü,2,Hipofiz tümörü,evet,0.31897,0.047884,0.633147
1777,1778,brain_tumor_figshare/1778.mat,97461,3,2,Hipofiz tümörü,2,Hipofiz tümörü,evet,0.035673,0.000988,0.963338
1778,1779,brain_tumor_figshare/1779.mat,97461,3,2,Hipofiz tümörü,2,Hipofiz tümörü,evet,0.038768,0.002844,0.958388
1779,1780,brain_tumor_figshare/1780.mat,97461,3,2,Hipofiz tümörü,2,Hipofiz tümörü,evet,0.019367,0.048698,0.931935
1780,1781,brain_tumor_figshare/1781.mat,97481,2,2,Hipofiz tümörü,2,Hipofiz tümörü,evet,0.000936,0.004282,0.994782
1781,1782,brain_tumor_figshare/1782.mat,97481,2,2,Hipofiz tümörü,2,Hipofiz tümörü,evet,0.038355,0.000978,0.960666
1782,1783,brain_tumor_figshare/1783.mat,97481,2,2,Hipofiz tümörü,0,Meningiom,hayır,0.886828,0.003307,0.109865
1783,1784,brain_tumor_figshare/1784.mat,97481,2,2,Hipofiz tümörü,0,Meningiom,hayır,0.763233,0.017081,0.219685
1784,1785,brain_tumor_figshare/1785.mat,97481,2,2,Hipofiz tümörü,2,Hipofiz tümörü,evet,0.155275,0.00632,0.838406
1785,1786,brain_tumor_figshare/1786.mat,97599,2,2,Hipofiz tümörü,2,Hipofiz tümörü,evet,0.001207,0.002853,0.995939
1786,1787,brain_tumor_figshare/1787.mat,97599,2,2,Hipofiz tümörü,2,Hipofiz tümörü,evet,0.001193,0.003707,0.9951
1787,1788,brain_tumor_figshare/1788.mat,97599,2,2,Hipofiz tümörü,2,Hipofiz tümörü,evet,0.002841,0.006587,0.990572
1788,1789,brain_tumor_figshare/1789.mat,97890,1,2,Hipofiz tümörü,2,Hipofiz tümörü,evet,0.00996,0.005535,0.984504
1789,1790,brain_tumor_figshare/1790.mat,97890,1,2,Hipofiz tümörü,2,Hipofiz tümörü,evet,0.023089,0.004224,0.972687
1790,1791,brain_tumor_figshare/1791.mat,97890,1,2,Hipofiz tümörü,2,Hipofiz tümörü,evet,0.010115,0.004339,0.985546
1791,1792,brain_tumor_figshare/1792.mat,97890,1,2,Hipofiz tümörü,2,Hipofiz tümörü,evet,0.065555,0.214466,0.71998
1792,1793,brain_tumor_figshare/1793.mat,97890,1,2,Hipofiz tümörü,2,Hipofiz tümörü,evet,0.008203,0.003317,0.98848
1793,1794,brain_tumor_figshare/1794.mat,97890,1,2,Hipofiz tümörü,2,Hipofiz tümörü,evet,0.011988,0.026709,0.961303
1794,1795,brain_tumor_figshare/1795.mat,98472,3,2,Hipofiz tümörü,2,Hipofiz tümörü,evet,0.003455,0.004985,0.99156
1795,1796,brain_tumor_figshare/1796.mat,98472,3,2,Hipofiz tümörü,2,Hipofiz tümörü,evet,0.023884,0.025316,0.9508
1796,1797,brain_tumor_figshare/1797.mat,98472,3,2,Hipofiz tümörü,2,Hipofiz tümörü,evet,0.002815,0.00406,0.993125
1797,1798,brain_tumor_figshare/1798.mat,98472,3,2,Hipofiz tümörü,2,Hipofiz tümörü,evet,0.003005,0.003781,0.993214
1798,1799,brain_tumor_figshare/1799.mat,98472,3,2,Hipofiz tümörü,2,Hipofiz tümörü,evet,0.004474,0.01037,0.985156
1799,1800,brain_tumor_figshare/1800.mat,98472,3,2,Hipofiz tümörü,2,Hipofiz tümörü,evet,0.119765,0.048471,0.831764
1800,1801,brain_tumor_figshare/1801.mat,98652,3,2,Hipofiz tümörü,2,Hipofiz tümörü,evet,0.003011,0.005555,0.991434
1801,1802,brain_tumor_figshare/1802.mat,98652,3,2,Hipofiz tümörü,2,Hipofiz tümörü,evet,0.001676,0.003946,0.994378
1802,1803,brain_tumor_figshare/1803.mat,98652,3,2,Hipofiz tümörü,2,Hipofiz tümörü,evet,0.001612,0.000413,0.997975
1803,1804,brain_tumor_figshare/1804.mat,98652,3,2,Hipofiz tümörü,2,Hipofiz tümörü,evet,0.002196,0.000522,0.997282
1804,1805,brain_tumor_figshare/1805.mat,98652,3,2,Hipofiz tümörü,2,Hipofiz tümörü,evet,0.007688,0.0067,0.985611
1805,1806,brain_tumor_figshare/1806.mat,98871,4,2,Hipofiz tümörü,2,Hipofiz tümörü,evet,0.030028,0.015623,0.954349
1806,1807,brain_tumor_figshare/1807.mat,98871,4,2,Hipofiz tümörü,2,Hipofiz tümörü,evet,0.016587,0.003392,0.980021
1807,1808,brain_tumor_figshare/1808.mat,98871,4,2,Hipofiz tümörü,2,Hipofiz tümörü,evet,0.109719,0.10456,0.785721
1808,1809,brain_tumor_figshare/1809.mat,98871,4,2,Hipofiz tümörü,2,Hipofiz tümörü,evet,0.03394,0.013395,0.952665
1809,1810,brain_tumor_figshare/1810.mat,98871,4,2,Hipofiz tümörü,2,Hipofiz tümörü,evet,0.074655,0.151276,0.774069
1810,1811,brain_tumor_figshare/1811.mat,98871,4,2,Hipofiz tümörü,2,Hipofiz tümörü,evet,0.096838,0.073248,0.829914
1811,1812,brain_tumor_figshare/1812.mat,98871,4,2,Hipofiz tümörü,2,Hipofiz tümörü,evet,0.004742,0.01204,0.983218
1812,1813,brain_tumor_figshare/1813.mat,98874,1,2,Hipofiz tümörü,2,Hipofiz tümörü,evet,0.013235,0.043796,0.942969
1813,1814,brain_tumor_figshare/1814.mat,98874,1,2,Hipofiz tümörü,2,Hipofiz tümörü,evet,0.04687,0.094438,0.858692
1814,1815,brain_tumor_figshare/1815.mat,98874,1,2,Hipofiz tümörü,0,Meningiom,hayır,0.591254,0.102316,0.30643
1815,1816,brain_tumor_figshare/1816.mat,98874,1,2,Hipofiz tümörü,0,Meningiom,hayır,0.679799,0.171898,0.148303
1816,1817,brain_tumor_figshare/1817.mat,98874,1,2,Hipofiz tümörü,1,Gliom,hayır,0.440788,0.457486,0.101726
1817,1818,brain_tumor_figshare/1818.mat,98874,1,2,Hipofiz tümörü,0,Meningiom,hayır,0.841209,0.0684,0.090391
1818,1819,brain_tumor_figshare/1819.mat,98992,5,2,Hipofiz tümörü,2,Hipofiz tümörü,evet,0.223678,0.003801,0.772522
1819,1820,brain_tumor_figshare/1820.mat,98992,5,2,Hipofiz tümörü,2,Hipofiz tümörü,evet,0.284026,0.001606,0.714368
1820,1821,brain_tumor_figshare/1821.mat,98992,5,2,Hipofiz tümörü,2,Hipofiz tümörü,evet,0.000959,0.009585,0.989456
1821,1822,brain_tumor_figshare/1822.mat,98992,5,2,Hipofiz tümörü,2,Hipofiz tümörü,evet,0.193599,0.082919,0.723481
1822,1823,brain_tumor_figshare/1823.mat,98992,5,2,Hipofiz tümörü,2,Hipofiz tümörü,evet,0.131049,0.007307,0.861644
1823,1824,brain_tumor_figshare/1824.mat,98992,5,2,Hipofiz tümörü,2,Hipofiz tümörü,evet,0.056227,0.026751,0.917022
1824,1825,brain_tumor_figshare/1825.mat,98992,5,2,Hipofiz tümörü,2,Hipofiz tümörü,evet,0.020845,0.005822,0.973332
1825,1826,brain_tumor_figshare/1826.mat,98992,5,2,Hipofiz tümörü,2,Hipofiz tümörü,evet,0.101509,0.041408,0.857083
1826,1827,brain_tumor_figshare/1827.mat,98992,5,2,Hipofiz tümörü,2,Hipofiz tümörü,evet,0.054329,0.037407,0.908264
1827,1828,brain_tumor_figshare/1828.mat,98992,5,2,Hipofiz tümörü,2,Hipofiz tümörü,evet,0.083051,0.011561,0.905389
1828,1829,brain_tumor_figshare/1829.mat,98992,5,2,Hipofiz tümörü,0,Meningiom,hayır,0.696934,0.036196,0.26687
1829,1830,brain_tumor_figshare/1830.mat,98995,4,2,Hipofiz tümörü,2,Hipofiz tümörü,evet,0.004953,0.002865,0.992182
1830,1831,brain_tumor_figshare/1831.mat,98995,4,2,Hipofiz tümörü,2,Hipofiz tümörü,evet,0.017181,0.013173,0.969646
1831,1832,brain_tumor_figshare/1832.mat,98995,4,2,Hipofiz tümörü,2,Hipofiz tümörü,evet,0.043914,0.111774,0.844312
1832,1833,brain_tumor_figshare/1833.mat,98995,4,2,Hipofiz tümörü,2,Hipofiz tümörü,evet,0.027205,0.059949,0.912847
1833,1834,brain_tumor_figshare/1834.mat,98995,4,2,Hipofiz tümörü,2,Hipofiz tümörü,evet,0.020806,0.089456,0.889738
1834,1835,brain_tumor_figshare/1835.mat,99223,1,2,Hipofiz tümörü,2,Hipofiz tümörü,evet,0.091715,0.003477,0.904808
1835,1836,brain_tumor_figshare/1836.mat,99223,1,2,Hipofiz tümörü,2,Hipofiz tümörü,evet,0.142255,0.002719,0.855026
1836,1837,brain_tumor_figshare/1837.mat,99223,1,2,Hipofiz tümörü,2,Hipofiz tümörü,evet,0.008273,0.004442,0.987286
1837,1838,brain_tumor_figshare/1838.mat,99223,1,2,Hipofiz tümörü,2,Hipofiz tümörü,evet,0.009425,0.009194,0.981381
1838,1839,brain_tumor_figshare/1839.mat,99223,1,2,Hipofiz tümörü,2,Hipofiz tümörü,evet,0.204675,0.004605,0.790719
1839,1840,brain_tumor_figshare/1840.mat,99223,1,2,Hipofiz tümörü,2,Hipofiz tümörü,evet,0.007088,0.002083,0.990829
1840,1841,brain_tumor_figshare/1841.mat,MR048294,1,1,Gliom,1,Gliom,evet,0.054593,0.945122,0.000284
1841,1842,brain_tumor_figshare/1842.mat,MR048294,1,1,Gliom,1,Gliom,evet,0.135356,0.864478,0.000166
1842,1843,brain_tumor_figshare/1843.mat,MR048294,1,1,Gliom,1,Gliom,evet,0.008028,0.990933,0.001039
1843,1844,brain_tumor_figshare/1844.mat,MR048294,1,1,Gliom,1,Gliom,evet,0.043449,0.955107,0.001444
1844,1845,brain_tumor_figshare/1845.mat,MR048294,1,1,Gliom,1,Gliom,evet,0.075367,0.923599,0.001034
1845,1846,brain_tumor_figshare/1846.mat,MR048294,1,1,Gliom,1,Gliom,evet,0.010824,0.988553,0.000624
1846,1847,brain_tumor_figshare/1847.mat,MR048294,1,1,Gliom,1,Gliom,evet,0.012771,0.986961,0.000268
1847,1848,brain_tumor_figshare/1848.mat,MR048294,1,1,Gliom,1,Gliom,evet,0.03143,0.968123,0.000447
1848,1849,brain_tumor_figshare/1849.mat,MR048297,1,1,Gliom,0,Meningiom,hayır,0.546969,0.425835,0.027196
1849,1850,brain_tumor_figshare/1850.mat,MR048297,1,1,Gliom,0,Meningiom,hayır,0.912962,0.084055,0.002983
1850,1851,brain_tumor_figshare/1851.mat,MR048297,1,1,Gliom,0,Meningiom,hayır,0.740309,0.245583,0.014108
1851,1852,brain_tumor_figshare/1852.mat,MR048297,1,1,Gliom,2,Hipofiz tümörü,hayır,0.252198,0.30653,0.441271
1852,1853,brain_tumor_figshare/1853.mat,MR048294B,5,1,Gliom,1,Gliom,evet,0.010473,0.988032,0.001495
1853,1854,brain_tumor_figshare/1854.mat,MR048621B,5,1,Gliom,1,Gliom,evet,0.047586,0.952386,2.8e-05
1854,1855,brain_tumor_figshare/1855.mat,MR048621B,5,1,Gliom,1,Gliom,evet,0.017538,0.982444,1.9e-05
1855,1856,brain_tumor_figshare/1856.mat,MR048621B,5,1,Gliom,1,Gliom,evet,0.004715,0.995224,6.1e-05
1856,1857,brain_tumor_figshare/1857.mat,MR048621B,5,1,Gliom,1,Gliom,evet,0.005783,0.994181,3.6e-05
1857,1858,brain_tumor_figshare/1858.mat,MR048621B,5,1,Gliom,1,Gliom,evet,0.003113,0.996871,1.6e-05
1858,1859,brain_tumor_figshare/1859.mat,MR048621B,5,1,Gliom,1,Gliom,evet,0.010627,0.989348,2.5e-05
1859,1860,brain_tumor_figshare/1860.mat,MR048621B,5,1,Gliom,1,Gliom,evet,0.006011,0.993969,2e-05
1860,1861,brain_tumor_figshare/1861.mat,MR048621B,5,1,Gliom,1,Gliom,evet,0.004864,0.995125,1.1e-05
1861,1862,brain_tumor_figshare/1862.mat,MR048944,5,1,Gliom,0,Meningiom,hayır,0.726719,0.084009,0.189272
1862,1863,brain_tumor_figshare/1863.mat,MR048944,5,1,Gliom,0,Meningiom,hayır,0.862648,0.136632,0.00072
1863,1864,brain_tumor_figshare/1864.mat,MR048944,5,1,Gliom,1,Gliom,evet,0.271965,0.7212,0.006835
1864,1865,brain_tumor_figshare/1865.mat,MR048944,5,1,Gliom,1,Gliom,evet,0.057876,0.941603,0.00052
1865,1866,brain_tumor_figshare/1866.mat,MR048944,5,1,Gliom,1,Gliom,evet,0.234843,0.75962,0.005537
1866,1867,brain_tumor_figshare/1867.mat,MR048944,5,1,Gliom,2,Hipofiz tümörü,hayır,0.128216,0.065757,0.806027
1867,1868,brain_tumor_figshare/1868.mat,MR048944,5,1,Gliom,2,Hipofiz tümörü,hayır,0.065587,0.070393,0.864019
1868,1869,brain_tumor_figshare/1869.mat,MR048944,5,1,Gliom,2,Hipofiz tümörü,hayır,0.014657,0.019238,0.966105
1869,1870,brain_tumor_figshare/1870.mat,MR048994,2,1,Gliom,1,Gliom,evet,0.327388,0.6724,0.000213
1870,1871,brain_tumor_figshare/1871.mat,MR048994,2,1,Gliom,1,Gliom,evet,0.226064,0.773812,0.000125
1871,1872,brain_tumor_figshare/1872.mat,MR048994,2,1,Gliom,1,Gliom,evet,0.201239,0.798573,0.000187
1872,1873,brain_tumor_figshare/1873.mat,MR048994,2,1,Gliom,1,Gliom,evet,0.165523,0.834393,8.3e-05
1873,1874,brain_tumor_figshare/1874.mat,MR048994,2,1,Gliom,1,Gliom,evet,0.0497,0.950226,7.4e-05
1874,1875,brain_tumor_figshare/1875.mat,MR048994,2,1,Gliom,1,Gliom,evet,0.364589,0.63534,7.1e-05
1875,1876,brain_tumor_figshare/1876.mat,MR048994,2,1,Gliom,1,Gliom,evet,0.470314,0.529505,0.000181
1876,1877,brain_tumor_figshare/1877.mat,MR048994,2,1,Gliom,1,Gliom,evet,0.082894,0.917027,7.9e-05
1877,1878,brain_tumor_figshare/1878.mat,MR048994,2,1,Gliom,1,Gliom,evet,0.438335,0.560169,0.001496
1878,1879,brain_tumor_figshare/1879.mat,MR049104,1,1,Gliom,2,Hipofiz tümörü,hayır,0.090126,0.051536,0.858338
1879,1880,brain_tumor_figshare/1880.mat,MR049104,1,1,Gliom,1,Gliom,evet,0.192479,0.495105,0.312416
1880,1881,brain_tumor_figshare/1881.mat,MR049142,5,1,Gliom,1,Gliom,evet,0.002752,0.997221,2.7e-05
1881,1882,brain_tumor_figshare/1882.mat,MR049142,5,1,Gliom,1,Gliom,evet,0.007143,0.992827,2.9e-05
1882,1883,brain_tumor_figshare/1883.mat,MR049142,5,1,Gliom,1,Gliom,evet,0.061046,0.938862,9.2e-05
1883,1884,brain_tumor_figshare/1884.mat,MR049142,5,1,Gliom,1,Gliom,evet,0.138687,0.861203,0.00011
1884,1885,brain_tumor_figshare/1885.mat,MR048994B,4,1,Gliom,1,Gliom,evet,0.442117,0.553226,0.004657
1885,1886,brain_tumor_figshare/1886.mat,MR048994B,4,1,Gliom,0,Meningiom,hayır,0.689959,0.305747,0.004294
1886,1887,brain_tumor_figshare/1887.mat,MR048994B,4,1,Gliom,1,Gliom,evet,0.060307,0.939228,0.000465
1887,1888,brain_tumor_figshare/1888.mat,MR048994B,4,1,Gliom,1,Gliom,evet,0.032735,0.967045,0.00022
1888,1889,brain_tumor_figshare/1889.mat,MR048994B,4,1,Gliom,1,Gliom,evet,0.066719,0.933213,6.7e-05
1889,1890,brain_tumor_figshare/1890.mat,MR048994B,4,1,Gliom,1,Gliom,evet,0.002587,0.997399,1.4e-05
1890,1891,brain_tumor_figshare/1891.mat,MR048994B,4,1,Gliom,1,Gliom,evet,0.000225,0.999758,1.8e-05
1891,1892,brain_tumor_figshare/1892.mat,MR048994B,4,1,Gliom,1,Gliom,evet,0.00139,0.998524,8.5e-05
1892,1893,brain_tumor_figshare/1893.mat,MR048944B,5,1,Gliom,2,Hipofiz tümörü,hayır,0.089486,0.116263,0.79425
1893,1894,brain_tumor_figshare/1894.mat,MR048944B,5,1,Gliom,2,Hipofiz tümörü,hayır,0.024748,0.004076,0.971176
1894,1895,brain_tumor_figshare/1895.mat,MR048944B,5,1,Gliom,2,Hipofiz tümörü,hayır,0.020106,0.164962,0.814932
1895,1896,brain_tumor_figshare/1896.mat,MR048944B,5,1,Gliom,2,Hipofiz tümörü,hayır,0.004301,0.04625,0.949449
1896,1897,brain_tumor_figshare/1897.mat,MR048944B,5,1,Gliom,2,Hipofiz tümörü,hayır,0.081249,0.254588,0.664163
1897,1898,brain_tumor_figshare/1898.mat,MR048944B,5,1,Gliom,2,Hipofiz tümörü,hayır,0.008333,0.017327,0.974339
1898,1899,brain_tumor_figshare/1899.mat,MR049358,3,1,Gliom,1,Gliom,evet,0.485608,0.513897,0.000494
1899,1900,brain_tumor_figshare/1900.mat,MR049358,3,1,Gliom,1,Gliom,evet,0.008739,0.991133,0.000129
1900,1901,brain_tumor_figshare/1901.mat,MR049358,3,1,Gliom,1,Gliom,evet,0.015691,0.984149,0.00016
1901,1902,brain_tumor_figshare/1902.mat,MR049358,3,1,Gliom,1,Gliom,evet,0.004128,0.995817,5.4e-05
1902,1903,brain_tumor_figshare/1903.mat,MR049358,3,1,Gliom,1,Gliom,evet,0.009643,0.990225,0.000133
1903,1904,brain_tumor_figshare/1904.mat,MR049358,3,1,Gliom,1,Gliom,evet,0.007691,0.992235,7.4e-05
1904,1905,brain_tumor_figshare/1905.mat,MR049358,3,1,Gliom,1,Gliom,evet,0.008747,0.99115,0.000103
1905,1906,brain_tumor_figshare/1906.mat,MR049358,3,1,Gliom,1,Gliom,evet,0.009784,0.989748,0.000468
1906,1907,brain_tumor_figshare/1907.mat,MR049358,3,1,Gliom,1,Gliom,evet,0.025736,0.973493,0.000771
1907,1908,brain_tumor_figshare/1908.mat,MR049358,3,1,Gliom,1,Gliom,evet,0.246954,0.75064,0.002406
1908,1909,brain_tumor_figshare/1909.mat,MR049104B,3,1,Gliom,2,Hipofiz tümörü,hayır,0.010923,0.003691,0.985386
1909,1910,brain_tumor_figshare/1910.mat,MR049104B,3,1,Gliom,2,Hipofiz tümörü,hayır,0.051554,0.113016,0.83543
1910,1911,brain_tumor_figshare/1911.mat,MR049104B,3,1,Gliom,2,Hipofiz tümörü,hayır,0.00467,0.003392,0.991938
1911,1912,brain_tumor_figshare/1912.mat,MR049104B,3,1,Gliom,1,Gliom,evet,0.483893,0.515656,0.000451
1912,1913,brain_tumor_figshare/1913.mat,MR049104B,3,1,Gliom,1,Gliom,evet,0.077858,0.921866,0.000275
1913,1914,brain_tumor_figshare/1914.mat,MR049453,2,1,Gliom,1,Gliom,evet,0.316323,0.683492,0.000185
1914,1915,brain_tumor_figshare/1915.mat,MR049453,2,1,Gliom,1,Gliom,evet,0.455174,0.542754,0.002072
1915,1916,brain_tumor_figshare/1916.mat,MR049453,2,1,Gliom,1,Gliom,evet,0.38997,0.609893,0.000137
1916,1917,brain_tumor_figshare/1917.mat,MR049453,2,1,Gliom,1,Gliom,evet,0.216473,0.783472,5.5e-05
1917,1918,brain_tumor_figshare/1918.mat,MR049453,2,1,Gliom,1,Gliom,evet,0.168117,0.831706,0.000177
1918,1919,brain_tumor_figshare/1919.mat,MR049453,2,1,Gliom,1,Gliom,evet,0.281917,0.717679,0.000404
1919,1920,brain_tumor_figshare/1920.mat,MR049453,2,1,Gliom,1,Gliom,evet,0.241769,0.757765,0.000466
1920,1921,brain_tumor_figshare/1921.mat,MR024780G,1,1,Gliom,1,Gliom,evet,0.289775,0.710057,0.000168
1921,1922,brain_tumor_figshare/1922.mat,MR024780G,1,1,Gliom,1,Gliom,evet,0.379949,0.619717,0.000334
1922,1923,brain_tumor_figshare/1923.mat,MR024780G,1,1,Gliom,1,Gliom,evet,0.070224,0.928525,0.001251
1923,1924,brain_tumor_figshare/1924.mat,MR024780G,1,1,Gliom,1,Gliom,evet,0.113971,0.885235,0.000794
1924,1925,brain_tumor_figshare/1925.mat,MR024780G,1,1,Gliom,1,Gliom,evet,0.48042,0.518968,0.000612
1925,1926,brain_tumor_figshare/1926.mat,MR024780G,1,1,Gliom,1,Gliom,evet,0.032221,0.966301,0.001478
1926,1927,brain_tumor_figshare/1927.mat,MR024780G,1,1,Gliom,1,Gliom,evet,0.064909,0.934603,0.000488
1927,1928,brain_tumor_figshare/1928.mat,MR024780G,1,1,Gliom,1,Gliom,evet,0.091246,0.907544,0.00121
1928,1929,brain_tumor_figshare/1929.mat,MR024780G,1,1,Gliom,1,Gliom,evet,0.117634,0.881446,0.000919
1929,1930,brain_tumor_figshare/1930.mat,MR024780G,1,1,Gliom,0,Meningiom,hayır,0.544717,0.455169,0.000114
1930,1931,brain_tumor_figshare/1931.mat,MR024780G,1,1,Gliom,0,Meningiom,hayır,0.859032,0.140735,0.000234
1931,1932,brain_tumor_figshare/1932.mat,MR024780G,1,1,Gliom,0,Meningiom,hayır,0.586857,0.412133,0.001011
1932,1933,brain_tumor_figshare/1933.mat,MR024780G,1,1,Gliom,0,Meningiom,hayır,0.651154,0.348453,0.000394
1933,1934,brain_tumor_figshare/1934.mat,MR024780G,1,1,Gliom,0,Meningiom,hayır,0.854082,0.145837,8.1e-05
1934,1935,brain_tumor_figshare/1935.mat,MR024780G,1,1,Gliom,1,Gliom,evet,0.212019,0.785874,0.002107
1935,1936,brain_tumor_figshare/1936.mat,MR024780G,1,1,Gliom,1,Gliom,evet,0.150041,0.848375,0.001584
1936,1937,brain_tumor_figshare/1937.mat,MR049453B,1,1,Gliom,1,Gliom,evet,0.14444,0.855471,8.9e-05
1937,1938,brain_tumor_figshare/1938.mat,MR049453B,1,1,Gliom,1,Gliom,evet,0.03342,0.966549,3.1e-05
1938,1939,brain_tumor_figshare/1939.mat,MR049453B,1,1,Gliom,1,Gliom,evet,0.109879,0.889963,0.000158
1939,1940,brain_tumor_figshare/1940.mat,MR049453B,1,1,Gliom,1,Gliom,evet,0.028266,0.971628,0.000106
1940,1941,brain_tumor_figshare/1941.mat,MR049453B,1,1,Gliom,0,Meningiom,hayır,0.901438,0.098401,0.000161
1941,1942,brain_tumor_figshare/1942.mat,MR049453B,1,1,Gliom,0,Meningiom,hayır,0.667093,0.332811,9.6e-05
1942,1943,brain_tumor_figshare/1943.mat,MR049453B,1,1,Gliom,0,Meningiom,hayır,0.936587,0.063367,4.6e-05
1943,1944,brain_tumor_figshare/1944.mat,MR049453B,1,1,Gliom,1,Gliom,evet,0.340215,0.659638,0.000147
1944,1945,brain_tumor_figshare/1945.mat,MR048294B,5,1,Gliom,1,Gliom,evet,0.00065,0.999331,2e-05
1945,1946,brain_tumor_figshare/1946.mat,MR048294B,5,1,Gliom,1,Gliom,evet,0.007811,0.992071,0.000118
1946,1947,brain_tumor_figshare/1947.mat,MR048294B,5,1,Gliom,1,Gliom,evet,0.004288,0.995337,0.000375
1947,1948,brain_tumor_figshare/1948.mat,MR048621B,5,1,Gliom,1,Gliom,evet,0.031349,0.968352,0.000299
1948,1949,brain_tumor_figshare/1949.mat,MR048621B,5,1,Gliom,1,Gliom,evet,0.233587,0.765962,0.000451
1949,1950,brain_tumor_figshare/1950.mat,MR050135B,2,1,Gliom,2,Hipofiz tümörü,hayır,0.059435,0.18139,0.759176
1950,1951,brain_tumor_figshare/1951.mat,MR050135B,2,1,Gliom,2,Hipofiz tümörü,hayır,0.30463,0.132888,0.562482
1951,1952,brain_tumor_figshare/1952.mat,MR050135B,2,1,Gliom,1,Gliom,evet,0.092327,0.907611,6.2e-05
1952,1953,brain_tumor_figshare/1953.mat,MR050135B,2,1,Gliom,1,Gliom,evet,0.059412,0.940395,0.000193
1953,1954,brain_tumor_figshare/1954.mat,MR050135B,2,1,Gliom,0,Meningiom,hayır,0.802579,0.196533,0.000888
1954,1955,brain_tumor_figshare/1955.mat,MR050135B,2,1,Gliom,0,Meningiom,hayır,0.540095,0.457169,0.002736
1955,1956,brain_tumor_figshare/1956.mat,MR050135B,2,1,Gliom,2,Hipofiz tümörü,hayır,0.226382,0.140153,0.633464
1956,1957,brain_tumor_figshare/1957.mat,MR050135B,2,1,Gliom,0,Meningiom,hayır,0.63541,0.212962,0.151628
1957,1958,brain_tumor_figshare/1958.mat,MR050135B,2,1,Gliom,2,Hipofiz tümörü,hayır,0.300297,0.182405,0.517298
1958,1959,brain_tumor_figshare/1959.mat,MR050135B,2,1,Gliom,1,Gliom,evet,0.270347,0.44307,0.286583
1959,1960,brain_tumor_figshare/1960.mat,MR050135B,2,1,Gliom,0,Meningiom,hayır,0.70659,0.293107,0.000303
1960,1961,brain_tumor_figshare/1961.mat,MR050135B,2,1,Gliom,0,Meningiom,hayır,0.748119,0.251692,0.000189
1961,1962,brain_tumor_figshare/1962.mat,MR050135B,2,1,Gliom,0,Meningiom,hayır,0.918342,0.081521,0.000138
1962,1963,brain_tumor_figshare/1963.mat,MR050135B,2,1,Gliom,1,Gliom,evet,0.110418,0.889538,4.4e-05
1963,1964,brain_tumor_figshare/1964.mat,MR050687,1,1,Gliom,0,Meningiom,hayır,0.625488,0.368093,0.006419
1964,1965,brain_tumor_figshare/1965.mat,MR050687,1,1,Gliom,0,Meningiom,hayır,0.822737,0.175787,0.001476
1965,1966,brain_tumor_figshare/1966.mat,MR050687,1,1,Gliom,1,Gliom,evet,0.467573,0.529996,0.002431
1966,1967,brain_tumor_figshare/1967.mat,MR050687,1,1,Gliom,1,Gliom,evet,0.383869,0.612901,0.00323
1967,1968,brain_tumor_figshare/1968.mat,MR050687,1,1,Gliom,0,Meningiom,hayır,0.843484,0.151471,0.005045
1968,1969,brain_tumor_figshare/1969.mat,MR050687,1,1,Gliom,1,Gliom,evet,0.287589,0.649175,0.063236
1969,1970,brain_tumor_figshare/1970.mat,MR050687,1,1,Gliom,1,Gliom,evet,0.039163,0.960706,0.00013
1970,1971,brain_tumor_figshare/1971.mat,MR050687,1,1,Gliom,1,Gliom,evet,0.018722,0.980526,0.000752
1971,1972,brain_tumor_figshare/1972.mat,MR050687,1,1,Gliom,1,Gliom,evet,0.004185,0.995101,0.000714
1972,1973,brain_tumor_figshare/1973.mat,MR050687,1,1,Gliom,1,Gliom,evet,0.011233,0.985711,0.003056
1973,1974,brain_tumor_figshare/1974.mat,MR050791B,4,1,Gliom,0,Meningiom,hayır,0.644085,0.354237,0.001677
1974,1975,brain_tumor_figshare/1975.mat,MR050791B,4,1,Gliom,0,Meningiom,hayır,0.499735,0.499269,0.000996
1975,1976,brain_tumor_figshare/1976.mat,MR050791B,4,1,Gliom,1,Gliom,evet,0.217684,0.781958,0.000358
1976,1977,brain_tumor_figshare/1977.mat,MR050791B,4,1,Gliom,1,Gliom,evet,0.224771,0.77446,0.000769
1977,1978,brain_tumor_figshare/1978.mat,MR050791B,4,1,Gliom,1,Gliom,evet,0.061087,0.938271,0.000642
1978,1979,brain_tumor_figshare/1979.mat,MR050791B,4,1,Gliom,1,Gliom,evet,0.285323,0.714409,0.000267
1979,1980,brain_tumor_figshare/1980.mat,MR050791B,4,1,Gliom,1,Gliom,evet,0.072194,0.927682,0.000124
1980,1981,brain_tumor_figshare/1981.mat,MR050791B,4,1,Gliom,0,Meningiom,hayır,0.842994,0.156957,4.9e-05
1981,1982,brain_tumor_figshare/1982.mat,MR050791B,4,1,Gliom,0,Meningiom,hayır,0.409712,0.276909,0.313379
1982,1983,brain_tumor_figshare/1983.mat,MR050791B,4,1,Gliom,2,Hipofiz tümörü,hayır,0.091033,0.08771,0.821257
1983,1984,brain_tumor_figshare/1984.mat,MR049019C,4,1,Gliom,0,Meningiom,hayır,0.444561,0.356109,0.199331
1984,1985,brain_tumor_figshare/1985.mat,MR049019C,4,1,Gliom,1,Gliom,evet,0.115793,0.807426,0.076781
1985,1986,brain_tumor_figshare/1986.mat,MR049019C,4,1,Gliom,1,Gliom,evet,0.041711,0.953021,0.005268
1986,1987,brain_tumor_figshare/1987.mat,MR026175C,4,1,Gliom,1,Gliom,evet,0.06646,0.933225,0.000315
1987,1988,brain_tumor_figshare/1988.mat,MR026175C,4,1,Gliom,1,Gliom,evet,0.310673,0.688647,0.000681
1988,1989,brain_tumor_figshare/1989.mat,MR026175C,4,1,Gliom,1,Gliom,evet,0.019858,0.980091,5.1e-05
1989,1990,brain_tumor_figshare/1990.mat,MR026175C,4,1,Gliom,1,Gliom,evet,0.008358,0.991621,2.1e-05
1990,1991,brain_tumor_figshare/1991.mat,MR026175C,4,1,Gliom,1,Gliom,evet,0.008767,0.991215,1.8e-05
1991,1992,brain_tumor_figshare/1992.mat,MR026175C,4,1,Gliom,1,Gliom,evet,0.011501,0.988461,3.8e-05
1992,1993,brain_tumor_figshare/1993.mat,MR026175C,4,1,Gliom,1,Gliom,evet,0.021997,0.977983,2e-05
1993,1994,brain_tumor_figshare/1994.mat,MR026175C,4,1,Gliom,1,Gliom,evet,0.088837,0.911142,2.1e-05
1994,1995,brain_tumor_figshare/1995.mat,MR026175C,4,1,Gliom,1,Gliom,evet,0.149587,0.850363,5e-05
1995,1996,brain_tumor_figshare/1996.mat,MR026175C,4,1,Gliom,1,Gliom,evet,0.012401,0.987573,2.6e-05
1996,1997,brain_tumor_figshare/1997.mat,MR026175C,4,1,Gliom,1,Gliom,evet,0.098583,0.901287,0.00013
1997,1998,brain_tumor_figshare/1998.mat,MR051461,2,1,Gliom,1,Gliom,evet,0.00676,0.993227,1.3e-05
1998,1999,brain_tumor_figshare/1999.mat,MR051461,2,1,Gliom,1,Gliom,evet,0.055632,0.94426,0.000108
1999,2000,brain_tumor_figshare/2000.mat,MR051461,2,1,Gliom,1,Gliom,evet,0.287296,0.712519,0.000185
2000,2001,brain_tumor_figshare/2001.mat,MR051461,2,1,Gliom,1,Gliom,evet,0.083535,0.916343,0.000122
2001,2002,brain_tumor_figshare/2002.mat,MR051461,2,1,Gliom,1,Gliom,evet,0.362732,0.637121,0.000146
2002,2003,brain_tumor_figshare/2003.mat,MR051461,2,1,Gliom,1,Gliom,evet,0.238742,0.761029,0.000229
2003,2004,brain_tumor_figshare/2004.mat,MR051461,2,1,Gliom,1,Gliom,evet,0.470163,0.52951,0.000327
2004,2005,brain_tumor_figshare/2005.mat,MR051586,5,1,Gliom,1,Gliom,evet,0.401076,0.597631,0.001293
2005,2006,brain_tumor_figshare/2006.mat,MR051586,5,1,Gliom,1,Gliom,evet,0.176098,0.823576,0.000326
2006,2007,brain_tumor_figshare/2007.mat,MR051586,5,1,Gliom,1,Gliom,evet,0.104667,0.89519,0.000143
2007,2008,brain_tumor_figshare/2008.mat,MR051586,5,1,Gliom,1,Gliom,evet,0.103818,0.896064,0.000119
2008,2009,brain_tumor_figshare/2009.mat,MR051586,5,1,Gliom,1,Gliom,evet,0.134362,0.865563,7.4e-05
2009,2010,brain_tumor_figshare/2010.mat,MR051586,5,1,Gliom,1,Gliom,evet,0.091638,0.90829,7.2e-05
2010,2011,brain_tumor_figshare/2011.mat,MR051586,5,1,Gliom,1,Gliom,evet,0.040851,0.959054,9.5e-05
2011,2012,brain_tumor_figshare/2012.mat,MR051461B,4,1,Gliom,1,Gliom,evet,0.06127,0.938654,7.6e-05
2012,2013,brain_tumor_figshare/2013.mat,MR051461B,4,1,Gliom,1,Gliom,evet,0.010733,0.989246,2.1e-05
2013,2014,brain_tumor_figshare/2014.mat,MR051461B,4,1,Gliom,1,Gliom,evet,0.414946,0.584561,0.000493
2014,2015,brain_tumor_figshare/2015.mat,MR051461B,4,1,Gliom,1,Gliom,evet,0.444837,0.554826,0.000337
2015,2016,brain_tumor_figshare/2016.mat,MR051461B,4,1,Gliom,1,Gliom,evet,0.009217,0.990734,4.9e-05
2016,2017,brain_tumor_figshare/2017.mat,MR051644,4,1,Gliom,2,Hipofiz tümörü,hayır,0.103252,0.021044,0.875705
2017,2018,brain_tumor_figshare/2018.mat,MR051644,4,1,Gliom,1,Gliom,evet,0.006933,0.992412,0.000655
2018,2019,brain_tumor_figshare/2019.mat,MR051644,4,1,Gliom,1,Gliom,evet,0.153384,0.787118,0.059498
2019,2020,brain_tumor_figshare/2020.mat,MR051644,4,1,Gliom,1,Gliom,evet,0.056354,0.534649,0.408997
2020,2021,brain_tumor_figshare/2021.mat,MR051644,4,1,Gliom,2,Hipofiz tümörü,hayır,0.051936,0.108957,0.839107
2021,2022,brain_tumor_figshare/2022.mat,MR051644,4,1,Gliom,1,Gliom,evet,0.001743,0.998233,2.3e-05
2022,2023,brain_tumor_figshare/2023.mat,MR051644,4,1,Gliom,1,Gliom,evet,0.007839,0.99209,7.1e-05
2023,2024,brain_tumor_figshare/2024.mat,MR051644,4,1,Gliom,1,Gliom,evet,0.037988,0.959611,0.002401
2024,2025,brain_tumor_figshare/2025.mat,MR051644,4,1,Gliom,1,Gliom,evet,0.221038,0.773583,0.005379
2025,2026,brain_tumor_figshare/2026.mat,MR051644,4,1,Gliom,1,Gliom,evet,0.185733,0.813515,0.000751
2026,2027,brain_tumor_figshare/2027.mat,MR051644,4,1,Gliom,1,Gliom,evet,0.04347,0.956219,0.000311
2027,2028,brain_tumor_figshare/2028.mat,MR051644,4,1,Gliom,1,Gliom,evet,0.365658,0.633708,0.000633
2028,2029,brain_tumor_figshare/2029.mat,MR051644,4,1,Gliom,1,Gliom,evet,0.135622,0.819559,0.044819
2029,2030,brain_tumor_figshare/2030.mat,MR051644,4,1,Gliom,1,Gliom,evet,0.201404,0.684913,0.113684
2030,2031,brain_tumor_figshare/2031.mat,MR051644,4,1,Gliom,1,Gliom,evet,0.059099,0.916848,0.024053
2031,2032,brain_tumor_figshare/2032.mat,MR051651,1,1,Gliom,1,Gliom,evet,0.005095,0.994834,7.1e-05
2032,2033,brain_tumor_figshare/2033.mat,MR051651,1,1,Gliom,1,Gliom,evet,0.00056,0.999423,1.7e-05
2033,2034,brain_tumor_figshare/2034.mat,MR051651,1,1,Gliom,1,Gliom,evet,0.0415,0.958415,8.5e-05
2034,2035,brain_tumor_figshare/2035.mat,MR051651,1,1,Gliom,1,Gliom,evet,0.244106,0.755654,0.00024
2035,2036,brain_tumor_figshare/2036.mat,MR051651,1,1,Gliom,1,Gliom,evet,0.142004,0.8578,0.000196
2036,2037,brain_tumor_figshare/2037.mat,MR051651,1,1,Gliom,0,Meningiom,hayır,0.561467,0.438124,0.000409
2037,2038,brain_tumor_figshare/2038.mat,MR051796,4,1,Gliom,1,Gliom,evet,0.021005,0.978811,0.000184
2038,2039,brain_tumor_figshare/2039.mat,MR051796,4,1,Gliom,1,Gliom,evet,0.052482,0.947065,0.000453
2039,2040,brain_tumor_figshare/2040.mat,MR051796,4,1,Gliom,1,Gliom,evet,0.159732,0.840164,0.000104
2040,2041,brain_tumor_figshare/2041.mat,MR051796,4,1,Gliom,1,Gliom,evet,0.084736,0.915155,0.000109
2041,2042,brain_tumor_figshare/2042.mat,MR051796,4,1,Gliom,1,Gliom,evet,0.054006,0.94562,0.000374
2042,2043,brain_tumor_figshare/2043.mat,MR051796,4,1,Gliom,1,Gliom,evet,0.315994,0.681843,0.002163
2043,2044,brain_tumor_figshare/2044.mat,MR051796,4,1,Gliom,1,Gliom,evet,0.050967,0.533632,0.415401
2044,2045,brain_tumor_figshare/2045.mat,MR051651B,3,1,Gliom,1,Gliom,evet,0.029178,0.970695,0.000127
2045,2046,brain_tumor_figshare/2046.mat,MR051651B,3,1,Gliom,1,Gliom,evet,0.002179,0.997788,3.3e-05
2046,2047,brain_tumor_figshare/2047.mat,MR051651B,3,1,Gliom,1,Gliom,evet,0.01576,0.98405,0.00019
2047,2048,brain_tumor_figshare/2048.mat,MR051651B,3,1,Gliom,1,Gliom,evet,0.045406,0.954567,2.7e-05
2048,2049,brain_tumor_figshare/2049.mat,MR051651B,3,1,Gliom,1,Gliom,evet,0.025015,0.974968,1.7e-05
2049,2050,brain_tumor_figshare/2050.mat,MR051651B,3,1,Gliom,1,Gliom,evet,0.002469,0.997477,5.4e-05
2050,2051,brain_tumor_figshare/2051.mat,MR051644B,3,1,Gliom,1,Gliom,evet,0.007898,0.964283,0.027819
2051,2052,brain_tumor_figshare/2052.mat,MR051644B,3,1,Gliom,1,Gliom,evet,0.141696,0.779751,0.078553
2052,2053,brain_tumor_figshare/2053.mat,MR051644B,3,1,Gliom,1,Gliom,evet,0.005776,0.98788,0.006345
2053,2054,brain_tumor_figshare/2054.mat,MR051644B,3,1,Gliom,1,Gliom,evet,0.002053,0.968306,0.029641
2054,2055,brain_tumor_figshare/2055.mat,MR051644B,3,1,Gliom,2,Hipofiz tümörü,hayır,0.068407,0.024231,0.907362
2055,2056,brain_tumor_figshare/2056.mat,MR051644B,3,1,Gliom,1,Gliom,evet,0.000216,0.999767,1.7e-05
2056,2057,brain_tumor_figshare/2057.mat,MR051644B,3,1,Gliom,1,Gliom,evet,0.000693,0.999293,1.4e-05
2057,2058,brain_tumor_figshare/2058.mat,MR051796B,5,1,Gliom,2,Hipofiz tümörü,hayır,0.002015,0.003181,0.994804
2058,2059,brain_tumor_figshare/2059.mat,MR051796B,5,1,Gliom,1,Gliom,evet,0.219404,0.516941,0.263655
2059,2060,brain_tumor_figshare/2060.mat,MR051796B,5,1,Gliom,1,Gliom,evet,0.122095,0.658937,0.218967
2060,2061,brain_tumor_figshare/2061.mat,MR052550,1,1,Gliom,2,Hipofiz tümörü,hayır,0.205111,0.148689,0.6462
2061,2062,brain_tumor_figshare/2062.mat,MR052550,1,1,Gliom,2,Hipofiz tümörü,hayır,0.063412,0.114988,0.8216
2062,2063,brain_tumor_figshare/2063.mat,MR052550,1,1,Gliom,2,Hipofiz tümörü,hayır,0.206194,0.309019,0.484787
2063,2064,brain_tumor_figshare/2064.mat,MR052550,1,1,Gliom,2,Hipofiz tümörü,hayır,0.124559,0.142516,0.732925
2064,2065,brain_tumor_figshare/2065.mat,MR051644C,4,1,Gliom,1,Gliom,evet,0.206435,0.792965,0.0006
2065,2066,brain_tumor_figshare/2066.mat,MR051644C,4,1,Gliom,1,Gliom,evet,0.041689,0.958091,0.00022
2066,2067,brain_tumor_figshare/2067.mat,MR051644C,4,1,Gliom,1,Gliom,evet,0.109445,0.890028,0.000527
2067,2068,brain_tumor_figshare/2068.mat,MR051644C,4,1,Gliom,1,Gliom,evet,0.091427,0.908265,0.000308
2068,2069,brain_tumor_figshare/2069.mat,MR051644C,4,1,Gliom,1,Gliom,evet,0.023402,0.976493,0.000105
2069,2070,brain_tumor_figshare/2070.mat,MR051644C,4,1,Gliom,1,Gliom,evet,0.210213,0.785675,0.004112
2070,2071,brain_tumor_figshare/2071.mat,MR051644C,4,1,Gliom,1,Gliom,evet,0.046452,0.953276,0.000271
2071,2072,brain_tumor_figshare/2072.mat,MR051644C,4,1,Gliom,1,Gliom,evet,0.068503,0.930819,0.000677
2072,2073,brain_tumor_figshare/2073.mat,MR051644C,4,1,Gliom,0,Meningiom,hayır,0.982361,0.017284,0.000355
2073,2074,brain_tumor_figshare/2074.mat,MR051644C,4,1,Gliom,1,Gliom,evet,0.082554,0.916833,0.000613
2074,2075,brain_tumor_figshare/2075.mat,MR051644C,4,1,Gliom,1,Gliom,evet,0.008657,0.990582,0.000762
2075,2076,brain_tumor_figshare/2076.mat,MR051644C,4,1,Gliom,1,Gliom,evet,0.022801,0.969888,0.007311
2076,2077,brain_tumor_figshare/2077.mat,MR049942B,3,1,Gliom,1,Gliom,evet,0.050376,0.949499,0.000126
2077,2078,brain_tumor_figshare/2078.mat,MR049942B,3,1,Gliom,1,Gliom,evet,0.305605,0.694041,0.000354
2078,2079,brain_tumor_figshare/2079.mat,MR049942B,3,1,Gliom,1,Gliom,evet,0.049514,0.950409,7.7e-05
2079,2080,brain_tumor_figshare/2080.mat,MR052585B,5,1,Gliom,2,Hipofiz tümörü,hayır,0.062764,0.004385,0.932852
2080,2081,brain_tumor_figshare/2081.mat,MR052585B,5,1,Gliom,2,Hipofiz tümörü,hayır,0.005962,0.007676,0.986362
2081,2082,brain_tumor_figshare/2082.mat,MR052585B,5,1,Gliom,2,Hipofiz tümörü,hayır,0.002247,0.000769,0.996984
2082,2083,brain_tumor_figshare/2083.mat,MR047953C,4,1,Gliom,1,Gliom,evet,0.039454,0.957535,0.00301
2083,2084,brain_tumor_figshare/2084.mat,MR047953C,4,1,Gliom,1,Gliom,evet,0.016914,0.98297,0.000116
2084,2085,brain_tumor_figshare/2085.mat,MR047953C,4,1,Gliom,1,Gliom,evet,0.226719,0.773187,9.4e-05
2085,2086,brain_tumor_figshare/2086.mat,MR047953C,4,1,Gliom,0,Meningiom,hayır,0.862936,0.136554,0.00051
2086,2087,brain_tumor_figshare/2087.mat,MR053110B,1,1,Gliom,1,Gliom,evet,0.083676,0.916173,0.00015
2087,2088,brain_tumor_figshare/2088.mat,MR053110B,1,1,Gliom,1,Gliom,evet,0.074601,0.925254,0.000144
2088,2089,brain_tumor_figshare/2089.mat,MR053110B,1,1,Gliom,1,Gliom,evet,0.002797,0.997183,2e-05
2089,2090,brain_tumor_figshare/2090.mat,MR053110B,1,1,Gliom,1,Gliom,evet,0.002505,0.997485,1e-05
2090,2091,brain_tumor_figshare/2091.mat,MR053110B,1,1,Gliom,1,Gliom,evet,0.000624,0.999373,3e-06
2091,2092,brain_tumor_figshare/2092.mat,MR053110B,1,1,Gliom,1,Gliom,evet,0.012312,0.987582,0.000106
2092,2093,brain_tumor_figshare/2093.mat,MR034694,2,1,Gliom,1,Gliom,evet,0.025189,0.974598,0.000214
2093,2094,brain_tumor_figshare/2094.mat,MR034694,2,1,Gliom,1,Gliom,evet,0.019745,0.931522,0.048733
2094,2095,brain_tumor_figshare/2095.mat,MR034694,2,1,Gliom,0,Meningiom,hayır,0.789136,0.209868,0.000996
2095,2096,brain_tumor_figshare/2096.mat,MR034694,2,1,Gliom,2,Hipofiz tümörü,hayır,0.204567,0.36198,0.433453
2096,2097,brain_tumor_figshare/2097.mat,MR054683,4,1,Gliom,2,Hipofiz tümörü,hayır,0.001516,0.009062,0.989421
2097,2098,brain_tumor_figshare/2098.mat,MR054683,4,1,Gliom,1,Gliom,evet,0.006551,0.993412,3.8e-05
2098,2099,brain_tumor_figshare/2099.mat,MR054683,4,1,Gliom,1,Gliom,evet,0.096198,0.89957,0.004233
2099,2100,brain_tumor_figshare/2100.mat,MR054875,1,1,Gliom,0,Meningiom,hayır,0.781343,0.217966,0.00069
2100,2101,brain_tumor_figshare/2101.mat,MR054875,1,1,Gliom,1,Gliom,evet,0.053184,0.946604,0.000212
2101,2102,brain_tumor_figshare/2102.mat,MR054875,1,1,Gliom,0,Meningiom,hayır,0.503906,0.494013,0.002081
2102,2103,brain_tumor_figshare/2103.mat,MR054875,1,1,Gliom,0,Meningiom,hayır,0.727688,0.271428,0.000885
2103,2104,brain_tumor_figshare/2104.mat,MR050687C,5,1,Gliom,1,Gliom,evet,0.0114,0.988508,9.2e-05
2104,2105,brain_tumor_figshare/2105.mat,MR050687C,5,1,Gliom,1,Gliom,evet,0.007614,0.992206,0.000179
2105,2106,brain_tumor_figshare/2106.mat,MR050687C,5,1,Gliom,1,Gliom,evet,0.011428,0.987932,0.000639
2106,2107,brain_tumor_figshare/2107.mat,MR050687C,5,1,Gliom,1,Gliom,evet,0.0115,0.987548,0.000952
2107,2108,brain_tumor_figshare/2108.mat,MR050687C,5,1,Gliom,1,Gliom,evet,0.002833,0.996483,0.000684
2108,2109,brain_tumor_figshare/2109.mat,MR056144,5,1,Gliom,1,Gliom,evet,0.15377,0.655734,0.190496
2109,2110,brain_tumor_figshare/2110.mat,MR056144,5,1,Gliom,0,Meningiom,hayır,0.553822,0.433981,0.012197
2110,2111,brain_tumor_figshare/2111.mat,MR056144,5,1,Gliom,0,Meningiom,hayır,0.691524,0.246702,0.061775
2111,2112,brain_tumor_figshare/2112.mat,MR034997,3,1,Gliom,2,Hipofiz tümörü,hayır,0.0958,0.329276,0.574924
2112,2113,brain_tumor_figshare/2113.mat,MR034997,3,1,Gliom,0,Meningiom,hayır,0.604742,0.321728,0.07353
2113,2114,brain_tumor_figshare/2114.mat,MR034997,3,1,Gliom,1,Gliom,evet,0.101418,0.897161,0.001421
2114,2115,brain_tumor_figshare/2115.mat,MR034997,3,1,Gliom,1,Gliom,evet,0.183403,0.814513,0.002084
2115,2116,brain_tumor_figshare/2116.mat,MR034997,3,1,Gliom,1,Gliom,evet,0.213524,0.782523,0.003953
2116,2117,brain_tumor_figshare/2117.mat,MR034997,3,1,Gliom,1,Gliom,evet,0.175769,0.821435,0.002796
2117,2118,brain_tumor_figshare/2118.mat,MR034997,3,1,Gliom,1,Gliom,evet,0.434479,0.548374,0.017147
2118,2119,brain_tumor_figshare/2119.mat,MR029209E,5,1,Gliom,2,Hipofiz tümörü,hayır,0.007965,0.028286,0.96375
2119,2120,brain_tumor_figshare/2120.mat,MR029209E,5,1,Gliom,2,Hipofiz tümörü,hayır,0.007206,0.008555,0.984239
2120,2121,brain_tumor_figshare/2121.mat,MR029209E,5,1,Gliom,0,Meningiom,hayır,0.883274,0.105988,0.010738
2121,2122,brain_tumor_figshare/2122.mat,MR029209E,5,1,Gliom,1,Gliom,evet,0.065394,0.933916,0.00069
2122,2123,brain_tumor_figshare/2123.mat,MR029209E,5,1,Gliom,1,Gliom,evet,0.062877,0.936908,0.000215
2123,2124,brain_tumor_figshare/2124.mat,MR029209E,5,1,Gliom,1,Gliom,evet,0.061417,0.93799,0.000593
2124,2125,brain_tumor_figshare/2125.mat,MR029209E,5,1,Gliom,1,Gliom,evet,0.076224,0.92289,0.000886
2125,2126,brain_tumor_figshare/2126.mat,MR029209E,5,1,Gliom,1,Gliom,evet,0.082179,0.910422,0.007399
2126,2127,brain_tumor_figshare/2127.mat,MR029209E,5,1,Gliom,0,Meningiom,hayır,0.457911,0.428434,0.113655
2127,2128,brain_tumor_figshare/2128.mat,MR053110E,1,1,Gliom,1,Gliom,evet,0.190989,0.808811,0.0002
2128,2129,brain_tumor_figshare/2129.mat,MR053110E,1,1,Gliom,1,Gliom,evet,0.071076,0.928833,9e-05
2129,2130,brain_tumor_figshare/2130.mat,MR053110E,1,1,Gliom,1,Gliom,evet,0.02144,0.978438,0.000122
2130,2131,brain_tumor_figshare/2131.mat,MR053110E,1,1,Gliom,1,Gliom,evet,0.03634,0.963298,0.000362
2131,2132,brain_tumor_figshare/2132.mat,MR053110E,1,1,Gliom,1,Gliom,evet,0.017349,0.982576,7.5e-05
2132,2133,brain_tumor_figshare/2133.mat,MR053110E,1,1,Gliom,1,Gliom,evet,0.031976,0.967348,0.000676
2133,2134,brain_tumor_figshare/2134.mat,MR049019G,3,1,Gliom,1,Gliom,evet,0.107947,0.891563,0.000491
2134,2135,brain_tumor_figshare/2135.mat,MR049019G,3,1,Gliom,1,Gliom,evet,0.039896,0.959932,0.000172
2135,2136,brain_tumor_figshare/2136.mat,MR049019G,3,1,Gliom,1,Gliom,evet,0.05378,0.941886,0.004334
2136,2137,brain_tumor_figshare/2137.mat,MR049019G,3,1,Gliom,1,Gliom,evet,0.016404,0.98238,0.001216
2137,2138,brain_tumor_figshare/2138.mat,MR049019G,3,1,Gliom,1,Gliom,evet,0.071056,0.927525,0.001419
2138,2139,brain_tumor_figshare/2139.mat,MR049019G,3,1,Gliom,1,Gliom,evet,0.019124,0.979757,0.001119
2139,2140,brain_tumor_figshare/2140.mat,MR049019G,3,1,Gliom,1,Gliom,evet,0.245757,0.745592,0.008651
2140,2141,brain_tumor_figshare/2141.mat,MR031409B,2,1,Gliom,2,Hipofiz tümörü,hayır,0.011486,0.021782,0.966732
2141,2142,brain_tumor_figshare/2142.mat,MR031409B,2,1,Gliom,2,Hipofiz tümörü,hayır,0.005725,0.050678,0.943596
2142,2143,brain_tumor_figshare/2143.mat,MR031409B,2,1,Gliom,1,Gliom,evet,0.132874,0.850328,0.016798
2143,2144,brain_tumor_figshare/2144.mat,MR024780D,1,1,Gliom,0,Meningiom,hayır,0.763394,0.236286,0.00032
2144,2145,brain_tumor_figshare/2145.mat,MR024780D,1,1,Gliom,0,Meningiom,hayır,0.901219,0.098505,0.000276
2145,2146,brain_tumor_figshare/2146.mat,MR038469,3,1,Gliom,2,Hipofiz tümörü,hayır,0.01298,0.024033,0.962987
2146,2147,brain_tumor_figshare/2147.mat,MR038469,3,1,Gliom,2,Hipofiz tümörü,hayır,0.034978,0.248611,0.716411
2147,2148,brain_tumor_figshare/2148.mat,MR038469,3,1,Gliom,1,Gliom,evet,0.044781,0.952597,0.002622
2148,2149,brain_tumor_figshare/2149.mat,MR038469,3,1,Gliom,1,Gliom,evet,0.466686,0.532374,0.00094
2149,2150,brain_tumor_figshare/2150.mat,MR038469,3,1,Gliom,1,Gliom,evet,0.046864,0.946523,0.006613
2150,2151,brain_tumor_figshare/2151.mat,MR038469,3,1,Gliom,1,Gliom,evet,0.027178,0.972297,0.000525
2151,2152,brain_tumor_figshare/2152.mat,MR038469,3,1,Gliom,2,Hipofiz tümörü,hayır,0.019239,0.015418,0.965343
2152,2153,brain_tumor_figshare/2153.mat,MR032322C,2,1,Gliom,0,Meningiom,hayır,0.55647,0.203609,0.239921
2153,2154,brain_tumor_figshare/2154.mat,MR032322C,2,1,Gliom,0,Meningiom,hayır,0.915907,0.082732,0.001361
2154,2155,brain_tumor_figshare/2155.mat,MR032322C,2,1,Gliom,0,Meningiom,hayır,0.880284,0.119366,0.00035
2155,2156,brain_tumor_figshare/2156.mat,MR032322C,2,1,Gliom,1,Gliom,evet,0.03586,0.93745,0.026689
2156,2157,brain_tumor_figshare/2157.mat,MR032322C,2,1,Gliom,2,Hipofiz tümörü,hayır,0.015425,0.027302,0.957273
2157,2158,brain_tumor_figshare/2158.mat,MR032322C,2,1,Gliom,1,Gliom,evet,0.491231,0.507067,0.001701
2158,2159,brain_tumor_figshare/2159.mat,MR032322C,2,1,Gliom,1,Gliom,evet,0.206013,0.793227,0.00076
2159,2160,brain_tumor_figshare/2160.mat,MR032322C,2,1,Gliom,1,Gliom,evet,0.378835,0.615844,0.00532
2160,2161,brain_tumor_figshare/2161.mat,MR032322C,2,1,Gliom,0,Meningiom,hayır,0.666768,0.313778,0.019454
2161,2162,brain_tumor_figshare/2162.mat,MR032322C,2,1,Gliom,1,Gliom,evet,0.196267,0.802904,0.000828
2162,2163,brain_tumor_figshare/2163.mat,MR032322C,2,1,Gliom,1,Gliom,evet,0.076482,0.923022,0.000496
2163,2164,brain_tumor_figshare/2164.mat,MR032322C,2,1,Gliom,1,Gliom,evet,0.02153,0.97809,0.000379
2164,2165,brain_tumor_figshare/2165.mat,MR032322C,2,1,Gliom,1,Gliom,evet,0.006307,0.993495,0.000198
2165,2166,brain_tumor_figshare/2166.mat,MR037458B,2,1,Gliom,1,Gliom,evet,0.196435,0.803343,0.000222
2166,2167,brain_tumor_figshare/2167.mat,MR037458B,2,1,Gliom,1,Gliom,evet,0.152492,0.847269,0.000238
2167,2168,brain_tumor_figshare/2168.mat,MR037458B,2,1,Gliom,1,Gliom,evet,0.054834,0.94452,0.000646
2168,2169,brain_tumor_figshare/2169.mat,MR037458B,2,1,Gliom,1,Gliom,evet,0.014801,0.984754,0.000446
2169,2170,brain_tumor_figshare/2170.mat,MR037458B,2,1,Gliom,0,Meningiom,hayır,0.94829,0.051305,0.000406
2170,2171,brain_tumor_figshare/2171.mat,MR037458B,2,1,Gliom,0,Meningiom,hayır,0.71876,0.278059,0.003181
2171,2172,brain_tumor_figshare/2172.mat,MR037458B,2,1,Gliom,1,Gliom,evet,0.426454,0.57342,0.000126
2172,2173,brain_tumor_figshare/2173.mat,MR037458B,2,1,Gliom,1,Gliom,evet,0.210564,0.789187,0.000249
2173,2174,brain_tumor_figshare/2174.mat,MR039473,4,1,Gliom,2,Hipofiz tümörü,hayır,0.016095,0.468936,0.514969
2174,2175,brain_tumor_figshare/2175.mat,MR039473,4,1,Gliom,2,Hipofiz tümörü,hayır,0.389185,0.142218,0.468597
2175,2176,brain_tumor_figshare/2176.mat,MR039473,4,1,Gliom,2,Hipofiz tümörü,hayır,0.369064,0.029306,0.60163
2176,2177,brain_tumor_figshare/2177.mat,MR039473,4,1,Gliom,2,Hipofiz tümörü,hayır,0.427225,0.06875,0.504025
2177,2178,brain_tumor_figshare/2178.mat,MR039473,4,1,Gliom,1,Gliom,evet,0.240627,0.637644,0.121729
2178,2179,brain_tumor_figshare/2179.mat,MR039473B,2,1,Gliom,0,Meningiom,hayır,0.576323,0.325127,0.09855
2179,2180,brain_tumor_figshare/2180.mat,MR039473B,2,1,Gliom,0,Meningiom,hayır,0.6916,0.229809,0.078592
2180,2181,brain_tumor_figshare/2181.mat,MR039473B,2,1,Gliom,0,Meningiom,hayır,0.893866,0.087769,0.018365
2181,2182,brain_tumor_figshare/2182.mat,MR039473B,2,1,Gliom,0,Meningiom,hayır,0.94996,0.018131,0.031909
2182,2183,brain_tumor_figshare/2183.mat,MR039473B,2,1,Gliom,0,Meningiom,hayır,0.496159,0.483541,0.020301
2183,2184,brain_tumor_figshare/2184.mat,MR039473B,2,1,Gliom,0,Meningiom,hayır,0.541105,0.407348,0.051547
2184,2185,brain_tumor_figshare/2185.mat,MR039473B,2,1,Gliom,1,Gliom,evet,0.437369,0.56071,0.001921
2185,2186,brain_tumor_figshare/2186.mat,MR037458C,4,1,Gliom,1,Gliom,evet,0.242818,0.756335,0.000847
2186,2187,brain_tumor_figshare/2187.mat,MR037458C,4,1,Gliom,1,Gliom,evet,0.055406,0.944406,0.000188
2187,2188,brain_tumor_figshare/2188.mat,MR037458C,4,1,Gliom,1,Gliom,evet,0.303176,0.696451,0.000373
2188,2189,brain_tumor_figshare/2189.mat,MR037458C,4,1,Gliom,1,Gliom,evet,0.396619,0.602496,0.000885
2189,2190,brain_tumor_figshare/2190.mat,MR037458C,4,1,Gliom,1,Gliom,evet,0.045713,0.954149,0.000138
2190,2191,brain_tumor_figshare/2191.mat,MR037458C,4,1,Gliom,1,Gliom,evet,0.266839,0.732156,0.001005
2191,2192,brain_tumor_figshare/2192.mat,MR037458C,4,1,Gliom,1,Gliom,evet,0.137758,0.861896,0.000346
2192,2193,brain_tumor_figshare/2193.mat,MR037458C,4,1,Gliom,0,Meningiom,hayır,0.974549,0.024993,0.000458
2193,2194,brain_tumor_figshare/2194.mat,MR037458C,4,1,Gliom,0,Meningiom,hayır,0.530701,0.468415,0.000884
2194,2195,brain_tumor_figshare/2195.mat,MR037458C,4,1,Gliom,0,Meningiom,hayır,0.54328,0.456343,0.000377
2195,2196,brain_tumor_figshare/2196.mat,MR040240,5,1,Gliom,1,Gliom,evet,0.102598,0.879209,0.018193
2196,2197,brain_tumor_figshare/2197.mat,MR040240,5,1,Gliom,1,Gliom,evet,0.083588,0.715016,0.201396
2197,2198,brain_tumor_figshare/2198.mat,MR040240,5,1,Gliom,1,Gliom,evet,0.007785,0.992036,0.000179
2198,2199,brain_tumor_figshare/2199.mat,MR040240,5,1,Gliom,1,Gliom,evet,0.053415,0.946115,0.00047
2199,2200,brain_tumor_figshare/2200.mat,MR040240,5,1,Gliom,1,Gliom,evet,0.012361,0.98686,0.00078
2200,2201,brain_tumor_figshare/2201.mat,MR040240,5,1,Gliom,1,Gliom,evet,0.107534,0.891829,0.000637
2201,2202,brain_tumor_figshare/2202.mat,MR040240,5,1,Gliom,1,Gliom,evet,0.035592,0.9643,0.000108
2202,2203,brain_tumor_figshare/2203.mat,MR040240,5,1,Gliom,1,Gliom,evet,0.019096,0.929129,0.051775
2203,2204,brain_tumor_figshare/2204.mat,MR040240,5,1,Gliom,1,Gliom,evet,0.197702,0.801287,0.001011
2204,2205,brain_tumor_figshare/2205.mat,MR040240,5,1,Gliom,1,Gliom,evet,0.03355,0.965781,0.000669
2205,2206,brain_tumor_figshare/2206.mat,MR040240B,3,1,Gliom,1,Gliom,evet,0.05034,0.946651,0.003009
2206,2207,brain_tumor_figshare/2207.mat,MR040240B,3,1,Gliom,1,Gliom,evet,0.004673,0.995214,0.000113
2207,2208,brain_tumor_figshare/2208.mat,MR040240B,3,1,Gliom,1,Gliom,evet,0.051948,0.947598,0.000454
2208,2209,brain_tumor_figshare/2209.mat,MR040240B,3,1,Gliom,1,Gliom,evet,0.221431,0.777371,0.001197
2209,2210,brain_tumor_figshare/2210.mat,MR040240B,3,1,Gliom,1,Gliom,evet,0.023977,0.975866,0.000156
2210,2211,brain_tumor_figshare/2211.mat,MR040240B,3,1,Gliom,1,Gliom,evet,0.012683,0.98708,0.000237
2211,2212,brain_tumor_figshare/2212.mat,MR040240B,3,1,Gliom,1,Gliom,evet,0.011829,0.982156,0.006014
2212,2213,brain_tumor_figshare/2213.mat,MR040240B,3,1,Gliom,1,Gliom,evet,0.024068,0.943783,0.032148
2213,2214,brain_tumor_figshare/2214.mat,MR040240B,3,1,Gliom,1,Gliom,evet,0.123373,0.875601,0.001026
2214,2215,brain_tumor_figshare/2215.mat,MR040240B,3,1,Gliom,1,Gliom,evet,0.018656,0.981027,0.000317
2215,2216,brain_tumor_figshare/2216.mat,MR029209G,5,1,Gliom,2,Hipofiz tümörü,hayır,0.110005,0.011459,0.878537
2216,2217,brain_tumor_figshare/2217.mat,MR029209G,5,1,Gliom,0,Meningiom,hayır,0.75384,0.038345,0.207815
2217,2218,brain_tumor_figshare/2218.mat,MR029209G,5,1,Gliom,2,Hipofiz tümörü,hayır,0.268939,0.008419,0.722642
2218,2219,brain_tumor_figshare/2219.mat,MR029209G,5,1,Gliom,1,Gliom,evet,0.156655,0.841739,0.001605
2219,2220,brain_tumor_figshare/2220.mat,MR029209G,5,1,Gliom,0,Meningiom,hayır,0.602596,0.395267,0.002137
2220,2221,brain_tumor_figshare/2221.mat,MR029209G,5,1,Gliom,1,Gliom,evet,0.007113,0.990045,0.002842
2221,2222,brain_tumor_figshare/2222.mat,MR029209G,5,1,Gliom,1,Gliom,evet,0.38747,0.592915,0.019616
2222,2223,brain_tumor_figshare/2223.mat,MR029209G,5,1,Gliom,2,Hipofiz tümörü,hayır,0.196655,0.22065,0.582695
2223,2224,brain_tumor_figshare/2224.mat,MR036496B,3,1,Gliom,0,Meningiom,hayır,0.933983,0.065922,9.6e-05
2224,2225,brain_tumor_figshare/2225.mat,MR036496B,3,1,Gliom,1,Gliom,evet,0.11922,0.880639,0.00014
2225,2226,brain_tumor_figshare/2226.mat,MR036496B,3,1,Gliom,1,Gliom,evet,0.096742,0.903043,0.000215
2226,2227,brain_tumor_figshare/2227.mat,MR036496B,3,1,Gliom,1,Gliom,evet,0.053586,0.946063,0.000351
2227,2228,brain_tumor_figshare/2228.mat,MR036496B,3,1,Gliom,1,Gliom,evet,0.014631,0.98508,0.000289
2228,2229,brain_tumor_figshare/2229.mat,MR036496B,3,1,Gliom,1,Gliom,evet,0.00286,0.99708,6e-05
2229,2230,brain_tumor_figshare/2230.mat,MR033420,5,1,Gliom,2,Hipofiz tümörü,hayır,0.004926,0.361728,0.633346
2230,2231,brain_tumor_figshare/2231.mat,MR033420,5,1,Gliom,1,Gliom,evet,0.235532,0.740827,0.023641
2231,2232,brain_tumor_figshare/2232.mat,MR033420,5,1,Gliom,1,Gliom,evet,0.133141,0.856968,0.00989
2232,2233,brain_tumor_figshare/2233.mat,MR033420,5,1,Gliom,1,Gliom,evet,0.014462,0.947563,0.037976
2233,2234,brain_tumor_figshare/2234.mat,MR033420,5,1,Gliom,1,Gliom,evet,0.146595,0.623329,0.230076
2234,2235,brain_tumor_figshare/2235.mat,MR033420,5,1,Gliom,1,Gliom,evet,0.004792,0.994432,0.000775
2235,2236,brain_tumor_figshare/2236.mat,MR033420,5,1,Gliom,1,Gliom,evet,0.040442,0.900055,0.059502
2236,2237,brain_tumor_figshare/2237.mat,MR024780B,1,1,Gliom,0,Meningiom,hayır,0.93768,0.062127,0.000192
2237,2238,brain_tumor_figshare/2238.mat,MR024780B,1,1,Gliom,0,Meningiom,hayır,0.791215,0.208641,0.000144
2238,2239,brain_tumor_figshare/2239.mat,MR024780B,1,1,Gliom,0,Meningiom,hayır,0.828297,0.171427,0.000276
2239,2240,brain_tumor_figshare/2240.mat,MR024780B,1,1,Gliom,1,Gliom,evet,0.088006,0.911709,0.000284
2240,2241,brain_tumor_figshare/2241.mat,MR033389B,4,1,Gliom,1,Gliom,evet,0.037426,0.915907,0.046668
2241,2242,brain_tumor_figshare/2242.mat,MR048994,2,1,Gliom,1,Gliom,evet,0.121037,0.878875,8.8e-05
2242,2243,brain_tumor_figshare/2243.mat,MR048994,2,1,Gliom,1,Gliom,evet,0.036246,0.963651,0.000103
2243,2244,brain_tumor_figshare/2244.mat,MR049104,1,1,Gliom,1,Gliom,evet,0.062422,0.816717,0.120861
2244,2245,brain_tumor_figshare/2245.mat,MR049104,1,1,Gliom,1,Gliom,evet,0.014684,0.975116,0.010201
2245,2246,brain_tumor_figshare/2246.mat,MR049104,1,1,Gliom,1,Gliom,evet,0.012853,0.972398,0.01475
2246,2247,brain_tumor_figshare/2247.mat,MR049142,5,1,Gliom,1,Gliom,evet,0.245283,0.754576,0.000141
2247,2248,brain_tumor_figshare/2248.mat,MR049142,5,1,Gliom,1,Gliom,evet,0.410585,0.589358,5.7e-05
2248,2249,brain_tumor_figshare/2249.mat,MR049142,5,1,Gliom,0,Meningiom,hayır,0.81201,0.187963,2.7e-05
2249,2250,brain_tumor_figshare/2250.mat,MR048994B,4,1,Gliom,1,Gliom,evet,0.002631,0.99733,3.8e-05
2250,2251,brain_tumor_figshare/2251.mat,MR048994B,4,1,Gliom,1,Gliom,evet,0.001146,0.998848,6e-06
2251,2252,brain_tumor_figshare/2252.mat,MR048994B,4,1,Gliom,1,Gliom,evet,0.32537,0.674468,0.000161
2252,2253,brain_tumor_figshare/2253.mat,MR048994B,4,1,Gliom,1,Gliom,evet,0.002136,0.997851,1.3e-05
2253,2254,brain_tumor_figshare/2254.mat,MR048944B,5,1,Gliom,1,Gliom,evet,0.017019,0.981764,0.001217
2254,2255,brain_tumor_figshare/2255.mat,MR048944B,5,1,Gliom,1,Gliom,evet,0.001093,0.998802,0.000105
2255,2256,brain_tumor_figshare/2256.mat,MR048944B,5,1,Gliom,1,Gliom,evet,0.277865,0.72138,0.000755
2256,2257,brain_tumor_figshare/2257.mat,MR048944B,5,1,Gliom,1,Gliom,evet,0.056866,0.938764,0.004371
2257,2258,brain_tumor_figshare/2258.mat,MR048944B,5,1,Gliom,1,Gliom,evet,0.09057,0.897066,0.012364
2258,2259,brain_tumor_figshare/2259.mat,MR048944B,5,1,Gliom,1,Gliom,evet,0.344682,0.635442,0.019877
2259,2260,brain_tumor_figshare/2260.mat,MR048944B,5,1,Gliom,1,Gliom,evet,0.080594,0.859827,0.059579
2260,2261,brain_tumor_figshare/2261.mat,MR049358,3,1,Gliom,1,Gliom,evet,0.014698,0.985076,0.000226
2261,2262,brain_tumor_figshare/2262.mat,MR049358,3,1,Gliom,1,Gliom,evet,0.028959,0.970986,5.5e-05
2262,2263,brain_tumor_figshare/2263.mat,MR049358,3,1,Gliom,1,Gliom,evet,0.028916,0.970977,0.000107
2263,2264,brain_tumor_figshare/2264.mat,MR049358,3,1,Gliom,1,Gliom,evet,0.007694,0.992283,2.4e-05
2264,2265,brain_tumor_figshare/2265.mat,MR049358,3,1,Gliom,1,Gliom,evet,0.003947,0.996004,4.8e-05
2265,2266,brain_tumor_figshare/2266.mat,MR049358,3,1,Gliom,1,Gliom,evet,0.007835,0.992091,7.4e-05
2266,2267,brain_tumor_figshare/2267.mat,MR049358,3,1,Gliom,1,Gliom,evet,0.023256,0.976559,0.000185
2267,2268,brain_tumor_figshare/2268.mat,MR049358,3,1,Gliom,1,Gliom,evet,0.042882,0.955708,0.00141
2268,2269,brain_tumor_figshare/2269.mat,MR049358,3,1,Gliom,2,Hipofiz tümörü,hayır,0.180745,0.134899,0.684356
2269,2270,brain_tumor_figshare/2270.mat,MR049453,2,1,Gliom,0,Meningiom,hayır,0.638764,0.360608,0.000628
2270,2271,brain_tumor_figshare/2271.mat,MR049453,2,1,Gliom,0,Meningiom,hayır,0.72225,0.277608,0.000143
2271,2272,brain_tumor_figshare/2272.mat,MR049453,2,1,Gliom,1,Gliom,evet,0.266747,0.732999,0.000254
2272,2273,brain_tumor_figshare/2273.mat,MR049453,2,1,Gliom,0,Meningiom,hayır,0.755464,0.244309,0.000227
2273,2274,brain_tumor_figshare/2274.mat,MR049453,2,1,Gliom,0,Meningiom,hayır,0.521496,0.478003,0.0005
2274,2275,brain_tumor_figshare/2275.mat,MR049453,2,1,Gliom,0,Meningiom,hayır,0.540635,0.459194,0.000171
2275,2276,brain_tumor_figshare/2276.mat,MR049453,2,1,Gliom,1,Gliom,evet,0.183222,0.815913,0.000866
2276,2277,brain_tumor_figshare/2277.mat,MR049453,2,1,Gliom,1,Gliom,evet,0.426059,0.57302,0.000921
2277,2278,brain_tumor_figshare/2278.mat,MR049453,2,1,Gliom,1,Gliom,evet,0.043098,0.95673,0.000171
2278,2279,brain_tumor_figshare/2279.mat,MR024780G,1,1,Gliom,1,Gliom,evet,0.089456,0.910384,0.00016
2279,2280,brain_tumor_figshare/2280.mat,MR024780G,1,1,Gliom,1,Gliom,evet,0.172634,0.827063,0.000303
2280,2281,brain_tumor_figshare/2281.mat,MR024780G,1,1,Gliom,1,Gliom,evet,0.187129,0.812701,0.000169
2281,2282,brain_tumor_figshare/2282.mat,MR024780G,1,1,Gliom,1,Gliom,evet,0.220836,0.778857,0.000307
2282,2283,brain_tumor_figshare/2283.mat,MR024780G,1,1,Gliom,1,Gliom,evet,0.408179,0.591684,0.000137
2283,2284,brain_tumor_figshare/2284.mat,MR024780G,1,1,Gliom,0,Meningiom,hayır,0.856784,0.143056,0.000161
2284,2285,brain_tumor_figshare/2285.mat,MR024780G,1,1,Gliom,0,Meningiom,hayır,0.659592,0.340048,0.000361
2285,2286,brain_tumor_figshare/2286.mat,MR049453B,1,1,Gliom,1,Gliom,evet,0.122935,0.875838,0.001227
2286,2287,brain_tumor_figshare/2287.mat,MR049453B,1,1,Gliom,1,Gliom,evet,0.013655,0.98621,0.000135
2287,2288,brain_tumor_figshare/2288.mat,MR049453B,1,1,Gliom,1,Gliom,evet,0.002779,0.997209,1.2e-05
2288,2289,brain_tumor_figshare/2289.mat,MR049453B,1,1,Gliom,0,Meningiom,hayır,0.848881,0.151069,4.9e-05
2289,2290,brain_tumor_figshare/2290.mat,MR049453B,1,1,Gliom,0,Meningiom,hayır,0.952288,0.047365,0.000347
2290,2291,brain_tumor_figshare/2291.mat,MR049453B,1,1,Gliom,1,Gliom,evet,0.103875,0.895753,0.000372
2291,2292,brain_tumor_figshare/2292.mat,MR049453B,1,1,Gliom,1,Gliom,evet,0.008699,0.991168,0.000133
2292,2293,brain_tumor_figshare/2293.mat,MR049453B,1,1,Gliom,1,Gliom,evet,0.004993,0.994959,4.8e-05
2293,2294,brain_tumor_figshare/2294.mat,MR049453B,1,1,Gliom,1,Gliom,evet,0.178344,0.821417,0.000238
2294,2295,brain_tumor_figshare/2295.mat,MR049453B,1,1,Gliom,1,Gliom,evet,0.047516,0.952338,0.000147
2295,2296,brain_tumor_figshare/2296.mat,MR049453B,1,1,Gliom,1,Gliom,evet,0.003433,0.996541,2.6e-05
2296,2297,brain_tumor_figshare/2297.mat,MR049453B,1,1,Gliom,1,Gliom,evet,0.013095,0.986838,6.7e-05
2297,2298,brain_tumor_figshare/2298.mat,MR049453B,1,1,Gliom,1,Gliom,evet,0.004726,0.995237,3.6e-05
2298,2299,brain_tumor_figshare/2299.mat,MR049453B,1,1,Gliom,1,Gliom,evet,0.052478,0.9474,0.000123
2299,2300,brain_tumor_figshare/2300.mat,MR050135B,2,1,Gliom,1,Gliom,evet,0.377729,0.579969,0.042302
2300,2301,brain_tumor_figshare/2301.mat,MR050135B,2,1,Gliom,1,Gliom,evet,0.189373,0.810522,0.000105
2301,2302,brain_tumor_figshare/2302.mat,MR050135B,2,1,Gliom,2,Hipofiz tümörü,hayır,0.004313,0.014112,0.981575
2302,2303,brain_tumor_figshare/2303.mat,MR050135B,2,1,Gliom,1,Gliom,evet,0.30868,0.691024,0.000296
2303,2304,brain_tumor_figshare/2304.mat,MR050135B,2,1,Gliom,1,Gliom,evet,0.095541,0.904385,7.4e-05
2304,2305,brain_tumor_figshare/2305.mat,MR050135B,2,1,Gliom,1,Gliom,evet,0.004615,0.995364,2e-05
2305,2306,brain_tumor_figshare/2306.mat,MR050135B,2,1,Gliom,1,Gliom,evet,0.003864,0.996129,7e-06
2306,2307,brain_tumor_figshare/2307.mat,MR050135B,2,1,Gliom,2,Hipofiz tümörü,hayır,0.042084,0.298135,0.659781
2307,2308,brain_tumor_figshare/2308.mat,MR050135B,2,1,Gliom,2,Hipofiz tümörü,hayır,0.135588,0.21553,0.648882
2308,2309,brain_tumor_figshare/2309.mat,MR050135B,2,1,Gliom,2,Hipofiz tümörü,hayır,0.0485,0.121768,0.829732
2309,2310,brain_tumor_figshare/2310.mat,MR050135B,2,1,Gliom,2,Hipofiz tümörü,hayır,0.097418,0.048355,0.854227
2310,2311,brain_tumor_figshare/2311.mat,MR050687,1,1,Gliom,0,Meningiom,hayır,0.473793,0.375138,0.151069
2311,2312,brain_tumor_figshare/2312.mat,MR050687,1,1,Gliom,0,Meningiom,hayır,0.860026,0.075951,0.064023
2312,2313,brain_tumor_figshare/2313.mat,MR050687,1,1,Gliom,0,Meningiom,hayır,0.792553,0.137269,0.070178
2313,2314,brain_tumor_figshare/2314.mat,MR050687,1,1,Gliom,0,Meningiom,hayır,0.715309,0.215291,0.0694
2314,2315,brain_tumor_figshare/2315.mat,MR050687,1,1,Gliom,1,Gliom,evet,0.353063,0.604088,0.042849
2315,2316,brain_tumor_figshare/2316.mat,MR050687,1,1,Gliom,0,Meningiom,hayır,0.483035,0.449471,0.067494
2316,2317,brain_tumor_figshare/2317.mat,MR050791B,4,1,Gliom,1,Gliom,evet,0.208582,0.553129,0.23829
2317,2318,brain_tumor_figshare/2318.mat,MR050791B,4,1,Gliom,1,Gliom,evet,0.056801,0.942951,0.000248
2318,2319,brain_tumor_figshare/2319.mat,MR050791B,4,1,Gliom,1,Gliom,evet,0.052222,0.947589,0.000189
2319,2320,brain_tumor_figshare/2320.mat,MR050791B,4,1,Gliom,1,Gliom,evet,0.008962,0.990954,8.4e-05
2320,2321,brain_tumor_figshare/2321.mat,MR049019C,4,1,Gliom,0,Meningiom,hayır,0.968016,0.031398,0.000586
2321,2322,brain_tumor_figshare/2322.mat,MR049019C,4,1,Gliom,0,Meningiom,hayır,0.975944,0.023546,0.000509
2322,2323,brain_tumor_figshare/2323.mat,MR049019C,4,1,Gliom,0,Meningiom,hayır,0.883383,0.116074,0.000544
2323,2324,brain_tumor_figshare/2324.mat,MR049019C,4,1,Gliom,1,Gliom,evet,0.203057,0.793723,0.00322
2324,2325,brain_tumor_figshare/2325.mat,MR049019C,4,1,Gliom,0,Meningiom,hayır,0.612543,0.386938,0.000519
2325,2326,brain_tumor_figshare/2326.mat,MR026175C,4,1,Gliom,1,Gliom,evet,0.299959,0.699778,0.000263
2326,2327,brain_tumor_figshare/2327.mat,MR026175C,4,1,Gliom,1,Gliom,evet,0.458693,0.540744,0.000563
2327,2328,brain_tumor_figshare/2328.mat,MR026175C,4,1,Gliom,1,Gliom,evet,0.007663,0.992247,9.1e-05
2328,2329,brain_tumor_figshare/2329.mat,MR026175C,4,1,Gliom,1,Gliom,evet,0.003019,0.996827,0.000153
2329,2330,brain_tumor_figshare/2330.mat,MR026175C,4,1,Gliom,1,Gliom,evet,0.072981,0.926899,0.00012
2330,2331,brain_tumor_figshare/2331.mat,MR026175C,4,1,Gliom,1,Gliom,evet,0.077514,0.922319,0.000167
2331,2332,brain_tumor_figshare/2332.mat,MR026175C,4,1,Gliom,1,Gliom,evet,0.322492,0.677291,0.000217
2332,2333,brain_tumor_figshare/2333.mat,MR051461,2,1,Gliom,1,Gliom,evet,0.430483,0.569234,0.000283
2333,2334,brain_tumor_figshare/2334.mat,MR051461,2,1,Gliom,1,Gliom,evet,0.067037,0.932915,4.8e-05
2334,2335,brain_tumor_figshare/2335.mat,MR051461,2,1,Gliom,1,Gliom,evet,0.02662,0.973346,3.4e-05
2335,2336,brain_tumor_figshare/2336.mat,MR051461,2,1,Gliom,1,Gliom,evet,0.010836,0.989149,1.4e-05
2336,2337,brain_tumor_figshare/2337.mat,MR051461,2,1,Gliom,1,Gliom,evet,0.001605,0.998383,1.2e-05
2337,2338,brain_tumor_figshare/2338.mat,MR051461,2,1,Gliom,1,Gliom,evet,0.002357,0.997632,1.1e-05
2338,2339,brain_tumor_figshare/2339.mat,MR051461,2,1,Gliom,1,Gliom,evet,0.002496,0.997484,1.9e-05
2339,2340,brain_tumor_figshare/2340.mat,MR051461,2,1,Gliom,1,Gliom,evet,0.001541,0.998445,1.4e-05
2340,2341,brain_tumor_figshare/2341.mat,MR051461,2,1,Gliom,1,Gliom,evet,0.026457,0.973448,9.5e-05
2341,2342,brain_tumor_figshare/2342.mat,MR051586,5,1,Gliom,1,Gliom,evet,0.052007,0.947934,5.9e-05
2342,2343,brain_tumor_figshare/2343.mat,MR051586,5,1,Gliom,1,Gliom,evet,0.140273,0.859512,0.000215
2343,2344,brain_tumor_figshare/2344.mat,MR033389B,4,1,Gliom,1,Gliom,evet,0.140102,0.856581,0.003317
2344,2345,brain_tumor_figshare/2345.mat,MR033389B,4,1,Gliom,1,Gliom,evet,0.152103,0.845115,0.002782
2345,2346,brain_tumor_figshare/2346.mat,MR033389B,4,1,Gliom,1,Gliom,evet,0.059434,0.867003,0.073562
2346,2347,brain_tumor_figshare/2347.mat,MR033389B,4,1,Gliom,1,Gliom,evet,0.149619,0.838163,0.012218
2347,2348,brain_tumor_figshare/2348.mat,MR033389B,4,1,Gliom,1,Gliom,evet,0.325303,0.579054,0.095643
2348,2349,brain_tumor_figshare/2349.mat,MR024780E,4,1,Gliom,1,Gliom,evet,0.08868,0.911277,4.3e-05
2349,2350,brain_tumor_figshare/2350.mat,MR026175E,2,1,Gliom,0,Meningiom,hayır,0.503311,0.494072,0.002617
2350,2351,brain_tumor_figshare/2351.mat,MR026175E,2,1,Gliom,1,Gliom,evet,0.065745,0.934016,0.00024
2351,2352,brain_tumor_figshare/2352.mat,MR026175E,2,1,Gliom,1,Gliom,evet,0.020728,0.979227,4.5e-05
2352,2353,brain_tumor_figshare/2353.mat,MR026175E,2,1,Gliom,1,Gliom,evet,0.010985,0.988941,7.4e-05
2353,2354,brain_tumor_figshare/2354.mat,MR026175E,2,1,Gliom,1,Gliom,evet,0.028558,0.971431,1.1e-05
2354,2355,brain_tumor_figshare/2355.mat,MR026175E,2,1,Gliom,1,Gliom,evet,0.031299,0.968685,1.6e-05
2355,2356,brain_tumor_figshare/2356.mat,MR026175E,2,1,Gliom,1,Gliom,evet,0.074929,0.925036,3.5e-05
2356,2357,brain_tumor_figshare/2357.mat,MR026175E,2,1,Gliom,1,Gliom,evet,0.014279,0.985696,2.5e-05
2357,2358,brain_tumor_figshare/2358.mat,MR026175E,2,1,Gliom,1,Gliom,evet,0.010708,0.989277,1.5e-05
2358,2359,brain_tumor_figshare/2359.mat,MR026175E,2,1,Gliom,1,Gliom,evet,0.001093,0.998899,8e-06
2359,2360,brain_tumor_figshare/2360.mat,MR026175E,2,1,Gliom,1,Gliom,evet,0.003086,0.996904,1e-05
2360,2361,brain_tumor_figshare/2361.mat,MR026175E,2,1,Gliom,1,Gliom,evet,0.000962,0.999032,6e-06
2361,2362,brain_tumor_figshare/2362.mat,MR040240C,2,1,Gliom,1,Gliom,evet,0.136612,0.863186,0.000203
2362,2363,brain_tumor_figshare/2363.mat,MR040240C,2,1,Gliom,0,Meningiom,hayır,0.856648,0.140226,0.003126
2363,2364,brain_tumor_figshare/2364.mat,MR040240C,2,1,Gliom,0,Meningiom,hayır,0.529682,0.467277,0.003041
2364,2365,brain_tumor_figshare/2365.mat,MR040240C,2,1,Gliom,1,Gliom,evet,0.134326,0.865414,0.000261
2365,2366,brain_tumor_figshare/2366.mat,MR040240C,2,1,Gliom,1,Gliom,evet,0.112411,0.887356,0.000233
2366,2367,brain_tumor_figshare/2367.mat,MR040240C,2,1,Gliom,1,Gliom,evet,0.002968,0.996993,3.9e-05
2367,2368,brain_tumor_figshare/2368.mat,MR040240C,2,1,Gliom,1,Gliom,evet,0.017325,0.982546,0.000129
2368,2369,brain_tumor_figshare/2369.mat,MR040240C,2,1,Gliom,1,Gliom,evet,0.033607,0.945735,0.020658
2369,2370,brain_tumor_figshare/2370.mat,MR040240C,2,1,Gliom,1,Gliom,evet,0.003565,0.995787,0.000647
2370,2371,brain_tumor_figshare/2371.mat,MR040240C,2,1,Gliom,1,Gliom,evet,0.006476,0.992837,0.000686
2371,2372,brain_tumor_figshare/2372.mat,MR040240C,2,1,Gliom,1,Gliom,evet,0.033223,0.808876,0.157902
2372,2373,brain_tumor_figshare/2373.mat,MR040240D,4,1,Gliom,1,Gliom,evet,0.003874,0.995997,0.000129
2373,2374,brain_tumor_figshare/2374.mat,MR040240D,4,1,Gliom,1,Gliom,evet,0.006251,0.993655,9.4e-05
2374,2375,brain_tumor_figshare/2375.mat,MR040240D,4,1,Gliom,1,Gliom,evet,0.238405,0.724243,0.037352
2375,2376,brain_tumor_figshare/2376.mat,MR040240D,4,1,Gliom,1,Gliom,evet,0.038872,0.960742,0.000386
2376,2377,brain_tumor_figshare/2377.mat,MR040240D,4,1,Gliom,1,Gliom,evet,0.012986,0.986979,3.5e-05
2377,2378,brain_tumor_figshare/2378.mat,MR040240D,4,1,Gliom,1,Gliom,evet,0.002446,0.997519,3.5e-05
2378,2379,brain_tumor_figshare/2379.mat,MR040240D,4,1,Gliom,1,Gliom,evet,0.000887,0.999072,4e-05
2379,2380,brain_tumor_figshare/2380.mat,MR040240D,4,1,Gliom,1,Gliom,evet,0.001326,0.998599,7.6e-05
2380,2381,brain_tumor_figshare/2381.mat,MR040240D,4,1,Gliom,1,Gliom,evet,0.000937,0.99874,0.000323
2381,2382,brain_tumor_figshare/2382.mat,MR040240D,4,1,Gliom,1,Gliom,evet,0.002951,0.997012,3.7e-05
2382,2383,brain_tumor_figshare/2383.mat,MR040240D,4,1,Gliom,1,Gliom,evet,0.219757,0.767847,0.012396
2383,2384,brain_tumor_figshare/2384.mat,MR017260F,2,1,Gliom,0,Meningiom,hayır,0.944139,0.054838,0.001023
2384,2385,brain_tumor_figshare/2385.mat,MR017260F,2,1,Gliom,1,Gliom,evet,0.442529,0.557328,0.000143
2385,2386,brain_tumor_figshare/2386.mat,MR017260F,2,1,Gliom,1,Gliom,evet,0.039858,0.960089,5.3e-05
2386,2387,brain_tumor_figshare/2387.mat,MR017260F,2,1,Gliom,1,Gliom,evet,0.08737,0.912497,0.000133
2387,2388,brain_tumor_figshare/2388.mat,MR017260F,2,1,Gliom,1,Gliom,evet,0.081089,0.918729,0.000181
2388,2389,brain_tumor_figshare/2389.mat,MR017260F,2,1,Gliom,1,Gliom,evet,0.313817,0.68594,0.000243
2389,2390,brain_tumor_figshare/2390.mat,MR017260F,2,1,Gliom,0,Meningiom,hayır,0.62045,0.379479,7.1e-05
2390,2391,brain_tumor_figshare/2391.mat,MR017260F,2,1,Gliom,0,Meningiom,hayır,0.629172,0.370748,7.9e-05
2391,2392,brain_tumor_figshare/2392.mat,MR017260F,2,1,Gliom,1,Gliom,evet,0.199095,0.800712,0.000192
2392,2393,brain_tumor_figshare/2393.mat,MR017260F,2,1,Gliom,1,Gliom,evet,0.420732,0.578848,0.00042
2393,2394,brain_tumor_figshare/2394.mat,MR029209I,4,1,Gliom,1,Gliom,evet,0.290976,0.66648,0.042543
2394,2395,brain_tumor_figshare/2395.mat,MR029209I,4,1,Gliom,1,Gliom,evet,0.039343,0.93064,0.030017
2395,2396,brain_tumor_figshare/2396.mat,MR029209I,4,1,Gliom,1,Gliom,evet,0.022959,0.967729,0.009312
2396,2397,brain_tumor_figshare/2397.mat,MR029209I,4,1,Gliom,1,Gliom,evet,0.10453,0.876963,0.018507
2397,2398,brain_tumor_figshare/2398.mat,MR029209I,4,1,Gliom,1,Gliom,evet,0.022556,0.970028,0.007416
2398,2399,brain_tumor_figshare/2399.mat,MR029209I,4,1,Gliom,1,Gliom,evet,0.200502,0.794164,0.005334
2399,2400,brain_tumor_figshare/2400.mat,MR029209I,4,1,Gliom,1,Gliom,evet,0.037672,0.949643,0.012685
2400,2401,brain_tumor_figshare/2401.mat,MR029209I,4,1,Gliom,1,Gliom,evet,0.098549,0.836885,0.064566
2401,2402,brain_tumor_figshare/2402.mat,MR029209I,4,1,Gliom,2,Hipofiz tümörü,hayır,0.017739,0.05734,0.924921
2402,2403,brain_tumor_figshare/2403.mat,MR048294,1,1,Gliom,0,Meningiom,hayır,0.635261,0.363722,0.001017
2403,2404,brain_tumor_figshare/2404.mat,MR048294,1,1,Gliom,0,Meningiom,hayır,0.838287,0.161559,0.000154
2404,2405,brain_tumor_figshare/2405.mat,MR048294,1,1,Gliom,0,Meningiom,hayır,0.599348,0.400036,0.000617
2405,2406,brain_tumor_figshare/2406.mat,MR048294,1,1,Gliom,1,Gliom,evet,0.360235,0.639414,0.000351
2406,2407,brain_tumor_figshare/2407.mat,MR048294,1,1,Gliom,0,Meningiom,hayır,0.654752,0.344726,0.000522
2407,2408,brain_tumor_figshare/2408.mat,MR048294,1,1,Gliom,1,Gliom,evet,0.270434,0.729409,0.000158
2408,2409,brain_tumor_figshare/2409.mat,MR048294,1,1,Gliom,1,Gliom,evet,0.417046,0.581781,0.001173
2409,2410,brain_tumor_figshare/2410.mat,MR048297,1,1,Gliom,1,Gliom,evet,0.257591,0.741683,0.000726
2410,2411,brain_tumor_figshare/2411.mat,MR048297,1,1,Gliom,1,Gliom,evet,0.224764,0.774793,0.000444
2411,2412,brain_tumor_figshare/2412.mat,MR048297,1,1,Gliom,1,Gliom,evet,0.110632,0.888369,0.000999
2412,2413,brain_tumor_figshare/2413.mat,MR048297,1,1,Gliom,1,Gliom,evet,0.212805,0.78578,0.001415
2413,2414,brain_tumor_figshare/2414.mat,MR048297,1,1,Gliom,1,Gliom,evet,0.145913,0.850775,0.003312
2414,2415,brain_tumor_figshare/2415.mat,MR048294B,5,1,Gliom,1,Gliom,evet,0.029999,0.969944,5.7e-05
2415,2416,brain_tumor_figshare/2416.mat,MR048294B,5,1,Gliom,1,Gliom,evet,0.105559,0.894014,0.000426
2416,2417,brain_tumor_figshare/2417.mat,MR048294B,5,1,Gliom,1,Gliom,evet,0.033755,0.965822,0.000423
2417,2418,brain_tumor_figshare/2418.mat,MR048294B,5,1,Gliom,1,Gliom,evet,0.033136,0.965951,0.000913
2418,2419,brain_tumor_figshare/2419.mat,MR048294B,5,1,Gliom,1,Gliom,evet,0.25469,0.744149,0.00116
2419,2420,brain_tumor_figshare/2420.mat,MR048621B,5,1,Gliom,1,Gliom,evet,0.036841,0.96253,0.000629
2420,2421,brain_tumor_figshare/2421.mat,MR048621B,5,1,Gliom,1,Gliom,evet,0.007978,0.992005,1.7e-05
2421,2422,brain_tumor_figshare/2422.mat,MR048621B,5,1,Gliom,1,Gliom,evet,0.010007,0.989964,3e-05
2422,2423,brain_tumor_figshare/2423.mat,MR048621B,5,1,Gliom,1,Gliom,evet,0.009869,0.990102,2.9e-05
2423,2424,brain_tumor_figshare/2424.mat,MR048621B,5,1,Gliom,1,Gliom,evet,0.047085,0.952886,3e-05
2424,2425,brain_tumor_figshare/2425.mat,MR048621B,5,1,Gliom,1,Gliom,evet,0.030741,0.969224,3.5e-05
2425,2426,brain_tumor_figshare/2426.mat,MR048944,5,1,Gliom,1,Gliom,evet,0.075728,0.88862,0.035652
2426,2427,brain_tumor_figshare/2427.mat,MR048944,5,1,Gliom,1,Gliom,evet,0.0468,0.53752,0.41568
2427,2428,brain_tumor_figshare/2428.mat,MR048944,5,1,Gliom,2,Hipofiz tümörü,hayır,0.096205,0.365904,0.537891
2428,2429,brain_tumor_figshare/2429.mat,MR048944,5,1,Gliom,0,Meningiom,hayır,0.732353,0.266442,0.001205
2429,2430,brain_tumor_figshare/2430.mat,MR048944,5,1,Gliom,0,Meningiom,hayır,0.859039,0.126105,0.014855
2430,2431,brain_tumor_figshare/2431.mat,MR048944,5,1,Gliom,0,Meningiom,hayır,0.930939,0.066936,0.002124
2431,2432,brain_tumor_figshare/2432.mat,MR048944,5,1,Gliom,0,Meningiom,hayır,0.814104,0.169164,0.016732
2432,2433,brain_tumor_figshare/2433.mat,MR048944,5,1,Gliom,0,Meningiom,hayır,0.734475,0.071067,0.194457
2433,2434,brain_tumor_figshare/2434.mat,MR048944,5,1,Gliom,0,Meningiom,hayır,0.527858,0.095733,0.376409
2434,2435,brain_tumor_figshare/2435.mat,MR048994,2,1,Gliom,1,Gliom,evet,0.469779,0.530026,0.000194
2435,2436,brain_tumor_figshare/2436.mat,MR048994,2,1,Gliom,1,Gliom,evet,0.206178,0.793686,0.000135
2436,2437,brain_tumor_figshare/2437.mat,MR048994,2,1,Gliom,0,Meningiom,hayır,0.691151,0.308754,9.5e-05
2437,2438,brain_tumor_figshare/2438.mat,MR048994,2,1,Gliom,1,Gliom,evet,0.332922,0.666877,0.0002
2438,2439,brain_tumor_figshare/2439.mat,MR048994,2,1,Gliom,1,Gliom,evet,0.23406,0.765823,0.000117
2439,2440,brain_tumor_figshare/2440.mat,MR048994,2,1,Gliom,1,Gliom,evet,0.162554,0.837355,9e-05
2440,2441,brain_tumor_figshare/2441.mat,MR048994,2,1,Gliom,1,Gliom,evet,0.169749,0.830169,8.2e-05
2441,2442,brain_tumor_figshare/2442.mat,MR037458C,4,1,Gliom,1,Gliom,evet,0.179539,0.8199,0.000561
2442,2443,brain_tumor_figshare/2443.mat,MR040240,5,1,Gliom,1,Gliom,evet,0.19198,0.800477,0.007543
2443,2444,brain_tumor_figshare/2444.mat,MR040240,5,1,Gliom,1,Gliom,evet,0.005782,0.993814,0.000404
2444,2445,brain_tumor_figshare/2445.mat,MR040240,5,1,Gliom,1,Gliom,evet,0.005622,0.994184,0.000193
2445,2446,brain_tumor_figshare/2446.mat,MR040240,5,1,Gliom,1,Gliom,evet,0.007627,0.992067,0.000306
2446,2447,brain_tumor_figshare/2447.mat,MR040240,5,1,Gliom,1,Gliom,evet,0.155184,0.844498,0.000317
2447,2448,brain_tumor_figshare/2448.mat,MR040240,5,1,Gliom,1,Gliom,evet,0.026534,0.973312,0.000154
2448,2449,brain_tumor_figshare/2449.mat,MR040240,5,1,Gliom,1,Gliom,evet,0.074246,0.925044,0.00071
2449,2450,brain_tumor_figshare/2450.mat,MR040240,5,1,Gliom,1,Gliom,evet,0.028839,0.971074,8.7e-05
2450,2451,brain_tumor_figshare/2451.mat,MR040240,5,1,Gliom,2,Hipofiz tümörü,hayır,0.006062,0.171622,0.822316
2451,2452,brain_tumor_figshare/2452.mat,MR040240,5,1,Gliom,1,Gliom,evet,0.12453,0.561697,0.313773
2452,2453,brain_tumor_figshare/2453.mat,MR040240B,3,1,Gliom,1,Gliom,evet,0.062822,0.865126,0.072053
2453,2454,brain_tumor_figshare/2454.mat,MR040240B,3,1,Gliom,1,Gliom,evet,0.001443,0.998437,0.00012
2454,2455,brain_tumor_figshare/2455.mat,MR040240B,3,1,Gliom,1,Gliom,evet,0.001777,0.99695,0.001273
2455,2456,brain_tumor_figshare/2456.mat,MR040240B,3,1,Gliom,1,Gliom,evet,0.0011,0.998428,0.000472
2456,2457,brain_tumor_figshare/2457.mat,MR040240B,3,1,Gliom,1,Gliom,evet,0.004398,0.995487,0.000116
2457,2458,brain_tumor_figshare/2458.mat,MR040240B,3,1,Gliom,1,Gliom,evet,0.002224,0.997684,9.1e-05
2458,2459,brain_tumor_figshare/2459.mat,MR040240B,3,1,Gliom,1,Gliom,evet,0.012532,0.987377,9.1e-05
2459,2460,brain_tumor_figshare/2460.mat,MR040240B,3,1,Gliom,1,Gliom,evet,0.016622,0.981386,0.001992
2460,2461,brain_tumor_figshare/2461.mat,MR040240B,3,1,Gliom,1,Gliom,evet,0.053959,0.573893,0.372148
2461,2462,brain_tumor_figshare/2462.mat,MR040240B,3,1,Gliom,1,Gliom,evet,0.187616,0.6239,0.188484
2462,2463,brain_tumor_figshare/2463.mat,MR029209G,5,1,Gliom,1,Gliom,evet,0.032268,0.967625,0.000107
2463,2464,brain_tumor_figshare/2464.mat,MR029209G,5,1,Gliom,1,Gliom,evet,0.003651,0.996339,1e-05
2464,2465,brain_tumor_figshare/2465.mat,MR029209G,5,1,Gliom,1,Gliom,evet,0.000872,0.999119,9e-06
2465,2466,brain_tumor_figshare/2466.mat,MR029209G,5,1,Gliom,1,Gliom,evet,0.051559,0.948099,0.000341
2466,2467,brain_tumor_figshare/2467.mat,MR029209G,5,1,Gliom,1,Gliom,evet,0.258044,0.739082,0.002873
2467,2468,brain_tumor_figshare/2468.mat,MR029209G,5,1,Gliom,1,Gliom,evet,0.060609,0.938201,0.00119
2468,2469,brain_tumor_figshare/2469.mat,MR029209G,5,1,Gliom,1,Gliom,evet,0.214043,0.776433,0.009525
2469,2470,brain_tumor_figshare/2470.mat,MR036496B,3,1,Gliom,1,Gliom,evet,0.016976,0.982902,0.000122
2470,2471,brain_tumor_figshare/2471.mat,MR036496B,3,1,Gliom,1,Gliom,evet,0.026587,0.973245,0.000168
2471,2472,brain_tumor_figshare/2472.mat,MR036496B,3,1,Gliom,1,Gliom,evet,0.447514,0.552314,0.000173
2472,2473,brain_tumor_figshare/2473.mat,MR036496B,3,1,Gliom,1,Gliom,evet,0.287842,0.712075,8.3e-05
2473,2474,brain_tumor_figshare/2474.mat,MR036496B,3,1,Gliom,1,Gliom,evet,0.150902,0.848953,0.000145
2474,2475,brain_tumor_figshare/2475.mat,MR036496B,3,1,Gliom,1,Gliom,evet,0.019217,0.980732,5.2e-05
2475,2476,brain_tumor_figshare/2476.mat,MR033420,5,1,Gliom,0,Meningiom,hayır,0.523684,0.085567,0.390749
2476,2477,brain_tumor_figshare/2477.mat,MR033420,5,1,Gliom,2,Hipofiz tümörü,hayır,0.28388,0.021991,0.694128
2477,2478,brain_tumor_figshare/2478.mat,MR033420,5,1,Gliom,1,Gliom,evet,0.005884,0.954904,0.039212
2478,2479,brain_tumor_figshare/2479.mat,MR033420,5,1,Gliom,0,Meningiom,hayır,0.860453,0.131984,0.007563
2479,2480,brain_tumor_figshare/2480.mat,MR033420,5,1,Gliom,1,Gliom,evet,0.192943,0.804363,0.002695
2480,2481,brain_tumor_figshare/2481.mat,MR033420,5,1,Gliom,1,Gliom,evet,0.270331,0.69214,0.037529
2481,2482,brain_tumor_figshare/2482.mat,MR033420,5,1,Gliom,1,Gliom,evet,0.407129,0.587907,0.004963
2482,2483,brain_tumor_figshare/2483.mat,MR033420,5,1,Gliom,0,Meningiom,hayır,0.842173,0.150696,0.007131
2483,2484,brain_tumor_figshare/2484.mat,MR033420,5,1,Gliom,1,Gliom,evet,0.000743,0.999021,0.000236
2484,2485,brain_tumor_figshare/2485.mat,MR033420,5,1,Gliom,1,Gliom,evet,0.002112,0.994589,0.003299
2485,2486,brain_tumor_figshare/2486.mat,MR033420,5,1,Gliom,1,Gliom,evet,0.005795,0.89531,0.098895
2486,2487,brain_tumor_figshare/2487.mat,MR033389B,4,1,Gliom,1,Gliom,evet,0.00631,0.993663,2.7e-05
2487,2488,brain_tumor_figshare/2488.mat,MR033389B,4,1,Gliom,1,Gliom,evet,0.066703,0.933206,9.1e-05
2488,2489,brain_tumor_figshare/2489.mat,MR033389B,4,1,Gliom,1,Gliom,evet,0.194793,0.805109,9.9e-05
2489,2490,brain_tumor_figshare/2490.mat,MR033389B,4,1,Gliom,1,Gliom,evet,0.311579,0.688285,0.000135
2490,2491,brain_tumor_figshare/2491.mat,MR033389B,4,1,Gliom,0,Meningiom,hayır,0.511584,0.488294,0.000122
2491,2492,brain_tumor_figshare/2492.mat,MR033389B,4,1,Gliom,1,Gliom,evet,0.390211,0.609619,0.00017
2492,2493,brain_tumor_figshare/2493.mat,MR033389B,4,1,Gliom,0,Meningiom,hayır,0.599273,0.400632,9.5e-05
2493,2494,brain_tumor_figshare/2494.mat,MR033389B,4,1,Gliom,1,Gliom,evet,0.36467,0.634357,0.000973
2494,2495,brain_tumor_figshare/2495.mat,MR033389B,4,1,Gliom,0,Meningiom,hayır,0.547489,0.449764,0.002747
2495,2496,brain_tumor_figshare/2496.mat,MR024780E,4,1,Gliom,1,Gliom,evet,0.000943,0.999032,2.5e-05
2496,2497,brain_tumor_figshare/2497.mat,MR024780E,4,1,Gliom,1,Gliom,evet,0.003024,0.996931,4.5e-05
2497,2498,brain_tumor_figshare/2498.mat,MR024780E,4,1,Gliom,1,Gliom,evet,0.001309,0.99864,5.1e-05
2498,2499,brain_tumor_figshare/2499.mat,MR026175E,2,1,Gliom,1,Gliom,evet,0.190154,0.809058,0.000788
2499,2500,brain_tumor_figshare/2500.mat,MR026175E,2,1,Gliom,1,Gliom,evet,0.091101,0.908211,0.000688
2500,2501,brain_tumor_figshare/2501.mat,MR026175E,2,1,Gliom,1,Gliom,evet,0.20889,0.790877,0.000233
2501,2502,brain_tumor_figshare/2502.mat,MR026175E,2,1,Gliom,1,Gliom,evet,0.015865,0.984074,6e-05
2502,2503,brain_tumor_figshare/2503.mat,MR026175E,2,1,Gliom,1,Gliom,evet,0.015884,0.98361,0.000506
2503,2504,brain_tumor_figshare/2504.mat,MR026175E,2,1,Gliom,1,Gliom,evet,0.03552,0.964384,9.6e-05
2504,2505,brain_tumor_figshare/2505.mat,MR026175E,2,1,Gliom,1,Gliom,evet,0.026722,0.972349,0.000929
2505,2506,brain_tumor_figshare/2506.mat,MR026175E,2,1,Gliom,1,Gliom,evet,0.196806,0.802757,0.000437
2506,2507,brain_tumor_figshare/2507.mat,MR026175E,2,1,Gliom,1,Gliom,evet,0.230334,0.765367,0.004299
2507,2508,brain_tumor_figshare/2508.mat,MR026175E,2,1,Gliom,1,Gliom,evet,0.187205,0.804433,0.008362
2508,2509,brain_tumor_figshare/2509.mat,MR040240C,2,1,Gliom,1,Gliom,evet,0.044507,0.588432,0.36706
2509,2510,brain_tumor_figshare/2510.mat,MR040240C,2,1,Gliom,2,Hipofiz tümörü,hayır,0.017866,0.075598,0.906536
2510,2511,brain_tumor_figshare/2511.mat,MR040240C,2,1,Gliom,1,Gliom,evet,0.24795,0.751157,0.000893
2511,2512,brain_tumor_figshare/2512.mat,MR040240C,2,1,Gliom,0,Meningiom,hayır,0.70931,0.288694,0.001997
2512,2513,brain_tumor_figshare/2513.mat,MR040240C,2,1,Gliom,0,Meningiom,hayır,0.773038,0.2263,0.000663
2513,2514,brain_tumor_figshare/2514.mat,MR040240C,2,1,Gliom,1,Gliom,evet,0.48362,0.51624,0.000139
2514,2515,brain_tumor_figshare/2515.mat,MR040240C,2,1,Gliom,1,Gliom,evet,0.010446,0.989371,0.000183
2515,2516,brain_tumor_figshare/2516.mat,MR040240C,2,1,Gliom,1,Gliom,evet,0.002358,0.973786,0.023856
2516,2517,brain_tumor_figshare/2517.mat,MR040240C,2,1,Gliom,1,Gliom,evet,0.001836,0.992532,0.005632
2517,2518,brain_tumor_figshare/2518.mat,MR040240C,2,1,Gliom,1,Gliom,evet,0.057416,0.512091,0.430494
2518,2519,brain_tumor_figshare/2519.mat,MR040240C,2,1,Gliom,2,Hipofiz tümörü,hayır,0.01007,0.092385,0.897545
2519,2520,brain_tumor_figshare/2520.mat,MR040240C,2,1,Gliom,1,Gliom,evet,0.001909,0.993534,0.004557
2520,2521,brain_tumor_figshare/2521.mat,MR040240C,2,1,Gliom,2,Hipofiz tümörü,hayır,0.003934,0.305252,0.690814
2521,2522,brain_tumor_figshare/2522.mat,MR040240C,2,1,Gliom,1,Gliom,evet,0.094237,0.905588,0.000174
2522,2523,brain_tumor_figshare/2523.mat,MR040240C,2,1,Gliom,1,Gliom,evet,0.387204,0.612333,0.000463
2523,2524,brain_tumor_figshare/2524.mat,MR017260F,2,1,Gliom,1,Gliom,evet,0.199565,0.799987,0.000449
2524,2525,brain_tumor_figshare/2525.mat,MR017260F,2,1,Gliom,1,Gliom,evet,0.086337,0.913522,0.000141
2525,2526,brain_tumor_figshare/2526.mat,MR017260F,2,1,Gliom,1,Gliom,evet,0.323159,0.676502,0.000339
2526,2527,brain_tumor_figshare/2527.mat,MR017260F,2,1,Gliom,0,Meningiom,hayır,0.624194,0.3745,0.001306
2527,2528,brain_tumor_figshare/2528.mat,MR017260F,2,1,Gliom,1,Gliom,evet,0.348627,0.651216,0.000157
2528,2529,brain_tumor_figshare/2529.mat,MR017260F,2,1,Gliom,0,Meningiom,hayır,0.560949,0.438729,0.000322
2529,2530,brain_tumor_figshare/2530.mat,MR029209I,4,1,Gliom,1,Gliom,evet,0.004828,0.995104,6.8e-05
2530,2531,brain_tumor_figshare/2531.mat,MR029209I,4,1,Gliom,1,Gliom,evet,0.010571,0.989332,9.7e-05
2531,2532,brain_tumor_figshare/2532.mat,MR029209I,4,1,Gliom,1,Gliom,evet,0.00048,0.999508,1.3e-05
2532,2533,brain_tumor_figshare/2533.mat,MR029209I,4,1,Gliom,1,Gliom,evet,0.003011,0.996963,2.6e-05
2533,2534,brain_tumor_figshare/2534.mat,MR029209I,4,1,Gliom,1,Gliom,evet,0.005758,0.994198,4.4e-05
2534,2535,brain_tumor_figshare/2535.mat,MR029209I,4,1,Gliom,1,Gliom,evet,0.001471,0.998497,3.2e-05
2535,2536,brain_tumor_figshare/2536.mat,MR029209I,4,1,Gliom,1,Gliom,evet,0.033516,0.966372,0.000112
2536,2537,brain_tumor_figshare/2537.mat,MR029209I,4,1,Gliom,1,Gliom,evet,0.013461,0.98648,5.9e-05
2537,2538,brain_tumor_figshare/2538.mat,MR029209I,4,1,Gliom,1,Gliom,evet,0.002013,0.997958,2.9e-05
2538,2539,brain_tumor_figshare/2539.mat,MR029209I,4,1,Gliom,1,Gliom,evet,0.001997,0.997976,2.7e-05
2539,2540,brain_tumor_figshare/2540.mat,MR048294,1,1,Gliom,1,Gliom,evet,0.221448,0.768802,0.009749
2540,2541,brain_tumor_figshare/2541.mat,MR048294,1,1,Gliom,0,Meningiom,hayır,0.926356,0.072447,0.001196
2541,2542,brain_tumor_figshare/2542.mat,MR048294,1,1,Gliom,1,Gliom,evet,0.27678,0.409399,0.313821
2542,2543,brain_tumor_figshare/2543.mat,MR048294,1,1,Gliom,0,Meningiom,hayır,0.637741,0.357806,0.004453
2543,2544,brain_tumor_figshare/2544.mat,MR048294,1,1,Gliom,0,Meningiom,hayır,0.527921,0.470073,0.002006
2544,2545,brain_tumor_figshare/2545.mat,MR048294,1,1,Gliom,0,Meningiom,hayır,0.79585,0.202542,0.001608
2545,2546,brain_tumor_figshare/2546.mat,MR051586,5,1,Gliom,1,Gliom,evet,0.068598,0.931219,0.000182
2546,2547,brain_tumor_figshare/2547.mat,MR051586,5,1,Gliom,1,Gliom,evet,0.020159,0.979775,6.6e-05
2547,2548,brain_tumor_figshare/2548.mat,MR051586,5,1,Gliom,1,Gliom,evet,0.042978,0.956905,0.000118
2548,2549,brain_tumor_figshare/2549.mat,MR051586,5,1,Gliom,1,Gliom,evet,0.040854,0.959008,0.000138
2549,2550,brain_tumor_figshare/2550.mat,MR051461B,4,1,Gliom,1,Gliom,evet,0.039683,0.960247,7e-05
2550,2551,brain_tumor_figshare/2551.mat,MR051461B,4,1,Gliom,1,Gliom,evet,0.000987,0.99899,2.2e-05
2551,2552,brain_tumor_figshare/2552.mat,MR051461B,4,1,Gliom,0,Meningiom,hayır,0.730746,0.26911,0.000144
2552,2553,brain_tumor_figshare/2553.mat,MR051461B,4,1,Gliom,0,Meningiom,hayır,0.713018,0.286819,0.000163
2553,2554,brain_tumor_figshare/2554.mat,MR051644,4,1,Gliom,1,Gliom,evet,0.008565,0.990799,0.000635
2554,2555,brain_tumor_figshare/2555.mat,MR051644,4,1,Gliom,1,Gliom,evet,0.010011,0.989676,0.000313
2555,2556,brain_tumor_figshare/2556.mat,MR051644,4,1,Gliom,1,Gliom,evet,0.007762,0.992184,5.4e-05
2556,2557,brain_tumor_figshare/2557.mat,MR051644,4,1,Gliom,1,Gliom,evet,0.006722,0.993174,0.000104
2557,2558,brain_tumor_figshare/2558.mat,MR051644,4,1,Gliom,1,Gliom,evet,0.056287,0.942355,0.001358
2558,2559,brain_tumor_figshare/2559.mat,MR051644,4,1,Gliom,1,Gliom,evet,0.135201,0.8395,0.025299
2559,2560,brain_tumor_figshare/2560.mat,MR051644,4,1,Gliom,1,Gliom,evet,0.023843,0.973053,0.003103
2560,2561,brain_tumor_figshare/2561.mat,MR051644,4,1,Gliom,1,Gliom,evet,0.027463,0.970976,0.001561
2561,2562,brain_tumor_figshare/2562.mat,MR051644,4,1,Gliom,1,Gliom,evet,0.015951,0.982366,0.001684
2562,2563,brain_tumor_figshare/2563.mat,MR051644,4,1,Gliom,1,Gliom,evet,0.022492,0.976116,0.001392
2563,2564,brain_tumor_figshare/2564.mat,MR051644,4,1,Gliom,1,Gliom,evet,0.000762,0.999209,3e-05
2564,2565,brain_tumor_figshare/2565.mat,MR051644,4,1,Gliom,1,Gliom,evet,0.002066,0.997901,3.3e-05
2565,2566,brain_tumor_figshare/2566.mat,MR051651,1,1,Gliom,0,Meningiom,hayır,0.958558,0.041112,0.00033
2566,2567,brain_tumor_figshare/2567.mat,MR051651,1,1,Gliom,1,Gliom,evet,0.096129,0.903516,0.000354
2567,2568,brain_tumor_figshare/2568.mat,MR051651,1,1,Gliom,1,Gliom,evet,0.177017,0.822812,0.000171
2568,2569,brain_tumor_figshare/2569.mat,MR051651,1,1,Gliom,0,Meningiom,hayır,0.571877,0.427862,0.000261
2569,2570,brain_tumor_figshare/2570.mat,MR051651,1,1,Gliom,1,Gliom,evet,0.463723,0.536068,0.000209
2570,2571,brain_tumor_figshare/2571.mat,MR051651,1,1,Gliom,0,Meningiom,hayır,0.537881,0.461875,0.000243
2571,2572,brain_tumor_figshare/2572.mat,MR051651,1,1,Gliom,1,Gliom,evet,0.470615,0.528212,0.001172
2572,2573,brain_tumor_figshare/2573.mat,MR051796,4,1,Gliom,1,Gliom,evet,0.107275,0.892686,3.9e-05
2573,2574,brain_tumor_figshare/2574.mat,MR051796,4,1,Gliom,0,Meningiom,hayır,0.545201,0.454546,0.000253
2574,2575,brain_tumor_figshare/2575.mat,MR051796,4,1,Gliom,1,Gliom,evet,0.036949,0.963008,4.3e-05
2575,2576,brain_tumor_figshare/2576.mat,MR051796,4,1,Gliom,1,Gliom,evet,0.292102,0.707412,0.000486
2576,2577,brain_tumor_figshare/2577.mat,MR051796,4,1,Gliom,1,Gliom,evet,0.037632,0.962287,8.1e-05
2577,2578,brain_tumor_figshare/2578.mat,MR051796,4,1,Gliom,1,Gliom,evet,0.076471,0.923442,8.6e-05
2578,2579,brain_tumor_figshare/2579.mat,MR051651B,3,1,Gliom,1,Gliom,evet,0.002477,0.997376,0.000148
2579,2580,brain_tumor_figshare/2580.mat,MR051651B,3,1,Gliom,1,Gliom,evet,0.279743,0.719795,0.000463
2580,2581,brain_tumor_figshare/2581.mat,MR051651B,3,1,Gliom,1,Gliom,evet,0.180012,0.819782,0.000205
2581,2582,brain_tumor_figshare/2582.mat,MR051651B,3,1,Gliom,1,Gliom,evet,0.031218,0.968724,5.8e-05
2582,2583,brain_tumor_figshare/2583.mat,MR051651B,3,1,Gliom,1,Gliom,evet,0.223422,0.776296,0.000282
2583,2584,brain_tumor_figshare/2584.mat,MR051651B,3,1,Gliom,1,Gliom,evet,0.009934,0.990026,4e-05
2584,2585,brain_tumor_figshare/2585.mat,MR051651B,3,1,Gliom,1,Gliom,evet,0.003079,0.99685,7.1e-05
2585,2586,brain_tumor_figshare/2586.mat,MR051796B,5,1,Gliom,1,Gliom,evet,0.446806,0.548944,0.004251
2586,2587,brain_tumor_figshare/2587.mat,MR051796B,5,1,Gliom,0,Meningiom,hayır,0.886737,0.112929,0.000334
2587,2588,brain_tumor_figshare/2588.mat,MR051796B,5,1,Gliom,1,Gliom,evet,0.13231,0.867214,0.000475
2588,2589,brain_tumor_figshare/2589.mat,MR052550,1,1,Gliom,2,Hipofiz tümörü,hayır,0.119754,0.061999,0.818248
2589,2590,brain_tumor_figshare/2590.mat,MR052550,1,1,Gliom,2,Hipofiz tümörü,hayır,0.233528,0.0415,0.724972
2590,2591,brain_tumor_figshare/2591.mat,MR052550,1,1,Gliom,2,Hipofiz tümörü,hayır,0.206386,0.135187,0.658427
2591,2592,brain_tumor_figshare/2592.mat,MR052550,1,1,Gliom,2,Hipofiz tümörü,hayır,0.337229,0.164061,0.498711
2592,2593,brain_tumor_figshare/2593.mat,MR052550,1,1,Gliom,2,Hipofiz tümörü,hayır,0.117673,0.08244,0.799888
2593,2594,brain_tumor_figshare/2594.mat,MR052550,1,1,Gliom,2,Hipofiz tümörü,hayır,0.026033,0.018226,0.955741
2594,2595,brain_tumor_figshare/2595.mat,MR051644C,4,1,Gliom,0,Meningiom,hayır,0.594625,0.404838,0.000537
2595,2596,brain_tumor_figshare/2596.mat,MR051644C,4,1,Gliom,0,Meningiom,hayır,0.796806,0.202616,0.000578
2596,2597,brain_tumor_figshare/2597.mat,MR051644C,4,1,Gliom,1,Gliom,evet,0.015703,0.983743,0.000554
2597,2598,brain_tumor_figshare/2598.mat,MR051644C,4,1,Gliom,0,Meningiom,hayır,0.889332,0.107084,0.003584
2598,2599,brain_tumor_figshare/2599.mat,MR051644C,4,1,Gliom,0,Meningiom,hayır,0.963877,0.03591,0.000213
2599,2600,brain_tumor_figshare/2600.mat,MR051644C,4,1,Gliom,1,Gliom,evet,0.007165,0.992808,2.7e-05
2600,2601,brain_tumor_figshare/2601.mat,MR051644C,4,1,Gliom,1,Gliom,evet,0.004967,0.994983,5e-05
2601,2602,brain_tumor_figshare/2602.mat,MR051644C,4,1,Gliom,0,Meningiom,hayır,0.530977,0.468078,0.000945
2602,2603,brain_tumor_figshare/2603.mat,MR051644C,4,1,Gliom,1,Gliom,evet,0.361785,0.635736,0.00248
2603,2604,brain_tumor_figshare/2604.mat,MR051644C,4,1,Gliom,1,Gliom,evet,0.045328,0.954158,0.000514
2604,2605,brain_tumor_figshare/2605.mat,MR051644C,4,1,Gliom,1,Gliom,evet,0.1447,0.854601,0.000698
2605,2606,brain_tumor_figshare/2606.mat,MR051644C,4,1,Gliom,1,Gliom,evet,0.149612,0.849892,0.000496
2606,2607,brain_tumor_figshare/2607.mat,MR051644C,4,1,Gliom,1,Gliom,evet,0.03271,0.966571,0.000719
2607,2608,brain_tumor_figshare/2608.mat,MR049942B,3,1,Gliom,0,Meningiom,hayır,0.563917,0.433903,0.00218
2608,2609,brain_tumor_figshare/2609.mat,MR049942B,3,1,Gliom,0,Meningiom,hayır,0.862472,0.135707,0.001821
2609,2610,brain_tumor_figshare/2610.mat,MR049942B,3,1,Gliom,0,Meningiom,hayır,0.720168,0.278862,0.00097
2610,2611,brain_tumor_figshare/2611.mat,MR049942B,3,1,Gliom,0,Meningiom,hayır,0.962875,0.036684,0.00044
2611,2612,brain_tumor_figshare/2612.mat,MR047953C,4,1,Gliom,2,Hipofiz tümörü,hayır,0.315785,0.235815,0.4484
2612,2613,brain_tumor_figshare/2613.mat,MR047953C,4,1,Gliom,2,Hipofiz tümörü,hayır,0.00791,0.010125,0.981965
2613,2614,brain_tumor_figshare/2614.mat,MR047953C,4,1,Gliom,2,Hipofiz tümörü,hayır,0.003364,0.01329,0.983347
2614,2615,brain_tumor_figshare/2615.mat,MR047953C,4,1,Gliom,2,Hipofiz tümörü,hayır,0.001624,0.023113,0.975263
2615,2616,brain_tumor_figshare/2616.mat,MR047953C,4,1,Gliom,2,Hipofiz tümörü,hayır,0.00017,0.001892,0.997938
2616,2617,brain_tumor_figshare/2617.mat,MR053110B,1,1,Gliom,1,Gliom,evet,0.005261,0.994717,2.2e-05
2617,2618,brain_tumor_figshare/2618.mat,MR053110B,1,1,Gliom,1,Gliom,evet,0.000872,0.99912,8e-06
2618,2619,brain_tumor_figshare/2619.mat,MR053110B,1,1,Gliom,1,Gliom,evet,0.00152,0.998476,5e-06
2619,2620,brain_tumor_figshare/2620.mat,MR053110B,1,1,Gliom,1,Gliom,evet,0.009847,0.990132,2.2e-05
2620,2621,brain_tumor_figshare/2621.mat,MR053110B,1,1,Gliom,1,Gliom,evet,0.255732,0.743989,0.000279
2621,2622,brain_tumor_figshare/2622.mat,MR053110B,1,1,Gliom,0,Meningiom,hayır,0.60555,0.394298,0.000152
2622,2623,brain_tumor_figshare/2623.mat,MR053110B,1,1,Gliom,1,Gliom,evet,0.498624,0.501133,0.000244
2623,2624,brain_tumor_figshare/2624.mat,MR034694,2,1,Gliom,1,Gliom,evet,0.062326,0.936656,0.001019
2624,2625,brain_tumor_figshare/2625.mat,MR034694,2,1,Gliom,2,Hipofiz tümörü,hayır,0.028075,0.082753,0.889172
2625,2626,brain_tumor_figshare/2626.mat,MR034694,2,1,Gliom,1,Gliom,evet,0.070042,0.919713,0.010245
2626,2627,brain_tumor_figshare/2627.mat,MR034694,2,1,Gliom,0,Meningiom,hayır,0.541199,0.458563,0.000238
2627,2628,brain_tumor_figshare/2628.mat,MR034694,2,1,Gliom,0,Meningiom,hayır,0.880708,0.119154,0.000139
2628,2629,brain_tumor_figshare/2629.mat,MR034694,2,1,Gliom,0,Meningiom,hayır,0.746057,0.253209,0.000734
2629,2630,brain_tumor_figshare/2630.mat,MR034694,2,1,Gliom,0,Meningiom,hayır,0.775807,0.223745,0.000448
2630,2631,brain_tumor_figshare/2631.mat,MR054683,4,1,Gliom,2,Hipofiz tümörü,hayır,0.00386,0.061005,0.935135
2631,2632,brain_tumor_figshare/2632.mat,MR054683,4,1,Gliom,2,Hipofiz tümörü,hayır,0.016163,0.026361,0.957476
2632,2633,brain_tumor_figshare/2633.mat,MR054683,4,1,Gliom,2,Hipofiz tümörü,hayır,0.008328,0.203162,0.788509
2633,2634,brain_tumor_figshare/2634.mat,MR050687C,5,1,Gliom,1,Gliom,evet,0.095564,0.902544,0.001892
2634,2635,brain_tumor_figshare/2635.mat,MR050687C,5,1,Gliom,1,Gliom,evet,0.066925,0.931338,0.001737
2635,2636,brain_tumor_figshare/2636.mat,MR050687C,5,1,Gliom,1,Gliom,evet,0.076066,0.922388,0.001545
2636,2637,brain_tumor_figshare/2637.mat,MR050687C,5,1,Gliom,1,Gliom,evet,0.141336,0.857687,0.000977
2637,2638,brain_tumor_figshare/2638.mat,MR050687C,5,1,Gliom,1,Gliom,evet,0.054085,0.945348,0.000567
2638,2639,brain_tumor_figshare/2639.mat,MR050687C,5,1,Gliom,1,Gliom,evet,0.00764,0.990169,0.002191
2639,2640,brain_tumor_figshare/2640.mat,MR050687C,5,1,Gliom,1,Gliom,evet,0.002817,0.996274,0.000908
2640,2641,brain_tumor_figshare/2641.mat,MR049242C,5,1,Gliom,1,Gliom,evet,0.251011,0.748102,0.000887
2641,2642,brain_tumor_figshare/2642.mat,MR049242C,5,1,Gliom,1,Gliom,evet,0.129744,0.86966,0.000596
2642,2643,brain_tumor_figshare/2643.mat,MR049242C,5,1,Gliom,1,Gliom,evet,0.296856,0.702207,0.000936
2643,2644,brain_tumor_figshare/2644.mat,MR049242C,5,1,Gliom,0,Meningiom,hayır,0.789314,0.209896,0.00079
2644,2645,brain_tumor_figshare/2645.mat,MR049242C,5,1,Gliom,0,Meningiom,hayır,0.93047,0.069407,0.000123
2645,2646,brain_tumor_figshare/2646.mat,MR053241C,2,1,Gliom,0,Meningiom,hayır,0.932894,0.066611,0.000495
2646,2647,brain_tumor_figshare/2647.mat,MR053241C,2,1,Gliom,1,Gliom,evet,0.042394,0.953207,0.004399
2647,2648,brain_tumor_figshare/2648.mat,MR053241C,2,1,Gliom,0,Meningiom,hayır,0.696499,0.279967,0.023534
2648,2649,brain_tumor_figshare/2649.mat,MR053241C,2,1,Gliom,0,Meningiom,hayır,0.586329,0.383434,0.030237
2649,2650,brain_tumor_figshare/2650.mat,MR034997,3,1,Gliom,1,Gliom,evet,0.210931,0.759324,0.029745
2650,2651,brain_tumor_figshare/2651.mat,MR034997,3,1,Gliom,1,Gliom,evet,0.112964,0.884099,0.002936
2651,2652,brain_tumor_figshare/2652.mat,MR034997,3,1,Gliom,1,Gliom,evet,0.014534,0.985394,7.2e-05
2652,2653,brain_tumor_figshare/2653.mat,MR034997,3,1,Gliom,1,Gliom,evet,0.033945,0.965345,0.00071
2653,2654,brain_tumor_figshare/2654.mat,MR034997,3,1,Gliom,1,Gliom,evet,0.038077,0.960837,0.001086
2654,2655,brain_tumor_figshare/2655.mat,MR034997,3,1,Gliom,1,Gliom,evet,0.094569,0.89656,0.00887
2655,2656,brain_tumor_figshare/2656.mat,MR034997,3,1,Gliom,1,Gliom,evet,0.174323,0.79927,0.026407
2656,2657,brain_tumor_figshare/2657.mat,MR029209E,5,1,Gliom,1,Gliom,evet,0.007225,0.9927,7.6e-05
2657,2658,brain_tumor_figshare/2658.mat,MR029209E,5,1,Gliom,1,Gliom,evet,0.000787,0.999189,2.4e-05
2658,2659,brain_tumor_figshare/2659.mat,MR029209E,5,1,Gliom,1,Gliom,evet,0.013947,0.985979,7.4e-05
2659,2660,brain_tumor_figshare/2660.mat,MR029209E,5,1,Gliom,1,Gliom,evet,0.003935,0.996048,1.7e-05
2660,2661,brain_tumor_figshare/2661.mat,MR029209E,5,1,Gliom,0,Meningiom,hayır,0.531342,0.468523,0.000136
2661,2662,brain_tumor_figshare/2662.mat,MR029209E,5,1,Gliom,1,Gliom,evet,0.08146,0.918408,0.000132
2662,2663,brain_tumor_figshare/2663.mat,MR029209E,5,1,Gliom,1,Gliom,evet,0.426384,0.571389,0.002227
2663,2664,brain_tumor_figshare/2664.mat,MR053110E,1,1,Gliom,1,Gliom,evet,0.072109,0.927495,0.000396
2664,2665,brain_tumor_figshare/2665.mat,MR053110E,1,1,Gliom,0,Meningiom,hayır,0.755476,0.244164,0.00036
2665,2666,brain_tumor_figshare/2666.mat,MR053110E,1,1,Gliom,1,Gliom,evet,0.028833,0.970989,0.000178
2666,2667,brain_tumor_figshare/2667.mat,MR053110E,1,1,Gliom,0,Meningiom,hayır,0.678262,0.321604,0.000134
2667,2668,brain_tumor_figshare/2668.mat,MR053110E,1,1,Gliom,0,Meningiom,hayır,0.763582,0.236147,0.000271
2668,2669,brain_tumor_figshare/2669.mat,MR053110E,1,1,Gliom,1,Gliom,evet,0.467684,0.532123,0.000193
2669,2670,brain_tumor_figshare/2670.mat,MR053110E,1,1,Gliom,0,Meningiom,hayır,0.621357,0.378356,0.000287
2670,2671,brain_tumor_figshare/2671.mat,MR053110E,1,1,Gliom,1,Gliom,evet,0.136883,0.862649,0.000468
2671,2672,brain_tumor_figshare/2672.mat,MR053110E,1,1,Gliom,1,Gliom,evet,0.003224,0.996748,2.7e-05
2672,2673,brain_tumor_figshare/2673.mat,MR053110E,1,1,Gliom,1,Gliom,evet,0.079148,0.920735,0.000117
2673,2674,brain_tumor_figshare/2674.mat,MR053110E,1,1,Gliom,1,Gliom,evet,0.076247,0.923615,0.000139
2674,2675,brain_tumor_figshare/2675.mat,MR049019G,3,1,Gliom,1,Gliom,evet,0.163626,0.835622,0.000752
2675,2676,brain_tumor_figshare/2676.mat,MR049019G,3,1,Gliom,1,Gliom,evet,0.18974,0.80967,0.00059
2676,2677,brain_tumor_figshare/2677.mat,MR049019G,3,1,Gliom,1,Gliom,evet,0.007951,0.991853,0.000196
2677,2678,brain_tumor_figshare/2678.mat,MR031409B,2,1,Gliom,1,Gliom,evet,0.038015,0.960836,0.001149
2678,2679,brain_tumor_figshare/2679.mat,MR031409B,2,1,Gliom,1,Gliom,evet,0.098535,0.89904,0.002425
2679,2680,brain_tumor_figshare/2680.mat,MR024780D,1,1,Gliom,1,Gliom,evet,0.17235,0.825017,0.002634
2680,2681,brain_tumor_figshare/2681.mat,MR024780D,1,1,Gliom,1,Gliom,evet,0.49805,0.500647,0.001304
2681,2682,brain_tumor_figshare/2682.mat,MR038469,3,1,Gliom,1,Gliom,evet,0.093472,0.90487,0.001658
2682,2683,brain_tumor_figshare/2683.mat,MR038469,3,1,Gliom,1,Gliom,evet,0.323272,0.674601,0.002128
2683,2684,brain_tumor_figshare/2684.mat,MR038469,3,1,Gliom,1,Gliom,evet,0.459893,0.532995,0.007112
2684,2685,brain_tumor_figshare/2685.mat,MR038469,3,1,Gliom,1,Gliom,evet,0.299922,0.678569,0.021509
2685,2686,brain_tumor_figshare/2686.mat,MR038469,3,1,Gliom,1,Gliom,evet,0.035541,0.95634,0.008119
2686,2687,brain_tumor_figshare/2687.mat,MR038469,3,1,Gliom,1,Gliom,evet,0.005627,0.991535,0.002838
2687,2688,brain_tumor_figshare/2688.mat,MR032322C,2,1,Gliom,0,Meningiom,hayır,0.365469,0.299948,0.334584
2688,2689,brain_tumor_figshare/2689.mat,MR032322C,2,1,Gliom,1,Gliom,evet,0.028536,0.971358,0.000106
2689,2690,brain_tumor_figshare/2690.mat,MR032322C,2,1,Gliom,1,Gliom,evet,0.022815,0.977074,0.000111
2690,2691,brain_tumor_figshare/2691.mat,MR032322C,2,1,Gliom,1,Gliom,evet,0.057575,0.94221,0.000215
2691,2692,brain_tumor_figshare/2692.mat,MR032322C,2,1,Gliom,1,Gliom,evet,0.29798,0.701553,0.000466
2692,2693,brain_tumor_figshare/2693.mat,MR032322C,2,1,Gliom,1,Gliom,evet,0.192541,0.699915,0.107544
2693,2694,brain_tumor_figshare/2694.mat,MR032322C,2,1,Gliom,0,Meningiom,hayır,0.776585,0.223174,0.000241
2694,2695,brain_tumor_figshare/2695.mat,MR032322C,2,1,Gliom,1,Gliom,evet,0.00282,0.99715,3e-05
2695,2696,brain_tumor_figshare/2696.mat,MR032322C,2,1,Gliom,1,Gliom,evet,0.02388,0.975965,0.000155
2696,2697,brain_tumor_figshare/2697.mat,MR032322C,2,1,Gliom,1,Gliom,evet,0.021428,0.978537,3.5e-05
2697,2698,brain_tumor_figshare/2698.mat,MR032322C,2,1,Gliom,1,Gliom,evet,0.0172,0.982764,3.6e-05
2698,2699,brain_tumor_figshare/2699.mat,MR032322C,2,1,Gliom,1,Gliom,evet,0.162814,0.837029,0.000157
2699,2700,brain_tumor_figshare/2700.mat,MR032322C,2,1,Gliom,1,Gliom,evet,0.133807,0.865795,0.000398
2700,2701,brain_tumor_figshare/2701.mat,MR032322C,2,1,Gliom,1,Gliom,evet,0.040093,0.959275,0.000633
2701,2702,brain_tumor_figshare/2702.mat,MR037458B,2,1,Gliom,1,Gliom,evet,0.358215,0.637857,0.003928
2702,2703,brain_tumor_figshare/2703.mat,MR037458B,2,1,Gliom,1,Gliom,evet,0.05035,0.948406,0.001244
2703,2704,brain_tumor_figshare/2704.mat,MR037458B,2,1,Gliom,1,Gliom,evet,0.047549,0.952038,0.000413
2704,2705,brain_tumor_figshare/2705.mat,MR037458B,2,1,Gliom,1,Gliom,evet,0.156235,0.84315,0.000616
2705,2706,brain_tumor_figshare/2706.mat,MR037458B,2,1,Gliom,1,Gliom,evet,0.151946,0.847388,0.000666
2706,2707,brain_tumor_figshare/2707.mat,MR037458B,2,1,Gliom,1,Gliom,evet,0.019611,0.980144,0.000245
2707,2708,brain_tumor_figshare/2708.mat,MR037458B,2,1,Gliom,1,Gliom,evet,0.20141,0.798066,0.000525
2708,2709,brain_tumor_figshare/2709.mat,MR037458B,2,1,Gliom,1,Gliom,evet,0.043091,0.956692,0.000217
2709,2710,brain_tumor_figshare/2710.mat,MR039473,4,1,Gliom,1,Gliom,evet,0.11624,0.874226,0.009534
2710,2711,brain_tumor_figshare/2711.mat,MR039473,4,1,Gliom,1,Gliom,evet,0.441442,0.494332,0.064227
2711,2712,brain_tumor_figshare/2712.mat,MR039473,4,1,Gliom,2,Hipofiz tümörü,hayır,0.091746,0.17657,0.731684
2712,2713,brain_tumor_figshare/2713.mat,MR039473,4,1,Gliom,2,Hipofiz tümörü,hayır,0.053707,0.355103,0.59119
2713,2714,brain_tumor_figshare/2714.mat,MR039473B,2,1,Gliom,2,Hipofiz tümörü,hayır,0.061005,0.225422,0.713574
2714,2715,brain_tumor_figshare/2715.mat,MR039473B,2,1,Gliom,2,Hipofiz tümörü,hayır,0.027627,0.065621,0.906752
2715,2716,brain_tumor_figshare/2716.mat,MR039473B,2,1,Gliom,2,Hipofiz tümörü,hayır,0.001295,0.006459,0.992246
2716,2717,brain_tumor_figshare/2717.mat,MR039473B,2,1,Gliom,2,Hipofiz tümörü,hayır,0.078205,0.240049,0.681746
2717,2718,brain_tumor_figshare/2718.mat,MR039473B,2,1,Gliom,1,Gliom,evet,0.330227,0.358346,0.311427
2718,2719,brain_tumor_figshare/2719.mat,MR039473B,2,1,Gliom,1,Gliom,evet,0.36385,0.449974,0.186176
2719,2720,brain_tumor_figshare/2720.mat,MR039473B,2,1,Gliom,1,Gliom,evet,0.08809,0.534488,0.377422
2720,2721,brain_tumor_figshare/2721.mat,MR039473B,2,1,Gliom,2,Hipofiz tümörü,hayır,0.293335,0.254778,0.451888
2721,2722,brain_tumor_figshare/2722.mat,MR039473B,2,1,Gliom,1,Gliom,evet,0.014899,0.979527,0.005573
2722,2723,brain_tumor_figshare/2723.mat,MR037458C,4,1,Gliom,1,Gliom,evet,0.181206,0.818464,0.00033
2723,2724,brain_tumor_figshare/2724.mat,MR037458C,4,1,Gliom,0,Meningiom,hayır,0.696735,0.302939,0.000326
2724,2725,brain_tumor_figshare/2725.mat,MR037458C,4,1,Gliom,0,Meningiom,hayır,0.524672,0.474938,0.00039
2725,2726,brain_tumor_figshare/2726.mat,MR037458C,4,1,Gliom,0,Meningiom,hayır,0.784664,0.215216,0.000119
2726,2727,brain_tumor_figshare/2727.mat,MR037458C,4,1,Gliom,1,Gliom,evet,0.299189,0.700685,0.000126
2727,2728,brain_tumor_figshare/2728.mat,MR037458C,4,1,Gliom,1,Gliom,evet,0.21008,0.789666,0.000254
2728,2729,brain_tumor_figshare/2729.mat,MR037458C,4,1,Gliom,1,Gliom,evet,0.15072,0.849159,0.000121
2729,2730,brain_tumor_figshare/2730.mat,MR037458C,4,1,Gliom,0,Meningiom,hayır,0.623184,0.375768,0.001048
2730,2731,brain_tumor_figshare/2731.mat,MR029209E,5,1,Gliom,1,Gliom,evet,0.019781,0.980176,4.4e-05
2731,2732,brain_tumor_figshare/2732.mat,MR029209E,5,1,Gliom,1,Gliom,evet,0.018343,0.981613,4.4e-05
2732,2733,brain_tumor_figshare/2733.mat,MR029209E,5,1,Gliom,1,Gliom,evet,0.00156,0.998424,1.6e-05
2733,2734,brain_tumor_figshare/2734.mat,MR029209E,5,1,Gliom,1,Gliom,evet,0.002979,0.997015,6e-06
2734,2735,brain_tumor_figshare/2735.mat,MR029209E,5,1,Gliom,1,Gliom,evet,0.095158,0.90459,0.000252
2735,2736,brain_tumor_figshare/2736.mat,MR029209E,5,1,Gliom,1,Gliom,evet,0.276981,0.722844,0.000174
2736,2737,brain_tumor_figshare/2737.mat,MR029209E,5,1,Gliom,1,Gliom,evet,0.280389,0.719323,0.000287
2737,2738,brain_tumor_figshare/2738.mat,MR053110E,1,1,Gliom,1,Gliom,evet,0.000321,0.999645,3.4e-05
2738,2739,brain_tumor_figshare/2739.mat,MR053110E,1,1,Gliom,1,Gliom,evet,0.029038,0.674836,0.296126
2739,2740,brain_tumor_figshare/2740.mat,MR053110E,1,1,Gliom,1,Gliom,evet,0.011309,0.917975,0.070715
2740,2741,brain_tumor_figshare/2741.mat,MR053110E,1,1,Gliom,1,Gliom,evet,0.016009,0.924114,0.059877
2741,2742,brain_tumor_figshare/2742.mat,MR053110E,1,1,Gliom,1,Gliom,evet,0.081789,0.886675,0.031536
2742,2743,brain_tumor_figshare/2743.mat,MR049019G,3,1,Gliom,1,Gliom,evet,0.0364,0.963162,0.000438
2743,2744,brain_tumor_figshare/2744.mat,MR049019G,3,1,Gliom,1,Gliom,evet,0.014691,0.984991,0.000318
2744,2745,brain_tumor_figshare/2745.mat,MR049019G,3,1,Gliom,1,Gliom,evet,0.002612,0.997316,7.2e-05
2745,2746,brain_tumor_figshare/2746.mat,MR049019G,3,1,Gliom,1,Gliom,evet,0.000235,0.999749,1.7e-05
2746,2747,brain_tumor_figshare/2747.mat,MR049019G,3,1,Gliom,1,Gliom,evet,0.005266,0.994619,0.000115
2747,2748,brain_tumor_figshare/2748.mat,MR031409B,2,1,Gliom,1,Gliom,evet,0.098887,0.900181,0.000932
2748,2749,brain_tumor_figshare/2749.mat,MR031409B,2,1,Gliom,1,Gliom,evet,0.008126,0.991776,9.8e-05
2749,2750,brain_tumor_figshare/2750.mat,MR024780D,1,1,Gliom,1,Gliom,evet,0.346342,0.653116,0.000542
2750,2751,brain_tumor_figshare/2751.mat,MR024780D,1,1,Gliom,0,Meningiom,hayır,0.563032,0.436494,0.000474
2751,2752,brain_tumor_figshare/2752.mat,MR024780D,1,1,Gliom,1,Gliom,evet,0.079031,0.920197,0.000772
2752,2753,brain_tumor_figshare/2753.mat,MR038469,3,1,Gliom,1,Gliom,evet,0.033429,0.962516,0.004055
2753,2754,brain_tumor_figshare/2754.mat,MR038469,3,1,Gliom,1,Gliom,evet,0.418984,0.577287,0.003729
2754,2755,brain_tumor_figshare/2755.mat,MR038469,3,1,Gliom,1,Gliom,evet,0.021138,0.97652,0.002341
2755,2756,brain_tumor_figshare/2756.mat,MR038469,3,1,Gliom,1,Gliom,evet,0.30278,0.667037,0.030183
2756,2757,brain_tumor_figshare/2757.mat,MR038469,3,1,Gliom,1,Gliom,evet,0.022661,0.976072,0.001267
2757,2758,brain_tumor_figshare/2758.mat,MR032322C,2,1,Gliom,1,Gliom,evet,0.008637,0.991119,0.000244
2758,2759,brain_tumor_figshare/2759.mat,MR032322C,2,1,Gliom,1,Gliom,evet,0.005892,0.994039,7e-05
2759,2760,brain_tumor_figshare/2760.mat,MR032322C,2,1,Gliom,1,Gliom,evet,0.002004,0.997983,1.3e-05
2760,2761,brain_tumor_figshare/2761.mat,MR032322C,2,1,Gliom,1,Gliom,evet,0.008912,0.991025,6.3e-05
2761,2762,brain_tumor_figshare/2762.mat,MR032322C,2,1,Gliom,1,Gliom,evet,0.003616,0.99634,4.4e-05
2762,2763,brain_tumor_figshare/2763.mat,MR032322C,2,1,Gliom,1,Gliom,evet,0.004497,0.995481,2.2e-05
2763,2764,brain_tumor_figshare/2764.mat,MR032322C,2,1,Gliom,1,Gliom,evet,0.000253,0.999688,5.9e-05
2764,2765,brain_tumor_figshare/2765.mat,MR032322C,2,1,Gliom,1,Gliom,evet,0.006157,0.993082,0.000761
2765,2766,brain_tumor_figshare/2766.mat,MR032322C,2,1,Gliom,1,Gliom,evet,0.007236,0.992114,0.00065
2766,2767,brain_tumor_figshare/2767.mat,MR032322C,2,1,Gliom,1,Gliom,evet,0.000499,0.999319,0.000182
2767,2768,brain_tumor_figshare/2768.mat,MR032322C,2,1,Gliom,1,Gliom,evet,0.005102,0.994504,0.000393
2768,2769,brain_tumor_figshare/2769.mat,MR037458B,2,1,Gliom,1,Gliom,evet,0.196522,0.802516,0.000962
2769,2770,brain_tumor_figshare/2770.mat,MR037458B,2,1,Gliom,1,Gliom,evet,0.387169,0.602137,0.010694
2770,2771,brain_tumor_figshare/2771.mat,MR037458B,2,1,Gliom,1,Gliom,evet,0.061438,0.938019,0.000543
2771,2772,brain_tumor_figshare/2772.mat,MR037458B,2,1,Gliom,1,Gliom,evet,0.003595,0.996292,0.000113
2772,2773,brain_tumor_figshare/2773.mat,MR037458B,2,1,Gliom,1,Gliom,evet,0.002441,0.997294,0.000265
2773,2774,brain_tumor_figshare/2774.mat,MR039473,4,1,Gliom,1,Gliom,evet,0.008899,0.990924,0.000177
2774,2775,brain_tumor_figshare/2775.mat,MR039473,4,1,Gliom,1,Gliom,evet,0.360523,0.637592,0.001885
2775,2776,brain_tumor_figshare/2776.mat,MR039473,4,1,Gliom,1,Gliom,evet,0.355519,0.640025,0.004456
2776,2777,brain_tumor_figshare/2777.mat,MR039473,4,1,Gliom,0,Meningiom,hayır,0.749848,0.249325,0.000827
2777,2778,brain_tumor_figshare/2778.mat,MR039473,4,1,Gliom,1,Gliom,evet,0.247342,0.752435,0.000223
2778,2779,brain_tumor_figshare/2779.mat,MR039473,4,1,Gliom,1,Gliom,evet,0.221823,0.777975,0.000202
2779,2780,brain_tumor_figshare/2780.mat,MR039473B,2,1,Gliom,1,Gliom,evet,0.034763,0.965051,0.000187
2780,2781,brain_tumor_figshare/2781.mat,MR039473B,2,1,Gliom,1,Gliom,evet,0.494902,0.504726,0.000373
2781,2782,brain_tumor_figshare/2782.mat,MR039473B,2,1,Gliom,1,Gliom,evet,0.370987,0.62814,0.000873
2782,2783,brain_tumor_figshare/2783.mat,MR039473B,2,1,Gliom,1,Gliom,evet,0.097518,0.899049,0.003433
2783,2784,brain_tumor_figshare/2784.mat,MR039473B,2,1,Gliom,1,Gliom,evet,0.022387,0.977237,0.000376
2784,2785,brain_tumor_figshare/2785.mat,MR039473B,2,1,Gliom,1,Gliom,evet,0.004981,0.994948,7.1e-05
2785,2786,brain_tumor_figshare/2786.mat,MR039473B,2,1,Gliom,1,Gliom,evet,0.009663,0.990001,0.000336
2786,2787,brain_tumor_figshare/2787.mat,MR040240,5,1,Gliom,1,Gliom,evet,0.01207,0.987034,0.000896
2787,2788,brain_tumor_figshare/2788.mat,MR040240,5,1,Gliom,1,Gliom,evet,0.005909,0.993945,0.000146
2788,2789,brain_tumor_figshare/2789.mat,MR040240,5,1,Gliom,1,Gliom,evet,0.017363,0.982462,0.000175
2789,2790,brain_tumor_figshare/2790.mat,MR040240,5,1,Gliom,1,Gliom,evet,0.095847,0.903791,0.000362
2790,2791,brain_tumor_figshare/2791.mat,MR040240,5,1,Gliom,1,Gliom,evet,0.027552,0.969871,0.002576
2791,2792,brain_tumor_figshare/2792.mat,MR040240,5,1,Gliom,1,Gliom,evet,0.012586,0.954617,0.032796
2792,2793,brain_tumor_figshare/2793.mat,MR040240,5,1,Gliom,2,Hipofiz tümörü,hayır,0.004136,0.359532,0.636332
2793,2794,brain_tumor_figshare/2794.mat,MR040240,5,1,Gliom,2,Hipofiz tümörü,hayır,0.008025,0.025497,0.966478
2794,2795,brain_tumor_figshare/2795.mat,MR040240B,3,1,Gliom,1,Gliom,evet,0.000777,0.998598,0.000625
2795,2796,brain_tumor_figshare/2796.mat,MR040240B,3,1,Gliom,1,Gliom,evet,0.00012,0.999406,0.000474
2796,2797,brain_tumor_figshare/2797.mat,MR040240B,3,1,Gliom,1,Gliom,evet,0.000192,0.999637,0.000171
2797,2798,brain_tumor_figshare/2798.mat,MR040240B,3,1,Gliom,1,Gliom,evet,0.046176,0.953624,0.0002
2798,2799,brain_tumor_figshare/2799.mat,MR040240B,3,1,Gliom,1,Gliom,evet,0.000892,0.999071,3.7e-05
2799,2800,brain_tumor_figshare/2800.mat,MR029209G,5,1,Gliom,1,Gliom,evet,0.0182,0.981747,5.3e-05
2800,2801,brain_tumor_figshare/2801.mat,MR029209G,5,1,Gliom,1,Gliom,evet,0.078982,0.920581,0.000437
2801,2802,brain_tumor_figshare/2802.mat,MR029209G,5,1,Gliom,1,Gliom,evet,0.001113,0.998869,1.8e-05
2802,2803,brain_tumor_figshare/2803.mat,MR029209G,5,1,Gliom,1,Gliom,evet,0.010403,0.98935,0.000247
2803,2804,brain_tumor_figshare/2804.mat,MR029209G,5,1,Gliom,1,Gliom,evet,0.047816,0.951889,0.000295
2804,2805,brain_tumor_figshare/2805.mat,MR036496B,3,1,Gliom,1,Gliom,evet,0.029526,0.970032,0.000442
2805,2806,brain_tumor_figshare/2806.mat,MR036496B,3,1,Gliom,1,Gliom,evet,0.001017,0.998936,4.7e-05
2806,2807,brain_tumor_figshare/2807.mat,MR036496B,3,1,Gliom,0,Meningiom,hayır,0.806062,0.193389,0.00055
2807,2808,brain_tumor_figshare/2808.mat,MR036496B,3,1,Gliom,1,Gliom,evet,0.025161,0.974767,7.2e-05
2808,2809,brain_tumor_figshare/2809.mat,MR033420,5,1,Gliom,0,Meningiom,hayır,0.683905,0.293721,0.022374
2809,2810,brain_tumor_figshare/2810.mat,MR033420,5,1,Gliom,0,Meningiom,hayır,0.834278,0.163306,0.002416
2810,2811,brain_tumor_figshare/2811.mat,MR033420,5,1,Gliom,1,Gliom,evet,0.137392,0.859574,0.003035
2811,2812,brain_tumor_figshare/2812.mat,MR033420,5,1,Gliom,1,Gliom,evet,0.008863,0.991095,4.2e-05
2812,2813,brain_tumor_figshare/2813.mat,MR033420,5,1,Gliom,1,Gliom,evet,0.000707,0.999265,2.8e-05
2813,2814,brain_tumor_figshare/2814.mat,MR033420,5,1,Gliom,1,Gliom,evet,0.00051,0.99946,3.1e-05
2814,2815,brain_tumor_figshare/2815.mat,MR033420,5,1,Gliom,1,Gliom,evet,0.000208,0.999779,1.3e-05
2815,2816,brain_tumor_figshare/2816.mat,MR033420,5,1,Gliom,1,Gliom,evet,0.066241,0.675823,0.257936
2816,2817,brain_tumor_figshare/2817.mat,MR024780B,1,1,Gliom,1,Gliom,evet,0.020513,0.979392,9.5e-05
2817,2818,brain_tumor_figshare/2818.mat,MR024780B,1,1,Gliom,0,Meningiom,hayır,0.577132,0.42254,0.000328
2818,2819,brain_tumor_figshare/2819.mat,MR024780B,1,1,Gliom,0,Meningiom,hayır,0.892327,0.107563,0.00011
2819,2820,brain_tumor_figshare/2820.mat,MR024780B,1,1,Gliom,0,Meningiom,hayır,0.950213,0.049384,0.000403
2820,2821,brain_tumor_figshare/2821.mat,MR033389B,4,1,Gliom,0,Meningiom,hayır,0.811661,0.188168,0.000171
2821,2822,brain_tumor_figshare/2822.mat,MR048294,1,1,Gliom,0,Meningiom,hayır,0.505592,0.36069,0.133718
2822,2823,brain_tumor_figshare/2823.mat,MR048297,1,1,Gliom,1,Gliom,evet,0.422711,0.576796,0.000493
2823,2824,brain_tumor_figshare/2824.mat,MR048297,1,1,Gliom,0,Meningiom,hayır,0.702274,0.29763,9.6e-05
2824,2825,brain_tumor_figshare/2825.mat,MR048297,1,1,Gliom,0,Meningiom,hayır,0.92186,0.076731,0.001409
2825,2826,brain_tumor_figshare/2826.mat,MR048297,1,1,Gliom,0,Meningiom,hayır,0.948417,0.051375,0.000208
2826,2827,brain_tumor_figshare/2827.mat,MR048297,1,1,Gliom,0,Meningiom,hayır,0.717973,0.281588,0.00044
2827,2828,brain_tumor_figshare/2828.mat,MR048297,1,1,Gliom,0,Meningiom,hayır,0.937187,0.062542,0.000272
2828,2829,brain_tumor_figshare/2829.mat,MR048297,1,1,Gliom,0,Meningiom,hayır,0.765124,0.234684,0.000192
2829,2830,brain_tumor_figshare/2830.mat,MR048297,1,1,Gliom,0,Meningiom,hayır,0.779411,0.219871,0.000718
2830,2831,brain_tumor_figshare/2831.mat,MR048294B,5,1,Gliom,2,Hipofiz tümörü,hayır,0.019529,0.430897,0.549575
2831,2832,brain_tumor_figshare/2832.mat,MR048294B,5,1,Gliom,2,Hipofiz tümörü,hayır,0.011824,0.068203,0.919973
2832,2833,brain_tumor_figshare/2833.mat,MR048294B,5,1,Gliom,2,Hipofiz tümörü,hayır,0.006883,0.023731,0.969386
2833,2834,brain_tumor_figshare/2834.mat,MR048294B,5,1,Gliom,2,Hipofiz tümörü,hayır,0.002154,0.003441,0.994405
2834,2835,brain_tumor_figshare/2835.mat,MR048294B,5,1,Gliom,2,Hipofiz tümörü,hayır,0.004188,0.016629,0.979183
2835,2836,brain_tumor_figshare/2836.mat,MR048294B,5,1,Gliom,1,Gliom,evet,0.254623,0.743752,0.001625
2836,2837,brain_tumor_figshare/2837.mat,MR048621B,5,1,Gliom,1,Gliom,evet,0.06575,0.931498,0.002751
2837,2838,brain_tumor_figshare/2838.mat,MR048621B,5,1,Gliom,1,Gliom,evet,0.295122,0.701575,0.003303
2838,2839,brain_tumor_figshare/2839.mat,MR048621B,5,1,Gliom,0,Meningiom,hayır,0.883098,0.116268,0.000634
2839,2840,brain_tumor_figshare/2840.mat,MR048944,5,1,Gliom,1,Gliom,evet,0.002713,0.997251,3.6e-05
2840,2841,brain_tumor_figshare/2841.mat,MR048944,5,1,Gliom,1,Gliom,evet,0.009414,0.990545,4.1e-05
2841,2842,brain_tumor_figshare/2842.mat,MR048944,5,1,Gliom,1,Gliom,evet,0.002312,0.997656,3.2e-05
2842,2843,brain_tumor_figshare/2843.mat,MR048944,5,1,Gliom,1,Gliom,evet,0.005725,0.994177,9.8e-05
2843,2844,brain_tumor_figshare/2844.mat,MR048944,5,1,Gliom,1,Gliom,evet,0.032931,0.966851,0.000218
2844,2845,brain_tumor_figshare/2845.mat,MR048944,5,1,Gliom,1,Gliom,evet,0.046541,0.801656,0.151803
2845,2846,brain_tumor_figshare/2846.mat,MR048994,2,1,Gliom,0,Meningiom,hayır,0.528805,0.428733,0.042462
2846,2847,brain_tumor_figshare/2847.mat,MR048994,2,1,Gliom,0,Meningiom,hayır,0.783751,0.215988,0.000261
2847,2848,brain_tumor_figshare/2848.mat,MR048994,2,1,Gliom,0,Meningiom,hayır,0.53771,0.462086,0.000204
2848,2849,brain_tumor_figshare/2849.mat,MR048994,2,1,Gliom,1,Gliom,evet,0.267051,0.732726,0.000223
2849,2850,brain_tumor_figshare/2850.mat,MR048994,2,1,Gliom,0,Meningiom,hayır,0.501564,0.498129,0.000307
2850,2851,brain_tumor_figshare/2851.mat,MR048994,2,1,Gliom,0,Meningiom,hayır,0.708813,0.290995,0.000192
2851,2852,brain_tumor_figshare/2852.mat,MR048994,2,1,Gliom,0,Meningiom,hayır,0.918536,0.08089,0.000574
2852,2853,brain_tumor_figshare/2853.mat,MR048994,2,1,Gliom,0,Meningiom,hayır,0.622887,0.375787,0.001326
2853,2854,brain_tumor_figshare/2854.mat,MR049104,1,1,Gliom,1,Gliom,evet,0.236858,0.762115,0.001027
2854,2855,brain_tumor_figshare/2855.mat,MR049104,1,1,Gliom,1,Gliom,evet,0.051197,0.948685,0.000119
2855,2856,brain_tumor_figshare/2856.mat,MR049104,1,1,Gliom,1,Gliom,evet,0.036555,0.962711,0.000735
2856,2857,brain_tumor_figshare/2857.mat,MR049104,1,1,Gliom,1,Gliom,evet,0.163058,0.835861,0.001081
2857,2858,brain_tumor_figshare/2858.mat,MR049142,5,1,Gliom,0,Meningiom,hayır,0.708543,0.290839,0.000618
2858,2859,brain_tumor_figshare/2859.mat,MR049142,5,1,Gliom,0,Meningiom,hayır,0.818754,0.180854,0.000392
2859,2860,brain_tumor_figshare/2860.mat,MR049142,5,1,Gliom,0,Meningiom,hayır,0.653105,0.346247,0.000648
2860,2861,brain_tumor_figshare/2861.mat,MR048994B,4,1,Gliom,1,Gliom,evet,0.007589,0.99183,0.000581
2861,2862,brain_tumor_figshare/2862.mat,MR048994B,4,1,Gliom,1,Gliom,evet,0.004963,0.994705,0.000332
2862,2863,brain_tumor_figshare/2863.mat,MR048994B,4,1,Gliom,1,Gliom,evet,0.001414,0.998477,0.000109
2863,2864,brain_tumor_figshare/2864.mat,MR048994B,4,1,Gliom,1,Gliom,evet,0.002401,0.997417,0.000182
2864,2865,brain_tumor_figshare/2865.mat,MR048994B,4,1,Gliom,1,Gliom,evet,0.020568,0.978277,0.001155
2865,2866,brain_tumor_figshare/2866.mat,MR049358,3,1,Gliom,2,Hipofiz tümörü,hayır,0.204066,0.369021,0.426912
2866,2867,brain_tumor_figshare/2867.mat,MR049358,3,1,Gliom,1,Gliom,evet,0.119813,0.831252,0.048935
2867,2868,brain_tumor_figshare/2868.mat,MR049358,3,1,Gliom,1,Gliom,evet,0.120579,0.831383,0.048038
2868,2869,brain_tumor_figshare/2869.mat,MR049358,3,1,Gliom,1,Gliom,evet,0.028516,0.968075,0.00341
2869,2870,brain_tumor_figshare/2870.mat,MR049358,3,1,Gliom,1,Gliom,evet,0.029089,0.969667,0.001244
2870,2871,brain_tumor_figshare/2871.mat,MR049358,3,1,Gliom,1,Gliom,evet,0.094706,0.903114,0.00218
2871,2872,brain_tumor_figshare/2872.mat,MR049358,3,1,Gliom,1,Gliom,evet,0.105542,0.892395,0.002064
2872,2873,brain_tumor_figshare/2873.mat,MR049104B,3,1,Gliom,1,Gliom,evet,0.032499,0.947369,0.020132
2873,2874,brain_tumor_figshare/2874.mat,MR049104B,3,1,Gliom,0,Meningiom,hayır,0.475156,0.412547,0.112297
2874,2875,brain_tumor_figshare/2875.mat,MR049104B,3,1,Gliom,1,Gliom,evet,0.291374,0.56316,0.145466
2875,2876,brain_tumor_figshare/2876.mat,MR049453,2,1,Gliom,1,Gliom,evet,0.010243,0.989053,0.000704
2876,2877,brain_tumor_figshare/2877.mat,MR049453,2,1,Gliom,1,Gliom,evet,0.041601,0.958286,0.000113
2877,2878,brain_tumor_figshare/2878.mat,MR049453,2,1,Gliom,1,Gliom,evet,0.19871,0.801101,0.00019
2878,2879,brain_tumor_figshare/2879.mat,MR049453,2,1,Gliom,1,Gliom,evet,0.077684,0.922192,0.000125
2879,2880,brain_tumor_figshare/2880.mat,MR049453,2,1,Gliom,1,Gliom,evet,0.001613,0.99828,0.000107
2880,2881,brain_tumor_figshare/2881.mat,MR049453,2,1,Gliom,1,Gliom,evet,0.059398,0.940241,0.000361
2881,2882,brain_tumor_figshare/2882.mat,MR049453,2,1,Gliom,1,Gliom,evet,0.313346,0.686193,0.000462
2882,2883,brain_tumor_figshare/2883.mat,MR049453,2,1,Gliom,1,Gliom,evet,0.053693,0.859613,0.086694
2883,2884,brain_tumor_figshare/2884.mat,MR049453,2,1,Gliom,1,Gliom,evet,0.043614,0.955253,0.001133
2884,2885,brain_tumor_figshare/2885.mat,MR024780G,1,1,Gliom,1,Gliom,evet,0.027418,0.972105,0.000477
2885,2886,brain_tumor_figshare/2886.mat,MR024780G,1,1,Gliom,1,Gliom,evet,0.146174,0.853415,0.000411
2886,2887,brain_tumor_figshare/2887.mat,MR024780G,1,1,Gliom,1,Gliom,evet,0.021469,0.978489,4.3e-05
2887,2888,brain_tumor_figshare/2888.mat,MR024780G,1,1,Gliom,1,Gliom,evet,0.378359,0.621573,6.8e-05
2888,2889,brain_tumor_figshare/2889.mat,MR024780G,1,1,Gliom,1,Gliom,evet,0.009916,0.990038,4.6e-05
2889,2890,brain_tumor_figshare/2890.mat,MR024780G,1,1,Gliom,1,Gliom,evet,0.000761,0.999208,3.1e-05
2890,2891,brain_tumor_figshare/2891.mat,MR050135B,2,1,Gliom,1,Gliom,evet,0.184141,0.815422,0.000437
2891,2892,brain_tumor_figshare/2892.mat,MR050135B,2,1,Gliom,0,Meningiom,hayır,0.504849,0.495002,0.000149
2892,2893,brain_tumor_figshare/2893.mat,MR050135B,2,1,Gliom,1,Gliom,evet,0.022415,0.977507,7.8e-05
2893,2894,brain_tumor_figshare/2894.mat,MR050135B,2,1,Gliom,1,Gliom,evet,0.023789,0.976152,5.9e-05
2894,2895,brain_tumor_figshare/2895.mat,MR050135B,2,1,Gliom,2,Hipofiz tümörü,hayır,0.020358,0.054988,0.924655
2895,2896,brain_tumor_figshare/2896.mat,MR050135B,2,1,Gliom,1,Gliom,evet,0.181473,0.815817,0.00271
2896,2897,brain_tumor_figshare/2897.mat,MR050135B,2,1,Gliom,1,Gliom,evet,0.078656,0.920168,0.001176
2897,2898,brain_tumor_figshare/2898.mat,MR050135B,2,1,Gliom,1,Gliom,evet,0.224944,0.773909,0.001148
2898,2899,brain_tumor_figshare/2899.mat,MR050135B,2,1,Gliom,1,Gliom,evet,0.4344,0.562861,0.002739
2899,2900,brain_tumor_figshare/2900.mat,MR050687,1,1,Gliom,2,Hipofiz tümörü,hayır,0.39829,0.15963,0.44208
2900,2901,brain_tumor_figshare/2901.mat,MR050687,1,1,Gliom,2,Hipofiz tümörü,hayır,0.145111,0.057821,0.797067
2901,2902,brain_tumor_figshare/2902.mat,MR050687,1,1,Gliom,2,Hipofiz tümörü,hayır,0.12433,0.288695,0.586974
2902,2903,brain_tumor_figshare/2903.mat,MR050687,1,1,Gliom,0,Meningiom,hayır,0.497913,0.137071,0.365017
2903,2904,brain_tumor_figshare/2904.mat,MR050687,1,1,Gliom,2,Hipofiz tümörü,hayır,0.105387,0.028209,0.866404
2904,2905,brain_tumor_figshare/2905.mat,MR050687,1,1,Gliom,1,Gliom,evet,0.150228,0.521288,0.328484
2905,2906,brain_tumor_figshare/2906.mat,MR050791B,4,1,Gliom,1,Gliom,evet,0.008157,0.989482,0.00236
2906,2907,brain_tumor_figshare/2907.mat,MR050791B,4,1,Gliom,1,Gliom,evet,0.249726,0.749169,0.001104
2907,2908,brain_tumor_figshare/2908.mat,MR050791B,4,1,Gliom,1,Gliom,evet,0.262793,0.736755,0.000452
2908,2909,brain_tumor_figshare/2909.mat,MR050791B,4,1,Gliom,0,Meningiom,hayır,0.930341,0.069449,0.00021
2909,2910,brain_tumor_figshare/2910.mat,MR050791B,4,1,Gliom,1,Gliom,evet,0.267206,0.731666,0.001127
2910,2911,brain_tumor_figshare/2911.mat,MR050791B,4,1,Gliom,1,Gliom,evet,0.056114,0.943154,0.000732
2911,2912,brain_tumor_figshare/2912.mat,MR050791B,4,1,Gliom,1,Gliom,evet,0.052518,0.946888,0.000594
2912,2913,brain_tumor_figshare/2913.mat,MR050791B,4,1,Gliom,1,Gliom,evet,0.003777,0.996174,4.9e-05
2913,2914,brain_tumor_figshare/2914.mat,MR049019C,4,1,Gliom,0,Meningiom,hayır,0.971752,0.027714,0.000534
2914,2915,brain_tumor_figshare/2915.mat,MR049019C,4,1,Gliom,0,Meningiom,hayır,0.524557,0.468604,0.006839
2915,2916,brain_tumor_figshare/2916.mat,MR049019C,4,1,Gliom,0,Meningiom,hayır,0.568063,0.431078,0.000859
2916,2917,brain_tumor_figshare/2917.mat,MR049019C,4,1,Gliom,0,Meningiom,hayır,0.980057,0.019707,0.000236
2917,2918,brain_tumor_figshare/2918.mat,MR051461,2,1,Gliom,1,Gliom,evet,0.15879,0.841064,0.000146
2918,2919,brain_tumor_figshare/2919.mat,MR051461,2,1,Gliom,0,Meningiom,hayır,0.676293,0.323322,0.000385
2919,2920,brain_tumor_figshare/2920.mat,MR051461,2,1,Gliom,1,Gliom,evet,0.28568,0.714198,0.000122
2920,2921,brain_tumor_figshare/2921.mat,MR051461,2,1,Gliom,1,Gliom,evet,0.436338,0.563143,0.00052
2921,2922,brain_tumor_figshare/2922.mat,MR051461,2,1,Gliom,1,Gliom,evet,0.3045,0.695268,0.000232
2922,2923,brain_tumor_figshare/2923.mat,MR051461,2,1,Gliom,1,Gliom,evet,0.150371,0.849169,0.00046
2923,2924,brain_tumor_figshare/2924.mat,MR051461,2,1,Gliom,1,Gliom,evet,0.19283,0.806283,0.000887
2924,2925,brain_tumor_figshare/2925.mat,MR051586,5,1,Gliom,1,Gliom,evet,0.017619,0.981952,0.000429
2925,2926,brain_tumor_figshare/2926.mat,MR051586,5,1,Gliom,1,Gliom,evet,0.080437,0.918478,0.001085
2926,2927,brain_tumor_figshare/2927.mat,MR051586,5,1,Gliom,1,Gliom,evet,0.01989,0.979753,0.000357
2927,2928,brain_tumor_figshare/2928.mat,MR051586,5,1,Gliom,1,Gliom,evet,0.001801,0.998158,4e-05
2928,2929,brain_tumor_figshare/2929.mat,MR051586,5,1,Gliom,1,Gliom,evet,0.096892,0.90198,0.001128
2929,2930,brain_tumor_figshare/2930.mat,MR051586,5,1,Gliom,1,Gliom,evet,0.340098,0.658616,0.001287
2930,2931,brain_tumor_figshare/2931.mat,MR051586,5,1,Gliom,1,Gliom,evet,0.168,0.831242,0.000757
2931,2932,brain_tumor_figshare/2932.mat,MR051586,5,1,Gliom,1,Gliom,evet,0.36358,0.635926,0.000494
2932,2933,brain_tumor_figshare/2933.mat,MR051586,5,1,Gliom,1,Gliom,evet,0.150806,0.848858,0.000336
2933,2934,brain_tumor_figshare/2934.mat,MR051644,4,1,Gliom,1,Gliom,evet,0.021987,0.97238,0.005634
2934,2935,brain_tumor_figshare/2935.mat,MR051644,4,1,Gliom,1,Gliom,evet,0.017408,0.969345,0.013247
2935,2936,brain_tumor_figshare/2936.mat,MR051644,4,1,Gliom,1,Gliom,evet,0.097934,0.890121,0.011946
2936,2937,brain_tumor_figshare/2937.mat,MR051644,4,1,Gliom,1,Gliom,evet,0.019804,0.967291,0.012905
2937,2938,brain_tumor_figshare/2938.mat,MR051644,4,1,Gliom,1,Gliom,evet,0.000836,0.998837,0.000327
2938,2939,brain_tumor_figshare/2939.mat,MR051644,4,1,Gliom,1,Gliom,evet,0.001734,0.998206,6e-05
2939,2940,brain_tumor_figshare/2940.mat,MR051644,4,1,Gliom,1,Gliom,evet,0.00174,0.998221,3.9e-05
2940,2941,brain_tumor_figshare/2941.mat,MR051644,4,1,Gliom,1,Gliom,evet,0.001956,0.997941,0.000103
2941,2942,brain_tumor_figshare/2942.mat,MR051644,4,1,Gliom,1,Gliom,evet,0.007664,0.992195,0.00014
2942,2943,brain_tumor_figshare/2943.mat,MR051644,4,1,Gliom,1,Gliom,evet,0.002408,0.997543,4.8e-05
2943,2944,brain_tumor_figshare/2944.mat,MR051651,1,1,Gliom,1,Gliom,evet,0.181462,0.818255,0.000283
2944,2945,brain_tumor_figshare/2945.mat,MR051651,1,1,Gliom,1,Gliom,evet,0.251977,0.747855,0.000167
2945,2946,brain_tumor_figshare/2946.mat,MR051651,1,1,Gliom,1,Gliom,evet,0.184417,0.815398,0.000185
2946,2947,brain_tumor_figshare/2947.mat,MR051651,1,1,Gliom,1,Gliom,evet,0.21304,0.785254,0.001705
2947,2948,brain_tumor_figshare/2948.mat,MR051796,4,1,Gliom,0,Meningiom,hayır,0.977054,0.02293,1.7e-05
2948,2949,brain_tumor_figshare/2949.mat,MR051796,4,1,Gliom,1,Gliom,evet,0.395235,0.604563,0.000202
2949,2950,brain_tumor_figshare/2950.mat,MR051796,4,1,Gliom,0,Meningiom,hayır,0.766962,0.232893,0.000144
2950,2951,brain_tumor_figshare/2951.mat,MR051796,4,1,Gliom,1,Gliom,evet,0.151117,0.848653,0.000229
2951,2952,brain_tumor_figshare/2952.mat,MR051796,4,1,Gliom,1,Gliom,evet,0.228597,0.771263,0.00014
2952,2953,brain_tumor_figshare/2953.mat,MR051796,4,1,Gliom,1,Gliom,evet,0.034822,0.965033,0.000144
2953,2954,brain_tumor_figshare/2954.mat,MR051796,4,1,Gliom,1,Gliom,evet,0.271063,0.727941,0.000996
2954,2955,brain_tumor_figshare/2955.mat,MR051651B,3,1,Gliom,1,Gliom,evet,0.042364,0.956404,0.001232
2955,2956,brain_tumor_figshare/2956.mat,MR051651B,3,1,Gliom,1,Gliom,evet,0.002362,0.997627,1.2e-05
2956,2957,brain_tumor_figshare/2957.mat,MR051651B,3,1,Gliom,1,Gliom,evet,0.002297,0.997686,1.6e-05
2957,2958,brain_tumor_figshare/2958.mat,MR051651B,3,1,Gliom,1,Gliom,evet,0.002097,0.997874,2.8e-05
2958,2959,brain_tumor_figshare/2959.mat,MR051651B,3,1,Gliom,1,Gliom,evet,0.060349,0.939101,0.00055
2959,2960,brain_tumor_figshare/2960.mat,MR051651B,3,1,Gliom,1,Gliom,evet,0.016256,0.983516,0.000228
2960,2961,brain_tumor_figshare/2961.mat,MR051644B,3,1,Gliom,1,Gliom,evet,0.001662,0.979236,0.019102
2961,2962,brain_tumor_figshare/2962.mat,MR051644B,3,1,Gliom,1,Gliom,evet,0.001396,0.954868,0.043735
2962,2963,brain_tumor_figshare/2963.mat,MR051644B,3,1,Gliom,1,Gliom,evet,0.000457,0.999494,4.9e-05
2963,2964,brain_tumor_figshare/2964.mat,MR051644B,3,1,Gliom,1,Gliom,evet,0.000709,0.999209,8.1e-05
2964,2965,brain_tumor_figshare/2965.mat,MR051644B,3,1,Gliom,1,Gliom,evet,0.000257,0.999713,3e-05
2965,2966,brain_tumor_figshare/2966.mat,MR051644B,3,1,Gliom,1,Gliom,evet,0.002034,0.99777,0.000196
2966,2967,brain_tumor_figshare/2967.mat,MR051644B,3,1,Gliom,1,Gliom,evet,0.02969,0.970109,0.000201
2967,2968,brain_tumor_figshare/2968.mat,MR051644B,3,1,Gliom,0,Meningiom,hayır,0.552431,0.446861,0.000708
2968,2969,brain_tumor_figshare/2969.mat,MR051644B,3,1,Gliom,1,Gliom,evet,0.002283,0.997643,7.4e-05
2969,2970,brain_tumor_figshare/2970.mat,MR051796B,5,1,Gliom,1,Gliom,evet,0.076991,0.922157,0.000851
2970,2971,brain_tumor_figshare/2971.mat,MR051796B,5,1,Gliom,1,Gliom,evet,0.01054,0.989373,8.6e-05
2971,2972,brain_tumor_figshare/2972.mat,MR051796B,5,1,Gliom,1,Gliom,evet,0.009656,0.990126,0.000218
2972,2973,brain_tumor_figshare/2973.mat,MR051796B,5,1,Gliom,1,Gliom,evet,0.003696,0.996187,0.000118
2973,2974,brain_tumor_figshare/2974.mat,MR051796B,5,1,Gliom,1,Gliom,evet,0.310778,0.674981,0.01424
2974,2975,brain_tumor_figshare/2975.mat,MR052550,1,1,Gliom,1,Gliom,evet,0.234547,0.764602,0.00085
2975,2976,brain_tumor_figshare/2976.mat,MR052550,1,1,Gliom,1,Gliom,evet,0.088771,0.905269,0.005959
2976,2977,brain_tumor_figshare/2977.mat,MR052550,1,1,Gliom,1,Gliom,evet,0.096126,0.901946,0.001928
2977,2978,brain_tumor_figshare/2978.mat,MR052550,1,1,Gliom,0,Meningiom,hayır,0.805621,0.193011,0.001368
2978,2979,brain_tumor_figshare/2979.mat,MR052550,1,1,Gliom,1,Gliom,evet,0.198238,0.801432,0.000329
2979,2980,brain_tumor_figshare/2980.mat,MR052550,1,1,Gliom,1,Gliom,evet,0.346779,0.652997,0.000224
2980,2981,brain_tumor_figshare/2981.mat,MR052550,1,1,Gliom,1,Gliom,evet,0.409581,0.590201,0.000218
2981,2982,brain_tumor_figshare/2982.mat,MR052550,1,1,Gliom,1,Gliom,evet,0.341616,0.656622,0.001762
2982,2983,brain_tumor_figshare/2983.mat,MR051644C,4,1,Gliom,1,Gliom,evet,0.000479,0.999494,2.7e-05
2983,2984,brain_tumor_figshare/2984.mat,MR051644C,4,1,Gliom,1,Gliom,evet,0.00819,0.991693,0.000117
2984,2985,brain_tumor_figshare/2985.mat,MR051644C,4,1,Gliom,1,Gliom,evet,0.017469,0.978286,0.004245
2985,2986,brain_tumor_figshare/2986.mat,MR051644C,4,1,Gliom,1,Gliom,evet,0.000178,0.999814,8e-06
2986,2987,brain_tumor_figshare/2987.mat,MR051644C,4,1,Gliom,1,Gliom,evet,8.3e-05,0.999911,6e-06
2987,2988,brain_tumor_figshare/2988.mat,MR051644C,4,1,Gliom,1,Gliom,evet,0.000107,0.999884,9e-06
2988,2989,brain_tumor_figshare/2989.mat,MR051644C,4,1,Gliom,1,Gliom,evet,0.000184,0.999806,1e-05
2989,2990,brain_tumor_figshare/2990.mat,MR051644C,4,1,Gliom,1,Gliom,evet,0.000632,0.999349,1.9e-05
2990,2991,brain_tumor_figshare/2991.mat,MR051644C,4,1,Gliom,1,Gliom,evet,0.000833,0.999138,2.9e-05
2991,2992,brain_tumor_figshare/2992.mat,MR051644C,4,1,Gliom,1,Gliom,evet,0.000345,0.999628,2.7e-05
2992,2993,brain_tumor_figshare/2993.mat,MR049942B,3,1,Gliom,1,Gliom,evet,0.197256,0.800792,0.001952
2993,2994,brain_tumor_figshare/2994.mat,MR049942B,3,1,Gliom,0,Meningiom,hayır,0.527242,0.472015,0.000744
2994,2995,brain_tumor_figshare/2995.mat,MR049942B,3,1,Gliom,1,Gliom,evet,0.107735,0.891655,0.000609
2995,2996,brain_tumor_figshare/2996.mat,MR052585B,5,1,Gliom,1,Gliom,evet,0.376677,0.622846,0.000477
2996,2997,brain_tumor_figshare/2997.mat,MR052585B,5,1,Gliom,1,Gliom,evet,0.029883,0.969957,0.000159
2997,2998,brain_tumor_figshare/2998.mat,MR052585B,5,1,Gliom,1,Gliom,evet,0.000207,0.999777,1.6e-05
2998,2999,brain_tumor_figshare/2999.mat,MR053110B,1,1,Gliom,1,Gliom,evet,0.047861,0.898869,0.05327
2999,3000,brain_tumor_figshare/3000.mat,MR053110B,1,1,Gliom,1,Gliom,evet,0.021067,0.968419,0.010513
3000,3001,brain_tumor_figshare/3001.mat,MR053110B,1,1,Gliom,1,Gliom,evet,0.002573,0.990284,0.007143
3001,3002,brain_tumor_figshare/3002.mat,MR053110B,1,1,Gliom,1,Gliom,evet,0.010076,0.98429,0.005634
3002,3003,brain_tumor_figshare/3003.mat,MR053110B,1,1,Gliom,1,Gliom,evet,0.001134,0.996764,0.002103
3003,3004,brain_tumor_figshare/3004.mat,MR053110B,1,1,Gliom,1,Gliom,evet,0.020534,0.976908,0.002558
3004,3005,brain_tumor_figshare/3005.mat,MR034694,2,1,Gliom,1,Gliom,evet,0.080929,0.917975,0.001096
3005,3006,brain_tumor_figshare/3006.mat,MR034694,2,1,Gliom,1,Gliom,evet,0.170477,0.829287,0.000236
3006,3007,brain_tumor_figshare/3007.mat,MR034694,2,1,Gliom,1,Gliom,evet,0.216635,0.782484,0.000881
3007,3008,brain_tumor_figshare/3008.mat,MR034694,2,1,Gliom,1,Gliom,evet,0.024273,0.975444,0.000283
3008,3009,brain_tumor_figshare/3009.mat,MR054875,1,1,Gliom,2,Hipofiz tümörü,hayır,0.316873,0.028297,0.654831
3009,3010,brain_tumor_figshare/3010.mat,MR054875,1,1,Gliom,0,Meningiom,hayır,0.789167,0.043904,0.166929
3010,3011,brain_tumor_figshare/3011.mat,MR054875,1,1,Gliom,2,Hipofiz tümörü,hayır,0.011417,0.066648,0.921935
3011,3012,brain_tumor_figshare/3012.mat,MR054875,1,1,Gliom,1,Gliom,evet,0.007732,0.989916,0.002351
3012,3013,brain_tumor_figshare/3013.mat,MR054875,1,1,Gliom,1,Gliom,evet,0.143352,0.839611,0.017037
3013,3014,brain_tumor_figshare/3014.mat,MR050687C,5,1,Gliom,1,Gliom,evet,0.016709,0.890119,0.093172
3014,3015,brain_tumor_figshare/3015.mat,MR050687C,5,1,Gliom,1,Gliom,evet,0.103256,0.890858,0.005885
3015,3016,brain_tumor_figshare/3016.mat,MR050687C,5,1,Gliom,1,Gliom,evet,0.054569,0.940628,0.004803
3016,3017,brain_tumor_figshare/3017.mat,MR050687C,5,1,Gliom,1,Gliom,evet,0.000596,0.99496,0.004444
3017,3018,brain_tumor_figshare/3018.mat,MR050687C,5,1,Gliom,1,Gliom,evet,0.000774,0.997803,0.001423
3018,3019,brain_tumor_figshare/3019.mat,MR050687C,5,1,Gliom,2,Hipofiz tümörü,hayır,0.069192,0.039634,0.891175
3019,3020,brain_tumor_figshare/3020.mat,MR056144,5,1,Gliom,1,Gliom,evet,0.097261,0.901603,0.001137
3020,3021,brain_tumor_figshare/3021.mat,MR056144,5,1,Gliom,0,Meningiom,hayır,0.763833,0.234506,0.001661
3021,3022,brain_tumor_figshare/3022.mat,MR034997,3,1,Gliom,2,Hipofiz tümörü,hayır,0.249551,0.269722,0.480727
3022,3023,brain_tumor_figshare/3023.mat,MR034997,3,1,Gliom,1,Gliom,evet,0.271905,0.552563,0.175531
3023,3024,brain_tumor_figshare/3024.mat,MR034997,3,1,Gliom,1,Gliom,evet,0.422504,0.528052,0.049444
3024,3025,brain_tumor_figshare/3025.mat,MR034997,3,1,Gliom,1,Gliom,evet,0.215549,0.782706,0.001746
3025,3026,brain_tumor_figshare/3026.mat,MR034997,3,1,Gliom,1,Gliom,evet,0.380561,0.611781,0.007658
3026,3027,brain_tumor_figshare/3027.mat,MR034997,3,1,Gliom,0,Meningiom,hayır,0.659523,0.319235,0.021242
3027,3028,brain_tumor_figshare/3028.mat,MR034997,3,1,Gliom,2,Hipofiz tümörü,hayır,0.042726,0.079615,0.877659
3028,3029,brain_tumor_figshare/3029.mat,MR029209E,5,1,Gliom,1,Gliom,evet,0.008034,0.986022,0.005944
3029,3030,brain_tumor_figshare/3030.mat,53669,5,0,Meningiom,0,Meningiom,evet,0.887569,0.112067,0.000364
3030,3031,brain_tumor_figshare/3031.mat,MR033389B,4,1,Gliom,0,Meningiom,hayır,0.539551,0.460245,0.000204
3031,3032,brain_tumor_figshare/3032.mat,MR033389B,4,1,Gliom,1,Gliom,evet,0.153358,0.846512,0.00013
3032,3033,brain_tumor_figshare/3033.mat,MR033389B,4,1,Gliom,1,Gliom,evet,0.195516,0.804317,0.000167
3033,3034,brain_tumor_figshare/3034.mat,MR033389B,4,1,Gliom,1,Gliom,evet,0.012496,0.987437,6.8e-05
3034,3035,brain_tumor_figshare/3035.mat,MR033389B,4,1,Gliom,1,Gliom,evet,0.062907,0.937019,7.4e-05
3035,3036,brain_tumor_figshare/3036.mat,MR033389B,4,1,Gliom,1,Gliom,evet,0.361111,0.638847,4.3e-05
3036,3037,brain_tumor_figshare/3037.mat,MR033389B,4,1,Gliom,0,Meningiom,hayır,0.584995,0.414941,6.4e-05
3037,3038,brain_tumor_figshare/3038.mat,MR033389B,4,1,Gliom,0,Meningiom,hayır,0.542663,0.45723,0.000107
3038,3039,brain_tumor_figshare/3039.mat,MR024780E,4,1,Gliom,1,Gliom,evet,0.17923,0.820567,0.000203
3039,3040,brain_tumor_figshare/3040.mat,MR024780E,4,1,Gliom,1,Gliom,evet,0.012375,0.987036,0.000589
3040,3041,brain_tumor_figshare/3041.mat,MR024780E,4,1,Gliom,1,Gliom,evet,0.006034,0.993879,8.6e-05
3041,3042,brain_tumor_figshare/3042.mat,MR040240C,2,1,Gliom,1,Gliom,evet,0.432912,0.566814,0.000275
3042,3043,brain_tumor_figshare/3043.mat,MR040240C,2,1,Gliom,0,Meningiom,hayır,0.952682,0.046881,0.000437
3043,3044,brain_tumor_figshare/3044.mat,MR040240C,2,1,Gliom,1,Gliom,evet,0.0107,0.987947,0.001353
3044,3045,brain_tumor_figshare/3045.mat,MR040240C,2,1,Gliom,1,Gliom,evet,0.006609,0.992936,0.000456
3045,3046,brain_tumor_figshare/3046.mat,MR040240C,2,1,Gliom,1,Gliom,evet,0.03021,0.96833,0.00146
3046,3047,brain_tumor_figshare/3047.mat,MR040240D,4,1,Gliom,1,Gliom,evet,0.034335,0.965434,0.000231
3047,3048,brain_tumor_figshare/3048.mat,MR040240D,4,1,Gliom,1,Gliom,evet,0.016502,0.981561,0.001936
3048,3049,brain_tumor_figshare/3049.mat,MR017260F,2,1,Gliom,1,Gliom,evet,0.073729,0.926014,0.000257
3049,3050,brain_tumor_figshare/3050.mat,MR017260F,2,1,Gliom,1,Gliom,evet,0.066695,0.933215,9.1e-05
3050,3051,brain_tumor_figshare/3051.mat,MR017260F,2,1,Gliom,1,Gliom,evet,0.081673,0.918265,6.2e-05
3051,3052,brain_tumor_figshare/3052.mat,MR017260F,2,1,Gliom,1,Gliom,evet,0.038274,0.961686,4e-05
3052,3053,brain_tumor_figshare/3053.mat,MR017260F,2,1,Gliom,1,Gliom,evet,0.004078,0.995911,1e-05
3053,3054,brain_tumor_figshare/3054.mat,MR017260F,2,1,Gliom,1,Gliom,evet,0.001368,0.99862,1.2e-05
3054,3055,brain_tumor_figshare/3055.mat,MR017260F,2,1,Gliom,1,Gliom,evet,0.000196,0.999798,7e-06
3055,3056,brain_tumor_figshare/3056.mat,MR029209I,4,1,Gliom,1,Gliom,evet,0.480317,0.51918,0.000503
3056,3057,brain_tumor_figshare/3057.mat,MR029209I,4,1,Gliom,0,Meningiom,hayır,0.643526,0.356177,0.000297
3057,3058,brain_tumor_figshare/3058.mat,MR029209I,4,1,Gliom,1,Gliom,evet,0.000209,0.999786,5e-06
3058,3059,brain_tumor_figshare/3059.mat,MR029209I,4,1,Gliom,1,Gliom,evet,0.003859,0.996131,1.1e-05
3059,3060,brain_tumor_figshare/3060.mat,MR029209I,4,1,Gliom,1,Gliom,evet,0.000349,0.999647,3e-06
3060,3061,brain_tumor_figshare/3061.mat,MR029209I,4,1,Gliom,1,Gliom,evet,0.021655,0.978304,4.1e-05
3061,3062,brain_tumor_figshare/3062.mat,MR029209I,4,1,Gliom,1,Gliom,evet,0.184304,0.815485,0.00021
3062,3063,brain_tumor_figshare/3063.mat,95969,2,0,Meningiom,1,Gliom,hayır,0.013499,0.984631,0.00187
3063,3064,brain_tumor_figshare/3064.mat,88510,1,0,Meningiom,1,Gliom,hayır,0.008052,0.991918,2.9e-05
