satir,gercek,tahmin
0,COVID-19,COVID-19
1,COVID-19,COVID-19
2,COVID-19,COVID-19
3,COVID-19,COVID-19
4,COVID-19,COVID-19
5,COVID-19,COVID-19
6,COVID-19,COVID-19
7,COVID-19,COVID-19
8,COVID-19,COVID-19
9,COVID-19,Normal
10,COVID-19,COVID-19
11,COVID-19,COVID-19
12,COVID-19,COVID-19
13,COVID-19,COVID-19
14,COVID-19,COVID-19
15,COVID-19,COVID-19
16,COVID-19,COVID-19
17,COVID-19,COVID-19
18,COVID-19,COVID-19
19,COVID-19,COVID-19
20,COVID-19,COVID-19
21,COVID-19,COVID-19
22,COVID-19,COVID-19
23,COVID-19,COVID-19
24,COVID-19,COVID-19
25,COVID-19,COVID-19
26,COVID-19,COVID-19
27,COVID-19,COVID-19
28,COVID-19,COVID-19
29,COVID-19,COVID-19
30,COVID-19,COVID-19
31,COVID-19,COVID-19
32,COVID-19,COVID-19
33,COVID-19,COVID-19
34,COVID-19,COVID-19
35,COVID-19,COVID-19
36,COVID-19,COVID-19
37,COVID-19,COVID-19
38,COVID-19,COVID-19
39,COVID-19,COVID-19
40,COVID-19,COVID-19
41,COVID-19,COVID-19
42,COVID-19,COVID-19
43,COVID-19,COVID-19
44,COVID-19,COVID-19
45,COVID-19,COVID-19
46,COVID-19,COVID-19
47,COVID-19,COVID-19
48,COVID-19,COVID-19
49,COVID-19,COVID-19
50,COVID-19,COVID-19
51,COVID-19,COVID-19
52,COVID-19,COVID-19
53,COVID-19,COVID-19
54,COVID-19,COVID-19
55,COVID-19,COVID-19
56,COVID-19,COVID-19
57,COVID-19,COVID-19
58,COVID-19,COVID-19
59,COVID-19,COVID-19
60,COVID-19,COVID-19
61,COVID-19,COVID-19
62,COVID-19,COVID-19
63,COVID-19,COVID-19
64,COVID-19,COVID-19
65,COVID-19,COVID-19
66,COVID-19,COVID-19
67,COVID-19,COVID-19
68,COVID-19,COVID-19
69,COVID-19,COVID-19
70,COVID-19,COVID-19
71,COVID-19,COVID-19
72,COVID-19,COVID-19
73,COVID-19,COVID-19
74,COVID-19,COVID-19
75,COVID-19,COVID-19
76,COVID-19,COVID-19
77,COVID-19,COVID-19
78,COVID-19,COVID-19
79,COVID-19,COVID-19
80,COVID-19,COVID-19
81,COVID-19,COVID-19
82,COVID-19,COVID-19
83,COVID-19,COVID-19
84,COVID-19,COVID-19
85,COVID-19,COVID-19
86,COVID-19,COVID-19
87,COVID-19,COVID-19
88,COVID-19,COVID-19
89,COVID-19,COVID-19
90,COVID-19,COVID-19
91,COVID-19,COVID-19
92,COVID-19,COVID-19
93,COVID-19,COVID-19
94,COVID-19,COVID-19
95,COVID-19,COVID-19
96,COVID-19,COVID-19
97,COVID-19,COVID-19
98,COVID-19,COVID-19
99,COVID-19,COVID-19
100,COVID-19,COVID-19
101,COVID-19,COVID-19
102,COVID-19,COVID-19
103,COVID-19,COVID-19
104,COVID-19,COVID-19
105,COVID-19,COVID-19
106,COVID-19,COVID-19
107,COVID-19,COVID-19
108,COVID-19,COVID-19
109,COVID-19,COVID-19
110,COVID-19,COVID-19
111,COVID-19,COVID-19
112,COVID-19,COVID-19
113,COVID-19,COVID-19
114,COVID-19,COVID-19
115,COVID-19,COVID-19
116,COVID-19,COVID-19
117,COVID-19,COVID-19
118,COVID-19,COVID-19
119,COVID-19,COVID-19
120,COVID-19,COVID-19
121,COVID-19,COVID-19
122,COVID-19,COVID-19
123,COVID-19,COVID-19
124,COVID-19,COVID-19
125,COVID-19,COVID-19
126,COVID-19,COVID-19
127,COVID-19,COVID-19
128,COVID-19,COVID-19
129,COVID-19,COVID-19
130,COVID-19,COVID-19
131,COVID-19,COVID-19
132,COVID-19,COVID-19
133,COVID-19,COVID-19
134,COVID-19,COVID-19
135,COVID-19,COVID-19
136,COVID-19,COVID-19
137,COVID-19,COVID-19
138,COVID-19,COVID-19
139,COVID-19,COVID-19
140,COVID-19,COVID-19
141,COVID-19,COVID-19
142,COVID-19,COVID-19
143,COVID-19,COVID-19
144,COVID-19,COVID-19
145,COVID-19,COVID-19
146,COVID-19,COVID-19
147,COVID-19,COVID-19
148,COVID-19,COVID-19
149,COVID-19,Normal
150,COVID-19,COVID-19
151,COVID-19,COVID-19
152,COVID-19,COVID-19
153,COVID-19,COVID-19
154,COVID-19,COVID-19
155,COVID-19,COVID-19
156,COVID-19,COVID-19
157,COVID-19,COVID-19
158,COVID-19,COVID-19
159,COVID-19,COVID-19
160,COVID-19,COVID-19
161,COVID-19,COVID-19
162,COVID-19,COVID-19
163,COVID-19,COVID-19
164,COVID-19,COVID-19
165,COVID-19,COVID-19
166,COVID-19,COVID-19
167,COVID-19,COVID-19
168,COVID-19,COVID dışı pnömoni
169,COVID-19,COVID-19
170,COVID-19,COVID-19
171,COVID-19,COVID-19
172,COVID-19,COVID-19
173,COVID-19,COVID-19
174,COVID-19,COVID-19
175,COVID-19,COVID-19
176,COVID-19,COVID-19
177,COVID-19,COVID-19
178,COVID-19,COVID-19
179,COVID-19,COVID-19
180,COVID-19,COVID dışı pnömoni
181,COVID-19,COVID-19
182,COVID-19,COVID-19
183,COVID-19,COVID-19
184,COVID-19,COVID-19
185,COVID-19,COVID-19
186,COVID-19,COVID-19
187,COVID-19,COVID-19
188,COVID-19,COVID-19
189,COVID-19,COVID-19
190,COVID-19,COVID-19
191,COVID-19,COVID-19
192,COVID-19,COVID-19
193,COVID-19,COVID-19
194,COVID-19,COVID-19
195,COVID-19,COVID-19
196,COVID-19,Normal
197,COVID-19,COVID-19
198,COVID-19,COVID-19
199,COVID-19,COVID-19
200,COVID-19,COVID-19
201,COVID-19,COVID-19
202,COVID-19,COVID-19
203,COVID-19,COVID-19
204,COVID-19,COVID-19
205,COVID-19,COVID-19
206,COVID-19,COVID-19
207,COVID-19,COVID-19
208,COVID-19,COVID-19
209,COVID-19,COVID-19
210,COVID-19,COVID-19
211,COVID-19,COVID-19
212,COVID-19,COVID-19
213,COVID-19,COVID-19
214,COVID-19,COVID-19
215,COVID-19,COVID-19
216,COVID-19,COVID-19
217,COVID-19,COVID-19
218,COVID-19,COVID-19
219,COVID-19,COVID-19
220,COVID-19,COVID-19
221,COVID-19,COVID-19
222,COVID-19,COVID-19
223,COVID-19,COVID-19
224,COVID-19,COVID-19
225,COVID-19,COVID-19
226,COVID-19,COVID-19
227,COVID-19,COVID-19
228,COVID-19,COVID-19
229,COVID-19,COVID-19
230,COVID-19,COVID-19
231,COVID-19,COVID-19
232,COVID-19,COVID-19
233,COVID-19,COVID-19
234,COVID-19,COVID-19
235,COVID-19,COVID-19
236,COVID-19,COVID-19
237,COVID-19,COVID-19
238,COVID-19,COVID-19
239,COVID-19,COVID-19
240,COVID-19,COVID-19
241,COVID-19,COVID-19
242,COVID-19,COVID-19
243,COVID-19,COVID-19
244,COVID-19,COVID-19
245,COVID-19,COVID-19
246,COVID-19,COVID-19
247,COVID-19,COVID-19
248,COVID-19,COVID-19
249,COVID-19,COVID-19
250,COVID-19,COVID-19
251,COVID-19,COVID-19
252,COVID-19,COVID-19
253,COVID-19,COVID-19
254,COVID-19,COVID-19
255,COVID-19,COVID-19
256,COVID-19,COVID-19
257,COVID-19,COVID-19
258,COVID-19,COVID-19
259,COVID-19,COVID-19
260,COVID-19,COVID-19
261,COVID-19,COVID-19
262,COVID-19,COVID-19
263,COVID-19,COVID-19
264,COVID-19,COVID-19
265,COVID-19,COVID-19
266,COVID-19,COVID-19
267,COVID-19,COVID-19
268,COVID-19,COVID-19
269,COVID-19,COVID-19
270,COVID-19,COVID-19
271,COVID-19,COVID-19
272,COVID-19,COVID-19
273,COVID-19,COVID-19
274,COVID-19,COVID-19
275,COVID-19,COVID-19
276,COVID-19,COVID-19
277,COVID-19,COVID-19
278,COVID-19,COVID-19
279,COVID-19,COVID-19
280,COVID-19,COVID-19
281,COVID-19,COVID-19
282,COVID-19,Normal
283,COVID-19,COVID-19
284,COVID-19,COVID-19
285,COVID-19,COVID-19
286,COVID-19,COVID-19
287,COVID-19,COVID-19
288,COVID-19,COVID-19
289,COVID-19,COVID-19
290,COVID-19,COVID-19
291,COVID-19,COVID dışı pnömoni
292,COVID-19,COVID-19
293,COVID-19,COVID-19
294,COVID-19,COVID-19
295,COVID-19,COVID-19
296,COVID-19,COVID-19
297,COVID-19,COVID-19
298,COVID-19,COVID-19
299,COVID-19,COVID-19
300,COVID-19,COVID-19
301,COVID-19,COVID-19
302,COVID-19,COVID-19
303,COVID-19,COVID-19
304,COVID-19,COVID-19
305,COVID-19,COVID-19
306,COVID-19,COVID-19
307,COVID-19,COVID-19
308,COVID-19,COVID-19
309,COVID-19,COVID-19
310,COVID-19,COVID-19
311,COVID-19,COVID-19
312,COVID-19,COVID-19
313,COVID-19,COVID-19
314,COVID-19,COVID-19
315,COVID-19,COVID-19
316,COVID-19,COVID-19
317,COVID-19,COVID-19
318,COVID-19,COVID-19
319,COVID-19,COVID-19
320,COVID-19,COVID-19
321,COVID-19,COVID-19
322,COVID-19,COVID-19
323,COVID-19,COVID-19
324,COVID-19,COVID-19
325,COVID-19,COVID-19
326,COVID-19,COVID-19
327,COVID-19,COVID-19
328,COVID-19,COVID-19
329,COVID-19,COVID-19
330,COVID-19,COVID-19
331,COVID-19,COVID-19
332,COVID-19,COVID-19
333,COVID-19,COVID-19
334,COVID-19,COVID-19
335,COVID-19,COVID-19
336,COVID-19,COVID-19
337,COVID-19,COVID-19
338,COVID-19,COVID-19
339,COVID-19,COVID-19
340,COVID-19,COVID-19
341,COVID-19,COVID-19
342,COVID-19,COVID-19
343,COVID-19,COVID-19
344,COVID-19,COVID-19
345,COVID-19,COVID-19
346,COVID-19,COVID-19
347,COVID-19,COVID-19
348,COVID-19,COVID-19
349,COVID-19,COVID-19
350,COVID-19,COVID-19
351,COVID-19,COVID-19
352,COVID-19,COVID-19
353,COVID-19,COVID-19
354,COVID-19,COVID-19
355,COVID-19,COVID-19
356,COVID-19,COVID-19
357,COVID-19,COVID-19
358,COVID-19,Normal
359,COVID-19,COVID-19
360,COVID-19,COVID dışı pnömoni
361,COVID-19,COVID-19
362,COVID-19,COVID-19
363,COVID-19,COVID-19
364,COVID-19,COVID-19
365,COVID-19,COVID-19
366,COVID-19,COVID-19
367,COVID-19,COVID-19
368,COVID-19,COVID-19
369,COVID-19,COVID-19
370,COVID-19,COVID-19
371,COVID-19,COVID-19
372,COVID-19,COVID-19
373,COVID-19,COVID-19
374,COVID-19,COVID-19
375,COVID-19,COVID-19
376,COVID-19,COVID-19
377,COVID-19,COVID-19
378,COVID-19,COVID-19
379,COVID-19,COVID-19
380,COVID-19,COVID-19
381,COVID-19,COVID-19
382,COVID-19,COVID-19
383,COVID-19,COVID-19
384,COVID-19,COVID-19
385,COVID-19,COVID-19
386,COVID-19,COVID-19
387,COVID-19,COVID-19
388,COVID-19,COVID-19
389,COVID-19,COVID-19
390,COVID-19,COVID-19
391,COVID-19,COVID-19
392,COVID-19,COVID-19
393,COVID-19,COVID-19
394,COVID-19,COVID-19
395,COVID-19,COVID-19
396,COVID-19,COVID-19
397,COVID-19,COVID-19
398,COVID-19,COVID-19
399,COVID-19,COVID-19
400,COVID-19,COVID-19
401,COVID-19,COVID-19
402,COVID-19,COVID-19
403,COVID-19,COVID-19
404,COVID-19,COVID-19
405,COVID-19,COVID-19
406,COVID-19,COVID-19
407,COVID-19,COVID-19
408,COVID-19,COVID-19
409,COVID-19,COVID-19
410,COVID-19,COVID-19
411,COVID-19,COVID-19
412,COVID-19,COVID-19
413,COVID-19,COVID-19
414,COVID-19,COVID-19
415,COVID-19,COVID-19
416,COVID-19,COVID-19
417,COVID-19,COVID-19
418,COVID-19,COVID-19
419,COVID-19,COVID-19
420,COVID-19,COVID-19
421,COVID-19,COVID-19
422,COVID-19,COVID-19
423,COVID-19,COVID-19
424,COVID-19,COVID-19
425,COVID-19,COVID-19
426,COVID-19,COVID-19
427,COVID-19,COVID-19
428,COVID-19,COVID-19
429,COVID-19,COVID-19
430,COVID-19,COVID-19
431,COVID-19,COVID-19
432,COVID-19,COVID-19
433,COVID-19,COVID-19
434,COVID-19,COVID-19
435,COVID-19,COVID-19
436,COVID-19,COVID-19
437,COVID-19,COVID-19
438,COVID-19,COVID-19
439,COVID-19,COVID-19
440,COVID-19,COVID-19
441,COVID-19,COVID-19
442,COVID-19,COVID-19
443,COVID-19,COVID-19
444,COVID-19,COVID-19
445,COVID-19,COVID-19
446,COVID-19,COVID-19
447,COVID-19,COVID-19
448,COVID-19,COVID-19
449,COVID-19,COVID-19
450,COVID-19,COVID-19
451,COVID-19,COVID-19
452,COVID-19,COVID-19
453,COVID-19,COVID-19
454,COVID-19,COVID-19
455,COVID-19,COVID-19
456,COVID-19,COVID-19
457,COVID-19,COVID-19
458,COVID-19,COVID-19
459,COVID-19,COVID-19
460,COVID-19,COVID-19
461,COVID-19,COVID-19
462,COVID-19,COVID-19
463,COVID-19,COVID-19
464,COVID-19,COVID-19
465,COVID-19,COVID-19
466,COVID-19,COVID-19
467,COVID-19,COVID-19
468,COVID-19,COVID-19
469,COVID-19,COVID-19
470,COVID-19,COVID-19
471,COVID-19,COVID-19
472,COVID-19,COVID-19
473,COVID-19,COVID-19
474,COVID-19,COVID-19
475,COVID-19,COVID-19
476,COVID-19,COVID-19
477,COVID-19,COVID-19
478,COVID-19,COVID-19
479,COVID-19,COVID-19
480,COVID-19,COVID-19
481,COVID-19,COVID-19
482,COVID-19,COVID-19
483,COVID-19,COVID-19
484,COVID-19,COVID-19
485,COVID-19,COVID-19
486,COVID-19,COVID-19
487,COVID-19,COVID-19
488,COVID-19,COVID-19
489,COVID-19,COVID-19
490,COVID-19,COVID-19
491,COVID-19,COVID-19
492,COVID-19,COVID-19
493,COVID-19,COVID-19
494,COVID-19,COVID-19
495,COVID-19,COVID-19
496,COVID-19,COVID-19
497,COVID-19,COVID-19
498,COVID-19,COVID-19
499,COVID-19,COVID-19
500,COVID-19,COVID-19
501,COVID-19,COVID-19
502,COVID-19,COVID-19
503,COVID-19,COVID dışı pnömoni
504,COVID-19,COVID-19
505,COVID-19,COVID-19
506,COVID-19,COVID-19
507,COVID-19,COVID-19
508,COVID-19,COVID-19
509,COVID-19,COVID-19
510,COVID-19,COVID-19
511,COVID-19,COVID-19
512,COVID-19,COVID-19
513,COVID-19,COVID-19
514,COVID-19,COVID-19
515,COVID-19,COVID-19
516,COVID-19,COVID-19
517,COVID-19,COVID-19
518,COVID-19,COVID-19
519,COVID-19,COVID-19
520,COVID-19,COVID-19
521,COVID-19,COVID-19
522,COVID-19,COVID-19
523,COVID-19,COVID-19
524,COVID-19,COVID-19
525,COVID-19,COVID-19
526,COVID-19,COVID-19
527,COVID-19,COVID-19
528,COVID-19,COVID-19
529,COVID-19,COVID-19
530,COVID-19,COVID-19
531,COVID-19,COVID-19
532,COVID-19,COVID-19
533,COVID-19,COVID-19
534,COVID-19,COVID dışı pnömoni
535,COVID-19,COVID-19
536,COVID-19,COVID-19
537,COVID-19,COVID-19
538,COVID-19,COVID-19
539,COVID-19,COVID-19
540,COVID-19,COVID-19
541,COVID-19,COVID-19
542,COVID-19,COVID-19
543,COVID-19,COVID-19
544,COVID-19,COVID-19
545,COVID-19,COVID-19
546,COVID-19,COVID-19
547,COVID-19,COVID-19
548,COVID-19,COVID-19
549,COVID-19,COVID-19
550,COVID-19,COVID-19
551,COVID-19,COVID-19
552,COVID-19,COVID-19
553,COVID-19,COVID-19
554,COVID-19,COVID-19
555,COVID-19,COVID-19
556,COVID-19,COVID-19
557,COVID-19,COVID-19
558,COVID-19,COVID-19
559,COVID-19,COVID dışı pnömoni
560,COVID-19,COVID-19
561,COVID-19,COVID-19
562,COVID-19,COVID-19
563,COVID-19,COVID-19
564,COVID-19,COVID-19
565,COVID-19,COVID-19
566,COVID-19,COVID-19
567,COVID-19,COVID-19
568,COVID-19,COVID-19
569,COVID-19,COVID-19
570,COVID-19,COVID-19
571,COVID-19,COVID-19
572,COVID-19,COVID-19
573,COVID-19,COVID dışı pnömoni
574,COVID-19,COVID-19
575,COVID-19,COVID-19
576,COVID-19,COVID dışı pnömoni
577,COVID-19,COVID-19
578,COVID-19,COVID-19
579,COVID-19,COVID-19
580,COVID-19,COVID-19
581,COVID-19,COVID-19
582,COVID-19,COVID-19
583,COVID-19,COVID-19
584,COVID-19,COVID-19
585,COVID-19,COVID-19
586,COVID-19,COVID-19
587,COVID-19,COVID-19
588,COVID-19,COVID-19
589,COVID-19,COVID-19
590,COVID-19,COVID-19
591,COVID-19,COVID-19
592,COVID-19,COVID-19
593,COVID-19,COVID-19
594,COVID-19,COVID-19
595,COVID-19,COVID-19
596,COVID-19,COVID-19
597,COVID-19,COVID-19
598,COVID-19,COVID-19
599,COVID-19,COVID-19
600,COVID-19,COVID-19
601,COVID-19,COVID-19
602,COVID-19,COVID-19
603,COVID-19,Normal
604,COVID-19,COVID-19
605,COVID-19,COVID-19
606,COVID-19,COVID-19
607,COVID-19,COVID-19
608,COVID-19,COVID-19
609,COVID-19,COVID-19
610,COVID-19,COVID-19
611,COVID-19,COVID-19
612,COVID-19,COVID-19
613,COVID-19,COVID-19
614,COVID-19,COVID-19
615,COVID-19,COVID-19
616,COVID-19,COVID-19
617,COVID-19,COVID-19
618,COVID-19,COVID-19
619,COVID-19,COVID-19
620,COVID-19,COVID-19
621,COVID-19,COVID-19
622,COVID-19,COVID-19
623,COVID-19,COVID-19
624,COVID-19,COVID-19
625,COVID-19,Normal
626,COVID-19,COVID-19
627,COVID-19,COVID-19
628,COVID-19,COVID-19
629,COVID-19,COVID-19
630,COVID-19,COVID-19
631,COVID-19,COVID-19
632,COVID-19,COVID-19
633,COVID-19,COVID-19
634,COVID-19,Normal
635,COVID-19,COVID-19
636,COVID-19,COVID-19
637,COVID-19,COVID-19
638,COVID-19,COVID-19
639,COVID-19,COVID-19
640,COVID-19,COVID-19
641,COVID-19,COVID-19
642,COVID-19,COVID-19
643,COVID-19,COVID-19
644,COVID-19,COVID-19
645,COVID-19,COVID-19
646,COVID-19,COVID-19
647,COVID-19,COVID-19
648,COVID-19,COVID-19
649,COVID-19,COVID-19
650,COVID-19,COVID-19
651,COVID-19,COVID-19
652,COVID-19,COVID-19
653,COVID-19,COVID-19
654,COVID-19,COVID-19
655,COVID-19,COVID-19
656,COVID-19,COVID-19
657,COVID-19,COVID-19
658,COVID-19,COVID-19
659,COVID-19,COVID-19
660,COVID-19,COVID-19
661,COVID-19,COVID-19
662,COVID-19,COVID-19
663,COVID-19,COVID-19
664,COVID-19,COVID-19
665,COVID-19,COVID-19
666,COVID-19,COVID-19
667,COVID-19,COVID-19
668,COVID-19,COVID-19
669,COVID-19,COVID-19
670,COVID-19,COVID-19
671,COVID-19,COVID-19
672,COVID-19,COVID-19
673,COVID-19,COVID-19
674,COVID-19,COVID-19
675,COVID-19,COVID-19
676,COVID-19,COVID-19
677,COVID-19,COVID-19
678,COVID-19,COVID-19
679,COVID-19,COVID-19
680,COVID-19,COVID-19
681,COVID-19,COVID-19
682,COVID-19,COVID-19
683,COVID-19,COVID-19
684,COVID-19,COVID-19
685,COVID-19,COVID-19
686,COVID-19,COVID-19
687,COVID-19,COVID-19
688,COVID-19,COVID-19
689,COVID-19,COVID-19
690,COVID-19,COVID-19
691,COVID-19,COVID-19
692,COVID-19,COVID-19
693,COVID-19,COVID-19
694,COVID-19,COVID-19
695,COVID-19,COVID-19
696,COVID-19,COVID-19
697,COVID-19,COVID-19
698,COVID-19,COVID-19
699,COVID-19,COVID-19
700,COVID-19,COVID-19
701,COVID-19,COVID-19
702,COVID-19,COVID-19
703,COVID-19,COVID-19
704,COVID-19,COVID-19
705,COVID-19,COVID-19
706,COVID-19,COVID-19
707,COVID-19,COVID-19
708,COVID-19,COVID-19
709,COVID-19,COVID-19
710,COVID-19,COVID-19
711,COVID-19,COVID-19
712,COVID-19,COVID-19
713,COVID-19,COVID-19
714,COVID-19,COVID-19
715,COVID-19,COVID-19
716,COVID-19,COVID-19
717,COVID-19,COVID-19
718,COVID-19,COVID-19
719,COVID-19,COVID-19
720,COVID-19,COVID-19
721,COVID-19,COVID-19
722,COVID-19,COVID-19
723,COVID-19,COVID-19
724,COVID-19,COVID-19
725,COVID-19,COVID-19
726,COVID-19,COVID-19
727,COVID-19,COVID-19
728,COVID-19,COVID-19
729,COVID-19,COVID-19
730,COVID-19,COVID-19
731,COVID-19,COVID-19
732,COVID-19,COVID-19
733,COVID-19,COVID-19
734,COVID-19,COVID-19
735,COVID-19,COVID-19
736,COVID-19,COVID-19
737,COVID-19,Normal
738,COVID-19,COVID-19
739,COVID-19,COVID-19
740,COVID-19,COVID-19
741,COVID-19,COVID-19
742,COVID-19,COVID-19
743,COVID-19,COVID-19
744,COVID-19,COVID-19
745,COVID-19,COVID-19
746,COVID-19,COVID-19
747,COVID-19,COVID-19
748,COVID-19,COVID-19
749,COVID-19,COVID-19
750,COVID-19,COVID-19
751,COVID-19,COVID-19
752,COVID-19,COVID-19
753,COVID-19,COVID-19
754,COVID-19,COVID-19
755,COVID-19,COVID-19
756,COVID-19,COVID-19
757,COVID-19,COVID-19
758,COVID-19,COVID-19
759,COVID-19,COVID-19
760,COVID-19,COVID-19
761,COVID-19,COVID-19
762,COVID-19,COVID-19
763,COVID-19,COVID-19
764,COVID-19,COVID-19
765,COVID-19,COVID-19
766,COVID-19,COVID-19
767,COVID-19,Normal
768,COVID-19,Normal
769,COVID-19,COVID-19
770,COVID-19,COVID-19
771,COVID-19,Normal
772,COVID-19,COVID-19
773,COVID-19,COVID-19
774,COVID-19,COVID-19
775,COVID-19,COVID-19
776,COVID-19,COVID-19
777,COVID-19,COVID-19
778,COVID-19,COVID-19
779,COVID-19,COVID-19
780,COVID-19,COVID-19
781,COVID-19,COVID-19
782,COVID-19,COVID-19
783,COVID-19,COVID-19
784,COVID-19,COVID-19
785,COVID-19,COVID-19
786,COVID-19,COVID-19
787,COVID-19,COVID-19
788,COVID-19,COVID-19
789,COVID-19,COVID-19
790,COVID-19,COVID-19
791,COVID-19,COVID-19
792,COVID-19,COVID-19
793,COVID-19,COVID-19
794,COVID-19,COVID-19
795,COVID-19,COVID-19
796,COVID-19,COVID-19
797,COVID-19,COVID-19
798,COVID-19,COVID-19
799,COVID-19,COVID-19
800,COVID-19,COVID-19
801,COVID-19,COVID-19
802,COVID-19,COVID-19
803,COVID-19,COVID-19
804,COVID-19,COVID-19
805,COVID-19,COVID-19
806,COVID-19,COVID-19
807,COVID-19,COVID-19
808,COVID-19,COVID-19
809,COVID-19,COVID-19
810,COVID-19,COVID-19
811,COVID-19,COVID-19
812,COVID-19,COVID-19
813,COVID-19,COVID-19
814,COVID-19,COVID-19
815,COVID-19,COVID-19
816,COVID-19,COVID-19
817,COVID-19,COVID-19
818,COVID-19,COVID-19
819,COVID-19,COVID-19
820,COVID-19,COVID-19
821,COVID-19,COVID-19
822,COVID-19,COVID-19
823,COVID-19,COVID-19
824,COVID-19,COVID-19
825,COVID-19,COVID-19
826,COVID-19,COVID-19
827,COVID-19,COVID-19
828,COVID-19,COVID-19
829,COVID-19,COVID-19
830,COVID-19,COVID-19
831,COVID-19,COVID-19
832,COVID-19,COVID-19
833,COVID-19,COVID-19
834,COVID-19,COVID-19
835,COVID-19,COVID-19
836,COVID-19,COVID-19
837,COVID-19,COVID-19
838,COVID-19,COVID-19
839,COVID-19,COVID-19
840,COVID-19,COVID-19
841,COVID-19,COVID-19
842,COVID-19,COVID-19
843,COVID-19,COVID-19
844,COVID-19,COVID-19
845,COVID-19,COVID-19
846,COVID-19,COVID-19
847,COVID-19,COVID-19
848,COVID-19,COVID-19
849,COVID-19,COVID-19
850,COVID-19,COVID-19
851,COVID-19,COVID-19
852,COVID-19,COVID-19
853,COVID-19,COVID-19
854,COVID-19,COVID-19
855,COVID-19,COVID-19
856,COVID-19,COVID-19
857,COVID-19,COVID-19
858,COVID-19,COVID-19
859,COVID-19,COVID-19
860,COVID-19,COVID-19
861,COVID-19,COVID-19
862,COVID-19,COVID-19
863,COVID-19,COVID-19
864,COVID-19,COVID-19
865,COVID-19,COVID-19
866,COVID-19,COVID-19
867,COVID-19,COVID-19
868,COVID-19,COVID-19
869,COVID-19,COVID-19
870,COVID-19,COVID-19
871,COVID-19,COVID-19
872,COVID-19,COVID dışı pnömoni
873,COVID-19,COVID-19
874,COVID-19,COVID-19
875,COVID-19,COVID-19
876,COVID-19,COVID-19
877,COVID-19,COVID-19
878,COVID-19,COVID-19
879,COVID-19,COVID-19
880,COVID-19,COVID-19
881,COVID-19,COVID-19
882,COVID-19,COVID-19
883,COVID-19,COVID-19
884,COVID-19,COVID-19
885,COVID-19,COVID-19
886,COVID-19,COVID-19
887,COVID-19,COVID-19
888,COVID-19,COVID-19
889,COVID-19,COVID-19
890,COVID-19,COVID-19
891,COVID-19,COVID-19
892,COVID-19,COVID-19
893,COVID-19,COVID-19
894,COVID-19,COVID-19
895,COVID-19,COVID-19
896,COVID-19,COVID-19
897,COVID-19,COVID-19
898,COVID-19,COVID-19
899,COVID-19,COVID-19
900,COVID-19,COVID-19
901,COVID-19,COVID-19
902,COVID-19,COVID-19
903,COVID-19,COVID-19
904,COVID-19,COVID-19
905,COVID-19,COVID-19
906,COVID-19,COVID-19
907,COVID-19,COVID-19
908,COVID-19,COVID-19
909,COVID-19,Normal
910,COVID-19,Normal
911,COVID-19,Normal
912,COVID-19,COVID-19
913,COVID-19,COVID-19
914,COVID-19,COVID-19
915,COVID-19,COVID-19
916,COVID-19,COVID-19
917,COVID-19,COVID-19
918,COVID-19,COVID-19
919,COVID-19,COVID-19
920,COVID-19,COVID-19
921,COVID-19,COVID-19
922,COVID-19,COVID-19
923,COVID-19,COVID-19
924,COVID-19,COVID-19
925,COVID-19,COVID-19
926,COVID-19,COVID-19
927,COVID-19,COVID-19
928,COVID-19,COVID-19
929,COVID-19,COVID-19
930,COVID-19,COVID-19
931,COVID-19,COVID-19
932,COVID-19,COVID-19
933,COVID-19,COVID-19
934,COVID-19,COVID-19
935,COVID-19,COVID-19
936,COVID-19,COVID-19
937,COVID-19,COVID-19
938,COVID-19,COVID-19
939,COVID-19,COVID-19
940,COVID-19,COVID-19
941,COVID-19,COVID-19
942,COVID-19,COVID-19
943,COVID-19,COVID-19
944,COVID-19,COVID-19
945,COVID-19,COVID-19
946,COVID-19,COVID-19
947,COVID-19,COVID-19
948,COVID-19,COVID-19
949,COVID-19,COVID-19
950,COVID-19,COVID-19
951,COVID-19,COVID-19
952,COVID-19,COVID-19
953,COVID-19,COVID-19
954,COVID-19,COVID-19
955,COVID-19,COVID-19
956,COVID-19,COVID-19
957,COVID-19,COVID-19
958,COVID-19,COVID-19
959,COVID-19,COVID-19
960,COVID-19,COVID-19
961,COVID-19,COVID-19
962,COVID-19,COVID-19
963,COVID-19,COVID-19
964,COVID-19,COVID-19
965,COVID-19,COVID-19
966,COVID-19,COVID-19
967,COVID-19,COVID-19
968,COVID-19,COVID-19
969,COVID-19,COVID-19
970,COVID-19,COVID-19
971,COVID-19,COVID-19
972,COVID-19,COVID-19
973,COVID-19,COVID-19
974,COVID-19,COVID-19
975,COVID-19,COVID-19
976,COVID-19,COVID-19
977,COVID-19,COVID-19
978,COVID-19,COVID-19
979,COVID-19,COVID-19
980,COVID-19,COVID-19
981,COVID-19,COVID-19
982,COVID-19,COVID-19
983,COVID-19,COVID-19
984,COVID-19,COVID-19
985,COVID-19,COVID-19
986,COVID-19,COVID-19
987,COVID-19,COVID-19
988,COVID-19,COVID-19
989,COVID-19,COVID-19
990,COVID-19,COVID-19
991,COVID-19,COVID-19
992,COVID-19,COVID-19
993,COVID-19,COVID-19
994,COVID-19,COVID-19
995,COVID-19,COVID-19
996,COVID-19,COVID-19
997,COVID-19,COVID-19
998,COVID-19,COVID-19
999,COVID-19,COVID-19
1000,COVID-19,COVID-19
1001,COVID-19,COVID-19
1002,COVID-19,COVID dışı pnömoni
1003,COVID-19,COVID-19
1004,COVID-19,COVID-19
1005,COVID-19,COVID-19
1006,COVID-19,COVID-19
1007,COVID-19,COVID-19
1008,COVID-19,COVID-19
1009,COVID-19,COVID-19
1010,COVID-19,COVID-19
1011,COVID-19,COVID-19
1012,COVID-19,COVID-19
1013,COVID-19,COVID-19
1014,COVID-19,COVID-19
1015,COVID-19,COVID-19
1016,COVID-19,COVID-19
1017,COVID-19,COVID-19
1018,COVID-19,COVID-19
1019,COVID-19,COVID-19
1020,COVID-19,COVID-19
1021,COVID-19,COVID-19
1022,COVID-19,COVID-19
1023,COVID-19,COVID-19
1024,COVID-19,COVID-19
1025,COVID-19,COVID-19
1026,COVID-19,COVID-19
1027,COVID-19,COVID-19
1028,COVID-19,COVID-19
1029,COVID-19,COVID-19
1030,COVID-19,COVID-19
1031,COVID-19,COVID-19
1032,COVID-19,COVID-19
1033,COVID-19,COVID-19
1034,COVID-19,COVID-19
1035,COVID-19,COVID-19
1036,COVID-19,COVID-19
1037,COVID-19,COVID-19
1038,COVID-19,COVID-19
1039,COVID-19,COVID-19
1040,COVID-19,COVID-19
1041,COVID-19,COVID-19
1042,COVID-19,COVID-19
1043,COVID-19,COVID-19
1044,COVID-19,COVID-19
1045,COVID-19,COVID-19
1046,COVID-19,COVID-19
1047,COVID-19,COVID-19
1048,COVID-19,COVID-19
1049,COVID-19,COVID-19
1050,COVID-19,COVID-19
1051,COVID-19,COVID-19
1052,COVID-19,COVID-19
1053,COVID-19,COVID-19
1054,COVID-19,COVID-19
1055,COVID-19,COVID-19
1056,COVID-19,COVID-19
1057,COVID-19,COVID-19
1058,COVID-19,COVID-19
1059,COVID-19,COVID-19
1060,COVID-19,COVID-19
1061,COVID-19,COVID-19
1062,COVID-19,COVID-19
1063,COVID-19,COVID-19
1064,COVID-19,COVID-19
1065,COVID-19,COVID-19
1066,COVID-19,COVID-19
1067,COVID-19,COVID-19
1068,COVID-19,COVID-19
1069,COVID-19,COVID-19
1070,COVID-19,COVID-19
1071,COVID-19,COVID-19
1072,COVID-19,COVID-19
1073,COVID-19,COVID-19
1074,COVID-19,COVID-19
1075,COVID-19,COVID-19
1076,COVID-19,COVID-19
1077,COVID-19,COVID-19
1078,COVID-19,COVID-19
1079,COVID-19,COVID-19
1080,COVID-19,COVID-19
1081,COVID-19,COVID-19
1082,COVID-19,COVID-19
1083,COVID-19,COVID-19
1084,COVID-19,COVID-19
1085,COVID-19,COVID-19
1086,COVID-19,COVID-19
1087,COVID-19,COVID-19
1088,COVID-19,COVID-19
1089,COVID-19,COVID-19
1090,COVID-19,COVID-19
1091,COVID-19,COVID-19
1092,COVID-19,COVID-19
1093,COVID-19,COVID-19
1094,COVID-19,COVID-19
1095,COVID-19,COVID-19
1096,COVID-19,COVID-19
1097,COVID-19,COVID-19
1098,COVID-19,COVID-19
1099,COVID-19,COVID-19
1100,COVID-19,COVID-19
1101,COVID-19,COVID-19
1102,COVID-19,COVID-19
1103,COVID-19,COVID-19
1104,COVID-19,COVID-19
1105,COVID-19,COVID-19
1106,COVID-19,COVID-19
1107,COVID-19,COVID-19
1108,COVID-19,COVID-19
1109,COVID-19,COVID-19
1110,COVID-19,COVID-19
1111,COVID-19,COVID-19
1112,COVID-19,COVID-19
1113,COVID-19,COVID-19
1114,COVID-19,COVID-19
1115,COVID-19,COVID-19
1116,COVID-19,COVID-19
1117,COVID-19,COVID-19
1118,COVID-19,COVID-19
1119,COVID-19,COVID-19
1120,COVID-19,COVID-19
1121,COVID-19,COVID-19
1122,COVID-19,COVID-19
1123,COVID-19,COVID-19
1124,COVID-19,COVID-19
1125,COVID-19,COVID-19
1126,COVID-19,COVID-19
1127,COVID-19,COVID-19
1128,COVID-19,COVID-19
1129,COVID-19,COVID-19
1130,COVID-19,COVID-19
1131,COVID-19,COVID-19
1132,COVID-19,COVID-19
1133,COVID-19,COVID-19
1134,COVID-19,COVID-19
1135,COVID-19,COVID-19
1136,COVID-19,COVID-19
1137,COVID-19,COVID-19
1138,COVID-19,COVID-19
1139,COVID-19,COVID-19
1140,COVID-19,COVID-19
1141,COVID-19,COVID-19
1142,COVID-19,COVID-19
1143,COVID-19,COVID-19
1144,COVID-19,COVID-19
1145,COVID-19,COVID-19
1146,COVID-19,COVID-19
1147,COVID-19,COVID-19
1148,COVID-19,COVID-19
1149,COVID-19,COVID-19
1150,COVID-19,COVID-19
1151,COVID-19,COVID-19
1152,COVID-19,COVID-19
1153,COVID-19,COVID-19
1154,COVID-19,COVID-19
1155,COVID-19,COVID-19
1156,COVID-19,COVID-19
1157,COVID-19,COVID-19
1158,COVID-19,COVID-19
1159,COVID-19,COVID-19
1160,COVID-19,COVID-19
1161,COVID-19,COVID-19
1162,COVID-19,COVID-19
1163,COVID-19,COVID-19
1164,COVID-19,COVID-19
1165,COVID-19,COVID-19
1166,COVID-19,COVID-19
1167,COVID-19,COVID dışı pnömoni
1168,COVID-19,COVID-19
1169,COVID-19,COVID-19
1170,COVID-19,COVID-19
1171,COVID-19,COVID-19
1172,COVID-19,COVID-19
1173,COVID-19,COVID-19
1174,COVID-19,COVID-19
1175,COVID-19,COVID-19
1176,COVID-19,COVID-19
1177,COVID-19,COVID-19
1178,COVID-19,COVID-19
1179,COVID-19,COVID-19
1180,COVID-19,COVID-19
1181,COVID-19,COVID-19
1182,COVID-19,COVID-19
1183,COVID-19,COVID-19
1184,COVID-19,COVID-19
1185,COVID-19,COVID-19
1186,COVID-19,COVID-19
1187,COVID-19,COVID-19
1188,COVID-19,COVID-19
1189,COVID-19,COVID-19
1190,COVID-19,COVID-19
1191,COVID-19,COVID-19
1192,COVID-19,COVID-19
1193,COVID-19,COVID-19
1194,COVID-19,COVID-19
1195,COVID-19,COVID-19
1196,COVID-19,COVID-19
1197,COVID-19,COVID-19
1198,COVID-19,COVID-19
1199,COVID-19,COVID-19
1200,COVID-19,COVID-19
1201,COVID-19,COVID-19
1202,COVID-19,COVID-19
1203,COVID-19,COVID-19
1204,COVID-19,COVID-19
1205,COVID-19,COVID-19
1206,COVID-19,COVID-19
1207,COVID-19,COVID-19
1208,COVID-19,COVID-19
1209,COVID-19,COVID-19
1210,COVID-19,COVID-19
1211,COVID-19,COVID-19
1212,COVID-19,COVID-19
1213,COVID-19,COVID-19
1214,COVID-19,COVID-19
1215,COVID-19,COVID-19
1216,COVID-19,COVID-19
1217,COVID-19,COVID-19
1218,COVID-19,COVID-19
1219,COVID-19,COVID dışı pnömoni
1220,COVID-19,COVID-19
1221,COVID-19,COVID-19
1222,COVID-19,COVID-19
1223,COVID-19,COVID-19
1224,COVID-19,COVID-19
1225,COVID-19,COVID-19
1226,COVID-19,COVID-19
1227,COVID-19,COVID-19
1228,COVID-19,COVID-19
1229,COVID-19,Normal
1230,COVID-19,COVID-19
1231,COVID-19,COVID-19
1232,COVID-19,COVID-19
1233,COVID-19,COVID-19
1234,COVID-19,COVID-19
1235,COVID-19,COVID-19
1236,COVID-19,COVID-19
1237,COVID-19,COVID-19
1238,COVID-19,COVID-19
1239,COVID-19,COVID-19
1240,COVID-19,COVID-19
1241,COVID-19,COVID-19
1242,COVID-19,COVID-19
1243,COVID-19,COVID-19
1244,COVID-19,COVID-19
1245,COVID-19,COVID-19
1246,COVID-19,COVID-19
1247,COVID-19,COVID-19
1248,COVID-19,COVID-19
1249,COVID-19,COVID-19
1250,COVID-19,COVID-19
1251,COVID-19,COVID-19
1252,COVID-19,COVID-19
1253,COVID-19,COVID-19
1254,COVID-19,COVID-19
1255,COVID-19,COVID-19
1256,COVID-19,COVID-19
1257,COVID-19,COVID-19
1258,COVID-19,COVID-19
1259,COVID-19,COVID-19
1260,COVID-19,COVID-19
1261,COVID-19,COVID-19
1262,COVID-19,COVID-19
1263,COVID-19,COVID-19
1264,COVID-19,COVID-19
1265,COVID-19,COVID-19
1266,COVID-19,COVID-19
1267,COVID-19,COVID-19
1268,COVID-19,COVID-19
1269,COVID-19,COVID-19
1270,COVID-19,COVID-19
1271,COVID-19,COVID-19
1272,COVID-19,COVID-19
1273,COVID-19,COVID-19
1274,COVID-19,COVID-19
1275,COVID-19,COVID-19
1276,COVID-19,COVID-19
1277,COVID-19,COVID-19
1278,COVID-19,COVID-19
1279,COVID-19,COVID-19
1280,COVID-19,COVID-19
1281,COVID-19,COVID-19
1282,COVID-19,COVID-19
1283,COVID-19,COVID-19
1284,COVID-19,COVID-19
1285,COVID-19,COVID-19
1286,COVID-19,COVID-19
1287,COVID-19,COVID dışı pnömoni
1288,COVID-19,COVID-19
1289,COVID-19,COVID-19
1290,COVID-19,COVID-19
1291,COVID-19,COVID-19
1292,COVID-19,COVID-19
1293,COVID-19,COVID-19
1294,COVID-19,COVID-19
1295,COVID-19,COVID-19
1296,COVID-19,COVID-19
1297,COVID-19,COVID-19
1298,COVID-19,COVID-19
1299,COVID-19,COVID-19
1300,COVID-19,COVID-19
1301,COVID-19,COVID-19
1302,COVID-19,COVID-19
1303,COVID-19,COVID-19
1304,COVID-19,COVID-19
1305,COVID-19,COVID-19
1306,COVID-19,COVID-19
1307,COVID-19,COVID-19
1308,COVID-19,COVID-19
1309,COVID-19,COVID-19
1310,COVID-19,COVID-19
1311,COVID-19,COVID-19
1312,COVID-19,COVID-19
1313,COVID-19,COVID-19
1314,COVID-19,COVID-19
1315,COVID-19,COVID-19
1316,COVID-19,COVID-19
1317,COVID-19,COVID-19
1318,COVID-19,COVID dışı pnömoni
1319,COVID-19,COVID-19
1320,COVID-19,COVID-19
1321,COVID-19,COVID-19
1322,COVID-19,COVID-19
1323,COVID-19,COVID-19
1324,COVID-19,COVID-19
1325,COVID-19,COVID-19
1326,COVID-19,COVID-19
1327,COVID-19,COVID-19
1328,COVID-19,COVID-19
1329,COVID-19,COVID-19
1330,COVID-19,COVID-19
1331,COVID-19,COVID-19
1332,COVID-19,COVID-19
1333,COVID-19,COVID-19
1334,COVID-19,COVID-19
1335,COVID-19,COVID-19
1336,COVID-19,COVID-19
1337,COVID-19,COVID-19
1338,COVID-19,COVID-19
1339,COVID-19,COVID-19
1340,COVID-19,COVID-19
1341,COVID-19,COVID-19
1342,COVID-19,COVID-19
1343,COVID-19,COVID-19
1344,COVID-19,COVID-19
1345,COVID-19,COVID-19
1346,COVID-19,COVID-19
1347,COVID-19,COVID-19
1348,COVID-19,COVID-19
1349,COVID-19,COVID-19
1350,COVID-19,COVID-19
1351,COVID-19,COVID-19
1352,COVID-19,COVID-19
1353,COVID-19,COVID-19
1354,COVID-19,COVID-19
1355,COVID-19,COVID-19
1356,COVID-19,COVID-19
1357,COVID-19,COVID-19
1358,COVID-19,COVID-19
1359,COVID-19,COVID-19
1360,COVID-19,COVID-19
1361,COVID-19,COVID-19
1362,COVID-19,COVID-19
1363,COVID-19,COVID-19
1364,COVID-19,COVID-19
1365,COVID-19,COVID-19
1366,COVID-19,COVID-19
1367,COVID-19,COVID-19
1368,COVID-19,COVID-19
1369,COVID-19,COVID-19
1370,COVID-19,COVID-19
1371,COVID-19,COVID-19
1372,COVID-19,COVID-19
1373,COVID-19,COVID-19
1374,COVID-19,COVID-19
1375,COVID-19,COVID-19
1376,COVID-19,COVID-19
1377,COVID-19,COVID-19
1378,COVID-19,COVID-19
1379,COVID-19,COVID-19
1380,COVID-19,COVID-19
1381,COVID-19,COVID-19
1382,COVID-19,COVID-19
1383,COVID-19,COVID-19
1384,COVID-19,COVID-19
1385,COVID-19,COVID-19
1386,COVID-19,COVID-19
1387,COVID-19,COVID-19
1388,COVID-19,COVID-19
1389,COVID-19,COVID-19
1390,COVID-19,COVID-19
1391,COVID-19,COVID-19
1392,COVID-19,COVID dışı pnömoni
1393,COVID-19,COVID-19
1394,COVID-19,COVID dışı pnömoni
1395,COVID-19,COVID-19
1396,COVID-19,COVID-19
1397,COVID-19,COVID-19
1398,COVID-19,COVID-19
1399,COVID-19,COVID-19
1400,COVID-19,COVID-19
1401,COVID-19,COVID-19
1402,COVID-19,COVID-19
1403,COVID-19,COVID-19
1404,COVID-19,COVID-19
1405,COVID-19,COVID-19
1406,COVID-19,COVID-19
1407,COVID-19,COVID-19
1408,COVID-19,COVID-19
1409,COVID-19,COVID-19
1410,COVID-19,COVID-19
1411,COVID-19,COVID-19
1412,COVID-19,COVID-19
1413,COVID-19,COVID-19
1414,COVID-19,COVID-19
1415,COVID-19,COVID-19
1416,COVID-19,COVID-19
1417,COVID-19,COVID-19
1418,COVID-19,COVID-19
1419,COVID-19,COVID-19
1420,COVID-19,COVID-19
1421,COVID-19,COVID-19
1422,COVID-19,COVID-19
1423,COVID-19,COVID-19
1424,COVID-19,COVID-19
1425,COVID-19,COVID-19
1426,COVID-19,COVID-19
1427,COVID-19,COVID-19
1428,COVID-19,COVID-19
1429,COVID-19,COVID-19
1430,COVID-19,COVID-19
1431,COVID-19,COVID-19
1432,COVID-19,COVID-19
1433,COVID-19,COVID-19
1434,COVID-19,COVID-19
1435,COVID-19,COVID-19
1436,COVID-19,COVID-19
1437,COVID-19,COVID-19
1438,COVID-19,COVID-19
1439,COVID-19,COVID-19
1440,COVID-19,COVID-19
1441,COVID-19,COVID-19
1442,COVID-19,COVID-19
1443,COVID-19,COVID-19
1444,COVID-19,COVID-19
1445,COVID-19,COVID-19
1446,COVID-19,COVID-19
1447,COVID-19,COVID-19
1448,COVID-19,COVID-19
1449,COVID-19,COVID-19
1450,COVID-19,COVID-19
1451,COVID-19,COVID-19
1452,COVID-19,COVID-19
1453,COVID-19,COVID-19
1454,COVID-19,COVID-19
1455,COVID-19,COVID-19
1456,COVID-19,COVID-19
1457,COVID-19,COVID-19
1458,COVID-19,COVID-19
1459,COVID-19,COVID-19
1460,COVID-19,COVID-19
1461,COVID-19,COVID-19
1462,COVID-19,COVID-19
1463,COVID-19,COVID-19
1464,COVID-19,COVID-19
1465,COVID-19,COVID-19
1466,COVID-19,COVID-19
1467,COVID-19,COVID-19
1468,COVID-19,COVID-19
1469,COVID-19,COVID-19
1470,COVID-19,COVID-19
1471,COVID-19,COVID-19
1472,COVID-19,COVID-19
1473,COVID-19,COVID-19
1474,COVID-19,COVID-19
1475,COVID-19,COVID-19
1476,COVID-19,COVID-19
1477,COVID-19,COVID-19
1478,COVID-19,COVID-19
1479,COVID-19,COVID-19
1480,COVID-19,COVID-19
1481,COVID-19,COVID-19
1482,COVID-19,COVID-19
1483,COVID-19,COVID-19
1484,COVID-19,COVID-19
1485,COVID-19,COVID-19
1486,COVID-19,COVID-19
1487,COVID-19,COVID-19
1488,COVID-19,COVID-19
1489,COVID-19,COVID-19
1490,COVID-19,COVID-19
1491,COVID-19,COVID-19
1492,COVID-19,COVID-19
1493,COVID-19,COVID-19
1494,COVID-19,COVID-19
1495,COVID-19,COVID-19
1496,COVID-19,COVID-19
1497,COVID-19,COVID-19
1498,COVID-19,COVID-19
1499,COVID-19,COVID-19
1500,COVID-19,COVID-19
1501,COVID-19,COVID-19
1502,COVID-19,COVID-19
1503,COVID-19,COVID-19
1504,COVID-19,COVID-19
1505,COVID-19,COVID-19
1506,COVID-19,COVID-19
1507,COVID-19,COVID-19
1508,COVID-19,COVID-19
1509,COVID-19,COVID-19
1510,COVID-19,COVID-19
1511,COVID-19,COVID-19
1512,COVID-19,COVID-19
1513,COVID-19,COVID-19
1514,COVID-19,COVID-19
1515,COVID-19,COVID-19
1516,COVID-19,COVID-19
1517,COVID-19,COVID-19
1518,COVID-19,COVID-19
1519,COVID-19,COVID-19
1520,COVID-19,COVID-19
1521,COVID-19,COVID-19
1522,COVID-19,COVID-19
1523,COVID-19,COVID-19
1524,COVID-19,COVID-19
1525,COVID-19,COVID-19
1526,COVID-19,COVID-19
1527,COVID-19,COVID-19
1528,COVID-19,COVID-19
1529,COVID-19,COVID-19
1530,COVID-19,COVID-19
1531,COVID-19,COVID-19
1532,COVID-19,COVID-19
1533,COVID-19,COVID-19
1534,COVID-19,COVID-19
1535,COVID-19,COVID-19
1536,COVID-19,COVID-19
1537,COVID-19,COVID-19
1538,COVID-19,COVID-19
1539,COVID-19,COVID-19
1540,COVID-19,COVID-19
1541,COVID-19,COVID-19
1542,COVID-19,COVID-19
1543,COVID-19,COVID-19
1544,COVID-19,COVID-19
1545,COVID-19,COVID-19
1546,COVID-19,COVID-19
1547,COVID-19,COVID-19
1548,COVID-19,COVID-19
1549,COVID-19,COVID-19
1550,COVID-19,COVID-19
1551,COVID-19,COVID-19
1552,COVID-19,COVID-19
1553,COVID-19,COVID-19
1554,COVID-19,COVID-19
1555,COVID-19,COVID-19
1556,COVID-19,COVID-19
1557,COVID-19,COVID-19
1558,COVID-19,COVID-19
1559,COVID-19,COVID-19
1560,COVID-19,COVID-19
1561,COVID-19,COVID-19
1562,COVID-19,COVID-19
1563,COVID-19,COVID-19
1564,COVID-19,COVID-19
1565,COVID-19,COVID-19
1566,COVID-19,COVID-19
1567,COVID-19,COVID-19
1568,COVID-19,COVID-19
1569,COVID-19,COVID-19
1570,COVID-19,COVID-19
1571,COVID-19,COVID-19
1572,COVID-19,COVID-19
1573,COVID-19,COVID-19
1574,COVID-19,COVID-19
1575,COVID-19,COVID-19
1576,COVID-19,COVID-19
1577,COVID-19,COVID-19
1578,COVID-19,COVID-19
1579,COVID-19,COVID-19
1580,COVID-19,COVID-19
1581,COVID-19,COVID-19
1582,COVID-19,COVID-19
1583,COVID-19,COVID-19
1584,COVID-19,COVID-19
1585,COVID-19,COVID-19
1586,COVID-19,COVID-19
1587,COVID-19,COVID-19
1588,COVID-19,COVID-19
1589,COVID-19,COVID-19
1590,COVID-19,COVID-19
1591,COVID-19,COVID-19
1592,COVID-19,COVID-19
1593,COVID-19,COVID-19
1594,COVID-19,COVID-19
1595,COVID-19,COVID-19
1596,COVID-19,COVID-19
1597,COVID-19,COVID-19
1598,COVID-19,COVID-19
1599,COVID-19,COVID-19
1600,COVID-19,COVID-19
1601,COVID-19,COVID-19
1602,COVID-19,COVID-19
1603,COVID-19,COVID-19
1604,COVID-19,COVID-19
1605,COVID-19,COVID-19
1606,COVID-19,COVID-19
1607,COVID-19,COVID-19
1608,COVID-19,COVID-19
1609,COVID-19,COVID-19
1610,COVID-19,COVID-19
1611,COVID-19,COVID-19
1612,COVID-19,COVID-19
1613,COVID-19,COVID-19
1614,COVID-19,COVID-19
1615,COVID-19,COVID-19
1616,COVID-19,COVID-19
1617,COVID-19,COVID-19
1618,COVID-19,COVID-19
1619,COVID-19,COVID-19
1620,COVID-19,COVID-19
1621,COVID-19,COVID-19
1622,COVID-19,COVID-19
1623,COVID-19,COVID-19
1624,COVID-19,COVID-19
1625,COVID-19,COVID-19
1626,COVID-19,COVID-19
1627,COVID-19,COVID-19
1628,COVID-19,COVID-19
1629,COVID-19,COVID-19
1630,COVID-19,COVID-19
1631,COVID-19,COVID-19
1632,COVID-19,COVID-19
1633,COVID-19,COVID-19
1634,COVID-19,COVID-19
1635,COVID-19,COVID-19
1636,COVID-19,COVID-19
1637,COVID-19,COVID-19
1638,COVID-19,COVID-19
1639,COVID-19,COVID-19
1640,COVID-19,COVID-19
1641,COVID-19,COVID-19
1642,COVID-19,COVID-19
1643,COVID-19,COVID-19
1644,COVID-19,COVID-19
1645,COVID-19,COVID-19
1646,COVID-19,COVID-19
1647,COVID-19,COVID-19
1648,COVID-19,COVID-19
1649,COVID-19,COVID-19
1650,COVID-19,COVID-19
1651,COVID-19,COVID-19
1652,COVID-19,COVID-19
1653,COVID-19,COVID-19
1654,COVID-19,COVID-19
1655,COVID-19,COVID-19
1656,COVID-19,COVID-19
1657,COVID-19,COVID-19
1658,COVID-19,COVID-19
1659,COVID-19,COVID-19
1660,COVID-19,COVID-19
1661,COVID-19,COVID-19
1662,COVID-19,COVID-19
1663,COVID-19,COVID-19
1664,COVID-19,COVID-19
1665,COVID-19,COVID-19
1666,COVID-19,COVID-19
1667,COVID-19,COVID-19
1668,COVID-19,COVID-19
1669,COVID-19,COVID-19
1670,COVID-19,COVID-19
1671,COVID-19,COVID-19
1672,COVID-19,COVID-19
1673,COVID-19,COVID-19
1674,COVID-19,COVID-19
1675,COVID-19,COVID-19
1676,COVID-19,COVID-19
1677,COVID-19,COVID-19
1678,COVID-19,COVID-19
1679,COVID-19,COVID-19
1680,COVID-19,COVID-19
1681,COVID-19,COVID-19
1682,COVID-19,COVID-19
1683,COVID-19,COVID-19
1684,COVID-19,COVID-19
1685,COVID-19,COVID-19
1686,COVID-19,COVID-19
1687,COVID-19,COVID-19
1688,COVID-19,COVID-19
1689,COVID-19,COVID-19
1690,COVID-19,COVID-19
1691,COVID-19,COVID-19
1692,COVID-19,COVID-19
1693,COVID-19,COVID-19
1694,COVID-19,COVID-19
1695,COVID-19,COVID-19
1696,COVID-19,COVID-19
1697,COVID-19,COVID-19
1698,COVID-19,COVID-19
1699,COVID-19,COVID-19
1700,COVID-19,COVID-19
1701,COVID-19,COVID-19
1702,COVID-19,COVID-19
1703,COVID-19,COVID-19
1704,COVID-19,COVID-19
1705,COVID-19,COVID-19
1706,COVID-19,COVID-19
1707,COVID-19,COVID-19
1708,COVID-19,COVID-19
1709,COVID-19,COVID-19
1710,COVID-19,COVID-19
1711,COVID-19,COVID-19
1712,COVID-19,Normal
1713,COVID-19,COVID-19
1714,COVID-19,COVID-19
1715,COVID-19,COVID-19
1716,COVID-19,Normal
1717,COVID-19,COVID-19
1718,COVID-19,COVID-19
1719,COVID-19,COVID-19
1720,COVID-19,COVID-19
1721,COVID-19,COVID-19
1722,COVID-19,COVID-19
1723,COVID-19,COVID-19
1724,COVID-19,COVID-19
1725,COVID-19,COVID-19
1726,COVID-19,COVID-19
1727,COVID-19,COVID-19
1728,COVID-19,COVID-19
1729,COVID-19,COVID-19
1730,COVID-19,COVID-19
1731,COVID-19,COVID-19
1732,COVID-19,COVID-19
1733,COVID-19,COVID-19
1734,COVID-19,COVID-19
1735,COVID-19,COVID-19
1736,COVID-19,COVID-19
1737,COVID-19,COVID-19
1738,COVID-19,COVID-19
1739,COVID-19,COVID-19
1740,COVID-19,COVID-19
1741,COVID-19,COVID-19
1742,COVID-19,COVID-19
1743,COVID-19,COVID-19
1744,COVID-19,COVID-19
1745,COVID-19,COVID-19
1746,COVID-19,COVID-19
1747,COVID-19,COVID-19
1748,COVID-19,COVID-19
1749,COVID-19,COVID-19
1750,COVID-19,COVID-19
1751,COVID-19,COVID-19
1752,COVID-19,COVID-19
1753,COVID-19,COVID-19
1754,COVID-19,COVID-19
1755,COVID-19,COVID-19
1756,COVID-19,COVID-19
1757,COVID-19,COVID-19
1758,COVID-19,COVID-19
1759,COVID-19,COVID-19
1760,COVID-19,COVID-19
1761,COVID-19,COVID-19
1762,COVID-19,COVID-19
1763,COVID-19,COVID-19
1764,COVID-19,COVID-19
1765,COVID-19,COVID-19
1766,COVID-19,COVID-19
1767,COVID-19,COVID-19
1768,COVID-19,COVID-19
1769,COVID-19,COVID-19
1770,COVID-19,COVID-19
1771,COVID-19,COVID-19
1772,COVID-19,COVID dışı pnömoni
1773,COVID-19,COVID-19
1774,COVID-19,COVID-19
1775,COVID-19,COVID-19
1776,COVID-19,COVID-19
1777,COVID-19,COVID-19
1778,COVID-19,COVID-19
1779,COVID-19,COVID-19
1780,COVID-19,COVID-19
1781,COVID-19,COVID-19
1782,COVID-19,COVID-19
1783,COVID-19,COVID-19
1784,COVID-19,COVID-19
1785,COVID-19,COVID-19
1786,COVID-19,COVID-19
1787,COVID-19,COVID-19
1788,COVID-19,COVID-19
1789,COVID-19,COVID-19
1790,COVID-19,COVID-19
1791,COVID-19,COVID-19
1792,COVID-19,COVID-19
1793,COVID-19,COVID-19
1794,COVID-19,COVID-19
1795,COVID-19,COVID-19
1796,COVID-19,COVID-19
1797,COVID-19,COVID-19
1798,COVID-19,COVID-19
1799,COVID-19,Normal
1800,COVID-19,COVID-19
1801,COVID-19,COVID-19
1802,COVID-19,COVID-19
1803,COVID-19,COVID-19
1804,COVID-19,COVID-19
1805,COVID-19,COVID-19
1806,COVID-19,COVID-19
1807,COVID-19,COVID-19
1808,COVID-19,COVID-19
1809,COVID-19,COVID-19
1810,COVID-19,COVID-19
1811,COVID-19,COVID-19
1812,COVID-19,COVID-19
1813,COVID-19,COVID-19
1814,COVID-19,COVID-19
1815,COVID-19,COVID-19
1816,COVID-19,COVID-19
1817,COVID-19,COVID-19
1818,COVID-19,COVID-19
1819,COVID-19,COVID-19
1820,COVID-19,COVID-19
1821,COVID-19,COVID-19
1822,COVID-19,COVID-19
1823,COVID-19,COVID-19
1824,COVID-19,COVID-19
1825,COVID-19,COVID-19
1826,COVID-19,COVID-19
1827,COVID-19,COVID-19
1828,COVID-19,COVID-19
1829,COVID-19,COVID-19
1830,COVID-19,COVID-19
1831,COVID-19,COVID-19
1832,COVID-19,COVID-19
1833,COVID-19,COVID-19
1834,COVID-19,COVID-19
1835,COVID-19,COVID-19
1836,COVID-19,COVID-19
1837,COVID-19,COVID-19
1838,COVID-19,COVID-19
1839,COVID-19,COVID-19
1840,COVID-19,COVID-19
1841,COVID-19,COVID-19
1842,COVID-19,COVID-19
1843,COVID-19,COVID-19
1844,COVID-19,COVID-19
1845,COVID-19,COVID-19
1846,COVID-19,COVID-19
1847,COVID-19,COVID-19
1848,COVID-19,COVID-19
1849,COVID-19,COVID-19
1850,COVID-19,COVID-19
1851,COVID-19,COVID-19
1852,COVID-19,COVID-19
1853,COVID-19,COVID-19
1854,COVID-19,COVID-19
1855,COVID-19,COVID-19
1856,COVID-19,COVID-19
1857,COVID-19,COVID-19
1858,COVID-19,Normal
1859,COVID-19,COVID-19
1860,COVID-19,COVID-19
1861,COVID-19,COVID-19
1862,COVID-19,COVID-19
1863,COVID-19,COVID-19
1864,COVID-19,COVID-19
1865,COVID-19,COVID-19
1866,COVID-19,COVID-19
1867,COVID-19,COVID-19
1868,COVID-19,COVID-19
1869,COVID-19,COVID-19
1870,COVID-19,COVID-19
1871,COVID-19,COVID-19
1872,COVID-19,COVID-19
1873,COVID-19,COVID-19
1874,COVID-19,COVID-19
1875,COVID-19,COVID-19
1876,COVID-19,COVID-19
1877,COVID-19,COVID-19
1878,COVID-19,COVID-19
1879,COVID-19,COVID-19
1880,COVID-19,COVID-19
1881,COVID-19,COVID-19
1882,COVID-19,COVID-19
1883,COVID-19,COVID-19
1884,COVID-19,COVID-19
1885,COVID-19,COVID-19
1886,COVID-19,COVID-19
1887,COVID-19,COVID-19
1888,COVID-19,COVID-19
1889,COVID-19,COVID-19
1890,COVID-19,COVID-19
1891,COVID-19,COVID-19
1892,COVID-19,COVID-19
1893,COVID-19,COVID-19
1894,COVID-19,COVID-19
1895,COVID-19,COVID-19
1896,COVID-19,COVID-19
1897,COVID-19,COVID-19
1898,COVID-19,COVID-19
1899,COVID-19,COVID-19
1900,COVID-19,COVID-19
1901,COVID-19,COVID-19
1902,COVID-19,COVID-19
1903,COVID-19,COVID-19
1904,COVID-19,COVID-19
1905,COVID-19,COVID-19
1906,COVID-19,COVID-19
1907,COVID-19,COVID-19
1908,COVID-19,COVID-19
1909,COVID-19,COVID-19
1910,COVID-19,COVID-19
1911,COVID-19,COVID-19
1912,COVID-19,COVID dışı pnömoni
1913,COVID-19,COVID-19
1914,COVID-19,COVID-19
1915,COVID-19,COVID-19
1916,COVID-19,COVID-19
1917,COVID-19,COVID-19
1918,COVID-19,COVID-19
1919,COVID-19,COVID-19
1920,COVID-19,COVID-19
1921,COVID-19,COVID-19
1922,COVID-19,COVID-19
1923,COVID-19,COVID-19
1924,COVID-19,COVID-19
1925,COVID-19,COVID-19
1926,COVID-19,COVID-19
1927,COVID-19,COVID-19
1928,COVID-19,COVID-19
1929,COVID-19,COVID-19
1930,COVID-19,COVID-19
1931,COVID-19,COVID-19
1932,COVID-19,COVID-19
1933,COVID-19,COVID-19
1934,COVID-19,COVID-19
1935,COVID-19,COVID-19
1936,COVID-19,COVID-19
1937,COVID-19,COVID-19
1938,COVID-19,COVID-19
1939,COVID-19,COVID-19
1940,COVID-19,COVID-19
1941,COVID-19,COVID-19
1942,COVID-19,COVID-19
1943,COVID-19,COVID-19
1944,COVID-19,COVID-19
1945,COVID-19,COVID-19
1946,COVID-19,COVID-19
1947,COVID-19,COVID-19
1948,COVID-19,COVID-19
1949,COVID-19,COVID-19
1950,COVID-19,COVID-19
1951,COVID-19,COVID-19
1952,COVID-19,COVID-19
1953,COVID-19,COVID-19
1954,COVID-19,COVID-19
1955,COVID-19,COVID-19
1956,COVID-19,COVID-19
1957,COVID-19,COVID-19
1958,COVID-19,COVID-19
1959,COVID-19,COVID-19
1960,COVID-19,COVID-19
1961,COVID-19,COVID-19
1962,COVID-19,COVID-19
1963,COVID-19,COVID-19
1964,COVID-19,COVID-19
1965,COVID-19,COVID-19
1966,COVID-19,COVID-19
1967,COVID-19,COVID-19
1968,COVID-19,COVID-19
1969,COVID-19,COVID-19
1970,COVID-19,COVID-19
1971,COVID-19,COVID-19
1972,COVID-19,COVID-19
1973,COVID-19,COVID-19
1974,COVID-19,COVID-19
1975,COVID-19,COVID-19
1976,COVID-19,COVID-19
1977,COVID-19,COVID-19
1978,COVID-19,COVID-19
1979,COVID-19,COVID-19
1980,COVID-19,COVID-19
1981,COVID-19,COVID-19
1982,COVID-19,COVID-19
1983,COVID-19,COVID-19
1984,COVID-19,COVID-19
1985,COVID-19,COVID-19
1986,COVID-19,COVID-19
1987,COVID-19,COVID-19
1988,COVID-19,COVID-19
1989,COVID-19,COVID-19
1990,COVID-19,COVID-19
1991,COVID-19,COVID-19
1992,COVID-19,COVID-19
1993,COVID-19,COVID-19
1994,COVID-19,COVID-19
1995,COVID-19,COVID-19
1996,COVID-19,COVID-19
1997,COVID-19,COVID-19
1998,COVID-19,COVID-19
1999,COVID-19,COVID-19
2000,COVID-19,COVID-19
2001,COVID-19,COVID-19
2002,COVID-19,COVID-19
2003,COVID-19,COVID-19
2004,COVID-19,COVID-19
2005,COVID-19,COVID-19
2006,COVID-19,COVID-19
2007,COVID-19,COVID-19
2008,COVID-19,COVID-19
2009,COVID-19,COVID-19
2010,COVID-19,COVID-19
2011,COVID-19,COVID-19
2012,COVID-19,Normal
2013,COVID-19,COVID-19
2014,COVID-19,COVID-19
2015,COVID-19,Normal
2016,COVID-19,COVID-19
2017,COVID-19,COVID-19
2018,COVID-19,COVID-19
2019,COVID-19,COVID-19
2020,COVID-19,COVID-19
2021,COVID-19,COVID-19
2022,COVID-19,COVID-19
2023,COVID-19,COVID-19
2024,COVID-19,COVID-19
2025,COVID-19,COVID-19
2026,COVID-19,COVID-19
2027,COVID-19,COVID-19
2028,COVID-19,COVID-19
2029,COVID-19,COVID-19
2030,COVID-19,COVID-19
2031,COVID-19,COVID-19
2032,COVID-19,COVID-19
2033,COVID-19,COVID-19
2034,COVID-19,COVID-19
2035,COVID-19,COVID-19
2036,COVID-19,COVID-19
2037,COVID-19,COVID-19
2038,COVID-19,COVID-19
2039,COVID-19,COVID-19
2040,COVID-19,COVID-19
2041,COVID-19,COVID-19
2042,COVID-19,COVID-19
2043,COVID-19,COVID-19
2044,COVID-19,COVID-19
2045,COVID-19,COVID-19
2046,COVID-19,COVID-19
2047,COVID-19,COVID-19
2048,COVID-19,COVID-19
2049,COVID-19,COVID-19
2050,COVID-19,COVID-19
2051,COVID-19,COVID-19
2052,COVID-19,COVID-19
2053,COVID-19,COVID-19
2054,COVID-19,COVID-19
2055,COVID-19,COVID-19
2056,COVID-19,COVID-19
2057,COVID-19,COVID-19
2058,COVID-19,COVID-19
2059,COVID-19,COVID-19
2060,COVID-19,COVID-19
2061,COVID-19,COVID-19
2062,COVID-19,COVID-19
2063,COVID-19,COVID-19
2064,COVID-19,COVID-19
2065,COVID-19,COVID-19
2066,COVID-19,COVID-19
2067,COVID-19,COVID-19
2068,COVID-19,COVID-19
2069,COVID-19,COVID-19
2070,COVID-19,COVID-19
2071,COVID-19,COVID-19
2072,COVID-19,COVID-19
2073,COVID-19,COVID-19
2074,COVID-19,COVID-19
2075,COVID-19,COVID-19
2076,COVID-19,COVID-19
2077,COVID-19,COVID-19
2078,COVID-19,COVID-19
2079,COVID-19,COVID-19
2080,COVID-19,COVID-19
2081,COVID-19,COVID-19
2082,COVID-19,COVID-19
2083,COVID-19,COVID-19
2084,COVID-19,COVID-19
2085,COVID-19,COVID-19
2086,COVID-19,COVID-19
2087,COVID-19,COVID-19
2088,COVID-19,COVID-19
2089,COVID-19,COVID-19
2090,COVID-19,COVID-19
2091,COVID-19,COVID-19
2092,COVID-19,COVID-19
2093,COVID-19,COVID-19
2094,COVID-19,COVID-19
2095,COVID-19,COVID-19
2096,COVID-19,COVID-19
2097,COVID-19,COVID-19
2098,COVID-19,COVID-19
2099,COVID-19,COVID-19
2100,COVID-19,COVID-19
2101,COVID-19,COVID-19
2102,COVID-19,COVID-19
2103,COVID-19,COVID-19
2104,COVID-19,COVID-19
2105,COVID-19,COVID-19
2106,COVID-19,COVID-19
2107,COVID-19,COVID-19
2108,COVID-19,COVID-19
2109,COVID-19,COVID-19
2110,COVID-19,COVID-19
2111,COVID-19,COVID-19
2112,COVID-19,COVID-19
2113,COVID-19,COVID-19
2114,COVID-19,COVID-19
2115,COVID-19,Normal
2116,COVID-19,COVID-19
2117,COVID-19,COVID-19
2118,COVID-19,COVID-19
2119,COVID-19,COVID-19
2120,COVID-19,COVID-19
2121,COVID-19,COVID-19
2122,COVID-19,COVID-19
2123,COVID-19,COVID-19
2124,COVID-19,COVID-19
2125,COVID-19,COVID-19
2126,COVID-19,COVID-19
2127,COVID-19,COVID-19
2128,COVID-19,COVID-19
2129,COVID-19,COVID-19
2130,COVID-19,COVID-19
2131,COVID-19,COVID-19
2132,COVID-19,COVID-19
2133,COVID-19,COVID-19
2134,COVID-19,COVID-19
2135,COVID-19,COVID-19
2136,COVID-19,COVID-19
2137,COVID-19,COVID-19
2138,COVID-19,COVID-19
2139,COVID-19,COVID-19
2140,COVID-19,COVID-19
2141,COVID-19,COVID-19
2142,COVID-19,COVID-19
2143,COVID-19,COVID-19
2144,COVID-19,COVID-19
2145,COVID-19,COVID-19
2146,COVID-19,COVID-19
2147,COVID-19,COVID-19
2148,COVID-19,COVID-19
2149,COVID-19,COVID-19
2150,COVID-19,COVID-19
2151,COVID-19,COVID-19
2152,COVID-19,COVID-19
2153,COVID-19,COVID-19
2154,COVID-19,COVID-19
2155,COVID-19,COVID-19
2156,COVID-19,COVID-19
2157,COVID-19,Normal
2158,COVID-19,COVID-19
2159,COVID-19,COVID-19
2160,COVID-19,COVID-19
2161,COVID-19,COVID-19
2162,COVID-19,COVID-19
2163,COVID-19,COVID-19
2164,COVID-19,Normal
2165,COVID-19,COVID-19
2166,COVID-19,Normal
2167,COVID-19,COVID-19
2168,COVID-19,COVID-19
2169,COVID-19,COVID-19
2170,COVID-19,COVID-19
2171,COVID-19,COVID-19
2172,COVID-19,COVID-19
2173,COVID-19,COVID-19
2174,COVID-19,COVID-19
2175,COVID-19,COVID-19
2176,COVID-19,COVID-19
2177,COVID-19,COVID-19
2178,COVID-19,COVID-19
2179,COVID-19,COVID-19
2180,COVID-19,COVID-19
2181,COVID-19,COVID-19
2182,COVID-19,COVID-19
2183,COVID-19,COVID-19
2184,COVID-19,COVID-19
2185,COVID-19,COVID-19
2186,COVID-19,COVID-19
2187,COVID-19,COVID-19
2188,COVID-19,COVID-19
2189,COVID-19,COVID-19
2190,COVID-19,COVID-19
2191,COVID-19,COVID-19
2192,COVID-19,COVID-19
2193,COVID-19,COVID-19
2194,COVID-19,COVID-19
2195,COVID-19,COVID-19
2196,COVID-19,COVID-19
2197,COVID-19,COVID-19
2198,COVID-19,COVID-19
2199,COVID-19,COVID-19
2200,COVID-19,COVID-19
2201,COVID-19,COVID-19
2202,COVID-19,COVID-19
2203,COVID-19,COVID-19
2204,COVID-19,COVID-19
2205,COVID-19,COVID-19
2206,COVID-19,COVID-19
2207,COVID-19,COVID-19
2208,COVID-19,COVID-19
2209,COVID-19,COVID-19
2210,COVID-19,COVID-19
2211,COVID-19,COVID-19
2212,COVID-19,COVID-19
2213,COVID-19,COVID-19
2214,COVID-19,COVID-19
2215,COVID-19,COVID-19
2216,COVID-19,COVID-19
2217,COVID-19,COVID-19
2218,COVID-19,COVID-19
2219,COVID-19,COVID-19
2220,COVID-19,COVID-19
2221,COVID-19,COVID-19
2222,COVID-19,COVID-19
2223,COVID-19,COVID-19
2224,COVID-19,COVID-19
2225,COVID-19,COVID-19
2226,COVID-19,COVID-19
2227,COVID-19,COVID-19
2228,COVID-19,COVID-19
2229,COVID-19,COVID-19
2230,COVID-19,COVID-19
2231,COVID-19,COVID-19
2232,COVID-19,COVID-19
2233,COVID-19,COVID-19
2234,COVID-19,COVID-19
2235,COVID-19,COVID-19
2236,COVID-19,COVID-19
2237,COVID-19,COVID-19
2238,COVID-19,COVID-19
2239,COVID-19,COVID-19
2240,COVID-19,COVID-19
2241,COVID-19,COVID-19
2242,COVID-19,COVID-19
2243,COVID-19,COVID-19
2244,COVID-19,COVID-19
2245,COVID-19,COVID-19
2246,COVID-19,COVID-19
2247,COVID-19,COVID-19
2248,COVID-19,COVID-19
2249,COVID-19,COVID-19
2250,COVID-19,COVID-19
2251,COVID-19,COVID-19
2252,COVID-19,COVID-19
2253,COVID-19,COVID-19
2254,COVID-19,COVID-19
2255,COVID-19,COVID-19
2256,COVID-19,COVID-19
2257,COVID-19,COVID-19
2258,COVID-19,COVID-19
2259,COVID-19,COVID-19
2260,COVID-19,COVID-19
2261,COVID-19,COVID-19
2262,COVID-19,COVID-19
2263,COVID-19,COVID-19
2264,COVID-19,COVID-19
2265,COVID-19,COVID-19
2266,COVID-19,COVID-19
2267,COVID-19,COVID-19
2268,COVID-19,COVID-19
2269,COVID-19,COVID-19
2270,COVID-19,COVID-19
2271,COVID-19,COVID-19
2272,COVID-19,COVID-19
2273,COVID-19,COVID-19
2274,COVID-19,COVID-19
2275,COVID-19,COVID-19
2276,COVID-19,COVID-19
2277,COVID-19,COVID-19
2278,COVID-19,COVID-19
2279,COVID-19,COVID-19
2280,COVID-19,COVID-19
2281,COVID-19,COVID-19
2282,COVID-19,COVID-19
2283,COVID-19,COVID-19
2284,COVID-19,COVID-19
2285,COVID-19,COVID-19
2286,COVID-19,COVID-19
2287,COVID-19,COVID-19
2288,COVID-19,COVID-19
2289,COVID-19,COVID-19
2290,COVID-19,COVID-19
2291,COVID-19,COVID-19
2292,COVID-19,COVID-19
2293,COVID-19,COVID-19
2294,COVID-19,COVID-19
2295,COVID-19,COVID-19
2296,COVID-19,COVID-19
2297,COVID-19,COVID-19
2298,COVID-19,COVID-19
2299,COVID-19,COVID-19
2300,COVID-19,COVID-19
2301,COVID-19,COVID-19
2302,COVID-19,COVID-19
2303,COVID-19,COVID-19
2304,COVID-19,COVID-19
2305,COVID-19,Normal
2306,COVID-19,COVID-19
2307,COVID-19,COVID-19
2308,COVID-19,COVID-19
2309,COVID-19,COVID-19
2310,COVID-19,COVID-19
2311,COVID-19,COVID-19
2312,COVID-19,COVID-19
2313,COVID-19,COVID-19
2314,COVID-19,COVID-19
2315,COVID-19,COVID-19
2316,COVID-19,COVID-19
2317,COVID-19,COVID-19
2318,COVID-19,COVID-19
2319,COVID-19,COVID-19
2320,COVID-19,COVID-19
2321,COVID-19,COVID-19
2322,COVID-19,COVID-19
2323,COVID-19,COVID-19
2324,COVID-19,COVID-19
2325,COVID-19,COVID-19
2326,COVID-19,COVID-19
2327,COVID-19,COVID-19
2328,COVID-19,COVID-19
2329,COVID-19,Normal
2330,COVID-19,COVID-19
2331,COVID-19,COVID-19
2332,COVID-19,COVID-19
2333,COVID-19,COVID-19
2334,COVID-19,COVID-19
2335,COVID-19,COVID-19
2336,COVID-19,COVID-19
2337,COVID-19,COVID-19
2338,COVID-19,COVID-19
2339,COVID-19,COVID-19
2340,COVID-19,COVID-19
2341,COVID-19,COVID-19
2342,COVID-19,COVID-19
2343,COVID-19,COVID-19
2344,COVID-19,COVID-19
2345,COVID-19,COVID-19
2346,COVID-19,COVID-19
2347,COVID-19,COVID-19
2348,COVID-19,COVID-19
2349,COVID-19,COVID-19
2350,COVID-19,COVID-19
2351,COVID-19,COVID-19
2352,COVID-19,COVID-19
2353,COVID-19,COVID-19
2354,COVID-19,COVID-19
2355,COVID-19,COVID-19
2356,COVID-19,COVID-19
2357,COVID-19,COVID-19
2358,COVID-19,Normal
2359,COVID-19,COVID-19
2360,COVID-19,COVID-19
2361,COVID-19,COVID-19
2362,COVID-19,COVID-19
2363,COVID-19,COVID-19
2364,COVID-19,COVID-19
2365,COVID-19,COVID-19
2366,COVID-19,COVID-19
2367,COVID-19,COVID-19
2368,COVID-19,COVID-19
2369,COVID-19,COVID-19
2370,COVID-19,COVID-19
2371,COVID-19,COVID-19
2372,COVID-19,COVID-19
2373,COVID-19,COVID-19
2374,COVID-19,COVID-19
2375,COVID-19,COVID-19
2376,COVID-19,COVID-19
2377,COVID-19,COVID-19
2378,COVID-19,COVID-19
2379,COVID-19,COVID-19
2380,COVID-19,COVID-19
2381,COVID-19,COVID-19
2382,COVID-19,COVID-19
2383,COVID-19,COVID-19
2384,COVID-19,COVID-19
2385,COVID-19,COVID-19
2386,COVID-19,COVID-19
2387,COVID-19,COVID-19
2388,COVID-19,COVID-19
2389,COVID-19,COVID-19
2390,COVID-19,COVID-19
2391,COVID-19,COVID-19
2392,COVID-19,Normal
2393,COVID-19,COVID-19
2394,COVID-19,COVID-19
2395,COVID dışı pnömoni,COVID dışı pnömoni
2396,COVID dışı pnömoni,COVID dışı pnömoni
2397,COVID dışı pnömoni,COVID dışı pnömoni
2398,COVID dışı pnömoni,COVID dışı pnömoni
2399,COVID dışı pnömoni,COVID dışı pnömoni
2400,COVID dışı pnömoni,COVID dışı pnömoni
2401,COVID dışı pnömoni,COVID dışı pnömoni
2402,COVID dışı pnömoni,COVID dışı pnömoni
2403,COVID dışı pnömoni,COVID dışı pnömoni
2404,COVID dışı pnömoni,COVID dışı pnömoni
2405,COVID dışı pnömoni,COVID dışı pnömoni
2406,COVID dışı pnömoni,COVID dışı pnömoni
2407,COVID dışı pnömoni,COVID dışı pnömoni
2408,COVID dışı pnömoni,COVID dışı pnömoni
2409,COVID dışı pnömoni,COVID dışı pnömoni
2410,COVID dışı pnömoni,COVID dışı pnömoni
2411,COVID dışı pnömoni,COVID dışı pnömoni
2412,COVID dışı pnömoni,COVID dışı pnömoni
2413,COVID dışı pnömoni,COVID dışı pnömoni
2414,COVID dışı pnömoni,COVID dışı pnömoni
2415,COVID dışı pnömoni,COVID dışı pnömoni
2416,COVID dışı pnömoni,COVID dışı pnömoni
2417,COVID dışı pnömoni,COVID dışı pnömoni
2418,COVID dışı pnömoni,COVID dışı pnömoni
2419,COVID dışı pnömoni,COVID dışı pnömoni
2420,COVID dışı pnömoni,COVID dışı pnömoni
2421,COVID dışı pnömoni,COVID dışı pnömoni
2422,COVID dışı pnömoni,COVID dışı pnömoni
2423,COVID dışı pnömoni,COVID dışı pnömoni
2424,COVID dışı pnömoni,COVID dışı pnömoni
2425,COVID dışı pnömoni,COVID dışı pnömoni
2426,COVID dışı pnömoni,COVID dışı pnömoni
2427,COVID dışı pnömoni,COVID dışı pnömoni
2428,COVID dışı pnömoni,COVID dışı pnömoni
2429,COVID dışı pnömoni,COVID dışı pnömoni
2430,COVID dışı pnömoni,COVID dışı pnömoni
2431,COVID dışı pnömoni,COVID dışı pnömoni
2432,COVID dışı pnömoni,COVID dışı pnömoni
2433,COVID dışı pnömoni,COVID dışı pnömoni
2434,COVID dışı pnömoni,COVID dışı pnömoni
2435,COVID dışı pnömoni,COVID dışı pnömoni
2436,COVID dışı pnömoni,COVID dışı pnömoni
2437,COVID dışı pnömoni,COVID dışı pnömoni
2438,COVID dışı pnömoni,COVID dışı pnömoni
2439,COVID dışı pnömoni,COVID dışı pnömoni
2440,COVID dışı pnömoni,COVID dışı pnömoni
2441,COVID dışı pnömoni,COVID dışı pnömoni
2442,COVID dışı pnömoni,COVID dışı pnömoni
2443,COVID dışı pnömoni,COVID dışı pnömoni
2444,COVID dışı pnömoni,COVID dışı pnömoni
2445,COVID dışı pnömoni,COVID dışı pnömoni
2446,COVID dışı pnömoni,COVID dışı pnömoni
2447,COVID dışı pnömoni,COVID dışı pnömoni
2448,COVID dışı pnömoni,COVID dışı pnömoni
2449,COVID dışı pnömoni,COVID dışı pnömoni
2450,COVID dışı pnömoni,COVID dışı pnömoni
2451,COVID dışı pnömoni,COVID dışı pnömoni
2452,COVID dışı pnömoni,COVID dışı pnömoni
2453,COVID dışı pnömoni,COVID dışı pnömoni
2454,COVID dışı pnömoni,COVID dışı pnömoni
2455,COVID dışı pnömoni,COVID dışı pnömoni
2456,COVID dışı pnömoni,COVID dışı pnömoni
2457,COVID dışı pnömoni,COVID dışı pnömoni
2458,COVID dışı pnömoni,COVID dışı pnömoni
2459,COVID dışı pnömoni,COVID dışı pnömoni
2460,COVID dışı pnömoni,COVID dışı pnömoni
2461,COVID dışı pnömoni,COVID dışı pnömoni
2462,COVID dışı pnömoni,COVID dışı pnömoni
2463,COVID dışı pnömoni,COVID dışı pnömoni
2464,COVID dışı pnömoni,Normal
2465,COVID dışı pnömoni,COVID dışı pnömoni
2466,COVID dışı pnömoni,COVID dışı pnömoni
2467,COVID dışı pnömoni,COVID dışı pnömoni
2468,COVID dışı pnömoni,COVID dışı pnömoni
2469,COVID dışı pnömoni,COVID dışı pnömoni
2470,COVID dışı pnömoni,COVID dışı pnömoni
2471,COVID dışı pnömoni,COVID dışı pnömoni
2472,COVID dışı pnömoni,COVID dışı pnömoni
2473,COVID dışı pnömoni,COVID dışı pnömoni
2474,COVID dışı pnömoni,COVID dışı pnömoni
2475,COVID dışı pnömoni,COVID dışı pnömoni
2476,COVID dışı pnömoni,COVID dışı pnömoni
2477,COVID dışı pnömoni,COVID dışı pnömoni
2478,COVID dışı pnömoni,COVID dışı pnömoni
2479,COVID dışı pnömoni,COVID dışı pnömoni
2480,COVID dışı pnömoni,COVID dışı pnömoni
2481,COVID dışı pnömoni,COVID dışı pnömoni
2482,COVID dışı pnömoni,COVID dışı pnömoni
2483,COVID dışı pnömoni,COVID dışı pnömoni
2484,COVID dışı pnömoni,COVID dışı pnömoni
2485,COVID dışı pnömoni,COVID dışı pnömoni
2486,COVID dışı pnömoni,COVID dışı pnömoni
2487,COVID dışı pnömoni,COVID dışı pnömoni
2488,COVID dışı pnömoni,COVID dışı pnömoni
2489,COVID dışı pnömoni,COVID dışı pnömoni
2490,COVID dışı pnömoni,Normal
2491,COVID dışı pnömoni,COVID dışı pnömoni
2492,COVID dışı pnömoni,COVID dışı pnömoni
2493,COVID dışı pnömoni,COVID dışı pnömoni
2494,COVID dışı pnömoni,COVID dışı pnömoni
2495,COVID dışı pnömoni,COVID dışı pnömoni
2496,COVID dışı pnömoni,COVID dışı pnömoni
2497,COVID dışı pnömoni,COVID dışı pnömoni
2498,COVID dışı pnömoni,COVID dışı pnömoni
2499,COVID dışı pnömoni,COVID dışı pnömoni
2500,COVID dışı pnömoni,COVID dışı pnömoni
2501,COVID dışı pnömoni,COVID dışı pnömoni
2502,COVID dışı pnömoni,COVID dışı pnömoni
2503,COVID dışı pnömoni,COVID dışı pnömoni
2504,COVID dışı pnömoni,COVID dışı pnömoni
2505,COVID dışı pnömoni,COVID dışı pnömoni
2506,COVID dışı pnömoni,COVID dışı pnömoni
2507,COVID dışı pnömoni,COVID dışı pnömoni
2508,COVID dışı pnömoni,COVID dışı pnömoni
2509,COVID dışı pnömoni,COVID dışı pnömoni
2510,COVID dışı pnömoni,COVID dışı pnömoni
2511,COVID dışı pnömoni,COVID dışı pnömoni
2512,COVID dışı pnömoni,COVID dışı pnömoni
2513,COVID dışı pnömoni,COVID dışı pnömoni
2514,COVID dışı pnömoni,COVID dışı pnömoni
2515,COVID dışı pnömoni,COVID dışı pnömoni
2516,COVID dışı pnömoni,COVID dışı pnömoni
2517,COVID dışı pnömoni,COVID dışı pnömoni
2518,COVID dışı pnömoni,COVID dışı pnömoni
2519,COVID dışı pnömoni,COVID dışı pnömoni
2520,COVID dışı pnömoni,COVID dışı pnömoni
2521,COVID dışı pnömoni,COVID dışı pnömoni
2522,COVID dışı pnömoni,COVID dışı pnömoni
2523,COVID dışı pnömoni,COVID dışı pnömoni
2524,COVID dışı pnömoni,COVID dışı pnömoni
2525,COVID dışı pnömoni,COVID dışı pnömoni
2526,COVID dışı pnömoni,COVID dışı pnömoni
2527,COVID dışı pnömoni,COVID dışı pnömoni
2528,COVID dışı pnömoni,COVID dışı pnömoni
2529,COVID dışı pnömoni,COVID dışı pnömoni
2530,COVID dışı pnömoni,COVID dışı pnömoni
2531,COVID dışı pnömoni,COVID dışı pnömoni
2532,COVID dışı pnömoni,COVID dışı pnömoni
2533,COVID dışı pnömoni,COVID dışı pnömoni
2534,COVID dışı pnömoni,COVID dışı pnömoni
2535,COVID dışı pnömoni,COVID dışı pnömoni
2536,COVID dışı pnömoni,COVID dışı pnömoni
2537,COVID dışı pnömoni,COVID dışı pnömoni
2538,COVID dışı pnömoni,COVID dışı pnömoni
2539,COVID dışı pnömoni,COVID dışı pnömoni
2540,COVID dışı pnömoni,COVID dışı pnömoni
2541,COVID dışı pnömoni,COVID dışı pnömoni
2542,COVID dışı pnömoni,COVID dışı pnömoni
2543,COVID dışı pnömoni,COVID dışı pnömoni
2544,COVID dışı pnömoni,COVID dışı pnömoni
2545,COVID dışı pnömoni,COVID dışı pnömoni
2546,COVID dışı pnömoni,COVID dışı pnömoni
2547,COVID dışı pnömoni,COVID dışı pnömoni
2548,COVID dışı pnömoni,COVID dışı pnömoni
2549,COVID dışı pnömoni,COVID dışı pnömoni
2550,COVID dışı pnömoni,COVID dışı pnömoni
2551,COVID dışı pnömoni,COVID dışı pnömoni
2552,COVID dışı pnömoni,COVID dışı pnömoni
2553,COVID dışı pnömoni,COVID dışı pnömoni
2554,COVID dışı pnömoni,COVID dışı pnömoni
2555,COVID dışı pnömoni,COVID dışı pnömoni
2556,COVID dışı pnömoni,COVID dışı pnömoni
2557,COVID dışı pnömoni,COVID dışı pnömoni
2558,COVID dışı pnömoni,COVID dışı pnömoni
2559,COVID dışı pnömoni,COVID dışı pnömoni
2560,COVID dışı pnömoni,COVID dışı pnömoni
2561,COVID dışı pnömoni,COVID dışı pnömoni
2562,COVID dışı pnömoni,COVID dışı pnömoni
2563,COVID dışı pnömoni,COVID dışı pnömoni
2564,COVID dışı pnömoni,COVID dışı pnömoni
2565,COVID dışı pnömoni,COVID dışı pnömoni
2566,COVID dışı pnömoni,COVID dışı pnömoni
2567,COVID dışı pnömoni,COVID dışı pnömoni
2568,COVID dışı pnömoni,COVID dışı pnömoni
2569,COVID dışı pnömoni,COVID dışı pnömoni
2570,COVID dışı pnömoni,COVID dışı pnömoni
2571,COVID dışı pnömoni,COVID dışı pnömoni
2572,COVID dışı pnömoni,COVID dışı pnömoni
2573,COVID dışı pnömoni,COVID dışı pnömoni
2574,COVID dışı pnömoni,COVID dışı pnömoni
2575,COVID dışı pnömoni,COVID dışı pnömoni
2576,COVID dışı pnömoni,COVID dışı pnömoni
2577,COVID dışı pnömoni,COVID dışı pnömoni
2578,COVID dışı pnömoni,COVID dışı pnömoni
2579,COVID dışı pnömoni,COVID dışı pnömoni
2580,COVID dışı pnömoni,COVID dışı pnömoni
2581,COVID dışı pnömoni,COVID dışı pnömoni
2582,COVID dışı pnömoni,COVID dışı pnömoni
2583,COVID dışı pnömoni,COVID dışı pnömoni
2584,COVID dışı pnömoni,COVID dışı pnömoni
2585,COVID dışı pnömoni,COVID dışı pnömoni
2586,COVID dışı pnömoni,COVID dışı pnömoni
2587,COVID dışı pnömoni,COVID dışı pnömoni
2588,COVID dışı pnömoni,Normal
2589,COVID dışı pnömoni,COVID dışı pnömoni
2590,COVID dışı pnömoni,COVID dışı pnömoni
2591,COVID dışı pnömoni,COVID dışı pnömoni
2592,COVID dışı pnömoni,COVID dışı pnömoni
2593,COVID dışı pnömoni,COVID dışı pnömoni
2594,COVID dışı pnömoni,COVID dışı pnömoni
2595,COVID dışı pnömoni,COVID dışı pnömoni
2596,COVID dışı pnömoni,COVID dışı pnömoni
2597,COVID dışı pnömoni,COVID dışı pnömoni
2598,COVID dışı pnömoni,COVID dışı pnömoni
2599,COVID dışı pnömoni,COVID dışı pnömoni
2600,COVID dışı pnömoni,COVID dışı pnömoni
2601,COVID dışı pnömoni,COVID dışı pnömoni
2602,COVID dışı pnömoni,COVID dışı pnömoni
2603,COVID dışı pnömoni,COVID dışı pnömoni
2604,COVID dışı pnömoni,COVID dışı pnömoni
2605,COVID dışı pnömoni,COVID dışı pnömoni
2606,COVID dışı pnömoni,COVID dışı pnömoni
2607,COVID dışı pnömoni,COVID dışı pnömoni
2608,COVID dışı pnömoni,COVID dışı pnömoni
2609,COVID dışı pnömoni,COVID dışı pnömoni
2610,COVID dışı pnömoni,COVID dışı pnömoni
2611,COVID dışı pnömoni,COVID dışı pnömoni
2612,COVID dışı pnömoni,COVID dışı pnömoni
2613,COVID dışı pnömoni,COVID dışı pnömoni
2614,COVID dışı pnömoni,COVID dışı pnömoni
2615,COVID dışı pnömoni,COVID dışı pnömoni
2616,COVID dışı pnömoni,COVID dışı pnömoni
2617,COVID dışı pnömoni,COVID dışı pnömoni
2618,COVID dışı pnömoni,COVID dışı pnömoni
2619,COVID dışı pnömoni,COVID dışı pnömoni
2620,COVID dışı pnömoni,COVID dışı pnömoni
2621,COVID dışı pnömoni,COVID dışı pnömoni
2622,COVID dışı pnömoni,COVID dışı pnömoni
2623,COVID dışı pnömoni,COVID dışı pnömoni
2624,COVID dışı pnömoni,Normal
2625,COVID dışı pnömoni,COVID dışı pnömoni
2626,COVID dışı pnömoni,COVID dışı pnömoni
2627,COVID dışı pnömoni,COVID dışı pnömoni
2628,COVID dışı pnömoni,COVID dışı pnömoni
2629,COVID dışı pnömoni,COVID dışı pnömoni
2630,COVID dışı pnömoni,COVID dışı pnömoni
2631,COVID dışı pnömoni,COVID dışı pnömoni
2632,COVID dışı pnömoni,COVID dışı pnömoni
2633,COVID dışı pnömoni,COVID dışı pnömoni
2634,COVID dışı pnömoni,COVID dışı pnömoni
2635,COVID dışı pnömoni,COVID dışı pnömoni
2636,COVID dışı pnömoni,COVID dışı pnömoni
2637,COVID dışı pnömoni,COVID dışı pnömoni
2638,COVID dışı pnömoni,COVID dışı pnömoni
2639,COVID dışı pnömoni,COVID dışı pnömoni
2640,COVID dışı pnömoni,COVID dışı pnömoni
2641,COVID dışı pnömoni,COVID dışı pnömoni
2642,COVID dışı pnömoni,COVID dışı pnömoni
2643,COVID dışı pnömoni,COVID dışı pnömoni
2644,COVID dışı pnömoni,COVID dışı pnömoni
2645,COVID dışı pnömoni,COVID dışı pnömoni
2646,COVID dışı pnömoni,COVID dışı pnömoni
2647,COVID dışı pnömoni,COVID dışı pnömoni
2648,COVID dışı pnömoni,COVID dışı pnömoni
2649,COVID dışı pnömoni,Normal
2650,COVID dışı pnömoni,COVID dışı pnömoni
2651,COVID dışı pnömoni,Normal
2652,COVID dışı pnömoni,COVID dışı pnömoni
2653,COVID dışı pnömoni,COVID dışı pnömoni
2654,COVID dışı pnömoni,COVID dışı pnömoni
2655,COVID dışı pnömoni,COVID dışı pnömoni
2656,COVID dışı pnömoni,COVID dışı pnömoni
2657,COVID dışı pnömoni,COVID dışı pnömoni
2658,COVID dışı pnömoni,COVID dışı pnömoni
2659,COVID dışı pnömoni,COVID dışı pnömoni
2660,COVID dışı pnömoni,COVID dışı pnömoni
2661,COVID dışı pnömoni,COVID dışı pnömoni
2662,COVID dışı pnömoni,COVID dışı pnömoni
2663,COVID dışı pnömoni,COVID dışı pnömoni
2664,COVID dışı pnömoni,COVID dışı pnömoni
2665,COVID dışı pnömoni,COVID dışı pnömoni
2666,COVID dışı pnömoni,COVID dışı pnömoni
2667,COVID dışı pnömoni,COVID dışı pnömoni
2668,COVID dışı pnömoni,COVID dışı pnömoni
2669,COVID dışı pnömoni,COVID dışı pnömoni
2670,COVID dışı pnömoni,COVID dışı pnömoni
2671,COVID dışı pnömoni,COVID dışı pnömoni
2672,COVID dışı pnömoni,COVID dışı pnömoni
2673,COVID dışı pnömoni,COVID dışı pnömoni
2674,COVID dışı pnömoni,COVID dışı pnömoni
2675,COVID dışı pnömoni,COVID dışı pnömoni
2676,COVID dışı pnömoni,COVID dışı pnömoni
2677,COVID dışı pnömoni,COVID dışı pnömoni
2678,COVID dışı pnömoni,COVID dışı pnömoni
2679,COVID dışı pnömoni,COVID dışı pnömoni
2680,COVID dışı pnömoni,COVID dışı pnömoni
2681,COVID dışı pnömoni,COVID dışı pnömoni
2682,COVID dışı pnömoni,COVID dışı pnömoni
2683,COVID dışı pnömoni,COVID dışı pnömoni
2684,COVID dışı pnömoni,COVID dışı pnömoni
2685,COVID dışı pnömoni,COVID dışı pnömoni
2686,COVID dışı pnömoni,COVID dışı pnömoni
2687,COVID dışı pnömoni,COVID dışı pnömoni
2688,COVID dışı pnömoni,COVID dışı pnömoni
2689,COVID dışı pnömoni,COVID dışı pnömoni
2690,COVID dışı pnömoni,COVID dışı pnömoni
2691,COVID dışı pnömoni,COVID dışı pnömoni
2692,COVID dışı pnömoni,COVID dışı pnömoni
2693,COVID dışı pnömoni,COVID dışı pnömoni
2694,COVID dışı pnömoni,COVID dışı pnömoni
2695,COVID dışı pnömoni,COVID dışı pnömoni
2696,COVID dışı pnömoni,COVID dışı pnömoni
2697,COVID dışı pnömoni,COVID dışı pnömoni
2698,COVID dışı pnömoni,COVID dışı pnömoni
2699,COVID dışı pnömoni,COVID dışı pnömoni
2700,COVID dışı pnömoni,COVID dışı pnömoni
2701,COVID dışı pnömoni,COVID dışı pnömoni
2702,COVID dışı pnömoni,COVID dışı pnömoni
2703,COVID dışı pnömoni,Normal
2704,COVID dışı pnömoni,COVID dışı pnömoni
2705,COVID dışı pnömoni,COVID dışı pnömoni
2706,COVID dışı pnömoni,COVID dışı pnömoni
2707,COVID dışı pnömoni,COVID dışı pnömoni
2708,COVID dışı pnömoni,COVID dışı pnömoni
2709,COVID dışı pnömoni,COVID dışı pnömoni
2710,COVID dışı pnömoni,COVID dışı pnömoni
2711,COVID dışı pnömoni,COVID dışı pnömoni
2712,COVID dışı pnömoni,COVID dışı pnömoni
2713,COVID dışı pnömoni,COVID dışı pnömoni
2714,COVID dışı pnömoni,COVID dışı pnömoni
2715,COVID dışı pnömoni,COVID dışı pnömoni
2716,COVID dışı pnömoni,COVID dışı pnömoni
2717,COVID dışı pnömoni,COVID dışı pnömoni
2718,COVID dışı pnömoni,COVID dışı pnömoni
2719,COVID dışı pnömoni,COVID dışı pnömoni
2720,COVID dışı pnömoni,COVID dışı pnömoni
2721,COVID dışı pnömoni,COVID dışı pnömoni
2722,COVID dışı pnömoni,COVID dışı pnömoni
2723,COVID dışı pnömoni,COVID dışı pnömoni
2724,COVID dışı pnömoni,COVID dışı pnömoni
2725,COVID dışı pnömoni,COVID dışı pnömoni
2726,COVID dışı pnömoni,COVID dışı pnömoni
2727,COVID dışı pnömoni,COVID dışı pnömoni
2728,COVID dışı pnömoni,COVID dışı pnömoni
2729,COVID dışı pnömoni,COVID dışı pnömoni
2730,COVID dışı pnömoni,COVID dışı pnömoni
2731,COVID dışı pnömoni,COVID dışı pnömoni
2732,COVID dışı pnömoni,COVID dışı pnömoni
2733,COVID dışı pnömoni,COVID dışı pnömoni
2734,COVID dışı pnömoni,COVID dışı pnömoni
2735,COVID dışı pnömoni,COVID dışı pnömoni
2736,COVID dışı pnömoni,COVID dışı pnömoni
2737,COVID dışı pnömoni,COVID dışı pnömoni
2738,COVID dışı pnömoni,COVID dışı pnömoni
2739,COVID dışı pnömoni,COVID dışı pnömoni
2740,COVID dışı pnömoni,COVID dışı pnömoni
2741,COVID dışı pnömoni,COVID dışı pnömoni
2742,COVID dışı pnömoni,COVID dışı pnömoni
2743,COVID dışı pnömoni,COVID dışı pnömoni
2744,COVID dışı pnömoni,COVID dışı pnömoni
2745,COVID dışı pnömoni,COVID dışı pnömoni
2746,COVID dışı pnömoni,COVID dışı pnömoni
2747,COVID dışı pnömoni,COVID dışı pnömoni
2748,COVID dışı pnömoni,COVID dışı pnömoni
2749,COVID dışı pnömoni,COVID dışı pnömoni
2750,COVID dışı pnömoni,COVID dışı pnömoni
2751,COVID dışı pnömoni,COVID dışı pnömoni
2752,COVID dışı pnömoni,COVID dışı pnömoni
2753,COVID dışı pnömoni,COVID dışı pnömoni
2754,COVID dışı pnömoni,COVID dışı pnömoni
2755,COVID dışı pnömoni,COVID dışı pnömoni
2756,COVID dışı pnömoni,COVID dışı pnömoni
2757,COVID dışı pnömoni,COVID dışı pnömoni
2758,COVID dışı pnömoni,COVID dışı pnömoni
2759,COVID dışı pnömoni,COVID dışı pnömoni
2760,COVID dışı pnömoni,COVID dışı pnömoni
2761,COVID dışı pnömoni,COVID dışı pnömoni
2762,COVID dışı pnömoni,COVID dışı pnömoni
2763,COVID dışı pnömoni,COVID dışı pnömoni
2764,COVID dışı pnömoni,COVID dışı pnömoni
2765,COVID dışı pnömoni,COVID dışı pnömoni
2766,COVID dışı pnömoni,COVID dışı pnömoni
2767,COVID dışı pnömoni,COVID dışı pnömoni
2768,COVID dışı pnömoni,COVID dışı pnömoni
2769,COVID dışı pnömoni,COVID dışı pnömoni
2770,COVID dışı pnömoni,COVID dışı pnömoni
2771,COVID dışı pnömoni,COVID dışı pnömoni
2772,COVID dışı pnömoni,COVID dışı pnömoni
2773,COVID dışı pnömoni,COVID dışı pnömoni
2774,COVID dışı pnömoni,COVID dışı pnömoni
2775,COVID dışı pnömoni,COVID dışı pnömoni
2776,COVID dışı pnömoni,COVID dışı pnömoni
2777,COVID dışı pnömoni,COVID dışı pnömoni
2778,COVID dışı pnömoni,COVID dışı pnömoni
2779,COVID dışı pnömoni,COVID dışı pnömoni
2780,COVID dışı pnömoni,COVID dışı pnömoni
2781,COVID dışı pnömoni,COVID dışı pnömoni
2782,COVID dışı pnömoni,COVID dışı pnömoni
2783,COVID dışı pnömoni,COVID dışı pnömoni
2784,COVID dışı pnömoni,COVID dışı pnömoni
2785,COVID dışı pnömoni,COVID dışı pnömoni
2786,COVID dışı pnömoni,COVID dışı pnömoni
2787,COVID dışı pnömoni,COVID dışı pnömoni
2788,COVID dışı pnömoni,COVID dışı pnömoni
2789,COVID dışı pnömoni,COVID dışı pnömoni
2790,COVID dışı pnömoni,COVID dışı pnömoni
2791,COVID dışı pnömoni,COVID dışı pnömoni
2792,COVID dışı pnömoni,COVID dışı pnömoni
2793,COVID dışı pnömoni,COVID dışı pnömoni
2794,COVID dışı pnömoni,COVID dışı pnömoni
2795,COVID dışı pnömoni,COVID dışı pnömoni
2796,COVID dışı pnömoni,COVID dışı pnömoni
2797,COVID dışı pnömoni,COVID dışı pnömoni
2798,COVID dışı pnömoni,COVID dışı pnömoni
2799,COVID dışı pnömoni,COVID dışı pnömoni
2800,COVID dışı pnömoni,COVID dışı pnömoni
2801,COVID dışı pnömoni,COVID dışı pnömoni
2802,COVID dışı pnömoni,COVID dışı pnömoni
2803,COVID dışı pnömoni,COVID dışı pnömoni
2804,COVID dışı pnömoni,COVID dışı pnömoni
2805,COVID dışı pnömoni,COVID dışı pnömoni
2806,COVID dışı pnömoni,COVID dışı pnömoni
2807,COVID dışı pnömoni,COVID dışı pnömoni
2808,COVID dışı pnömoni,COVID dışı pnömoni
2809,COVID dışı pnömoni,COVID dışı pnömoni
2810,COVID dışı pnömoni,COVID dışı pnömoni
2811,COVID dışı pnömoni,COVID dışı pnömoni
2812,COVID dışı pnömoni,COVID dışı pnömoni
2813,COVID dışı pnömoni,COVID dışı pnömoni
2814,COVID dışı pnömoni,COVID dışı pnömoni
2815,COVID dışı pnömoni,COVID dışı pnömoni
2816,COVID dışı pnömoni,COVID dışı pnömoni
2817,COVID dışı pnömoni,COVID dışı pnömoni
2818,COVID dışı pnömoni,COVID dışı pnömoni
2819,COVID dışı pnömoni,COVID dışı pnömoni
2820,COVID dışı pnömoni,COVID dışı pnömoni
2821,COVID dışı pnömoni,COVID dışı pnömoni
2822,COVID dışı pnömoni,COVID dışı pnömoni
2823,COVID dışı pnömoni,COVID dışı pnömoni
2824,COVID dışı pnömoni,COVID dışı pnömoni
2825,COVID dışı pnömoni,COVID dışı pnömoni
2826,COVID dışı pnömoni,COVID dışı pnömoni
2827,COVID dışı pnömoni,COVID dışı pnömoni
2828,COVID dışı pnömoni,COVID dışı pnömoni
2829,COVID dışı pnömoni,COVID dışı pnömoni
2830,COVID dışı pnömoni,COVID dışı pnömoni
2831,COVID dışı pnömoni,COVID dışı pnömoni
2832,COVID dışı pnömoni,COVID dışı pnömoni
2833,COVID dışı pnömoni,COVID dışı pnömoni
2834,COVID dışı pnömoni,COVID dışı pnömoni
2835,COVID dışı pnömoni,COVID dışı pnömoni
2836,COVID dışı pnömoni,COVID dışı pnömoni
2837,COVID dışı pnömoni,COVID dışı pnömoni
2838,COVID dışı pnömoni,COVID dışı pnömoni
2839,COVID dışı pnömoni,COVID dışı pnömoni
2840,COVID dışı pnömoni,COVID dışı pnömoni
2841,COVID dışı pnömoni,COVID dışı pnömoni
2842,COVID dışı pnömoni,COVID dışı pnömoni
2843,COVID dışı pnömoni,COVID-19
2844,COVID dışı pnömoni,COVID dışı pnömoni
2845,COVID dışı pnömoni,COVID dışı pnömoni
2846,COVID dışı pnömoni,COVID dışı pnömoni
2847,COVID dışı pnömoni,COVID dışı pnömoni
2848,COVID dışı pnömoni,COVID dışı pnömoni
2849,COVID dışı pnömoni,COVID dışı pnömoni
2850,COVID dışı pnömoni,COVID dışı pnömoni
2851,COVID dışı pnömoni,COVID dışı pnömoni
2852,COVID dışı pnömoni,COVID dışı pnömoni
2853,COVID dışı pnömoni,COVID dışı pnömoni
2854,COVID dışı pnömoni,COVID dışı pnömoni
2855,COVID dışı pnömoni,COVID dışı pnömoni
2856,COVID dışı pnömoni,COVID dışı pnömoni
2857,COVID dışı pnömoni,COVID dışı pnömoni
2858,COVID dışı pnömoni,COVID dışı pnömoni
2859,COVID dışı pnömoni,COVID dışı pnömoni
2860,COVID dışı pnömoni,COVID dışı pnömoni
2861,COVID dışı pnömoni,COVID dışı pnömoni
2862,COVID dışı pnömoni,COVID dışı pnömoni
2863,COVID dışı pnömoni,COVID dışı pnömoni
2864,COVID dışı pnömoni,COVID dışı pnömoni
2865,COVID dışı pnömoni,COVID dışı pnömoni
2866,COVID dışı pnömoni,COVID dışı pnömoni
2867,COVID dışı pnömoni,COVID dışı pnömoni
2868,COVID dışı pnömoni,COVID dışı pnömoni
2869,COVID dışı pnömoni,COVID dışı pnömoni
2870,COVID dışı pnömoni,COVID dışı pnömoni
2871,COVID dışı pnömoni,COVID dışı pnömoni
2872,COVID dışı pnömoni,COVID dışı pnömoni
2873,COVID dışı pnömoni,COVID dışı pnömoni
2874,COVID dışı pnömoni,COVID dışı pnömoni
2875,COVID dışı pnömoni,COVID dışı pnömoni
2876,COVID dışı pnömoni,COVID dışı pnömoni
2877,COVID dışı pnömoni,COVID dışı pnömoni
2878,COVID dışı pnömoni,COVID dışı pnömoni
2879,COVID dışı pnömoni,COVID dışı pnömoni
2880,COVID dışı pnömoni,COVID dışı pnömoni
2881,COVID dışı pnömoni,COVID dışı pnömoni
2882,COVID dışı pnömoni,COVID dışı pnömoni
2883,COVID dışı pnömoni,COVID dışı pnömoni
2884,COVID dışı pnömoni,COVID dışı pnömoni
2885,COVID dışı pnömoni,COVID dışı pnömoni
2886,COVID dışı pnömoni,COVID dışı pnömoni
2887,COVID dışı pnömoni,COVID dışı pnömoni
2888,COVID dışı pnömoni,COVID dışı pnömoni
2889,COVID dışı pnömoni,COVID dışı pnömoni
2890,COVID dışı pnömoni,COVID dışı pnömoni
2891,COVID dışı pnömoni,COVID dışı pnömoni
2892,COVID dışı pnömoni,COVID dışı pnömoni
2893,COVID dışı pnömoni,COVID dışı pnömoni
2894,COVID dışı pnömoni,COVID dışı pnömoni
2895,COVID dışı pnömoni,COVID dışı pnömoni
2896,COVID dışı pnömoni,COVID dışı pnömoni
2897,COVID dışı pnömoni,COVID dışı pnömoni
2898,COVID dışı pnömoni,COVID dışı pnömoni
2899,COVID dışı pnömoni,COVID dışı pnömoni
2900,COVID dışı pnömoni,COVID dışı pnömoni
2901,COVID dışı pnömoni,COVID dışı pnömoni
2902,COVID dışı pnömoni,COVID dışı pnömoni
2903,COVID dışı pnömoni,COVID dışı pnömoni
2904,COVID dışı pnömoni,COVID dışı pnömoni
2905,COVID dışı pnömoni,COVID dışı pnömoni
2906,COVID dışı pnömoni,COVID dışı pnömoni
2907,COVID dışı pnömoni,COVID dışı pnömoni
2908,COVID dışı pnömoni,COVID dışı pnömoni
2909,COVID dışı pnömoni,COVID dışı pnömoni
2910,COVID dışı pnömoni,COVID dışı pnömoni
2911,COVID dışı pnömoni,COVID dışı pnömoni
2912,COVID dışı pnömoni,COVID dışı pnömoni
2913,COVID dışı pnömoni,COVID dışı pnömoni
2914,COVID dışı pnömoni,COVID dışı pnömoni
2915,COVID dışı pnömoni,COVID dışı pnömoni
2916,COVID dışı pnömoni,COVID dışı pnömoni
2917,COVID dışı pnömoni,COVID dışı pnömoni
2918,COVID dışı pnömoni,COVID dışı pnömoni
2919,COVID dışı pnömoni,COVID dışı pnömoni
2920,COVID dışı pnömoni,COVID dışı pnömoni
2921,COVID dışı pnömoni,COVID dışı pnömoni
2922,COVID dışı pnömoni,COVID dışı pnömoni
2923,COVID dışı pnömoni,COVID dışı pnömoni
2924,COVID dışı pnömoni,COVID dışı pnömoni
2925,COVID dışı pnömoni,COVID dışı pnömoni
2926,COVID dışı pnömoni,COVID dışı pnömoni
2927,COVID dışı pnömoni,COVID dışı pnömoni
2928,COVID dışı pnömoni,COVID dışı pnömoni
2929,COVID dışı pnömoni,COVID dışı pnömoni
2930,COVID dışı pnömoni,COVID dışı pnömoni
2931,COVID dışı pnömoni,COVID dışı pnömoni
2932,COVID dışı pnömoni,COVID dışı pnömoni
2933,COVID dışı pnömoni,COVID dışı pnömoni
2934,COVID dışı pnömoni,COVID dışı pnömoni
2935,COVID dışı pnömoni,COVID dışı pnömoni
2936,COVID dışı pnömoni,COVID dışı pnömoni
2937,COVID dışı pnömoni,COVID dışı pnömoni
2938,COVID dışı pnömoni,COVID dışı pnömoni
2939,COVID dışı pnömoni,COVID dışı pnömoni
2940,COVID dışı pnömoni,COVID dışı pnömoni
2941,COVID dışı pnömoni,COVID dışı pnömoni
2942,COVID dışı pnömoni,COVID dışı pnömoni
2943,COVID dışı pnömoni,COVID dışı pnömoni
2944,COVID dışı pnömoni,COVID dışı pnömoni
2945,COVID dışı pnömoni,COVID dışı pnömoni
2946,COVID dışı pnömoni,COVID dışı pnömoni
2947,COVID dışı pnömoni,COVID dışı pnömoni
2948,COVID dışı pnömoni,COVID dışı pnömoni
2949,COVID dışı pnömoni,COVID dışı pnömoni
2950,COVID dışı pnömoni,COVID dışı pnömoni
2951,COVID dışı pnömoni,COVID dışı pnömoni
2952,COVID dışı pnömoni,COVID dışı pnömoni
2953,COVID dışı pnömoni,COVID dışı pnömoni
2954,COVID dışı pnömoni,COVID dışı pnömoni
2955,COVID dışı pnömoni,COVID dışı pnömoni
2956,COVID dışı pnömoni,COVID dışı pnömoni
2957,COVID dışı pnömoni,COVID dışı pnömoni
2958,COVID dışı pnömoni,COVID dışı pnömoni
2959,COVID dışı pnömoni,COVID dışı pnömoni
2960,COVID dışı pnömoni,COVID dışı pnömoni
2961,COVID dışı pnömoni,COVID dışı pnömoni
2962,COVID dışı pnömoni,COVID dışı pnömoni
2963,COVID dışı pnömoni,COVID dışı pnömoni
2964,COVID dışı pnömoni,COVID dışı pnömoni
2965,COVID dışı pnömoni,COVID dışı pnömoni
2966,COVID dışı pnömoni,COVID dışı pnömoni
2967,COVID dışı pnömoni,COVID dışı pnömoni
2968,COVID dışı pnömoni,COVID dışı pnömoni
2969,COVID dışı pnömoni,COVID dışı pnömoni
2970,COVID dışı pnömoni,COVID dışı pnömoni
2971,COVID dışı pnömoni,COVID dışı pnömoni
2972,COVID dışı pnömoni,COVID dışı pnömoni
2973,COVID dışı pnömoni,COVID dışı pnömoni
2974,COVID dışı pnömoni,COVID dışı pnömoni
2975,COVID dışı pnömoni,COVID dışı pnömoni
2976,COVID dışı pnömoni,COVID dışı pnömoni
2977,COVID dışı pnömoni,COVID dışı pnömoni
2978,COVID dışı pnömoni,COVID dışı pnömoni
2979,COVID dışı pnömoni,COVID dışı pnömoni
2980,COVID dışı pnömoni,COVID dışı pnömoni
2981,COVID dışı pnömoni,COVID dışı pnömoni
2982,COVID dışı pnömoni,COVID dışı pnömoni
2983,COVID dışı pnömoni,Normal
2984,COVID dışı pnömoni,COVID dışı pnömoni
2985,COVID dışı pnömoni,COVID dışı pnömoni
2986,COVID dışı pnömoni,COVID dışı pnömoni
2987,COVID dışı pnömoni,COVID dışı pnömoni
2988,COVID dışı pnömoni,COVID dışı pnömoni
2989,COVID dışı pnömoni,COVID dışı pnömoni
2990,COVID dışı pnömoni,COVID dışı pnömoni
2991,COVID dışı pnömoni,COVID dışı pnömoni
2992,COVID dışı pnömoni,COVID dışı pnömoni
2993,COVID dışı pnömoni,Normal
2994,COVID dışı pnömoni,COVID dışı pnömoni
2995,COVID dışı pnömoni,COVID dışı pnömoni
2996,COVID dışı pnömoni,COVID dışı pnömoni
2997,COVID dışı pnömoni,COVID dışı pnömoni
2998,COVID dışı pnömoni,COVID dışı pnömoni
2999,COVID dışı pnömoni,COVID dışı pnömoni
3000,COVID dışı pnömoni,COVID dışı pnömoni
3001,COVID dışı pnömoni,COVID dışı pnömoni
3002,COVID dışı pnömoni,Normal
3003,COVID dışı pnömoni,COVID dışı pnömoni
3004,COVID dışı pnömoni,COVID dışı pnömoni
3005,COVID dışı pnömoni,COVID dışı pnömoni
3006,COVID dışı pnömoni,COVID dışı pnömoni
3007,COVID dışı pnömoni,COVID dışı pnömoni
3008,COVID dışı pnömoni,COVID dışı pnömoni
3009,COVID dışı pnömoni,COVID dışı pnömoni
3010,COVID dışı pnömoni,COVID dışı pnömoni
3011,COVID dışı pnömoni,COVID dışı pnömoni
3012,COVID dışı pnömoni,COVID dışı pnömoni
3013,COVID dışı pnömoni,COVID dışı pnömoni
3014,COVID dışı pnömoni,COVID dışı pnömoni
3015,COVID dışı pnömoni,COVID dışı pnömoni
3016,COVID dışı pnömoni,COVID dışı pnömoni
3017,COVID dışı pnömoni,COVID dışı pnömoni
3018,COVID dışı pnömoni,COVID dışı pnömoni
3019,COVID dışı pnömoni,COVID dışı pnömoni
3020,COVID dışı pnömoni,COVID dışı pnömoni
3021,COVID dışı pnömoni,COVID dışı pnömoni
3022,COVID dışı pnömoni,COVID dışı pnömoni
3023,COVID dışı pnömoni,COVID dışı pnömoni
3024,COVID dışı pnömoni,COVID dışı pnömoni
3025,COVID dışı pnömoni,COVID dışı pnömoni
3026,COVID dışı pnömoni,COVID dışı pnömoni
3027,COVID dışı pnömoni,COVID dışı pnömoni
3028,COVID dışı pnömoni,COVID dışı pnömoni
3029,COVID dışı pnömoni,COVID dışı pnömoni
3030,COVID dışı pnömoni,COVID dışı pnömoni
3031,COVID dışı pnömoni,COVID dışı pnömoni
3032,COVID dışı pnömoni,COVID dışı pnömoni
3033,COVID dışı pnömoni,COVID dışı pnömoni
3034,COVID dışı pnömoni,COVID dışı pnömoni
3035,COVID dışı pnömoni,COVID dışı pnömoni
3036,COVID dışı pnömoni,COVID dışı pnömoni
3037,COVID dışı pnömoni,COVID dışı pnömoni
3038,COVID dışı pnömoni,COVID dışı pnömoni
3039,COVID dışı pnömoni,COVID dışı pnömoni
3040,COVID dışı pnömoni,COVID dışı pnömoni
3041,COVID dışı pnömoni,COVID dışı pnömoni
3042,COVID dışı pnömoni,COVID dışı pnömoni
3043,COVID dışı pnömoni,COVID dışı pnömoni
3044,COVID dışı pnömoni,COVID dışı pnömoni
3045,COVID dışı pnömoni,COVID dışı pnömoni
3046,COVID dışı pnömoni,COVID dışı pnömoni
3047,COVID dışı pnömoni,COVID dışı pnömoni
3048,COVID dışı pnömoni,COVID dışı pnömoni
3049,COVID dışı pnömoni,COVID dışı pnömoni
3050,COVID dışı pnömoni,COVID dışı pnömoni
3051,COVID dışı pnömoni,COVID dışı pnömoni
3052,COVID dışı pnömoni,COVID dışı pnömoni
3053,COVID dışı pnömoni,COVID dışı pnömoni
3054,COVID dışı pnömoni,COVID dışı pnömoni
3055,COVID dışı pnömoni,COVID dışı pnömoni
3056,COVID dışı pnömoni,COVID dışı pnömoni
3057,COVID dışı pnömoni,COVID dışı pnömoni
3058,COVID dışı pnömoni,COVID dışı pnömoni
3059,COVID dışı pnömoni,COVID dışı pnömoni
3060,COVID dışı pnömoni,COVID dışı pnömoni
3061,COVID dışı pnömoni,COVID dışı pnömoni
3062,COVID dışı pnömoni,COVID dışı pnömoni
3063,COVID dışı pnömoni,COVID dışı pnömoni
3064,COVID dışı pnömoni,COVID dışı pnömoni
3065,COVID dışı pnömoni,COVID dışı pnömoni
3066,COVID dışı pnömoni,COVID dışı pnömoni
3067,COVID dışı pnömoni,COVID dışı pnömoni
3068,COVID dışı pnömoni,COVID dışı pnömoni
3069,COVID dışı pnömoni,COVID dışı pnömoni
3070,COVID dışı pnömoni,COVID dışı pnömoni
3071,COVID dışı pnömoni,COVID dışı pnömoni
3072,COVID dışı pnömoni,COVID dışı pnömoni
3073,COVID dışı pnömoni,COVID dışı pnömoni
3074,COVID dışı pnömoni,COVID dışı pnömoni
3075,COVID dışı pnömoni,COVID dışı pnömoni
3076,COVID dışı pnömoni,COVID dışı pnömoni
3077,COVID dışı pnömoni,COVID dışı pnömoni
3078,COVID dışı pnömoni,COVID dışı pnömoni
3079,COVID dışı pnömoni,COVID dışı pnömoni
3080,COVID dışı pnömoni,COVID dışı pnömoni
3081,COVID dışı pnömoni,COVID dışı pnömoni
3082,COVID dışı pnömoni,COVID dışı pnömoni
3083,COVID dışı pnömoni,COVID dışı pnömoni
3084,COVID dışı pnömoni,COVID dışı pnömoni
3085,COVID dışı pnömoni,COVID dışı pnömoni
3086,COVID dışı pnömoni,COVID dışı pnömoni
3087,COVID dışı pnömoni,COVID dışı pnömoni
3088,COVID dışı pnömoni,COVID dışı pnömoni
3089,COVID dışı pnömoni,COVID dışı pnömoni
3090,COVID dışı pnömoni,COVID dışı pnömoni
3091,COVID dışı pnömoni,COVID dışı pnömoni
3092,COVID dışı pnömoni,COVID dışı pnömoni
3093,COVID dışı pnömoni,COVID dışı pnömoni
3094,COVID dışı pnömoni,COVID dışı pnömoni
3095,COVID dışı pnömoni,COVID dışı pnömoni
3096,COVID dışı pnömoni,COVID dışı pnömoni
3097,COVID dışı pnömoni,COVID dışı pnömoni
3098,COVID dışı pnömoni,COVID dışı pnömoni
3099,COVID dışı pnömoni,COVID dışı pnömoni
3100,COVID dışı pnömoni,COVID dışı pnömoni
3101,COVID dışı pnömoni,COVID dışı pnömoni
3102,COVID dışı pnömoni,COVID dışı pnömoni
3103,COVID dışı pnömoni,COVID dışı pnömoni
3104,COVID dışı pnömoni,COVID dışı pnömoni
3105,COVID dışı pnömoni,COVID dışı pnömoni
3106,COVID dışı pnömoni,COVID dışı pnömoni
3107,COVID dışı pnömoni,COVID dışı pnömoni
3108,COVID dışı pnömoni,COVID dışı pnömoni
3109,COVID dışı pnömoni,COVID dışı pnömoni
3110,COVID dışı pnömoni,COVID dışı pnömoni
3111,COVID dışı pnömoni,COVID dışı pnömoni
3112,COVID dışı pnömoni,COVID dışı pnömoni
3113,COVID dışı pnömoni,COVID dışı pnömoni
3114,COVID dışı pnömoni,COVID dışı pnömoni
3115,COVID dışı pnömoni,COVID dışı pnömoni
3116,COVID dışı pnömoni,COVID dışı pnömoni
3117,COVID dışı pnömoni,COVID dışı pnömoni
3118,COVID dışı pnömoni,COVID dışı pnömoni
3119,COVID dışı pnömoni,COVID dışı pnömoni
3120,COVID dışı pnömoni,COVID dışı pnömoni
3121,COVID dışı pnömoni,COVID dışı pnömoni
3122,COVID dışı pnömoni,COVID dışı pnömoni
3123,COVID dışı pnömoni,COVID dışı pnömoni
3124,COVID dışı pnömoni,COVID dışı pnömoni
3125,COVID dışı pnömoni,COVID dışı pnömoni
3126,COVID dışı pnömoni,COVID dışı pnömoni
3127,COVID dışı pnömoni,COVID dışı pnömoni
3128,COVID dışı pnömoni,COVID dışı pnömoni
3129,COVID dışı pnömoni,COVID dışı pnömoni
3130,COVID dışı pnömoni,COVID-19
3131,COVID dışı pnömoni,COVID dışı pnömoni
3132,COVID dışı pnömoni,COVID dışı pnömoni
3133,COVID dışı pnömoni,COVID dışı pnömoni
3134,COVID dışı pnömoni,COVID dışı pnömoni
3135,COVID dışı pnömoni,COVID dışı pnömoni
3136,COVID dışı pnömoni,COVID dışı pnömoni
3137,COVID dışı pnömoni,COVID dışı pnömoni
3138,COVID dışı pnömoni,COVID dışı pnömoni
3139,COVID dışı pnömoni,COVID dışı pnömoni
3140,COVID dışı pnömoni,Normal
3141,COVID dışı pnömoni,COVID dışı pnömoni
3142,COVID dışı pnömoni,Normal
3143,COVID dışı pnömoni,Normal
3144,COVID dışı pnömoni,COVID dışı pnömoni
3145,COVID dışı pnömoni,COVID dışı pnömoni
3146,COVID dışı pnömoni,COVID dışı pnömoni
3147,COVID dışı pnömoni,COVID dışı pnömoni
3148,COVID dışı pnömoni,COVID dışı pnömoni
3149,COVID dışı pnömoni,COVID dışı pnömoni
3150,COVID dışı pnömoni,COVID dışı pnömoni
3151,COVID dışı pnömoni,COVID dışı pnömoni
3152,COVID dışı pnömoni,COVID dışı pnömoni
3153,COVID dışı pnömoni,Normal
3154,COVID dışı pnömoni,COVID dışı pnömoni
3155,COVID dışı pnömoni,COVID dışı pnömoni
3156,COVID dışı pnömoni,COVID dışı pnömoni
3157,COVID dışı pnömoni,COVID dışı pnömoni
3158,COVID dışı pnömoni,COVID dışı pnömoni
3159,COVID dışı pnömoni,COVID dışı pnömoni
3160,COVID dışı pnömoni,COVID dışı pnömoni
3161,COVID dışı pnömoni,COVID dışı pnömoni
3162,COVID dışı pnömoni,Normal
3163,COVID dışı pnömoni,COVID dışı pnömoni
3164,COVID dışı pnömoni,COVID dışı pnömoni
3165,COVID dışı pnömoni,COVID dışı pnömoni
3166,COVID dışı pnömoni,COVID dışı pnömoni
3167,COVID dışı pnömoni,COVID dışı pnömoni
3168,COVID dışı pnömoni,COVID dışı pnömoni
3169,COVID dışı pnömoni,COVID dışı pnömoni
3170,COVID dışı pnömoni,COVID dışı pnömoni
3171,COVID dışı pnömoni,COVID dışı pnömoni
3172,COVID dışı pnömoni,COVID dışı pnömoni
3173,COVID dışı pnömoni,COVID dışı pnömoni
3174,COVID dışı pnömoni,COVID dışı pnömoni
3175,COVID dışı pnömoni,COVID dışı pnömoni
3176,COVID dışı pnömoni,COVID dışı pnömoni
3177,COVID dışı pnömoni,COVID dışı pnömoni
3178,COVID dışı pnömoni,COVID dışı pnömoni
3179,COVID dışı pnömoni,Normal
3180,COVID dışı pnömoni,COVID dışı pnömoni
3181,COVID dışı pnömoni,COVID dışı pnömoni
3182,COVID dışı pnömoni,COVID dışı pnömoni
3183,COVID dışı pnömoni,COVID dışı pnömoni
3184,COVID dışı pnömoni,COVID dışı pnömoni
3185,COVID dışı pnömoni,COVID dışı pnömoni
3186,COVID dışı pnömoni,COVID dışı pnömoni
3187,COVID dışı pnömoni,COVID dışı pnömoni
3188,COVID dışı pnömoni,COVID dışı pnömoni
3189,COVID dışı pnömoni,COVID dışı pnömoni
3190,COVID dışı pnömoni,COVID dışı pnömoni
3191,COVID dışı pnömoni,COVID dışı pnömoni
3192,COVID dışı pnömoni,COVID dışı pnömoni
3193,COVID dışı pnömoni,COVID dışı pnömoni
3194,COVID dışı pnömoni,COVID dışı pnömoni
3195,COVID dışı pnömoni,COVID dışı pnömoni
3196,COVID dışı pnömoni,COVID dışı pnömoni
3197,COVID dışı pnömoni,COVID dışı pnömoni
3198,COVID dışı pnömoni,COVID dışı pnömoni
3199,COVID dışı pnömoni,COVID dışı pnömoni
3200,COVID dışı pnömoni,COVID dışı pnömoni
3201,COVID dışı pnömoni,COVID dışı pnömoni
3202,COVID dışı pnömoni,COVID dışı pnömoni
3203,COVID dışı pnömoni,COVID dışı pnömoni
3204,COVID dışı pnömoni,COVID dışı pnömoni
3205,COVID dışı pnömoni,COVID dışı pnömoni
3206,COVID dışı pnömoni,Normal
3207,COVID dışı pnömoni,COVID dışı pnömoni
3208,COVID dışı pnömoni,COVID dışı pnömoni
3209,COVID dışı pnömoni,COVID dışı pnömoni
3210,COVID dışı pnömoni,COVID dışı pnömoni
3211,COVID dışı pnömoni,COVID dışı pnömoni
3212,COVID dışı pnömoni,COVID dışı pnömoni
3213,COVID dışı pnömoni,COVID dışı pnömoni
3214,COVID dışı pnömoni,COVID dışı pnömoni
3215,COVID dışı pnömoni,COVID dışı pnömoni
3216,COVID dışı pnömoni,COVID dışı pnömoni
3217,COVID dışı pnömoni,COVID dışı pnömoni
3218,COVID dışı pnömoni,COVID dışı pnömoni
3219,COVID dışı pnömoni,COVID dışı pnömoni
3220,COVID dışı pnömoni,COVID dışı pnömoni
3221,COVID dışı pnömoni,COVID dışı pnömoni
3222,COVID dışı pnömoni,COVID dışı pnömoni
3223,COVID dışı pnömoni,COVID dışı pnömoni
3224,COVID dışı pnömoni,COVID dışı pnömoni
3225,COVID dışı pnömoni,COVID dışı pnömoni
3226,COVID dışı pnömoni,COVID dışı pnömoni
3227,COVID dışı pnömoni,Normal
3228,COVID dışı pnömoni,COVID dışı pnömoni
3229,COVID dışı pnömoni,COVID dışı pnömoni
3230,COVID dışı pnömoni,COVID dışı pnömoni
3231,COVID dışı pnömoni,COVID dışı pnömoni
3232,COVID dışı pnömoni,COVID dışı pnömoni
3233,COVID dışı pnömoni,COVID dışı pnömoni
3234,COVID dışı pnömoni,COVID dışı pnömoni
3235,COVID dışı pnömoni,COVID dışı pnömoni
3236,COVID dışı pnömoni,COVID dışı pnömoni
3237,COVID dışı pnömoni,COVID dışı pnömoni
3238,COVID dışı pnömoni,COVID dışı pnömoni
3239,COVID dışı pnömoni,COVID dışı pnömoni
3240,COVID dışı pnömoni,COVID dışı pnömoni
3241,COVID dışı pnömoni,COVID dışı pnömoni
3242,COVID dışı pnömoni,COVID dışı pnömoni
3243,COVID dışı pnömoni,COVID dışı pnömoni
3244,COVID dışı pnömoni,COVID dışı pnömoni
3245,COVID dışı pnömoni,COVID dışı pnömoni
3246,COVID dışı pnömoni,COVID dışı pnömoni
3247,COVID dışı pnömoni,COVID dışı pnömoni
3248,COVID dışı pnömoni,COVID dışı pnömoni
3249,COVID dışı pnömoni,COVID dışı pnömoni
3250,COVID dışı pnömoni,COVID dışı pnömoni
3251,COVID dışı pnömoni,COVID dışı pnömoni
3252,COVID dışı pnömoni,COVID dışı pnömoni
3253,COVID dışı pnömoni,COVID dışı pnömoni
3254,COVID dışı pnömoni,COVID dışı pnömoni
3255,COVID dışı pnömoni,COVID dışı pnömoni
3256,COVID dışı pnömoni,COVID dışı pnömoni
3257,COVID dışı pnömoni,COVID dışı pnömoni
3258,COVID dışı pnömoni,Normal
3259,COVID dışı pnömoni,COVID dışı pnömoni
3260,COVID dışı pnömoni,COVID dışı pnömoni
3261,COVID dışı pnömoni,COVID dışı pnömoni
3262,COVID dışı pnömoni,COVID dışı pnömoni
3263,COVID dışı pnömoni,COVID dışı pnömoni
3264,COVID dışı pnömoni,COVID dışı pnömoni
3265,COVID dışı pnömoni,COVID dışı pnömoni
3266,COVID dışı pnömoni,COVID dışı pnömoni
3267,COVID dışı pnömoni,COVID dışı pnömoni
3268,COVID dışı pnömoni,COVID dışı pnömoni
3269,COVID dışı pnömoni,COVID dışı pnömoni
3270,COVID dışı pnömoni,COVID dışı pnömoni
3271,COVID dışı pnömoni,COVID dışı pnömoni
3272,COVID dışı pnömoni,COVID dışı pnömoni
3273,COVID dışı pnömoni,COVID dışı pnömoni
3274,COVID dışı pnömoni,COVID dışı pnömoni
3275,COVID dışı pnömoni,COVID dışı pnömoni
3276,COVID dışı pnömoni,COVID dışı pnömoni
3277,COVID dışı pnömoni,COVID dışı pnömoni
3278,COVID dışı pnömoni,COVID dışı pnömoni
3279,COVID dışı pnömoni,COVID dışı pnömoni
3280,COVID dışı pnömoni,COVID dışı pnömoni
3281,COVID dışı pnömoni,COVID dışı pnömoni
3282,COVID dışı pnömoni,COVID dışı pnömoni
3283,COVID dışı pnömoni,COVID dışı pnömoni
3284,COVID dışı pnömoni,COVID dışı pnömoni
3285,COVID dışı pnömoni,COVID dışı pnömoni
3286,COVID dışı pnömoni,COVID dışı pnömoni
3287,COVID dışı pnömoni,COVID dışı pnömoni
3288,COVID dışı pnömoni,COVID dışı pnömoni
3289,COVID dışı pnömoni,COVID dışı pnömoni
3290,COVID dışı pnömoni,COVID dışı pnömoni
3291,COVID dışı pnömoni,COVID dışı pnömoni
3292,COVID dışı pnömoni,Normal
3293,COVID dışı pnömoni,COVID dışı pnömoni
3294,COVID dışı pnömoni,COVID dışı pnömoni
3295,COVID dışı pnömoni,COVID dışı pnömoni
3296,COVID dışı pnömoni,COVID dışı pnömoni
3297,COVID dışı pnömoni,COVID dışı pnömoni
3298,COVID dışı pnömoni,COVID dışı pnömoni
3299,COVID dışı pnömoni,COVID dışı pnömoni
3300,COVID dışı pnömoni,COVID dışı pnömoni
3301,COVID dışı pnömoni,COVID dışı pnömoni
3302,COVID dışı pnömoni,COVID dışı pnömoni
3303,COVID dışı pnömoni,COVID dışı pnömoni
3304,COVID dışı pnömoni,COVID dışı pnömoni
3305,COVID dışı pnömoni,COVID dışı pnömoni
3306,COVID dışı pnömoni,COVID dışı pnömoni
3307,COVID dışı pnömoni,COVID dışı pnömoni
3308,COVID dışı pnömoni,COVID dışı pnömoni
3309,COVID dışı pnömoni,COVID dışı pnömoni
3310,COVID dışı pnömoni,COVID dışı pnömoni
3311,COVID dışı pnömoni,COVID dışı pnömoni
3312,COVID dışı pnömoni,COVID dışı pnömoni
3313,COVID dışı pnömoni,COVID dışı pnömoni
3314,COVID dışı pnömoni,COVID dışı pnömoni
3315,COVID dışı pnömoni,COVID dışı pnömoni
3316,COVID dışı pnömoni,COVID dışı pnömoni
3317,COVID dışı pnömoni,Normal
3318,COVID dışı pnömoni,COVID dışı pnömoni
3319,COVID dışı pnömoni,COVID dışı pnömoni
3320,COVID dışı pnömoni,COVID dışı pnömoni
3321,COVID dışı pnömoni,COVID dışı pnömoni
3322,COVID dışı pnömoni,COVID dışı pnömoni
3323,COVID dışı pnömoni,COVID dışı pnömoni
3324,COVID dışı pnömoni,COVID dışı pnömoni
3325,COVID dışı pnömoni,COVID dışı pnömoni
3326,COVID dışı pnömoni,COVID dışı pnömoni
3327,COVID dışı pnömoni,COVID dışı pnömoni
3328,COVID dışı pnömoni,COVID dışı pnömoni
3329,COVID dışı pnömoni,COVID dışı pnömoni
3330,COVID dışı pnömoni,COVID dışı pnömoni
3331,COVID dışı pnömoni,COVID dışı pnömoni
3332,COVID dışı pnömoni,COVID dışı pnömoni
3333,COVID dışı pnömoni,COVID dışı pnömoni
3334,COVID dışı pnömoni,COVID dışı pnömoni
3335,COVID dışı pnömoni,COVID dışı pnömoni
3336,COVID dışı pnömoni,COVID dışı pnömoni
3337,COVID dışı pnömoni,COVID dışı pnömoni
3338,COVID dışı pnömoni,COVID dışı pnömoni
3339,COVID dışı pnömoni,COVID dışı pnömoni
3340,COVID dışı pnömoni,COVID dışı pnömoni
3341,COVID dışı pnömoni,COVID dışı pnömoni
3342,COVID dışı pnömoni,COVID dışı pnömoni
3343,COVID dışı pnömoni,COVID dışı pnömoni
3344,COVID dışı pnömoni,COVID dışı pnömoni
3345,COVID dışı pnömoni,COVID dışı pnömoni
3346,COVID dışı pnömoni,COVID dışı pnömoni
3347,COVID dışı pnömoni,COVID dışı pnömoni
3348,COVID dışı pnömoni,COVID dışı pnömoni
3349,COVID dışı pnömoni,COVID dışı pnömoni
3350,COVID dışı pnömoni,COVID dışı pnömoni
3351,COVID dışı pnömoni,COVID dışı pnömoni
3352,COVID dışı pnömoni,COVID dışı pnömoni
3353,COVID dışı pnömoni,COVID dışı pnömoni
3354,COVID dışı pnömoni,COVID dışı pnömoni
3355,COVID dışı pnömoni,COVID dışı pnömoni
3356,COVID dışı pnömoni,COVID dışı pnömoni
3357,COVID dışı pnömoni,COVID dışı pnömoni
3358,COVID dışı pnömoni,COVID dışı pnömoni
3359,COVID dışı pnömoni,COVID dışı pnömoni
3360,COVID dışı pnömoni,COVID dışı pnömoni
3361,COVID dışı pnömoni,Normal
3362,COVID dışı pnömoni,COVID dışı pnömoni
3363,COVID dışı pnömoni,COVID dışı pnömoni
3364,COVID dışı pnömoni,COVID dışı pnömoni
3365,COVID dışı pnömoni,COVID dışı pnömoni
3366,COVID dışı pnömoni,COVID dışı pnömoni
3367,COVID dışı pnömoni,COVID dışı pnömoni
3368,COVID dışı pnömoni,COVID dışı pnömoni
3369,COVID dışı pnömoni,COVID dışı pnömoni
3370,COVID dışı pnömoni,COVID dışı pnömoni
3371,COVID dışı pnömoni,COVID dışı pnömoni
3372,COVID dışı pnömoni,COVID dışı pnömoni
3373,COVID dışı pnömoni,COVID dışı pnömoni
3374,COVID dışı pnömoni,COVID dışı pnömoni
3375,COVID dışı pnömoni,COVID dışı pnömoni
3376,COVID dışı pnömoni,COVID dışı pnömoni
3377,COVID dışı pnömoni,COVID dışı pnömoni
3378,COVID dışı pnömoni,COVID dışı pnömoni
3379,COVID dışı pnömoni,COVID dışı pnömoni
3380,COVID dışı pnömoni,COVID dışı pnömoni
3381,COVID dışı pnömoni,Normal
3382,COVID dışı pnömoni,COVID dışı pnömoni
3383,COVID dışı pnömoni,COVID dışı pnömoni
3384,COVID dışı pnömoni,COVID dışı pnömoni
3385,COVID dışı pnömoni,COVID dışı pnömoni
3386,COVID dışı pnömoni,COVID dışı pnömoni
3387,COVID dışı pnömoni,COVID dışı pnömoni
3388,COVID dışı pnömoni,COVID dışı pnömoni
3389,COVID dışı pnömoni,COVID dışı pnömoni
3390,COVID dışı pnömoni,COVID dışı pnömoni
3391,COVID dışı pnömoni,COVID dışı pnömoni
3392,COVID dışı pnömoni,COVID dışı pnömoni
3393,COVID dışı pnömoni,COVID dışı pnömoni
3394,COVID dışı pnömoni,COVID dışı pnömoni
3395,COVID dışı pnömoni,COVID dışı pnömoni
3396,COVID dışı pnömoni,COVID dışı pnömoni
3397,COVID dışı pnömoni,COVID dışı pnömoni
3398,COVID dışı pnömoni,COVID dışı pnömoni
3399,COVID dışı pnömoni,COVID dışı pnömoni
3400,COVID dışı pnömoni,COVID dışı pnömoni
3401,COVID dışı pnömoni,COVID dışı pnömoni
3402,COVID dışı pnömoni,COVID dışı pnömoni
3403,COVID dışı pnömoni,COVID dışı pnömoni
3404,COVID dışı pnömoni,COVID dışı pnömoni
3405,COVID dışı pnömoni,COVID dışı pnömoni
3406,COVID dışı pnömoni,COVID dışı pnömoni
3407,COVID dışı pnömoni,COVID dışı pnömoni
3408,COVID dışı pnömoni,COVID dışı pnömoni
3409,COVID dışı pnömoni,COVID dışı pnömoni
3410,COVID dışı pnömoni,COVID dışı pnömoni
3411,COVID dışı pnömoni,Normal
3412,COVID dışı pnömoni,COVID dışı pnömoni
3413,COVID dışı pnömoni,COVID dışı pnömoni
3414,COVID dışı pnömoni,COVID dışı pnömoni
3415,COVID dışı pnömoni,COVID dışı pnömoni
3416,COVID dışı pnömoni,COVID dışı pnömoni
3417,COVID dışı pnömoni,COVID dışı pnömoni
3418,COVID dışı pnömoni,COVID dışı pnömoni
3419,COVID dışı pnömoni,COVID-19
3420,COVID dışı pnömoni,COVID dışı pnömoni
3421,COVID dışı pnömoni,COVID dışı pnömoni
3422,COVID dışı pnömoni,COVID dışı pnömoni
3423,COVID dışı pnömoni,COVID dışı pnömoni
3424,COVID dışı pnömoni,COVID dışı pnömoni
3425,COVID dışı pnömoni,COVID dışı pnömoni
3426,COVID dışı pnömoni,COVID dışı pnömoni
3427,COVID dışı pnömoni,COVID dışı pnömoni
3428,COVID dışı pnömoni,COVID dışı pnömoni
3429,COVID dışı pnömoni,COVID dışı pnömoni
3430,COVID dışı pnömoni,COVID dışı pnömoni
3431,COVID dışı pnömoni,COVID dışı pnömoni
3432,COVID dışı pnömoni,COVID dışı pnömoni
3433,COVID dışı pnömoni,COVID dışı pnömoni
3434,COVID dışı pnömoni,COVID dışı pnömoni
3435,COVID dışı pnömoni,COVID dışı pnömoni
3436,COVID dışı pnömoni,COVID dışı pnömoni
3437,COVID dışı pnömoni,COVID dışı pnömoni
3438,COVID dışı pnömoni,COVID dışı pnömoni
3439,COVID dışı pnömoni,COVID dışı pnömoni
3440,COVID dışı pnömoni,COVID dışı pnömoni
3441,COVID dışı pnömoni,COVID dışı pnömoni
3442,COVID dışı pnömoni,COVID dışı pnömoni
3443,COVID dışı pnömoni,COVID dışı pnömoni
3444,COVID dışı pnömoni,COVID dışı pnömoni
3445,COVID dışı pnömoni,COVID dışı pnömoni
3446,COVID dışı pnömoni,COVID dışı pnömoni
3447,COVID dışı pnömoni,COVID dışı pnömoni
3448,COVID dışı pnömoni,COVID dışı pnömoni
3449,COVID dışı pnömoni,COVID dışı pnömoni
3450,COVID dışı pnömoni,COVID dışı pnömoni
3451,COVID dışı pnömoni,COVID dışı pnömoni
3452,COVID dışı pnömoni,COVID dışı pnömoni
3453,COVID dışı pnömoni,COVID dışı pnömoni
3454,COVID dışı pnömoni,COVID dışı pnömoni
3455,COVID dışı pnömoni,COVID dışı pnömoni
3456,COVID dışı pnömoni,COVID dışı pnömoni
3457,COVID dışı pnömoni,COVID dışı pnömoni
3458,COVID dışı pnömoni,COVID dışı pnömoni
3459,COVID dışı pnömoni,COVID dışı pnömoni
3460,COVID dışı pnömoni,COVID dışı pnömoni
3461,COVID dışı pnömoni,COVID dışı pnömoni
3462,COVID dışı pnömoni,COVID dışı pnömoni
3463,COVID dışı pnömoni,COVID dışı pnömoni
3464,COVID dışı pnömoni,COVID dışı pnömoni
3465,COVID dışı pnömoni,COVID dışı pnömoni
3466,COVID dışı pnömoni,COVID dışı pnömoni
3467,COVID dışı pnömoni,Normal
3468,COVID dışı pnömoni,COVID dışı pnömoni
3469,COVID dışı pnömoni,COVID dışı pnömoni
3470,COVID dışı pnömoni,COVID dışı pnömoni
3471,COVID dışı pnömoni,COVID dışı pnömoni
3472,COVID dışı pnömoni,COVID dışı pnömoni
3473,COVID dışı pnömoni,COVID dışı pnömoni
3474,COVID dışı pnömoni,COVID dışı pnömoni
3475,COVID dışı pnömoni,COVID dışı pnömoni
3476,COVID dışı pnömoni,COVID dışı pnömoni
3477,COVID dışı pnömoni,COVID dışı pnömoni
3478,COVID dışı pnömoni,COVID dışı pnömoni
3479,COVID dışı pnömoni,COVID dışı pnömoni
3480,COVID dışı pnömoni,COVID dışı pnömoni
3481,COVID dışı pnömoni,COVID dışı pnömoni
3482,COVID dışı pnömoni,Normal
3483,COVID dışı pnömoni,COVID dışı pnömoni
3484,COVID dışı pnömoni,COVID dışı pnömoni
3485,COVID dışı pnömoni,COVID dışı pnömoni
3486,COVID dışı pnömoni,COVID dışı pnömoni
3487,COVID dışı pnömoni,COVID dışı pnömoni
3488,COVID dışı pnömoni,COVID dışı pnömoni
3489,COVID dışı pnömoni,COVID dışı pnömoni
3490,COVID dışı pnömoni,COVID dışı pnömoni
3491,COVID dışı pnömoni,COVID dışı pnömoni
3492,COVID dışı pnömoni,COVID dışı pnömoni
3493,COVID dışı pnömoni,COVID dışı pnömoni
3494,COVID dışı pnömoni,COVID dışı pnömoni
3495,COVID dışı pnömoni,COVID dışı pnömoni
3496,COVID dışı pnömoni,COVID dışı pnömoni
3497,COVID dışı pnömoni,COVID dışı pnömoni
3498,COVID dışı pnömoni,COVID dışı pnömoni
3499,COVID dışı pnömoni,COVID dışı pnömoni
3500,COVID dışı pnömoni,COVID dışı pnömoni
3501,COVID dışı pnömoni,COVID dışı pnömoni
3502,COVID dışı pnömoni,COVID dışı pnömoni
3503,COVID dışı pnömoni,COVID dışı pnömoni
3504,COVID dışı pnömoni,COVID dışı pnömoni
3505,COVID dışı pnömoni,COVID-19
3506,COVID dışı pnömoni,COVID dışı pnömoni
3507,COVID dışı pnömoni,COVID dışı pnömoni
3508,COVID dışı pnömoni,COVID dışı pnömoni
3509,COVID dışı pnömoni,COVID dışı pnömoni
3510,COVID dışı pnömoni,COVID dışı pnömoni
3511,COVID dışı pnömoni,COVID dışı pnömoni
3512,COVID dışı pnömoni,COVID dışı pnömoni
3513,COVID dışı pnömoni,COVID dışı pnömoni
3514,COVID dışı pnömoni,COVID dışı pnömoni
3515,COVID dışı pnömoni,COVID dışı pnömoni
3516,COVID dışı pnömoni,COVID dışı pnömoni
3517,COVID dışı pnömoni,COVID dışı pnömoni
3518,COVID dışı pnömoni,COVID dışı pnömoni
3519,COVID dışı pnömoni,COVID dışı pnömoni
3520,COVID dışı pnömoni,COVID dışı pnömoni
3521,COVID dışı pnömoni,COVID dışı pnömoni
3522,COVID dışı pnömoni,COVID dışı pnömoni
3523,COVID dışı pnömoni,COVID dışı pnömoni
3524,COVID dışı pnömoni,COVID dışı pnömoni
3525,COVID dışı pnömoni,COVID dışı pnömoni
3526,COVID dışı pnömoni,COVID dışı pnömoni
3527,COVID dışı pnömoni,Normal
3528,COVID dışı pnömoni,COVID dışı pnömoni
3529,COVID dışı pnömoni,COVID dışı pnömoni
3530,COVID dışı pnömoni,COVID dışı pnömoni
3531,COVID dışı pnömoni,COVID dışı pnömoni
3532,COVID dışı pnömoni,COVID dışı pnömoni
3533,COVID dışı pnömoni,COVID dışı pnömoni
3534,COVID dışı pnömoni,COVID dışı pnömoni
3535,COVID dışı pnömoni,COVID dışı pnömoni
3536,COVID dışı pnömoni,COVID dışı pnömoni
3537,COVID dışı pnömoni,COVID dışı pnömoni
3538,COVID dışı pnömoni,COVID dışı pnömoni
3539,COVID dışı pnömoni,COVID dışı pnömoni
3540,COVID dışı pnömoni,COVID dışı pnömoni
3541,COVID dışı pnömoni,COVID dışı pnömoni
3542,COVID dışı pnömoni,COVID dışı pnömoni
3543,COVID dışı pnömoni,COVID dışı pnömoni
3544,COVID dışı pnömoni,COVID dışı pnömoni
3545,COVID dışı pnömoni,Normal
3546,COVID dışı pnömoni,COVID dışı pnömoni
3547,COVID dışı pnömoni,COVID dışı pnömoni
3548,COVID dışı pnömoni,COVID dışı pnömoni
3549,COVID dışı pnömoni,COVID dışı pnömoni
3550,COVID dışı pnömoni,COVID dışı pnömoni
3551,COVID dışı pnömoni,COVID dışı pnömoni
3552,COVID dışı pnömoni,COVID dışı pnömoni
3553,COVID dışı pnömoni,COVID dışı pnömoni
3554,COVID dışı pnömoni,COVID dışı pnömoni
3555,COVID dışı pnömoni,COVID dışı pnömoni
3556,COVID dışı pnömoni,COVID dışı pnömoni
3557,COVID dışı pnömoni,COVID dışı pnömoni
3558,COVID dışı pnömoni,COVID dışı pnömoni
3559,COVID dışı pnömoni,COVID dışı pnömoni
3560,COVID dışı pnömoni,COVID dışı pnömoni
3561,COVID dışı pnömoni,COVID dışı pnömoni
3562,COVID dışı pnömoni,COVID dışı pnömoni
3563,COVID dışı pnömoni,COVID dışı pnömoni
3564,COVID dışı pnömoni,COVID dışı pnömoni
3565,COVID dışı pnömoni,COVID dışı pnömoni
3566,COVID dışı pnömoni,COVID dışı pnömoni
3567,COVID dışı pnömoni,COVID dışı pnömoni
3568,COVID dışı pnömoni,COVID dışı pnömoni
3569,COVID dışı pnömoni,COVID dışı pnömoni
3570,COVID dışı pnömoni,COVID dışı pnömoni
3571,COVID dışı pnömoni,COVID dışı pnömoni
3572,COVID dışı pnömoni,Normal
3573,COVID dışı pnömoni,COVID dışı pnömoni
3574,COVID dışı pnömoni,COVID dışı pnömoni
3575,COVID dışı pnömoni,COVID dışı pnömoni
3576,COVID dışı pnömoni,COVID dışı pnömoni
3577,COVID dışı pnömoni,COVID dışı pnömoni
3578,COVID dışı pnömoni,COVID dışı pnömoni
3579,COVID dışı pnömoni,COVID dışı pnömoni
3580,COVID dışı pnömoni,COVID dışı pnömoni
3581,COVID dışı pnömoni,Normal
3582,COVID dışı pnömoni,COVID dışı pnömoni
3583,COVID dışı pnömoni,COVID dışı pnömoni
3584,COVID dışı pnömoni,COVID dışı pnömoni
3585,COVID dışı pnömoni,COVID dışı pnömoni
3586,COVID dışı pnömoni,COVID dışı pnömoni
3587,COVID dışı pnömoni,COVID dışı pnömoni
3588,COVID dışı pnömoni,COVID dışı pnömoni
3589,COVID dışı pnömoni,COVID dışı pnömoni
3590,COVID dışı pnömoni,COVID dışı pnömoni
3591,COVID dışı pnömoni,COVID dışı pnömoni
3592,COVID dışı pnömoni,COVID dışı pnömoni
3593,COVID dışı pnömoni,COVID dışı pnömoni
3594,COVID dışı pnömoni,COVID dışı pnömoni
3595,COVID dışı pnömoni,COVID dışı pnömoni
3596,COVID dışı pnömoni,COVID dışı pnömoni
3597,COVID dışı pnömoni,Normal
3598,COVID dışı pnömoni,COVID dışı pnömoni
3599,COVID dışı pnömoni,COVID dışı pnömoni
3600,COVID dışı pnömoni,COVID dışı pnömoni
3601,COVID dışı pnömoni,COVID dışı pnömoni
3602,COVID dışı pnömoni,COVID dışı pnömoni
3603,COVID dışı pnömoni,COVID dışı pnömoni
3604,COVID dışı pnömoni,COVID dışı pnömoni
3605,COVID dışı pnömoni,COVID dışı pnömoni
3606,COVID dışı pnömoni,COVID dışı pnömoni
3607,COVID dışı pnömoni,COVID dışı pnömoni
3608,COVID dışı pnömoni,COVID-19
3609,COVID dışı pnömoni,COVID dışı pnömoni
3610,COVID dışı pnömoni,COVID dışı pnömoni
3611,COVID dışı pnömoni,COVID dışı pnömoni
3612,COVID dışı pnömoni,COVID dışı pnömoni
3613,COVID dışı pnömoni,COVID dışı pnömoni
3614,COVID dışı pnömoni,COVID dışı pnömoni
3615,COVID dışı pnömoni,COVID dışı pnömoni
3616,COVID dışı pnömoni,COVID dışı pnömoni
3617,COVID dışı pnömoni,COVID dışı pnömoni
3618,COVID dışı pnömoni,COVID dışı pnömoni
3619,COVID dışı pnömoni,COVID dışı pnömoni
3620,COVID dışı pnömoni,COVID dışı pnömoni
3621,COVID dışı pnömoni,COVID dışı pnömoni
3622,COVID dışı pnömoni,COVID dışı pnömoni
3623,COVID dışı pnömoni,COVID dışı pnömoni
3624,COVID dışı pnömoni,COVID dışı pnömoni
3625,COVID dışı pnömoni,COVID dışı pnömoni
3626,COVID dışı pnömoni,COVID dışı pnömoni
3627,COVID dışı pnömoni,COVID dışı pnömoni
3628,COVID dışı pnömoni,COVID dışı pnömoni
3629,COVID dışı pnömoni,Normal
3630,COVID dışı pnömoni,COVID dışı pnömoni
3631,COVID dışı pnömoni,COVID dışı pnömoni
3632,COVID dışı pnömoni,COVID dışı pnömoni
3633,COVID dışı pnömoni,COVID dışı pnömoni
3634,COVID dışı pnömoni,COVID dışı pnömoni
3635,COVID dışı pnömoni,COVID dışı pnömoni
3636,COVID dışı pnömoni,Normal
3637,COVID dışı pnömoni,COVID dışı pnömoni
3638,COVID dışı pnömoni,COVID dışı pnömoni
3639,COVID dışı pnömoni,COVID dışı pnömoni
3640,COVID dışı pnömoni,COVID dışı pnömoni
3641,COVID dışı pnömoni,Normal
3642,COVID dışı pnömoni,COVID dışı pnömoni
3643,COVID dışı pnömoni,COVID dışı pnömoni
3644,COVID dışı pnömoni,COVID dışı pnömoni
3645,COVID dışı pnömoni,Normal
3646,COVID dışı pnömoni,COVID dışı pnömoni
3647,COVID dışı pnömoni,COVID dışı pnömoni
3648,COVID dışı pnömoni,COVID dışı pnömoni
3649,COVID dışı pnömoni,Normal
3650,COVID dışı pnömoni,Normal
3651,COVID dışı pnömoni,Normal
3652,COVID dışı pnömoni,COVID dışı pnömoni
3653,COVID dışı pnömoni,COVID dışı pnömoni
3654,COVID dışı pnömoni,COVID dışı pnömoni
3655,COVID dışı pnömoni,COVID dışı pnömoni
3656,COVID dışı pnömoni,COVID dışı pnömoni
3657,COVID dışı pnömoni,COVID dışı pnömoni
3658,COVID dışı pnömoni,COVID dışı pnömoni
3659,COVID dışı pnömoni,COVID dışı pnömoni
3660,COVID dışı pnömoni,COVID dışı pnömoni
3661,COVID dışı pnömoni,COVID dışı pnömoni
3662,COVID dışı pnömoni,COVID dışı pnömoni
3663,COVID dışı pnömoni,COVID dışı pnömoni
3664,COVID dışı pnömoni,COVID dışı pnömoni
3665,COVID dışı pnömoni,Normal
3666,COVID dışı pnömoni,COVID dışı pnömoni
3667,COVID dışı pnömoni,COVID dışı pnömoni
3668,COVID dışı pnömoni,COVID dışı pnömoni
3669,COVID dışı pnömoni,COVID dışı pnömoni
3670,COVID dışı pnömoni,COVID dışı pnömoni
3671,COVID dışı pnömoni,COVID dışı pnömoni
3672,COVID dışı pnömoni,COVID dışı pnömoni
3673,COVID dışı pnömoni,COVID dışı pnömoni
3674,COVID dışı pnömoni,COVID dışı pnömoni
3675,COVID dışı pnömoni,COVID dışı pnömoni
3676,COVID dışı pnömoni,COVID dışı pnömoni
3677,COVID dışı pnömoni,COVID dışı pnömoni
3678,COVID dışı pnömoni,COVID dışı pnömoni
3679,COVID dışı pnömoni,COVID dışı pnömoni
3680,COVID dışı pnömoni,COVID dışı pnömoni
3681,COVID dışı pnömoni,Normal
3682,COVID dışı pnömoni,COVID dışı pnömoni
3683,COVID dışı pnömoni,COVID dışı pnömoni
3684,COVID dışı pnömoni,COVID dışı pnömoni
3685,COVID dışı pnömoni,COVID dışı pnömoni
3686,COVID dışı pnömoni,COVID dışı pnömoni
3687,COVID dışı pnömoni,COVID dışı pnömoni
3688,COVID dışı pnömoni,COVID dışı pnömoni
3689,COVID dışı pnömoni,COVID dışı pnömoni
3690,COVID dışı pnömoni,COVID dışı pnömoni
3691,COVID dışı pnömoni,COVID dışı pnömoni
3692,COVID dışı pnömoni,COVID dışı pnömoni
3693,COVID dışı pnömoni,COVID dışı pnömoni
3694,COVID dışı pnömoni,COVID dışı pnömoni
3695,COVID dışı pnömoni,COVID dışı pnömoni
3696,COVID dışı pnömoni,Normal
3697,COVID dışı pnömoni,COVID dışı pnömoni
3698,COVID dışı pnömoni,COVID dışı pnömoni
3699,COVID dışı pnömoni,COVID dışı pnömoni
3700,COVID dışı pnömoni,COVID dışı pnömoni
3701,COVID dışı pnömoni,COVID dışı pnömoni
3702,COVID dışı pnömoni,COVID dışı pnömoni
3703,COVID dışı pnömoni,COVID dışı pnömoni
3704,COVID dışı pnömoni,COVID dışı pnömoni
3705,COVID dışı pnömoni,COVID dışı pnömoni
3706,COVID dışı pnömoni,COVID dışı pnömoni
3707,COVID dışı pnömoni,COVID dışı pnömoni
3708,COVID dışı pnömoni,COVID dışı pnömoni
3709,COVID dışı pnömoni,COVID dışı pnömoni
3710,COVID dışı pnömoni,COVID dışı pnömoni
3711,COVID dışı pnömoni,COVID dışı pnömoni
3712,COVID dışı pnömoni,COVID dışı pnömoni
3713,COVID dışı pnömoni,COVID dışı pnömoni
3714,COVID dışı pnömoni,COVID dışı pnömoni
3715,COVID dışı pnömoni,Normal
3716,COVID dışı pnömoni,Normal
3717,COVID dışı pnömoni,COVID dışı pnömoni
3718,COVID dışı pnömoni,COVID dışı pnömoni
3719,COVID dışı pnömoni,COVID dışı pnömoni
3720,COVID dışı pnömoni,COVID dışı pnömoni
3721,COVID dışı pnömoni,COVID dışı pnömoni
3722,COVID dışı pnömoni,COVID dışı pnömoni
3723,COVID dışı pnömoni,COVID dışı pnömoni
3724,COVID dışı pnömoni,COVID dışı pnömoni
3725,COVID dışı pnömoni,COVID dışı pnömoni
3726,COVID dışı pnömoni,COVID dışı pnömoni
3727,COVID dışı pnömoni,COVID dışı pnömoni
3728,COVID dışı pnömoni,COVID dışı pnömoni
3729,COVID dışı pnömoni,COVID dışı pnömoni
3730,COVID dışı pnömoni,COVID dışı pnömoni
3731,COVID dışı pnömoni,COVID dışı pnömoni
3732,COVID dışı pnömoni,COVID dışı pnömoni
3733,COVID dışı pnömoni,COVID dışı pnömoni
3734,COVID dışı pnömoni,COVID dışı pnömoni
3735,COVID dışı pnömoni,COVID dışı pnömoni
3736,COVID dışı pnömoni,COVID dışı pnömoni
3737,COVID dışı pnömoni,COVID dışı pnömoni
3738,COVID dışı pnömoni,COVID dışı pnömoni
3739,COVID dışı pnömoni,COVID dışı pnömoni
3740,COVID dışı pnömoni,COVID dışı pnömoni
3741,COVID dışı pnömoni,COVID dışı pnömoni
3742,COVID dışı pnömoni,COVID dışı pnömoni
3743,COVID dışı pnömoni,COVID dışı pnömoni
3744,COVID dışı pnömoni,COVID dışı pnömoni
3745,COVID dışı pnömoni,COVID dışı pnömoni
3746,COVID dışı pnömoni,COVID dışı pnömoni
3747,COVID dışı pnömoni,COVID dışı pnömoni
3748,COVID dışı pnömoni,COVID dışı pnömoni
3749,COVID dışı pnömoni,COVID dışı pnömoni
3750,COVID dışı pnömoni,COVID dışı pnömoni
3751,COVID dışı pnömoni,COVID dışı pnömoni
3752,COVID dışı pnömoni,COVID dışı pnömoni
3753,COVID dışı pnömoni,COVID dışı pnömoni
3754,COVID dışı pnömoni,COVID dışı pnömoni
3755,COVID dışı pnömoni,COVID dışı pnömoni
3756,COVID dışı pnömoni,COVID dışı pnömoni
3757,COVID dışı pnömoni,COVID dışı pnömoni
3758,COVID dışı pnömoni,COVID dışı pnömoni
3759,COVID dışı pnömoni,COVID dışı pnömoni
3760,COVID dışı pnömoni,COVID dışı pnömoni
3761,COVID dışı pnömoni,COVID dışı pnömoni
3762,COVID dışı pnömoni,COVID dışı pnömoni
3763,COVID dışı pnömoni,COVID dışı pnömoni
3764,COVID dışı pnömoni,COVID dışı pnömoni
3765,COVID dışı pnömoni,COVID dışı pnömoni
3766,COVID dışı pnömoni,COVID dışı pnömoni
3767,COVID dışı pnömoni,COVID dışı pnömoni
3768,COVID dışı pnömoni,COVID dışı pnömoni
3769,COVID dışı pnömoni,COVID dışı pnömoni
3770,COVID dışı pnömoni,COVID dışı pnömoni
3771,COVID dışı pnömoni,COVID dışı pnömoni
3772,COVID dışı pnömoni,COVID dışı pnömoni
3773,COVID dışı pnömoni,COVID dışı pnömoni
3774,COVID dışı pnömoni,COVID dışı pnömoni
3775,COVID dışı pnömoni,COVID dışı pnömoni
3776,COVID dışı pnömoni,COVID dışı pnömoni
3777,COVID dışı pnömoni,Normal
3778,COVID dışı pnömoni,COVID dışı pnömoni
3779,COVID dışı pnömoni,COVID dışı pnömoni
3780,COVID dışı pnömoni,COVID dışı pnömoni
3781,COVID dışı pnömoni,COVID dışı pnömoni
3782,COVID dışı pnömoni,COVID dışı pnömoni
3783,COVID dışı pnömoni,COVID dışı pnömoni
3784,COVID dışı pnömoni,COVID dışı pnömoni
3785,COVID dışı pnömoni,COVID dışı pnömoni
3786,COVID dışı pnömoni,COVID dışı pnömoni
3787,COVID dışı pnömoni,COVID dışı pnömoni
3788,COVID dışı pnömoni,Normal
3789,COVID dışı pnömoni,COVID dışı pnömoni
3790,COVID dışı pnömoni,COVID dışı pnömoni
3791,COVID dışı pnömoni,COVID dışı pnömoni
3792,COVID dışı pnömoni,COVID dışı pnömoni
3793,COVID dışı pnömoni,COVID dışı pnömoni
3794,COVID dışı pnömoni,COVID dışı pnömoni
3795,COVID dışı pnömoni,COVID dışı pnömoni
3796,COVID dışı pnömoni,COVID dışı pnömoni
3797,COVID dışı pnömoni,COVID dışı pnömoni
3798,COVID dışı pnömoni,COVID dışı pnömoni
3799,COVID dışı pnömoni,COVID dışı pnömoni
3800,COVID dışı pnömoni,COVID dışı pnömoni
3801,COVID dışı pnömoni,COVID dışı pnömoni
3802,COVID dışı pnömoni,COVID dışı pnömoni
3803,COVID dışı pnömoni,COVID dışı pnömoni
3804,COVID dışı pnömoni,COVID dışı pnömoni
3805,COVID dışı pnömoni,COVID dışı pnömoni
3806,COVID dışı pnömoni,COVID dışı pnömoni
3807,COVID dışı pnömoni,COVID dışı pnömoni
3808,COVID dışı pnömoni,COVID dışı pnömoni
3809,COVID dışı pnömoni,COVID dışı pnömoni
3810,COVID dışı pnömoni,COVID dışı pnömoni
3811,COVID dışı pnömoni,COVID dışı pnömoni
3812,COVID dışı pnömoni,COVID dışı pnömoni
3813,COVID dışı pnömoni,COVID dışı pnömoni
3814,COVID dışı pnömoni,COVID dışı pnömoni
3815,COVID dışı pnömoni,COVID dışı pnömoni
3816,COVID dışı pnömoni,COVID dışı pnömoni
3817,COVID dışı pnömoni,COVID dışı pnömoni
3818,COVID dışı pnömoni,COVID dışı pnömoni
3819,COVID dışı pnömoni,COVID dışı pnömoni
3820,COVID dışı pnömoni,COVID dışı pnömoni
3821,COVID dışı pnömoni,COVID dışı pnömoni
3822,COVID dışı pnömoni,COVID dışı pnömoni
3823,COVID dışı pnömoni,COVID dışı pnömoni
3824,COVID dışı pnömoni,COVID-19
3825,COVID dışı pnömoni,Normal
3826,COVID dışı pnömoni,COVID dışı pnömoni
3827,COVID dışı pnömoni,COVID dışı pnömoni
3828,COVID dışı pnömoni,COVID dışı pnömoni
3829,COVID dışı pnömoni,COVID dışı pnömoni
3830,COVID dışı pnömoni,COVID dışı pnömoni
3831,COVID dışı pnömoni,COVID dışı pnömoni
3832,COVID dışı pnömoni,COVID dışı pnömoni
3833,COVID dışı pnömoni,COVID dışı pnömoni
3834,COVID dışı pnömoni,COVID dışı pnömoni
3835,COVID dışı pnömoni,COVID dışı pnömoni
3836,COVID dışı pnömoni,COVID dışı pnömoni
3837,COVID dışı pnömoni,COVID dışı pnömoni
3838,COVID dışı pnömoni,COVID dışı pnömoni
3839,COVID dışı pnömoni,Normal
3840,COVID dışı pnömoni,COVID dışı pnömoni
3841,COVID dışı pnömoni,COVID dışı pnömoni
3842,COVID dışı pnömoni,COVID dışı pnömoni
3843,COVID dışı pnömoni,COVID dışı pnömoni
3844,COVID dışı pnömoni,COVID dışı pnömoni
3845,COVID dışı pnömoni,COVID dışı pnömoni
3846,COVID dışı pnömoni,COVID dışı pnömoni
3847,COVID dışı pnömoni,COVID dışı pnömoni
3848,COVID dışı pnömoni,COVID dışı pnömoni
3849,COVID dışı pnömoni,COVID dışı pnömoni
3850,COVID dışı pnömoni,COVID dışı pnömoni
3851,COVID dışı pnömoni,COVID dışı pnömoni
3852,COVID dışı pnömoni,COVID dışı pnömoni
3853,COVID dışı pnömoni,COVID dışı pnömoni
3854,COVID dışı pnömoni,COVID dışı pnömoni
3855,COVID dışı pnömoni,COVID dışı pnömoni
3856,COVID dışı pnömoni,COVID dışı pnömoni
3857,COVID dışı pnömoni,COVID dışı pnömoni
3858,COVID dışı pnömoni,COVID dışı pnömoni
3859,COVID dışı pnömoni,COVID dışı pnömoni
3860,COVID dışı pnömoni,COVID dışı pnömoni
3861,COVID dışı pnömoni,Normal
3862,COVID dışı pnömoni,COVID dışı pnömoni
3863,COVID dışı pnömoni,COVID dışı pnömoni
3864,COVID dışı pnömoni,COVID dışı pnömoni
3865,COVID dışı pnömoni,COVID dışı pnömoni
3866,COVID dışı pnömoni,COVID dışı pnömoni
3867,COVID dışı pnömoni,COVID dışı pnömoni
3868,COVID dışı pnömoni,COVID dışı pnömoni
3869,COVID dışı pnömoni,COVID dışı pnömoni
3870,COVID dışı pnömoni,Normal
3871,COVID dışı pnömoni,COVID dışı pnömoni
3872,COVID dışı pnömoni,COVID dışı pnömoni
3873,COVID dışı pnömoni,COVID dışı pnömoni
3874,COVID dışı pnömoni,COVID dışı pnömoni
3875,COVID dışı pnömoni,COVID dışı pnömoni
3876,COVID dışı pnömoni,COVID dışı pnömoni
3877,COVID dışı pnömoni,COVID dışı pnömoni
3878,COVID dışı pnömoni,COVID dışı pnömoni
3879,COVID dışı pnömoni,COVID dışı pnömoni
3880,COVID dışı pnömoni,COVID dışı pnömoni
3881,COVID dışı pnömoni,COVID dışı pnömoni
3882,COVID dışı pnömoni,COVID dışı pnömoni
3883,COVID dışı pnömoni,COVID dışı pnömoni
3884,COVID dışı pnömoni,COVID dışı pnömoni
3885,COVID dışı pnömoni,COVID dışı pnömoni
3886,COVID dışı pnömoni,COVID dışı pnömoni
3887,COVID dışı pnömoni,COVID dışı pnömoni
3888,COVID dışı pnömoni,COVID dışı pnömoni
3889,COVID dışı pnömoni,COVID dışı pnömoni
3890,COVID dışı pnömoni,COVID dışı pnömoni
3891,COVID dışı pnömoni,COVID dışı pnömoni
3892,COVID dışı pnömoni,COVID dışı pnömoni
3893,COVID dışı pnömoni,Normal
3894,COVID dışı pnömoni,Normal
3895,COVID dışı pnömoni,COVID dışı pnömoni
3896,COVID dışı pnömoni,COVID dışı pnömoni
3897,COVID dışı pnömoni,COVID dışı pnömoni
3898,COVID dışı pnömoni,COVID dışı pnömoni
3899,COVID dışı pnömoni,COVID dışı pnömoni
3900,COVID dışı pnömoni,COVID dışı pnömoni
3901,COVID dışı pnömoni,Normal
3902,COVID dışı pnömoni,COVID dışı pnömoni
3903,COVID dışı pnömoni,COVID dışı pnömoni
3904,COVID dışı pnömoni,COVID dışı pnömoni
3905,COVID dışı pnömoni,COVID dışı pnömoni
3906,COVID dışı pnömoni,COVID dışı pnömoni
3907,COVID dışı pnömoni,COVID dışı pnömoni
3908,COVID dışı pnömoni,COVID dışı pnömoni
3909,COVID dışı pnömoni,COVID dışı pnömoni
3910,COVID dışı pnömoni,COVID dışı pnömoni
3911,COVID dışı pnömoni,COVID dışı pnömoni
3912,COVID dışı pnömoni,COVID dışı pnömoni
3913,COVID dışı pnömoni,COVID dışı pnömoni
3914,COVID dışı pnömoni,COVID dışı pnömoni
3915,COVID dışı pnömoni,COVID dışı pnömoni
3916,COVID dışı pnömoni,COVID dışı pnömoni
3917,COVID dışı pnömoni,COVID dışı pnömoni
3918,COVID dışı pnömoni,COVID dışı pnömoni
3919,COVID dışı pnömoni,COVID dışı pnömoni
3920,COVID dışı pnömoni,COVID dışı pnömoni
3921,COVID dışı pnömoni,COVID dışı pnömoni
3922,COVID dışı pnömoni,COVID dışı pnömoni
3923,COVID dışı pnömoni,COVID dışı pnömoni
3924,COVID dışı pnömoni,COVID dışı pnömoni
3925,COVID dışı pnömoni,COVID dışı pnömoni
3926,COVID dışı pnömoni,COVID dışı pnömoni
3927,COVID dışı pnömoni,COVID dışı pnömoni
3928,COVID dışı pnömoni,COVID dışı pnömoni
3929,COVID dışı pnömoni,Normal
3930,COVID dışı pnömoni,Normal
3931,COVID dışı pnömoni,COVID dışı pnömoni
3932,COVID dışı pnömoni,COVID dışı pnömoni
3933,COVID dışı pnömoni,COVID dışı pnömoni
3934,COVID dışı pnömoni,COVID dışı pnömoni
3935,COVID dışı pnömoni,COVID dışı pnömoni
3936,COVID dışı pnömoni,COVID dışı pnömoni
3937,COVID dışı pnömoni,COVID dışı pnömoni
3938,COVID dışı pnömoni,COVID dışı pnömoni
3939,COVID dışı pnömoni,COVID dışı pnömoni
3940,COVID dışı pnömoni,COVID dışı pnömoni
3941,COVID dışı pnömoni,COVID dışı pnömoni
3942,COVID dışı pnömoni,COVID dışı pnömoni
3943,COVID dışı pnömoni,COVID dışı pnömoni
3944,COVID dışı pnömoni,COVID dışı pnömoni
3945,COVID dışı pnömoni,COVID dışı pnömoni
3946,COVID dışı pnömoni,COVID dışı pnömoni
3947,COVID dışı pnömoni,COVID dışı pnömoni
3948,COVID dışı pnömoni,COVID dışı pnömoni
3949,COVID dışı pnömoni,COVID dışı pnömoni
3950,COVID dışı pnömoni,COVID dışı pnömoni
3951,COVID dışı pnömoni,COVID dışı pnömoni
3952,COVID dışı pnömoni,COVID dışı pnömoni
3953,COVID dışı pnömoni,COVID dışı pnömoni
3954,COVID dışı pnömoni,COVID dışı pnömoni
3955,COVID dışı pnömoni,COVID dışı pnömoni
3956,COVID dışı pnömoni,COVID dışı pnömoni
3957,COVID dışı pnömoni,COVID dışı pnömoni
3958,COVID dışı pnömoni,COVID dışı pnömoni
3959,COVID dışı pnömoni,Normal
3960,COVID dışı pnömoni,COVID dışı pnömoni
3961,COVID dışı pnömoni,COVID dışı pnömoni
3962,COVID dışı pnömoni,COVID dışı pnömoni
3963,COVID dışı pnömoni,COVID dışı pnömoni
3964,COVID dışı pnömoni,COVID dışı pnömoni
3965,COVID dışı pnömoni,COVID dışı pnömoni
3966,COVID dışı pnömoni,COVID dışı pnömoni
3967,COVID dışı pnömoni,COVID dışı pnömoni
3968,COVID dışı pnömoni,COVID dışı pnömoni
3969,COVID dışı pnömoni,COVID dışı pnömoni
3970,COVID dışı pnömoni,COVID dışı pnömoni
3971,COVID dışı pnömoni,COVID dışı pnömoni
3972,COVID dışı pnömoni,COVID dışı pnömoni
3973,COVID dışı pnömoni,COVID dışı pnömoni
3974,COVID dışı pnömoni,COVID dışı pnömoni
3975,COVID dışı pnömoni,Normal
3976,COVID dışı pnömoni,COVID dışı pnömoni
3977,COVID dışı pnömoni,COVID dışı pnömoni
3978,COVID dışı pnömoni,COVID dışı pnömoni
3979,COVID dışı pnömoni,COVID dışı pnömoni
3980,COVID dışı pnömoni,COVID dışı pnömoni
3981,COVID dışı pnömoni,COVID dışı pnömoni
3982,COVID dışı pnömoni,COVID dışı pnömoni
3983,COVID dışı pnömoni,COVID dışı pnömoni
3984,COVID dışı pnömoni,COVID dışı pnömoni
3985,COVID dışı pnömoni,COVID dışı pnömoni
3986,COVID dışı pnömoni,COVID dışı pnömoni
3987,COVID dışı pnömoni,COVID dışı pnömoni
3988,COVID dışı pnömoni,COVID dışı pnömoni
3989,COVID dışı pnömoni,COVID dışı pnömoni
3990,COVID dışı pnömoni,COVID dışı pnömoni
3991,COVID dışı pnömoni,COVID dışı pnömoni
3992,COVID dışı pnömoni,COVID dışı pnömoni
3993,COVID dışı pnömoni,COVID dışı pnömoni
3994,COVID dışı pnömoni,COVID dışı pnömoni
3995,COVID dışı pnömoni,COVID dışı pnömoni
3996,COVID dışı pnömoni,COVID dışı pnömoni
3997,COVID dışı pnömoni,COVID dışı pnömoni
3998,COVID dışı pnömoni,COVID dışı pnömoni
3999,COVID dışı pnömoni,COVID dışı pnömoni
4000,COVID dışı pnömoni,COVID dışı pnömoni
4001,COVID dışı pnömoni,COVID dışı pnömoni
4002,COVID dışı pnömoni,COVID dışı pnömoni
4003,COVID dışı pnömoni,COVID dışı pnömoni
4004,COVID dışı pnömoni,COVID dışı pnömoni
4005,COVID dışı pnömoni,COVID dışı pnömoni
4006,COVID dışı pnömoni,COVID dışı pnömoni
4007,COVID dışı pnömoni,COVID dışı pnömoni
4008,COVID dışı pnömoni,COVID dışı pnömoni
4009,COVID dışı pnömoni,COVID dışı pnömoni
4010,COVID dışı pnömoni,COVID dışı pnömoni
4011,COVID dışı pnömoni,COVID dışı pnömoni
4012,COVID dışı pnömoni,COVID dışı pnömoni
4013,COVID dışı pnömoni,COVID dışı pnömoni
4014,COVID dışı pnömoni,COVID dışı pnömoni
4015,COVID dışı pnömoni,COVID dışı pnömoni
4016,COVID dışı pnömoni,COVID dışı pnömoni
4017,COVID dışı pnömoni,COVID dışı pnömoni
4018,COVID dışı pnömoni,COVID dışı pnömoni
4019,COVID dışı pnömoni,COVID dışı pnömoni
4020,COVID dışı pnömoni,COVID dışı pnömoni
4021,COVID dışı pnömoni,COVID dışı pnömoni
4022,COVID dışı pnömoni,Normal
4023,COVID dışı pnömoni,COVID dışı pnömoni
4024,COVID dışı pnömoni,Normal
4025,COVID dışı pnömoni,COVID dışı pnömoni
4026,COVID dışı pnömoni,COVID dışı pnömoni
4027,COVID dışı pnömoni,COVID dışı pnömoni
4028,COVID dışı pnömoni,COVID dışı pnömoni
4029,COVID dışı pnömoni,COVID dışı pnömoni
4030,COVID dışı pnömoni,COVID dışı pnömoni
4031,COVID dışı pnömoni,COVID dışı pnömoni
4032,COVID dışı pnömoni,COVID dışı pnömoni
4033,COVID dışı pnömoni,COVID dışı pnömoni
4034,COVID dışı pnömoni,COVID dışı pnömoni
4035,COVID dışı pnömoni,COVID dışı pnömoni
4036,COVID dışı pnömoni,COVID dışı pnömoni
4037,COVID dışı pnömoni,COVID dışı pnömoni
4038,COVID dışı pnömoni,COVID dışı pnömoni
4039,COVID dışı pnömoni,COVID dışı pnömoni
4040,COVID dışı pnömoni,COVID dışı pnömoni
4041,COVID dışı pnömoni,COVID dışı pnömoni
4042,COVID dışı pnömoni,COVID dışı pnömoni
4043,COVID dışı pnömoni,COVID dışı pnömoni
4044,COVID dışı pnömoni,COVID dışı pnömoni
4045,COVID dışı pnömoni,COVID dışı pnömoni
4046,COVID dışı pnömoni,COVID dışı pnömoni
4047,COVID dışı pnömoni,COVID dışı pnömoni
4048,COVID dışı pnömoni,COVID dışı pnömoni
4049,COVID dışı pnömoni,COVID dışı pnömoni
4050,COVID dışı pnömoni,COVID dışı pnömoni
4051,COVID dışı pnömoni,COVID dışı pnömoni
4052,COVID dışı pnömoni,COVID dışı pnömoni
4053,COVID dışı pnömoni,Normal
4054,COVID dışı pnömoni,COVID dışı pnömoni
4055,COVID dışı pnömoni,COVID dışı pnömoni
4056,COVID dışı pnömoni,COVID dışı pnömoni
4057,COVID dışı pnömoni,COVID dışı pnömoni
4058,COVID dışı pnömoni,COVID dışı pnömoni
4059,COVID dışı pnömoni,COVID dışı pnömoni
4060,COVID dışı pnömoni,COVID dışı pnömoni
4061,COVID dışı pnömoni,COVID dışı pnömoni
4062,COVID dışı pnömoni,COVID dışı pnömoni
4063,COVID dışı pnömoni,COVID dışı pnömoni
4064,COVID dışı pnömoni,COVID dışı pnömoni
4065,COVID dışı pnömoni,COVID dışı pnömoni
4066,COVID dışı pnömoni,COVID dışı pnömoni
4067,COVID dışı pnömoni,COVID dışı pnömoni
4068,COVID dışı pnömoni,COVID dışı pnömoni
4069,COVID dışı pnömoni,COVID dışı pnömoni
4070,COVID dışı pnömoni,COVID dışı pnömoni
4071,COVID dışı pnömoni,COVID dışı pnömoni
4072,COVID dışı pnömoni,COVID dışı pnömoni
4073,COVID dışı pnömoni,COVID dışı pnömoni
4074,COVID dışı pnömoni,COVID dışı pnömoni
4075,COVID dışı pnömoni,COVID dışı pnömoni
4076,COVID dışı pnömoni,COVID dışı pnömoni
4077,COVID dışı pnömoni,COVID dışı pnömoni
4078,COVID dışı pnömoni,COVID dışı pnömoni
4079,COVID dışı pnömoni,COVID dışı pnömoni
4080,COVID dışı pnömoni,COVID dışı pnömoni
4081,COVID dışı pnömoni,COVID dışı pnömoni
4082,COVID dışı pnömoni,COVID dışı pnömoni
4083,COVID dışı pnömoni,COVID dışı pnömoni
4084,COVID dışı pnömoni,COVID dışı pnömoni
4085,COVID dışı pnömoni,COVID dışı pnömoni
4086,COVID dışı pnömoni,COVID dışı pnömoni
4087,COVID dışı pnömoni,COVID dışı pnömoni
4088,COVID dışı pnömoni,COVID dışı pnömoni
4089,COVID dışı pnömoni,COVID dışı pnömoni
4090,COVID dışı pnömoni,COVID dışı pnömoni
4091,COVID dışı pnömoni,COVID dışı pnömoni
4092,COVID dışı pnömoni,COVID dışı pnömoni
4093,COVID dışı pnömoni,COVID dışı pnömoni
4094,COVID dışı pnömoni,COVID dışı pnömoni
4095,COVID dışı pnömoni,COVID dışı pnömoni
4096,COVID dışı pnömoni,Normal
4097,COVID dışı pnömoni,COVID dışı pnömoni
4098,COVID dışı pnömoni,COVID dışı pnömoni
4099,COVID dışı pnömoni,COVID dışı pnömoni
4100,COVID dışı pnömoni,COVID dışı pnömoni
4101,COVID dışı pnömoni,COVID dışı pnömoni
4102,COVID dışı pnömoni,COVID dışı pnömoni
4103,COVID dışı pnömoni,COVID dışı pnömoni
4104,COVID dışı pnömoni,COVID dışı pnömoni
4105,COVID dışı pnömoni,COVID dışı pnömoni
4106,COVID dışı pnömoni,COVID dışı pnömoni
4107,COVID dışı pnömoni,COVID dışı pnömoni
4108,COVID dışı pnömoni,COVID dışı pnömoni
4109,COVID dışı pnömoni,COVID dışı pnömoni
4110,COVID dışı pnömoni,COVID dışı pnömoni
4111,COVID dışı pnömoni,COVID dışı pnömoni
4112,COVID dışı pnömoni,COVID dışı pnömoni
4113,COVID dışı pnömoni,COVID dışı pnömoni
4114,COVID dışı pnömoni,COVID dışı pnömoni
4115,COVID dışı pnömoni,COVID dışı pnömoni
4116,COVID dışı pnömoni,COVID dışı pnömoni
4117,COVID dışı pnömoni,COVID dışı pnömoni
4118,COVID dışı pnömoni,COVID dışı pnömoni
4119,COVID dışı pnömoni,COVID dışı pnömoni
4120,COVID dışı pnömoni,COVID dışı pnömoni
4121,COVID dışı pnömoni,COVID dışı pnömoni
4122,COVID dışı pnömoni,COVID dışı pnömoni
4123,COVID dışı pnömoni,COVID dışı pnömoni
4124,COVID dışı pnömoni,COVID dışı pnömoni
4125,COVID dışı pnömoni,COVID dışı pnömoni
4126,COVID dışı pnömoni,COVID dışı pnömoni
4127,COVID dışı pnömoni,COVID dışı pnömoni
4128,COVID dışı pnömoni,COVID dışı pnömoni
4129,COVID dışı pnömoni,COVID dışı pnömoni
4130,COVID dışı pnömoni,COVID dışı pnömoni
4131,COVID dışı pnömoni,COVID dışı pnömoni
4132,COVID dışı pnömoni,COVID dışı pnömoni
4133,COVID dışı pnömoni,COVID dışı pnömoni
4134,COVID dışı pnömoni,COVID dışı pnömoni
4135,COVID dışı pnömoni,COVID dışı pnömoni
4136,COVID dışı pnömoni,COVID dışı pnömoni
4137,COVID dışı pnömoni,COVID dışı pnömoni
4138,COVID dışı pnömoni,COVID dışı pnömoni
4139,COVID dışı pnömoni,COVID dışı pnömoni
4140,COVID dışı pnömoni,COVID dışı pnömoni
4141,COVID dışı pnömoni,COVID dışı pnömoni
4142,COVID dışı pnömoni,COVID dışı pnömoni
4143,COVID dışı pnömoni,COVID dışı pnömoni
4144,COVID dışı pnömoni,COVID dışı pnömoni
4145,COVID dışı pnömoni,COVID dışı pnömoni
4146,COVID dışı pnömoni,COVID dışı pnömoni
4147,COVID dışı pnömoni,COVID dışı pnömoni
4148,COVID dışı pnömoni,COVID dışı pnömoni
4149,COVID dışı pnömoni,COVID dışı pnömoni
4150,COVID dışı pnömoni,COVID dışı pnömoni
4151,COVID dışı pnömoni,COVID dışı pnömoni
4152,COVID dışı pnömoni,COVID dışı pnömoni
4153,COVID dışı pnömoni,Normal
4154,COVID dışı pnömoni,COVID dışı pnömoni
4155,COVID dışı pnömoni,COVID dışı pnömoni
4156,COVID dışı pnömoni,COVID dışı pnömoni
4157,COVID dışı pnömoni,COVID dışı pnömoni
4158,COVID dışı pnömoni,COVID dışı pnömoni
4159,COVID dışı pnömoni,COVID dışı pnömoni
4160,COVID dışı pnömoni,COVID dışı pnömoni
4161,COVID dışı pnömoni,COVID dışı pnömoni
4162,COVID dışı pnömoni,COVID dışı pnömoni
4163,COVID dışı pnömoni,COVID dışı pnömoni
4164,COVID dışı pnömoni,COVID dışı pnömoni
4165,COVID dışı pnömoni,COVID dışı pnömoni
4166,COVID dışı pnömoni,COVID dışı pnömoni
4167,COVID dışı pnömoni,COVID dışı pnömoni
4168,COVID dışı pnömoni,COVID dışı pnömoni
4169,COVID dışı pnömoni,COVID dışı pnömoni
4170,COVID dışı pnömoni,COVID dışı pnömoni
4171,COVID dışı pnömoni,Normal
4172,COVID dışı pnömoni,COVID dışı pnömoni
4173,COVID dışı pnömoni,COVID dışı pnömoni
4174,COVID dışı pnömoni,COVID dışı pnömoni
4175,COVID dışı pnömoni,COVID dışı pnömoni
4176,COVID dışı pnömoni,COVID dışı pnömoni
4177,COVID dışı pnömoni,COVID dışı pnömoni
4178,COVID dışı pnömoni,Normal
4179,COVID dışı pnömoni,COVID dışı pnömoni
4180,COVID dışı pnömoni,COVID dışı pnömoni
4181,COVID dışı pnömoni,COVID dışı pnömoni
4182,COVID dışı pnömoni,COVID dışı pnömoni
4183,COVID dışı pnömoni,COVID dışı pnömoni
4184,COVID dışı pnömoni,COVID-19
4185,COVID dışı pnömoni,COVID dışı pnömoni
4186,COVID dışı pnömoni,COVID dışı pnömoni
4187,COVID dışı pnömoni,COVID dışı pnömoni
4188,COVID dışı pnömoni,COVID dışı pnömoni
4189,COVID dışı pnömoni,COVID dışı pnömoni
4190,COVID dışı pnömoni,COVID dışı pnömoni
4191,COVID dışı pnömoni,Normal
4192,COVID dışı pnömoni,COVID dışı pnömoni
4193,COVID dışı pnömoni,COVID dışı pnömoni
4194,COVID dışı pnömoni,COVID dışı pnömoni
4195,COVID dışı pnömoni,COVID dışı pnömoni
4196,COVID dışı pnömoni,COVID dışı pnömoni
4197,COVID dışı pnömoni,COVID dışı pnömoni
4198,COVID dışı pnömoni,COVID dışı pnömoni
4199,COVID dışı pnömoni,COVID dışı pnömoni
4200,COVID dışı pnömoni,COVID dışı pnömoni
4201,COVID dışı pnömoni,COVID dışı pnömoni
4202,COVID dışı pnömoni,COVID dışı pnömoni
4203,COVID dışı pnömoni,COVID dışı pnömoni
4204,COVID dışı pnömoni,COVID dışı pnömoni
4205,COVID dışı pnömoni,COVID dışı pnömoni
4206,COVID dışı pnömoni,COVID dışı pnömoni
4207,COVID dışı pnömoni,COVID dışı pnömoni
4208,COVID dışı pnömoni,COVID dışı pnömoni
4209,COVID dışı pnömoni,COVID dışı pnömoni
4210,COVID dışı pnömoni,COVID dışı pnömoni
4211,COVID dışı pnömoni,COVID dışı pnömoni
4212,COVID dışı pnömoni,COVID dışı pnömoni
4213,COVID dışı pnömoni,COVID dışı pnömoni
4214,COVID dışı pnömoni,COVID dışı pnömoni
4215,COVID dışı pnömoni,COVID dışı pnömoni
4216,COVID dışı pnömoni,COVID dışı pnömoni
4217,COVID dışı pnömoni,COVID dışı pnömoni
4218,COVID dışı pnömoni,COVID dışı pnömoni
4219,COVID dışı pnömoni,COVID dışı pnömoni
4220,COVID dışı pnömoni,COVID dışı pnömoni
4221,COVID dışı pnömoni,COVID dışı pnömoni
4222,COVID dışı pnömoni,COVID dışı pnömoni
4223,COVID dışı pnömoni,COVID dışı pnömoni
4224,COVID dışı pnömoni,COVID dışı pnömoni
4225,COVID dışı pnömoni,COVID dışı pnömoni
4226,COVID dışı pnömoni,COVID dışı pnömoni
4227,COVID dışı pnömoni,COVID dışı pnömoni
4228,COVID dışı pnömoni,COVID dışı pnömoni
4229,COVID dışı pnömoni,COVID dışı pnömoni
4230,COVID dışı pnömoni,COVID dışı pnömoni
4231,COVID dışı pnömoni,COVID dışı pnömoni
4232,COVID dışı pnömoni,COVID dışı pnömoni
4233,COVID dışı pnömoni,COVID dışı pnömoni
4234,COVID dışı pnömoni,COVID dışı pnömoni
4235,COVID dışı pnömoni,COVID dışı pnömoni
4236,COVID dışı pnömoni,COVID dışı pnömoni
4237,COVID dışı pnömoni,COVID dışı pnömoni
4238,COVID dışı pnömoni,COVID dışı pnömoni
4239,COVID dışı pnömoni,COVID dışı pnömoni
4240,COVID dışı pnömoni,COVID dışı pnömoni
4241,COVID dışı pnömoni,COVID dışı pnömoni
4242,COVID dışı pnömoni,Normal
4243,COVID dışı pnömoni,COVID dışı pnömoni
4244,COVID dışı pnömoni,COVID dışı pnömoni
4245,COVID dışı pnömoni,COVID dışı pnömoni
4246,COVID dışı pnömoni,COVID dışı pnömoni
4247,COVID dışı pnömoni,COVID dışı pnömoni
4248,COVID dışı pnömoni,Normal
4249,COVID dışı pnömoni,COVID dışı pnömoni
4250,COVID dışı pnömoni,COVID dışı pnömoni
4251,COVID dışı pnömoni,COVID dışı pnömoni
4252,COVID dışı pnömoni,COVID dışı pnömoni
4253,COVID dışı pnömoni,Normal
4254,COVID dışı pnömoni,COVID dışı pnömoni
4255,COVID dışı pnömoni,COVID dışı pnömoni
4256,COVID dışı pnömoni,COVID dışı pnömoni
4257,COVID dışı pnömoni,COVID dışı pnömoni
4258,COVID dışı pnömoni,COVID dışı pnömoni
4259,COVID dışı pnömoni,Normal
4260,COVID dışı pnömoni,COVID dışı pnömoni
4261,COVID dışı pnömoni,COVID dışı pnömoni
4262,COVID dışı pnömoni,COVID dışı pnömoni
4263,COVID dışı pnömoni,COVID dışı pnömoni
4264,COVID dışı pnömoni,COVID dışı pnömoni
4265,COVID dışı pnömoni,COVID dışı pnömoni
4266,COVID dışı pnömoni,COVID dışı pnömoni
4267,COVID dışı pnömoni,COVID dışı pnömoni
4268,COVID dışı pnömoni,COVID dışı pnömoni
4269,COVID dışı pnömoni,COVID dışı pnömoni
4270,COVID dışı pnömoni,COVID dışı pnömoni
4271,COVID dışı pnömoni,COVID dışı pnömoni
4272,COVID dışı pnömoni,COVID dışı pnömoni
4273,COVID dışı pnömoni,COVID dışı pnömoni
4274,COVID dışı pnömoni,COVID dışı pnömoni
4275,COVID dışı pnömoni,COVID dışı pnömoni
4276,COVID dışı pnömoni,COVID dışı pnömoni
4277,COVID dışı pnömoni,COVID dışı pnömoni
4278,COVID dışı pnömoni,COVID dışı pnömoni
4279,COVID dışı pnömoni,COVID dışı pnömoni
4280,COVID dışı pnömoni,COVID dışı pnömoni
4281,COVID dışı pnömoni,COVID dışı pnömoni
4282,COVID dışı pnömoni,Normal
4283,COVID dışı pnömoni,COVID dışı pnömoni
4284,COVID dışı pnömoni,COVID dışı pnömoni
4285,COVID dışı pnömoni,COVID dışı pnömoni
4286,COVID dışı pnömoni,COVID dışı pnömoni
4287,COVID dışı pnömoni,COVID dışı pnömoni
4288,COVID dışı pnömoni,COVID dışı pnömoni
4289,COVID dışı pnömoni,COVID dışı pnömoni
4290,COVID dışı pnömoni,COVID dışı pnömoni
4291,COVID dışı pnömoni,COVID dışı pnömoni
4292,COVID dışı pnömoni,COVID dışı pnömoni
4293,COVID dışı pnömoni,COVID dışı pnömoni
4294,COVID dışı pnömoni,COVID dışı pnömoni
4295,COVID dışı pnömoni,COVID dışı pnömoni
4296,COVID dışı pnömoni,COVID dışı pnömoni
4297,COVID dışı pnömoni,COVID dışı pnömoni
4298,COVID dışı pnömoni,COVID dışı pnömoni
4299,COVID dışı pnömoni,COVID dışı pnömoni
4300,COVID dışı pnömoni,COVID dışı pnömoni
4301,COVID dışı pnömoni,COVID dışı pnömoni
4302,COVID dışı pnömoni,COVID dışı pnömoni
4303,COVID dışı pnömoni,Normal
4304,COVID dışı pnömoni,COVID dışı pnömoni
4305,COVID dışı pnömoni,COVID dışı pnömoni
4306,COVID dışı pnömoni,COVID dışı pnömoni
4307,COVID dışı pnömoni,COVID dışı pnömoni
4308,COVID dışı pnömoni,COVID dışı pnömoni
4309,COVID dışı pnömoni,COVID dışı pnömoni
4310,COVID dışı pnömoni,COVID dışı pnömoni
4311,COVID dışı pnömoni,Normal
4312,COVID dışı pnömoni,COVID dışı pnömoni
4313,COVID dışı pnömoni,COVID dışı pnömoni
4314,COVID dışı pnömoni,COVID dışı pnömoni
4315,COVID dışı pnömoni,COVID dışı pnömoni
4316,COVID dışı pnömoni,COVID dışı pnömoni
4317,COVID dışı pnömoni,COVID dışı pnömoni
4318,COVID dışı pnömoni,COVID dışı pnömoni
4319,COVID dışı pnömoni,COVID dışı pnömoni
4320,COVID dışı pnömoni,COVID dışı pnömoni
4321,COVID dışı pnömoni,COVID dışı pnömoni
4322,COVID dışı pnömoni,COVID dışı pnömoni
4323,COVID dışı pnömoni,COVID dışı pnömoni
4324,COVID dışı pnömoni,COVID dışı pnömoni
4325,COVID dışı pnömoni,COVID dışı pnömoni
4326,COVID dışı pnömoni,COVID dışı pnömoni
4327,COVID dışı pnömoni,COVID dışı pnömoni
4328,COVID dışı pnömoni,COVID dışı pnömoni
4329,COVID dışı pnömoni,COVID dışı pnömoni
4330,COVID dışı pnömoni,COVID dışı pnömoni
4331,COVID dışı pnömoni,COVID dışı pnömoni
4332,COVID dışı pnömoni,COVID dışı pnömoni
4333,COVID dışı pnömoni,COVID dışı pnömoni
4334,COVID dışı pnömoni,COVID dışı pnömoni
4335,COVID dışı pnömoni,Normal
4336,COVID dışı pnömoni,COVID dışı pnömoni
4337,COVID dışı pnömoni,COVID dışı pnömoni
4338,COVID dışı pnömoni,COVID dışı pnömoni
4339,COVID dışı pnömoni,COVID dışı pnömoni
4340,COVID dışı pnömoni,COVID dışı pnömoni
4341,COVID dışı pnömoni,COVID dışı pnömoni
4342,COVID dışı pnömoni,COVID dışı pnömoni
4343,COVID dışı pnömoni,COVID dışı pnömoni
4344,COVID dışı pnömoni,COVID dışı pnömoni
4345,COVID dışı pnömoni,COVID dışı pnömoni
4346,COVID dışı pnömoni,COVID dışı pnömoni
4347,COVID dışı pnömoni,COVID dışı pnömoni
4348,COVID dışı pnömoni,COVID dışı pnömoni
4349,COVID dışı pnömoni,COVID dışı pnömoni
4350,COVID dışı pnömoni,COVID dışı pnömoni
4351,COVID dışı pnömoni,COVID dışı pnömoni
4352,COVID dışı pnömoni,COVID dışı pnömoni
4353,COVID dışı pnömoni,COVID dışı pnömoni
4354,COVID dışı pnömoni,COVID dışı pnömoni
4355,COVID dışı pnömoni,COVID dışı pnömoni
4356,COVID dışı pnömoni,COVID dışı pnömoni
4357,COVID dışı pnömoni,COVID dışı pnömoni
4358,COVID dışı pnömoni,COVID dışı pnömoni
4359,COVID dışı pnömoni,COVID dışı pnömoni
4360,COVID dışı pnömoni,COVID dışı pnömoni
4361,COVID dışı pnömoni,COVID dışı pnömoni
4362,COVID dışı pnömoni,COVID dışı pnömoni
4363,COVID dışı pnömoni,COVID dışı pnömoni
4364,COVID dışı pnömoni,COVID dışı pnömoni
4365,COVID dışı pnömoni,COVID dışı pnömoni
4366,COVID dışı pnömoni,COVID dışı pnömoni
4367,COVID dışı pnömoni,COVID dışı pnömoni
4368,COVID dışı pnömoni,COVID dışı pnömoni
4369,COVID dışı pnömoni,COVID dışı pnömoni
4370,COVID dışı pnömoni,COVID dışı pnömoni
4371,COVID dışı pnömoni,COVID dışı pnömoni
4372,COVID dışı pnömoni,COVID dışı pnömoni
4373,COVID dışı pnömoni,COVID dışı pnömoni
4374,COVID dışı pnömoni,COVID dışı pnömoni
4375,COVID dışı pnömoni,COVID dışı pnömoni
4376,COVID dışı pnömoni,COVID dışı pnömoni
4377,COVID dışı pnömoni,COVID dışı pnömoni
4378,COVID dışı pnömoni,COVID dışı pnömoni
4379,COVID dışı pnömoni,COVID dışı pnömoni
4380,COVID dışı pnömoni,COVID dışı pnömoni
4381,COVID dışı pnömoni,COVID dışı pnömoni
4382,COVID dışı pnömoni,COVID dışı pnömoni
4383,COVID dışı pnömoni,COVID dışı pnömoni
4384,COVID dışı pnömoni,COVID dışı pnömoni
4385,COVID dışı pnömoni,COVID dışı pnömoni
4386,COVID dışı pnömoni,COVID dışı pnömoni
4387,COVID dışı pnömoni,COVID dışı pnömoni
4388,COVID dışı pnömoni,COVID dışı pnömoni
4389,COVID dışı pnömoni,COVID dışı pnömoni
4390,COVID dışı pnömoni,COVID dışı pnömoni
4391,COVID dışı pnömoni,COVID dışı pnömoni
4392,COVID dışı pnömoni,COVID dışı pnömoni
4393,COVID dışı pnömoni,COVID dışı pnömoni
4394,COVID dışı pnömoni,COVID dışı pnömoni
4395,COVID dışı pnömoni,COVID dışı pnömoni
4396,COVID dışı pnömoni,COVID dışı pnömoni
4397,COVID dışı pnömoni,COVID dışı pnömoni
4398,COVID dışı pnömoni,COVID dışı pnömoni
4399,COVID dışı pnömoni,COVID dışı pnömoni
4400,COVID dışı pnömoni,COVID dışı pnömoni
4401,COVID dışı pnömoni,COVID dışı pnömoni
4402,COVID dışı pnömoni,COVID dışı pnömoni
4403,COVID dışı pnömoni,COVID dışı pnömoni
4404,COVID dışı pnömoni,COVID dışı pnömoni
4405,COVID dışı pnömoni,COVID dışı pnömoni
4406,COVID dışı pnömoni,COVID dışı pnömoni
4407,COVID dışı pnömoni,COVID dışı pnömoni
4408,COVID dışı pnömoni,COVID dışı pnömoni
4409,COVID dışı pnömoni,COVID dışı pnömoni
4410,COVID dışı pnömoni,COVID dışı pnömoni
4411,COVID dışı pnömoni,COVID dışı pnömoni
4412,COVID dışı pnömoni,COVID dışı pnömoni
4413,COVID dışı pnömoni,COVID dışı pnömoni
4414,COVID dışı pnömoni,COVID dışı pnömoni
4415,COVID dışı pnömoni,COVID dışı pnömoni
4416,COVID dışı pnömoni,COVID dışı pnömoni
4417,COVID dışı pnömoni,COVID dışı pnömoni
4418,COVID dışı pnömoni,COVID dışı pnömoni
4419,COVID dışı pnömoni,COVID dışı pnömoni
4420,COVID dışı pnömoni,COVID dışı pnömoni
4421,COVID dışı pnömoni,COVID dışı pnömoni
4422,COVID dışı pnömoni,COVID dışı pnömoni
4423,COVID dışı pnömoni,COVID dışı pnömoni
4424,COVID dışı pnömoni,COVID dışı pnömoni
4425,COVID dışı pnömoni,Normal
4426,COVID dışı pnömoni,COVID dışı pnömoni
4427,COVID dışı pnömoni,COVID dışı pnömoni
4428,COVID dışı pnömoni,COVID-19
4429,COVID dışı pnömoni,COVID dışı pnömoni
4430,COVID dışı pnömoni,COVID dışı pnömoni
4431,COVID dışı pnömoni,COVID dışı pnömoni
4432,COVID dışı pnömoni,COVID dışı pnömoni
4433,COVID dışı pnömoni,COVID dışı pnömoni
4434,COVID dışı pnömoni,COVID dışı pnömoni
4435,COVID dışı pnömoni,COVID dışı pnömoni
4436,COVID dışı pnömoni,COVID dışı pnömoni
4437,COVID dışı pnömoni,COVID dışı pnömoni
4438,COVID dışı pnömoni,COVID dışı pnömoni
4439,COVID dışı pnömoni,COVID dışı pnömoni
4440,COVID dışı pnömoni,COVID dışı pnömoni
4441,COVID dışı pnömoni,COVID dışı pnömoni
4442,COVID dışı pnömoni,COVID dışı pnömoni
4443,COVID dışı pnömoni,COVID dışı pnömoni
4444,COVID dışı pnömoni,COVID dışı pnömoni
4445,COVID dışı pnömoni,COVID dışı pnömoni
4446,COVID dışı pnömoni,COVID dışı pnömoni
4447,COVID dışı pnömoni,COVID dışı pnömoni
4448,COVID dışı pnömoni,COVID dışı pnömoni
4449,COVID dışı pnömoni,COVID dışı pnömoni
4450,COVID dışı pnömoni,COVID dışı pnömoni
4451,COVID dışı pnömoni,COVID dışı pnömoni
4452,COVID dışı pnömoni,COVID dışı pnömoni
4453,COVID dışı pnömoni,COVID dışı pnömoni
4454,COVID dışı pnömoni,COVID dışı pnömoni
4455,COVID dışı pnömoni,COVID dışı pnömoni
4456,COVID dışı pnömoni,COVID dışı pnömoni
4457,COVID dışı pnömoni,COVID dışı pnömoni
4458,COVID dışı pnömoni,COVID dışı pnömoni
4459,COVID dışı pnömoni,COVID dışı pnömoni
4460,COVID dışı pnömoni,COVID dışı pnömoni
4461,COVID dışı pnömoni,COVID dışı pnömoni
4462,COVID dışı pnömoni,COVID dışı pnömoni
4463,COVID dışı pnömoni,COVID dışı pnömoni
4464,COVID dışı pnömoni,COVID dışı pnömoni
4465,COVID dışı pnömoni,COVID dışı pnömoni
4466,COVID dışı pnömoni,COVID dışı pnömoni
4467,COVID dışı pnömoni,COVID dışı pnömoni
4468,COVID dışı pnömoni,COVID dışı pnömoni
4469,COVID dışı pnömoni,COVID dışı pnömoni
4470,COVID dışı pnömoni,COVID dışı pnömoni
4471,COVID dışı pnömoni,COVID dışı pnömoni
4472,COVID dışı pnömoni,COVID dışı pnömoni
4473,COVID dışı pnömoni,COVID dışı pnömoni
4474,COVID dışı pnömoni,COVID dışı pnömoni
4475,COVID dışı pnömoni,COVID dışı pnömoni
4476,COVID dışı pnömoni,COVID dışı pnömoni
4477,COVID dışı pnömoni,COVID dışı pnömoni
4478,COVID dışı pnömoni,COVID dışı pnömoni
4479,COVID dışı pnömoni,COVID-19
4480,COVID dışı pnömoni,COVID dışı pnömoni
4481,COVID dışı pnömoni,COVID dışı pnömoni
4482,COVID dışı pnömoni,COVID dışı pnömoni
4483,COVID dışı pnömoni,COVID dışı pnömoni
4484,COVID dışı pnömoni,COVID dışı pnömoni
4485,COVID dışı pnömoni,COVID dışı pnömoni
4486,COVID dışı pnömoni,COVID dışı pnömoni
4487,COVID dışı pnömoni,COVID dışı pnömoni
4488,COVID dışı pnömoni,COVID dışı pnömoni
4489,COVID dışı pnömoni,COVID dışı pnömoni
4490,COVID dışı pnömoni,COVID dışı pnömoni
4491,COVID dışı pnömoni,COVID dışı pnömoni
4492,COVID dışı pnömoni,COVID dışı pnömoni
4493,COVID dışı pnömoni,COVID dışı pnömoni
4494,COVID dışı pnömoni,COVID dışı pnömoni
4495,COVID dışı pnömoni,COVID dışı pnömoni
4496,COVID dışı pnömoni,COVID dışı pnömoni
4497,COVID dışı pnömoni,COVID dışı pnömoni
4498,COVID dışı pnömoni,COVID dışı pnömoni
4499,COVID dışı pnömoni,COVID dışı pnömoni
4500,COVID dışı pnömoni,COVID dışı pnömoni
4501,COVID dışı pnömoni,COVID dışı pnömoni
4502,COVID dışı pnömoni,COVID dışı pnömoni
4503,COVID dışı pnömoni,COVID dışı pnömoni
4504,COVID dışı pnömoni,COVID dışı pnömoni
4505,COVID dışı pnömoni,COVID dışı pnömoni
4506,COVID dışı pnömoni,COVID dışı pnömoni
4507,COVID dışı pnömoni,COVID dışı pnömoni
4508,COVID dışı pnömoni,COVID dışı pnömoni
4509,COVID dışı pnömoni,COVID dışı pnömoni
4510,COVID dışı pnömoni,COVID dışı pnömoni
4511,COVID dışı pnömoni,COVID dışı pnömoni
4512,COVID dışı pnömoni,COVID dışı pnömoni
4513,COVID dışı pnömoni,Normal
4514,COVID dışı pnömoni,COVID dışı pnömoni
4515,COVID dışı pnömoni,COVID dışı pnömoni
4516,COVID dışı pnömoni,COVID dışı pnömoni
4517,COVID dışı pnömoni,COVID dışı pnömoni
4518,COVID dışı pnömoni,COVID dışı pnömoni
4519,COVID dışı pnömoni,COVID dışı pnömoni
4520,COVID dışı pnömoni,COVID dışı pnömoni
4521,COVID dışı pnömoni,COVID dışı pnömoni
4522,COVID dışı pnömoni,COVID dışı pnömoni
4523,COVID dışı pnömoni,COVID dışı pnömoni
4524,COVID dışı pnömoni,COVID dışı pnömoni
4525,COVID dışı pnömoni,COVID dışı pnömoni
4526,COVID dışı pnömoni,COVID dışı pnömoni
4527,COVID dışı pnömoni,COVID dışı pnömoni
4528,COVID dışı pnömoni,COVID dışı pnömoni
4529,COVID dışı pnömoni,COVID dışı pnömoni
4530,COVID dışı pnömoni,COVID dışı pnömoni
4531,COVID dışı pnömoni,COVID dışı pnömoni
4532,COVID dışı pnömoni,COVID dışı pnömoni
4533,COVID dışı pnömoni,COVID dışı pnömoni
4534,COVID dışı pnömoni,COVID dışı pnömoni
4535,COVID dışı pnömoni,COVID dışı pnömoni
4536,COVID dışı pnömoni,COVID dışı pnömoni
4537,COVID dışı pnömoni,COVID dışı pnömoni
4538,COVID dışı pnömoni,COVID dışı pnömoni
4539,COVID dışı pnömoni,COVID dışı pnömoni
4540,COVID dışı pnömoni,COVID dışı pnömoni
4541,COVID dışı pnömoni,COVID dışı pnömoni
4542,COVID dışı pnömoni,COVID dışı pnömoni
4543,COVID dışı pnömoni,COVID dışı pnömoni
4544,COVID dışı pnömoni,COVID dışı pnömoni
4545,COVID dışı pnömoni,COVID dışı pnömoni
4546,COVID dışı pnömoni,COVID dışı pnömoni
4547,COVID dışı pnömoni,COVID dışı pnömoni
4548,COVID dışı pnömoni,Normal
4549,COVID dışı pnömoni,COVID dışı pnömoni
4550,COVID dışı pnömoni,COVID dışı pnömoni
4551,COVID dışı pnömoni,COVID dışı pnömoni
4552,COVID dışı pnömoni,COVID dışı pnömoni
4553,COVID dışı pnömoni,COVID dışı pnömoni
4554,COVID dışı pnömoni,COVID dışı pnömoni
4555,COVID dışı pnömoni,COVID dışı pnömoni
4556,COVID dışı pnömoni,COVID dışı pnömoni
4557,COVID dışı pnömoni,Normal
4558,COVID dışı pnömoni,COVID dışı pnömoni
4559,COVID dışı pnömoni,COVID dışı pnömoni
4560,COVID dışı pnömoni,COVID dışı pnömoni
4561,COVID dışı pnömoni,COVID dışı pnömoni
4562,COVID dışı pnömoni,COVID dışı pnömoni
4563,COVID dışı pnömoni,COVID dışı pnömoni
4564,COVID dışı pnömoni,COVID dışı pnömoni
4565,COVID dışı pnömoni,COVID dışı pnömoni
4566,COVID dışı pnömoni,COVID dışı pnömoni
4567,COVID dışı pnömoni,COVID dışı pnömoni
4568,COVID dışı pnömoni,COVID dışı pnömoni
4569,COVID dışı pnömoni,COVID dışı pnömoni
4570,COVID dışı pnömoni,COVID dışı pnömoni
4571,COVID dışı pnömoni,COVID dışı pnömoni
4572,COVID dışı pnömoni,COVID dışı pnömoni
4573,COVID dışı pnömoni,COVID dışı pnömoni
4574,COVID dışı pnömoni,COVID dışı pnömoni
4575,COVID dışı pnömoni,COVID dışı pnömoni
4576,COVID dışı pnömoni,COVID dışı pnömoni
4577,COVID dışı pnömoni,COVID dışı pnömoni
4578,COVID dışı pnömoni,COVID dışı pnömoni
4579,COVID dışı pnömoni,COVID dışı pnömoni
4580,COVID dışı pnömoni,COVID dışı pnömoni
4581,COVID dışı pnömoni,COVID dışı pnömoni
4582,COVID dışı pnömoni,COVID dışı pnömoni
4583,COVID dışı pnömoni,COVID dışı pnömoni
4584,COVID dışı pnömoni,COVID dışı pnömoni
4585,COVID dışı pnömoni,COVID dışı pnömoni
4586,COVID dışı pnömoni,COVID dışı pnömoni
4587,COVID dışı pnömoni,COVID dışı pnömoni
4588,COVID dışı pnömoni,COVID dışı pnömoni
4589,COVID dışı pnömoni,COVID dışı pnömoni
4590,COVID dışı pnömoni,Normal
4591,COVID dışı pnömoni,COVID dışı pnömoni
4592,COVID dışı pnömoni,COVID dışı pnömoni
4593,COVID dışı pnömoni,COVID dışı pnömoni
4594,COVID dışı pnömoni,COVID dışı pnömoni
4595,COVID dışı pnömoni,COVID dışı pnömoni
4596,COVID dışı pnömoni,COVID dışı pnömoni
4597,COVID dışı pnömoni,COVID dışı pnömoni
4598,COVID dışı pnömoni,COVID dışı pnömoni
4599,COVID dışı pnömoni,COVID dışı pnömoni
4600,COVID dışı pnömoni,COVID dışı pnömoni
4601,COVID dışı pnömoni,COVID dışı pnömoni
4602,COVID dışı pnömoni,COVID dışı pnömoni
4603,COVID dışı pnömoni,COVID dışı pnömoni
4604,COVID dışı pnömoni,COVID dışı pnömoni
4605,COVID dışı pnömoni,COVID dışı pnömoni
4606,COVID dışı pnömoni,COVID dışı pnömoni
4607,COVID dışı pnömoni,COVID dışı pnömoni
4608,COVID dışı pnömoni,COVID dışı pnömoni
4609,COVID dışı pnömoni,COVID dışı pnömoni
4610,COVID dışı pnömoni,COVID dışı pnömoni
4611,COVID dışı pnömoni,COVID dışı pnömoni
4612,COVID dışı pnömoni,COVID dışı pnömoni
4613,COVID dışı pnömoni,COVID dışı pnömoni
4614,COVID dışı pnömoni,COVID dışı pnömoni
4615,COVID dışı pnömoni,COVID dışı pnömoni
4616,COVID dışı pnömoni,COVID dışı pnömoni
4617,COVID dışı pnömoni,COVID dışı pnömoni
4618,COVID dışı pnömoni,COVID dışı pnömoni
4619,COVID dışı pnömoni,COVID dışı pnömoni
4620,COVID dışı pnömoni,COVID dışı pnömoni
4621,COVID dışı pnömoni,COVID dışı pnömoni
4622,COVID dışı pnömoni,COVID dışı pnömoni
4623,COVID dışı pnömoni,COVID dışı pnömoni
4624,COVID dışı pnömoni,COVID dışı pnömoni
4625,COVID dışı pnömoni,COVID dışı pnömoni
4626,COVID dışı pnömoni,COVID dışı pnömoni
4627,COVID dışı pnömoni,COVID dışı pnömoni
4628,COVID dışı pnömoni,COVID dışı pnömoni
4629,COVID dışı pnömoni,COVID dışı pnömoni
4630,COVID dışı pnömoni,COVID dışı pnömoni
4631,COVID dışı pnömoni,COVID dışı pnömoni
4632,COVID dışı pnömoni,COVID dışı pnömoni
4633,COVID dışı pnömoni,COVID dışı pnömoni
4634,COVID dışı pnömoni,COVID dışı pnömoni
4635,COVID dışı pnömoni,COVID dışı pnömoni
4636,COVID dışı pnömoni,COVID dışı pnömoni
4637,COVID dışı pnömoni,COVID dışı pnömoni
4638,COVID dışı pnömoni,COVID dışı pnömoni
4639,COVID dışı pnömoni,Normal
4640,COVID dışı pnömoni,COVID dışı pnömoni
4641,COVID dışı pnömoni,COVID dışı pnömoni
4642,COVID dışı pnömoni,COVID dışı pnömoni
4643,COVID dışı pnömoni,COVID dışı pnömoni
4644,COVID dışı pnömoni,COVID dışı pnömoni
4645,COVID dışı pnömoni,COVID dışı pnömoni
4646,COVID dışı pnömoni,COVID dışı pnömoni
4647,COVID dışı pnömoni,COVID dışı pnömoni
4648,Normal,Normal
4649,Normal,Normal
4650,Normal,Normal
4651,Normal,Normal
4652,Normal,Normal
4653,Normal,Normal
4654,Normal,Normal
4655,Normal,Normal
4656,Normal,Normal
4657,Normal,Normal
4658,Normal,Normal
4659,Normal,Normal
4660,Normal,Normal
4661,Normal,Normal
4662,Normal,Normal
4663,Normal,Normal
4664,Normal,Normal
4665,Normal,Normal
4666,Normal,Normal
4667,Normal,Normal
4668,Normal,Normal
4669,Normal,Normal
4670,Normal,Normal
4671,Normal,Normal
4672,Normal,Normal
4673,Normal,Normal
4674,Normal,Normal
4675,Normal,Normal
4676,Normal,Normal
4677,Normal,Normal
4678,Normal,Normal
4679,Normal,Normal
4680,Normal,Normal
4681,Normal,Normal
4682,Normal,Normal
4683,Normal,Normal
4684,Normal,Normal
4685,Normal,Normal
4686,Normal,Normal
4687,Normal,Normal
4688,Normal,Normal
4689,Normal,Normal
4690,Normal,Normal
4691,Normal,Normal
4692,Normal,COVID dışı pnömoni
4693,Normal,Normal
4694,Normal,COVID dışı pnömoni
4695,Normal,Normal
4696,Normal,Normal
4697,Normal,Normal
4698,Normal,Normal
4699,Normal,Normal
4700,Normal,Normal
4701,Normal,Normal
4702,Normal,Normal
4703,Normal,Normal
4704,Normal,Normal
4705,Normal,Normal
4706,Normal,Normal
4707,Normal,Normal
4708,Normal,Normal
4709,Normal,Normal
4710,Normal,Normal
4711,Normal,Normal
4712,Normal,Normal
4713,Normal,Normal
4714,Normal,Normal
4715,Normal,Normal
4716,Normal,Normal
4717,Normal,Normal
4718,Normal,Normal
4719,Normal,Normal
4720,Normal,Normal
4721,Normal,Normal
4722,Normal,Normal
4723,Normal,Normal
4724,Normal,Normal
4725,Normal,Normal
4726,Normal,Normal
4727,Normal,Normal
4728,Normal,Normal
4729,Normal,Normal
4730,Normal,Normal
4731,Normal,Normal
4732,Normal,Normal
4733,Normal,Normal
4734,Normal,Normal
4735,Normal,Normal
4736,Normal,Normal
4737,Normal,COVID dışı pnömoni
4738,Normal,Normal
4739,Normal,Normal
4740,Normal,Normal
4741,Normal,Normal
4742,Normal,Normal
4743,Normal,COVID dışı pnömoni
4744,Normal,Normal
4745,Normal,Normal
4746,Normal,Normal
4747,Normal,Normal
4748,Normal,Normal
4749,Normal,Normal
4750,Normal,Normal
4751,Normal,Normal
4752,Normal,Normal
4753,Normal,Normal
4754,Normal,Normal
4755,Normal,Normal
4756,Normal,Normal
4757,Normal,Normal
4758,Normal,Normal
4759,Normal,Normal
4760,Normal,Normal
4761,Normal,Normal
4762,Normal,Normal
4763,Normal,Normal
4764,Normal,Normal
4765,Normal,Normal
4766,Normal,Normal
4767,Normal,Normal
4768,Normal,Normal
4769,Normal,Normal
4770,Normal,Normal
4771,Normal,Normal
4772,Normal,Normal
4773,Normal,Normal
4774,Normal,Normal
4775,Normal,Normal
4776,Normal,Normal
4777,Normal,Normal
4778,Normal,Normal
4779,Normal,Normal
4780,Normal,Normal
4781,Normal,Normal
4782,Normal,Normal
4783,Normal,Normal
4784,Normal,Normal
4785,Normal,Normal
4786,Normal,Normal
4787,Normal,Normal
4788,Normal,COVID dışı pnömoni
4789,Normal,Normal
4790,Normal,Normal
4791,Normal,Normal
4792,Normal,Normal
4793,Normal,Normal
4794,Normal,Normal
4795,Normal,Normal
4796,Normal,Normal
4797,Normal,Normal
4798,Normal,Normal
4799,Normal,Normal
4800,Normal,Normal
4801,Normal,Normal
4802,Normal,Normal
4803,Normal,Normal
4804,Normal,Normal
4805,Normal,Normal
4806,Normal,Normal
4807,Normal,Normal
4808,Normal,Normal
4809,Normal,Normal
4810,Normal,Normal
4811,Normal,Normal
4812,Normal,Normal
4813,Normal,Normal
4814,Normal,COVID-19
4815,Normal,Normal
4816,Normal,Normal
4817,Normal,Normal
4818,Normal,Normal
4819,Normal,Normal
4820,Normal,Normal
4821,Normal,Normal
4822,Normal,Normal
4823,Normal,Normal
4824,Normal,Normal
4825,Normal,Normal
4826,Normal,Normal
4827,Normal,Normal
4828,Normal,Normal
4829,Normal,Normal
4830,Normal,Normal
4831,Normal,Normal
4832,Normal,COVID dışı pnömoni
4833,Normal,Normal
4834,Normal,Normal
4835,Normal,Normal
4836,Normal,Normal
4837,Normal,Normal
4838,Normal,Normal
4839,Normal,Normal
4840,Normal,Normal
4841,Normal,Normal
4842,Normal,Normal
4843,Normal,Normal
4844,Normal,Normal
4845,Normal,Normal
4846,Normal,Normal
4847,Normal,Normal
4848,Normal,Normal
4849,Normal,Normal
4850,Normal,Normal
4851,Normal,Normal
4852,Normal,Normal
4853,Normal,Normal
4854,Normal,Normal
4855,Normal,Normal
4856,Normal,Normal
4857,Normal,Normal
4858,Normal,Normal
4859,Normal,Normal
4860,Normal,Normal
4861,Normal,Normal
4862,Normal,Normal
4863,Normal,Normal
4864,Normal,Normal
4865,Normal,Normal
4866,Normal,Normal
4867,Normal,Normal
4868,Normal,Normal
4869,Normal,Normal
4870,Normal,Normal
4871,Normal,Normal
4872,Normal,Normal
4873,Normal,Normal
4874,Normal,Normal
4875,Normal,Normal
4876,Normal,Normal
4877,Normal,Normal
4878,Normal,Normal
4879,Normal,Normal
4880,Normal,Normal
4881,Normal,Normal
4882,Normal,Normal
4883,Normal,Normal
4884,Normal,Normal
4885,Normal,Normal
4886,Normal,Normal
4887,Normal,Normal
4888,Normal,Normal
4889,Normal,Normal
4890,Normal,Normal
4891,Normal,Normal
4892,Normal,Normal
4893,Normal,Normal
4894,Normal,Normal
4895,Normal,Normal
4896,Normal,Normal
4897,Normal,Normal
4898,Normal,Normal
4899,Normal,Normal
4900,Normal,Normal
4901,Normal,Normal
4902,Normal,Normal
4903,Normal,Normal
4904,Normal,COVID dışı pnömoni
4905,Normal,Normal
4906,Normal,Normal
4907,Normal,Normal
4908,Normal,Normal
4909,Normal,Normal
4910,Normal,Normal
4911,Normal,Normal
4912,Normal,Normal
4913,Normal,Normal
4914,Normal,Normal
4915,Normal,Normal
4916,Normal,Normal
4917,Normal,Normal
4918,Normal,Normal
4919,Normal,Normal
4920,Normal,Normal
4921,Normal,Normal
4922,Normal,Normal
4923,Normal,Normal
4924,Normal,Normal
4925,Normal,Normal
4926,Normal,Normal
4927,Normal,Normal
4928,Normal,Normal
4929,Normal,Normal
4930,Normal,Normal
4931,Normal,Normal
4932,Normal,Normal
4933,Normal,Normal
4934,Normal,Normal
4935,Normal,Normal
4936,Normal,Normal
4937,Normal,Normal
4938,Normal,Normal
4939,Normal,Normal
4940,Normal,Normal
4941,Normal,Normal
4942,Normal,Normal
4943,Normal,Normal
4944,Normal,Normal
4945,Normal,Normal
4946,Normal,Normal
4947,Normal,Normal
4948,Normal,Normal
4949,Normal,Normal
4950,Normal,Normal
4951,Normal,Normal
4952,Normal,Normal
4953,Normal,Normal
4954,Normal,Normal
4955,Normal,Normal
4956,Normal,Normal
4957,Normal,Normal
4958,Normal,Normal
4959,Normal,Normal
4960,Normal,Normal
4961,Normal,Normal
4962,Normal,Normal
4963,Normal,Normal
4964,Normal,Normal
4965,Normal,Normal
4966,Normal,Normal
4967,Normal,Normal
4968,Normal,Normal
4969,Normal,Normal
4970,Normal,Normal
4971,Normal,Normal
4972,Normal,Normal
4973,Normal,Normal
4974,Normal,Normal
4975,Normal,Normal
4976,Normal,Normal
4977,Normal,Normal
4978,Normal,Normal
4979,Normal,Normal
4980,Normal,Normal
4981,Normal,Normal
4982,Normal,Normal
4983,Normal,Normal
4984,Normal,Normal
4985,Normal,Normal
4986,Normal,Normal
4987,Normal,Normal
4988,Normal,Normal
4989,Normal,Normal
4990,Normal,Normal
4991,Normal,Normal
4992,Normal,Normal
4993,Normal,Normal
4994,Normal,Normal
4995,Normal,Normal
4996,Normal,Normal
4997,Normal,Normal
4998,Normal,Normal
4999,Normal,Normal
5000,Normal,Normal
5001,Normal,Normal
5002,Normal,Normal
5003,Normal,Normal
5004,Normal,Normal
5005,Normal,Normal
5006,Normal,Normal
5007,Normal,Normal
5008,Normal,Normal
5009,Normal,Normal
5010,Normal,Normal
5011,Normal,Normal
5012,Normal,Normal
5013,Normal,Normal
5014,Normal,Normal
5015,Normal,Normal
5016,Normal,Normal
5017,Normal,COVID dışı pnömoni
5018,Normal,COVID dışı pnömoni
5019,Normal,Normal
5020,Normal,Normal
5021,Normal,Normal
5022,Normal,Normal
5023,Normal,Normal
5024,Normal,Normal
5025,Normal,Normal
5026,Normal,Normal
5027,Normal,Normal
5028,Normal,Normal
5029,Normal,Normal
5030,Normal,COVID-19
5031,Normal,Normal
5032,Normal,Normal
5033,Normal,Normal
5034,Normal,Normal
5035,Normal,Normal
5036,Normal,Normal
5037,Normal,COVID dışı pnömoni
5038,Normal,Normal
5039,Normal,COVID dışı pnömoni
5040,Normal,Normal
5041,Normal,Normal
5042,Normal,Normal
5043,Normal,Normal
5044,Normal,Normal
5045,Normal,Normal
5046,Normal,Normal
5047,Normal,Normal
5048,Normal,Normal
5049,Normal,Normal
5050,Normal,Normal
5051,Normal,Normal
5052,Normal,Normal
5053,Normal,Normal
5054,Normal,Normal
5055,Normal,Normal
5056,Normal,Normal
5057,Normal,Normal
5058,Normal,Normal
5059,Normal,Normal
5060,Normal,Normal
5061,Normal,Normal
5062,Normal,Normal
5063,Normal,Normal
5064,Normal,Normal
5065,Normal,Normal
5066,Normal,Normal
5067,Normal,Normal
5068,Normal,Normal
5069,Normal,Normal
5070,Normal,Normal
5071,Normal,Normal
5072,Normal,Normal
5073,Normal,Normal
5074,Normal,Normal
5075,Normal,Normal
5076,Normal,Normal
5077,Normal,Normal
5078,Normal,Normal
5079,Normal,Normal
5080,Normal,Normal
5081,Normal,Normal
5082,Normal,Normal
5083,Normal,Normal
5084,Normal,Normal
5085,Normal,Normal
5086,Normal,Normal
5087,Normal,Normal
5088,Normal,Normal
5089,Normal,COVID dışı pnömoni
5090,Normal,Normal
5091,Normal,Normal
5092,Normal,Normal
5093,Normal,Normal
5094,Normal,Normal
5095,Normal,Normal
5096,Normal,Normal
5097,Normal,COVID dışı pnömoni
5098,Normal,Normal
5099,Normal,Normal
5100,Normal,Normal
5101,Normal,Normal
5102,Normal,Normal
5103,Normal,Normal
5104,Normal,Normal
5105,Normal,Normal
5106,Normal,Normal
5107,Normal,Normal
5108,Normal,Normal
5109,Normal,Normal
5110,Normal,Normal
5111,Normal,Normal
5112,Normal,Normal
5113,Normal,Normal
5114,Normal,Normal
5115,Normal,Normal
5116,Normal,Normal
5117,Normal,COVID dışı pnömoni
5118,Normal,Normal
5119,Normal,Normal
5120,Normal,Normal
5121,Normal,Normal
5122,Normal,Normal
5123,Normal,Normal
5124,Normal,Normal
5125,Normal,Normal
5126,Normal,Normal
5127,Normal,Normal
5128,Normal,Normal
5129,Normal,Normal
5130,Normal,Normal
5131,Normal,Normal
5132,Normal,Normal
5133,Normal,Normal
5134,Normal,Normal
5135,Normal,Normal
5136,Normal,Normal
5137,Normal,Normal
5138,Normal,Normal
5139,Normal,Normal
5140,Normal,Normal
5141,Normal,Normal
5142,Normal,Normal
5143,Normal,Normal
5144,Normal,Normal
5145,Normal,Normal
5146,Normal,Normal
5147,Normal,Normal
5148,Normal,Normal
5149,Normal,Normal
5150,Normal,Normal
5151,Normal,Normal
5152,Normal,Normal
5153,Normal,Normal
5154,Normal,Normal
5155,Normal,Normal
5156,Normal,Normal
5157,Normal,Normal
5158,Normal,Normal
5159,Normal,Normal
5160,Normal,Normal
5161,Normal,Normal
5162,Normal,Normal
5163,Normal,Normal
5164,Normal,Normal
5165,Normal,Normal
5166,Normal,Normal
5167,Normal,Normal
5168,Normal,Normal
5169,Normal,Normal
5170,Normal,Normal
5171,Normal,Normal
5172,Normal,Normal
5173,Normal,Normal
5174,Normal,Normal
5175,Normal,Normal
5176,Normal,Normal
5177,Normal,Normal
5178,Normal,Normal
5179,Normal,Normal
5180,Normal,Normal
5181,Normal,Normal
5182,Normal,Normal
5183,Normal,Normal
5184,Normal,Normal
5185,Normal,Normal
5186,Normal,Normal
5187,Normal,Normal
5188,Normal,Normal
5189,Normal,Normal
5190,Normal,Normal
5191,Normal,Normal
5192,Normal,Normal
5193,Normal,Normal
5194,Normal,Normal
5195,Normal,Normal
5196,Normal,Normal
5197,Normal,Normal
5198,Normal,Normal
5199,Normal,Normal
5200,Normal,Normal
5201,Normal,COVID dışı pnömoni
5202,Normal,COVID dışı pnömoni
5203,Normal,Normal
5204,Normal,Normal
5205,Normal,Normal
5206,Normal,Normal
5207,Normal,Normal
5208,Normal,COVID dışı pnömoni
5209,Normal,Normal
5210,Normal,Normal
5211,Normal,Normal
5212,Normal,Normal
5213,Normal,Normal
5214,Normal,Normal
5215,Normal,Normal
5216,Normal,Normal
5217,Normal,Normal
5218,Normal,Normal
5219,Normal,Normal
5220,Normal,Normal
5221,Normal,Normal
5222,Normal,COVID dışı pnömoni
5223,Normal,Normal
5224,Normal,Normal
5225,Normal,COVID dışı pnömoni
5226,Normal,Normal
5227,Normal,Normal
5228,Normal,Normal
5229,Normal,Normal
5230,Normal,Normal
5231,Normal,Normal
5232,Normal,Normal
5233,Normal,Normal
5234,Normal,Normal
5235,Normal,Normal
5236,Normal,Normal
5237,Normal,Normal
5238,Normal,Normal
5239,Normal,Normal
5240,Normal,Normal
5241,Normal,Normal
5242,Normal,Normal
5243,Normal,Normal
5244,Normal,Normal
5245,Normal,Normal
5246,Normal,Normal
5247,Normal,Normal
5248,Normal,Normal
5249,Normal,Normal
5250,Normal,Normal
5251,Normal,Normal
5252,Normal,COVID dışı pnömoni
5253,Normal,Normal
5254,Normal,COVID dışı pnömoni
5255,Normal,Normal
5256,Normal,Normal
5257,Normal,Normal
5258,Normal,Normal
5259,Normal,Normal
5260,Normal,Normal
5261,Normal,Normal
5262,Normal,Normal
5263,Normal,Normal
5264,Normal,COVID dışı pnömoni
5265,Normal,Normal
5266,Normal,Normal
5267,Normal,COVID dışı pnömoni
5268,Normal,Normal
5269,Normal,Normal
5270,Normal,Normal
5271,Normal,Normal
5272,Normal,Normal
5273,Normal,Normal
5274,Normal,Normal
5275,Normal,Normal
5276,Normal,Normal
5277,Normal,Normal
5278,Normal,Normal
5279,Normal,Normal
5280,Normal,Normal
5281,Normal,Normal
5282,Normal,Normal
5283,Normal,Normal
5284,Normal,Normal
5285,Normal,Normal
5286,Normal,Normal
5287,Normal,Normal
5288,Normal,Normal
5289,Normal,Normal
5290,Normal,Normal
5291,Normal,Normal
5292,Normal,Normal
5293,Normal,Normal
5294,Normal,Normal
5295,Normal,Normal
5296,Normal,Normal
5297,Normal,Normal
5298,Normal,Normal
5299,Normal,Normal
5300,Normal,Normal
5301,Normal,Normal
5302,Normal,Normal
5303,Normal,Normal
5304,Normal,Normal
5305,Normal,Normal
5306,Normal,Normal
5307,Normal,Normal
5308,Normal,Normal
5309,Normal,Normal
5310,Normal,Normal
5311,Normal,Normal
5312,Normal,COVID dışı pnömoni
5313,Normal,Normal
5314,Normal,Normal
5315,Normal,Normal
5316,Normal,Normal
5317,Normal,Normal
5318,Normal,Normal
5319,Normal,Normal
5320,Normal,COVID dışı pnömoni
5321,Normal,Normal
5322,Normal,Normal
5323,Normal,Normal
5324,Normal,Normal
5325,Normal,Normal
5326,Normal,Normal
5327,Normal,Normal
5328,Normal,COVID dışı pnömoni
5329,Normal,Normal
5330,Normal,COVID dışı pnömoni
5331,Normal,Normal
5332,Normal,Normal
5333,Normal,Normal
5334,Normal,Normal
5335,Normal,Normal
5336,Normal,Normal
5337,Normal,COVID dışı pnömoni
5338,Normal,Normal
5339,Normal,Normal
5340,Normal,Normal
5341,Normal,Normal
5342,Normal,Normal
5343,Normal,Normal
5344,Normal,Normal
5345,Normal,Normal
5346,Normal,Normal
5347,Normal,Normal
5348,Normal,Normal
5349,Normal,Normal
5350,Normal,Normal
5351,Normal,Normal
5352,Normal,Normal
5353,Normal,Normal
5354,Normal,Normal
5355,Normal,Normal
5356,Normal,Normal
5357,Normal,Normal
5358,Normal,Normal
5359,Normal,Normal
5360,Normal,COVID dışı pnömoni
5361,Normal,COVID dışı pnömoni
5362,Normal,Normal
5363,Normal,Normal
5364,Normal,Normal
5365,Normal,Normal
5366,Normal,Normal
5367,Normal,Normal
5368,Normal,Normal
5369,Normal,Normal
5370,Normal,Normal
5371,Normal,Normal
5372,Normal,COVID dışı pnömoni
5373,Normal,Normal
5374,Normal,Normal
5375,Normal,Normal
5376,Normal,Normal
5377,Normal,Normal
5378,Normal,Normal
5379,Normal,Normal
5380,Normal,Normal
5381,Normal,Normal
5382,Normal,Normal
5383,Normal,Normal
5384,Normal,Normal
5385,Normal,COVID dışı pnömoni
5386,Normal,COVID-19
5387,Normal,Normal
5388,Normal,Normal
5389,Normal,Normal
5390,Normal,Normal
5391,Normal,Normal
5392,Normal,COVID dışı pnömoni
5393,Normal,Normal
5394,Normal,Normal
5395,Normal,Normal
5396,Normal,Normal
5397,Normal,Normal
5398,Normal,COVID dışı pnömoni
5399,Normal,Normal
5400,Normal,Normal
5401,Normal,Normal
5402,Normal,Normal
5403,Normal,Normal
5404,Normal,Normal
5405,Normal,Normal
5406,Normal,Normal
5407,Normal,Normal
5408,Normal,Normal
5409,Normal,Normal
5410,Normal,COVID dışı pnömoni
5411,Normal,Normal
5412,Normal,Normal
5413,Normal,Normal
5414,Normal,Normal
5415,Normal,COVID dışı pnömoni
5416,Normal,Normal
5417,Normal,COVID dışı pnömoni
5418,Normal,Normal
5419,Normal,COVID dışı pnömoni
5420,Normal,Normal
5421,Normal,Normal
5422,Normal,Normal
5423,Normal,Normal
5424,Normal,COVID dışı pnömoni
5425,Normal,Normal
5426,Normal,Normal
5427,Normal,Normal
5428,Normal,Normal
5429,Normal,Normal
5430,Normal,Normal
5431,Normal,Normal
5432,Normal,Normal
5433,Normal,Normal
5434,Normal,Normal
5435,Normal,Normal
5436,Normal,Normal
5437,Normal,Normal
5438,Normal,Normal
5439,Normal,COVID dışı pnömoni
5440,Normal,Normal
5441,Normal,Normal
5442,Normal,Normal
5443,Normal,Normal
5444,Normal,Normal
5445,Normal,Normal
5446,Normal,Normal
5447,Normal,Normal
5448,Normal,Normal
5449,Normal,Normal
5450,Normal,Normal
5451,Normal,Normal
5452,Normal,Normal
5453,Normal,Normal
5454,Normal,Normal
5455,Normal,Normal
5456,Normal,Normal
5457,Normal,Normal
5458,Normal,Normal
5459,Normal,Normal
5460,Normal,Normal
5461,Normal,Normal
5462,Normal,Normal
5463,Normal,Normal
5464,Normal,Normal
5465,Normal,Normal
5466,Normal,Normal
5467,Normal,Normal
5468,Normal,Normal
5469,Normal,Normal
5470,Normal,Normal
5471,Normal,COVID dışı pnömoni
5472,Normal,Normal
5473,Normal,Normal
5474,Normal,COVID dışı pnömoni
5475,Normal,Normal
5476,Normal,Normal
5477,Normal,Normal
5478,Normal,Normal
5479,Normal,COVID dışı pnömoni
5480,Normal,Normal
5481,Normal,Normal
5482,Normal,Normal
5483,Normal,Normal
5484,Normal,Normal
5485,Normal,Normal
5486,Normal,Normal
5487,Normal,Normal
5488,Normal,Normal
5489,Normal,Normal
5490,Normal,Normal
5491,Normal,Normal
5492,Normal,Normal
5493,Normal,COVID dışı pnömoni
5494,Normal,Normal
5495,Normal,Normal
5496,Normal,Normal
5497,Normal,Normal
5498,Normal,Normal
5499,Normal,Normal
5500,Normal,Normal
5501,Normal,Normal
5502,Normal,Normal
5503,Normal,Normal
5504,Normal,Normal
5505,Normal,Normal
5506,Normal,Normal
5507,Normal,Normal
5508,Normal,Normal
5509,Normal,Normal
5510,Normal,Normal
5511,Normal,Normal
5512,Normal,Normal
5513,Normal,Normal
5514,Normal,Normal
5515,Normal,Normal
5516,Normal,Normal
5517,Normal,Normal
5518,Normal,Normal
5519,Normal,Normal
5520,Normal,Normal
5521,Normal,Normal
5522,Normal,Normal
5523,Normal,Normal
5524,Normal,Normal
5525,Normal,Normal
5526,Normal,Normal
5527,Normal,Normal
5528,Normal,Normal
5529,Normal,Normal
5530,Normal,Normal
5531,Normal,Normal
5532,Normal,Normal
5533,Normal,Normal
5534,Normal,Normal
5535,Normal,Normal
5536,Normal,Normal
5537,Normal,Normal
5538,Normal,COVID dışı pnömoni
5539,Normal,Normal
5540,Normal,Normal
5541,Normal,Normal
5542,Normal,Normal
5543,Normal,Normal
5544,Normal,Normal
5545,Normal,Normal
5546,Normal,Normal
5547,Normal,Normal
5548,Normal,Normal
5549,Normal,Normal
5550,Normal,Normal
5551,Normal,Normal
5552,Normal,Normal
5553,Normal,Normal
5554,Normal,Normal
5555,Normal,Normal
5556,Normal,COVID dışı pnömoni
5557,Normal,Normal
5558,Normal,Normal
5559,Normal,Normal
5560,Normal,Normal
5561,Normal,Normal
5562,Normal,Normal
5563,Normal,Normal
5564,Normal,Normal
5565,Normal,Normal
5566,Normal,Normal
5567,Normal,Normal
5568,Normal,Normal
5569,Normal,Normal
5570,Normal,Normal
5571,Normal,Normal
5572,Normal,Normal
5573,Normal,Normal
5574,Normal,Normal
5575,Normal,Normal
5576,Normal,Normal
5577,Normal,Normal
5578,Normal,Normal
5579,Normal,Normal
5580,Normal,Normal
5581,Normal,Normal
5582,Normal,Normal
5583,Normal,Normal
5584,Normal,Normal
5585,Normal,Normal
5586,Normal,Normal
5587,Normal,Normal
5588,Normal,Normal
5589,Normal,Normal
5590,Normal,Normal
5591,Normal,Normal
5592,Normal,Normal
5593,Normal,Normal
5594,Normal,Normal
5595,Normal,Normal
5596,Normal,Normal
5597,Normal,Normal
5598,Normal,Normal
5599,Normal,Normal
5600,Normal,Normal
5601,Normal,Normal
5602,Normal,Normal
5603,Normal,Normal
5604,Normal,Normal
5605,Normal,Normal
5606,Normal,Normal
5607,Normal,Normal
5608,Normal,Normal
5609,Normal,Normal
5610,Normal,Normal
5611,Normal,Normal
5612,Normal,Normal
5613,Normal,Normal
5614,Normal,Normal
5615,Normal,Normal
5616,Normal,Normal
5617,Normal,Normal
5618,Normal,Normal
5619,Normal,Normal
5620,Normal,Normal
5621,Normal,Normal
5622,Normal,Normal
5623,Normal,Normal
5624,Normal,Normal
5625,Normal,Normal
5626,Normal,Normal
5627,Normal,Normal
5628,Normal,Normal
5629,Normal,Normal
5630,Normal,Normal
5631,Normal,Normal
5632,Normal,Normal
5633,Normal,Normal
5634,Normal,Normal
5635,Normal,Normal
5636,Normal,Normal
5637,Normal,Normal
5638,Normal,Normal
5639,Normal,Normal
5640,Normal,Normal
5641,Normal,Normal
5642,Normal,Normal
5643,Normal,Normal
5644,Normal,Normal
5645,Normal,Normal
5646,Normal,Normal
5647,Normal,Normal
5648,Normal,Normal
5649,Normal,COVID dışı pnömoni
5650,Normal,Normal
5651,Normal,Normal
5652,Normal,Normal
5653,Normal,Normal
5654,Normal,Normal
5655,Normal,Normal
5656,Normal,Normal
5657,Normal,Normal
5658,Normal,Normal
5659,Normal,Normal
5660,Normal,Normal
5661,Normal,Normal
5662,Normal,Normal
5663,Normal,Normal
5664,Normal,Normal
5665,Normal,Normal
5666,Normal,Normal
5667,Normal,Normal
5668,Normal,Normal
5669,Normal,Normal
5670,Normal,Normal
5671,Normal,Normal
5672,Normal,Normal
5673,Normal,Normal
5674,Normal,Normal
5675,Normal,Normal
5676,Normal,Normal
5677,Normal,Normal
5678,Normal,Normal
5679,Normal,Normal
5680,Normal,Normal
5681,Normal,Normal
5682,Normal,Normal
5683,Normal,Normal
5684,Normal,Normal
5685,Normal,Normal
5686,Normal,Normal
5687,Normal,Normal
5688,Normal,Normal
5689,Normal,Normal
5690,Normal,Normal
5691,Normal,Normal
5692,Normal,Normal
5693,Normal,Normal
5694,Normal,Normal
5695,Normal,Normal
5696,Normal,Normal
5697,Normal,Normal
5698,Normal,Normal
5699,Normal,Normal
5700,Normal,Normal
5701,Normal,Normal
5702,Normal,Normal
5703,Normal,Normal
5704,Normal,Normal
5705,Normal,Normal
5706,Normal,Normal
5707,Normal,Normal
5708,Normal,Normal
5709,Normal,Normal
5710,Normal,Normal
5711,Normal,Normal
5712,Normal,Normal
5713,Normal,Normal
5714,Normal,Normal
5715,Normal,Normal
5716,Normal,Normal
5717,Normal,Normal
5718,Normal,Normal
5719,Normal,Normal
5720,Normal,Normal
5721,Normal,Normal
5722,Normal,Normal
5723,Normal,Normal
5724,Normal,Normal
5725,Normal,Normal
5726,Normal,Normal
5727,Normal,Normal
5728,Normal,Normal
5729,Normal,Normal
5730,Normal,Normal
5731,Normal,Normal
5732,Normal,Normal
5733,Normal,Normal
5734,Normal,Normal
5735,Normal,Normal
5736,Normal,Normal
5737,Normal,Normal
5738,Normal,Normal
5739,Normal,Normal
5740,Normal,Normal
5741,Normal,Normal
5742,Normal,Normal
5743,Normal,Normal
5744,Normal,Normal
5745,Normal,Normal
5746,Normal,Normal
5747,Normal,Normal
5748,Normal,Normal
5749,Normal,Normal
5750,Normal,Normal
5751,Normal,Normal
5752,Normal,Normal
5753,Normal,Normal
5754,Normal,Normal
5755,Normal,Normal
5756,Normal,Normal
5757,Normal,Normal
5758,Normal,Normal
5759,Normal,Normal
5760,Normal,Normal
5761,Normal,Normal
5762,Normal,Normal
5763,Normal,Normal
5764,Normal,Normal
5765,Normal,Normal
5766,Normal,Normal
5767,Normal,Normal
5768,Normal,Normal
5769,Normal,Normal
5770,Normal,Normal
5771,Normal,Normal
5772,Normal,Normal
5773,Normal,Normal
5774,Normal,Normal
5775,Normal,Normal
5776,Normal,Normal
5777,Normal,Normal
5778,Normal,Normal
5779,Normal,Normal
5780,Normal,Normal
5781,Normal,Normal
5782,Normal,Normal
5783,Normal,Normal
5784,Normal,Normal
5785,Normal,Normal
5786,Normal,Normal
5787,Normal,Normal
5788,Normal,Normal
5789,Normal,Normal
5790,Normal,Normal
5791,Normal,Normal
5792,Normal,Normal
5793,Normal,Normal
5794,Normal,Normal
5795,Normal,Normal
5796,Normal,Normal
5797,Normal,Normal
5798,Normal,Normal
5799,Normal,Normal
5800,Normal,Normal
5801,Normal,Normal
5802,Normal,Normal
5803,Normal,Normal
5804,Normal,Normal
5805,Normal,Normal
5806,Normal,Normal
5807,Normal,Normal
5808,Normal,Normal
5809,Normal,Normal
5810,Normal,Normal
5811,Normal,Normal
5812,Normal,Normal
5813,Normal,Normal
5814,Normal,Normal
5815,Normal,Normal
5816,Normal,Normal
5817,Normal,Normal
5818,Normal,Normal
5819,Normal,Normal
5820,Normal,Normal
5821,Normal,Normal
5822,Normal,Normal
5823,Normal,Normal
5824,Normal,Normal
5825,Normal,Normal
5826,Normal,Normal
5827,Normal,Normal
5828,Normal,Normal
5829,Normal,Normal
5830,Normal,Normal
5831,Normal,Normal
5832,Normal,Normal
5833,Normal,Normal
5834,Normal,Normal
5835,Normal,Normal
5836,Normal,Normal
5837,Normal,Normal
5838,Normal,Normal
5839,Normal,Normal
5840,Normal,Normal
5841,Normal,Normal
5842,Normal,Normal
5843,Normal,Normal
5844,Normal,Normal
5845,Normal,Normal
5846,Normal,Normal
5847,Normal,Normal
5848,Normal,Normal
5849,Normal,Normal
5850,Normal,Normal
5851,Normal,Normal
5852,Normal,Normal
5853,Normal,Normal
5854,Normal,Normal
5855,Normal,Normal
5856,Normal,Normal
5857,Normal,Normal
5858,Normal,Normal
5859,Normal,Normal
5860,Normal,Normal
5861,Normal,Normal
5862,Normal,Normal
5863,Normal,Normal
5864,Normal,Normal
5865,Normal,Normal
5866,Normal,Normal
5867,Normal,Normal
5868,Normal,Normal
5869,Normal,Normal
5870,Normal,Normal
5871,Normal,Normal
5872,Normal,Normal
5873,Normal,Normal
5874,Normal,COVID dışı pnömoni
5875,Normal,Normal
5876,Normal,Normal
5877,Normal,COVID-19
5878,Normal,Normal
5879,Normal,Normal
5880,Normal,Normal
5881,Normal,Normal
5882,Normal,Normal
5883,Normal,Normal
5884,Normal,Normal
5885,Normal,Normal
5886,Normal,Normal
5887,Normal,Normal
5888,Normal,Normal
5889,Normal,Normal
5890,Normal,Normal
5891,Normal,Normal
5892,Normal,Normal
5893,Normal,Normal
5894,Normal,Normal
5895,Normal,Normal
5896,Normal,Normal
5897,Normal,Normal
5898,Normal,Normal
5899,Normal,Normal
5900,Normal,Normal
5901,Normal,Normal
5902,Normal,Normal
5903,Normal,Normal
5904,Normal,COVID dışı pnömoni
5905,Normal,Normal
5906,Normal,Normal
5907,Normal,Normal
5908,Normal,Normal
5909,Normal,Normal
5910,Normal,Normal
5911,Normal,Normal
5912,Normal,Normal
5913,Normal,Normal
5914,Normal,Normal
5915,Normal,Normal
5916,Normal,Normal
5917,Normal,Normal
5918,Normal,Normal
5919,Normal,Normal
5920,Normal,Normal
5921,Normal,Normal
5922,Normal,Normal
5923,Normal,Normal
5924,Normal,Normal
5925,Normal,Normal
5926,Normal,Normal
5927,Normal,Normal
5928,Normal,Normal
5929,Normal,Normal
5930,Normal,Normal
5931,Normal,Normal
5932,Normal,Normal
5933,Normal,Normal
5934,Normal,Normal
5935,Normal,Normal
5936,Normal,Normal
5937,Normal,Normal
5938,Normal,Normal
5939,Normal,Normal
5940,Normal,COVID dışı pnömoni
5941,Normal,Normal
5942,Normal,Normal
5943,Normal,Normal
5944,Normal,Normal
5945,Normal,Normal
5946,Normal,Normal
5947,Normal,Normal
5948,Normal,Normal
5949,Normal,Normal
5950,Normal,Normal
5951,Normal,Normal
5952,Normal,Normal
5953,Normal,Normal
5954,Normal,Normal
5955,Normal,Normal
5956,Normal,Normal
5957,Normal,Normal
5958,Normal,Normal
5959,Normal,Normal
5960,Normal,Normal
5961,Normal,Normal
5962,Normal,Normal
5963,Normal,Normal
5964,Normal,Normal
5965,Normal,Normal
5966,Normal,Normal
5967,Normal,Normal
5968,Normal,Normal
5969,Normal,Normal
5970,Normal,Normal
5971,Normal,Normal
5972,Normal,Normal
5973,Normal,Normal
5974,Normal,Normal
5975,Normal,Normal
5976,Normal,Normal
5977,Normal,Normal
5978,Normal,Normal
5979,Normal,Normal
5980,Normal,Normal
5981,Normal,Normal
5982,Normal,Normal
5983,Normal,Normal
5984,Normal,Normal
5985,Normal,Normal
5986,Normal,Normal
5987,Normal,Normal
5988,Normal,Normal
5989,Normal,Normal
5990,Normal,Normal
5991,Normal,Normal
5992,Normal,Normal
5993,Normal,Normal
5994,Normal,Normal
5995,Normal,Normal
5996,Normal,Normal
5997,Normal,Normal
5998,Normal,Normal
5999,Normal,Normal
6000,Normal,Normal
6001,Normal,Normal
6002,Normal,Normal
6003,Normal,Normal
6004,Normal,Normal
6005,Normal,Normal
6006,Normal,Normal
6007,Normal,Normal
6008,Normal,Normal
6009,Normal,Normal
6010,Normal,Normal
6011,Normal,Normal
6012,Normal,Normal
6013,Normal,Normal
6014,Normal,Normal
6015,Normal,Normal
6016,Normal,Normal
6017,Normal,Normal
6018,Normal,Normal
6019,Normal,Normal
6020,Normal,Normal
6021,Normal,Normal
6022,Normal,Normal
6023,Normal,Normal
6024,Normal,Normal
6025,Normal,Normal
6026,Normal,Normal
6027,Normal,Normal
6028,Normal,Normal
6029,Normal,COVID dışı pnömoni
6030,Normal,Normal
6031,Normal,Normal
6032,Normal,Normal
6033,Normal,Normal
6034,Normal,Normal
6035,Normal,Normal
6036,Normal,Normal
6037,Normal,Normal
6038,Normal,Normal
6039,Normal,Normal
6040,Normal,Normal
6041,Normal,COVID dışı pnömoni
6042,Normal,Normal
6043,Normal,Normal
6044,Normal,Normal
6045,Normal,Normal
6046,Normal,Normal
6047,Normal,Normal
6048,Normal,Normal
6049,Normal,Normal
6050,Normal,Normal
6051,Normal,Normal
6052,Normal,Normal
6053,Normal,Normal
6054,Normal,Normal
6055,Normal,Normal
6056,Normal,Normal
6057,Normal,Normal
6058,Normal,Normal
6059,Normal,Normal
6060,Normal,Normal
6061,Normal,Normal
6062,Normal,Normal
6063,Normal,Normal
6064,Normal,Normal
6065,Normal,Normal
6066,Normal,Normal
6067,Normal,Normal
6068,Normal,Normal
6069,Normal,Normal
6070,Normal,Normal
6071,Normal,Normal
6072,Normal,Normal
6073,Normal,Normal
6074,Normal,Normal
6075,Normal,Normal
6076,Normal,Normal
6077,Normal,Normal
6078,Normal,COVID dışı pnömoni
6079,Normal,Normal
6080,Normal,Normal
6081,Normal,Normal
6082,Normal,Normal
6083,Normal,Normal
6084,Normal,Normal
6085,Normal,Normal
6086,Normal,Normal
6087,Normal,Normal
6088,Normal,Normal
6089,Normal,Normal
6090,Normal,Normal
6091,Normal,Normal
6092,Normal,Normal
6093,Normal,Normal
6094,Normal,Normal
6095,Normal,Normal
6096,Normal,Normal
6097,Normal,Normal
6098,Normal,Normal
6099,Normal,Normal
6100,Normal,Normal
6101,Normal,Normal
6102,Normal,Normal
6103,Normal,Normal
6104,Normal,Normal
6105,Normal,Normal
6106,Normal,Normal
6107,Normal,Normal
6108,Normal,Normal
6109,Normal,Normal
6110,Normal,Normal
6111,Normal,Normal
6112,Normal,Normal
6113,Normal,Normal
6114,Normal,Normal
6115,Normal,Normal
6116,Normal,Normal
6117,Normal,Normal
6118,Normal,Normal
6119,Normal,Normal
6120,Normal,Normal
6121,Normal,Normal
6122,Normal,Normal
6123,Normal,Normal
6124,Normal,Normal
6125,Normal,Normal
6126,Normal,Normal
6127,Normal,Normal
6128,Normal,Normal
6129,Normal,Normal
6130,Normal,Normal
6131,Normal,Normal
6132,Normal,Normal
6133,Normal,Normal
6134,Normal,Normal
6135,Normal,Normal
6136,Normal,COVID dışı pnömoni
6137,Normal,Normal
6138,Normal,COVID dışı pnömoni
6139,Normal,Normal
6140,Normal,COVID-19
6141,Normal,Normal
6142,Normal,Normal
6143,Normal,Normal
6144,Normal,Normal
6145,Normal,Normal
6146,Normal,Normal
6147,Normal,Normal
6148,Normal,Normal
6149,Normal,Normal
6150,Normal,Normal
6151,Normal,Normal
6152,Normal,Normal
6153,Normal,Normal
6154,Normal,Normal
6155,Normal,Normal
6156,Normal,Normal
6157,Normal,Normal
6158,Normal,Normal
6159,Normal,Normal
6160,Normal,Normal
6161,Normal,Normal
6162,Normal,Normal
6163,Normal,Normal
6164,Normal,Normal
6165,Normal,Normal
6166,Normal,Normal
6167,Normal,Normal
6168,Normal,Normal
6169,Normal,Normal
6170,Normal,Normal
6171,Normal,Normal
6172,Normal,Normal
6173,Normal,Normal
6174,Normal,Normal
6175,Normal,Normal
6176,Normal,COVID dışı pnömoni
6177,Normal,Normal
6178,Normal,Normal
6179,Normal,Normal
6180,Normal,Normal
6181,Normal,Normal
6182,Normal,Normal
6183,Normal,Normal
6184,Normal,Normal
6185,Normal,Normal
6186,Normal,Normal
6187,Normal,Normal
6188,Normal,Normal
6189,Normal,Normal
6190,Normal,Normal
6191,Normal,Normal
6192,Normal,COVID dışı pnömoni
6193,Normal,Normal
6194,Normal,Normal
6195,Normal,Normal
6196,Normal,Normal
6197,Normal,Normal
6198,Normal,Normal
6199,Normal,Normal
6200,Normal,Normal
6201,Normal,Normal
6202,Normal,Normal
6203,Normal,Normal
6204,Normal,Normal
6205,Normal,Normal
6206,Normal,Normal
6207,Normal,Normal
6208,Normal,Normal
6209,Normal,Normal
6210,Normal,Normal
6211,Normal,Normal
6212,Normal,Normal
6213,Normal,Normal
6214,Normal,Normal
6215,Normal,Normal
6216,Normal,Normal
6217,Normal,Normal
6218,Normal,Normal
6219,Normal,Normal
6220,Normal,Normal
6221,Normal,Normal
6222,Normal,Normal
6223,Normal,Normal
6224,Normal,Normal
6225,Normal,Normal
6226,Normal,Normal
6227,Normal,Normal
6228,Normal,Normal
6229,Normal,Normal
6230,Normal,Normal
6231,Normal,Normal
6232,Normal,Normal
6233,Normal,Normal
6234,Normal,Normal
6235,Normal,Normal
6236,Normal,Normal
6237,Normal,Normal
6238,Normal,Normal
6239,Normal,Normal
6240,Normal,Normal
6241,Normal,Normal
6242,Normal,Normal
6243,Normal,Normal
6244,Normal,Normal
6245,Normal,Normal
6246,Normal,Normal
6247,Normal,Normal
6248,Normal,Normal
6249,Normal,Normal
6250,Normal,Normal
6251,Normal,Normal
6252,Normal,Normal
6253,Normal,Normal
6254,Normal,Normal
6255,Normal,Normal
6256,Normal,Normal
6257,Normal,Normal
6258,Normal,Normal
6259,Normal,Normal
6260,Normal,Normal
6261,Normal,Normal
6262,Normal,Normal
6263,Normal,Normal
6264,Normal,Normal
6265,Normal,Normal
6266,Normal,Normal
6267,Normal,Normal
6268,Normal,Normal
6269,Normal,Normal
6270,Normal,COVID dışı pnömoni
6271,Normal,Normal
6272,Normal,Normal
6273,Normal,Normal
6274,Normal,Normal
6275,Normal,Normal
6276,Normal,Normal
6277,Normal,Normal
6278,Normal,Normal
6279,Normal,Normal
6280,Normal,Normal
6281,Normal,Normal
6282,Normal,Normal
6283,Normal,Normal
6284,Normal,Normal
6285,Normal,Normal
6286,Normal,Normal
6287,Normal,Normal
6288,Normal,Normal
6289,Normal,Normal
6290,Normal,Normal
6291,Normal,Normal
6292,Normal,Normal
6293,Normal,Normal
6294,Normal,Normal
6295,Normal,Normal
6296,Normal,Normal
6297,Normal,Normal
6298,Normal,Normal
6299,Normal,COVID dışı pnömoni
6300,Normal,Normal
6301,Normal,Normal
6302,Normal,COVID dışı pnömoni
6303,Normal,Normal
6304,Normal,Normal
6305,Normal,Normal
6306,Normal,COVID dışı pnömoni
6307,Normal,Normal
6308,Normal,Normal
6309,Normal,Normal
6310,Normal,COVID dışı pnömoni
6311,Normal,Normal
6312,Normal,Normal
6313,Normal,Normal
6314,Normal,Normal
6315,Normal,Normal
6316,Normal,Normal
6317,Normal,COVID dışı pnömoni
6318,Normal,Normal
6319,Normal,Normal
6320,Normal,Normal
6321,Normal,Normal
6322,Normal,Normal
6323,Normal,Normal
6324,Normal,Normal
6325,Normal,Normal
6326,Normal,Normal
6327,Normal,Normal
6328,Normal,Normal
6329,Normal,Normal
6330,Normal,Normal
6331,Normal,Normal
6332,Normal,Normal
6333,Normal,Normal
6334,Normal,Normal
6335,Normal,Normal
6336,Normal,Normal
6337,Normal,Normal
6338,Normal,Normal
6339,Normal,Normal
6340,Normal,Normal
6341,Normal,Normal
6342,Normal,Normal
6343,Normal,Normal
6344,Normal,Normal
6345,Normal,Normal
6346,Normal,Normal
6347,Normal,Normal
6348,Normal,Normal
6349,Normal,Normal
6350,Normal,Normal
6351,Normal,Normal
6352,Normal,Normal
6353,Normal,Normal
6354,Normal,Normal
6355,Normal,Normal
6356,Normal,Normal
6357,Normal,Normal
6358,Normal,Normal
6359,Normal,Normal
6360,Normal,Normal
6361,Normal,Normal
6362,Normal,Normal
6363,Normal,Normal
6364,Normal,Normal
6365,Normal,Normal
6366,Normal,Normal
6367,Normal,Normal
6368,Normal,Normal
6369,Normal,Normal
6370,Normal,Normal
6371,Normal,Normal
6372,Normal,Normal
6373,Normal,Normal
6374,Normal,Normal
6375,Normal,Normal
6376,Normal,Normal
6377,Normal,Normal
6378,Normal,Normal
6379,Normal,Normal
6380,Normal,Normal
6381,Normal,Normal
6382,Normal,Normal
6383,Normal,Normal
6384,Normal,Normal
6385,Normal,Normal
6386,Normal,Normal
6387,Normal,Normal
6388,Normal,Normal
6389,Normal,Normal
6390,Normal,Normal
6391,Normal,Normal
6392,Normal,Normal
6393,Normal,Normal
6394,Normal,Normal
6395,Normal,Normal
6396,Normal,Normal
6397,Normal,Normal
6398,Normal,Normal
6399,Normal,Normal
6400,Normal,Normal
6401,Normal,Normal
6402,Normal,Normal
6403,Normal,Normal
6404,Normal,Normal
6405,Normal,Normal
6406,Normal,Normal
6407,Normal,Normal
6408,Normal,Normal
6409,Normal,Normal
6410,Normal,Normal
6411,Normal,Normal
6412,Normal,Normal
6413,Normal,Normal
6414,Normal,Normal
6415,Normal,Normal
6416,Normal,Normal
6417,Normal,Normal
6418,Normal,Normal
6419,Normal,Normal
6420,Normal,Normal
6421,Normal,Normal
6422,Normal,Normal
6423,Normal,Normal
6424,Normal,Normal
6425,Normal,Normal
6426,Normal,Normal
6427,Normal,Normal
6428,Normal,Normal
6429,Normal,Normal
6430,Normal,COVID dışı pnömoni
6431,Normal,Normal
6432,Normal,Normal
6433,Normal,Normal
6434,Normal,Normal
6435,Normal,Normal
6436,Normal,Normal
6437,Normal,Normal
6438,Normal,Normal
6439,Normal,Normal
6440,Normal,Normal
6441,Normal,Normal
6442,Normal,Normal
6443,Normal,Normal
6444,Normal,Normal
6445,Normal,Normal
6446,Normal,Normal
6447,Normal,Normal
6448,Normal,Normal
6449,Normal,Normal
6450,Normal,Normal
6451,Normal,Normal
6452,Normal,Normal
6453,Normal,Normal
6454,Normal,Normal
6455,Normal,Normal
6456,Normal,Normal
6457,Normal,Normal
6458,Normal,Normal
6459,Normal,Normal
6460,Normal,Normal
6461,Normal,Normal
6462,Normal,Normal
6463,Normal,Normal
6464,Normal,Normal
6465,Normal,Normal
6466,Normal,Normal
6467,Normal,Normal
6468,Normal,Normal
6469,Normal,Normal
6470,Normal,Normal
6471,Normal,Normal
6472,Normal,Normal
6473,Normal,Normal
6474,Normal,Normal
6475,Normal,Normal
6476,Normal,Normal
6477,Normal,Normal
6478,Normal,Normal
6479,Normal,Normal
6480,Normal,Normal
6481,Normal,Normal
6482,Normal,Normal
6483,Normal,Normal
6484,Normal,Normal
6485,Normal,Normal
6486,Normal,Normal
6487,Normal,Normal
6488,Normal,Normal
6489,Normal,Normal
6490,Normal,Normal
6491,Normal,Normal
6492,Normal,Normal
6493,Normal,Normal
6494,Normal,Normal
6495,Normal,Normal
6496,Normal,Normal
6497,Normal,Normal
6498,Normal,Normal
6499,Normal,Normal
6500,Normal,Normal
6501,Normal,Normal
6502,Normal,Normal
6503,Normal,Normal
6504,Normal,Normal
6505,Normal,Normal
6506,Normal,Normal
6507,Normal,Normal
6508,Normal,Normal
6509,Normal,Normal
6510,Normal,Normal
6511,Normal,Normal
6512,Normal,Normal
6513,Normal,Normal
6514,Normal,Normal
6515,Normal,Normal
6516,Normal,Normal
6517,Normal,Normal
6518,Normal,Normal
6519,Normal,Normal
6520,Normal,Normal
6521,Normal,Normal
6522,Normal,Normal
6523,Normal,Normal
6524,Normal,Normal
6525,Normal,Normal
6526,Normal,Normal
6527,Normal,Normal
6528,Normal,Normal
6529,Normal,Normal
6530,Normal,Normal
6531,Normal,Normal
6532,Normal,Normal
6533,Normal,Normal
6534,Normal,Normal
6535,Normal,Normal
6536,Normal,Normal
6537,Normal,Normal
6538,Normal,Normal
6539,Normal,Normal
6540,Normal,Normal
6541,Normal,Normal
6542,Normal,Normal
6543,Normal,Normal
6544,Normal,Normal
6545,Normal,Normal
6546,Normal,Normal
6547,Normal,Normal
6548,Normal,Normal
6549,Normal,Normal
6550,Normal,Normal
6551,Normal,Normal
6552,Normal,Normal
6553,Normal,Normal
6554,Normal,Normal
6555,Normal,Normal
6556,Normal,Normal
6557,Normal,Normal
6558,Normal,Normal
6559,Normal,Normal
6560,Normal,Normal
6561,Normal,Normal
6562,Normal,Normal
6563,Normal,Normal
6564,Normal,Normal
6565,Normal,Normal
6566,Normal,Normal
6567,Normal,Normal
6568,Normal,Normal
6569,Normal,Normal
6570,Normal,Normal
6571,Normal,Normal
6572,Normal,Normal
6573,Normal,Normal
6574,Normal,Normal
6575,Normal,Normal
6576,Normal,Normal
6577,Normal,Normal
6578,Normal,Normal
6579,Normal,Normal
6580,Normal,Normal
6581,Normal,Normal
6582,Normal,Normal
6583,Normal,Normal
6584,Normal,Normal
6585,Normal,Normal
6586,Normal,Normal
6587,Normal,Normal
6588,Normal,Normal
6589,Normal,Normal
6590,Normal,Normal
6591,Normal,Normal
6592,Normal,Normal
6593,Normal,Normal
6594,Normal,Normal
6595,Normal,Normal
6596,Normal,Normal
6597,Normal,Normal
6598,Normal,Normal
6599,Normal,Normal
6600,Normal,Normal
6601,Normal,Normal
6602,Normal,Normal
6603,Normal,Normal
6604,Normal,Normal
6605,Normal,Normal
6606,Normal,Normal
6607,Normal,Normal
6608,Normal,Normal
6609,Normal,Normal
6610,Normal,Normal
6611,Normal,Normal
6612,Normal,Normal
6613,Normal,Normal
6614,Normal,Normal
6615,Normal,Normal
6616,Normal,Normal
6617,Normal,Normal
6618,Normal,Normal
6619,Normal,Normal
6620,Normal,Normal
6621,Normal,Normal
6622,Normal,Normal
6623,Normal,Normal
6624,Normal,Normal
6625,Normal,Normal
6626,Normal,Normal
6627,Normal,Normal
6628,Normal,Normal
6629,Normal,Normal
6630,Normal,Normal
6631,Normal,Normal
6632,Normal,Normal
6633,Normal,Normal
6634,Normal,Normal
6635,Normal,Normal
6636,Normal,Normal
6637,Normal,Normal
6638,Normal,Normal
6639,Normal,Normal
6640,Normal,Normal
6641,Normal,Normal
6642,Normal,Normal
6643,Normal,Normal
6644,Normal,Normal
6645,Normal,Normal
6646,Normal,Normal
6647,Normal,Normal
6648,Normal,Normal
6649,Normal,Normal
6650,Normal,Normal
6651,Normal,Normal
6652,Normal,Normal
6653,Normal,Normal
6654,Normal,Normal
6655,Normal,Normal
6656,Normal,Normal
6657,Normal,Normal
6658,Normal,Normal
6659,Normal,Normal
6660,Normal,Normal
6661,Normal,Normal
6662,Normal,Normal
6663,Normal,Normal
6664,Normal,Normal
6665,Normal,Normal
6666,Normal,Normal
6667,Normal,Normal
6668,Normal,Normal
6669,Normal,Normal
6670,Normal,Normal
6671,Normal,Normal
6672,Normal,Normal
6673,Normal,Normal
6674,Normal,Normal
6675,Normal,Normal
6676,Normal,Normal
6677,Normal,Normal
6678,Normal,Normal
6679,Normal,Normal
6680,Normal,Normal
6681,Normal,Normal
6682,Normal,Normal
6683,Normal,Normal
6684,Normal,Normal
6685,Normal,Normal
6686,Normal,Normal
6687,Normal,Normal
6688,Normal,Normal
6689,Normal,Normal
6690,Normal,Normal
6691,Normal,Normal
6692,Normal,Normal
6693,Normal,Normal
6694,Normal,Normal
6695,Normal,Normal
6696,Normal,Normal
6697,Normal,Normal
6698,Normal,Normal
6699,Normal,Normal
6700,Normal,Normal
6701,Normal,Normal
6702,Normal,Normal
6703,Normal,Normal
6704,Normal,Normal
6705,Normal,Normal
6706,Normal,Normal
6707,Normal,Normal
6708,Normal,Normal
6709,Normal,Normal
6710,Normal,Normal
6711,Normal,Normal
6712,Normal,Normal
6713,Normal,Normal
6714,Normal,Normal
6715,Normal,Normal
6716,Normal,Normal
6717,Normal,Normal
6718,Normal,Normal
6719,Normal,Normal
6720,Normal,Normal
6721,Normal,Normal
6722,Normal,Normal
6723,Normal,Normal
6724,Normal,Normal
6725,Normal,Normal
6726,Normal,Normal
6727,Normal,Normal
6728,Normal,Normal
6729,Normal,Normal
6730,Normal,Normal
6731,Normal,Normal
6732,Normal,Normal
6733,Normal,Normal
6734,Normal,Normal
6735,Normal,Normal
6736,Normal,Normal
6737,Normal,Normal
6738,Normal,Normal
6739,Normal,Normal
6740,Normal,Normal
6741,Normal,Normal
6742,Normal,Normal
6743,Normal,Normal
6744,Normal,Normal
6745,Normal,Normal
6746,Normal,Normal
6747,Normal,Normal
6748,Normal,Normal
6749,Normal,Normal
6750,Normal,Normal
6751,Normal,Normal
6752,Normal,Normal
6753,Normal,Normal
6754,Normal,Normal
6755,Normal,Normal
6756,Normal,Normal
6757,Normal,Normal
6758,Normal,Normal
6759,Normal,Normal
6760,Normal,Normal
6761,Normal,Normal
6762,Normal,Normal
6763,Normal,Normal
6764,Normal,Normal
6765,Normal,Normal
6766,Normal,Normal
6767,Normal,Normal
6768,Normal,Normal
6769,Normal,Normal
6770,Normal,Normal
6771,Normal,Normal
6772,Normal,Normal
6773,Normal,Normal
6774,Normal,Normal
6775,Normal,Normal
6776,Normal,Normal
6777,Normal,Normal
6778,Normal,Normal
6779,Normal,Normal
6780,Normal,Normal
6781,Normal,Normal
6782,Normal,Normal
6783,Normal,Normal
6784,Normal,Normal
6785,Normal,Normal
6786,Normal,Normal
6787,Normal,Normal
